entree,ChampB,ChampBdes,ChampH2,derivChampB,derivChampBdes,timeC,ih,v2_for_integration,ChampH23,ChampB_brut,ChampH2_brut,derivChampB_brut,ih_probe,ChampH2_probe_brut
2.9736071,-0.00045644277,0,10.043195,29888.666,31415.893,0,-0.25252524,-2.3420188,-46.582779,-0.18096599,-42.910603,9373.4189,-0.20046084,-45.757076
2.973619,2.2776931e-05,0.00050265429,10.132935,29888.656,31415.893,1.6e-08,-0.25252524,-2.3597434,-46.582779,-0.18081445,-42.868397,9444.8311,-0.1992584,-45.565205
2.9736266,0.00050199666,0.0010053054,10.222772,29888.457,31415.695,3.2e-08,-0.25252524,-2.3774531,-46.582779,-0.18066175,-42.825134,9516.1836,-0.19843593,-45.372852
2.9736295,0.00098121306,0.0015079501,10.312704,29888.07,31415.299,4.8e-08,-0.25252524,-2.3951476,-46.582779,-0.18050793,-42.780804,9587.4756,-0.19673605,-45.180031
2.9736273,0.0014604235,0.0020105855,10.402729,29887.494,31414.703,6.4e-08,-0.25252524,-2.4128273,-46.582779,-0.18035296,-42.735409,9658.707,-0.19615315,-44.986752
2.9736197,0.0019396244,0.002513208,10.492844,29886.729,31413.908,8e-08,-0.25252524,-2.4304914,-46.582779,-0.18019685,-42.688942,9729.876,-0.1946913,-44.793034
2.9736061,0.0024188133,0.0030158146,10.583047,29885.773,31412.916,9.6e-08,-0.25252524,-2.4481404,-46.582779,-0.1800396,-42.641403,9800.9834,-0.19360179,-44.598888
2.9735861,0.0028979867,0.0035184023,10.673335,29884.629,31411.727,1.12e-07,-0.25252524,-2.4657738,-46.582779,-0.17988122,-42.592785,9872.0293,-0.19320963,-44.404327
2.9735594,0.0033771421,0.0040209675,10.763706,29883.295,31410.338,1.28e-07,-0.25252524,-2.4833918,-46.582779,-0.17972168,-42.543087,9943.0117,-0.19150518,-44.20937
2.9735253,0.0038562759,0.0045235078,10.854157,29881.773,31408.75,1.44e-07,-0.25252524,-2.500994,-46.582779,-0.17956103,-42.49231,10013.932,-0.1901059,-44.014027
2.9734838,0.0043353853,0.0050260192,10.944687,29880.062,31406.965,1.6e-07,-0.25252524,-2.5185804,-46.582779,-0.17939924,-42.440441,10084.787,-0.18872494,-43.81831
2.973434,0.0048144674,0.0055284989,11.035292,29878.16,31404.98,1.76e-07,-0.25252524,-2.5361509,-46.582779,-0.17923632,-42.387489,10155.579,-0.18813898,-43.622238
2.9733756,0.0052935192,0.0060309432,11.125969,29876.07,31402.797,1.92e-07,-0.25252524,-2.5537055,-46.582779,-0.17907226,-42.333447,10226.306,-0.186433,-43.425823
2.9733081,0.0057725376,0.0065333499,11.216717,29873.793,31400.416,2.08e-07,-0.25252524,-2.5712438,-46.582779,-0.17890707,-42.278309,10296.968,-0.18606678,-43.22908
2.9732313,0.0062515195,0.0070357155,11.307532,29871.324,31397.838,2.24e-07,-0.25252524,-2.5887659,-46.582779,-0.17874075,-42.22208,10367.564,-0.18502609,-43.032021
2.9731443,0.006730462,0.0075380364,11.398413,29868.668,31395.059,2.4e-07,-0.25252524,-2.6062715,-46.582779,-0.17857331,-42.164753,10438.096,-0.18426161,-42.83466
2.973047,0.0072093615,0.0080403099,11.489356,29865.82,31392.084,2.56e-07,-0.25252524,-2.6237609,-46.582779,-0.17840473,-42.106331,10508.561,-0.18179724,-42.637009
2.9729385,0.0076882159,0.0085425321,11.580359,29862.785,31388.91,2.72e-07,-0.25252524,-2.6412337,-46.582779,-0.17823502,-42.04681,10578.958,-0.18126316,-42.439087
2.9728189,0.0081670219,0.0090447012,11.671418,29859.562,31385.537,2.88e-07,-0.25252524,-2.6586897,-46.582779,-0.1780642,-41.986191,10649.288,-0.1809656,-42.240906
2.9726872,0.0086457757,0.0095468126,11.762533,29856.148,31381.967,3.04e-07,-0.25252524,-2.6761289,-46.582779,-0.17789225,-41.924469,10719.552,-0.17908414,-42.04248
2.9725432,0.0091244755,0.010048863,11.853699,29852.547,31378.197,3.2e-07,-0.25252524,-2.6935513,-46.582779,-0.17771918,-41.861645,10789.746,-0.17793053,-41.843819
2.9723866,0.0096031176,0.010550851,11.944915,29848.754,31374.23,3.36e-07,-0.25252524,-2.7109566,-46.582779,-0.17754498,-41.797718,10859.872,-0.17760094,-41.644939
2.9722164,0.010081698,0.011052772,12.036177,29844.775,31370.064,3.52e-07,-0.25252524,-2.7283447,-46.582779,-0.17736965,-41.732689,10929.93,-0.17672201,-41.445858
2.9720325,0.010560216,0.011554623,12.127482,29840.605,31365.701,3.68e-07,-0.25252524,-2.7457156,-46.582779,-0.17719322,-41.666557,10999.917,-0.17454146,-41.246582
2.9718347,0.011038667,0.012056401,12.21883,29836.248,31361.141,3.84e-07,-0.25252524,-2.7630694,-46.582779,-0.17701566,-41.599319,11069.835,-0.17346263,-41.047131
2.971622,0.011517048,0.012558104,12.310216,29831.701,31356.381,4e-07,-0.25252524,-2.7804055,-46.582779,-0.17683698,-41.530983,11139.683,-0.17276375,-40.847511
2.9713943,0.011995357,0.013059726,12.401637,29826.965,31351.422,4.16e-07,-0.25252524,-2.7977242,-46.582779,-0.17665718,-41.46154,11209.46,-0.17141332,-40.647743
2.9711509,0.012473589,0.013561266,12.493092,29822.041,31346.268,4.32e-07,-0.25252524,-2.8150251,-46.582779,-0.17647627,-41.390995,11279.165,-0.16997284,-40.447838
2.9708915,0.012951743,0.014062721,12.584577,29816.928,31340.912,4.48e-07,-0.25252524,-2.8323083,-46.582779,-0.17629425,-41.319351,11348.8,-0.16915037,-40.24781
2.9706159,0.013429815,0.014564087,12.676089,29811.625,31335.361,4.64e-07,-0.25252524,-2.8495736,-46.582779,-0.17611112,-41.246601,11418.361,-0.16780755,-40.047668
2.9703233,0.013907802,0.015065361,12.767628,29806.135,31329.611,4.8e-07,-0.25252524,-2.8668208,-46.582779,-0.17592686,-41.172752,11487.851,-0.16668446,-39.847431
2.9700134,0.014385701,0.015566539,12.859187,29800.455,31323.664,4.96e-07,-0.25252524,-2.8840499,-46.582779,-0.17574149,-41.097805,11557.268,-0.16584522,-39.64711
2.969686,0.01486351,0.016067619,12.950767,29794.588,31317.52,5.12e-07,-0.25252524,-2.9012609,-46.582779,-0.17555502,-41.021759,11626.61,-0.1647557,-39.446716
2.9693403,0.015341224,0.016568597,13.042363,29788.531,31311.176,5.28e-07,-0.25252524,-2.9184535,-46.582779,-0.17536744,-40.944614,11695.88,-0.16386151,-39.246262
2.9689763,0.015818842,0.017069472,13.133974,29782.287,31304.635,5.44e-07,-0.25252524,-2.9356277,-46.582779,-0.17517875,-40.866379,11765.074,-0.1622837,-39.045765
2.9685936,0.016296361,0.017570239,13.225596,29775.854,31297.896,5.6e-07,-0.25252524,-2.9527833,-46.582779,-0.17498896,-40.787045,11834.194,-0.16172521,-38.845234
2.9681914,0.016773775,0.018070893,13.317227,29769.23,31290.959,5.76e-07,-0.25252524,-2.9699204,-46.582779,-0.17479806,-40.706623,11903.239,-0.16053957,-38.644684
2.9677699,0.017251084,0.018571435,13.408864,29762.42,31283.824,5.92e-07,-0.25252524,-2.9870386,-46.582779,-0.17460606,-40.625111,11972.209,-0.15957671,-38.44413
2.9673283,0.017728284,0.019071858,13.500504,29755.422,31276.494,6.08e-07,-0.25252524,-3.004138,-46.582779,-0.17441295,-40.542511,12041.103,-0.15856044,-38.24358
2.9668667,0.018205371,0.019572163,13.592146,29748.234,31268.965,6.24e-07,-0.25252524,-3.0212183,-46.582779,-0.17421873,-40.458828,12109.92,-0.15694754,-38.043045
2.9663844,0.018682344,0.020072343,13.683785,29740.859,31261.236,6.4e-07,-0.25252524,-3.0382795,-46.582779,-0.17402342,-40.374062,12178.66,-0.15687887,-37.842545
2.9658813,0.0191592,0.020572394,13.775421,29733.295,31253.312,6.56e-07,-0.25252524,-3.0553217,-46.582779,-0.17382701,-40.288216,12247.322,-0.15487686,-37.642086
2.9653568,0.019635933,0.021072319,13.867049,29725.543,31245.191,6.72e-07,-0.25252524,-3.0723445,-46.582779,-0.17362951,-40.201294,12315.907,-0.1538789,-37.441685
2.9648111,0.020112542,0.021572107,13.958667,29717.604,31236.873,6.88e-07,-0.25252524,-3.0893478,-46.582779,-0.1734309,-40.1133,12384.415,-0.1528901,-37.241352
2.9642437,0.020589026,0.022071762,14.050273,29709.475,31228.355,7.04e-07,-0.25252524,-3.1063318,-46.582779,-0.1732312,-40.024239,12452.843,-0.15175329,-37.0411
2.9636543,0.021065379,0.022571275,14.141863,29701.158,31219.643,7.2e-07,-0.25252524,-3.123296,-46.582779,-0.17303041,-39.934109,12521.192,-0.15050814,-36.840939
2.9630427,0.021541599,0.023070646,14.233437,29692.654,31210.732,7.36e-07,-0.25252524,-3.1402407,-46.582779,-0.17282853,-39.842915,12589.462,-0.14943236,-36.640881
2.9624085,0.022017682,0.023569873,14.324989,29683.961,31201.623,7.52e-07,-0.25252524,-3.1571653,-46.582779,-0.17262554,-39.750664,12657.651,-0.14787896,-36.440941
2.9617517,0.022493627,0.02406895,14.416519,29675.082,31192.318,7.68e-07,-0.25252524,-3.1740701,-46.582779,-0.17242147,-39.657356,12725.761,-0.14818721,-36.241131
2.961072,0.022969428,0.024567876,14.508024,29666.014,31182.816,7.84e-07,-0.25252524,-3.1909547,-46.582779,-0.17221631,-39.563,12793.79,-0.14616536,-36.041462
2.9603693,0.023445087,0.025066646,14.599502,29656.758,31173.117,8e-07,-0.25252524,-3.2078195,-46.582779,-0.17201008,-39.467598,12861.737,-0.14581439,-35.841942
2.9596434,0.023920596,0.025565257,14.690948,29647.314,31163.223,8.16e-07,-0.25252524,-3.2246637,-46.582779,-0.17180274,-39.371155,12929.603,-0.14432356,-35.642586
2.9588938,0.024395954,0.026063707,14.782362,29637.684,31153.129,8.32e-07,-0.25252524,-3.2414875,-46.582779,-0.17159432,-39.27367,12997.387,-0.14340189,-35.443405
2.9581208,0.024871157,0.026561992,14.87374,29627.865,31142.84,8.48e-07,-0.25252524,-3.258291,-46.582779,-0.17138483,-39.175156,13065.088,-0.14241004,-35.244411
2.9573243,0.025346205,0.02706011,14.965081,29617.857,31132.354,8.64e-07,-0.25252524,-3.275074,-46.582779,-0.17117424,-39.075615,13132.706,-0.14092532,-35.045612
2.9565036,0.025821092,0.027558057,15.056381,29607.664,31121.67,8.8e-07,-0.25251678,-3.291836,-46.581215,-0.17096257,-38.975052,13200.241,-0.14062929,-34.847027
2.9556592,0.026295817,0.028055828,15.147639,29597.283,31110.791,8.96e-07,-0.25214916,-3.3085775,-46.513405,-0.17074983,-38.87347,13267.692,-0.13894162,-34.648659
2.9547906,0.026770374,0.028553424,15.238853,29586.715,31099.715,9.12e-07,-0.2516382,-3.3252981,-46.419151,-0.170536,-38.770874,13335.06,-0.13777123,-34.450523
2.953898,0.027244763,0.02905084,15.330018,29575.959,31088.443,9.28e-07,-0.2506271,-3.3419974,-46.232632,-0.17032111,-38.667274,13402.342,-0.13730277,-34.252628
2.952981,0.02771898,0.029548071,15.421134,29565.016,31076.975,9.44e-07,-0.24973466,-3.358676,-46.068005,-0.17010513,-38.562675,13469.539,-0.13616748,-34.054985
2.95204,0.028193021,0.030045116,15.512197,29553.885,31065.309,9.6e-07,-0.24788891,-3.3753331,-45.727524,-0.16988808,-38.457081,13536.651,-0.13494369,-33.857605
2.9510746,0.028666884,0.030541971,15.603207,29542.568,31053.447,9.76e-07,-0.24697644,-3.391969,-45.5592,-0.16966996,-38.350498,13603.677,-0.13304849,-33.660503
2.9500847,0.029140566,0.031038633,15.69416,29531.064,31041.391,9.92e-07,-0.24593526,-3.4085834,-45.367138,-0.16945076,-38.242935,13670.617,-0.13249916,-33.46368
2.9490705,0.029614065,0.0315351,15.785053,29519.373,31029.137,1.008e-06,-0.2448201,-3.4251761,-45.161427,-0.16923049,-38.134392,13737.47,-0.13146153,-33.267155
2.9480319,0.030087376,0.032031365,15.875885,29507.494,31016.688,1.024e-06,-0.24366949,-3.4417474,-44.949177,-0.16900915,-38.024883,13804.235,-0.13070773,-33.070934
2.946969,0.030560497,0.032527432,15.966655,29495.43,31004.041,1.04e-06,-0.24235781,-3.458297,-44.707214,-0.16878675,-37.91441,13870.913,-0.12937559,-32.875031
2.9458816,0.031033425,0.03302329,16.057358,29483.178,30991.199,1.056e-06,-0.24094671,-3.4748247,-44.446915,-0.16856328,-37.802979,13937.504,-0.12847377,-32.679451
2.9447701,0.031506158,0.03351894,16.147993,29470.74,30978.162,1.072e-06,-0.23990709,-3.4913304,-44.255135,-0.16833875,-37.690601,14004.005,-0.12722099,-32.484207
2.943634,0.031978689,0.034014378,16.23856,29458.115,30964.93,1.088e-06,-0.23910789,-3.5078139,-44.107712,-0.16811316,-37.577278,14070.418,-0.12630086,-32.289307
2.9424739,0.032451022,0.034509603,16.329054,29445.305,30951.502,1.104e-06,-0.23790412,-3.5242755,-43.885651,-0.1678865,-37.463024,14136.742,-0.12551042,-32.094761
2.9412892,0.032923147,0.035004608,16.419474,29432.307,30937.879,1.12e-06,-0.23643136,-3.5407147,-43.613976,-0.16765878,-37.347839,14202.976,-0.12459181,-31.900579
2.9400806,0.033395067,0.035499394,16.509817,29419.123,30924.059,1.136e-06,-0.23531467,-3.5571318,-43.407982,-0.16743,-37.231735,14269.119,-0.12293619,-31.706772
2.9388478,0.033866774,0.035993956,16.600084,29405.752,30910.045,1.152e-06,-0.23402688,-3.5735261,-43.170425,-0.16720016,-37.114716,14335.173,-0.12270882,-31.513348
2.9375911,0.034338266,0.036488287,16.690269,29392.197,30895.834,1.168e-06,-0.23287088,-3.5898979,-42.95718,-0.16696927,-36.996796,14401.135,-0.12142552,-31.320314
2.9363103,0.034809541,0.036982391,16.780375,29378.455,30881.43,1.184e-06,-0.23165244,-3.6062472,-42.732418,-0.16673732,-36.877975,14467.006,-0.11957762,-31.127684
2.9350057,0.0352806,0.03747626,16.870394,29364.525,30866.83,1.2e-06,-0.2307785,-3.6225734,-42.571205,-0.16650432,-36.758266,14532.785,-0.11866359,-30.935463
2.9336774,0.035751432,0.037969891,16.960329,29350.412,30852.035,1.216e-06,-0.22947606,-3.6388769,-42.330948,-0.16627027,-36.637676,14598.472,-0.11818598,-30.743662
2.9323256,0.036222041,0.038463283,17.050175,29336.111,30837.045,1.232e-06,-0.22848114,-3.6551576,-42.147415,-0.16603516,-36.516216,14664.066,-0.11705222,-30.552288
2.9309502,0.036692418,0.038956434,17.139933,29321.627,30821.859,1.248e-06,-0.22712168,-3.6714149,-41.896637,-0.16579902,-36.39389,14729.567,-0.11601611,-30.361351
2.9295514,0.037162565,0.039449338,17.229599,29306.955,30806.48,1.264e-06,-0.22631325,-3.6876493,-41.747509,-0.16556183,-36.270706,14794.976,-0.11477859,-30.170858
2.9281294,0.03763248,0.039941993,17.319172,29292.098,30790.906,1.28e-06,-0.2251426,-3.70386,-41.531563,-0.16532357,-36.146675,14860.29,-0.11396832,-29.980818
2.9266844,0.038102154,0.040434394,17.408649,29277.057,30775.139,1.296e-06,-0.22357506,-3.7200477,-41.242401,-0.16508429,-36.021809,14925.51,-0.11285897,-29.791241
2.9252162,0.038571589,0.040926542,17.498032,29261.828,30759.176,1.312e-06,-0.22307566,-3.7362118,-41.15028,-0.16484396,-35.896107,14990.635,-0.11211433,-29.602133
2.9237254,0.039040778,0.041418429,17.587315,29246.416,30743.018,1.328e-06,-0.22143491,-3.7523522,-40.84761,-0.16460258,-35.769588,15055.665,-0.1111652,-29.413502
2.9222119,0.039509721,0.041910056,17.6765,29230.818,30726.666,1.344e-06,-0.2205417,-3.7684689,-40.682846,-0.16436018,-35.642258,15120.6,-0.10993835,-29.225355
2.9206758,0.039978415,0.042401418,17.765583,29215.035,30710.121,1.36e-06,-0.21956526,-3.7845619,-40.502724,-0.16411673,-35.514122,15185.438,-0.10881832,-29.037703
2.9191172,0.040446859,0.042892512,17.854563,29199.068,30693.381,1.376e-06,-0.21857958,-3.800631,-40.320896,-0.16387224,-35.385197,15250.181,-0.1078341,-28.85055
2.9175367,0.040915046,0.043383334,17.943438,29182.916,30676.449,1.392e-06,-0.21749678,-3.8166759,-40.121155,-0.16362672,-35.255482,15314.826,-0.10758995,-28.663906
2.9159341,0.041382972,0.043873884,18.032207,29166.578,30659.322,1.408e-06,-0.21605332,-3.8326969,-39.854881,-0.16338016,-35.124996,15379.374,-0.1055147,-28.477777
2.9143097,0.041850638,0.044364154,18.120871,29150.057,30642,1.424e-06,-0.21499366,-3.8486936,-39.659409,-0.16313258,-34.993744,15443.825,-0.10563219,-28.292171
2.9126635,0.042318042,0.044854145,18.209425,29133.35,30624.486,1.44e-06,-0.21355096,-3.864666,-39.393276,-0.16288395,-34.86174,15508.179,-0.10493027,-28.107096
2.910996,0.042785175,0.045343857,18.297869,29116.459,30606.779,1.456e-06,-0.21268936,-3.880614,-39.234337,-0.16263431,-34.728985,15572.433,-0.10324869,-27.922556
2.909307,0.04325204,0.045833278,18.386202,29099.383,30588.877,1.472e-06,-0.21172448,-3.8965375,-39.056351,-0.16238363,-34.595497,15636.589,-0.10232856,-27.73856
2.9075968,0.043718632,0.046322409,18.474421,29082.123,30570.783,1.488e-06,-0.21017081,-3.9124365,-38.769749,-0.16213194,-34.461285,15700.646,-0.10139164,-27.555113
2.9058657,0.044184946,0.046811249,18.562527,29064.68,30552.496,1.504e-06,-0.20962439,-3.9283106,-38.668953,-0.16187921,-34.326355,15764.603,-0.10047304,-27.372223
2.904114,0.044650983,0.047299795,18.650518,29047.053,30534.016,1.52e-06,-0.2084761,-3.94416,-38.45713,-0.16162546,-34.19072,15828.46,-0.099917598,-27.189896
2.9023414,0.045116737,0.047788039,18.738392,29029.242,30515.342,1.536e-06,-0.20778789,-3.9599843,-38.330177,-0.16137069,-34.05439,15892.217,-0.099018827,-27.008137
2.9005485,0.045582205,0.048275981,18.826149,29011.246,30496.477,1.552e-06,-0.20632054,-3.9757838,-38.059498,-0.16111492,-33.917374,15955.873,-0.097457811,-26.826954
2.8987353,0.046047386,0.048763622,18.913788,28993.066,30477.418,1.568e-06,-0.20531943,-3.9915581,-37.874828,-0.16085811,-33.779682,16019.428,-0.096734516,-26.646353
2.8969021,0.04651228,0.049250953,19.001307,28974.705,30458.166,1.584e-06,-0.20429444,-4.0073071,-37.685749,-0.16060029,-33.641331,16082.881,-0.095542774,-26.466337
2.8950489,0.046976876,0.049737971,19.088703,28956.16,30438.723,1.6e-06,-0.20299202,-4.0230312,-37.445492,-0.16034146,-33.502323,16146.232,-0.094471574,-26.286917
2.8931758,0.047441173,0.050224677,19.17598,28937.43,30419.088,1.616e-06,-0.20238703,-4.0387292,-37.333893,-0.16008161,-33.362671,16209.481,-0.093899347,-26.108093
2.8912835,0.047905173,0.050711066,19.263132,28918.518,30399.26,1.632e-06,-0.20114164,-4.0544024,-37.104156,-0.15982075,-33.222389,16272.627,-0.092481762,-25.929873
2.8893716,0.048368871,0.051197134,19.350163,28899.422,30379.24,1.648e-06,-0.20041721,-4.0700493,-36.970524,-0.15955888,-33.081486,16335.67,-0.092533648,-25.752262
2.8874407,0.048832264,0.051682878,19.437067,28880.145,30359.027,1.664e-06,-0.19906238,-4.0856709,-36.7206,-0.15929601,-32.939972,16398.609,-0.090646073,-25.575268
2.8854904,0.049295347,0.052168295,19.523848,28860.684,30338.625,1.68e-06,-0.19862618,-4.1012669,-36.640137,-0.15903212,-32.797855,16461.445,-0.089492477,-25.398891
2.8835216,0.049758121,0.052653383,19.6105,28841.039,30318.029,1.696e-06,-0.19700931,-4.1168365,-36.341877,-0.15876724,-32.655151,16524.176,-0.089706108,-25.223139
2.8815336,0.050220579,0.053138141,19.697027,28821.213,30297.242,1.712e-06,-0.19618239,-4.1323805,-36.189335,-0.15850134,-32.511871,16586.803,-0.088497572,-25.048016
2.8795273,0.05068272,0.053622559,19.783426,28801.205,30276.264,1.728e-06,-0.19486916,-4.1478982,-35.947086,-0.15823446,-32.368023,16649.322,-0.086953335,-24.873526
2.8775027,0.05114454,0.054106642,19.869696,28781.014,30255.096,1.744e-06,-0.19379407,-4.1633897,-35.748768,-0.15796657,-32.223621,16711.738,-0.086416215,-24.699675
2.8754597,0.051606037,0.054590382,19.955837,28760.641,30233.734,1.76e-06,-0.19316444,-4.1788549,-35.632622,-0.15769768,-32.078674,16774.049,-0.085445724,-24.526466
2.8733985,0.052067209,0.055073775,20.041849,28740.086,30212.184,1.776e-06,-0.1920909,-4.194294,-35.434586,-0.1574278,-31.933195,16836.252,-0.084495068,-24.353905
2.8713195,0.05252805,0.055556823,20.127729,28719.348,30190.441,1.792e-06,-0.19113527,-4.2097063,-35.258305,-0.15715691,-31.787193,16898.348,-0.08364971,-24.181993
2.8692226,0.052988563,0.056039516,20.21348,28698.43,30168.508,1.808e-06,-0.1901411,-4.2250919,-35.074913,-0.15688504,-31.64068,16960.338,-0.083413191,-24.010738
2.8671081,0.053448737,0.056521859,20.299099,28677.328,30146.385,1.824e-06,-0.18910225,-4.2404509,-34.883278,-0.15661219,-31.49367,17022.219,-0.08230079,-23.840141
2.8649759,0.053908575,0.057003845,20.384586,28656.045,30124.07,1.84e-06,-0.18797322,-4.2557831,-34.675007,-0.15633833,-31.346172,17083.992,-0.080780968,-23.670206
2.8628263,0.054368075,0.057485469,20.46994,28634.582,30101.566,1.856e-06,-0.18742681,-4.2710886,-34.574211,-0.1560635,-31.198198,17145.658,-0.079898983,-23.500937
2.8606596,0.054827228,0.057966731,20.555162,28612.938,30078.873,1.872e-06,-0.18626694,-4.2863669,-34.360256,-0.15578768,-31.049759,17207.215,-0.079374067,-23.332338
2.8584754,0.055286035,0.058447625,20.640251,28591.111,30055.988,1.888e-06,-0.18510477,-4.3016186,-34.145874,-0.15551086,-30.900867,17268.662,-0.077582628,-23.164412
2.8562744,0.055744495,0.058928154,20.725206,28569.104,30032.914,1.904e-06,-0.18371218,-4.3168426,-33.888985,-0.15523307,-30.751535,17330.002,-0.077101961,-22.99716
2.8540564,0.056202602,0.059408307,20.810026,28546.916,30009.65,1.92e-06,-0.18302089,-4.3320394,-33.761463,-0.1549543,-30.601772,17391.23,-0.076290168,-22.830589
2.8518212,0.056660354,0.059888087,20.894714,28524.547,29986.197,1.936e-06,-0.18211843,-4.347209,-33.59499,-0.15467454,-30.451591,17452.348,-0.075820185,-22.6647
2.8495696,0.057117749,0.060367487,20.979267,28501.998,29962.553,1.952e-06,-0.18166529,-4.3623509,-33.511398,-0.15439382,-30.301004,17513.355,-0.075690478,-22.499495
2.8473012,0.057574783,0.060846508,21.063686,28479.27,29938.721,1.968e-06,-0.18002684,-4.3774657,-33.209156,-0.15411212,-30.150024,17574.252,-0.073592335,-22.334976
2.8450162,0.058031451,0.06132514,21.14797,28456.359,29914.701,1.984e-06,-0.1794789,-4.3925524,-33.108078,-0.15382944,-29.998659,17635.037,-0.072824791,-22.171146
2.8427148,0.058487754,0.061803389,21.232119,28433.27,29890.49,2e-06,-0.17839147,-4.4076114,-32.907486,-0.1535458,-29.846924,17695.711,-0.071871087,-22.008011
2.8403971,0.058943689,0.062281247,21.316133,28409.998,29866.092,2.016e-06,-0.17737728,-4.4226427,-32.720398,-0.15326118,-29.694828,17756.271,-0.071245462,-21.84557
2.838063,0.059399251,0.062758714,21.400013,28386.549,29841.504,2.032e-06,-0.17677154,-4.4376464,-32.608658,-0.15297559,-29.542387,17816.721,-0.071045563,-21.683825
2.8357124,0.059854437,0.063235775,21.483757,28362.92,29816.727,2.048e-06,-0.17558779,-4.4526215,-32.390293,-0.15268904,-29.389608,17877.057,-0.070171207,-21.522778
2.8333459,0.060309242,0.063712448,21.567368,28339.109,29791.764,2.064e-06,-0.17494659,-4.4675689,-32.272015,-0.15240152,-29.236506,17937.279,-0.069034398,-21.362431
2.8309634,0.060763672,0.064188711,21.650841,28315.121,29766.609,2.08e-06,-0.17407188,-4.4824877,-32.110657,-0.15211305,-29.08309,17997.387,-0.06856899,-21.202785
2.8285644,0.061217714,0.064664572,21.734182,28290.953,29741.27,2.096e-06,-0.17289814,-4.4973783,-31.894142,-0.15182361,-28.929375,18057.381,-0.067070529,-21.043844
2.8261497,0.061671369,0.065140024,21.817387,28266.607,29715.74,2.112e-06,-0.17229779,-4.5122404,-31.783398,-0.1515332,-28.775372,18117.262,-0.066875212,-20.885609
2.823719,0.062124636,0.065615065,21.900457,28242.082,29690.025,2.128e-06,-0.17121808,-4.5270743,-31.584225,-0.15124185,-28.62109,18177.027,-0.065405741,-20.728081
2.8212724,0.062577508,0.06608969,21.983395,28217.377,29664.121,2.144e-06,-0.17031024,-4.5418797,-31.416756,-0.15094954,-28.466543,18236.678,-0.064838096,-20.571259
2.8188097,0.06302999,0.066563897,22.066196,28192.494,29638.029,2.16e-06,-0.16912033,-4.5566559,-31.197256,-0.15065628,-28.311745,18296.211,-0.063744009,-20.415146
2.8163314,0.063482076,0.067037687,22.148865,28167.432,29611.752,2.176e-06,-0.16816238,-4.5714035,-31.020546,-0.15036206,-28.156704,18355.631,-0.063295387,-20.259743
2.8138373,0.063933752,0.067511052,22.2314,28142.191,29585.285,2.192e-06,-0.16758129,-4.5861225,-30.913355,-0.1500669,-28.001432,18414.934,-0.061743524,-20.105051
2.8113272,0.064385027,0.067983985,22.313801,28116.773,29558.635,2.208e-06,-0.16689694,-4.6008124,-30.787113,-0.14977078,-27.845943,18474.119,-0.061355937,-19.951071
2.8088014,0.064835899,0.068456493,22.396069,28091.178,29531.795,2.224e-06,-0.1655606,-4.6154733,-30.540602,-0.14947373,-27.690248,18533.188,-0.061441388,-19.797802
2.8062601,0.065286361,0.06892857,22.478205,28065.402,29504.77,2.24e-06,-0.16472982,-4.6301045,-30.38735,-0.14917572,-27.534359,18592.137,-0.060278635,-19.645247
2.8037028,0.065736406,0.069400214,22.560209,28039.451,29477.557,2.256e-06,-0.16397302,-4.6447072,-30.247744,-0.14887677,-27.378286,18650.971,-0.058803063,-19.493402
2.8011298,0.066186041,0.069871418,22.64208,28013.322,29450.16,2.272e-06,-0.16301739,-4.6592803,-30.071461,-0.14857689,-27.222044,18709.686,-0.058261361,-19.342274
2.7985411,0.066635251,0.070342176,22.72382,27987.016,29422.576,2.288e-06,-0.16222052,-4.6738238,-29.924465,-0.14827606,-27.065641,18768.281,-0.057875302,-19.191856
2.7959368,0.067084044,0.070812494,22.805429,27960.531,29394.805,2.304e-06,-0.16118552,-4.6883378,-29.733538,-0.1479743,-26.90909,18826.76,-0.057893611,-19.042154
2.7933166,0.06753242,0.071282364,22.886909,27933.871,29366.85,2.32e-06,-0.16052505,-4.7028222,-29.611704,-0.1476716,-26.752403,18885.117,-0.055806145,-18.893164
2.7906809,0.067980357,0.071751781,22.968258,27907.033,29338.709,2.336e-06,-0.15960872,-4.7172771,-29.442671,-0.14736797,-26.595592,18943.355,-0.055165257,-18.744886
2.7880294,0.068427876,0.07222075,23.049477,27880.02,29310.383,2.352e-06,-0.15882342,-4.7317023,-29.297806,-0.1470634,-26.438667,19001.475,-0.054339733,-18.597322
2.785362,0.068874955,0.072689258,23.130568,27852.828,29281.871,2.368e-06,-0.1580196,-4.7460971,-29.14953,-0.14675792,-26.281641,19059.473,-0.054318368,-18.450472
2.7826791,0.069321603,0.07315731,23.211531,27825.461,29253.174,2.384e-06,-0.15724584,-4.7604623,-29.006798,-0.1464515,-26.124525,19117.35,-0.053901792,-18.304331
2.7799804,0.06976781,0.073624894,23.292366,27797.918,29224.293,2.4e-06,-0.15607674,-4.7747974,-28.791136,-0.14614417,-25.967331,19175.105,-0.052967925,-18.158903
2.7772658,0.070213579,0.074092023,23.373075,27770.199,29195.227,2.416e-06,-0.15536696,-4.7891021,-28.660202,-0.14583591,-25.810068,19232.74,-0.051716667,-18.014185
2.7745354,0.0706589,0.074558675,23.453657,27742.305,29165.977,2.432e-06,-0.15438512,-4.8033767,-28.479086,-0.14552671,-25.65275,19290.252,-0.051522873,-17.870174
2.7717893,0.071103781,0.075024858,23.534115,27714.234,29136.541,2.448e-06,-0.15360983,-4.8176212,-28.336069,-0.14521661,-25.495386,19347.643,-0.050059512,-17.726875
2.7690272,0.071548209,0.075490572,23.614447,27685.988,29106.924,2.464e-06,-0.15297171,-4.8318348,-28.218357,-0.14490558,-25.33799,19404.91,-0.049160741,-17.584282
2.7662494,0.071992189,0.075955808,23.694654,27657.566,29077.121,2.48e-06,-0.1520839,-4.8460183,-28.054585,-0.14459366,-25.180573,19462.055,-0.048561051,-17.442394
2.7634556,0.072435707,0.07642056,23.77474,27628.969,29047.135,2.496e-06,-0.15106508,-4.8601713,-27.866644,-0.14428081,-25.023142,19519.076,-0.048377942,-17.301212
2.7606459,0.072878778,0.076884829,23.854704,27600.197,29016.965,2.512e-06,-0.15044238,-4.8742933,-27.751776,-0.14396703,-24.865713,19575.975,-0.047532577,-17.160734
2.7578201,0.07332138,0.07734862,23.934544,27571.252,28986.611,2.528e-06,-0.14944975,-4.8883843,-27.56867,-0.14365236,-24.708294,19632.748,-0.046787925,-17.020958
2.7549787,0.07376352,0.077811912,24.014265,27542.131,28956.076,2.544e-06,-0.14872842,-4.9024448,-27.435604,-0.14333679,-24.550898,19689.398,-0.04548021,-16.881882
2.7521207,0.074205197,0.078274719,24.093864,27512.836,28925.357,2.56e-06,-0.14770727,-4.9164743,-27.247238,-0.1430203,-24.393534,19745.922,-0.044692833,-16.743504
2.7492471,0.074646406,0.078737028,24.173347,27483.367,28894.455,2.576e-06,-0.14727724,-4.9304724,-27.16791,-0.14270292,-24.236216,19802.322,-0.043606371,-16.605824
2.7463572,0.075087138,0.079198845,24.25271,27453.725,28863.371,2.592e-06,-0.1465058,-4.9444394,-27.025604,-0.14238463,-24.078949,19858.596,-0.043884091,-16.468838
2.7434511,0.0755274,0.079660155,24.331957,27423.906,28832.105,2.608e-06,-0.1456704,-4.9583755,-26.871498,-0.14206544,-23.921749,19914.744,-0.042878505,-16.332546
2.7405288,0.075967185,0.080120966,24.411087,27393.916,28800.656,2.624e-06,-0.14462228,-4.97228,-26.678156,-0.14174536,-23.764626,19970.766,-0.041763056,-16.196945
2.7375903,0.076406486,0.08058127,24.490103,27363.752,28769.025,2.64e-06,-0.14391404,-4.9861536,-26.547508,-0.14142437,-23.60759,20026.66,-0.041402936,-16.062033
2.7346356,0.076845311,0.081041068,24.569002,27333.414,28737.213,2.656e-06,-0.14311177,-4.9999952,-26.399515,-0.14110249,-23.450649,20082.43,-0.040977202,-15.927806
2.7316644,0.077283643,0.081500351,24.647789,27302.904,28705.221,2.672e-06,-0.1425384,-5.0138054,-26.293745,-0.14077973,-23.293816,20138.07,-0.039185766,-15.794264
2.728677,0.077721491,0.081959121,24.726465,27272.221,28673.045,2.688e-06,-0.14116198,-5.0275841,-26.039841,-0.14045608,-23.1371,20193.584,-0.039596241,-15.661403
2.7256734,0.078158848,0.082417369,24.805029,27241.365,28640.689,2.704e-06,-0.14094619,-5.0413308,-26.000034,-0.14013153,-22.980515,20248.971,-0.038438063,-15.529222
2.7226532,0.078595713,0.082875103,24.883482,27210.338,28608.152,2.72e-06,-0.14015779,-5.0550456,-25.854601,-0.13980611,-22.824066,20304.229,-0.038007751,-15.397717
2.7196164,0.079032078,0.083332308,24.961826,27179.137,28575.434,2.736e-06,-0.13886154,-5.0687284,-25.615482,-0.1394798,-22.667765,20359.355,-0.03665578,-15.266885
2.7165632,0.079467945,0.083788984,25.040062,27147.764,28542.535,2.752e-06,-0.13840991,-5.0823793,-25.532175,-0.1391526,-22.511623,20414.355,-0.036364328,-15.136725
2.7134933,0.079903312,0.084245138,25.118193,27116.219,28509.457,2.768e-06,-0.1373148,-5.0959983,-25.33016,-0.13882454,-22.35565,20469.227,-0.036111027,-15.007233
2.710407,0.080338173,0.084700756,25.196215,27084.504,28476.199,2.784e-06,-0.13665664,-5.1095848,-25.208752,-0.13849559,-22.199854,20523.967,-0.035200048,-14.878406
2.707304,0.080772527,0.085155837,25.274134,27052.615,28442.76,2.8e-06,-0.13580737,-5.1231394,-25.052088,-0.13816577,-22.044247,20578.578,-0.034344006,-14.75024
2.7041843,0.081206366,0.08561039,25.351948,27020.557,28409.143,2.816e-06,-0.1353704,-5.1366615,-24.971481,-0.13783507,-21.888838,20633.059,-0.033869442,-14.622734
2.7010479,0.0816397,0.086064391,25.429659,26988.326,28375.344,2.832e-06,-0.13427143,-5.1501508,-24.768755,-0.1375035,-21.733635,20687.408,-0.032752465,-14.495884
2.6978948,0.082072511,0.086517856,25.507271,26955.926,28341.367,2.848e-06,-0.13357012,-5.1636081,-24.639387,-0.13717107,-21.57865,20741.627,-0.033030182,-14.369685
2.6947248,0.082504809,0.086970769,25.58478,26923.354,28307.211,2.864e-06,-0.13303372,-5.1770325,-24.54044,-0.13683778,-21.423891,20795.713,-0.031792656,-14.244137
2.6915381,0.082936585,0.087423138,25.662191,26890.611,28272.877,2.88e-06,-0.13227925,-5.190424,-24.401262,-0.13650361,-21.269365,20849.67,-0.030611591,-14.119233
2.6883345,0.083367839,0.087874949,25.739504,26857.699,28238.363,2.896e-06,-0.13156638,-5.203783,-24.26976,-0.13616858,-21.115088,20903.492,-0.029978331,-13.994971
2.6851139,0.083798558,0.088326208,25.816719,26824.617,28203.672,2.912e-06,-0.13073945,-5.2171092,-24.11722,-0.1358327,-20.961061,20957.184,-0.029525133,-13.871349
2.6818764,0.084228754,0.088776909,25.893839,26791.365,28168.803,2.928e-06,-0.1297106,-5.230402,-23.927431,-0.13549595,-20.807299,21010.74,-0.029180273,-13.748361
2.678622,0.084658422,0.089227051,25.970863,26757.943,28133.754,2.944e-06,-0.12914494,-5.2436624,-23.823082,-0.13515835,-20.653807,21064.166,-0.027816096,-13.626004
2.6753507,0.085087545,0.089676626,26.047796,26724.352,28098.529,2.96e-06,-0.12851375,-5.2568893,-23.70665,-0.1348199,-20.500595,21117.457,-0.027947325,-13.504275
2.6720624,0.08551614,0.090125635,26.124636,26690.592,28063.127,2.976e-06,-0.12770146,-5.270083,-23.55681,-0.1344806,-20.347673,21170.615,-0.026854763,-13.383169
2.668757,0.085944191,0.090574071,26.201385,26656.662,28027.547,2.992e-06,-0.12715276,-5.2832432,-23.455589,-0.13414043,-20.195049,21223.639,-0.026201665,-13.262683
2.6654344,0.086371697,0.09102194,26.278044,26622.564,27991.789,3.008e-06,-0.12645915,-5.2963705,-23.327642,-0.13379943,-20.04273,21276.527,-0.026044495,-13.142813
2.6620948,0.08679866,0.091469236,26.354614,26588.297,27955.855,3.024e-06,-0.12568694,-5.309464,-23.185194,-0.13345759,-19.890726,21329.283,-0.024680318,-13.023554
2.6587381,0.087225072,0.09191595,26.431097,26553.861,27919.744,3.04e-06,-0.12505037,-5.3225241,-23.067766,-0.13311489,-19.739046,21381.902,-0.023960082,-12.904902
2.6553645,0.08765094,0.092362083,26.507494,26519.26,27883.457,3.056e-06,-0.12390669,-5.3355508,-22.856796,-0.13277136,-19.587696,21434.385,-0.023397015,-12.786855
2.6519735,0.088076249,0.092807636,26.583805,26484.488,27846.994,3.072e-06,-0.12398221,-5.3485436,-22.870728,-0.13242699,-19.436684,21486.734,-0.023508407,-12.669406
2.6485655,0.088500999,0.093252607,26.660034,26449.549,27810.355,3.088e-06,-0.12237691,-5.3615026,-22.5746,-0.13208178,-19.286018,21538.945,-0.021684926,-12.552552
2.6451402,0.08892519,0.093696982,26.736179,26414.443,27773.541,3.104e-06,-0.12224821,-5.3744278,-22.550859,-0.13173574,-19.135708,21591.021,-0.020932646,-12.43629
2.6416976,0.089348823,0.094140768,26.812243,26379.17,27736.551,3.12e-06,-0.12139354,-5.3873186,-22.3932,-0.13138887,-18.985762,21642.959,-0.020844143,-12.320613
2.6382382,0.089771897,0.094583958,26.888227,26343.729,27699.385,3.136e-06,-0.12066603,-5.400176,-22.258997,-0.13104117,-18.836182,21694.762,-0.020770898,-12.205518
2.6347613,0.090194397,0.095026545,26.964132,26308.121,27662.045,3.152e-06,-0.1198969,-5.4129992,-22.117119,-0.13069263,-18.686981,21746.426,-0.019592883,-12.091001
2.6312673,0.090616323,0.095468543,27.039959,26272.348,27624.531,3.168e-06,-0.11912777,-5.4257879,-21.975239,-0.13034327,-18.538164,21797.951,-0.019667653,-11.977056
2.6277559,0.091037683,0.095909931,27.115709,26236.408,27586.842,3.184e-06,-0.11880948,-5.4385424,-21.916525,-0.1299931,-18.38974,21849.34,-0.018953521,-11.86368
2.6242275,0.09145847,0.096350715,27.191385,26200.301,27548.977,3.2e-06,-0.11774056,-5.4512625,-21.719343,-0.1296421,-18.241714,21900.59,-0.01846675,-11.750867
2.6206818,0.091878675,0.096790887,27.266987,26164.029,27510.939,3.216e-06,-0.11712249,-5.4639482,-21.60533,-0.12929028,-18.094093,21951.701,-0.016696677,-11.638613
2.6171188,0.092298299,0.097230449,27.342514,26127.592,27472.729,3.232e-06,-0.11657454,-5.4765997,-21.50425,-0.12893765,-17.946886,22002.674,-0.016956083,-11.526914
2.6135387,0.092717342,0.0976694,27.417971,26090.988,27434.344,3.248e-06,-0.1158216,-5.4892163,-21.365356,-0.12858419,-17.800097,22053.506,-0.016307566,-11.415765
2.6099415,0.093135804,0.098107733,27.493357,26054.219,27395.785,3.264e-06,-0.11512645,-5.5017982,-21.237125,-0.12822993,-17.653734,22104.199,-0.015195166,-11.30516
2.6063268,0.09355367,0.098545447,27.568674,26017.285,27357.053,3.28e-06,-0.1144999,-5.5143456,-21.121546,-0.12787485,-17.507803,22154.752,-0.014911343,-11.195095
2.6026952,0.093970947,0.098982535,27.643923,25980.188,27318.148,3.296e-06,-0.11386872,-5.5268579,-21.005114,-0.12751897,-17.36231,22205.164,-0.014441359,-11.085566
2.5990462,0.094387636,0.099418998,27.719103,25942.926,27279.072,3.312e-06,-0.11288072,-5.5393357,-20.822859,-0.12716229,-17.217264,22255.436,-0.014079714,-10.976566
2.5953801,0.094803721,0.099854834,27.794218,25905.498,27239.824,3.328e-06,-0.11232661,-5.5517778,-20.720644,-0.1268048,-17.072666,22305.568,-0.01272927,-10.868093
2.591697,0.09521921,0.10029005,27.869268,25867.906,27200.402,3.344e-06,-0.11199985,-5.5641856,-20.660366,-0.1264465,-16.928526,22355.557,-0.012450026,-10.760139
2.5879965,0.095634095,0.10072462,27.944256,25830.152,27160.811,3.36e-06,-0.11090627,-5.5765576,-20.458635,-0.12608741,-16.784849,22405.406,-0.012045655,-10.652702
2.5842791,0.096048385,0.10115855,28.01918,25792.234,27121.045,3.376e-06,-0.11039069,-5.5888948,-20.363529,-0.12572753,-16.64164,22455.111,-0.010914945,-10.545775
2.5805442,0.096462056,0.10159185,28.094044,25754.152,27081.109,3.392e-06,-0.10952985,-5.6011968,-20.204731,-0.12536685,-16.498905,22504.676,-0.011095004,-10.439353
2.5767925,0.096875124,0.1020245,28.168846,25715.908,27041.002,3.408e-06,-0.10874069,-5.6134629,-20.059156,-0.12500538,-16.356647,22554.098,-0.010460219,-10.333432
2.5730238,0.09728758,0.10245652,28.243589,25677.5,27000.725,3.424e-06,-0.10842471,-5.6256943,-20.00087,-0.12464312,-16.214876,22603.375,-0.0095416121,-10.228006
2.5692379,0.097699426,0.10288788,28.318275,25638.93,26960.277,3.44e-06,-0.10766098,-5.6378894,-19.859985,-0.12428007,-16.073593,22652.512,-0.0094378488,-10.123071
2.5654349,0.098110646,0.10331859,28.392904,25600.197,26919.658,3.456e-06,-0.10720243,-5.6500492,-19.775398,-0.12391624,-15.932805,22701.504,-0.0087755974,-10.01862
2.5616152,0.098521255,0.10374866,28.467478,25561.303,26878.869,3.472e-06,-0.1065042,-5.6621733,-19.646597,-0.12355162,-15.792516,22750.352,-0.0079210792,-9.91465
2.5577784,0.098931238,0.10417806,28.541994,25522.246,26837.912,3.488e-06,-0.10594624,-5.6742616,-19.543671,-0.12318622,-15.652732,22799.055,-0.0071291239,-9.8111544
2.5539246,0.099340595,0.10460681,28.616459,25483.027,26796.783,3.504e-06,-0.10500525,-5.6863141,-19.370089,-0.12282005,-15.513455,22847.615,-0.0068742945,-9.708128
2.5500538,0.099749319,0.1050349,28.69087,25443.648,26755.486,3.52e-06,-0.10471009,-5.6983309,-19.315639,-0.12245309,-15.374693,22896.029,-0.0064287242,-9.605567
2.5461664,0.10015742,0.10546232,28.76523,25404.107,26714.02,3.536e-06,-0.10356949,-5.7103114,-19.105238,-0.12208537,-15.236448,22944.299,-0.0051576281,-9.5034647
2.5422618,0.10056489,0.10588908,28.839539,25364.406,26672.385,3.552e-06,-0.10339378,-5.7222557,-19.072824,-0.12171688,-15.098724,22992.424,-0.0048860135,-9.4018164
2.5383408,0.10097172,0.10631517,28.913797,25324.545,26630.582,3.568e-06,-0.10248208,-5.7341642,-18.904644,-0.12134761,-14.961527,23040.402,-0.0045060581,-9.3006172
2.5344026,0.10137791,0.10674059,28.988008,25284.521,26588.611,3.584e-06,-0.10195263,-5.7460365,-18.806978,-0.12097758,-14.824859,23088.236,-0.0030472733,-9.1998615
2.530448,0.10178347,0.10716533,29.06217,25244.34,26546.471,3.6e-06,-0.1010548,-5.7578721,-18.641357,-0.12060679,-14.688725,23135.924,-0.0030396436,-9.0995436
2.5264766,0.10218838,0.1075894,29.136286,25203.998,26504.164,3.616e-06,-0.10068334,-5.7696719,-18.572834,-0.12023523,-14.553127,23183.463,-0.0025055697,-8.9996595
2.5224884,0.10259265,0.10801279,29.210356,25163.496,26461.689,3.632e-06,-0.099996671,-5.781435,-18.446167,-0.11986291,-14.418071,23230.857,-0.0020462661,-8.9002028
2.5184836,0.10299626,0.10843549,29.28438,25122.834,26419.049,3.648e-06,-0.099568948,-5.7931614,-18.367266,-0.11948984,-14.283558,23278.104,-0.0013214515,-8.8011684
2.5144625,0.10339923,0.10885751,29.358362,25082.014,26376.24,3.664e-06,-0.098686531,-5.8048515,-18.204489,-0.11911602,-14.149592,23325.201,-0.00084841455,-8.7025509
2.5104246,0.10380154,0.10927884,29.432299,25041.035,26333.264,3.68e-06,-0.09805844,-5.8165045,-18.088625,-0.11874143,-14.016178,23372.152,-0.00054628134,-8.6043463
2.5063703,0.1042032,0.10969948,29.506193,24999.896,26290.123,3.696e-06,-0.097334005,-5.8281212,-17.95499,-0.1183661,-13.883316,23418.957,0.00011291848,-8.5065479
2.5022995,0.1046042,0.11011943,29.580048,24958.602,26246.814,3.712e-06,-0.096967943,-5.8397007,-17.887463,-0.11799002,-13.751011,23465.611,0.00099337753,-8.4091511
2.4982123,0.10500454,0.11053868,29.65386,24917.146,26203.342,3.728e-06,-0.096240431,-5.8512435,-17.753262,-0.1176132,-13.619265,23512.117,0.0014404736,-8.31215
2.4941087,0.10540421,0.11095724,29.727633,24875.535,26159.703,3.744e-06,-0.095730245,-5.8627496,-17.659149,-0.11723564,-13.48808,23558.475,0.0019837031,-8.2155399
2.4899888,0.10580323,0.11137509,29.801365,24833.766,26115.898,3.76e-06,-0.094832413,-5.8742185,-17.493528,-0.11685733,-13.357459,23604.682,0.002005066,-8.1193151
2.4858527,0.10620157,0.11179224,29.875061,24791.838,26071.93,3.776e-06,-0.094514132,-5.8856502,-17.434814,-0.11647829,-13.227405,23650.74,0.0034516435,-8.0234709
2.4817002,0.10659923,0.11220869,29.948719,24749.756,26027.795,3.792e-06,-0.09379895,-5.8970447,-17.302887,-0.1160985,-13.097919,23696.65,0.0041795098,-7.9280014
2.4775317,0.10699624,0.11262442,30.022339,24707.516,25983.498,3.808e-06,-0.092854105,-5.908402,-17.128593,-0.11571799,-12.969002,23742.408,0.0040314952,-7.8329015
2.4733469,0.10739256,0.11303945,30.095922,24665.117,25939.035,3.824e-06,-0.092817113,-5.9197221,-17.121769,-0.11533675,-12.840658,23788.018,0.0050035096,-7.7381668
2.469146,0.1077882,0.11345376,30.169472,24622.564,25894.408,3.84e-06,-0.091977082,-5.9310045,-16.966812,-0.11495477,-12.712889,23833.475,0.0050675985,-7.6437907
2.4649291,0.10818316,0.11386735,30.242987,24579.855,25849.619,3.856e-06,-0.091315851,-5.9422498,-16.844835,-0.11457207,-12.585695,23878.781,0.0061372723,-7.5497694
2.4606962,0.10857745,0.11428022,30.316465,24536.99,25804.666,3.872e-06,-0.091052279,-5.9534574,-16.796215,-0.11418865,-12.459078,23923.938,0.0065996279,-7.4560962
2.4564474,0.10897104,0.11469238,30.389912,24493.971,25759.551,3.888e-06,-0.090061203,-5.9646273,-16.613392,-0.1138045,-12.33304,23968.941,0.0071199681,-7.3627672
2.4521825,0.10936394,0.11510381,30.463326,24450.797,25714.271,3.904e-06,-0.089584157,-5.9757595,-16.525393,-0.11341964,-12.207582,24013.793,0.0066896575,-7.2697763
2.447902,0.10975616,0.11551451,30.536707,24407.467,25668.83,3.92e-06,-0.088948354,-5.9868541,-16.408108,-0.11303406,-12.082704,24058.492,0.0075945309,-7.1771188
2.4436054,0.11014768,0.11592448,30.610056,24363.982,25623.227,3.936e-06,-0.088452041,-5.997911,-16.316555,-0.11264776,-11.958407,24103.041,0.0085802786,-7.0847898
2.4392934,0.1105385,0.11633372,30.683372,24320.342,25577.463,3.952e-06,-0.087652087,-6.0089297,-16.168989,-0.11226076,-11.834695,24147.436,0.0085985903,-6.9927835
2.4349654,0.11092862,0.11674222,30.75666,24276.551,25531.535,3.968e-06,-0.087248258,-6.0199108,-16.094496,-0.11187305,-11.711564,24191.678,0.0095553454,-6.9010949
2.4306219,0.11131805,0.11714999,30.829918,24232.604,25485.447,3.984e-06,-0.086880647,-6.0308537,-16.026682,-0.11148462,-11.589019,24235.768,0.0098086493,-6.8097196
2.4262626,0.11170678,0.11755702,30.903143,24188.504,25439.199,4e-06,-0.086119995,-6.0417585,-15.886367,-0.1110955,-11.467056,24279.703,0.010336619,-6.7186513
2.4218879,0.1120948,0.1179633,30.976341,24144.25,25392.789,4.016e-06,-0.085461073,-6.0526252,-15.764817,-0.11070567,-11.345679,24323.484,0.010676901,-6.6278863
2.4174974,0.1124821,0.11836884,31.049509,24099.844,25346.219,4.032e-06,-0.084931627,-6.0634537,-15.66715,-0.11031514,-11.224887,24367.111,0.011938841,-6.5374188
2.4130917,0.1128687,0.11877363,31.12265,24055.285,25299.488,4.048e-06,-0.084380597,-6.0742435,-15.565504,-0.10992392,-11.10468,24410.586,0.011944945,-6.4472437
2.4086704,0.11325459,0.11917768,31.195761,24010.574,25252.6,4.064e-06,-0.083591431,-6.0849953,-15.419929,-0.10953201,-10.985058,24453.904,0.012466812,-6.3573565
2.4042339,0.11363976,0.11958096,31.268845,23965.711,25205.549,4.08e-06,-0.083152153,-6.0957084,-15.338895,-0.1091394,-10.866019,24497.068,0.01285287,-6.2677522
2.3997819,0.11402421,0.11998349,31.3419,23920.695,25158.34,4.096e-06,-0.082273588,-6.1063833,-15.176828,-0.1087461,-10.747566,24540.076,0.013879818,-6.1784253
2.3953147,0.11440794,0.12038527,31.414928,23875.529,25110.973,4.112e-06,-0.082255088,-6.1170197,-15.173416,-0.10835211,-10.629696,24582.93,0.014235359,-6.0893717
2.3908322,0.11479095,0.12078629,31.48793,23830.213,25063.447,4.128e-06,-0.081357263,-6.1276174,-15.007795,-0.10795745,-10.512409,24625.629,0.01424604,-6.000586
2.3863344,0.11517324,0.12118654,31.560905,23784.744,25015.762,4.144e-06,-0.080538042,-6.138176,-14.856675,-0.10756209,-10.395706,24668.17,0.015449995,-5.9120636
2.3818216,0.11555479,0.12158602,31.633854,23739.125,24967.92,4.16e-06,-0.080354616,-6.1486959,-14.822841,-0.10716606,-10.279584,24710.557,0.015756706,-5.8237991
2.3772936,0.11593562,0.12198474,31.706778,23693.355,24919.92,4.176e-06,-0.079699554,-6.1591773,-14.702002,-0.10676935,-10.164042,24752.785,0.016400646,-5.7357888
2.3727505,0.11631572,0.12238269,31.779673,23647.436,24871.762,4.192e-06,-0.078772433,-6.1696196,-14.530978,-0.10637197,-10.049081,24794.857,0.016606648,-5.6480269
2.3681924,0.11669508,0.12277987,31.852543,23601.365,24823.447,4.208e-06,-0.078491911,-6.1800232,-14.479231,-0.10597391,-9.9346981,24836.773,0.016985076,-5.5605097
2.3636193,0.1170737,0.12317626,31.925386,23555.146,24774.977,4.224e-06,-0.077874608,-6.1903877,-14.365357,-0.10557519,-9.8208933,24878.531,0.017783135,-5.4732318
2.3590312,0.11745159,0.12357189,31.998205,23508.779,24726.348,4.24e-06,-0.077298142,-6.2007127,-14.259019,-0.1051758,-9.7076635,24920.131,0.017813655,-5.3861885
2.3544283,0.11782873,0.12396672,32.070999,23462.262,24677.564,4.256e-06,-0.076881215,-6.210999,-14.182109,-0.10477574,-9.5950089,24961.574,0.018895535,-5.2993755
2.3498106,0.11820512,0.12436078,32.143764,23415.598,24628.623,4.272e-06,-0.076387987,-6.2212458,-14.091124,-0.10437503,-9.4829273,25002.859,0.020201728,-5.2127881
2.3451779,0.11858077,0.12475406,32.216507,23368.783,24579.527,4.288e-06,-0.076078944,-6.2314534,-14.034117,-0.10397365,-9.3714161,25043.984,0.019103061,-5.1264224
2.3405306,0.11895568,0.12514654,32.289223,23321.82,24530.277,4.304e-06,-0.075356826,-6.2416215,-13.900909,-0.10357162,-9.2604742,25084.953,0.020433668,-5.0402727
2.3358684,0.11932983,0.12553823,32.361912,23274.711,24480.871,4.32e-06,-0.074805796,-6.2517505,-13.799262,-0.10316893,-9.1500998,25125.762,0.02060152,-4.9543357
2.3311918,0.11970323,0.12592913,32.434574,23227.455,24431.311,4.336e-06,-0.073468685,-6.2618394,-13.552608,-0.10276559,-9.0402908,25166.412,0.020581683,-4.8686061
2.3265002,0.12007587,0.12631924,32.507214,23180.051,24381.596,4.352e-06,-0.073871747,-6.2718892,-13.62696,-0.1023616,-8.9310436,25206.902,0.021091342,-4.7830801
2.321794,0.12044775,0.12670855,32.579826,23132.5,24331.727,4.368e-06,-0.072700329,-6.2818995,-13.410871,-0.10195697,-8.8223581,25247.232,0.022429578,-4.6977534
2.3170733,0.12081887,0.12709706,32.652412,23084.803,24281.705,4.384e-06,-0.072965443,-6.2918696,-13.459775,-0.10155169,-8.7142315,25287.404,0.021674246,-4.6126213
2.3123381,0.12118923,0.12748475,32.724972,23036.959,24231.529,4.4e-06,-0.071833327,-6.3018007,-13.250937,-0.10114577,-8.6066599,25327.414,0.023564868,-4.5276799
2.3075886,0.12155882,0.12787166,32.797504,22988.969,24181.199,4.416e-06,-0.070854574,-6.3116913,-13.070389,-0.10073921,-8.4996414,25367.266,0.023909727,-4.4429245
2.3028243,0.12192765,0.12825775,32.870014,22940.834,24130.719,4.432e-06,-0.070859969,-6.3215423,-13.071383,-0.10033201,-8.3931732,25406.955,0.024179814,-4.3583517
2.2980456,0.1222957,0.12864304,32.942493,22892.555,24080.084,4.448e-06,-0.070383698,-6.3313537,-12.983526,-0.099924184,-8.2872534,25446.484,0.02435072,-4.2739568
2.2932527,0.12266298,0.1290275,33.014946,22844.129,24029.299,4.464e-06,-0.069839604,-6.3411245,-12.883159,-0.099515729,-8.1818781,25485.852,0.024910733,-4.1897359
2.2884452,0.12302949,0.12941115,33.087372,22795.559,23978.359,4.48e-06,-0.069225378,-6.3508558,-12.769855,-0.09910664,-8.0770445,25525.059,0.024861904,-4.1056852
2.2836237,0.12339522,0.12979399,33.159767,22746.844,23927.271,4.496e-06,-0.068406932,-6.3605466,-12.618876,-0.098696925,-7.9727497,25564.104,0.026171148,-4.0218005
2.2787876,0.12376017,0.13017601,33.23214,22697.986,23876.029,4.512e-06,-0.067968421,-6.3701973,-12.537986,-0.098286584,-7.8689904,25602.986,0.026453445,-3.9380774
2.2739375,0.12412434,0.13055719,33.304478,22648.984,23824.639,4.528e-06,-0.06767942,-6.3798079,-12.484674,-0.097875625,-7.7657633,25641.707,0.026340526,-3.8545129
2.2690728,0.12448773,0.13093756,33.376793,22599.838,23773.098,4.544e-06,-0.067001231,-6.3893781,-12.359571,-0.097464047,-7.663065,25680.266,0.027434614,-3.7711027
2.2641943,0.12485033,0.13131711,33.449074,22550.549,23721.404,4.56e-06,-0.066329978,-6.3989077,-12.235745,-0.097051851,-7.5608916,25718.66,0.027834406,-3.6878431
2.2593014,0.12521213,0.13169582,33.521328,22501.117,23669.562,4.576e-06,-0.065642543,-6.4083972,-12.108935,-0.096639052,-7.4592404,25756.895,0.028476821,-3.6047301
2.2543945,0.12557316,0.1320737,33.593552,22451.543,23617.572,4.592e-06,-0.065314233,-6.4178462,-12.048374,-0.096225634,-7.3581071,25794.965,0.028797265,-3.5217602
2.2494733,0.12593338,0.13245074,33.665741,22401.826,23565.432,4.608e-06,-0.064914256,-6.4272547,-11.974591,-0.095811605,-7.2574883,25832.871,0.029287087,-3.43893
2.2445383,0.12629281,0.13282695,33.737904,22351.969,23513.141,4.624e-06,-0.064506575,-6.4366226,-11.899386,-0.095396981,-7.1573801,25870.613,0.03005005,-3.3562355
2.2395892,0.12665145,0.13320233,33.810032,22301.969,23460.703,4.64e-06,-0.064006411,-6.4459496,-11.807122,-0.094981745,-7.0577784,25908.193,0.030275887,-3.2736735
2.2346261,0.12700927,0.13357686,33.88213,22251.826,23408.117,4.656e-06,-0.063322052,-6.455236,-11.680881,-0.094565913,-6.9586792,25945.607,0.030639058,-3.1912401
2.2296488,0.1273663,0.13395055,33.954193,22201.545,23355.383,4.672e-06,-0.062505141,-6.4644818,-11.530187,-0.094149485,-6.8600783,25982.859,0.031521041,-3.1089323
2.2246578,0.12772253,0.13432339,34.026226,22151.121,23302.502,4.688e-06,-0.061821561,-6.4736867,-11.404088,-0.093732461,-6.761972,26019.945,0.032038331,-3.0267463
2.2196529,0.12807795,0.13469538,34.098221,22100.559,23249.473,4.704e-06,-0.061599609,-6.4828506,-11.363145,-0.093314849,-6.6643562,26056.867,0.032288585,-2.944679
2.2146339,0.12843257,0.13506652,34.170185,22049.855,23196.297,4.72e-06,-0.061311379,-6.4919734,-11.309976,-0.09289664,-6.5672259,26093.623,0.032677695,-2.8627272
2.2096014,0.12878637,0.1354368,34.242111,21999.014,23142.975,4.736e-06,-0.060774222,-6.5010557,-11.210887,-0.092477851,-6.4705772,26130.215,0.03302408,-2.7808874
2.2045548,0.12913935,0.13580623,34.313999,21948.031,23089.508,4.752e-06,-0.06008216,-6.5100965,-11.083224,-0.092058472,-6.3744054,26166.641,0.033454388,-2.6991565
2.1994946,0.12949152,0.13617481,34.385853,21896.91,23035.893,4.768e-06,-0.059672933,-6.5190964,-11.007735,-0.091638513,-6.2787061,26202.902,0.033764154,-2.6175313
2.1944206,0.12984288,0.13654253,34.457668,21845.65,22982.133,4.784e-06,-0.05907952,-6.5280552,-10.89827,-0.09121798,-6.1834745,26238.996,0.034212776,-2.5360088
2.1893327,0.1301934,0.13690938,34.529446,21794.252,22928.229,4.8e-06,-0.058568563,-6.5369725,-10.804015,-0.090796866,-6.0887065,26274.924,0.034859769,-2.454586
2.1842313,0.13054311,0.13727537,34.601185,21742.715,22874.18,4.816e-06,-0.05791812,-6.5458484,-10.684029,-0.090375178,-5.9943972,26310.686,0.035181738,-2.37326
2.179116,0.13089199,0.13764048,34.672882,21691.041,22819.984,4.832e-06,-0.057886522,-6.5546832,-10.6782,-0.089952923,-5.9005408,26346.281,0.036288034,-2.2920277
2.1739872,0.13124005,0.13800474,34.744541,21639.23,22765.646,4.848e-06,-0.05731931,-6.5634766,-10.573567,-0.089530095,-5.8071337,26381.709,0.036254462,-2.2108862
2.1688447,0.13158728,0.13836811,34.816154,21587.281,22711.164,4.864e-06,-0.056655765,-6.5722284,-10.451164,-0.089106701,-5.7141705,26416.971,0.036239203,-2.1298327
2.1636887,0.13193369,0.13873062,34.887726,21535.195,22656.539,4.88e-06,-0.055515945,-6.5809388,-10.240905,-0.088682748,-5.6216464,26452.064,0.036857203,-2.0488646
2.158519,0.13227925,0.13909224,34.959255,21482.975,22601.771,4.896e-06,-0.055319421,-6.5896077,-10.204653,-0.088258237,-5.5295558,26486.992,0.038201544,-1.9679792
2.1533358,0.13262399,0.13945299,35.030739,21430.617,22546.859,4.912e-06,-0.054890931,-6.5982347,-10.125609,-0.087833166,-5.4378943,26521.752,0.038126774,-1.8871735
2.1481392,0.13296787,0.13981286,35.10218,21378.123,22491.805,4.928e-06,-0.054451648,-6.6068206,-10.044577,-0.087407537,-5.3466563,26556.342,0.038914151,-1.8064451
2.1429291,0.13331091,0.14017184,35.173573,21325.494,22436.609,4.944e-06,-0.054315239,-6.6153641,-10.019413,-0.086981364,-5.255837,26590.766,0.038756981,-1.7257916
2.1377056,0.13365313,0.14052995,35.244915,21272.73,22381.271,4.96e-06,-0.053460568,-6.6238661,-9.8617535,-0.086554632,-5.1654305,26625.02,0.039437544,-1.6452103
2.1324685,0.13399449,0.14088716,35.316212,21219.83,22325.793,4.976e-06,-0.052904144,-6.6323261,-9.7591114,-0.086127356,-5.0754323,26659.105,0.040499587,-1.5646987
2.127218,0.13433501,0.14124349,35.387459,21166.797,22270.174,4.992e-06,-0.052742302,-6.6407447,-9.7292576,-0.085699536,-4.9858365,26693.023,0.040383618,-1.4842545
2.1219542,0.13467468,0.14159891,35.458656,21113.631,22214.412,5.008e-06,-0.051768947,-6.6491208,-9.5497046,-0.08527118,-4.8966374,26726.771,0.040516373,-1.4038754
2.116677,0.13501351,0.14195345,35.5298,21060.33,22158.512,5.024e-06,-0.051533125,-6.657455,-9.5062027,-0.08484228,-4.8078303,26760.35,0.041233558,-1.323559
2.1113865,0.13535146,0.14230709,35.600891,21006.895,22102.471,5.04e-06,-0.051467616,-6.6657476,-9.4941187,-0.084412843,-4.7194095,26793.76,0.041830193,-1.2433033
2.1060829,0.13568859,0.14265983,35.671928,20953.326,22046.289,5.056e-06,-0.050323173,-6.6739974,-9.2830057,-0.083982877,-4.6313691,26827,0.042144537,-1.1631058
2.1007659,0.13602483,0.14301166,35.742912,20899.627,21989.971,5.072e-06,-0.04963959,-6.6822057,-9.1569061,-0.083552383,-4.543704,26860.07,0.042069767,-1.0829645
2.0954356,0.13636023,0.1433626,35.813839,20845.793,21933.512,5.088e-06,-0.049805284,-6.6903715,-9.1874714,-0.083121352,-4.4564085,26892.971,0.042898342,-1.0028775
2.0900922,0.13669477,0.14371262,35.884708,20791.828,21876.914,5.104e-06,-0.049141735,-6.6984949,-9.0650682,-0.082689807,-4.3694763,26925.699,0.043559067,-0.9228425
2.0847356,0.13702844,0.14406176,35.955517,20737.732,21820.178,5.12e-06,-0.04901997,-6.7065763,-9.0426064,-0.082257733,-4.2829027,26958.26,0.044193853,-0.84285766
2.0793657,0.13736124,0.14440997,36.026268,20683.504,21763.305,5.136e-06,-0.047929473,-6.7146149,-8.841445,-0.081825137,-4.1966815,26990.648,0.04422437,-0.76292104
2.073983,0.13769318,0.14475727,36.096958,20629.145,21706.295,5.152e-06,-0.047646638,-6.7226114,-8.7892714,-0.081392027,-4.1108069,27022.865,0.044941556,-0.68303078
2.0685871,0.13802426,0.14510365,36.167587,20574.656,21649.146,5.168e-06,-0.047151096,-6.7305655,-8.6978598,-0.080958404,-4.0252733,27054.912,0.045765556,-0.60318512
2.0631781,0.13835445,0.14544912,36.238152,20520.035,21591.861,5.184e-06,-0.046277929,-6.7384768,-8.536788,-0.080524273,-3.9400747,27086.787,0.045803703,-0.52338219
2.0577559,0.13868377,0.14579368,36.308651,20465.285,21534.441,5.2e-06,-0.045931898,-6.746346,-8.4729567,-0.080089629,-3.8552055,27118.492,0.046543777,-0.44362035
2.052321,0.13901222,0.1461373,36.379086,20410.406,21476.885,5.216e-06,-0.045619007,-6.7541723,-8.4152384,-0.079654478,-3.7706597,27150.023,0.04701224,-0.36389795
2.0468729,0.13933977,0.14648001,36.449451,20355.396,21419.191,5.232e-06,-0.044752773,-6.7619557,-8.2554464,-0.079218827,-3.6864316,27181.385,0.046656698,-0.2842133
2.0414119,0.13966647,0.1468218,36.519749,20300.258,21361.363,5.248e-06,-0.044345088,-6.7696967,-8.1802416,-0.07878267,-3.6025152,27212.572,0.047286905,-0.20456494
2.035938,0.13999228,0.14716265,36.589973,20244.992,21303.4,5.264e-06,-0.044086143,-6.7773948,-8.1324749,-0.078346021,-3.5189044,27243.588,0.047903378,-0.1249513
2.0304513,0.1403172,0.14750257,36.66013,20189.598,21245.303,5.28e-06,-0.043524329,-6.7850504,-8.0288372,-0.077908874,-3.4355936,27274.432,0.048762474,-0.045370948
2.0249519,0.14064123,0.14784156,36.730213,20134.074,21187.072,5.296e-06,-0.042975612,-6.7926626,-7.9276166,-0.077471234,-3.3525765,27305.102,0.048190251,0.034177531
2.0194395,0.14096437,0.14817962,36.80022,20078.424,21128.707,5.312e-06,-0.042786796,-6.8002324,-7.8927865,-0.07703311,-3.2698474,27335.6,0.049311809,0.11369549
2.0139143,0.14128664,0.14851674,36.870155,20022.646,21070.207,5.328e-06,-0.042310521,-6.8077588,-7.8049293,-0.076594494,-3.1874003,27365.926,0.048498489,0.19318426
2.0083764,0.141608,0.14885293,36.94001,19966.742,21011.576,5.344e-06,-0.041681655,-6.8152423,-7.6889238,-0.076155394,-3.1052291,27396.076,0.050021362,0.27264506
2.0028257,0.14192846,0.14918818,37.009789,19910.711,20952.811,5.36e-06,-0.041254707,-6.8226829,-7.6101651,-0.075715818,-3.0233278,27426.055,0.050148014,0.35207912
1.9972624,0.14224803,0.14952248,37.079487,19854.553,20893.914,5.376e-06,-0.040396951,-6.8300805,-7.4519367,-0.075275764,-2.9416907,27455.859,0.050701927,0.43148762
1.9916865,0.14256671,0.14985584,37.149105,19798.27,20834.885,5.392e-06,-0.040137235,-6.8374348,-7.4040279,-0.074835233,-2.8603113,27485.49,0.051002532,0.51087165
1.9860978,0.14288449,0.15018825,37.218636,19741.861,20775.725,5.408e-06,-0.039808929,-6.8447461,-7.3434663,-0.074394226,-2.7791841,27514.947,0.0516892,0.59023225
1.9804966,0.14320137,0.15051971,37.288086,19685.328,20716.432,5.424e-06,-0.039640155,-6.8520141,-7.3123322,-0.073952749,-2.6983025,27544.229,0.051861629,0.66957051
1.974883,0.14351733,0.15085022,37.357452,19628.67,20657.01,5.44e-06,-0.038551968,-6.8592386,-7.1115971,-0.073510811,-2.6176612,27573.338,0.052970976,0.74888736
1.9692566,0.14383239,0.15117978,37.426727,19571.887,20597.455,5.456e-06,-0.038148139,-6.8664198,-7.0371032,-0.073068403,-2.5372536,27602.271,0.053329568,0.82818371
1.9636179,0.14414653,0.15150838,37.495914,19514.98,20537.771,5.472e-06,-0.037550099,-6.873558,-6.926784,-0.072625533,-2.4570737,27631.029,0.053096104,0.90746051
1.9579667,0.14445978,0.15183602,37.565014,19457.949,20477.959,5.488e-06,-0.03762177,-6.8806524,-6.9400053,-0.072182208,-2.377116,27659.613,0.053814813,0.98671854
1.9523031,0.14477211,0.15216272,37.634018,19400.797,20418.018,5.504e-06,-0.036985196,-6.8877034,-6.8225784,-0.071738422,-2.297374,27688.023,0.054280221,1.0659586
1.9466271,0.14508352,0.15248844,37.70293,19343.52,20357.945,5.52e-06,-0.036438022,-6.894711,-6.721642,-0.071294188,-2.2178419,27716.256,0.054196294,1.1451814
1.9409387,0.14539403,0.15281321,37.771748,19286.121,20297.746,5.536e-06,-0.035438463,-6.9016752,-6.5372558,-0.070849501,-2.1385136,27744.314,0.054918058,1.2243878
1.9352381,0.1457036,0.15313701,37.840469,19228.6,20237.418,5.552e-06,-0.035414573,-6.9085956,-6.5328488,-0.070404366,-2.0593832,27772.197,0.055786308,1.3035783
1.9295251,0.14601226,0.15345983,37.909092,19170.955,20176.961,5.568e-06,-0.034950629,-6.915472,-6.4472661,-0.069958791,-1.9804447,27799.902,0.056213569,1.3827534
1.9238,0.14632,0.1537817,37.977615,19113.191,20116.377,5.584e-06,-0.034422722,-6.9223051,-6.349884,-0.06951277,-1.9016922,27827.434,0.056485184,1.4619139
1.9180626,0.14662682,0.15410259,38.046036,19055.305,20055.668,5.6e-06,-0.033912539,-6.9290948,-6.2557716,-0.069066308,-1.8231196,27854.787,0.056404307,1.5410604
1.912313,0.14693269,0.15442251,38.114353,18997.299,19994.83,5.616e-06,-0.033779982,-6.9358401,-6.2313194,-0.068619415,-1.7447212,27881.967,0.056839198,1.6201931
1.9065512,0.14723766,0.15474145,38.182568,18939.172,19933.867,5.632e-06,-0.032949202,-6.9425421,-6.0780668,-0.06817209,-1.666491,27908.967,0.056875821,1.6993128
1.9007775,0.14754169,0.15505941,38.250675,18880.924,19872.777,5.648e-06,-0.032584675,-6.9492002,-6.0108237,-0.067724325,-1.588423,27935.793,0.057568591,1.7784196
1.8949916,0.14784478,0.1553764,38.318676,18822.557,19811.562,5.664e-06,-0.032277178,-6.9558139,-5.9541001,-0.067276143,-1.5105115,27962.441,0.057683036,1.8575139
1.8891938,0.14814694,0.1556924,38.38657,18764.072,19750.223,5.68e-06,-0.03167991,-6.9623842,-5.8439231,-0.066827528,-1.4327506,27988.912,0.05932188,1.9365963
1.8833839,0.14844817,0.15600742,38.45435,18705.467,19688.758,5.696e-06,-0.030993242,-6.9689102,-5.7172556,-0.066378489,-1.3551344,28015.205,0.058621477,2.0156667
1.877562,0.14874846,0.15632145,38.522015,18646.742,19627.168,5.712e-06,-0.030502325,-6.9753923,-5.6266971,-0.06592904,-1.277657,28041.322,0.059715569,2.0947258
1.8717283,0.14904781,0.15663449,38.589569,18587.902,19565.455,5.728e-06,-0.029914305,-6.9818301,-5.5182261,-0.065479167,-1.200313,28067.26,0.06095767,2.1737735
1.8658828,0.14934622,0.15694655,38.657005,18528.941,19503.617,5.744e-06,-0.029867293,-6.9882245,-5.5095544,-0.065028884,-1.1230962,28093.021,0.060696736,2.25281
1.8600253,0.14964367,0.15725763,38.724327,18469.865,19441.658,5.76e-06,-0.029171379,-6.9945741,-5.3811803,-0.06457819,-1.0460013,28118.605,0.061018709,2.3318357
1.854156,0.14994019,0.15756769,38.791527,18410.672,19379.576,5.776e-06,-0.02871052,-7.0008798,-5.2961664,-0.064127088,-0.96902227,28144.012,0.061342206,2.4108503
1.8482751,0.15023577,0.15787677,38.858604,18351.361,19317.369,5.792e-06,-0.028194942,-7.0071411,-5.2010589,-0.063675582,-0.89215362,28169.238,0.062112797,2.4898543
1.8423824,0.1505304,0.15818486,38.925564,18291.934,19255.043,5.808e-06,-0.028223457,-7.0133581,-5.2063193,-0.063223667,-0.81538969,28194.287,0.061433759,2.5688474
1.836478,0.15082407,0.15849194,38.992393,18232.391,19192.594,5.824e-06,-0.02755991,-7.0195312,-5.0839162,-0.062771365,-0.73872495,28219.158,0.062274545,2.6478298
1.830562,0.15111679,0.15879802,39.059101,18172.732,19130.023,5.84e-06,-0.026635107,-7.0256596,-4.9133196,-0.062318657,-0.66215372,28243.85,0.063686028,2.7268014
1.8246343,0.15140855,0.1591031,39.125679,18112.959,19067.334,5.856e-06,-0.026227422,-7.0317435,-4.8381152,-0.061865557,-0.58567053,28268.361,0.063570052,2.8057623
1.8186951,0.15169936,0.15940717,39.192127,18053.07,19004.521,5.872e-06,-0.026097178,-7.0377831,-4.8140893,-0.061412066,-0.50926995,28292.695,0.06312754,2.8847122
1.8127444,0.15198921,0.15971023,39.258446,17993.066,18941.59,5.888e-06,-0.025766563,-7.0437784,-4.7531013,-0.060958188,-0.43294647,28316.852,0.064206369,2.9636509
1.8067821,0.1522781,0.16001229,39.324631,17932.951,18878.539,5.904e-06,-0.024874127,-7.0497293,-4.5884757,-0.060503926,-0.35669473,28340.826,0.064687036,3.0425787
1.8008085,0.15256603,0.16031334,39.390682,17872.721,18815.369,5.92e-06,-0.024573566,-7.0556355,-4.5330319,-0.060049281,-0.28050932,28364.623,0.065225683,3.121495
1.7948234,0.152853,0.16061337,39.456596,17812.375,18752.08,5.936e-06,-0.023997875,-7.0614972,-4.4268355,-0.059594255,-0.20438498,28388.24,0.065721609,3.2003996
1.7888269,0.153139,0.16091238,39.522373,17751.92,18688.672,5.952e-06,-0.023410626,-7.0673141,-4.3185067,-0.059138857,-0.12831642,28411.676,0.065688036,3.2792926
1.7828193,0.15342402,0.16121039,39.588009,17691.35,18625.146,5.968e-06,-0.023016814,-7.0730867,-4.2458611,-0.058683082,-0.052298374,28434.934,0.066228218,3.3581734
1.7768002,0.15370809,0.16150737,39.653503,17630.668,18561.504,5.984e-06,-0.022728583,-7.0788145,-4.1926918,-0.058226936,0.023674315,28458.01,0.066699728,3.4370418
1.7707698,0.15399118,0.16180333,39.718857,17569.875,18497.742,6e-06,-0.022418775,-7.0844975,-4.1355419,-0.057770424,0.09960679,28480.908,0.066878259,3.5158975
1.7647283,0.1542733,0.16209827,39.784065,17508.971,18433.865,6.016e-06,-0.021333672,-7.0901356,-3.9353757,-0.057313547,0.17550415,28503.625,0.068257697,3.5947402
1.7586757,0.15455444,0.1623922,39.849125,17447.955,18369.871,6.032e-06,-0.0211595,-7.0957294,-3.9032466,-0.056856304,0.25137141,28526.16,0.067830436,3.6735694
1.7526119,0.15483461,0.16268508,39.914036,17386.828,18305.762,6.048e-06,-0.020694787,-7.1012778,-3.8175218,-0.056398705,0.32721359,28548.516,0.068758205,3.7523849
1.746537,0.1551138,0.16297695,39.978802,17325.592,18241.537,6.064e-06,-0.020547589,-7.106782,-3.7903686,-0.055940751,0.40303564,28570.691,0.069156468,3.8311863
1.740451,0.15539202,0.16326778,40.043411,17264.246,18177.195,6.08e-06,-0.019687522,-7.1122408,-3.6317139,-0.055482443,0.47884241,28592.686,0.068460643,3.9099729
1.734354,0.15566924,0.16355759,40.107868,17202.791,18112.74,6.096e-06,-0.019262882,-7.1176548,-3.5533817,-0.055023782,0.55463874,28614.498,0.069374673,3.9887445
1.7282461,0.15594549,0.16384636,40.172173,17141.227,18048.17,6.112e-06,-0.019084858,-7.1230235,-3.5205419,-0.054564778,0.63042939,28636.131,0.070117801,4.0675001
1.7221272,0.15622075,0.1641341,40.236317,17079.553,17983.486,6.128e-06,-0.018426707,-7.1283479,-3.3991342,-0.054105427,0.7062192,28657.58,0.071002841,4.1462402
1.7159975,0.15649503,0.1644208,40.300304,17017.771,17918.689,6.144e-06,-0.018357346,-7.1336269,-3.3863394,-0.053645734,0.7820127,28678.85,0.071419418,4.2249632
1.7098569,0.15676832,0.16470645,40.364132,16955.881,17853.777,6.16e-06,-0.017957369,-7.1388607,-3.3125565,-0.053185701,0.85781455,28699.938,0.070537433,4.3036695
1.7037054,0.15704061,0.16499107,40.427795,16893.885,17788.754,6.176e-06,-0.01718824,-7.1440496,-3.1706769,-0.052725334,0.93362927,28720.844,0.071959592,4.3823576
1.6975433,0.15731192,0.16527465,40.491295,16831.779,17723.619,6.192e-06,-0.016565539,-7.1491933,-3.0558088,-0.052264631,1.0094615,28741.568,0.072139651,4.4610276
1.6913702,0.15758222,0.16555718,40.55463,16769.568,17658.371,6.208e-06,-0.015922802,-7.1542921,-2.9372442,-0.0518036,1.0853155,28762.109,0.072231211,4.5396786
1.6851866,0.15785155,0.16583867,40.617802,16707.252,17593.012,6.224e-06,-0.015612992,-7.1593451,-2.8800945,-0.051342245,1.1611958,28782.471,0.073268838,4.6183105
1.6789924,0.15811986,0.16611911,40.680798,16644.828,17527.541,6.24e-06,-0.015524365,-7.1643534,-2.8637457,-0.050880563,1.2371064,28802.648,0.072949916,4.6969218
1.6727875,0.15838717,0.1663985,40.743629,16582.299,17461.961,6.256e-06,-0.014788376,-7.1693163,-2.7279792,-0.050418556,1.3130521,28822.645,0.073052153,4.7755122
1.6665721,0.1586535,0.16667685,40.806286,16519.666,17396.27,6.272e-06,-0.014512477,-7.1742339,-2.6770847,-0.049956236,1.3890365,28842.457,0.073505357,4.8540816
1.660346,0.15891881,0.16695413,40.868767,16456.928,17330.467,6.288e-06,-0.013762615,-7.1791062,-2.5387595,-0.049493596,1.4650642,28862.088,0.074288152,4.9326286
1.6541096,0.15918313,0.16723037,40.931076,16394.084,17264.557,6.304e-06,-0.013401941,-7.1839333,-2.4722269,-0.049030647,1.541139,28881.535,0.074584186,5.0111527
1.6478626,0.15944643,0.16750553,40.993202,16331.138,17198.537,6.32e-06,-0.01319309,-7.188715,-2.4337003,-0.048567384,1.617265,28900.801,0.075214393,5.0896535
1.6416053,0.15970872,0.16777965,41.055153,16268.087,17132.408,6.336e-06,-0.012476368,-7.1934509,-2.3014882,-0.048103821,1.693446,28919.883,0.075501263,5.1681304
1.6353375,0.15997002,0.16805272,41.116924,16204.934,17066.172,6.352e-06,-0.012222817,-7.1981421,-2.2547164,-0.047639947,1.7696861,28938.781,0.075669117,5.246582
1.6290594,0.16023031,0.16832471,41.178513,16141.678,16999.826,6.368e-06,-0.012219734,-7.2027869,-2.2541478,-0.047175776,1.845989,28957.498,0.076227605,5.3250079
1.622771,0.16048957,0.16859564,41.239914,16078.318,16933.375,6.384e-06,-0.011486828,-7.207387,-2.1189499,-0.046711307,1.9223583,28976.029,0.076657921,5.4034076
1.6164724,0.16074783,0.16886552,41.301132,16014.858,16866.816,6.4e-06,-0.010525033,-7.2119412,-1.9415296,-0.046246544,1.9987979,28994.379,0.078580581,5.4817801
1.6101635,0.16100506,0.16913432,41.36216,15951.296,16800.15,6.416e-06,-0.010118119,-7.2164497,-1.8664672,-0.045781486,2.0753112,29012.545,0.077190466,5.5601244
1.6038444,0.16126129,0.16940205,41.423,15887.633,16733.379,6.432e-06,-0.010209058,-7.2209129,-1.8832426,-0.045316137,2.1519017,29030.527,0.07853023,5.6384401
1.5975151,0.16151649,0.16966872,41.48365,15823.868,16666.502,6.448e-06,-0.0092534283,-7.2253304,-1.7069596,-0.044850506,2.2285731,29048.324,0.078948334,5.7167268
1.5911758,0.16177067,0.1699343,41.544106,15760.004,16599.52,6.464e-06,-0.0086037535,-7.2297025,-1.5871155,-0.044384591,2.3053286,29065.939,0.077605516,5.7949829
1.5848265,0.16202384,0.17019883,41.60437,15696.04,16532.432,6.48e-06,-0.0084449956,-7.2340283,-1.5578299,-0.043918394,2.3821716,29083.369,0.079172641,5.873208
1.578467,0.16227597,0.17046227,41.664436,15631.976,16465.24,6.496e-06,-0.0076797209,-7.2383089,-1.4166613,-0.04345192,2.4591055,29100.615,0.078934602,5.9514012
1.5720975,0.16252708,0.17072463,41.724304,15567.812,16397.945,6.512e-06,-0.0072288793,-7.2425437,-1.3334955,-0.042985175,2.5361331,29117.678,0.080062255,6.029562
1.5657182,0.16277717,0.17098592,41.783974,15503.551,16330.546,6.528e-06,-0.0071464176,-7.2467327,-1.318284,-0.042518154,2.6132579,29134.555,0.080205694,6.1076894
1.5593289,0.16302623,0.17124613,41.843445,15439.19,16263.043,6.544e-06,-0.0064427964,-7.2508759,-1.1884886,-0.042050865,2.6904826,29151.248,0.080735192,6.1857829
1.5529298,0.16327426,0.17150526,41.90271,15374.732,16195.438,6.56e-06,-0.0058871438,-7.2549734,-1.0859885,-0.041583315,2.7678103,29167.758,0.08141575,6.2638412
1.5465207,0.16352126,0.1717633,41.961773,15310.178,16127.73,6.576e-06,-0.0057060365,-7.2590251,-1.05258,-0.041115496,2.8452442,29184.082,0.081640065,6.3418636
1.5401019,0.16376722,0.17202026,42.02063,15245.524,16059.921,6.592e-06,-0.0049515511,-7.263031,-0.91340178,-0.040647421,2.9227865,29200.221,0.081682794,6.4198494
1.5336733,0.16401215,0.17227612,42.079277,15180.775,15992.01,6.608e-06,-0.0045955018,-7.2669911,-0.84772217,-0.040179089,3.0004406,29216.176,0.081698053,6.497798
1.527235,0.16425605,0.17253092,42.137718,15115.93,15923.998,6.624e-06,-0.0039735716,-7.270905,-0.73299605,-0.039710503,3.0782087,29231.945,0.083576463,6.5757084
1.520787,0.16449891,0.17278461,42.195946,15050.988,15855.886,6.64e-06,-0.003622917,-7.2747731,-0.66831154,-0.039241664,3.1560936,29247.529,0.082851648,6.6535797
1.5143293,0.16474073,0.17303722,42.253963,14985.951,15787.673,6.656e-06,-0.0035574101,-7.278595,-0.65622765,-0.038772579,3.2340977,29262.93,0.083213292,6.731411
1.5078621,0.1649815,0.17328872,42.311764,14920.819,15719.361,6.672e-06,-0.0030233362,-7.2823715,-0.5577082,-0.038303249,3.3122237,29278.143,0.083951838,6.8092022
1.5013852,0.16522123,0.17353913,42.369354,14855.593,15650.949,6.688e-06,-0.0026310654,-7.2861013,-0.48534688,-0.037833676,3.3904738,29293.172,0.084461503,6.8869514
1.4948988,0.16545993,0.17378846,42.426723,14790.271,15582.438,6.704e-06,-0.001851148,-7.2897859,-0.34147722,-0.037363864,3.4688506,29308.016,0.084772788,6.9646587
1.488403,0.16569757,0.17403667,42.483871,14724.857,15513.83,6.72e-06,-0.0014241971,-7.2934237,-0.26271853,-0.036893819,3.5473559,29322.674,0.084504224,7.0423231
1.4818976,0.16593418,0.1742838,42.540802,14659.349,15445.123,6.736e-06,-0.0010604411,-7.2970157,-0.19561726,-0.036423538,3.6259918,29337.145,0.085265666,7.1199436
1.4753828,0.16616972,0.17452982,42.597511,14593.748,15376.318,6.752e-06,-0.00084927771,-7.3005614,-0.1566644,-0.03595303,3.704761,29351.432,0.086497083,7.1975198
1.4688586,0.16640422,0.17477474,42.653996,14528.055,15307.417,6.768e-06,-0.00043465756,-7.3040614,-0.080180325,-0.035482291,3.7836649,29365.533,0.085920289,7.2750502
1.4623251,0.16663767,0.17501855,42.710258,14462.269,15238.419,6.784e-06,0.00027358765,-7.3075151,0.050468113,-0.035011329,3.8627059,29379.447,0.086288035,7.3525348
1.4557822,0.16687007,0.17526126,42.766289,14396.391,15169.324,6.8e-06,0.00046086032,-7.3109226,0.085013896,-0.034540147,3.9418855,29393.176,0.087104402,7.4299726
1.4492301,0.16710141,0.17550287,42.822094,14330.422,15100.134,6.816e-06,0.00092249131,-7.3142838,0.17016995,-0.034068748,4.0212059,29406.719,0.087113559,7.5073628
1.4426687,0.16733171,0.17574336,42.87767,14264.362,15030.849,6.832e-06,0.0014450052,-7.3175993,0.26655695,-0.03359713,4.1006684,29420.076,0.08819849,7.5847044
1.4360981,0.16756094,0.17598273,42.93301,14198.212,14961.468,6.848e-06,0.0022742455,-7.320868,0.41952509,-0.033125304,4.1802745,29433.246,0.088219859,7.6619968
1.4295185,0.1677891,0.17622101,42.988121,14131.972,14891.992,6.864e-06,0.0021964079,-7.3240905,0.40516657,-0.032653265,4.2600265,29446.23,0.089020967,7.7392397
1.4229295,0.16801623,0.17645817,43.042995,14065.642,14822.423,6.88e-06,0.0030210242,-7.3272672,0.55728173,-0.032181021,4.3399253,29459.029,0.088685259,7.816432
1.4163316,0.16824228,0.17669421,43.097637,13999.222,14752.761,6.896e-06,0.0034834258,-7.3303971,0.64257991,-0.031708576,4.4199724,29471.641,0.089384139,7.8935728
1.4097246,0.16846727,0.17692913,43.152039,13932.714,14683.004,6.912e-06,0.0038787792,-7.3334808,0.71550989,-0.031235928,4.5001693,29484.064,0.089851066,7.9706616
1.4031086,0.16869119,0.17716295,43.2062,13866.117,14613.155,6.928e-06,0.0042101671,-7.3365188,0.7766403,-0.030763082,4.5805173,29496.303,0.090470597,8.047698
1.3964835,0.16891405,0.17739564,43.26012,13799.433,14543.215,6.944e-06,0.0048922095,-7.33951,0.90245521,-0.030290045,4.6610174,29508.354,0.090635397,8.1246815
1.3898495,0.16913584,0.17762721,43.313797,13732.661,14473.182,6.96e-06,0.0050024153,-7.3424544,0.92278457,-0.029816814,4.7416711,29520.219,0.090034179,8.2016096
1.3832067,0.16935657,0.17785765,43.367233,13665.802,14403.058,6.976e-06,0.0059919548,-7.3453531,1.1053228,-0.029343396,4.8224792,29531.896,0.091747798,8.2784843
1.3765551,0.16957621,0.17808698,43.420422,13598.855,14332.842,6.992e-06,0.0060189283,-7.3482051,1.1102985,-0.028869793,4.9034424,29543.387,0.092213206,8.3553028
1.3698945,0.1697948,0.17831518,43.473366,13531.823,14262.536,7.008e-06,0.0067310268,-7.3510108,1.2416577,-0.028396005,4.9845619,29554.691,0.092365794,8.432066
1.3632252,0.17001231,0.17854226,43.526058,13464.705,14192.14,7.024e-06,0.0071094255,-7.3537698,1.3114601,-0.02792204,5.0658388,29565.809,0.092277288,8.5087719
1.3565471,0.17022875,0.1787682,43.578503,13397.502,14121.654,7.04e-06,0.0075687445,-7.3564825,1.3961897,-0.027447898,5.1472735,29576.738,0.09288919,8.5854206
1.3498603,0.17044412,0.17899302,43.630692,13330.213,14051.079,7.056e-06,0.008037312,-7.3591485,1.4826252,-0.026973583,5.2288666,29587.48,0.093275249,8.6620121
1.3431649,0.17065839,0.17921671,43.682632,13262.84,13980.416,7.072e-06,0.0085883401,-7.3617687,1.5842723,-0.026499098,5.3106194,29598.035,0.093626209,8.7385454
1.3364608,0.1708716,0.17943926,43.734314,13195.383,13909.664,7.088e-06,0.00910623,-7.3643417,1.6798064,-0.026024444,5.3925314,29608.402,0.094264045,8.8150187
1.3297482,0.17108373,0.17966068,43.785744,13127.842,13838.824,7.104e-06,0.0094892532,-7.3668685,1.7504617,-0.025549628,5.4746041,29618.584,0.094813377,8.8914337
1.3230269,0.17129478,0.17988096,43.836914,13060.217,13767.897,7.12e-06,0.0098468438,-7.3693485,1.8164257,-0.025074648,5.5568371,29628.576,0.094526507,8.9677877
1.3162971,0.17150474,0.18010011,43.887821,12992.51,13696.883,7.136e-06,0.0102106,-7.3717823,1.8835269,-0.024599511,5.6392317,29638.381,0.095443584,9.0440817
1.3095589,0.17171362,0.18031813,43.938473,12924.721,13625.782,7.152e-06,0.010772417,-7.3741693,1.9871643,-0.024124218,5.7217875,29647.998,0.095405437,9.1203146
1.3028122,0.17192142,0.180535,43.988861,12856.849,13554.596,7.168e-06,0.011350419,-7.3765101,2.093787,-0.023648774,5.8045044,29657.43,0.095893733,9.1964865
1.2960571,0.17212813,0.18075073,44.038986,12788.896,13483.323,7.184e-06,0.011844419,-7.3788042,2.1849139,-0.023173179,5.8873835,29666.672,0.096511737,9.2725954
1.2892938,0.17233376,0.18096532,44.088844,12720.86,13411.966,7.2e-06,0.011371998,-7.3810515,2.0977676,-0.022697438,5.9704237,29675.727,0.097325049,9.3486423
1.282522,0.1725383,0.18117878,44.138435,12652.745,13340.523,7.216e-06,0.012531856,-7.3832521,2.3117239,-0.022221554,6.0536265,29684.592,0.098254338,9.4246264
1.2757419,0.17274174,0.18139108,44.187759,12584.55,13268.997,7.232e-06,0.012712193,-7.385406,2.3449903,-0.021745529,6.1369905,29693.271,0.097196877,9.5005465
1.2689538,0.1729441,0.18160224,44.236813,12516.274,13197.387,7.248e-06,0.013317168,-7.3875136,2.4565887,-0.021269368,6.2205162,29701.762,0.098747216,9.5764036
1.2621573,0.17314535,0.18181224,44.285595,12447.919,13125.693,7.264e-06,0.013882839,-7.3895741,2.5609369,-0.020793073,6.304203,29710.064,0.09854427,9.6521969
1.2553527,0.17334552,0.18202111,44.334106,12379.485,13053.917,7.28e-06,0.014167217,-7.3915882,2.6133955,-0.020316644,6.3880515,29718.18,0.099105805,9.7279253
1.24854,0.1735446,0.18222882,44.382339,12310.973,12982.058,7.296e-06,0.014786064,-7.3935556,2.7275529,-0.019840088,6.4720607,29726.105,0.099510178,9.8035889
1.2417192,0.17374258,0.18243538,44.430302,12242.382,12910.117,7.312e-06,0.015029595,-7.3954763,2.7724764,-0.019363407,6.5562301,29733.844,0.099320963,9.8791866
1.2348905,0.17393945,0.18264079,44.477985,12173.714,12838.095,7.328e-06,0.015370231,-7.3973503,2.8353128,-0.018886603,6.6405597,29741.395,0.10101474,9.9547195
1.2280536,0.17413524,0.18284504,44.525387,12104.968,12765.99,7.344e-06,0.015797952,-7.3991776,2.9142137,-0.018409681,6.7250485,29748.756,0.1010422,10.030188
1.2212089,0.17432992,0.18304814,44.572514,12036.146,12693.807,7.36e-06,0.016440691,-7.4009581,3.0327783,-0.017932642,6.8096967,29755.93,0.10137486,10.105589
1.2143563,0.1745235,0.18325008,44.619354,11967.246,12621.542,7.376e-06,0.017220609,-7.4026918,3.1766479,-0.01745549,6.8945026,29762.916,0.10081179,10.180923
1.2074958,0.17471598,0.18345088,44.665913,11898.271,12549.197,7.392e-06,0.01724527,-7.4043789,3.1811972,-0.016978227,6.9794669,29769.713,0.10146489,10.256192
1.2006274,0.17490734,0.18365051,44.712189,11829.221,12476.774,7.408e-06,0.018213231,-7.4060192,3.3597548,-0.016500859,7.0645876,29776.322,0.10187078,10.331394
1.1937513,0.17509761,0.18384898,44.758175,11760.095,12404.271,7.424e-06,0.018402046,-7.4076128,3.3945849,-0.016023384,7.1498647,29782.742,0.10282907,10.406529
1.1868676,0.17528678,0.18404628,44.803875,11690.895,12331.691,7.44e-06,0.019254405,-7.4091592,3.5518179,-0.015545809,7.2352967,29788.973,0.10402387,10.481597
1.179976,0.17547484,0.18424243,44.849289,11621.62,12259.033,7.456e-06,0.019084087,-7.4106593,3.5203998,-0.015068135,7.3208833,29795.016,0.10334025,10.556598
1.1730769,0.17566179,0.18443741,44.894409,11552.271,12186.297,7.472e-06,0.019723743,-7.4121122,3.6383955,-0.014590367,7.4066229,29800.871,0.10373699,10.631531
1.1661701,0.17584762,0.18463123,44.93924,11482.85,12113.484,7.488e-06,0.020237779,-7.4135184,3.7332189,-0.014112505,7.4925151,29806.535,0.10434889,10.706397
1.1592559,0.17603235,0.18482387,44.983772,11413.355,12040.595,7.504e-06,0.020700952,-7.4148779,3.8186593,-0.013634556,7.578558,29812.014,0.1044145,10.781196
1.1523341,0.17621596,0.18501535,45.028015,11343.788,11967.629,7.52e-06,0.021100929,-7.4161906,3.8924422,-0.013156519,7.6647515,29817.301,0.10507981,10.855927
1.1454048,0.17639847,0.18520567,45.071957,11274.148,11894.588,7.536e-06,0.021433087,-7.4174562,3.9537148,-0.012678401,7.7510939,29822.4,0.10598621,10.93059
1.1384681,0.17657985,0.18539481,45.115601,11204.438,11821.472,7.552e-06,0.022003382,-7.4186749,4.0589161,-0.012200201,7.8375835,29827.312,0.10616931,11.005186
1.1315241,0.17676012,0.18558279,45.158947,11134.655,11748.281,7.568e-06,0.022476574,-7.419847,4.1462045,-0.011721925,7.9242196,29832.033,0.10575579,11.079714
1.1245728,0.17693928,0.18576957,45.201992,11064.803,11675.016,7.584e-06,0.02319715,-7.4209723,4.2791276,-0.011243574,8.0110006,29836.566,0.10662404,11.154174
1.117614,0.17711732,0.18595521,45.244736,10994.88,11601.677,7.6e-06,0.023281153,-7.4220505,4.2946234,-0.010765153,8.0979261,29840.912,0.1070803,11.228567
1.1106482,0.17729424,0.18613966,45.287174,10924.887,11528.265,7.616e-06,0.023927744,-7.4230819,4.4138985,-0.010286664,8.1849928,29845.066,0.10754418,11.302892
1.1036751,0.17747004,0.18632293,45.329304,10854.825,11454.779,7.632e-06,0.024166653,-7.4240665,4.4579692,-0.0098081091,8.2722006,29849.033,0.10832392,11.37715
1.0966949,0.17764471,0.18650503,45.371132,10784.693,11381.223,7.648e-06,0.024550445,-7.425004,4.5287671,-0.0093294932,8.3595467,29852.811,0.10842616,11.45134
1.0897076,0.17781828,0.18668595,45.412647,10714.494,11307.594,7.664e-06,0.025308013,-7.4258947,4.6685138,-0.0088508185,8.447031,29856.4,0.10905331,11.525463
1.0827134,0.1779907,0.1868657,45.453854,10644.226,11233.893,7.68e-06,0.025619363,-7.4267383,4.7259479,-0.008372087,8.5346508,29859.799,0.10860316,11.59952
1.075712,0.17816202,0.18704426,45.494747,10573.891,11160.121,7.696e-06,0.025784288,-7.4275355,4.756371,-0.0078933025,8.6224051,29863.01,0.10944548,11.673509
1.0687038,0.17833221,0.18722163,45.535328,10503.488,11086.279,7.712e-06,0.026816985,-7.4282851,4.9468703,-0.007414469,8.7102919,29866.031,0.10971252,11.747431
1.0616885,0.17850126,0.18739784,45.575596,10433.019,11012.367,7.728e-06,0.027179198,-7.4289885,5.0136871,-0.0069355885,8.7983093,29868.865,0.1095935,11.821286
1.0546666,0.1786692,0.18757285,45.615547,10362.482,10938.386,7.744e-06,0.027658556,-7.4296446,5.1021132,-0.0064566638,8.8864555,29871.508,0.11050142,11.895076
1.0476378,0.17883599,0.18774667,45.655178,10291.882,10864.335,7.76e-06,0.027774155,-7.4302535,5.1234379,-0.0059776986,8.9747295,29873.963,0.11103397,11.9688
1.0406022,0.17900166,0.18791932,45.694492,10221.215,10790.215,7.776e-06,0.028382985,-7.4308157,5.2357469,-0.0054986957,9.0631275,29876.229,0.11096378,12.042457
1.0335599,0.17916621,0.18809077,45.733486,10150.482,10716.027,7.792e-06,0.029176004,-7.4313312,5.3820333,-0.0050196578,9.1516495,29878.305,0.11233863,12.116049
1.0265111,0.17932962,0.18826105,45.772156,10079.687,10641.772,7.808e-06,0.029330907,-7.4317994,5.4106083,-0.0045405882,9.2402925,29880.191,0.11284371,12.189576
1.0194556,0.17949189,0.18843013,45.810501,10008.825,10567.45,7.824e-06,0.029854193,-7.4322209,5.5071373,-0.0040614898,9.3290548,29881.889,0.11266213,12.263038
1.0123935,0.17965303,0.18859801,45.848518,9937.9014,10493.061,7.84e-06,0.029791769,-7.4325957,5.4956222,-0.0035823663,9.4179344,29883.398,0.11255989,12.336435
1.005325,0.17981304,0.18876471,45.886211,9866.9141,10418.605,7.856e-06,0.029996766,-7.4329233,5.5334377,-0.0031032197,9.5069294,29884.717,0.1135609,12.409768
0.99825001,0.17997192,0.18893021,45.923576,9795.8643,10344.084,7.872e-06,0.030917717,-7.4332037,5.7033234,-0.0026240537,9.5960369,29885.848,0.11397748,12.483038
0.99116862,0.18012965,0.18909453,45.960613,9724.752,10269.497,7.888e-06,0.031528857,-7.4334373,5.8160591,-0.002144871,9.685256,29886.789,0.11367229,12.556244
0.98408085,0.18028624,0.18925765,45.997314,9653.5781,10194.846,7.904e-06,0.032016691,-7.4336243,5.9060488,-0.001665675,9.7745829,29887.541,0.11436354,12.629387
0.97698683,0.18044171,0.18941957,46.033684,9582.3428,10120.13,7.92e-06,0.032287195,-7.433764,5.9559484,-0.0011864682,9.8640165,29888.105,0.11488998,12.702467
0.96988654,0.18059602,0.18958029,46.069717,9511.0459,10045.351,7.936e-06,0.032701045,-7.4338565,6.0322905,-0.00070725405,9.9535551,29888.479,0.11492508,12.775486
0.96278012,0.18074921,0.18973982,46.105412,9439.6895,9970.5068,7.952e-06,0.033491753,-7.4339023,6.1781502,-0.00022803537,10.043195,29888.664,0.11563464,12.848443
0.9556675,0.18090124,0.18989815,46.14077,9368.2725,9895.6006,7.968e-06,0.033809267,-7.4339013,6.2367215,0.00025118474,10.132935,29888.658,0.11605121,12.921339
0.94854885,0.18105213,0.19005528,46.175789,9296.7959,9820.6318,7.984e-06,0.034713265,-7.4338531,6.4034796,0.00073040323,10.222772,29888.465,0.11648152,12.994174
0.94142413,0.18120189,0.19021121,46.210468,9225.2607,9745.6016,8e-06,0.034763359,-7.4337583,6.4127202,0.0012096171,10.312704,29888.082,0.11655477,13.06695
0.93429339,0.1813505,0.19036594,46.244801,9153.666,9670.5088,8.016e-06,0.035429984,-7.4336162,6.5356917,0.0016888235,10.402729,29887.51,0.11762291,13.139666
0.92715681,0.18149796,0.19051947,46.27879,9082.0137,9595.3555,8.032e-06,0.035708968,-7.4334273,6.5871553,0.0021680191,10.492844,29886.748,0.11848354,13.212322
0.92001432,0.18164428,0.19067179,46.312431,9010.3037,9520.1416,8.048e-06,0.036584448,-7.4331913,6.7486529,0.0026472008,10.583047,29885.799,0.1184347,13.284922
0.912866,0.18178943,0.1908229,46.345726,8938.5361,9444.8672,8.064e-06,0.036600634,-7.4329085,6.7516384,0.0031263661,10.673335,29884.658,0.1188757,13.357462
0.90571189,0.18193345,0.19097281,46.378674,8866.7119,9369.5332,8.08e-06,0.036870368,-7.4325786,6.8013959,0.0036055115,10.763706,29883.33,0.11841487,13.429946
0.89855212,0.18207632,0.19112152,46.411266,8794.8311,9294.1406,8.096e-06,0.037589401,-7.4322019,6.9340348,0.0040846341,10.854157,29881.812,0.11928312,13.502374
0.89138663,0.18221804,0.19126901,46.443504,8722.8945,9218.6885,8.112e-06,0.037994005,-7.431778,7.0086703,0.0045637311,10.944687,29880.105,0.1198706,13.574746
0.88421553,0.18235861,0.19141531,46.475391,8650.9023,9143.1787,8.128e-06,0.038633659,-7.4313073,7.1266665,0.0050427993,11.035292,29878.209,0.12023072,13.647063
0.87703896,0.18249802,0.19156039,46.50692,8578.8555,9067.6113,8.144e-06,0.039204724,-7.4307899,7.2320099,0.0055218353,11.125969,29876.123,0.12058169,13.719325
0.86985683,0.18263629,0.19170426,46.53809,8506.7529,8991.9863,8.16e-06,0.039617032,-7.4302254,7.3080673,0.0060008364,11.216717,29873.848,0.12059389,13.791534
0.86266923,0.1827734,0.19184692,46.568901,8434.5977,8916.3047,8.176e-06,0.039799683,-7.4296141,7.3417602,0.0064797997,11.307532,29871.385,0.12199622,13.86369
0.85547626,0.18290935,0.19198836,46.59935,8362.3877,8840.5664,8.192e-06,0.040871684,-7.4289556,7.5395098,0.0069587226,11.398413,29868.732,0.12211677,13.935794
0.84827799,0.18304415,0.1921286,46.629436,8290.125,8764.7725,8.208e-06,0.041096717,-7.4282503,7.5810218,0.0074376008,11.489356,29865.891,0.12243263,14.007847
0.84107441,0.1831778,0.19226763,46.659157,8217.8096,8688.9229,8.224e-06,0.041205384,-7.4274979,7.6010666,0.0079164328,11.580359,29862.859,0.12325816,14.079848
0.83386558,0.18331029,0.19240543,46.688511,8145.4414,8613.0186,8.24e-06,0.042001486,-7.4266987,7.7479219,0.0083952136,11.671418,29859.641,0.12338328,14.1518
0.82665157,0.18344161,0.19254203,46.717495,8073.0215,8537.0605,8.256e-06,0.04201844,-7.4258528,7.7510495,0.0088739423,11.762533,29856.23,0.12336344,14.223702
0.81943244,0.18357179,0.19267741,46.746109,8000.5508,8461.0479,8.272e-06,0.042803749,-7.4249597,7.8959141,0.0093526151,11.853699,29852.633,0.12319712,14.295557
0.81220824,0.1837008,0.19281156,46.774353,7928.0283,8384.9824,8.288e-06,0.043005668,-7.4240198,7.9331613,0.0098312283,11.944915,29848.848,0.12392193,14.367364
0.80497903,0.18382865,0.19294451,46.802219,7855.4561,8308.8633,8.304e-06,0.043732408,-7.4230332,8.0672216,0.01030978,12.036177,29844.871,0.12519151,14.439124
0.79774487,0.18395533,0.19307622,46.829716,7782.8335,8232.6914,8.32e-06,0.04427496,-7.4219995,8.167305,0.010788266,12.127482,29840.707,0.12488632,14.510839
0.79050577,0.18408085,0.19320673,46.856831,7710.1611,8156.4683,8.336e-06,0.044526968,-7.4209189,8.2137918,0.011266684,12.21883,29836.354,0.12559283,14.582508
0.78326184,0.18420522,0.19333601,46.883564,7637.4399,8080.1934,8.352e-06,0.045252938,-7.4197917,8.3477106,0.011745031,12.310216,29831.811,0.12527238,14.654133
0.77601314,0.18432842,0.19346407,46.90992,7564.6704,8003.8672,8.368e-06,0.045331545,-7.4186172,8.3622112,0.012223303,12.401637,29827.08,0.1260155,14.725716
0.76875967,0.18445046,0.19359091,46.935894,7491.8521,7927.4907,8.384e-06,0.046240166,-7.4173961,8.5298223,0.012701498,12.493092,29822.16,0.12680593,14.797256
0.76150149,0.18457134,0.19371653,46.961479,7418.9863,7851.0645,8.4e-06,0.046444394,-7.4161282,8.5674953,0.013179614,12.584577,29817.051,0.12722099,14.868754
0.75423867,0.18469104,0.19384092,46.986679,7346.0732,7774.5879,8.416e-06,0.047191944,-7.4148135,8.7053947,0.013657646,12.676089,29811.754,0.12793054,14.940212
0.74697131,0.18480958,0.19396409,47.011494,7273.1138,7698.063,8.432e-06,0.047057077,-7.4134517,8.6805153,0.014135592,12.767628,29806.268,0.12790613,15.011631
0.73969936,0.18492696,0.19408603,47.035915,7200.1074,7621.4888,8.448e-06,0.047810018,-7.4120431,8.8194094,0.014613448,12.859187,29800.592,0.12740257,15.083011
0.73242295,0.18504316,0.19420676,47.059944,7127.0557,7544.8667,8.464e-06,0.048059717,-7.4105878,8.8654709,0.015091212,12.950767,29794.729,0.12800989,15.154353
0.72514212,0.18515819,0.19432624,47.08358,7053.958,7468.1973,8.48e-06,0.048953693,-7.4090858,9.0303802,0.015568881,13.042363,29788.678,0.12875301,15.225658
0.71785694,0.18527205,0.19444451,47.106819,6980.8159,7391.4805,8.496e-06,0.04938912,-7.407537,9.1107035,0.016046451,13.133974,29782.436,0.12966399,15.296928
0.71056741,0.18538475,0.19456154,47.129658,6907.6289,7314.7168,8.512e-06,0.049746711,-7.4059415,9.1766672,0.01652392,13.225596,29776.008,0.13036896,15.368163
0.70327365,0.18549627,0.19467735,47.1521,6834.3979,7237.9067,8.528e-06,0.049846128,-7.4042988,9.1950064,0.017001284,13.317227,29769.391,0.13064364,15.439363
0.69597566,0.18560663,0.19479193,47.174141,6761.1235,7161.0513,8.544e-06,0.050548978,-7.4026093,9.3246593,0.017478542,13.408864,29762.584,0.13050325,15.510532
0.6886735,0.18571581,0.19490527,47.195774,6687.8062,7084.1509,8.56e-06,0.050935086,-7.4008737,9.3958836,0.017955689,13.500504,29755.59,0.13049105,15.581668
0.68136722,0.18582381,0.19501738,47.217007,6614.4458,7007.2051,8.576e-06,0.051673386,-7.3990908,9.5320759,0.018432723,13.592146,29748.406,0.13189031,15.652774
0.67405695,0.18593064,0.19512826,47.237827,6541.0435,6930.2153,8.592e-06,0.051730417,-7.3972611,9.5425968,0.018909641,13.683785,29741.035,0.13166906,15.723848
0.66674262,0.1860363,0.19523792,47.25824,6467.5996,6853.1821,8.608e-06,0.052493379,-7.3953848,9.6833382,0.019386437,13.775421,29733.477,0.13189794,15.794895
0.65942436,0.18614079,0.19534634,47.278244,6394.1143,6776.105,8.624e-06,0.052906457,-7.3934622,9.7595387,0.019863112,13.867049,29725.729,0.13360851,15.865913
0.65210217,0.1862441,0.19545352,47.297829,6320.5879,6698.9858,8.64e-06,0.053192373,-7.3914924,9.8122807,0.020339662,13.958667,29717.793,0.13337046,15.936905
0.64477617,0.18634622,0.19555947,47.317001,6247.0215,6621.8237,8.656e-06,0.053502955,-7.3894763,9.8695726,0.020816084,14.050273,29709.67,0.1332667,16.007872
0.6374464,0.18644717,0.19566418,47.335758,6173.415,6544.6201,8.672e-06,0.054389995,-7.387413,10.033203,0.021292374,14.141863,29701.357,0.13413343,16.078812
0.63011283,0.18654695,0.19576766,47.354092,6099.7695,6467.375,8.688e-06,0.054783806,-7.3853035,10.105849,0.021768529,14.233437,29692.857,0.13465072,16.149729
0.62277561,0.18664555,0.19586991,47.372005,6026.085,6390.0889,8.704e-06,0.055001136,-7.3831472,10.145939,0.022244547,14.324989,29684.17,0.13498642,16.220623
0.61543471,0.18674298,0.19597091,47.389496,5952.3618,6312.7627,8.72e-06,0.055981427,-7.3809443,10.326772,0.022720424,14.416519,29675.295,0.13521226,16.291494
0.60809022,0.18683921,0.19607067,47.406559,5878.6006,6235.3965,8.736e-06,0.056453846,-7.3786945,10.413918,0.023196157,14.508024,29666.23,0.13548082,16.362345
0.60074222,0.18693428,0.1961692,47.423195,5804.8022,6157.9907,8.752e-06,0.05634056,-7.3763986,10.39302,0.023671744,14.599502,29656.979,0.13587603,16.433176
0.5933907,0.18702815,0.19626649,47.439404,5730.9668,6080.5464,8.768e-06,0.057329327,-7.3740559,10.575416,0.024147183,14.690948,29647.539,0.13633534,16.50399
0.58603579,0.18712084,0.19636254,47.455177,5657.0942,6003.0635,8.784e-06,0.057515059,-7.3716664,10.609677,0.024622466,14.782362,29637.914,0.13650776,16.574785
0.57867742,0.18721236,0.19645734,47.470516,5583.186,5925.543,8.8e-06,0.058154717,-7.3692303,10.727673,0.025097597,14.87374,29628.1,0.13708304,16.645563
0.57131577,0.18730269,0.19655091,47.485424,5509.2422,5847.9849,8.816e-06,0.058887623,-7.3667479,10.86287,0.025572568,14.965081,29618.098,0.13763542,16.716324
0.56395078,0.18739185,0.19664323,47.499889,5435.2627,5770.3896,8.832e-06,0.059098784,-7.3642187,10.901824,0.026047377,15.056381,29607.908,0.13766289,16.787073
0.55658257,0.18747981,0.19673432,47.513916,5361.2485,5692.7578,8.848e-06,0.059662145,-7.3616433,11.005745,0.026522022,15.147639,29597.531,0.13847163,16.857805
0.54921114,0.18756659,0.19682416,47.5275,5287.2007,5615.0903,8.864e-06,0.059874851,-7.3590212,11.044982,0.026996501,15.238853,29586.967,0.1388699,16.928528
0.54183662,0.18765219,0.19691277,47.540642,5213.1187,5537.3872,8.88e-06,0.060100656,-7.3563528,11.086637,0.027470807,15.330018,29576.215,0.13976714,16.999237
0.53445894,0.1877366,0.19700012,47.553333,5139.0034,5459.6494,8.896e-06,0.061060138,-7.3536382,11.26363,0.027944941,15.421134,29565.277,0.13936736,17.069935
0.52707821,0.18781982,0.19708623,47.565578,5064.855,5381.877,8.912e-06,0.061325248,-7.3508763,11.312534,0.028418897,15.512197,29554.15,0.13922697,17.140625
0.51969451,0.18790187,0.19717109,47.577374,4990.6743,5304.0703,8.928e-06,0.061957199,-7.3480687,11.429109,0.028892675,15.603207,29542.838,0.14109318,17.211306
0.51230788,0.18798272,0.1972547,47.588715,4916.4619,5226.2305,8.944e-06,0.0621306,-7.3452144,11.461096,0.02936627,15.69416,29531.338,0.14151739,17.281977
0.50491828,0.18806238,0.19733708,47.599598,4842.2183,5148.3574,8.96e-06,0.062619202,-7.3423138,11.551228,0.02983968,15.785053,29519.652,0.1410245,17.352644
0.49752587,0.18814087,0.19741821,47.610027,4767.9434,5070.4517,8.976e-06,0.063177936,-7.3393669,11.654296,0.0303129,15.875885,29507.777,0.14197516,17.423304
0.49013063,0.18821815,0.19749808,47.619999,4693.6377,4992.5142,8.992e-06,0.063411452,-7.3363733,11.697371,0.030785929,15.966655,29495.717,0.14216284,17.493959
0.48273262,0.18829425,0.19757672,47.629505,4619.3022,4914.5454,9.008e-06,0.063900054,-7.3333335,11.787503,0.031258766,16.057358,29483.471,0.14243294,17.564611
0.4753319,0.18836915,0.1976541,47.63855,4544.937,4836.5449,9.024e-06,0.063908532,-7.3302474,11.789067,0.031731401,16.147993,29471.037,0.14280984,17.63526
0.4679285,0.18844289,0.19773024,47.647129,4470.543,4758.5146,9.04e-06,0.06511309,-7.3271151,12.011269,0.032203838,16.23856,29458.416,0.14295785,17.705906
0.46052247,0.18851541,0.19780512,47.655239,4396.1201,4680.4536,9.056e-06,0.065229461,-7.3239365,12.032736,0.032676075,16.329054,29445.609,0.14389324,17.776552
0.45311385,0.18858676,0.19787876,47.66288,4321.6694,4602.3633,9.072e-06,0.066191256,-7.3207116,12.210156,0.033148102,16.419474,29432.617,0.14477065,17.847198
0.4457027,0.1886569,0.19795115,47.670044,4247.1904,4524.2441,9.088e-06,0.066039436,-7.3174405,12.18215,0.033619918,16.509817,29419.438,0.14394665,17.917845
0.43828905,0.18872586,0.19802229,47.676739,4172.6846,4446.0962,9.104e-06,0.067291774,-7.3141232,12.413166,0.034091525,16.600084,29406.072,0.14471419,17.988493
0.43087295,0.18879363,0.19809218,47.682953,4098.1523,4367.9199,9.12e-06,0.06730102,-7.3107595,12.414872,0.034562916,16.690269,29392.52,0.14566027,18.059145
0.42345446,0.18886019,0.19816081,47.68869,4023.5933,4289.7163,9.136e-06,0.068072461,-7.3073497,12.557178,0.035034087,16.780375,29378.781,0.1450621,18.129801
0.4160336,0.18892558,0.1982282,47.693947,3949.0085,4211.4858,9.152e-06,0.067877479,-7.303894,12.521211,0.035505038,16.870394,29364.857,0.14627369,18.20046
0.40861043,0.18898976,0.19829433,47.698719,3874.3984,4133.2285,9.168e-06,0.069042735,-7.3003922,12.736162,0.035975762,16.960329,29350.748,0.14595629,18.271124
0.40118498,0.18905275,0.19835921,47.703007,3799.7634,4054.9451,9.184e-06,0.069191471,-7.296844,12.763599,0.036446262,17.050175,29336.453,0.14698629,18.341795
0.39375731,0.18911456,0.19842283,47.706802,3725.1042,3976.636,9.2e-06,0.06955523,-7.2932496,12.830701,0.036916532,17.139933,29321.971,0.14692679,18.412474
0.38632745,0.18917516,0.1984852,47.710114,3650.4209,3898.302,9.216e-06,0.069817252,-7.2896094,12.879036,0.037386566,17.229599,29307.305,0.14742881,18.48316
0.37889543,0.18923457,0.19854632,47.712929,3575.7144,3819.9431,9.232e-06,0.071013331,-7.285923,13.099674,0.037856366,17.319172,29292.453,0.14803003,18.553856
0.37146133,0.18929277,0.19860618,47.715248,3500.9846,3741.5603,9.248e-06,0.071001776,-7.2821903,13.097542,0.038325928,17.408649,29277.414,0.14840694,18.624561
0.36402518,0.1893498,0.1986648,47.717075,3426.2324,3663.1536,9.264e-06,0.071514271,-7.2784123,13.19208,0.038795244,17.498032,29262.191,0.14823298,18.695276
0.35658702,0.18940562,0.19872215,47.718399,3351.4583,3584.7241,9.28e-06,0.07233426,-7.2745876,13.343343,0.039264318,17.587315,29246.783,0.14967041,18.766003
0.34914687,0.18946025,0.19877826,47.719223,3276.6624,3506.2717,9.296e-06,0.072692625,-7.2707176,13.409449,0.039733145,17.6765,29231.189,0.149823,18.83674
0.34170482,0.18951367,0.19883309,47.719547,3201.8455,3427.7971,9.312e-06,0.072966211,-7.2668014,13.459917,0.04020172,17.765583,29215.412,0.15021363,18.907492
0.33426085,0.1895659,0.19888668,47.71936,3127.0081,3349.301,9.328e-06,0.073249049,-7.2628393,13.512092,0.040670037,17.854563,29199.447,0.15071566,18.978256
0.32681504,0.18961693,0.19893901,47.71867,3052.1504,3270.7839,9.344e-06,0.07362359,-7.258831,13.581182,0.041138101,17.943438,29183.299,0.15089114,19.049036
0.31936744,0.18966678,0.19899009,47.717464,2977.2729,3192.2458,9.36e-06,0.074492134,-7.2547774,13.741402,0.041605905,18.032207,29166.967,0.15117954,19.119829
0.31191808,0.18971542,0.19903991,47.715752,2902.3765,3113.6877,9.376e-06,0.075127169,-7.2506776,13.858544,0.042073447,18.120871,29150.449,0.15181738,19.190639
0.30446699,0.18976285,0.19908847,47.71352,2827.4612,3035.1101,9.392e-06,0.075683594,-7.246532,13.961186,0.042540722,18.209425,29133.746,0.15137486,19.261465
0.29701421,0.18980908,0.19913578,47.710777,2752.5278,2956.5132,9.408e-06,0.075819999,-7.242341,13.986349,0.043007728,18.297869,29116.859,0.15180059,19.332308
0.28955981,0.18985413,0.19918182,47.707512,2677.5764,2877.8975,9.424e-06,0.076271616,-7.2381039,14.069657,0.043474462,18.386202,29099.789,0.15294351,19.403168
0.28210381,0.18989797,0.1992266,47.703724,2602.6079,2799.2637,9.44e-06,0.076791041,-7.2338214,14.165476,0.043940924,18.474421,29082.535,0.15310526,19.474047
0.27464622,0.18994062,0.19927014,47.699413,2527.6226,2720.6123,9.456e-06,0.07694672,-7.2294927,14.194193,0.044407107,18.562527,29065.096,0.15352489,19.544943
0.26718715,0.18998206,0.1993124,47.69458,2452.6206,2641.9436,9.472e-06,0.077676542,-7.2251186,14.328822,0.044873007,18.650518,29047.473,0.1543611,19.61586
0.25972658,0.1900223,0.19935343,47.689217,2377.603,2563.2583,9.488e-06,0.077786751,-7.2206988,14.349152,0.045338627,18.738392,29029.664,0.15393536,19.686798
0.25226459,0.19006135,0.19939317,47.683323,2302.5698,2484.5566,9.504e-06,0.078336239,-7.2162337,14.450514,0.04580396,18.826149,29011.674,0.15445723,19.757755
0.24480121,0.19009919,0.19943167,47.676899,2227.5217,2405.8396,9.52e-06,0.079150066,-7.2117229,14.600638,0.046269003,18.913788,28993.5,0.15564135,19.828733
0.23733647,0.19013584,0.1994689,47.669937,2152.4592,2327.1072,9.536e-06,0.079778157,-7.2071662,14.716502,0.046733752,19.001307,28975.143,0.15530258,19.899734
0.22987041,0.19017127,0.19950487,47.662441,2077.3828,2248.3599,9.552e-06,0.079775847,-7.2025642,14.716076,0.047198206,19.088703,28956.6,0.15647756,19.970757
0.22240308,0.19020551,0.19953959,47.654408,2002.2928,2169.5986,9.568e-06,0.080593526,-7.197917,14.866911,0.047662366,19.17598,28937.875,0.1561449,20.041801
0.21493451,0.19023855,0.19957304,47.645832,1927.1898,2090.8235,9.584e-06,0.08077386,-7.193224,14.900178,0.048126221,19.263132,28918.969,0.15678121,20.112869
0.20746475,0.19027039,0.19960523,47.636715,1852.0742,2012.0354,9.6e-06,0.081190027,-7.1884856,14.976946,0.048589773,19.350163,28899.877,0.15669271,20.183962
0.19999383,0.19030103,0.19963616,47.627052,1776.9464,1933.2344,9.616e-06,0.081901349,-7.183702,15.108163,0.049053021,19.437067,28880.604,0.15833765,20.255077
0.19252181,0.19033046,0.19966583,47.61684,1701.8071,1854.4213,9.632e-06,0.082057029,-7.1788726,15.13688,0.049515955,19.523848,28861.146,0.15807368,20.326218
0.18504871,0.19035868,0.19969425,47.606083,1626.6566,1775.5964,9.648e-06,0.082832322,-7.1739984,15.279897,0.049978577,19.6105,28841.508,0.15917997,20.397383
0.17757457,0.19038571,0.1997214,47.594769,1551.4955,1696.7603,9.664e-06,0.083779477,-7.1690784,15.454617,0.050440885,19.697027,28821.686,0.15835139,20.468573
0.17009944,0.19041154,0.19974728,47.582905,1476.3241,1617.9135,9.68e-06,0.083387971,-7.1641135,15.382397,0.050902873,19.783426,28801.68,0.15953551,20.539787
0.16262335,0.19043617,0.1997719,47.570484,1401.1431,1539.0565,9.696e-06,0.084165581,-7.1591029,15.52584,0.051364541,19.869696,28781.494,0.15985137,20.611029
0.15514635,0.19045959,0.19979526,47.557507,1325.9528,1460.1897,9.712e-06,0.084504671,-7.1540475,15.588392,0.051825881,19.955837,28761.125,0.16003296,20.682295
0.14766847,0.19048181,0.19981736,47.543972,1250.7537,1381.3138,9.728e-06,0.084944725,-7.1489468,15.669568,0.052286897,20.041849,28740.574,0.1598178,20.75359
0.14018975,0.19050282,0.19983821,47.529873,1175.5463,1302.4291,9.744e-06,0.085267633,-7.1438007,15.729135,0.052747581,20.127729,28719.84,0.16129643,20.824909
0.13271025,0.19052263,0.19985777,47.515209,1100.3312,1223.5361,9.76e-06,0.085893422,-7.1386099,15.844571,0.053207934,20.21348,28698.926,0.16109501,20.896255
0.12522998,0.19054124,0.19987608,47.499981,1025.1085,1144.6355,9.776e-06,0.086531535,-7.1333737,15.962283,0.053667951,20.299099,28677.83,0.16193274,20.967628
0.11774901,0.19055864,0.19989315,47.484184,949.87915,1065.7277,9.792e-06,0.086738847,-7.1280923,16.000525,0.054127626,20.384586,28656.551,0.16212653,21.03903
0.11026735,0.19057484,0.19990893,47.467819,874.64337,986.81305,9.808e-06,0.087484084,-7.122766,16.137997,0.054586962,20.46994,28635.092,0.16223639,21.110458
0.10278507,0.19058983,0.19992346,47.450878,799.40161,907.89221,9.824e-06,0.087708347,-7.1173949,16.179367,0.055045951,20.555162,28613.451,0.16272469,21.181913
0.095302179,0.19060363,0.19993672,47.433369,724.15442,828.96564,9.84e-06,0.088008136,-7.1119785,16.234669,0.055504594,20.640251,28591.629,0.16260567,21.253397
0.087818749,0.19061622,0.19994873,47.415279,648.90228,750.03381,9.856e-06,0.088707902,-7.1065178,16.363752,0.055962883,20.725206,28569.627,0.16319467,21.324907
0.080334798,0.1906276,0.19995946,47.396618,573.64569,671.09729,9.872e-06,0.089137942,-7.1010118,16.443081,0.056420822,20.810026,28547.443,0.16365245,21.396446
0.072850376,0.19063778,0.19996893,47.377373,498.38501,592.15649,9.888e-06,0.090044245,-7.0954609,16.610266,0.056878403,20.894714,28525.08,0.1640965,21.468012
0.065365531,0.19064675,0.19997714,47.357548,423.12082,513.21198,9.904e-06,0.090250015,-7.0898652,16.648222,0.057335626,20.979267,28502.535,0.16423231,21.539606
0.057880282,0.19065453,0.19998409,47.337139,347.85355,434.26419,9.92e-06,0.090849593,-7.0842247,16.758825,0.057792488,21.063686,28479.809,0.16502273,21.611227
0.050394692,0.1906611,0.19998978,47.316147,272.58368,355.31366,9.936e-06,0.090514354,-7.0785394,16.696985,0.058248982,21.14797,28456.902,0.16606036,21.682877
0.042908788,0.19066647,0.19999419,47.294567,197.31171,276.3609,9.952e-06,0.091826037,-7.0728097,16.938948,0.05870511,21.232119,28433.818,0.16622211,21.754553
0.035422619,0.19067062,0.19999735,47.272396,122.03809,197.4064,9.968e-06,0.091567859,-7.0670352,16.891323,0.059160866,21.316133,28410.551,0.16590625,21.826258
0.027936224,0.19067357,0.19999924,47.249638,46.763302,118.45066,9.984e-06,0.091935471,-7.0612159,16.959135,0.059616249,21.400013,28387.105,0.16608326,21.897989
0.020449644,0.19067532,0.19999988,47.226288,-28.512175,39.494164,1e-05,0.09249112,-7.0553522,17.061634,0.060071256,21.483757,28363.48,0.167687,21.969749
0.012962922,0.19067587,0.19999924,47.202339,-103.78786,-39.462582,1.0016e-05,0.093314193,-7.0494437,17.213465,0.060525883,21.567368,28339.676,0.16761222,22.041534
0.0054760976,0.19067521,0.19999735,47.177799,-179.06329,-118.41908,1.0032e-05,0.093918398,-7.0434909,17.324923,0.060980126,21.650841,28315.691,0.16806391,22.113348
-0.0020107853,0.19067335,0.19999419,47.15266,-254.338,-197.37483,1.0048e-05,0.093997009,-7.0374932,17.339422,0.061433986,21.734182,28291.527,0.1685583,22.185188
-0.0094976854,0.19067028,0.19998978,47.126926,-329.61148,-276.32935,1.0064e-05,0.094773844,-7.0314517,17.482723,0.061887458,21.817387,28267.186,0.16882992,22.257055
-0.01698456,0.19066601,0.19998409,47.10059,-404.88327,-355.2821,1.008e-05,0.09519463,-7.0253654,17.560345,0.062340539,21.900457,28242.664,0.1693823,22.328949
-0.024471365,0.19066054,0.19997714,47.07365,-480.15292,-434.2326,1.0096e-05,0.095640846,-7.0192347,17.642658,0.062793225,21.983395,28217.963,0.16903745,22.400867
-0.031958058,0.19065385,0.19996893,47.046104,-555.41992,-513.18036,1.0112e-05,0.095684774,-7.0130596,17.650761,0.063245513,22.066196,28193.084,0.16965698,22.472813
-0.039444599,0.19064596,0.19995946,47.017956,-630.68378,-592.12488,1.0128e-05,0.096863903,-7.0068407,17.868271,0.063697405,22.148865,28168.027,0.17040621,22.544783
-0.046930943,0.19063687,0.19994871,46.989201,-705.94409,-671.06567,1.0144e-05,0.097112827,-7.000577,17.91419,0.064148895,22.2314,28142.791,0.17058474,22.616777
-0.054417048,0.19062659,0.19993672,46.959839,-781.20032,-750.00226,1.016e-05,0.097518198,-6.9942694,17.988968,0.064599976,22.313801,28117.377,0.17124699,22.688797
-0.061902866,0.19061509,0.19992346,46.929867,-856.45203,-828.93402,1.0176e-05,0.098019131,-6.9879174,18.081375,0.065050647,22.396069,28091.785,0.17103335,22.760841
-0.06938836,0.19060239,0.19990893,46.899281,-931.69867,-907.8606,1.0192e-05,0.098470747,-6.9815211,18.164682,0.065500915,22.478205,28066.016,0.17229682,22.832911
-0.076873481,0.19058847,0.19989315,46.868084,-1006.9399,-986.78149,1.0208e-05,0.098372102,-6.975081,18.146486,0.065950766,22.560209,28040.068,0.17280649,22.905001
-0.084358178,0.19057336,0.19987608,46.836273,-1082.175,-1065.696,1.0224e-05,0.099113487,-6.9685969,18.283247,0.0664002,22.64208,28013.943,0.17317729,22.977116
-0.09184242,0.19055706,0.19985777,46.803848,-1157.4039,-1144.604,1.024e-05,0.10004908,-6.9620686,18.455833,0.066849209,22.72382,27987.641,0.17280343,23.049252
-0.099326164,0.19053954,0.19983819,46.770805,-1232.6257,-1223.5046,1.0256e-05,0.10013539,-6.9554963,18.471756,0.067297801,22.805429,27961.16,0.17379528,23.12141
-0.10680935,0.19052082,0.19981736,46.737144,-1307.8402,-1302.3975,1.0272e-05,0.10035811,-6.9488802,18.512842,0.067745969,22.886909,27934.504,0.17347483,23.193592
-0.11429194,0.1905009,0.19979526,46.702866,-1383.0469,-1381.2822,1.0288e-05,0.1012783,-6.9422202,18.682585,0.068193711,22.968258,27907.672,0.17425764,23.265793
-0.12177389,0.19047977,0.1997719,46.667965,-1458.2451,-1460.1582,1.0304e-05,0.1012729,-6.9355164,18.681589,0.068641014,23.049477,27880.66,0.17517625,23.338013
-0.12925516,0.19045745,0.19974726,46.632442,-1533.4346,-1539.0249,1.032e-05,0.10197267,-6.9287686,18.810675,0.069087893,23.130568,27853.475,0.17490615,23.410254
-0.13673569,0.1904339,0.19972138,46.596298,-1608.6147,-1617.882,1.0336e-05,0.1023449,-6.921977,18.879339,0.069534332,23.211531,27826.111,0.17542344,23.482513
-0.14421545,0.19040917,0.19969423,46.559532,-1683.7852,-1696.7288,1.0352e-05,0.10295989,-6.9151421,18.992786,0.069980331,23.292366,27798.572,0.17626423,23.554792
-0.15169439,0.19038324,0.19966583,46.522141,-1758.9453,-1775.5648,1.0368e-05,0.10321961,-6.9082632,19.040695,0.070425883,23.373075,27770.857,0.17565234,23.627089
-0.15917245,0.19035609,0.19963616,46.484123,-1834.0947,-1854.3896,1.0384e-05,0.10392477,-6.9013405,19.170774,0.070870996,23.453657,27742.967,0.17649616,23.6994
-0.16664959,0.19032775,0.19960523,46.445477,-1909.233,-1933.2029,1.04e-05,0.10428467,-6.8943744,19.237165,0.071315661,23.534115,27714.9,0.17719656,23.77173
-0.17412578,0.1902982,0.19957303,46.406204,-1984.3596,-2012.0038,1.0416e-05,0.10476172,-6.8873649,19.325165,0.07175988,23.614447,27686.658,0.17705466,23.844074
-0.18160094,0.19026746,0.19953957,46.366302,-2059.4741,-2090.792,1.0432e-05,0.10518327,-6.8803115,19.402929,0.072203636,23.694654,27658.24,0.17733391,23.916433
-0.18907505,0.19023551,0.19950487,46.325771,-2134.5759,-2169.5671,1.0448e-05,0.10556938,-6.8732152,19.474154,0.072646946,23.77474,27629.648,0.17727591,23.988806
-0.19654806,0.19020236,0.1994689,46.284611,-2209.6646,-2248.3284,1.0464e-05,0.10595471,-6.866075,19.545235,0.073089786,23.854704,27600.881,0.17896664,24.061192
-0.20401992,0.19016801,0.19943166,46.242821,-2284.7397,-2327.0754,1.048e-05,0.10639939,-6.8588915,19.627262,0.073532172,23.934544,27571.939,0.17867976,24.133591
-0.21149057,0.19013245,0.19939317,46.200394,-2359.801,-2405.8079,1.0496e-05,0.10641712,-6.851665,19.630533,0.073974095,24.014265,27542.822,0.17862178,24.205999
-0.21895997,0.19009569,0.19935341,46.157337,-2434.8477,-2484.5251,1.0512e-05,0.10743517,-6.8443947,19.818331,0.074415542,24.093864,27513.531,0.17949766,24.278419
-0.22642808,0.19005774,0.1993124,46.113647,-2509.8794,-2563.2266,1.0528e-05,0.10789757,-6.8370814,19.903629,0.074856527,24.173347,27484.066,0.18081301,24.350849
-0.23389482,0.19001858,0.19927013,46.069324,-2584.8955,-2641.9121,1.0544e-05,0.10858193,-6.8297253,20.029871,0.075297035,24.25271,27454.428,0.18057497,24.423288
-0.24136019,0.18997823,0.1992266,46.024368,-2659.8958,-2720.5806,1.056e-05,0.10876689,-6.8223257,20.06399,0.075737067,24.331957,27424.615,0.18071078,24.495733
-0.2488241,0.18993667,0.19918181,45.978771,-2734.8796,-2799.2322,1.0576e-05,0.10892256,-6.8148828,20.092707,0.076176628,24.411087,27394.629,0.18147373,24.568186
-0.25628653,0.18989392,0.19913577,45.932545,-2809.8467,-2877.866,1.0592e-05,0.10983273,-6.8073974,20.260603,0.076615699,24.490103,27364.469,0.18173926,24.640644
-0.26374742,0.18984996,0.19908845,45.885681,-2884.7961,-2956.4814,1.0608e-05,0.11016411,-6.7998686,20.321733,0.077054292,24.569002,27334.135,0.18219398,24.713108
-0.27120671,0.18980481,0.19903991,45.838177,-2959.728,-3035.0784,1.0624e-05,0.11094557,-6.7922969,20.465887,0.077492394,24.647789,27303.629,0.18227638,24.785576
-0.27866435,0.18975845,0.19899008,45.790039,-3034.6416,-3113.6562,1.064e-05,0.11077294,-6.7846823,20.434042,0.077930011,24.726465,27272.949,0.18327586,24.858044
-0.2861203,0.1897109,0.19893901,45.741264,-3109.5361,-3192.2144,1.0656e-05,0.11149506,-6.7770247,20.567249,0.078367129,24.805029,27242.098,0.18366802,24.930515
-0.29357451,0.18966214,0.19888668,45.691853,-3184.4116,-3270.7522,1.0672e-05,0.11151047,-6.7693248,20.570093,0.078803755,24.883482,27211.074,0.18389386,25.002987
-0.30102694,0.18961219,0.19883308,45.641804,-3259.2676,-3349.2695,1.0688e-05,0.11214858,-6.7615819,20.687803,0.079239883,24.961826,27179.877,0.18442945,25.075459
-0.30847752,0.18956105,0.19877824,45.591118,-3334.103,-3427.7656,1.0704e-05,0.11294315,-6.7537961,20.834375,0.079675518,25.040062,27148.508,0.18454237,25.147928
-0.31592619,0.18950871,0.19872214,45.539791,-3408.918,-3506.2402,1.072e-05,0.11294161,-6.7459679,20.834091,0.080110639,25.118193,27116.969,0.18472853,25.220396
-0.32337293,0.18945517,0.19866478,45.487827,-3483.7117,-3584.6924,1.0736e-05,0.11362134,-6.7380967,20.959478,0.080545262,25.196215,27085.256,0.18518631,25.292858
-0.3308177,0.18940043,0.19860618,45.435226,-3558.4839,-3663.1221,1.0752e-05,0.11388259,-6.7301831,21.007673,0.08097937,25.274134,27053.373,0.18546556,25.365316
-0.33826038,0.1893445,0.19854631,45.381989,-3633.2339,-3741.5286,1.0768e-05,0.11400744,-6.7222271,21.030703,0.081412971,25.351948,27021.316,0.18598895,25.437767
-0.34570098,0.18928736,0.1984852,45.328114,-3707.9614,-3819.9116,1.0784e-05,0.11479738,-6.7142286,21.17642,0.081846051,25.429659,26989.092,0.18559068,25.510212
-0.35313946,0.18922904,0.19842282,45.273598,-3782.666,-3898.2703,1.08e-05,0.11534841,-6.7061877,21.278069,0.082278624,25.507271,26956.695,0.18667562,25.582647
-0.36057571,0.18916951,0.19835919,45.218449,-3857.3469,-3976.6045,1.0816e-05,0.11554416,-6.6981044,21.314177,0.082710668,25.58478,26924.127,0.1866634,25.655071
-0.36800972,0.1891088,0.19829431,45.162659,-3932.0039,-4054.9136,1.0832e-05,0.11654525,-6.6899791,21.498848,0.083142199,25.662191,26891.389,0.18776971,25.727486
-0.37544143,0.18904689,0.19822818,45.106232,-4006.6367,-4133.1968,1.0848e-05,0.11690593,-6.6818113,21.56538,0.083573192,25.739504,26858.48,0.18802759,25.799887
-0.38287076,0.18898378,0.1981608,45.049171,-4081.2444,-4211.4541,1.0864e-05,0.11717798,-6.6736012,21.615564,0.084003665,25.816719,26825.402,0.1879223,25.872274
-0.39029771,0.18891948,0.19809216,44.99147,-4155.8267,-4289.6851,1.088e-05,0.11794094,-6.665349,21.756306,0.084433608,25.893839,26792.154,0.18789789,25.944647
-0.39772221,0.18885399,0.19802228,44.933136,-4230.3828,-4367.8887,1.0896e-05,0.11785693,-6.6570544,21.74081,0.084863022,25.970863,26758.736,0.18856777,26.017004
-0.40514421,0.18878731,0.19795114,44.874168,-4304.9131,-4446.0645,1.0912e-05,0.11837251,-6.6487184,21.835918,0.085291892,26.047796,26725.148,0.18991058,26.089342
-0.41256362,0.18871944,0.19787875,44.814564,-4379.4165,-4524.2124,1.0928e-05,0.11880871,-6.6403399,21.916384,0.085720226,26.124636,26691.393,0.19011658,26.161661
-0.41998044,0.18865037,0.19780511,44.754326,-4453.8926,-4602.332,1.0944e-05,0.11908153,-6.6319199,21.966709,0.086148016,26.201385,26657.467,0.19059877,26.233961
-0.4273946,0.18858011,0.19773023,44.693451,-4528.3408,-4680.4224,1.096e-05,0.12012887,-6.6234574,22.15991,0.086575262,26.278044,26623.373,0.19091922,26.306238
-0.43480602,0.18850866,0.19765408,44.631947,-4602.7607,-4758.4829,1.0976e-05,0.12002637,-6.6149535,22.141001,0.087001964,26.354614,26589.111,0.19105349,26.378492
-0.4422147,0.18843602,0.1975767,44.569809,-4677.1523,-4836.5137,1.0992e-05,0.12047875,-6.6064076,22.224451,0.087428123,26.431097,26554.68,0.19130222,26.450722
-0.44962054,0.18836218,0.19749807,44.507042,-4751.5146,-4914.5137,1.1008e-05,0.12106138,-6.5978203,22.331928,0.087853722,26.507494,26520.08,0.19055451,26.522926
-0.45702353,0.18828715,0.1974182,44.443645,-4825.8472,-4992.4829,1.1024e-05,0.12134267,-6.589191,22.383818,0.088278763,26.583805,26485.312,0.19214301,26.595102
-0.4644236,0.18821095,0.19733706,44.379616,-4900.1499,-5070.4204,1.104e-05,0.12205862,-6.5805202,22.515886,0.088703252,26.660034,26450.379,0.19172795,26.667252
-0.47182065,0.18813355,0.19725469,44.31496,-4974.4219,-5148.3257,1.1056e-05,0.12183667,-6.5718079,22.474943,0.089127176,26.736179,26415.275,0.19201025,26.739368
-0.47921473,0.18805496,0.19717108,44.249676,-5048.6626,-5226.1987,1.1072e-05,0.12262815,-6.5630536,22.620947,0.08955054,26.812243,26380.006,0.19283578,26.811455
-0.4866057,0.18797518,0.1970862,44.183765,-5122.8721,-5304.0386,1.1088e-05,0.12305818,-6.5542583,22.700274,0.089973338,26.888227,26344.57,0.19363841,26.883509
-0.49399355,0.18789423,0.1970001,44.117229,-5197.0498,-5381.8452,1.1104e-05,0.12330248,-6.5454216,22.74534,0.09039557,26.964132,26308.967,0.19391918,26.955526
-0.50137824,0.18781208,0.19691274,44.050072,-5271.1948,-5459.6177,1.112e-05,0.1241402,-6.5365438,22.899872,0.090817228,27.039959,26273.197,0.19435407,27.02751
-0.50875962,0.18772873,0.19682415,43.982288,-5345.3071,-5537.356,1.1136e-05,0.1245317,-6.5276241,22.97209,0.091238312,27.115709,26237.26,0.19407788,27.099455
-0.51613778,0.18764421,0.19673431,43.913887,-5419.3857,-5615.0586,1.1152e-05,0.12510508,-6.5186634,23.07786,0.091658823,27.191385,26201.158,0.19439833,27.171362
-0.5235126,0.1875585,0.19664322,43.844864,-5493.4312,-5692.7261,1.1168e-05,0.125475,-6.5096617,23.146099,0.092078753,27.266987,26164.889,0.19539475,27.243227
-0.53088403,0.18747161,0.19655089,43.775219,-5567.4414,-5770.3579,1.1184e-05,0.12558906,-6.5006189,23.167139,0.092498101,27.342514,26128.455,0.19600818,27.315052
-0.538252,0.18738353,0.19645733,43.704964,-5641.4175,-5847.9531,1.12e-05,0.12611851,-6.4915347,23.264805,0.092916861,27.417971,26091.855,0.19603869,27.386833
-0.54561651,0.18729427,0.19636251,43.634087,-5715.3584,-5925.5112,1.1216e-05,0.12685218,-6.48241,23.400145,0.09333504,27.493357,26055.092,0.19641103,27.458569
-0.55297744,0.18720382,0.19626647,43.562599,-5789.2632,-6003.0322,1.1232e-05,0.12679902,-6.4732442,23.390337,0.09375263,27.568674,26018.162,0.19677114,27.530258
-0.5603348,0.1871122,0.19616918,43.490501,-5863.1318,-6080.5146,1.1248e-05,0.12710188,-6.4640374,23.446207,0.094169624,27.643923,25981.068,0.19717552,27.6019
-0.56768852,0.18701939,0.19607066,43.417789,-5936.9644,-6157.9595,1.1264e-05,0.12795039,-6.4547896,23.602728,0.094586022,27.719103,25943.809,0.19720908,27.673494
-0.57503855,0.1869254,0.19597088,43.344471,-6010.7593,-6235.3647,1.128e-05,0.12834266,-6.4455013,23.675091,0.095001824,27.794218,25906.387,0.19822383,27.745035
-0.58238482,0.18683024,0.19586988,43.270546,-6084.5166,-6312.731,1.1296e-05,0.12892529,-6.436172,23.782566,0.09541703,27.869268,25868.799,0.19873805,27.816525
-0.58972728,0.18673389,0.19576764,43.196014,-6158.2363,-6390.0571,1.1312e-05,0.12928443,-6.4268022,23.848814,0.095831633,27.944256,25831.047,0.19929807,27.88796
-0.59706593,0.18663634,0.19566417,43.12088,-6231.917,-6467.3433,1.1328e-05,0.12964047,-6.4173918,23.914494,0.096245624,28.01918,25793.133,0.19884945,27.959341
-0.60440063,0.18653764,0.19555944,43.045147,-6305.5591,-6544.5884,1.1344e-05,0.13002272,-6.4079409,23.985006,0.096659012,28.094044,25755.055,0.19915617,28.030664
-0.61173147,0.18643776,0.19545349,42.968811,-6379.1616,-6621.792,1.136e-05,0.13052443,-6.3984494,24.077555,0.097071789,28.168846,25716.814,0.19925992,28.101929
-0.61905825,0.1863367,0.19534631,42.891884,-6452.7241,-6698.9541,1.1376e-05,0.130909,-6.3889179,24.148495,0.097483955,28.243589,25678.41,0.20057985,28.173132
-0.62638098,0.18623444,0.1952379,42.814358,-6526.2466,-6776.0737,1.1392e-05,0.13153401,-6.3793454,24.26379,0.097895503,28.318275,25639.844,0.20006409,28.244276
-0.6336996,0.18613103,0.19512825,42.73624,-6599.728,-6853.1504,1.1408e-05,0.13219987,-6.3697333,24.38662,0.098306432,28.392904,25601.115,0.20119938,28.315355
-0.6410141,0.18602644,0.19501737,42.657536,-6673.168,-6930.1841,1.1424e-05,0.13219678,-6.3600802,24.386051,0.098716736,28.467478,25562.225,0.20137943,28.386372
-0.64832443,0.18592067,0.19490525,42.578243,-6746.5664,-7007.1738,1.144e-05,0.1330661,-6.3503876,24.546412,0.099126421,28.541994,25523.172,0.202089,28.457319
-0.65563047,0.18581372,0.1947919,42.498363,-6819.9229,-7084.1191,1.1456e-05,0.13327958,-6.3406549,24.585791,0.09953548,28.616459,25483.959,0.20154424,28.528202
-0.66293228,0.1857056,0.19467732,42.4179,-6893.2363,-7161.02,1.1472e-05,0.13351385,-6.3308816,24.629009,0.099943914,28.69087,25444.582,0.20244606,28.599014
-0.67022967,0.18559632,0.19456153,42.336861,-6966.5063,-7237.8755,1.1488e-05,0.13373272,-6.3210688,24.669382,0.10035171,28.76523,25405.045,0.20229347,28.669756
-0.67752272,0.18548585,0.19444448,42.255241,-7039.7334,-7314.6851,1.1504e-05,0.13418126,-6.3112159,24.752123,0.10075887,28.839539,25365.348,0.20342113,28.740425
-0.68481129,0.18537422,0.19432622,42.17305,-7112.916,-7391.4487,1.152e-05,0.13509065,-6.3013229,24.919876,0.1011654,28.913797,25325.49,0.20303507,28.81102
-0.6920954,0.18526141,0.19420673,42.090282,-7186.0542,-7468.1655,1.1536e-05,0.13479856,-6.2913904,24.865995,0.10157129,28.988008,25285.471,0.20368969,28.881542
-0.69937497,0.18514745,0.19408602,42.00695,-7259.147,-7544.8354,1.1552e-05,0.13553609,-6.2814178,25.002047,0.10197654,29.06217,25245.293,0.20465866,28.951984
-0.70664996,0.18503229,0.19396406,41.92305,-7332.1948,-7621.4575,1.1568e-05,0.13610485,-6.2714057,25.106962,0.10238114,29.136286,25204.955,0.2047151,29.02235
-0.71392035,0.18491599,0.19384091,41.838585,-7405.1968,-7698.0312,1.1584e-05,0.13641851,-6.2613544,25.164824,0.1027851,29.210356,25164.457,0.20554827,29.092636
-0.72118604,0.18479851,0.19371651,41.753559,-7478.1519,-7774.5566,1.16e-05,0.13678843,-6.2512631,25.233063,0.10318841,29.28438,25123.799,0.20499589,29.16284
-0.72844702,0.18467985,0.19359089,41.667976,-7551.0605,-7851.0327,1.1616e-05,0.13716836,-6.2411323,25.303148,0.10359106,29.358362,25082.982,0.20583667,29.232962
-0.73570317,0.18456005,0.19346406,41.581841,-7623.9219,-7927.4595,1.1632e-05,0.13799144,-6.2309623,25.454979,0.10399307,29.432299,25042.006,0.20585345,29.302999
-0.74295455,0.18443906,0.193336,41.495155,-7696.7354,-8003.8359,1.1648e-05,0.13824654,-6.2207527,25.502035,0.10439441,29.506193,25000.873,0.20613575,29.372952
-0.75020105,0.18431692,0.1932067,41.407921,-7769.5005,-8080.1616,1.1664e-05,0.13905805,-6.2105041,25.651733,0.10479509,29.580048,24959.58,0.20715506,29.442816
-0.75744265,0.18419361,0.19307621,41.320141,-7842.2173,-8156.4365,1.168e-05,0.13924609,-6.2002158,25.686422,0.10519512,29.65386,24918.129,0.20668355,29.512592
-0.76467931,0.18406913,0.19294448,41.231819,-7914.8848,-8232.6602,1.1696e-05,0.13931006,-6.189889,25.698221,0.10559448,29.727633,24876.521,0.20774865,29.582277
-0.77191097,0.1839435,0.19281153,41.14296,-7987.5024,-8308.8311,1.1712e-05,0.13977632,-6.1795225,25.784231,0.10599317,29.801365,24834.756,0.20794855,29.651873
-0.77913755,0.1838167,0.19267738,41.053566,-8060.0703,-8384.9502,1.1728e-05,0.14017706,-6.1691175,25.858156,0.10639119,29.875061,24792.834,0.20799738,29.721373
-0.78635901,0.18368873,0.192542,40.963642,-8132.5874,-8461.0166,1.1744e-05,0.1401,-6.1586733,25.843939,0.10678854,29.948719,24750.754,0.20887478,29.790781
-0.79357541,0.18355961,0.1924054,40.873188,-8205.0537,-8537.0293,1.176e-05,0.14081672,-6.14819,25.976152,0.10718521,30.022339,24708.516,0.20890529,29.860092
-0.80078655,0.18342935,0.1922676,40.782211,-8277.4688,-8612.9873,1.1776e-05,0.14145869,-6.1376681,26.094574,0.10758121,30.095922,24666.123,0.20887631,29.929306
-0.80799252,0.1832979,0.19212858,40.690716,-8349.832,-8688.8916,1.1792e-05,0.1418733,-6.1271071,26.171059,0.10797653,30.169472,24623.574,0.20997955,29.998421
-0.81519318,0.18316531,0.19198833,40.598701,-8422.1426,-8764.7412,1.1808e-05,0.14210913,-6.116508,26.21456,0.10837117,30.242987,24580.869,0.20937833,30.067436
-0.82238859,0.18303156,0.19184689,40.506172,-8494.4004,-8840.5352,1.1824e-05,0.14271179,-6.1058698,26.325733,0.10876513,30.316465,24538.008,0.21061739,30.136351
-0.82957858,0.18289664,0.19170423,40.413139,-8566.6045,-8916.2725,1.184e-05,0.1431372,-6.0951929,26.404207,0.10915839,30.389912,24494.992,0.2100177,30.205162
-0.83676314,0.18276058,0.19156036,40.319599,-8638.7559,-8991.9551,1.1856e-05,0.14358342,-6.0844779,26.486519,0.10955097,30.463326,24451.82,0.21060823,30.27387
-0.84394234,0.18262336,0.19141528,40.225555,-8710.8525,-9067.5801,1.1872e-05,0.14372523,-6.0737243,26.512678,0.10994285,30.536707,24408.494,0.21162297,30.342472
-0.851116,0.182485,0.19126898,40.131016,-8782.8945,-9143.1475,1.1888e-05,0.14436179,-6.0629325,26.630104,0.11033404,30.610056,24365.014,0.21189459,30.410969
-0.85828412,0.18234546,0.19112149,40.035984,-8854.8809,-9218.6572,1.1904e-05,0.14428242,-6.0521021,26.615461,0.11072453,30.683372,24321.377,0.21196784,30.479355
-0.86544669,0.1822048,0.19097278,39.94046,-8926.8125,-9294.1094,1.192e-05,0.14529584,-6.0412335,26.802406,0.11111432,30.75666,24277.588,0.21131626,30.547634
-0.8726036,0.18206297,0.19082287,39.844452,-8998.6875,-9369.502,1.1936e-05,0.14572512,-6.0303268,26.881592,0.11150341,30.829918,24233.645,0.2127369,30.615801
-0.8797549,0.18191999,0.19067176,39.747963,-9070.5068,-9444.8359,1.1952e-05,0.14582992,-6.0193825,26.900927,0.11189181,30.903143,24189.549,0.2131718,30.683857
-0.88690048,0.18177587,0.19051944,39.651001,-9142.2695,-9520.1104,1.1968e-05,0.14645262,-6.0083995,27.015795,0.11227948,30.976341,24145.299,0.21330759,30.751801
-0.89404029,0.18163058,0.19036591,39.553562,-9213.9736,-9595.3242,1.1984e-05,0.14675087,-5.9973788,27.070812,0.11266646,31.049509,24100.896,0.21403089,30.81963
-0.90117431,0.18148416,0.19021118,39.455658,-9285.6211,-9670.4775,1.2e-05,0.14701135,-5.9863205,27.118864,0.11305271,31.12265,24056.342,0.21328166,30.887342
-0.90830255,0.1813366,0.19005525,39.357285,-9357.209,-9745.5693,1.2016e-05,0.14781363,-5.975224,27.266855,0.11343826,31.195761,24011.635,0.21497543,30.954939
-0.91542488,0.18118788,0.18989812,39.258457,-9428.7393,-9820.6006,1.2032e-05,0.14813115,-5.9640899,27.325428,0.11382309,31.268845,23966.775,0.21510056,31.022417
-0.92254126,0.18103802,0.18973979,39.159172,-9500.21,-9895.5693,1.2048e-05,0.14827988,-5.9529181,27.352865,0.1142072,31.3419,23921.764,0.2147084,31.089775
-0.92965174,0.18088703,0.18958026,39.059437,-9571.6211,-9970.4756,1.2064e-05,0.14921625,-5.9417086,27.525595,0.11459059,31.414928,23876.602,0.21573229,31.157015
-0.93675625,0.18073489,0.18941954,38.959259,-9642.9727,-10045.318,1.208e-05,0.14907137,-5.9304614,27.498867,0.11497325,31.48793,23831.287,0.21633503,31.224133
-0.94385469,0.1805816,0.18925761,38.858635,-9714.2627,-10120.099,1.2096e-05,0.14961776,-5.9191771,27.599661,0.11535519,31.560905,23785.822,0.21606494,31.291126
-0.95094705,0.18042716,0.1890945,38.75758,-9785.4932,-10194.814,1.2112e-05,0.15000156,-5.9078555,27.670458,0.1157364,31.633854,23740.205,0.21642049,31.357998
-0.95803326,0.18027161,0.18893018,38.65609,-9856.6611,-10269.466,1.2128e-05,0.15043314,-5.8964963,27.750071,0.11611688,31.706778,23694.439,0.21684469,31.424746
-0.96511334,0.1801149,0.18876468,38.554169,-9927.7676,-10344.053,1.2144e-05,0.15080768,-5.8850999,27.819162,0.11649662,31.779673,23648.523,0.21759239,31.491367
-0.97218728,0.17995706,0.18859798,38.451832,-9998.8115,-10418.574,1.216e-05,0.15131862,-5.8736663,27.913416,0.11687563,31.852543,23602.459,0.21802728,31.557861
-0.9792549,0.17979808,0.18843009,38.349072,-10069.793,-10493.029,1.2176e-05,0.15155677,-5.8621955,27.957346,0.11725391,31.925386,23556.242,0.21862544,31.624228
-0.98631626,0.17963797,0.18826102,38.245903,-10140.711,-10567.418,1.2192e-05,0.15242454,-5.850688,28.117422,0.11763144,31.998205,23509.879,0.2184225,31.690464
-0.99337137,0.17947671,0.18809074,38.142323,-10211.565,-10641.741,1.2208e-05,0.15262106,-5.8391433,28.153673,0.11800822,32.070999,23463.365,0.2188818,31.756573
-1.0004201,0.17931433,0.18791929,38.038342,-10282.355,-10715.996,1.2224e-05,0.15279216,-5.8275619,28.185234,0.11838426,32.143764,23416.703,0.21989959,31.82255
-1.0074624,0.17915082,0.18774664,37.933964,-10353.081,-10790.184,1.224e-05,0.15359133,-5.8159437,28.332657,0.11875956,32.216507,23369.893,0.21905424,31.888395
-1.0144982,0.17898616,0.18757282,37.829193,-10423.742,-10864.303,1.2256e-05,0.15339096,-5.8042884,28.295694,0.11913411,32.289223,23322.936,0.21983856,31.954107
-1.0215276,0.17882039,0.18739781,37.724033,-10494.337,-10938.354,1.2272e-05,0.15399209,-5.7925968,28.406582,0.11950789,32.361912,23275.828,0.21976684,32.019688
-1.0285505,0.17865348,0.1872216,37.618488,-10564.867,-11012.335,1.2288e-05,0.15432501,-5.7808685,28.467997,0.11988093,32.434574,23228.576,0.22050996,32.085133
-1.0355668,0.17848545,0.18704422,37.512569,-10635.33,-11086.247,1.2304e-05,0.1549716,-5.769104,28.587273,0.12025321,32.507214,23181.174,0.22097994,32.15044
-1.0425766,0.17831628,0.18686566,37.406277,-10705.727,-11160.09,1.232e-05,0.15532689,-5.7573028,28.652809,0.12062473,32.579826,23133.627,0.22055268,32.215614
-1.0495796,0.17814599,0.18668592,37.299618,-10776.056,-11233.861,1.2336e-05,0.15577464,-5.7454648,28.735407,0.12099548,32.652412,23085.934,0.221836,32.280651
-1.056576,0.17797458,0.186505,37.192593,-10846.316,-11307.562,1.2352e-05,0.15645823,-5.7335911,28.861506,0.12136548,32.724972,23038.094,0.22261269,32.345547
-1.0635657,0.17780204,0.1863229,37.085217,-10916.51,-11381.19,1.2368e-05,0.15648906,-5.7216806,28.867193,0.12173471,32.797504,22990.107,0.22198553,32.410309
-1.0705487,0.17762838,0.18613963,36.977486,-10986.635,-11454.748,1.2384e-05,0.15684895,-5.7097344,28.933582,0.12210317,32.870014,22941.977,0.22221138,32.474926
-1.0775248,0.17745359,0.18595517,36.869408,-11056.69,-11528.233,1.24e-05,0.15746857,-5.6977525,29.047882,0.12247086,32.942493,22893.699,0.22265084,32.539406
-1.0844941,0.17727768,0.18576954,36.76099,-11126.677,-11601.646,1.2416e-05,0.15766586,-5.6857338,29.084276,0.12283777,33.014946,22845.277,0.22309488,32.603745
-1.0914565,0.17710066,0.18558274,36.652241,-11196.593,-11674.984,1.2432e-05,0.15810899,-5.6736798,29.166021,0.1232039,33.087372,22796.711,0.2240501,32.667946
-1.0984122,0.17692252,0.18539478,36.543156,-11266.439,-11748.249,1.2448e-05,0.15856601,-5.6615896,29.250324,0.12356927,33.159767,22748,0.22325815,32.731998
-1.1053607,0.17674325,0.18520562,36.43375,-11336.215,-11821.44,1.2464e-05,0.1590315,-5.6494637,29.336191,0.12393384,33.23214,22699.145,0.2231376,32.795914
-1.1123023,0.17656288,0.18501532,36.324024,-11405.919,-11894.557,1.248e-05,0.15906771,-5.6373024,29.342873,0.12429764,33.304478,22650.145,0.22451247,32.85968
-1.1192369,0.17638139,0.18482384,36.213985,-11475.551,-11967.598,1.2496e-05,0.15966883,-5.6251049,29.45376,0.12466065,33.376793,22601.002,0.22477645,32.923306
-1.1261644,0.17619878,0.18463118,36.103638,-11545.111,-12040.562,1.2512e-05,0.16033547,-5.6128726,29.576733,0.12502287,33.449074,22551.717,0.22491683,32.986786
-1.1330849,0.17601506,0.18443736,35.992985,-11614.599,-12113.452,1.2528e-05,0.16033855,-5.6006045,29.577301,0.1253843,33.521328,22502.289,0.22544175,33.050121
-1.1399982,0.17583023,0.18424238,35.882038,-11684.014,-12186.266,1.2544e-05,0.16096972,-5.5883007,29.693733,0.12574495,33.593552,22452.719,0.22582933,33.113312
-1.1469042,0.17564429,0.18404624,35.770802,-11753.355,-12259.001,1.256e-05,0.16109997,-5.5759621,29.717758,0.1261048,33.665741,22403.006,0.22658162,33.176353
-1.1538031,0.17545724,0.18384893,35.659279,-11822.623,-12331.66,1.2576e-05,0.16138665,-5.5635881,29.770643,0.12646385,33.737904,22353.15,0.22611926,33.23925
-1.1606947,0.17526908,0.18365046,35.547474,-11891.816,-12404.24,1.2592e-05,0.16154388,-5.5511789,29.799644,0.1268221,33.810032,22303.154,0.2269982,33.301998
-1.1675791,0.17507981,0.18345085,35.435398,-11960.935,-12476.742,1.2608e-05,0.16223748,-5.5387349,29.927591,0.12717955,33.88213,22253.016,0.22679526,33.364601
-1.1744561,0.17488943,0.18325005,35.323051,-12029.979,-12549.166,1.2624e-05,0.16284014,-5.5262556,30.038763,0.12753619,33.954193,22202.736,0.22751549,33.427052
-1.1813257,0.17469797,0.18304811,35.210442,-12098.946,-12621.511,1.264e-05,0.16292492,-5.5137415,30.054401,0.12789203,34.026226,22152.316,0.22773217,33.489357
-1.1881878,0.17450538,0.18284501,35.097576,-12167.838,-12693.774,1.2656e-05,0.16322933,-5.5011926,30.110556,0.12824707,34.098221,22101.758,0.22768487,33.55151
-1.1950426,0.1743117,0.18264075,34.984459,-12236.653,-12765.959,1.2672e-05,0.16368864,-5.4886088,30.195286,0.1286013,34.170185,22051.059,0.22769859,33.613518
-1.2018899,0.17411691,0.18243535,34.871094,-12305.392,-12838.062,1.2688e-05,0.16457954,-5.4759903,30.359627,0.12895471,34.242111,22000.219,0.22898649,33.675373
-1.2087296,0.17392102,0.18222879,34.757492,-12374.053,-12910.085,1.2704e-05,0.16484542,-5.4633374,30.408674,0.1293073,34.313999,21949.24,0.22909176,33.73708
-1.2155617,0.17372404,0.18202107,34.643654,-12442.637,-12982.026,1.272e-05,0.16503423,-5.4506502,30.443504,0.12965909,34.385853,21898.121,0.22959991,33.798637
-1.2223862,0.17352596,0.18181221,34.529587,-12511.142,-13053.886,1.2736e-05,0.16481845,-5.4379282,30.403698,0.13001005,34.457668,21846.865,0.2293054,33.860043
-1.2292031,0.17332679,0.18160219,34.415298,-12579.568,-13125.662,1.2752e-05,0.16556753,-5.4251719,30.541882,0.13036019,34.529446,21795.471,0.22995545,33.921295
-1.2360123,0.17312652,0.18139103,34.300793,-12647.915,-13197.355,1.2768e-05,0.16623494,-5.4123812,30.664995,0.1307095,34.601185,21743.938,0.23057345,33.982399
-1.2428137,0.17292514,0.18117873,34.186077,-12716.184,-13268.966,1.2784e-05,0.16630276,-5.3995566,30.677505,0.13105799,34.672882,21692.266,0.23065737,34.043354
-1.2496074,0.1727227,0.18096529,34.071159,-12784.371,-13340.492,1.28e-05,0.16703334,-5.3866978,30.812277,0.13140565,34.744541,21640.457,0.23099917,34.104153
-1.2563933,0.17251915,0.1807507,33.956036,-12852.479,-13411.935,1.2816e-05,0.1673948,-5.373805,30.878952,0.13175249,34.816154,21588.512,0.23102511,34.164803
-1.2631713,0.17231451,0.18053496,33.840725,-12920.506,-13483.292,1.2832e-05,0.16761136,-5.3608785,30.9189,0.1320985,34.887726,21536.43,0.23151189,34.2253
-1.2699414,0.17210878,0.18031809,33.725224,-12988.451,-13554.564,1.2848e-05,0.16850764,-5.3479176,31.084236,0.13244367,34.959255,21484.213,0.23246406,34.285648
-1.2767036,0.17190197,0.18010008,33.609539,-13056.315,-13625.751,1.2864e-05,0.16822557,-5.3349233,31.032204,0.13278799,35.030739,21431.857,0.2330485,34.34584
-1.2834579,0.17169407,0.17988093,33.493683,-13124.098,-13696.852,1.288e-05,0.16876119,-5.3218951,31.131008,0.13313147,35.10218,21379.367,0.23340404,34.405884
-1.290204,0.17148508,0.17966063,33.377655,-13191.797,-13767.866,1.2896e-05,0.16930914,-5.3088336,31.232086,0.13347413,35.173573,21326.742,0.23354137,34.465775
-1.2969421,0.17127502,0.17943922,33.261463,-13259.414,-13838.793,1.2912e-05,0.16936617,-5.2957382,31.242605,0.13381594,35.244915,21273.98,0.23262124,34.525513
-1.3036722,0.17106387,0.17921667,33.145111,-13326.946,-13909.633,1.2928e-05,0.16980854,-5.2826095,31.324207,0.1341569,35.316212,21221.084,0.23358715,34.585098
-1.3103942,0.17085165,0.17899297,33.02861,-13394.396,-13980.385,1.2944e-05,0.17017537,-5.2694473,31.391878,0.13449702,35.387459,21168.055,0.23387402,34.644531
-1.3171079,0.17063834,0.17876816,32.911961,-13461.762,-14051.048,1.296e-05,0.17081888,-5.2562518,31.510584,0.13483629,35.458656,21114.891,0.23442182,34.703815
-1.3238134,0.17042394,0.17854221,32.79517,-13529.042,-14121.623,1.2976e-05,0.17118186,-5.2430234,31.577543,0.13517469,35.5298,21061.592,0.23452254,34.762943
-1.3305107,0.17020848,0.17831515,32.678246,-13596.237,-14192.108,1.2992e-05,0.17158416,-5.2297616,31.651752,0.13551225,35.600891,21008.16,0.23478958,34.821922
-1.3371997,0.16999194,0.17808694,32.561192,-13663.348,-14262.505,1.3008e-05,0.17187007,-5.2164669,31.704496,0.13584895,35.671928,20954.596,0.23512833,34.880749
-1.3438803,0.16977434,0.17785762,32.444016,-13730.371,-14332.811,1.3024e-05,0.17209433,-5.2031393,31.745865,0.1361848,35.742912,20900.898,0.23541521,34.939423
-1.3505526,0.16955565,0.17762716,32.326721,-13797.31,-14403.025,1.304e-05,0.17239952,-5.1897788,31.802162,0.13651979,35.813839,20847.07,0.23629567,34.997948
-1.3572164,0.1693359,0.1773956,32.209316,-13864.16,-14473.15,1.3056e-05,0.17285807,-5.1763854,31.886749,0.1368539,35.884708,20793.107,0.23637196,35.05632
-1.3638717,0.16911507,0.1771629,32.091808,-13930.924,-14543.183,1.3072e-05,0.17314167,-5.1629596,31.939066,0.13718717,35.955517,20739.014,0.23703879,35.11454
-1.3705186,0.16889317,0.1769291,31.974195,-13997.6,-14613.124,1.3088e-05,0.17403103,-5.1495008,32.103123,0.13751957,36.026268,20684.789,0.23658101,35.172611
-1.3771569,0.16867022,0.17669417,31.856493,-14064.188,-14682.973,1.3104e-05,0.17406262,-5.1360097,32.108952,0.13785109,36.096958,20630.434,0.23778345,35.23053
-1.3837866,0.1684462,0.17645812,31.738699,-14130.688,-14752.729,1.312e-05,0.17458129,-5.1224861,32.204628,0.13818173,36.167587,20575.947,0.23818628,35.288296
-1.3904077,0.1682211,0.17622097,31.620825,-14197.099,-14822.392,1.3136e-05,0.17449421,-5.1089301,32.188564,0.13851152,36.238152,20521.33,0.23801538,35.345917
-1.3970201,0.16799496,0.1759827,31.502874,-14263.421,-14891.961,1.3152e-05,0.17528106,-5.0953422,32.333714,0.13884042,36.308651,20466.582,0.23869899,35.403385
-1.4036237,0.16776775,0.17574331,31.384851,-14329.652,-14961.437,1.3168e-05,0.17569798,-5.0817218,32.410622,0.13916846,36.379086,20411.707,0.23892789,35.460701
-1.4102187,0.16753946,0.17550282,31.266764,-14395.794,-15030.816,1.3184e-05,0.17579663,-5.068069,32.428822,0.1394956,36.449451,20356.699,0.23895992,35.517872
-1.4168048,0.16731013,0.17526121,31.148617,-14461.846,-15100.103,1.32e-05,0.17595847,-5.0543847,32.458675,0.13982187,36.519749,20301.564,0.23918729,35.57489
-1.423382,0.16707975,0.1750185,31.030416,-14527.806,-15169.293,1.3216e-05,0.1764309,-5.0406685,32.545822,0.14014725,36.589973,20246.301,0.23947111,35.631763
-1.4299505,0.1668483,0.17477469,30.912167,-14593.675,-15238.388,1.3232e-05,0.17724317,-5.0269198,32.69566,0.14047176,36.66013,20190.91,0.24001892,35.688484
-1.43651,0.16661581,0.17452978,30.793877,-14659.452,-15307.386,1.3248e-05,0.17755222,-5.0131397,32.75267,0.14079536,36.730213,20135.391,0.24078035,35.74506
-1.4430604,0.16638227,0.17428376,30.675549,-14725.137,-15376.287,1.3264e-05,0.17736341,-4.9993281,32.717838,0.14111808,36.80022,20079.742,0.24043244,35.801487
-1.4496019,0.16614766,0.17403662,30.557188,-14790.729,-15445.092,1.328e-05,0.17828435,-4.9854851,32.887726,0.14143991,36.870155,20023.967,0.24074832,35.857769
-1.4561343,0.16591202,0.17378841,30.438803,-14856.229,-15513.799,1.3296e-05,0.17836297,-4.9716101,32.902225,0.14176086,36.94001,19968.066,0.24132665,35.913902
-1.4626577,0.16567531,0.17353909,30.320398,-14921.634,-15582.407,1.3312e-05,0.17879453,-4.9577041,32.981838,0.14208089,37.009789,19912.037,0.24088565,35.969887
-1.4691719,0.16543756,0.17328867,30.201979,-14986.946,-15650.918,1.3328e-05,0.17897411,-4.9437666,33.014961,0.14240004,37.079487,19855.885,0.24178289,36.02573
-1.4756768,0.16519879,0.17303717,30.083549,-15052.164,-15719.329,1.3344e-05,0.1797363,-4.9297976,33.15556,0.14271829,37.149105,19799.604,0.24151738,36.081425
-1.4821726,0.16495895,0.17278457,29.965117,-15117.287,-15787.642,1.336e-05,0.17983571,-4.9157982,33.173901,0.14303564,37.218636,19743.199,0.24245583,36.136974
-1.488659,0.16471808,0.17253087,29.846687,-15182.314,-15855.854,1.3376e-05,0.18016478,-4.9017673,33.234604,0.14335208,37.288086,19686.668,0.24269387,36.192379
-1.4951363,0.16447616,0.17227608,29.728264,-15247.247,-15923.967,1.3392e-05,0.18051004,-4.8877053,33.298294,0.14366761,37.357452,19630.012,0.24287392,36.247643
-1.5016041,0.16423321,0.17202021,29.609852,-15312.084,-15991.979,1.3408e-05,0.18106878,-4.8736124,33.401363,0.14398223,37.426727,19573.232,0.24293497,36.302761
-1.5080625,0.16398922,0.17176326,29.491459,-15376.824,-16059.89,1.3424e-05,0.18134391,-4.859489,33.452114,0.14429595,37.495914,19516.328,0.24342784,36.357738
-1.5145113,0.16374418,0.17150521,29.373091,-15441.468,-16127.699,1.344e-05,0.18209223,-4.845335,33.590157,0.14460875,37.565014,19459.301,0.24367504,36.412571
-1.5209508,0.16349812,0.17124608,29.254749,-15506.014,-16195.406,1.3456e-05,0.18176702,-4.8311501,33.530163,0.14492065,37.634018,19402.15,0.24440901,36.467262
-1.5273808,0.16325103,0.17098588,29.136442,-15570.463,-16263.012,1.3472e-05,0.18232189,-4.8169346,33.632519,0.14523163,37.70293,19344.877,0.24513841,36.521812
-1.5338011,0.16300291,0.17072459,29.018173,-15634.813,-16330.514,1.3488e-05,0.18287601,-4.8026891,33.734737,0.14554168,37.771748,19287.48,0.24390393,36.576221
-1.5402119,0.16275375,0.17046222,28.89995,-15699.065,-16397.914,1.3504e-05,0.18301319,-4.7884126,33.76004,0.14585082,37.840469,19229.963,0.24482253,36.630489
-1.546613,0.16250357,0.17019878,28.781776,-15763.22,-16465.209,1.352e-05,0.1834016,-4.7741065,33.831692,0.14615905,37.909092,19172.322,0.24559923,36.68462
-1.5530043,0.16225235,0.16993426,28.663656,-15827.274,-16532.4,1.3536e-05,0.18394029,-4.7597699,33.931065,0.14646634,37.977615,19114.561,0.24554582,36.738609
-1.5593859,0.16200012,0.16966866,28.545595,-15891.229,-16599.488,1.3552e-05,0.18406129,-4.7454033,33.953384,0.14677271,38.046036,19056.676,0.2465331,36.792461
-1.5657578,0.16174686,0.169402,28.427599,-15955.084,-16666.471,1.3568e-05,0.18462697,-4.7310066,34.057732,0.14707816,38.114353,18998.674,0.24646901,36.846176
-1.5721197,0.16149259,0.16913427,28.309673,-16018.839,-16733.348,1.3584e-05,0.18455915,-4.7165804,34.045219,0.14738268,38.182568,18940.549,0.24627522,36.899754
-1.5784718,0.16123728,0.16886547,28.19182,-16082.492,-16800.119,1.36e-05,0.18532288,-4.7021241,34.186104,0.14768626,38.250675,18882.305,0.2465453,36.953194
-1.584814,0.16098097,0.1685956,28.074047,-16146.045,-16866.785,1.3616e-05,0.18523887,-4.6876383,34.170609,0.14798892,38.318676,18823.941,0.24723655,37.0065
-1.5911462,0.16072364,0.16832466,27.956358,-16209.496,-16933.344,1.3632e-05,0.18601418,-4.6731229,34.313625,0.14829063,38.38657,18765.457,0.24788812,37.059669
-1.5974684,0.16046529,0.16805266,27.838758,-16272.845,-16999.795,1.3648e-05,0.18633939,-4.6585779,34.373619,0.14859141,38.45435,18706.855,0.24797358,37.112705
-1.6037805,0.16020592,0.16777961,27.721252,-16336.092,-17066.141,1.3664e-05,0.1866754,-4.6440034,34.435604,0.14889126,38.522015,18648.135,0.24828944,37.165604
-1.6100826,0.15994555,0.16750549,27.603846,-16399.234,-17132.377,1.368e-05,0.18669775,-4.6293993,34.439724,0.14919016,38.589569,18589.295,0.24844813,37.218372
-1.6163745,0.15968417,0.16723031,27.486542,-16462.275,-17198.506,1.3696e-05,0.18787611,-4.6147666,34.657093,0.14948811,38.657005,18530.34,0.24876705,37.271008
-1.6226562,0.15942177,0.16695409,27.369345,-16525.213,-17264.525,1.3712e-05,0.1880734,-4.6001043,34.693489,0.14978513,38.724327,18471.266,0.24904324,37.323513
-1.6289277,0.15915836,0.16667679,27.25226,-16588.047,-17330.436,1.3728e-05,0.18809728,-4.585413,34.697895,0.15008119,38.791527,18412.074,0.24989165,37.375885
-1.6351889,0.15889396,0.16639845,27.135292,-16650.775,-17396.238,1.3744e-05,0.18844485,-4.5706925,34.762012,0.15037632,38.858604,18352.766,0.25008544,37.428127
-1.6414399,0.15862855,0.16611905,27.018446,-16713.398,-17461.93,1.376e-05,0.18892653,-4.5559435,34.850864,0.15067048,38.925564,18293.342,0.24994506,37.480236
-1.6476804,0.15836214,0.16583861,26.901724,-16775.918,-17527.51,1.3776e-05,0.18908374,-4.5411658,34.879864,0.15096371,38.992393,18233.801,0.25035706,37.532219
-1.6539106,0.15809472,0.16555713,26.785133,-16838.33,-17592.98,1.3792e-05,0.18979199,-4.5263591,35.010513,0.15125597,39.059101,18174.146,0.25151831,37.584072
-1.6601304,0.1578263,0.16527461,26.668676,-16900.637,-17658.34,1.3808e-05,0.18975037,-4.5115242,35.002834,0.15154728,39.125679,18114.375,0.25133061,37.635799
-1.6663395,0.15755691,0.16499102,26.552359,-16962.838,-17723.588,1.3824e-05,0.19012183,-4.4966602,35.071358,0.15183763,39.192127,18054.488,0.25104985,37.687397
-1.6725383,0.15728649,0.16470641,26.436184,-17024.932,-17788.723,1.384e-05,0.19031142,-4.4817686,35.106331,0.15212703,39.258446,17994.488,0.25153661,37.738869
-1.6787264,0.1570151,0.16442074,26.320154,-17086.92,-17853.746,1.3856e-05,0.1908139,-4.4668479,35.19902,0.15241545,39.324631,17934.375,0.2520707,37.790215
-1.684904,0.15674271,0.16413404,26.204277,-17148.799,-17918.658,1.3872e-05,0.19120617,-4.4518995,35.271381,0.15270293,39.390682,17874.146,0.25221106,37.841434
-1.6910709,0.15646933,0.16384631,26.088554,-17210.57,-17983.455,1.3888e-05,0.19185893,-4.436923,35.391796,0.15298943,39.456596,17813.807,0.25317699,37.892532
-1.697227,0.15619497,0.16355753,25.972992,-17272.232,-18048.139,1.3904e-05,0.19227818,-4.4219179,35.469131,0.15327497,39.522373,17753.352,0.25246894,37.943504
-1.7033725,0.15591961,0.16326773,25.857592,-17333.787,-18112.709,1.392e-05,0.1922327,-4.4068856,35.460747,0.15355954,39.588009,17692.785,0.25248879,37.994354
-1.7095072,0.15564327,0.16297689,25.742357,-17395.232,-18177.164,1.3936e-05,0.19239609,-4.3918252,35.490883,0.15384313,39.653503,17632.105,0.25423598,38.045082
-1.715631,0.15536596,0.16268504,25.627293,-17456.568,-18241.506,1.3952e-05,0.19265425,-4.3767366,35.538509,0.15412576,39.718857,17571.316,0.25319988,38.095684
-1.7217441,0.15508765,0.16239214,25.512403,-17517.795,-18305.73,1.3968e-05,0.19311589,-4.3616209,35.623665,0.15440743,39.784065,17510.414,0.25486159,38.146168
-1.7278461,0.15480837,0.16209823,25.397694,-17578.91,-18369.84,1.3984e-05,0.19368695,-4.3464775,35.729008,0.1546881,39.849125,17449.4,0.25395977,38.196529
-1.7339373,0.15452811,0.16180328,25.283163,-17639.916,-18433.834,1.4e-05,0.19374552,-4.3313065,35.739811,0.15496781,39.914036,17388.277,0.25434887,38.246773
-1.7400175,0.15424687,0.16150732,25.168818,-17700.811,-18497.711,1.4016e-05,0.19413549,-4.3161082,35.811749,0.15524653,39.978802,17327.043,0.25502029,38.296898
-1.7460866,0.15396465,0.16121033,25.054663,-17761.592,-18561.473,1.4032e-05,0.19461946,-4.3008828,35.901028,0.15552427,40.043411,17265.699,0.25524154,38.346901
-1.7521447,0.15368147,0.16091233,24.940699,-17822.264,-18625.115,1.4048e-05,0.19474971,-4.2856302,35.925053,0.15580104,40.107868,17204.246,0.25521258,38.396786
-1.7581917,0.15339732,0.16061331,24.826929,-17882.822,-18688.641,1.4064e-05,0.19503562,-4.2703505,35.977795,0.15607682,40.172173,17142.684,0.25567186,38.446556
-1.7642275,0.1531122,0.16031328,24.71336,-17943.268,-18752.049,1.408e-05,0.19555891,-4.255044,36.074326,0.15635161,40.236317,17081.014,0.25500503,38.496208
-1.7702522,0.15282612,0.16001223,24.599991,-18003.602,-18815.338,1.4096e-05,0.19620936,-4.2397103,36.194309,0.1566254,40.300304,17019.234,0.25703147,38.545742
-1.7762656,0.15253906,0.15971018,24.486828,-18063.822,-18878.508,1.4112e-05,0.19639508,-4.22435,36.228573,0.15689822,40.364132,16957.348,0.25712913,38.595161
-1.7822678,0.15225103,0.15940711,24.373873,-18123.928,-18941.559,1.4128e-05,0.19640203,-4.2089629,36.229851,0.15717004,40.427795,16895.354,0.25709862,38.644466
-1.7882587,0.15196206,0.15910304,24.261127,-18183.92,-19004.49,1.4144e-05,0.19716114,-4.1935492,36.369881,0.15744087,40.491295,16833.252,0.25671101,38.693657
-1.7942381,0.15167211,0.15879796,24.148598,-18243.797,-19067.301,1.416e-05,0.19711104,-4.1781092,36.360641,0.15771072,40.55463,16771.043,0.25677359,38.742733
-1.8002063,0.15138121,0.15849188,24.036285,-18303.561,-19129.992,1.4176e-05,0.19763201,-4.1626425,36.456745,0.15797955,40.617802,16708.729,0.25773644,38.791695
-1.806163,0.15108936,0.1581848,23.924192,-18363.207,-19192.562,1.4192e-05,0.19780695,-4.1471496,36.489014,0.1582474,40.680798,16646.307,0.25725272,38.840542
-1.8121082,0.15079655,0.15787673,23.812321,-18422.74,-19255.012,1.4208e-05,0.19826087,-4.1316309,36.57275,0.15851423,40.743629,16583.781,0.25798211,38.889278
-1.8180419,0.15050279,0.15756765,23.700676,-18482.156,-19317.338,1.4224e-05,0.19875565,-4.1160855,36.664021,0.15878008,40.806286,16521.15,0.25893125,38.937901
-1.8239641,0.15020807,0.15725757,23.589258,-18541.455,-19379.543,1.424e-05,0.19896682,-4.1005144,36.702972,0.15904492,40.868767,16458.414,0.25950041,38.986416
-1.8298748,0.14991242,0.15694651,23.478071,-18600.639,-19441.627,1.4256e-05,0.19936833,-4.0849175,36.777039,0.15930875,40.931076,16395.574,0.25896329,39.034817
-1.8357738,0.14961581,0.15663445,23.367117,-18659.703,-19503.586,1.4272e-05,0.1998315,-4.0692949,36.86248,0.15957157,40.993202,16332.629,0.25878018,39.083107
-1.8416611,0.14931825,0.15632141,23.256399,-18718.652,-19565.424,1.4288e-05,0.20008968,-4.0536461,36.910103,0.1598334,41.055153,16269.581,0.25970641,39.131287
-1.8475368,0.14901976,0.15600736,23.145918,-18777.482,-19627.137,1.4304e-05,0.20042184,-4.037972,36.971378,0.1600942,41.116924,16206.43,0.25954619,39.179356
-1.8534007,0.14872032,0.15569235,23.035677,-18836.195,-19688.727,1.432e-05,0.20073935,-4.0222726,37.029949,0.160354,41.178513,16143.176,0.26076236,39.227318
-1.8592528,0.14841995,0.15537634,22.925678,-18894.789,-19750.191,1.4336e-05,0.20111543,-4.0065475,37.099323,0.16061279,41.239914,16079.819,0.26059756,39.275169
-1.8650932,0.14811863,0.15505935,22.815924,-18953.264,-19811.531,1.4352e-05,0.20119713,-3.990797,37.114395,0.16087055,41.301132,16016.361,0.26070741,39.32291
-1.8709217,0.14781637,0.15474139,22.706415,-19011.619,-19872.746,1.4368e-05,0.20145838,-3.9750216,37.162586,0.16112731,41.36216,15952.802,0.26008791,39.370544
-1.8767384,0.1475132,0.15442245,22.597155,-19069.854,-19933.836,1.4384e-05,0.20193928,-3.9592209,37.251297,0.16138305,41.423,15889.141,0.26120335,39.418072
-1.8825431,0.14720908,0.15410253,22.488146,-19127.971,-19994.799,1.44e-05,0.20206104,-3.9433954,37.273758,0.16163777,41.48365,15825.379,0.26144293,39.465488
-1.8883358,0.14690404,0.15378165,22.379389,-19185.965,-20055.637,1.4416e-05,0.20210344,-3.9275448,37.281578,0.16189146,41.544106,15761.518,0.2619724,39.512798
-1.8941166,0.14659806,0.15345979,22.270885,-19243.84,-20116.346,1.4432e-05,0.20279704,-3.9116695,37.409527,0.16214414,41.60437,15697.555,0.26219672,39.560001
-1.8998854,0.14629117,0.15313695,22.162638,-19301.594,-20176.93,1.4448e-05,0.20313227,-3.8957694,37.471367,0.16239579,41.664436,15633.493,0.26245612,39.607098
-1.9056422,0.14598334,0.15281315,22.054647,-19359.225,-20237.387,1.4464e-05,0.20352454,-3.8798447,37.543728,0.16264641,41.724304,15569.333,0.26262093,39.654087
-1.9113867,0.14567459,0.1524884,21.946915,-19416.734,-20297.715,1.448e-05,0.2036833,-3.8638954,37.573013,0.16289601,41.783974,15505.073,0.26279947,39.70097
-1.9171191,0.14536493,0.15216267,21.839443,-19474.123,-20357.914,1.4496e-05,0.20438385,-3.8479218,37.70224,0.16314457,41.843445,15440.716,0.26340982,39.747746
-1.9228394,0.14505434,0.15183598,21.732235,-19531.387,-20417.986,1.4512e-05,0.20441467,-3.831924,37.707928,0.16339211,41.90271,15376.26,0.26328012,39.794415
-1.9285475,0.14474285,0.15150833,21.625288,-19588.529,-20477.928,1.4528e-05,0.20462121,-3.8159018,37.746025,0.16363862,41.961773,15311.707,0.26342815,39.840977
-1.9342434,0.14443043,0.15117973,21.518606,-19645.549,-20537.74,1.4544e-05,0.20508669,-3.7998557,37.831894,0.16388409,42.02063,15247.057,0.26456955,39.887436
-1.939927,0.1441171,0.15085016,21.412189,-19702.443,-20597.424,1.456e-05,0.2055252,-3.7837853,37.912785,0.16412853,42.079277,15182.31,0.26476792,39.933784
-1.9455982,0.14380287,0.15051965,21.30604,-19759.213,-20656.979,1.4576e-05,0.205126,-3.7676914,37.839146,0.16437192,42.137718,15117.466,0.26410872,39.98003
-1.9512572,0.14348772,0.15018819,21.200157,-19815.861,-20716.4,1.4592e-05,0.20586199,-3.7515733,37.974911,0.16461429,42.195946,15052.526,0.2649678,40.026169
-1.9569037,0.14317167,0.14985578,21.094543,-19872.383,-20775.693,1.4608e-05,0.20642611,-3.7354317,38.078976,0.16485561,42.253963,14987.492,0.26517227,40.072201
-1.9625379,0.14285471,0.14952242,20.989199,-19928.779,-20834.854,1.4624e-05,0.20681454,-3.7192667,38.150623,0.1650959,42.311764,14922.362,0.26520127,40.11813
-1.9681596,0.14253685,0.14918812,20.884125,-19985.051,-20893.883,1.464e-05,0.20690855,-3.7030778,38.167969,0.16533513,42.369354,14857.138,0.26580858,40.163948
-1.9737687,0.1422181,0.14885287,20.779324,-20041.195,-20952.779,1.4656e-05,0.20692629,-3.6868658,38.171238,0.16557333,42.426723,14791.819,0.26595354,40.209663
-1.9793655,0.14189844,0.14851668,20.674793,-20097.215,-21011.545,1.4672e-05,0.20729621,-3.6706305,38.239475,0.16581047,42.483871,14726.406,0.26598865,40.255268
-1.9849496,0.14157788,0.14817956,20.570534,-20153.107,-21070.176,1.4688e-05,0.20765379,-3.6543717,38.305443,0.16604657,42.540802,14660.9,0.26603594,40.30077
-1.9905211,0.14125644,0.14784151,20.466549,-20208.873,-21128.676,1.4704e-05,0.20790888,-3.6380901,38.352497,0.16628163,42.597511,14595.302,0.26660666,40.346165
-1.99608,0.14093409,0.14750251,20.362839,-20264.512,-21187.041,1.472e-05,0.20820174,-3.6217856,38.406521,0.16651562,42.653996,14529.61,0.26655933,40.391453
-2.0016263,0.14061086,0.14716259,20.259401,-20320.021,-21245.271,1.4736e-05,0.20853081,-3.605458,38.467224,0.16674857,42.710258,14463.827,0.26759088,40.43663
-2.0071599,0.14028674,0.14682174,20.156239,-20375.404,-21303.369,1.4752e-05,0.20909727,-3.5891078,38.571712,0.16698046,42.766289,14397.951,0.26731315,40.481705
-2.0126808,0.13996175,0.14647995,20.05335,-20430.658,-21361.332,1.4768e-05,0.20951805,-3.5727348,38.649334,0.16721131,42.822094,14331.984,0.26713461,40.526669
-2.018189,0.13963586,0.14613725,19.950735,-20485.785,-21419.16,1.4784e-05,0.20928068,-3.5563393,38.605549,0.16744108,42.87767,14265.927,0.26814783,40.571526
-2.0236843,0.13930908,0.14579362,19.848396,-20540.781,-21476.854,1.48e-05,0.21004826,-3.5399213,38.747143,0.16766982,42.93301,14199.778,0.26798913,40.616272
-2.0291667,0.13898143,0.14544907,19.746332,-20595.648,-21534.41,1.4816e-05,0.21053302,-3.5234809,38.836563,0.16789749,42.988121,14133.54,0.26867121,40.660912
-2.0346363,0.13865291,0.1451036,19.644545,-20650.387,-21591.832,1.4832e-05,0.21076961,-3.5070183,38.880207,0.16812409,43.042995,14067.213,0.26934415,40.705444
-2.0400932,0.1383235,0.14475721,19.54303,-20704.994,-21649.115,1.4848e-05,0.21052608,-3.4905336,38.835285,0.16834964,43.097637,14000.795,0.26841334,40.749863
-2.045537,0.13799322,0.14440991,19.44179,-20759.473,-21706.264,1.4864e-05,0.21132603,-3.4740269,38.982849,0.16857412,43.152039,13934.289,0.26958221,40.794174
-2.0509679,0.13766207,0.1440617,19.340824,-20813.818,-21763.273,1.488e-05,0.21112643,-3.4574981,38.94603,0.16879754,43.2062,13867.695,0.26923886,40.838375
-2.0563858,0.13733006,0.14371258,19.240133,-20868.035,-21820.148,1.4896e-05,0.21229862,-3.4409475,39.162262,0.16901989,43.26012,13801.013,0.26934874,40.882462
-2.0617907,0.13699716,0.14336255,19.139717,-20922.119,-21876.883,1.4912e-05,0.21207513,-3.4243753,39.121033,0.16924118,43.313797,13734.242,0.27035889,40.926437
-2.0671825,0.13666342,0.14301161,19.039574,-20976.07,-21933.48,1.4928e-05,0.21237029,-3.4077811,39.175484,0.16946138,43.367233,13667.386,0.27079532,40.970303
-2.0725613,0.1363288,0.14265977,18.939701,-21029.891,-21989.939,1.4944e-05,0.21260612,-3.3911657,39.218987,0.16968054,43.420422,13600.441,0.27101353,41.014053
-2.0779269,0.13599332,0.14230703,18.840103,-21083.58,-22046.258,1.496e-05,0.21269628,-3.3745289,39.235619,0.1698986,43.473366,13533.411,0.270542,41.05769
-2.0832794,0.13565698,0.14195339,18.740776,-21137.135,-22102.439,1.4976e-05,0.21303615,-3.3578706,39.298313,0.1701156,43.526058,13466.295,0.27061069,41.101212
-2.0886188,0.1353198,0.14159885,18.64172,-21190.557,-22158.48,1.4992e-05,0.21334365,-3.3411913,39.355034,0.17033152,43.578503,13399.094,0.27167273,41.144619
-2.0939448,0.13498175,0.14124343,18.542934,-21243.846,-22214.381,1.5008e-05,0.21399024,-3.3244908,39.474312,0.17054638,43.630692,13331.807,0.27193516,41.187908
-2.0992575,0.13464285,0.1408871,18.444418,-21297,-22270.143,1.5024e-05,0.21437018,-3.3077693,39.544399,0.17076015,43.682632,13264.436,0.27113712,41.231083
-2.104557,0.13430311,0.14052989,18.34617,-21350.02,-22325.762,1.504e-05,0.21385153,-3.2910268,39.448723,0.17097284,43.734314,13196.98,0.27251044,41.274139
-2.1098433,0.1339625,0.1401718,18.24819,-21402.906,-22381.24,1.5056e-05,0.21436787,-3.2742636,39.543972,0.17118445,43.785744,13129.441,0.27216253,41.317074
-2.1151161,0.13362105,0.1398128,18.150475,-21455.658,-22436.578,1.5072e-05,0.21433935,-3.2574797,39.538712,0.17139499,43.836914,13061.819,0.27238381,41.359894
-2.1203756,0.13327877,0.13945293,18.053026,-21508.273,-22491.773,1.5088e-05,0.21491042,-3.2406752,39.644054,0.17160444,43.887821,12994.114,0.27264017,41.402588
-2.1256218,0.13293564,0.13909219,17.955843,-21560.754,-22546.828,1.5104e-05,0.2153181,-3.2238503,39.719257,0.1718128,43.938473,12926.326,0.27322459,41.445164
-2.1308544,0.13259166,0.13873056,17.858921,-21613.1,-22601.74,1.512e-05,0.2152025,-3.207005,39.697933,0.17202008,43.988861,12858.456,0.27268136,41.487617
-2.1360736,0.13224687,0.13836806,17.762262,-21665.309,-22656.508,1.5136e-05,0.21624675,-3.1901395,39.890568,0.17222628,44.038986,12790.505,0.27342755,41.529945
-2.1412792,0.13190122,0.13800468,17.665863,-21717.381,-22711.133,1.5152e-05,0.21568187,-3.1732538,39.786362,0.17243138,44.088844,12722.472,0.27293313,41.572147
-2.1464713,0.13155474,0.13764043,17.569723,-21769.316,-22765.615,1.5168e-05,0.21613809,-3.156348,39.870522,0.17263539,44.138435,12654.358,0.27371594,41.614227
-2.15165,0.13120744,0.13727531,17.473841,-21821.115,-22819.953,1.5184e-05,0.21655272,-3.1394224,39.947006,0.17283832,44.187759,12586.165,0.27414471,41.656178
-2.1568148,0.1308593,0.13690932,17.378216,-21872.775,-22874.148,1.52e-05,0.21674231,-3.1224768,39.981979,0.17304015,44.236813,12517.892,0.27432325,41.697998
-2.1619661,0.13051033,0.13654247,17.282845,-21924.299,-22928.197,1.5216e-05,0.21729872,-3.1055117,40.084621,0.1732409,44.285595,12449.538,0.27464828,41.739689
-2.1671038,0.13016056,0.13617475,17.187725,-21975.684,-22982.102,1.5232e-05,0.21748137,-3.0885267,40.118313,0.17344055,44.334106,12381.106,0.27428663,41.78125
-2.1722276,0.12980995,0.13580617,17.092857,-22026.932,-23035.861,1.5248e-05,0.21774262,-3.0715225,40.166508,0.17363909,44.382339,12312.596,0.27453995,41.822681
-2.1773376,0.12945852,0.13543674,16.99824,-22078.039,-23089.477,1.5264e-05,0.21784899,-3.0544987,40.186123,0.17383654,44.430302,12244.007,0.27510452,41.863976
-2.1824341,0.12910627,0.13506646,16.90387,-22129.008,-23142.945,1.528e-05,0.2183006,-3.0374556,40.269432,0.17403291,44.477985,12175.34,0.27461165,41.905132
-2.1875167,0.1287532,0.13469532,16.809746,-22179.838,-23196.268,1.5296e-05,0.2181295,-3.0203934,40.237873,0.17422816,44.525387,12106.596,0.27523118,41.946156
-2.1925855,0.12839933,0.13432333,16.715866,-22230.527,-23249.441,1.5312e-05,0.21878766,-3.0033121,40.35928,0.17442232,44.572514,12037.775,0.27576068,41.987041
-2.1976402,0.12804464,0.13395049,16.622229,-22281.076,-23302.471,1.5328e-05,0.21898341,-2.9862118,40.39539,0.17461537,44.619354,11968.878,0.27600178,42.027786
-2.2026811,0.12768915,0.13357681,16.528831,-22331.486,-23355.352,1.5344e-05,0.2190728,-2.9690926,40.41188,0.17480733,44.665913,11899.905,0.2759743,42.06839
-2.2077081,0.12733285,0.13320227,16.435671,-22381.756,-23408.086,1.536e-05,0.21952827,-2.9519546,40.495899,0.17499818,44.712189,11830.856,0.27638021,42.108849
-2.2127211,0.12697574,0.13282691,16.342747,-22431.883,-23460.672,1.5376e-05,0.21955602,-2.9347982,40.501019,0.17518792,44.758175,11761.732,0.27716604,42.149162
-2.2177203,0.12661783,0.1324507,16.250057,-22481.869,-23513.111,1.5392e-05,0.21949436,-2.917623,40.489643,0.17537655,44.803875,11692.533,0.27711111,42.189335
-2.2227051,0.12625912,0.13207364,16.157598,-22531.715,-23565.4,1.5408e-05,0.22021493,-2.9004295,40.622566,0.17556408,44.849289,11623.261,0.27670065,42.229355
-2.2276762,0.12589961,0.13169576,16.065369,-22581.418,-23617.541,1.5424e-05,0.22040221,-2.8832176,40.657112,0.17575049,44.894409,11553.914,0.27747735,42.269226
-2.2326329,0.12553932,0.13131705,15.973367,-22630.979,-23669.531,1.544e-05,0.220376,-2.8659875,40.652279,0.1759358,44.93924,11484.494,0.27752158,42.308945
-2.2375755,0.12517822,0.13093752,15.88159,-22680.396,-23721.373,1.5456e-05,0.22117904,-2.8487394,40.800415,0.17612,44.983772,11415.001,0.27714163,42.348515
-2.2425041,0.12481634,0.13055713,15.790034,-22729.672,-23773.066,1.5472e-05,0.22089313,-2.8314734,40.747673,0.17630309,45.028015,11345.436,0.27746513,42.387924
-2.2474184,0.12445366,0.13017595,15.698699,-22778.805,-23824.607,1.5488e-05,0.2215559,-2.8141892,40.86993,0.17648506,45.071957,11275.798,0.2780816,42.427177
-2.2523186,0.12409021,0.12979393,15.607581,-22827.793,-23876,1.5504e-05,0.22168075,-2.7968874,40.892963,0.17666592,45.115601,11206.089,0.27884153,42.466274
-2.2572043,0.12372597,0.1294111,15.516678,-22876.639,-23927.24,1.552e-05,0.22194354,-2.779568,40.941441,0.17684565,45.158947,11136.309,0.27852869,42.505207
-2.2620759,0.12336094,0.12902744,15.425987,-22925.338,-23978.33,1.5536e-05,0.22252463,-2.7622309,41.048634,0.17702428,45.201992,11066.457,0.27834865,42.543976
-2.266933,0.12299514,0.12864298,15.335506,-22973.895,-24029.268,1.5552e-05,0.22242907,-2.7448764,41.031002,0.17720179,45.244736,10996.536,0.27820522,42.582581
-2.2717757,0.12262855,0.12825769,15.245233,-23022.307,-24080.053,1.5568e-05,0.22255932,-2.7275047,41.055031,0.17737818,45.287174,10926.545,0.27836999,42.621021
-2.2766042,0.1222612,0.1278716,15.155163,-23070.574,-24130.688,1.5584e-05,0.22275275,-2.7101157,41.090714,0.17755345,45.329304,10856.484,0.27905211,42.65929
-2.2814181,0.12189308,0.12748471,15.065295,-23118.695,-24181.17,1.56e-05,0.22262405,-2.6927094,41.066971,0.17772758,45.371132,10786.354,0.27925351,42.697384
-2.2862177,0.12152418,0.127097,14.975626,-23166.67,-24231.498,1.5616e-05,0.22331148,-2.6752863,41.193783,0.1779006,45.412647,10716.156,0.27945495,42.73531
-2.2910025,0.12115452,0.12670849,14.886153,-23214.5,-24281.674,1.5632e-05,0.22364751,-2.6578462,41.255764,0.1780725,45.453854,10645.891,0.27905667,42.773056
-2.295773,0.12078408,0.12631918,14.796874,-23262.184,-24331.697,1.5648e-05,0.22402975,-2.6403892,41.326279,0.17824328,45.494747,10575.557,0.27974945,42.810623
-2.300529,0.12041289,0.12592907,14.707785,-23309.721,-24381.564,1.5664e-05,0.22411992,-2.6229157,41.342911,0.17841293,45.535328,10505.155,0.2793344,42.848011
-2.3052702,0.12004094,0.12553817,14.618883,-23357.111,-24431.279,1.568e-05,0.2241022,-2.6054256,41.339642,0.17858145,45.575596,10434.688,0.28057346,42.885216
-2.3099968,0.11966822,0.12514648,14.530167,-23404.354,-24480.84,1.5696e-05,0.22430103,-2.587919,41.37632,0.17874883,45.615547,10364.153,0.28067109,42.922234
-2.3147089,0.11929476,0.124754,14.441631,-23451.449,-24530.246,1.5712e-05,0.22437423,-2.5703962,41.389824,0.1789151,45.655178,10293.554,0.28070924,42.959064
-2.3194063,0.11892053,0.12436073,14.353275,-23498.396,-24579.498,1.5728e-05,0.22443435,-2.5528569,41.400913,0.17908023,45.694492,10222.888,0.28051698,42.995705
-2.3240888,0.11854556,0.12396667,14.265095,-23545.197,-24628.594,1.5744e-05,0.2249137,-2.5353017,41.489338,0.17924424,45.733486,10152.158,0.28121892,43.032154
-2.3287566,0.11816984,0.12357183,14.177087,-23591.848,-24677.533,1.576e-05,0.22500311,-2.5177305,41.505829,0.1794071,45.772156,10081.363,0.28230995,43.068405
-2.3334098,0.11779337,0.12317621,14.089249,-23638.352,-24726.316,1.5776e-05,0.22556262,-2.5001433,41.609039,0.17956884,45.810501,10010.504,0.28153476,43.104462
-2.338048,0.11741617,0.12277981,14.001576,-23684.705,-24774.945,1.5792e-05,0.22534837,-2.4825404,41.569519,0.17972945,45.848518,9939.5811,0.28187504,43.140316
-2.3426714,0.11703821,0.12238263,13.914068,-23730.91,-24823.416,1.5808e-05,0.22589476,-2.4649217,41.670315,0.1798889,45.886211,9868.5957,0.28132421,43.175968
-2.3472798,0.11665952,0.12198468,13.82672,-23776.965,-24871.732,1.5824e-05,0.22592175,-2.4472873,41.675289,0.18004724,45.923576,9797.5469,0.2822077,43.211411
-2.3518734,0.11628009,0.12158597,13.739529,-23822.871,-24919.889,1.584e-05,0.22660224,-2.4296377,41.800819,0.18020444,45.960613,9726.4365,0.2825129,43.246647
-2.356452,0.11589993,0.12118648,13.652492,-23868.625,-24967.889,1.5856e-05,0.22632018,-2.4119728,41.748787,0.18036048,45.997314,9655.2637,0.28216347,43.281673
-2.3610158,0.11551903,0.12078623,13.565605,-23914.23,-25015.732,1.5872e-05,0.22688355,-2.3942924,41.852711,0.18051541,46.033684,9584.0293,0.28242135,43.316483
-2.3655643,0.11513741,0.12038521,13.478867,-23959.686,-25063.416,1.5888e-05,0.22701225,-2.3765969,41.87645,0.18066917,46.069717,9512.7344,0.28284708,43.351078
-2.3700979,0.11475505,0.11998344,13.392272,-24004.988,-25110.943,1.5904e-05,0.22733746,-2.3588865,41.936443,0.18082182,46.105412,9441.3799,0.28280586,43.385452
-2.3746166,0.11437197,0.11958091,13.305819,-24050.141,-25158.311,1.592e-05,0.22725731,-2.3411613,41.921658,0.18097331,46.14077,9369.9639,0.28381452,43.419605
-2.3791199,0.11398818,0.11917762,13.219502,-24095.141,-25205.52,1.5936e-05,0.22746,-2.3234212,41.959049,0.18112366,46.175789,9298.4893,0.28316903,43.453533
-2.3836083,0.11360365,0.11877358,13.133322,-24139.99,-25252.568,1.5952e-05,0.22762415,-2.3056664,41.98933,0.18127286,46.210468,9226.9551,0.28367871,43.487232
-2.3880816,0.11321841,0.11836878,13.047271,-24184.686,-25299.459,1.5968e-05,0.22801334,-2.2878971,42.061123,0.18142092,46.244801,9155.3623,0.28377178,43.520699
-2.3925395,0.11283246,0.11796325,12.961349,-24229.23,-25346.188,1.5984e-05,0.22820061,-2.2701132,42.095669,0.18156783,46.27879,9083.7109,0.28302255,43.553932
-2.3969822,0.11244579,0.11755696,12.875551,-24273.623,-25392.758,1.6e-05,0.22786306,-2.252315,42.033401,0.1817136,46.312431,9012.002,0.28405866,43.586929
-2.4014099,0.11205842,0.11714993,12.789874,-24317.861,-25439.168,1.6016e-05,0.2279409,-2.2345028,42.04776,0.18185823,46.345726,8940.2363,0.28428143,43.619682
-2.405822,0.11167034,0.11674216,12.704315,-24361.947,-25485.416,1.6032e-05,0.22894508,-2.2166762,42.232998,0.1820017,46.378674,8868.4131,0.28403577,43.652195
-2.410219,0.11128155,0.11633366,12.618871,-24405.879,-25531.504,1.6048e-05,0.22891194,-2.1988358,42.226883,0.18214402,46.411266,8796.5332,0.2851848,43.68446
-2.4146006,0.11089206,0.11592443,12.533537,-24449.656,-25577.432,1.6064e-05,0.22921713,-2.1809814,42.28318,0.18228519,46.443504,8724.5986,0.28500322,43.716476
-2.418967,0.11050186,0.11551445,12.448312,-24493.281,-25623.197,1.608e-05,0.22912849,-2.1631134,42.266834,0.1824252,46.475391,8652.6074,0.28454542,43.748241
-2.4233179,0.11011098,0.11510375,12.36319,-24536.75,-25668.801,1.6096e-05,0.22936895,-2.1452315,42.311188,0.18256406,46.50692,8580.5615,0.28434247,43.779751
-2.4276533,0.10971939,0.11469232,12.27817,-24580.066,-25714.24,1.6112e-05,0.2294807,-2.1273363,42.331802,0.18270178,46.53809,8508.4609,0.28413799,43.811001
-2.4319735,0.10932711,0.11428017,12.193247,-24623.227,-25759.52,1.6128e-05,0.2296017,-2.1094275,42.354122,0.18283834,46.568901,8436.3057,0.28555712,43.841988
-2.4362781,0.10893414,0.1138673,12.108418,-24666.232,-25804.637,1.6144e-05,0.22981901,-2.0915053,42.394211,0.18297374,46.59935,8364.0977,0.2859737,43.872707
-2.440567,0.10854048,0.1134537,12.023681,-24709.082,-25849.588,1.616e-05,0.23009954,-2.07357,42.445957,0.183108,46.629436,8291.8359,0.28527483,43.90316
-2.4448407,0.10814614,0.1130394,11.939031,-24751.775,-25894.379,1.6176e-05,0.23067215,-2.0556216,42.551586,0.18324108,46.659157,8219.5215,0.28637958,43.933342
-2.4490988,0.10775111,0.11262437,11.854464,-24794.314,-25939.004,1.6192e-05,0.23051339,-2.0376601,42.522301,0.18337302,46.688511,8147.1553,0.28614154,43.963245
-2.4533412,0.1073554,0.11220863,11.769979,-24836.697,-25983.467,1.6208e-05,0.23047872,-2.0196857,42.515903,0.18350381,46.717495,8074.7368,0.28647879,43.992874
-2.4575682,0.10695902,0.11179219,11.68557,-24878.922,-26027.766,1.6224e-05,0.23058429,-2.0016987,42.535381,0.18363342,46.746109,8002.2666,0.28709829,44.022221
-2.4617796,0.10656196,0.11137504,11.601235,-24920.99,-26071.898,1.624e-05,0.23092724,-1.9836992,42.598644,0.18376188,46.774353,7929.7461,0.28620869,44.051277
-2.4659753,0.10616422,0.11095718,11.516972,-24962.902,-26115.867,1.6256e-05,0.23097965,-1.9656869,42.608311,0.18388917,46.802219,7857.1743,0.28733176,44.080051
-2.4701555,0.10576582,0.11053863,11.432775,-25004.656,-26159.672,1.6272e-05,0.2311122,-1.9476624,42.632763,0.1840153,46.829716,7784.5532,0.28579667,44.108528
-2.4743197,0.10536674,0.11011937,11.348642,-25046.254,-26203.311,1.6288e-05,0.23141122,-1.9296254,42.68792,0.18414028,46.856831,7711.8823,0.28643453,44.136711
-2.4784684,0.10496701,0.10969943,11.26457,-25087.693,-26246.785,1.6304e-05,0.23161699,-1.9115763,42.72588,0.18426409,46.883564,7639.1621,0.28581956,44.164597
-2.4826014,0.10456661,0.10927878,11.180554,-25128.975,-26290.092,1.632e-05,0.23163164,-1.8935151,42.72858,0.18438673,46.90992,7566.3936,0.28691977,44.192177
-2.4867187,0.10416555,0.10885745,11.096593,-25170.098,-26333.234,1.6336e-05,0.23218575,-1.8754419,42.830795,0.18450822,46.935894,7493.5767,0.28702506,44.219456
-2.4908199,0.10376383,0.10843544,11.012682,-25211.061,-26376.209,1.6352e-05,0.23209557,-1.8573569,42.814163,0.18462853,46.961479,7420.7119,0.28715628,44.246422
-2.4949057,0.10336145,0.10801273,10.928819,-25251.867,-26419.018,1.6368e-05,0.2318189,-1.8392602,42.763126,0.18474768,46.986679,7347.8003,0.28671834,44.273075
-2.4989755,0.10295843,0.10758934,10.844998,-25292.514,-26461.66,1.6384e-05,0.23205088,-1.8211519,42.805916,0.18486567,47.011494,7274.8413,0.28777429,44.299412
-2.5030296,0.10255475,0.10716528,10.76122,-25333,-26504.135,1.64e-05,0.23239306,-1.803032,42.869038,0.18498248,47.035915,7201.8364,0.28738824,44.325428
-2.5070679,0.10215042,0.10674053,10.677478,-25373.326,-26546.441,1.6416e-05,0.23275141,-1.7849008,42.935143,0.18509813,47.059944,7128.7856,0.28825343,44.351124
-2.51109,0.10174545,0.10631511,10.59377,-25413.494,-26588.58,1.6432e-05,0.23278147,-1.7667582,42.940689,0.18521261,47.08358,7055.689,0.2874859,44.376488
-2.5150967,0.10133983,0.10588903,10.510094,-25453.502,-26630.553,1.6448e-05,0.23268282,-1.7486045,42.922493,0.18532591,47.106819,6982.5479,0.28875545,44.401524
-2.5190871,0.10093358,0.10546227,10.426445,-25493.348,-26672.355,1.6464e-05,0.23284158,-1.7304399,42.951778,0.18543805,47.129658,6909.3618,0.28842434,44.426228
-2.5230618,0.10052669,0.10503484,10.34282,-25533.035,-26713.99,1.648e-05,0.23269901,-1.7122642,42.925476,0.18554902,47.1521,6836.1323,0.28767356,44.450592
-2.5270205,0.10011917,0.10460676,10.259217,-25572.561,-26755.457,1.6496e-05,0.23306584,-1.6940777,42.993149,0.18565881,47.174141,6762.8589,0.28803828,44.474613
-2.5309632,0.099711001,0.10417801,10.175632,-25611.924,-26796.754,1.6512e-05,0.23351052,-1.6758806,43.075176,0.18576743,47.195774,6689.542,0.28800622,44.498291
-2.5348899,0.099302217,0.1037486,10.092063,-25651.127,-26837.881,1.6528e-05,0.2332747,-1.6576729,43.031673,0.18587488,47.217007,6616.1831,0.2890591,44.521618
-2.5388007,0.098892801,0.10331854,10.008505,-25690.168,-26878.84,1.6544e-05,0.233519,-1.6394546,43.07674,0.18598115,47.237827,6542.7817,0.28892025,44.544594
-2.5426955,0.098482758,0.10288782,9.9249563,-25729.047,-26919.629,1.656e-05,0.23392668,-1.6212261,43.151943,0.18608625,47.25824,6469.3384,0.28903165,44.567215
-2.5465741,0.098072097,0.10245647,9.8414135,-25767.764,-26960.246,1.6576e-05,0.23385501,-1.6029872,43.138721,0.18619017,47.278244,6395.854,0.28918272,44.589474
-2.550437,0.097660817,0.10202445,9.7578735,-25806.318,-27000.695,1.6592e-05,0.23390588,-1.5847383,43.148106,0.18629292,47.297829,6322.3291,0.2887753,44.61137
-2.5542836,0.097248912,0.1015918,9.6743326,-25844.711,-27040.973,1.6608e-05,0.23366544,-1.5664793,43.103752,0.18639448,47.317001,6248.7637,0.28899807,44.6329
-2.5581141,0.096836403,0.1011585,9.5907898,-25882.941,-27081.08,1.6624e-05,0.23427425,-1.5482105,43.216061,0.18649489,47.335758,6175.1582,0.28890041,44.65406
-2.5619285,0.096423276,0.10072456,9.5072403,-25921.008,-27121.016,1.664e-05,0.23410702,-1.5299319,43.185211,0.1865941,47.354092,6101.5132,0.28965423,44.674847
-2.5657268,0.096009545,0.10028999,9.4236822,-25958.91,-27160.779,1.6656e-05,0.23403303,-1.5116435,43.171562,0.18669213,47.372005,6027.8296,0.28879359,44.695255
-2.569509,0.095595203,0.099854782,9.3401127,-25996.648,-27200.373,1.6672e-05,0.23429969,-1.4933457,43.220753,0.18678899,47.389496,5954.1074,0.28944364,44.715279
-2.5732751,0.095180258,0.099418946,9.2565279,-26034.225,-27239.793,1.6688e-05,0.23465034,-1.4750384,43.285435,0.18688467,47.406559,5880.3472,0.29001588,44.734921
-2.5770252,0.094764709,0.098982483,9.1729259,-26071.637,-27279.043,1.6704e-05,0.23448773,-1.4567219,43.25544,0.18697916,47.423195,5806.5498,0.28941464,44.754169
-2.5807588,0.094348565,0.098545395,9.089303,-26108.883,-27318.119,1.672e-05,0.23447694,-1.4383961,43.253448,0.18707249,47.439404,5732.7148,0.28954434,44.773029
-2.5844765,0.093931831,0.098107681,9.0056581,-26145.967,-27357.023,1.6736e-05,0.23496555,-1.4200612,43.343582,0.18716462,47.455177,5658.8438,0.28919035,44.791492
-2.5881777,0.093514495,0.097669348,8.9219866,-26182.885,-27395.754,1.6752e-05,0.23508577,-1.4017173,43.365757,0.18725556,47.470516,5584.936,0.28976563,44.809555
-2.5918629,0.093096569,0.097230397,8.8382874,-26219.637,-27434.312,1.6768e-05,0.23494397,-1.3833647,43.3396,0.18734534,47.485424,5510.9927,0.29013947,44.827213
-2.5955317,0.092678055,0.096790835,8.7545567,-26256.225,-27472.697,1.6784e-05,0.23506574,-1.3650032,43.362061,0.18743391,47.499889,5437.0146,0.28979307,44.844463
-2.5991845,0.09225896,0.096350662,8.6707926,-26292.646,-27510.91,1.68e-05,0.23487538,-1.3466332,43.326946,0.18752132,47.513916,5363.0015,0.28957334,44.861305
-2.6028209,0.091839284,0.095909879,8.5869923,-26328.902,-27548.947,1.6816e-05,0.23519136,-1.3282546,43.385235,0.18760754,47.5275,5288.9541,0.28926054,44.877731
-2.6064408,0.091419019,0.095468491,8.5031528,-26364.994,-27586.811,1.6832e-05,0.23563372,-1.3098676,43.466835,0.18769257,47.540642,5214.8726,0.29035464,44.893738
-2.6100447,0.09099818,0.095026493,8.4192734,-26400.918,-27624.5,1.6848e-05,0.23520985,-1.2914724,43.388645,0.18777642,47.553333,5140.7583,0.28952909,44.909325
-2.613632,0.090576768,0.094583906,8.3353491,-26436.676,-27662.016,1.6864e-05,0.23576705,-1.273069,43.491432,0.18785907,47.565578,5066.6108,0.2900708,44.924484
-2.6172032,0.090154782,0.094140716,8.251379,-26472.268,-27699.355,1.688e-05,0.23582408,-1.2546576,43.501949,0.18794055,47.577374,4992.4312,0.29007232,44.939217
-2.6207578,0.08973223,0.09369693,8.1673603,-26507.693,-27736.521,1.6896e-05,0.23561753,-1.2362382,43.463852,0.18802084,47.588715,4918.2192,0.29045838,44.953514
-2.6242962,0.089309111,0.093252555,8.0832911,-26542.951,-27773.512,1.6912e-05,0.23564836,-1.2178111,43.469536,0.18809994,47.599598,4843.9761,0.29025087,44.967377
-2.6278181,0.088885427,0.092807591,7.9991689,-26578.041,-27810.326,1.6928e-05,0.23552197,-1.1993762,43.446224,0.18817785,47.610027,4769.7017,0.29055604,44.980797
-2.6313238,0.088461176,0.092362039,7.9149914,-26612.963,-27846.965,1.6944e-05,0.23595971,-1.1809337,43.52697,0.18825457,47.619999,4695.397,0.29037753,44.993778
-2.6348128,0.088036373,0.091915898,7.8307562,-26647.719,-27883.428,1.696e-05,0.23623638,-1.1624839,43.578007,0.1883301,47.629505,4621.0625,0.29096958,45.00631
-2.6382854,0.087611012,0.091469184,7.7464614,-26682.307,-27919.715,1.6976e-05,0.23612849,-1.1440266,43.558105,0.18840444,47.63855,4546.6978,0.29111606,45.018391
-2.6417415,0.087185092,0.091021895,7.6621051,-26716.725,-27955.826,1.6992e-05,0.23588881,-1.1255622,43.513893,0.18847761,47.647129,4472.3047,0.29101688,45.030014
-2.6451812,0.086758628,0.090574026,7.5776844,-26750.977,-27991.76,1.7008e-05,0.23631191,-1.1070906,43.591942,0.18854956,47.655239,4397.8823,0.29085818,45.041183
-2.6486044,0.086331613,0.090125583,7.4931984,-26785.059,-28027.516,1.7024e-05,0.23576397,-1.0886121,43.490864,0.18862033,47.66288,4323.4321,0.2906293,45.051891
-2.6520109,0.085904054,0.089676574,7.4086442,-26818.973,-28063.098,1.704e-05,0.23596896,-1.0701267,43.528679,0.18868992,47.670044,4248.9541,0.29065523,45.062138
-2.655401,0.085475959,0.089226998,7.3240204,-26852.717,-28098.5,1.7056e-05,0.23604064,-1.0516344,43.541901,0.1887583,47.676739,4174.4487,0.29105806,45.071911
-2.6587744,0.085047312,0.088776857,7.239325,-26886.291,-28133.725,1.7072e-05,0.23607609,-1.0331355,43.548439,0.1888255,47.682953,4099.917,0.29110384,45.081215
-2.6621311,0.084618136,0.088326156,7.1545563,-26919.697,-28168.773,1.7088e-05,0.23650765,-1.0146302,43.628052,0.1888915,47.68869,4025.3586,0.29095584,45.090042
-2.6654713,0.084188424,0.087874897,7.0697122,-26952.934,-28203.643,1.7104e-05,0.2360784,-0.99611843,43.548866,0.18895632,47.693947,3950.7744,0.29117861,45.098392
-2.6687946,0.083758175,0.087423086,6.9847908,-26986,-28238.334,1.712e-05,0.23626259,-0.9776004,43.582844,0.18901993,47.698719,3876.165,0.29062167,45.106262
-2.6721015,0.083327405,0.086970717,6.8997912,-27018.896,-28272.848,1.7136e-05,0.23643598,-0.95907611,43.61483,0.18908235,47.703007,3801.5308,0.29046908,45.113647
-2.6753914,0.082896106,0.086517803,6.8147111,-27051.621,-28307.182,1.7152e-05,0.23622097,-0.9405458,43.575165,0.18914358,47.706802,3726.8718,0.29146397,45.120541
-2.6786647,0.082464278,0.086064346,6.7295489,-27084.178,-28341.338,1.7168e-05,0.23667644,-0.92200959,43.659184,0.18920362,47.710114,3652.1892,0.29097873,45.126942
-2.681921,0.082031935,0.085610338,6.6443038,-27116.562,-28375.314,1.7184e-05,0.23648223,-0.90346754,43.62336,0.18926246,47.712929,3577.4832,0.2909894,45.132851
-2.6851606,0.081599072,0.085155793,6.5589733,-27148.775,-28409.113,1.72e-05,0.23655698,-0.88491976,43.63715,0.1893201,47.715248,3502.7539,0.29083225,45.13826
-2.6883833,0.081165694,0.084700711,6.4735565,-27180.818,-28442.73,1.7216e-05,0.23659398,-0.86636639,43.64397,0.18937655,47.717075,3428.0022,0.290759,45.143169
-2.6915894,0.080731802,0.084245093,6.388052,-27212.689,-28476.17,1.7232e-05,0.23642288,-0.84780753,43.612411,0.1894318,47.718399,3353.2285,0.29113895,45.147572
-2.6947782,0.080297403,0.083788939,6.3024588,-27244.391,-28509.428,1.7248e-05,0.23664252,-0.82924336,43.652927,0.18948585,47.719223,3278.4333,0.29089937,45.151466
-2.6979501,0.07986249,0.083332255,6.2167745,-27275.918,-28542.506,1.7264e-05,0.2363358,-0.81067395,43.596348,0.18953872,47.719547,3203.6169,0.29133579,45.15485
-2.7011049,0.079427078,0.082875051,6.1309991,-27307.275,-28575.404,1.728e-05,0.23672499,-0.79209936,43.66814,0.18959038,47.71936,3128.7798,0.29090548,45.157719
-2.7042429,0.078991167,0.082417324,6.0451307,-27338.459,-28608.123,1.7296e-05,0.23672421,-0.77351981,43.667999,0.18964083,47.71867,3053.9226,0.29145634,45.160069
-2.7073636,0.078554749,0.081959069,5.9591689,-27369.471,-28640.66,1.7312e-05,0.2367404,-0.75493538,43.670982,0.1896901,47.717464,2979.0459,0.29127935,45.1619
-2.7104673,0.07811784,0.081500299,5.8731117,-27400.311,-28673.016,1.7328e-05,0.23691766,-0.73634619,43.703682,0.18973817,47.715752,2904.1497,0.29122439,45.163208
-2.7135537,0.077680439,0.081041023,5.7869587,-27430.979,-28705.191,1.7344e-05,0.23673733,-0.71775234,43.670414,0.18978503,47.71352,2829.2349,0.29144567,45.16399
-2.7166231,0.077242546,0.080581225,5.7007084,-27461.471,-28737.184,1.736e-05,0.23631731,-0.69915396,43.592937,0.18983071,47.710777,2754.302,0.29120761,45.164242
-2.7196751,0.076804169,0.080120921,5.6143603,-27491.793,-28768.996,1.7376e-05,0.23669879,-0.68055111,43.663307,0.18987519,47.707512,2679.3511,0.29123661,45.16396
-2.7227097,0.0763653,0.07966011,5.5279136,-27521.939,-28800.627,1.7392e-05,0.23685291,-0.66194403,43.691738,0.18991844,47.703724,2604.3828,0.29078341,45.163143
-2.7257268,0.075925946,0.0791988,5.4413671,-27551.914,-28832.076,1.7408e-05,0.23634042,-0.64333272,43.597202,0.18996052,47.699413,2529.3977,0.29072237,45.161785
-2.7287269,0.075486124,0.078736983,5.3547206,-27581.715,-28863.342,1.7424e-05,0.23662481,-0.62471741,43.649658,0.1900014,47.69458,2454.3962,0.29129916,45.159889
-2.7317092,0.075045817,0.078274675,5.2679729,-27611.342,-28894.426,1.744e-05,0.23632579,-0.60609812,43.594498,0.19004107,47.689217,2379.3792,0.29027528,45.157448
-2.7346742,0.074605033,0.077811867,5.1811237,-27640.795,-28925.328,1.7456e-05,0.23628956,-0.587475,43.587818,0.19007954,47.683323,2304.3464,0.29090548,45.154461
-2.7376215,0.074163787,0.077348568,5.094172,-27670.072,-28956.047,1.7472e-05,0.2367088,-0.56884813,43.665154,0.19011681,47.676899,2229.2986,0.29106569,45.150925
-2.7405512,0.073722064,0.076884784,5.0071177,-27699.178,-28986.582,1.7488e-05,0.23621866,-0.55021769,43.574738,0.19015288,47.669937,2154.2366,0.29140142,45.146835
-2.7434633,0.07327988,0.076420516,4.91996,-27728.107,-29016.936,1.7504e-05,0.23653848,-0.53158379,43.633736,0.19018775,47.662441,2079.1604,0.28978088,45.142193
-2.7463574,0.072837234,0.075955763,4.8326988,-27756.861,-29047.105,1.752e-05,0.23656237,-0.51294655,43.638145,0.19022141,47.654408,2004.0706,0.29071474,45.13699
-2.749234,0.072394125,0.075490527,4.7453332,-27785.441,-29077.092,1.7536e-05,0.23631884,-0.49430603,43.59322,0.19025388,47.645832,1928.9679,0.29113284,45.131229
-2.7520928,0.071950562,0.075024813,4.6578631,-27813.846,-29106.895,1.7552e-05,0.23658703,-0.47566241,43.642693,0.19028515,47.636715,1853.8525,0.29069185,45.124905
-2.7549334,0.071506545,0.074558631,4.5702882,-27842.076,-29136.512,1.7568e-05,0.23623715,-0.45701578,43.578152,0.1903152,47.627052,1778.7251,0.29069033,45.118015
-2.7577562,0.071062073,0.074091978,4.4826088,-27870.129,-29165.947,1.7584e-05,0.2359651,-0.43836626,43.527966,0.19034407,47.61684,1703.5861,0.29020509,45.110558
-2.760561,0.070617147,0.073624857,4.394824,-27898.008,-29195.197,1.76e-05,0.23601289,-0.41971397,43.536781,0.19037172,47.606083,1628.4358,0.29050264,45.102531
-2.7633476,0.070171781,0.073157266,4.3069339,-27925.711,-29224.264,1.7616e-05,0.23621558,-0.40105906,43.574169,0.19039817,47.594769,1553.2749,0.29026306,45.093929
-2.7661161,0.069725975,0.072689213,4.2189384,-27953.238,-29253.145,1.7632e-05,0.23613928,-0.38240159,43.560097,0.19042343,47.582905,1478.1038,0.29109317,45.084755
-2.7688663,0.069279723,0.072220705,4.1308379,-27980.588,-29281.842,1.7648e-05,0.23585644,-0.3637417,43.507923,0.19044748,47.570484,1402.923,0.29106265,45.075005
-2.7715983,0.068833038,0.071751736,4.0426316,-28007.762,-29310.354,1.7664e-05,0.23639207,-0.34507951,43.606724,0.19047032,47.557507,1327.7329,0.29128391,45.064674
-2.7743118,0.068385914,0.07128232,3.9543204,-28034.76,-29338.68,1.768e-05,0.23566763,-0.32641515,43.473091,0.19049197,47.543972,1252.5339,0.29027832,45.053764
-2.7770069,0.067938365,0.070812449,3.8659041,-28061.58,-29366.82,1.7696e-05,0.23542255,-0.30774873,43.427883,0.1905124,47.529873,1177.3268,0.29035464,45.042267
-2.7796836,0.067490377,0.070342131,3.7773831,-28088.225,-29394.775,1.7712e-05,0.2354873,-0.28908035,43.439827,0.19053164,47.515209,1102.1118,0.29046908,45.030186
-2.7823417,0.067041971,0.069871373,3.6887572,-28114.691,-29422.547,1.7728e-05,0.23548806,-0.27041018,43.439968,0.19054969,47.499981,1026.8894,0.29013184,45.017517
-2.784981,0.066593133,0.069400169,3.6000271,-28140.98,-29450.131,1.7744e-05,0.23536244,-0.25173828,43.416794,0.19056651,47.484184,951.66016,0.28989685,45.004261
-2.7876017,0.066143885,0.068928532,3.511193,-28167.094,-29477.529,1.776e-05,0.23558748,-0.23306477,43.458305,0.19058214,47.467819,876.4245,0.28966796,44.99041
-2.7902038,0.065694213,0.068456456,3.4222555,-28193.027,-29504.74,1.7776e-05,0.23579633,-0.21438982,43.496834,0.19059657,47.450878,801.18292,0.28925291,44.975967
-2.7927868,0.065244123,0.067983948,3.3332148,-28218.785,-29531.766,1.7792e-05,0.23489003,-0.19571349,43.329647,0.19060978,47.433369,725.93585,0.29007232,44.96093
-2.795351,0.064793624,0.067511007,3.2440712,-28244.365,-29558.605,1.7808e-05,0.23462954,-0.17703594,43.281597,0.19062179,47.415279,650.68384,0.28993347,44.945293
-2.7978961,0.064342715,0.067037642,3.1548257,-28269.766,-29585.258,1.7824e-05,0.23518211,-0.15835726,43.38353,0.1906326,47.396618,575.42731,0.28967559,44.929058
-2.8004222,0.063891403,0.06656386,3.0654786,-28294.99,-29611.723,1.784e-05,0.23519829,-0.1396776,43.386513,0.19064221,47.377373,500.16672,0.29010591,44.912224
-2.8029292,0.063439682,0.066089652,2.9760308,-28320.035,-29638.002,1.7856e-05,0.23509656,-0.12099704,43.367748,0.19065061,47.357548,424.90259,0.29046297,44.894787
-2.8054171,0.062987566,0.065615021,2.8864827,-28344.9,-29664.092,1.7872e-05,0.23497865,-0.10231572,43.345997,0.19065781,47.337139,349.63538,0.28978851,44.876743
-2.8078854,0.062535048,0.065139987,2.7968352,-28369.588,-29689.996,1.7888e-05,0.23487461,-0.083633751,43.326805,0.1906638,47.316147,274.36557,0.28910947,44.858097
-2.8103347,0.062082138,0.064664535,2.7070889,-28394.098,-29715.713,1.7904e-05,0.23470968,-0.064951263,43.296383,0.1906686,47.294567,199.09366,0.28882411,44.838844
-2.8127644,0.061628837,0.064188674,2.617245,-28418.428,-29741.24,1.792e-05,0.23470737,-0.046268355,43.295956,0.19067217,47.272396,123.82007,0.28895992,44.818981
-2.8151746,0.061175141,0.063712403,2.5273042,-28442.578,-29766.582,1.7936e-05,0.23443456,-0.02758516,43.245628,0.19067456,47.249638,48.545303,0.28926054,44.798512
-2.8175654,0.060721062,0.063235737,2.4372673,-28466.549,-29791.734,1.7952e-05,0.23436828,-0.0089017898,43.233402,0.19067574,47.226288,-26.730164,0.28925902,44.777428
-2.8199365,0.060266599,0.062758669,2.3471353,-28490.342,-29816.699,1.7968e-05,0.23413862,0.0097816363,43.19104,0.19067571,47.202339,-102.00585,0.28867611,44.755733
-2.8222878,0.059811756,0.062281206,2.2569091,-28513.955,-29841.475,1.7984e-05,0.23422262,0.028465001,43.206535,0.19067447,47.177799,-177.2813,0.28919798,44.733425
-2.8246195,0.059356537,0.061803352,2.1665902,-28537.387,-29866.062,1.8e-05,0.23409547,0.047148187,43.183079,0.19067204,47.15266,-252.55602,0.28927884,44.710503
-2.8269312,0.058900941,0.061325103,2.0761793,-28560.641,-29890.461,1.8016e-05,0.2337371,0.065831073,43.11697,0.19066839,47.126926,-327.82953,0.28870204,44.686966
-2.8292232,0.058444973,0.060846467,1.9856778,-28583.713,-29914.672,1.8032e-05,0.23365541,0.084513545,43.101902,0.19066355,47.10059,-403.10138,0.2887997,44.662811
-2.8314953,0.057988632,0.06036745,1.8950866,-28606.605,-29938.693,1.8048e-05,0.23353827,0.10319548,43.080292,0.1906575,47.07365,-478.37106,0.28912932,44.638039
-2.8337474,0.057531931,0.05988805,1.8044072,-28629.318,-29962.525,1.8064e-05,0.23344424,0.12187677,43.06295,0.19065024,47.046104,-553.63812,0.28860438,44.612644
-2.8359795,0.057074863,0.05940827,1.7136407,-28651.852,-29986.168,1.808e-05,0.23313829,0.14055729,43.006512,0.19064179,47.017956,-628.9021,0.28811914,44.586636
-2.8381913,0.056617435,0.058928117,1.6227884,-28674.203,-30009.621,1.8096e-05,0.23308666,0.15923691,42.996986,0.19063212,46.989201,-704.16248,0.28882411,44.560005
-2.8403831,0.056159649,0.058447588,1.5318518,-28696.373,-30032.885,1.8112e-05,0.23287241,0.17791553,42.957462,0.19062126,46.959839,-779.41882,0.28782311,44.532753
-2.8425546,0.055701509,0.057966694,1.4408321,-28718.363,-30055.959,1.8128e-05,0.23261423,0.19659303,42.90984,0.19060919,46.929867,-854.67065,0.2880047,44.504879
-2.8447058,0.055243019,0.057485431,1.3497308,-28740.172,-30078.844,1.8144e-05,0.23260114,0.21526928,42.907421,0.19059591,46.899281,-929.91742,0.2866573,44.476379
-2.8468368,0.054784179,0.057003807,1.2585496,-28761.799,-30101.539,1.816e-05,0.23251481,0.23394419,42.891499,0.19058143,46.868084,-1005.1588,0.28719595,44.447262
-2.8489475,0.054324992,0.056521822,1.1672896,-28783.246,-30124.043,1.8176e-05,0.23242542,0.2526176,42.875008,0.19056575,46.836273,-1080.3942,0.28693196,44.417519
-2.851038,0.053865463,0.056039482,1.0759525,-28804.512,-30146.355,1.8192e-05,0.23225126,0.27128944,42.84288,0.19054887,46.803848,-1155.623,0.28735772,44.387154
-2.8531077,0.05340559,0.055556785,0.98453993,-28825.596,-30168.48,1.8208e-05,0.23152143,0.28995955,42.708252,0.19053076,46.770805,-1230.8451,0.28628346,44.356159
-2.8551574,0.052945383,0.055073738,0.89305347,-28846.496,-30190.412,1.8224e-05,0.23202083,0.30862781,42.800373,0.19051148,46.737144,-1306.0598,0.28695944,44.324547
-2.8571863,0.05248484,0.054590344,0.80149472,-28867.217,-30212.154,1.824e-05,0.23166014,0.32729414,42.733841,0.19049098,46.702866,-1381.2666,0.28665119,44.292305
-2.8591948,0.05202397,0.054106604,0.70986539,-28887.756,-30233.707,1.8256e-05,0.2316694,0.34595841,42.735546,0.19046928,46.667965,-1456.4651,0.285992,44.259438
-2.8611827,0.051562767,0.053622525,0.61816716,-28908.111,-30255.066,1.8272e-05,0.23148906,0.36462048,42.702278,0.19044638,46.632442,-1531.6547,0.28662831,44.225948
-2.8631501,0.051101238,0.053138103,0.52640182,-28928.285,-30276.236,1.8288e-05,0.23099197,0.38328025,42.610584,0.19042227,46.596298,-1606.8351,0.28587145,44.19183
-2.865097,0.050639387,0.05265335,0.43457106,-28948.275,-30297.215,1.8304e-05,0.23108831,0.4019376,42.628353,0.19039696,46.559532,-1682.0057,0.2861751,44.157089
-2.8670235,0.050177217,0.052168261,0.34267673,-28968.086,-30318.002,1.832e-05,0.23067138,0.42059243,42.551445,0.19037044,46.522141,-1757.1661,0.28576311,44.121723
-2.8689291,0.049714729,0.051682841,0.25072065,-28987.711,-30338.596,1.8336e-05,0.23098196,0.43924457,42.608738,0.19034274,46.484123,-1832.3158,0.28594929,44.085728
-2.8708146,0.049251929,0.0511971,0.15870465,-29007.156,-30359,1.8352e-05,0.23034154,0.45789397,42.490597,0.19031382,46.445477,-1907.4543,0.28487045,44.04911
-2.872679,0.048788816,0.050711032,0.066630639,-29026.416,-30379.211,1.8368e-05,0.2303793,0.47654045,42.497562,0.1902837,46.406204,-1982.5813,0.28580889,44.011868
-2.8745232,0.048325393,0.050224643,-0.025499485,-29045.494,-30399.232,1.8384e-05,0.23038007,0.49518391,42.497707,0.19025238,46.366302,-2057.696,0.2844905,43.974003
-2.8763468,0.047861669,0.049737938,-0.11768379,-29064.389,-30419.061,1.84e-05,0.22978511,0.51382428,42.387955,0.19021985,46.325771,-2132.7981,0.28522599,43.935509
-2.8781497,0.04739764,0.049250919,-0.20992032,-29083.102,-30438.695,1.8416e-05,0.22964947,0.5324614,42.362934,0.19018613,46.284611,-2207.8872,0.28413954,43.896397
-2.8799324,0.046933312,0.048763588,-0.30220708,-29101.629,-30458.139,1.8432e-05,0.22926491,0.55109513,42.291996,0.1901512,46.242821,-2282.9626,0.28582415,43.856655
-2.8816943,0.04646869,0.048275951,-0.39454207,-29119.975,-30477.391,1.8448e-05,0.22917166,0.56972539,42.274796,0.19011508,46.200394,-2358.0242,0.28455001,43.816296
-2.883436,0.04600377,0.047788009,-0.48692325,-29138.137,-30496.449,1.8464e-05,0.22893351,0.58835208,42.230865,0.19007775,46.157337,-2433.0713,0.28550982,43.775311
-2.8851571,0.045538563,0.047299761,-0.57934862,-29156.113,-30515.314,1.848e-05,0.22859751,0.60697502,42.16888,0.19003922,46.113647,-2508.1033,0.28373516,43.733704
-2.886858,0.045073066,0.046811219,-0.67181605,-29173.908,-30533.988,1.8496e-05,0.22788849,0.62559414,42.03809,0.18999949,46.069324,-2583.1199,0.28372905,43.691479
-2.8885384,0.044607285,0.046322379,-0.76432347,-29191.518,-30552.469,1.8512e-05,0.22777982,0.64420927,42.018047,0.18995857,46.024368,-2658.1204,0.28368634,43.648632
-2.8901985,0.044141226,0.045833245,-0.8568688,-29208.943,-30570.756,1.8528e-05,0.2278754,0.66282034,42.035675,0.18991643,45.978771,-2733.1047,0.28342691,43.605164
-2.8918386,0.043674883,0.045343824,-0.9494499,-29226.186,-30588.85,1.8544e-05,0.2272103,0.6814273,41.912987,0.18987311,45.932545,-2808.072,0.28333843,43.561081
-2.8934584,0.043208268,0.044854116,-1.0420647,-29243.244,-30606.75,1.856e-05,0.22777751,0.70002985,42.01762,0.18982859,45.885681,-2883.0222,0.282902,43.516376
-2.8950579,0.042741377,0.044364125,-1.1347109,-29260.117,-30624.459,1.8576e-05,0.2271055,0.71862805,41.893654,0.18978286,45.838177,-2957.9543,0.28265938,43.471058
-2.8966377,0.042274218,0.043873854,-1.2273864,-29276.807,-30641.973,1.8592e-05,0.22683422,0.73722172,41.843613,0.18973593,45.790039,-3032.8682,0.28230995,43.425125
-2.8981974,0.041806791,0.043383304,-1.320089,-29293.311,-30659.293,1.8608e-05,0.2263248,0.75581068,41.749641,0.1896878,45.741264,-3107.7634,0.28235877,43.378578
-2.8997374,0.041339099,0.042892482,-1.4128165,-29309.631,-30676.42,1.8624e-05,0.22635871,0.77439487,41.755898,0.18963848,45.691853,-3182.6394,0.28315073,43.331417
-2.9012575,0.040871147,0.042401388,-1.5055668,-29325.766,-30693.354,1.864e-05,0.2257468,0.79297417,41.643017,0.18958797,45.641804,-3257.4956,0.28228095,43.283646
-2.9027579,0.040402938,0.041910026,-1.5983377,-29341.717,-30710.094,1.8656e-05,0.22605045,0.81154853,41.699032,0.18953624,45.591118,-3332.3318,0.28136539,43.23526
-2.9042387,0.039934471,0.0414184,-1.6911267,-29357.48,-30726.639,1.8672e-05,0.22551405,0.8301177,41.600086,0.18948333,45.539791,-3407.1472,0.28194067,43.186268
-2.9057,0.039465751,0.040926512,-1.7839319,-29373.062,-30742.99,1.8688e-05,0.22497536,0.84868163,41.500713,0.18942922,45.487827,-3481.9414,0.28094578,43.136669
-2.9071419,0.038996786,0.040434368,-1.8767507,-29388.457,-30759.146,1.8704e-05,0.2248143,0.86724019,41.471001,0.18937391,45.435226,-3556.7141,0.28128758,43.086464
-2.9085648,0.038527574,0.039941963,-1.9695812,-29403.666,-30775.109,1.872e-05,0.22457077,0.88579333,41.426075,0.18931742,45.381989,-3631.4646,0.28066501,43.035652
-2.9099681,0.038058117,0.039449312,-2.0624211,-29418.691,-30790.879,1.8736e-05,0.22440737,0.9043408,41.395939,0.18925971,45.328114,-3706.1926,0.28057346,42.984238
-2.9113529,0.037588418,0.038956407,-2.1552677,-29433.531,-30806.453,1.8752e-05,0.22380549,0.92288262,41.284908,0.18920082,45.273598,-3780.8977,0.27995086,42.932224
-2.9127185,0.037118483,0.038463257,-2.2481194,-29448.184,-30821.832,1.8768e-05,0.22372302,0.94141859,41.269695,0.18914072,45.218449,-3855.5793,0.27998292,42.879612
-2.9140654,0.036648314,0.037969865,-2.3409734,-29462.652,-30837.018,1.8784e-05,0.22383632,0.9599486,41.290596,0.18907945,45.162659,-3930.2368,0.27958006,42.826401
-2.9153936,0.036177915,0.037476234,-2.4338276,-29476.936,-30852.006,1.88e-05,0.22298472,0.97847253,41.133503,0.18901697,45.106232,-4004.8701,0.27896512,42.772591
-2.9167032,0.035707287,0.036982365,-2.52668,-29491.031,-30866.803,1.8816e-05,0.22255392,0.99699032,41.054035,0.1889533,45.049171,-4079.4783,0.2793771,42.718193
-2.9179947,0.035236433,0.036488261,-2.6195281,-29504.941,-30881.402,1.8832e-05,0.22254005,1.0155017,41.051476,0.18888843,44.99147,-4154.061,0.27840051,42.6632
-2.9192679,0.034765355,0.03599393,-2.7123694,-29518.666,-30895.807,1.8848e-05,0.22212081,1.0340068,40.974136,0.18882236,44.933136,-4228.6182,0.27774131,42.607616
-2.9205229,0.034294058,0.035499368,-2.8052022,-29532.205,-30910.018,1.8864e-05,0.22157748,1.0525054,40.873913,0.18875511,44.874168,-4303.1489,0.27771235,42.551445
-2.9217603,0.033822544,0.035004586,-2.8980238,-29545.559,-30924.031,1.888e-05,0.22148037,1.0709972,40.855999,0.18868667,44.814564,-4377.6528,0.27816552,42.49469
-2.9229798,0.033350818,0.034509577,-2.9908321,-29558.725,-30937.852,1.8896e-05,0.22106268,1.0894824,40.778946,0.18861704,44.754326,-4452.1299,0.27703634,42.437351
-2.9241817,0.032878879,0.034014355,-3.0836246,-29571.703,-30951.475,1.8912e-05,0.2209255,1.1079606,40.753643,0.1885462,44.693451,-4526.5786,0.27722099,42.379433
-2.9253662,0.032406736,0.033518918,-3.1763995,-29584.498,-30964.902,1.8928e-05,0.22041686,1.1264318,40.659813,0.18847418,44.631947,-4600.9995,0.2772454,42.320934
-2.9265335,0.031934384,0.033023268,-3.2691543,-29597.104,-30978.135,1.8944e-05,0.21982266,1.1448959,40.550205,0.18840097,44.569809,-4675.3916,0.27617267,42.26186
-2.9276836,0.031461831,0.032527406,-3.3618867,-29609.525,-30991.172,1.896e-05,0.21953984,1.1633528,40.498032,0.18832657,44.507042,-4749.7544,0.27631307,42.202209
-2.9288168,0.030989083,0.032031342,-3.4545949,-29621.76,-31004.014,1.8976e-05,0.21933791,1.1818024,40.460785,0.18825099,44.443645,-4824.0879,0.27570269,42.141991
-2.9299333,0.030516136,0.031535078,-3.5472763,-29633.807,-31016.66,1.8992e-05,0.21954523,1.2002444,40.499027,0.1881742,44.379616,-4898.3911,0.275956,42.081203
-2.9310334,0.030042997,0.03103861,-3.6399288,-29645.666,-31029.109,1.9008e-05,0.2184239,1.218679,40.292179,0.18809624,44.31496,-4972.6641,0.27568743,42.019848
-2.932117,0.029569669,0.030541949,-3.7325501,-29657.34,-31041.363,1.9024e-05,0.21826515,1.2371057,40.262894,0.18801709,44.249676,-5046.9058,0.27468643,41.957932
-2.9331844,0.029096153,0.030045094,-3.8251383,-29668.826,-31053.42,1.904e-05,0.2180509,1.2555248,40.22337,0.18793674,44.183765,-5121.1157,0.27484816,41.895451
-2.9342356,0.028622454,0.029548049,-3.917691,-29680.127,-31065.281,1.9056e-05,0.21764013,1.2739358,40.147598,0.18785521,44.117229,-5195.2939,0.27438429,41.832417
-2.935271,0.028148575,0.029050818,-4.0102062,-29691.238,-31076.947,1.9072e-05,0.21709758,1.2923388,40.047516,0.1877725,44.050072,-5269.4399,0.27428815,41.768826
-2.9362907,0.027674517,0.028553404,-4.1026821,-29702.164,-31088.416,1.9088e-05,0.21688873,1.3107337,40.008987,0.18768859,43.982288,-5343.5532,0.27351147,41.704681
-2.937295,0.027200283,0.028055809,-4.195116,-29712.902,-31099.688,1.9104e-05,0.21684866,1.3291202,40.001595,0.1876035,43.913887,-5417.6328,0.27330545,41.639988
-2.9382839,0.026725879,0.027558036,-4.2875061,-29723.453,-31110.764,1.912e-05,0.21623443,1.3474984,39.88829,0.18751723,43.844864,-5491.6782,0.27305827,41.574745
-2.9392576,0.026251305,0.02706009,-4.3798499,-29733.816,-31121.645,1.9136e-05,0.21558322,1.365868,39.768162,0.18742977,43.775219,-5565.6899,0.27265999,41.508965
-2.9402163,0.025776567,0.026561974,-4.4721465,-29743.992,-31132.326,1.9152e-05,0.21553929,1.3842291,39.760059,0.18734114,43.704964,-5639.6665,0.27248451,41.442642
-2.9411602,0.025301665,0.026063688,-4.5643926,-29753.98,-31142.812,1.9168e-05,0.21467768,1.4025813,39.60112,0.18725131,43.634087,-5713.6084,0.27281412,41.375782
-2.9420893,0.024826603,0.025565239,-4.6565871,-29763.781,-31153.102,1.9184e-05,0.21419832,1.4209248,39.512695,0.1871603,43.562599,-5787.5142,0.27175817,41.308388
-2.9430041,0.024351384,0.025066627,-4.7487273,-29773.395,-31163.195,1.92e-05,0.21382378,1.4392592,39.443604,0.1870681,43.490501,-5861.3838,0.27159947,41.240463
-2.9439044,0.023876011,0.024567857,-4.8408122,-29782.82,-31173.092,1.9216e-05,0.21376982,1.4575846,39.433651,0.18697473,43.417789,-5935.2168,0.27105168,41.172012
-2.9447906,0.023400489,0.024068933,-4.9328389,-29792.059,-31182.791,1.9232e-05,0.21289049,1.4759008,39.271442,0.18688019,43.344471,-6009.0127,0.27134463,41.103035
-2.9456627,0.022924818,0.023569856,-5.024806,-29801.109,-31192.293,1.9248e-05,0.21309164,1.4942075,39.308548,0.18678446,43.270546,-6082.771,0.26985991,41.033539
-2.946521,0.022449002,0.02307063,-5.1167116,-29809.973,-31201.598,1.9264e-05,0.21248204,1.5125049,39.196098,0.18668754,43.196014,-6156.4912,0.27031463,40.963524
-2.9473658,0.021973044,0.022571258,-5.2085538,-29818.646,-31210.705,1.928e-05,0.21209748,1.5307928,39.125156,0.18658945,43.12088,-6230.1733,0.26974243,40.892998
-2.9481966,0.021496948,0.022071745,-5.3003306,-29827.133,-31219.615,1.9296e-05,0.21167824,1.549071,39.047821,0.18649018,43.045147,-6303.8159,0.26959747,40.82196
-2.9490142,0.021020716,0.021572093,-5.3920403,-29835.432,-31228.33,1.9312e-05,0.21130599,1.5673393,38.979156,0.18638973,42.968811,-6377.4194,0.26884824,40.750416
-2.9498186,0.02054435,0.021072302,-5.4836817,-29843.541,-31236.846,1.9328e-05,0.21053609,1.5855979,38.837132,0.1862881,42.891884,-6450.9834,0.26790828,40.678368
-2.9506097,0.020067856,0.020572379,-5.5752521,-29851.465,-31245.166,1.9344e-05,0.21046828,1.6038463,38.824623,0.1861853,42.814358,-6524.5063,0.26786095,40.605824
-2.9513876,0.019591235,0.020072328,-5.6667504,-29859.199,-31253.287,1.936e-05,0.20957893,1.6220846,38.660564,0.18608132,42.73624,-6597.9888,0.26815546,40.53278
-2.9521527,0.019114489,0.019572148,-5.7581754,-29866.744,-31261.211,1.9376e-05,0.20938857,1.6403127,38.62545,0.18597618,42.657536,-6671.4302,0.26763818,40.459248
-2.9529049,0.018637624,0.019071845,-5.8495245,-29874.102,-31268.938,1.9392e-05,0.20866799,1.6585305,38.492527,0.18586984,42.578243,-6744.8296,0.26628163,40.385223
-2.9536443,0.018160639,0.018571422,-5.9407964,-29881.271,-31276.467,1.9408e-05,0.2083867,1.6767377,38.440639,0.18576235,42.498363,-6818.1865,0.2665517,40.310719
-2.9543712,0.017683541,0.01807088,-6.0319896,-29888.252,-31283.799,1.9424e-05,0.20787805,1.6949344,38.346809,0.18565367,42.4179,-6891.501,0.26623738,40.235729
-2.9550855,0.017206332,0.017570226,-6.1231031,-29895.045,-31290.934,1.944e-05,0.20739639,1.7131203,38.257957,0.18554382,42.336861,-6964.7725,0.26587269,40.160267
-2.9557872,0.016729012,0.017069459,-6.2141347,-29901.648,-31297.869,1.9456e-05,0.20693168,1.7312955,38.172234,0.18543279,42.255241,-7038.0005,0.26515701,40.084328
-2.9564764,0.016251588,0.016568586,-6.3050833,-29908.064,-31304.607,1.9472e-05,0.20619877,1.7494596,38.037037,0.1853206,42.17305,-7111.1841,0.2648564,40.007923
-2.9571536,0.01577406,0.016067607,-6.3959475,-29914.293,-31311.148,1.9488e-05,0.20618027,1.7676128,38.033623,0.18520725,42.090282,-7184.3232,0.26456496,39.931053
-2.9578183,0.015296434,0.015566528,-6.4867263,-29920.33,-31317.492,1.9504e-05,0.20556682,1.7857548,37.920464,0.1850927,42.00695,-7257.4175,0.26467481,39.853722
-2.9584706,0.01481871,0.01506535,-6.5774174,-29926.182,-31323.639,1.952e-05,0.20516068,1.8038855,37.845543,0.18497701,41.92305,-7330.4663,0.263567,39.775936
-2.9591107,0.014340893,0.014564076,-6.6680202,-29931.842,-31329.586,1.9536e-05,0.20465435,1.8220048,37.75214,0.18486014,41.838585,-7403.4692,0.26357922,39.697697
-2.9597387,0.013862986,0.01406271,-6.758533,-29937.314,-31335.336,1.9552e-05,0.20401701,1.8401126,37.634571,0.18474209,41.753559,-7476.4253,0.2625019,39.619007
-2.9603546,0.013384991,0.013561256,-6.8489556,-29942.6,-31340.887,1.9568e-05,0.20342205,1.8582088,37.524818,0.1846229,41.667976,-7549.335,0.26249275,39.539875
-2.9609582,0.012906912,0.013059717,-6.9392858,-29947.695,-31346.24,1.9584e-05,0.20318931,1.8762932,37.481888,0.18450253,41.581841,-7622.1978,0.26145056,39.460304
-2.9615498,0.01242875,0.012558094,-7.0295224,-29952.602,-31351.396,1.96e-05,0.20275696,1.8943658,37.402134,0.18438099,41.495155,-7695.0122,0.26135594,39.380295
-2.9621289,0.011950511,0.012056393,-7.1196656,-29957.318,-31356.355,1.9616e-05,0.20232077,1.9124265,37.321667,0.18425828,41.407921,-7767.7783,0.26084018,39.299858
-2.9626958,0.011472195,0.011554615,-7.209713,-29961.848,-31361.113,1.9632e-05,0.20180903,1.930475,37.227272,0.18413442,41.320141,-7840.4961,0.26101413,39.21899
-2.9632506,0.010993808,0.011052764,-7.2996645,-29966.188,-31365.676,1.9648e-05,0.20115243,1.9485114,37.106148,0.18400939,41.231819,-7913.165,0.26011842,39.137703
-2.9637933,0.010515351,0.010550843,-7.3895187,-29970.34,-31370.039,1.9664e-05,0.20092894,1.9665353,37.064922,0.18388321,41.14296,-7985.7837,0.25943175,39.055996
-2.9643235,0.010036827,0.010048856,-7.4792747,-29974.301,-31374.205,1.968e-05,0.20016211,1.984547,36.923466,0.18375586,41.053566,-8058.353,0.25934172,38.973873
-2.9648411,0.00955824,0.0095468052,-7.5689321,-29978.074,-31378.172,1.9696e-05,0.19980992,2.0025461,36.858498,0.18362734,40.963642,-8130.8716,0.25876492,38.891342
-2.9653466,0.0090795932,0.0090446938,-7.6584892,-29981.658,-31381.941,1.9712e-05,0.19929357,2.0205324,36.763248,0.18349767,40.873188,-8203.3389,0.25884274,38.808407
-2.9658394,0.0086008888,0.0085425256,-7.7479467,-29985.055,-31385.512,1.9728e-05,0.19865546,2.0385063,36.645538,0.18336684,40.782211,-8275.7549,0.25764337,38.725071
-2.9663193,0.0081221294,0.0080403034,-7.8373027,-29988.262,-31388.885,1.9744e-05,0.19805974,2.0564671,36.535645,0.18323484,40.690716,-8348.1191,0.25731835,38.641338
-2.9667869,0.0076433192,0.0075380304,-7.9265566,-29991.277,-31392.059,1.976e-05,0.19769444,2.0744147,36.468258,0.1831017,40.598701,-8420.4307,0.25691855,38.557217
-2.9672415,0.0071644606,0.0070357099,-8.0157089,-29994.105,-31395.033,1.9776e-05,0.19714572,2.0923495,36.367039,0.18296739,40.506172,-8492.6904,0.25620747,38.472706
-2.9676831,0.0066855568,0.0065333452,-8.1047573,-29996.746,-31397.812,1.9792e-05,0.19660085,2.110271,36.266529,0.18283194,40.413139,-8564.8955,0.255945,38.387814
-2.9681115,0.0062066107,0.0060309386,-8.1937027,-29999.195,-31400.391,1.9808e-05,0.19615002,2.1281791,36.183365,0.18269533,40.319599,-8637.0479,0.25567949,38.302544
-2.9685271,0.0057276259,0.0055284943,-8.2825441,-30001.457,-31402.771,1.9824e-05,0.19546489,2.1460738,36.05698,0.18255755,40.225555,-8709.1455,0.25461897,38.216896
-2.9689291,0.0052486043,0.005026015,-8.3712816,-30003.529,-31404.955,1.984e-05,0.19478747,2.163955,35.932018,0.18241863,40.131016,-8781.1895,0.2546846,38.130886
-2.9693174,0.0047695497,0.0045235041,-8.4599142,-30005.412,-31406.939,1.9856e-05,0.19433354,2.1818225,35.848282,0.18227856,40.035984,-8853.1777,0.25411847,38.04451
-2.9696925,0.0042904653,0.0040209643,-8.5484419,-30007.105,-31408.725,1.9872e-05,0.19363995,2.1996763,35.720337,0.18213734,39.94046,-8925.1104,0.25359964,37.957771
-2.9700534,0.0038113534,0.0035183995,-8.6368647,-30008.609,-31410.312,1.9888e-05,0.19327927,2.2175159,35.653805,0.18199496,39.844452,-8996.9873,0.25328684,37.870682
-2.9704006,0.0033322175,0.0030158123,-8.7251825,-30009.926,-31411.701,1.9904e-05,0.19258566,2.2353418,35.525856,0.18185143,39.747963,-9068.8076,0.25144961,37.783241
-2.9707334,0.0028530606,0.0025132061,-8.8133945,-30011.051,-31412.893,1.992e-05,0.19255252,2.2531536,35.519745,0.18170676,39.651001,-9140.5713,0.25152898,37.695457
-2.9710522,0.0023738856,0.0020105839,-8.9015007,-30011.988,-31413.885,1.9936e-05,0.19138804,2.270951,35.304935,0.18156095,39.553562,-9212.2773,0.25163427,37.607334
-2.9713562,0.0018946958,0.001507949,-8.989501,-30012.736,-31414.678,1.9952e-05,0.19112371,2.288734,35.256172,0.18141398,39.455658,-9283.9258,0.25126651,37.518871
-2.9716454,0.0014154939,0.0010053046,-9.0773964,-30013.295,-31415.273,1.9968e-05,0.19066438,2.3065026,35.171444,0.18126586,39.357285,-9355.5156,0.24997254,37.43008
-2.9719198,0.00093628309,0.00050265389,-9.1651859,-30013.664,-31415.67,1.9984e-05,0.1902305,2.3242569,35.091404,0.1811166,39.258457,-9427.0469,0.25056002,37.340961
-2.9721792,0.00045706631,2.4502969e-17,-9.2528706,-30013.846,-31415.869,2e-05,0.18905137,2.3419962,34.873894,0.1809662,39.159172,-9498.5186,0.2499527,37.251522
-2.9724231,-2.2153235e-05,-0.00050265389,-9.3404493,-30013.836,-31415.869,2.0016e-05,0.18859746,2.3597207,34.790157,0.18081465,39.059437,-9569.9316,0.24886319,37.161766
-2.9726515,-0.00050137279,-0.0010053046,-9.4279232,-30013.639,-31415.67,2.0032e-05,0.18836547,2.3774304,34.747368,0.18066196,38.959259,-9641.2842,0.24958953,37.071701
-2.9728639,-0.00098058896,-0.001507949,-9.5152931,-30013.25,-31415.273,2.0048e-05,0.18774201,2.3951252,34.632359,0.18050814,38.858635,-9712.5762,0.24872281,36.981327
-2.9730606,-0.0014597991,-0.0020105839,-9.6025581,-30012.674,-31414.678,2.0064e-05,0.18672164,2.4128048,34.444134,0.18035316,38.75758,-9783.8076,0.24786371,36.890652
-2.9732411,-0.001939,-0.0025132061,-9.6897202,-30011.908,-31413.885,2.008e-05,0.18623689,2.430469,34.354713,0.18019706,38.65609,-9854.9766,0.24622944,36.799679
-2.9734051,-0.0024181886,-0.0030158123,-9.7767782,-30010.953,-31412.893,2.0096e-05,0.18586157,2.448118,34.285477,0.18003981,38.554169,-9926.085,0.24663839,36.708412
-2.9735522,-0.002897362,-0.0035183995,-9.8637333,-30009.811,-31411.701,2.0112e-05,0.18515795,2.4657514,34.155682,0.17988142,38.451832,-9997.1299,0.24589984,36.616859
-2.9736829,-0.0033765172,-0.0040209643,-9.9505863,-30008.477,-31410.312,2.0128e-05,0.18478572,2.4833694,34.087017,0.17972191,38.349072,-10068.113,0.24547563,36.525024
-2.9737961,-0.0038556508,-0.0045235041,-10.037337,-30006.955,-31408.725,2.0144e-05,0.18419847,2.5009718,33.978687,0.17956124,38.245903,-10139.032,0.24441969,36.432911
-2.973892,-0.0043347604,-0.005026015,-10.123987,-30005.244,-31406.939,2.016e-05,0.18367596,2.518558,33.882301,0.17939946,38.142323,-10209.889,0.24403363,36.340527
-2.9739704,-0.004813842,-0.0055284943,-10.210537,-30003.344,-31404.955,2.0176e-05,0.18265483,2.5361288,33.693935,0.17923653,38.038342,-10280.681,0.24443495,36.247871
-2.974031,-0.0052928939,-0.0060309386,-10.296988,-30001.254,-31402.773,2.0192e-05,0.18216467,2.5536833,33.603519,0.17907248,37.933964,-10351.408,0.24325235,36.154957
-2.9740734,-0.0057719117,-0.0065333452,-10.383339,-29998.975,-31400.393,2.0208e-05,0.18179783,2.5712216,33.535851,0.17890729,37.829193,-10422.07,0.24302195,36.061779
-2.9740977,-0.0062508937,-0.0070357099,-10.469593,-29996.506,-31397.812,2.0224e-05,0.18139555,2.5887437,33.461639,0.17874098,37.724033,-10492.667,0.24192175,35.968353
-2.9741037,-0.0067298356,-0.0075380304,-10.555751,-29993.85,-31395.035,2.024e-05,0.18079366,2.6062496,33.350609,0.17857353,37.618488,-10563.198,0.24202551,35.874676
-2.9740906,-0.0072087357,-0.0080403034,-10.641812,-29991.004,-31392.059,2.0256e-05,0.17988658,2.6237388,33.183281,0.17840496,37.512569,-10633.662,0.24209876,35.780754
-2.9740589,-0.0076875896,-0.0085425256,-10.727778,-29987.969,-31388.885,2.0272e-05,0.17954902,2.6412115,33.121014,0.17823526,37.406277,-10704.061,0.24155858,35.686596
-2.9740078,-0.0081663951,-0.0090446938,-10.813652,-29984.744,-31385.514,2.0288e-05,0.17873906,2.6586676,32.9716,0.17806444,37.299618,-10774.392,0.24100162,35.592201
-2.9739373,-0.0086451489,-0.0095468052,-10.899432,-29981.332,-31381.941,2.0304e-05,0.1783067,2.6761069,32.891846,0.17789248,37.192593,-10844.654,0.23994263,35.497581
-2.9738474,-0.0091238488,-0.010048856,-10.985122,-29977.729,-31378.174,2.032e-05,0.17756686,2.6935294,32.755371,0.17771941,37.085217,-10914.849,0.24004944,35.402733
-2.9737375,-0.0096024908,-0.010550843,-11.070722,-29973.938,-31374.207,2.0336e-05,0.17682008,2.7109346,32.617615,0.1775452,36.977486,-10984.976,0.2392468,35.307667
-2.9736078,-0.010081071,-0.011052764,-11.156233,-29969.959,-31370.041,2.0352e-05,0.17694724,2.728323,32.641071,0.17736989,36.869408,-11055.033,0.23833583,35.212387
-2.9734578,-0.010559589,-0.011554615,-11.241656,-29965.789,-31365.678,2.0368e-05,0.17566948,2.7456939,32.405361,0.17719345,36.76099,-11125.021,0.23830073,35.116898
-2.9732873,-0.01103804,-0.012056393,-11.326994,-29961.432,-31361.115,2.0384e-05,0.17559549,2.7630477,32.391716,0.1770159,36.652241,-11194.938,0.23723869,35.021202
-2.9730964,-0.011516421,-0.012558094,-11.412248,-29956.885,-31356.355,2.04e-05,0.17426069,2.7803838,32.145489,0.17683722,36.543156,-11264.786,0.23681448,34.925308
-2.9728847,-0.011994729,-0.013059717,-11.497419,-29952.15,-31351.398,2.0416e-05,0.17393392,2.7977023,32.085209,0.17665742,36.43375,-11334.563,0.23630939,34.82922
-2.9726517,-0.012472962,-0.013561256,-11.582509,-29947.225,-31346.242,2.0432e-05,0.17311162,2.8150034,31.933521,0.17647652,36.324024,-11404.27,0.2350322,34.732941
-2.9723978,-0.012951115,-0.01406271,-11.66752,-29942.113,-31340.889,2.0448e-05,0.17291433,2.8322866,31.897127,0.17629449,36.213985,-11473.903,0.23523057,34.636475
-2.9721224,-0.013429187,-0.014564076,-11.752452,-29936.811,-31335.338,2.0464e-05,0.17212594,2.8495519,31.751694,0.17611136,36.103638,-11543.466,0.23378551,34.539825
-2.9718258,-0.013907175,-0.01506535,-11.837308,-29931.32,-31329.588,2.048e-05,0.17173983,2.8667991,31.68047,0.1759271,35.992985,-11612.955,0.23381299,34.443005
-2.9715073,-0.014385073,-0.015566528,-11.922091,-29925.641,-31323.641,2.0496e-05,0.17078805,2.8840284,31.504898,0.17574175,35.882038,-11682.371,0.23343302,34.346008
-2.9711671,-0.014862882,-0.016067607,-12.006801,-29919.773,-31317.494,2.0512e-05,0.17041504,2.9012394,31.43609,0.17555527,35.770802,-11751.715,0.23325297,34.248848
-2.9708049,-0.015340596,-0.016568586,-12.09144,-29913.717,-31311.152,2.0528e-05,0.16956963,2.918432,31.280138,0.1753677,35.659279,-11820.984,0.23274636,34.151527
-2.9704206,-0.015818214,-0.017069459,-12.17601,-29907.473,-31304.611,2.0544e-05,0.16897544,2.9356062,31.170528,0.175179,35.547474,-11890.179,0.23155767,34.054047
-2.9700139,-0.016295731,-0.017570226,-12.260515,-29901.039,-31297.873,2.056e-05,0.16825949,2.9527619,31.03846,0.17498921,35.435398,-11959.3,0.23177283,33.956413
-2.9695849,-0.016773146,-0.01807088,-12.344954,-29894.416,-31290.936,2.0576e-05,0.16785565,2.9698989,30.963964,0.17479831,35.323051,-12028.345,0.23014161,33.858635
-2.9691334,-0.017250456,-0.018571422,-12.429332,-29887.607,-31283.801,2.0592e-05,0.16688538,2.9870172,30.784981,0.17460631,35.210442,-12097.314,0.23121586,33.760712
-2.9686594,-0.017727654,-0.019071845,-12.513649,-29880.607,-31276.471,2.0608e-05,0.16652548,3.0041165,30.71859,0.1744132,35.097576,-12166.208,0.23017059,33.662651
-2.9681625,-0.018204743,-0.019572148,-12.597908,-29873.422,-31268.941,2.0624e-05,0.16607849,3.0211971,30.636135,0.174219,34.984459,-12235.025,0.22913602,33.564453
-2.967643,-0.018681716,-0.020072328,-12.682111,-29866.045,-31261.215,2.064e-05,0.16562071,3.0382583,30.551691,0.17402369,34.871094,-12303.766,0.22854701,33.466129
-2.9671004,-0.01915857,-0.020572379,-12.76626,-29858.482,-31253.289,2.0656e-05,0.16504502,3.0553005,30.445494,0.17382728,34.757492,-12372.429,0.22811517,33.36768
-2.9665349,-0.019635305,-0.021072302,-12.850358,-29850.73,-31245.168,2.0672e-05,0.16429593,3.0723233,30.307312,0.17362978,34.643654,-12441.014,0.22855312,33.269108
-2.9659462,-0.020111915,-0.021572093,-12.934407,-29842.791,-31236.85,2.0688e-05,0.16339888,3.0893269,30.141832,0.17343117,34.529587,-12509.521,0.22703025,33.170422
-2.9653342,-0.020588398,-0.022071745,-13.01841,-29834.662,-31228.334,2.0704e-05,0.16287173,3.1063106,30.044592,0.17323147,34.415298,-12577.949,0.22708975,33.071625
-2.9646993,-0.021064749,-0.022571258,-13.102368,-29826.346,-31219.619,2.072e-05,0.16230221,3.123275,29.939533,0.17303067,34.300793,-12646.298,0.22575915,32.972721
-2.9640408,-0.02154097,-0.02307063,-13.186285,-29817.842,-31210.709,2.0736e-05,0.16201322,3.1402197,29.886223,0.17282879,34.186077,-12714.568,0.2250206,32.873714
-2.9633591,-0.022017052,-0.023569856,-13.270163,-29809.15,-31201.602,2.0752e-05,0.16099438,3.1571443,29.698282,0.17262581,34.071159,-12782.758,0.22500229,32.774612
-2.9626539,-0.022492997,-0.024068933,-13.354004,-29800.27,-31192.297,2.0768e-05,0.16048574,3.1740491,29.604454,0.17242175,33.956036,-12850.868,0.22420728,32.675415
-2.9619253,-0.022968801,-0.024567857,-13.437811,-29791.201,-31182.795,2.0784e-05,0.15997478,3.1909339,29.510199,0.17221659,33.840725,-12918.896,0.22354046,32.57613
-2.9611733,-0.023444457,-0.025066627,-13.521586,-29781.947,-31173.096,2.08e-05,0.15890433,3.2077985,29.312735,0.17201035,33.725224,-12986.844,0.2232963,32.476757
-2.9603977,-0.023919966,-0.025565239,-13.605334,-29772.504,-31163.199,2.0816e-05,0.15868393,3.2246428,29.272076,0.17180301,33.609539,-13054.71,0.22271188,32.377304
-2.9595985,-0.024395324,-0.026063688,-13.689055,-29762.871,-31153.107,2.0832e-05,0.15780844,3.2414668,29.110577,0.1715946,33.493683,-13122.494,0.22208777,32.277779
-2.958776,-0.02487053,-0.026561974,-13.772754,-29753.053,-31142.816,2.0848e-05,0.1573707,3.2582703,29.029827,0.17138509,33.377655,-13190.195,0.22153233,32.178177
-2.9579298,-0.025345577,-0.02706009,-13.856431,-29743.047,-31132.33,2.0864e-05,0.15696147,3.2750533,28.95434,0.17117451,33.261463,-13257.813,0.22142246,32.07851
-2.9570603,-0.025820464,-0.027558036,-13.940091,-29732.854,-31121.648,2.088e-05,0.15623242,3.2918155,28.819853,0.17096286,33.145111,-13325.349,0.2207358,31.978781
-2.9561672,-0.026295187,-0.028055809,-14.023737,-29722.473,-31110.768,2.0896e-05,0.15521128,3.3085568,28.631485,0.17075011,33.02861,-13392.801,0.21954405,31.87899
-2.9552505,-0.026769744,-0.028553404,-14.10737,-29711.904,-31099.693,2.0912e-05,0.15460323,3.3252773,28.519318,0.17053628,32.911961,-13460.168,0.21950439,31.779146
-2.9543104,-0.027244134,-0.029050818,-14.190995,-29701.148,-31088.42,2.0928e-05,0.15397359,3.3419769,28.40317,0.17032139,32.79517,-13527.45,0.2181814,31.679251
-2.953347,-0.02771835,-0.029548049,-14.274613,-29690.205,-31076.951,2.0944e-05,0.15336399,3.3586552,28.290718,0.17010541,32.678246,-13594.647,0.2187994,31.579308
-2.9523599,-0.028192392,-0.030045094,-14.358229,-29679.076,-31065.287,2.096e-05,0.1530534,3.3753126,28.233427,0.16988836,32.561192,-13661.76,0.21772668,31.479322
-2.9513495,-0.028666254,-0.030541949,-14.441845,-29667.758,-31053.426,2.0976e-05,0.15216097,3.3919485,28.068802,0.16967024,32.444016,-13728.786,0.21711783,31.379297
-2.950316,-0.029139936,-0.03103861,-14.525463,-29656.254,-31041.367,2.0992e-05,0.15128087,3.4085629,27.90645,0.16945104,32.326721,-13795.726,0.21699728,31.279238
-2.949259,-0.029613435,-0.031535078,-14.609088,-29644.564,-31029.113,2.1008e-05,0.15137643,3.4251559,27.924078,0.16923077,32.209316,-13862.578,0.21635182,31.179148
-2.9481788,-0.030086746,-0.032031342,-14.692721,-29632.686,-31016.664,2.1024e-05,0.15056646,3.4417272,27.774664,0.16900945,32.091808,-13929.345,0.21543778,31.079031
-2.9470756,-0.030559868,-0.032527406,-14.776368,-29620.621,-31004.02,2.104e-05,0.14993758,3.4582765,27.658659,0.16878705,31.974195,-13996.022,0.21435744,30.978889
-2.9459493,-0.031032795,-0.033023268,-14.860029,-29608.369,-30991.178,2.1056e-05,0.14889334,3.4748044,27.466028,0.16856357,31.856493,-14062.613,0.214214,30.878731
-2.9447999,-0.031505529,-0.033518918,-14.943708,-29595.932,-30978.141,2.1072e-05,0.1486498,3.4913101,27.421104,0.16833904,31.738699,-14129.115,0.21387219,30.778555
-2.9436276,-0.03197806,-0.034014355,-15.027411,-29583.307,-30964.908,2.1088e-05,0.14745604,3.5077937,27.200891,0.16811346,31.620825,-14195.527,0.21336405,30.678368
-2.9424324,-0.032450393,-0.034509577,-15.111136,-29570.496,-30951.48,2.1104e-05,0.14697821,3.5242553,27.112751,0.16788679,31.502874,-14261.852,0.21314128,30.578173
-2.9412143,-0.032922518,-0.035004586,-15.194891,-29557.498,-30937.855,2.112e-05,0.14660445,3.5406947,27.0438,0.16765907,31.384851,-14328.086,0.21241951,30.477974
-2.9399738,-0.033394437,-0.035499368,-15.278677,-29544.314,-30924.037,2.1136e-05,0.1460195,3.5571115,26.9359,0.1674303,31.266764,-14394.229,0.21250954,30.377775
-2.9387107,-0.033866145,-0.03599393,-15.362496,-29530.945,-30910.023,2.1152e-05,0.14508776,3.5735059,26.764023,0.16720046,31.148617,-14460.283,0.21179083,30.277578
-2.9374251,-0.034337636,-0.036488261,-15.446355,-29517.389,-30895.812,2.1168e-05,0.14532667,3.5898778,26.808094,0.16696957,31.030416,-14526.245,0.21099429,30.177387
-2.9361169,-0.034808911,-0.036982365,-15.530253,-29503.646,-30881.408,2.1184e-05,0.14397646,3.6062272,26.559023,0.16673763,30.912167,-14592.116,0.21029389,30.077208
-2.9347868,-0.035279971,-0.037476234,-15.614196,-29489.719,-30866.809,2.12e-05,0.1432374,3.6225536,26.422688,0.16650462,30.793877,-14657.896,0.20951109,29.977041
-2.9334342,-0.035750803,-0.037969865,-15.698187,-29475.605,-30852.014,2.1216e-05,0.14330059,3.6388571,26.434345,0.16627058,30.675549,-14723.583,0.20831476,29.87689
-2.9320598,-0.036221411,-0.038463257,-15.782228,-29461.305,-30837.023,2.1232e-05,0.14247289,3.6551375,26.281662,0.16603547,30.557188,-14789.178,0.20878476,29.776762
-2.9306633,-0.036691789,-0.038956407,-15.866324,-29446.82,-30821.838,2.1248e-05,0.14132228,3.6713951,26.06941,0.16579932,30.438803,-14854.679,0.20749992,29.676657
-2.9292452,-0.037161939,-0.039449312,-15.950478,-29432.148,-30806.459,2.1264e-05,0.14130686,3.6876295,26.066568,0.16556212,30.320398,-14920.087,0.20788598,29.576578
-2.9278054,-0.037631851,-0.039941963,-16.034691,-29417.293,-30790.885,2.128e-05,0.14017013,3.7038403,25.856876,0.16532388,30.201979,-14985.401,0.20706351,29.47653
-2.9263439,-0.038101524,-0.040434368,-16.118969,-29402.25,-30775.117,2.1296e-05,0.13986726,3.7200279,25.801006,0.1650846,30.083549,-15050.621,0.20623645,29.376516
-2.924861,-0.038570959,-0.040926512,-16.203314,-29387.023,-30759.154,2.1312e-05,0.1392538,3.736192,25.687843,0.16484427,29.965117,-15115.746,0.20526445,29.276539
-2.9233568,-0.039040148,-0.0414184,-16.287731,-29371.611,-30742.996,2.1328e-05,0.13826503,3.7523324,25.505447,0.16460291,29.846687,-15180.776,0.20545518,29.176601
-2.9218314,-0.039509092,-0.041910026,-16.372221,-29356.014,-30726.645,2.1344e-05,0.1379714,3.7684493,25.451283,0.16436049,29.728264,-15245.711,0.20465255,29.076708
-2.920285,-0.039977789,-0.042401388,-16.456789,-29340.23,-30710.1,2.136e-05,0.13701269,3.7845423,25.274431,0.16411704,29.609852,-15310.55,0.20380108,28.97686
-2.9187174,-0.040446229,-0.042892482,-16.541437,-29324.262,-30693.361,2.1376e-05,0.13656725,3.8006115,25.192261,0.16387255,29.491459,-15375.293,0.20344859,28.877062
-2.9171293,-0.040914416,-0.043383304,-16.626171,-29308.109,-30676.428,2.1392e-05,0.13591526,3.8166564,25.071991,0.16362704,29.373091,-15439.938,0.20224464,28.777315
-2.9155204,-0.041382343,-0.043873854,-16.710991,-29291.773,-30659.301,2.1408e-05,0.13549525,3.8326774,24.994511,0.16338049,29.254749,-15504.487,0.20251472,28.677626
-2.9138911,-0.041850012,-0.044364125,-16.795902,-29275.252,-30641.98,2.1424e-05,0.13455349,3.8486743,24.820787,0.16313289,29.136442,-15568.938,0.20172429,28.577993
-2.9122412,-0.042317413,-0.044854116,-16.880907,-29258.545,-30624.465,2.144e-05,0.13433616,3.8646467,24.780697,0.16288428,29.018173,-15633.291,0.2009003,28.47842
-2.9105713,-0.042784546,-0.045343824,-16.966009,-29241.654,-30606.758,2.1456e-05,0.13351694,3.8805947,24.629578,0.16263464,28.89995,-15697.546,0.20052797,28.378914
-2.9088812,-0.043251414,-0.045833245,-17.051212,-29224.578,-30588.857,2.1472e-05,0.13286033,3.8965182,24.508453,0.16238396,28.781776,-15761.702,0.20025483,28.279472
-2.907171,-0.043718003,-0.046322379,-17.13652,-29207.32,-30570.764,2.1488e-05,0.13230544,3.9124172,24.406096,0.16213226,28.663656,-15825.759,0.19990082,28.180099
-2.9054408,-0.04418432,-0.046811219,-17.221935,-29189.877,-30552.477,2.1504e-05,0.13147312,3.9282913,24.25256,0.16187954,28.545595,-15889.716,0.1990585,28.080801
-2.9036911,-0.044650353,-0.047299761,-17.307459,-29172.25,-30533.996,2.152e-05,0.13113326,3.9441407,24.189865,0.1616258,28.427599,-15953.573,0.19940947,27.981575
-2.9019217,-0.045116108,-0.047788009,-17.393099,-29154.438,-30515.322,2.1536e-05,0.13071015,3.9599652,24.111816,0.16137104,28.309673,-16017.33,0.19827265,27.882427
-2.9001329,-0.045581579,-0.048275951,-17.478855,-29136.443,-30496.457,2.1552e-05,0.12938461,3.9757648,23.867296,0.16111524,28.19182,-16080.986,0.19846492,27.78336
-2.8983247,-0.04604676,-0.048763588,-17.56473,-29118.264,-30477.398,2.1568e-05,0.12924203,3.991539,23.840996,0.16085844,28.074047,-16144.542,0.19678029,27.684374
-2.8964975,-0.04651165,-0.049250919,-17.65073,-29099.902,-30458.146,2.1584e-05,0.12883589,4.007288,23.766075,0.16060063,27.956358,-16207.995,0.19635151,27.585472
-2.8946509,-0.046976246,-0.049737938,-17.736856,-29081.357,-30438.703,2.16e-05,0.12768528,4.0230122,23.553823,0.1603418,27.838758,-16271.347,0.19610584,27.486658
-2.8927855,-0.047440547,-0.050224643,-17.823112,-29062.627,-30419.068,2.1616e-05,0.12705103,4.0387101,23.436823,0.16008195,27.721252,-16334.596,0.19545427,27.387934
-2.8909013,-0.047904547,-0.050711032,-17.9095,-29043.715,-30399.24,2.1632e-05,0.12690537,4.0543833,23.409954,0.15982109,27.603846,-16397.742,0.19543444,27.289301
-2.8889985,-0.048368245,-0.0511971,-17.996025,-29024.621,-30379.221,2.1648e-05,0.12593356,4.0700307,23.230686,0.15955922,27.486542,-16460.785,0.19479202,27.190762
-2.8870769,-0.048831638,-0.051682841,-18.082689,-29005.342,-30359.008,2.1664e-05,0.12577787,4.0856524,23.201969,0.15929635,27.369345,-16523.725,0.19378033,27.092319
-2.8851368,-0.049294721,-0.052168261,-18.169497,-28985.881,-30338.605,2.168e-05,0.12530777,4.1012478,23.11525,0.15903246,27.25226,-16586.561,0.19328135,26.993977
-2.8831785,-0.049757492,-0.05265335,-18.256447,-28966.238,-30318.01,2.1696e-05,0.12454712,4.116818,22.974934,0.15876758,27.135292,-16649.291,0.19251229,26.895733
-2.881202,-0.050219949,-0.053138103,-18.343548,-28946.412,-30297.223,2.1712e-05,0.12411863,4.1323614,22.895891,0.1585017,27.018446,-16711.918,0.19197363,26.797592
-2.8792071,-0.05068209,-0.053622525,-18.430798,-28926.404,-30276.244,2.1728e-05,0.12321694,4.1478796,22.729559,0.1582348,26.901724,-16774.438,0.19183324,26.699558
-2.8771944,-0.051143911,-0.054106604,-18.518204,-28906.213,-30255.076,2.1744e-05,0.12261428,4.1633711,22.618387,0.15796691,26.785133,-16836.854,0.19118321,26.601629
-2.8751638,-0.051605411,-0.054590344,-18.605766,-28885.84,-30233.715,2.176e-05,0.12219426,4.1788363,22.540909,0.15769804,26.668676,-16899.164,0.19070712,26.503809
-2.8731153,-0.052066579,-0.055073738,-18.693487,-28865.285,-30212.164,2.1776e-05,0.12150066,4.1942749,22.41296,0.15742815,26.552359,-16961.367,0.19047213,26.406099
-2.8710492,-0.052527424,-0.055556785,-18.781372,-28844.547,-30190.422,2.1792e-05,0.12080783,4.2096877,22.285156,0.15715727,26.436184,-17023.463,0.189494,26.308502
-2.8689654,-0.052987933,-0.056039482,-18.869423,-28823.629,-30168.488,2.1808e-05,0.12040091,4.2250733,22.210093,0.1568854,26.320154,-17085.453,0.189494,26.21102
-2.866864,-0.053448111,-0.056521822,-18.957644,-28802.527,-30146.365,2.1824e-05,0.11970731,4.2404323,22.082146,0.15661255,26.204277,-17147.336,0.18841211,26.113653
-2.8647451,-0.053907949,-0.057003807,-19.046034,-28781.246,-30124.051,2.184e-05,0.11897672,4.2557645,21.947374,0.15633869,26.088554,-17209.109,0.18748131,26.016405
-2.8626091,-0.054367449,-0.057485431,-19.134598,-28759.783,-30101.547,2.1856e-05,0.11818062,4.27107,21.80052,0.15606385,25.972992,-17270.775,0.18816797,25.919275
-2.8604558,-0.054826602,-0.057966694,-19.223337,-28738.137,-30078.854,2.1872e-05,0.11777601,4.2863483,21.725883,0.15578803,25.857592,-17332.332,0.1868801,25.822268
-2.8582852,-0.055285413,-0.058447588,-19.312258,-28716.312,-30055.969,2.1888e-05,0.11717875,4.3016,21.615707,0.15551122,25.742357,-17393.779,0.18669546,25.725382
-2.8560977,-0.055743869,-0.058928117,-19.40136,-28694.305,-30032.895,2.1904e-05,0.11643967,4.316824,21.479372,0.15523343,25.627293,-17455.119,0.18588214,25.62862
-2.853893,-0.056201976,-0.05940827,-19.490644,-28672.117,-30009.631,2.192e-05,0.1161499,4.3320212,21.425919,0.15495466,25.512403,-17516.348,0.18574327,25.531984
-2.8516715,-0.056659728,-0.05988805,-19.580116,-28649.748,-29986.178,2.1936e-05,0.11513261,4.3471909,21.238262,0.15467492,25.397694,-17577.465,0.1847911,25.435476
-2.8494332,-0.057117123,-0.06036745,-19.669779,-28627.199,-29962.535,2.1952e-05,0.114513,4.3623328,21.123962,0.15439418,25.283163,-17638.473,0.18456374,25.339096
-2.847178,-0.057574157,-0.060846467,-19.75963,-28604.471,-29938.703,2.1968e-05,0.11454691,4.3774471,21.130219,0.15411249,25.168818,-17699.369,0.18389386,25.242846
-2.8449061,-0.058030829,-0.061325103,-19.849678,-28581.561,-29914.682,2.1984e-05,0.113851,4.3925343,21.001844,0.15382981,25.054663,-17760.154,0.18282571,25.146727
-2.8426173,-0.058487128,-0.061803352,-19.93992,-28558.471,-29890.471,2.2e-05,0.11314815,4.4075933,20.87219,0.15354617,24.940699,-17820.828,0.18210395,25.050739
-2.840312,-0.058943063,-0.062281206,-20.030361,-28535.201,-29866.072,2.2016e-05,0.11275279,4.4226246,20.799261,0.15326154,24.826929,-17881.391,0.18244117,24.954887
-2.8379903,-0.059398625,-0.062758669,-20.121002,-28511.752,-29841.484,2.2032e-05,0.11182953,4.4376283,20.628948,0.15297596,24.71336,-17941.838,0.18147069,24.859169
-2.8356519,-0.059853811,-0.063235737,-20.211845,-28488.121,-29816.709,2.2048e-05,0.11129006,4.4526033,20.529434,0.15268941,24.599991,-18002.174,0.18082522,24.763588
-2.833297,-0.06030862,-0.063712403,-20.302895,-28464.312,-29791.744,2.2064e-05,0.11076447,4.4675508,20.432478,0.15240189,24.486828,-18062.396,0.18054903,24.668142
-2.8309259,-0.060763046,-0.064188674,-20.39415,-28440.324,-29766.592,2.208e-05,0.11018877,4.4824696,20.326283,0.15211342,24.373873,-18122.506,0.17987914,24.572836
-2.8285382,-0.061217092,-0.064664535,-20.485613,-28416.156,-29741.25,2.2096e-05,0.10951598,4.4973602,20.202173,0.15182398,24.261127,-18182.5,0.17936033,24.477669
-2.8261342,-0.061670747,-0.065139987,-20.577288,-28391.811,-29715.723,2.2112e-05,0.10890869,4.5122228,20.090147,0.15153359,24.148598,-18242.381,0.17942137,24.382641
-2.823714,-0.062124014,-0.065615021,-20.669174,-28367.285,-29690.006,2.2128e-05,0.10859811,4.5270567,20.032856,0.15124223,24.036285,-18302.146,0.17842646,24.287754
-2.8212774,-0.06257689,-0.066089652,-20.761274,-28342.58,-29664.104,2.2144e-05,0.10771415,4.5418615,19.869795,0.15094993,23.924192,-18361.797,0.17816706,24.193008
-2.8188245,-0.063029371,-0.06656386,-20.85359,-28317.697,-29638.012,2.216e-05,0.10720783,4.5566382,19.776392,0.15065666,23.812321,-18421.332,0.17717215,24.098408
-2.8163555,-0.06348145,-0.067037642,-20.946123,-28292.635,-29611.732,2.2176e-05,0.10636394,4.5713859,19.620724,0.15036245,23.700676,-18480.75,0.17728965,24.003948
-2.8138702,-0.063933127,-0.067511007,-21.038876,-28267.395,-29585.268,2.2192e-05,0.10618515,4.5861049,19.587742,0.15006727,23.589258,-18540.053,0.17694785,23.909636
-2.8113687,-0.064384408,-0.067983948,-21.131847,-28241.977,-29558.615,2.2208e-05,0.10572506,4.6007948,19.502871,0.14977117,23.478071,-18599.238,0.17594074,23.815466
-2.808851,-0.06483528,-0.068456456,-21.225042,-28216.381,-29531.777,2.2224e-05,0.10528115,4.6154556,19.420984,0.1494741,23.367117,-18658.307,0.17564623,23.721441
-2.8063171,-0.065285735,-0.068928532,-21.318459,-28190.607,-29504.752,2.224e-05,0.10440952,4.6300874,19.260197,0.14917611,23.256399,-18717.258,0.17457961,23.627565
-2.8037672,-0.065735787,-0.069400169,-21.4121,-28164.656,-29477.539,2.2256e-05,0.10383383,4.6446896,19.153999,0.14887716,23.145918,-18776.092,0.17427443,23.533834
-2.8012009,-0.066185415,-0.069871373,-21.505968,-28138.527,-29450.141,2.2272e-05,0.10321653,4.6592627,19.040127,0.14857727,23.035677,-18834.807,0.1741844,23.44025
-2.7986188,-0.066634633,-0.070342131,-21.600061,-28112.221,-29422.557,2.2288e-05,0.10291135,4.6738062,18.983829,0.14827645,22.925678,-18893.402,0.17332377,23.346815
-2.7960203,-0.067083426,-0.070812449,-21.694384,-28085.736,-29394.787,2.2304e-05,0.10227939,4.6883206,18.867256,0.14797468,22.815924,-18951.881,0.17259896,23.253529
-2.7934058,-0.067531794,-0.07128232,-21.788935,-28059.076,-29366.832,2.232e-05,0.1013962,4.702805,18.704336,0.14767198,22.706415,-19010.238,0.17238991,23.160391
-2.7907751,-0.067979738,-0.071751736,-21.883717,-28032.238,-29338.691,2.2336e-05,0.10110181,4.7172599,18.65003,0.14736836,22.597155,-19068.477,0.17156285,23.067402
-2.7881281,-0.068427257,-0.072220705,-21.978727,-28005.225,-29310.365,2.2352e-05,0.10060704,4.7316847,18.55876,0.14706381,22.488146,-19126.596,0.17179327,22.974562
-2.7854652,-0.068874337,-0.072689213,-22.073971,-27978.035,-29281.854,2.2368e-05,0.099757761,4.7460799,18.402096,0.14675832,22.379389,-19184.594,0.17087466,22.881872
-2.7827861,-0.069320984,-0.073157266,-22.169445,-27950.668,-29253.156,2.2384e-05,0.099081114,4.7604451,18.277277,0.14645191,22.270885,-19242.471,0.17087924,22.789331
-2.7800908,-0.069767192,-0.073624857,-22.265152,-27923.125,-29224.275,2.24e-05,0.0987636,4.7747803,18.218704,0.14614455,22.162638,-19300.227,0.17016205,22.696941
-2.7773793,-0.07021296,-0.074091978,-22.361094,-27895.406,-29195.209,2.2416e-05,0.097858831,4.7890849,18.051805,0.14583629,22.054647,-19357.861,0.16888027,22.604704
-2.7746518,-0.070658281,-0.074558631,-22.457268,-27867.51,-29165.959,2.2432e-05,0.097743236,4.8033595,18.030479,0.14552711,21.946915,-19415.375,0.16913663,22.512615
-2.7719078,-0.071103163,-0.075024813,-22.553677,-27839.439,-29136.523,2.2448e-05,0.096856967,4.8176041,17.866991,0.145217,21.839443,-19472.766,0.16792658,22.420677
-2.7691479,-0.07154759,-0.075490527,-22.650318,-27811.193,-29106.906,2.2464e-05,0.096218847,4.8318181,17.749281,0.14490598,21.732235,-19530.033,0.16821498,22.32889
-2.7663715,-0.07199157,-0.075955763,-22.747196,-27782.773,-29077.104,2.248e-05,0.095859714,4.8460011,17.683033,0.14459406,21.625288,-19587.178,0.16713615,22.237253
-2.7635789,-0.072435096,-0.076420516,-22.844309,-27754.178,-29047.117,2.2496e-05,0.095318705,4.8601542,17.583233,0.14428121,21.518606,-19644.199,0.16708426,22.145769
-2.7607701,-0.07287816,-0.076884784,-22.941656,-27725.406,-29016.947,2.2512e-05,0.094870947,4.8742762,17.500637,0.14396743,21.412189,-19701.098,0.16713156,22.054434
-2.7579448,-0.073320761,-0.077348568,-23.039238,-27696.459,-28986.596,2.2528e-05,0.094030917,4.8883677,17.345678,0.14365277,21.30604,-19757.871,0.16598712,21.963251
-2.7551033,-0.073762901,-0.077811867,-23.137054,-27667.34,-28956.059,2.2544e-05,0.093520738,4.9024277,17.251566,0.14333719,21.200157,-19814.521,0.16504715,21.872219
-2.7522454,-0.074204579,-0.078274675,-23.235106,-27638.045,-28925.34,2.256e-05,0.093170084,4.9164572,17.18688,0.1430207,21.094543,-19871.045,0.16548814,21.781336
-2.7493713,-0.074645787,-0.078736983,-23.333389,-27608.576,-28894.439,2.2576e-05,0.092340067,4.9304557,17.03377,0.14270332,20.989199,-19927.445,0.16455732,21.690605
-2.7464807,-0.075086519,-0.0791988,-23.431908,-27578.932,-28863.355,2.2592e-05,0.092046447,4.9444227,16.979607,0.14238504,20.884125,-19983.719,0.1641026,21.600023
-2.7435737,-0.075526781,-0.07966011,-23.530661,-27549.115,-28832.088,2.2608e-05,0.091403708,4.9583588,16.861042,0.14206585,20.779324,-20039.867,0.16384777,21.509592
-2.7406502,-0.075966567,-0.080120921,-23.629644,-27519.125,-28800.641,2.2624e-05,0.090628415,4.9722638,16.718025,0.14174576,20.674793,-20095.889,0.16318247,21.41931
-2.73771,-0.076405868,-0.080581225,-23.728861,-27488.961,-28769.01,2.264e-05,0.090181425,4.9861369,16.635571,0.14142479,20.570534,-20151.785,0.1621189,21.329178
-2.7347536,-0.076844692,-0.081041023,-23.828308,-27458.623,-28737.197,2.2656e-05,0.090044245,4.9999785,16.610266,0.14110291,20.466549,-20207.555,0.16246681,21.239195
-2.7317805,-0.077283032,-0.081500299,-23.927986,-27428.113,-28705.203,2.2672e-05,0.089291304,5.0137887,16.471371,0.14078015,20.362839,-20263.195,0.16140477,21.149361
-2.728791,-0.077720881,-0.081959069,-24.027895,-27397.432,-28673.029,2.2688e-05,0.088537589,5.0275674,16.332335,0.1404565,20.259401,-20318.709,0.1612598,21.059675
-2.7257848,-0.078158237,-0.082417324,-24.128031,-27366.574,-28640.672,2.2704e-05,0.088266313,5.0413141,16.282293,0.14013195,20.156239,-20374.096,0.16113162,20.970139
-2.7227621,-0.078595094,-0.082875051,-24.228395,-27335.547,-28608.135,2.272e-05,0.08779081,5.0550289,16.194578,0.13980652,20.05335,-20429.352,0.16035187,20.880749
-2.7197225,-0.079031467,-0.083332255,-24.328985,-27304.346,-28575.418,2.2736e-05,0.086886041,5.0687122,16.027678,0.13948022,19.950735,-20484.48,0.15966979,20.791506
-2.7166665,-0.079467334,-0.083788939,-24.4298,-27272.975,-28542.52,2.2752e-05,0.086472191,5.0823631,15.951336,0.13915303,19.848396,-20539.48,0.15955383,20.70241
-2.7135937,-0.079902701,-0.084245093,-24.530838,-27241.43,-28509.441,2.2768e-05,0.086123854,5.0959821,15.887078,0.13882495,19.746332,-20594.352,0.15842311,20.613461
-2.7105041,-0.080337562,-0.084700711,-24.632099,-27209.713,-28476.182,2.2784e-05,0.085675322,5.1095686,15.804338,0.13849601,19.644545,-20649.094,0.15809198,20.524656
-2.7073979,-0.080771916,-0.085155793,-24.733582,-27177.826,-28442.744,2.28e-05,0.084707357,5.1231232,15.625781,0.13816619,19.54303,-20703.703,0.15791345,20.435997
-2.7042747,-0.081205755,-0.085610338,-24.835281,-27145.768,-28409.125,2.2816e-05,0.084147081,5.1366453,15.522429,0.1378355,19.44179,-20758.184,0.15711538,20.347481
-2.7011349,-0.081639089,-0.086064346,-24.937199,-27113.537,-28375.328,2.2832e-05,0.084025316,5.1501346,15.499967,0.13750394,19.340824,-20812.533,0.15690787,20.259111
-2.6979783,-0.0820719,-0.086517803,-25.039331,-27081.137,-28341.352,2.2848e-05,0.08344423,5.1635919,15.392775,0.13717151,19.240133,-20866.752,0.15725425,20.170883
-2.6948047,-0.082504198,-0.086970717,-25.141678,-27048.564,-28307.195,2.2864e-05,0.082897827,5.1770163,15.291981,0.1368382,19.139717,-20920.84,0.15595111,20.082798
-2.6916142,-0.082935974,-0.087423086,-25.244236,-27015.824,-28272.861,2.288e-05,0.082092479,5.1904082,15.14342,0.13650404,19.039574,-20974.795,0.15563066,19.994854
-2.6884067,-0.083367229,-0.087874897,-25.347002,-26982.912,-28238.348,2.2896e-05,0.081563801,5.2037668,15.045896,0.13616902,18.939701,-21028.619,0.15452132,19.907053
-2.6851823,-0.083797954,-0.088326156,-25.449976,-26949.828,-28203.656,2.2912e-05,0.081485964,5.217093,15.031537,0.13583313,18.840103,-21082.311,0.15499893,19.819391
-2.6819413,-0.084228143,-0.088776857,-25.553156,-26916.576,-28168.787,2.2928e-05,0.080710672,5.2303863,14.88852,0.13549638,18.740776,-21135.867,0.15463729,19.731869
-2.678683,-0.084657811,-0.089226998,-25.656536,-26883.156,-28133.738,2.2944e-05,0.079933837,5.2436461,14.745219,0.13515878,18.64172,-21189.293,0.15357982,19.644485
-2.6754076,-0.085086942,-0.089676574,-25.760118,-26849.564,-28098.514,2.296e-05,0.079570845,5.2568731,14.67826,0.13482033,18.542934,-21242.584,0.15325938,19.557241
-2.6721156,-0.085515529,-0.090125583,-25.863895,-26815.805,-28063.111,2.2976e-05,0.078951232,5.2700672,14.56396,0.13448103,18.444418,-21295.742,0.15271309,19.470133
-2.6688063,-0.08594358,-0.090574026,-25.967869,-26781.875,-28027.531,2.2992e-05,0.078315429,5.2832274,14.446675,0.13414086,18.34617,-21348.766,0.15168463,19.383162
-2.6654801,-0.086371087,-0.091021895,-26.072033,-26747.777,-27991.773,2.3008e-05,0.078376308,5.2963548,14.457907,0.13379987,18.24819,-21401.656,0.15113071,19.296326
-2.6621368,-0.08679805,-0.091469184,-26.176386,-26713.51,-27955.84,2.3024e-05,0.077644177,5.3094482,14.322851,0.13345802,18.150475,-21454.41,0.15192114,19.209623
-2.6587763,-0.087224469,-0.091915898,-26.280926,-26679.076,-27919.729,2.304e-05,0.076839596,5.3225083,14.174432,0.13311534,18.053026,-21507.029,0.15040132,19.123056
-2.6553988,-0.087650329,-0.092362039,-26.385647,-26644.473,-27883.441,2.3056e-05,0.076504357,5.335535,14.112591,0.1327718,17.955843,-21559.514,0.15012817,19.036621
-2.6520042,-0.088075638,-0.092807591,-26.490549,-26609.701,-27846.979,2.3072e-05,0.07564275,5.3485279,13.953651,0.13242742,17.858921,-21611.861,0.14943999,18.950317
-2.6485927,-0.088500395,-0.093252555,-26.595627,-26574.764,-27810.34,2.3088e-05,0.075191908,5.3614869,13.870486,0.13208222,17.762262,-21664.074,0.14883877,18.864145
-2.645164,-0.088924587,-0.09369693,-26.700878,-26539.656,-27773.525,2.3104e-05,0.07471101,5.3744121,13.781775,0.13173619,17.665863,-21716.15,0.14891964,18.778103
-2.6417181,-0.089348219,-0.094140716,-26.806299,-26504.383,-27736.535,2.312e-05,0.074227795,5.3873034,13.692639,0.1313893,17.569723,-21768.088,0.14813532,18.69219
-2.6382551,-0.089771286,-0.094583906,-26.911886,-26468.943,-27699.371,2.3136e-05,0.073802389,5.4001603,13.614164,0.13104162,17.473841,-21819.891,0.14771569,18.606405
-2.6347752,-0.090193793,-0.095026493,-27.017637,-26433.336,-27662.031,2.3152e-05,0.073061772,5.4129834,13.477546,0.13069308,17.378216,-21871.555,0.14731437,18.520748
-2.6312778,-0.09061572,-0.095468491,-27.123545,-26397.562,-27624.516,2.3168e-05,0.072509974,5.4257727,13.375756,0.13034372,17.282845,-21923.08,0.14723045,18.435215
-2.6277635,-0.09103708,-0.095909879,-27.229609,-26361.623,-27586.826,2.3184e-05,0.071931206,5.4385271,13.268991,0.12999354,17.187725,-21974.469,0.14628589,18.349808
-2.6242321,-0.091457866,-0.096350662,-27.335823,-26325.516,-27548.963,2.32e-05,0.072014436,5.4512472,13.284345,0.12964255,17.092857,-22025.719,0.14593035,18.264524
-2.6206834,-0.091878071,-0.096790835,-27.442184,-26289.244,-27510.926,2.3216e-05,0.071538933,5.463933,13.19663,0.12929073,16.99824,-22076.83,0.14596088,18.179363
-2.6171179,-0.092297696,-0.097230397,-27.548689,-26252.807,-27472.713,2.3232e-05,0.070718169,5.4765844,13.045226,0.12893809,16.90387,-22127.803,0.14545274,18.094324
-2.6135349,-0.092716739,-0.097669348,-27.655333,-26216.203,-27434.328,2.3248e-05,0.07039988,5.4892011,12.986512,0.12858464,16.809746,-22178.635,0.14485763,18.009405
-2.609935,-0.0931352,-0.098107681,-27.76211,-26179.436,-27395.77,2.3264e-05,0.069527484,5.5017834,12.825583,0.12823038,16.715866,-22229.328,0.14405805,17.924606
-2.6063182,-0.093553066,-0.098545395,-27.869017,-26142.502,-27357.039,2.328e-05,0.068927132,5.5143304,12.714837,0.12787531,16.622229,-22279.883,0.14347361,17.839926
-2.602684,-0.093970343,-0.098982483,-27.976051,-26105.404,-27318.135,2.3296e-05,0.068627343,5.5268431,12.659535,0.12751943,16.528831,-22330.295,0.14239326,17.755362
-2.5990329,-0.094387032,-0.099418946,-28.083206,-26068.141,-27279.059,2.3312e-05,0.06813103,5.5393205,12.567982,0.12716274,16.435671,-22380.566,0.1433958,17.670916
-2.5953648,-0.094803117,-0.099854782,-28.190477,-26030.715,-27239.809,2.3328e-05,0.067591563,5.5517631,12.468468,0.12680525,16.342747,-22430.699,0.14248024,17.586582
-2.5916796,-0.095218606,-0.10028999,-28.297861,-25993.123,-27200.389,2.3344e-05,0.06683708,5.5641704,12.329289,0.12644696,16.250057,-22480.688,0.14215979,17.502363
-2.5879772,-0.095633499,-0.10072456,-28.405352,-25955.369,-27160.795,2.336e-05,0.066628225,5.5765429,12.290763,0.12608787,16.157598,-22530.537,0.14145635,17.418257
-2.5842581,-0.096047781,-0.1011585,-28.512943,-25917.451,-27121.031,2.3376e-05,0.066312253,5.5888801,12.232476,0.125728,16.065369,-22580.242,0.14081088,17.334263
-2.5805218,-0.09646146,-0.1015918,-28.620634,-25879.369,-27081.096,2.3392e-05,0.06573271,5.601182,12.125568,0.12536731,15.973367,-22629.807,0.1406949,17.25038
-2.5767684,-0.096874528,-0.10202445,-28.728415,-25841.125,-27040.988,2.3408e-05,0.065319628,5.6134481,12.049369,0.12500584,15.88159,-22679.229,0.14024323,17.166603
-2.5729983,-0.097286984,-0.10245647,-28.836285,-25802.717,-27000.711,2.3424e-05,0.064671494,5.6256795,11.92981,0.12464358,15.790034,-22728.508,0.1395825,17.082935
-2.5692112,-0.097698823,-0.10288782,-28.944235,-25764.146,-26960.264,2.344e-05,0.063843027,5.6378746,11.776983,0.12428053,15.698699,-22777.643,0.13874935,16.999376
-2.565407,-0.09811005,-0.10331854,-29.052263,-25725.414,-26919.645,2.3456e-05,0.063417614,5.6500344,11.698509,0.1239167,15.607581,-22826.635,0.13847926,16.91592
-2.5615861,-0.098520659,-0.1037486,-29.16036,-25686.52,-26878.855,2.3472e-05,0.062935948,5.662159,11.609656,0.12355208,15.516678,-22875.482,0.13850978,16.832569
-2.5577483,-0.098930642,-0.10417801,-29.268526,-25647.465,-26837.898,2.3488e-05,0.06223695,5.6742473,11.480714,0.12318669,15.425987,-22924.188,0.13810389,16.749323
-2.5538938,-0.099339999,-0.10460676,-29.376749,-25608.246,-26796.77,2.3504e-05,0.062264696,5.6862998,11.485832,0.12282051,15.335506,-22972.748,0.13815729,16.666176
-2.5500224,-0.099748723,-0.10503484,-29.485029,-25568.867,-26755.473,2.352e-05,0.061480153,5.6983161,11.341109,0.12245356,15.245233,-23021.162,0.13729972,16.583132
-2.5461342,-0.10015683,-0.10546227,-29.593357,-25529.326,-26714.006,2.3536e-05,0.061048578,5.7102971,11.261497,0.12208584,15.155163,-23069.432,0.13610798,16.500185
-2.5422294,-0.10056429,-0.10588903,-29.701727,-25489.625,-26672.371,2.3552e-05,0.060432043,5.7222414,11.147767,0.12171735,15.065295,-23117.557,0.13609119,16.417339
-2.5383077,-0.10097113,-0.10631511,-29.810135,-25449.764,-26630.568,2.3568e-05,0.060155373,5.7341499,11.09673,0.12134808,14.975626,-23165.537,0.13573413,16.334587
-2.5343695,-0.10137732,-0.10674053,-29.918575,-25409.742,-26588.598,2.3584e-05,0.059839398,5.7460222,11.038443,0.12097805,14.886153,-23213.369,0.13480788,16.251934
-2.5304143,-0.10178287,-0.10716528,-30.027039,-25369.559,-26546.457,2.36e-05,0.058523867,5.7578578,10.79577,0.12060726,14.796874,-23261.057,0.1351146,16.169373
-2.5264428,-0.10218779,-0.10758934,-30.135523,-25329.217,-26504.15,2.3616e-05,0.058294978,5.7696576,10.753547,0.1202357,14.707785,-23308.598,0.13438368,16.086906
-2.5224547,-0.10259205,-0.10801273,-30.244019,-25288.715,-26461.676,2.3632e-05,0.057756279,5.7814207,10.654175,0.11986339,14.618883,-23355.99,0.13410597,16.004532
-2.51845,-0.10299567,-0.10843544,-30.352524,-25248.055,-26419.035,2.3648e-05,0.057152845,5.7931471,10.54286,0.11949032,14.530167,-23403.236,0.13321635,15.922248
-2.5144289,-0.10339864,-0.10885745,-30.461027,-25207.234,-26376.227,2.3664e-05,0.056974821,5.8048372,10.51002,0.11911649,14.441631,-23450.336,0.13301645,15.840054
-2.5103912,-0.10380095,-0.10927878,-30.569527,-25166.254,-26333.25,2.368e-05,0.0564893,5.8164907,10.420457,0.11874191,14.353275,-23497.287,0.13244881,15.757948
-2.5063372,-0.10420261,-0.10969943,-30.678013,-25125.117,-26290.109,2.3696e-05,0.055660058,5.8281069,10.267489,0.11836658,14.265095,-23544.09,0.13208869,15.675929
-2.5022669,-0.10460361,-0.11011937,-30.78648,-25083.82,-26246.803,2.3712e-05,0.055438876,5.8396869,10.226688,0.1179905,14.177087,-23590.746,0.13176061,15.593997
-2.4981799,-0.10500395,-0.11053863,-30.894922,-25042.367,-26203.328,2.3728e-05,0.055094387,5.8512297,10.163141,0.11761368,14.089249,-23637.252,0.13068178,15.512149
-2.494077,-0.10540362,-0.11095718,-31.003332,-25000.756,-26159.689,2.3744e-05,0.054766081,5.8627357,10.102579,0.11723612,14.001576,-23683.609,0.13055666,15.430385
-2.4899576,-0.10580263,-0.11137504,-31.111704,-24958.986,-26115.885,2.376e-05,0.054269772,5.8742046,10.011025,0.11685781,13.914068,-23729.818,0.12987609,15.348702
-2.485822,-0.10620098,-0.11179219,-31.220032,-24917.061,-26071.916,2.3776e-05,0.053675584,5.8856363,9.9014177,0.11647876,13.82672,-23775.877,0.13014771,15.267101
-2.4816701,-0.10659865,-0.11220863,-31.328306,-24874.977,-26027.783,2.3792e-05,0.052881025,5.8970308,9.7548466,0.11609899,13.739529,-23821.785,0.12873623,15.185579
-2.4775023,-0.10699565,-0.11262437,-31.436522,-24832.736,-25983.484,2.3808e-05,0.05240244,5.9083881,9.666563,0.11571847,13.652492,-23867.545,0.12952818,15.104137
-2.4733183,-0.10739197,-0.1130394,-31.544672,-24790.34,-25939.023,2.3824e-05,0.0515863,5.9197083,9.5160122,0.11533723,13.565605,-23913.152,0.12904599,15.022772
-2.4691184,-0.10778762,-0.1134537,-31.65275,-24747.787,-25894.396,2.384e-05,0.051183239,5.9309907,9.4416599,0.11495525,13.478867,-23958.611,0.12795343,14.941483
-2.4649022,-0.10818258,-0.1138673,-31.760748,-24705.078,-25849.607,2.3856e-05,0.050825648,5.9422359,9.3756962,0.11457255,13.392272,-24003.918,0.1277108,14.86027
-2.4606702,-0.10857686,-0.11428017,-31.868658,-24662.213,-25804.654,2.3872e-05,0.050431065,5.9534435,9.3029079,0.11418913,13.305819,-24049.072,0.12710044,14.77913
-2.4564221,-0.10897045,-0.11469232,-31.976475,-24619.193,-25759.537,2.3888e-05,0.050036483,5.9646139,9.2301207,0.11380499,13.219502,-24094.076,0.12626117,14.698063
-2.4521585,-0.10936335,-0.11510375,-32.08419,-24576.02,-25714.26,2.3904e-05,0.04929664,5.9757462,9.0936432,0.11342013,13.133322,-24138.93,0.12529221,14.617067
-2.4478786,-0.10975557,-0.11551445,-32.191799,-24532.689,-25668.818,2.392e-05,0.049087789,5.9868407,9.0551167,0.11303455,13.047271,-24183.629,0.12628712,14.536142
-2.4435833,-0.11014709,-0.11592443,-32.29929,-24489.205,-25623.215,2.3936e-05,0.04848744,5.9978976,8.9443712,0.11264826,12.961349,-24228.178,0.12534867,14.455286
-2.4392719,-0.11053792,-0.11633366,-32.406658,-24445.566,-25577.449,2.3952e-05,0.047861654,6.0089164,8.8289347,0.11226125,12.875551,-24272.572,0.12633595,14.374498
-2.4349451,-0.11092804,-0.11674216,-32.513897,-24401.773,-25531.523,2.3968e-05,0.047510229,6.0198975,8.7641077,0.11187354,12.789874,-24316.814,0.12436903,14.293777
-2.4306026,-0.11131747,-0.11714993,-32.620998,-24357.826,-25485.436,2.3984e-05,0.047078654,6.0308404,8.6844959,0.11148512,12.704315,-24360.904,0.12410047,14.213121
-2.4262443,-0.1117062,-0.11755696,-32.727955,-24313.727,-25439.186,2.4e-05,0.046502963,6.0417452,8.5782995,0.11109599,12.618871,-24404.84,0.12387921,14.132531
-2.4218707,-0.11209422,-0.11796325,-32.834759,-24269.475,-25392.777,2.4016e-05,0.045944229,6.0526118,8.4752312,0.11070617,12.533537,-24448.623,0.12343822,14.052004
-2.4174814,-0.11248152,-0.11836878,-32.941402,-24225.068,-25346.207,2.4032e-05,0.04576081,6.0634403,8.4413967,0.11031564,12.448312,-24492.25,0.12302011,13.971539
-2.4130766,-0.11286812,-0.11877358,-33.047878,-24180.51,-25299.477,2.4048e-05,0.04527529,6.0742302,8.3518333,0.10992442,12.36319,-24535.723,0.12191381,13.891136
-2.4086564,-0.11325401,-0.11917762,-33.154179,-24135.799,-25252.588,2.4064e-05,0.044778205,6.0849819,8.2601376,0.10953251,12.27817,-24579.043,0.12320475,13.810793
-2.4042208,-0.11363918,-0.11958091,-33.260296,-24090.936,-25205.537,2.408e-05,0.043981332,6.0956955,8.1131401,0.1091399,12.193247,-24622.207,0.12148503,13.730509
-2.3997698,-0.11402363,-0.11998344,-33.366222,-24045.92,-25158.328,2.4096e-05,0.043985188,6.1063704,8.1138515,0.1087466,12.108418,-24665.215,0.12158421,13.650284
-2.3953037,-0.11440737,-0.12038521,-33.471951,-24000.754,-25110.961,2.4112e-05,0.043031868,6.1170068,7.9379945,0.10835261,12.023681,-24708.068,0.12056032,13.570114
-2.3908222,-0.11479038,-0.12078623,-33.577473,-23955.438,-25063.436,2.4128e-05,0.042355992,6.127604,7.8133173,0.10795794,11.939031,-24750.768,0.12023988,13.490002
-2.3863254,-0.11517266,-0.12118648,-33.682785,-23909.969,-25015.752,2.4144e-05,0.042094734,6.1381631,7.7651234,0.10756259,11.854464,-24793.309,0.11936705,13.409944
-2.3818135,-0.11555422,-0.12158597,-33.787872,-23864.35,-24967.908,2.416e-05,0.041227732,6.1486831,7.6051893,0.10716656,11.769979,-24835.695,0.11978363,13.329939
-2.3772864,-0.11593505,-0.12198468,-33.892731,-23818.58,-24919.908,2.4176e-05,0.0410867,6.1591644,7.5791736,0.10676985,11.68557,-24877.924,0.1187048,13.249988
-2.3727443,-0.11631514,-0.12238263,-33.997356,-23772.66,-24871.75,2.4192e-05,0.04055956,6.1696072,7.4819336,0.10637248,11.601235,-24919.996,0.11849574,13.170089
-2.3681872,-0.1166945,-0.12277981,-34.101734,-23726.592,-24823.436,2.4208e-05,0.040064793,6.1800103,7.3906646,0.10597442,11.516972,-24961.912,0.1182226,13.09024
-2.363615,-0.11707313,-0.12317621,-34.20586,-23680.373,-24774.965,2.4224e-05,0.039964605,6.1903749,7.3721833,0.1055757,11.432775,-25003.67,0.11782586,13.010441
-2.3590279,-0.11745101,-0.12357183,-34.309723,-23634.006,-24726.336,2.424e-05,0.039259441,6.2007003,7.2421031,0.10517631,11.348642,-25045.271,0.11751763,12.930691
-2.3544257,-0.11782815,-0.12396667,-34.413322,-23587.488,-24677.553,2.4256e-05,0.038652927,6.2109861,7.1302204,0.10477625,11.26457,-25086.715,0.11700339,12.850988
-2.3498087,-0.11820456,-0.12436073,-34.516644,-23540.822,-24628.613,2.4272e-05,0.037944682,6.2212334,6.9995723,0.10437553,11.180554,-25128,0.11649373,12.771334
-2.3451769,-0.11858021,-0.124754,-34.619678,-23494.01,-24579.518,2.4288e-05,0.037894588,6.2314405,6.9903316,0.10397416,11.096593,-25169.125,0.11600848,12.691725
-2.3405304,-0.11895511,-0.12514648,-34.722427,-23447.049,-24530.266,2.4304e-05,0.037253391,6.2416091,6.8720512,0.10357213,11.012682,-25210.094,0.11560412,12.612161
-2.3358691,-0.11932926,-0.12553817,-34.824871,-23399.939,-24480.861,2.432e-05,0.037008315,6.2517376,6.8268433,0.10316944,10.928819,-25250.902,0.11502579,12.53264
-2.331193,-0.11970266,-0.12592907,-34.92701,-23352.682,-24431.301,2.4336e-05,0.035937857,6.261827,6.6293778,0.1027661,10.844998,-25291.553,0.11406903,12.453164
-2.3265021,-0.1200753,-0.12631918,-35.028831,-23305.277,-24381.586,2.4352e-05,0.03567737,6.2718768,6.5813265,0.10236212,10.76122,-25332.043,0.11428419,12.37373
-2.3217967,-0.12044718,-0.12670849,-35.130333,-23257.727,-24331.717,2.4368e-05,0.035362165,6.2818871,6.5231814,0.10195749,10.677478,-25372.375,0.11394543,12.294336
-2.3170767,-0.1208183,-0.127097,-35.231503,-23210.031,-24281.693,2.4384e-05,0.034893598,6.2918577,6.4367461,0.1015522,10.59377,-25412.545,0.11381878,12.214985
-2.3123419,-0.12118866,-0.12748471,-35.332333,-23162.188,-24231.518,2.44e-05,0.034238532,6.3017883,6.315907,0.10114629,10.510094,-25452.557,0.11332285,12.135673
-2.3075929,-0.12155826,-0.1278716,-35.432816,-23114.197,-24181.189,2.4416e-05,0.034069754,6.3116794,6.2847729,0.10073972,10.426445,-25492.406,0.11256752,12.056398
-2.3028293,-0.12192708,-0.12825769,-35.532944,-23066.062,-24130.707,2.4432e-05,0.033363823,6.3215303,6.154551,0.10033254,10.34282,-25532.098,0.11199072,11.977163
-2.2980511,-0.12229513,-0.12864298,-35.632706,-23017.783,-24080.074,2.4448e-05,0.032990817,6.3313413,6.0857439,0.099924706,10.259217,-25571.627,0.11212347,11.897965
-2.2932587,-0.12266242,-0.12902744,-35.732101,-22969.357,-24029.287,2.4464e-05,0.032780424,6.3411126,6.0469332,0.099516243,10.175632,-25610.994,0.11147038,11.818804
-2.2884517,-0.12302893,-0.1294111,-35.83112,-22920.787,-23978.35,2.448e-05,0.031979699,6.3508434,5.8992252,0.099107154,10.092063,-25650.201,0.11042818,11.739677
-2.2836304,-0.12339466,-0.12979393,-35.929749,-22872.072,-23927.26,2.4496e-05,0.031265289,6.3605347,5.7674394,0.098697439,10.008505,-25689.246,0.11056856,11.660586
-2.2787948,-0.12375961,-0.13017595,-36.027985,-22823.215,-23876.02,2.4512e-05,0.031315383,6.3701854,5.77668,0.098287106,9.9249563,-25728.129,0.11028016,11.58153
-2.2739449,-0.12412378,-0.13055713,-36.12582,-22774.213,-23824.629,2.4528e-05,0.030429112,6.379796,5.6131916,0.097876146,9.8414135,-25766.85,0.10922574,11.502506
-2.2690806,-0.12448717,-0.13093752,-36.223244,-22725.066,-23773.086,2.4544e-05,0.029693123,6.3893661,5.4774251,0.097464569,9.7578735,-25805.408,0.10825068,11.423515
-2.2642021,-0.12484977,-0.13131705,-36.320251,-22675.779,-23721.395,2.456e-05,0.029751694,6.3988962,5.4882298,0.09705238,9.6743326,-25843.805,0.10884427,11.344557
-2.2593095,-0.12521158,-0.13169576,-36.416836,-22626.348,-23669.553,2.4576e-05,0.028556386,6.4083858,5.2677341,0.096639574,9.5907898,-25882.037,0.10772118,11.26563
-2.2544029,-0.12557259,-0.13207364,-36.512985,-22576.773,-23617.561,2.4592e-05,0.029023411,6.4178348,5.3538852,0.096226156,9.5072403,-25920.107,0.1077456,11.186733
-2.2494819,-0.12593283,-0.1324507,-36.608696,-22527.057,-23565.42,2.4608e-05,0.028019229,6.4272428,5.1686459,0.095812134,9.4236822,-25958.014,0.10719321,11.107866
-2.2445471,-0.12629226,-0.13282691,-36.703957,-22477.199,-23513.131,2.4624e-05,0.027828103,6.4366107,5.133389,0.095397502,9.3401127,-25995.758,0.10677359,11.029029
-2.239598,-0.12665088,-0.13320227,-36.798763,-22427.199,-23460.693,2.464e-05,0.026992697,6.4459381,4.9792838,0.094982274,9.2565279,-26033.338,0.10622883,10.950219
-2.2346351,-0.12700872,-0.13357681,-36.893108,-22377.057,-23408.107,2.4656e-05,0.027173804,6.4552245,5.012692,0.094566442,9.1729259,-26070.752,0.10637074,10.871439
-2.2296579,-0.12736575,-0.13395049,-36.98698,-22326.775,-23355.373,2.4672e-05,0.026302177,6.4644704,4.8519049,0.094150014,9.089303,-26108.004,0.1056444,10.792685
-2.2246671,-0.12772198,-0.13432333,-37.080376,-22276.354,-23302.492,2.4688e-05,0.026076371,6.4736753,4.8102512,0.09373299,9.0056581,-26145.09,0.10583819,10.713958
-2.219662,-0.1280774,-0.13469532,-37.173283,-22225.789,-23249.463,2.4704e-05,0.025378145,6.4828391,4.6814508,0.093315378,8.9219866,-26182.012,0.10529038,10.635258
-2.2146432,-0.12843201,-0.13506646,-37.265701,-22175.088,-23196.287,2.472e-05,0.024586666,6.491962,4.5354486,0.092897169,8.8382874,-26218.77,0.10426496,10.556582
-2.2096105,-0.1287858,-0.13543674,-37.357616,-22124.244,-23142.967,2.4736e-05,0.024430992,6.5010443,4.5067315,0.09247838,8.7545567,-26255.359,0.10422224,10.477932
-2.2045639,-0.1291388,-0.13580617,-37.449024,-22073.262,-23089.498,2.4752e-05,0.02402639,6.5100851,4.4320955,0.092059001,8.6707926,-26291.787,0.10335398,10.399306
-2.1995037,-0.12949097,-0.13617475,-37.539917,-22022.141,-23035.883,2.4768e-05,0.023078468,6.5190849,4.2572341,0.091639049,8.5869923,-26328.047,0.1030076,10.320705
-2.1944294,-0.12984233,-0.13654247,-37.630291,-21970.881,-22982.125,2.4784e-05,0.022958243,6.5280437,4.2350569,0.091218509,8.5031528,-26364.141,0.10237282,10.242127
-2.1893415,-0.13019285,-0.13690932,-37.720131,-21919.484,-22928.219,2.48e-05,0.022410296,6.5369611,4.1339784,0.090797402,8.4192734,-26400.07,0.10228431,10.163572
-2.1842399,-0.13054256,-0.13727531,-37.809437,-21867.947,-22874.17,2.4816e-05,0.022211464,6.5458374,4.0973001,0.090375714,8.3353491,-26435.832,0.10206763,10.085039
-2.1791246,-0.13089144,-0.13764043,-37.898201,-21816.273,-22819.977,2.4832e-05,0.021325193,6.5546722,3.9338119,0.08995346,8.251379,-26471.428,0.10112308,10.006528
-2.1739955,-0.1312395,-0.13800468,-37.986412,-21764.463,-22765.637,2.4848e-05,0.021005366,6.5634656,3.8748138,0.089530632,8.1673603,-26506.855,0.10136723,9.9280386
-2.168853,-0.13158673,-0.13836806,-38.074066,-21712.514,-22711.156,2.4864e-05,0.020558378,6.5722175,3.7923589,0.089107238,8.0832911,-26542.117,0.10119633,9.8495703
-2.1636968,-0.13193314,-0.13873056,-38.161156,-21660.43,-22656.529,2.488e-05,0.01990331,6.5809278,3.6715198,0.088683285,7.9991689,-26577.213,0.099891663,9.7711229
-2.1585269,-0.1322787,-0.13909219,-38.247673,-21608.207,-22601.762,2.4896e-05,0.019601976,6.5895967,3.6159337,0.088258773,7.9149914,-26612.139,0.10021363,9.6926956
-2.1533437,-0.13262343,-0.13945293,-38.333614,-21555.85,-22546.85,2.4912e-05,0.019195063,6.5982237,3.5408714,0.087833703,7.8307562,-26646.898,0.09945219,9.6142883
-2.1481466,-0.13296732,-0.1398128,-38.418972,-21503.355,-22491.797,2.4928e-05,0.018872153,6.6068096,3.4813046,0.087408081,7.7464614,-26681.49,0.09866634,9.5358992
-2.1429362,-0.13331038,-0.1401718,-38.503738,-21450.729,-22436.6,2.4944e-05,0.018034436,6.6153531,3.3267727,0.0869819,7.6621051,-26715.912,0.098649554,9.45753
-2.1377125,-0.13365258,-0.14052989,-38.587906,-21397.963,-22381.264,2.496e-05,0.017607484,6.6238551,3.2480142,0.086555175,7.5776844,-26750.168,0.098152101,9.379179
-2.1324751,-0.13399395,-0.1408871,-38.671471,-21345.064,-22325.783,2.4976e-05,0.017410193,6.6323156,3.2116201,0.0861279,7.4931984,-26784.254,0.097561568,9.3008471
-2.1272244,-0.13433447,-0.14124343,-38.754421,-21292.031,-22270.164,2.4992e-05,0.016929295,6.6407337,3.12291,0.08570008,7.4086442,-26818.172,0.09725944,9.2225323
-2.1219604,-0.13467415,-0.14159885,-38.836758,-21238.865,-22214.404,2.5008e-05,0.016249565,6.6491103,2.9975216,0.085271724,7.3240204,-26851.92,0.097247228,9.1442356
-2.116683,-0.13501295,-0.14195339,-38.918472,-21185.564,-22158.502,2.5024e-05,0.015837258,6.6574445,2.9214642,0.084842823,7.239325,-26885.498,0.096755885,9.0659552
-2.1113923,-0.13535093,-0.14230703,-38.999557,-21132.129,-22102.461,2.504e-05,0.015144425,6.6657367,2.793659,0.084413394,7.1545563,-26918.908,0.096172981,8.9876928
-2.1060882,-0.13568804,-0.14265977,-39.080006,-21078.562,-22046.281,2.5056e-05,0.015059652,6.6739869,2.7780209,0.083983421,7.0697122,-26952.148,0.095982239,8.9094467
-2.100771,-0.1360243,-0.14301161,-39.159813,-21024.861,-21989.961,2.5072e-05,0.014317497,6.6821952,2.6411173,0.083552927,6.9847908,-26985.219,0.095405437,8.8312168
-2.0954404,-0.13635969,-0.14336255,-39.238972,-20971.029,-21933.502,2.5088e-05,0.014015394,6.690361,2.5853891,0.083121903,6.8997912,-27018.119,0.095348977,8.7530031
-2.0900967,-0.13669422,-0.14371258,-39.317478,-20917.064,-21876.906,2.5104e-05,0.013106775,6.6984844,2.417778,0.082690351,6.8147111,-27050.85,0.094503619,8.6748047
-2.0847399,-0.1370279,-0.1440617,-39.395325,-20862.967,-21820.17,2.512e-05,0.013118335,6.7065659,2.4199104,0.082258277,6.7295489,-27083.408,0.093684196,8.5966225
-2.0793698,-0.13736071,-0.14440991,-39.472507,-20808.74,-21763.297,2.5136e-05,0.012914878,6.7146049,2.3823793,0.081825688,6.6443038,-27115.797,0.093078405,8.5184555
-2.0739868,-0.13769265,-0.14475721,-39.549019,-20754.381,-21706.287,2.5152e-05,0.012150374,6.7226009,2.241353,0.081392579,6.5589733,-27148.016,0.092527546,8.4403038
-2.0685904,-0.13802372,-0.1451036,-39.624859,-20699.891,-21649.139,2.5168e-05,0.011381246,6.7305551,2.0994735,0.080958955,6.4735565,-27180.062,0.092779323,8.3621664
-2.0631812,-0.13835391,-0.14544907,-39.700012,-20645.271,-21591.854,2.5184e-05,0.010769335,6.7384667,1.9865956,0.080524817,6.388052,-27211.938,0.092037722,8.2840443
-2.0577588,-0.13868323,-0.14579362,-39.774483,-20590.521,-21534.434,2.52e-05,0.010380917,6.7463355,1.9149451,0.08009018,6.3024588,-27243.643,0.092156745,8.2059364
-2.0523236,-0.13901168,-0.14613725,-39.848263,-20535.643,-21476.877,2.5216e-05,0.010488811,6.7541618,1.934848,0.079655029,6.2167745,-27275.174,0.091053501,8.1278419
-2.0468752,-0.13933925,-0.14647995,-39.921341,-20480.633,-21419.184,2.5232e-05,0.0096480111,6.7619457,1.7797474,0.079219379,6.1309991,-27306.535,0.090281382,8.0497627
-2.041414,-0.13966593,-0.14682174,-39.993721,-20425.496,-21361.355,2.5248e-05,0.0092711532,6.7696867,1.7102294,0.078783222,6.0451307,-27337.723,0.090699486,7.9716973
-2.0359399,-0.13999175,-0.14716259,-40.065395,-20370.229,-21303.393,2.5264e-05,0.008360222,6.7773848,1.5421919,0.078346573,5.9591689,-27368.738,0.090415664,7.8936453
-2.030453,-0.14031667,-0.14750251,-40.136356,-20314.834,-21245.295,2.528e-05,0.0081768027,6.7850404,1.5083569,0.077909425,5.8731117,-27399.582,0.090205081,7.8156075
-2.0249531,-0.14064071,-0.14784151,-40.206604,-20259.311,-21187.064,2.5296e-05,0.0078685349,6.7926526,1.4514914,0.077471793,5.7869587,-27430.254,0.089193396,7.7375827
-2.0194404,-0.14096385,-0.14817956,-40.276127,-20203.66,-21128.699,2.5312e-05,0.0072034472,6.8002224,1.3288041,0.077033661,5.7007084,-27460.752,0.089074373,7.6595716
-2.0139151,-0.1412861,-0.14851668,-40.344929,-20147.883,-21070.199,2.5328e-05,0.0069429609,6.8077488,1.2807528,0.076595053,5.6143603,-27491.076,0.087775812,7.5815735
-2.0083771,-0.14160746,-0.14885287,-40.412998,-20091.979,-21011.568,2.5344e-05,0.0059118052,6.8152328,1.0905378,0.076155953,5.5279136,-27521.229,0.087665945,7.5035887
-2.0028262,-0.14192794,-0.14918812,-40.480335,-20035.947,-20952.803,2.536e-05,0.0056883111,6.8226733,1.0493103,0.075716376,5.4413671,-27551.207,0.088070318,7.4256172
-1.9972626,-0.14224751,-0.14952242,-40.546932,-19979.791,-20893.906,2.5376e-05,0.0052575069,6.830071,0.96984076,0.075276323,5.3547206,-27581.012,0.087437056,7.3476582
-1.9916865,-0.14256619,-0.14985578,-40.612789,-19923.508,-20834.877,2.5392e-05,0.004844428,6.8374252,0.89364105,0.074835792,5.2679729,-27610.643,0.087278359,7.2697124
-1.9860976,-0.14288396,-0.15018819,-40.677902,-19867.1,-20775.717,2.5408e-05,0.0046586967,6.8447366,0.85937959,0.074394785,5.1811237,-27640.1,0.086410105,7.1917796
-1.9804963,-0.14320083,-0.15051965,-40.74226,-19810.566,-20716.424,2.5424e-05,0.0041323295,6.8520045,0.76228178,0.073953308,5.094172,-27669.383,0.085460983,7.1138592
-1.9748824,-0.14351681,-0.15085016,-40.80587,-19753.908,-20657.002,2.544e-05,0.003541226,6.8592291,0.65324223,0.07351137,5.0071177,-27698.49,0.085964538,7.0359516
-1.9692559,-0.14383186,-0.15117973,-40.868721,-19697.125,-20597.449,2.5456e-05,0.0028129434,6.8664103,0.51889753,0.073068962,4.91996,-27727.424,0.085116126,6.9580564
-1.963617,-0.14414601,-0.15150833,-40.930809,-19640.219,-20537.766,2.5472e-05,0.0023651845,6.8735485,0.4363004,0.072626099,4.8326988,-27756.184,0.084626302,6.8801742
-1.9579656,-0.14445926,-0.15183598,-40.992138,-19583.189,-20477.951,2.5488e-05,0.0022411067,6.8806429,0.41341203,0.072182767,4.7453332,-27784.768,0.084163949,6.8023043
-1.9523019,-0.14477159,-0.15216267,-41.052696,-19526.035,-20418.01,2.5504e-05,0.0014411518,6.8876939,0.26584613,0.071738988,4.6578631,-27813.176,0.083748892,6.7244468
-1.9466257,-0.14508301,-0.1524884,-41.112484,-19468.76,-20357.938,2.552e-05,0.00084542437,6.8947015,0.15595359,0.071294755,4.5702882,-27841.41,0.084022038,6.6466022
-1.9409372,-0.14539351,-0.15281315,-41.171501,-19411.359,-20297.738,2.5536e-05,0.00061191153,6.9016657,0.11287798,0.070850067,4.4826088,-27869.467,0.082813501,6.5687699
-1.9352365,-0.14570308,-0.15313695,-41.22974,-19353.838,-20237.41,2.5552e-05,3.3138786e-05,6.908586,0.0061130393,0.070404932,4.394824,-27897.35,0.082721949,6.4909501
-1.9295233,-0.14601174,-0.15345979,-41.287201,-19296.195,-20176.955,2.5568e-05,0.00017879531,6.915463,0.032981981,0.069959357,4.3069339,-27925.057,0.081894897,6.4131427
-1.9237981,-0.14631948,-0.15378165,-41.34388,-19238.432,-20116.371,2.5584e-05,-0.00074061332,6.922296,-0.13661931,0.069513336,4.2189384,-27952.588,0.081592761,6.3353477
-1.9180605,-0.14662629,-0.15410253,-41.399776,-19180.545,-20055.66,2.56e-05,-0.0015644589,6.9290853,-0.28859231,0.069066875,4.1308379,-27979.941,0.081904046,6.257565
-1.912311,-0.14693218,-0.15442245,-41.454887,-19122.539,-19994.822,2.5616e-05,-0.0016731233,6.9358311,-0.30863741,0.068619981,4.0426316,-28007.121,0.080806911,6.1797948
-1.9065492,-0.14723714,-0.15474139,-41.509209,-19064.412,-19933.859,2.5632e-05,-0.0021763705,6.942533,-0.4014703,0.068172656,3.9543204,-28034.123,0.079360329,6.1020374
-1.9007753,-0.14754117,-0.15505935,-41.56274,-19006.166,-19872.77,2.5648e-05,-0.0026418548,6.9491911,-0.48733717,0.067724898,3.8659041,-28060.947,0.079912715,6.0242925
-1.8949894,-0.14784427,-0.15537634,-41.615479,-18947.799,-19811.555,2.5664e-05,-0.0030765124,6.9558048,-0.56751752,0.067276709,3.7773831,-28087.596,0.080524616,5.9465599
-1.8891914,-0.14814644,-0.15569235,-41.667423,-18889.312,-19750.215,2.568e-05,-0.0031844061,6.9623752,-0.5874204,0.066828094,3.6887572,-28114.066,0.078798793,5.8688397
-1.8833815,-0.14844766,-0.15600736,-41.718571,-18830.707,-19688.75,2.5696e-05,-0.0040460145,6.9689012,-0.74635947,0.066379063,3.6000271,-28140.361,0.078006834,5.7911325
-1.8775597,-0.14874795,-0.15632141,-41.768921,-18771.984,-19627.162,2.5712e-05,-0.0042263512,6.9753833,-0.77962577,0.065929607,3.511193,-28166.477,0.078044981,5.7134376
-1.8717259,-0.1490473,-0.15663445,-41.81847,-18713.143,-19565.447,2.5728e-05,-0.0048613828,6.9818215,-0.89676863,0.065479741,3.4222555,-28192.416,0.077460557,5.6357555
-1.8658803,-0.14934571,-0.15694651,-41.867222,-18654.184,-19503.611,2.5744e-05,-0.0054224301,6.9882154,-1.0002638,0.065029457,3.3332148,-28218.178,0.077834405,5.5580859
-1.8600228,-0.14964317,-0.15725757,-41.915173,-18595.107,-19441.652,2.576e-05,-0.0060412777,6.9945655,-1.1144212,0.064578764,3.2440712,-28243.762,0.076651812,5.4804292
-1.8541536,-0.14993969,-0.15756765,-41.962318,-18535.914,-19379.568,2.5776e-05,-0.006604637,7.0008712,-1.2183429,0.064127661,3.1548257,-28269.166,0.076718956,5.4027853
-1.8482726,-0.15023527,-0.15787673,-42.008659,-18476.604,-19317.363,2.5792e-05,-0.0066662906,7.0071325,-1.2297161,0.063676156,3.0654786,-28294.395,0.076238289,5.3251543
-1.8423799,-0.15052989,-0.1581848,-42.054199,-18417.176,-19255.037,2.5808e-05,-0.007143335,7.0133495,-1.3177154,0.063224241,2.9760308,-28319.443,0.076740317,5.2475362
-1.8364755,-0.15082356,-0.15849188,-42.098934,-18357.633,-19192.588,2.5824e-05,-0.0081999227,7.0195227,-1.5126218,0.062771939,2.8864827,-28344.314,0.075626396,5.1699305
-1.8305595,-0.15111628,-0.15879796,-42.14286,-18297.975,-19130.018,2.584e-05,-0.0085166683,7.025651,-1.5710511,0.06231923,2.7968352,-28369.006,0.075626396,5.0923386
-1.8246318,-0.15140805,-0.15910304,-42.185982,-18238.201,-19067.326,2.5856e-05,-0.0089605739,7.0317354,-1.6529374,0.061866131,2.7070889,-28393.52,0.075078584,5.0147591
-1.8186927,-0.15169886,-0.15940711,-42.228298,-18178.312,-19004.516,2.5872e-05,-0.0091501586,7.037775,-1.6879096,0.061412644,2.617245,-28417.854,0.0749382,4.9371929
-1.812742,-0.15198871,-0.15971018,-42.26981,-18118.311,-18941.584,2.5888e-05,-0.0096788378,7.0437703,-1.7854339,0.060958765,2.5273042,-28442.008,0.073998228,4.8596396
-1.8067797,-0.1522776,-0.16001223,-42.310513,-18058.193,-18878.533,2.5904e-05,-0.010224472,7.0497212,-1.8860859,0.060504504,2.4372673,-28465.984,0.073987551,4.7821002
-1.8008062,-0.15256552,-0.16031328,-42.350414,-17997.963,-18815.363,2.592e-05,-0.010562795,7.0556273,-1.9484957,0.060049858,2.3471353,-28489.781,0.073656425,4.7045736
-1.7948211,-0.15285249,-0.16061331,-42.389503,-17937.619,-18752.074,2.5936e-05,-0.011026738,7.0614891,-2.0340784,0.059594836,2.2569091,-28513.396,0.07267525,4.6270604
-1.7888248,-0.1531385,-0.16091233,-42.427792,-17877.164,-18688.666,2.5952e-05,-0.011517655,7.067306,-2.1246367,0.059139434,2.1665902,-28536.834,0.072063357,4.5495605
-1.782817,-0.15342353,-0.16121033,-42.465275,-17816.594,-18625.141,2.5968e-05,-0.011812821,7.0730786,-2.1790853,0.05868366,2.0761793,-28560.092,0.071936704,4.472074
-1.776798,-0.15370759,-0.16150732,-42.501953,-17755.912,-18561.498,2.5984e-05,-0.012531085,7.0788064,-2.3115819,0.058227517,1.9856778,-28583.17,0.070941798,4.3946013
-1.7707678,-0.15399069,-0.16180328,-42.53783,-17695.119,-18497.736,2.6e-05,-0.013005817,7.0844893,-2.3991547,0.057771005,1.8950866,-28606.066,0.071059294,4.317142
-1.7647263,-0.15427281,-0.16209823,-42.572906,-17634.215,-18433.859,2.6016e-05,-0.013733329,7.0901279,-2.5333571,0.057314128,1.8044072,-28628.783,0.070149846,4.239696
-1.7586737,-0.15455395,-0.16239214,-42.607178,-17573.199,-18369.865,2.6032e-05,-0.014193419,7.0957212,-2.6182289,0.056856886,1.7136407,-28651.32,0.070288703,4.1622639
-1.75261,-0.15483412,-0.16268504,-42.640652,-17512.074,-18305.756,2.6048e-05,-0.014464695,7.1012702,-2.6682706,0.05639929,1.6227884,-28673.676,0.069235817,4.084846
-1.7465352,-0.15511331,-0.16297689,-42.673328,-17450.838,-18241.531,2.6064e-05,-0.014953299,7.1067739,-2.7584023,0.055941336,1.5318518,-28695.85,0.069199197,4.0074415
-1.7404492,-0.15539153,-0.16326773,-42.705208,-17389.492,-18177.189,2.608e-05,-0.015304725,7.1122327,-2.8232291,0.055483025,1.4408321,-28717.844,0.068683431,3.9300506
-1.7343524,-0.15566875,-0.16355753,-42.736294,-17328.035,-18112.734,2.6096e-05,-0.015683893,7.1176467,-2.8931735,0.055024367,1.3497308,-28739.658,0.068459123,3.8526738
-1.7282445,-0.155945,-0.16384631,-42.766586,-17266.471,-18048.164,2.6112e-05,-0.016247254,7.1230159,-2.9970951,0.054565363,1.2585496,-28761.289,0.068131045,3.775311
-1.7221256,-0.15622027,-0.16413404,-42.796085,-17204.799,-17983.48,2.6128e-05,-0.017135834,7.1283402,-3.16101,0.054106012,1.1672896,-28782.74,0.066966765,3.6979623
-1.715996,-0.15649454,-0.16442074,-42.824799,-17143.016,-17918.684,2.6144e-05,-0.017490342,7.1336193,-3.2264051,0.053646319,1.0759525,-28804.01,0.06724143,3.6206274
-1.7098554,-0.15676783,-0.16470641,-42.852726,-17081.127,-17853.773,2.616e-05,-0.017885696,7.1388531,-3.2993352,0.053186286,0.98453993,-28825.098,0.066695154,3.5433066
-1.7037041,-0.15704012,-0.16499102,-42.879868,-17019.131,-17788.75,2.6176e-05,-0.018149266,7.144042,-3.3479552,0.052725919,0.89305347,-28846.004,0.0659566,3.4659998
-1.6975421,-0.15731142,-0.16527461,-42.906227,-16957.025,-17723.613,2.6192e-05,-0.018637098,7.1491857,-3.4379449,0.052265219,0.80149472,-28866.729,0.065619372,3.3887074
-1.6913692,-0.15758175,-0.16555713,-42.931808,-16894.816,-17658.365,2.6208e-05,-0.019258259,7.1542845,-3.5525289,0.051804189,0.70986539,-28887.271,0.064911343,3.311429
-1.6851857,-0.15785106,-0.16583861,-42.956615,-16832.498,-17593.006,2.6224e-05,-0.020144528,7.159338,-3.716017,0.05134283,0.61816716,-28907.631,0.064914398,3.234165
-1.6789914,-0.15811938,-0.16611905,-42.980648,-16770.076,-17527.537,2.624e-05,-0.019981146,7.1643462,-3.6858783,0.050881147,0.52640182,-28927.809,0.064897612,3.1569149
-1.6727866,-0.15838669,-0.16639845,-43.00391,-16707.547,-17461.955,2.6256e-05,-0.020040488,7.1693091,-3.696825,0.050419144,0.43457106,-28947.805,0.064030886,3.0796793
-1.6665713,-0.15865302,-0.16667679,-43.026405,-16644.914,-17396.264,2.6272e-05,-0.020999972,7.1742268,-3.8738186,0.049956825,0.34267673,-28967.619,0.063570052,3.0024576
-1.6603453,-0.15891834,-0.16695409,-43.048138,-16582.176,-17330.463,2.6288e-05,-0.021432318,7.1790991,-3.9535725,0.049494188,0.25072065,-28987.25,0.06354259,2.9252505
-1.6541089,-0.15918264,-0.16723031,-43.069107,-16519.332,-17264.551,2.6304e-05,-0.022346331,7.1839261,-4.1221786,0.049031235,0.15870465,-29006.697,0.062961213,2.8480575
-1.647862,-0.15944596,-0.16750549,-43.089325,-16456.385,-17198.531,2.632e-05,-0.022616066,7.1887078,-4.171936,0.048567977,0.066630639,-29025.963,0.061854914,2.770879
-1.6416047,-0.15970825,-0.16777961,-43.108788,-16393.336,-17132.404,2.6336e-05,-0.02326574,7.1934438,-4.29178,0.048104409,-0.025499485,-29045.045,0.062033448,2.6937146
-1.635337,-0.15996954,-0.16805266,-43.127502,-16330.182,-17066.166,2.6352e-05,-0.023747409,7.1981349,-4.3806324,0.04764054,-0.11768379,-29063.943,0.061606187,2.6165645
-1.629059,-0.16022983,-0.16832466,-43.145473,-16266.926,-16999.822,2.6368e-05,-0.023961654,7.2027802,-4.4201536,0.047176369,-0.20992032,-29082.66,0.060979035,2.5394285
-1.6227707,-0.1604891,-0.1685956,-43.162701,-16203.567,-16933.371,2.6384e-05,-0.023776693,7.2073798,-4.3860345,0.046711899,-0.30220708,-29101.193,0.060321361,2.462307
-1.616472,-0.16074735,-0.16886547,-43.179195,-16140.106,-16866.812,2.64e-05,-0.025016701,7.2119341,-4.6147761,0.046247136,-0.39454207,-29119.543,0.060380872,2.3851995
-1.6101632,-0.16100459,-0.16913427,-43.194958,-16076.545,-16800.146,2.6416e-05,-0.02500437,7.2164431,-4.6125011,0.045782078,-0.48692325,-29137.707,0.059834588,2.3081064
-1.6038442,-0.16126081,-0.169402,-43.209991,-16012.882,-16733.375,2.6432e-05,-0.02571724,7.2209063,-4.7440028,0.045316733,-0.57934862,-29155.689,0.059768975,2.2310274
-1.5975151,-0.16151603,-0.16966866,-43.224304,-15949.117,-16666.498,2.6448e-05,-0.026186576,7.2253237,-4.8305802,0.044851102,-0.67181605,-29173.488,0.059462264,2.1539624
-1.5911758,-0.16177021,-0.16993426,-43.2379,-15885.253,-16599.516,2.6464e-05,-0.026978824,7.2296953,-4.9767246,0.044385187,-0.76432347,-29191.104,0.058513138,2.0769114
-1.5848265,-0.16202337,-0.17019878,-43.250782,-15821.289,-16532.428,2.648e-05,-0.027210025,7.2340217,-5.0193739,0.04391899,-0.8568688,-29208.533,0.05851924,1.9998746
-1.5784671,-0.16227551,-0.17046222,-43.262955,-15757.226,-16465.236,2.6496e-05,-0.027656244,7.2383022,-5.1016865,0.043452516,-0.9494499,-29225.779,0.057588428,1.9228518
-1.5720978,-0.16252662,-0.17072459,-43.274426,-15693.062,-16397.939,2.6512e-05,-0.027862784,7.242537,-5.1397867,0.042985771,-1.0420647,-29242.842,0.057464827,1.8458427
-1.5657184,-0.16277671,-0.17098588,-43.285198,-15628.801,-16330.541,2.6528e-05,-0.028974088,7.246726,-5.3447866,0.04251875,-1.1347109,-29259.721,0.056761377,1.7688476
-1.5593292,-0.16302577,-0.17124608,-43.29528,-15564.44,-16263.039,2.6544e-05,-0.029347863,7.2508698,-5.4137359,0.042051464,-1.2273864,-29276.414,0.056288339,1.6918663
-1.55293,-0.1632738,-0.17150521,-43.304676,-15499.983,-16195.434,2.656e-05,-0.029706994,7.2549672,-5.4799843,0.041583911,-1.320089,-29292.922,0.056933805,1.6148986
-1.5465211,-0.1635208,-0.17176326,-43.313393,-15435.428,-16127.726,2.6576e-05,-0.029802557,7.2590189,-5.4976125,0.041116092,-1.4128165,-29309.246,0.056540117,1.5379444
-1.5401022,-0.16376676,-0.17202021,-43.321434,-15370.775,-16059.917,2.6592e-05,-0.030580163,7.2630243,-5.6410556,0.040648017,-1.5055668,-29325.387,0.055673391,1.4610039
-1.5336738,-0.16401169,-0.17227608,-43.328804,-15306.026,-15992.006,2.6608e-05,-0.030594805,7.2669845,-5.6437569,0.040179685,-1.5983377,-29341.34,0.055003509,1.3840766
-1.5272354,-0.16425559,-0.17253087,-43.335514,-15241.181,-15923.994,2.6624e-05,-0.031345438,7.2708983,-5.7822242,0.039711099,-1.6911267,-29357.109,0.054412976,1.3071628
-1.5207875,-0.16449845,-0.17278457,-43.341564,-15176.239,-15855.882,2.664e-05,-0.032019775,7.2747669,-5.9066176,0.039242264,-1.7839319,-29372.695,0.054174934,1.2302619
-1.5143298,-0.16474026,-0.17303717,-43.346966,-15111.202,-15787.669,2.6656e-05,-0.032513004,7.2785888,-5.9976025,0.038773179,-1.8767507,-29388.094,0.053862117,1.1533743
-1.5078626,-0.16498104,-0.17328867,-43.351723,-15046.07,-15719.356,2.6672e-05,-0.032706439,7.2823648,-6.0332851,0.038303848,-1.9695812,-29403.309,0.05293588,1.0764995
-1.5013858,-0.16522078,-0.17353909,-43.355843,-14980.844,-15650.945,2.6688e-05,-0.033412375,7.2860951,-6.1635075,0.037834276,-2.0624211,-29418.338,0.052523881,0.99963748
-1.4948994,-0.16545947,-0.17378841,-43.359333,-14915.523,-15582.435,2.6704e-05,-0.033652823,7.2897797,-6.2078624,0.037364468,-2.1552677,-29433.182,0.051948607,0.92278814
-1.4884036,-0.16569711,-0.17403662,-43.362194,-14850.108,-15513.826,2.672e-05,-0.034285542,7.2934175,-6.3245788,0.036894418,-2.2481194,-29447.84,0.051493879,0.84595126
-1.4818982,-0.16593371,-0.17428376,-43.364441,-14784.601,-15445.119,2.6736e-05,-0.034687061,7.2970095,-6.3986459,0.036424141,-2.3409734,-29462.312,0.051332135,0.76912671
-1.4753834,-0.16616927,-0.17452978,-43.366077,-14719,-15376.314,2.6752e-05,-0.035243485,7.3005557,-6.5012884,0.03595363,-2.4338276,-29476.6,0.051522873,0.69231433
-1.4688592,-0.16640377,-0.17477469,-43.367107,-14653.307,-15307.413,2.6768e-05,-0.036014155,7.3040552,-6.6434522,0.035482895,-2.52668,-29490.699,0.050695822,0.61551398
-1.4623257,-0.16663723,-0.1750185,-43.367542,-14587.521,-15238.415,2.6784e-05,-0.036095843,7.3075089,-6.6585212,0.035011932,-2.6195281,-29504.615,0.050444044,0.53872538
-1.4557829,-0.16686963,-0.17526121,-43.36739,-14521.644,-15169.32,2.68e-05,-0.036655352,7.3109169,-6.7617321,0.03454075,-2.7123694,-29518.344,0.04961852,0.46194845
-1.4492308,-0.16710097,-0.17550282,-43.366653,-14455.675,-15100.13,2.6816e-05,-0.037202526,7.3142781,-6.8626685,0.034069352,-2.8052022,-29531.887,0.049877927,0.38518295
-1.4426694,-0.16733125,-0.17574331,-43.365341,-14389.615,-15030.845,2.6832e-05,-0.037695754,7.3175931,-6.9536533,0.033597734,-2.8980238,-29545.244,0.04887997,0.30842867
-1.4360988,-0.16756049,-0.1759827,-43.363461,-14323.465,-14961.464,2.6848e-05,-0.038019434,7.3208623,-7.0133619,0.033125907,-2.9908321,-29558.414,0.048471022,0.23168543
-1.4295191,-0.16778865,-0.17622097,-43.361023,-14257.225,-14891.989,2.6864e-05,-0.038928054,7.3240848,-7.1809731,0.032653868,-3.0836246,-29571.398,0.048854031,0.15495299
-1.4229302,-0.16801578,-0.17645812,-43.358032,-14190.895,-14822.42,2.688e-05,-0.039170817,7.3272614,-7.2257547,0.032181628,-3.1763995,-29584.197,0.048023928,0.078231104
-1.4163322,-0.16824183,-0.17669417,-43.3545,-14124.476,-14752.757,2.6896e-05,-0.039459817,7.3303914,-7.2790661,0.031709179,-3.2691543,-29596.809,0.047611926,0.0015195768
-1.4097253,-0.16846682,-0.1769291,-43.35043,-14057.968,-14683.001,2.6912e-05,-0.040016241,7.3334756,-7.3817081,0.031236533,-3.3618867,-29609.232,0.047071747,-0.075181849
-1.4031092,-0.16869074,-0.1771629,-43.345829,-13991.371,-14613.152,2.6928e-05,-0.040526424,7.336513,-7.4758205,0.030763689,-3.4545949,-29621.471,0.046090581,-0.15187341
-1.3964843,-0.1689136,-0.1773956,-43.34071,-13924.687,-14543.211,2.6944e-05,-0.040964164,7.3395042,-7.5565696,0.03029065,-3.5472763,-29633.523,0.045855585,-0.22855538
-1.3898503,-0.16913541,-0.17762716,-43.335079,-13857.915,-14473.178,2.696e-05,-0.041586865,7.3424492,-7.6714377,0.029817421,-3.6399288,-29645.389,0.045446638,-0.30522799
-1.3832074,-0.16935612,-0.17785762,-43.328941,-13791.056,-14403.054,2.6976e-05,-0.041909773,7.3453474,-7.7310042,0.029344004,-3.7325501,-29657.066,0.045440536,-0.38189155
-1.3765557,-0.16957578,-0.17808694,-43.322311,-13724.11,-14332.839,2.6992e-05,-0.042302046,7.3481994,-7.8033657,0.0288704,-3.8251383,-29668.557,0.04452803,-0.45854631
-1.3698951,-0.16979437,-0.17831515,-43.315193,-13657.078,-14262.532,2.7008e-05,-0.042770613,7.3510051,-7.889801,0.028396614,-3.917691,-29679.861,0.044395275,-0.53519255
-1.3632258,-0.17001188,-0.17854221,-43.307594,-13589.96,-14192.137,2.7024e-05,-0.043364797,7.3537645,-7.9994092,0.027922649,-4.0102062,-29690.979,0.043885618,-0.61183059
-1.3565477,-0.17022832,-0.17876816,-43.299526,-13522.757,-14121.651,2.704e-05,-0.043697726,7.3564773,-8.0608244,0.027448507,-4.1026821,-29701.908,0.043218788,-0.68846065
-1.3498609,-0.17044368,-0.17899297,-43.290997,-13455.469,-14051.076,2.7056e-05,-0.044646423,7.3591433,-8.2358274,0.026974192,-4.195116,-29712.65,0.04318827,-0.76508319
-1.3431654,-0.17065796,-0.17921667,-43.282013,-13388.096,-13980.413,2.7072e-05,-0.044396725,7.3617635,-8.1897669,0.026499707,-4.2875061,-29723.205,0.042690817,-0.84169835
-1.3364613,-0.17087117,-0.17943922,-43.272587,-13320.638,-13909.661,2.7088e-05,-0.045199763,7.3643365,-8.3379011,0.026025055,-4.3798499,-29733.572,0.042423781,-0.91830659
-1.3297486,-0.1710833,-0.17966063,-43.262722,-13253.098,-13838.821,2.7104e-05,-0.045534234,7.3668633,-8.3996,0.025550237,-4.4721465,-29743.754,0.041659292,-0.99490815
-1.3230274,-0.17129435,-0.17988093,-43.252434,-13185.473,-13767.895,2.712e-05,-0.046076786,7.3693438,-8.4996834,0.025075259,-4.5643926,-29753.746,0.041787468,-1.0715034
-1.3162977,-0.17150432,-0.18010008,-43.241722,-13117.766,-13696.88,2.7136e-05,-0.046695631,7.3717775,-8.6138411,0.024600122,-4.6565871,-29763.553,0.041332744,-1.1480926
-1.3095593,-0.1717132,-0.18031809,-43.230606,-13049.977,-13625.779,2.7152e-05,-0.046847455,7.3741646,-8.6418476,0.024124829,-4.7487273,-29773.17,0.040406507,-1.2246763
-1.3028127,-0.171921,-0.18053496,-43.21909,-12982.104,-13554.593,2.7168e-05,-0.047736034,7.3765049,-8.8057623,0.023649385,-4.8408122,-29782.6,0.03983276,-1.3012546
-1.2960576,-0.17212771,-0.1807507,-43.20718,-12914.151,-13483.32,2.7184e-05,-0.048226953,7.378799,-8.8963203,0.02317379,-4.9328389,-29791.842,0.039495528,-1.3778281
-1.2892941,-0.17233333,-0.18096529,-43.194893,-12846.117,-13411.963,2.72e-05,-0.04880264,7.3810463,-9.0025167,0.02269805,-5.024806,-29800.896,0.039522994,-1.454397
-1.2825224,-0.17253786,-0.18117873,-43.182228,-12778.002,-13340.521,2.7216e-05,-0.049306661,7.3832474,-9.0954914,0.022222167,-5.1167116,-29809.764,0.038427383,-1.5309618
-1.2757424,-0.17274132,-0.18139103,-43.169205,-12709.807,-13268.994,2.7232e-05,-0.04950241,7.3854012,-9.1316013,0.021746142,-5.2085538,-29818.443,0.038674582,-1.6075227
-1.2689542,-0.17294367,-0.18160219,-43.155823,-12641.531,-13197.384,2.7248e-05,-0.049831487,7.3875089,-9.1923046,0.021269981,-5.3003306,-29826.934,0.038238168,-1.6840802
-1.2621577,-0.17314494,-0.18181221,-43.142097,-12573.177,-13125.69,2.7264e-05,-0.050896551,7.3895698,-9.3887749,0.020793686,-5.3920403,-29835.236,0.037864316,-1.7606348
-1.2553531,-0.1733451,-0.18202107,-43.12804,-12504.742,-13053.914,2.728e-05,-0.050982866,7.3915839,-9.4046974,0.020317258,-5.4836817,-29843.352,0.036284983,-1.8371868
-1.2485403,-0.17354418,-0.18222879,-43.113651,-12436.23,-12982.055,2.7296e-05,-0.05187453,7.3935513,-9.5691814,0.019840702,-5.5752521,-29851.279,0.036466569,-1.9137366
-1.2417195,-0.17374216,-0.18243535,-43.098949,-12367.64,-12910.114,2.7312e-05,-0.051632538,7.395472,-9.5245419,0.019364022,-5.6667504,-29859.018,0.036536761,-1.9902844
-1.2348907,-0.17393903,-0.18264075,-43.083942,-12298.971,-12838.092,2.7328e-05,-0.052285299,7.397346,-9.6449547,0.018887218,-5.7581754,-29866.568,0.035956908,-2.0668311
-1.2280539,-0.17413482,-0.18284501,-43.068634,-12230.226,-12765.988,2.7344e-05,-0.052679881,7.3991733,-9.717742,0.018410295,-5.8495245,-29873.93,0.035929441,-2.1433768
-1.2212092,-0.1743295,-0.18304811,-43.05304,-12161.403,-12693.804,2.736e-05,-0.053391207,7.4009538,-9.848959,0.017933257,-5.9407964,-29881.104,0.035699025,-2.2199218
-1.2143564,-0.17452309,-0.18325005,-43.037167,-12092.504,-12621.539,2.7376e-05,-0.053986166,7.4026875,-9.9587097,0.017456105,-6.0319896,-29888.09,0.034702595,-2.2964668
-1.2074959,-0.17471556,-0.18345085,-43.021023,-12023.529,-12549.195,2.7392e-05,-0.054359939,7.4043746,-10.027658,0.016978843,-6.1231031,-29894.887,0.034223456,-2.3730123
-1.2006276,-0.17490694,-0.18365046,-43.004623,-11954.479,-12476.771,2.7408e-05,-0.054914821,7.4060149,-10.130016,0.016501473,-6.2141347,-29901.496,0.033875547,-2.4495585
-1.1937515,-0.17509721,-0.18384893,-42.987972,-11885.354,-12404.27,2.7424e-05,-0.055187639,7.4076085,-10.180343,0.016023999,-6.3050833,-29907.916,0.033108003,-2.5261061
-1.1868677,-0.17528637,-0.18404624,-42.971081,-11816.153,-12331.688,2.744e-05,-0.056198757,7.4091549,-10.366861,0.015546424,-6.3959475,-29914.146,0.033094272,-2.6026552
-1.1799761,-0.17547444,-0.18424238,-42.95396,-11746.879,-12259.03,2.7456e-05,-0.056483135,7.410655,-10.41932,0.015068752,-6.4867263,-29920.189,0.032264169,-2.6792066
-1.173077,-0.17566139,-0.18443736,-42.936619,-11677.53,-12186.294,2.7472e-05,-0.056973279,7.4121079,-10.509736,0.014590983,-6.5774174,-29926.045,0.032540362,-2.7557604
-1.1661702,-0.17584722,-0.18463118,-42.919067,-11608.109,-12113.481,2.7488e-05,-0.057323162,7.4135141,-10.574279,0.014113123,-6.6680202,-29931.711,0.032374036,-2.8323176
-1.1592559,-0.17603195,-0.18482384,-42.901314,-11538.614,-12040.592,2.7504e-05,-0.057707727,7.4148736,-10.645218,0.013635173,-6.758533,-29937.188,0.031032747,-2.9088783
-1.1523341,-0.17621556,-0.18501532,-42.883369,-11469.048,-11967.627,2.752e-05,-0.058466066,7.4161863,-10.785107,0.013157138,-6.8489556,-29942.477,0.031118197,-2.9854429
-1.1454048,-0.17639807,-0.18520562,-42.865242,-11399.408,-11894.586,2.7536e-05,-0.059003994,7.4174523,-10.884337,0.012679018,-6.9392858,-29947.576,0.030924406,-3.0620122
-1.1384681,-0.17657946,-0.18539478,-42.846947,-11329.697,-11821.47,2.7552e-05,-0.059314571,7.4186711,-10.941629,0.012200819,-7.0295224,-29952.486,0.029540392,-3.1385863
-1.1315241,-0.17675973,-0.18558274,-42.828484,-11259.916,-11748.278,2.7568e-05,-0.0596922,7.4198432,-11.01129,0.011722543,-7.1196656,-29957.209,0.030043947,-3.2151661
-1.1245728,-0.17693889,-0.18576954,-42.809872,-11190.063,-11675.014,2.7584e-05,-0.059779286,7.4209685,-11.027354,0.011244194,-7.209713,-29961.742,0.029369488,-3.2917519
-1.117614,-0.17711693,-0.18595517,-42.791119,-11120.141,-11601.675,2.76e-05,-0.060434356,7.4220467,-11.148193,0.010765772,-7.2996645,-29966.088,0.028652303,-3.3683438
-1.1106482,-0.17729385,-0.18613963,-42.772228,-11050.147,-11528.263,2.7616e-05,-0.061174199,7.4230781,-11.284671,0.010287283,-7.3895187,-29970.242,0.028403576,-3.4449432
-1.1036751,-0.17746964,-0.1863229,-42.753216,-10980.086,-11454.777,2.7632e-05,-0.061322939,7.4240627,-11.312108,0.0098087294,-7.4792747,-29974.209,0.027637562,-3.5215497
-1.0966948,-0.17764433,-0.186505,-42.734093,-10909.954,-11381.221,2.7648e-05,-0.06243116,7.4250002,-11.51654,0.0093301125,-7.5689321,-29977.988,0.027034821,-3.5981643
-1.0897076,-0.17781788,-0.18668592,-42.714863,-10839.755,-11307.591,2.7664e-05,-0.062331744,7.4258909,-11.4982,0.0088514378,-7.6584892,-29981.576,0.027597887,-3.6747875
-1.0827132,-0.17799032,-0.18686566,-42.695538,-10769.487,-11233.891,2.768e-05,-0.062775649,7.4267349,-11.580087,0.0083727073,-7.7479467,-29984.977,0.02696768,-3.7514198
-1.075712,-0.17816164,-0.18704422,-42.676132,-10699.152,-11160.119,2.7696e-05,-0.063310497,7.4275317,-11.678748,0.0078939237,-7.8373027,-29988.188,0.026035341,-3.8280613
-1.0687037,-0.17833182,-0.1872216,-42.656647,-10628.749,-11086.277,2.7712e-05,-0.064018741,7.4282818,-11.809397,0.0074150898,-7.9265566,-29991.209,0.025562303,-3.9047129
-1.0616884,-0.17850088,-0.18739781,-42.6371,-10558.28,-11012.365,2.7728e-05,-0.06438943,7.4289851,-11.877777,0.0069362093,-8.0157089,-29994.041,0.025583666,-3.9813752
-1.0546664,-0.17866881,-0.18757282,-42.617496,-10487.744,-10938.384,2.7744e-05,-0.064951248,7.4296412,-11.981415,0.006457285,-8.1047573,-29996.686,0.02572863,-4.0580482
-1.0476376,-0.1788356,-0.18774664,-42.597843,-10417.144,-10864.333,2.776e-05,-0.06500905,7.4302502,-11.992077,0.0059783198,-8.1937027,-29999.141,0.024677267,-4.1347332
-1.0406021,-0.17900129,-0.18791929,-42.578156,-10346.477,-10790.213,2.7776e-05,-0.065743499,7.4308128,-12.127559,0.0054993168,-8.2825441,-30001.406,0.024130985,-4.2114301
-1.0335598,-0.17916583,-0.18809074,-42.558441,-10275.745,-10716.025,2.7792e-05,-0.066460222,7.4313278,-12.259771,0.0050202794,-8.3712816,-30003.482,0.023953978,-4.2881393
-1.026511,-0.17932923,-0.18826102,-42.538712,-10204.948,-10641.771,2.7808e-05,-0.066970401,7.4317966,-12.353884,0.0045412099,-8.4599142,-30005.369,0.0232902,-4.364862
-1.0194554,-0.17949151,-0.18843009,-42.51897,-10134.088,-10567.448,2.7824e-05,-0.067558423,7.4322181,-12.462355,0.004062112,-8.5484419,-30007.068,0.022670675,-4.4415984
-1.0123934,-0.17965266,-0.18859798,-42.499229,-10063.164,-10493.059,2.784e-05,-0.067700997,7.4325924,-12.488655,0.0035829886,-8.6368647,-30008.576,0.022528764,-4.5183487
-1.0053248,-0.17981267,-0.18876468,-42.4795,-9992.1768,-10418.604,2.7856e-05,-0.06836994,7.43292,-12.612053,0.0031038423,-8.7251825,-30009.896,0.022350231,-4.5951142
-0.99824983,-0.17997155,-0.18893018,-42.459789,-9921.127,-10344.082,2.7872e-05,-0.069029629,7.4332008,-12.733745,0.0026246763,-8.8133945,-30011.027,0.021774957,-4.6718946
-0.99116844,-0.18012927,-0.1890945,-42.440105,-9850.0156,-10269.496,2.7888e-05,-0.069488183,7.4334345,-12.818333,0.0021454939,-8.9015007,-30011.969,0.021602526,-4.7486906
-0.98408067,-0.18028587,-0.18925761,-42.420464,-9778.8418,-10194.845,2.7904e-05,-0.069830358,7.4336209,-12.881454,0.001666298,-8.989501,-30012.721,0.020632038,-4.8255029
-0.97698665,-0.18044133,-0.18941954,-42.400867,-9707.6064,-10120.128,2.792e-05,-0.070402965,7.4337611,-12.987081,0.0011870915,-9.0773964,-30013.283,0.019768365,-4.9023318
-0.96988636,-0.18059565,-0.18958026,-42.381325,-9636.3096,-10045.349,2.7936e-05,-0.070294298,7.4338536,-12.967035,0.00070787745,-9.1651859,-30013.658,0.019861447,-4.979178
-0.96277994,-0.18074884,-0.18973979,-42.361851,-9564.9531,-9970.5059,2.7952e-05,-0.07104262,7.4338994,-13.105077,0.00022865899,-9.2528706,-30013.844,0.020244453,-5.0560422
-0.95566732,-0.18090087,-0.18989812,-42.342449,-9493.5361,-9895.5996,2.7968e-05,-0.07180173,7.4338984,-13.245108,-0.00025056093,-9.3404493,-30013.838,0.019621875,-5.132925
-0.94854861,-0.18105176,-0.19005525,-42.323128,-9422.0605,-9820.6309,2.7984e-05,-0.072280318,7.4338503,-13.333391,-0.00072977925,-9.4279232,-30013.645,0.019847713,-5.209826
-0.94142395,-0.18120152,-0.19021118,-42.303902,-9350.5244,-9745.5996,2.8e-05,-0.072807454,7.4337554,-13.430632,-0.001208993,-9.5152931,-30013.262,0.018019654,-5.286747
-0.93429321,-0.18135013,-0.19036591,-42.284775,-9278.9307,-9670.5078,2.8016e-05,-0.072962359,7.4336133,-13.459207,-0.0016881991,-9.6025581,-30012.689,0.01714072,-5.3636875
-0.92715663,-0.18149759,-0.19051944,-42.265759,-9207.2783,-9595.3545,2.8032e-05,-0.073782347,7.4334245,-13.610469,-0.0021673946,-9.6897202,-30011.93,0.017052216,-5.4406486
-0.92001414,-0.1816439,-0.19067176,-42.246857,-9135.5684,-9520.1396,2.8048e-05,-0.074164599,7.4331889,-13.680982,-0.0026465761,-9.7767782,-30010.979,0.017644277,-5.5176301
-0.91286582,-0.18178907,-0.19082287,-42.228085,-9063.8008,-9444.8662,2.8064e-05,-0.074532211,7.4329062,-13.748794,-0.0031257414,-9.8637333,-30009.84,0.016531877,-5.5946336
-0.90571171,-0.18193309,-0.19097278,-42.209446,-8991.9766,-9369.5322,2.808e-05,-0.075131021,7.4325762,-13.859255,-0.0036048866,-9.9505863,-30008.512,0.015793329,-5.6716585
-0.89855194,-0.18207596,-0.19112149,-42.190948,-8920.0967,-9294.1387,2.8096e-05,-0.07547012,7.4321995,-13.921807,-0.0040840092,-10.037337,-30006.992,0.015668202,-5.7487063
-0.89138645,-0.18221769,-0.19126898,-42.172604,-8848.1602,-9218.6875,2.8112e-05,-0.076219209,7.4317756,-14.05999,-0.0045631058,-10.123987,-30005.285,0.015100558,-5.8257766
-0.88421541,-0.18235825,-0.19141528,-42.154419,-8776.168,-9143.1777,2.8128e-05,-0.076502815,7.4313054,-14.112307,-0.0050421734,-10.210537,-30003.391,0.015425581,-5.9028707
-0.87703878,-0.18249767,-0.19156036,-42.136402,-8704.1211,-9067.6094,2.8144e-05,-0.076835744,7.4307876,-14.173721,-0.0055212094,-10.296988,-30001.305,0.014154484,-5.9799881
-0.86985666,-0.18263593,-0.19170423,-42.118561,-8632.0186,-8991.9854,2.816e-05,-0.077615663,7.430223,-14.317591,-0.006000211,-10.383339,-29999.031,0.014413892,-6.0571303
-0.86266911,-0.18277304,-0.19184689,-42.100903,-8559.8633,-8916.3027,2.8176e-05,-0.077854566,7.4296117,-14.361662,-0.0064791739,-10.469593,-29996.566,0.013737907,-6.1342974
-0.85547614,-0.182909,-0.19198833,-42.083439,-8487.6533,-8840.5654,2.8192e-05,-0.078231424,7.4289532,-14.43118,-0.0069580963,-10.555751,-29993.914,0.01315653,-6.2114897
-0.84827781,-0.18304381,-0.19212858,-42.06617,-8415.3906,-8764.7715,2.8208e-05,-0.078878015,7.4282479,-14.550455,-0.0074369749,-10.641812,-29991.072,0.012704856,-6.2887077
-0.84107423,-0.18317744,-0.1922676,-42.04911,-8343.0752,-8688.9219,2.8224e-05,-0.079071455,7.427496,-14.586138,-0.007915806,-10.727778,-29988.043,0.012208929,-6.3659525
-0.8338654,-0.18330993,-0.1924054,-42.032265,-8270.708,-8613.0176,2.824e-05,-0.07991457,7.4266968,-14.741665,-0.0083945878,-10.813652,-29984.822,0.011957152,-6.4432235
-0.82665145,-0.18344127,-0.192542,-42.015644,-8198.2881,-8537.0596,2.8256e-05,-0.080118798,7.4258509,-14.779339,-0.0088733155,-10.899432,-29981.414,0.01187933,-6.5205221
-0.81943232,-0.18357143,-0.19267738,-41.999252,-8125.8174,-8461.0469,2.8272e-05,-0.081032805,7.4249578,-14.947945,-0.0093519883,-10.985122,-29977.816,0.010573138,-6.5978484
-0.81220812,-0.18370044,-0.19281153,-41.983093,-8053.2954,-8384.9805,2.8288e-05,-0.081517562,7.4240179,-15.037366,-0.0098306015,-11.070722,-29974.029,0.010943937,-6.6752024
-0.80497891,-0.18382829,-0.19294448,-41.967182,-7980.7231,-8308.8623,2.8304e-05,-0.081751071,7.4230313,-15.080441,-0.010309152,-11.156233,-29970.055,0.0099566635,-6.7525854
-0.79774475,-0.18395498,-0.19307621,-41.951519,-7908.1006,-8232.6904,2.832e-05,-0.081999227,7.4219975,-15.126218,-0.010787639,-11.241656,-29965.891,0.0096209599,-6.8299975
-0.79050571,-0.18408051,-0.1932067,-41.936115,-7835.4287,-8156.4673,2.8336e-05,-0.082655065,7.4209175,-15.247199,-0.011266056,-11.326994,-29961.537,0.010408337,-6.9074388
-0.78326178,-0.18420488,-0.193336,-41.920979,-7762.7075,-8080.1924,2.8352e-05,-0.083184518,7.4197898,-15.344866,-0.011744403,-11.412248,-29956.994,0.0078920862,-6.98491
-0.77601302,-0.18432808,-0.19346406,-41.906113,-7689.938,-8003.8662,2.8368e-05,-0.08354827,7.4186158,-15.411967,-0.012222676,-11.497419,-29952.264,0.008584857,-7.0624118
-0.76875955,-0.18445012,-0.19359089,-41.891521,-7617.1201,-7927.4897,2.8384e-05,-0.08429043,7.4173946,-15.548871,-0.012700872,-11.582509,-29947.344,0.0082476269,-7.1399441
-0.76150137,-0.184571,-0.19371651,-41.877216,-7544.2544,-7851.0635,2.84e-05,-0.084803693,7.4161267,-15.643552,-0.013178986,-11.66752,-29942.236,0.0072313608,-7.2175078
-0.75423861,-0.1846907,-0.19384091,-41.863205,-7471.3413,-7774.5869,2.8416e-05,-0.085404046,7.4148121,-15.754297,-0.013657019,-11.752452,-29936.938,0.0073900572,-7.2951026
-0.74697119,-0.18480924,-0.19396406,-41.849487,-7398.3818,-7698.062,2.8432e-05,-0.085693814,7.4134502,-15.807751,-0.014134964,-11.837308,-29931.453,0.0074617756,-7.3727298
-0.7396993,-0.18492661,-0.19408602,-41.836075,-7325.376,-7621.4878,2.8448e-05,-0.085516565,7.4120417,-15.775053,-0.01461282,-11.922091,-29925.777,0.0064394055,-7.4503894
-0.73242289,-0.18504281,-0.19420673,-41.822975,-7252.3242,-7544.8657,2.8464e-05,-0.086368926,7.4105864,-15.932286,-0.015090584,-12.006801,-29919.914,0.0054902798,-7.5280819
-0.72514206,-0.18515785,-0.19432622,-41.810184,-7179.2266,-7468.1963,2.848e-05,-0.087077171,7.4090843,-16.062935,-0.015568253,-12.09144,-29913.863,0.0053407392,-7.6058073
-0.71785688,-0.18527173,-0.19444448,-41.797718,-7106.0845,-7391.4795,2.8496e-05,-0.087819323,7.4075356,-16.199839,-0.016045824,-12.17601,-29907.623,0.0047791987,-7.6835661
-0.71056741,-0.18538442,-0.19456153,-41.78558,-7032.8979,-7314.7158,2.8512e-05,-0.087790035,7.4059401,-16.194435,-0.016523292,-12.260515,-29901.193,0.0048356578,-7.7613592
-0.70327359,-0.18549594,-0.19467732,-41.773773,-6959.667,-7237.9062,2.8528e-05,-0.088429697,7.4042974,-16.312431,-0.017000657,-12.344954,-29894.576,0.0042420728,-7.8391862
-0.6959756,-0.1856063,-0.1947919,-41.762302,-6886.3926,-7161.0508,2.8544e-05,-0.089161061,7.4026084,-16.447346,-0.017477915,-12.429332,-29887.77,0.0043336283,-7.917048
-0.6886735,-0.18571548,-0.19490525,-41.751175,-6813.0752,-7084.1499,2.856e-05,-0.089248143,7.4008722,-16.463409,-0.017955061,-12.513649,-29880.775,0.0031846066,-7.9949446
-0.68136722,-0.18582349,-0.19501737,-41.740395,-6739.7153,-7007.2046,2.8576e-05,-0.090095878,7.3990898,-16.619789,-0.018432094,-12.597908,-29873.594,0.0028199102,-8.0728769
-0.67405695,-0.18593033,-0.19512825,-41.729969,-6666.313,-6930.2148,2.8592e-05,-0.090531312,7.3972602,-16.700111,-0.018909011,-12.682111,-29866.223,0.0024292734,-8.1508446
-0.66674262,-0.18603598,-0.1952379,-41.719898,-6592.8691,-6853.1812,2.8608e-05,-0.090854988,7.3953838,-16.759821,-0.019385809,-12.76626,-29858.664,0.0022141179,-8.2288475
-0.65942436,-0.18614046,-0.19534631,-41.710194,-6519.3838,-6776.1045,2.8624e-05,-0.091276549,7.3934612,-16.837585,-0.019862484,-12.850358,-29850.916,0.00064241461,-8.3068876
-0.65210217,-0.18624377,-0.19545349,-41.700855,-6445.8579,-6698.9849,2.864e-05,-0.09178365,7.3914914,-16.931128,-0.020339033,-12.934407,-29842.98,0.0010544145,-8.384964
-0.64477617,-0.18634591,-0.19555944,-41.691887,-6372.2915,-6621.8228,2.8656e-05,-0.092054151,7.3894753,-16.981028,-0.020815454,-13.01841,-29834.857,0.00016632587,-8.4630775
-0.6374464,-0.18644686,-0.19566417,-41.683292,-6298.6855,-6544.6191,2.8672e-05,-0.093108431,7.3874121,-17.175508,-0.021291744,-13.102368,-29826.545,0.00062562944,-8.5412283
-0.63011283,-0.18654664,-0.19576764,-41.675079,-6225.04,-6467.374,2.8688e-05,-0.093590863,7.3853025,-17.264502,-0.021767899,-13.186285,-29818.045,0.00014343699,-8.6194162
-0.62277561,-0.18664524,-0.19586988,-41.667252,-6151.3555,-6390.0884,2.8704e-05,-0.093944602,7.3831463,-17.329756,-0.022243917,-13.270163,-29809.357,-0.00067598501,-8.6976414
-0.61543471,-0.18674266,-0.19597088,-41.659809,-6077.6328,-6312.7622,2.872e-05,-0.094761513,7.3809433,-17.48045,-0.022719795,-13.354004,-29800.482,-0.00032654806,-8.7759056
-0.60809028,-0.1868389,-0.19607066,-41.65276,-6003.8716,-6235.396,2.8736e-05,-0.094904087,7.3786941,-17.506748,-0.023195527,-13.437811,-29791.418,-0.0012497329,-8.854207
-0.60074222,-0.18693396,-0.19616918,-41.646103,-5930.0732,-6157.9902,2.8752e-05,-0.095680155,7.3763976,-17.649908,-0.023671115,-13.521586,-29782.168,-0.0008926664,-8.9325476
-0.59339076,-0.18702784,-0.19626647,-41.639847,-5856.2378,-6080.5459,2.8768e-05,-0.095623121,7.3740549,-17.639387,-0.024146553,-13.605334,-29772.729,-0.0018189031,-9.0109272
-0.58603579,-0.18712054,-0.19636251,-41.633991,-5782.3657,-6003.063,2.8784e-05,-0.096529432,7.371666,-17.806572,-0.024621839,-13.689055,-29763.102,-0.0018356884,-9.089345
-0.57867748,-0.18721205,-0.19645733,-41.62854,-5708.4575,-5925.5425,2.88e-05,-0.096743673,7.3692298,-17.846094,-0.025096968,-13.772754,-29753.287,-0.0029786066,-9.1678028
-0.57131577,-0.1873024,-0.19655089,-41.623493,-5634.5137,-5847.9839,2.8816e-05,-0.097481206,7.3667474,-17.982145,-0.025571939,-13.856431,-29743.287,-0.0039246804,-9.2462997
-0.56395084,-0.18739153,-0.19664322,-41.618858,-5560.5347,-5770.3892,2.8832e-05,-0.097681582,7.3642187,-18.019108,-0.026046747,-13.940091,-29733.098,-0.0035142063,-9.3248358
-0.55658263,-0.18747951,-0.19673431,-41.614639,-5486.521,-5692.7573,2.8848e-05,-0.098183289,7.3616428,-18.111656,-0.026521394,-14.023737,-29722.721,-0.0041779839,-9.4034119
-0.5492112,-0.1875663,-0.19682415,-41.610832,-5412.4727,-5615.0898,2.8864e-05,-0.098690383,7.3590212,-18.2052,-0.026995871,-14.10737,-29712.156,-0.0044740136,-9.482029
-0.54183662,-0.18765189,-0.19691274,-41.607441,-5338.3906,-5537.3867,2.888e-05,-0.098984011,7.3563528,-18.259363,-0.027470177,-14.190995,-29701.406,-0.0053102206,-9.5606852
-0.53445899,-0.1877363,-0.1970001,-41.604473,-5264.2754,-5459.6489,2.8896e-05,-0.099548914,7.3536377,-18.363569,-0.027944311,-14.274613,-29690.467,-0.0061296425,-9.6393824
-0.52707827,-0.18781953,-0.1970862,-41.601925,-5190.1274,-5381.8765,2.8912e-05,-0.10027257,7.3508763,-18.497061,-0.028418269,-14.358229,-29679.342,-0.0057466351,-9.7181196
-0.51969457,-0.18790157,-0.19717108,-41.5998,-5115.9473,-5304.0698,2.8928e-05,-0.10114497,7.3480687,-18.657991,-0.028892046,-14.441845,-29668.029,-0.0059999391,-9.7968979
-0.51230794,-0.18798243,-0.19725469,-41.598103,-5041.7349,-5226.23,2.8944e-05,-0.10141008,7.3452144,-18.706896,-0.02936564,-14.525463,-29656.529,-0.0063493759,-9.8757162
-0.50491834,-0.18806209,-0.19733706,-41.596828,-4967.4912,-5148.3569,2.896e-05,-0.10201428,7.3423138,-18.818352,-0.02983905,-14.609088,-29644.842,-0.0063783685,-9.9545765
-0.49752593,-0.18814057,-0.1974182,-41.595982,-4893.2163,-5070.4517,2.8976e-05,-0.10195802,7.3393669,-18.807974,-0.030312272,-14.692721,-29632.969,-0.0074663535,-10.033477
-0.49013069,-0.18821786,-0.19749807,-41.595566,-4818.9111,-4992.5142,2.8992e-05,-0.10271636,7.3363733,-18.947863,-0.0307853,-14.776368,-29620.908,-0.0079638055,-10.112419
-0.48273268,-0.18829396,-0.1975767,-41.595581,-4744.5757,-4914.5449,2.9008e-05,-0.10302463,7.3333335,-19.004728,-0.031258136,-14.860029,-29608.662,-0.0090380562,-10.191403
-0.47533196,-0.18836887,-0.19765408,-41.596024,-4670.2104,-4836.5449,2.9024e-05,-0.10364425,7.3302479,-19.119028,-0.031730775,-14.943708,-29596.229,-0.0091280863,-10.270428
-0.46792856,-0.18844259,-0.19773023,-41.596901,-4595.8169,-4758.5142,2.904e-05,-0.10390782,7.3271155,-19.167648,-0.032203209,-15.027411,-29583.607,-0.0093661305,-10.349494
-0.46052253,-0.18851513,-0.19780511,-41.598209,-4521.394,-4680.4536,2.9056e-05,-0.10458986,7.3239369,-19.293463,-0.032675445,-15.111136,-29570.801,-0.009614856,-10.428602
-0.45311391,-0.18858647,-0.19787875,-41.599953,-4446.9434,-4602.3633,2.9072e-05,-0.10467771,7.3207121,-19.309669,-0.033147473,-15.194891,-29557.809,-0.010161138,-10.507752
-0.44570276,-0.18865661,-0.19795114,-41.602123,-4372.4648,-4524.2437,2.9088e-05,-0.10557709,7.317441,-19.475574,-0.033619288,-15.278677,-29544.629,-0.010432753,-10.586944
-0.43828911,-0.18872558,-0.19802228,-41.604733,-4297.959,-4446.0957,2.9104e-05,-0.10579056,7.3141236,-19.514954,-0.034090895,-15.362496,-29531.264,-0.01107059,-10.666177
-0.43087304,-0.18879335,-0.19809216,-41.607769,-4223.4263,-4367.9199,2.912e-05,-0.10704367,7.31076,-19.746111,-0.034562286,-15.446355,-29517.713,-0.011099582,-10.745452
-0.42345452,-0.18885991,-0.1981608,-41.61124,-4148.8677,-4289.7163,2.9136e-05,-0.10686103,7.3073502,-19.71242,-0.035033457,-15.530253,-29503.975,-0.012053286,-10.824769
-0.41603366,-0.1889253,-0.19822818,-41.615143,-4074.2832,-4211.4854,2.9152e-05,-0.10759162,7.3038945,-19.847191,-0.035504408,-15.614196,-29490.051,-0.01178167,-10.904127
-0.40861049,-0.18898949,-0.19829431,-41.61948,-3999.6733,-4133.228,2.9168e-05,-0.10796231,7.3003926,-19.915571,-0.035975136,-15.698187,-29475.941,-0.013063448,-10.983528
-0.40118504,-0.18905248,-0.19835919,-41.624245,-3925.0386,-4054.9448,2.9184e-05,-0.10857422,7.2968445,-20.028448,-0.036445633,-15.782228,-29461.646,-0.013408307,-11.062971
-0.39375737,-0.18911427,-0.19842282,-41.629436,-3850.3794,-3976.6357,2.92e-05,-0.1088848,7.2932501,-20.085741,-0.036915902,-15.866324,-29447.166,-0.013962219,-11.142456
-0.38632751,-0.18917488,-0.1984852,-41.635059,-3775.6963,-3898.3018,2.9216e-05,-0.1095468,7.2896099,-20.207859,-0.037385937,-15.950478,-29432.498,-0.0139729,-11.221982
-0.37889549,-0.18923429,-0.19854631,-41.641109,-3700.9897,-3819.9429,2.9232e-05,-0.10990439,7.2859235,-20.273823,-0.037855737,-16.034691,-29417.646,-0.014409314,-11.301551
-0.37146139,-0.18929251,-0.19860618,-41.647583,-3626.26,-3741.5601,2.9248e-05,-0.11035832,7.2821913,-20.357557,-0.038325299,-16.118969,-29402.609,-0.015196692,-11.381162
-0.36402524,-0.18934952,-0.19866478,-41.65448,-3551.5081,-3663.1536,2.9264e-05,-0.11063576,7.2784128,-20.408737,-0.038794618,-16.203314,-29387.387,-0.015010529,-11.460814
-0.35658708,-0.18940535,-0.19872214,-41.6618,-3476.7339,-3584.7239,2.928e-05,-0.11132628,7.2745886,-20.536116,-0.039263692,-16.287731,-29371.979,-0.014752648,-11.540508
-0.34914693,-0.18945998,-0.19877824,-41.66954,-3401.9385,-3506.2715,2.9296e-05,-0.11177713,7.2707186,-20.619282,-0.039732516,-16.372221,-29356.385,-0.016090885,-11.620244
-0.34170485,-0.1895134,-0.19883308,-41.6777,-3327.1216,-3427.7971,2.9312e-05,-0.11236206,7.2668023,-20.727184,-0.04020109,-16.456789,-29340.605,-0.016417433,-11.700022
-0.33426091,-0.18956564,-0.19888668,-41.686275,-3252.2842,-3349.301,2.9328e-05,-0.11284296,7.2628403,-20.815893,-0.040669411,-16.541437,-29324.643,-0.016933195,-11.779841
-0.3268151,-0.18961667,-0.19893901,-41.695263,-3177.4268,-3270.7837,2.9344e-05,-0.11348647,7.258832,-20.934601,-0.041137476,-16.626171,-29308.494,-0.017497787,-11.859703
-0.3193675,-0.18966651,-0.19899008,-41.704659,-3102.5496,-3192.2458,2.936e-05,-0.11418084,7.2547784,-21.062691,-0.041605279,-16.710991,-29292.162,-0.018167669,-11.939606
-0.31191811,-0.18971515,-0.19903991,-41.714466,-3027.6531,-3113.6877,2.9376e-05,-0.11440279,7.2506785,-21.103634,-0.042072818,-16.795902,-29275.645,-0.017926572,-12.01955
-0.30446702,-0.18976259,-0.19908845,-41.724674,-2952.738,-3035.1099,2.9392e-05,-0.11479507,7.2465334,-21.175995,-0.042540092,-16.880907,-29258.943,-0.018840602,-12.099536
-0.29701424,-0.18980883,-0.19913577,-41.735287,-2877.8047,-2956.5129,2.9408e-05,-0.11528367,7.242342,-21.266127,-0.043007102,-16.966009,-29242.057,-0.019370098,-12.179564
-0.28955984,-0.18985388,-0.19918181,-41.7463,-2802.8535,-2877.8975,2.9424e-05,-0.11596494,7.2381053,-21.391798,-0.043473836,-17.051212,-29224.986,-0.019667653,-12.259631
-0.28210384,-0.18989772,-0.1992266,-41.757706,-2727.885,-2799.2637,2.944e-05,-0.11612061,7.2338223,-21.420515,-0.043940295,-17.13652,-29207.73,-0.020456556,-12.339741
-0.27464625,-0.18994036,-0.19927013,-41.769501,-2652.8999,-2720.6121,2.9456e-05,-0.11680728,7.2294941,-21.547184,-0.044406477,-17.221935,-29190.291,-0.020633563,-12.419892
-0.26718718,-0.18998182,-0.1993124,-41.781685,-2577.8982,-2641.9436,2.9472e-05,-0.11712711,7.2251201,-21.606182,-0.044872381,-17.307459,-29172.668,-0.021536913,-12.500084
-0.25972661,-0.19002205,-0.19935341,-41.794254,-2502.8806,-2563.2581,2.9488e-05,-0.11759953,7.2207003,-21.693329,-0.045337997,-17.393099,-29154.861,-0.020728171,-12.580316
-0.25226462,-0.19006111,-0.19939317,-41.807205,-2427.8477,-2484.5566,2.9504e-05,-0.11835325,7.2162352,-21.832365,-0.045803331,-17.478855,-29136.871,-0.021861935,-12.660589
-0.24480124,-0.19009894,-0.19943166,-41.820526,-2352.7998,-2405.8394,2.952e-05,-0.11891198,7.2117243,-21.935432,-0.046268374,-17.56473,-29118.697,-0.022698142,-12.740903
-0.23733649,-0.19013558,-0.1994689,-41.834221,-2277.7373,-2327.1069,2.9536e-05,-0.11904068,7.2071681,-21.959173,-0.046733126,-17.65073,-29100.34,-0.022545548,-12.821258
-0.22987044,-0.19017103,-0.19950487,-41.848282,-2202.6611,-2248.3599,2.9552e-05,-0.11985143,7.2025661,-22.10873,-0.04719758,-17.736856,-29081.797,-0.023114718,-12.901651
-0.22240309,-0.19020528,-0.19953957,-41.862705,-2127.571,-2169.5986,2.9568e-05,-0.12006644,7.1979184,-22.148394,-0.047661737,-17.823112,-29063.074,-0.02397229,-12.982086
-0.21493453,-0.19023831,-0.19957303,-41.877487,-2052.4683,-2090.8235,2.9584e-05,-0.12066988,7.1932259,-22.259708,-0.048125595,-17.9095,-29044.166,-0.024376659,-13.062561
-0.20746477,-0.19027016,-0.19960523,-41.89262,-1977.3528,-2012.0353,2.96e-05,-0.12098663,7.1884875,-22.318138,-0.048589148,-17.996025,-29025.074,-0.024501786,-13.143076
-0.19999385,-0.19030079,-0.19963616,-41.908096,-1902.2252,-1933.2344,2.9616e-05,-0.12197462,7.1837034,-22.500391,-0.049052391,-18.082689,-29005.801,-0.024588764,-13.22363
-0.19252181,-0.19033022,-0.19966583,-41.923916,-1827.0859,-1854.4213,2.9632e-05,-0.12222124,7.1788745,-22.545883,-0.049515329,-18.169497,-28986.344,-0.02604297,-13.304224
-0.18504871,-0.19035846,-0.19969423,-41.940075,-1751.9357,-1775.5963,2.9648e-05,-0.12274221,7.1740003,-22.641987,-0.049977951,-18.256447,-28966.705,-0.025675222,-13.384857
-0.17757457,-0.19038549,-0.19972138,-41.956558,-1676.7747,-1696.7603,2.9664e-05,-0.12286012,7.1690803,-22.663738,-0.050440259,-18.343548,-28946.883,-0.025827814,-13.465529
-0.17009944,-0.19041131,-0.19974726,-41.97337,-1601.6034,-1617.9135,2.968e-05,-0.12388434,7.1641154,-22.852673,-0.050902247,-18.430798,-28926.879,-0.026197089,-13.546242
-0.16262335,-0.19043593,-0.1997719,-41.990501,-1526.4225,-1539.0565,2.9696e-05,-0.124114,7.1591048,-22.895039,-0.051363915,-18.518204,-28906.693,-0.026718955,-13.626992
-0.15514633,-0.19045936,-0.19979526,-42.007942,-1451.2323,-1460.1897,2.9712e-05,-0.12438373,7.1540494,-22.944796,-0.051825255,-18.605766,-28886.324,-0.027050082,-13.707782
-0.14766845,-0.19048157,-0.19981736,-42.025692,-1376.0333,-1381.3137,2.9728e-05,-0.1252307,7.1489487,-23.101032,-0.052286271,-18.693487,-28865.773,-0.028504288,-13.78861
-0.14018974,-0.19050258,-0.19983819,-42.043739,-1300.8262,-1302.4291,2.9744e-05,-0.12521529,7.1438026,-23.09819,-0.052746955,-18.781372,-28845.041,-0.028156377,-13.869476
-0.13271023,-0.1905224,-0.19985777,-42.06208,-1225.6111,-1223.5361,2.976e-05,-0.1264291,7.1386118,-23.322098,-0.053207308,-18.869423,-28824.125,-0.02821894,-13.95038
-0.12522997,-0.19054101,-0.19987608,-42.080711,-1150.3887,-1144.6355,2.9776e-05,-0.12638979,7.1333756,-23.314848,-0.053667326,-18.957644,-28803.029,-0.028739281,-14.031323
-0.11774898,-0.19055842,-0.19989315,-42.099621,-1075.1594,-1065.7277,2.9792e-05,-0.1268992,7.1280947,-23.408817,-0.054127,-19.046034,-28781.752,-0.029136021,-14.112304
-0.11026733,-0.19057462,-0.19990893,-42.118801,-999.92377,-986.81305,2.9808e-05,-0.1276768,7.1227684,-23.552261,-0.054586336,-19.134598,-28760.293,-0.029619738,-14.193322
-0.10278504,-0.19058962,-0.19992346,-42.138248,-924.68213,-907.89221,2.9824e-05,-0.12801975,7.1173973,-23.615524,-0.055045325,-19.223337,-28738.652,-0.030803857,-14.274378
-0.09530215,-0.19060341,-0.19993672,-42.157955,-849.43512,-828.96564,2.984e-05,-0.12851375,7.1119809,-23.70665,-0.055503968,-19.312258,-28716.83,-0.030632954,-14.355471
-0.087818719,-0.190616,-0.19994871,-42.177914,-774.18304,-750.03381,2.9856e-05,-0.12901931,7.1065202,-23.79991,-0.055962261,-19.40136,-28694.828,-0.031444747,-14.436602
-0.080334768,-0.19062738,-0.19995946,-42.198116,-698.92664,-671.09729,2.9872e-05,-0.12917961,7.1010141,-23.829479,-0.056420196,-19.490644,-28672.645,-0.03104648,-14.517769
-0.072850347,-0.19063757,-0.19996893,-42.218555,-623.66608,-592.15649,2.9888e-05,-0.12996183,7.0954633,-23.973776,-0.056877781,-19.580116,-28650.279,-0.03242439,-14.598973
-0.065365486,-0.19064654,-0.19997714,-42.239223,-548.40204,-513.21198,2.9904e-05,-0.13050054,7.0898676,-24.073149,-0.057335,-19.669779,-28627.736,-0.03209937,-14.680214
-0.057880241,-0.19065432,-0.19998409,-42.260113,-473.13486,-434.26419,2.992e-05,-0.13071246,7.0842276,-24.112244,-0.057791863,-19.75963,-28605.01,-0.032586139,-14.761492
-0.050394647,-0.19066088,-0.19998978,-42.281212,-397.86517,-355.31369,2.9936e-05,-0.13130511,7.0785422,-24.221567,-0.05824836,-19.849678,-28582.105,-0.033304848,-14.842806
-0.042908743,-0.19066626,-0.19999419,-42.302521,-322.59329,-276.36093,2.9952e-05,-0.13209814,7.0728126,-24.367853,-0.058704484,-19.93992,-28559.02,-0.033516955,-14.924155
-0.035422571,-0.19067042,-0.19999735,-42.32402,-247.31984,-197.40642,2.9968e-05,-0.13254589,7.0670381,-24.450451,-0.059160244,-20.030361,-28535.754,-0.034508806,-15.005542
-0.027936175,-0.19067337,-0.19999924,-42.345715,-172.04515,-118.45068,2.9984e-05,-0.1331,7.0612187,-24.552666,-0.059615623,-20.121002,-28512.309,-0.034336373,-15.086964
-0.020449594,-0.19067512,-0.19999988,-42.367584,-96.769844,-39.494179,3e-05,-0.13341367,7.0553551,-24.610527,-0.06007063,-20.211845,-28488.684,-0.034975737,-15.168421
-0.012962868,-0.19067566,-0.19999924,-42.389626,-21.494251,39.462566,3.0016e-05,-0.13395698,7.0494466,-24.710752,-0.060525257,-20.302895,-28464.879,-0.035383161,-15.249914
-0.0054760426,-0.19067501,-0.19999735,-42.411831,53.78101,118.41907,3.0032e-05,-0.13422672,7.0434937,-24.760509,-0.060979504,-20.39415,-28440.895,-0.035654776,-15.331443
0.0020108421,-0.19067314,-0.19999419,-42.434189,129.0556,197.37482,3.0048e-05,-0.13486022,7.0374966,-24.877369,-0.061433364,-20.485613,-28416.73,-0.035799738,-15.413007
0.0094977431,-0.19067009,-0.19998978,-42.456692,204.32892,276.32932,3.0064e-05,-0.13527946,7.0314546,-24.954706,-0.061886832,-20.577288,-28392.389,-0.03592639,-15.494606
0.016984619,-0.19066581,-0.19998409,-42.479332,279.60062,355.28207,3.008e-05,-0.13608404,7.0253682,-25.103125,-0.062339913,-20.669174,-28367.867,-0.037507247,-15.57624
0.024471426,-0.19066034,-0.19997714,-42.502098,354.87009,434.2326,3.0096e-05,-0.1365449,7.019238,-25.188139,-0.062792599,-20.761274,-28343.166,-0.037441634,-15.657909
0.031958122,-0.19065365,-0.19996893,-42.524979,430.13699,513.18036,3.0112e-05,-0.1369364,7.013063,-25.260357,-0.063244894,-20.85359,-28318.287,-0.037804805,-15.739613
0.039444666,-0.19064577,-0.19995946,-42.54797,505.4007,592.12488,3.0128e-05,-0.13736181,7.0068436,-25.338831,-0.063696779,-20.946123,-28293.23,-0.038320567,-15.821351
0.04693101,-0.19063668,-0.19994873,-42.57106,580.66089,671.06567,3.0144e-05,-0.1381371,7.0005803,-25.481848,-0.06414827,-21.038876,-28267.994,-0.038485367,-15.903124
0.054417115,-0.1906264,-0.19993672,-42.594238,655.91699,750.00226,3.016e-05,-0.13830742,6.9942722,-25.513268,-0.06459935,-21.131847,-28242.582,-0.039439071,-15.984932
0.061902933,-0.19061489,-0.19992346,-42.617496,731.16858,828.93402,3.0176e-05,-0.13890469,6.9879208,-25.623444,-0.065050028,-21.225042,-28216.99,-0.040032655,-16.066772
0.069388427,-0.1906022,-0.19990893,-42.640823,806.4151,907.8606,3.0192e-05,-0.13949887,6.9815245,-25.733051,-0.065500289,-21.318459,-28191.219,-0.040214241,-16.148649
0.076873548,-0.1905883,-0.19989315,-42.664207,881.65619,986.78149,3.0208e-05,-0.13972314,6.9750843,-25.774422,-0.06595014,-21.4121,-28165.271,-0.040653706,-16.23056
0.084358253,-0.19057319,-0.19987608,-42.687645,956.89124,1065.696,3.0224e-05,-0.14002138,6.9686003,-25.829439,-0.066399574,-21.505968,-28139.148,-0.041006196,-16.312504
0.091842495,-0.19055687,-0.19985777,-42.711121,1032.1199,1144.604,3.024e-05,-0.14096007,6.9620719,-26.002594,-0.066848591,-21.600061,-28112.846,-0.041224401,-16.394484
0.099326231,-0.19053936,-0.19983821,-42.734627,1107.3416,1223.5046,3.0256e-05,-0.14111574,6.9554996,-26.031311,-0.067297183,-21.694384,-28086.365,-0.041808832,-16.476496
0.10680942,-0.19052064,-0.19981736,-42.758152,1182.556,1302.3976,3.0272e-05,-0.14186329,6.9488835,-26.16921,-0.06774535,-21.788935,-28059.709,-0.042530596,-16.558542
0.11429201,-0.19050072,-0.19979526,-42.781689,1257.7625,1381.2822,3.0288e-05,-0.1424883,6.9422235,-26.284504,-0.068193093,-21.883717,-28032.877,-0.042870875,-16.640623
0.12177397,-0.19047959,-0.1997719,-42.805222,1332.9606,1460.1582,3.0304e-05,-0.14281198,6.9355197,-26.344213,-0.068640396,-21.978727,-28005.867,-0.043464459,-16.722736
0.12925524,-0.19045727,-0.19974728,-42.828747,1408.1499,1539.0249,3.032e-05,-0.14327361,6.9287724,-26.429369,-0.069087274,-22.073971,-27978.68,-0.043534655,-16.804886
0.13673577,-0.19043374,-0.1997214,-42.852245,1483.33,1617.882,3.0336e-05,-0.1437861,6.9219809,-26.523909,-0.069533713,-22.169445,-27951.318,-0.04372387,-16.887068
0.14421552,-0.190409,-0.19969425,-42.875713,1558.5002,1696.7288,3.0352e-05,-0.14419302,6.9151454,-26.59897,-0.069979712,-22.265152,-27923.779,-0.044302195,-16.969284
0.15169445,-0.19038306,-0.19966583,-42.899136,1633.6603,1775.5648,3.0368e-05,-0.14503768,6.908267,-26.754782,-0.070425265,-22.361094,-27896.064,-0.044508193,-17.051535
0.15917251,-0.19035593,-0.19963616,-42.922508,1708.8096,1854.3898,3.0384e-05,-0.14510088,6.9013443,-26.766439,-0.070870377,-22.457268,-27868.174,-0.044924773,-17.13382
0.16664965,-0.19032758,-0.19960523,-42.945812,1783.9478,1933.2029,3.04e-05,-0.14591162,6.8943782,-26.915997,-0.071315043,-22.553677,-27840.107,-0.046382032,-17.216137
0.17412584,-0.19029804,-0.19957304,-42.969044,1859.0741,2012.0038,3.0416e-05,-0.14601719,6.8873687,-26.935472,-0.071759261,-22.650318,-27811.865,-0.046253853,-17.298491
0.181601,-0.19026729,-0.19953959,-42.992188,1934.1885,2090.792,3.0432e-05,-0.14683641,6.8803158,-27.086592,-0.072203018,-22.747196,-27783.447,-0.047131259,-17.380877
0.18907511,-0.19023535,-0.19950487,-43.015232,2009.2902,2169.5671,3.0448e-05,-0.14733735,6.873219,-27.178999,-0.072646327,-22.844309,-27754.855,-0.047413558,-17.463299
0.19654812,-0.19020219,-0.1994689,-43.03817,2084.3789,2248.3284,3.0464e-05,-0.14779051,6.8660789,-27.26259,-0.073089167,-22.941656,-27726.088,-0.047357097,-17.545755
0.20401998,-0.19016784,-0.19943167,-43.060989,2159.4539,2327.0757,3.048e-05,-0.14835694,6.8588958,-27.367081,-0.073531553,-23.039238,-27697.146,-0.048258919,-17.628244
0.21149062,-0.19013229,-0.19939317,-43.083679,2234.5149,2405.8081,3.0496e-05,-0.1488286,6.8516688,-27.454086,-0.073973477,-23.137054,-27668.031,-0.048615985,-17.71077
0.21896002,-0.19009553,-0.19935343,-43.106224,2309.5613,2484.5251,3.0512e-05,-0.14907444,6.844399,-27.499435,-0.074414931,-23.235106,-27638.74,-0.048863184,-17.793329
0.22642812,-0.19005758,-0.1993124,-43.128616,2384.593,2563.2268,3.0528e-05,-0.15003547,6.8370857,-27.676714,-0.074855909,-23.333389,-27609.275,-0.0488052,-17.875925
0.23389487,-0.19001843,-0.19927014,-43.150845,2459.6089,2641.9121,3.0544e-05,-0.1502212,6.8297296,-27.710976,-0.075296417,-23.431908,-27579.637,-0.049163792,-17.958555
0.24136023,-0.18997808,-0.1992266,-43.172897,2534.6091,2720.5808,3.056e-05,-0.15076528,6.82233,-27.811342,-0.075736456,-23.530661,-27549.824,-0.049464401,-18.041222
0.24882415,-0.18993652,-0.19918182,-43.194763,2609.5928,2799.2322,3.0576e-05,-0.15142421,6.8148875,-27.932894,-0.07617601,-23.629644,-27519.836,-0.050891142,-18.123922
0.25628656,-0.18989377,-0.19913578,-43.216431,2684.5598,2877.866,3.0592e-05,-0.15177949,6.8074017,-27.99843,-0.076615088,-23.728861,-27489.678,-0.051149022,-18.206659
0.26374745,-0.18984981,-0.19908847,-43.237888,2759.5093,2956.4817,3.0608e-05,-0.15231742,6.7998729,-28.09766,-0.077053674,-23.828308,-27459.344,-0.05093234,-18.289433
0.27120674,-0.18980466,-0.19903991,-43.259125,2834.4409,3035.0786,3.0624e-05,-0.15293704,6.7923012,-28.21196,-0.077491783,-23.927986,-27428.838,-0.051820431,-18.372242
0.27866438,-0.1897583,-0.19899009,-43.280132,2909.3542,3113.6565,3.064e-05,-0.15343027,6.784687,-28.302944,-0.077929392,-24.027895,-27398.158,-0.052378919,-18.455088
0.28612033,-0.18971075,-0.19893901,-43.300892,2984.2488,3192.2146,3.0656e-05,-0.15409613,6.7770295,-28.425774,-0.078366518,-24.128031,-27367.307,-0.052940458,-18.537971
0.29357454,-0.18966201,-0.19888668,-43.321396,3059.1243,3270.7524,3.0672e-05,-0.15381715,6.7693295,-28.374311,-0.078803144,-24.228395,-27336.283,-0.052961823,-18.620892
0.30102694,-0.18961206,-0.19883309,-43.341633,3133.98,3349.2698,3.0688e-05,-0.15490225,6.7615862,-28.574478,-0.079239272,-24.328985,-27305.088,-0.053547777,-18.703852
0.30847752,-0.18956091,-0.19877826,-43.361591,3208.8152,3427.7659,3.0704e-05,-0.15555346,6.7538009,-28.694607,-0.0796749,-24.4298,-27273.719,-0.054382458,-18.786848
0.31592619,-0.18950857,-0.19872215,-43.381264,3283.6301,3506.2402,3.072e-05,-0.15592724,6.7459726,-28.763556,-0.080110028,-24.530838,-27242.178,-0.054417554,-18.869883
0.32337293,-0.18945503,-0.1986648,-43.400631,3358.4236,3584.6926,3.0736e-05,-0.15631565,6.7381015,-28.835205,-0.080544643,-24.632099,-27210.467,-0.055110324,-18.952955
0.33081767,-0.1894003,-0.19860618,-43.419685,3433.1958,3663.1223,3.0752e-05,-0.15680966,6.7301879,-28.926332,-0.080978759,-24.733582,-27178.582,-0.055861078,-19.036068
0.33826035,-0.18934436,-0.19854632,-43.438412,3507.9456,3741.5288,3.0768e-05,-0.15734835,6.7222319,-29.025705,-0.08141236,-24.835281,-27146.527,-0.05668813,-19.119221
0.34570098,-0.18928723,-0.1984852,-43.456806,3582.6731,3819.9119,3.0784e-05,-0.15779842,6.7142334,-29.108728,-0.08184544,-24.937199,-27114.303,-0.056460768,-19.202414
0.35313943,-0.18922891,-0.19842283,-43.47485,3657.3774,3898.2705,3.08e-05,-0.15825927,6.706193,-29.193743,-0.082278013,-25.039331,-27081.906,-0.057081819,-19.285646
0.36057568,-0.18916939,-0.19835921,-43.492535,3732.0583,3976.6047,3.0816e-05,-0.15890972,6.6981096,-29.313728,-0.082710057,-25.141678,-27049.338,-0.057089448,-19.368921
0.36800966,-0.18910867,-0.19829433,-43.50985,3806.7151,4054.9138,3.0832e-05,-0.15945844,6.6899838,-29.414949,-0.083141588,-25.244236,-27016.6,-0.057396162,-19.452238
0.37544137,-0.18904677,-0.1982282,-43.526779,3881.3477,4133.1973,3.0848e-05,-0.16018364,6.6818161,-29.548725,-0.083572589,-25.347002,-26983.691,-0.058705404,-19.535595
0.3828707,-0.18898366,-0.19816081,-43.543316,3955.9553,4211.4546,3.0864e-05,-0.16069151,6.6736064,-29.642412,-0.084003061,-25.449976,-26950.613,-0.058458205,-19.618998
0.39029765,-0.18891937,-0.19809218,-43.559448,4030.5374,4289.6851,3.088e-05,-0.16123407,6.6653543,-29.742495,-0.084432997,-25.553156,-26917.365,-0.059405804,-19.70244
0.39772215,-0.18885387,-0.19802229,-43.575161,4105.0938,4367.8887,3.0896e-05,-0.16163944,6.6570597,-29.817272,-0.084862411,-25.656536,-26883.949,-0.059610277,-19.785931
0.40514413,-0.18878719,-0.19795115,-43.590443,4179.6235,4446.0649,3.0912e-05,-0.16181129,6.6487236,-29.848976,-0.085291281,-25.760118,-26850.361,-0.059880368,-19.869463
0.41256353,-0.18871932,-0.19787876,-43.605289,4254.127,4524.2129,3.0928e-05,-0.16284323,6.6403451,-30.039333,-0.085719615,-25.863895,-26816.605,-0.060237434,-19.953041
0.41998035,-0.18865025,-0.19780512,-43.619678,4328.603,4602.332,3.0944e-05,-0.16332027,6.6319251,-30.127333,-0.086147413,-25.967869,-26782.68,-0.061471909,-20.036667
0.42739451,-0.18857999,-0.19773024,-43.63361,4403.0508,4680.4224,3.096e-05,-0.1634744,6.6234627,-30.155764,-0.086574659,-26.072033,-26748.586,-0.0613361,-20.120337
0.43480593,-0.18850854,-0.1976541,-43.64706,4477.4712,4758.4834,3.0976e-05,-0.16429825,6.6149588,-30.307737,-0.087001361,-26.176386,-26714.324,-0.061661124,-20.204056
0.44221458,-0.1884359,-0.19757672,-43.66003,4551.8623,4836.5142,3.0992e-05,-0.16465814,6.6064134,-30.374128,-0.087427512,-26.280926,-26679.893,-0.062352367,-20.287823
0.44962043,-0.18836208,-0.19749808,-43.672501,4626.2246,4914.5142,3.1008e-05,-0.16514598,6.5978255,-30.464117,-0.087853111,-26.385647,-26645.293,-0.062068544,-20.371639
0.45702341,-0.18828705,-0.19741821,-43.68446,4700.5571,4992.4829,3.1024e-05,-0.16587581,6.5891967,-30.598747,-0.088278159,-26.490549,-26610.527,-0.063504443,-20.455505
0.46442345,-0.18821084,-0.19733708,-43.6959,4774.8594,5070.4209,3.104e-05,-0.16583341,6.5805259,-30.590927,-0.088702641,-26.595627,-26575.592,-0.06312906,-20.539421
0.47182053,-0.18813345,-0.1972547,-43.70681,4849.1313,5148.3262,3.1056e-05,-0.16694009,6.5718136,-30.795074,-0.089126572,-26.700878,-26540.49,-0.063315228,-20.62339
0.47921458,-0.18805486,-0.19717109,-43.717175,4923.3721,5226.1992,3.1072e-05,-0.16763294,6.5630593,-30.92288,-0.089549936,-26.806299,-26505.221,-0.063896604,-20.707409
0.48660555,-0.18797508,-0.19708623,-43.72699,4997.5815,5304.0391,3.1088e-05,-0.16762985,6.5542641,-30.922312,-0.089972734,-26.911886,-26469.783,-0.065436259,-20.791483
0.4939934,-0.18789412,-0.19700012,-43.736237,5071.7588,5381.8457,3.1104e-05,-0.16852999,6.5454273,-31.088358,-0.090394966,-27.017637,-26434.182,-0.064867094,-20.875612
0.50137806,-0.18781197,-0.19691277,-43.744911,5145.9038,5459.6182,3.112e-05,-0.16878739,6.5365496,-31.135841,-0.090816624,-27.123545,-26398.412,-0.066026792,-20.959795
0.5087595,-0.18772863,-0.19682416,-43.752995,5220.0161,5537.3564,3.1136e-05,-0.16940239,6.5276303,-31.249289,-0.091237709,-27.229609,-26362.475,-0.065880306,-21.044035
0.5161376,-0.18764411,-0.19673432,-43.760483,5294.0947,5615.0591,3.1152e-05,-0.16968599,6.5186696,-31.301603,-0.09165822,-27.335823,-26326.373,-0.066571549,-21.128332
0.52351242,-0.18755841,-0.19664323,-43.767361,5368.1396,5692.7271,3.1168e-05,-0.17000891,6.5096679,-31.36117,-0.092078149,-27.442184,-26290.105,-0.067200229,-21.212687
0.53088385,-0.18747151,-0.19655091,-43.773621,5442.1499,5770.3584,3.1184e-05,-0.17070559,6.5006251,-31.489687,-0.092497498,-27.548689,-26253.672,-0.067207858,-21.2971
0.53825182,-0.18738344,-0.19645734,-43.779247,5516.126,5847.9536,3.12e-05,-0.17139919,6.4915409,-31.617634,-0.092916265,-27.655333,-26217.072,-0.067752615,-21.381577
0.54561633,-0.18729419,-0.19636254,-43.784237,5590.0664,5925.5117,3.1216e-05,-0.17208971,6.4824162,-31.745012,-0.093334436,-27.76211,-26180.307,-0.068953522,-21.466112
0.55297726,-0.18720374,-0.19626649,-43.78857,5663.9712,6003.0327,3.1232e-05,-0.17253748,6.4732504,-31.82761,-0.093752027,-27.869017,-26143.377,-0.069077119,-21.550711
0.56033462,-0.18711211,-0.1961692,-43.792248,5737.8398,6080.5156,3.1248e-05,-0.17272706,6.4640436,-31.862581,-0.094169021,-27.976051,-26106.283,-0.069594406,-21.635374
0.56768835,-0.1870193,-0.19607067,-43.795246,5811.6719,6157.96,3.1264e-05,-0.17338213,6.4547958,-31.983421,-0.094585426,-28.083206,-26069.025,-0.069864497,-21.720102
0.57503831,-0.18692532,-0.19597091,-43.797565,5885.4668,6235.3657,3.128e-05,-0.17427456,6.4455075,-32.148048,-0.095001228,-28.190477,-26031.602,-0.070151374,-21.804897
0.58238459,-0.18683015,-0.19586991,-43.799191,5959.2241,6312.7319,3.1296e-05,-0.17433082,6.4361782,-32.158424,-0.095416434,-28.297861,-25994.016,-0.07031922,-21.889759
0.5897271,-0.1867338,-0.19576766,-43.800114,6032.9434,6390.0581,3.1312e-05,-0.17503907,6.4268088,-32.289074,-0.095831029,-28.405352,-25956.264,-0.071626939,-21.974689
0.59706569,-0.18663627,-0.19566418,-43.80032,6106.6245,6467.3438,3.1328e-05,-0.17592841,6.4173985,-32.453129,-0.096245028,-28.512943,-25918.35,-0.071323283,-22.059692
0.60440046,-0.18653756,-0.19555947,-43.799805,6180.2661,6544.5889,3.1344e-05,-0.17602552,6.4079475,-32.471043,-0.096658416,-28.620634,-25880.271,-0.072536394,-22.144764
0.61173123,-0.18643768,-0.19545352,-43.798553,6253.8687,6621.793,3.136e-05,-0.17683935,6.3984561,-32.621166,-0.097071193,-28.728415,-25842.031,-0.073186435,-22.22991
0.61905801,-0.18633662,-0.19534634,-43.796558,6327.4312,6698.9546,3.1376e-05,-0.17732641,6.3889241,-32.711014,-0.097483352,-28.836285,-25803.629,-0.073583178,-22.31513
0.62638074,-0.18623438,-0.19523792,-43.793812,6400.9536,6776.0742,3.1392e-05,-0.17766088,6.3793521,-32.772713,-0.0978949,-28.944235,-25765.062,-0.073755607,-22.400425
0.63369942,-0.18613096,-0.19512826,-43.790302,6474.4346,6853.1514,3.1408e-05,-0.17831749,6.3697395,-32.893837,-0.098305836,-29.052263,-25726.334,-0.074591815,-22.485798
0.64101392,-0.18602636,-0.19501738,-43.786018,6547.875,6930.1846,3.1424e-05,-0.17889164,6.3600869,-32.999748,-0.09871614,-29.16036,-25687.443,-0.074494153,-22.571249
0.64832419,-0.1859206,-0.19490527,-43.780952,6621.2729,7007.1743,3.144e-05,-0.17937793,6.3503942,-33.089455,-0.099125825,-29.268526,-25648.391,-0.074713886,-22.65678
0.65563029,-0.18581367,-0.19479193,-43.775097,6694.6289,7084.1201,3.1456e-05,-0.17989659,6.3406615,-33.185131,-0.099534884,-29.376749,-25609.176,-0.076161996,-22.742393
0.66293204,-0.18570554,-0.19467735,-43.76844,6767.9424,7161.0205,3.1472e-05,-0.18047614,6.3308883,-33.292038,-0.099943317,-29.485029,-25569.801,-0.075600453,-22.828091
0.67022949,-0.18559626,-0.19456154,-43.760971,6841.2129,7237.876,3.1488e-05,-0.18094933,6.3210754,-33.379326,-0.10035112,-29.593357,-25530.264,-0.076395459,-22.913872
0.67752254,-0.1854858,-0.19444451,-43.752682,6914.4395,7314.686,3.1504e-05,-0.18125606,6.3112226,-33.435909,-0.10075828,-29.701727,-25490.566,-0.077390365,-22.999739
0.68481112,-0.18537417,-0.19432624,-43.743568,6987.6221,7391.4497,3.152e-05,-0.1821878,6.3013296,-33.607784,-0.10116481,-29.810135,-25450.709,-0.077838987,-23.085695
0.69209522,-0.18526135,-0.19420676,-43.733616,7060.7598,7468.1665,3.1536e-05,-0.18270877,6.2913971,-33.703888,-0.1015707,-29.918575,-25410.691,-0.077550583,-23.17174
0.69937479,-0.18514739,-0.19408603,-43.722816,7133.853,7544.8364,3.1552e-05,-0.18310413,6.281425,-33.776817,-0.10197595,-30.027039,-25370.512,-0.078266241,-23.257877
0.70664984,-0.18503225,-0.19396409,-43.711163,7206.9004,7621.4585,3.1568e-05,-0.18370524,6.2714128,-33.887703,-0.10238055,-30.135523,-25330.174,-0.078238778,-23.344107
0.71392018,-0.18491593,-0.19384092,-43.698647,7279.9023,7698.0322,3.1584e-05,-0.18406515,6.2613611,-33.954094,-0.10278451,-30.244019,-25289.676,-0.079026155,-23.430431
0.72118586,-0.18479845,-0.19371653,-43.685261,7352.8574,7774.5576,3.16e-05,-0.18499458,6.2512703,-34.125546,-0.10318781,-30.352524,-25249.018,-0.07987915,-23.516851
0.72844684,-0.18467981,-0.19359091,-43.670994,7425.7656,7851.0337,3.1616e-05,-0.18534368,6.2411394,-34.189945,-0.10359047,-30.461027,-25208.201,-0.079784542,-23.603373
0.73570305,-0.18456,-0.19346407,-43.655838,7498.627,7927.4604,3.1632e-05,-0.18590936,6.2309694,-34.294292,-0.10399248,-30.569527,-25167.227,-0.080541395,-23.689991
0.74295443,-0.18443902,-0.19333601,-43.63979,7571.4404,8003.8369,3.1648e-05,-0.18622687,6.2207599,-34.352863,-0.10439382,-30.678013,-25126.094,-0.08094424,-23.776714
0.75020093,-0.18431687,-0.19320673,-43.622833,7644.2051,8080.1626,3.1664e-05,-0.18710929,6.2105112,-34.51564,-0.1047945,-30.78648,-25084.801,-0.082055114,-23.863539
0.75744253,-0.18419357,-0.19307622,-43.604969,7716.9219,8156.4375,3.168e-05,-0.1881389,6.2002234,-34.70557,-0.10519453,-30.894922,-25043.35,-0.082168035,-23.950472
0.76467919,-0.1840691,-0.19294451,-43.586185,7789.5889,8232.6611,3.1696e-05,-0.18829688,6.1898961,-34.734715,-0.10559389,-31.003332,-25001.742,-0.083225504,-24.037512
0.77191085,-0.18394347,-0.19281156,-43.566471,7862.207,8308.833,3.1712e-05,-0.18877009,6.1795301,-34.822002,-0.10599258,-31.111704,-24959.977,-0.083295695,-24.12466
0.77913749,-0.18381666,-0.19267741,-43.54583,7934.7744,8384.9512,3.1728e-05,-0.1891955,6.1691251,-34.900478,-0.1063906,-31.220032,-24918.055,-0.08349254,-24.211922
0.78635901,-0.1836887,-0.19254203,-43.524242,8007.292,8461.0176,3.1744e-05,-0.1896286,6.1586804,-34.980373,-0.10678795,-31.328306,-24875.975,-0.084040344,-24.299295
0.79357535,-0.18355958,-0.19240543,-43.501709,8079.7578,8537.0303,3.176e-05,-0.19069985,6.1481977,-35.177982,-0.10718463,-31.436522,-24833.738,-0.084702596,-24.386786
0.80078655,-0.18342932,-0.19226763,-43.478218,8152.1729,8612.9883,3.1776e-05,-0.19081004,6.1376758,-35.198311,-0.10758062,-31.544672,-24791.346,-0.084838405,-24.474394
0.80799252,-0.18329787,-0.1921286,-43.453766,8224.5352,8688.8926,3.1792e-05,-0.19185738,6.1271148,-35.39151,-0.10797594,-31.65275,-24748.795,-0.0855266,-24.562122
0.81519324,-0.18316528,-0.19198836,-43.428349,8296.8457,8764.7422,3.1808e-05,-0.19208242,6.1165156,-35.433022,-0.10837059,-31.760748,-24706.09,-0.086085089,-24.649971
0.82238859,-0.18303153,-0.19184692,-43.401951,8369.1035,8840.5361,3.1824e-05,-0.19279991,6.1058774,-35.565376,-0.10876454,-31.868658,-24663.23,-0.086188845,-24.737946
0.82957864,-0.18289663,-0.19170426,-43.374577,8441.3086,8916.2744,3.184e-05,-0.19292399,6.095201,-35.588264,-0.1091578,-31.976475,-24620.213,-0.087159336,-24.826044
0.83676326,-0.18276055,-0.19156039,-43.34621,8513.459,8991.9561,3.1856e-05,-0.19362144,6.0844855,-35.716923,-0.10955038,-32.08419,-24577.043,-0.087533191,-24.914272
0.8439424,-0.18262334,-0.19141531,-43.316853,8585.5557,9067.5811,3.1872e-05,-0.19398443,6.0737324,-35.783882,-0.10994226,-32.191799,-24533.717,-0.088467054,-25.002632
0.85111612,-0.18248497,-0.19126901,-43.286495,8657.5967,9143.1484,3.1888e-05,-0.19498013,6.0629401,-35.96756,-0.11033346,-32.29929,-24490.236,-0.088866845,-25.091122
0.85828429,-0.18234545,-0.19112152,-43.255131,8729.585,9218.6582,3.1904e-05,-0.19508803,6.0521102,-35.987461,-0.11072395,-32.406658,-24446.602,-0.089349039,-25.179749
0.86544687,-0.18220477,-0.19097281,-43.222759,8801.5156,9294.1104,3.192e-05,-0.19577084,6.0412416,-36.113419,-0.11111374,-32.513897,-24402.812,-0.088668481,-25.268513
0.87260377,-0.18206295,-0.1908229,-43.189365,8873.3916,9369.5029,3.1936e-05,-0.19639894,6.0303349,-36.229282,-0.11150283,-32.620998,-24358.869,-0.089796133,-25.357414
0.87975508,-0.18191998,-0.19067179,-43.154953,8945.209,9444.8369,3.1952e-05,-0.19715959,6.0193906,-36.369598,-0.11189122,-32.727955,-24314.773,-0.089718312,-25.446459
0.88690072,-0.18177585,-0.19051947,-43.119514,9016.9727,9520.1113,3.1968e-05,-0.1975195,6.0084076,-36.435989,-0.1122789,-32.834759,-24270.523,-0.091166414,-25.535646
0.89404052,-0.18163057,-0.19036594,-43.083042,9088.6758,9595.3252,3.1984e-05,-0.19848052,5.9973869,-36.613266,-0.11266588,-32.941402,-24226.121,-0.091566212,-25.624981
0.9011746,-0.18148416,-0.19021121,-43.045536,9160.3242,9670.4785,3.2e-05,-0.1988674,5.9863286,-36.684631,-0.11305214,-33.047878,-24181.566,-0.092001095,-25.714464
0.90830284,-0.18133658,-0.19005528,-43.006985,9231.9102,9745.5713,3.2016e-05,-0.19911709,5.9752321,-36.730694,-0.11343768,-33.154179,-24136.859,-0.092831202,-25.804098
0.91542518,-0.18118791,-0.18989815,-42.967388,9303.4453,9820.6016,3.2032e-05,-0.20020528,5.964098,-36.931427,-0.11382251,-33.260296,-24092,-0.093609422,-25.893887
0.92254162,-0.18103792,-0.18973982,-42.926743,9375.1133,9895.5703,3.2048e-05,-0.20048504,5.9529262,-36.983036,-0.11420662,-33.366222,-24046.988,-0.093911558,-25.983829
0.92965215,-0.18088679,-0.18958029,-42.885044,9446.5195,9970.4766,3.2064e-05,-0.20106997,5.9417167,-37.090935,-0.11459001,-33.471951,-24001.826,-0.093870357,-26.073931
0.93675661,-0.18073469,-0.18941957,-42.842285,9517.873,10045.32,3.208e-05,-0.20216741,5.93047,-37.293377,-0.11497267,-33.577473,-23956.512,-0.09468215,-26.164194
0.94385511,-0.18058138,-0.18925765,-42.798462,9589.1621,10120.101,3.2096e-05,-0.20204949,5.9191856,-37.271626,-0.11535461,-33.682785,-23911.047,-0.094981231,-26.254618
0.95094746,-0.18042697,-0.18909453,-42.753574,9660.3926,10194.816,3.2112e-05,-0.20302747,5.9078636,-37.452034,-0.11573582,-33.787872,-23865.432,-0.095416121,-26.345209
0.95803374,-0.18027139,-0.18893021,-42.707619,9731.5596,10269.468,3.2128e-05,-0.20328563,5.8965049,-37.499657,-0.1161163,-33.892731,-23819.666,-0.095341347,-26.435966
0.96511388,-0.18011469,-0.18876471,-42.660587,9802.667,10344.054,3.2144e-05,-0.20419811,5.8851085,-37.66798,-0.11649605,-33.997356,-23773.75,-0.096137881,-26.526896
0.97218776,-0.17995684,-0.18859801,-42.612484,9873.71,10418.575,3.216e-05,-0.20443702,5.8736749,-37.712051,-0.11687506,-34.101734,-23727.684,-0.096765041,-26.617998
0.97925544,-0.17979787,-0.18843013,-42.563297,9944.6914,10493.031,3.2176e-05,-0.20522156,5.8622046,-37.856773,-0.11725333,-34.20586,-23681.469,-0.097570725,-26.709274
0.98631686,-0.17963775,-0.18826105,-42.513031,10015.609,10567.42,3.2192e-05,-0.20562616,5.8506966,-37.931408,-0.11763086,-34.309723,-23635.105,-0.098104797,-26.80073
0.9933719,-0.1794765,-0.18809077,-42.461678,10086.464,10641.742,3.2208e-05,-0.20633981,5.8391523,-38.063053,-0.11800765,-34.413322,-23588.592,-0.098754846,-26.892366
1.0004207,-0.17931411,-0.18791932,-42.409241,10157.254,10715.998,3.2224e-05,-0.20706116,5.8275709,-38.196117,-0.11838369,-34.516644,-23541.93,-0.099290445,-26.984184
1.007463,-0.1791506,-0.18774667,-42.355713,10227.979,10790.186,3.224e-05,-0.20793432,5.8159523,-38.357189,-0.11875898,-34.619678,-23495.119,-0.10020142,-27.076189
1.0144988,-0.17898594,-0.18757285,-42.301094,10298.64,10864.305,3.2256e-05,-0.20798211,5.8042974,-38.366001,-0.11913353,-34.722427,-23448.162,-0.10016022,-27.168381
1.0215282,-0.17882016,-0.18739784,-42.24538,10369.235,10938.355,3.2272e-05,-0.20867647,5.7926059,-38.494091,-0.11950732,-34.824871,-23401.055,-0.10039369,-27.260763
1.0285511,-0.17865326,-0.18722163,-42.188572,10439.765,11012.337,3.2288e-05,-0.20929456,5.7808776,-38.608109,-0.11988036,-34.92701,-23353.803,-0.10205237,-27.35334
1.0355675,-0.17848523,-0.18704426,-42.130665,10510.228,11086.249,3.2304e-05,-0.20982246,5.7691126,-38.70549,-0.12025264,-35.028831,-23306.402,-0.10137028,-27.446112
1.0425771,-0.17831606,-0.1868657,-42.071663,10580.624,11160.092,3.232e-05,-0.21055382,5.7573113,-38.840405,-0.12062416,-35.130333,-23258.855,-0.10215613,-27.539083
1.0495803,-0.17814577,-0.18668595,-42.011559,10650.953,11233.863,3.2336e-05,-0.21159731,5.7454739,-39.032894,-0.12099492,-35.231503,-23211.16,-0.10246437,-27.632254
1.0565767,-0.17797434,-0.18650503,-41.950356,10721.214,11307.563,3.2352e-05,-0.21151485,5.7336001,-39.017681,-0.12136491,-35.332333,-23163.32,-0.10334941,-27.72563
1.0635664,-0.1778018,-0.18632293,-41.888046,10791.407,11381.193,3.2368e-05,-0.21241808,5.7216902,-39.184296,-0.12173414,-35.432816,-23115.336,-0.10308695,-27.819212
1.0705494,-0.17762814,-0.18613966,-41.824638,10861.531,11454.75,3.2384e-05,-0.21274021,5.709744,-39.243721,-0.1221026,-35.532944,-23067.203,-0.10432295,-27.913002
1.0775255,-0.17745335,-0.18595521,-41.760128,10931.587,11528.235,3.24e-05,-0.21379988,5.6977615,-39.439198,-0.12247029,-35.632706,-23018.928,-0.10393689,-28.007004
1.0844948,-0.17727745,-0.18576957,-41.694511,11001.573,11601.647,3.2416e-05,-0.2141567,5.6857433,-39.50502,-0.1228372,-35.732101,-22970.506,-0.10470442,-28.101219
1.0914574,-0.17710043,-0.18558279,-41.627792,11071.49,11674.986,3.2432e-05,-0.21481639,5.6736889,-39.626709,-0.12320334,-35.83112,-22921.939,-0.10603656,-28.195652
1.0984129,-0.17692228,-0.18539481,-41.559971,11141.336,11748.252,3.2448e-05,-0.21546298,5.6615992,-39.745987,-0.1235687,-35.929749,-22873.229,-0.10615253,-28.290304
1.1053615,-0.17674302,-0.18520567,-41.491043,11211.111,11821.442,3.2464e-05,-0.21613732,5.6494732,-39.87038,-0.12393328,-36.027985,-22824.373,-0.106975,-28.38518
1.1123031,-0.17656264,-0.18501535,-41.421013,11280.814,11894.559,3.248e-05,-0.21614657,5.6373119,-39.872086,-0.12429707,-36.12582,-22775.375,-0.10718558,-28.480278
1.1192377,-0.17638114,-0.18482387,-41.34988,11350.447,11967.6,3.2496e-05,-0.2167816,5.6251144,-39.989227,-0.12466009,-36.223244,-22726.232,-0.10782953,-28.575603
1.1261652,-0.17619854,-0.18463123,-41.277645,11420.007,12040.565,3.2512e-05,-0.21734959,5.6128821,-40.094002,-0.12502231,-36.320251,-22676.947,-0.10810572,-28.67116
1.1330856,-0.17601481,-0.18443741,-41.204308,11489.495,12113.455,3.2528e-05,-0.21821274,5.6006141,-40.253227,-0.12538375,-36.416836,-22627.52,-0.1092288,-28.766947
1.1399989,-0.17582998,-0.18424243,-41.129871,11558.909,12186.268,3.2544e-05,-0.21878149,5.5883107,-40.358143,-0.12574439,-36.512985,-22577.947,-0.10959197,-28.86297
1.1469049,-0.17564404,-0.18404628,-41.054337,11628.251,12259.004,3.256e-05,-0.21955678,5.5759716,-40.50116,-0.12610424,-36.608696,-22528.234,-0.11062807,-28.95923
1.1538038,-0.17545699,-0.18384898,-40.977699,11697.519,12331.662,3.2576e-05,-0.22001764,5.5635977,-40.586174,-0.12646329,-36.703957,-22478.381,-0.11061586,-29.055733
1.1606954,-0.17526883,-0.18365051,-40.899971,11766.712,12404.243,3.2592e-05,-0.22105189,5.5511885,-40.776958,-0.12682153,-36.798763,-22428.385,-0.11123081,-29.152477
1.1675798,-0.17507955,-0.18345088,-40.821144,11835.83,12476.745,3.2608e-05,-0.221569,5.5387444,-40.872349,-0.127179,-36.893108,-22378.246,-0.11174657,-29.249466
1.1744567,-0.17488918,-0.18325008,-40.741226,11904.873,12549.169,3.2624e-05,-0.22188883,5.5262651,-40.931347,-0.12753564,-36.98698,-22327.967,-0.11230659,-29.346703
1.1813263,-0.1746977,-0.18304814,-40.660217,11973.841,12621.513,3.264e-05,-0.22255701,5.513751,-41.054604,-0.12789148,-37.080376,-22277.549,-0.11308023,-29.444191
1.1881884,-0.17450513,-0.18284504,-40.578121,12042.732,12693.777,3.2656e-05,-0.22330609,5.5012021,-41.192787,-0.12824652,-37.173283,-22226.988,-0.11388897,-29.541933
1.1950432,-0.17431143,-0.18264079,-40.494934,12111.548,12765.962,3.2672e-05,-0.22377774,5.4886189,-41.279789,-0.12860075,-37.265701,-22176.289,-0.11345866,-29.639929
1.2018903,-0.17411666,-0.18243538,-40.410667,12180.286,12838.065,3.2688e-05,-0.22437501,5.4760003,-41.389965,-0.12895416,-37.357616,-22125.449,-0.11420637,-29.738184
1.2087301,-0.17392077,-0.18222882,-40.325321,12248.947,12910.088,3.2704e-05,-0.22506322,5.4633474,-41.516918,-0.12930675,-37.449024,-22074.471,-0.11478622,-29.8367
1.2155622,-0.17372379,-0.18202111,-40.238892,12317.53,12982.029,3.272e-05,-0.22547399,5.4506602,-41.592693,-0.12965854,-37.539917,-22023.354,-0.11561327,-29.935478
1.2223866,-0.17352571,-0.18181224,-40.15139,12386.035,13053.888,3.2736e-05,-0.22652517,5.4379382,-41.786602,-0.13000949,-37.630291,-21972.098,-0.11635029,-30.034523
1.2292035,-0.17332652,-0.18160224,-40.06282,12454.462,13125.665,3.2752e-05,-0.22695214,5.4251819,-41.865364,-0.13035963,-37.720131,-21920.701,-0.11649068,-30.133837
1.2360126,-0.17312625,-0.18139108,-39.973179,12522.809,13197.358,3.2768e-05,-0.22776519,5.4123917,-42.015347,-0.13070895,-37.809437,-21869.17,-0.11647084,-30.233421
1.2428141,-0.17292489,-0.18117878,-39.882469,12591.077,13268.969,3.2784e-05,-0.22842719,5.3995671,-42.137463,-0.13105744,-37.898201,-21817.498,-0.1175283,-30.333277
1.2496077,-0.17272243,-0.18096532,-39.790703,12659.265,13340.495,3.28e-05,-0.22866148,5.3867083,-42.180683,-0.13140512,-37.986412,-21765.691,-0.1177633,-30.433409
1.2563934,-0.17251888,-0.18075073,-39.69788,12727.372,13411.938,3.2816e-05,-0.22958165,5.3738155,-42.350426,-0.13175194,-38.074066,-21713.746,-0.11935179,-30.533819
1.2631714,-0.17231424,-0.180535,-39.604,12795.399,13483.295,3.2832e-05,-0.22994541,5.3608885,-42.417526,-0.13209794,-38.161156,-21661.664,-0.11959746,-30.63451
1.2699414,-0.17210852,-0.18031813,-39.509075,12863.345,13554.567,3.2848e-05,-0.23082551,5.347928,-42.579876,-0.13244312,-38.247673,-21609.445,-0.11954711,-30.735483
1.2767036,-0.17190169,-0.18010011,-39.413105,12931.208,13625.754,3.2864e-05,-0.23175956,5.3349338,-42.752178,-0.13278744,-38.333614,-21557.09,-0.12043978,-30.83674
1.2834578,-0.1716938,-0.17988096,-39.316093,12998.99,13696.854,3.288e-05,-0.2318636,5.3219056,-42.77137,-0.13313094,-38.418972,-21504.602,-0.12046266,-30.938288
1.2902039,-0.17148481,-0.17966068,-39.218048,13066.689,13767.869,3.2896e-05,-0.23273985,5.3088441,-42.93301,-0.13347359,-38.503738,-21451.975,-0.12203284,-31.040123
1.296942,-0.17127474,-0.17943926,-39.118973,13134.306,13838.796,3.2912e-05,-0.23307279,5.2957487,-42.994427,-0.13381539,-38.587906,-21399.215,-0.12152471,-31.14225
1.303672,-0.17106359,-0.17921671,-39.018871,13201.839,13909.636,3.2928e-05,-0.23409855,5.28262,-43.183647,-0.13415636,-38.671471,-21346.318,-0.12258217,-31.244671
1.3103938,-0.17085136,-0.17899302,-38.917751,13269.288,13980.388,3.2944e-05,-0.23430046,5.2694583,-43.220894,-0.13449647,-38.754421,-21293.289,-0.1223365,-31.347387
1.3171074,-0.17063805,-0.1787682,-38.815617,13336.653,14051.052,3.296e-05,-0.23536091,5.2562628,-43.416512,-0.13483573,-38.836758,-21240.125,-0.12351451,-31.450403
1.323813,-0.17042367,-0.17854226,-38.712471,13403.934,14121.626,3.2976e-05,-0.2362726,5.2430344,-43.58469,-0.13517416,-38.918472,-21186.826,-0.12437208,-31.55372
1.3305101,-0.1702082,-0.17831518,-38.608322,13471.129,14192.112,3.2992e-05,-0.23631267,5.2297726,-43.592083,-0.13551171,-38.999557,-21133.396,-0.12571032,-31.657341
1.337199,-0.16999166,-0.17808698,-38.503178,13538.239,14262.508,3.3008e-05,-0.23728141,5.2164779,-43.770782,-0.13584842,-39.080006,-21079.832,-0.1253853,-31.761265
1.3438796,-0.16977404,-0.17785765,-38.397038,13605.263,14332.813,3.3024e-05,-0.23774073,5.2031503,-43.855511,-0.13618426,-39.159813,-21026.135,-0.12612842,-31.865496
1.3505517,-0.16955537,-0.17762721,-38.289917,13672.2,14403.029,3.304e-05,-0.23860465,5.1897898,-44.014877,-0.13651925,-39.238972,-20972.305,-0.12685476,-31.970037
1.3572154,-0.1693356,-0.17739564,-38.181812,13739.051,14473.153,3.3056e-05,-0.23951173,5.1763964,-44.182205,-0.13685337,-39.317478,-20918.344,-0.12764977,-32.074886
1.3638707,-0.16911478,-0.17716295,-38.072739,13805.814,14543.187,3.3072e-05,-0.24004658,5.1629705,-44.280865,-0.13718663,-39.395325,-20864.25,-0.12794122,-32.180054
1.3705175,-0.16889289,-0.17692913,-37.962696,13872.491,14613.128,3.3088e-05,-0.2410076,5.1495118,-44.458145,-0.13751902,-39.472507,-20810.025,-0.12809534,-32.28553
1.3771557,-0.16866992,-0.17669421,-37.851696,13939.079,14682.977,3.3104e-05,-0.24143454,5.1360211,-44.536903,-0.13785055,-39.549019,-20755.67,-0.12803277,-32.391327
1.3837854,-0.1684459,-0.17645817,-37.739738,14005.578,14752.732,3.312e-05,-0.24176054,5.1224976,-44.597038,-0.13818119,-39.624859,-20701.184,-0.12978148,-32.49744
1.3904064,-0.1682208,-0.17622101,-37.626839,14071.989,14822.396,3.3136e-05,-0.24262369,5.1089416,-44.75626,-0.13851099,-39.700012,-20646.566,-0.12999816,-32.603878
1.3970187,-0.16799466,-0.17598273,-37.513,14138.311,14891.965,3.3152e-05,-0.24348839,5.0953531,-44.915768,-0.13883989,-39.774483,-20591.818,-0.13024843,-32.710632
1.4036223,-0.16776745,-0.17574336,-37.398232,14204.543,14961.439,3.3168e-05,-0.24407949,5.0817327,-45.024807,-0.13916792,-39.848263,-20536.943,-0.13042848,-32.817715
1.410217,-0.16753916,-0.17550287,-37.282536,14270.685,15030.82,3.3184e-05,-0.24456424,5.0680804,-45.114231,-0.13949506,-39.921341,-20481.938,-0.131312,-32.925121
1.4168031,-0.16730984,-0.17526126,-37.165928,14336.735,15100.106,3.32e-05,-0.2457056,5.0543962,-45.324776,-0.13982134,-39.993721,-20426.803,-0.13221534,-33.032852
1.4233804,-0.16707945,-0.17501855,-37.048405,14402.695,15169.297,3.3216e-05,-0.24643773,5.0406795,-45.459827,-0.14014672,-40.065395,-20371.539,-0.13285318,-33.140915
1.4299487,-0.166848,-0.17477474,-36.929985,14468.564,15238.392,3.3232e-05,-0.24688858,5.0269313,-45.542995,-0.14047122,-40.136356,-20316.146,-0.13385266,-33.24931
1.4365081,-0.1666155,-0.17452982,-36.810673,14534.341,15307.39,3.3248e-05,-0.24758063,5.0131516,-45.670658,-0.14079483,-40.206604,-20260.627,-0.1344966,-33.358032
1.4430584,-0.16638196,-0.1742838,-36.690475,14600.026,15376.291,3.3264e-05,-0.24821182,4.9993396,-45.78709,-0.14111756,-40.276127,-20204.98,-0.13465835,-33.467091
1.4495999,-0.16614735,-0.17403667,-36.569397,14665.618,15445.096,3.328e-05,-0.24861333,4.9854965,-45.861156,-0.14143939,-40.344929,-20149.205,-0.13546708,-33.576481
1.4561322,-0.1659117,-0.17378846,-36.447453,14731.117,15513.803,3.3296e-05,-0.24970151,4.971622,-46.061893,-0.14176032,-40.412998,-20093.305,-0.13642384,-33.686211
1.4626554,-0.165675,-0.17353913,-36.32465,14796.523,15582.411,3.3312e-05,-0.25038743,4.9577155,-46.188419,-0.14208037,-40.480335,-20037.275,-0.13654134,-33.796276
1.4691695,-0.16543727,-0.17328872,-36.200993,14861.835,15650.922,3.3328e-05,-0.25142321,4.943778,-46.379486,-0.14239952,-40.546932,-19981.121,-0.13728751,-33.906681
1.4756744,-0.16519848,-0.17303722,-36.076496,14927.053,15719.334,3.3344e-05,-0.25151104,4.9298096,-46.395695,-0.14271776,-40.612789,-19924.842,-0.13772088,-34.017422
1.4821701,-0.16495864,-0.17278461,-35.951164,14992.176,15787.646,3.336e-05,-0.25214377,4.9158096,-46.512409,-0.1430351,-40.677902,-19868.438,-0.13814203,-34.128506
1.4886565,-0.16471776,-0.17253092,-35.825005,15057.203,15855.858,3.3376e-05,-0.25236341,4.9017787,-46.552925,-0.14335154,-40.74226,-19811.906,-0.13901487,-34.239933
1.4951336,-0.16447584,-0.17227612,-35.698032,15122.136,15923.971,3.3392e-05,-0.25246361,4.8877172,-46.571407,-0.14366709,-40.80587,-19755.252,-0.13922544,-34.351704
1.5016015,-0.16423288,-0.17202026,-35.570251,15186.972,15991.983,3.3408e-05,-0.25252524,4.8736243,-46.582779,-0.14398171,-40.868721,-19698.471,-0.14072847,-34.463814
1.5080597,-0.16398889,-0.1717633,-35.441673,15251.712,16059.894,3.3424e-05,-0.25252524,4.8595009,-46.582779,-0.14429542,-40.930809,-19641.568,-0.14131138,-34.576271
1.5145087,-0.16374387,-0.17150526,-35.312305,15316.355,16127.703,3.344e-05,-0.25252524,4.8453469,-46.582779,-0.14460823,-40.992138,-19584.541,-0.14180578,-34.689075
1.5209482,-0.16349781,-0.17124613,-35.182159,15380.901,16195.411,3.3456e-05,-0.25252524,4.831162,-46.582779,-0.14492013,-41.052696,-19527.391,-0.14288156,-34.802227
1.527378,-0.16325071,-0.17098592,-35.051243,15445.35,16263.016,3.3472e-05,-0.25252524,4.8169465,-46.582779,-0.14523111,-41.112484,-19470.117,-0.14266334,-34.915722
1.5337983,-0.16300258,-0.17072463,-34.919567,15509.7,16330.519,3.3488e-05,-0.25252524,4.802701,-46.582779,-0.14554118,-41.171501,-19412.721,-0.14360332,-35.029568
1.5402091,-0.16275342,-0.17046227,-34.78714,15573.953,16397.918,3.3504e-05,-0.25252524,4.788425,-46.582779,-0.14585032,-41.22974,-19355.201,-0.14312266,-35.143761
1.5466101,-0.16250324,-0.17019883,-34.653976,15638.106,16465.213,3.352e-05,-0.25252524,4.7741184,-46.582779,-0.14615853,-41.287201,-19297.562,-0.14503159,-35.258301
1.5530015,-0.16225202,-0.1699343,-34.520081,15702.161,16532.406,3.3536e-05,-0.25252524,4.7597823,-46.582779,-0.14646582,-41.34388,-19239.801,-0.1456801,-35.373192
1.5593832,-0.16199979,-0.16966872,-34.385464,15766.115,16599.492,3.3552e-05,-0.25252524,4.7454157,-46.582779,-0.14677221,-41.399776,-19181.918,-0.14571825,-35.488434
1.5657549,-0.16174653,-0.16940205,-34.250137,15829.971,16666.475,3.3568e-05,-0.25252524,4.731019,-46.582779,-0.14707765,-41.454887,-19123.914,-0.14640187,-35.604023
1.572117,-0.16149226,-0.16913432,-34.114109,15893.725,16733.354,3.3584e-05,-0.25252524,4.7165928,-46.582779,-0.14738217,-41.509209,-19065.789,-0.14773706,-35.719967
1.578469,-0.16123696,-0.16886552,-33.977394,15957.378,16800.125,3.36e-05,-0.25252524,4.7021365,-46.582779,-0.14768575,-41.56274,-19007.545,-0.1470626,-35.836258
1.5848112,-0.16098064,-0.16859564,-33.84,16020.931,16866.789,3.3616e-05,-0.25252524,4.6876507,-46.582779,-0.14798839,-41.615479,-18949.182,-0.14886472,-35.9529
1.5911435,-0.1607233,-0.16832471,-33.701935,16084.382,16933.348,3.3632e-05,-0.25252524,4.6731353,-46.582779,-0.14829011,-41.667423,-18890.699,-0.14833522,-36.069893
1.5974658,-0.16046494,-0.16805272,-33.563213,16147.73,16999.801,3.3648e-05,-0.25252524,4.6585903,-46.582779,-0.14859089,-41.718571,-18832.098,-0.14985657,-36.187237
1.603778,-0.16020559,-0.16777965,-33.423843,16210.977,17066.145,3.3664e-05,-0.25252524,4.6440158,-46.582779,-0.14889073,-41.768921,-18773.377,-0.150618,-36.304932
1.6100801,-0.1599452,-0.16750553,-33.283836,16274.121,17132.383,3.368e-05,-0.25252524,4.6294122,-46.582779,-0.14918964,-41.81847,-18714.537,-0.15079653,-36.422977
1.6163721,-0.15968382,-0.16723037,-33.143204,16337.161,17198.51,3.3696e-05,-0.25252524,4.614779,-46.582779,-0.1494876,-41.867222,-18655.58,-0.1519013,-36.54137
1.6226538,-0.15942143,-0.16695413,-33.001957,16400.098,17264.531,3.3712e-05,-0.25252524,4.6001167,-46.582779,-0.14978462,-41.915173,-18596.508,-0.15279549,-36.660118
1.6289254,-0.15915802,-0.16667685,-32.860104,16462.932,17330.441,3.3728e-05,-0.25252524,4.5854259,-46.582779,-0.15008068,-41.962318,-18537.316,-0.15258797,-36.779213
1.6351868,-0.15889362,-0.1663985,-32.717659,16525.66,17396.242,3.3744e-05,-0.25252524,4.5707054,-46.582779,-0.15037581,-42.008659,-18478.008,-0.15352641,-36.898655
1.6414378,-0.1586282,-0.16611911,-32.574631,16588.283,17461.934,3.376e-05,-0.25252524,4.5559564,-46.582779,-0.15066998,-42.054199,-18418.584,-0.15424055,-37.018448
1.6476785,-0.15836179,-0.16583867,-32.43103,16650.803,17527.516,3.3776e-05,-0.25252524,4.5411787,-46.582779,-0.1509632,-42.098934,-18359.045,-0.15486771,-37.138588
1.6539088,-0.15809438,-0.16555718,-32.286869,16713.215,17592.986,3.3792e-05,-0.25252524,4.526372,-46.582779,-0.15125546,-42.14286,-18299.389,-0.15504318,-37.259075
1.6601287,-0.15782596,-0.16527465,-32.142162,16775.521,17658.346,3.3808e-05,-0.25252524,4.5115371,-46.582779,-0.15154678,-42.185982,-18239.617,-0.15577868,-37.379906
1.6663381,-0.15755655,-0.16499107,-31.996916,16837.723,17723.594,3.3824e-05,-0.25252524,4.4966736,-46.582779,-0.15183713,-42.228298,-18179.732,-0.15670949,-37.501087
1.672537,-0.15728615,-0.16470645,-31.851143,16899.816,17788.729,3.384e-05,-0.25252524,4.4817815,-46.582779,-0.15212652,-42.26981,-18119.732,-0.15715659,-37.622608
1.6787252,-0.15701476,-0.1644208,-31.704857,16961.803,17853.752,3.3856e-05,-0.25252524,4.4668612,-46.582779,-0.15241496,-42.310513,-18059.619,-0.15740837,-37.744476
1.684903,-0.15674236,-0.1641341,-31.558065,17023.682,17918.662,3.3872e-05,-0.25252524,4.4519124,-46.582779,-0.15270242,-42.350414,-17999.391,-0.15849483,-37.866684
1.6910701,-0.15646899,-0.16384636,-31.410782,17085.453,17983.461,3.3888e-05,-0.25252524,4.4369359,-46.582779,-0.15298893,-42.389503,-17939.049,-0.15887783,-37.989235
1.6972264,-0.15619461,-0.16355759,-31.263018,17147.117,18048.145,3.3904e-05,-0.25252524,4.4219313,-46.582779,-0.15327448,-42.427792,-17878.596,-0.15980712,-38.112125
1.7033721,-0.15591925,-0.16326778,-31.114784,17208.672,18112.715,3.392e-05,-0.25252524,4.4068985,-46.582779,-0.15355904,-42.465275,-17818.029,-0.16058992,-38.235352
1.709507,-0.15564291,-0.16297695,-30.966093,17270.117,18177.17,3.3936e-05,-0.25252524,4.3918381,-46.582779,-0.15384264,-42.501953,-17757.35,-0.16139103,-38.358917
1.7156311,-0.1553656,-0.16268508,-30.816957,17331.451,18241.51,3.3952e-05,-0.25252524,4.37675,-46.582779,-0.15412527,-42.53783,-17696.561,-0.16233711,-38.482819
1.7217444,-0.15508729,-0.1623922,-30.667385,17392.678,18305.736,3.3968e-05,-0.25252524,4.3616343,-46.582779,-0.15440693,-42.572906,-17635.658,-0.16236152,-38.607052
1.7278467,-0.154808,-0.16209827,-30.517391,17453.793,18369.846,3.3984e-05,-0.25252524,4.3464909,-46.582779,-0.15468761,-42.607178,-17574.645,-0.16358379,-38.731617
1.7339381,-0.15452774,-0.16180333,-30.366987,17514.799,18433.84,3.4e-05,-0.25252524,4.3313198,-46.582779,-0.15496731,-42.640652,-17513.521,-0.16354106,-38.856514
1.7400186,-0.15424651,-0.16150737,-30.216183,17575.691,18497.717,3.4016e-05,-0.25252524,4.3161216,-46.582779,-0.15524603,-42.673328,-17452.289,-0.16446882,-38.981739
1.746088,-0.1539643,-0.16121039,-30.064991,17636.475,18561.479,3.4032e-05,-0.25252524,4.3008962,-46.582779,-0.15552379,-42.705208,-17390.945,-0.16478164,-39.107288
1.7521464,-0.15368111,-0.16091238,-29.913424,17697.145,18625.121,3.4048e-05,-0.25252524,4.2856436,-46.582779,-0.15580055,-42.736294,-17329.492,-0.16641438,-39.233162
1.7581936,-0.15339695,-0.16061337,-29.761494,17757.703,18688.646,3.4064e-05,-0.25252524,4.2703638,-46.582779,-0.15607633,-42.766586,-17267.93,-0.16682333,-39.35936
1.7642298,-0.15311183,-0.16031334,-29.609209,17818.15,18752.055,3.408e-05,-0.25252524,4.2550573,-46.582779,-0.15635112,-42.796085,-17206.26,-0.16657919,-39.485874
1.7702547,-0.15282574,-0.16001229,-29.456585,17878.482,18815.344,3.4096e-05,-0.25252524,4.2397237,-46.582779,-0.15662493,-42.824799,-17144.48,-0.16782738,-39.612709
1.7762684,-0.15253869,-0.15971023,-29.303633,17938.703,18878.514,3.4112e-05,-0.25252524,4.2243633,-46.582779,-0.15689774,-42.852726,-17082.594,-0.1692877,-39.739857
1.7822709,-0.15225066,-0.15940717,-29.150364,17998.809,18941.564,3.4128e-05,-0.25252524,4.2089763,-46.582779,-0.15716957,-42.879868,-17020.6,-0.16948302,-39.867317
1.788262,-0.15196168,-0.1591031,-28.996788,18058.801,19004.496,3.4144e-05,-0.25252524,4.193563,-46.582779,-0.15744039,-42.906227,-16958.498,-0.17056337,-39.995087
1.7942419,-0.15167174,-0.15879802,-28.84292,18118.678,19067.309,3.416e-05,-0.25252524,4.178123,-46.582779,-0.15771022,-42.931808,-16896.289,-0.17186956,-40.123165
1.8002104,-0.15138084,-0.15849194,-28.688772,18178.441,19129.998,3.4176e-05,-0.25252524,4.1626563,-46.582779,-0.15797907,-42.956615,-16833.975,-0.17136143,-40.251545
1.8061674,-0.15108898,-0.15818486,-28.534353,18238.088,19192.568,3.4192e-05,-0.25252524,4.1471634,-46.582779,-0.1582469,-42.980648,-16771.555,-0.17291787,-40.380226
1.8121129,-0.15079618,-0.15787677,-28.379677,18297.619,19255.018,3.4208e-05,-0.25252524,4.1316447,-46.582779,-0.15851375,-43.00391,-16709.029,-0.17252724,-40.509205
1.8180469,-0.15050241,-0.15756769,-28.224756,18357.035,19317.346,3.4224e-05,-0.25252524,4.1160994,-46.582779,-0.15877959,-43.026405,-16646.396,-0.1731132,-40.638481
1.8239695,-0.1502077,-0.15725763,-28.069599,18416.336,19379.551,3.424e-05,-0.25252524,4.1005287,-46.582779,-0.15904443,-43.048138,-16583.662,-0.17445448,-40.768044
1.8298804,-0.14991203,-0.15694655,-27.914221,18475.518,19441.633,3.4256e-05,-0.25252524,4.0849314,-46.582779,-0.15930827,-43.069107,-16520.82,-0.1751381,-40.8979
1.8357797,-0.14961542,-0.15663449,-27.758633,18534.584,19503.594,3.4272e-05,-0.25252524,4.0693088,-46.582779,-0.1595711,-43.089325,-16457.877,-0.17534715,-41.028038
1.8416674,-0.14931788,-0.15632145,-27.602844,18593.531,19565.43,3.4288e-05,-0.25252524,4.0536604,-46.582779,-0.15983292,-43.108788,-16394.828,-0.17627949,-41.158455
1.8475434,-0.14901938,-0.15600742,-27.446869,18652.361,19627.143,3.4304e-05,-0.25252524,4.0379863,-46.582779,-0.16009372,-43.127502,-16331.678,-0.17770928,-41.289154
1.8534076,-0.14871994,-0.1556924,-27.29072,18711.074,19688.732,3.432e-05,-0.25252524,4.0222869,-46.582779,-0.16035353,-43.145473,-16268.424,-0.17874843,-41.420124
1.8592601,-0.14841956,-0.1553764,-27.134407,18769.668,19750.197,3.4336e-05,-0.25252524,4.0065618,-46.582779,-0.16061231,-43.162701,-16205.068,-0.17882778,-41.551361
1.8651007,-0.14811824,-0.15505941,-26.977942,18828.143,19811.537,3.4352e-05,-0.25252524,3.9908113,-46.582779,-0.16087009,-43.179195,-16141.61,-0.17871182,-41.682869
1.8709295,-0.14781599,-0.15474145,-26.821335,18886.498,19872.752,3.4368e-05,-0.25252524,3.9750359,-46.582779,-0.16112684,-43.194958,-16078.051,-0.18002106,-41.814636
1.8767464,-0.14751281,-0.15442251,-26.6646,18944.732,19933.842,3.4384e-05,-0.25252524,3.9592354,-46.582779,-0.16138259,-43.209991,-16014.39,-0.18084048,-41.946663
1.8825514,-0.14720869,-0.15410259,-26.50775,19002.85,19994.807,3.44e-05,-0.25252524,3.9434097,-46.582779,-0.16163729,-43.224304,-15950.628,-0.18110904,-42.078941
1.8883444,-0.14690363,-0.1537817,-26.350792,19060.844,20055.643,3.4416e-05,-0.25252524,3.9275591,-46.582779,-0.161891,-43.2379,-15886.767,-0.18229622,-42.211468
1.8941255,-0.14659767,-0.15345983,-26.193741,19118.719,20116.354,3.4432e-05,-0.25252524,3.9116838,-46.582779,-0.16214368,-43.250782,-15822.805,-0.18233894,-42.344238
1.8998945,-0.14629076,-0.15313701,-26.036608,19176.471,20176.938,3.4448e-05,-0.25252524,3.8957839,-46.582779,-0.16239533,-43.262955,-15758.743,-0.18419141,-42.477253
1.9056513,-0.14598294,-0.15281321,-25.879402,19234.104,20237.393,3.4464e-05,-0.25252524,3.8798592,-46.582779,-0.16264595,-43.274426,-15694.582,-0.18385571,-42.6105
1.9113961,-0.1456742,-0.15248844,-25.722137,19291.613,20297.721,3.448e-05,-0.25252524,3.86391,-46.582779,-0.16289555,-43.285198,-15630.323,-0.18447371,-42.743977
1.9171288,-0.14536452,-0.15216272,-25.564825,19349,20357.922,3.4496e-05,-0.25252524,3.8479364,-46.582779,-0.16314411,-43.29528,-15565.966,-0.18549456,-42.877682
1.9228493,-0.14505394,-0.15183602,-25.407475,19406.266,20417.992,3.4512e-05,-0.25252524,3.8319385,-46.582779,-0.16339165,-43.304676,-15501.51,-0.18675192,-43.011604
1.9285575,-0.14474244,-0.15150838,-25.250099,19463.406,20477.936,3.4528e-05,-0.25252524,3.8159165,-46.582779,-0.16363816,-43.313393,-15436.957,-0.18662374,-43.145744
1.9342535,-0.14443003,-0.15117978,-25.092709,19520.426,20537.748,3.4544e-05,-0.25252524,3.7998703,-46.582779,-0.16388363,-43.321434,-15372.307,-0.18746452,-43.280094
1.9399371,-0.1441167,-0.15085022,-24.935316,19577.32,20597.432,3.456e-05,-0.25252524,3.7838001,-46.582779,-0.16412807,-43.328804,-15307.56,-0.18817408,-43.41465
1.9456085,-0.14380246,-0.15051971,-24.777929,19634.092,20656.984,3.4576e-05,-0.25252524,3.7677062,-46.582779,-0.16437148,-43.335514,-15242.717,-0.18885922,-43.549404
1.9512675,-0.14348732,-0.15018825,-24.620562,19690.736,20716.408,3.4592e-05,-0.25252524,3.7515881,-46.582779,-0.16461383,-43.341564,-15177.777,-0.19000824,-43.684353
1.9569141,-0.14317127,-0.14985584,-24.463223,19747.26,20775.699,3.4608e-05,-0.25252524,3.7354467,-46.582779,-0.16485515,-43.346966,-15112.743,-0.19025391,-43.819492
1.9625483,-0.1428543,-0.14952248,-24.305925,19803.654,20834.861,3.4624e-05,-0.25252524,3.7192814,-46.582779,-0.16509543,-43.351723,-15047.613,-0.19170965,-43.954811
1.9681699,-0.14253645,-0.14918818,-24.148678,19859.926,20893.891,3.464e-05,-0.25252524,3.7030928,-46.582779,-0.16533467,-43.355843,-14982.39,-0.19198737,-44.090309
1.9737791,-0.14221768,-0.14885293,-23.991493,19916.072,20952.787,3.4656e-05,-0.25252524,3.6868808,-46.582779,-0.16557287,-43.359333,-14917.071,-0.19244362,-44.225979
1.9793757,-0.14189802,-0.14851674,-23.834381,19972.09,21011.553,3.4672e-05,-0.25252524,3.6706455,-46.582779,-0.16581002,-43.362194,-14851.658,-0.19315928,-44.361813
1.9849597,-0.14157747,-0.14817962,-23.677353,20027.982,21070.184,3.4688e-05,-0.25252524,3.654387,-46.582779,-0.16604611,-43.364441,-14786.152,-0.19432661,-44.497807
1.9905311,-0.14125602,-0.14784156,-23.520418,20083.748,21128.684,3.4704e-05,-0.25252524,3.6381054,-46.582779,-0.16628116,-43.366077,-14720.554,-0.19466078,-44.633949
1.9960899,-0.14093368,-0.14750257,-23.363588,20139.387,21187.049,3.472e-05,-0.25252524,3.6218007,-46.582779,-0.16651517,-43.367107,-14654.862,-0.19608447,-44.770241
2.001636,-0.14061046,-0.14716265,-23.206873,20194.896,21245.279,3.4736e-05,-0.25252524,3.6054733,-46.582779,-0.16674812,-43.367542,-14589.079,-0.19638355,-44.906673
2.0071692,-0.14028633,-0.1468218,-23.050283,20250.279,21303.377,3.4752e-05,-0.25252524,3.589123,-46.582779,-0.16698001,-43.36739,-14523.204,-0.19754936,-45.04324
2.0126901,-0.13996133,-0.14648001,-22.893827,20305.535,21361.34,3.4768e-05,-0.25252524,3.5727501,-46.582779,-0.16721086,-43.366653,-14457.237,-0.19789575,-45.179932
2.0181978,-0.13963543,-0.1461373,-22.737518,20360.66,21419.168,3.4784e-05,-0.25252524,3.5563545,-46.582779,-0.16744064,-43.365341,-14391.18,-0.19889675,-45.316746
2.0236928,-0.13930866,-0.14579368,-22.581366,20415.656,21476.861,3.48e-05,-0.25252524,3.5399368,-46.582779,-0.16766937,-43.363461,-14325.032,-0.19920346,-45.453671
2.029175,-0.13898101,-0.14544912,-22.425377,20470.523,21534.418,3.4816e-05,-0.25252524,3.5234964,-46.582779,-0.16789705,-43.361023,-14258.794,-0.20008087,-45.590706
2.0346441,-0.13865249,-0.14510365,-22.269566,20525.262,21591.84,3.4832e-05,-0.25252524,3.5070338,-46.582779,-0.16812365,-43.358032,-14192.466,-0.20090945,-45.727837
2.0401006,-0.13832308,-0.14475727,-22.113937,20579.869,21649.123,3.4848e-05,-0.25252524,3.4905491,-46.582779,-0.16834919,-43.3545,-14126.049,-0.20209509,-45.865059
2.0455439,-0.1379928,-0.14440997,-21.958506,20634.346,21706.271,3.4864e-05,-0.25252524,3.4740424,-46.582779,-0.16857368,-43.35043,-14059.543,-0.20242012,-46.002369
2.0509744,-0.13766165,-0.14406176,-21.803278,20688.693,21763.283,3.488e-05,-0.25252524,3.4575136,-46.582779,-0.16879711,-43.345829,-13992.948,-0.2034135,-46.139755
2.0563917,-0.13732962,-0.14371262,-21.648266,20742.908,21820.156,3.4896e-05,-0.25252524,3.440963,-46.582779,-0.16901945,-43.34071,-13926.267,-0.20424207,-46.277214
2.0617959,-0.13699675,-0.1433626,-21.493477,20796.992,21876.891,3.4912e-05,-0.25252524,3.4243908,-46.582779,-0.16924074,-43.335079,-13859.496,-0.20415814,-46.414734
2.0671873,-0.13666299,-0.14301166,-21.338921,20850.945,21933.488,3.4928e-05,-0.25252524,3.4077969,-46.582779,-0.16946095,-43.328941,-13792.64,-0.20532548,-46.552307
2.0725653,-0.13632837,-0.14265983,-21.184607,20904.766,21989.947,3.4944e-05,-0.25252524,3.3911815,-46.582779,-0.1696801,-43.322311,-13725.696,-0.20638752,-46.68993
2.0779302,-0.1359929,-0.14230709,-21.030544,20958.453,22046.268,3.496e-05,-0.25252524,3.3745446,-46.582779,-0.16989817,-43.315193,-13658.666,-0.20704825,-46.827591
2.083282,-0.13565655,-0.14195345,-20.876743,21012.008,22102.447,3.4976e-05,-0.25252524,3.3578866,-46.582779,-0.17011517,-43.307594,-13591.55,-0.20728782,-46.965282
2.0886207,-0.13531937,-0.14159891,-20.723211,21065.43,22158.488,3.4992e-05,-0.25252524,3.341207,-46.582779,-0.17033109,-43.299526,-13524.349,-0.20782952,-47.103001
2.0939457,-0.13498132,-0.14124349,-20.569958,21118.717,22214.391,3.5008e-05,-0.25252524,3.3245065,-46.582779,-0.17054595,-43.290997,-13457.062,-0.20845363,-47.240734
2.0992579,-0.13464242,-0.14088716,-20.41699,21171.873,22270.15,3.5024e-05,-0.25252524,3.307785,-46.582779,-0.17075972,-43.282013,-13389.691,-0.20977508,-47.378471
2.1045566,-0.13430266,-0.14052995,-20.264318,21224.893,22325.771,3.504e-05,-0.25252524,3.2910428,-46.582779,-0.17097241,-43.272587,-13322.236,-0.2101703,-47.516212
2.1098418,-0.13396206,-0.14017184,-20.111952,21277.779,22381.25,3.5056e-05,-0.25252524,3.2742796,-46.582779,-0.17118403,-43.262722,-13254.697,-0.21062045,-47.653938
2.1151137,-0.13362062,-0.13981286,-19.959898,21330.529,22436.588,3.5072e-05,-0.25252524,3.2574956,-46.582779,-0.17139456,-43.252434,-13187.075,-0.21187781,-47.791653
2.1203723,-0.13327833,-0.13945299,-19.808165,21383.146,22491.783,3.5088e-05,-0.25252524,3.2406914,-46.582779,-0.17160401,-43.241722,-13119.37,-0.21270333,-47.929337
2.1256175,-0.1329352,-0.13909224,-19.656761,21435.627,22546.838,3.5104e-05,-0.25252524,3.2238665,-46.582779,-0.17181237,-43.230606,-13051.582,-0.21322367,-48.066986
2.1308491,-0.13259123,-0.13873062,-19.505695,21487.971,22601.748,3.512e-05,-0.25252524,3.2070212,-46.582779,-0.17201966,-43.21909,-12983.712,-0.21378826,-48.20459
2.1360672,-0.13224642,-0.13836811,-19.354973,21540.18,22656.518,3.5136e-05,-0.25252524,3.1901557,-46.582779,-0.17222585,-43.20718,-12915.761,-0.21439101,-48.342144
2.1412718,-0.13190077,-0.13800474,-19.204605,21592.252,22711.143,3.5152e-05,-0.25252524,3.17327,-46.582779,-0.17243096,-43.194893,-12847.729,-0.21545304,-48.479633
2.1464629,-0.13155431,-0.13764048,-19.054598,21644.188,22765.625,3.5168e-05,-0.25252524,3.1563642,-46.582779,-0.17263497,-43.182228,-12779.615,-0.21587878,-48.617054
2.1516404,-0.13120699,-0.13727537,-18.904959,21695.986,22819.963,3.5184e-05,-0.25252524,3.1394386,-46.582779,-0.1728379,-43.169205,-12711.422,-0.21640369,-48.754395
2.1568041,-0.13085885,-0.13690938,-18.755695,21747.646,22874.158,3.52e-05,-0.25252524,3.1224933,-46.582779,-0.17303973,-43.155823,-12643.148,-0.21743065,-48.891647
2.1619542,-0.1305099,-0.13654253,-18.606813,21799.17,22928.207,3.5216e-05,-0.25252524,3.1055281,-46.582779,-0.17324048,-43.142097,-12574.795,-0.21837519,-49.028801
2.1670907,-0.13016011,-0.13617481,-18.458324,21850.555,22982.111,3.5232e-05,-0.25252524,3.0885432,-46.582779,-0.17344013,-43.12804,-12506.363,-0.21920834,-49.165844
2.1722136,-0.1298095,-0.13580623,-18.310232,21901.801,23035.871,3.5248e-05,-0.25252524,3.0715389,-46.582779,-0.17363867,-43.113651,-12437.853,-0.21953185,-49.302773
2.1773224,-0.12945807,-0.1354368,-18.162546,21952.908,23089.486,3.5264e-05,-0.25252524,3.0545151,-46.582779,-0.17383613,-43.098949,-12369.264,-0.22059542,-49.439575
2.1824176,-0.12910582,-0.13506652,-18.01527,22003.879,23142.955,3.528e-05,-0.25252524,3.037472,-46.582779,-0.17403249,-43.083942,-12300.598,-0.22005218,-49.576241
2.187499,-0.12875275,-0.13469538,-17.868412,22054.707,23196.275,3.5296e-05,-0.25252524,3.0204098,-46.582779,-0.17422774,-43.068634,-12231.854,-0.22204962,-49.712761
2.1925666,-0.12839888,-0.13432339,-17.721979,22105.396,23249.451,3.5312e-05,-0.25252524,3.0033286,-46.582779,-0.17442191,-43.05304,-12163.033,-0.22253029,-49.849125
2.1976202,-0.12804419,-0.13395055,-17.575979,22155.947,23302.48,3.5328e-05,-0.25252524,2.9862285,-46.582779,-0.17461497,-43.037167,-12094.136,-0.22324289,-49.985321
2.2026601,-0.12768869,-0.13357686,-17.430416,22206.355,23355.361,3.5344e-05,-0.25252524,2.9691093,-46.582779,-0.17480691,-43.021023,-12025.163,-0.22400586,-50.121346
2.2076859,-0.12733239,-0.13320233,-17.285295,22256.625,23408.096,3.536e-05,-0.25252524,2.9519713,-46.582779,-0.17499776,-43.004623,-11956.114,-0.22477341,-50.257179
2.2126977,-0.12697528,-0.13282695,-17.140627,22306.752,23460.682,3.5376e-05,-0.25252524,2.9348149,-46.582779,-0.17518751,-42.987972,-11886.991,-0.22523576,-50.392822
2.2176957,-0.12661737,-0.13245074,-16.996414,22356.738,23513.121,3.5392e-05,-0.25252524,2.9176397,-46.582779,-0.17537615,-42.971081,-11817.792,-0.22579882,-50.528259
2.2226796,-0.12625867,-0.1320737,-16.852663,22406.584,23565.41,3.5408e-05,-0.25252524,2.9004464,-46.582779,-0.17556368,-42.95396,-11748.52,-0.22646412,-50.663479
2.2276495,-0.12589917,-0.13169582,-16.709379,22456.287,23617.551,3.5424e-05,-0.25252524,2.8832345,-46.582779,-0.17575009,-42.936619,-11679.173,-0.22770165,-50.79847
2.2326052,-0.12553886,-0.13131711,-16.56657,22505.848,23669.543,3.544e-05,-0.25252524,2.8660045,-46.582779,-0.1759354,-42.919067,-11609.753,-0.22867519,-50.933228
2.2375467,-0.12517776,-0.13093756,-16.424238,22555.266,23721.385,3.5456e-05,-0.25252524,2.8487563,-46.582779,-0.1761196,-42.901314,-11540.261,-0.2299356,-51.067738
2.2424743,-0.12481588,-0.13055719,-16.282391,22604.541,23773.076,3.5472e-05,-0.25252524,2.8314903,-46.582779,-0.17630269,-42.883369,-11470.695,-0.22983795,-51.201988
2.2473876,-0.1244532,-0.13017601,-16.141033,22653.672,23824.617,3.5488e-05,-0.25252524,2.8142064,-46.582779,-0.17648466,-42.865242,-11401.058,-0.2312067,-51.335972
2.2522867,-0.12408975,-0.12979399,-16.00017,22702.66,23876.01,3.5504e-05,-0.25252524,2.7969046,-46.582779,-0.17666551,-42.846947,-11331.349,-0.23156682,-51.469677
2.2571716,-0.1237255,-0.12941115,-15.859806,22751.506,23927.25,3.552e-05,-0.25252524,2.7795851,-46.582779,-0.17684525,-42.828484,-11261.568,-0.23137914,-51.603092
2.2620423,-0.12336048,-0.1290275,-15.719946,22800.207,23978.34,3.5536e-05,-0.25252524,2.762248,-46.582779,-0.17702389,-42.809872,-11191.718,-0.233108,-51.736206
2.2668986,-0.12299467,-0.12864304,-15.580595,22848.762,24029.277,3.5552e-05,-0.25252524,2.7448936,-46.582779,-0.17720139,-42.791119,-11121.797,-0.23319651,-51.869011
2.2717409,-0.12262809,-0.12825775,-15.441756,22897.174,24080.064,3.5568e-05,-0.25252524,2.7275219,-46.582779,-0.17737778,-42.772228,-11051.806,-0.23418988,-52.001492
2.2765687,-0.12226073,-0.12787166,-15.303436,22945.441,24130.697,3.5584e-05,-0.25252524,2.7101328,-46.582779,-0.17755304,-42.753216,-10981.745,-0.23495437,-52.13364
2.2813818,-0.12189261,-0.12748475,-15.165638,22993.562,24181.18,3.56e-05,-0.25252524,2.6927269,-46.582779,-0.17772719,-42.734093,-10911.615,-0.23606677,-52.265446
2.286181,-0.12152371,-0.12709706,-15.028366,23041.537,24231.51,3.5616e-05,-0.25252524,2.6753037,-46.582779,-0.17790021,-42.714863,-10841.417,-0.23626514,-52.396896
2.2909656,-0.12115404,-0.12670855,-14.891623,23089.367,24281.686,3.5632e-05,-0.25252524,2.6578636,-46.582779,-0.17807211,-42.695538,-10771.151,-0.23692739,-52.527981
2.2957356,-0.12078361,-0.12631924,-14.755415,23137.051,24331.707,3.5648e-05,-0.25252524,2.6404068,-46.582779,-0.17824289,-42.676132,-10700.817,-0.23783685,-52.658688
2.3004911,-0.12041242,-0.12592913,-14.619744,23184.588,24381.576,3.5664e-05,-0.25252524,2.6229331,-46.582779,-0.17841253,-42.656647,-10630.417,-0.23809016,-52.789005
2.3052323,-0.12004046,-0.12553823,-14.484614,23231.977,24431.291,3.568e-05,-0.25252524,2.6054432,-46.582779,-0.17858106,-42.6371,-10559.949,-0.23888516,-52.918922
2.3099589,-0.11966775,-0.12514654,-14.350029,23279.219,24480.852,3.5696e-05,-0.25252524,2.5879366,-46.582779,-0.17874844,-42.617496,-10489.415,-0.23980072,-53.048431
2.3146708,-0.11929429,-0.12475406,-14.215992,23326.314,24530.258,3.5712e-05,-0.25252524,2.5704138,-46.582779,-0.17891471,-42.597843,-10418.815,-0.24048586,-53.177517
2.3193684,-0.11892006,-0.12436078,-14.082506,23373.262,24579.508,3.5728e-05,-0.25252524,2.5528746,-46.582779,-0.17907985,-42.578156,-10348.15,-0.24134037,-53.306168
2.3240511,-0.11854509,-0.12396672,-13.949574,23420.062,24628.604,3.5744e-05,-0.25252524,2.5353193,-46.582779,-0.17924385,-42.558441,-10277.42,-0.24175391,-53.434372
2.3287191,-0.11816937,-0.12357189,-13.817199,23466.713,24677.545,3.576e-05,-0.25252524,2.5177481,-46.582779,-0.17940672,-42.538712,-10206.625,-0.24279153,-53.562122
2.3333726,-0.1177929,-0.12317626,-13.685384,23513.217,24726.328,3.5776e-05,-0.25252524,2.5001609,-46.582779,-0.17956845,-42.51897,-10135.767,-0.24423963,-53.689404
2.3380113,-0.11741568,-0.12277987,-13.554131,23559.57,24774.957,3.5792e-05,-0.25252524,2.482558,-46.582779,-0.17972906,-42.499229,-10064.844,-0.24398023,-53.816204
2.3426354,-0.11703773,-0.12238269,-13.423442,23605.775,24823.428,3.5808e-05,-0.25252524,2.4649394,-46.582779,-0.17988853,-42.4795,-9993.8584,-0.2452269,-53.942513
2.3472445,-0.11665904,-0.12198474,-13.293321,23651.83,24871.742,3.5824e-05,-0.25252524,2.4473052,-46.582779,-0.18004686,-42.459789,-9922.8096,-0.24495223,-54.068317
2.3518391,-0.11627961,-0.12158602,-13.16377,23697.734,24919.9,3.584e-05,-0.25252524,2.4296556,-46.582779,-0.18020406,-42.440105,-9851.6992,-0.24560685,-54.193611
2.3564186,-0.11589944,-0.12118654,-13.034789,23743.49,24967.9,3.5856e-05,-0.25252524,2.4119906,-46.582779,-0.18036011,-42.420464,-9780.5273,-0.24659108,-54.318375
2.3609834,-0.11551855,-0.12078629,-12.906383,23789.094,25015.744,3.5872e-05,-0.25252524,2.3943102,-46.582779,-0.18051504,-42.400867,-9709.293,-0.24748528,-54.442604
2.3655334,-0.11513692,-0.12038527,-12.77855,23834.549,25063.428,3.5888e-05,-0.25252524,2.376615,-46.582779,-0.1806688,-42.381325,-9637.998,-0.24782708,-54.56628
2.3700683,-0.11475457,-0.11998349,-12.651296,23879.852,25110.955,3.5904e-05,-0.25252524,2.3589046,-46.582779,-0.18082145,-42.361851,-9566.6436,-0.2488403,-54.689396
2.3745883,-0.11437149,-0.11958096,-12.524619,23925.004,25158.322,3.592e-05,-0.25252524,2.3411794,-46.582779,-0.18097293,-42.342449,-9495.2275,-0.24953459,-54.811935
2.3790934,-0.11398768,-0.11917768,-12.398522,23970.004,25205.531,3.5936e-05,-0.25252524,2.3234394,-46.582779,-0.18112329,-42.323128,-9423.7529,-0.24977721,-54.933891
2.3835835,-0.11360317,-0.11877363,-12.273007,24014.854,25252.58,3.5952e-05,-0.25252524,2.3056846,-46.582779,-0.18127249,-42.303902,-9352.2188,-0.25060579,-55.055252
2.3880587,-0.11321793,-0.11836884,-12.148073,24059.549,25299.471,3.5968e-05,-0.25252524,2.2879152,-46.582779,-0.18142055,-42.284775,-9280.626,-0.25122532,-55.176003
2.3925185,-0.11283197,-0.1179633,-12.023724,24104.094,25346.201,3.5984e-05,-0.25252524,2.2701316,-46.582779,-0.18156748,-42.265759,-9208.9756,-0.25150609,-55.296131
2.3969636,-0.1124453,-0.11755702,-11.899958,24148.484,25392.77,3.6e-05,-0.25252524,2.2523334,-46.582779,-0.18171324,-42.246857,-9137.2666,-0.25298622,-55.415627
2.4013934,-0.11205793,-0.11714999,-11.776776,24192.723,25439.18,3.6016e-05,-0.25252524,2.2345212,-46.582779,-0.18185785,-42.228085,-9065.501,-0.2530717,-55.534477
2.405808,-0.11166985,-0.11674222,-11.654181,24236.809,25485.43,3.6032e-05,-0.25252524,2.2166946,-46.582779,-0.18200132,-42.209446,-8993.6777,-0.25390941,-55.652672
2.4102075,-0.11128105,-0.11633372,-11.53217,24280.74,25531.518,3.6048e-05,-0.25252524,2.1988542,-46.582779,-0.18214366,-42.190948,-8921.7988,-0.25411388,-55.770195
2.4145918,-0.11089156,-0.11592448,-11.410747,24324.52,25577.443,3.6064e-05,-0.25252524,2.1809998,-46.582779,-0.18228482,-42.172604,-8849.8633,-0.25480208,-55.887039
2.418961,-0.11050137,-0.11551451,-11.289909,24368.143,25623.209,3.608e-05,-0.25252524,2.1631317,-46.582779,-0.18242484,-42.154419,-8777.873,-0.25485548,-56.003193
2.4233148,-0.11011048,-0.11510381,-11.169659,24411.613,25668.812,3.6096e-05,-0.25252524,2.1452501,-46.582779,-0.18256371,-42.136402,-8705.8271,-0.25647908,-56.118641
2.4276533,-0.10971889,-0.11469238,-11.049994,24454.928,25714.254,3.6112e-05,-0.25252524,2.1273546,-46.582779,-0.18270142,-42.118561,-8633.7266,-0.25661489,-56.233372
2.4319766,-0.10932661,-0.11428022,-10.930918,24498.088,25759.533,3.6128e-05,-0.25252524,2.109446,-46.582779,-0.18283799,-42.100903,-8561.5723,-0.25773948,-56.34737
2.4362845,-0.10893364,-0.11386735,-10.812426,24541.094,25804.648,3.6144e-05,-0.25252524,2.0915239,-46.582779,-0.1829734,-42.083439,-8489.3633,-0.25851315,-56.460632
2.440577,-0.10853998,-0.11345376,-10.69452,24583.943,25849.602,3.616e-05,-0.25252524,2.0735886,-46.582779,-0.18310764,-42.06617,-8417.1025,-0.25868863,-56.573143
2.4448543,-0.10814564,-0.11303945,-10.577199,24626.637,25894.391,3.6176e-05,-0.25252524,2.0556402,-46.582779,-0.18324074,-42.04911,-8344.7881,-0.2594943,-56.684887
2.449116,-0.10775061,-0.11262442,-10.460464,24669.176,25939.018,3.6192e-05,-0.25252524,2.0376787,-46.582779,-0.18337268,-42.032265,-8272.4219,-0.25954923,-56.795853
2.4533622,-0.1073549,-0.11220869,-10.344311,24711.557,25983.48,3.6208e-05,-0.25252524,2.0197046,-46.582779,-0.18350345,-42.015644,-8200.0029,-0.26039001,-56.906033
2.457593,-0.10695852,-0.11179224,-10.228742,24753.783,26027.777,3.6224e-05,-0.25252524,2.0017176,-46.582779,-0.18363307,-41.999252,-8127.5337,-0.26109654,-57.015411
2.4618082,-0.10656145,-0.11137509,-10.113754,24795.852,26071.912,3.624e-05,-0.25252524,1.9837179,-46.582779,-0.18376152,-41.983093,-8055.0127,-0.26157719,-57.123978
2.4660079,-0.10616372,-0.11095724,-9.9993467,24837.764,26115.881,3.6256e-05,-0.25252524,1.9657058,-46.582779,-0.18388882,-41.967182,-7982.4414,-0.26244393,-57.23172
2.470192,-0.10576531,-0.11053868,-9.88552,24879.518,26159.686,3.6272e-05,-0.25252524,1.9476812,-46.582779,-0.18401496,-41.951519,-7909.8203,-0.2631779,-57.338623
2.4743605,-0.10536624,-0.11011943,-9.7722702,24921.113,26203.324,3.6288e-05,-0.25252524,1.9296443,-46.582779,-0.18413994,-41.936115,-7837.1494,-0.26331371,-57.444683
2.4785132,-0.1049665,-0.10969948,-9.6595974,24962.553,26246.797,3.6304e-05,-0.25252524,1.9115952,-46.582779,-0.18426375,-41.920979,-7764.4297,-0.26457718,-57.549877
2.4826505,-0.1045661,-0.10927884,-9.5474997,25003.834,26290.105,3.632e-05,-0.25252524,1.8935341,-46.582779,-0.1843864,-41.906113,-7691.6611,-0.26456344,-57.654205
2.4867721,-0.10416504,-0.10885751,-9.4359751,25044.957,26333.246,3.6336e-05,-0.25252524,1.875461,-46.582779,-0.18450788,-41.891521,-7618.8442,-0.26545152,-57.757645
2.4908776,-0.10376332,-0.10843549,-9.3250217,25085.92,26376.223,3.6352e-05,-0.25252524,1.857376,-46.582779,-0.18462819,-41.877216,-7545.98,-0.26568192,-57.860191
2.4949677,-0.10336094,-0.10801279,-9.2146387,25126.727,26419.031,3.6368e-05,-0.25252524,1.8392793,-46.582779,-0.18474735,-41.863205,-7473.0684,-0.26613972,-57.961834
2.4990418,-0.10295791,-0.1075894,-9.1048222,25167.371,26461.672,3.6384e-05,-0.25252524,1.8211709,-46.582779,-0.18486533,-41.849487,-7400.1094,-0.26629078,-58.062553
2.5031002,-0.10255423,-0.10716533,-8.9955721,25207.859,26504.146,3.64e-05,-0.25252524,1.8030511,-46.582779,-0.18498215,-41.836075,-7327.1045,-0.26699424,-58.162342
2.5071428,-0.1021499,-0.10674059,-8.8868837,25248.186,26546.455,3.6416e-05,-0.25252524,1.78492,-46.582779,-0.1850978,-41.822975,-7254.0537,-0.26748252,-58.261189
2.5111694,-0.10174493,-0.10631517,-8.7787571,25288.354,26588.594,3.6432e-05,-0.25252524,1.7667775,-46.582779,-0.18521227,-41.810184,-7180.9575,-0.26869106,-58.359085
2.5151801,-0.10133932,-0.10588908,-8.6711874,25328.359,26630.566,3.6448e-05,-0.25252524,1.7486238,-46.582779,-0.18532558,-41.797718,-7107.8164,-0.26875058,-58.456013
2.5191748,-0.10093307,-0.10546232,-8.5641747,25368.207,26672.369,3.6464e-05,-0.25252524,1.7304592,-46.582779,-0.18543772,-41.78558,-7034.6309,-0.26927397,-58.55196
2.5231535,-0.10052618,-0.1050349,-8.4577141,25407.893,26714.004,3.648e-05,-0.25252524,1.7122836,-46.582779,-0.18554869,-41.773773,-6961.4014,-0.2697058,-58.646923
2.5271163,-0.10011864,-0.10460681,-8.3518038,25447.418,26755.471,3.6496e-05,-0.25252524,1.6940972,-46.582779,-0.18565848,-41.762302,-6888.1279,-0.27099675,-58.740887
2.5310631,-0.099710487,-0.10417806,-8.2464399,25486.781,26796.768,3.6512e-05,-0.25252524,1.6759,-46.582779,-0.1857671,-41.751175,-6814.8115,-0.27074495,-58.833836
2.5349936,-0.099301696,-0.10374866,-8.1416216,25525.984,26837.895,3.6528e-05,-0.25252524,1.6576923,-46.582779,-0.18587455,-41.740395,-6741.4526,-0.27172613,-58.925762
2.5389082,-0.098892279,-0.10331859,-8.037344,25565.025,26878.854,3.6544e-05,-0.25252524,1.6394742,-46.582779,-0.18598083,-41.729969,-6668.0513,-0.2719779,-59.016655
2.5428066,-0.098482236,-0.10288788,-7.9336038,25603.904,26919.643,3.656e-05,-0.25252524,1.6212456,-46.582779,-0.18608592,-41.719898,-6594.6084,-0.2720359,-59.106503
2.5466888,-0.098071575,-0.10245652,-7.8303986,25642.621,26960.26,3.6576e-05,-0.25252524,1.6030068,-46.582779,-0.18618985,-41.710194,-6521.124,-0.27306893,-59.195293
2.5505548,-0.097660296,-0.1020245,-7.7277246,25681.176,27000.709,3.6592e-05,-0.25252524,1.5847579,-46.582779,-0.1862926,-41.700855,-6447.5991,-0.27319255,-59.283016
2.5544047,-0.09724839,-0.10159185,-7.6255784,25719.568,27040.986,3.6608e-05,-0.25252524,1.566499,-46.582779,-0.18639417,-41.691887,-6374.0337,-0.27394634,-59.369659
2.5582383,-0.096835881,-0.10115855,-7.5239568,25757.797,27081.094,3.6624e-05,-0.25252524,1.5482302,-46.582779,-0.18649456,-41.683292,-6300.4287,-0.27488479,-59.455215
2.5620553,-0.096422754,-0.10072462,-7.4228559,25795.863,27121.029,3.664e-05,-0.25252524,1.5299516,-46.582779,-0.18659379,-41.675079,-6226.7837,-0.2744377,-59.539665
2.5658562,-0.096009016,-0.10029005,-7.3222718,25833.766,27160.793,3.6656e-05,-0.25252524,1.5116633,-46.582779,-0.18669182,-41.667252,-6153.1006,-0.27498397,-59.623005
2.5696409,-0.095594674,-0.099854834,-7.2222004,25871.506,27200.387,3.6672e-05,-0.25252524,1.4933655,-46.582779,-0.18678868,-41.659809,-6079.3784,-0.27576983,-59.705223
2.5734091,-0.095179729,-0.099418998,-7.1226387,25909.08,27239.809,3.6688e-05,-0.25252524,1.4750583,-46.582779,-0.18688436,-41.65276,-6005.6182,-0.27659383,-59.786304
2.5771608,-0.094764188,-0.098982535,-7.023582,25946.492,27279.057,3.6704e-05,-0.25252524,1.4567417,-46.582779,-0.18697885,-41.646103,-5931.8208,-0.27564469,-59.866245
2.5808961,-0.094348043,-0.098545447,-6.9250264,25983.738,27318.133,3.672e-05,-0.25252524,1.438416,-46.582779,-0.18707217,-41.639847,-5857.9863,-0.27729422,-59.945026
2.584615,-0.093931302,-0.098107733,-6.8269677,26020.822,27357.037,3.6736e-05,-0.25252524,1.4200811,-46.582779,-0.18716431,-41.633991,-5784.1147,-0.27705008,-60.022644
2.5883172,-0.093513966,-0.0976694,-6.7294021,26057.738,27395.77,3.6752e-05,-0.25252524,1.4017373,-46.582779,-0.18725526,-41.62854,-5710.2075,-0.27760398,-60.099087
2.5920029,-0.09309604,-0.097230449,-6.6323247,26094.492,27434.328,3.6768e-05,-0.25252524,1.3833846,-46.582779,-0.18734503,-41.623493,-5636.2646,-0.27842036,-60.174343
2.5956721,-0.092677526,-0.096790887,-6.5357313,26131.08,27472.713,3.6784e-05,-0.25252524,1.3650233,-46.582779,-0.18743362,-41.618858,-5562.2861,-0.27830592,-60.248398
2.5993247,-0.092258431,-0.096350715,-6.4396176,26167.502,27510.924,3.68e-05,-0.25252524,1.3466532,-46.582779,-0.18752103,-41.614639,-5488.2734,-0.27896053,-60.321251
2.6029606,-0.091838747,-0.095909931,-6.3439794,26203.758,27548.963,3.6816e-05,-0.25252524,1.3282747,-46.582779,-0.18760724,-41.610832,-5414.2261,-0.27982116,-60.392883
2.6065798,-0.09141849,-0.095468543,-6.2488112,26239.848,27586.826,3.6832e-05,-0.25252524,1.3098878,-46.582779,-0.18769227,-41.607441,-5340.145,-0.27957702,-60.463287
2.6101825,-0.090997651,-0.095026545,-6.154109,26275.773,27624.516,3.6848e-05,-0.25252524,1.2914926,-46.582779,-0.18777612,-41.604473,-5266.0308,-0.28065583,-60.532452
2.6137683,-0.090576231,-0.094583958,-6.0598679,26311.531,27662.031,3.6864e-05,-0.25252524,1.2730892,-46.582779,-0.18785878,-41.601925,-5191.8833,-0.28111973,-60.600372
2.6173375,-0.090154253,-0.094140768,-5.9660835,26347.121,27699.371,3.688e-05,-0.25252524,1.2546778,-46.582779,-0.18794025,-41.5998,-5117.7036,-0.28058261,-60.667034
2.6208897,-0.089731693,-0.093696982,-5.8727503,26382.547,27736.535,3.6896e-05,-0.25252524,1.2362585,-46.582779,-0.18802054,-41.598103,-5043.4922,-0.28071079,-60.73243
2.6244252,-0.089308575,-0.093252607,-5.7798634,26417.805,27773.525,3.6912e-05,-0.25252524,1.2178314,-46.582779,-0.18809964,-41.596828,-4969.249,-0.2818003,-60.796547
2.627944,-0.08888489,-0.092807636,-5.687418,26452.895,27810.342,3.6928e-05,-0.25252524,1.1993966,-46.582779,-0.18817756,-41.595982,-4894.9751,-0.28178656,-60.859379
2.6314456,-0.088460639,-0.092362083,-5.5954094,26487.816,27846.98,3.6944e-05,-0.25252524,1.1809542,-46.582779,-0.18825428,-41.595566,-4820.6704,-0.28206426,-60.920914
2.6349306,-0.088035837,-0.09191595,-5.5038323,26522.572,27883.443,3.696e-05,-0.25252524,1.1625043,-46.582779,-0.18832982,-41.595581,-4746.3359,-0.28283945,-60.98114
2.6383984,-0.087610468,-0.091469236,-5.4126811,26557.158,27919.73,3.6976e-05,-0.25252524,1.1440471,-46.582779,-0.18840416,-41.596024,-4671.9717,-0.28309885,-61.040058
2.6418495,-0.087184556,-0.09102194,-5.3219509,26591.578,27955.84,3.6992e-05,-0.25252524,1.1255827,-46.582779,-0.18847731,-41.596901,-4597.5781,-0.28253579,-61.097649
2.6452835,-0.086758092,-0.090574071,-5.231637,26625.828,27991.775,3.7008e-05,-0.25252524,1.1071111,-46.582779,-0.18854928,-41.598209,-4523.1562,-0.28429669,-61.153904
2.6487005,-0.086331077,-0.090125635,-5.1417332,26659.91,28027.531,3.7024e-05,-0.25252524,1.0886326,-46.582779,-0.18862005,-41.599953,-4448.7061,-0.28395948,-61.20882
2.6521006,-0.085903518,-0.089676626,-5.0522346,26693.824,28063.113,3.704e-05,-0.25252524,1.0701473,-46.582779,-0.18868963,-41.602123,-4374.228,-0.28406933,-61.262386
2.6554835,-0.085475415,-0.089227051,-4.9631357,26727.568,28098.516,3.7056e-05,-0.25252524,1.0516551,-46.582779,-0.18875803,-41.604733,-4299.7231,-0.28522599,-61.314594
2.6588492,-0.085046768,-0.088776909,-4.8744307,26761.143,28133.74,3.7072e-05,-0.25252524,1.0331563,-46.582779,-0.18882522,-41.607769,-4225.1914,-0.28449965,-61.365429
2.6621981,-0.084617592,-0.088326208,-4.7861147,26794.549,28168.789,3.7088e-05,-0.25252524,1.0146509,-46.582779,-0.18889123,-41.61124,-4150.6333,-0.284991,-61.41489
2.6655297,-0.08418788,-0.087874949,-4.6981821,26827.785,28203.658,3.7104e-05,-0.25252524,0.99613917,-46.582779,-0.18895604,-41.615143,-4076.0491,-0.28583178,-61.462967
2.668844,-0.083757631,-0.087423138,-4.6106267,26860.852,28238.35,3.712e-05,-0.25252524,0.97762114,-46.582779,-0.18901965,-41.61948,-4001.4397,-0.28565326,-61.509651
2.6721413,-0.083326861,-0.086970769,-4.5234437,26893.746,28272.863,3.7136e-05,-0.25252524,0.95909697,-46.582779,-0.18908209,-41.624245,-3926.8057,-0.286816,-61.554932
2.6754212,-0.082895555,-0.086517856,-4.4366269,26926.473,28307.197,3.7152e-05,-0.25252524,0.94056666,-46.582779,-0.18914331,-41.629436,-3852.147,-0.28580889,-61.598801
2.6786842,-0.082463734,-0.086064391,-4.3501706,26959.027,28341.354,3.7168e-05,-0.25252524,0.92203045,-46.582779,-0.18920335,-41.635059,-3777.4646,-0.28706625,-61.641254
2.6819296,-0.082031384,-0.08561039,-4.2640691,26991.412,28375.33,3.7184e-05,-0.25252524,0.90348846,-46.582779,-0.18926218,-41.641109,-3702.7585,-0.28664204,-61.682285
2.685158,-0.08159852,-0.085155837,-4.1783171,27023.627,28409.129,3.72e-05,-0.25252524,0.88494068,-46.582779,-0.18931983,-41.647583,-3628.0295,-0.28745079,-61.721878
2.688369,-0.081165142,-0.084700756,-4.0929084,27055.668,28442.746,3.7216e-05,-0.25252524,0.86638737,-46.582779,-0.18937628,-41.65448,-3553.2781,-0.28739586,-61.760033
2.6915627,-0.08073125,-0.084245138,-4.0078368,27087.541,28476.186,3.7232e-05,-0.25252524,0.84782857,-46.582779,-0.18943153,-41.6618,-3478.5044,-0.28713951,-61.796741
2.6947389,-0.080296852,-0.083788984,-3.9230974,27119.24,28509.443,3.7248e-05,-0.25252524,0.8292644,-46.582779,-0.18948559,-41.66954,-3403.7092,-0.28710288,-61.831993
2.6978979,-0.079861939,-0.083332308,-3.8386838,27150.768,28542.523,3.7264e-05,-0.25252524,0.81069505,-46.582779,-0.18953845,-41.6777,-3328.8931,-0.28785059,-61.86578
2.7010393,-0.079426527,-0.082875103,-3.75459,27182.125,28575.422,3.728e-05,-0.25252524,0.79212052,-46.582779,-0.18959011,-41.686275,-3254.0562,-0.28735161,-61.898098
2.7041636,-0.078990616,-0.082417369,-3.6708102,27213.309,28608.139,3.7296e-05,-0.25252524,0.77354097,-46.582779,-0.18964058,-41.695263,-3179.199,-0.28852198,-61.928944
2.7072704,-0.078554198,-0.081959121,-3.5873387,27244.32,28640.676,3.7312e-05,-0.25252524,0.7549566,-46.582779,-0.18968984,-41.704659,-3104.3223,-0.28838924,-61.958302
2.7103596,-0.078117289,-0.081500351,-3.5041692,27275.16,28673.031,3.7328e-05,-0.25252524,0.7363674,-46.582779,-0.18973792,-41.714466,-3029.4265,-0.28857541,-61.986172
2.7134316,-0.077679887,-0.081041068,-3.4212959,27305.826,28705.207,3.7344e-05,-0.25252524,0.71777362,-46.582779,-0.18978478,-41.724674,-2954.5117,-0.28873563,-62.012543
2.716486,-0.077241994,-0.08058127,-3.3387127,27336.32,28737.201,3.736e-05,-0.25252524,0.69917524,-46.582779,-0.18983045,-41.735287,-2879.5789,-0.28882107,-62.037411
2.7195227,-0.07680361,-0.080120966,-3.2564139,27366.641,28769.014,3.7376e-05,-0.25252524,0.68057245,-46.582779,-0.18987492,-41.7463,-2804.6282,-0.28878444,-62.060772
2.7225423,-0.076364741,-0.079660155,-3.1743932,27396.789,28800.645,3.7392e-05,-0.25252524,0.66196543,-46.582779,-0.18991819,-41.757706,-2729.6599,-0.2892285,-62.082619
2.725544,-0.075925395,-0.079198845,-3.0926447,27426.762,28832.092,3.7408e-05,-0.25252524,0.64335418,-46.582779,-0.18996027,-41.769501,-2654.675,-0.28900725,-62.102943
2.7285283,-0.075485565,-0.078737028,-3.0111623,27456.562,28863.359,3.7424e-05,-0.25252524,0.62473881,-46.582779,-0.19000115,-41.781685,-2579.6738,-0.28930479,-62.121738
2.7314951,-0.075045258,-0.078274719,-2.92994,27486.189,28894.443,3.744e-05,-0.25252524,0.60611957,-46.582779,-0.19004081,-41.794254,-2504.6567,-0.28950775,-62.139004
2.7344444,-0.074604474,-0.077811912,-2.8489718,27515.643,28925.346,3.7456e-05,-0.25252524,0.58749646,-46.582779,-0.19007929,-41.807205,-2429.624,-0.28954589,-62.154732
2.737376,-0.074163228,-0.07734862,-2.7682517,27544.92,28956.064,3.7472e-05,-0.25252524,0.56886965,-46.582779,-0.19011655,-41.820526,-2354.5764,-0.28960082,-62.168915
2.7402899,-0.073721506,-0.076884829,-2.6877737,27574.025,28986.6,3.7488e-05,-0.25252524,0.55023926,-46.582779,-0.19015263,-41.834221,-2279.5144,-0.289729,-62.181549
2.7431865,-0.073279321,-0.07642056,-2.6075313,27602.953,29016.953,3.7504e-05,-0.25252524,0.53160542,-46.582779,-0.1901875,-41.848282,-2204.4385,-0.29023254,-62.192627
2.7460651,-0.072836675,-0.075955808,-2.5275192,27631.709,29047.123,3.752e-05,-0.25252524,0.51296818,-46.582779,-0.19022118,-41.862705,-2129.3489,-0.28983429,-62.202148
2.7489262,-0.072393566,-0.075490572,-2.4477308,27660.289,29077.109,3.7536e-05,-0.25252524,0.49432772,-46.582779,-0.19025365,-41.877487,-2054.2463,-0.29015017,-62.210106
2.7517698,-0.071949996,-0.075024858,-2.3681602,27688.693,29106.912,3.7552e-05,-0.25252524,0.47568414,-46.582779,-0.19028491,-41.89262,-1979.1311,-0.29038668,-62.216496
2.7545955,-0.071505979,-0.074558675,-2.2888014,27716.922,29136.529,3.7568e-05,-0.25252524,0.45703754,-46.582779,-0.19031496,-41.908096,-1904.0038,-0.29028139,-62.221313
2.7574036,-0.071061507,-0.074092023,-2.2096486,27744.977,29165.965,3.7584e-05,-0.25252524,0.43838805,-46.582779,-0.19034383,-41.923916,-1828.8649,-0.29030731,-62.224556
2.7601941,-0.070616588,-0.073624894,-2.1306953,27772.854,29195.215,3.76e-05,-0.25252524,0.41973579,-46.582779,-0.19037148,-41.940075,-1753.7148,-0.28964508,-62.226212
2.7629669,-0.070171222,-0.07315731,-2.0519359,27800.557,29224.281,3.7616e-05,-0.25252524,0.40108091,-46.582779,-0.19039795,-41.956558,-1678.5541,-0.29020813,-62.226288
2.7657218,-0.069725409,-0.072689258,-1.9733644,27828.084,29253.162,3.7632e-05,-0.25252524,0.38242346,-46.582779,-0.19042319,-41.97337,-1603.3831,-0.28991362,-62.224773
2.7684591,-0.069279157,-0.07222075,-1.8949747,27855.434,29281.859,3.7648e-05,-0.25252524,0.36376363,-46.582779,-0.19044726,-41.990501,-1528.2024,-0.28992125,-62.221664
2.7711785,-0.068832472,-0.071751781,-1.8167608,27882.607,29310.371,3.7664e-05,-0.25252524,0.34510148,-46.582779,-0.1904701,-42.007942,-1453.0125,-0.29090244,-62.216961
2.7738802,-0.068385348,-0.071282364,-1.738717,27909.605,29338.697,3.768e-05,-0.25252524,0.32643715,-46.582779,-0.19049174,-42.025692,-1377.8137,-0.29048127,-62.210659
2.7765644,-0.067937791,-0.070812494,-1.6608371,27936.426,29366.838,3.7696e-05,-0.25252524,0.30777076,-46.582779,-0.19051218,-42.043739,-1302.6067,-0.29047212,-62.202751
2.7792306,-0.06748981,-0.070342176,-1.5831152,27963.068,29394.795,3.7712e-05,-0.25252524,0.28910241,-46.582779,-0.19053142,-42.06208,-1227.3917,-0.29034394,-62.193237
2.7818789,-0.067041397,-0.069871418,-1.5055456,27989.535,29422.564,3.7728e-05,-0.25252524,0.27043226,-46.582779,-0.19054946,-42.080711,-1152.1696,-0.28995177,-62.182117
2.7845094,-0.066592567,-0.069400214,-1.4281225,28015.826,29450.148,3.7744e-05,-0.25252524,0.25176039,-46.582779,-0.19056629,-42.099621,-1076.9404,-0.29031342,-62.169388
2.7871222,-0.066143312,-0.06892857,-1.3508399,28041.938,29477.547,3.776e-05,-0.25252524,0.23308693,-46.582779,-0.19058192,-42.118801,-1001.7049,-0.29024628,-62.155041
2.789717,-0.065693639,-0.068456493,-1.2736919,28067.873,29504.758,3.7776e-05,-0.25252524,0.214412,-46.582779,-0.19059634,-42.138248,-926.46338,-0.28974885,-62.139076
2.792294,-0.06524355,-0.067983985,-1.196673,28093.629,29531.783,3.7792e-05,-0.25252524,0.19573572,-46.582779,-0.19060956,-42.157955,-851.21649,-0.2897473,-62.121498
2.7948532,-0.06479305,-0.067511052,-1.1197772,28119.209,29558.623,3.7808e-05,-0.25252524,0.17705819,-46.582779,-0.19062157,-42.177914,-775.9646,-0.28962067,-62.102295
2.7973945,-0.064342141,-0.067037687,-1.042999,28144.609,29585.275,3.7824e-05,-0.25252524,0.15837955,-46.582779,-0.19063239,-42.198116,-700.70819,-0.28953826,-62.08147
2.7999177,-0.06389083,-0.066563897,-0.96633255,28169.834,29611.74,3.784e-05,-0.25252524,0.13969992,-46.582779,-0.190642,-42.218555,-625.44775,-0.289877,-62.059021
2.802423,-0.063439108,-0.06608969,-0.88977218,28194.877,29638.02,3.7856e-05,-0.25252524,0.1210194,-46.582779,-0.1906504,-42.239223,-550.18378,-0.28960693,-62.03495
2.8049104,-0.062986992,-0.065615065,-0.81331241,28219.744,29664.111,3.7872e-05,-0.25252524,0.10233811,-46.582779,-0.1906576,-42.260113,-474.91672,-0.28938109,-62.009247
2.80738,-0.062534474,-0.065140024,-0.73694748,28244.432,29690.014,3.7888e-05,-0.25252524,0.083656177,-46.582779,-0.19066359,-42.281212,-399.64703,-0.29009828,-61.981918
2.8098314,-0.062081564,-0.064664572,-0.66067195,28268.939,29715.73,3.7904e-05,-0.25252524,0.064973719,-46.582779,-0.19066839,-42.302521,-324.37524,-0.2892819,-61.952957
2.8122649,-0.06162826,-0.064188711,-0.58448029,28293.27,29741.26,3.792e-05,-0.25252524,0.046290848,-46.582779,-0.19067197,-42.32402,-249.10179,-0.28912777,-61.922367
2.8146803,-0.061174568,-0.063712448,-0.508367,28317.42,29766.6,3.7936e-05,-0.25252524,0.027607687,-46.582779,-0.19067435,-42.345715,-173.82716,-0.288699,-61.890148
2.8170776,-0.060720485,-0.063235775,-0.43232664,28341.393,29791.752,3.7952e-05,-0.25252524,0.0089243492,-46.582779,-0.19067553,-42.367584,-98.551834,-0.28874171,-61.856297
2.8194568,-0.060266022,-0.062758714,-0.35635385,28365.184,29816.717,3.7968e-05,-0.25252524,-0.0097590443,-46.582779,-0.1906755,-42.389626,-23.276279,-0.28856471,-61.820808
2.8218179,-0.059811179,-0.062281247,-0.28044322,28388.797,29841.494,3.7984e-05,-0.25252524,-0.028442375,-46.582779,-0.19067428,-42.411831,51.999031,-0.28839535,-61.783695
2.8241608,-0.059355956,-0.061803389,-0.20458949,28412.229,29866.082,3.8e-05,-0.25252524,-0.047125526,-46.582779,-0.19067183,-42.434189,127.27361,-0.28778955,-61.744946
2.8264856,-0.05890036,-0.06132514,-0.12878737,28435.482,29890.48,3.8016e-05,-0.25252524,-0.065808378,-46.582779,-0.1906682,-42.456692,202.547,-0.28877681,-61.704563
2.8287923,-0.058444392,-0.060846508,-0.053031642,28458.555,29914.691,3.8032e-05,-0.25252524,-0.084490821,-46.582779,-0.19066335,-42.479332,277.8187,-0.28813288,-61.662552
2.8310807,-0.057988055,-0.060367487,0.022682853,28481.447,29938.713,3.8048e-05,-0.25252524,-0.10317273,-46.582779,-0.1906573,-42.502098,353.08826,-0.28759882,-61.618908
2.8333507,-0.057531349,-0.059888087,0.098361246,28504.16,29962.545,3.8064e-05,-0.25252524,-0.12185398,-46.582779,-0.19065005,-42.524979,428.35519,-0.28736839,-61.573631
2.8356023,-0.057074282,-0.059408307,0.17400861,28526.691,29986.188,3.808e-05,-0.25252524,-0.14053446,-46.582779,-0.1906416,-42.54797,503.61902,-0.28675649,-61.526726
2.8378358,-0.056616854,-0.058928154,0.24962997,28549.043,30009.641,3.8096e-05,-0.25252524,-0.15921405,-46.582779,-0.19063193,-42.57106,578.87927,-0.28703573,-61.478191
2.8400507,-0.056159068,-0.058447625,0.3252303,28571.213,30032.904,3.8112e-05,-0.25252524,-0.17789264,-46.582779,-0.19062106,-42.594238,654.1355,-0.28705406,-61.428032
2.8422472,-0.055700928,-0.057966731,0.40081453,28593.203,30055.979,3.8128e-05,-0.25252524,-0.19657011,-46.582779,-0.19060899,-42.617496,729.38715,-0.28686178,-61.376244
2.8444254,-0.055242434,-0.057485469,0.47638753,28615.012,30078.863,3.8144e-05,-0.25252524,-0.21524633,-46.582779,-0.19059572,-42.640823,804.63385,-0.28621173,-61.32283
2.846585,-0.054783594,-0.057003845,0.55195409,28636.641,30101.557,3.816e-05,-0.25252524,-0.2339212,-46.582779,-0.19058125,-42.664207,879.875,-0.28609425,-61.267796
2.848726,-0.054324407,-0.056521859,0.62751895,28658.086,30124.062,3.8176e-05,-0.25252524,-0.25259459,-46.582779,-0.19056556,-42.687645,955.11029,-0.285815,-61.21114
2.8508484,-0.053864878,-0.056039516,0.70308691,28679.352,30146.375,3.8192e-05,-0.25252524,-0.27126637,-46.582779,-0.19054867,-42.711121,1030.3391,-0.2858333,-61.152863
2.8529522,-0.053405005,-0.055556823,0.7786625,28700.436,30168.5,3.8208e-05,-0.25252524,-0.28993645,-46.582779,-0.19053058,-42.734627,1105.561,-0.28461561,-61.092968
2.8550372,-0.052944798,-0.055073775,0.85425037,28721.336,30190.432,3.8224e-05,-0.25252524,-0.30860469,-46.582779,-0.1905113,-42.758152,1180.7755,-0.28466445,-61.03146
2.8571033,-0.052484255,-0.054590382,0.92985505,28742.057,30212.174,3.824e-05,-0.25252524,-0.32727098,-46.582779,-0.1904908,-42.781689,1255.9822,-0.28475142,-60.968342
2.8591509,-0.052023381,-0.054106642,1.005481,28762.594,30233.727,3.8256e-05,-0.25252524,-0.34593523,-46.582779,-0.1904691,-42.805222,1331.1805,-0.28480482,-60.90361
2.8611794,-0.051562179,-0.053622559,1.0811327,28782.949,30255.086,3.8272e-05,-0.25252524,-0.36459726,-46.582779,-0.1904462,-42.828747,1406.3701,-0.28354746,-60.837276
2.8631887,-0.051100649,-0.053138141,1.1568143,28803.123,30276.256,3.8288e-05,-0.25252524,-0.383257,-46.582779,-0.1904221,-42.852245,1481.5503,-0.28280434,-60.769337
2.8651793,-0.050638799,-0.052653383,1.2325302,28823.115,30297.234,3.8304e-05,-0.25252524,-0.40191433,-46.582779,-0.19039679,-42.875713,1556.7208,-0.28333384,-60.699795
2.8671508,-0.050176628,-0.052168295,1.3082848,28842.924,30318.021,3.832e-05,-0.25252524,-0.42056909,-46.582779,-0.19037028,-42.899136,1631.8811,-0.28195593,-60.628658
2.8691032,-0.049714141,-0.051682878,1.384082,28862.551,30338.617,3.8336e-05,-0.25252524,-0.43922123,-46.582779,-0.19034256,-42.922508,1707.0306,-0.28276315,-60.555927
2.8710363,-0.04925134,-0.051197134,1.459926,28881.994,30359.02,3.8352e-05,-0.25252524,-0.45787057,-46.582779,-0.19031365,-42.945812,1782.1691,-0.28200018,-60.481609
2.8729501,-0.048788227,-0.050711066,1.5358208,28901.254,30379.232,3.8368e-05,-0.25252524,-0.47651702,-46.582779,-0.19028354,-42.969044,1857.2958,-0.2815882,-60.405704
2.8748446,-0.048324805,-0.050224677,1.6117705,28920.332,30399.252,3.8384e-05,-0.25252524,-0.49516049,-46.582779,-0.19025221,-42.992188,1932.4104,-0.28123417,-60.328217
2.8767195,-0.047861077,-0.049737971,1.6877788,28939.227,30419.08,3.84e-05,-0.25252524,-0.5138008,-46.582779,-0.19021969,-43.015232,2007.5125,-0.28049713,-60.249153
2.8785748,-0.047397051,-0.049250953,1.7638497,28957.938,30438.715,3.8416e-05,-0.25252524,-0.53243786,-46.582779,-0.19018596,-43.03817,2082.6013,-0.28049561,-60.168514
2.8804107,-0.04693272,-0.048763622,1.8399868,28976.467,30458.16,3.8432e-05,-0.25252524,-0.55107158,-46.582779,-0.19015105,-43.060989,2157.6768,-0.2793588,-60.086308
2.8822269,-0.046468098,-0.048275981,1.916194,28994.811,30477.41,3.8448e-05,-0.25252524,-0.56970179,-46.582779,-0.19011492,-43.083679,2232.738,-0.27956939,-60.002541
2.8840234,-0.046003178,-0.047788039,1.9924748,29012.973,30496.469,3.8464e-05,-0.25252524,-0.58832842,-46.582779,-0.19007759,-43.106224,2307.7849,-0.27945495,-59.91721
2.8857999,-0.045537971,-0.047299795,2.0688329,29030.951,30515.336,3.848e-05,-0.25252524,-0.60695136,-46.582779,-0.19003907,-43.128616,2382.8169,-0.27864924,-59.83033
2.8875566,-0.045072474,-0.046811249,2.1452715,29048.744,30534.008,3.8496e-05,-0.25252524,-0.62557042,-46.582779,-0.18999934,-43.150845,2457.8333,-0.27754447,-59.741898
2.8892932,-0.044606693,-0.046322409,2.2217944,29066.354,30552.488,3.8512e-05,-0.25252524,-0.64418554,-46.582779,-0.18995841,-43.172897,2532.8337,-0.27761468,-59.651924
2.8910098,-0.044140629,-0.045833278,2.2984045,29083.779,30570.775,3.8528e-05,-0.25252524,-0.66279662,-46.582779,-0.18991628,-43.194763,2607.8179,-0.27661061,-59.560413
2.8927062,-0.04367429,-0.045343857,2.3751056,29101.021,30588.871,3.8544e-05,-0.25252524,-0.68140352,-46.582779,-0.18987297,-43.216431,2682.7852,-0.27635425,-59.467373
2.894382,-0.043207671,-0.044854145,2.4519005,29118.08,30606.771,3.856e-05,-0.25252524,-0.70000607,-46.582779,-0.18982844,-43.237888,2757.7351,-0.27641988,-59.372803
2.8960378,-0.042740781,-0.044364154,2.5287926,29134.953,30624.479,3.8576e-05,-0.25252524,-0.71860421,-46.582779,-0.18978271,-43.259125,2832.6672,-0.27522966,-59.276714
2.8976729,-0.042273622,-0.043873884,2.6057847,29151.643,30641.994,3.8592e-05,-0.25252524,-0.73719782,-46.582779,-0.18973579,-43.280132,2907.5811,-0.27588427,-59.179111
2.8992875,-0.041806191,-0.043383334,2.6828802,29168.146,30659.314,3.8608e-05,-0.25252524,-0.75578678,-46.582779,-0.18968767,-43.300892,2982.4761,-0.27481002,-59.080002
2.9008815,-0.0413385,-0.042892512,2.7600815,29184.465,30676.441,3.8624e-05,-0.25252524,-0.77437097,-46.582779,-0.18963835,-43.321396,3057.3518,-0.27438277,-58.979393
2.9024546,-0.040870547,-0.042401418,2.8373919,29200.602,30693.375,3.864e-05,-0.25252524,-0.79295021,-46.582779,-0.18958783,-43.341633,3132.208,-0.27288887,-58.877289
2.904007,-0.040402338,-0.041910056,2.914814,29216.551,30710.115,3.8656e-05,-0.25252524,-0.81152451,-46.582779,-0.18953611,-43.361591,3207.0439,-0.27290261,-58.773697
2.9055383,-0.039933871,-0.041418429,2.9923506,29232.316,30726.66,3.8672e-05,-0.25252524,-0.83009368,-46.582779,-0.1894832,-43.381264,3281.8591,-0.27199316,-58.668625
2.9070487,-0.039465155,-0.040926542,3.0700042,29247.896,30743.012,3.8688e-05,-0.25252524,-0.84865755,-46.582779,-0.18942909,-43.400631,3356.6533,-0.27194434,-58.562077
2.9085379,-0.038996186,-0.040434394,3.1477773,29263.291,30759.168,3.8704e-05,-0.25252524,-0.86721611,-46.582779,-0.18937379,-43.419685,3431.4258,-0.27164525,-58.454067
2.9100058,-0.038526975,-0.039941993,3.2256727,29278.502,30775.131,3.872e-05,-0.25252524,-0.88576919,-46.582779,-0.18931729,-43.438412,3506.1763,-0.27040467,-58.344597
2.9114523,-0.038057517,-0.039449338,3.3036923,29293.525,30790.9,3.8736e-05,-0.25252524,-0.90431666,-46.582779,-0.18925959,-43.456806,3580.9043,-0.26977295,-58.233677
2.9128776,-0.037587818,-0.038956434,3.381839,29308.365,30806.475,3.8752e-05,-0.25252524,-0.92285842,-46.582779,-0.18920068,-43.47485,3655.6091,-0.26989961,-58.121311
2.9142814,-0.037117884,-0.038463283,3.4601147,29323.018,30821.854,3.8768e-05,-0.25252524,-0.94139439,-46.582779,-0.1891406,-43.492535,3730.2908,-0.26931822,-58.007511
2.9156635,-0.036647715,-0.037969891,3.5385218,29337.486,30837.039,3.8784e-05,-0.25252524,-0.95992434,-46.582779,-0.18907931,-43.50985,3804.9482,-0.26809594,-57.892288
2.9170239,-0.036177315,-0.03747626,3.6170623,29351.768,30852.027,3.88e-05,-0.25252524,-0.97844827,-46.582779,-0.18901683,-43.526779,3879.5813,-0.2670812,-57.775642
2.9183626,-0.035706684,-0.036982391,3.6957381,29365.865,30866.824,3.8816e-05,-0.25252524,-0.996966,-46.582779,-0.18895316,-43.543316,3954.1892,-0.26682332,-57.657585
2.9196794,-0.03523583,-0.036488287,3.7745514,29379.775,30881.424,3.8832e-05,-0.25252524,-1.0154774,-46.582779,-0.1888883,-43.559448,4028.7722,-0.26563463,-57.538128
2.9209743,-0.034764752,-0.035993956,3.8535039,29393.5,30895.828,3.8848e-05,-0.25252524,-1.0339825,-46.582779,-0.18882224,-43.575161,4103.3291,-0.26570025,-57.417274
2.9222472,-0.034293454,-0.035499394,3.9325974,29407.037,30910.039,3.8864e-05,-0.25252524,-1.0524809,-46.582779,-0.18875499,-43.590443,4177.8599,-0.26497695,-57.295036
2.9234979,-0.03382194,-0.035004608,4.0118341,29420.391,30924.053,3.888e-05,-0.25252524,-1.0709728,-46.582779,-0.18868655,-43.605289,4252.3633,-0.26500902,-57.171425
2.9247267,-0.033350214,-0.034509603,4.0912151,29433.557,30937.873,3.8896e-05,-0.25252524,-1.0894579,-46.582779,-0.18861692,-43.619678,4326.8398,-0.26302531,-57.046444
2.9259331,-0.032878276,-0.034014378,4.170742,29446.535,30951.496,3.8912e-05,-0.25252524,-1.1079361,-46.582779,-0.18854609,-43.63361,4401.2891,-0.26219672,-56.920105
2.9271173,-0.032406129,-0.03351894,4.2504168,29459.33,30964.926,3.8928e-05,-0.25252524,-1.1264073,-46.582779,-0.18847407,-43.64706,4475.7095,-0.26261789,-56.792419
2.9282792,-0.031933781,-0.03302329,4.3302407,29471.936,30978.158,3.8944e-05,-0.25252524,-1.1448714,-46.582779,-0.18840086,-43.66003,4550.1016,-0.26204717,-56.663395
2.9294188,-0.031461228,-0.032527432,4.4102149,29484.357,30991.195,3.896e-05,-0.25252524,-1.1633283,-46.582779,-0.18832646,-43.672501,4624.4644,-0.25998718,-56.533039
2.9305358,-0.030988477,-0.032031365,4.4903407,29496.59,31004.037,3.8976e-05,-0.25252524,-1.1817778,-46.582779,-0.18825088,-43.68446,4698.7974,-0.2603946,-56.401363
2.9316306,-0.030515529,-0.0315351,4.5706201,29508.637,31016.682,3.8992e-05,-0.25252524,-1.2002199,-46.582779,-0.1881741,-43.6959,4773.1006,-0.25894344,-56.268375
2.9327028,-0.030042391,-0.031038633,4.651053,29520.498,31029.131,3.9008e-05,-0.25252524,-1.2186543,-46.582779,-0.18809614,-43.70681,4847.3735,-0.25839564,-56.13409
2.9337523,-0.029569061,-0.030541971,4.7316413,29532.17,31041.385,3.9024e-05,-0.25252524,-1.2370811,-46.582779,-0.18801698,-43.717175,4921.6147,-0.25793025,-55.998516
2.9347794,-0.029095545,-0.030045116,4.8123856,29543.656,31053.443,3.904e-05,-0.25252524,-1.2555,-46.582779,-0.18793663,-43.72699,4995.8252,-0.25737023,-55.86166
2.9357839,-0.028621847,-0.029548071,4.8932872,29554.957,31065.305,3.9056e-05,-0.25252524,-1.273911,-46.582779,-0.18785511,-43.736237,5070.0034,-0.25589311,-55.723537
2.9367659,-0.028147966,-0.02905084,4.9743466,29566.068,31076.969,3.9072e-05,-0.25252524,-1.2923141,-46.582779,-0.18777239,-43.744911,5144.1489,-0.25466782,-55.584152
2.9377253,-0.027673908,-0.028553424,5.0555649,29576.994,31088.438,3.9088e-05,-0.25252524,-1.3107088,-46.582779,-0.1876885,-43.752995,5218.2617,-0.25452283,-55.44352
2.9386623,-0.027199674,-0.028055828,5.1369429,29587.732,31099.711,3.9104e-05,-0.25252524,-1.3290954,-46.582779,-0.18760341,-43.760483,5292.3413,-0.25417647,-55.301647
2.9395766,-0.02672527,-0.027558057,5.2184811,29598.283,31110.787,3.912e-05,-0.25252524,-1.3474735,-46.582779,-0.18751714,-43.767361,5366.3872,-0.25243384,-55.15855
2.9404683,-0.026250696,-0.02706011,5.3001795,29608.646,31121.666,3.9136e-05,-0.25252524,-1.3658431,-46.582779,-0.18742968,-43.773621,5440.3984,-0.25224462,-55.014236
2.9413378,-0.025775956,-0.026561992,5.3820395,29618.822,31132.35,3.9152e-05,-0.25252524,-1.3842041,-46.582779,-0.18734105,-43.779247,5514.375,-0.25188452,-54.868717
2.9421847,-0.025301054,-0.026063707,5.4640608,29628.811,31142.836,3.9168e-05,-0.25252524,-1.4025563,-46.582779,-0.18725123,-43.784237,5588.3164,-0.25115359,-54.722004
2.9430091,-0.024825992,-0.025565257,5.5462446,29638.611,31153.125,3.9184e-05,-0.25252524,-1.4208997,-46.582779,-0.18716021,-43.78857,5662.2222,-0.24960326,-54.574108
2.9438114,-0.024350774,-0.025066646,5.6285901,29648.225,31163.219,3.92e-05,-0.25252524,-1.4392341,-46.582779,-0.18706803,-43.792248,5736.0918,-0.24907681,-54.425041
2.9445913,-0.0238754,-0.024567876,5.7110987,29657.65,31173.113,3.9216e-05,-0.25252524,-1.4575595,-46.582779,-0.18697466,-43.795246,5809.9248,-0.24829096,-54.274815
2.9453492,-0.023399876,-0.02406895,5.7937698,29666.889,31182.812,3.9232e-05,-0.25252524,-1.4758756,-46.582779,-0.18688011,-43.797565,5883.7202,-0.24748069,-54.123436
2.946085,-0.022924205,-0.023569873,5.8766036,29675.938,31192.314,3.9248e-05,-0.25252524,-1.4941825,-46.582779,-0.18678437,-43.799191,5957.4785,-0.24683523,-53.970924
2.9467988,-0.022448389,-0.023070646,5.9596004,29684.801,31201.621,3.9264e-05,-0.25252524,-1.5124798,-46.582779,-0.18668747,-43.800114,6031.1987,-0.24582201,-53.817287
2.9474907,-0.021972433,-0.022571275,6.0427599,29693.475,31210.729,3.928e-05,-0.25252524,-1.5307676,-46.582779,-0.18658938,-43.80032,6104.8809,-0.24470046,-53.662537
2.9481609,-0.021496335,-0.022071762,6.1260819,29701.961,31219.639,3.9296e-05,-0.25252524,-1.5490457,-46.582779,-0.1864901,-43.799805,6178.5234,-0.24412976,-53.506683
2.9488096,-0.021020103,-0.021572107,6.2095666,29710.26,31228.354,3.9312e-05,-0.25252524,-1.567314,-46.582779,-0.18638965,-43.798553,6252.127,-0.24286935,-53.349739
2.9494369,-0.020543737,-0.021072319,6.2932134,29718.369,31236.869,3.9328e-05,-0.25252524,-1.5855725,-46.582779,-0.18628803,-43.796558,6325.6904,-0.24227424,-53.191723
2.9500427,-0.020067243,-0.020572394,6.3770218,29726.291,31245.188,3.9344e-05,-0.25252524,-1.6038209,-46.582779,-0.18618524,-43.793812,6399.2134,-0.24169134,-53.032639
2.9506276,-0.01959062,-0.020072343,6.4609923,29734.025,31253.311,3.936e-05,-0.25252524,-1.6220592,-46.582779,-0.18608126,-43.790302,6472.6958,-0.2405179,-52.872501
2.9511917,-0.019113876,-0.019572163,6.5451236,29741.57,31261.234,3.9376e-05,-0.25252524,-1.6402873,-46.582779,-0.1859761,-43.786018,6546.1367,-0.23904233,-52.711327
2.9517348,-0.018637009,-0.019071858,6.629416,29748.93,31268.961,3.9392e-05,-0.25252524,-1.6585051,-46.582779,-0.18586978,-43.780952,6619.5361,-0.23813593,-52.549122
2.9522576,-0.018160025,-0.018571435,6.7138681,29756.098,31276.49,3.9408e-05,-0.25252524,-1.6767123,-46.582779,-0.18576227,-43.775097,6692.8931,-0.23787346,-52.385902
2.9527602,-0.017682927,-0.018070893,6.79848,29763.078,31283.822,3.9424e-05,-0.25252524,-1.6949089,-46.582779,-0.1856536,-43.76844,6766.2075,-0.23645435,-52.22168
2.9532425,-0.017205715,-0.017570239,6.8832502,29769.871,31290.957,3.944e-05,-0.25252524,-1.7130948,-46.582779,-0.18554376,-43.760971,6839.4785,-0.23538469,-52.056469
2.9537053,-0.016728397,-0.017069472,6.9681787,29776.475,31297.893,3.9456e-05,-0.25252524,-1.73127,-46.582779,-0.18543273,-43.752682,6912.7061,-0.23447065,-51.890278
2.9541485,-0.016250972,-0.016568597,7.0532646,29782.891,31304.631,3.9472e-05,-0.25252524,-1.7494341,-46.582779,-0.18532054,-43.743568,6985.8896,-0.23314311,-51.723125
2.9545724,-0.015773445,-0.016067619,7.1385069,29789.117,31311.172,3.9488e-05,-0.25252524,-1.7675872,-46.582779,-0.18520719,-43.733616,7059.0288,-0.23319346,-51.555023
2.9549773,-0.015295818,-0.015566539,7.2239046,29795.156,31317.516,3.9504e-05,-0.25252524,-1.7857292,-46.582779,-0.18509266,-43.722816,7132.123,-0.23243202,-51.385983
2.9553635,-0.014818094,-0.015065361,7.3094573,29801.006,31323.662,3.952e-05,-0.25252524,-1.8038598,-46.582779,-0.18497695,-43.711163,7205.1719,-0.23059176,-51.216015
2.9557314,-0.014340277,-0.014564087,7.3951631,29806.668,31329.609,3.9536e-05,-0.25252524,-1.8219792,-46.582779,-0.18486008,-43.698647,7278.1743,-0.22931455,-51.045135
2.9560812,-0.013862369,-0.014062721,7.4810214,29812.141,31335.359,3.9552e-05,-0.25252524,-1.8400869,-46.582779,-0.18474205,-43.685261,7351.1309,-0.22906278,-50.873356
2.9564133,-0.013384374,-0.013561266,7.5670309,29817.424,31340.91,3.9568e-05,-0.25252524,-1.858183,-46.582779,-0.18462285,-43.670994,7424.0405,-0.22740868,-50.700695
2.956728,-0.012906293,-0.013059726,7.6531906,29822.52,31346.266,3.9584e-05,-0.25252524,-1.8762674,-46.582779,-0.18450248,-43.655838,7496.9028,-0.22671437,-50.527157
2.9570255,-0.012428132,-0.012558104,7.7394991,29827.426,31351.42,3.96e-05,-0.25252524,-1.89434,-46.582779,-0.18438095,-43.63979,7569.7173,-0.2266686,-50.352764
2.9573066,-0.011949892,-0.012056401,7.8259554,29832.143,31356.379,3.9616e-05,-0.25252524,-1.9124006,-46.582779,-0.18425825,-43.622833,7642.4834,-0.22545396,-50.177525
2.9575713,-0.011471577,-0.011554623,7.9125576,29836.672,31361.139,3.9632e-05,-0.25252524,-1.9304491,-46.582779,-0.18413438,-43.604969,7715.2012,-0.22444075,-50.001453
2.9578199,-0.010993189,-0.011052772,7.9993048,29841.012,31365.699,3.9648e-05,-0.25252524,-1.9484854,-46.582779,-0.18400936,-43.586185,7787.8696,-0.22343516,-49.824562
2.9580534,-0.010514732,-0.010550851,8.0861959,29845.162,31370.062,3.9664e-05,-0.25252524,-1.9665095,-46.582779,-0.18388316,-43.566471,7860.4883,-0.22216254,-49.64687
2.9582715,-0.010036208,-0.010048863,8.1732283,29849.125,31374.229,3.968e-05,-0.25252524,-1.984521,-46.582779,-0.18375582,-43.54583,7933.0571,-0.22078158,-49.468384
2.9584749,-0.0095576206,-0.0095468126,8.2604008,29852.898,31378.195,3.9696e-05,-0.25252524,-2.0025201,-46.582779,-0.18362731,-43.524242,8005.5757,-0.22021088,-49.289124
2.9586639,-0.009078973,-0.0090447012,8.3477125,29856.482,31381.965,3.9712e-05,-0.25252524,-2.0205064,-46.582779,-0.18349764,-43.501709,8078.043,-0.21907407,-49.109097
2.9588392,-0.0086002685,-0.0085425321,8.4351616,29859.877,31385.535,3.9728e-05,-0.25252524,-2.03848,-46.582779,-0.18336681,-43.478218,8150.459,-0.2177984,-48.928322
2.9590008,-0.0081215091,-0.0080403099,8.5227461,29863.084,31388.908,3.9744e-05,-0.25252524,-2.0564408,-46.582779,-0.18323483,-43.453766,8222.8232,-0.21681875,-48.746811
2.9591496,-0.0076426989,-0.0075380364,8.6104641,29866.102,31392.082,3.976e-05,-0.25252524,-2.0743887,-46.582779,-0.18310167,-43.428349,8295.1348,-0.21606494,-48.564575
2.9592857,-0.0071638399,-0.0070357155,8.6983147,29868.93,31395.059,3.9776e-05,-0.25252524,-2.0923233,-46.582779,-0.18296738,-43.401951,8367.3936,-0.21533097,-48.381634
2.9594097,-0.0066849361,-0.0065333499,8.7862949,29871.568,31397.836,3.9792e-05,-0.25252524,-2.1102448,-46.582779,-0.18283191,-43.374577,8439.5996,-0.21346934,-48.197998
2.959522,-0.0062059895,-0.0060309432,8.874403,29874.018,31400.416,3.9808e-05,-0.25252524,-2.1281528,-46.582779,-0.1826953,-43.34621,8511.751,-0.213126,-48.01368
2.9596233,-0.0057270043,-0.0055284989,8.9626379,29876.279,31402.797,3.9824e-05,-0.25252524,-2.1460476,-46.582779,-0.18255754,-43.316853,8583.8496,-0.2119419,-47.828697
2.9597137,-0.0052479827,-0.0050260192,9.0509977,29878.352,31404.979,3.984e-05,-0.25252524,-2.1639287,-46.582779,-0.18241861,-43.286495,8655.8926,-0.21040224,-47.643063
2.9597936,-0.004768928,-0.0045235078,9.1394796,29880.234,31406.963,3.9856e-05,-0.25252524,-2.1817963,-46.582779,-0.18227854,-43.255131,8727.8809,-0.20958892,-47.456787
2.9598639,-0.0042898431,-0.0040209675,9.2280827,29881.928,31408.75,3.9872e-05,-0.25252524,-2.1996498,-46.582779,-0.18213733,-43.222759,8799.8135,-0.20896786,-47.26989
2.9599247,-0.0038107312,-0.0035184023,9.3168039,29883.432,31410.336,3.9888e-05,-0.25252524,-2.2174897,-46.582779,-0.18199494,-43.189365,8871.6904,-0.20674612,-47.082378
2.9599764,-0.0033315951,-0.0030158146,9.4056416,29884.746,31411.727,3.9904e-05,-0.25252524,-2.2353156,-46.582779,-0.18185143,-43.154953,8943.5098,-0.20684378,-46.894276
2.9600198,-0.002852438,-0.002513208,9.4945936,29885.873,31412.916,3.992e-05,-0.25252524,-2.2531271,-46.582779,-0.18170676,-43.119514,9015.2734,-0.20571764,-46.705585
2.9600551,-0.0023732628,-0.0020105855,9.5836573,29886.809,31413.908,3.9936e-05,-0.25252524,-2.2709246,-46.582779,-0.18156093,-43.083042,9086.9795,-0.20431075,-46.516331
2.9600828,-0.0018940729,-0.0015079501,9.6728315,29887.557,31414.703,3.9952e-05,-0.25252524,-2.2887075,-46.582779,-0.18141396,-43.045536,9158.6279,-0.20314494,-46.326523
2.9601035,-0.0014148706,-0.0010053054,9.7621136,29888.115,31415.299,3.9968e-05,-0.25252524,-2.3064761,-46.582779,-0.18126586,-43.006985,9230.2178,-0.20195013,-46.136173
2.9601173,-0.0009356598,-0.00050265429,9.8515005,29888.484,31415.695,3.9984e-05,-0.25252524,-2.3242302,-46.582779,-0.1811166,-42.967388,9301.749,-0.20058748,-45.945297
nan,nan,nan,nan,nan,nan,nan,nan,-2.3419697,-46.582779,-0.1809662,-42.926743,9373.2207,nan,-45.75391
nan,nan,nan,nan,nan,nan,nan,nan,-2.3596942,-46.582779,-0.18081465,-42.885044,9444.6338,nan,-45.562027
nan,nan,nan,nan,nan,nan,nan,nan,-2.377404,-46.582779,-0.18066196,-42.842285,9515.9863,nan,-45.369659
nan,nan,nan,nan,nan,nan,nan,nan,-2.3950987,-46.582779,-0.18050814,-42.798462,9587.2783,nan,-45.176823
nan,nan,nan,nan,nan,nan,nan,nan,-2.4127781,-46.582779,-0.18035316,-42.753574,9658.5088,nan,-44.983532
nan,nan,nan,nan,nan,nan,nan,nan,-2.4304423,-46.582779,-0.18019706,-42.707619,9729.6787,nan,-44.789799
nan,nan,nan,nan,nan,nan,nan,nan,-2.4480913,-46.582779,-0.18003982,-42.660587,9800.7861,nan,-44.595638
nan,nan,nan,nan,nan,nan,nan,nan,-2.4657247,-46.582779,-0.17988144,-42.612484,9871.832,nan,-44.401062
nan,nan,nan,nan,nan,nan,nan,nan,-2.4833426,-46.582779,-0.17972192,-42.563297,9942.8145,nan,-44.206093
nan,nan,nan,nan,nan,nan,nan,nan,-2.5009449,-46.582779,-0.17956126,-42.513031,10013.733,nan,-44.010735
nan,nan,nan,nan,nan,nan,nan,nan,-2.5185313,-46.582779,-0.17939948,-42.461678,10084.59,nan,-43.815006
nan,nan,nan,nan,nan,nan,nan,nan,-2.5361018,-46.582779,-0.17923656,-42.409241,10155.381,nan,-43.618923
nan,nan,nan,nan,nan,nan,nan,nan,-2.5536563,-46.582779,-0.1790725,-42.355713,10226.108,nan,-43.422497
nan,nan,nan,nan,nan,nan,nan,nan,-2.5711946,-46.582779,-0.17890732,-42.301094,10296.771,nan,-43.225742
nan,nan,nan,nan,nan,nan,nan,nan,-2.5887167,-46.582779,-0.17874101,-42.24538,10367.367,nan,-43.028671
nan,nan,nan,nan,nan,nan,nan,nan,-2.6062226,-46.582779,-0.17857356,-42.188572,10437.898,nan,-42.831299
nan,nan,nan,nan,nan,nan,nan,nan,-2.6237118,-46.582779,-0.17840499,-42.130665,10508.363,nan,-42.63364
nan,nan,nan,nan,nan,nan,nan,nan,-2.6411846,-46.582779,-0.17823529,-42.071663,10578.761,nan,-42.435707
nan,nan,nan,nan,nan,nan,nan,nan,-2.6586406,-46.582779,-0.17806447,-42.011559,10649.091,nan,-42.237518
nan,nan,nan,nan,nan,nan,nan,nan,-2.67608,-46.582779,-0.17789252,-41.950356,10719.354,nan,-42.039082
nan,nan,nan,nan,nan,nan,nan,nan,-2.6935022,-46.582779,-0.17771944,-41.888046,10789.549,nan,-41.840412
nan,nan,nan,nan,nan,nan,nan,nan,-2.7109075,-46.582779,-0.17754525,-41.824638,10859.675,nan,-41.641525
nan,nan,nan,nan,nan,nan,nan,nan,-2.7282958,-46.582779,-0.17736992,-41.760128,10929.732,nan,-41.442432
nan,nan,nan,nan,nan,nan,nan,nan,-2.7456667,-46.582779,-0.17719349,-41.694511,10999.72,nan,-41.243149
nan,nan,nan,nan,nan,nan,nan,nan,-2.7630203,-46.582779,-0.17701593,-41.627792,11069.638,nan,-41.04369
nan,nan,nan,nan,nan,nan,nan,nan,-2.7803566,-46.582779,-0.17683727,-41.559971,11139.485,nan,-40.844067
nan,nan,nan,nan,nan,nan,nan,nan,-2.7976751,-46.582779,-0.17665747,-41.491043,11209.263,nan,-40.644291
nan,nan,nan,nan,nan,nan,nan,nan,-2.8149762,-46.582779,-0.17647657,-41.421013,11278.968,nan,-40.444378
nan,nan,nan,nan,nan,nan,nan,nan,-2.8322594,-46.582779,-0.17629454,-41.34988,11348.603,nan,-40.244343
nan,nan,nan,nan,nan,nan,nan,nan,-2.8495245,-46.582779,-0.1761114,-41.277645,11418.164,nan,-40.044197
nan,nan,nan,nan,nan,nan,nan,nan,-2.8667719,-46.582779,-0.17592716,-41.204308,11487.653,nan,-39.843956
nan,nan,nan,nan,nan,nan,nan,nan,-2.884001,-46.582779,-0.17574179,-41.129871,11557.07,nan,-39.643627
nan,nan,nan,nan,nan,nan,nan,nan,-2.901212,-46.582779,-0.17555533,-41.054337,11626.413,nan,-39.44323
nan,nan,nan,nan,nan,nan,nan,nan,-2.9184046,-46.582779,-0.17536774,-40.977699,11695.683,nan,-39.242775
nan,nan,nan,nan,nan,nan,nan,nan,-2.9355788,-46.582779,-0.17517906,-40.899971,11764.877,nan,-39.042274
nan,nan,nan,nan,nan,nan,nan,nan,-2.9527345,-46.582779,-0.17498927,-40.821144,11833.998,nan,-38.841743
nan,nan,nan,nan,nan,nan,nan,nan,-2.9698715,-46.582779,-0.17479837,-40.741226,11903.043,nan,-38.64119
nan,nan,nan,nan,nan,nan,nan,nan,-2.9869897,-46.582779,-0.17460637,-40.660217,11972.013,nan,-38.440632
nan,nan,nan,nan,nan,nan,nan,nan,-3.0040891,-46.582779,-0.17441326,-40.578121,12040.906,nan,-38.240082
nan,nan,nan,nan,nan,nan,nan,nan,-3.0211694,-46.582779,-0.17421906,-40.494934,12109.723,nan,-38.039547
nan,nan,nan,nan,nan,nan,nan,nan,-3.0382307,-46.582779,-0.17402375,-40.410667,12178.463,nan,-37.839046
nan,nan,nan,nan,nan,nan,nan,nan,-3.0552728,-46.582779,-0.17382735,-40.325321,12247.126,nan,-37.638588
nan,nan,nan,nan,nan,nan,nan,nan,-3.0722957,-46.582779,-0.17362984,-40.238892,12315.711,nan,-37.43819
nan,nan,nan,nan,nan,nan,nan,nan,-3.0892992,-46.582779,-0.17343125,-40.15139,12384.218,nan,-37.237858
nan,nan,nan,nan,nan,nan,nan,nan,-3.1062829,-46.582779,-0.17323154,-40.06282,12452.646,nan,-37.037605
nan,nan,nan,nan,nan,nan,nan,nan,-3.1232474,-46.582779,-0.17303075,-39.973179,12520.995,nan,-36.837448
nan,nan,nan,nan,nan,nan,nan,nan,-3.1401918,-46.582779,-0.17282887,-39.882469,12589.266,nan,-36.637394
nan,nan,nan,nan,nan,nan,nan,nan,-3.1571167,-46.582779,-0.1726259,-39.790703,12657.455,nan,-36.437458
nan,nan,nan,nan,nan,nan,nan,nan,-3.1740212,-46.582779,-0.17242183,-39.69788,12725.564,nan,-36.237648
nan,nan,nan,nan,nan,nan,nan,nan,-3.190906,-46.582779,-0.17221667,-39.604,12793.593,nan,-36.037983
nan,nan,nan,nan,nan,nan,nan,nan,-3.2077706,-46.582779,-0.17201044,-39.509075,12861.541,nan,-35.838467
nan,nan,nan,nan,nan,nan,nan,nan,-3.2246149,-46.582779,-0.1718031,-39.413105,12929.406,nan,-35.639118
nan,nan,nan,nan,nan,nan,nan,nan,-3.2414389,-46.582779,-0.17159469,-39.316093,12997.19,nan,-35.439941
nan,nan,nan,nan,nan,nan,nan,nan,-3.2582424,-46.582779,-0.17138518,-39.218048,13064.892,nan,-35.240955
nan,nan,nan,nan,nan,nan,nan,nan,-3.2750251,-46.582779,-0.17117462,-39.118973,13132.51,nan,-35.042164
nan,nan,nan,nan,nan,nan,nan,nan,-3.2917874,-46.582779,-0.17096294,-39.018871,13200.045,nan,-34.843582
nan,nan,nan,nan,nan,nan,nan,nan,-3.3085289,-46.567429,-0.1707502,-38.917751,13267.496,nan,-34.645222
nan,nan,nan,nan,nan,nan,nan,nan,-3.3252492,-46.411331,-0.17053638,-38.815617,13334.863,nan,-34.447094
nan,nan,nan,nan,nan,nan,nan,nan,-3.3419487,-46.313095,-0.17032149,-38.712471,13402.146,nan,-34.249207
nan,nan,nan,nan,nan,nan,nan,nan,-3.3586271,-46.030617,-0.17010552,-38.608322,13469.343,nan,-34.051575
nan,nan,nan,nan,nan,nan,nan,nan,-3.3752844,-45.850212,-0.16988847,-38.503178,13536.455,nan,-33.854206
nan,nan,nan,nan,nan,nan,nan,nan,-3.3919203,-45.623745,-0.16967034,-38.397038,13603.481,nan,-33.657108
nan,nan,nan,nan,nan,nan,nan,nan,-3.4085348,-45.379791,-0.16945115,-38.289917,13670.421,nan,-33.4603
nan,nan,nan,nan,nan,nan,nan,nan,-3.4251275,-45.243881,-0.16923089,-38.181812,13737.273,nan,-33.263786
nan,nan,nan,nan,nan,nan,nan,nan,-3.4416988,-44.966095,-0.16900955,-38.072739,13804.039,nan,-33.067574
nan,nan,nan,nan,nan,nan,nan,nan,-3.4582484,-44.790806,-0.16878715,-37.962696,13870.718,nan,-32.871681
nan,nan,nan,nan,nan,nan,nan,nan,-3.474776,-44.578274,-0.16856369,-37.851696,13937.308,nan,-32.676113
nan,nan,nan,nan,nan,nan,nan,nan,-3.4912817,-44.256271,-0.16833916,-37.739738,14003.81,nan,-32.480881
nan,nan,nan,nan,nan,nan,nan,nan,-3.5077655,-44.133869,-0.16811357,-37.626839,14070.223,nan,-32.285995
nan,nan,nan,nan,nan,nan,nan,nan,-3.5242269,-43.878826,-0.16788691,-37.513,14136.546,nan,-32.091461
nan,nan,nan,nan,nan,nan,nan,nan,-3.5406661,-43.706951,-0.16765919,-37.398232,14202.78,nan,-31.897295
nan,nan,nan,nan,nan,nan,nan,nan,-3.5570831,-43.497402,-0.16743042,-37.282536,14268.924,nan,-31.703501
nan,nan,nan,nan,nan,nan,nan,nan,-3.5734775,-43.340878,-0.1672006,-37.165928,14334.978,nan,-31.510092
nan,nan,nan,nan,nan,nan,nan,nan,-3.5898495,-43.033947,-0.1669697,-37.048405,14400.939,nan,-31.317074
nan,nan,nan,nan,nan,nan,nan,nan,-3.6061985,-42.820274,-0.16673775,-36.929985,14466.811,nan,-31.124458
nan,nan,nan,nan,nan,nan,nan,nan,-3.622525,-42.577602,-0.16650476,-36.810673,14532.59,nan,-30.932253
nan,nan,nan,nan,nan,nan,nan,nan,-3.6388285,-42.419945,-0.16627072,-36.690475,14598.276,nan,-30.740467
nan,nan,nan,nan,nan,nan,nan,nan,-3.6551089,-42.14912,-0.16603561,-36.569397,14663.871,nan,-30.54911
nan,nan,nan,nan,nan,nan,nan,nan,-3.6713665,-41.989044,-0.16579947,-36.447453,14729.372,nan,-30.358191
nan,nan,nan,nan,nan,nan,nan,nan,-3.6876006,-41.854984,-0.16556227,-36.32465,14794.78,nan,-30.167715
nan,nan,nan,nan,nan,nan,nan,nan,-3.7038116,-41.614445,-0.16532403,-36.200993,14860.095,nan,-29.977694
nan,nan,nan,nan,nan,nan,nan,nan,-3.7199993,-41.417122,-0.16508475,-36.076496,14925.314,nan,-29.788134
nan,nan,nan,nan,nan,nan,nan,nan,-3.7361634,-41.244534,-0.16484442,-35.951164,14990.439,nan,-29.599043
nan,nan,nan,nan,nan,nan,nan,nan,-3.7523038,-40.969303,-0.16460305,-35.825005,15055.47,nan,-29.410431
nan,nan,nan,nan,nan,nan,nan,nan,-3.7684205,-40.765015,-0.16436064,-35.698032,15120.404,nan,-29.222303
nan,nan,nan,nan,nan,nan,nan,nan,-3.7845135,-40.557457,-0.16411719,-35.570251,15185.243,nan,-29.034672
nan,nan,nan,nan,nan,nan,nan,nan,-3.8005826,-40.309807,-0.1638727,-35.441673,15249.985,nan,-28.847538
nan,nan,nan,nan,nan,nan,nan,nan,-3.8166277,-40.15897,-0.16362719,-35.312305,15314.631,nan,-28.660915
nan,nan,nan,nan,nan,nan,nan,nan,-3.8326485,-39.938049,-0.16338064,-35.182159,15379.18,nan,-28.474806
nan,nan,nan,nan,nan,nan,nan,nan,-3.8486452,-39.727505,-0.16313305,-35.051243,15443.631,nan,-28.289221
nan,nan,nan,nan,nan,nan,nan,nan,-3.8646178,-39.609081,-0.16288444,-34.919567,15507.983,nan,-28.104166
nan,nan,nan,nan,nan,nan,nan,nan,-3.8805656,-39.337124,-0.16263479,-34.78714,15572.238,nan,-27.919647
nan,nan,nan,nan,nan,nan,nan,nan,-3.8964891,-39.211876,-0.16238412,-34.653976,15636.395,nan,-27.735672
nan,nan,nan,nan,nan,nan,nan,nan,-3.9123881,-39.018677,-0.16213243,-34.520081,15700.451,nan,-27.552248
nan,nan,nan,nan,nan,nan,nan,nan,-3.9282622,-38.752403,-0.1618797,-34.385464,15764.408,nan,-27.369379
nan,nan,nan,nan,nan,nan,nan,nan,-3.9441116,-38.498501,-0.16162597,-34.250137,15828.266,nan,-27.187075
nan,nan,nan,nan,nan,nan,nan,nan,-3.9599361,-38.374107,-0.1613712,-34.114109,15892.022,nan,-27.005339
nan,nan,nan,nan,nan,nan,nan,nan,-3.9757357,-38.097313,-0.16111542,-33.977394,15955.679,nan,-26.824179
nan,nan,nan,nan,nan,nan,nan,nan,-3.9915099,-38.037037,-0.16085862,-33.84,16019.233,nan,-26.6436
nan,nan,nan,nan,nan,nan,nan,nan,-4.0072589,-37.786118,-0.1606008,-33.701935,16082.687,nan,-26.46361
nan,nan,nan,nan,nan,nan,nan,nan,-4.0229826,-37.551689,-0.16034198,-33.563213,16146.038,nan,-26.284212
nan,nan,nan,nan,nan,nan,nan,nan,-4.038681,-37.346546,-0.16008213,-33.423843,16209.287,nan,-26.105412
nan,nan,nan,nan,nan,nan,nan,nan,-4.0543542,-37.193577,-0.15982127,-33.283836,16272.433,nan,-25.927216
nan,nan,nan,nan,nan,nan,nan,nan,-4.0700011,-37.019997,-0.15955941,-33.143204,16335.476,nan,-25.74963
nan,nan,nan,nan,nan,nan,nan,nan,-4.0856228,-36.839874,-0.15929653,-33.001957,16398.416,nan,-25.572659
nan,nan,nan,nan,nan,nan,nan,nan,-4.1012187,-36.573746,-0.15903266,-32.860104,16461.25,nan,-25.396307
nan,nan,nan,nan,nan,nan,nan,nan,-4.1167884,-36.447502,-0.15876777,-32.717659,16523.982,nan,-25.220579
nan,nan,nan,nan,nan,nan,nan,nan,-4.1323323,-36.266956,-0.15850188,-32.574631,16586.607,nan,-25.045481
nan,nan,nan,nan,nan,nan,nan,nan,-4.14785,-36.106594,-0.158235,-32.43103,16649.129,nan,-24.871017
nan,nan,nan,nan,nan,nan,nan,nan,-4.1633415,-35.888233,-0.15796711,-32.286869,16711.545,nan,-24.697191
nan,nan,nan,nan,nan,nan,nan,nan,-4.1788068,-35.706547,-0.15769823,-32.142162,16773.854,nan,-24.524008
nan,nan,nan,nan,nan,nan,nan,nan,-4.1942458,-35.518322,-0.15742834,-31.996916,16836.057,nan,-24.351471
nan,nan,nan,nan,nan,nan,nan,nan,-4.2096581,-35.271809,-0.15715747,-31.851143,16898.154,nan,-24.179586
nan,nan,nan,nan,nan,nan,nan,nan,-4.2250438,-35.113438,-0.15688561,-31.704857,16960.143,nan,-24.008356
nan,nan,nan,nan,nan,nan,nan,nan,-4.2404027,-35.014069,-0.15661274,-31.558065,17022.025,nan,-23.837784
nan,nan,nan,nan,nan,nan,nan,nan,-4.2557354,-34.747368,-0.1563389,-31.410782,17083.799,nan,-23.667875
nan,nan,nan,nan,nan,nan,nan,nan,-4.2710404,-34.601791,-0.15606406,-31.263018,17145.465,nan,-23.498632
nan,nan,nan,nan,nan,nan,nan,nan,-4.2863193,-34.496307,-0.15578824,-31.114784,17207.021,nan,-23.330059
nan,nan,nan,nan,nan,nan,nan,nan,-4.3015704,-34.233021,-0.15551144,-30.966093,17268.469,nan,-23.162157
nan,nan,nan,nan,nan,nan,nan,nan,-4.3167944,-34.110332,-0.15523365,-30.816957,17329.809,nan,-22.994932
nan,nan,nan,nan,nan,nan,nan,nan,-4.3319917,-33.94315,-0.15495488,-30.667385,17391.037,nan,-22.828386
nan,nan,nan,nan,nan,nan,nan,nan,-4.3471608,-33.681992,-0.15467513,-30.517391,17452.154,nan,-22.662523
nan,nan,nan,nan,nan,nan,nan,nan,-4.3623033,-33.532009,-0.1543944,-30.366987,17513.162,nan,-22.497343
nan,nan,nan,nan,nan,nan,nan,nan,-4.3774176,-33.25877,-0.15411271,-30.216183,17574.059,nan,-22.332851
nan,nan,nan,nan,nan,nan,nan,nan,-4.3925047,-33.19949,-0.15383004,-30.064991,17634.844,nan,-22.169048
nan,nan,nan,nan,nan,nan,nan,nan,-4.4075637,-32.991787,-0.15354639,-29.913424,17695.518,nan,-22.005939
nan,nan,nan,nan,nan,nan,nan,nan,-4.422595,-32.817921,-0.15326178,-29.761494,17756.078,nan,-21.843523
nan,nan,nan,nan,nan,nan,nan,nan,-4.4375982,-32.685711,-0.1529762,-29.609209,17816.527,nan,-21.681803
nan,nan,nan,nan,nan,nan,nan,nan,-4.4525738,-32.524498,-0.15268965,-29.456585,17876.863,nan,-21.520782
nan,nan,nan,nan,nan,nan,nan,nan,-4.4675207,-32.313953,-0.15240213,-29.303633,17937.086,nan,-21.36046
nan,nan,nan,nan,nan,nan,nan,nan,-4.48244,-32.08905,-0.15211366,-29.150364,17997.195,nan,-21.200842
nan,nan,nan,nan,nan,nan,nan,nan,-4.4973307,-31.993372,-0.15182422,-28.996788,18057.189,nan,-21.041925
nan,nan,nan,nan,nan,nan,nan,nan,-4.5121927,-31.833723,-0.15153383,-28.84292,18117.07,nan,-20.883717
nan,nan,nan,nan,nan,nan,nan,nan,-4.5270267,-31.612516,-0.15124246,-28.688772,18176.834,nan,-20.726212
nan,nan,nan,nan,nan,nan,nan,nan,-4.541832,-31.448317,-0.15095016,-28.534353,18236.484,nan,-20.569416
nan,nan,nan,nan,nan,nan,nan,nan,-4.5566082,-31.273455,-0.15065689,-28.379677,18296.02,nan,-20.413328
nan,nan,nan,nan,nan,nan,nan,nan,-4.5713558,-31.137974,-0.15036269,-28.224756,18355.438,nan,-20.25795
nan,nan,nan,nan,nan,nan,nan,nan,-4.5860748,-30.984295,-0.15006752,-28.069599,18414.74,nan,-20.103283
nan,nan,nan,nan,nan,nan,nan,nan,-4.6007648,-30.862034,-0.14977141,-27.914221,18473.926,nan,-19.949326
nan,nan,nan,nan,nan,nan,nan,nan,-4.6154256,-30.631018,-0.14947435,-27.758633,18532.994,nan,-19.796082
nan,nan,nan,nan,nan,nan,nan,nan,-4.6300573,-30.446632,-0.14917636,-27.602844,18591.945,nan,-19.643549
nan,nan,nan,nan,nan,nan,nan,nan,-4.6446595,-30.290535,-0.14887741,-27.446869,18650.779,nan,-19.49173
nan,nan,nan,nan,nan,nan,nan,nan,-4.6592326,-30.197418,-0.14857753,-27.29072,18709.494,nan,-19.340624
nan,nan,nan,nan,nan,nan,nan,nan,-4.6737761,-29.988153,-0.1482767,-27.134407,18768.09,nan,-19.190231
nan,nan,nan,nan,nan,nan,nan,nan,-4.6882901,-29.892193,-0.14797495,-26.977942,18826.568,nan,-19.04055
nan,nan,nan,nan,nan,nan,nan,nan,-4.702775,-29.713636,-0.14767225,-26.821335,18884.926,nan,-18.891584
nan,nan,nan,nan,nan,nan,nan,nan,-4.7172294,-29.575878,-0.14736862,-26.6646,18943.164,nan,-18.74333
nan,nan,nan,nan,nan,nan,nan,nan,-4.7316546,-29.357658,-0.14706407,-26.50775,19001.283,nan,-18.595787
nan,nan,nan,nan,nan,nan,nan,nan,-4.7460499,-29.197155,-0.14675859,-26.350792,19059.281,nan,-18.448957
nan,nan,nan,nan,nan,nan,nan,nan,-4.7604146,-29.039921,-0.14645217,-26.193741,19117.158,nan,-18.302839
nan,nan,nan,nan,nan,nan,nan,nan,-4.7747498,-28.842741,-0.14614484,-26.036608,19174.914,nan,-18.157433
nan,nan,nan,nan,nan,nan,nan,nan,-4.7890549,-28.692474,-0.14583658,-25.879402,19232.549,nan,-18.012735
nan,nan,nan,nan,nan,nan,nan,nan,-4.8033295,-28.524862,-0.14552739,-25.722137,19290.061,nan,-17.868748
nan,nan,nan,nan,nan,nan,nan,nan,-4.8175735,-28.39123,-0.14521728,-25.564825,19347.451,nan,-17.725468
nan,nan,nan,nan,nan,nan,nan,nan,-4.8317876,-28.226887,-0.14490627,-25.407475,19404.719,nan,-17.582895
nan,nan,nan,nan,nan,nan,nan,nan,-4.8459711,-28.146423,-0.14459434,-25.250099,19461.865,nan,-17.441027
nan,nan,nan,nan,nan,nan,nan,nan,-4.8601236,-27.938864,-0.14428149,-25.092709,19518.887,nan,-17.299866
nan,nan,nan,nan,nan,nan,nan,nan,-4.8742456,-27.809069,-0.14396773,-24.935316,19575.783,nan,-17.159405
nan,nan,nan,nan,nan,nan,nan,nan,-4.8883371,-27.660223,-0.14365306,-24.777929,19632.557,nan,-17.019648
nan,nan,nan,nan,nan,nan,nan,nan,-4.9023972,-27.551752,-0.14333749,-24.620562,19689.207,nan,-16.88059
nan,nan,nan,nan,nan,nan,nan,nan,-4.9164267,-27.313627,-0.143021,-24.463223,19745.732,nan,-16.742231
nan,nan,nan,nan,nan,nan,nan,nan,-4.9304252,-27.133223,-0.14270362,-24.305925,19802.131,nan,-16.604568
nan,nan,nan,nan,nan,nan,nan,nan,-4.9443922,-27.121422,-0.14238533,-24.148678,19858.404,nan,-16.4676
nan,nan,nan,nan,nan,nan,nan,nan,-4.9583282,-26.921967,-0.14206615,-23.991493,19914.553,nan,-16.331326
nan,nan,nan,nan,nan,nan,nan,nan,-4.9722328,-26.763739,-0.14174606,-23.834381,19970.576,nan,-16.19574
nan,nan,nan,nan,nan,nan,nan,nan,-4.9861064,-26.561867,-0.14142509,-23.677353,20026.471,nan,-16.060843
nan,nan,nan,nan,nan,nan,nan,nan,-4.999948,-26.515947,-0.14110322,-23.520418,20082.24,nan,-15.926633
nan,nan,nan,nan,nan,nan,nan,nan,-5.0137582,-26.258347,-0.14078045,-23.363588,20137.881,nan,-15.793105
nan,nan,nan,nan,nan,nan,nan,nan,-5.0275369,-26.167078,-0.1404568,-23.206873,20193.395,nan,-15.66026
nan,nan,nan,nan,nan,nan,nan,nan,-5.0412836,-26.043253,-0.14013226,-23.050283,20248.779,nan,-15.528092
nan,nan,nan,nan,nan,nan,nan,nan,-5.0549984,-25.920992,-0.13980684,-22.893827,20304.037,nan,-15.396602
nan,nan,nan,nan,nan,nan,nan,nan,-5.0686812,-25.712864,-0.13948053,-22.737518,20359.166,nan,-15.265783
nan,nan,nan,nan,nan,nan,nan,nan,-5.0823321,-25.589041,-0.13915335,-22.581366,20414.166,nan,-15.135636
nan,nan,nan,nan,nan,nan,nan,nan,-5.0959511,-25.376505,-0.13882528,-22.425377,20469.037,nan,-15.006156
nan,nan,nan,nan,nan,nan,nan,nan,-5.1095376,-25.234484,-0.13849634,-22.269566,20523.777,nan,-14.877341
nan,nan,nan,nan,nan,nan,nan,nan,-5.1230922,-25.105684,-0.13816652,-22.113937,20578.389,nan,-14.749187
nan,nan,nan,nan,nan,nan,nan,nan,-5.1366143,-25.027493,-0.13783582,-21.958506,20632.869,nan,-14.621693
nan,nan,nan,nan,nan,nan,nan,nan,-5.150104,-24.867416,-0.13750426,-21.803278,20687.219,nan,-14.494852
nan,nan,nan,nan,nan,nan,nan,nan,-5.1635609,-24.669952,-0.13717183,-21.648266,20741.438,nan,-14.368664
nan,nan,nan,nan,nan,nan,nan,nan,-5.1769853,-24.593752,-0.13683853,-21.493477,20795.523,nan,-14.243124
nan,nan,nan,nan,nan,nan,nan,nan,-5.1903772,-24.507742,-0.13650437,-21.338921,20849.48,nan,-14.11823
nan,nan,nan,nan,nan,nan,nan,nan,-5.2037358,-24.316107,-0.13616934,-21.184607,20903.303,nan,-13.993978
nan,nan,nan,nan,nan,nan,nan,nan,-5.217062,-24.190149,-0.13583346,-21.030544,20956.994,nan,-13.870362
nan,nan,nan,nan,nan,nan,nan,nan,-5.2303553,-24.031494,-0.13549672,-20.876743,21010.553,nan,-13.747382
nan,nan,nan,nan,nan,nan,nan,nan,-5.2436152,-23.917763,-0.13515912,-20.723211,21063.977,nan,-13.625031
nan,nan,nan,nan,nan,nan,nan,nan,-5.2568421,-23.806734,-0.13482067,-20.569958,21117.27,nan,-13.503309
nan,nan,nan,nan,nan,nan,nan,nan,-5.2700362,-23.582115,-0.13448137,-20.41699,21170.426,nan,-13.382209
nan,nan,nan,nan,nan,nan,nan,nan,-5.2831964,-23.561501,-0.13414122,-20.264318,21223.451,nan,-13.261728
nan,nan,nan,nan,nan,nan,nan,nan,-5.2963238,-23.398439,-0.13380022,-20.111952,21276.34,nan,-13.141863
nan,nan,nan,nan,nan,nan,nan,nan,-5.3094172,-23.207514,-0.13345838,-19.959898,21329.094,nan,-13.022608
nan,nan,nan,nan,nan,nan,nan,nan,-5.3224773,-23.117098,-0.13311568,-19.808165,21381.713,nan,-12.90396
nan,nan,nan,nan,nan,nan,nan,nan,-5.3355041,-22.965693,-0.13277215,-19.656761,21434.197,nan,-12.785915
nan,nan,nan,nan,nan,nan,nan,nan,-5.3484969,-22.745909,-0.13242778,-19.505695,21486.545,nan,-12.668469
nan,nan,nan,nan,nan,nan,nan,nan,-5.3614559,-22.747614,-0.13208258,-19.354973,21538.758,nan,-12.551618
nan,nan,nan,nan,nan,nan,nan,nan,-5.3743811,-22.550575,-0.13173655,-19.204605,21590.832,nan,-12.435356
nan,nan,nan,nan,nan,nan,nan,nan,-5.3872719,-22.454187,-0.13138968,-19.054598,21642.771,nan,-12.31968
nan,nan,nan,nan,nan,nan,nan,nan,-5.4001293,-22.302784,-0.13104197,-18.904959,21694.572,nan,-12.204586
nan,nan,nan,nan,nan,nan,nan,nan,-5.4129524,-22.236961,-0.13069345,-18.755695,21746.236,nan,-12.090069
nan,nan,nan,nan,nan,nan,nan,nan,-5.4257412,-22.05542,-0.13034409,-18.606813,21797.764,nan,-11.976123
nan,nan,nan,nan,nan,nan,nan,nan,-5.4384956,-21.940693,-0.12999392,-18.458324,21849.152,nan,-11.862745
nan,nan,nan,nan,nan,nan,nan,nan,-5.4512162,-21.78417,-0.12964292,-18.310232,21900.402,nan,-11.74993
nan,nan,nan,nan,nan,nan,nan,nan,-5.463902,-21.680248,-0.1292911,-18.162546,21951.514,nan,-11.637675
nan,nan,nan,nan,nan,nan,nan,nan,-5.476553,-21.521595,-0.12893847,-18.01527,22002.486,nan,-11.525972
nan,nan,nan,nan,nan,nan,nan,nan,-5.4891696,-21.477665,-0.12858503,-17.868412,22053.318,nan,-11.41482
nan,nan,nan,nan,nan,nan,nan,nan,-5.5017519,-21.323845,-0.12823077,-17.721979,22104.012,nan,-11.304211
nan,nan,nan,nan,nan,nan,nan,nan,-5.5142989,-21.048046,-0.12787569,-17.575979,22154.564,nan,-11.194141
nan,nan,nan,nan,nan,nan,nan,nan,-5.5268116,-20.99758,-0.12751982,-17.430416,22204.977,nan,-11.084607
nan,nan,nan,nan,nan,nan,nan,nan,-5.539289,-20.883705,-0.12716313,-17.285295,22255.25,nan,-10.975602
nan,nan,nan,nan,nan,nan,nan,nan,-5.5517316,-20.742537,-0.12680565,-17.140627,22305.381,nan,-10.867123
nan,nan,nan,nan,nan,nan,nan,nan,-5.5641389,-20.627811,-0.12644735,-16.996414,22355.371,nan,-10.759163
nan,nan,nan,nan,nan,nan,nan,nan,-5.5765114,-20.506971,-0.12608826,-16.852663,22405.219,nan,-10.651717
nan,nan,nan,nan,nan,nan,nan,nan,-5.5888486,-20.403477,-0.12572838,-16.709379,22454.924,nan,-10.544783
nan,nan,nan,nan,nan,nan,nan,nan,-5.6011505,-20.278515,-0.1253677,-16.56657,22504.488,nan,-10.438353
nan,nan,nan,nan,nan,nan,nan,nan,-5.6134167,-20.261881,-0.12500624,-16.424238,22553.91,nan,-10.332422
nan,nan,nan,nan,nan,nan,nan,nan,-5.6256475,-20.070955,-0.12464398,-16.282391,22603.189,nan,-10.226988
nan,nan,nan,nan,nan,nan,nan,nan,-5.6378431,-19.990776,-0.12428094,-16.141033,22652.324,nan,-10.122042
nan,nan,nan,nan,nan,nan,nan,nan,-5.650003,-19.827713,-0.1239171,-16.00017,22701.316,nan,-10.017581
nan,nan,nan,nan,nan,nan,nan,nan,-5.662127,-19.758907,-0.12355249,-15.859806,22750.164,nan,-9.9136
nan,nan,nan,nan,nan,nan,nan,nan,-5.6742153,-19.580917,-0.12318709,-15.719946,22798.869,nan,-9.8100929
nan,nan,nan,nan,nan,nan,nan,nan,-5.6862679,-19.501875,-0.12282093,-15.580595,22847.43,nan,-9.7070551
nan,nan,nan,nan,nan,nan,nan,nan,-5.6982846,-19.295311,-0.12245398,-15.441756,22895.844,nan,-9.6044807
nan,nan,nan,nan,nan,nan,nan,nan,-5.7102652,-19.210012,-0.12208626,-15.303436,22944.113,nan,-9.5023661
nan,nan,nan,nan,nan,nan,nan,nan,-5.7222099,-19.068275,-0.12171777,-15.165638,22992.238,nan,-9.4007044
nan,nan,nan,nan,nan,nan,nan,nan,-5.734118,-18.994919,-0.1213485,-15.028366,23040.217,nan,-9.2994909
nan,nan,nan,nan,nan,nan,nan,nan,-5.7459903,-18.817215,-0.12097847,-14.891623,23088.051,nan,-9.1987209
nan,nan,nan,nan,nan,nan,nan,nan,-5.7578263,-18.744852,-0.12060768,-14.755415,23135.738,nan,-9.0983887
nan,nan,nan,nan,nan,nan,nan,nan,-5.7696257,-18.676188,-0.12023613,-14.619744,23183.277,nan,-8.9984884
nan,nan,nan,nan,nan,nan,nan,nan,-5.7813888,-18.528053,-0.11986382,-14.484614,23230.672,nan,-8.8990164
nan,nan,nan,nan,nan,nan,nan,nan,-5.7931156,-18.435646,-0.11949075,-14.350029,23277.918,nan,-8.7999659
nan,nan,nan,nan,nan,nan,nan,nan,-5.8048053,-18.295757,-0.11911692,-14.215992,23325.018,nan,-8.7013321
nan,nan,nan,nan,nan,nan,nan,nan,-5.8164587,-18.224817,-0.11874235,-14.082506,23371.969,nan,-8.6031103
nan,nan,nan,nan,nan,nan,nan,nan,-5.8280754,-18.064032,-0.11836702,-13.949574,23418.771,nan,-8.5052938
nan,nan,nan,nan,nan,nan,nan,nan,-5.8396549,-17.952148,-0.11799094,-13.817199,23465.426,nan,-8.4078789
nan,nan,nan,nan,nan,nan,nan,nan,-5.8511977,-17.788233,-0.11761412,-13.685384,23511.932,nan,-8.3108597
nan,nan,nan,nan,nan,nan,nan,nan,-5.8627038,-17.721416,-0.11723656,-13.554131,23558.289,nan,-8.2142315
nan,nan,nan,nan,nan,nan,nan,nan,-5.8741727,-17.578827,-0.11685825,-13.423442,23604.498,nan,-8.1179876
nan,nan,nan,nan,nan,nan,nan,nan,-5.8856044,-17.540016,-0.11647921,-13.293321,23650.557,nan,-8.0221233
nan,nan,nan,nan,nan,nan,nan,nan,-5.8969989,-17.34454,-0.11609943,-13.16377,23696.465,nan,-7.9266348
nan,nan,nan,nan,nan,nan,nan,nan,-5.9083562,-17.248438,-0.11571892,-13.034789,23742.225,nan,-7.8315148
nan,nan,nan,nan,nan,nan,nan,nan,-5.9196763,-17.15333,-0.11533768,-12.906383,23787.832,nan,-7.7367597
nan,nan,nan,nan,nan,nan,nan,nan,-5.9309587,-17.100304,-0.11495571,-12.77855,23833.291,nan,-7.6423631
nan,nan,nan,nan,nan,nan,nan,nan,-5.942204,-16.970793,-0.11457302,-12.651296,23878.598,nan,-7.5483203
nan,nan,nan,nan,nan,nan,nan,nan,-5.9534116,-16.769203,-0.11418959,-12.524619,23923.752,nan,-7.4546261
nan,nan,nan,nan,nan,nan,nan,nan,-5.9645815,-16.71973,-0.11380545,-12.398522,23968.756,nan,-7.3612752
nan,nan,nan,nan,nan,nan,nan,nan,-5.9757142,-16.623344,-0.11342059,-12.273007,24013.609,nan,-7.2682624
nan,nan,nan,nan,nan,nan,nan,nan,-5.9868088,-16.485018,-0.11303502,-12.148073,24058.309,nan,-7.1755824
nan,nan,nan,nan,nan,nan,nan,nan,-5.9978652,-16.411804,-0.11264873,-12.023724,24102.857,nan,-7.0832305
nan,nan,nan,nan,nan,nan,nan,nan,-6.0088844,-16.254713,-0.11226172,-11.899958,24147.252,nan,-6.9912014
nan,nan,nan,nan,nan,nan,nan,nan,-6.019865,-16.163729,-0.11187401,-11.776776,24191.494,nan,-6.8994899
nan,nan,nan,nan,nan,nan,nan,nan,-6.030808,-16.042889,-0.11148559,-11.654181,24235.584,nan,-6.8080912
nan,nan,nan,nan,nan,nan,nan,nan,-6.0417128,-16.005501,-0.11109647,-11.53217,24279.52,nan,-6.717
nan,nan,nan,nan,nan,nan,nan,nan,-6.0525794,-15.770504,-0.11070665,-11.410747,24323.301,nan,-6.6262112
nan,nan,nan,nan,nan,nan,nan,nan,-6.0634079,-15.702266,-0.11031612,-11.289909,24366.93,nan,-6.5357194
nan,nan,nan,nan,nan,nan,nan,nan,-6.0741982,-15.622227,-0.10992491,-11.169659,24410.402,nan,-6.4455209
nan,nan,nan,nan,nan,nan,nan,nan,-6.08495,-15.487456,-0.10953299,-11.049994,24453.721,nan,-6.3556094
nan,nan,nan,nan,nan,nan,nan,nan,-6.0956631,-15.410972,-0.10914038,-10.930918,24496.885,nan,-6.2659802
nan,nan,nan,nan,nan,nan,nan,nan,-6.106338,-15.212085,-0.10874709,-10.812426,24539.895,nan,-6.1766291
nan,nan,nan,nan,nan,nan,nan,nan,-6.1169744,-15.19801,-0.1083531,-10.69452,24582.748,nan,-6.0875506
nan,nan,nan,nan,nan,nan,nan,nan,-6.1275721,-15.102192,-0.10795844,-10.577199,24625.445,nan,-5.9987402
nan,nan,nan,nan,nan,nan,nan,nan,-6.1381307,-14.915247,-0.10756309,-10.460464,24667.988,nan,-5.910193
nan,nan,nan,nan,nan,nan,nan,nan,-6.1486511,-14.906007,-0.10716706,-10.344311,24710.373,nan,-5.8219037
nan,nan,nan,nan,nan,nan,nan,nan,-6.159132,-14.813031,-0.10677035,-10.228742,24752.604,nan,-5.7338681
nan,nan,nan,nan,nan,nan,nan,nan,-6.1695747,-14.632626,-0.10637297,-10.113754,24794.676,nan,-5.6460814
nan,nan,nan,nan,nan,nan,nan,nan,-6.1799779,-14.540646,-0.10597492,-9.9993467,24836.59,nan,-5.5585389
nan,nan,nan,nan,nan,nan,nan,nan,-6.1903424,-14.450088,-0.1055762,-9.88552,24878.35,nan,-5.4712358
nan,nan,nan,nan,nan,nan,nan,nan,-6.2006679,-14.384124,-0.10517681,-9.7722702,24919.949,nan,-5.3841672
nan,nan,nan,nan,nan,nan,nan,nan,-6.2109537,-14.202154,-0.10477676,-9.6595974,24961.393,nan,-5.2973294
nan,nan,nan,nan,nan,nan,nan,nan,-6.2212005,-14.144009,-0.10437605,-9.5474997,25002.678,nan,-5.2107172
nan,nan,nan,nan,nan,nan,nan,nan,-6.2314081,-14.060559,-0.10397467,-9.4359751,25043.803,nan,-5.1243258
nan,nan,nan,nan,nan,nan,nan,nan,-6.2415767,-13.895365,-0.10357264,-9.3250217,25084.771,nan,-5.0381513
nan,nan,nan,nan,nan,nan,nan,nan,-6.2517052,-13.841058,-0.10316996,-9.2146387,25125.58,nan,-4.952189
nan,nan,nan,nan,nan,nan,nan,nan,-6.2617946,-13.774952,-0.10276663,-9.1048222,25166.23,nan,-4.8664351
nan,nan,nan,nan,nan,nan,nan,nan,-6.2718444,-13.585447,-0.10236264,-8.9955721,25206.721,nan,-4.7808843
nan,nan,nan,nan,nan,nan,nan,nan,-6.2818546,-13.46532,-0.10195801,-8.8868837,25247.053,nan,-4.6955328
nan,nan,nan,nan,nan,nan,nan,nan,-6.2918248,-13.458069,-0.10155273,-8.7787571,25287.223,nan,-4.6103759
nan,nan,nan,nan,nan,nan,nan,nan,-6.3017554,-13.312778,-0.10114681,-8.6711874,25327.234,nan,-4.5254102
nan,nan,nan,nan,nan,nan,nan,nan,-6.3116465,-13.230607,-0.10074025,-8.5641747,25367.084,nan,-4.4406304
nan,nan,nan,nan,nan,nan,nan,nan,-6.3214974,-13.12242,-0.10033306,-8.4577141,25406.773,nan,-4.3560338
nan,nan,nan,nan,nan,nan,nan,nan,-6.3313088,-12.950972,-0.099925235,-8.3518038,25446.303,nan,-4.271615
nan,nan,nan,nan,nan,nan,nan,nan,-6.3410797,-12.943437,-0.099516779,-8.2464399,25485.672,nan,-4.1873703
nan,nan,nan,nan,nan,nan,nan,nan,-6.350811,-12.842501,-0.099107698,-8.1416216,25524.877,nan,-4.1032958
nan,nan,nan,nan,nan,nan,nan,nan,-6.3605018,-12.739147,-0.098697983,-8.037344,25563.922,nan,-4.0193882
nan,nan,nan,nan,nan,nan,nan,nan,-6.3701525,-12.661384,-0.098287649,-7.9336038,25602.807,nan,-3.9356422
nan,nan,nan,nan,nan,nan,nan,nan,-6.3797631,-12.518793,-0.09787669,-7.8303986,25641.527,nan,-3.8520548
nan,nan,nan,nan,nan,nan,nan,nan,-6.3893332,-12.434632,-0.09746512,-7.7277246,25680.086,nan,-3.7686224
nan,nan,nan,nan,nan,nan,nan,nan,-6.3988633,-12.347486,-0.097052924,-7.6255784,25718.48,nan,-3.6853404
nan,nan,nan,nan,nan,nan,nan,nan,-6.4083529,-12.230486,-0.096640125,-7.5239568,25756.715,nan,-3.6022058
nan,nan,nan,nan,nan,nan,nan,nan,-6.4178019,-12.050649,-0.096226707,-7.4228559,25794.785,nan,-3.5192146
nan,nan,nan,nan,nan,nan,nan,nan,-6.4272103,-12.0107,-0.095812686,-7.3222718,25832.691,nan,-3.4363632
nan,nan,nan,nan,nan,nan,nan,nan,-6.4365778,-11.902941,-0.095398061,-7.2222004,25870.434,nan,-3.3536482
nan,nan,nan,nan,nan,nan,nan,nan,-6.4459052,-11.818211,-0.094982833,-7.1226387,25908.014,nan,-3.2710657
nan,nan,nan,nan,nan,nan,nan,nan,-6.4551916,-11.729785,-0.094567001,-7.023582,25945.43,nan,-3.1886125
nan,nan,nan,nan,nan,nan,nan,nan,-6.4644375,-11.628422,-0.09415058,-6.9250264,25982.68,nan,-3.1062851
nan,nan,nan,nan,nan,nan,nan,nan,-6.4736423,-11.566154,-0.093733557,-6.8269677,26019.766,nan,-3.02408
nan,nan,nan,nan,nan,nan,nan,nan,-6.4828062,-11.462659,-0.093315944,-6.7294021,26056.688,nan,-2.9419942
nan,nan,nan,nan,nan,nan,nan,nan,-6.4919291,-11.360301,-0.092897743,-6.6323247,26093.445,nan,-2.8600242
nan,nan,nan,nan,nan,nan,nan,nan,-6.5010114,-11.269743,-0.092478953,-6.5357313,26130.037,nan,-2.7781668
nan,nan,nan,nan,nan,nan,nan,nan,-6.5100522,-11.141512,-0.092059575,-6.4396176,26166.463,nan,-2.6964188
nan,nan,nan,nan,nan,nan,nan,nan,-6.519052,-11.087205,-0.091639623,-6.3439794,26202.723,nan,-2.6147768
nan,nan,nan,nan,nan,nan,nan,nan,-6.5280108,-10.949164,-0.09121909,-6.2488112,26238.818,nan,-2.5332384
nan,nan,nan,nan,nan,nan,nan,nan,-6.5369282,-10.857753,-0.090797983,-6.154109,26274.746,nan,-2.4518001
nan,nan,nan,nan,nan,nan,nan,nan,-6.5458045,-10.755111,-0.090376295,-6.0598679,26310.508,nan,-2.3704591
nan,nan,nan,nan,nan,nan,nan,nan,-6.5546389,-10.688151,-0.089954041,-5.9660835,26346.104,nan,-2.2892122
nan,nan,nan,nan,nan,nan,nan,nan,-6.5634327,-10.605555,-0.08953122,-5.8727503,26381.531,nan,-2.2080569
nan,nan,nan,nan,nan,nan,nan,nan,-6.5721846,-10.438796,-0.089107834,-5.7798634,26416.793,nan,-2.1269906
nan,nan,nan,nan,nan,nan,nan,nan,-6.5808949,-10.375107,-0.088683881,-5.687418,26451.889,nan,-2.0460098
nan,nan,nan,nan,nan,nan,nan,nan,-6.5895638,-10.227683,-0.088259369,-5.5954094,26486.814,nan,-1.9651123
nan,nan,nan,nan,nan,nan,nan,nan,-6.5981908,-10.158165,-0.087834299,-5.5038323,26521.574,nan,-1.8842955
nan,nan,nan,nan,nan,nan,nan,nan,-6.6067762,-10.112104,-0.087408677,-5.4126811,26556.166,nan,-1.8035566
nan,nan,nan,nan,nan,nan,nan,nan,-6.6153202,-9.9942503,-0.086982504,-5.3219509,26590.588,nan,-1.7228931
nan,nan,nan,nan,nan,nan,nan,nan,-6.6238222,-9.9241638,-0.086555779,-5.231637,26624.844,nan,-1.6423026
nan,nan,nan,nan,nan,nan,nan,nan,-6.6322823,-9.9307032,-0.086128503,-5.1417332,26658.93,nan,-1.5617826
nan,nan,nan,nan,nan,nan,nan,nan,-6.6407008,-9.7625237,-0.085700691,-5.0522346,26692.846,nan,-1.4813308
nan,nan,nan,nan,nan,nan,nan,nan,-6.6490769,-9.5794172,-0.085272335,-4.9631357,26726.596,nan,-1.4009447
nan,nan,nan,nan,nan,nan,nan,nan,-6.6574116,-9.5980406,-0.084843434,-4.8744307,26760.174,nan,-1.3206222
nan,nan,nan,nan,nan,nan,nan,nan,-6.6657038,-9.5377626,-0.084414005,-4.7861147,26793.584,nan,-1.2403611
nan,nan,nan,nan,nan,nan,nan,nan,-6.673954,-9.4531755,-0.08398404,-4.6981821,26826.824,nan,-1.160159
nan,nan,nan,nan,nan,nan,nan,nan,-6.6821618,-9.3336153,-0.083553545,-4.6106267,26859.895,nan,-1.080014
nan,nan,nan,nan,nan,nan,nan,nan,-6.6903276,-9.1797943,-0.083122522,-4.5234437,26892.795,nan,-0.99992394
nan,nan,nan,nan,nan,nan,nan,nan,-6.698451,-9.1442537,-0.082690977,-4.4366269,26925.523,nan,-0.91988683
nan,nan,nan,nan,nan,nan,nan,nan,-6.7065325,-8.9864521,-0.082258902,-4.3501706,26958.084,nan,-0.83990079
nan,nan,nan,nan,nan,nan,nan,nan,-6.7145715,-8.9308662,-0.081826314,-4.2640691,26990.473,nan,-0.75996375
nan,nan,nan,nan,nan,nan,nan,nan,-6.722568,-8.820405,-0.081393205,-4.1783171,27022.689,nan,-0.68007404
nan,nan,nan,nan,nan,nan,nan,nan,-6.7305217,-8.7651033,-0.080959588,-4.0929084,27054.736,nan,-0.60022974
nan,nan,nan,nan,nan,nan,nan,nan,-6.7384334,-8.6628876,-0.08052545,-4.0078368,27086.613,nan,-0.52042913
nan,nan,nan,nan,nan,nan,nan,nan,-6.7463021,-8.5252733,-0.080090813,-3.9230974,27118.316,nan,-0.44067049
nan,nan,nan,nan,nan,nan,nan,nan,-6.7541285,-8.4868889,-0.079655662,-3.8386838,27149.85,nan,-0.3609522
nan,nan,nan,nan,nan,nan,nan,nan,-6.7619123,-8.4050026,-0.079220012,-3.75459,27181.209,nan,-0.28127268
nan,nan,nan,nan,nan,nan,nan,nan,-6.7696533,-8.2916975,-0.078783862,-3.6708102,27212.396,nan,-0.20163035
nan,nan,nan,nan,nan,nan,nan,nan,-6.7773514,-8.177825,-0.078347214,-3.5873387,27243.414,nan,-0.12202373
nan,nan,nan,nan,nan,nan,nan,nan,-6.785007,-8.1329012,-0.077910073,-3.5041692,27274.258,nan,-0.042451378
nan,nan,nan,nan,nan,nan,nan,nan,-6.7926192,-7.9500785,-0.077472441,-3.4212959,27304.928,nan,0.037088111
nan,nan,nan,nan,nan,nan,nan,nan,-6.800189,-7.9014587,-0.077034317,-3.3387127,27335.426,nan,0.11659607
nan,nan,nan,nan,nan,nan,nan,nan,-6.8077154,-7.8907962,-0.076595701,-3.2564139,27365.752,nan,0.19607382
nan,nan,nan,nan,nan,nan,nan,nan,-6.8151994,-7.7769232,-0.076156609,-3.1743932,27395.902,nan,0.27552259
nan,nan,nan,nan,nan,nan,nan,nan,-6.8226399,-7.6494021,-0.075717032,-3.0926447,27425.881,nan,0.35494357
nan,nan,nan,nan,nan,nan,nan,nan,-6.8300376,-7.5476131,-0.075276978,-3.0111623,27455.686,nan,0.43433794
nan,nan,nan,nan,nan,nan,nan,nan,-6.8373919,-7.5490346,-0.074836448,-2.92994,27485.316,nan,0.51370674
nan,nan,nan,nan,nan,nan,nan,nan,-6.8447027,-7.3828454,-0.074395448,-2.8489718,27514.773,nan,0.59305114
nan,nan,nan,nan,nan,nan,nan,nan,-6.8519707,-7.305366,-0.073953971,-2.7682517,27544.057,nan,0.6723721
nan,nan,nan,nan,nan,nan,nan,nan,-6.8591957,-7.1923461,-0.073512033,-2.6877737,27573.164,nan,0.75167048
nan,nan,nan,nan,nan,nan,nan,nan,-6.8663769,-7.1494126,-0.073069632,-2.6075313,27602.098,nan,0.8309474
nan,nan,nan,nan,nan,nan,nan,nan,-6.8735147,-7.0174847,-0.07262677,-2.5275192,27630.857,nan,0.91020352
nan,nan,nan,nan,nan,nan,nan,nan,-6.8806095,-6.9239411,-0.072183445,-2.4477308,27659.441,nan,0.98943985
nan,nan,nan,nan,nan,nan,nan,nan,-6.8876605,-6.8781643,-0.071739666,-2.3681602,27687.85,nan,1.068657
nan,nan,nan,nan,nan,nan,nan,nan,-6.8946681,-6.7566142,-0.071295433,-2.2888014,27716.084,nan,1.1478559
nan,nan,nan,nan,nan,nan,nan,nan,-6.9016323,-6.6708894,-0.070850745,-2.2096486,27744.141,nan,1.2270371
nan,nan,nan,nan,nan,nan,nan,nan,-6.9085526,-6.6394715,-0.070405617,-2.1306953,27772.023,nan,1.3062013
nan,nan,nan,nan,nan,nan,nan,nan,-6.9154296,-6.4496827,-0.069960043,-2.0519359,27799.73,nan,1.3853492
nan,nan,nan,nan,nan,nan,nan,nan,-6.9222627,-6.4232402,-0.069514021,-1.9733644,27827.262,nan,1.4644811
nan,nan,nan,nan,nan,nan,nan,nan,-6.9290519,-6.3012638,-0.069067568,-1.8949747,27854.615,nan,1.5435978
nan,nan,nan,nan,nan,nan,nan,nan,-6.9357977,-6.2152548,-0.068620674,-1.8167608,27881.795,nan,1.6226996
nan,nan,nan,nan,nan,nan,nan,nan,-6.9424992,-6.0942736,-0.068173349,-1.738717,27908.795,nan,1.7017871
nan,nan,nan,nan,nan,nan,nan,nan,-6.9491572,-6.0098286,-0.067725591,-1.6608371,27935.621,nan,1.7808607
nan,nan,nan,nan,nan,nan,nan,nan,-6.9557714,-5.9921999,-0.067277409,-1.5831152,27962.27,nan,1.8599206
nan,nan,nan,nan,nan,nan,nan,nan,-6.9623413,-5.8410802,-0.066828795,-1.5055456,27988.74,nan,1.9389673
nan,nan,nan,nan,nan,nan,nan,nan,-6.9688678,-5.8004212,-0.066379763,-1.4281225,28015.033,nan,2.0180011
nan,nan,nan,nan,nan,nan,nan,nan,-6.9753499,-5.6792979,-0.065930314,-1.3508399,28041.15,nan,2.0970221
nan,nan,nan,nan,nan,nan,nan,nan,-6.9817877,-5.6436148,-0.065480448,-1.2736919,28067.09,nan,2.1760304
nan,nan,nan,nan,nan,nan,nan,nan,-6.9881816,-5.5556154,-0.065030165,-1.196673,28092.852,nan,2.2550266
nan,nan,nan,nan,nan,nan,nan,nan,-6.9945316,-5.4724498,-0.064579472,-1.1197772,28118.434,nan,2.3340104
nan,nan,nan,nan,nan,nan,nan,nan,-7.0008373,-5.3719397,-0.064128377,-1.042999,28143.84,nan,2.4129822
nan,nan,nan,nan,nan,nan,nan,nan,-7.0070987,-5.2599149,-0.063676871,-0.96633255,28169.066,nan,2.4919422
nan,nan,nan,nan,nan,nan,nan,nan,-7.0133157,-5.204329,-0.063224964,-0.88977218,28194.117,nan,2.5708899
nan,nan,nan,nan,nan,nan,nan,nan,-7.0194888,-5.0806465,-0.062772654,-0.81331241,28218.986,nan,2.6498258
nan,nan,nan,nan,nan,nan,nan,nan,-7.0256171,-5.053493,-0.062319953,-0.73694748,28243.68,nan,2.7287498
nan,nan,nan,nan,nan,nan,nan,nan,-7.0317016,-4.922987,-0.061866857,-0.66067195,28268.191,nan,2.8076615
nan,nan,nan,nan,nan,nan,nan,nan,-7.0377412,-4.8432331,-0.06141337,-0.58448029,28292.525,nan,2.8865612
nan,nan,nan,nan,nan,nan,nan,nan,-7.0437365,-4.7410173,-0.060959492,-0.508367,28316.682,nan,2.9654486
nan,nan,nan,nan,nan,nan,nan,nan,-7.0496874,-4.7226782,-0.060505234,-0.43232664,28340.656,nan,3.0443234
nan,nan,nan,nan,nan,nan,nan,nan,-7.0555935,-4.6043978,-0.060050592,-0.35635385,28364.453,nan,3.1231859
nan,nan,nan,nan,nan,nan,nan,nan,-7.0614552,-4.4608126,-0.05959557,-0.28044322,28388.07,nan,3.2020357
nan,nan,nan,nan,nan,nan,nan,nan,-7.0672722,-4.3803482,-0.059140172,-0.20458949,28411.508,nan,3.2808721
nan,nan,nan,nan,nan,nan,nan,nan,-7.0730448,-4.3487878,-0.058684397,-0.12878737,28434.764,nan,3.3596954
nan,nan,nan,nan,nan,nan,nan,nan,-7.0787725,-4.2437286,-0.058228258,-0.053031642,28457.842,nan,3.4385049
nan,nan,nan,nan,nan,nan,nan,nan,-7.0844555,-4.239748,-0.057771746,0.022682853,28480.738,nan,3.5173008
nan,nan,nan,nan,nan,nan,nan,nan,-7.0900936,-4.0877752,-0.057314873,0.098361246,28503.455,nan,3.5960822
nan,nan,nan,nan,nan,nan,nan,nan,-7.0956874,-4.0253654,-0.056857634,0.17400861,28525.992,nan,3.674849
nan,nan,nan,nan,nan,nan,nan,nan,-7.1012359,-3.9100704,-0.056400038,0.24962997,28548.348,nan,3.7536008
nan,nan,nan,nan,nan,nan,nan,nan,-7.10674,-3.7711766,-0.055942085,0.3252303,28570.523,nan,3.8323374
nan,nan,nan,nan,nan,nan,nan,nan,-7.1121988,-3.736062,-0.055483781,0.40081453,28592.518,nan,3.9110579
nan,nan,nan,nan,nan,nan,nan,nan,-7.1176128,-3.6848831,-0.055025123,0.47638753,28614.33,nan,3.9897623
nan,nan,nan,nan,nan,nan,nan,nan,-7.122982,-3.5326259,-0.054566119,0.55195409,28635.963,nan,4.0684495
nan,nan,nan,nan,nan,nan,nan,nan,-7.1283059,-3.4949524,-0.054106772,0.62751895,28657.412,nan,4.14712
nan,nan,nan,nan,nan,nan,nan,nan,-7.133585,-3.3589017,-0.053647082,0.70308691,28678.682,nan,4.2257724
nan,nan,nan,nan,nan,nan,nan,nan,-7.1388192,-3.3698485,-0.05318705,0.7786625,28699.77,nan,4.3044062
nan,nan,nan,nan,nan,nan,nan,nan,-7.1440082,-3.2598138,-0.052726686,0.85425037,28720.676,nan,4.3830214
nan,nan,nan,nan,nan,nan,nan,nan,-7.1491518,-3.1274593,-0.052265987,0.92985505,28741.4,nan,4.461617
nan,nan,nan,nan,nan,nan,nan,nan,-7.1542506,-3.0472789,-0.05180496,1.005481,28761.943,nan,4.5401926
nan,nan,nan,nan,nan,nan,nan,nan,-7.1593037,-3.0293663,-0.051343605,1.0811327,28782.303,nan,4.6187477
nan,nan,nan,nan,nan,nan,nan,nan,-7.1643119,-2.9979482,-0.050881926,1.1568143,28802.48,nan,4.6972814
nan,nan,nan,nan,nan,nan,nan,nan,-7.1692748,-2.817116,-0.050419923,1.2325302,28822.477,nan,4.7757931
nan,nan,nan,nan,nan,nan,nan,nan,-7.1741924,-2.7410583,-0.049957603,1.3082848,28842.291,nan,4.8542824
nan,nan,nan,nan,nan,nan,nan,nan,-7.1790652,-2.7154689,-0.049494967,1.384082,28861.922,nan,4.9327483
nan,nan,nan,nan,nan,nan,nan,nan,-7.1838918,-2.5892274,-0.049032021,1.459926,28881.369,nan,5.0111899
nan,nan,nan,nan,nan,nan,nan,nan,-7.1886735,-2.5064883,-0.048568763,1.5358208,28900.635,nan,5.0896072
nan,nan,nan,nan,nan,nan,nan,nan,-7.1934099,-2.346554,-0.048105199,1.6117705,28919.717,nan,5.1679997
nan,nan,nan,nan,nan,nan,nan,nan,-7.1981006,-2.3326221,-0.047641329,1.6877788,28938.615,nan,5.2463655
nan,nan,nan,nan,nan,nan,nan,nan,-7.2027459,-2.1840611,-0.047177162,1.7638497,28957.332,nan,5.3247051
nan,nan,nan,nan,nan,nan,nan,nan,-7.207346,-2.0718937,-0.046712693,1.8399868,28975.865,nan,5.403017
nan,nan,nan,nan,nan,nan,nan,nan,-7.2119002,-2.1045914,-0.046247933,1.916194,28994.213,nan,5.4813004
nan,nan,nan,nan,nan,nan,nan,nan,-7.2164087,-1.9699625,-0.045782879,1.9924748,29012.379,nan,5.5595551
nan,nan,nan,nan,nan,nan,nan,nan,-7.2208719,-1.8016406,-0.045317534,2.0688329,29030.361,nan,5.6377802
nan,nan,nan,nan,nan,nan,nan,nan,-7.2252893,-1.8373237,-0.044851907,2.1452715,29048.16,nan,5.7159748
nan,nan,nan,nan,nan,nan,nan,nan,-7.2296615,-1.7655311,-0.044385992,2.2217944,29065.773,nan,5.794138
nan,nan,nan,nan,nan,nan,nan,nan,-7.2339878,-1.6974347,-0.043919798,2.2984045,29083.205,nan,5.8722696
nan,nan,nan,nan,nan,nan,nan,nan,-7.2382684,-1.6060233,-0.043453328,2.3751056,29100.451,nan,5.9503679
nan,nan,nan,nan,nan,nan,nan,nan,-7.2425032,-1.4739532,-0.042986583,2.4519005,29117.514,nan,6.0284333
nan,nan,nan,nan,nan,nan,nan,nan,-7.2466922,-1.429456,-0.042519566,2.5287926,29134.391,nan,6.1064639
nan,nan,nan,nan,nan,nan,nan,nan,-7.2508354,-1.3070531,-0.04205228,2.6057847,29151.084,nan,6.1844592
nan,nan,nan,nan,nan,nan,nan,nan,-7.2549329,-1.2402362,-0.04158473,2.6828802,29167.594,nan,6.2624192
nan,nan,nan,nan,nan,nan,nan,nan,-7.2589846,-1.1536584,-0.041116916,2.7600815,29183.918,nan,6.340342
nan,nan,nan,nan,nan,nan,nan,nan,-7.2629905,-1.0467514,-0.040648844,2.8373919,29200.057,nan,6.4182277
nan,nan,nan,nan,nan,nan,nan,nan,-7.2669501,-0.99614108,-0.040180512,2.914814,29216.012,nan,6.4960747
nan,nan,nan,nan,nan,nan,nan,nan,-7.2708645,-0.86975753,-0.03971193,2.9923506,29231.781,nan,6.5738831
nan,nan,nan,nan,nan,nan,nan,nan,-7.2747326,-0.79270482,-0.039243095,3.0700042,29247.365,nan,6.6516514
nan,nan,nan,nan,nan,nan,nan,nan,-7.2785544,-0.73470199,-0.03877401,3.1477773,29262.766,nan,6.7293792
nan,nan,nan,nan,nan,nan,nan,nan,-7.282331,-0.70214653,-0.038304683,3.2256727,29277.98,nan,6.8070655
nan,nan,nan,nan,nan,nan,nan,nan,-7.2860608,-0.54533994,-0.037835114,3.3036923,29293.008,nan,6.8847094
nan,nan,nan,nan,nan,nan,nan,nan,-7.2897453,-0.4641645,-0.037365306,3.381839,29307.852,nan,6.9623103
nan,nan,nan,nan,nan,nan,nan,nan,-7.2933831,-0.38895988,-0.03689526,3.4601147,29322.51,nan,7.0398679
nan,nan,nan,nan,nan,nan,nan,nan,-7.2969751,-0.33735445,-0.036424983,3.5385218,29336.982,nan,7.1173806
nan,nan,nan,nan,nan,nan,nan,nan,-7.3005214,-0.26954237,-0.035954475,3.6170623,29351.27,nan,7.1948481
nan,nan,nan,nan,nan,nan,nan,nan,-7.3040214,-0.13576634,-0.03548374,3.6957381,29365.371,nan,7.2722697
nan,nan,nan,nan,nan,nan,nan,nan,-7.3074746,-0.078900851,-0.035012782,3.7745514,29379.285,nan,7.3496447
nan,nan,nan,nan,nan,nan,nan,nan,-7.3108826,0.043217767,-0.034541603,3.8535039,29393.014,nan,7.4269714
nan,nan,nan,nan,nan,nan,nan,nan,-7.3142438,0.076768398,-0.034070205,3.9325974,29406.557,nan,7.5042505
nan,nan,nan,nan,nan,nan,nan,nan,-7.3175588,0.26527748,-0.033598591,4.0118341,29419.914,nan,7.5814805
nan,nan,nan,nan,nan,nan,nan,nan,-7.320828,0.30280867,-0.033126768,4.0912151,29433.084,nan,7.6586609
nan,nan,nan,nan,nan,nan,nan,nan,-7.3240504,0.37716031,-0.032654732,4.170742,29446.068,nan,7.7357903
nan,nan,nan,nan,nan,nan,nan,nan,-7.3272271,0.42080456,-0.032182492,4.2504168,29458.867,nan,7.8128691
nan,nan,nan,nan,nan,nan,nan,nan,-7.3303571,0.54576647,-0.031710047,4.3302407,29471.479,nan,7.8898959
nan,nan,nan,nan,nan,nan,nan,nan,-7.3334413,0.6066125,-0.031237401,4.4102149,29483.904,nan,7.9668698
nan,nan,nan,nan,nan,nan,nan,nan,-7.3364787,0.73569715,-0.030764559,4.4903407,29496.143,nan,8.0437908
nan,nan,nan,nan,nan,nan,nan,nan,-7.3394699,0.77251756,-0.030291524,4.5706201,29508.193,nan,8.1206579
nan,nan,nan,nan,nan,nan,nan,nan,-7.3424149,0.84288859,-0.029818296,4.651053,29520.059,nan,8.1974707
nan,nan,nan,nan,nan,nan,nan,nan,-7.3453131,0.95988929,-0.029344881,4.7316413,29531.736,nan,8.2742281
nan,nan,nan,nan,nan,nan,nan,nan,-7.348165,1.0122056,-0.028871279,4.8123856,29543.227,nan,8.3509302
nan,nan,nan,nan,nan,nan,nan,nan,-7.3509707,1.0987833,-0.028397495,4.8932872,29554.531,nan,8.4275761
nan,nan,nan,nan,nan,nan,nan,nan,-7.3537302,1.2008568,-0.027923532,4.9743466,29565.648,nan,8.5041637
nan,nan,nan,nan,nan,nan,nan,nan,-7.3564429,1.293121,-0.027449394,5.0555649,29576.578,nan,8.5806952
nan,nan,nan,nan,nan,nan,nan,nan,-7.3591089,1.3762867,-0.02697508,5.1369429,29587.32,nan,8.6571674
nan,nan,nan,nan,nan,nan,nan,nan,-7.3617287,1.4718208,-0.026500598,5.2184811,29597.875,nan,8.7335815
nan,nan,nan,nan,nan,nan,nan,nan,-7.3643022,1.5352259,-0.026025947,5.3001795,29608.244,nan,8.8099365
nan,nan,nan,nan,nan,nan,nan,nan,-7.3668289,1.655212,-0.025551131,5.3820395,29618.424,nan,8.8862314
nan,nan,nan,nan,nan,nan,nan,nan,-7.3693094,1.7611239,-0.025076156,5.4640608,29628.416,nan,8.9624662
nan,nan,nan,nan,nan,nan,nan,nan,-7.3717427,1.734255,-0.024601022,5.5462446,29638.223,nan,9.03864
nan,nan,nan,nan,nan,nan,nan,nan,-7.3741302,1.8835269,-0.024125731,5.6285901,29647.84,nan,9.1147528
nan,nan,nan,nan,nan,nan,nan,nan,-7.3764706,1.9907184,-0.023650289,5.7110987,29657.27,nan,9.1908035
nan,nan,nan,nan,nan,nan,nan,nan,-7.3787646,2.071183,-0.023174698,5.7937698,29666.512,nan,9.2667923
nan,nan,nan,nan,nan,nan,nan,nan,-7.381012,2.1131213,-0.022698959,5.8766036,29675.566,nan,9.3427181
nan,nan,nan,nan,nan,nan,nan,nan,-7.3832126,2.2166164,-0.022223078,5.9596004,29684.434,nan,9.418581
nan,nan,nan,nan,nan,nan,nan,nan,-7.3853669,2.389914,-0.021747055,6.0427599,29693.113,nan,9.494381
nan,nan,nan,nan,nan,nan,nan,nan,-7.3874741,2.3290679,-0.021270895,6.1260819,29701.604,nan,9.570117
nan,nan,nan,nan,nan,nan,nan,nan,-7.389535,2.4253128,-0.020794602,6.2095666,29709.906,nan,9.6457891
nan,nan,nan,nan,nan,nan,nan,nan,-7.3915491,2.5751534,-0.020318177,6.2932134,29718.021,nan,9.7213964
nan,nan,nan,nan,nan,nan,nan,nan,-7.3935165,2.6118314,-0.019841624,6.3770218,29725.949,nan,9.7969389
nan,nan,nan,nan,nan,nan,nan,nan,-7.3954372,2.7419114,-0.019364946,6.4609923,29733.688,nan,9.8724165
nan,nan,nan,nan,nan,nan,nan,nan,-7.3973112,2.7168906,-0.018888144,6.5451236,29741.238,nan,9.9478283
nan,nan,nan,nan,nan,nan,nan,nan,-7.3991385,2.9452055,-0.018411225,6.629416,29748.6,nan,10.023174
nan,nan,nan,nan,nan,nan,nan,nan,-7.4009194,2.9137874,-0.017934188,6.7138681,29755.773,nan,10.098454
nan,nan,nan,nan,nan,nan,nan,nan,-7.4026532,2.971648,-0.017457038,6.79848,29762.76,nan,10.173669
nan,nan,nan,nan,nan,nan,nan,nan,-7.4043403,3.1456563,-0.016979778,6.8832502,29769.557,nan,10.248817
nan,nan,nan,nan,nan,nan,nan,nan,-7.4059801,3.2323761,-0.01650241,6.9681787,29776.164,nan,10.323899
nan,nan,nan,nan,nan,nan,nan,nan,-7.4075737,3.2467346,-0.01602494,7.0532646,29782.586,nan,10.398913
nan,nan,nan,nan,nan,nan,nan,nan,-7.4091206,3.3482394,-0.015547366,7.1385069,29788.816,nan,10.473862
nan,nan,nan,nan,nan,nan,nan,nan,-7.4106202,3.4382291,-0.015069695,7.2239046,29794.859,nan,10.548742
nan,nan,nan,nan,nan,nan,nan,nan,-7.4120736,3.5734267,-0.01459193,7.3094573,29800.715,nan,10.623557
nan,nan,nan,nan,nan,nan,nan,nan,-7.4134798,3.6119533,-0.014114071,7.3951631,29806.381,nan,10.698303
nan,nan,nan,nan,nan,nan,nan,nan,-7.4148393,3.73066,-0.013636123,7.4810214,29811.857,nan,10.772984
nan,nan,nan,nan,nan,nan,nan,nan,-7.416152,3.6918492,-0.01315809,7.5670309,29817.146,nan,10.847595
nan,nan,nan,nan,nan,nan,nan,nan,-7.4174175,3.8867557,-0.012679974,7.6531906,29822.246,nan,10.922141
nan,nan,nan,nan,nan,nan,nan,nan,-7.4186363,3.8861871,-0.012201777,7.7394991,29827.156,nan,10.996618
nan,nan,nan,nan,nan,nan,nan,nan,-7.4198084,4.006742,-0.011723503,7.8259554,29831.879,nan,11.07103
nan,nan,nan,nan,nan,nan,nan,nan,-7.4209337,4.1076779,-0.011245155,7.9125576,29836.412,nan,11.145372
nan,nan,nan,nan,nan,nan,nan,nan,-7.4220119,4.2022171,-0.010766736,7.9993048,29840.756,nan,11.219649
nan,nan,nan,nan,nan,nan,nan,nan,-7.4230433,4.3541899,-0.010288249,8.0861959,29844.912,nan,11.293859
nan,nan,nan,nan,nan,nan,nan,nan,-7.4240279,4.3908682,-0.009809697,8.1732283,29848.879,nan,11.368
nan,nan,nan,nan,nan,nan,nan,nan,-7.4249659,4.4224286,-0.0093310839,8.2604008,29852.656,nan,11.442076
nan,nan,nan,nan,nan,nan,nan,nan,-7.4258566,4.5371547,-0.0088524111,8.3477125,29856.246,nan,11.516085
nan,nan,nan,nan,nan,nan,nan,nan,-7.4267001,4.7196927,-0.0083736824,8.4351616,29859.646,nan,11.590027
nan,nan,nan,nan,nan,nan,nan,nan,-7.4274974,4.7454243,-0.0078949006,8.5227461,29862.855,nan,11.663902
nan,nan,nan,nan,nan,nan,nan,nan,-7.428247,4.744287,-0.007416069,8.6104641,29865.879,nan,11.737712
nan,nan,nan,nan,nan,nan,nan,nan,-7.4289503,4.8480668,-0.0069371909,8.6983147,29868.711,nan,11.811456
nan,nan,nan,nan,nan,nan,nan,nan,-7.4296064,4.9110451,-0.006458269,8.7862949,29871.355,nan,11.885134
nan,nan,nan,nan,nan,nan,nan,nan,-7.4302158,4.9726019,-0.0059793061,8.874403,29873.809,nan,11.958747
nan,nan,nan,nan,nan,nan,nan,nan,-7.430778,5.1955147,-0.0055003054,8.9626379,29876.074,nan,12.032294
nan,nan,nan,nan,nan,nan,nan,nan,-7.4312935,5.3058338,-0.0050212699,9.0509977,29878.15,nan,12.105777
nan,nan,nan,nan,nan,nan,nan,nan,-7.4317617,5.3223248,-0.0045422032,9.1394796,29880.039,nan,12.179195
nan,nan,nan,nan,nan,nan,nan,nan,-7.4321833,5.4137359,-0.0040631071,9.2280827,29881.736,nan,12.25255
nan,nan,nan,nan,nan,nan,nan,nan,-7.4325576,5.4290895,-0.0035839858,9.3168039,29883.246,nan,12.32584
nan,nan,nan,nan,nan,nan,nan,nan,-7.4328852,5.5568948,-0.0031048418,9.4056416,29884.566,nan,12.399068
nan,nan,nan,nan,nan,nan,nan,nan,-7.433166,5.6821408,-0.0026256782,9.4945936,29885.695,nan,12.472232
nan,nan,nan,nan,nan,nan,nan,nan,-7.4333997,5.800137,-0.0021464981,9.5836573,29886.637,nan,12.545333
nan,nan,nan,nan,nan,nan,nan,nan,-7.4335866,5.8073874,-0.0016673043,9.6728315,29887.391,nan,12.618373
nan,nan,nan,nan,nan,nan,nan,nan,-7.4337263,5.9859447,-0.0011881,9.7621136,29887.953,nan,12.691351
nan,nan,nan,nan,nan,nan,nan,nan,-7.4338188,5.9920578,-0.00070888823,9.8515005,29888.328,nan,12.764268
nan,nan,nan,nan,nan,nan,nan,nan,-7.4338651,6.0284519,-0.000229672,9.9409914,29888.512,nan,12.837124
nan,nan,nan,nan,nan,nan,nan,nan,-7.4338636,6.1730323,0.0002495457,10.030582,29888.508,nan,12.909921
nan,nan,nan,nan,nan,nan,nan,nan,-7.433816,6.2074361,0.00072876178,10.120273,29888.314,nan,12.982657
nan,nan,nan,nan,nan,nan,nan,nan,-7.4337206,6.3150539,0.0012079732,10.210059,29887.932,nan,13.055335
nan,nan,nan,nan,nan,nan,nan,nan,-7.433579,6.3764687,0.0016871771,10.299939,29887.359,nan,13.127954
nan,nan,nan,nan,nan,nan,nan,nan,-7.4333897,6.5480599,0.0021663704,10.389911,29886.598,nan,13.200516
nan,nan,nan,nan,nan,nan,nan,nan,-7.4331541,6.6285248,0.0026455498,10.479972,29885.648,nan,13.27302
nan,nan,nan,nan,nan,nan,nan,nan,-7.4328713,6.6663404,0.0031247125,10.570119,29884.508,nan,13.345468
nan,nan,nan,nan,nan,nan,nan,nan,-7.4325414,6.7357163,0.0036038556,10.660351,29883.18,nan,13.417859
nan,nan,nan,nan,nan,nan,nan,nan,-7.4321647,6.7884588,0.0040829759,10.750664,29881.662,nan,13.490196
nan,nan,nan,nan,nan,nan,nan,nan,-7.4317412,6.9122834,0.0045620701,10.841056,29879.955,nan,13.562478
nan,nan,nan,nan,nan,nan,nan,nan,-7.4312706,7.0200438,0.0050411359,10.931524,29878.059,nan,13.634706
nan,nan,nan,nan,nan,nan,nan,nan,-7.4307528,7.0963855,0.0055201696,11.022067,29875.975,nan,13.706881
nan,nan,nan,nan,nan,nan,nan,nan,-7.4301882,7.26158,0.0059991688,11.112681,29873.699,nan,13.779003
nan,nan,nan,nan,nan,nan,nan,nan,-7.4295769,7.2497802,0.0064781299,11.203364,29871.236,nan,13.851074
nan,nan,nan,nan,nan,nan,nan,nan,-7.4289188,7.3773012,0.0069570499,11.294114,29868.584,nan,13.923094
nan,nan,nan,nan,nan,nan,nan,nan,-7.4282136,7.3940763,0.0074359258,11.384927,29865.742,nan,13.995063
nan,nan,nan,nan,nan,nan,nan,nan,-7.4274611,7.5070963,0.0079147555,11.475801,29862.711,nan,14.066983
nan,nan,nan,nan,nan,nan,nan,nan,-7.426662,7.6004982,0.0083935345,11.566732,29859.492,nan,14.138855
nan,nan,nan,nan,nan,nan,nan,nan,-7.4258161,7.6651826,0.0088722603,11.657721,29856.084,nan,14.210678
nan,nan,nan,nan,nan,nan,nan,nan,-7.4249229,7.7668295,0.0093509303,11.748762,29852.486,nan,14.282455
nan,nan,nan,nan,nan,nan,nan,nan,-7.4239831,7.9367151,0.0098295417,11.839853,29848.699,nan,14.354186
nan,nan,nan,nan,nan,nan,nan,nan,-7.4229965,7.9222145,0.010308091,11.930992,29844.723,nan,14.425871
nan,nan,nan,nan,nan,nan,nan,nan,-7.4219632,8.0176067,0.010786574,12.022176,29840.559,nan,14.497512
nan,nan,nan,nan,nan,nan,nan,nan,-7.4208827,8.0575542,0.01126499,12.113402,29836.205,nan,14.569109
nan,nan,nan,nan,nan,nan,nan,nan,-7.419755,8.1856441,0.011743334,12.204668,29831.664,nan,14.640664
nan,nan,nan,nan,nan,nan,nan,nan,-7.418581,8.2673883,0.012221605,12.295971,29826.934,nan,14.712176
nan,nan,nan,nan,nan,nan,nan,nan,-7.4173598,8.3768539,0.012699798,12.387308,29822.014,nan,14.783648
nan,nan,nan,nan,nan,nan,nan,nan,-7.4160919,8.5002518,0.013177911,12.478676,29816.904,nan,14.855081
nan,nan,nan,nan,nan,nan,nan,nan,-7.4147773,8.5421906,0.01365594,12.570073,29811.607,nan,14.926474
nan,nan,nan,nan,nan,nan,nan,nan,-7.4134154,8.5920897,0.014133884,12.661497,29806.121,nan,14.997828
nan,nan,nan,nan,nan,nan,nan,nan,-7.4120069,8.7396555,0.014611738,12.752943,29800.447,nan,15.069146
nan,nan,nan,nan,nan,nan,nan,nan,-7.4105515,8.8151445,0.0150895,12.844411,29794.584,nan,15.140428
nan,nan,nan,nan,nan,nan,nan,nan,-7.4090495,8.8795452,0.015567166,12.935896,29788.531,nan,15.211674
nan,nan,nan,nan,nan,nan,nan,nan,-7.4075007,8.9747944,0.016044734,13.027396,29782.291,nan,15.282886
nan,nan,nan,nan,nan,nan,nan,nan,-7.4059052,9.0286741,0.016522201,13.118909,29775.861,nan,15.354064
nan,nan,nan,nan,nan,nan,nan,nan,-7.4042625,9.2127762,0.016999563,13.210431,29769.244,nan,15.425211
nan,nan,nan,nan,nan,nan,nan,nan,-7.4025736,9.2409248,0.017476818,13.301961,29762.439,nan,15.496325
nan,nan,nan,nan,nan,nan,nan,nan,-7.4008374,9.3395863,0.017953962,13.393496,29755.445,nan,15.56741
nan,nan,nan,nan,nan,nan,nan,nan,-7.399055,9.4106684,0.018430993,13.485031,29748.262,nan,15.638465
nan,nan,nan,nan,nan,nan,nan,nan,-7.3972254,9.4639797,0.018907908,13.576567,29740.891,nan,15.709492
nan,nan,nan,nan,nan,nan,nan,nan,-7.395349,9.6489344,0.019384705,13.668098,29733.332,nan,15.780491
nan,nan,nan,nan,nan,nan,nan,nan,-7.3934264,9.6477976,0.019861376,13.759624,29725.584,nan,15.851464
nan,nan,nan,nan,nan,nan,nan,nan,-7.3914566,9.723855,0.020337924,13.85114,29717.648,nan,15.922412
nan,nan,nan,nan,nan,nan,nan,nan,-7.3894405,9.8249331,0.020814342,13.942645,29709.525,nan,15.993335
nan,nan,nan,nan,nan,nan,nan,nan,-7.3873773,9.9142122,0.02129063,14.034136,29701.213,nan,16.064236
nan,nan,nan,nan,nan,nan,nan,nan,-7.3852677,9.9602737,0.021766784,14.12561,29692.715,nan,16.135113
nan,nan,nan,nan,nan,nan,nan,nan,-7.3831115,10.056661,0.022242799,14.217065,29684.025,nan,16.205969
nan,nan,nan,nan,nan,nan,nan,nan,-7.3809085,10.199108,0.022718674,14.308498,29675.15,nan,16.276806
nan,nan,nan,nan,nan,nan,nan,nan,-7.3786592,10.257822,0.023194406,14.399907,29666.088,nan,16.347622
nan,nan,nan,nan,nan,nan,nan,nan,-7.3763628,10.359896,0.02366999,14.491288,29656.836,nan,16.418421
nan,nan,nan,nan,nan,nan,nan,nan,-7.3740201,10.450454,0.024145426,14.582641,29647.396,nan,16.489202
nan,nan,nan,nan,nan,nan,nan,nan,-7.3716311,10.538879,0.024620708,14.673961,29637.771,nan,16.559967
nan,nan,nan,nan,nan,nan,nan,nan,-7.369195,10.657018,0.025095835,14.765246,29627.957,nan,16.630718
nan,nan,nan,nan,nan,nan,nan,nan,-7.3667126,10.663841,0.025570804,14.856496,29617.955,nan,16.701454
nan,nan,nan,nan,nan,nan,nan,nan,-7.3641839,10.701941,0.026045611,14.947704,29607.766,nan,16.772177
nan,nan,nan,nan,nan,nan,nan,nan,-7.361608,10.78596,0.026520254,15.038873,29597.389,nan,16.842888
nan,nan,nan,nan,nan,nan,nan,nan,-7.3589864,10.899406,0.026994729,15.129995,29586.826,nan,16.913588
nan,nan,nan,nan,nan,nan,nan,nan,-7.356318,10.991671,0.027469035,15.221072,29576.074,nan,16.984276
nan,nan,nan,nan,nan,nan,nan,nan,-7.3536029,11.150752,0.027943166,15.3121,29565.135,nan,17.054956
nan,nan,nan,nan,nan,nan,nan,nan,-7.3508415,11.246428,0.02841712,15.403076,29554.01,nan,17.125629
nan,nan,nan,nan,nan,nan,nan,nan,-7.3480339,11.296043,0.028890897,15.493999,29542.697,nan,17.196295
nan,nan,nan,nan,nan,nan,nan,nan,-7.3451796,11.383048,0.029364489,15.584867,29531.197,nan,17.266954
nan,nan,nan,nan,nan,nan,nan,nan,-7.342279,11.489671,0.029837895,15.675674,29519.512,nan,17.337608
nan,nan,nan,nan,nan,nan,nan,nan,-7.3393321,11.547957,0.030311115,15.766423,29507.637,nan,17.408258
nan,nan,nan,nan,nan,nan,nan,nan,-7.3363385,11.647614,0.030784141,15.857108,29495.578,nan,17.478907
nan,nan,nan,nan,nan,nan,nan,nan,-7.3332987,11.747128,0.031256974,15.947729,29483.33,nan,17.549551
nan,nan,nan,nan,nan,nan,nan,nan,-7.3302131,11.78793,0.031729609,16.038282,29470.896,nan,17.620193
nan,nan,nan,nan,nan,nan,nan,nan,-7.3270807,11.83527,0.032202046,16.128767,29458.277,nan,17.690838
nan,nan,nan,nan,nan,nan,nan,nan,-7.3239021,11.99293,0.032674275,16.219181,29445.471,nan,17.76148
nan,nan,nan,nan,nan,nan,nan,nan,-7.3206773,12.060315,0.033146303,16.309521,29432.477,nan,17.832127
nan,nan,nan,nan,nan,nan,nan,nan,-7.3174062,12.166369,0.033618119,16.399786,29419.299,nan,17.902775
nan,nan,nan,nan,nan,nan,nan,nan,-7.3140888,12.242854,0.034089722,16.489973,29405.932,nan,17.973427
nan,nan,nan,nan,nan,nan,nan,nan,-7.3107252,12.280669,0.034561109,16.58008,29392.381,nan,18.044083
nan,nan,nan,nan,nan,nan,nan,nan,-7.3073153,12.344785,0.03503228,16.670107,29378.643,nan,18.114742
nan,nan,nan,nan,nan,nan,nan,nan,-7.3038597,12.512396,0.035503227,16.76005,29364.719,nan,18.18541
nan,nan,nan,nan,nan,nan,nan,nan,-7.3003578,12.53827,0.035973951,16.849909,29350.609,nan,18.256084
nan,nan,nan,nan,nan,nan,nan,nan,-7.2968097,12.715405,0.036444448,16.93968,29336.314,nan,18.326765
nan,nan,nan,nan,nan,nan,nan,nan,-7.2932153,12.723367,0.036914714,17.029362,29321.834,nan,18.397457
nan,nan,nan,nan,nan,nan,nan,nan,-7.2895751,12.811224,0.037384748,17.118954,29307.168,nan,18.468157
nan,nan,nan,nan,nan,nan,nan,nan,-7.2858887,12.932063,0.037854545,17.208454,29292.314,nan,18.538868
nan,nan,nan,nan,nan,nan,nan,nan,-7.2821565,12.983384,0.038324103,17.297859,29277.277,nan,18.609589
nan,nan,nan,nan,nan,nan,nan,nan,-7.278378,13.099248,0.038793419,17.387169,29262.055,nan,18.680323
nan,nan,nan,nan,nan,nan,nan,nan,-7.2745538,13.235868,0.039262492,17.476381,29246.646,nan,18.751068
nan,nan,nan,nan,nan,nan,nan,nan,-7.2706838,13.233308,0.039731313,17.565493,29231.053,nan,18.821829
nan,nan,nan,nan,nan,nan,nan,nan,-7.2667675,13.363956,0.040199887,17.654505,29215.275,nan,18.892601
nan,nan,nan,nan,nan,nan,nan,nan,-7.2628055,13.403051,0.040668204,17.743416,29199.311,nan,18.96339
nan,nan,nan,nan,nan,nan,nan,nan,-7.2587972,13.520621,0.041136265,17.832222,29183.164,nan,19.034195
nan,nan,nan,nan,nan,nan,nan,nan,-7.2547436,13.576918,0.041604068,17.920923,29166.83,nan,19.105017
nan,nan,nan,nan,nan,nan,nan,nan,-7.2506437,13.721498,0.042071607,18.009518,29150.312,nan,19.175854
nan,nan,nan,nan,nan,nan,nan,nan,-7.2464986,13.807508,0.042538878,18.098003,29133.611,nan,19.24671
nan,nan,nan,nan,nan,nan,nan,nan,-7.2423072,13.875035,0.043005884,18.18638,29116.725,nan,19.317583
nan,nan,nan,nan,nan,nan,nan,nan,-7.2380705,13.955926,0.043472614,18.274645,29099.654,nan,19.388477
nan,nan,nan,nan,nan,nan,nan,nan,-7.2337875,14.035254,0.043939073,18.362799,29082.398,nan,19.459389
nan,nan,nan,nan,nan,nan,nan,nan,-7.2294593,14.180261,0.044405255,18.45084,29064.961,nan,19.530323
nan,nan,nan,nan,nan,nan,nan,nan,-7.2250853,14.212958,0.044871155,18.538765,29047.338,nan,19.601276
nan,nan,nan,nan,nan,nan,nan,nan,-7.2206655,14.232292,0.045336772,18.626575,29029.531,nan,19.672251
nan,nan,nan,nan,nan,nan,nan,nan,-7.2162004,14.432601,0.045802101,18.714268,29011.539,nan,19.743248
nan,nan,nan,nan,nan,nan,nan,nan,-7.2116895,14.47525,0.046267141,18.801842,28993.365,nan,19.814268
nan,nan,nan,nan,nan,nan,nan,nan,-7.2071333,14.53368,0.046731889,18.889297,28975.008,nan,19.885311
nan,nan,nan,nan,nan,nan,nan,nan,-7.2025313,14.643003,0.047196344,18.976633,28956.467,nan,19.956377
nan,nan,nan,nan,nan,nan,nan,nan,-7.1978836,14.71309,0.0476605,19.063847,28937.742,nan,20.027466
nan,nan,nan,nan,nan,nan,nan,nan,-7.1931911,14.805639,0.048124351,19.150938,28918.834,nan,20.098579
nan,nan,nan,nan,nan,nan,nan,nan,-7.1884527,14.903589,0.048587903,19.237907,28899.744,nan,20.16972
nan,nan,nan,nan,nan,nan,nan,nan,-7.1836686,15.023292,0.049051147,19.324753,28880.471,nan,20.240883
nan,nan,nan,nan,nan,nan,nan,nan,-7.1788397,15.096648,0.049514078,19.411472,28861.014,nan,20.312073
nan,nan,nan,nan,nan,nan,nan,nan,-7.1739655,15.142709,0.049976699,19.498066,28841.375,nan,20.383287
nan,nan,nan,nan,nan,nan,nan,nan,-7.1690454,15.234262,0.050439004,19.584534,28821.553,nan,20.454531
nan,nan,nan,nan,nan,nan,nan,nan,-7.1640806,15.31359,0.050900992,19.670874,28801.549,nan,20.525799
nan,nan,nan,nan,nan,nan,nan,nan,-7.15907,15.469543,0.051362656,19.757086,28781.361,nan,20.597094
nan,nan,nan,nan,nan,nan,nan,nan,-7.1540146,15.536076,0.051823996,19.84317,28760.992,nan,20.668415
nan,nan,nan,nan,nan,nan,nan,nan,-7.1489139,15.561381,0.052285008,19.929125,28740.441,nan,20.739765
nan,nan,nan,nan,nan,nan,nan,nan,-7.1437678,15.639287,0.052745692,20.014948,28719.709,nan,20.811142
nan,nan,nan,nan,nan,nan,nan,nan,-7.138577,15.643978,0.053206041,20.100643,28698.795,nan,20.882547
nan,nan,nan,nan,nan,nan,nan,nan,-7.1333408,15.842012,0.053666055,20.186207,28677.699,nan,20.953979
nan,nan,nan,nan,nan,nan,nan,nan,-7.1280599,15.917501,0.05412573,20.271639,28656.42,nan,21.025442
nan,nan,nan,nan,nan,nan,nan,nan,-7.1227336,15.947355,0.054585062,20.356937,28634.961,nan,21.096931
nan,nan,nan,nan,nan,nan,nan,nan,-7.1173625,16.103025,0.055044051,20.442106,28613.32,nan,21.168449
nan,nan,nan,nan,nan,nan,nan,nan,-7.1119466,16.19401,0.05550269,20.527142,28591.5,nan,21.239994
nan,nan,nan,nan,nan,nan,nan,nan,-7.1064854,16.226139,0.055960979,20.612043,28569.496,nan,21.311569
nan,nan,nan,nan,nan,nan,nan,nan,-7.1009793,16.358067,0.056418914,20.696812,28547.312,nan,21.383173
nan,nan,nan,nan,nan,nan,nan,nan,-7.0954285,16.381523,0.056876495,20.781448,28524.949,nan,21.454805
nan,nan,nan,nan,nan,nan,nan,nan,-7.0898328,16.530796,0.057333715,20.86595,28502.404,nan,21.526466
nan,nan,nan,nan,nan,nan,nan,nan,-7.0841928,16.651209,0.057790574,20.950317,28479.68,nan,21.598154
nan,nan,nan,nan,nan,nan,nan,nan,-7.0785074,16.668978,0.058247067,21.03455,28456.773,nan,21.669872
nan,nan,nan,nan,nan,nan,nan,nan,-7.0727777,16.733236,0.058703192,21.11865,28433.688,nan,21.741617
nan,nan,nan,nan,nan,nan,nan,nan,-7.0670033,16.876537,0.059158947,21.202616,28410.422,nan,21.813393
nan,nan,nan,nan,nan,nan,nan,nan,-7.0611839,16.913784,0.059614327,21.286446,28386.977,nan,21.885195
nan,nan,nan,nan,nan,nan,nan,nan,-7.0553203,16.938379,0.06006933,21.370142,28363.352,nan,21.957026
nan,nan,nan,nan,nan,nan,nan,nan,-7.0494118,17.129873,0.060523957,21.453703,28339.547,nan,22.028883
nan,nan,nan,nan,nan,nan,nan,nan,-7.0434589,17.201809,0.060978197,21.53713,28315.562,nan,22.100769
nan,nan,nan,nan,nan,nan,nan,nan,-7.0374618,17.221285,0.061432056,21.620424,28291.4,nan,22.172684
nan,nan,nan,nan,nan,nan,nan,nan,-7.0314198,17.319378,0.061885525,21.703585,28267.057,nan,22.244623
nan,nan,nan,nan,nan,nan,nan,nan,-7.0253339,17.453865,0.062338602,21.78661,28242.535,nan,22.316591
nan,nan,nan,nan,nan,nan,nan,nan,-7.0192032,17.447041,0.062791288,21.869501,28217.836,nan,22.388586
nan,nan,nan,nan,nan,nan,nan,nan,-7.0130281,17.576124,0.063243575,21.952259,28192.957,nan,22.460606
nan,nan,nan,nan,nan,nan,nan,nan,-7.0068088,17.686871,0.063695461,22.034883,28167.9,nan,22.532652
nan,nan,nan,nan,nan,nan,nan,nan,-7.0005455,17.756247,0.064146951,22.117374,28142.664,nan,22.604723
nan,nan,nan,nan,nan,nan,nan,nan,-6.9942379,17.817093,0.064598031,22.199734,28117.25,nan,22.676821
nan,nan,nan,nan,nan,nan,nan,nan,-6.987886,17.922152,0.065048702,22.28196,28091.658,nan,22.748941
nan,nan,nan,nan,nan,nan,nan,nan,-6.9814897,18.02849,0.065498963,22.364054,28065.889,nan,22.821089
nan,nan,nan,nan,nan,nan,nan,nan,-6.9750495,18.175772,0.065948814,22.446016,28039.941,nan,22.893257
nan,nan,nan,nan,nan,nan,nan,nan,-6.9685655,18.217426,0.066398248,22.527847,28013.816,nan,22.96545
nan,nan,nan,nan,nan,nan,nan,nan,-6.9620376,18.292629,0.066847257,22.609547,27987.516,nan,23.037666
nan,nan,nan,nan,nan,nan,nan,nan,-6.9554653,18.405651,0.067295849,22.691116,27961.035,nan,23.109905
nan,nan,nan,nan,nan,nan,nan,nan,-6.9488492,18.441759,0.067744009,22.772558,27934.379,nan,23.182165
nan,nan,nan,nan,nan,nan,nan,nan,-6.9421892,18.632687,0.068191752,22.853868,27907.545,nan,23.254446
nan,nan,nan,nan,nan,nan,nan,nan,-6.9354854,18.541132,0.068639055,22.935051,27880.535,nan,23.326746
nan,nan,nan,nan,nan,nan,nan,nan,-6.9287376,18.69467,0.069085926,23.016106,27853.35,nan,23.399067
nan,nan,nan,nan,nan,nan,nan,nan,-6.921946,18.778261,0.069532365,23.097033,27825.986,nan,23.471407
nan,nan,nan,nan,nan,nan,nan,nan,-6.9151111,18.871378,0.069978364,23.177832,27798.447,nan,23.543766
nan,nan,nan,nan,nan,nan,nan,nan,-6.9082322,18.887444,0.070423916,23.258505,27770.732,nan,23.616142
nan,nan,nan,nan,nan,nan,nan,nan,-6.9013095,19.029749,0.070869029,23.339054,27742.842,nan,23.688538
nan,nan,nan,nan,nan,nan,nan,nan,-6.8943439,19.068701,0.071313687,23.419477,27714.775,nan,23.760946
nan,nan,nan,nan,nan,nan,nan,nan,-6.8873339,19.190678,0.071757898,23.499777,27686.535,nan,23.833372
nan,nan,nan,nan,nan,nan,nan,nan,-6.880281,19.238018,0.072201662,23.579952,27658.117,nan,23.905811
nan,nan,nan,nan,nan,nan,nan,nan,-6.8731842,19.437475,0.072644964,23.660006,27629.525,nan,23.978266
nan,nan,nan,nan,nan,nan,nan,nan,-6.8660445,19.471878,0.073087804,23.739937,27600.758,nan,24.050734
nan,nan,nan,nan,nan,nan,nan,nan,-6.858861,19.532013,0.07353019,23.819748,27571.816,nan,24.123213
nan,nan,nan,nan,nan,nan,nan,nan,-6.8516345,19.595135,0.073972106,23.899439,27542.699,nan,24.195704
nan,nan,nan,nan,nan,nan,nan,nan,-6.8443646,19.656265,0.074413553,23.979012,27513.41,nan,24.268204
nan,nan,nan,nan,nan,nan,nan,nan,-6.8370514,19.851597,0.074854538,24.058466,27483.945,nan,24.340714
nan,nan,nan,nan,nan,nan,nan,nan,-6.8296947,19.830557,0.075295046,24.137802,27454.305,nan,24.413233
nan,nan,nan,nan,nan,nan,nan,nan,-6.8222952,19.900644,0.075735077,24.217022,27424.492,nan,24.48576
nan,nan,nan,nan,nan,nan,nan,nan,-6.8148527,20.003428,0.076174632,24.296125,27394.506,nan,24.558292
nan,nan,nan,nan,nan,nan,nan,nan,-6.8073673,20.051195,0.076613702,24.375114,27364.348,nan,24.630831
nan,nan,nan,nan,nan,nan,nan,nan,-6.7998385,20.178432,0.077052288,24.453991,27334.014,nan,24.703373
nan,nan,nan,nan,nan,nan,nan,nan,-6.7922668,20.327988,0.077490389,24.532755,27303.508,nan,24.775921
nan,nan,nan,nan,nan,nan,nan,nan,-6.7846522,20.330832,0.077928007,24.611408,27272.828,nan,24.848469
nan,nan,nan,nan,nan,nan,nan,nan,-6.7769952,20.42864,0.078365125,24.689949,27241.977,nan,24.921019
nan,nan,nan,nan,nan,nan,nan,nan,-6.7692947,20.581751,0.078801751,24.768381,27210.953,nan,24.99357
nan,nan,nan,nan,nan,nan,nan,nan,-6.7615519,20.595966,0.079237878,24.846704,27179.758,nan,25.06612
nan,nan,nan,nan,nan,nan,nan,nan,-6.7537661,20.653543,0.079673506,24.924921,27148.389,nan,25.138666
nan,nan,nan,nan,nan,nan,nan,nan,-6.7459378,20.69932,0.080108628,25.003033,27116.848,nan,25.211212
nan,nan,nan,nan,nan,nan,nan,nan,-6.7380672,20.857548,0.080543242,25.081038,27085.137,nan,25.283751
nan,nan,nan,nan,nan,nan,nan,nan,-6.7301536,20.890673,0.08097735,25.158937,27053.252,nan,25.356285
nan,nan,nan,nan,nan,nan,nan,nan,-6.7221975,20.998005,0.081410952,25.236736,27021.197,nan,25.428812
nan,nan,nan,nan,nan,nan,nan,nan,-6.7141991,21.02985,0.081844032,25.314432,26988.973,nan,25.501333
nan,nan,nan,nan,nan,nan,nan,nan,-6.7061582,21.12709,0.082276598,25.392029,26956.576,nan,25.573843
nan,nan,nan,nan,nan,nan,nan,nan,-6.6980748,21.276361,0.082708642,25.469524,26924.008,nan,25.646341
nan,nan,nan,nan,nan,nan,nan,nan,-6.6899495,21.31105,0.083140172,25.546923,26891.27,nan,25.71883
nan,nan,nan,nan,nan,nan,nan,nan,-6.6817818,21.359528,0.083571166,25.624222,26858.363,nan,25.791306
nan,nan,nan,nan,nan,nan,nan,nan,-6.6735716,21.466862,0.084001638,25.701427,26825.285,nan,25.863766
nan,nan,nan,nan,nan,nan,nan,nan,-6.6653194,21.542492,0.084431581,25.778536,26792.037,nan,25.936211
nan,nan,nan,nan,nan,nan,nan,nan,-6.6570253,21.618834,0.084860988,25.855553,26758.619,nan,26.008638
nan,nan,nan,nan,nan,nan,nan,nan,-6.6486893,21.76313,0.085289858,25.932476,26725.031,nan,26.081047
nan,nan,nan,nan,nan,nan,nan,nan,-6.6403108,21.786161,0.085718185,26.009308,26691.275,nan,26.153437
nan,nan,nan,nan,nan,nan,nan,nan,-6.6318908,21.890652,0.086145975,26.08605,26657.35,nan,26.225805
nan,nan,nan,nan,nan,nan,nan,nan,-6.6234283,21.98917,0.086573221,26.162703,26623.256,nan,26.298151
nan,nan,nan,nan,nan,nan,nan,nan,-6.6149244,22.038927,0.086999923,26.239269,26588.994,nan,26.370474
nan,nan,nan,nan,nan,nan,nan,nan,-6.6063786,22.168297,0.087426074,26.315748,26554.562,nan,26.44277
nan,nan,nan,nan,nan,nan,nan,nan,-6.5977912,22.221325,0.087851673,26.392141,26519.965,nan,26.515041
nan,nan,nan,nan,nan,nan,nan,nan,-6.5891619,22.318848,0.088276714,26.468452,26485.197,nan,26.587282
nan,nan,nan,nan,nan,nan,nan,nan,-6.5804915,22.428598,0.088701196,26.54468,26450.262,nan,26.659494
nan,nan,nan,nan,nan,nan,nan,nan,-6.5717788,22.506504,0.089125127,26.620825,26415.16,nan,26.731676
nan,nan,nan,nan,nan,nan,nan,nan,-6.563025,22.573036,0.089548483,26.69689,26379.891,nan,26.803825
nan,nan,nan,nan,nan,nan,nan,nan,-6.5542297,22.612558,0.089971282,26.772875,26344.455,nan,26.87594
nan,nan,nan,nan,nan,nan,nan,nan,-6.545393,22.689611,0.090393513,26.848783,26308.852,nan,26.948021
nan,nan,nan,nan,nan,nan,nan,nan,-6.5365152,22.812725,0.090815164,26.924614,26273.082,nan,27.020063
nan,nan,nan,nan,nan,nan,nan,nan,-6.527596,22.842154,0.091236249,27.00037,26237.146,nan,27.092068
nan,nan,nan,nan,nan,nan,nan,nan,-6.5186353,22.866035,0.091656759,27.07605,26201.043,nan,27.164034
nan,nan,nan,nan,nan,nan,nan,nan,-6.5096335,22.930294,0.092076689,27.151659,26164.775,nan,27.235956
nan,nan,nan,nan,nan,nan,nan,nan,-6.5005908,23.14752,0.09249603,27.227196,26128.342,nan,27.307838
nan,nan,nan,nan,nan,nan,nan,nan,-6.4915066,23.189032,0.092914797,27.30266,26091.742,nan,27.379673
nan,nan,nan,nan,nan,nan,nan,nan,-6.4823818,23.225569,0.093332969,27.378056,26054.979,nan,27.451464
nan,nan,nan,nan,nan,nan,nan,nan,-6.4732161,23.334324,0.093750559,27.453384,26018.049,nan,27.523207
nan,nan,nan,nan,nan,nan,nan,nan,-6.4640093,23.382376,0.094167553,27.528645,25980.955,nan,27.594902
nan,nan,nan,nan,nan,nan,nan,nan,-6.4547615,23.441515,0.094583951,27.603838,25943.695,nan,27.666546
nan,nan,nan,nan,nan,nan,nan,nan,-6.4454732,23.621637,0.094999753,27.678968,25906.273,nan,27.738136
nan,nan,nan,nan,nan,nan,nan,nan,-6.4361439,23.604151,0.095414951,27.754034,25868.686,nan,27.809675
nan,nan,nan,nan,nan,nan,nan,nan,-6.4267745,23.703949,0.095829546,27.829037,25830.936,nan,27.881159
nan,nan,nan,nan,nan,nan,nan,nan,-6.4173641,23.828485,0.096243545,27.903978,25793.021,nan,27.952585
nan,nan,nan,nan,nan,nan,nan,nan,-6.4079132,23.823225,0.096656926,27.978861,25754.943,nan,28.023954
nan,nan,nan,nan,nan,nan,nan,nan,-6.3984218,23.973635,0.097069703,28.053682,25716.703,nan,28.095263
nan,nan,nan,nan,nan,nan,nan,nan,-6.3888903,24.019979,0.097481862,28.128448,25678.299,nan,28.166512
nan,nan,nan,nan,nan,nan,nan,nan,-6.3793178,24.177639,0.097893409,28.203156,25639.732,nan,28.237696
nan,nan,nan,nan,nan,nan,nan,nan,-6.3697057,24.138685,0.098304339,28.277807,25601.004,nan,28.308817
nan,nan,nan,nan,nan,nan,nan,nan,-6.3600531,24.239195,0.098714642,28.352404,25562.113,nan,28.379871
nan,nan,nan,nan,nan,nan,nan,nan,-6.3503599,24.378515,0.099124327,28.426947,25523.062,nan,28.450859
nan,nan,nan,nan,nan,nan,nan,nan,-6.3406272,24.405243,0.099533387,28.501436,25483.848,nan,28.521778
nan,nan,nan,nan,nan,nan,nan,nan,-6.3308544,24.562334,0.099941812,28.575874,25444.473,nan,28.592627
nan,nan,nan,nan,nan,nan,nan,nan,-6.3210411,24.60285,0.10034961,28.650263,25404.936,nan,28.663403
nan,nan,nan,nan,nan,nan,nan,nan,-6.3111882,24.673506,0.10075677,28.724602,25365.238,nan,28.734106
nan,nan,nan,nan,nan,nan,nan,nan,-6.3012958,24.815527,0.1011633,28.798891,25325.381,nan,28.804733
nan,nan,nan,nan,nan,nan,nan,nan,-6.2913632,24.847372,0.10156918,28.873133,25285.361,nan,28.875286
nan,nan,nan,nan,nan,nan,nan,nan,-6.2813907,24.877369,0.10197443,28.947329,25245.184,nan,28.945759
nan,nan,nan,nan,nan,nan,nan,nan,-6.271379,24.944613,0.10237903,29.021479,25204.846,nan,29.016153
nan,nan,nan,nan,nan,nan,nan,nan,-6.2613273,25.067299,0.10278299,29.095583,25164.348,nan,29.086466
nan,nan,nan,nan,nan,nan,nan,nan,-6.251236,25.111654,0.10318629,29.169645,25123.689,nan,29.156696
nan,nan,nan,nan,nan,nan,nan,nan,-6.2411056,25.218845,0.10358895,29.243662,25082.873,nan,29.226841
nan,nan,nan,nan,nan,nan,nan,nan,-6.2309356,25.314522,0.10399095,29.317638,25041.898,nan,29.296902
nan,nan,nan,nan,nan,nan,nan,nan,-6.220726,25.422424,0.10439229,29.391573,25000.764,nan,29.366877
nan,nan,nan,nan,nan,nan,nan,nan,-6.2104774,25.456118,0.10479297,29.465467,24959.473,nan,29.436762
nan,nan,nan,nan,nan,nan,nan,nan,-6.2001891,25.477015,0.105193,29.539322,24918.021,nan,29.506557
nan,nan,nan,nan,nan,nan,nan,nan,-6.1898623,25.569847,0.10559236,29.613138,24876.414,nan,29.57626
nan,nan,nan,nan,nan,nan,nan,nan,-6.1794958,25.697653,0.10599104,29.686916,24834.648,nan,29.645872
nan,nan,nan,nan,nan,nan,nan,nan,-6.1690907,25.729782,0.10638906,29.760656,24792.727,nan,29.715389
nan,nan,nan,nan,nan,nan,nan,nan,-6.1586466,25.81707,0.10678641,29.83436,24750.646,nan,29.784809
nan,nan,nan,nan,nan,nan,nan,nan,-6.1481633,25.806551,0.10718308,29.90803,24708.41,nan,29.854134
nan,nan,nan,nan,nan,nan,nan,nan,-6.1376414,25.957102,0.10757908,29.981663,24666.018,nan,29.923359
nan,nan,nan,nan,nan,nan,nan,nan,-6.1270809,26.045385,0.1079744,30.055262,24623.467,nan,29.992485
nan,nan,nan,nan,nan,nan,nan,nan,-6.1164813,26.126135,0.10836904,30.128826,24580.762,nan,30.061508
nan,nan,nan,nan,nan,nan,nan,nan,-6.1058435,26.200912,0.10876299,30.202358,24537.902,nan,30.13043
nan,nan,nan,nan,nan,nan,nan,nan,-6.0951667,26.306683,0.10915625,30.275858,24494.887,nan,30.199247
nan,nan,nan,nan,nan,nan,nan,nan,-6.0844517,26.387289,0.10954882,30.349327,24451.715,nan,30.26796
nan,nan,nan,nan,nan,nan,nan,nan,-6.073698,26.326302,0.10994071,30.422764,24408.389,nan,30.336565
nan,nan,nan,nan,nan,nan,nan,nan,-6.0629063,26.534714,0.11033189,30.496168,24364.908,nan,30.405062
nan,nan,nan,nan,nan,nan,nan,nan,-6.0520763,26.560444,0.11072239,30.569544,24321.273,nan,30.47345
nan,nan,nan,nan,nan,nan,nan,nan,-6.0412078,26.64361,0.11111218,30.642891,24277.484,nan,30.541727
nan,nan,nan,nan,nan,nan,nan,nan,-6.0303011,26.781225,0.11150127,30.716208,24233.541,nan,30.609894
nan,nan,nan,nan,nan,nan,nan,nan,-6.0193563,26.856714,0.11188965,30.789495,24189.445,nan,30.677946
nan,nan,nan,nan,nan,nan,nan,nan,-6.0083737,26.922819,0.11227733,30.862755,24145.195,nan,30.745884
nan,nan,nan,nan,nan,nan,nan,nan,-5.9973531,26.925522,0.1126643,30.935987,24100.793,nan,30.813705
nan,nan,nan,nan,nan,nan,nan,nan,-5.9862947,27.058159,0.11305056,31.009192,24056.238,nan,30.881413
nan,nan,nan,nan,nan,nan,nan,nan,-5.9751983,27.122133,0.1134361,31.082369,24011.531,nan,30.948999
nan,nan,nan,nan,nan,nan,nan,nan,-5.9640641,27.162508,0.11382093,31.155519,23966.672,nan,31.016468
nan,nan,nan,nan,nan,nan,nan,nan,-5.9528923,27.286474,0.11420504,31.228645,23921.66,nan,31.083815
nan,nan,nan,nan,nan,nan,nan,nan,-5.9416828,27.329266,0.11458842,31.301743,23876.498,nan,31.151041
nan,nan,nan,nan,nan,nan,nan,nan,-5.9304361,27.443565,0.11497109,31.374815,23831.184,nan,31.218145
nan,nan,nan,nan,nan,nan,nan,nan,-5.9191518,27.529575,0.11535303,31.447861,23785.719,nan,31.285124
nan,nan,nan,nan,nan,nan,nan,nan,-5.9078302,27.591558,0.11573423,31.520882,23740.104,nan,31.35198
nan,nan,nan,nan,nan,nan,nan,nan,-5.896471,27.609898,0.11611471,31.593878,23694.338,nan,31.418709
nan,nan,nan,nan,nan,nan,nan,nan,-5.8850746,27.738981,0.11649445,31.666847,23648.422,nan,31.48531
nan,nan,nan,nan,nan,nan,nan,nan,-5.873641,27.78945,0.11687346,31.739794,23602.357,nan,31.551785
nan,nan,nan,nan,nan,nan,nan,nan,-5.8621707,27.868635,0.11725173,31.812716,23556.143,nan,31.618128
nan,nan,nan,nan,nan,nan,nan,nan,-5.8506632,27.934456,0.11762926,31.885611,23509.777,nan,31.684343
nan,nan,nan,nan,nan,nan,nan,nan,-5.8391185,27.979807,0.11800604,31.958483,23463.264,nan,31.750427
nan,nan,nan,nan,nan,nan,nan,nan,-5.8275371,28.064537,0.11838208,32.03133,23416.604,nan,31.816378
nan,nan,nan,nan,nan,nan,nan,nan,-5.8159189,28.103632,0.11875737,32.104153,23369.793,nan,31.882196
nan,nan,nan,nan,nan,nan,nan,nan,-5.8042636,28.244801,0.11913192,32.176949,23322.834,nan,31.947882
nan,nan,nan,nan,nan,nan,nan,nan,-5.792572,28.30266,0.11950571,32.249722,23275.729,nan,32.013432
nan,nan,nan,nan,nan,nan,nan,nan,-5.7808437,28.335217,0.11987875,32.322468,23228.477,nan,32.078846
nan,nan,nan,nan,nan,nan,nan,nan,-5.7690792,28.482924,0.12025102,32.395191,23181.076,nan,32.144123
nan,nan,nan,nan,nan,nan,nan,nan,-5.757278,28.530407,0.12062254,32.467892,23133.527,nan,32.209263
nan,nan,nan,nan,nan,nan,nan,nan,-5.7454405,28.596798,0.12099329,32.540565,23085.834,nan,32.274265
nan,nan,nan,nan,nan,nan,nan,nan,-5.7335663,28.578032,0.12136329,32.613213,23037.994,nan,32.339127
nan,nan,nan,nan,nan,nan,nan,nan,-5.7216563,28.713514,0.12173252,32.685833,22990.01,nan,32.403851
nan,nan,nan,nan,nan,nan,nan,nan,-5.7097101,28.79142,0.12210097,32.75843,22941.877,nan,32.468433
nan,nan,nan,nan,nan,nan,nan,nan,-5.6977282,28.913681,0.12246866,32.831001,22893.602,nan,32.532875
nan,nan,nan,nan,nan,nan,nan,nan,-5.6857095,28.96287,0.12283557,32.903545,22845.18,nan,32.597176
nan,nan,nan,nan,nan,nan,nan,nan,-5.6736555,28.97538,0.12320171,32.976063,22796.613,nan,32.661331
nan,nan,nan,nan,nan,nan,nan,nan,-5.6615653,29.128206,0.12356706,33.048557,22747.902,nan,32.725346
nan,nan,nan,nan,nan,nan,nan,nan,-5.6494398,29.194454,0.12393164,33.121021,22699.047,nan,32.789215
nan,nan,nan,nan,nan,nan,nan,nan,-5.6372781,29.229425,0.12429544,33.193455,22650.049,nan,32.85294
nan,nan,nan,nan,nan,nan,nan,nan,-5.6250811,29.346994,0.12465844,33.265865,22600.906,nan,32.916523
nan,nan,nan,nan,nan,nan,nan,nan,-5.6128483,29.374859,0.12502067,33.338245,22551.621,nan,32.979958
nan,nan,nan,nan,nan,nan,nan,nan,-5.6005802,29.452196,0.1253821,33.410595,22502.193,nan,33.043243
nan,nan,nan,nan,nan,nan,nan,nan,-5.5882769,29.462149,0.12574273,33.482918,22452.621,nan,33.106384
nan,nan,nan,nan,nan,nan,nan,nan,-5.5759382,29.590948,0.12610258,33.55521,22402.908,nan,33.16938
nan,nan,nan,nan,nan,nan,nan,nan,-5.5635643,29.662457,0.12646163,33.627472,22353.055,nan,33.232224
nan,nan,nan,nan,nan,nan,nan,nan,-5.5511551,29.773912,0.12681988,33.699703,22303.059,nan,33.294922
nan,nan,nan,nan,nan,nan,nan,nan,-5.5387111,29.808886,0.12717733,33.771904,22252.92,nan,33.357471
nan,nan,nan,nan,nan,nan,nan,nan,-5.5262318,29.930151,0.12753397,33.84407,22202.643,nan,33.419872
nan,nan,nan,nan,nan,nan,nan,nan,-5.5137177,30.006636,0.12788981,33.916206,22152.223,nan,33.482124
nan,nan,nan,nan,nan,nan,nan,nan,-5.5011687,30.022984,0.12824485,33.988308,22101.662,nan,33.544224
nan,nan,nan,nan,nan,nan,nan,nan,-5.4885855,30.110983,0.12859908,34.060375,22050.963,nan,33.606174
nan,nan,nan,nan,nan,nan,nan,nan,-5.4759669,30.219597,0.12895249,34.132408,22000.125,nan,33.667976
nan,nan,nan,nan,nan,nan,nan,nan,-5.4633141,30.162163,0.12930508,34.204403,21949.145,nan,33.729626
nan,nan,nan,nan,nan,nan,nan,nan,-5.4506269,30.313566,0.12965685,34.276363,21898.027,nan,33.791122
nan,nan,nan,nan,nan,nan,nan,nan,-5.4379048,30.375549,0.13000782,34.348289,21846.771,nan,33.85247
nan,nan,nan,nan,nan,nan,nan,nan,-5.4251485,30.477055,0.13035795,34.420174,21795.377,nan,33.913666
nan,nan,nan,nan,nan,nan,nan,nan,-5.4123583,30.508331,0.13070728,34.492023,21743.844,nan,33.974709
nan,nan,nan,nan,nan,nan,nan,nan,-5.3995337,30.604433,0.13105576,34.563831,21692.174,nan,34.035599
nan,nan,nan,nan,nan,nan,nan,nan,-5.3866749,30.700678,0.13140342,34.635601,21640.365,nan,34.09634
nan,nan,nan,nan,nan,nan,nan,nan,-5.3737822,30.834169,0.13175026,34.707325,21588.42,nan,34.156925
nan,nan,nan,nan,nan,nan,nan,nan,-5.3608556,30.761097,0.13209626,34.779011,21536.338,nan,34.217361
nan,nan,nan,nan,nan,nan,nan,nan,-5.3478947,30.945625,0.13244142,34.850655,21484.121,nan,34.277641
nan,nan,nan,nan,nan,nan,nan,nan,-5.3349004,30.990265,0.13278575,34.922253,21431.766,nan,34.337772
nan,nan,nan,nan,nan,nan,nan,nan,-5.3218722,30.968657,0.13312924,34.993805,21379.275,nan,34.397751
nan,nan,nan,nan,nan,nan,nan,nan,-5.3088107,31.187304,0.13347189,35.065311,21326.65,nan,34.457573
nan,nan,nan,nan,nan,nan,nan,nan,-5.2957158,31.186451,0.13381369,35.136772,21273.889,nan,34.517246
nan,nan,nan,nan,nan,nan,nan,nan,-5.2825871,31.185883,0.13415465,35.208183,21220.994,nan,34.576767
nan,nan,nan,nan,nan,nan,nan,nan,-5.2694249,31.3815,0.13449477,35.279549,21167.965,nan,34.636131
nan,nan,nan,nan,nan,nan,nan,nan,-5.2562294,31.375956,0.13483404,35.350861,21114.801,nan,34.695347
nan,nan,nan,nan,nan,nan,nan,nan,-5.243001,31.438223,0.13517244,35.422123,21061.502,nan,34.75441
nan,nan,nan,nan,nan,nan,nan,nan,-5.2297397,31.536459,0.13551,35.493336,21008.07,nan,34.813316
nan,nan,nan,nan,nan,nan,nan,nan,-5.216445,31.598726,0.1358467,35.564491,20954.508,nan,34.872074
nan,nan,nan,nan,nan,nan,nan,nan,-5.2031174,31.647062,0.13618255,35.635593,20900.811,nan,34.930679
nan,nan,nan,nan,nan,nan,nan,nan,-5.1897569,31.702221,0.13651752,35.706638,20846.98,nan,34.989132
nan,nan,nan,nan,nan,nan,nan,nan,-5.1763635,31.755533,0.13685165,35.77763,20793.02,nan,35.047436
nan,nan,nan,nan,nan,nan,nan,nan,-5.1629376,31.814672,0.1371849,35.84856,20738.926,nan,35.105583
nan,nan,nan,nan,nan,nan,nan,nan,-5.1494789,31.94191,0.1375173,35.919434,20684.701,nan,35.163582
nan,nan,nan,nan,nan,nan,nan,nan,-5.1359878,32.029766,0.13784882,35.990242,20630.346,nan,35.221432
nan,nan,nan,nan,nan,nan,nan,nan,-5.1224642,32.084641,0.13817947,36.060993,20575.859,nan,35.279129
nan,nan,nan,nan,nan,nan,nan,nan,-5.1089087,32.197235,0.13850926,36.13168,20521.242,nan,35.336674
nan,nan,nan,nan,nan,nan,nan,nan,-5.0953202,32.161411,0.13883816,36.202301,20466.496,nan,35.39407
nan,nan,nan,nan,nan,nan,nan,nan,-5.0816998,32.3158,0.13916618,36.272858,20411.619,nan,35.451313
nan,nan,nan,nan,nan,nan,nan,nan,-5.0680475,32.423134,0.13949333,36.343349,20356.613,nan,35.508411
nan,nan,nan,nan,nan,nan,nan,nan,-5.0543633,32.399677,0.13981959,36.413769,20301.479,nan,35.565357
nan,nan,nan,nan,nan,nan,nan,nan,-5.0406466,32.41972,0.14014497,36.484119,20246.215,nan,35.622154
nan,nan,nan,nan,nan,nan,nan,nan,-5.0268984,32.60368,0.14046948,36.554401,20190.822,nan,35.678806
nan,nan,nan,nan,nan,nan,nan,nan,-5.0131187,32.620457,0.14079309,36.624607,20135.303,nan,35.735306
nan,nan,nan,nan,nan,nan,nan,nan,-4.9993067,32.686848,0.14111581,36.69474,20079.656,nan,35.79166
nan,nan,nan,nan,nan,nan,nan,nan,-4.9854636,32.74741,0.14143763,36.764801,20023.881,nan,35.847866
nan,nan,nan,nan,nan,nan,nan,nan,-4.9715891,32.855453,0.14175858,36.834782,19967.98,nan,35.903923
nan,nan,nan,nan,nan,nan,nan,nan,-4.9576831,32.876209,0.14207861,36.904686,19911.953,nan,35.959835
nan,nan,nan,nan,nan,nan,nan,nan,-4.9437456,33.00174,0.14239776,36.97451,19855.799,nan,36.015602
nan,nan,nan,nan,nan,nan,nan,nan,-4.9297767,33.003872,0.14271601,37.044254,19799.52,nan,36.071224
nan,nan,nan,nan,nan,nan,nan,nan,-4.9157772,33.073532,0.14303334,37.113914,19743.113,nan,36.126701
nan,nan,nan,nan,nan,nan,nan,nan,-4.9017463,33.175606,0.14334978,37.183491,19686.584,nan,36.182034
nan,nan,nan,nan,nan,nan,nan,nan,-4.8876843,33.217827,0.14366531,37.252979,19629.928,nan,36.237221
nan,nan,nan,nan,nan,nan,nan,nan,-4.8735914,33.341084,0.14397994,37.322384,19573.148,nan,36.292263
nan,nan,nan,nan,nan,nan,nan,nan,-4.859468,33.354023,0.14429367,37.391697,19516.244,nan,36.347164
nan,nan,nan,nan,nan,nan,nan,nan,-4.845314,33.443443,0.14460647,37.460922,19459.217,nan,36.401924
nan,nan,nan,nan,nan,nan,nan,nan,-4.8311291,33.519928,0.14491835,37.530056,19402.066,nan,36.456543
nan,nan,nan,nan,nan,nan,nan,nan,-4.8169141,33.584328,0.14522934,37.599094,19344.793,nan,36.511017
nan,nan,nan,nan,nan,nan,nan,nan,-4.8026681,33.608067,0.14553939,37.668041,19287.398,nan,36.565353
nan,nan,nan,nan,nan,nan,nan,nan,-4.7883921,33.619583,0.14584853,37.736889,19229.879,nan,36.619549
nan,nan,nan,nan,nan,nan,nan,nan,-4.774086,33.758335,0.14615676,37.805637,19172.238,nan,36.673603
nan,nan,nan,nan,nan,nan,nan,nan,-4.7597494,33.793163,0.14646405,37.87429,19114.477,nan,36.727524
nan,nan,nan,nan,nan,nan,nan,nan,-4.7453828,33.914288,0.14677042,37.942841,19056.594,nan,36.781303
nan,nan,nan,nan,nan,nan,nan,nan,-4.7309866,33.961201,0.14707586,38.011288,18998.592,nan,36.834942
nan,nan,nan,nan,nan,nan,nan,nan,-4.7165604,33.95438,0.14738037,38.079628,18940.467,nan,36.888447
nan,nan,nan,nan,nan,nan,nan,nan,-4.7021041,34.090004,0.14768396,38.147865,18882.223,nan,36.941818
nan,nan,nan,nan,nan,nan,nan,nan,-4.6876183,34.177151,0.14798661,38.215992,18823.859,nan,36.995049
nan,nan,nan,nan,nan,nan,nan,nan,-4.6731029,34.208141,0.14828832,38.284012,18765.377,nan,37.048149
nan,nan,nan,nan,nan,nan,nan,nan,-4.6585579,34.289459,0.1485891,38.351921,18706.775,nan,37.101112
nan,nan,nan,nan,nan,nan,nan,nan,-4.6439834,34.3685,0.14888895,38.419716,18648.055,nan,37.153942
nan,nan,nan,nan,nan,nan,nan,nan,-4.6293793,34.385277,0.14918785,38.487396,18589.215,nan,37.206638
nan,nan,nan,nan,nan,nan,nan,nan,-4.6147466,34.513935,0.1494858,38.554962,18530.26,nan,37.259205
nan,nan,nan,nan,nan,nan,nan,nan,-4.6000843,34.53199,0.14978281,38.622406,18471.186,nan,37.311638
nan,nan,nan,nan,nan,nan,nan,nan,-4.585393,34.600086,0.15007888,38.689735,18411.994,nan,37.363941
nan,nan,nan,nan,nan,nan,nan,nan,-4.570673,34.712112,0.150374,38.756943,18352.688,nan,37.416115
nan,nan,nan,nan,nan,nan,nan,nan,-4.5559239,34.743103,0.15066816,38.824024,18293.262,nan,37.468159
nan,nan,nan,nan,nan,nan,nan,nan,-4.5411463,34.785042,0.15096138,38.890984,18233.723,nan,37.520073
nan,nan,nan,nan,nan,nan,nan,nan,-4.5263395,34.917538,0.15125364,38.957817,18174.066,nan,37.571857
nan,nan,nan,nan,nan,nan,nan,nan,-4.5115047,34.968006,0.15154496,39.024525,18114.297,nan,37.623516
nan,nan,nan,nan,nan,nan,nan,nan,-4.4966412,35.061264,0.15183531,39.091099,18054.41,nan,37.675049
nan,nan,nan,nan,nan,nan,nan,nan,-4.4817491,35.055862,0.1521247,39.157543,17994.41,nan,37.726456
nan,nan,nan,nan,nan,nan,nan,nan,-4.4668288,35.153103,0.15241313,39.223858,17934.297,nan,37.777737
nan,nan,nan,nan,nan,nan,nan,nan,-4.4518805,35.175282,0.1527006,39.290031,17874.07,nan,37.828892
nan,nan,nan,nan,nan,nan,nan,nan,-4.4369035,35.252476,0.15298711,39.356071,17813.729,nan,37.879925
nan,nan,nan,nan,nan,nan,nan,nan,-4.4218988,35.284889,0.15327264,39.421974,17753.275,nan,37.930832
nan,nan,nan,nan,nan,nan,nan,nan,-4.4068666,35.347015,0.15355721,39.48774,17692.709,nan,37.981621
nan,nan,nan,nan,nan,nan,nan,nan,-4.3918061,35.377579,0.15384081,39.55336,17632.029,nan,38.032284
nan,nan,nan,nan,nan,nan,nan,nan,-4.3767176,35.475105,0.15412344,39.618835,17571.238,nan,38.082825
nan,nan,nan,nan,nan,nan,nan,nan,-4.3616018,35.583431,0.15440509,39.68417,17510.338,nan,38.133247
nan,nan,nan,nan,nan,nan,nan,nan,-4.3464584,35.659206,0.15468577,39.749355,17449.324,nan,38.183552
nan,nan,nan,nan,nan,nan,nan,nan,-4.3312879,35.678112,0.15496548,39.814392,17388.201,nan,38.233734
nan,nan,nan,nan,nan,nan,nan,nan,-4.3160896,35.730858,0.1552442,39.87928,17326.969,nan,38.283798
nan,nan,nan,nan,nan,nan,nan,nan,-4.3008642,35.804214,0.15552194,39.944016,17265.625,nan,38.333744
nan,nan,nan,nan,nan,nan,nan,nan,-4.2856116,35.844872,0.1557987,40.008595,17204.172,nan,38.383572
nan,nan,nan,nan,nan,nan,nan,nan,-4.2703319,35.964859,0.15607448,40.073021,17142.609,nan,38.433285
nan,nan,nan,nan,nan,nan,nan,nan,-4.2550254,35.987179,0.15634926,40.137291,17080.939,nan,38.48288
nan,nan,nan,nan,nan,nan,nan,nan,-4.2396917,36.03466,0.15662307,40.201401,17019.16,nan,38.53236
nan,nan,nan,nan,nan,nan,nan,nan,-4.2243314,36.110008,0.15689588,40.26535,16957.273,nan,38.581726
nan,nan,nan,nan,nan,nan,nan,nan,-4.2089443,36.209522,0.1571677,40.329136,16895.279,nan,38.630978
nan,nan,nan,nan,nan,nan,nan,nan,-4.193531,36.247196,0.15743853,40.392761,16833.178,nan,38.680115
nan,nan,nan,nan,nan,nan,nan,nan,-4.178091,36.298088,0.15770836,40.456219,16770.969,nan,38.729137
nan,nan,nan,nan,nan,nan,nan,nan,-4.1626244,36.362347,0.15797721,40.519508,16708.654,nan,38.778046
nan,nan,nan,nan,nan,nan,nan,nan,-4.1471314,36.385803,0.15824504,40.582626,16646.234,nan,38.826843
nan,nan,nan,nan,nan,nan,nan,nan,-4.1316128,36.474514,0.15851188,40.645576,16583.709,nan,38.87553
nan,nan,nan,nan,nan,nan,nan,nan,-4.1160679,36.520149,0.15877773,40.708355,16521.078,nan,38.924107
nan,nan,nan,nan,nan,nan,nan,nan,-4.1004968,36.634163,0.15904257,40.770958,16458.342,nan,38.972572
nan,nan,nan,nan,nan,nan,nan,nan,-4.0848999,36.688755,0.15930639,40.833385,16395.502,nan,39.020924
nan,nan,nan,nan,nan,nan,nan,nan,-4.0692768,36.66288,0.15956922,40.895634,16332.558,nan,39.069168
nan,nan,nan,nan,nan,nan,nan,nan,-4.0536284,36.807747,0.15983103,40.957703,16269.51,nan,39.117302
nan,nan,nan,nan,nan,nan,nan,nan,-4.0379543,36.806751,0.16009185,41.019592,16206.358,nan,39.165329
nan,nan,nan,nan,nan,nan,nan,nan,-4.0222549,36.870583,0.16035165,41.081295,16143.105,nan,39.213245
nan,nan,nan,nan,nan,nan,nan,nan,-4.0065298,37.007061,0.16061042,41.142818,16079.749,nan,39.261055
nan,nan,nan,nan,nan,nan,nan,nan,-3.9907796,36.988579,0.1608682,41.204151,16016.291,nan,39.308754
nan,nan,nan,nan,nan,nan,nan,nan,-3.9750042,37.081413,0.16112494,41.265301,15952.731,nan,39.356346
nan,nan,nan,nan,nan,nan,nan,nan,-3.9592035,37.141262,0.16138069,41.326256,15889.07,nan,39.403835
nan,nan,nan,nan,nan,nan,nan,nan,-3.943378,37.182774,0.1616354,41.387024,15825.31,nan,39.451214
nan,nan,nan,nan,nan,nan,nan,nan,-3.9275274,37.33688,0.16188911,41.447594,15761.447,nan,39.498486
nan,nan,nan,nan,nan,nan,nan,nan,-3.9116521,37.396873,0.16214177,41.507973,15697.485,nan,39.54565
nan,nan,nan,nan,nan,nan,nan,nan,-3.8957522,37.347828,0.16239342,41.568157,15633.425,nan,39.592709
nan,nan,nan,nan,nan,nan,nan,nan,-3.8798275,37.386211,0.16264404,41.628139,15569.264,nan,39.639664
nan,nan,nan,nan,nan,nan,nan,nan,-3.8638785,37.471508,0.16289364,41.687923,15505.005,nan,39.686512
nan,nan,nan,nan,nan,nan,nan,nan,-3.8479049,37.535057,0.1631422,41.747509,15440.647,nan,39.733253
nan,nan,nan,nan,nan,nan,nan,nan,-3.831907,37.560928,0.16338974,41.806889,15376.191,nan,39.779892
nan,nan,nan,nan,nan,nan,nan,nan,-3.8158848,37.682762,0.16363625,41.866066,15311.639,nan,39.826424
nan,nan,nan,nan,nan,nan,nan,nan,-3.7998388,37.66016,0.16388172,41.925034,15246.988,nan,39.872849
nan,nan,nan,nan,nan,nan,nan,nan,-3.7837687,37.778866,0.16412616,41.983795,15182.242,nan,39.91917
nan,nan,nan,nan,nan,nan,nan,nan,-3.7676744,37.777729,0.16436955,42.042347,15117.398,nan,39.965385
nan,nan,nan,nan,nan,nan,nan,nan,-3.7515566,37.839569,0.16461191,42.100689,15052.46,nan,40.011494
nan,nan,nan,nan,nan,nan,nan,nan,-3.7354152,37.921741,0.16485323,42.158817,14987.425,nan,40.057503
nan,nan,nan,nan,nan,nan,nan,nan,-3.71925,38.054947,0.16509351,42.216732,14922.296,nan,40.103401
nan,nan,nan,nan,nan,nan,nan,nan,-3.7030613,37.981876,0.16533275,42.274429,14857.071,nan,40.149197
nan,nan,nan,nan,nan,nan,nan,nan,-3.6868494,38.079399,0.16557094,42.331909,14791.753,nan,40.194885
nan,nan,nan,nan,nan,nan,nan,nan,-3.670614,38.136833,0.16580808,42.389172,14726.341,nan,40.240471
nan,nan,nan,nan,nan,nan,nan,nan,-3.6543555,38.197395,0.16604419,42.446213,14660.835,nan,40.28595
nan,nan,nan,nan,nan,nan,nan,nan,-3.6380739,38.29364,0.16627924,42.503029,14595.236,nan,40.331322
nan,nan,nan,nan,nan,nan,nan,nan,-3.6217694,38.319229,0.16651323,42.559624,14529.545,nan,40.376587
nan,nan,nan,nan,nan,nan,nan,nan,-3.6054418,38.391022,0.16674618,42.615993,14463.762,nan,40.421749
nan,nan,nan,nan,nan,nan,nan,nan,-3.5890918,38.487411,0.16697808,42.672134,14397.887,nan,40.466805
nan,nan,nan,nan,nan,nan,nan,nan,-3.5727189,38.482292,0.16720892,42.728046,14331.92,nan,40.511749
nan,nan,nan,nan,nan,nan,nan,nan,-3.5563233,38.574841,0.1674387,42.78373,14265.862,nan,40.556591
nan,nan,nan,nan,nan,nan,nan,nan,-3.5399053,38.575127,0.16766743,42.83918,14199.715,nan,40.601322
nan,nan,nan,nan,nan,nan,nan,nan,-3.5234652,38.71743,0.16789509,42.894398,14133.477,nan,40.645947
nan,nan,nan,nan,nan,nan,nan,nan,-3.5070026,38.693974,0.1681217,42.949379,14067.149,nan,40.690464
nan,nan,nan,nan,nan,nan,nan,nan,-3.4905179,38.741459,0.16834724,43.004124,14000.732,nan,40.734871
nan,nan,nan,nan,nan,nan,nan,nan,-3.4740112,38.829029,0.16857173,43.058632,13934.227,nan,40.779171
nan,nan,nan,nan,nan,nan,nan,nan,-3.4574826,38.893429,0.16879514,43.1129,13867.632,nan,40.823357
nan,nan,nan,nan,nan,nan,nan,nan,-3.440932,38.922005,0.16901749,43.166924,13800.95,nan,40.867435
nan,nan,nan,nan,nan,nan,nan,nan,-3.4243598,38.998917,0.16923878,43.220707,13734.18,nan,40.911404
nan,nan,nan,nan,nan,nan,nan,nan,-3.4077659,39.08194,0.16945899,43.274246,13667.323,nan,40.955257
nan,nan,nan,nan,nan,nan,nan,nan,-3.3911505,39.05109,0.16967814,43.327541,13600.38,nan,40.999001
nan,nan,nan,nan,nan,nan,nan,nan,-3.3745136,39.093739,0.1698962,43.380589,13533.35,nan,41.042633
nan,nan,nan,nan,nan,nan,nan,nan,-3.3578553,39.175625,0.17011321,43.433384,13466.233,nan,41.086147
nan,nan,nan,nan,nan,nan,nan,nan,-3.341176,39.252537,0.17032912,43.485931,13399.032,nan,41.129551
nan,nan,nan,nan,nan,nan,nan,nan,-3.3244755,39.295467,0.17054397,43.538227,13331.746,nan,41.172836
nan,nan,nan,nan,nan,nan,nan,nan,-3.307754,39.364986,0.17075774,43.590267,13264.375,nan,41.216007
nan,nan,nan,nan,nan,nan,nan,nan,-3.2910118,39.384464,0.17097044,43.642056,13196.92,nan,41.25906
nan,nan,nan,nan,nan,nan,nan,nan,-3.2742486,39.525204,0.17118205,43.693584,13129.381,nan,41.301998
nan,nan,nan,nan,nan,nan,nan,nan,-3.2574649,39.550797,0.17139257,43.744854,13061.759,nan,41.344814
nan,nan,nan,nan,nan,nan,nan,nan,-3.2406604,39.584629,0.17160203,43.795868,12994.054,nan,41.387512
nan,nan,nan,nan,nan,nan,nan,nan,-3.2238355,39.544682,0.17181039,43.846619,12926.267,nan,41.430088
nan,nan,nan,nan,nan,nan,nan,nan,-3.2069902,39.683006,0.17201766,43.89711,12858.396,nan,41.472542
nan,nan,nan,nan,nan,nan,nan,nan,-3.1901248,39.660259,0.17222387,43.947334,12790.445,nan,41.514874
nan,nan,nan,nan,nan,nan,nan,nan,-3.1732392,39.752384,0.17242897,43.997292,12722.413,nan,41.557079
nan,nan,nan,nan,nan,nan,nan,nan,-3.1563334,39.772144,0.17263298,44.046986,12654.3,nan,41.599163
nan,nan,nan,nan,nan,nan,nan,nan,-3.1394079,39.93819,0.1728359,44.096409,12586.106,nan,41.641117
nan,nan,nan,nan,nan,nan,nan,nan,-3.1224625,39.86327,0.17303774,44.145565,12517.833,nan,41.682945
nan,nan,nan,nan,nan,nan,nan,nan,-3.1054974,39.953117,0.17323849,44.194447,12449.48,nan,41.724644
nan,nan,nan,nan,nan,nan,nan,nan,-3.0885124,39.987095,0.17343813,44.243057,12381.049,nan,41.766212
nan,nan,nan,nan,nan,nan,nan,nan,-3.0715082,40.065285,0.17363667,44.291393,12312.538,nan,41.807648
nan,nan,nan,nan,nan,nan,nan,nan,-3.0544844,40.123573,0.17383413,44.339451,12243.949,nan,41.848949
nan,nan,nan,nan,nan,nan,nan,nan,-3.0374415,40.172478,0.17403048,44.387234,12175.283,nan,41.890121
nan,nan,nan,nan,nan,nan,nan,nan,-3.0203793,40.167358,0.17422575,44.434738,12106.539,nan,41.931152
nan,nan,nan,nan,nan,nan,nan,nan,-3.003298,40.284077,0.17441989,44.48196,12037.719,nan,41.972046
nan,nan,nan,nan,nan,nan,nan,nan,-2.9861977,40.294453,0.17461295,44.5289,11968.822,nan,42.012802
nan,nan,nan,nan,nan,nan,nan,nan,-2.9690788,40.366814,0.1748049,44.575558,11899.849,nan,42.053417
nan,nan,nan,nan,nan,nan,nan,nan,-2.9519408,40.400223,0.17499575,44.621929,11830.801,nan,42.093891
nan,nan,nan,nan,nan,nan,nan,nan,-2.9347844,40.490639,0.17518549,44.668018,11761.677,nan,42.13422
nan,nan,nan,nan,nan,nan,nan,nan,-2.9176092,40.472301,0.17537412,44.713818,11692.479,nan,42.174404
nan,nan,nan,nan,nan,nan,nan,nan,-2.9004159,40.528599,0.17556165,44.759327,11623.206,nan,42.214439
nan,nan,nan,nan,nan,nan,nan,nan,-2.883204,40.560726,0.17574807,44.804543,11553.859,nan,42.254326
nan,nan,nan,nan,nan,nan,nan,nan,-2.8659742,40.619156,0.17593338,44.849472,11484.439,nan,42.294064
nan,nan,nan,nan,nan,nan,nan,nan,-2.848726,40.657967,0.17611757,44.894104,11414.946,nan,42.333645
nan,nan,nan,nan,nan,nan,nan,nan,-2.83146,40.731606,0.17630066,44.938442,11345.382,nan,42.373074
nan,nan,nan,nan,nan,nan,nan,nan,-2.8141758,40.759754,0.17648263,44.982483,11275.744,nan,42.412346
nan,nan,nan,nan,nan,nan,nan,nan,-2.7968743,40.814205,0.17666349,45.026226,11206.035,nan,42.451458
nan,nan,nan,nan,nan,nan,nan,nan,-2.7795548,40.84676,0.17684323,45.069668,11136.255,nan,42.49041
nan,nan,nan,nan,nan,nan,nan,nan,-2.7622178,40.906609,0.17702185,45.112812,11066.404,nan,42.529202
nan,nan,nan,nan,nan,nan,nan,nan,-2.7448633,40.982384,0.17719935,45.155651,10996.483,nan,42.567825
nan,nan,nan,nan,nan,nan,nan,nan,-2.7274916,40.941441,0.17737573,45.198185,10926.492,nan,42.606285
nan,nan,nan,nan,nan,nan,nan,nan,-2.7101026,41.057446,0.177551,45.240414,10856.432,nan,42.644573
nan,nan,nan,nan,nan,nan,nan,nan,-2.6926966,41.053322,0.17772515,45.282337,10786.303,nan,42.68269
nan,nan,nan,nan,nan,nan,nan,nan,-2.6752734,41.089432,0.17789817,45.323952,10716.104,nan,42.720634
nan,nan,nan,nan,nan,nan,nan,nan,-2.6578333,41.16293,0.17807007,45.365253,10645.839,nan,42.758404
nan,nan,nan,nan,nan,nan,nan,nan,-2.6403766,41.180561,0.17824084,45.406246,10575.505,nan,42.795994
nan,nan,nan,nan,nan,nan,nan,nan,-2.6229031,41.194775,0.17841049,45.446926,10505.104,nan,42.833405
nan,nan,nan,nan,nan,nan,nan,nan,-2.605413,41.286186,0.178579,45.487289,10434.637,nan,42.870632
nan,nan,nan,nan,nan,nan,nan,nan,-2.5879066,41.339355,0.17874639,45.527336,10364.103,nan,42.907673
nan,nan,nan,nan,nan,nan,nan,nan,-2.5703838,41.26543,0.17891265,45.567066,10293.503,nan,42.94453
nan,nan,nan,nan,nan,nan,nan,nan,-2.5528445,41.413567,0.17907779,45.606476,10222.838,nan,42.981194
nan,nan,nan,nan,nan,nan,nan,nan,-2.5352893,41.454224,0.17924179,45.645565,10152.107,nan,43.017666
nan,nan,nan,nan,nan,nan,nan,nan,-2.5177181,41.441002,0.17940466,45.684334,10081.313,nan,43.053944
nan,nan,nan,nan,nan,nan,nan,nan,-2.5001311,41.529858,0.1795664,45.722775,10010.454,nan,43.090023
nan,nan,nan,nan,nan,nan,nan,nan,-2.4825282,41.497868,0.17972699,45.760895,9939.5322,nan,43.125904
nan,nan,nan,nan,nan,nan,nan,nan,-2.4649096,41.598804,0.17988646,45.798683,9868.5469,nan,43.161579
nan,nan,nan,nan,nan,nan,nan,nan,-2.4472754,41.622974,0.18004479,45.836147,9797.498,nan,43.197048
nan,nan,nan,nan,nan,nan,nan,nan,-2.4296257,41.699741,0.18020198,45.87328,9726.3877,nan,43.232311
nan,nan,nan,nan,nan,nan,nan,nan,-2.4119606,41.722488,0.18035804,45.91008,9655.2158,nan,43.267365
nan,nan,nan,nan,nan,nan,nan,nan,-2.3942804,41.650269,0.18051295,45.946545,9583.9814,nan,43.3022
nan,nan,nan,nan,nan,nan,nan,nan,-2.3765852,41.774521,0.18066673,45.982677,9512.6875,nan,43.336823
nan,nan,nan,nan,nan,nan,nan,nan,-2.3588748,41.779922,0.18081936,46.018471,9441.332,nan,43.371223
nan,nan,nan,nan,nan,nan,nan,nan,-2.3411496,41.893654,0.18097085,46.053928,9369.917,nan,43.405403
nan,nan,nan,nan,nan,nan,nan,nan,-2.3234096,41.859108,0.1811212,46.089046,9298.4424,nan,43.439358
nan,nan,nan,nan,nan,nan,nan,nan,-2.3056548,41.857685,0.18127041,46.123821,9226.9082,nan,43.473083
nan,nan,nan,nan,nan,nan,nan,nan,-2.2878854,41.918106,0.18141846,46.158253,9155.3154,nan,43.506577
nan,nan,nan,nan,nan,nan,nan,nan,-2.2701018,42.028851,0.18156537,46.192341,9083.665,nan,43.539837
nan,nan,nan,nan,nan,nan,nan,nan,-2.2523036,41.982788,0.18171114,46.226082,9011.9561,nan,43.572861
nan,nan,nan,nan,nan,nan,nan,nan,-2.2344913,42.076477,0.18185577,46.259476,8940.1904,nan,43.605644
nan,nan,nan,nan,nan,nan,nan,nan,-2.216665,42.061691,0.18199924,46.292519,8868.3672,nan,43.638184
nan,nan,nan,nan,nan,nan,nan,nan,-2.1988246,42.091404,0.18214156,46.325214,8796.4883,nan,43.670479
nan,nan,nan,nan,nan,nan,nan,nan,-2.1809702,42.167175,0.18228272,46.357552,8724.5527,nan,43.702522
nan,nan,nan,nan,nan,nan,nan,nan,-2.1631021,42.184521,0.18242274,46.389538,8652.5625,nan,43.734314
nan,nan,nan,nan,nan,nan,nan,nan,-2.1452205,42.250912,0.18256161,46.421165,8580.5166,nan,43.76585
nan,nan,nan,nan,nan,nan,nan,nan,-2.1273253,42.305359,0.18269932,46.452438,8508.416,nan,43.797127
nan,nan,nan,nan,nan,nan,nan,nan,-2.1094165,42.238117,0.18283588,46.483349,8436.2617,nan,43.828144
nan,nan,nan,nan,nan,nan,nan,nan,-2.0914943,42.354122,0.18297128,46.513897,8364.0537,nan,43.858891
nan,nan,nan,nan,nan,nan,nan,nan,-2.073559,42.267544,0.18310553,46.544083,8291.793,nan,43.889374
nan,nan,nan,nan,nan,nan,nan,nan,-2.0556109,42.382839,0.18323863,46.573906,8219.4785,nan,43.919579
nan,nan,nan,nan,nan,nan,nan,nan,-2.0376494,42.373028,0.18337056,46.603359,8147.1123,nan,43.949512
nan,nan,nan,nan,nan,nan,nan,nan,-2.0196753,42.444679,0.18350133,46.632446,8074.6938,nan,43.979168
nan,nan,nan,nan,nan,nan,nan,nan,-2.0016882,42.397766,0.18363094,46.661163,8002.2241,nan,44.008541
nan,nan,nan,nan,nan,nan,nan,nan,-1.9836886,42.497139,0.18375941,46.689507,7929.7036,nan,44.037628
nan,nan,nan,nan,nan,nan,nan,nan,-1.9656764,42.53936,0.18388671,46.71748,7857.1323,nan,44.066425
nan,nan,nan,nan,nan,nan,nan,nan,-1.9476519,42.601059,0.18401285,46.745075,7784.5112,nan,44.094933
nan,nan,nan,nan,nan,nan,nan,nan,-1.929615,42.597221,0.18413781,46.772293,7711.8403,nan,44.123142
nan,nan,nan,nan,nan,nan,nan,nan,-1.911566,42.611153,0.18426162,46.799129,7639.1206,nan,44.151051
nan,nan,nan,nan,nan,nan,nan,nan,-1.8935049,42.655365,0.18438427,46.825588,7566.3525,nan,44.178661
nan,nan,nan,nan,nan,nan,nan,nan,-1.8754318,42.732845,0.18450575,46.851662,7493.5356,nan,44.205963
nan,nan,nan,nan,nan,nan,nan,nan,-1.8573469,42.699436,0.18462606,46.877354,7420.6714,nan,44.232956
nan,nan,nan,nan,nan,nan,nan,nan,-1.8392502,42.732704,0.18474521,46.902657,7347.7598,nan,44.259636
nan,nan,nan,nan,nan,nan,nan,nan,-1.8211418,42.818996,0.18486319,46.927574,7274.8013,nan,44.285999
nan,nan,nan,nan,nan,nan,nan,nan,-1.8030221,42.789993,0.18498001,46.952099,7201.7964,nan,44.312038
nan,nan,nan,nan,nan,nan,nan,nan,-1.7848909,42.836056,0.18509565,46.976234,7128.7456,nan,44.337757
nan,nan,nan,nan,nan,nan,nan,nan,-1.7667484,42.791134,0.18521012,46.999973,7055.6494,nan,44.363152
nan,nan,nan,nan,nan,nan,nan,nan,-1.7485949,42.877285,0.18532343,47.023315,6982.5088,nan,44.38821
nan,nan,nan,nan,nan,nan,nan,nan,-1.7304302,42.858376,0.18543558,47.046261,6909.3232,nan,44.412937
nan,nan,nan,nan,nan,nan,nan,nan,-1.7122546,42.900173,0.18554653,47.06881,6836.0933,nan,44.437325
nan,nan,nan,nan,nan,nan,nan,nan,-1.6940682,42.916805,0.18565632,47.090954,6762.8203,nan,44.461369
nan,nan,nan,nan,nan,nan,nan,nan,-1.6758711,42.984901,0.18576495,47.112694,6689.5039,nan,44.485069
nan,nan,nan,nan,nan,nan,nan,nan,-1.6576633,43.017883,0.18587239,47.134029,6616.145,nan,44.508423
nan,nan,nan,nan,nan,nan,nan,nan,-1.6394452,43.081432,0.18597867,47.154961,6542.7437,nan,44.531422
nan,nan,nan,nan,nan,nan,nan,nan,-1.6212168,43.010777,0.18608376,47.17548,6469.3008,nan,44.554062
nan,nan,nan,nan,nan,nan,nan,nan,-1.602978,43.043758,0.18618768,47.195587,6395.8169,nan,44.576347
nan,nan,nan,nan,nan,nan,nan,nan,-1.5847291,43.048023,0.18629044,47.215282,6322.292,nan,44.598263
nan,nan,nan,nan,nan,nan,nan,nan,-1.5664701,43.129765,0.18639201,47.234562,6248.7266,nan,44.619816
nan,nan,nan,nan,nan,nan,nan,nan,-1.5482014,43.139435,0.1864924,47.253422,6175.1216,nan,44.640995
nan,nan,nan,nan,nan,nan,nan,nan,-1.5299228,43.085552,0.18659161,47.271866,6101.4771,nan,44.6618
nan,nan,nan,nan,nan,nan,nan,nan,-1.5116346,43.107872,0.18668965,47.289886,6027.7935,nan,44.682228
nan,nan,nan,nan,nan,nan,nan,nan,-1.4933368,43.164879,0.1867865,47.307484,5954.0718,nan,44.702274
nan,nan,nan,nan,nan,nan,nan,nan,-1.4750296,43.190895,0.18688218,47.324654,5880.312,nan,44.721935
nan,nan,nan,nan,nan,nan,nan,nan,-1.4567131,43.202412,0.18697667,47.3414,5806.5146,nan,44.741203
nan,nan,nan,nan,nan,nan,nan,nan,-1.4383874,43.194878,0.18707,47.357716,5732.6797,nan,44.760082
nan,nan,nan,nan,nan,nan,nan,nan,-1.4200525,43.168007,0.18716213,47.3736,5658.8086,nan,44.778564
nan,nan,nan,nan,nan,nan,nan,nan,-1.4017087,43.264965,0.18725307,47.38905,5584.9014,nan,44.796642
nan,nan,nan,nan,nan,nan,nan,nan,-1.3833561,43.248188,0.18734285,47.40406,5510.9585,nan,44.81432
nan,nan,nan,nan,nan,nan,nan,nan,-1.3649948,43.327374,0.18743142,47.418636,5436.9805,nan,44.831589
nan,nan,nan,nan,nan,nan,nan,nan,-1.3466247,43.270226,0.18751884,47.432774,5362.9673,nan,44.848446
nan,nan,nan,nan,nan,nan,nan,nan,-1.3282462,43.311878,0.18760505,47.446468,5288.9204,nan,44.864887
nan,nan,nan,nan,nan,nan,nan,nan,-1.3098594,43.320549,0.18769008,47.459717,5214.8394,nan,44.880909
nan,nan,nan,nan,nan,nan,nan,nan,-1.2914642,43.368176,0.18777393,47.472519,5140.7251,nan,44.896511
nan,nan,nan,nan,nan,nan,nan,nan,-1.2730608,43.353676,0.18785658,47.484875,5066.5781,nan,44.911686
nan,nan,nan,nan,nan,nan,nan,nan,-1.2546495,43.305622,0.18793806,47.49678,4992.3984,nan,44.92643
nan,nan,nan,nan,nan,nan,nan,nan,-1.2362301,43.274063,0.18801835,47.508232,4918.187,nan,44.940742
nan,nan,nan,nan,nan,nan,nan,nan,-1.2178031,43.436981,0.18809745,47.519226,4843.9438,nan,44.954617
nan,nan,nan,nan,nan,nan,nan,nan,-1.1993682,43.35936,0.18817535,47.529766,4769.6699,nan,44.968052
nan,nan,nan,nan,nan,nan,nan,nan,-1.180926,43.420208,0.18825208,47.539848,4695.3652,nan,44.981045
nan,nan,nan,nan,nan,nan,nan,nan,-1.1624761,43.423477,0.18832761,47.549465,4621.0308,nan,44.993587
nan,nan,nan,nan,nan,nan,nan,nan,-1.1440189,43.483471,0.18840195,47.55862,4546.667,nan,45.00568
nan,nan,nan,nan,nan,nan,nan,nan,-1.1255546,43.466694,0.1884751,47.56731,4472.2734,nan,45.017319
nan,nan,nan,nan,nan,nan,nan,nan,-1.107083,43.481194,0.18854706,47.575531,4397.8516,nan,45.0285
nan,nan,nan,nan,nan,nan,nan,nan,-1.0886046,43.494274,0.18861784,47.583282,4323.4019,nan,45.039215
nan,nan,nan,nan,nan,nan,nan,nan,-1.0701191,43.514462,0.18868741,47.590561,4248.9238,nan,45.049469
nan,nan,nan,nan,nan,nan,nan,nan,-1.051627,43.539623,0.18875581,47.597363,4174.4189,nan,45.059254
nan,nan,nan,nan,nan,nan,nan,nan,-1.0331283,43.502804,0.188823,47.603691,4099.8872,nan,45.068565
nan,nan,nan,nan,nan,nan,nan,nan,-1.0146229,43.560665,0.18888901,47.609539,4025.3291,nan,45.077404
nan,nan,nan,nan,nan,nan,nan,nan,-0.99611121,43.480625,0.18895382,47.614906,3950.7454,nan,45.085762
nan,nan,nan,nan,nan,nan,nan,nan,-0.97759318,43.549858,0.18901743,47.619789,3876.136,nan,45.093636
nan,nan,nan,nan,nan,nan,nan,nan,-0.95906901,43.558105,0.18907985,47.624187,3801.502,nan,45.101028
nan,nan,nan,nan,nan,nan,nan,nan,-0.94053876,43.51162,0.18914108,47.628098,3726.8435,nan,45.107929
nan,nan,nan,nan,nan,nan,nan,nan,-0.92200261,43.56308,0.18920112,47.631516,3652.1611,nan,45.114338
nan,nan,nan,nan,nan,nan,nan,nan,-0.90346056,43.510765,0.18925996,47.634445,3577.4551,nan,45.120251
nan,nan,nan,nan,nan,nan,nan,nan,-0.88491285,43.606724,0.1893176,47.636875,3502.7263,nan,45.125664
nan,nan,nan,nan,nan,nan,nan,nan,-0.86635959,43.606014,0.18937404,47.638813,3427.9749,nan,45.130577
nan,nan,nan,nan,nan,nan,nan,nan,-0.84780079,43.525692,0.1894293,47.640251,3353.2014,nan,45.134983
nan,nan,nan,nan,nan,nan,nan,nan,-0.82923669,43.551567,0.18948334,47.641186,3278.4062,nan,45.138882
nan,nan,nan,nan,nan,nan,nan,nan,-0.81066734,43.57346,0.18953621,47.641617,3203.5903,nan,45.142269
nan,nan,nan,nan,nan,nan,nan,nan,-0.7920928,43.52541,0.18958788,47.641544,3128.7534,nan,45.145142
nan,nan,nan,nan,nan,nan,nan,nan,-0.77351332,43.563225,0.18963833,47.640961,3053.8965,nan,45.147495
nan,nan,nan,nan,nan,nan,nan,nan,-0.75492895,43.588528,0.18968759,47.63987,2979.02,nan,45.149326
nan,nan,nan,nan,nan,nan,nan,nan,-0.73633981,43.590519,0.18973567,47.638264,2904.124,nan,45.150635
nan,nan,nan,nan,nan,nan,nan,nan,-0.71774602,43.555687,0.18978253,47.636147,2829.2095,nan,45.151417
nan,nan,nan,nan,nan,nan,nan,nan,-0.6991477,43.540337,0.1898282,47.633507,2754.2766,nan,45.151669
nan,nan,nan,nan,nan,nan,nan,nan,-0.68054497,43.597343,0.18987267,47.630352,2679.3262,nan,45.15139
nan,nan,nan,nan,nan,nan,nan,nan,-0.66193789,43.55114,0.18991594,47.626675,2604.3582,nan,45.15057
nan,nan,nan,nan,nan,nan,nan,nan,-0.6433267,43.551708,0.18995802,47.622475,2529.3733,nan,45.149216
nan,nan,nan,nan,nan,nan,nan,nan,-0.62471139,43.602177,0.18999888,47.617748,2454.3721,nan,45.147316
nan,nan,nan,nan,nan,nan,nan,nan,-0.60609215,43.557964,0.19003856,47.612495,2379.355,nan,45.144875
nan,nan,nan,nan,nan,nan,nan,nan,-0.5874691,43.472523,0.19007702,47.606712,2304.3225,nan,45.141888
nan,nan,nan,nan,nan,nan,nan,nan,-0.56884229,43.546165,0.1901143,47.600395,2229.2751,nan,45.138348
nan,nan,nan,nan,nan,nan,nan,nan,-0.55021197,43.518867,0.19015037,47.593544,2154.2131,nan,45.134258
nan,nan,nan,nan,nan,nan,nan,nan,-0.53157812,43.534649,0.19018523,47.586155,2079.1372,nan,45.129608
nan,nan,nan,nan,nan,nan,nan,nan,-0.51294088,43.566067,0.1902189,47.578228,2004.0479,nan,45.124405
nan,nan,nan,nan,nan,nan,nan,nan,-0.49430045,43.522564,0.19025137,47.569759,1928.9454,nan,45.118641
nan,nan,nan,nan,nan,nan,nan,nan,-0.4756569,43.543037,0.19028263,47.560749,1853.8303,nan,45.112312
nan,nan,nan,nan,nan,nan,nan,nan,-0.45701033,43.455322,0.1903127,47.551189,1778.7031,nan,45.105419
nan,nan,nan,nan,nan,nan,nan,nan,-0.43836087,43.554127,0.19034155,47.541088,1703.5643,nan,45.097958
nan,nan,nan,nan,nan,nan,nan,nan,-0.41970864,43.446507,0.1903692,47.530434,1628.4143,nan,45.089924
nan,nan,nan,nan,nan,nan,nan,nan,-0.40105379,43.421204,0.19039567,47.519226,1553.2537,nan,45.081322
nan,nan,nan,nan,nan,nan,nan,nan,-0.38239637,43.466835,0.19042091,47.507465,1478.0828,nan,45.072144
nan,nan,nan,nan,nan,nan,nan,nan,-0.36373654,43.52285,0.19044496,47.495152,1402.9022,nan,45.062386
nan,nan,nan,nan,nan,nan,nan,nan,-0.34507442,43.424896,0.19046782,47.482277,1327.7124,nan,45.052052
nan,nan,nan,nan,nan,nan,nan,nan,-0.32641011,43.424896,0.19048946,47.468845,1252.5138,nan,45.041134
nan,nan,nan,nan,nan,nan,nan,nan,-0.30774376,43.424187,0.1905099,47.454849,1177.3068,nan,45.029633
nan,nan,nan,nan,nan,nan,nan,nan,-0.28907546,43.448212,0.19052914,47.440289,1102.092,nan,45.017544
nan,nan,nan,nan,nan,nan,nan,nan,-0.27040532,43.406132,0.19054717,47.425159,1026.8699,nan,45.004871
nan,nan,nan,nan,nan,nan,nan,nan,-0.25173348,43.374004,0.19056399,47.409466,951.64093,nan,44.991604
nan,nan,nan,nan,nan,nan,nan,nan,-0.23306006,43.394619,0.19057962,47.3932,876.40546,nan,44.977749
nan,nan,nan,nan,nan,nan,nan,nan,-0.21438515,43.29155,0.19059405,47.376362,801.16412,nan,44.963299
nan,nan,nan,nan,nan,nan,nan,nan,-0.1957089,43.305622,0.19060726,47.358952,725.91736,nan,44.948254
nan,nan,nan,nan,nan,nan,nan,nan,-0.17703141,43.309036,0.19061927,47.340961,650.66553,nan,44.93261
nan,nan,nan,nan,nan,nan,nan,nan,-0.15835279,43.288422,0.19063009,47.322395,575.40924,nan,44.91637
nan,nan,nan,nan,nan,nan,nan,nan,-0.13967319,43.266243,0.19063969,47.303249,500.14896,nan,44.899525
nan,nan,nan,nan,nan,nan,nan,nan,-0.12099269,43.248329,0.19064809,47.28352,424.88507,nan,44.88208
nan,nan,nan,nan,nan,nan,nan,nan,-0.10231143,43.222458,0.19065529,47.26321,349.61813,nan,44.864033
nan,nan,nan,nan,nan,nan,nan,nan,-0.083629534,43.221745,0.19066128,47.24231,274.34857,nan,44.845379
nan,nan,nan,nan,nan,nan,nan,nan,-0.064947098,43.205967,0.19066608,47.220825,199.07689,nan,44.826118
nan,nan,nan,nan,nan,nan,nan,nan,-0.046264257,43.151516,0.19066966,47.19875,123.80354,nan,44.806248
nan,nan,nan,nan,nan,nan,nan,nan,-0.027581122,43.15493,0.19067204,47.176086,48.52903,nan,44.78577
nan,nan,nan,nan,nan,nan,nan,nan,-0.008897813,43.174122,0.19067322,47.152824,-26.746187,nan,44.764679
nan,nan,nan,nan,nan,nan,nan,nan,0.0097855525,43.174404,0.19067319,47.128971,-102.02163,nan,44.742977
nan,nan,nan,nan,nan,nan,nan,nan,0.028468855,43.136875,0.19067195,47.104523,-177.29683,nan,44.720661
nan,nan,nan,nan,nan,nan,nan,nan,0.047151979,43.061527,0.19066952,47.079475,-252.57129,nan,44.697731
nan,nan,nan,nan,nan,nan,nan,nan,0.065834805,43.043472,0.19066587,47.053829,-327.84457,nan,44.674187
nan,nan,nan,nan,nan,nan,nan,nan,0.084517211,43.023285,0.19066103,47.02758,-403.11615,nan,44.650024
nan,nan,nan,nan,nan,nan,nan,nan,0.10319909,43.099201,0.19065498,47.000729,-478.38559,nan,44.625244
nan,nan,nan,nan,nan,nan,nan,nan,0.12188032,42.974239,0.19064772,46.97327,-553.6524,nan,44.599846
nan,nan,nan,nan,nan,nan,nan,nan,0.14056076,42.964005,0.19063926,46.94521,-628.91614,nan,44.573826
nan,nan,nan,nan,nan,nan,nan,nan,0.15924034,42.842739,0.1906296,46.916538,-704.17627,nan,44.547188
nan,nan,nan,nan,nan,nan,nan,nan,0.1779189,42.929031,0.19061874,46.88726,-779.43237,nan,44.519928
nan,nan,nan,nan,nan,nan,nan,nan,0.19659632,42.873302,0.19060667,46.857368,-854.6839,nan,44.49205
nan,nan,nan,nan,nan,nan,nan,nan,0.21527253,42.790989,0.19059339,46.826866,-929.93048,nan,44.463547
nan,nan,nan,nan,nan,nan,nan,nan,0.23394737,42.828663,0.19057891,46.79575,-1005.1716,nan,44.434422
nan,nan,nan,nan,nan,nan,nan,nan,0.25262073,42.795822,0.19056323,46.764019,-1080.4066,nan,44.404671
nan,nan,nan,nan,nan,nan,nan,nan,0.27129248,42.815159,0.19054633,46.731674,-1155.6354,nan,44.374298
nan,nan,nan,nan,nan,nan,nan,nan,0.28996253,42.719055,0.19052824,46.698708,-1230.8572,nan,44.343304
nan,nan,nan,nan,nan,nan,nan,nan,0.30863073,42.658066,0.19050895,46.665127,-1306.0715,nan,44.311684
nan,nan,nan,nan,nan,nan,nan,nan,0.327297,42.725739,0.19048846,46.63092,-1381.2781,nan,44.279438
nan,nan,nan,nan,nan,nan,nan,nan,0.34596121,42.63731,0.19046676,46.596096,-1456.4763,nan,44.246567
nan,nan,nan,nan,nan,nan,nan,nan,0.36462322,42.580021,0.19044386,46.56065,-1531.6658,nan,44.21307
nan,nan,nan,nan,nan,nan,nan,nan,0.38328293,42.557842,0.19041975,46.524578,-1606.8459,nan,44.178951
nan,nan,nan,nan,nan,nan,nan,nan,0.40194023,42.524292,0.19039443,46.487881,-1682.0162,nan,44.144203
nan,nan,nan,nan,nan,nan,nan,nan,0.42059499,42.538223,0.19036792,46.450562,-1757.1764,nan,44.108833
nan,nan,nan,nan,nan,nan,nan,nan,0.43924707,42.478798,0.19034021,46.412613,-1832.3259,nan,44.072838
nan,nan,nan,nan,nan,nan,nan,nan,0.45789638,42.478088,0.1903113,46.374035,-1907.4642,nan,44.036221
nan,nan,nan,nan,nan,nan,nan,nan,0.47654283,42.331089,0.19028117,46.334831,-1982.5908,nan,43.998974
nan,nan,nan,nan,nan,nan,nan,nan,0.49518624,42.355827,0.19024986,46.294994,-2057.7053,nan,43.961105
nan,nan,nan,nan,nan,nan,nan,nan,0.51382655,42.286449,0.19021733,46.254528,-2132.8071,nan,43.922615
nan,nan,nan,nan,nan,nan,nan,nan,0.53246355,42.211246,0.19018361,46.213432,-2207.896,nan,43.883499
nan,nan,nan,nan,nan,nan,nan,nan,0.55109727,42.183098,0.19014868,46.1717,-2282.9712,nan,43.843758
nan,nan,nan,nan,nan,nan,nan,nan,0.56972748,42.225746,0.19011256,46.129337,-2358.0325,nan,43.803398
nan,nan,nan,nan,nan,nan,nan,nan,0.58835405,42.135048,0.19007523,46.086342,-2433.0793,nan,43.762413
nan,nan,nan,nan,nan,nan,nan,nan,0.60697693,42.026718,0.1900367,46.042709,-2508.1111,nan,43.72081
nan,nan,nan,nan,nan,nan,nan,nan,0.62559599,42.065529,0.18999697,45.998444,-2583.1274,nan,43.678585
nan,nan,nan,nan,nan,nan,nan,nan,0.64421111,42.043209,0.18995604,45.953541,-2658.1277,nan,43.635742
nan,nan,nan,nan,nan,nan,nan,nan,0.66282213,41.968147,0.18991391,45.908001,-2733.1118,nan,43.592278
nan,nan,nan,nan,nan,nan,nan,nan,0.68142897,41.906448,0.18987058,45.861824,-2808.0789,nan,43.548199
nan,nan,nan,nan,nan,nan,nan,nan,0.70003152,41.80864,0.18982606,45.815014,-2883.0286,nan,43.503502
nan,nan,nan,nan,nan,nan,nan,nan,0.7186296,41.751774,0.18978032,45.767563,-2957.9607,nan,43.458187
nan,nan,nan,nan,nan,nan,nan,nan,0.73722321,41.719219,0.1897334,45.719475,-3032.8743,nan,43.412258
nan,nan,nan,nan,nan,nan,nan,nan,0.75581211,41.76997,0.18968529,45.670746,-3107.7693,nan,43.365715
nan,nan,nan,nan,nan,nan,nan,nan,0.77439624,41.676144,0.18963596,45.62138,-3182.645,nan,43.318562
nan,nan,nan,nan,nan,nan,nan,nan,0.79297554,41.648136,0.18958545,45.571377,-3257.501,nan,43.270798
nan,nan,nan,nan,nan,nan,nan,nan,0.81154978,41.669319,0.18953373,45.520733,-3332.3367,nan,43.222424
nan,nan,nan,nan,nan,nan,nan,nan,0.83011889,41.591839,0.18948081,45.469452,-3407.1519,nan,43.173439
nan,nan,nan,nan,nan,nan,nan,nan,0.84868276,41.509811,0.18942671,45.417526,-3481.946,nan,43.123852
nan,nan,nan,nan,nan,nan,nan,nan,0.86724126,41.428066,0.18937139,45.364967,-3556.7183,nan,43.073654
nan,nan,nan,nan,nan,nan,nan,nan,0.88579434,41.359543,0.18931489,45.311768,-3631.4688,nan,43.022858
nan,nan,nan,nan,nan,nan,nan,nan,0.90434176,41.309788,0.18925719,45.257927,-3706.1965,nan,42.971455
nan,nan,nan,nan,nan,nan,nan,nan,0.92288351,41.190796,0.18919829,45.203449,-3780.9014,nan,42.919453
nan,nan,nan,nan,nan,nan,nan,nan,0.94141942,41.225342,0.1891382,45.148331,-3855.5828,nan,42.866856
nan,nan,nan,nan,nan,nan,nan,nan,0.95994937,41.160088,0.18907692,45.092575,-3930.24,nan,42.81366
nan,nan,nan,nan,nan,nan,nan,nan,0.97847325,41.045929,0.18901443,45.036179,-4004.8728,nan,42.759869
nan,nan,nan,nan,nan,nan,nan,nan,0.99699098,41.04792,0.18895076,44.979145,-4079.481,nan,42.705482
nan,nan,nan,nan,nan,nan,nan,nan,1.0155023,40.999443,0.1888859,44.921474,-4154.0635,nan,42.650509
nan,nan,nan,nan,nan,nan,nan,nan,1.0340073,40.887562,0.18881984,44.863167,-4228.6206,nan,42.594944
nan,nan,nan,nan,nan,nan,nan,nan,1.0525059,40.884575,0.18875259,44.804222,-4303.1509,nan,42.538792
nan,nan,nan,nan,nan,nan,nan,nan,1.0709976,40.694927,0.18868414,44.74464,-4377.6548,nan,42.482056
nan,nan,nan,nan,nan,nan,nan,nan,1.0894827,40.779091,0.1886145,44.684425,-4452.1309,nan,42.42474
nan,nan,nan,nan,nan,nan,nan,nan,1.1079609,40.707298,0.18854368,44.623573,-4526.5796,nan,42.36684
nan,nan,nan,nan,nan,nan,nan,nan,1.1264321,40.668488,0.18847166,44.562088,-4601.0005,nan,42.308369
nan,nan,nan,nan,nan,nan,nan,nan,1.1448961,40.530018,0.18839845,44.499966,-4675.3921,nan,42.249317
nan,nan,nan,nan,nan,nan,nan,nan,1.163353,40.443016,0.18832405,44.437214,-4749.7549,nan,42.189693
nan,nan,nan,nan,nan,nan,nan,nan,1.1818024,40.36795,0.18824846,44.373833,-4824.0879,nan,42.129498
nan,nan,nan,nan,nan,nan,nan,nan,1.2002444,40.316772,0.18817168,44.309814,-4898.3911,nan,42.068737
nan,nan,nan,nan,nan,nan,nan,nan,1.2186788,40.271564,0.18809371,44.245171,-4972.6636,nan,42.007412
nan,nan,nan,nan,nan,nan,nan,nan,1.2371056,40.25024,0.18801455,44.179897,-5046.9048,nan,41.945522
nan,nan,nan,nan,nan,nan,nan,nan,1.2555245,40.11689,0.18793422,44.113995,-5121.1147,nan,41.883076
nan,nan,nan,nan,nan,nan,nan,nan,1.2739356,40.002163,0.18785268,44.047466,-5195.293,nan,41.820068
nan,nan,nan,nan,nan,nan,nan,nan,1.2923385,39.97686,0.18776996,43.980312,-5269.4385,nan,41.756508
nan,nan,nan,nan,nan,nan,nan,nan,1.3107332,39.910755,0.18768607,43.912537,-5343.5513,nan,41.692398
nan,nan,nan,nan,nan,nan,nan,nan,1.3291197,39.835121,0.18760099,43.844135,-5417.6309,nan,41.627739
nan,nan,nan,nan,nan,nan,nan,nan,1.3474978,39.788635,0.18751471,43.775112,-5491.6763,nan,41.562534
nan,nan,nan,nan,nan,nan,nan,nan,1.3658674,39.701488,0.18742725,43.705471,-5565.6875,nan,41.496788
nan,nan,nan,nan,nan,nan,nan,nan,1.3842283,39.651447,0.18733861,43.635208,-5639.6641,nan,41.430504
nan,nan,nan,nan,nan,nan,nan,nan,1.4025806,39.563164,0.18724878,43.564331,-5713.6055,nan,41.363682
nan,nan,nan,nan,nan,nan,nan,nan,1.4209239,39.531319,0.18715778,43.49284,-5787.5107,nan,41.296329
nan,nan,nan,nan,nan,nan,nan,nan,1.4392583,39.395836,0.18706559,43.420731,-5861.3804,nan,41.228447
nan,nan,nan,nan,nan,nan,nan,nan,1.4575837,39.365273,0.18697222,43.348011,-5935.2129,nan,41.160034
nan,nan,nan,nan,nan,nan,nan,nan,1.4758998,39.248981,0.18687767,43.274685,-6009.0088,nan,41.091103
nan,nan,nan,nan,nan,nan,nan,nan,1.4942065,39.128143,0.18678193,43.200748,-6082.7671,nan,41.021652
nan,nan,nan,nan,nan,nan,nan,nan,1.5125039,39.152027,0.18668501,43.126202,-6156.4868,nan,40.951683
nan,nan,nan,nan,nan,nan,nan,nan,1.5307916,39.041424,0.18658693,43.051056,-6230.1685,nan,40.881203
nan,nan,nan,nan,nan,nan,nan,nan,1.5490698,38.945889,0.18648766,42.975304,-6303.811,nan,40.810215
nan,nan,nan,nan,nan,nan,nan,nan,1.5673381,38.843246,0.18638721,42.898956,-6377.4146,nan,40.73872
nan,nan,nan,nan,nan,nan,nan,nan,1.5855964,38.835854,0.18628559,42.822006,-6450.978,nan,40.666721
nan,nan,nan,nan,nan,nan,nan,nan,1.6038449,38.788513,0.18618278,42.744461,-6524.501,nan,40.594227
nan,nan,nan,nan,nan,nan,nan,nan,1.6220832,38.628296,0.1860788,42.666325,-6597.9829,nan,40.521236
nan,nan,nan,nan,nan,nan,nan,nan,1.6403112,38.511009,0.18597364,42.587597,-6671.4238,nan,40.447758
nan,nan,nan,nan,nan,nan,nan,nan,1.6585288,38.418461,0.18586732,42.508278,-6744.8232,nan,40.373791
nan,nan,nan,nan,nan,nan,nan,nan,1.676736,38.355484,0.18575981,42.428371,-6818.1802,nan,40.299339
nan,nan,nan,nan,nan,nan,nan,nan,1.6949327,38.339275,0.18565114,42.347885,-6891.4941,nan,40.224411
nan,nan,nan,nan,nan,nan,nan,nan,1.7131186,38.212181,0.18554129,42.266815,-6964.7651,nan,40.149006
nan,nan,nan,nan,nan,nan,nan,nan,1.7312936,38.153469,0.18543027,42.185165,-7037.9927,nan,40.073128
nan,nan,nan,nan,nan,nan,nan,nan,1.7494577,38.03149,0.18531808,42.10294,-7111.1763,nan,39.996784
nan,nan,nan,nan,nan,nan,nan,nan,1.7676108,37.992397,0.18520471,42.020142,-7184.3154,nan,39.919975
nan,nan,nan,nan,nan,nan,nan,nan,1.7857528,37.903545,0.18509018,41.936775,-7257.4092,nan,39.842709
nan,nan,nan,nan,nan,nan,nan,nan,1.8038834,37.78754,0.18497448,41.852837,-7330.4575,nan,39.764988
nan,nan,nan,nan,nan,nan,nan,nan,1.8220026,37.652058,0.18485761,41.768337,-7403.4604,nan,39.686813
nan,nan,nan,nan,nan,nan,nan,nan,1.8401104,37.56477,0.18473957,41.683273,-7476.4165,nan,39.608192
nan,nan,nan,nan,nan,nan,nan,nan,1.8582065,37.466816,0.18462037,41.597652,-7549.3262,nan,39.529129
nan,nan,nan,nan,nan,nan,nan,nan,1.8762909,37.42104,0.18449999,41.511478,-7622.188,nan,39.449627
nan,nan,nan,nan,nan,nan,nan,nan,1.8943634,37.303898,0.18437846,41.424747,-7695.0024,nan,39.36969
nan,nan,nan,nan,nan,nan,nan,nan,1.912424,37.279305,0.18425576,41.337471,-7767.7686,nan,39.289322
nan,nan,nan,nan,nan,nan,nan,nan,1.9304725,37.128609,0.18413191,41.249645,-7840.4863,nan,39.20853
nan,nan,nan,nan,nan,nan,nan,nan,1.9485087,37.037483,0.18400687,41.161278,-7913.1543,nan,39.127316
nan,nan,nan,nan,nan,nan,nan,nan,1.9665327,36.907688,0.18388069,41.072372,-7985.7734,nan,39.045685
nan,nan,nan,nan,nan,nan,nan,nan,1.9845443,36.891479,0.18375333,40.982929,-8058.3418,nan,38.963638
nan,nan,nan,nan,nan,nan,nan,nan,2.0025432,36.721027,0.18362482,40.892956,-8130.8604,nan,38.881187
nan,nan,nan,nan,nan,nan,nan,nan,2.0205297,36.662312,0.18349515,40.802452,-8203.3271,nan,38.798332
nan,nan,nan,nan,nan,nan,nan,nan,2.0385032,36.556118,0.18336432,40.711422,-8275.7432,nan,38.715076
nan,nan,nan,nan,nan,nan,nan,nan,2.056464,36.445938,0.18323232,40.619873,-8348.1074,nan,38.631424
nan,nan,nan,nan,nan,nan,nan,nan,2.0744116,36.331924,0.18309918,40.527805,-8420.4189,nan,38.547386
nan,nan,nan,nan,nan,nan,nan,nan,2.0923464,36.29155,0.18296488,40.435223,-8492.6777,nan,38.462959
nan,nan,nan,nan,nan,nan,nan,nan,2.1102679,36.249184,0.18282941,40.342133,-8564.8828,nan,38.378151
nan,nan,nan,nan,nan,nan,nan,nan,2.128176,36.064087,0.1826928,40.248531,-8637.0352,nan,38.292965
nan,nan,nan,nan,nan,nan,nan,nan,2.1460705,36.001392,0.18255503,40.15443,-8709.1328,nan,38.207409
nan,nan,nan,nan,nan,nan,nan,nan,2.1639516,35.880554,0.18241611,40.059834,-8781.1758,nan,38.121483
nan,nan,nan,nan,nan,nan,nan,nan,2.1818192,35.784168,0.18227604,39.964737,-8853.1641,nan,38.035198
nan,nan,nan,nan,nan,nan,nan,nan,2.1996727,35.670578,0.18213482,39.869156,-8925.0967,nan,37.948555
nan,nan,nan,nan,nan,nan,nan,nan,2.2175124,35.614281,0.18199244,39.773083,-8996.9727,nan,37.861553
nan,nan,nan,nan,nan,nan,nan,nan,2.2353382,35.442123,0.18184891,39.676533,-9068.793,nan,37.774208
nan,nan,nan,nan,nan,nan,nan,nan,2.2531497,35.357109,0.18170424,39.579502,-9140.5566,nan,37.686516
nan,nan,nan,nan,nan,nan,nan,nan,2.2709472,35.23243,0.18155842,39.481998,-9212.2617,nan,37.598488
nan,nan,nan,nan,nan,nan,nan,nan,2.2887304,35.1922,0.18141146,39.384026,-9283.9102,nan,37.510124
nan,nan,nan,nan,nan,nan,nan,nan,2.3064988,35.043636,0.18126334,39.285591,-9355.5,nan,37.421429
nan,nan,nan,nan,nan,nan,nan,nan,2.3242528,34.932892,0.18111408,39.186691,-9427.0312,nan,37.332409
nan,nan,nan,nan,nan,nan,nan,nan,2.3419921,34.743813,0.18096368,39.087337,-9498.5029,nan,37.243069
nan,nan,nan,nan,nan,nan,nan,nan,2.3597169,34.710548,0.18081214,38.987534,-9569.915,nan,37.153416
nan,nan,nan,nan,nan,nan,nan,nan,2.3774264,34.575207,0.18065944,38.887283,-9641.2676,nan,37.06345
nan,nan,nan,nan,nan,nan,nan,nan,2.3951211,34.501141,0.18050562,38.786591,-9712.5596,nan,36.973179
nan,nan,nan,nan,nan,nan,nan,nan,2.4128006,34.460907,0.18035065,38.685459,-9783.79,nan,36.882607
nan,nan,nan,nan,nan,nan,nan,nan,2.4304647,34.307087,0.18019454,38.583897,-9854.96,nan,36.791737
nan,nan,nan,nan,nan,nan,nan,nan,2.4481137,34.214397,0.18003729,38.481907,-9926.0674,nan,36.700577
nan,nan,nan,nan,nan,nan,nan,nan,2.4657471,34.173027,0.17987891,38.37949,-9997.1123,nan,36.609131
nan,nan,nan,nan,nan,nan,nan,nan,2.4833651,33.969307,0.17971939,38.276657,-10068.096,nan,36.517403
nan,nan,nan,nan,nan,nan,nan,nan,2.5009673,33.910309,0.17955874,38.173412,-10139.015,nan,36.4254
nan,nan,nan,nan,nan,nan,nan,nan,2.5185535,33.753784,0.17939694,38.069759,-10209.87,nan,36.333122
nan,nan,nan,nan,nan,nan,nan,nan,2.536124,33.706589,0.17923401,37.965698,-10280.662,nan,36.240578
nan,nan,nan,nan,nan,nan,nan,nan,2.5536785,33.53912,0.17906997,37.861244,-10351.389,nan,36.147774
nan,nan,nan,nan,nan,nan,nan,nan,2.5712168,33.433777,0.17890479,37.756393,-10422.051,nan,36.05471
nan,nan,nan,nan,nan,nan,nan,nan,2.5887389,33.353027,0.17873846,37.651154,-10492.647,nan,35.961395
nan,nan,nan,nan,nan,nan,nan,nan,2.6062446,33.285072,0.17857102,37.545532,-10563.179,nan,35.867828
nan,nan,nan,nan,nan,nan,nan,nan,2.623734,33.069977,0.17840244,37.439533,-10633.643,nan,35.774025
nan,nan,nan,nan,nan,nan,nan,nan,2.6412065,33.044247,0.17823274,37.33316,-10704.04,nan,35.679981
nan,nan,nan,nan,nan,nan,nan,nan,2.6586626,32.939899,0.17806192,37.226421,-10774.371,nan,35.585701
nan,nan,nan,nan,nan,nan,nan,nan,2.6761019,32.833134,0.17788997,37.119316,-10844.634,nan,35.491196
nan,nan,nan,nan,nan,nan,nan,nan,2.6935241,32.678886,0.1777169,37.011856,-10914.828,nan,35.396469
nan,nan,nan,nan,nan,nan,nan,nan,2.7109294,32.575535,0.1775427,36.904045,-10984.954,nan,35.301521
nan,nan,nan,nan,nan,nan,nan,nan,2.7283177,32.489666,0.17736737,36.795887,-11055.012,nan,35.20636
nan,nan,nan,nan,nan,nan,nan,nan,2.7456887,32.286655,0.17719094,36.687389,-11124.999,nan,35.110989
nan,nan,nan,nan,nan,nan,nan,nan,2.7630422,32.230644,0.17701338,36.578552,-11194.917,nan,35.015415
nan,nan,nan,nan,nan,nan,nan,nan,2.7803783,32.140797,0.1768347,36.469387,-11264.765,nan,34.91964
nan,nan,nan,nan,nan,nan,nan,nan,2.7976968,31.939493,0.17665492,36.359898,-11334.541,nan,34.823673
nan,nan,nan,nan,nan,nan,nan,nan,2.8149979,31.939634,0.176474,36.250088,-11404.247,nan,34.727512
nan,nan,nan,nan,nan,nan,nan,nan,2.8322809,31.868553,0.17629199,36.139965,-11473.881,nan,34.631172
nan,nan,nan,nan,nan,nan,nan,nan,2.8495462,31.634268,0.17610885,36.029537,-11543.442,nan,34.534649
nan,nan,nan,nan,nan,nan,nan,nan,2.8667934,31.612516,0.1759246,35.918804,-11612.932,nan,34.437946
nan,nan,nan,nan,nan,nan,nan,nan,2.8840225,31.460686,0.17573923,35.807774,-11682.348,nan,34.34108
nan,nan,nan,nan,nan,nan,nan,nan,2.9012334,31.32037,0.17555277,35.696453,-11751.69,nan,34.244041
nan,nan,nan,nan,nan,nan,nan,nan,2.918426,31.298193,0.17536518,35.584846,-11820.96,nan,34.146843
nan,nan,nan,nan,nan,nan,nan,nan,2.9356003,31.109257,0.1751765,35.472958,-11890.155,nan,34.049492
nan,nan,nan,nan,nan,nan,nan,nan,2.9527559,31.102716,0.17498671,35.360798,-11959.275,nan,33.951984
nan,nan,nan,nan,nan,nan,nan,nan,2.9698927,30.844831,0.17479581,35.248367,-12028.32,nan,33.854328
nan,nan,nan,nan,nan,nan,nan,nan,2.987011,30.800051,0.1746038,35.135677,-12097.289,nan,33.756535
nan,nan,nan,nan,nan,nan,nan,nan,3.0041103,30.644524,0.1744107,35.022728,-12166.183,nan,33.6586
nan,nan,nan,nan,nan,nan,nan,nan,3.0211906,30.560505,0.17421649,34.909527,-12235,nan,33.560528
nan,nan,nan,nan,nan,nan,nan,nan,3.0382519,30.410238,0.17402118,34.796082,-12303.739,nan,33.46233
nan,nan,nan,nan,nan,nan,nan,nan,3.055294,30.314562,0.17382477,34.682396,-12372.402,nan,33.36401
nan,nan,nan,nan,nan,nan,nan,nan,3.0723169,30.194433,0.17362727,34.568474,-12440.987,nan,33.265568
nan,nan,nan,nan,nan,nan,nan,nan,3.0893202,30.144249,0.17342867,34.454327,-12509.494,nan,33.167011
nan,nan,nan,nan,nan,nan,nan,nan,3.1063042,29.928871,0.17322896,34.339958,-12577.922,nan,33.06834
nan,nan,nan,nan,nan,nan,nan,nan,3.1232684,29.883522,0.17302817,34.225372,-12646.271,nan,32.969566
nan,nan,nan,nan,nan,nan,nan,nan,3.1402128,29.715769,0.17282629,34.110573,-12714.541,nan,32.870689
nan,nan,nan,nan,nan,nan,nan,nan,3.1571376,29.614689,0.17262331,33.995571,-12782.73,nan,32.771713
nan,nan,nan,nan,nan,nan,nan,nan,3.1740422,29.484325,0.17241925,33.880371,-12850.84,nan,32.672646
nan,nan,nan,nan,nan,nan,nan,nan,3.190927,29.395758,0.17221409,33.76498,-12918.868,nan,32.573486
nan,nan,nan,nan,nan,nan,nan,nan,3.2077916,29.306051,0.17200784,33.649399,-12986.815,nan,32.474243
nan,nan,nan,nan,nan,nan,nan,nan,3.2246358,29.154079,0.17180051,33.533638,-13054.682,nan,32.37492
nan,nan,nan,nan,nan,nan,nan,nan,3.2414596,29.069633,0.1715921,33.417702,-13122.465,nan,32.27552
nan,nan,nan,nan,nan,nan,nan,nan,3.2582631,28.922068,0.17138261,33.301598,-13190.166,nan,32.176052
nan,nan,nan,nan,nan,nan,nan,nan,3.2750459,28.803362,0.17117202,33.185326,-13257.784,nan,32.076511
nan,nan,nan,nan,nan,nan,nan,nan,3.2918081,28.672712,0.17096035,33.068901,-13325.319,nan,31.97691
nan,nan,nan,nan,nan,nan,nan,nan,3.3085494,28.566801,0.17074761,32.95232,-13392.771,nan,31.877249
nan,nan,nan,nan,nan,nan,nan,nan,3.3252699,28.513632,0.17053379,32.835598,-13460.138,nan,31.777533
nan,nan,nan,nan,nan,nan,nan,nan,3.3419695,28.362938,0.17031889,32.718735,-13527.42,nan,31.677765
nan,nan,nan,nan,nan,nan,nan,nan,3.3586478,28.23428,0.17010291,32.601734,-13594.617,nan,31.57795
nan,nan,nan,nan,nan,nan,nan,nan,3.3753049,28.113583,0.16988586,32.484608,-13661.729,nan,31.47809
nan,nan,nan,nan,nan,nan,nan,nan,3.3919406,28.057285,0.16966774,32.367359,-13728.755,nan,31.378193
nan,nan,nan,nan,nan,nan,nan,nan,3.408555,27.936731,0.16944855,32.249996,-13795.694,nan,31.278261
nan,nan,nan,nan,nan,nan,nan,nan,3.425148,27.777935,0.16922829,32.132519,-13862.547,nan,31.178297
nan,nan,nan,nan,nan,nan,nan,nan,3.4417193,27.607197,0.16900696,32.014938,-13929.312,nan,31.078306
nan,nan,nan,nan,nan,nan,nan,nan,3.4582686,27.511236,0.16878454,31.897261,-13995.99,nan,30.978292
nan,nan,nan,nan,nan,nan,nan,nan,3.4747963,27.473419,0.16856109,31.779488,-14062.581,nan,30.878258
nan,nan,nan,nan,nan,nan,nan,nan,3.491302,27.279081,0.16833656,31.661629,-14129.082,nan,30.778208
nan,nan,nan,nan,nan,nan,nan,nan,3.5077856,27.196911,0.16811095,31.543688,-14195.495,nan,30.678144
nan,nan,nan,nan,nan,nan,nan,nan,3.5242472,27.141468,0.16788431,31.425671,-14261.818,nan,30.578074
nan,nan,nan,nan,nan,nan,nan,nan,3.5406864,26.955801,0.16765659,31.307585,-14328.053,nan,30.477997
nan,nan,nan,nan,nan,nan,nan,nan,3.5571032,26.916422,0.16742781,31.189434,-14394.196,nan,30.37792
nan,nan,nan,nan,nan,nan,nan,nan,3.5734975,26.811932,0.16719797,31.071224,-14460.249,nan,30.277845
nan,nan,nan,nan,nan,nan,nan,nan,3.5898695,26.676735,0.16696708,30.952963,-14526.211,nan,30.177776
nan,nan,nan,nan,nan,nan,nan,nan,3.6062186,26.524477,0.16673514,30.834654,-14592.082,nan,30.077717
nan,nan,nan,nan,nan,nan,nan,nan,3.622545,26.408472,0.16650213,30.716303,-14657.861,nan,29.977671
nan,nan,nan,nan,nan,nan,nan,nan,3.6388485,26.25721,0.1662681,30.597918,-14723.548,nan,29.87764
nan,nan,nan,nan,nan,nan,nan,nan,3.655129,26.164661,0.16603298,30.4795,-14789.143,nan,29.77763
nan,nan,nan,nan,nan,nan,nan,nan,3.6713862,26.043537,0.16579685,30.361059,-14854.644,nan,29.677643
nan,nan,nan,nan,nan,nan,nan,nan,3.6876206,25.993212,0.16555965,30.242601,-14920.052,nan,29.577681
nan,nan,nan,nan,nan,nan,nan,nan,3.7038314,25.808399,0.16532139,30.124128,-14985.365,nan,29.477749
nan,nan,nan,nan,nan,nan,nan,nan,3.7200191,25.760916,0.16508211,30.005646,-15050.585,nan,29.377851
nan,nan,nan,nan,nan,nan,nan,nan,3.7361832,25.659695,0.16484179,29.887163,-15115.71,nan,29.277988
nan,nan,nan,nan,nan,nan,nan,nan,3.7523234,25.428963,0.16460042,29.768684,-15180.74,nan,29.178164
nan,nan,nan,nan,nan,nan,nan,nan,3.7684402,25.350204,0.164358,29.650211,-15245.675,nan,29.078382
nan,nan,nan,nan,nan,nan,nan,nan,3.7845333,25.239601,0.16411456,29.531754,-15310.513,nan,28.978647
nan,nan,nan,nan,nan,nan,nan,nan,3.8006022,25.182167,0.16387008,29.413317,-15375.256,nan,28.87896
nan,nan,nan,nan,nan,nan,nan,nan,3.8166473,25.061045,0.16362455,29.294903,-15439.901,nan,28.779322
nan,nan,nan,nan,nan,nan,nan,nan,3.8326681,24.873672,0.163378,29.176519,-15504.449,nan,28.679739
nan,nan,nan,nan,nan,nan,nan,nan,3.8486648,24.70734,0.16313042,29.05817,-15568.9,nan,28.580215
nan,nan,nan,nan,nan,nan,nan,nan,3.8646371,24.680899,0.16288181,28.939861,-15633.253,nan,28.480749
nan,nan,nan,nan,nan,nan,nan,nan,3.8805852,24.555794,0.16263215,28.8216,-15697.508,nan,28.381346
nan,nan,nan,nan,nan,nan,nan,nan,3.8965087,24.478884,0.16238149,28.703388,-15761.663,nan,28.282009
nan,nan,nan,nan,nan,nan,nan,nan,3.9124074,24.315823,0.16212979,28.585232,-15825.72,nan,28.182739
nan,nan,nan,nan,nan,nan,nan,nan,3.9282815,24.236353,0.16187707,28.467136,-15889.677,nan,28.083542
nan,nan,nan,nan,nan,nan,nan,nan,3.9441309,24.094046,0.16162331,28.349108,-15953.534,nan,27.984417
nan,nan,nan,nan,nan,nan,nan,nan,3.9599555,23.978325,0.16136855,28.23115,-16017.291,nan,27.885366
nan,nan,nan,nan,nan,nan,nan,nan,3.9757547,23.876678,0.16111277,28.113268,-16080.946,nan,27.786396
nan,nan,nan,nan,nan,nan,nan,nan,3.991529,23.739632,0.16085596,27.995466,-16144.501,nan,27.687506
nan,nan,nan,nan,nan,nan,nan,nan,4.007278,23.670256,0.16059816,27.877752,-16207.955,nan,27.588699
nan,nan,nan,nan,nan,nan,nan,nan,4.0230017,23.638128,0.16033933,27.760126,-16271.306,nan,27.489979
nan,nan,nan,nan,nan,nan,nan,nan,4.0387001,23.378395,0.16007948,27.642597,-16334.555,nan,27.391348
nan,nan,nan,nan,nan,nan,nan,nan,4.0543733,23.347546,0.15981862,27.525167,-16397.701,nan,27.292805
nan,nan,nan,nan,nan,nan,nan,nan,4.0700202,23.148088,0.15955675,27.407843,-16460.744,nan,27.194355
nan,nan,nan,nan,nan,nan,nan,nan,4.0856419,23.125912,0.15929388,27.290627,-16523.684,nan,27.096001
nan,nan,nan,nan,nan,nan,nan,nan,4.1012378,22.935127,0.15902999,27.173525,-16586.518,nan,26.997744
nan,nan,nan,nan,nan,nan,nan,nan,4.1168075,22.928873,0.15876511,27.056541,-16649.248,nan,26.899586
nan,nan,nan,nan,nan,nan,nan,nan,4.1323509,22.766237,0.15849923,26.93968,-16711.875,nan,26.801527
nan,nan,nan,nan,nan,nan,nan,nan,4.1478686,22.650373,0.15823233,26.822947,-16774.396,nan,26.703573
nan,nan,nan,nan,nan,nan,nan,nan,4.1633606,22.528967,0.15796445,26.706345,-16836.811,nan,26.605724
nan,nan,nan,nan,nan,nan,nan,nan,4.1788254,22.396896,0.15769556,26.58988,-16899.121,nan,26.507982
nan,nan,nan,nan,nan,nan,nan,nan,4.1942644,22.271791,0.15742569,26.473553,-16961.324,nan,26.410349
nan,nan,nan,nan,nan,nan,nan,nan,4.2096767,22.199289,0.1571548,26.357372,-17023.42,nan,26.312826
nan,nan,nan,nan,nan,nan,nan,nan,4.2250624,22.12508,0.15688294,26.241341,-17085.41,nan,26.215418
nan,nan,nan,nan,nan,nan,nan,nan,4.2404213,22.022011,0.15661007,26.12546,-17147.291,nan,26.118122
nan,nan,nan,nan,nan,nan,nan,nan,4.2557535,21.914536,0.15633622,26.009737,-17209.064,nan,26.020943
nan,nan,nan,nan,nan,nan,nan,nan,4.271059,21.728727,0.1560614,25.894175,-17270.73,nan,25.923882
nan,nan,nan,nan,nan,nan,nan,nan,4.2863374,21.685225,0.15578556,25.778776,-17332.287,nan,25.826939
nan,nan,nan,nan,nan,nan,nan,nan,4.301589,21.533251,0.15550876,25.663546,-17393.734,nan,25.730116
nan,nan,nan,nan,nan,nan,nan,nan,4.316813,21.388103,0.15523097,25.548489,-17455.072,nan,25.633417
nan,nan,nan,nan,nan,nan,nan,nan,4.3320098,21.293705,0.1549522,25.433607,-17516.301,nan,25.536842
nan,nan,nan,nan,nan,nan,nan,nan,4.3471794,21.181681,0.15467246,25.318905,-17577.42,nan,25.440392
nan,nan,nan,nan,nan,nan,nan,nan,4.3623214,21.09553,0.15439172,25.204386,-17638.428,nan,25.344069
nan,nan,nan,nan,nan,nan,nan,nan,4.3774357,21.019329,0.15411003,25.090054,-17699.324,nan,25.247873
nan,nan,nan,nan,nan,nan,nan,nan,4.3925228,20.913134,0.15382735,24.975912,-17760.109,nan,25.151806
nan,nan,nan,nan,nan,nan,nan,nan,4.4075818,20.721497,0.15354371,24.861965,-17820.781,nan,25.05587
nan,nan,nan,nan,nan,nan,nan,nan,4.4226131,20.666479,0.1532591,24.748215,-17881.344,nan,24.960066
nan,nan,nan,nan,nan,nan,nan,nan,4.4376163,20.626816,0.1529735,24.634663,-17941.791,nan,24.864395
nan,nan,nan,nan,nan,nan,nan,nan,4.4525919,20.486359,0.15268695,24.521317,-18002.127,nan,24.768858
nan,nan,nan,nan,nan,nan,nan,nan,4.4675388,20.352867,0.15239945,24.408176,-18062.35,nan,24.673456
nan,nan,nan,nan,nan,nan,nan,nan,4.4824576,20.21184,0.15211096,24.295246,-18122.459,nan,24.57819
nan,nan,nan,nan,nan,nan,nan,nan,4.4973483,20.135925,0.15182152,24.182528,-18182.453,nan,24.483061
nan,nan,nan,nan,nan,nan,nan,nan,4.5122108,20.014374,0.15153113,24.070026,-18242.332,nan,24.388069
nan,nan,nan,nan,nan,nan,nan,nan,4.5270443,19.89254,0.15123978,23.957743,-18302.098,nan,24.293217
nan,nan,nan,nan,nan,nan,nan,nan,4.5418496,19.812502,0.15094747,23.845682,-18361.748,nan,24.198505
nan,nan,nan,nan,nan,nan,nan,nan,4.5566258,19.727062,0.15065421,23.733845,-18421.283,nan,24.103933
nan,nan,nan,nan,nan,nan,nan,nan,4.5713739,19.580349,0.15035999,23.622234,-18480.701,nan,24.009502
nan,nan,nan,nan,nan,nan,nan,nan,4.5860925,19.528744,0.15006483,23.510853,-18540.004,nan,23.915215
nan,nan,nan,nan,nan,nan,nan,nan,4.6007824,19.333694,0.14976871,23.399704,-18599.188,nan,23.821068
nan,nan,nan,nan,nan,nan,nan,nan,4.6154432,19.255648,0.14947166,23.288792,-18658.256,nan,23.727066
nan,nan,nan,nan,nan,nan,nan,nan,4.6300745,19.14945,0.14917366,23.178114,-18717.207,nan,23.633207
nan,nan,nan,nan,nan,nan,nan,nan,4.6446772,19.094292,0.14887471,23.067677,-18776.041,nan,23.539494
nan,nan,nan,nan,nan,nan,nan,nan,4.6592503,18.974731,0.14857483,22.957479,-18834.756,nan,23.445927
nan,nan,nan,nan,nan,nan,nan,nan,4.6737938,18.865265,0.148274,22.847528,-18893.352,nan,23.352503
nan,nan,nan,nan,nan,nan,nan,nan,4.6883078,18.754377,0.14797224,22.737822,-18951.828,nan,23.259226
nan,nan,nan,nan,nan,nan,nan,nan,4.7027922,18.695379,0.14766955,22.628365,-19010.188,nan,23.166096
nan,nan,nan,nan,nan,nan,nan,nan,4.717247,18.540136,0.14736593,22.519156,-19068.426,nan,23.073112
nan,nan,nan,nan,nan,nan,nan,nan,4.7316718,18.46607,0.14706136,22.4102,-19126.543,nan,22.980276
nan,nan,nan,nan,nan,nan,nan,nan,4.746067,18.411194,0.14675587,22.301497,-19184.541,nan,22.887589
nan,nan,nan,nan,nan,nan,nan,nan,4.7604322,18.179041,0.14644946,22.19305,-19242.418,nan,22.795046
nan,nan,nan,nan,nan,nan,nan,nan,4.7747669,18.125731,0.14614213,22.08486,-19300.174,nan,22.702654
nan,nan,nan,nan,nan,nan,nan,nan,4.789072,18.019676,0.14583386,21.976929,-19357.809,nan,22.610409
nan,nan,nan,nan,nan,nan,nan,nan,4.8033466,17.873959,0.14552468,21.869259,-19415.322,nan,22.518312
nan,nan,nan,nan,nan,nan,nan,nan,4.8175907,17.829744,0.14521457,21.76185,-19472.711,nan,22.426365
nan,nan,nan,nan,nan,nan,nan,nan,4.8318048,17.686443,0.14490356,21.654705,-19529.979,nan,22.334564
nan,nan,nan,nan,nan,nan,nan,nan,4.8459878,17.625599,0.14459161,21.547823,-19587.125,nan,22.242914
nan,nan,nan,nan,nan,nan,nan,nan,4.8601408,17.515848,0.14427876,21.441208,-19644.145,nan,22.151411
nan,nan,nan,nan,nan,nan,nan,nan,4.8742628,17.462111,0.14396501,21.33486,-19701.043,nan,22.060057
nan,nan,nan,nan,nan,nan,nan,nan,4.8883538,17.242893,0.14365034,21.228781,-19757.816,nan,21.968851
nan,nan,nan,nan,nan,nan,nan,nan,4.9024143,17.222422,0.14333476,21.122969,-19814.467,nan,21.877794
nan,nan,nan,nan,nan,nan,nan,nan,4.9164438,17.068031,0.14301828,21.017429,-19870.99,nan,21.786884
nan,nan,nan,nan,nan,nan,nan,nan,4.9304419,17.032917,0.1427009,20.912159,-19927.391,nan,21.696125
nan,nan,nan,nan,nan,nan,nan,nan,4.9444089,16.848389,0.14238261,20.807161,-19983.664,nan,21.605511
nan,nan,nan,nan,nan,nan,nan,nan,4.9583449,16.819387,0.14206342,20.702436,-20039.812,nan,21.515045
nan,nan,nan,nan,nan,nan,nan,nan,4.9722495,16.726271,0.14174335,20.597984,-20095.834,nan,21.424728
nan,nan,nan,nan,nan,nan,nan,nan,4.9861231,16.614815,0.14142236,20.493807,-20151.729,nan,21.334557
nan,nan,nan,nan,nan,nan,nan,nan,4.9999647,16.444075,0.1411005,20.389902,-20207.498,nan,21.244534
nan,nan,nan,nan,nan,nan,nan,nan,5.0137749,16.398014,0.14077772,20.286274,-20263.139,nan,21.154655
nan,nan,nan,nan,nan,nan,nan,nan,5.0275531,16.218178,0.14045407,20.18292,-20318.652,nan,21.064924
nan,nan,nan,nan,nan,nan,nan,nan,5.0412998,16.170837,0.14012954,20.079842,-20374.037,nan,20.97534
nan,nan,nan,nan,nan,nan,nan,nan,5.0550146,16.039051,0.13980411,19.977039,-20429.295,nan,20.885899
nan,nan,nan,nan,nan,nan,nan,nan,5.0686979,15.980479,0.1394778,19.874514,-20484.424,nan,20.796604
nan,nan,nan,nan,nan,nan,nan,nan,5.0823488,15.893618,0.1391506,19.772263,-20539.424,nan,20.707453
nan,nan,nan,nan,nan,nan,nan,nan,5.0959673,15.743919,0.13882254,19.67029,-20594.293,nan,20.618444
nan,nan,nan,nan,nan,nan,nan,nan,5.1095543,15.701696,0.1384936,19.568592,-20649.035,nan,20.529581
nan,nan,nan,nan,nan,nan,nan,nan,5.1231084,15.562234,0.13816378,19.467169,-20703.645,nan,20.440859
nan,nan,nan,nan,nan,nan,nan,nan,5.1366305,15.572896,0.13783309,19.366022,-20758.125,nan,20.35228
nan,nan,nan,nan,nan,nan,nan,nan,5.1501203,15.502525,0.13750152,19.265152,-20812.475,nan,20.263842
nan,nan,nan,nan,nan,nan,nan,nan,5.1635771,15.249901,0.13716909,19.164557,-20866.693,nan,20.175545
nan,nan,nan,nan,nan,nan,nan,nan,5.1770015,15.188628,0.13683578,19.064236,-20920.779,nan,20.087389
nan,nan,nan,nan,nan,nan,nan,nan,5.190393,15.13688,0.13650163,18.96419,-20974.736,nan,19.999372
nan,nan,nan,nan,nan,nan,nan,nan,5.203752,14.98903,0.1361666,18.864418,-21028.559,nan,19.911493
nan,nan,nan,nan,nan,nan,nan,nan,5.2170782,14.868617,0.13583072,18.764917,-21082.25,nan,19.823753
nan,nan,nan,nan,nan,nan,nan,nan,5.230371,14.76299,0.13549398,18.665691,-21135.807,nan,19.736151
nan,nan,nan,nan,nan,nan,nan,nan,5.2436314,14.689065,0.13515638,18.566736,-21189.232,nan,19.648684
nan,nan,nan,nan,nan,nan,nan,nan,5.2568583,14.5968,0.13481793,18.468054,-21242.523,nan,19.561354
nan,nan,nan,nan,nan,nan,nan,nan,5.270052,14.488898,0.13447861,18.36964,-21295.682,nan,19.474157
nan,nan,nan,nan,nan,nan,nan,nan,5.2832122,14.346024,0.13413846,18.271496,-21348.705,nan,19.387096
nan,nan,nan,nan,nan,nan,nan,nan,5.2963395,14.296409,0.13379747,18.17362,-21401.594,nan,19.300169
nan,nan,nan,nan,nan,nan,nan,nan,5.309433,14.215091,0.13345562,18.076012,-21454.348,nan,19.213373
nan,nan,nan,nan,nan,nan,nan,nan,5.3224931,14.162206,0.13311294,17.97867,-21506.967,nan,19.126709
nan,nan,nan,nan,nan,nan,nan,nan,5.3355198,14.007674,0.13276941,17.881594,-21559.451,nan,19.040174
nan,nan,nan,nan,nan,nan,nan,nan,5.3485122,13.923228,0.13242503,17.784781,-21611.799,nan,18.953772
nan,nan,nan,nan,nan,nan,nan,nan,5.3614712,13.838215,0.13207982,17.688229,-21664.012,nan,18.867496
nan,nan,nan,nan,nan,nan,nan,nan,5.3743963,13.734435,0.13173379,17.59194,-21716.086,nan,18.781349
nan,nan,nan,nan,nan,nan,nan,nan,5.3872876,13.698468,0.13138692,17.495909,-21768.025,nan,18.695328
nan,nan,nan,nan,nan,nan,nan,nan,5.4001446,13.523038,0.13103922,17.400137,-21819.826,nan,18.609432
nan,nan,nan,nan,nan,nan,nan,nan,5.4129677,13.425513,0.13069069,17.304623,-21871.49,nan,18.523663
nan,nan,nan,nan,nan,nan,nan,nan,5.4257565,13.389831,0.13034134,17.209362,-21923.018,nan,18.438017
nan,nan,nan,nan,nan,nan,nan,nan,5.4385109,13.226626,0.12999116,17.114357,-21974.404,nan,18.352493
nan,nan,nan,nan,nan,nan,nan,nan,5.4512315,13.182414,0.12964016,17.019602,-22025.654,nan,18.267092
nan,nan,nan,nan,nan,nan,nan,nan,5.4639173,13.059442,0.12928833,16.925097,-22076.766,nan,18.181812
nan,nan,nan,nan,nan,nan,nan,nan,5.4765682,12.956089,0.12893571,16.830841,-22127.738,nan,18.096651
nan,nan,nan,nan,nan,nan,nan,nan,5.4891849,12.912018,0.12858225,16.736832,-22178.57,nan,18.011608
nan,nan,nan,nan,nan,nan,nan,nan,5.5017672,12.775257,0.12822799,16.643066,-22229.264,nan,17.926682
nan,nan,nan,nan,nan,nan,nan,nan,5.5143142,12.635795,0.12787293,16.549541,-22279.816,nan,17.841873
nan,nan,nan,nan,nan,nan,nan,nan,5.5268264,12.603097,0.12751704,16.456259,-22330.229,nan,17.757179
nan,nan,nan,nan,nan,nan,nan,nan,5.5393043,12.450981,0.12716036,16.363214,-22380.5,nan,17.6726
nan,nan,nan,nan,nan,nan,nan,nan,5.5517464,12.405063,0.12680288,16.270407,-22430.631,nan,17.588135
nan,nan,nan,nan,nan,nan,nan,nan,5.5641541,12.330568,0.12644458,16.177832,-22480.621,nan,17.50378
nan,nan,nan,nan,nan,nan,nan,nan,5.5765262,12.141349,0.12608549,16.085489,-22530.469,nan,17.419537
nan,nan,nan,nan,nan,nan,nan,nan,5.5888634,12.003877,0.12572561,15.993377,-22580.176,nan,17.335402
nan,nan,nan,nan,nan,nan,nan,nan,5.6011653,12.052923,0.12536493,15.901491,-22629.74,nan,17.251375
nan,nan,nan,nan,nan,nan,nan,nan,5.6134315,11.956678,0.12500346,15.80983,-22679.16,nan,17.167458
nan,nan,nan,nan,nan,nan,nan,nan,5.6256623,11.793758,0.1246412,15.718391,-22728.439,nan,17.083645
nan,nan,nan,nan,nan,nan,nan,nan,5.6378579,11.73803,0.12427816,15.627172,-22777.574,nan,16.999937
nan,nan,nan,nan,nan,nan,nan,nan,5.6500177,11.608377,0.12391432,15.536171,-22826.566,nan,16.916334
nan,nan,nan,nan,nan,nan,nan,nan,5.6621418,11.49422,0.12354971,15.445385,-22875.414,nan,16.832832
nan,nan,nan,nan,nan,nan,nan,nan,5.6742301,11.480572,0.12318432,15.354811,-22924.119,nan,16.749434
nan,nan,nan,nan,nan,nan,nan,nan,5.6862826,11.316515,0.12281814,15.264446,-22972.678,nan,16.666134
nan,nan,nan,nan,nan,nan,nan,nan,5.6982989,11.213447,0.12245119,15.174289,-23021.094,nan,16.582933
nan,nan,nan,nan,nan,nan,nan,nan,5.7102795,11.126158,0.12208348,15.084335,-23069.363,nan,16.49983
nan,nan,nan,nan,nan,nan,nan,nan,5.7222242,11.108103,0.12171498,14.994584,-23117.488,nan,16.416824
nan,nan,nan,nan,nan,nan,nan,nan,5.7341328,10.893721,0.12134572,14.905031,-23165.467,nan,16.333914
nan,nan,nan,nan,nan,nan,nan,nan,5.7460046,10.920305,0.12097569,14.815674,-23213.299,nan,16.251097
nan,nan,nan,nan,nan,nan,nan,nan,5.7578406,10.801741,0.1206049,14.72651,-23260.986,nan,16.168373
nan,nan,nan,nan,nan,nan,nan,nan,5.76964,10.716584,0.12023334,14.637536,-23308.525,nan,16.085741
nan,nan,nan,nan,nan,nan,nan,nan,5.7814031,10.580534,0.11986103,14.54875,-23355.92,nan,16.003201
nan,nan,nan,nan,nan,nan,nan,nan,5.7931294,10.49623,0.11948796,14.460148,-23403.166,nan,15.920749
nan,nan,nan,nan,nan,nan,nan,nan,5.8048196,10.378519,0.11911413,14.371727,-23450.266,nan,15.838386
nan,nan,nan,nan,nan,nan,nan,nan,5.8164725,10.363307,0.11873955,14.283484,-23497.215,nan,15.756109
nan,nan,nan,nan,nan,nan,nan,nan,5.8280892,10.250856,0.11836422,14.195417,-23544.02,nan,15.673919
nan,nan,nan,nan,nan,nan,nan,nan,5.8396688,10.106276,0.11798815,14.107523,-23590.674,nan,15.591812
nan,nan,nan,nan,nan,nan,nan,nan,5.8512115,10.05467,0.11761133,14.019797,-23637.18,nan,15.509789
nan,nan,nan,nan,nan,nan,nan,nan,5.8627176,9.9722147,0.11723376,13.932238,-23683.537,nan,15.427849
nan,nan,nan,nan,nan,nan,nan,nan,5.8741865,9.9045448,0.11685546,13.844841,-23729.744,nan,15.345989
nan,nan,nan,nan,nan,nan,nan,nan,5.8856182,9.824791,0.11647642,13.757604,-23775.803,nan,15.26421
nan,nan,nan,nan,nan,nan,nan,nan,5.8970127,9.6974125,0.11609664,13.670524,-23821.713,nan,15.182509
nan,nan,nan,nan,nan,nan,nan,nan,5.90837,9.5946283,0.11571612,13.583596,-23867.471,nan,15.100885
nan,nan,nan,nan,nan,nan,nan,nan,5.9196901,9.4737892,0.11533488,13.496819,-23913.078,nan,15.019339
nan,nan,nan,nan,nan,nan,nan,nan,5.9309726,9.3685884,0.11495291,13.41019,-23958.537,nan,14.937867
nan,nan,nan,nan,nan,nan,nan,nan,5.9422178,9.342288,0.11457022,13.323703,-24003.844,nan,14.856469
nan,nan,nan,nan,nan,nan,nan,nan,5.9534254,9.2063789,0.11418679,13.237356,-24048.998,nan,14.775144
nan,nan,nan,nan,nan,nan,nan,nan,5.9645953,9.1691322,0.11380265,13.151147,-24094.002,nan,14.693891
nan,nan,nan,nan,nan,nan,nan,nan,5.9757276,9.058671,0.11341779,13.065071,-24138.855,nan,14.612707
nan,nan,nan,nan,nan,nan,nan,nan,5.9868221,8.9782066,0.11303221,12.979126,-24183.555,nan,14.531594
nan,nan,nan,nan,nan,nan,nan,nan,5.997879,8.8683138,0.11264592,12.893308,-24228.102,nan,14.450549
nan,nan,nan,nan,nan,nan,nan,nan,6.0088978,8.7757654,0.11225892,12.807613,-24272.498,nan,14.369571
nan,nan,nan,nan,nan,nan,nan,nan,6.0198784,8.7352486,0.11187121,12.722039,-24316.74,nan,14.288659
nan,nan,nan,nan,nan,nan,nan,nan,6.0308213,8.6465387,0.11148278,12.636581,-24360.828,nan,14.207811
nan,nan,nan,nan,nan,nan,nan,nan,6.0417261,8.5743198,0.11109366,12.551238,-24404.764,nan,14.127028
nan,nan,nan,nan,nan,nan,nan,nan,6.0525928,8.4531956,0.11070383,12.466004,-24448.545,nan,14.046309
nan,nan,nan,nan,nan,nan,nan,nan,6.0634212,8.306056,0.11031331,12.380877,-24492.174,nan,13.96565
nan,nan,nan,nan,nan,nan,nan,nan,6.0742111,8.2325583,0.10992209,12.295854,-24535.646,nan,13.885052
nan,nan,nan,nan,nan,nan,nan,nan,6.0849628,8.128068,0.10953017,12.21093,-24578.965,nan,13.804513
nan,nan,nan,nan,nan,nan,nan,nan,6.0956764,8.0993509,0.10913756,12.126102,-24622.129,nan,13.724032
nan,nan,nan,nan,nan,nan,nan,nan,6.1063509,7.9487991,0.10874427,12.041368,-24665.139,nan,13.64361
nan,nan,nan,nan,nan,nan,nan,nan,6.1169872,7.8734522,0.10835029,11.956725,-24707.992,nan,13.563244
nan,nan,nan,nan,nan,nan,nan,nan,6.1275849,7.8296661,0.10795562,11.872167,-24750.689,nan,13.482933
nan,nan,nan,nan,nan,nan,nan,nan,6.1381435,7.6398773,0.10756027,11.787692,-24793.23,nan,13.402677
nan,nan,nan,nan,nan,nan,nan,nan,6.148664,7.6297836,0.10716424,11.703297,-24835.617,nan,13.322474
nan,nan,nan,nan,nan,nan,nan,nan,6.1591449,7.5311222,0.10676754,11.618978,-24877.846,nan,13.242323
nan,nan,nan,nan,nan,nan,nan,nan,6.1695876,7.3825612,0.10637015,11.534731,-24919.918,nan,13.162223
nan,nan,nan,nan,nan,nan,nan,nan,6.1799908,7.3281126,0.1059721,11.450554,-24961.834,nan,13.082174
nan,nan,nan,nan,nan,nan,nan,nan,6.1903553,7.2543292,0.10557338,11.366443,-25003.592,nan,13.002175
nan,nan,nan,nan,nan,nan,nan,nan,6.2006803,7.1856642,0.10517399,11.282393,-25045.191,nan,12.922224
nan,nan,nan,nan,nan,nan,nan,nan,6.2109666,7.0834484,0.10477394,11.198404,-25086.635,nan,12.842321
nan,nan,nan,nan,nan,nan,nan,nan,6.2212133,6.9346032,0.10437322,11.11447,-25127.918,nan,12.762465
nan,nan,nan,nan,nan,nan,nan,nan,6.231421,6.9020476,0.10397185,11.03059,-25169.045,nan,12.682653
nan,nan,nan,nan,nan,nan,nan,nan,6.2415891,6.8296866,0.10356982,10.946758,-25210.014,nan,12.602888
nan,nan,nan,nan,nan,nan,nan,nan,6.2517176,6.7222109,0.10316713,10.862972,-25250.822,nan,12.523166
nan,nan,nan,nan,nan,nan,nan,nan,6.261807,6.6484275,0.10276379,10.779228,-25291.471,nan,12.443487
nan,nan,nan,nan,nan,nan,nan,nan,6.2718568,6.5682473,0.10235981,10.695524,-25331.961,nan,12.363851
nan,nan,nan,nan,nan,nan,nan,nan,6.281867,6.4913368,0.10195518,10.611856,-25372.293,nan,12.284256
nan,nan,nan,nan,nan,nan,nan,nan,6.2918372,6.3500261,0.1015499,10.528221,-25412.463,nan,12.204701
nan,nan,nan,nan,nan,nan,nan,nan,6.3017678,6.274395,0.10114399,10.444615,-25452.475,nan,12.125187
nan,nan,nan,nan,nan,nan,nan,nan,6.3116589,6.1717529,0.10073743,10.361035,-25492.324,nan,12.045711
nan,nan,nan,nan,nan,nan,nan,nan,6.3215098,6.1330843,0.10033023,10.277479,-25532.014,nan,11.966273
nan,nan,nan,nan,nan,nan,nan,nan,6.3313208,6.0341382,0.099922404,10.193942,-25571.543,nan,11.886873
nan,nan,nan,nan,nan,nan,nan,nan,6.3410921,6.0020094,0.099513948,10.110423,-25610.912,nan,11.807509
nan,nan,nan,nan,nan,nan,nan,nan,6.3508229,5.8154907,0.099104859,10.026917,-25650.117,nan,11.728182
nan,nan,nan,nan,nan,nan,nan,nan,6.3605137,5.7749739,0.098695152,9.9434204,-25689.162,nan,11.64889
nan,nan,nan,nan,nan,nan,nan,nan,6.3701644,5.633379,0.098284811,9.8599329,-25728.045,nan,11.569632
nan,nan,nan,nan,nan,nan,nan,nan,6.379775,5.582058,0.097873859,9.7764482,-25766.766,nan,11.490407
nan,nan,nan,nan,nan,nan,nan,nan,6.3893452,5.4991765,0.097462282,9.6929665,-25805.324,nan,11.411216
nan,nan,nan,nan,nan,nan,nan,nan,6.3988752,5.3864408,0.097050093,9.6094818,-25843.721,nan,11.332057
nan,nan,nan,nan,nan,nan,nan,nan,6.4083648,5.264606,0.096637286,9.5259933,-25881.953,nan,11.25293
nan,nan,nan,nan,nan,nan,nan,nan,6.4178133,5.2431397,0.096223868,9.4424963,-25920.023,nan,11.173833
nan,nan,nan,nan,nan,nan,nan,nan,6.4272218,5.1983581,0.095809847,9.3589897,-25957.93,nan,11.094767
nan,nan,nan,nan,nan,nan,nan,nan,6.4365897,4.9787149,0.095395222,9.2754688,-25995.672,nan,11.015731
nan,nan,nan,nan,nan,nan,nan,nan,6.4459167,4.9869604,0.094979994,9.1919327,-26033.252,nan,10.936724
nan,nan,nan,nan,nan,nan,nan,nan,6.4552035,4.8725185,0.094564162,9.1083765,-26070.666,nan,10.857745
nan,nan,nan,nan,nan,nan,nan,nan,6.4644489,4.7769847,0.094147734,9.0247993,-26107.918,nan,10.778794
nan,nan,nan,nan,nan,nan,nan,nan,6.4736538,4.7113051,0.09373071,8.9411974,-26145.004,nan,10.699871
nan,nan,nan,nan,nan,nan,nan,nan,6.4828176,4.6457677,0.093313098,8.8575678,-26181.926,nan,10.620974
nan,nan,nan,nan,nan,nan,nan,nan,6.4919405,4.4839854,0.092894897,8.7739086,-26218.682,nan,10.542104
nan,nan,nan,nan,nan,nan,nan,nan,6.5010228,4.4151783,0.092476107,8.6902161,-26255.273,nan,10.463259
nan,nan,nan,nan,nan,nan,nan,nan,6.5100636,4.2814021,0.092056729,8.6064882,-26291.699,nan,10.384439
nan,nan,nan,nan,nan,nan,nan,nan,6.5190635,4.2831082,0.091636777,8.5227232,-26327.959,nan,10.305645
nan,nan,nan,nan,nan,nan,nan,nan,6.5280218,4.2189922,0.091216244,8.4389172,-26364.055,nan,10.226874
nan,nan,nan,nan,nan,nan,nan,nan,6.5369396,4.0827994,0.09079513,8.3550692,-26399.982,nan,10.148127
nan,nan,nan,nan,nan,nan,nan,nan,6.5458155,3.994658,0.090373449,8.2711754,-26435.744,nan,10.069404
nan,nan,nan,nan,nan,nan,nan,nan,6.5546503,3.8886037,0.089951195,8.187233,-26471.34,nan,9.9907026
nan,nan,nan,nan,nan,nan,nan,nan,6.5634437,3.8313117,0.089528367,8.1032419,-26506.768,nan,9.9120245
nan,nan,nan,nan,nan,nan,nan,nan,6.5721955,3.6692452,0.08910498,8.0191975,-26542.029,nan,9.8333673
nan,nan,nan,nan,nan,nan,nan,nan,6.5809059,3.6275911,0.088681027,7.9350986,-26577.123,nan,9.7547331
nan,nan,nan,nan,nan,nan,nan,nan,6.5895748,3.6098208,0.088256516,7.8509426,-26612.051,nan,9.6761189
nan,nan,nan,nan,nan,nan,nan,nan,6.5982018,3.4460483,0.087831445,7.7667274,-26646.809,nan,9.5975256
nan,nan,nan,nan,nan,nan,nan,nan,6.6067872,3.4450531,0.087405823,7.6824512,-26681.4,nan,9.5189533
nan,nan,nan,nan,nan,nan,nan,nan,6.6153312,3.2815647,0.086979643,7.5981112,-26715.822,nan,9.4404001
nan,nan,nan,nan,nan,nan,nan,nan,6.6238332,3.2460239,0.086552918,7.5137057,-26750.078,nan,9.3618679
nan,nan,nan,nan,nan,nan,nan,nan,6.6322932,3.1240473,0.08612565,7.4292331,-26784.164,nan,9.2833538
nan,nan,nan,nan,nan,nan,nan,nan,6.6407113,3.0167139,0.08569783,7.3446908,-26818.08,nan,9.2048588
nan,nan,nan,nan,nan,nan,nan,nan,6.6490879,2.8842173,0.085269473,7.260077,-26851.828,nan,9.1263828
nan,nan,nan,nan,nan,nan,nan,nan,6.6574221,2.839009,0.084840581,7.1753898,-26885.408,nan,9.0479259
nan,nan,nan,nan,nan,nan,nan,nan,6.6657143,2.7984924,0.084411144,7.0906277,-26918.818,nan,8.9694862
nan,nan,nan,nan,nan,nan,nan,nan,6.6739645,2.6540542,0.083981179,7.0057883,-26952.057,nan,8.8910646
nan,nan,nan,nan,nan,nan,nan,nan,6.6821723,2.5801291,0.083550684,6.9208703,-26985.127,nan,8.8126612
nan,nan,nan,nan,nan,nan,nan,nan,6.6903381,2.5103266,0.083119661,6.8358727,-27018.027,nan,8.7342749
nan,nan,nan,nan,nan,nan,nan,nan,6.6984615,2.4706631,0.082688108,6.7507925,-27050.758,nan,8.6559048
nan,nan,nan,nan,nan,nan,nan,nan,6.706543,2.3296366,0.082256041,6.6656289,-27083.316,nan,8.5775528
nan,nan,nan,nan,nan,nan,nan,nan,6.714582,2.2103612,0.081823446,6.58038,-27115.705,nan,8.499217
nan,nan,nan,nan,nan,nan,nan,nan,6.722578,2.1455345,0.081390344,6.4950447,-27147.922,nan,8.4208975
nan,nan,nan,nan,nan,nan,nan,nan,6.7305322,2.0950665,0.08095672,6.4096217,-27179.969,nan,8.3425941
nan,nan,nan,nan,nan,nan,nan,nan,6.7384439,1.9689673,0.080522589,6.3241091,-27211.844,nan,8.264307
nan,nan,nan,nan,nan,nan,nan,nan,6.7463126,1.8684576,0.080087945,6.2385058,-27243.549,nan,8.1860361
nan,nan,nan,nan,nan,nan,nan,nan,6.7541389,1.7554374,0.079652801,6.1528106,-27275.08,nan,8.1077805
nan,nan,nan,nan,nan,nan,nan,nan,6.7619224,1.7045428,0.079217151,6.0670218,-27306.441,nan,8.029541
nan,nan,nan,nan,nan,nan,nan,nan,6.7696633,1.5620948,0.078780994,5.9811392,-27337.629,nan,7.9513164
nan,nan,nan,nan,nan,nan,nan,nan,6.7773614,1.5161759,0.078344345,5.8951607,-27368.645,nan,7.8731074
nan,nan,nan,nan,nan,nan,nan,nan,6.785017,1.4675559,0.077907205,5.8090858,-27399.488,nan,7.7949138
nan,nan,nan,nan,nan,nan,nan,nan,6.7926292,1.4297403,0.077469572,5.7229133,-27430.158,nan,7.7167349
nan,nan,nan,nan,nan,nan,nan,nan,6.800199,1.2921259,0.077031441,5.6366425,-27460.656,nan,7.6385708
nan,nan,nan,nan,nan,nan,nan,nan,6.8077254,1.2267306,0.076592833,5.550272,-27490.982,nan,7.5604219
nan,nan,nan,nan,nan,nan,nan,nan,6.8152089,1.0999205,0.07615374,5.4638014,-27521.133,nan,7.4822879
nan,nan,nan,nan,nan,nan,nan,nan,6.8226495,1.0146223,0.075714163,5.3772297,-27551.111,nan,7.4041686
nan,nan,nan,nan,nan,nan,nan,nan,6.8300471,0.9547714,0.075274102,5.290556,-27580.916,nan,7.3260636
nan,nan,nan,nan,nan,nan,nan,nan,6.8374014,0.77479219,0.074833572,5.2037797,-27610.547,nan,7.2479734
nan,nan,nan,nan,nan,nan,nan,nan,6.8447127,0.71252447,0.074392572,5.1169004,-27640.004,nan,7.1698976
nan,nan,nan,nan,nan,nan,nan,nan,6.8519807,0.63731986,0.073951103,5.0299177,-27669.285,nan,7.0918365
nan,nan,nan,nan,nan,nan,nan,nan,6.8592052,0.543634,0.073509157,4.9428301,-27698.395,nan,7.0137897
nan,nan,nan,nan,nan,nan,nan,nan,6.8663864,0.52344674,0.073066756,4.855638,-27727.328,nan,6.9357567
nan,nan,nan,nan,nan,nan,nan,nan,6.8735242,0.44198695,0.072623894,4.7683411,-27756.086,nan,6.8577385
nan,nan,nan,nan,nan,nan,nan,nan,6.880619,0.31759372,0.072180562,4.6809382,-27784.67,nan,6.7797351
nan,nan,nan,nan,nan,nan,nan,nan,6.88767,0.30550981,0.071736783,4.5934296,-27813.078,nan,6.7017455
nan,nan,nan,nan,nan,nan,nan,nan,6.8946776,0.19078369,0.071292549,4.5058146,-27841.312,nan,6.6237702
nan,nan,nan,nan,nan,nan,nan,nan,6.9016414,0.028574904,0.070847869,4.4180937,-27869.369,nan,6.5458093
nan,nan,nan,nan,nan,nan,nan,nan,6.9085617,-0.042080455,0.070402734,4.330266,-27897.252,nan,6.4678626
nan,nan,nan,nan,nan,nan,nan,nan,6.9154387,-0.095107518,0.069957159,4.2423315,-27924.959,nan,6.3899302
nan,nan,nan,nan,nan,nan,nan,nan,6.9222717,-0.18865123,0.069511145,4.1542907,-27952.49,nan,6.3120122
nan,nan,nan,nan,nan,nan,nan,nan,6.9290609,-0.23300631,0.069064684,4.066143,-27979.844,nan,6.2341084
nan,nan,nan,nan,nan,nan,nan,nan,6.9358068,-0.45890445,0.068617791,3.9778888,-28007.021,nan,6.156219
nan,nan,nan,nan,nan,nan,nan,nan,6.9425082,-0.38782257,0.068170466,3.889528,-28034.023,nan,6.0783439
nan,nan,nan,nan,nan,nan,nan,nan,6.9491663,-0.53012842,0.067722708,3.8010612,-28060.848,nan,6.0004835
nan,nan,nan,nan,nan,nan,nan,nan,6.9557805,-0.67627275,0.067274518,3.7124879,-28087.496,nan,5.922637
nan,nan,nan,nan,nan,nan,nan,nan,6.9623504,-0.65793359,0.066825911,3.6238089,-28113.967,nan,5.8448052
nan,nan,nan,nan,nan,nan,nan,nan,6.9688764,-0.82611328,0.06637688,3.5350242,-28140.262,nan,5.7669883
nan,nan,nan,nan,nan,nan,nan,nan,6.9753585,-0.887528,0.065927431,3.4461346,-28166.377,nan,5.6891856
nan,nan,nan,nan,nan,nan,nan,nan,6.9817967,-0.96472287,0.065477557,3.3571398,-28192.316,nan,5.6113977
nan,nan,nan,nan,nan,nan,nan,nan,6.9881907,-1.051585,0.065027282,3.2680409,-28218.078,nan,5.5336242
nan,nan,nan,nan,nan,nan,nan,nan,6.9945402,-1.1434226,0.064576589,3.1788383,-28243.66,nan,5.4558654
nan,nan,nan,nan,nan,nan,nan,nan,7.0008459,-1.2807528,0.064125486,3.0895324,-28269.066,nan,5.3781219
nan,nan,nan,nan,nan,nan,nan,nan,7.0071073,-1.3032147,0.063673981,3.0001237,-28294.293,nan,5.3003926
nan,nan,nan,nan,nan,nan,nan,nan,7.0133243,-1.5264117,0.063222073,2.9106133,-28319.342,nan,5.2226787
nan,nan,nan,nan,nan,nan,nan,nan,7.0194974,-1.5153229,0.062769763,2.8210013,-28344.213,nan,5.144979
nan,nan,nan,nan,nan,nan,nan,nan,7.0256257,-1.5114845,0.062317062,2.7312889,-28368.904,nan,5.0672951
nan,nan,nan,nan,nan,nan,nan,nan,7.0317097,-1.7024103,0.061863966,2.6414769,-28393.418,nan,4.9896255
nan,nan,nan,nan,nan,nan,nan,nan,7.0377498,-1.6823653,0.061410476,2.5515661,-28417.752,nan,4.9119716
nan,nan,nan,nan,nan,nan,nan,nan,7.043745,-1.8631974,0.060956601,2.4615571,-28441.906,nan,4.8343325
nan,nan,nan,nan,nan,nan,nan,nan,7.0496955,-1.9425248,0.060502339,2.3714514,-28465.881,nan,4.7567091
nan,nan,nan,nan,nan,nan,nan,nan,7.0556016,-2.0632219,0.060047697,2.2812495,-28489.678,nan,4.6791005
nan,nan,nan,nan,nan,nan,nan,nan,7.0614634,-2.1097093,0.059592675,2.1909525,-28513.295,nan,4.6015077
nan,nan,nan,nan,nan,nan,nan,nan,7.0672803,-2.2146261,0.059137277,2.1005619,-28536.73,nan,4.5239301
nan,nan,nan,nan,nan,nan,nan,nan,7.0730529,-2.2690749,0.058681503,2.0100782,-28559.988,nan,4.4463677
nan,nan,nan,nan,nan,nan,nan,nan,7.0787807,-2.389061,0.058225363,1.9195029,-28583.064,nan,4.3688216
nan,nan,nan,nan,nan,nan,nan,nan,7.0844636,-2.4726534,0.057768852,1.8288372,-28605.963,nan,4.2912908
nan,nan,nan,nan,nan,nan,nan,nan,7.0901017,-2.5145915,0.057311974,1.7380823,-28628.68,nan,4.2137752
nan,nan,nan,nan,nan,nan,nan,nan,7.0956955,-2.6160965,0.05685474,1.6472396,-28651.215,nan,4.1362758
nan,nan,nan,nan,nan,nan,nan,nan,7.101244,-2.6880312,0.05639714,1.5563102,-28673.57,nan,4.0587921
nan,nan,nan,nan,nan,nan,nan,nan,7.1067476,-2.8786728,0.055939186,1.4652956,-28695.746,nan,3.9813244
nan,nan,nan,nan,nan,nan,nan,nan,7.1122069,-2.85024,0.055480883,1.3741972,-28717.74,nan,3.9038725
nan,nan,nan,nan,nan,nan,nan,nan,7.1176209,-2.9899869,0.055022225,1.2830166,-28739.553,nan,3.8264365
nan,nan,nan,nan,nan,nan,nan,nan,7.1229897,-3.1116791,0.054563221,1.1917549,-28761.184,nan,3.7490165
nan,nan,nan,nan,nan,nan,nan,nan,7.128314,-3.1173656,0.05410387,1.100414,-28782.635,nan,3.6716127
nan,nan,nan,nan,nan,nan,nan,nan,7.1335926,-3.1806285,0.05364418,1.0089953,-28803.904,nan,3.5942249
nan,nan,nan,nan,nan,nan,nan,nan,7.1388268,-3.3122721,0.053184152,0.91750032,-28824.992,nan,3.5168531
nan,nan,nan,nan,nan,nan,nan,nan,7.1440158,-3.4163358,0.052723784,0.82593083,-28845.898,nan,3.4394975
nan,nan,nan,nan,nan,nan,nan,nan,7.1491594,-3.5420086,0.052263089,0.73428839,-28866.621,nan,3.3621583
nan,nan,nan,nan,nan,nan,nan,nan,7.1542578,-3.6071196,0.051802058,0.64257473,-28887.164,nan,3.2848351
nan,nan,nan,nan,nan,nan,nan,nan,7.1593113,-3.7079136,0.051340703,0.5507915,-28907.523,nan,3.2075281
nan,nan,nan,nan,nan,nan,nan,nan,7.1643195,-3.7522688,0.05087902,0.4589406,-28927.703,nan,3.1302376
nan,nan,nan,nan,nan,nan,nan,nan,7.1692824,-3.8469498,0.050417021,0.36702371,-28947.697,nan,3.0529633
nan,nan,nan,nan,nan,nan,nan,nan,7.1742001,-3.9844222,0.049954701,0.27504268,-28967.512,nan,2.9757054
nan,nan,nan,nan,nan,nan,nan,nan,7.1790724,-4.0781078,0.049492065,0.18299936,-28987.141,nan,2.8984635
nan,nan,nan,nan,nan,nan,nan,nan,7.1838994,-4.1051192,0.049029116,0.090895593,-29006.59,nan,2.821238
nan,nan,nan,nan,nan,nan,nan,nan,7.1886806,-4.2398901,0.048565857,-0.001266691,-29025.854,nan,2.744029
nan,nan,nan,nan,nan,nan,nan,nan,7.1934171,-4.3719602,0.048102293,-0.093485571,-29044.936,nan,2.6668363
nan,nan,nan,nan,nan,nan,nan,nan,7.1981077,-4.4107709,0.047638424,-0.18575911,-29063.836,nan,2.5896597
nan,nan,nan,nan,nan,nan,nan,nan,7.2027531,-4.4883924,0.047174256,-0.27808529,-29082.551,nan,2.5124996
nan,nan,nan,nan,nan,nan,nan,nan,7.2073526,-4.5627441,0.046709787,-0.37046218,-29101.084,nan,2.4353554
nan,nan,nan,nan,nan,nan,nan,nan,7.2119069,-4.6142073,0.046245024,-0.4628877,-29119.434,nan,2.3582277
nan,nan,nan,nan,nan,nan,nan,nan,7.2164159,-4.8311491,0.04577997,-0.55535978,-29137.598,nan,2.2811162
nan,nan,nan,nan,nan,nan,nan,nan,7.2208791,-4.780539,0.045314625,-0.64787644,-29155.58,nan,2.2040207
nan,nan,nan,nan,nan,nan,nan,nan,7.2252965,-4.9211388,0.044848997,-0.74043554,-29173.379,nan,2.1269414
nan,nan,nan,nan,nan,nan,nan,nan,7.2296681,-4.9333649,0.044383083,-0.83303499,-29190.992,nan,2.0498781
nan,nan,nan,nan,nan,nan,nan,nan,7.2339945,-5.0738225,0.043916889,-0.92567265,-29208.424,nan,1.9728309
nan,nan,nan,nan,nan,nan,nan,nan,7.2382751,-5.1997795,0.043450419,-1.0183464,-29225.67,nan,1.8957995
nan,nan,nan,nan,nan,nan,nan,nan,7.2425098,-5.311378,0.042983674,-1.1110541,-29242.73,nan,1.818784
nan,nan,nan,nan,nan,nan,nan,nan,7.2466989,-5.3204765,0.042516656,-1.2037935,-29259.609,nan,1.7417843
nan,nan,nan,nan,nan,nan,nan,nan,7.2508421,-5.4679003,0.042049371,-1.2965624,-29276.303,nan,1.6648003
nan,nan,nan,nan,nan,nan,nan,nan,7.2549396,-5.5303102,0.041581817,-1.3893588,-29292.811,nan,1.5878319
nan,nan,nan,nan,nan,nan,nan,nan,7.2589912,-5.6409135,0.041114002,-1.4821804,-29309.135,nan,1.5108789
nan,nan,nan,nan,nan,nan,nan,nan,7.2629967,-5.7151232,0.040645931,-1.5750247,-29325.273,nan,1.4339415
nan,nan,nan,nan,nan,nan,nan,nan,7.2669568,-5.8361044,0.040177599,-1.6678898,-29341.229,nan,1.3570193
nan,nan,nan,nan,nan,nan,nan,nan,7.2708707,-5.91401,0.039709017,-1.7607734,-29356.998,nan,1.2801123
nan,nan,nan,nan,nan,nan,nan,nan,7.2747388,-5.9663262,0.039240181,-1.8536732,-29372.582,nan,1.2032202
nan,nan,nan,nan,nan,nan,nan,nan,7.2785611,-6.0796309,0.038771097,-1.946587,-29387.982,nan,1.1263433
nan,nan,nan,nan,nan,nan,nan,nan,7.2823372,-6.1406188,0.03830177,-2.0395124,-29403.195,nan,1.0494809
nan,nan,nan,nan,nan,nan,nan,nan,7.286067,-6.2043085,0.037832201,-2.1324472,-29418.225,nan,0.9726333
nan,nan,nan,nan,nan,nan,nan,nan,7.2897515,-6.2701302,0.037362389,-2.2253892,-29433.068,nan,0.89580011
nan,nan,nan,nan,nan,nan,nan,nan,7.2933893,-6.4461288,0.036892347,-2.3183362,-29447.727,nan,0.81898129
nan,nan,nan,nan,nan,nan,nan,nan,7.2969813,-6.4400158,0.036422066,-2.4112856,-29462.199,nan,0.74217653
nan,nan,nan,nan,nan,nan,nan,nan,7.3005276,-6.5919886,0.035951559,-2.5042355,-29476.484,nan,0.66538578
nan,nan,nan,nan,nan,nan,nan,nan,7.3040271,-6.6521239,0.035480823,-2.5971832,-29490.586,nan,0.5886088
nan,nan,nan,nan,nan,nan,nan,nan,7.3074808,-6.7414026,0.035009865,-2.6901267,-29504.5,nan,0.51184541
nan,nan,nan,nan,nan,nan,nan,nan,7.3108883,-6.8453245,0.034538686,-2.7830639,-29518.229,nan,0.43509543
nan,nan,nan,nan,nan,nan,nan,nan,7.3142495,-6.9424224,0.034067288,-2.8759921,-29531.771,nan,0.35835862
nan,nan,nan,nan,nan,nan,nan,nan,7.317565,-7.035255,0.033595674,-2.9689093,-29545.129,nan,0.28163475
nan,nan,nan,nan,nan,nan,nan,nan,7.3208337,-7.1511188,0.033123847,-3.0618131,-29558.299,nan,0.20492363
nan,nan,nan,nan,nan,nan,nan,nan,7.3240561,-7.2180777,0.032651812,-3.1547012,-29571.283,nan,0.12822503
nan,nan,nan,nan,nan,nan,nan,nan,7.3272328,-7.3100576,0.032179572,-3.2475717,-29584.082,nan,0.051538683
nan,nan,nan,nan,nan,nan,nan,nan,7.3303628,-7.4171066,0.031707127,-3.3404219,-29596.693,nan,-0.025135631
nan,nan,nan,nan,nan,nan,nan,nan,7.3334465,-7.5005569,0.03123448,-3.43325,-29609.117,nan,-0.10179818
nan,nan,nan,nan,nan,nan,nan,nan,7.336484,-7.528563,0.030761639,-3.5260534,-29621.355,nan,-0.17844921
nan,nan,nan,nan,nan,nan,nan,nan,7.3394752,-7.6495447,0.030288603,-3.61883,-29633.406,nan,-0.25508898
nan,nan,nan,nan,nan,nan,nan,nan,7.3424201,-7.7120967,0.029815374,-3.7115777,-29645.271,nan,-0.33171782
nan,nan,nan,nan,nan,nan,nan,nan,7.3453183,-7.7338476,0.029341958,-3.8042943,-29656.949,nan,-0.40833598
nan,nan,nan,nan,nan,nan,nan,nan,7.3481708,-7.8956299,0.028868357,-3.8969774,-29668.439,nan,-0.48494375
nan,nan,nan,nan,nan,nan,nan,nan,7.350976,-7.9796486,0.028394572,-3.9896252,-29679.744,nan,-0.56154144
nan,nan,nan,nan,nan,nan,nan,nan,7.3537354,-8.0830021,0.027920609,-4.0822353,-29690.861,nan,-0.63812929
nan,nan,nan,nan,nan,nan,nan,nan,7.3564482,-8.1742706,0.027446469,-4.1748056,-29701.789,nan,-0.71470773
nan,nan,nan,nan,nan,nan,nan,nan,7.3591142,-8.2990904,0.026972156,-4.2673345,-29712.533,nan,-0.79127705
nan,nan,nan,nan,nan,nan,nan,nan,7.3617339,-8.3288031,0.026497673,-4.3598189,-29723.088,nan,-0.86783749
nan,nan,nan,nan,nan,nan,nan,nan,7.3643074,-8.3895063,0.026023023,-4.4522572,-29733.455,nan,-0.94438946
nan,nan,nan,nan,nan,nan,nan,nan,7.3668342,-8.5272636,0.025548207,-4.5446477,-29743.635,nan,-1.0209333
nan,nan,nan,nan,nan,nan,nan,nan,7.3693142,-8.6216602,0.02507323,-4.6369882,-29753.629,nan,-1.0974694
nan,nan,nan,nan,nan,nan,nan,nan,7.371748,-8.698144,0.024598096,-4.7292762,-29763.434,nan,-1.173998
nan,nan,nan,nan,nan,nan,nan,nan,7.374135,-8.7828732,0.024122804,-4.8215103,-29773.051,nan,-1.2505196
nan,nan,nan,nan,nan,nan,nan,nan,7.3764758,-8.8592157,0.023647362,-4.9136887,-29782.48,nan,-1.3270345
nan,nan,nan,nan,nan,nan,nan,nan,7.3787694,-8.9917116,0.023171771,-5.0058088,-29791.723,nan,-1.403543
nan,nan,nan,nan,nan,nan,nan,nan,7.3810167,-9.0534115,0.022696031,-5.0978689,-29800.777,nan,-1.4800457
nan,nan,nan,nan,nan,nan,nan,nan,7.3832173,-9.0799961,0.02222015,-5.1898675,-29809.645,nan,-1.5565428
nan,nan,nan,nan,nan,nan,nan,nan,7.3853717,-9.3036194,0.021744128,-5.2818027,-29818.322,nan,-1.6330347
nan,nan,nan,nan,nan,nan,nan,nan,7.3874788,-9.3351793,0.021267969,-5.373672,-29826.814,nan,-1.709522
nan,nan,nan,nan,nan,nan,nan,nan,7.3895397,-9.462985,0.020791674,-5.4654741,-29835.117,nan,-1.7860049
nan,nan,nan,nan,nan,nan,nan,nan,7.3915539,-9.455308,0.020315249,-5.5572076,-29843.232,nan,-1.8624839
nan,nan,nan,nan,nan,nan,nan,nan,7.3935213,-9.6007414,0.019838696,-5.6488705,-29851.158,nan,-1.9389594
nan,nan,nan,nan,nan,nan,nan,nan,7.395442,-9.6691217,0.019362018,-5.7404604,-29858.896,nan,-2.0154319
nan,nan,nan,nan,nan,nan,nan,nan,7.397316,-9.7150412,0.018885216,-5.8319769,-29866.447,nan,-2.0919015
nan,nan,nan,nan,nan,nan,nan,nan,7.3991432,-9.8404293,0.018408295,-5.9234176,-29873.809,nan,-2.1683693
nan,nan,nan,nan,nan,nan,nan,nan,7.4009237,-9.9339733,0.017931258,-6.0147805,-29880.982,nan,-2.2448351
nan,nan,nan,nan,nan,nan,nan,nan,7.4026575,-10.05993,0.017454108,-6.1060653,-29887.967,nan,-2.3212998
nan,nan,nan,nan,nan,nan,nan,nan,7.4043446,-10.140679,0.016976848,-6.1972694,-29894.766,nan,-2.3977637
nan,nan,nan,nan,nan,nan,nan,nan,7.4059844,-10.189014,0.01649948,-6.2883916,-29901.373,nan,-2.4742272
nan,nan,nan,nan,nan,nan,nan,nan,7.407578,-10.240051,0.016022008,-6.3794308,-29907.793,nan,-2.5506907
nan,nan,nan,nan,nan,nan,nan,nan,7.4091249,-10.320374,0.015544435,-6.4703856,-29914.025,nan,-2.6271548
nan,nan,nan,nan,nan,nan,nan,nan,7.4106245,-10.403824,0.015066764,-6.561254,-29920.068,nan,-2.70362
nan,nan,nan,nan,nan,nan,nan,nan,7.4120774,-10.573141,0.014588998,-6.6520348,-29925.922,nan,-2.7800865
nan,nan,nan,nan,nan,nan,nan,nan,7.4134836,-10.582524,0.014111139,-6.7427273,-29931.588,nan,-2.8565552
nan,nan,nan,nan,nan,nan,nan,nan,7.4148431,-10.764209,0.013633192,-6.8333302,-29937.064,nan,-2.9330266
nan,nan,nan,nan,nan,nan,nan,nan,7.4161558,-10.801883,0.013155158,-6.9238415,-29942.354,nan,-3.0095007
nan,nan,nan,nan,nan,nan,nan,nan,7.4174213,-10.934379,0.012677041,-7.0142608,-29947.453,nan,-3.0859785
nan,nan,nan,nan,nan,nan,nan,nan,7.4186406,-10.954282,0.012198844,-7.1045866,-29952.363,nan,-3.1624601
nan,nan,nan,nan,nan,nan,nan,nan,7.4198122,-11.056924,0.01172057,-7.1948185,-29957.086,nan,-3.2389464
nan,nan,nan,nan,nan,nan,nan,nan,7.4209375,-11.24458,0.011242222,-7.2849545,-29961.619,nan,-3.3154376
nan,nan,nan,nan,nan,nan,nan,nan,7.4220157,-11.321918,0.010763803,-7.3749943,-29965.963,nan,-3.3919344
nan,nan,nan,nan,nan,nan,nan,nan,7.4230471,-11.352483,0.010285315,-7.4649367,-29970.119,nan,-3.4684372
nan,nan,nan,nan,nan,nan,nan,nan,7.4240317,-11.477017,0.0098067634,-7.554781,-29974.086,nan,-3.5449464
nan,nan,nan,nan,nan,nan,nan,nan,7.4249692,-11.516397,0.0093281493,-7.644526,-29977.863,nan,-3.6214631
nan,nan,nan,nan,nan,nan,nan,nan,7.4258599,-11.58691,0.0088494765,-7.7341714,-29981.451,nan,-3.6979871
nan,nan,nan,nan,nan,nan,nan,nan,7.4267039,-11.747982,0.0083707478,-7.8237162,-29984.852,nan,-3.7745192
nan,nan,nan,nan,nan,nan,nan,nan,7.4275007,-11.79518,0.007891966,-7.9131598,-29988.062,nan,-3.8510599
nan,nan,nan,nan,nan,nan,nan,nan,7.4282508,-11.891709,0.007413134,-8.0025015,-29991.084,nan,-3.9276099
nan,nan,nan,nan,nan,nan,nan,nan,7.4289536,-11.951702,0.0069342554,-8.0917406,-29993.916,nan,-4.0041695
nan,nan,nan,nan,nan,nan,nan,nan,7.4296098,-12.044962,0.0064553334,-8.1808767,-29996.559,nan,-4.0807395
nan,nan,nan,nan,nan,nan,nan,nan,7.4302192,-12.179449,0.0059763701,-8.2699089,-29999.014,nan,-4.15732
nan,nan,nan,nan,nan,nan,nan,nan,7.4307814,-12.16836,0.0054973694,-8.3588371,-30001.279,nan,-4.2339125
nan,nan,nan,nan,nan,nan,nan,nan,7.4312963,-12.332701,0.0050183339,-8.4476614,-30003.355,nan,-4.3105164
nan,nan,nan,nan,nan,nan,nan,nan,7.4317651,-12.409328,0.0045392667,-8.5363808,-30005.242,nan,-4.3871322
nan,nan,nan,nan,nan,nan,nan,nan,7.4321866,-12.472022,0.0040601706,-8.6249952,-30006.941,nan,-4.4637613
nan,nan,nan,nan,nan,nan,nan,nan,7.4325609,-12.57182,0.0035810489,-8.7135048,-30008.449,nan,-4.5404043
nan,nan,nan,nan,nan,nan,nan,nan,7.4328885,-12.635509,0.0031019049,-8.8019085,-30009.77,nan,-4.6170607
nan,nan,nan,nan,nan,nan,nan,nan,7.4331689,-12.758766,0.002622741,-8.8902063,-30010.9,nan,-4.6937318
nan,nan,nan,nan,nan,nan,nan,nan,7.4334025,-12.89965,0.0021435607,-8.9783993,-30011.84,nan,-4.7704182
nan,nan,nan,nan,nan,nan,nan,nan,7.4335895,-12.912587,0.0016643667,-9.0664864,-30012.594,nan,-4.8471198
nan,nan,nan,nan,nan,nan,nan,nan,7.4337292,-13.003145,0.0011851622,-9.1544676,-30013.156,nan,-4.9238381
nan,nan,nan,nan,nan,nan,nan,nan,7.4338217,-13.117871,0.00070595025,-9.2423439,-30013.529,nan,-5.0005727
nan,nan,nan,nan,nan,nan,nan,nan,7.4338679,-13.170614,0.00022673381,-9.3301144,-30013.715,nan,-5.0773244
nan,nan,nan,nan,nan,nan,nan,nan,7.4338665,-13.290458,-0.00025248405,-9.4177799,-30013.709,nan,-5.1540942
nan,nan,nan,nan,nan,nan,nan,nan,7.4338183,-13.331401,-0.00073170033,-9.5053406,-30013.516,nan,-5.2308822
nan,nan,nan,nan,nan,nan,nan,nan,7.4337234,-13.480815,-0.001210912,-9.5927963,-30013.133,nan,-5.3076887
nan,nan,nan,nan,nan,nan,nan,nan,7.4335814,-13.520905,-0.001690116,-9.6801481,-30012.561,nan,-5.3845148
nan,nan,nan,nan,nan,nan,nan,nan,7.4333925,-13.687379,-0.0021693094,-9.767396,-30011.799,nan,-5.4613609
nan,nan,nan,nan,nan,nan,nan,nan,7.4331565,-13.70842,-0.0026484891,-9.8545408,-30010.85,nan,-5.5382271
nan,nan,nan,nan,nan,nan,nan,nan,7.4328737,-13.819876,-0.003127652,-9.9415817,-30009.709,nan,-5.6151142
nan,nan,nan,nan,nan,nan,nan,nan,7.4325438,-13.884133,-0.0036067951,-10.028522,-30008.381,nan,-5.6920228
nan,nan,nan,nan,nan,nan,nan,nan,7.4321671,-14.052456,-0.0040859156,-10.115359,-30006.863,nan,-5.7689533
nan,nan,nan,nan,nan,nan,nan,nan,7.4317436,-14.122542,-0.0045650103,-10.202096,-30005.156,nan,-5.8459067
nan,nan,nan,nan,nan,nan,nan,nan,7.431273,-14.182393,-0.0050440761,-10.288733,-30003.26,nan,-5.9228826
nan,nan,nan,nan,nan,nan,nan,nan,7.4307551,-14.25646,-0.0055231098,-10.375271,-30001.174,nan,-5.9998822
nan,nan,nan,nan,nan,nan,nan,nan,7.4301906,-14.383982,-0.006002109,-10.461709,-29998.9,nan,-6.0769057
nan,nan,nan,nan,nan,nan,nan,nan,7.4295793,-14.462172,-0.0064810701,-10.548051,-29996.436,nan,-6.1539536
nan,nan,nan,nan,nan,nan,nan,nan,7.4289207,-14.55543,-0.0069599906,-10.634295,-29993.783,nan,-6.2310262
nan,nan,nan,nan,nan,nan,nan,nan,7.4282155,-14.60533,-0.0074388664,-10.720444,-29990.941,nan,-6.308125
nan,nan,nan,nan,nan,nan,nan,nan,7.4274631,-14.701291,-0.0079176957,-10.806499,-29987.91,nan,-6.3852491
nan,nan,nan,nan,nan,nan,nan,nan,7.4266639,-14.810615,-0.0083964756,-10.89246,-29984.691,nan,-6.4624
nan,nan,nan,nan,nan,nan,nan,nan,7.425818,-14.988604,-0.0088752015,-10.978329,-29981.283,nan,-6.5395775
nan,nan,nan,nan,nan,nan,nan,nan,7.4249249,-14.9542,-0.0093538715,-11.064106,-29977.684,nan,-6.6167827
nan,nan,nan,nan,nan,nan,nan,nan,7.423985,-15.101908,-0.0098324828,-11.149795,-29973.898,nan,-6.6940155
nan,nan,nan,nan,nan,nan,nan,nan,7.4229984,-15.211658,-0.010311032,-11.235394,-29969.922,nan,-6.771277
nan,nan,nan,nan,nan,nan,nan,nan,7.4219646,-15.252033,-0.010789515,-11.320907,-29965.758,nan,-6.848567
nan,nan,nan,nan,nan,nan,nan,nan,7.4208841,-15.308756,-0.011267931,-11.406334,-29961.404,nan,-6.9258862
nan,nan,nan,nan,nan,nan,nan,nan,7.4197569,-15.428032,-0.011746276,-11.491677,-29956.861,nan,-7.0032353
nan,nan,nan,nan,nan,nan,nan,nan,7.4185824,-15.49556,-0.012224547,-11.576938,-29952.131,nan,-7.0806141
nan,nan,nan,nan,nan,nan,nan,nan,7.4173613,-15.575313,-0.01270274,-11.662118,-29947.211,nan,-7.1580238
nan,nan,nan,nan,nan,nan,nan,nan,7.4160933,-15.737806,-0.013180853,-11.747219,-29942.102,nan,-7.2354646
nan,nan,nan,nan,nan,nan,nan,nan,7.4147787,-15.805902,-0.013658882,-11.832242,-29936.805,nan,-7.3129363
nan,nan,nan,nan,nan,nan,nan,nan,7.4134169,-15.949346,-0.014136826,-11.91719,-29931.318,nan,-7.39044
nan,nan,nan,nan,nan,nan,nan,nan,7.4120083,-15.934987,-0.01461468,-12.002063,-29925.643,nan,-7.4679761
nan,nan,nan,nan,nan,nan,nan,nan,7.410553,-16.105867,-0.015092442,-12.086864,-29919.779,nan,-7.5455446
nan,nan,nan,nan,nan,nan,nan,nan,7.4090509,-16.15193,-0.015570109,-12.171597,-29913.729,nan,-7.6231461
nan,nan,nan,nan,nan,nan,nan,nan,7.4075022,-16.217325,-0.016047677,-12.25626,-29907.488,nan,-7.7007813
nan,nan,nan,nan,nan,nan,nan,nan,7.4059067,-16.323378,-0.016525144,-12.340857,-29901.059,nan,-7.77845
nan,nan,nan,nan,nan,nan,nan,nan,7.404264,-16.419054,-0.017002506,-12.425389,-29894.441,nan,-7.856153
nan,nan,nan,nan,nan,nan,nan,nan,7.4025745,-16.485588,-0.017479761,-12.50986,-29887.635,nan,-7.9338903
nan,nan,nan,nan,nan,nan,nan,nan,7.4008389,-16.574013,-0.017956905,-12.594271,-29880.641,nan,-8.0116625
nan,nan,nan,nan,nan,nan,nan,nan,7.399056,-16.709352,-0.018433938,-12.678624,-29873.457,nan,-8.0894709
nan,nan,nan,nan,nan,nan,nan,nan,7.3972263,-16.731672,-0.018910851,-12.762922,-29866.086,nan,-8.1673136
nan,nan,nan,nan,nan,nan,nan,nan,7.39535,-16.818108,-0.019387648,-12.847167,-29858.527,nan,-8.2451925
nan,nan,nan,nan,nan,nan,nan,nan,7.3934274,-16.942785,-0.019864321,-12.93136,-29850.779,nan,-8.3231077
nan,nan,nan,nan,nan,nan,nan,nan,7.3914576,-16.980743,-0.020340867,-13.015506,-29842.844,nan,-8.4010601
nan,nan,nan,nan,nan,nan,nan,nan,7.3894415,-17.13954,-0.020817287,-13.099605,-29834.721,nan,-8.4790487
nan,nan,nan,nan,nan,nan,nan,nan,7.3873782,-17.235216,-0.021293573,-13.183661,-29826.408,nan,-8.5570745
nan,nan,nan,nan,nan,nan,nan,nan,7.3852687,-17.241472,-0.021769727,-13.267674,-29817.908,nan,-8.6351376
nan,nan,nan,nan,nan,nan,nan,nan,7.3831124,-17.471777,-0.022245742,-13.35165,-29809.221,nan,-8.7132387
nan,nan,nan,nan,nan,nan,nan,nan,7.3809094,-17.502483,-0.022721617,-13.43559,-29800.346,nan,-8.791378
nan,nan,nan,nan,nan,nan,nan,nan,7.3786597,-17.631712,-0.023197349,-13.519496,-29791.281,nan,-8.8695555
nan,nan,nan,nan,nan,nan,nan,nan,7.3763638,-17.635406,-0.023672935,-13.603372,-29782.029,nan,-8.9477711
nan,nan,nan,nan,nan,nan,nan,nan,7.3740211,-17.731936,-0.024148369,-13.687219,-29772.59,nan,-9.0260258
nan,nan,nan,nan,nan,nan,nan,nan,7.3716316,-17.874811,-0.024623653,-13.77104,-29762.965,nan,-9.1043196
nan,nan,nan,nan,nan,nan,nan,nan,7.3691955,-17.958971,-0.02509878,-13.854839,-29753.15,nan,-9.1826525
nan,nan,nan,nan,nan,nan,nan,nan,7.366713,-18.018824,-0.025573749,-13.938619,-29743.148,nan,-9.2610245
nan,nan,nan,nan,nan,nan,nan,nan,7.3641839,-18.074125,-0.026048556,-14.022381,-29732.959,nan,-9.3394375
nan,nan,nan,nan,nan,nan,nan,nan,7.3616085,-18.188566,-0.026523199,-14.10613,-29722.582,nan,-9.4178896
nan,nan,nan,nan,nan,nan,nan,nan,7.3589864,-18.297464,-0.026997674,-14.189866,-29712.018,nan,-9.4963818
nan,nan,nan,nan,nan,nan,nan,nan,7.356318,-18.404797,-0.027471978,-14.273595,-29701.266,nan,-9.574914
nan,nan,nan,nan,nan,nan,nan,nan,7.3536029,-18.496351,-0.027946109,-14.357317,-29690.328,nan,-9.6534872
nan,nan,nan,nan,nan,nan,nan,nan,7.3508415,-18.592312,-0.028420065,-14.441038,-29679.201,nan,-9.7321005
nan,nan,nan,nan,nan,nan,nan,nan,7.3480339,-18.670218,-0.02889384,-14.524759,-29667.889,nan,-9.8107548
nan,nan,nan,nan,nan,nan,nan,nan,7.3451796,-18.751392,-0.029367432,-14.608483,-29656.389,nan,-9.889451
nan,nan,nan,nan,nan,nan,nan,nan,7.342279,-18.865833,-0.02984084,-14.692215,-29644.703,nan,-9.9681873
nan,nan,nan,nan,nan,nan,nan,nan,7.3393321,-18.972599,-0.030314058,-14.775956,-29632.828,nan,-10.046965
nan,nan,nan,nan,nan,nan,nan,nan,7.3363385,-19.053917,-0.030787086,-14.85971,-29620.768,nan,-10.125784
nan,nan,nan,nan,nan,nan,nan,nan,7.3332987,-19.107227,-0.031259917,-14.94348,-29608.521,nan,-10.204645
nan,nan,nan,nan,nan,nan,nan,nan,7.3302126,-19.121017,-0.031732555,-15.027268,-29596.088,nan,-10.283546
nan,nan,nan,nan,nan,nan,nan,nan,7.3270802,-19.326017,-0.032204989,-15.111079,-29583.467,nan,-10.362491
nan,nan,nan,nan,nan,nan,nan,nan,7.3239017,-19.394684,-0.032677218,-15.194915,-29570.66,nan,-10.441477
nan,nan,nan,nan,nan,nan,nan,nan,7.3206768,-19.419277,-0.033149246,-15.27878,-29557.668,nan,-10.520504
nan,nan,nan,nan,nan,nan,nan,nan,7.3174057,-19.548363,-0.033621062,-15.362677,-29544.488,nan,-10.599573
nan,nan,nan,nan,nan,nan,nan,nan,7.3140883,-19.632097,-0.034092665,-15.446609,-29531.123,nan,-10.678685
nan,nan,nan,nan,nan,nan,nan,nan,7.3107247,-19.747534,-0.034564052,-15.53058,-29517.57,nan,-10.757838
nan,nan,nan,nan,nan,nan,nan,nan,7.3073149,-19.785776,-0.035035223,-15.614591,-29503.832,nan,-10.837034
nan,nan,nan,nan,nan,nan,nan,nan,7.3038592,-19.924101,-0.03550617,-15.698647,-29489.908,nan,-10.916272
nan,nan,nan,nan,nan,nan,nan,nan,7.3003573,-19.930214,-0.035976894,-15.782752,-29475.799,nan,-10.995552
nan,nan,nan,nan,nan,nan,nan,nan,7.2968092,-20.108061,-0.036447391,-15.866908,-29461.504,nan,-11.074874
nan,nan,nan,nan,nan,nan,nan,nan,7.2932148,-20.157534,-0.036917657,-15.951119,-29447.021,nan,-11.154238
nan,nan,nan,nan,nan,nan,nan,nan,7.2895746,-20.239561,-0.037387691,-16.035389,-29432.355,nan,-11.233644
nan,nan,nan,nan,nan,nan,nan,nan,7.2858882,-20.338224,-0.037857488,-16.119719,-29417.504,nan,-11.313093
nan,nan,nan,nan,nan,nan,nan,nan,7.2821555,-20.432905,-0.038327046,-16.204113,-29402.465,nan,-11.392584
nan,nan,nan,nan,nan,nan,nan,nan,7.2783775,-20.558577,-0.038796362,-16.288576,-29387.242,nan,-11.472117
nan,nan,nan,nan,nan,nan,nan,nan,7.2745528,-20.720076,-0.039265435,-16.37311,-29371.834,nan,-11.551692
nan,nan,nan,nan,nan,nan,nan,nan,7.2706828,-20.655817,-0.039734259,-16.45772,-29356.24,nan,-11.63131
nan,nan,nan,nan,nan,nan,nan,nan,7.2667665,-20.845322,-0.04020283,-16.542406,-29340.463,nan,-11.710969
nan,nan,nan,nan,nan,nan,nan,nan,7.2628045,-20.889393,-0.040671147,-16.627174,-29324.498,nan,-11.79067
nan,nan,nan,nan,nan,nan,nan,nan,7.2587962,-21.007103,-0.041139208,-16.712029,-29308.35,nan,-11.870414
nan,nan,nan,nan,nan,nan,nan,nan,7.2547426,-21.130219,-0.041607011,-16.796968,-29292.018,nan,-11.950198
nan,nan,nan,nan,nan,nan,nan,nan,7.2506428,-21.196751,-0.04207455,-16.882,-29275.5,nan,-12.030025
nan,nan,nan,nan,nan,nan,nan,nan,7.2464972,-21.271244,-0.042541821,-16.967127,-29258.797,nan,-12.109895
nan,nan,nan,nan,nan,nan,nan,nan,7.2423062,-21.405588,-0.043008827,-17.052351,-29241.912,nan,-12.189805
nan,nan,nan,nan,nan,nan,nan,nan,7.2380691,-21.453072,-0.043475557,-17.137676,-29224.84,nan,-12.269756
nan,nan,nan,nan,nan,nan,nan,nan,7.2337866,-21.542635,-0.043942016,-17.223106,-29207.586,nan,-12.349751
nan,nan,nan,nan,nan,nan,nan,nan,7.2294579,-21.612579,-0.044408198,-17.308645,-29190.146,nan,-12.429785
nan,nan,nan,nan,nan,nan,nan,nan,7.2250838,-21.720339,-0.044874098,-17.394293,-29172.523,nan,-12.509861
nan,nan,nan,nan,nan,nan,nan,nan,7.2206645,-21.782606,-0.045339715,-17.480057,-29154.717,nan,-12.589978
nan,nan,nan,nan,nan,nan,nan,nan,7.2161989,-21.902735,-0.045805044,-17.565937,-29136.725,nan,-12.670136
nan,nan,nan,nan,nan,nan,nan,nan,7.211688,-21.965429,-0.046270084,-17.651937,-29118.551,nan,-12.750336
nan,nan,nan,nan,nan,nan,nan,nan,7.2071314,-22.110294,-0.046734832,-17.738062,-29100.193,nan,-12.830576
nan,nan,nan,nan,nan,nan,nan,nan,7.2025294,-22.194454,-0.047199287,-17.824314,-29081.65,nan,-12.910856
nan,nan,nan,nan,nan,nan,nan,nan,7.1978822,-22.342163,-0.047663439,-17.910696,-29062.926,nan,-12.991178
nan,nan,nan,nan,nan,nan,nan,nan,7.1931891,-22.331358,-0.048127294,-17.997211,-29044.02,nan,-13.071539
nan,nan,nan,nan,nan,nan,nan,nan,7.1884508,-22.402866,-0.048590843,-18.083862,-29024.928,nan,-13.151941
nan,nan,nan,nan,nan,nan,nan,nan,7.1836672,-22.523563,-0.049054086,-18.170652,-29005.654,nan,-13.232383
nan,nan,nan,nan,nan,nan,nan,nan,7.1788378,-22.576307,-0.049517021,-18.257586,-28986.197,nan,-13.312864
nan,nan,nan,nan,nan,nan,nan,nan,7.1739635,-22.741928,-0.049979642,-18.344666,-28966.559,nan,-13.393386
nan,nan,nan,nan,nan,nan,nan,nan,7.1690435,-22.783865,-0.050441947,-18.431892,-28946.736,nan,-13.473948
nan,nan,nan,nan,nan,nan,nan,nan,7.1640787,-22.844427,-0.050903931,-18.51927,-28926.73,nan,-13.554548
nan,nan,nan,nan,nan,nan,nan,nan,7.1590681,-22.952473,-0.051365595,-18.606804,-28906.545,nan,-13.635188
nan,nan,nan,nan,nan,nan,nan,nan,7.1540127,-23.112974,-0.051826939,-18.694494,-28886.176,nan,-13.715867
nan,nan,nan,nan,nan,nan,nan,nan,7.148912,-23.129892,-0.052287951,-18.782345,-28865.625,nan,-13.796585
nan,nan,nan,nan,nan,nan,nan,nan,7.1437659,-23.284567,-0.052748632,-18.870358,-28844.893,nan,-13.877342
nan,nan,nan,nan,nan,nan,nan,nan,7.1385751,-23.331055,-0.053208981,-18.958536,-28823.977,nan,-13.958138
nan,nan,nan,nan,nan,nan,nan,nan,7.1333389,-23.424456,-0.053668994,-19.046885,-28802.881,nan,-14.038972
nan,nan,nan,nan,nan,nan,nan,nan,7.1280575,-23.498238,-0.054128669,-19.135403,-28781.604,nan,-14.119844
nan,nan,nan,nan,nan,nan,nan,nan,7.1227312,-23.595337,-0.054588001,-19.224094,-28760.143,nan,-14.200754
nan,nan,nan,nan,nan,nan,nan,nan,7.1173601,-23.687742,-0.055046991,-19.312963,-28738.502,nan,-14.281703
nan,nan,nan,nan,nan,nan,nan,nan,7.1119442,-23.783419,-0.05550563,-19.402012,-28716.682,nan,-14.362689
nan,nan,nan,nan,nan,nan,nan,nan,7.106483,-23.915915,-0.055963919,-19.491241,-28694.678,nan,-14.443713
nan,nan,nan,nan,nan,nan,nan,nan,7.1009769,-23.917622,-0.056421854,-19.580656,-28672.494,nan,-14.524774
nan,nan,nan,nan,nan,nan,nan,nan,7.0954261,-24.091772,-0.056879435,-19.670256,-28650.131,nan,-14.605872
nan,nan,nan,nan,nan,nan,nan,nan,7.0898304,-24.144798,-0.057336655,-19.760044,-28627.586,nan,-14.687008
nan,nan,nan,nan,nan,nan,nan,nan,7.0841899,-24.191854,-0.057793513,-19.850025,-28604.859,nan,-14.76818
nan,nan,nan,nan,nan,nan,nan,nan,7.078505,-24.349089,-0.058250006,-19.940199,-28581.955,nan,-14.84939
nan,nan,nan,nan,nan,nan,nan,nan,7.0727749,-24.421307,-0.058706131,-20.030569,-28558.869,nan,-14.930635
nan,nan,nan,nan,nan,nan,nan,nan,7.0670004,-24.429695,-0.059161887,-20.121136,-28535.604,nan,-15.011918
nan,nan,nan,nan,nan,nan,nan,nan,7.0611811,-24.542858,-0.059617266,-20.211905,-28512.158,nan,-15.093236
nan,nan,nan,nan,nan,nan,nan,nan,7.0553174,-24.766481,-0.060072269,-20.302874,-28488.531,nan,-15.174591
nan,nan,nan,nan,nan,nan,nan,nan,7.0494089,-24.749279,-0.060526893,-20.394049,-28464.727,nan,-15.255982
nan,nan,nan,nan,nan,nan,nan,nan,7.0434561,-24.897556,-0.060981136,-20.485428,-28440.742,nan,-15.337409
nan,nan,nan,nan,nan,nan,nan,nan,7.0374589,-24.927553,-0.061434992,-20.577017,-28416.58,nan,-15.418871
nan,nan,nan,nan,nan,nan,nan,nan,7.0314169,-25.052515,-0.061888464,-20.668816,-28392.236,nan,-15.500369
nan,nan,nan,nan,nan,nan,nan,nan,7.0253305,-25.179466,-0.062341541,-20.760826,-28367.715,nan,-15.581903
nan,nan,nan,nan,nan,nan,nan,nan,7.0191998,-25.214865,-0.062794223,-20.85305,-28343.016,nan,-15.663471
nan,nan,nan,nan,nan,nan,nan,nan,7.0130253,-25.319498,-0.063246511,-20.945488,-28318.135,nan,-15.745075
nan,nan,nan,nan,nan,nan,nan,nan,7.0068059,-25.441048,-0.063698404,-21.038143,-28293.078,nan,-15.826715
nan,nan,nan,nan,nan,nan,nan,nan,7.0005422,-25.485119,-0.064149886,-21.131018,-28267.842,nan,-15.908388
nan,nan,nan,nan,nan,nan,nan,nan,6.9942346,-25.628704,-0.064600967,-21.22411,-28242.428,nan,-15.990098
nan,nan,nan,nan,nan,nan,nan,nan,6.9878826,-25.717413,-0.065051638,-21.317425,-28216.836,nan,-16.071842
nan,nan,nan,nan,nan,nan,nan,nan,6.9814863,-25.800011,-0.065501899,-21.410961,-28191.066,nan,-16.15362
nan,nan,nan,nan,nan,nan,nan,nan,6.9750462,-25.908625,-0.06595175,-21.504721,-28165.119,nan,-16.235434
nan,nan,nan,nan,nan,nan,nan,nan,6.9685621,-26.026335,-0.066401184,-21.598705,-28138.994,nan,-16.317282
nan,nan,nan,nan,nan,nan,nan,nan,6.9620337,-26.036997,-0.066850193,-21.692917,-28112.691,nan,-16.399164
nan,nan,nan,nan,nan,nan,nan,nan,6.9554615,-26.188259,-0.067298785,-21.787355,-28086.213,nan,-16.481081
nan,nan,nan,nan,nan,nan,nan,nan,6.9488454,-26.237022,-0.067746945,-21.882021,-28059.557,nan,-16.563032
nan,nan,nan,nan,nan,nan,nan,nan,6.9421854,-26.390701,-0.068194687,-21.976915,-28032.723,nan,-16.64502
nan,nan,nan,nan,nan,nan,nan,nan,6.9354815,-26.406908,-0.06864199,-22.072039,-28005.713,nan,-16.727039
nan,nan,nan,nan,nan,nan,nan,nan,6.9287338,-26.581484,-0.069088861,-22.167393,-27978.525,nan,-16.809095
nan,nan,nan,nan,nan,nan,nan,nan,6.9219422,-26.596697,-0.0695353,-22.262978,-27951.162,nan,-16.891184
nan,nan,nan,nan,nan,nan,nan,nan,6.9151073,-26.683416,-0.069981292,-22.358795,-27923.623,nan,-16.973309
nan,nan,nan,nan,nan,nan,nan,nan,6.9082284,-26.824017,-0.070426852,-22.454844,-27895.908,nan,-17.055466
nan,nan,nan,nan,nan,nan,nan,nan,6.9013057,-26.887989,-0.070871957,-22.551125,-27868.018,nan,-17.137659
nan,nan,nan,nan,nan,nan,nan,nan,6.8943396,-26.993759,-0.071316622,-22.647638,-27839.951,nan,-17.219887
nan,nan,nan,nan,nan,nan,nan,nan,6.8873301,-27.101377,-0.071760833,-22.744385,-27811.709,nan,-17.302149
nan,nan,nan,nan,nan,nan,nan,nan,6.8802772,-27.128246,-0.07220459,-22.841366,-27783.293,nan,-17.384447
nan,nan,nan,nan,nan,nan,nan,nan,6.8731804,-27.307373,-0.072647892,-22.93858,-27754.701,nan,-17.466778
nan,nan,nan,nan,nan,nan,nan,nan,6.8660402,-27.375753,-0.07309074,-23.036026,-27725.934,nan,-17.549145
nan,nan,nan,nan,nan,nan,nan,nan,6.8588572,-27.440865,-0.073533118,-23.133705,-27696.99,nan,-17.631548
nan,nan,nan,nan,nan,nan,nan,nan,6.8516302,-27.522751,-0.073975034,-23.231619,-27667.875,nan,-17.713985
nan,nan,nan,nan,nan,nan,nan,nan,6.8443604,-27.677425,-0.074416488,-23.329763,-27638.584,nan,-17.796457
nan,nan,nan,nan,nan,nan,nan,nan,6.8370471,-27.726614,-0.074857466,-23.428143,-27609.119,nan,-17.878965
nan,nan,nan,nan,nan,nan,nan,nan,6.8296905,-27.761728,-0.075297974,-23.526752,-27579.48,nan,-17.96151
nan,nan,nan,nan,nan,nan,nan,nan,6.8222909,-27.857973,-0.075738005,-23.625593,-27549.666,nan,-18.04409
nan,nan,nan,nan,nan,nan,nan,nan,6.8148484,-28.016058,-0.07617756,-23.724665,-27519.68,nan,-18.126705
nan,nan,nan,nan,nan,nan,nan,nan,6.8073626,-28.112587,-0.07661663,-23.823967,-27489.52,nan,-18.209358
nan,nan,nan,nan,nan,nan,nan,nan,6.7998338,-28.209402,-0.077055223,-23.9235,-27459.188,nan,-18.292048
nan,nan,nan,nan,nan,nan,nan,nan,6.7922626,-28.296263,-0.077493317,-24.02326,-27428.682,nan,-18.374775
nan,nan,nan,nan,nan,nan,nan,nan,6.7846479,-28.411558,-0.077930935,-24.123247,-27398.002,nan,-18.457537
nan,nan,nan,nan,nan,nan,nan,nan,6.7769904,-28.473969,-0.078368053,-24.223461,-27367.15,nan,-18.540339
nan,nan,nan,nan,nan,nan,nan,nan,6.76929,-28.512068,-0.078804679,-24.323902,-27336.125,nan,-18.623178
nan,nan,nan,nan,nan,nan,nan,nan,6.7615471,-28.709534,-0.079240806,-24.424566,-27304.93,nan,-18.706055
nan,nan,nan,nan,nan,nan,nan,nan,6.7537618,-28.713799,-0.079676434,-24.525452,-27273.561,nan,-18.788971
nan,nan,nan,nan,nan,nan,nan,nan,6.7459331,-28.801939,-0.080111556,-24.62656,-27242.02,nan,-18.871925
nan,nan,nan,nan,nan,nan,nan,nan,6.7380624,-28.960594,-0.08054617,-24.727888,-27210.309,nan,-18.95492
nan,nan,nan,nan,nan,nan,nan,nan,6.7301488,-29.051294,-0.080980279,-24.829433,-27178.424,nan,-19.037954
nan,nan,nan,nan,nan,nan,nan,nan,6.7221928,-29.165026,-0.081413873,-24.931196,-27146.369,nan,-19.121029
nan,nan,nan,nan,nan,nan,nan,nan,6.7141943,-29.20867,-0.08184696,-25.033173,-27114.143,nan,-19.204144
nan,nan,nan,nan,nan,nan,nan,nan,6.7061534,-29.33349,-0.082279526,-25.135363,-27081.746,nan,-19.2873
nan,nan,nan,nan,nan,nan,nan,nan,6.69807,-29.487453,-0.08271157,-25.237764,-27049.18,nan,-19.370499
nan,nan,nan,nan,nan,nan,nan,nan,6.6899443,-29.554554,-0.083143093,-25.340374,-27016.441,nan,-19.453739
nan,nan,nan,nan,nan,nan,nan,nan,6.6817765,-29.607723,-0.083574094,-25.44319,-26983.533,nan,-19.537022
nan,nan,nan,nan,nan,nan,nan,nan,6.6735668,-29.721882,-0.084004559,-25.546211,-26950.455,nan,-19.620348
nan,nan,nan,nan,nan,nan,nan,nan,6.6653147,-29.802773,-0.084434502,-25.649433,-26917.207,nan,-19.703718
nan,nan,nan,nan,nan,nan,nan,nan,6.6570201,-29.916361,-0.084863909,-25.752855,-26883.789,nan,-19.787134
nan,nan,nan,nan,nan,nan,nan,nan,6.648684,-30.038763,-0.085292779,-25.856474,-26850.201,nan,-19.870594
nan,nan,nan,nan,nan,nan,nan,nan,6.6403055,-30.045303,-0.085721113,-25.960287,-26816.445,nan,-19.954102
nan,nan,nan,nan,nan,nan,nan,nan,6.6318851,-30.232248,-0.086148903,-26.064293,-26782.52,nan,-20.037655
nan,nan,nan,nan,nan,nan,nan,nan,6.6234231,-30.19685,-0.086576149,-26.168488,-26748.426,nan,-20.121256
nan,nan,nan,nan,nan,nan,nan,nan,6.6149192,-30.395025,-0.087002844,-26.272867,-26714.162,nan,-20.204905
nan,nan,nan,nan,nan,nan,nan,nan,6.6063733,-30.430141,-0.087428994,-26.377428,-26679.732,nan,-20.288603
nan,nan,nan,nan,nan,nan,nan,nan,6.5977859,-30.586237,-0.087854594,-26.482172,-26645.133,nan,-20.372349
nan,nan,nan,nan,nan,nan,nan,nan,6.5891566,-30.669687,-0.088279635,-26.58709,-26610.365,nan,-20.456146
nan,nan,nan,nan,nan,nan,nan,nan,6.5804858,-30.787397,-0.088704117,-26.692183,-26575.432,nan,-20.539997
nan,nan,nan,nan,nan,nan,nan,nan,6.5717735,-30.893167,-0.089128047,-26.797443,-26540.328,nan,-20.623898
nan,nan,nan,nan,nan,nan,nan,nan,6.5630193,-30.912643,-0.089551404,-26.902872,-26505.059,nan,-20.707851
nan,nan,nan,nan,nan,nan,nan,nan,6.554224,-31.06348,-0.089974202,-27.008463,-26469.623,nan,-20.791861
nan,nan,nan,nan,nan,nan,nan,nan,6.5453873,-31.167828,-0.090396427,-27.114212,-26434.02,nan,-20.875925
nan,nan,nan,nan,nan,nan,nan,nan,6.5365095,-31.208061,-0.090818085,-27.220118,-26398.25,nan,-20.960043
nan,nan,nan,nan,nan,nan,nan,nan,6.5275898,-31.268196,-0.091239169,-27.326174,-26362.312,nan,-21.04422
nan,nan,nan,nan,nan,nan,nan,nan,6.5186291,-31.40382,-0.091659673,-27.432377,-26326.211,nan,-21.128454
nan,nan,nan,nan,nan,nan,nan,nan,6.5096273,-31.522526,-0.092079602,-27.538725,-26289.943,nan,-21.212748
nan,nan,nan,nan,nan,nan,nan,nan,6.5005846,-31.598726,-0.092498951,-27.645212,-26253.508,nan,-21.2971
nan,nan,nan,nan,nan,nan,nan,nan,6.4915009,-31.675495,-0.092917711,-27.751833,-26216.908,nan,-21.381516
nan,nan,nan,nan,nan,nan,nan,nan,6.4823756,-31.816664,-0.093335889,-27.858585,-26180.145,nan,-21.465992
nan,nan,nan,nan,nan,nan,nan,nan,6.4732099,-31.87694,-0.093753472,-27.965466,-26143.215,nan,-21.550531
nan,nan,nan,nan,nan,nan,nan,nan,6.4640031,-32.006023,-0.094170466,-28.072466,-26106.121,nan,-21.635138
nan,nan,nan,nan,nan,nan,nan,nan,6.4547553,-32.140228,-0.094586864,-28.179585,-26068.861,nan,-21.719809
nan,nan,nan,nan,nan,nan,nan,nan,6.445467,-32.227657,-0.095002666,-28.286814,-26031.439,nan,-21.804546
nan,nan,nan,nan,nan,nan,nan,nan,6.4361377,-32.312103,-0.095417865,-28.394154,-25993.852,nan,-21.889351
nan,nan,nan,nan,nan,nan,nan,nan,6.4267678,-32.375652,-0.09583246,-28.501595,-25956.102,nan,-21.974228
nan,nan,nan,nan,nan,nan,nan,nan,6.4173574,-32.504879,-0.096246459,-28.609135,-25918.186,nan,-22.059174
nan,nan,nan,nan,nan,nan,nan,nan,6.4079065,-32.605812,-0.096659839,-28.716768,-25880.109,nan,-22.144194
nan,nan,nan,nan,nan,nan,nan,nan,6.3984156,-32.643772,-0.097072616,-28.82449,-25841.867,nan,-22.229286
nan,nan,nan,nan,nan,nan,nan,nan,6.3888836,-32.709167,-0.097484775,-28.932293,-25803.465,nan,-22.314453
nan,nan,nan,nan,nan,nan,nan,nan,6.3793116,-32.930515,-0.097896323,-29.040174,-25764.898,nan,-22.399698
nan,nan,nan,nan,nan,nan,nan,nan,6.369699,-33.016384,-0.098307252,-29.148129,-25726.17,nan,-22.48502
nan,nan,nan,nan,nan,nan,nan,nan,6.3600464,-33.060169,-0.098717555,-29.256149,-25687.279,nan,-22.570421
nan,nan,nan,nan,nan,nan,nan,nan,6.3503532,-33.145466,-0.09912724,-29.364231,-25648.227,nan,-22.655903
nan,nan,nan,nan,nan,nan,nan,nan,6.3406205,-33.318623,-0.099536292,-29.472368,-25609.012,nan,-22.741468
nan,nan,nan,nan,nan,nan,nan,nan,6.3308473,-33.393402,-0.099944718,-29.580557,-25569.637,nan,-22.827116
nan,nan,nan,nan,nan,nan,nan,nan,6.3210344,-33.446003,-0.10035252,-29.688789,-25530.1,nan,-22.912851
nan,nan,nan,nan,nan,nan,nan,nan,6.3111815,-33.575798,-0.10075968,-29.79706,-25490.402,nan,-22.998672
nan,nan,nan,nan,nan,nan,nan,nan,6.3012886,-33.681282,-0.1011662,-29.905363,-25450.543,nan,-23.084583
nan,nan,nan,nan,nan,nan,nan,nan,6.2913561,-33.844059,-0.1015721,-30.013693,-25410.525,nan,-23.170584
nan,nan,nan,nan,nan,nan,nan,nan,6.281384,-33.890404,-0.10197734,-30.122044,-25370.346,nan,-23.256678
nan,nan,nan,nan,nan,nan,nan,nan,6.2713718,-34.003284,-0.10238194,-30.23041,-25330.008,nan,-23.342863
nan,nan,nan,nan,nan,nan,nan,nan,6.2613201,-34.06683,-0.10278589,-30.338783,-25289.51,nan,-23.429146
nan,nan,nan,nan,nan,nan,nan,nan,6.2512288,-34.126255,-0.1031892,-30.447159,-25248.852,nan,-23.515526
nan,nan,nan,nan,nan,nan,nan,nan,6.2410984,-34.302395,-0.10359185,-30.555531,-25208.035,nan,-23.602007
nan,nan,nan,nan,nan,nan,nan,nan,6.2309279,-34.408592,-0.10399386,-30.663893,-25167.061,nan,-23.688587
nan,nan,nan,nan,nan,nan,nan,nan,6.2207189,-34.48209,-0.1043952,-30.772238,-25125.926,nan,-23.77527
nan,nan,nan,nan,nan,nan,nan,nan,6.2104702,-34.635628,-0.10479588,-30.880558,-25084.635,nan,-23.862057
nan,nan,nan,nan,nan,nan,nan,nan,6.200182,-34.639038,-0.1051959,-30.98885,-25043.184,nan,-23.948952
nan,nan,nan,nan,nan,nan,nan,nan,6.1898551,-34.794994,-0.10559525,-31.097103,-25001.576,nan,-24.035955
nan,nan,nan,nan,nan,nan,nan,nan,6.1794887,-34.925785,-0.10599394,-31.205315,-24959.811,nan,-24.12307
nan,nan,nan,nan,nan,nan,nan,nan,6.1690836,-34.994591,-0.10639197,-31.313475,-24917.887,nan,-24.210297
nan,nan,nan,nan,nan,nan,nan,nan,6.158639,-35.142014,-0.10678931,-31.421577,-24875.807,nan,-24.297636
nan,nan,nan,nan,nan,nan,nan,nan,6.1481562,-35.172581,-0.10718599,-31.529617,-24833.57,nan,-24.385094
nan,nan,nan,nan,nan,nan,nan,nan,6.1376338,-35.317017,-0.10758198,-31.637587,-24791.178,nan,-24.47267
nan,nan,nan,nan,nan,nan,nan,nan,6.1270733,-35.40715,-0.1079773,-31.745478,-24748.629,nan,-24.560368
nan,nan,nan,nan,nan,nan,nan,nan,6.1164737,-35.486618,-0.10837194,-31.853285,-24705.924,nan,-24.648186
nan,nan,nan,nan,nan,nan,nan,nan,6.1058359,-35.64698,-0.10876589,-31.960999,-24663.062,nan,-24.73613
nan,nan,nan,nan,nan,nan,nan,nan,6.0951591,-35.67598,-0.10915915,-32.068615,-24620.045,nan,-24.824202
nan,nan,nan,nan,nan,nan,nan,nan,6.084444,-35.820705,-0.10955172,-32.176125,-24576.875,nan,-24.912403
nan,nan,nan,nan,nan,nan,nan,nan,6.0736904,-35.95718,-0.10994361,-32.28352,-24533.549,nan,-25.000734
nan,nan,nan,nan,nan,nan,nan,nan,6.0628986,-36.160191,-0.11033479,-32.390797,-24490.066,nan,-25.089199
nan,nan,nan,nan,nan,nan,nan,nan,6.0520682,-36.216488,-0.11072528,-32.497944,-24446.432,nan,-25.177801
nan,nan,nan,nan,nan,nan,nan,nan,6.0411997,-36.215778,-0.11111508,-32.604954,-24402.643,nan,-25.266541
nan,nan,nan,nan,nan,nan,nan,nan,6.030293,-36.401016,-0.11150416,-32.711823,-24358.699,nan,-25.355419
nan,nan,nan,nan,nan,nan,nan,nan,6.0193486,-36.513466,-0.11189254,-32.818542,-24314.604,nan,-25.444441
nan,nan,nan,nan,nan,nan,nan,nan,6.0083656,-36.536926,-0.11228023,-32.925102,-24270.354,nan,-25.533607
nan,nan,nan,nan,nan,nan,nan,nan,5.997345,-36.670986,-0.1126672,-33.031498,-24225.951,nan,-25.622921
nan,nan,nan,nan,nan,nan,nan,nan,5.9862866,-36.748608,-0.11305345,-33.137722,-24181.396,nan,-25.712385
nan,nan,nan,nan,nan,nan,nan,nan,5.9751902,-36.862339,-0.11343899,-33.243763,-24136.689,nan,-25.802
nan,nan,nan,nan,nan,nan,nan,nan,5.964056,-36.988861,-0.11382382,-33.349617,-24091.83,nan,-25.891769
nan,nan,nan,nan,nan,nan,nan,nan,5.9528842,-37.074162,-0.11420793,-33.455276,-24046.818,nan,-25.981697
nan,nan,nan,nan,nan,nan,nan,nan,5.9416747,-37.204952,-0.11459132,-33.560734,-24001.656,nan,-26.071781
nan,nan,nan,nan,nan,nan,nan,nan,5.9304276,-37.247742,-0.11497398,-33.665977,-23956.342,nan,-26.162029
nan,nan,nan,nan,nan,nan,nan,nan,5.9191432,-37.447342,-0.11535592,-33.771004,-23910.877,nan,-26.252439
nan,nan,nan,nan,nan,nan,nan,nan,5.9078217,-37.505627,-0.11573712,-33.875801,-23865.262,nan,-26.343016
nan,nan,nan,nan,nan,nan,nan,nan,5.8964624,-37.615093,-0.1161176,-33.980366,-23819.494,nan,-26.433762
nan,nan,nan,nan,nan,nan,nan,nan,5.885066,-37.699398,-0.11649734,-34.08469,-23773.58,nan,-26.524679
nan,nan,nan,nan,nan,nan,nan,nan,5.8736324,-37.891602,-0.11687635,-34.188763,-23727.514,nan,-26.61577
nan,nan,nan,nan,nan,nan,nan,nan,5.8621621,-37.951168,-0.11725461,-34.292576,-23681.299,nan,-26.707037
nan,nan,nan,nan,nan,nan,nan,nan,5.8506541,-38.036182,-0.11763214,-34.396126,-23634.934,nan,-26.798485
nan,nan,nan,nan,nan,nan,nan,nan,5.8391099,-38.138397,-0.11800893,-34.499405,-23588.42,nan,-26.890112
nan,nan,nan,nan,nan,nan,nan,nan,5.8275285,-38.272316,-0.11838497,-34.602398,-23541.758,nan,-26.981922
nan,nan,nan,nan,nan,nan,nan,nan,5.8159099,-38.342972,-0.11876027,-34.705105,-23494.949,nan,-27.073921
nan,nan,nan,nan,nan,nan,nan,nan,5.804255,-38.446896,-0.11913481,-34.807514,-23447.99,nan,-27.166107
nan,nan,nan,nan,nan,nan,nan,nan,5.7925634,-38.570435,-0.11950859,-34.909618,-23400.885,nan,-27.258486
nan,nan,nan,nan,nan,nan,nan,nan,5.7808352,-38.671085,-0.11988163,-35.01141,-23353.631,nan,-27.351059
nan,nan,nan,nan,nan,nan,nan,nan,5.7690701,-38.797184,-0.12025391,-35.112881,-23306.23,nan,-27.443829
nan,nan,nan,nan,nan,nan,nan,nan,5.7572689,-38.992233,-0.12062542,-35.214024,-23258.684,nan,-27.536798
nan,nan,nan,nan,nan,nan,nan,nan,5.7454314,-38.991665,-0.12099618,-35.314827,-23210.988,nan,-27.629969
nan,nan,nan,nan,nan,nan,nan,nan,5.7335572,-39.090897,-0.12136617,-35.415291,-23163.148,nan,-27.723345
nan,nan,nan,nan,nan,nan,nan,nan,5.7216473,-39.234196,-0.12173539,-35.5154,-23115.162,nan,-27.816927
nan,nan,nan,nan,nan,nan,nan,nan,5.7097011,-39.312813,-0.12210386,-35.61515,-23067.031,nan,-27.910719
nan,nan,nan,nan,nan,nan,nan,nan,5.6977186,-39.445309,-0.12247153,-35.714535,-23018.754,nan,-28.004725
nan,nan,nan,nan,nan,nan,nan,nan,5.6857004,-39.546246,-0.12283845,-35.813541,-22970.332,nan,-28.098944
nan,nan,nan,nan,nan,nan,nan,nan,5.673646,-39.742432,-0.12320458,-35.912163,-22921.766,nan,-28.19338
nan,nan,nan,nan,nan,nan,nan,nan,5.6615562,-39.845642,-0.12356994,-36.010395,-22873.055,nan,-28.288038
nan,nan,nan,nan,nan,nan,nan,nan,5.6494303,-39.890991,-0.12393451,-36.108227,-22824.199,nan,-28.382919
nan,nan,nan,nan,nan,nan,nan,nan,5.6372685,-40.061306,-0.12429831,-36.205654,-22775.201,nan,-28.478025
nan,nan,nan,nan,nan,nan,nan,nan,5.6250715,-40.117603,-0.12466132,-36.302666,-22726.059,nan,-28.573359
nan,nan,nan,nan,nan,nan,nan,nan,5.6128387,-40.307533,-0.12502354,-36.399258,-22676.773,nan,-28.668924
nan,nan,nan,nan,nan,nan,nan,nan,5.6005707,-40.388851,-0.12538497,-36.495419,-22627.346,nan,-28.764721
nan,nan,nan,nan,nan,nan,nan,nan,5.5882673,-40.501869,-0.12574561,-36.591141,-22577.773,nan,-28.860756
nan,nan,nan,nan,nan,nan,nan,nan,5.5759287,-40.655266,-0.12610546,-36.686417,-22528.061,nan,-28.957027
nan,nan,nan,nan,nan,nan,nan,nan,5.5635548,-40.753075,-0.1264645,-36.781242,-22478.207,nan,-29.053541
nan,nan,nan,nan,nan,nan,nan,nan,5.5511456,-40.800556,-0.12682275,-36.875607,-22428.209,nan,-29.150299
nan,nan,nan,nan,nan,nan,nan,nan,5.5387011,-40.92168,-0.1271802,-36.969501,-22378.072,nan,-29.247303
nan,nan,nan,nan,nan,nan,nan,nan,5.5262222,-41.089859,-0.12753685,-37.062923,-22327.793,nan,-29.344555
nan,nan,nan,nan,nan,nan,nan,nan,5.5137081,-41.160942,-0.12789269,-37.155861,-22277.373,nan,-29.44206
nan,nan,nan,nan,nan,nan,nan,nan,5.5011592,-41.267563,-0.12824772,-37.24831,-22226.814,nan,-29.539818
nan,nan,nan,nan,nan,nan,nan,nan,5.4885755,-41.396507,-0.12860194,-37.34026,-22176.115,nan,-29.637833
nan,nan,nan,nan,nan,nan,nan,nan,5.4759569,-41.51038,-0.12895535,-37.431705,-22125.275,nan,-29.736105
nan,nan,nan,nan,nan,nan,nan,nan,5.463304,-41.626526,-0.12930794,-37.52264,-22074.297,nan,-29.834641
nan,nan,nan,nan,nan,nan,nan,nan,5.4506168,-41.791153,-0.12965973,-37.613056,-22023.178,nan,-29.933439
nan,nan,nan,nan,nan,nan,nan,nan,5.4378948,-41.862236,-0.13001068,-37.702942,-21971.922,nan,-30.032507
nan,nan,nan,nan,nan,nan,nan,nan,5.4251385,-41.979946,-0.13036083,-37.792297,-21920.527,nan,-30.131842
nan,nan,nan,nan,nan,nan,nan,nan,5.4123483,-42.017193,-0.13071014,-37.881111,-21868.994,nan,-30.231447
nan,nan,nan,nan,nan,nan,nan,nan,5.3995233,-42.1595,-0.13105863,-37.969376,-21817.322,nan,-30.331327
nan,nan,nan,nan,nan,nan,nan,nan,5.3866644,-42.321991,-0.13140629,-38.057087,-21765.516,nan,-30.431484
nan,nan,nan,nan,nan,nan,nan,nan,5.3737717,-42.44994,-0.13175312,-38.144238,-21713.57,nan,-30.531919
nan,nan,nan,nan,nan,nan,nan,nan,5.3608451,-42.561539,-0.13209912,-38.230816,-21661.488,nan,-30.632635
nan,nan,nan,nan,nan,nan,nan,nan,5.3478847,-42.630203,-0.13244428,-38.316822,-21609.27,nan,-30.733637
nan,nan,nan,nan,nan,nan,nan,nan,5.3348899,-42.834633,-0.13278861,-38.402248,-21556.914,nan,-30.834921
nan,nan,nan,nan,nan,nan,nan,nan,5.3218617,-42.88496,-0.1331321,-38.487083,-21504.424,nan,-30.936495
nan,nan,nan,nan,nan,nan,nan,nan,5.3088002,-43.068634,-0.13347475,-38.571323,-21451.799,nan,-31.038361
nan,nan,nan,nan,nan,nan,nan,nan,5.2957048,-43.187057,-0.13381656,-38.654961,-21399.037,nan,-31.140516
nan,nan,nan,nan,nan,nan,nan,nan,5.2825761,-43.282875,-0.13415751,-38.737991,-21346.143,nan,-31.24297
nan,nan,nan,nan,nan,nan,nan,nan,5.2694144,-43.396038,-0.13449763,-38.820408,-21293.111,nan,-31.345718
nan,nan,nan,nan,nan,nan,nan,nan,5.2562189,-43.444515,-0.13483688,-38.902206,-21239.947,nan,-31.448767
nan,nan,nan,nan,nan,nan,nan,nan,5.2429905,-43.663876,-0.1351753,-38.983376,-21186.65,nan,-31.552116
nan,nan,nan,nan,nan,nan,nan,nan,5.2297287,-43.76339,-0.13551286,-39.063911,-21133.219,nan,-31.655769
nan,nan,nan,nan,nan,nan,nan,nan,5.216434,-43.904984,-0.13584957,-39.143806,-21079.654,nan,-31.759727
nan,nan,nan,nan,nan,nan,nan,nan,5.2031064,-44.001656,-0.13618541,-39.223061,-21025.957,nan,-31.863995
nan,nan,nan,nan,nan,nan,nan,nan,5.1897459,-44.082119,-0.13652039,-39.301662,-20972.127,nan,-31.968571
nan,nan,nan,nan,nan,nan,nan,nan,5.1763525,-44.219593,-0.1368545,-39.379608,-20918.166,nan,-32.07346
nan,nan,nan,nan,nan,nan,nan,nan,5.1629267,-44.36517,-0.13718776,-39.45689,-20864.072,nan,-32.178661
nan,nan,nan,nan,nan,nan,nan,nan,5.1494679,-44.528515,-0.13752015,-39.533504,-20809.848,nan,-32.28418
nan,nan,nan,nan,nan,nan,nan,nan,5.1359768,-44.601017,-0.13785167,-39.609447,-20755.492,nan,-32.390011
nan,nan,nan,nan,nan,nan,nan,nan,5.1224532,-44.705509,-0.13818233,-39.684711,-20701.006,nan,-32.496166
nan,nan,nan,nan,nan,nan,nan,nan,5.1088972,-44.880798,-0.1385121,-39.759289,-20646.389,nan,-32.602642
nan,nan,nan,nan,nan,nan,nan,nan,5.0953093,-44.966236,-0.138841,-39.833179,-20591.641,nan,-32.709438
nan,nan,nan,nan,nan,nan,nan,nan,5.0816889,-45.124039,-0.13916902,-39.906376,-20536.764,nan,-32.816563
nan,nan,nan,nan,nan,nan,nan,nan,5.0680361,-45.282837,-0.13949618,-39.97887,-20481.758,nan,-32.924007
nan,nan,nan,nan,nan,nan,nan,nan,5.0543518,-45.277576,-0.13982244,-40.050663,-20426.623,nan,-33.031784
nan,nan,nan,nan,nan,nan,nan,nan,5.0406351,-45.54541,-0.14014782,-40.121742,-20371.359,nan,-33.139893
nan,nan,nan,nan,nan,nan,nan,nan,5.0268869,-45.600857,-0.14047232,-40.192112,-20315.969,nan,-33.248325
nan,nan,nan,nan,nan,nan,nan,nan,5.0131073,-45.710178,-0.14079593,-40.261761,-20260.449,nan,-33.357098
nan,nan,nan,nan,nan,nan,nan,nan,4.9992952,-45.907646,-0.14111865,-40.330688,-20204.801,nan,-33.466198
nan,nan,nan,nan,nan,nan,nan,nan,4.9854522,-46.010857,-0.14144048,-40.398888,-20149.027,nan,-33.575638
nan,nan,nan,nan,nan,nan,nan,nan,4.9715772,-46.050377,-0.14176142,-40.466354,-20093.125,nan,-33.68541
nan,nan,nan,nan,nan,nan,nan,nan,4.9576712,-46.222397,-0.14208145,-40.533089,-20037.098,nan,-33.795521
nan,nan,nan,nan,nan,nan,nan,nan,4.9437337,-46.394554,-0.14240059,-40.599079,-19980.943,nan,-33.905975
nan,nan,nan,nan,nan,nan,nan,nan,4.9297652,-46.414742,-0.14271884,-40.664326,-19924.662,nan,-34.016766
nan,nan,nan,nan,nan,nan,nan,nan,4.9157653,-46.544823,-0.14303619,-40.728828,-19868.258,nan,-34.127899
nan,nan,nan,nan,nan,nan,nan,nan,4.9017344,-46.553638,-0.14335263,-40.792576,-19811.727,nan,-34.239372
nan,nan,nan,nan,nan,nan,nan,nan,4.8876724,-46.582779,-0.14366816,-40.855568,-19755.072,nan,-34.351192
nan,nan,nan,nan,nan,nan,nan,nan,4.87358,-46.582779,-0.14398278,-40.917801,-19698.291,nan,-34.463352
nan,nan,nan,nan,nan,nan,nan,nan,4.8594561,-46.582779,-0.1442965,-40.979275,-19641.389,nan,-34.575863
nan,nan,nan,nan,nan,nan,nan,nan,4.8453021,-46.582779,-0.1446093,-41.039982,-19584.361,nan,-34.688717
nan,nan,nan,nan,nan,nan,nan,nan,4.8311172,-46.582779,-0.1449212,-41.099918,-19527.209,nan,-34.801918
nan,nan,nan,nan,nan,nan,nan,nan,4.8169022,-46.582779,-0.14523217,-41.159088,-19469.936,nan,-34.915466
nan,nan,nan,nan,nan,nan,nan,nan,4.8026562,-46.582779,-0.14554222,-41.21748,-19412.539,nan,-35.029362
nan,nan,nan,nan,nan,nan,nan,nan,4.7883801,-46.582779,-0.14585136,-41.275093,-19355.021,nan,-35.143608
nan,nan,nan,nan,nan,nan,nan,nan,4.7740736,-46.582779,-0.14615959,-41.331928,-19297.381,nan,-35.258205
nan,nan,nan,nan,nan,nan,nan,nan,4.7597375,-46.582779,-0.14646688,-41.387981,-19239.619,nan,-35.37315
nan,nan,nan,nan,nan,nan,nan,nan,4.7453709,-46.582779,-0.14677325,-41.443253,-19181.736,nan,-35.488441
nan,nan,nan,nan,nan,nan,nan,nan,4.7309742,-46.582779,-0.14707869,-41.497734,-19123.732,nan,-35.604088
nan,nan,nan,nan,nan,nan,nan,nan,4.716548,-46.582779,-0.1473832,-41.551426,-19065.609,nan,-35.720085
nan,nan,nan,nan,nan,nan,nan,nan,4.7020917,-46.582779,-0.14768678,-41.604324,-19007.365,nan,-35.836433
nan,nan,nan,nan,nan,nan,nan,nan,4.6876059,-46.582779,-0.14798944,-41.656433,-18949,nan,-35.953129
nan,nan,nan,nan,nan,nan,nan,nan,4.67309,-46.582779,-0.14829116,-41.707748,-18890.518,nan,-36.070179
nan,nan,nan,nan,nan,nan,nan,nan,4.658545,-46.582779,-0.14859192,-41.758263,-18831.916,nan,-36.18758
nan,nan,nan,nan,nan,nan,nan,nan,4.643971,-46.582779,-0.14889176,-41.807983,-18773.195,nan,-36.305332
nan,nan,nan,nan,nan,nan,nan,nan,4.6293669,-46.582779,-0.14919066,-41.856903,-18714.355,nan,-36.423431
nan,nan,nan,nan,nan,nan,nan,nan,4.6147337,-46.582779,-0.14948863,-41.905022,-18655.398,nan,-36.541885
nan,nan,nan,nan,nan,nan,nan,nan,4.6000719,-46.582779,-0.14978564,-41.952339,-18596.326,nan,-36.660686
nan,nan,nan,nan,nan,nan,nan,nan,4.5853806,-46.582779,-0.15008169,-41.998852,-18537.135,nan,-36.779839
nan,nan,nan,nan,nan,nan,nan,nan,4.5706601,-46.582779,-0.15037681,-42.044563,-18477.826,nan,-36.899342
nan,nan,nan,nan,nan,nan,nan,nan,4.5559111,-46.582779,-0.15067099,-42.08947,-18418.402,nan,-37.019192
nan,nan,nan,nan,nan,nan,nan,nan,4.5411334,-46.582779,-0.1509642,-42.133575,-18358.861,nan,-37.139389
nan,nan,nan,nan,nan,nan,nan,nan,4.5263267,-46.582779,-0.15125647,-42.176872,-18299.207,nan,-37.259933
nan,nan,nan,nan,nan,nan,nan,nan,4.5114918,-46.582779,-0.15154777,-42.219364,-18239.436,nan,-37.380829
nan,nan,nan,nan,nan,nan,nan,nan,4.4966283,-46.582779,-0.15183812,-42.261051,-18179.551,nan,-37.502064
nan,nan,nan,nan,nan,nan,nan,nan,4.4817362,-46.582779,-0.15212752,-42.301933,-18119.551,nan,-37.623646
nan,nan,nan,nan,nan,nan,nan,nan,4.4668159,-46.582779,-0.15241595,-42.34201,-18059.436,nan,-37.745571
nan,nan,nan,nan,nan,nan,nan,nan,4.4518671,-46.582779,-0.15270342,-42.381283,-17999.207,nan,-37.86784
nan,nan,nan,nan,nan,nan,nan,nan,4.4368906,-46.582779,-0.15298991,-42.419746,-17938.867,nan,-37.990452
nan,nan,nan,nan,nan,nan,nan,nan,4.421886,-46.582779,-0.15327546,-42.457409,-17878.412,nan,-38.1134
nan,nan,nan,nan,nan,nan,nan,nan,4.4068532,-46.582779,-0.15356003,-42.49427,-17817.846,nan,-38.236687
nan,nan,nan,nan,nan,nan,nan,nan,4.3917928,-46.582779,-0.15384363,-42.530327,-17757.168,nan,-38.360313
nan,nan,nan,nan,nan,nan,nan,nan,4.3767047,-46.582779,-0.15412624,-42.565582,-17696.377,nan,-38.484272
nan,nan,nan,nan,nan,nan,nan,nan,4.3615885,-46.582779,-0.1544079,-42.600037,-17635.475,nan,-38.608566
nan,nan,nan,nan,nan,nan,nan,nan,4.3464451,-46.582779,-0.15468858,-42.633694,-17574.463,nan,-38.733192
nan,nan,nan,nan,nan,nan,nan,nan,4.3312745,-46.582779,-0.15496828,-42.66655,-17513.338,nan,-38.85815
nan,nan,nan,nan,nan,nan,nan,nan,4.3160763,-46.582779,-0.155247,-42.698612,-17452.105,nan,-38.983437
nan,nan,nan,nan,nan,nan,nan,nan,4.3008509,-46.582779,-0.15552475,-42.729881,-17390.762,nan,-39.109047
nan,nan,nan,nan,nan,nan,nan,nan,4.2855983,-46.582779,-0.1558015,-42.760353,-17329.309,nan,-39.234982
nan,nan,nan,nan,nan,nan,nan,nan,4.2703185,-46.582779,-0.15607728,-42.790039,-17267.746,nan,-39.361237
nan,nan,nan,nan,nan,nan,nan,nan,4.2550116,-46.582779,-0.15635206,-42.818932,-17206.076,nan,-39.487816
nan,nan,nan,nan,nan,nan,nan,nan,4.2396779,-46.582779,-0.15662587,-42.847042,-17144.297,nan,-39.614708
nan,nan,nan,nan,nan,nan,nan,nan,4.224318,-46.582779,-0.15689868,-42.874363,-17082.41,nan,-39.741917
nan,nan,nan,nan,nan,nan,nan,nan,4.208931,-46.582779,-0.1571705,-42.900906,-17020.414,nan,-39.869438
nan,nan,nan,nan,nan,nan,nan,nan,4.1935172,-46.582779,-0.15744133,-42.92667,-16958.312,nan,-39.997269
nan,nan,nan,nan,nan,nan,nan,nan,4.1780772,-46.582779,-0.15771116,-42.951656,-16896.105,nan,-40.125404
nan,nan,nan,nan,nan,nan,nan,nan,4.1626105,-46.582779,-0.15798,-42.975872,-16833.791,nan,-40.253845
nan,nan,nan,nan,nan,nan,nan,nan,4.1471176,-46.582779,-0.15824784,-42.999313,-16771.369,nan,-40.382584
nan,nan,nan,nan,nan,nan,nan,nan,4.1315989,-46.582779,-0.15851468,-43.021992,-16708.844,nan,-40.511623
nan,nan,nan,nan,nan,nan,nan,nan,4.1160536,-46.582779,-0.15878052,-43.043903,-16646.213,nan,-40.640957
nan,nan,nan,nan,nan,nan,nan,nan,4.1004825,-46.582779,-0.15904535,-43.065056,-16583.477,nan,-40.77058
nan,nan,nan,nan,nan,nan,nan,nan,4.0848856,-46.582779,-0.15930918,-43.085449,-16520.637,nan,-40.900494
nan,nan,nan,nan,nan,nan,nan,nan,4.069263,-46.582779,-0.15957201,-43.105091,-16457.691,nan,-41.030693
nan,nan,nan,nan,nan,nan,nan,nan,4.0536146,-46.582779,-0.15983383,-43.123985,-16394.645,nan,-41.161171
nan,nan,nan,nan,nan,nan,nan,nan,4.0379405,-46.582779,-0.16009463,-43.142132,-16331.493,nan,-41.291924
nan,nan,nan,nan,nan,nan,nan,nan,4.0222406,-46.582779,-0.16035444,-43.159538,-16268.239,nan,-41.422955
nan,nan,nan,nan,nan,nan,nan,nan,4.0065155,-46.582779,-0.16061321,-43.176208,-16204.883,nan,-41.554253
nan,nan,nan,nan,nan,nan,nan,nan,3.9907653,-46.582779,-0.16087098,-43.192146,-16141.425,nan,-41.685814
nan,nan,nan,nan,nan,nan,nan,nan,3.9749899,-46.582779,-0.16112773,-43.207355,-16077.865,nan,-41.817638
nan,nan,nan,nan,nan,nan,nan,nan,3.9591892,-46.582779,-0.16138346,-43.22184,-16014.204,nan,-41.949722
nan,nan,nan,nan,nan,nan,nan,nan,3.9433637,-46.582779,-0.16163819,-43.235607,-15950.442,nan,-42.082058
nan,nan,nan,nan,nan,nan,nan,nan,3.9275131,-46.582779,-0.16189188,-43.248661,-15886.58,nan,-42.214642
nan,nan,nan,nan,nan,nan,nan,nan,3.9116378,-46.582779,-0.16214456,-43.261005,-15822.618,nan,-42.347469
nan,nan,nan,nan,nan,nan,nan,nan,3.8957376,-46.582779,-0.16239621,-43.272644,-15758.557,nan,-42.480537
nan,nan,nan,nan,nan,nan,nan,nan,3.879813,-46.582779,-0.16264683,-43.283588,-15694.396,nan,-42.613842
nan,nan,nan,nan,nan,nan,nan,nan,3.8638637,-46.582779,-0.16289642,-43.293835,-15630.137,nan,-42.747375
nan,nan,nan,nan,nan,nan,nan,nan,3.8478901,-46.582779,-0.16314499,-43.303398,-15565.779,nan,-42.881134
nan,nan,nan,nan,nan,nan,nan,nan,3.8318923,-46.582779,-0.16339251,-43.312279,-15501.323,nan,-43.015114
nan,nan,nan,nan,nan,nan,nan,nan,3.8158703,-46.582779,-0.16363902,-43.320484,-15436.771,nan,-43.149307
nan,nan,nan,nan,nan,nan,nan,nan,3.799824,-46.582779,-0.16388449,-43.328018,-15372.12,nan,-43.28371
nan,nan,nan,nan,nan,nan,nan,nan,3.7837539,-46.582779,-0.16412893,-43.334885,-15307.373,nan,-43.41832
nan,nan,nan,nan,nan,nan,nan,nan,3.7676597,-46.582779,-0.16437232,-43.341099,-15242.53,nan,-43.553127
nan,nan,nan,nan,nan,nan,nan,nan,3.7515419,-46.582779,-0.16461468,-43.346657,-15177.591,nan,-43.688129
nan,nan,nan,nan,nan,nan,nan,nan,3.7354002,-46.582779,-0.164856,-43.35157,-15112.557,nan,-43.823318
nan,nan,nan,nan,nan,nan,nan,nan,3.7192352,-46.582779,-0.16509628,-43.355846,-15047.427,nan,-43.958691
nan,nan,nan,nan,nan,nan,nan,nan,3.7030463,-46.582779,-0.16533552,-43.359486,-14982.202,nan,-44.094238
nan,nan,nan,nan,nan,nan,nan,nan,3.6868343,-46.582779,-0.16557372,-43.362503,-14916.884,nan,-44.229958
nan,nan,nan,nan,nan,nan,nan,nan,3.670599,-46.582779,-0.16581085,-43.364899,-14851.472,nan,-44.365845
nan,nan,nan,nan,nan,nan,nan,nan,3.6543405,-46.582779,-0.16604695,-43.366684,-14785.966,nan,-44.501884
nan,nan,nan,nan,nan,nan,nan,nan,3.6380589,-46.582779,-0.166282,-43.367863,-14720.366,nan,-44.638081
nan,nan,nan,nan,nan,nan,nan,nan,3.6217542,-46.582779,-0.16651601,-43.368443,-14654.675,nan,-44.774422
nan,nan,nan,nan,nan,nan,nan,nan,3.6054268,-46.582779,-0.16674894,-43.368431,-14588.892,nan,-44.9109
nan,nan,nan,nan,nan,nan,nan,nan,3.5890765,-46.582779,-0.16698085,-43.367836,-14523.017,nan,-45.047516
nan,nan,nan,nan,nan,nan,nan,nan,3.5727036,-46.582779,-0.16721168,-43.366665,-14457.05,nan,-45.184254
nan,nan,nan,nan,nan,nan,nan,nan,3.556308,-46.582779,-0.16744146,-43.364922,-14390.992,nan,-45.321114
nan,nan,nan,nan,nan,nan,nan,nan,3.5398901,-46.582779,-0.16767019,-43.362621,-14324.844,nan,-45.458088
nan,nan,nan,nan,nan,nan,nan,nan,3.5234497,-46.582779,-0.16789785,-43.359764,-14258.605,nan,-45.595165
nan,nan,nan,nan,nan,nan,nan,nan,3.5069871,-46.582779,-0.16812447,-43.356361,-14192.278,nan,-45.732342
nan,nan,nan,nan,nan,nan,nan,nan,3.4905024,-46.582779,-0.16835,-43.352421,-14125.86,nan,-45.86961
nan,nan,nan,nan,nan,nan,nan,nan,3.4739957,-46.582779,-0.16857448,-43.34795,-14059.354,nan,-46.006962
nan,nan,nan,nan,nan,nan,nan,nan,3.4574668,-46.582779,-0.1687979,-43.342957,-13992.761,nan,-46.14439
nan,nan,nan,nan,nan,nan,nan,nan,3.4409163,-46.582779,-0.16902025,-43.337448,-13926.078,nan,-46.281891
nan,nan,nan,nan,nan,nan,nan,nan,3.4243441,-46.582779,-0.16924153,-43.331432,-13859.309,nan,-46.419453
nan,nan,nan,nan,nan,nan,nan,nan,3.4077501,-46.582779,-0.16946174,-43.324921,-13792.451,nan,-46.557068
nan,nan,nan,nan,nan,nan,nan,nan,3.3911347,-46.582779,-0.16968088,-43.317917,-13725.507,nan,-46.694729
nan,nan,nan,nan,nan,nan,nan,nan,3.3744979,-46.582779,-0.16989896,-43.310436,-13658.478,nan,-46.832432
nan,nan,nan,nan,nan,nan,nan,nan,3.3578396,-46.582779,-0.17011595,-43.302479,-13591.361,nan,-46.970165
nan,nan,nan,nan,nan,nan,nan,nan,3.3411603,-46.582779,-0.17033188,-43.29406,-13524.16,nan,-47.107918
nan,nan,nan,nan,nan,nan,nan,nan,3.3244598,-46.582779,-0.17054673,-43.285183,-13456.873,nan,-47.245689
nan,nan,nan,nan,nan,nan,nan,nan,3.3077383,-46.582779,-0.1707605,-43.27586,-13389.502,nan,-47.383465
nan,nan,nan,nan,nan,nan,nan,nan,3.2909958,-46.582779,-0.17097318,-43.266098,-13322.047,nan,-47.52124
nan,nan,nan,nan,nan,nan,nan,nan,3.2742326,-46.582779,-0.17118479,-43.255909,-13254.508,nan,-47.659004
nan,nan,nan,nan,nan,nan,nan,nan,3.2574489,-46.582779,-0.17139532,-43.2453,-13186.886,nan,-47.796749
nan,nan,nan,nan,nan,nan,nan,nan,3.2406445,-46.582779,-0.17160477,-43.234276,-13119.181,nan,-47.934471
nan,nan,nan,nan,nan,nan,nan,nan,3.2238195,-46.582779,-0.17181313,-43.222851,-13051.393,nan,-48.072151
nan,nan,nan,nan,nan,nan,nan,nan,3.2069743,-46.582779,-0.17202041,-43.211033,-12983.523,nan,-48.209789
nan,nan,nan,nan,nan,nan,nan,nan,3.1901085,-46.582779,-0.17222661,-43.198833,-12915.571,nan,-48.347374
nan,nan,nan,nan,nan,nan,nan,nan,3.173223,-46.582779,-0.17243171,-43.186256,-12847.539,nan,-48.484898
nan,nan,nan,nan,nan,nan,nan,nan,3.1563172,-46.582779,-0.17263572,-43.173313,-12779.426,nan,-48.622349
nan,nan,nan,nan,nan,nan,nan,nan,3.1393917,-46.582779,-0.17283864,-43.160011,-12711.232,nan,-48.75972
nan,nan,nan,nan,nan,nan,nan,nan,3.1224461,-46.582779,-0.17304048,-43.146366,-12642.959,nan,-48.896999
nan,nan,nan,nan,nan,nan,nan,nan,3.1054809,-46.582779,-0.17324121,-43.132378,-12574.605,nan,-49.03418
nan,nan,nan,nan,nan,nan,nan,nan,3.088496,-46.582779,-0.17344086,-43.118065,-12506.174,nan,-49.171253
nan,nan,nan,nan,nan,nan,nan,nan,3.0714917,-46.582779,-0.1736394,-43.103432,-12437.663,nan,-49.308208
nan,nan,nan,nan,nan,nan,nan,nan,3.0544679,-46.582779,-0.17383686,-43.08849,-12369.074,nan,-49.445038
nan,nan,nan,nan,nan,nan,nan,nan,3.037425,-46.582779,-0.17403321,-43.073246,-12300.407,nan,-49.581726
nan,nan,nan,nan,nan,nan,nan,nan,3.0203626,-46.582779,-0.17422847,-43.057713,-12231.664,nan,-49.718273
nan,nan,nan,nan,nan,nan,nan,nan,3.0032814,-46.582779,-0.17442262,-43.041897,-12162.843,nan,-49.85466
nan,nan,nan,nan,nan,nan,nan,nan,2.9861813,-46.582779,-0.17461568,-43.02581,-12093.946,nan,-49.990879
nan,nan,nan,nan,nan,nan,nan,nan,2.9690621,-46.582779,-0.17480762,-43.009464,-12024.973,nan,-50.126923
nan,nan,nan,nan,nan,nan,nan,nan,2.9519241,-46.582779,-0.17499848,-42.992863,-11955.924,nan,-50.262783
nan,nan,nan,nan,nan,nan,nan,nan,2.9347675,-46.582779,-0.17518821,-42.976017,-11886.8,nan,-50.398445
nan,nan,nan,nan,nan,nan,nan,nan,2.9175925,-46.582779,-0.17537685,-42.958942,-11817.602,nan,-50.533901
nan,nan,nan,nan,nan,nan,nan,nan,2.900399,-46.582779,-0.17556438,-42.941643,-11748.329,nan,-50.66914
nan,nan,nan,nan,nan,nan,nan,nan,2.8831873,-46.582779,-0.17575079,-42.924129,-11678.982,nan,-50.80415
nan,nan,nan,nan,nan,nan,nan,nan,2.8659573,-46.582779,-0.1759361,-42.90641,-11609.562,nan,-50.938923
nan,nan,nan,nan,nan,nan,nan,nan,2.8487091,-46.582779,-0.1761203,-42.8885,-11540.069,nan,-51.073448
nan,nan,nan,nan,nan,nan,nan,nan,2.8314428,-46.582779,-0.17630337,-42.870403,-11470.504,nan,-51.207718
nan,nan,nan,nan,nan,nan,nan,nan,2.8141589,-46.582779,-0.17648534,-42.852131,-11400.866,nan,-51.341717
nan,nan,nan,nan,nan,nan,nan,nan,2.7968571,-46.582779,-0.1766662,-42.833694,-11331.157,nan,-51.475433
nan,nan,nan,nan,nan,nan,nan,nan,2.7795377,-46.582779,-0.17684594,-42.815105,-11261.377,nan,-51.608864
nan,nan,nan,nan,nan,nan,nan,nan,2.7622006,-46.582779,-0.17702456,-42.796368,-11191.526,nan,-51.741989
nan,nan,nan,nan,nan,nan,nan,nan,2.7448461,-46.582779,-0.17720206,-42.777496,-11121.605,nan,-51.874805
nan,nan,nan,nan,nan,nan,nan,nan,2.7274745,-46.582779,-0.17737845,-42.758495,-11051.614,nan,-52.007298
nan,nan,nan,nan,nan,nan,nan,nan,2.7100854,-46.582779,-0.17755371,-42.73938,-10981.554,nan,-52.139458
nan,nan,nan,nan,nan,nan,nan,nan,2.6926792,-46.582779,-0.17772785,-42.720158,-10911.424,nan,-52.271271
nan,nan,nan,nan,nan,nan,nan,nan,2.675256,-46.582779,-0.17790087,-42.70084,-10841.226,nan,-52.402729
nan,nan,nan,nan,nan,nan,nan,nan,2.6578159,-46.582779,-0.17807277,-42.681431,-10770.96,nan,-52.533821
nan,nan,nan,nan,nan,nan,nan,nan,2.6403592,-46.582779,-0.17824353,-42.661945,-10700.626,nan,-52.664536
nan,nan,nan,nan,nan,nan,nan,nan,2.6228857,-46.582779,-0.17841318,-42.642391,-10630.225,nan,-52.794861
nan,nan,nan,nan,nan,nan,nan,nan,2.6053956,-46.582779,-0.1785817,-42.62278,-10559.757,nan,-52.924782
nan,nan,nan,nan,nan,nan,nan,nan,2.587889,-46.582779,-0.1787491,-42.603119,-10489.224,nan,-53.054295
nan,nan,nan,nan,nan,nan,nan,nan,2.5703661,-46.582779,-0.17891535,-42.58342,-10418.623,nan,-53.183384
nan,nan,nan,nan,nan,nan,nan,nan,2.5528269,-46.582779,-0.17908049,-42.56369,-10347.958,nan,-53.312038
nan,nan,nan,nan,nan,nan,nan,nan,2.5352716,-46.582779,-0.17924449,-42.543938,-10277.228,nan,-53.440247
nan,nan,nan,nan,nan,nan,nan,nan,2.5177004,-46.582779,-0.17940736,-42.524174,-10206.433,nan,-53.567997
nan,nan,nan,nan,nan,nan,nan,nan,2.5001132,-46.582779,-0.17956908,-42.50441,-10135.574,nan,-53.695278
nan,nan,nan,nan,nan,nan,nan,nan,2.4825103,-46.582779,-0.17972969,-42.48465,-10064.651,nan,-53.822079
nan,nan,nan,nan,nan,nan,nan,nan,2.4648917,-46.582779,-0.17988916,-42.464912,-9993.666,nan,-53.948387
nan,nan,nan,nan,nan,nan,nan,nan,2.4472575,-46.582779,-0.18004748,-42.445194,-9922.6172,nan,-54.074192
nan,nan,nan,nan,nan,nan,nan,nan,2.4296079,-46.582779,-0.18020467,-42.425514,-9851.5068,nan,-54.199482
nan,nan,nan,nan,nan,nan,nan,nan,2.4119427,-46.582779,-0.18036072,-42.40588,-9780.334,nan,-54.324242
nan,nan,nan,nan,nan,nan,nan,nan,2.3942626,-46.582779,-0.18051565,-42.386299,-9709.1006,nan,-54.448463
nan,nan,nan,nan,nan,nan,nan,nan,2.3765671,-46.582779,-0.18066941,-42.366776,-9637.8057,nan,-54.572136
nan,nan,nan,nan,nan,nan,nan,nan,2.3588567,-46.582779,-0.18082204,-42.347328,-9566.4502,nan,-54.695248
nan,nan,nan,nan,nan,nan,nan,nan,2.3411314,-46.582779,-0.18097353,-42.327961,-9495.0352,nan,-54.817783
nan,nan,nan,nan,nan,nan,nan,nan,2.3233914,-46.582779,-0.18112388,-42.308681,-9423.5605,nan,-54.939732
nan,nan,nan,nan,nan,nan,nan,nan,2.3056366,-46.582779,-0.18127309,-42.289497,-9352.0264,nan,-55.061081
nan,nan,nan,nan,nan,nan,nan,nan,2.2878673,-46.582779,-0.18142115,-42.27042,-9280.4336,nan,-55.181824
nan,nan,nan,nan,nan,nan,nan,nan,2.2700837,-46.582779,-0.18156806,-42.251461,-9208.7822,nan,-55.301945
nan,nan,nan,nan,nan,nan,nan,nan,2.2522855,-46.582779,-0.18171382,-42.232624,-9137.0732,nan,-55.421429
nan,nan,nan,nan,nan,nan,nan,nan,2.2344732,-46.582779,-0.18185844,-42.213921,-9065.3076,nan,-55.540268
nan,nan,nan,nan,nan,nan,nan,nan,2.2166467,-46.582779,-0.1820019,-42.195354,-8993.4844,nan,-55.658451
nan,nan,nan,nan,nan,nan,nan,nan,2.1988063,-46.582779,-0.18214422,-42.176941,-8921.6055,nan,-55.775967
nan,nan,nan,nan,nan,nan,nan,nan,2.1809518,-46.582779,-0.1822854,-42.15868,-8849.6699,nan,-55.892799
nan,nan,nan,nan,nan,nan,nan,nan,2.1630838,-46.582779,-0.18242541,-42.140587,-8777.6797,nan,-56.008938
nan,nan,nan,nan,nan,nan,nan,nan,2.1452019,-46.582779,-0.18256427,-42.122669,-8705.6338,nan,-56.124371
nan,nan,nan,nan,nan,nan,nan,nan,2.1273067,-46.582779,-0.18270199,-42.104931,-8633.5332,nan,-56.239086
nan,nan,nan,nan,nan,nan,nan,nan,2.1093979,-46.582779,-0.18283854,-42.087379,-8561.3789,nan,-56.353069
nan,nan,nan,nan,nan,nan,nan,nan,2.0914757,-46.582779,-0.18297395,-42.07003,-8489.1699,nan,-56.466316
nan,nan,nan,nan,nan,nan,nan,nan,2.0735404,-46.582779,-0.1831082,-42.052879,-8416.9092,nan,-56.578808
nan,nan,nan,nan,nan,nan,nan,nan,2.0555921,-46.582779,-0.18324129,-42.035946,-8344.5947,nan,-56.690533
nan,nan,nan,nan,nan,nan,nan,nan,2.0376308,-46.582779,-0.18337323,-42.01923,-8272.2275,nan,-56.801483
nan,nan,nan,nan,nan,nan,nan,nan,2.0196564,-46.582779,-0.183504,-42.002743,-8199.8096,nan,-56.911644
nan,nan,nan,nan,nan,nan,nan,nan,2.0016694,-46.582779,-0.18363361,-41.986488,-8127.3398,nan,-57.021004
nan,nan,nan,nan,nan,nan,nan,nan,1.9836699,-46.582779,-0.18376207,-41.970478,-8054.8188,nan,-57.129551
nan,nan,nan,nan,nan,nan,nan,nan,1.9656576,-46.582779,-0.18388936,-41.954712,-7982.2476,nan,-57.23727
nan,nan,nan,nan,nan,nan,nan,nan,1.947633,-46.582779,-0.1840155,-41.939205,-7909.6265,nan,-57.344154
nan,nan,nan,nan,nan,nan,nan,nan,1.9295962,-46.582779,-0.18414047,-41.923962,-7836.9556,nan,-57.450191
nan,nan,nan,nan,nan,nan,nan,nan,1.9115471,-46.582779,-0.18426427,-41.908985,-7764.2354,nan,-57.555367
nan,nan,nan,nan,nan,nan,nan,nan,1.8934859,-46.582779,-0.18438692,-41.894287,-7691.4668,nan,-57.659672
nan,nan,nan,nan,nan,nan,nan,nan,1.8754127,-46.582779,-0.1845084,-41.879871,-7618.6504,nan,-57.763088
nan,nan,nan,nan,nan,nan,nan,nan,1.8573278,-46.582779,-0.18462871,-41.865746,-7545.7856,nan,-57.865612
nan,nan,nan,nan,nan,nan,nan,nan,1.839231,-46.582779,-0.18474786,-41.851913,-7472.874,nan,-57.967228
nan,nan,nan,nan,nan,nan,nan,nan,1.8211228,-46.582779,-0.18486585,-41.838383,-7399.915,nan,-58.067921
nan,nan,nan,nan,nan,nan,nan,nan,1.803003,-46.582779,-0.18498266,-41.825161,-7326.9102,nan,-58.167686
nan,nan,nan,nan,nan,nan,nan,nan,1.7848717,-46.582779,-0.18509831,-41.812248,-7253.8594,nan,-58.26651
nan,nan,nan,nan,nan,nan,nan,nan,1.7667292,-46.582779,-0.18521278,-41.79966,-7180.7632,nan,-58.364376
nan,nan,nan,nan,nan,nan,nan,nan,1.7485756,-46.582779,-0.18532608,-41.787395,-7107.6221,nan,-58.461277
nan,nan,nan,nan,nan,nan,nan,nan,1.7304109,-46.582779,-0.18543822,-41.775459,-7034.4365,nan,-58.557201
nan,nan,nan,nan,nan,nan,nan,nan,1.7122352,-46.582779,-0.18554918,-41.763863,-6961.2065,nan,-58.652134
nan,nan,nan,nan,nan,nan,nan,nan,1.6940488,-46.582779,-0.18565898,-41.752605,-6887.9331,nan,-58.746067
nan,nan,nan,nan,nan,nan,nan,nan,1.6758517,-46.582779,-0.18576759,-41.741695,-6814.6167,nan,-58.838989
nan,nan,nan,nan,nan,nan,nan,nan,1.6576439,-46.582779,-0.18587503,-41.731136,-6741.2578,nan,-58.930889
nan,nan,nan,nan,nan,nan,nan,nan,1.6394258,-46.582779,-0.1859813,-41.720932,-6667.8564,nan,-59.021751
nan,nan,nan,nan,nan,nan,nan,nan,1.6211972,-46.582779,-0.1860864,-41.71109,-6594.4136,nan,-59.111568
nan,nan,nan,nan,nan,nan,nan,nan,1.6029584,-46.582779,-0.18619032,-41.701614,-6520.9292,nan,-59.200329
nan,nan,nan,nan,nan,nan,nan,nan,1.5847095,-46.582779,-0.18629307,-41.692509,-6447.4043,nan,-59.288021
nan,nan,nan,nan,nan,nan,nan,nan,1.5664506,-46.582779,-0.18639463,-41.683777,-6373.8389,nan,-59.374634
nan,nan,nan,nan,nan,nan,nan,nan,1.5481818,-46.582779,-0.18649504,-41.675423,-6300.2334,nan,-59.460155
nan,nan,nan,nan,nan,nan,nan,nan,1.5299032,-46.582779,-0.18659425,-41.66745,-6226.5889,nan,-59.544579
nan,nan,nan,nan,nan,nan,nan,nan,1.5116149,-46.582779,-0.18669228,-41.659866,-6152.9053,nan,-59.627884
nan,nan,nan,nan,nan,nan,nan,nan,1.493317,-46.582779,-0.18678913,-41.652672,-6079.1831,nan,-59.710072
nan,nan,nan,nan,nan,nan,nan,nan,1.4750098,-46.582779,-0.18688481,-41.645874,-6005.4233,nan,-59.791122
nan,nan,nan,nan,nan,nan,nan,nan,1.4566933,-46.582779,-0.18697931,-41.639469,-5931.6255,nan,-59.871025
nan,nan,nan,nan,nan,nan,nan,nan,1.4383675,-46.582779,-0.18707262,-41.633465,-5857.791,nan,-59.949776
nan,nan,nan,nan,nan,nan,nan,nan,1.4200326,-46.582779,-0.18716475,-41.627869,-5783.9194,nan,-60.027363
nan,nan,nan,nan,nan,nan,nan,nan,1.4016888,-46.582779,-0.1872557,-41.622673,-5710.0122,nan,-60.103767
nan,nan,nan,nan,nan,nan,nan,nan,1.3833361,-46.582779,-0.18734546,-41.617889,-5636.0688,nan,-60.178989
nan,nan,nan,nan,nan,nan,nan,nan,1.3649747,-46.582779,-0.18743405,-41.613518,-5562.0908,nan,-60.253014
nan,nan,nan,nan,nan,nan,nan,nan,1.3466047,-46.582779,-0.18752144,-41.609562,-5488.0776,nan,-60.325829
nan,nan,nan,nan,nan,nan,nan,nan,1.3282261,-46.582779,-0.18760766,-41.606022,-5414.0303,nan,-60.397427
nan,nan,nan,nan,nan,nan,nan,nan,1.3098392,-46.582779,-0.1876927,-41.602901,-5339.9492,nan,-60.467796
nan,nan,nan,nan,nan,nan,nan,nan,1.2914439,-46.582779,-0.18777654,-41.600201,-5265.835,nan,-60.53693
nan,nan,nan,nan,nan,nan,nan,nan,1.2730407,-46.582779,-0.18785919,-41.597927,-5191.6875,nan,-60.604813
nan,nan,nan,nan,nan,nan,nan,nan,1.2546293,-46.582779,-0.18794067,-41.596073,-5117.5078,nan,-60.67144
nan,nan,nan,nan,nan,nan,nan,nan,1.2362099,-46.582779,-0.18802096,-41.594646,-5043.2964,nan,-60.736797
nan,nan,nan,nan,nan,nan,nan,nan,1.2177827,-46.582779,-0.18810005,-41.593651,-4969.0532,nan,-60.80088
nan,nan,nan,nan,nan,nan,nan,nan,1.199348,-46.582779,-0.18817796,-41.593079,-4894.7788,nan,-60.863678
nan,nan,nan,nan,nan,nan,nan,nan,1.1809056,-46.582779,-0.18825468,-41.592941,-4820.4746,nan,-60.925175
nan,nan,nan,nan,nan,nan,nan,nan,1.1624557,-46.582779,-0.18833022,-41.593231,-4746.1396,nan,-60.985371
nan,nan,nan,nan,nan,nan,nan,nan,1.1439985,-46.582779,-0.18840456,-41.593956,-4671.7754,nan,-61.044247
nan,nan,nan,nan,nan,nan,nan,nan,1.1255341,-46.582779,-0.18847771,-41.595112,-4597.3823,nan,-61.101803
nan,nan,nan,nan,nan,nan,nan,nan,1.1070625,-46.582779,-0.18854967,-41.596699,-4522.96,nan,-61.158024
nan,nan,nan,nan,nan,nan,nan,nan,1.0885839,-46.582779,-0.18862043,-41.598721,-4448.5098,nan,-61.212906
nan,nan,nan,nan,nan,nan,nan,nan,1.0700985,-46.582779,-0.18869002,-41.601173,-4374.0322,nan,-61.266434
nan,nan,nan,nan,nan,nan,nan,nan,1.0516064,-46.582779,-0.1887584,-41.604061,-4299.5269,nan,-61.318604
nan,nan,nan,nan,nan,nan,nan,nan,1.0331075,-46.582779,-0.18882559,-41.60738,-4224.9951,nan,-61.369408
nan,nan,nan,nan,nan,nan,nan,nan,1.0146022,-46.582779,-0.1888916,-41.611134,-4150.437,nan,-61.418831
nan,nan,nan,nan,nan,nan,nan,nan,0.99609047,-46.582779,-0.18895641,-41.615314,-4075.8528,nan,-61.466869
nan,nan,nan,nan,nan,nan,nan,nan,0.97757244,-46.582779,-0.18902002,-41.61993,-4001.2434,nan,-61.513515
nan,nan,nan,nan,nan,nan,nan,nan,0.95904821,-46.582779,-0.18908244,-41.624973,-3926.6091,nan,-61.558762
nan,nan,nan,nan,nan,nan,nan,nan,0.9405179,-46.582779,-0.18914367,-41.630447,-3851.9507,nan,-61.602596
nan,nan,nan,nan,nan,nan,nan,nan,0.92198169,-46.582779,-0.18920371,-41.636349,-3777.2681,nan,-61.645016
nan,nan,nan,nan,nan,nan,nan,nan,0.90343964,-46.582779,-0.18926254,-41.642677,-3702.562,nan,-61.686008
nan,nan,nan,nan,nan,nan,nan,nan,0.88489193,-46.582779,-0.18932018,-41.649429,-3627.833,nan,-61.725567
nan,nan,nan,nan,nan,nan,nan,nan,0.86633861,-46.582779,-0.18937662,-41.656605,-3553.0813,nan,-61.763687
nan,nan,nan,nan,nan,nan,nan,nan,0.84777981,-46.582779,-0.18943188,-41.6642,-3478.3079,nan,-61.800358
nan,nan,nan,nan,nan,nan,nan,nan,0.82921565,-46.582779,-0.18948594,-41.672215,-3403.5127,nan,-61.835575
nan,nan,nan,nan,nan,nan,nan,nan,0.81064624,-46.582779,-0.18953879,-41.680649,-3328.6963,nan,-61.869328
nan,nan,nan,nan,nan,nan,nan,nan,0.7920717,-46.582779,-0.18959045,-41.689495,-3253.8594,nan,-61.901611
nan,nan,nan,nan,nan,nan,nan,nan,0.77349216,-46.582779,-0.18964091,-41.698753,-3179.0024,nan,-61.932419
nan,nan,nan,nan,nan,nan,nan,nan,0.75490779,-46.582779,-0.18969017,-41.70842,-3104.1255,nan,-61.961742
nan,nan,nan,nan,nan,nan,nan,nan,0.73631859,-46.582779,-0.18973824,-41.718494,-3029.2297,nan,-61.989578
nan,nan,nan,nan,nan,nan,nan,nan,0.71772474,-46.582779,-0.18978511,-41.72897,-2954.3149,nan,-62.015915
nan,nan,nan,nan,nan,nan,nan,nan,0.69912636,-46.582779,-0.18983077,-41.739849,-2879.3821,nan,-62.040752
nan,nan,nan,nan,nan,nan,nan,nan,0.68052363,-46.582779,-0.18987525,-41.751122,-2804.4312,nan,-62.064079
nan,nan,nan,nan,nan,nan,nan,nan,0.66191655,-46.582779,-0.18991852,-41.762791,-2729.4631,nan,-62.085888
nan,nan,nan,nan,nan,nan,nan,nan,0.64330524,-46.582779,-0.18996058,-41.774845,-2654.4783,nan,-62.106178
nan,nan,nan,nan,nan,nan,nan,nan,0.62468994,-46.582779,-0.19000146,-41.787289,-2579.4768,nan,-62.124943
nan,nan,nan,nan,nan,nan,nan,nan,0.6060707,-46.582779,-0.19004112,-41.80011,-2504.4597,nan,-62.142174
nan,nan,nan,nan,nan,nan,nan,nan,0.58744758,-46.582779,-0.19007958,-41.813313,-2429.427,nan,-62.157867
nan,nan,nan,nan,nan,nan,nan,nan,0.56882077,-46.582779,-0.19011685,-41.826885,-2354.3794,nan,-62.17202
nan,nan,nan,nan,nan,nan,nan,nan,0.55019039,-46.582779,-0.19015293,-41.840828,-2279.3174,nan,-62.18462
nan,nan,nan,nan,nan,nan,nan,nan,0.53155649,-46.582779,-0.1901878,-41.855133,-2204.2415,nan,-62.195671
nan,nan,nan,nan,nan,nan,nan,nan,0.51291925,-46.582779,-0.19022146,-41.869801,-2129.1519,nan,-62.205158
nan,nan,nan,nan,nan,nan,nan,nan,0.49427879,-46.582779,-0.19025393,-41.884819,-2054.0491,nan,-62.213085
nan,nan,nan,nan,nan,nan,nan,nan,0.47563517,-46.582779,-0.19028519,-41.900188,-1978.934,nan,-62.219444
nan,nan,nan,nan,nan,nan,nan,nan,0.45698857,-46.582779,-0.19031525,-41.915901,-1903.8066,nan,-62.224232
nan,nan,nan,nan,nan,nan,nan,nan,0.43833908,-46.582779,-0.19034411,-41.93195,-1828.6676,nan,-62.22744
nan,nan,nan,nan,nan,nan,nan,nan,0.41968682,-46.582779,-0.19037177,-41.948334,-1753.5176,nan,-62.229069
nan,nan,nan,nan,nan,nan,nan,nan,0.40103194,-46.582779,-0.19039822,-41.965046,-1678.3567,nan,-62.229115
nan,nan,nan,nan,nan,nan,nan,nan,0.3823745,-46.582779,-0.19042346,-41.982079,-1603.1858,nan,-62.22757
nan,nan,nan,nan,nan,nan,nan,nan,0.36371464,-46.582779,-0.19044751,-41.999424,-1528.005,nan,-62.224434
nan,nan,nan,nan,nan,nan,nan,nan,0.34505248,-46.582779,-0.19047035,-42.017082,-1452.8151,nan,-62.2197
nan,nan,nan,nan,nan,nan,nan,nan,0.32638815,-46.582779,-0.190492,-42.035038,-1377.6162,nan,-62.213367
nan,nan,nan,nan,nan,nan,nan,nan,0.30772173,-46.582779,-0.19051243,-42.053295,-1302.4092,nan,-62.205437
nan,nan,nan,nan,nan,nan,nan,nan,0.28905341,-46.582779,-0.19053167,-42.071838,-1227.1943,nan,-62.195896
nan,nan,nan,nan,nan,nan,nan,nan,0.27038324,-46.582779,-0.1905497,-42.090668,-1151.972,nan,-62.18475
nan,nan,nan,nan,nan,nan,nan,nan,0.25171137,-46.582779,-0.19056654,-42.109772,-1076.7429,nan,-62.171989
nan,nan,nan,nan,nan,nan,nan,nan,0.2330379,-46.582779,-0.19058216,-42.129147,-1001.5073,nan,-62.157619
nan,nan,nan,nan,nan,nan,nan,nan,0.21436296,-46.582779,-0.19059658,-42.148781,-926.26587,nan,-62.141628
nan,nan,nan,nan,nan,nan,nan,nan,0.19568667,-46.582779,-0.1906098,-42.168671,-851.01892,nan,-62.124023
nan,nan,nan,nan,nan,nan,nan,nan,0.17700915,-46.582779,-0.19062181,-42.188808,-775.76697,nan,-62.104797
nan,nan,nan,nan,nan,nan,nan,nan,0.1583305,-46.582779,-0.19063261,-42.209187,-700.51056,nan,-62.08395
nan,nan,nan,nan,nan,nan,nan,nan,0.13965087,-46.582779,-0.19064222,-42.229797,-625.25012,nan,-62.061478
nan,nan,nan,nan,nan,nan,nan,nan,0.12097033,-46.582779,-0.19065063,-42.250629,-549.98608,nan,-62.03738
nan,nan,nan,nan,nan,nan,nan,nan,0.10228904,-46.582779,-0.19065782,-42.271679,-474.71902,nan,-62.011654
nan,nan,nan,nan,nan,nan,nan,nan,0.083607107,-46.582779,-0.19066381,-42.292938,-399.44931,nan,-61.984303
nan,nan,nan,nan,nan,nan,nan,nan,0.064924642,-46.582779,-0.1906686,-42.314396,-324.17749,nan,-61.955322
nan,nan,nan,nan,nan,nan,nan,nan,0.046241764,-46.582779,-0.19067217,-42.336048,-248.90402,nan,-61.924709
nan,nan,nan,nan,nan,nan,nan,nan,0.027558595,-46.582779,-0.19067456,-42.357883,-173.62938,nan,-61.892467
nan,nan,nan,nan,nan,nan,nan,nan,0.0088752536,-46.582779,-0.19067574,-42.37989,-98.354027,nan,-61.858597
nan,nan,nan,nan,nan,nan,nan,nan,-0.0098081455,-46.582779,-0.19067571,-42.402065,-23.078449,nan,-61.82309
nan,nan,nan,nan,nan,nan,nan,nan,-0.028491482,-46.582779,-0.19067447,-42.4244,52.196877,nan,-61.785954
nan,nan,nan,nan,nan,nan,nan,nan,-0.047174636,-46.582779,-0.19067203,-42.44688,127.47148,nan,-61.747185
nan,nan,nan,nan,nan,nan,nan,nan,-0.0658575,-46.582779,-0.19066839,-42.469501,202.74489,nan,-61.706787
nan,nan,nan,nan,nan,nan,nan,nan,-0.084539942,-46.582779,-0.19066355,-42.492252,278.0166,nan,-61.664757
nan,nan,nan,nan,nan,nan,nan,nan,-0.10322185,-46.582779,-0.19065748,-42.515129,353.28619,nan,-61.621094
nan,nan,nan,nan,nan,nan,nan,nan,-0.12190311,-46.582779,-0.19065022,-42.538113,428.55313,nan,-61.575802
nan,nan,nan,nan,nan,nan,nan,nan,-0.14058359,-46.582779,-0.19064178,-42.561199,503.81699,nan,-61.528881
nan,nan,nan,nan,nan,nan,nan,nan,-0.15926319,-46.582779,-0.1906321,-42.584381,579.07727,nan,-61.480331
nan,nan,nan,nan,nan,nan,nan,nan,-0.17794178,-46.582779,-0.19062124,-42.607647,654.3335,nan,-61.430157
nan,nan,nan,nan,nan,nan,nan,nan,-0.19661926,-46.582779,-0.19060917,-42.630985,729.58514,nan,-61.378353
nan,nan,nan,nan,nan,nan,nan,nan,-0.21529548,-46.582779,-0.1905959,-42.654388,804.83185,nan,-61.324928
nan,nan,nan,nan,nan,nan,nan,nan,-0.23397034,-46.582779,-0.19058141,-42.677845,880.07306,nan,-61.269878
nan,nan,nan,nan,nan,nan,nan,nan,-0.25264373,-46.582779,-0.19056572,-42.701347,955.30835,nan,-61.213207
nan,nan,nan,nan,nan,nan,nan,nan,-0.27131554,-46.582779,-0.19054884,-42.72488,1030.5371,nan,-61.154919
nan,nan,nan,nan,nan,nan,nan,nan,-0.28998563,-46.582779,-0.19053075,-42.74844,1105.759,nan,-61.095013
nan,nan,nan,nan,nan,nan,nan,nan,-0.30865386,-46.582779,-0.19051145,-42.772015,1180.9736,nan,-61.033493
nan,nan,nan,nan,nan,nan,nan,nan,-0.32732016,-46.582779,-0.19049095,-42.795589,1256.1803,nan,-60.970364
nan,nan,nan,nan,nan,nan,nan,nan,-0.3459844,-46.582779,-0.19046925,-42.81916,1331.3787,nan,-60.905624
nan,nan,nan,nan,nan,nan,nan,nan,-0.36464643,-46.582779,-0.19044635,-42.842712,1406.5682,nan,-60.839275
nan,nan,nan,nan,nan,nan,nan,nan,-0.38330618,-46.582779,-0.19042224,-42.866238,1481.7485,nan,-60.771328
nan,nan,nan,nan,nan,nan,nan,nan,-0.4019635,-46.582779,-0.19039692,-42.889725,1556.9189,nan,-60.701778
nan,nan,nan,nan,nan,nan,nan,nan,-0.4206183,-46.582779,-0.19037041,-42.913162,1632.0793,nan,-60.630634
nan,nan,nan,nan,nan,nan,nan,nan,-0.43927044,-46.582779,-0.19034269,-42.936539,1707.2289,nan,-60.557896
nan,nan,nan,nan,nan,nan,nan,nan,-0.45791978,-46.582779,-0.19031377,-42.959843,1782.3673,nan,-60.48357
nan,nan,nan,nan,nan,nan,nan,nan,-0.47656623,-46.582779,-0.19028366,-42.983067,1857.494,nan,-60.407658
nan,nan,nan,nan,nan,nan,nan,nan,-0.49520969,-46.582779,-0.19025233,-43.006199,1932.6086,nan,-60.330166
nan,nan,nan,nan,nan,nan,nan,nan,-0.51385003,-46.582779,-0.1902198,-43.029228,2007.7107,nan,-60.251095
nan,nan,nan,nan,nan,nan,nan,nan,-0.53248709,-46.582779,-0.19018608,-43.052143,2082.7996,nan,-60.170452
nan,nan,nan,nan,nan,nan,nan,nan,-0.55112082,-46.582779,-0.19015115,-43.074932,2157.875,nan,-60.088242
nan,nan,nan,nan,nan,nan,nan,nan,-0.56975102,-46.582779,-0.19011502,-43.097584,2232.9363,nan,-60.004467
nan,nan,nan,nan,nan,nan,nan,nan,-0.58837765,-46.582779,-0.19007769,-43.120087,2307.9832,nan,-59.919136
nan,nan,nan,nan,nan,nan,nan,nan,-0.60700059,-46.582779,-0.19003917,-43.142429,2383.0151,nan,-59.832253
nan,nan,nan,nan,nan,nan,nan,nan,-0.62561965,-46.582779,-0.18999943,-43.164604,2458.0315,nan,-59.74382
nan,nan,nan,nan,nan,nan,nan,nan,-0.64423478,-46.582779,-0.18995851,-43.186596,2533.0322,nan,-59.653843
nan,nan,nan,nan,nan,nan,nan,nan,-0.66284585,-46.582779,-0.18991637,-43.208393,2608.0164,nan,-59.562332
nan,nan,nan,nan,nan,nan,nan,nan,-0.68145275,-46.582779,-0.18987305,-43.229988,2682.9836,nan,-59.469288
nan,nan,nan,nan,nan,nan,nan,nan,-0.7000553,-46.582779,-0.18982852,-43.251369,2757.9333,nan,-59.374722
nan,nan,nan,nan,nan,nan,nan,nan,-0.71865344,-46.582779,-0.1897828,-43.272518,2832.8655,nan,-59.278633
nan,nan,nan,nan,nan,nan,nan,nan,-0.73724705,-46.582779,-0.18973586,-43.29343,2907.7793,nan,-59.18103
nan,nan,nan,nan,nan,nan,nan,nan,-0.75583601,-46.582779,-0.18968774,-43.314095,2982.6746,nan,-59.081921
nan,nan,nan,nan,nan,nan,nan,nan,-0.7744202,-46.582779,-0.18963842,-43.334496,3057.5503,nan,-58.981312
nan,nan,nan,nan,nan,nan,nan,nan,-0.79299951,-46.582779,-0.18958789,-43.354622,3132.4065,nan,-58.879211
nan,nan,nan,nan,nan,nan,nan,nan,-0.81157374,-46.582779,-0.18953618,-43.374462,3207.2424,nan,-58.775623
nan,nan,nan,nan,nan,nan,nan,nan,-0.83014292,-46.582779,-0.18948326,-43.394009,3282.0576,nan,-58.670555
nan,nan,nan,nan,nan,nan,nan,nan,-0.84870684,-46.582779,-0.18942915,-43.413246,3356.8518,nan,-58.564011
nan,nan,nan,nan,nan,nan,nan,nan,-0.86726534,-46.582779,-0.18937384,-43.432163,3431.6243,nan,-58.456005
nan,nan,nan,nan,nan,nan,nan,nan,-0.88581842,-46.582779,-0.18931733,-43.450752,3506.3748,nan,-58.346539
nan,nan,nan,nan,nan,nan,nan,nan,-0.9043659,-46.582779,-0.18925963,-43.468994,3581.1028,nan,-58.235626
nan,nan,nan,nan,nan,nan,nan,nan,-0.92290765,-46.582779,-0.18920073,-43.486885,3655.8076,nan,-58.123268
nan,nan,nan,nan,nan,nan,nan,nan,-0.94144362,-46.582779,-0.18914065,-43.50441,3730.489,nan,-58.009472
nan,nan,nan,nan,nan,nan,nan,nan,-0.95997357,-46.582779,-0.18907936,-43.521557,3805.1465,nan,-57.894253
nan,nan,nan,nan,nan,nan,nan,nan,-0.97849751,-46.582779,-0.18901688,-43.538315,3879.7795,nan,-57.777615
nan,nan,nan,nan,nan,nan,nan,nan,-0.99701524,-46.582779,-0.18895321,-43.554672,3954.3877,nan,-57.659565
nan,nan,nan,nan,nan,nan,nan,nan,-1.0155267,-46.582779,-0.18888833,-43.570614,4028.9705,nan,-57.540115
nan,nan,nan,nan,nan,nan,nan,nan,-1.0340317,-46.582779,-0.18882227,-43.586136,4103.5273,nan,-57.419273
nan,nan,nan,nan,nan,nan,nan,nan,-1.0525303,-46.582779,-0.18875502,-43.601223,4178.0581,nan,-57.297043
nan,nan,nan,nan,nan,nan,nan,nan,-1.071022,-46.582779,-0.18868656,-43.615864,4252.562,nan,-57.173439
nan,nan,nan,nan,nan,nan,nan,nan,-1.0895072,-46.582779,-0.18861693,-43.630043,4327.0386,nan,-57.04847
nan,nan,nan,nan,nan,nan,nan,nan,-1.1079854,-46.582779,-0.18854611,-43.643757,4401.4873,nan,-56.922142
nan,nan,nan,nan,nan,nan,nan,nan,-1.1264566,-46.582779,-0.18847409,-43.65699,4475.9082,nan,-56.794464
nan,nan,nan,nan,nan,nan,nan,nan,-1.1449207,-46.582779,-0.18840086,-43.669727,4550.2998,nan,-56.665451
nan,nan,nan,nan,nan,nan,nan,nan,-1.1633775,-46.582779,-0.18832646,-43.681965,4624.6626,nan,-56.535107
nan,nan,nan,nan,nan,nan,nan,nan,-1.1818271,-46.582779,-0.18825088,-43.693684,4698.9961,nan,-56.403442
nan,nan,nan,nan,nan,nan,nan,nan,-1.2002691,-46.582779,-0.1881741,-43.70488,4773.2993,nan,-56.27047
nan,nan,nan,nan,nan,nan,nan,nan,-1.2187035,-46.582779,-0.18809614,-43.715538,4847.5718,nan,-56.136196
nan,nan,nan,nan,nan,nan,nan,nan,-1.2371303,-46.582779,-0.18801698,-43.725647,4921.8135,nan,-56.000633
nan,nan,nan,nan,nan,nan,nan,nan,-1.2555493,-46.582779,-0.18793663,-43.735195,4996.0234,nan,-55.863792
nan,nan,nan,nan,nan,nan,nan,nan,-1.2739602,-46.582779,-0.18785509,-43.744175,5070.2017,nan,-55.725677
nan,nan,nan,nan,nan,nan,nan,nan,-1.2923633,-46.582779,-0.18777238,-43.752571,5144.3477,nan,-55.586308
nan,nan,nan,nan,nan,nan,nan,nan,-1.3107581,-46.582779,-0.18768847,-43.760376,5218.4604,nan,-55.44569
nan,nan,nan,nan,nan,nan,nan,nan,-1.3291446,-46.582779,-0.18760338,-43.767578,5292.54,nan,-55.303833
nan,nan,nan,nan,nan,nan,nan,nan,-1.3475227,-46.582779,-0.18751711,-43.774162,5366.5854,nan,-55.160751
nan,nan,nan,nan,nan,nan,nan,nan,-1.3658924,-46.582779,-0.18742965,-43.780125,5440.5967,nan,-55.016453
nan,nan,nan,nan,nan,nan,nan,nan,-1.3842534,-46.582779,-0.187341,-43.78545,5514.5732,nan,-54.870949
nan,nan,nan,nan,nan,nan,nan,nan,-1.4026057,-46.582779,-0.18725118,-43.790131,5588.5146,nan,-54.724251
nan,nan,nan,nan,nan,nan,nan,nan,-1.420949,-46.582779,-0.18716018,-43.794151,5662.4204,nan,-54.57637
nan,nan,nan,nan,nan,nan,nan,nan,-1.4392834,-46.582779,-0.18706799,-43.797508,5736.29,nan,-54.427319
nan,nan,nan,nan,nan,nan,nan,nan,-1.4576087,-46.582779,-0.18697461,-43.800182,5810.123,nan,-54.277107
nan,nan,nan,nan,nan,nan,nan,nan,-1.4759248,-46.582779,-0.18688005,-43.802174,5883.9189,nan,-54.125748
nan,nan,nan,nan,nan,nan,nan,nan,-1.4942317,-46.582779,-0.18678433,-43.803463,5957.6772,nan,-53.973251
nan,nan,nan,nan,nan,nan,nan,nan,-1.512529,-46.582779,-0.18668741,-43.804043,6031.3975,nan,-53.81963
nan,nan,nan,nan,nan,nan,nan,nan,-1.5308168,-46.582779,-0.18658932,-43.803905,6105.0791,nan,-53.664894
nan,nan,nan,nan,nan,nan,nan,nan,-1.5490949,-46.582779,-0.18649004,-43.80304,6178.7217,nan,-53.50906
nan,nan,nan,nan,nan,nan,nan,nan,-1.5673633,-46.582779,-0.1863896,-43.801434,6252.3252,nan,-53.352135
nan,nan,nan,nan,nan,nan,nan,nan,-1.5856217,-46.582779,-0.18628797,-43.79908,6325.8887,nan,-53.194134
nan,nan,nan,nan,nan,nan,nan,nan,-1.6038702,-46.582779,-0.18618517,-43.795967,6399.4116,nan,-53.035069
nan,nan,nan,nan,nan,nan,nan,nan,-1.6221085,-46.582779,-0.18608119,-43.792088,6472.894,nan,-52.874947
nan,nan,nan,nan,nan,nan,nan,nan,-1.6403365,-46.582779,-0.18597603,-43.78743,6546.335,nan,-52.713791
nan,nan,nan,nan,nan,nan,nan,nan,-1.6585543,-46.582779,-0.18586969,-43.781986,6619.7344,nan,-52.551605
nan,nan,nan,nan,nan,nan,nan,nan,-1.6767615,-46.582779,-0.1857622,-43.775745,6693.0913,nan,-52.388401
nan,nan,nan,nan,nan,nan,nan,nan,-1.6949581,-46.582779,-0.18565351,-43.768696,6766.4058,nan,-52.224197
nan,nan,nan,nan,nan,nan,nan,nan,-1.7131441,-46.582779,-0.18554367,-43.760838,6839.6768,nan,-52.059006
nan,nan,nan,nan,nan,nan,nan,nan,-1.7313192,-46.582779,-0.18543264,-43.752151,6912.9048,nan,-51.892834
nan,nan,nan,nan,nan,nan,nan,nan,-1.7494833,-46.582779,-0.18532045,-43.742634,6986.0884,nan,-51.7257
nan,nan,nan,nan,nan,nan,nan,nan,-1.7676364,-46.582779,-0.18520708,-43.732273,7059.2271,nan,-51.557617
nan,nan,nan,nan,nan,nan,nan,nan,-1.7857784,-46.582779,-0.18509255,-43.721066,7132.3213,nan,-51.388592
nan,nan,nan,nan,nan,nan,nan,nan,-1.8039091,-46.582779,-0.18497685,-43.709,7205.3701,nan,-51.218643
nan,nan,nan,nan,nan,nan,nan,nan,-1.8220283,-46.582779,-0.18485998,-43.696064,7278.3726,nan,-51.047783
nan,nan,nan,nan,nan,nan,nan,nan,-1.8401361,-46.582779,-0.18474194,-43.682255,7351.3291,nan,-50.876026
nan,nan,nan,nan,nan,nan,nan,nan,-1.8582323,-46.582779,-0.18462273,-43.667561,7424.2388,nan,-50.703381
nan,nan,nan,nan,nan,nan,nan,nan,-1.8763167,-46.582779,-0.18450236,-43.651978,7497.1011,nan,-50.529865
nan,nan,nan,nan,nan,nan,nan,nan,-1.8943892,-46.582779,-0.18438081,-43.63549,7569.9155,nan,-50.355488
nan,nan,nan,nan,nan,nan,nan,nan,-1.9124498,-46.582779,-0.18425812,-43.618099,7642.6816,nan,-50.180267
nan,nan,nan,nan,nan,nan,nan,nan,-1.9304982,-46.582779,-0.18413426,-43.599792,7715.3994,nan,-50.004215
nan,nan,nan,nan,nan,nan,nan,nan,-1.9485346,-46.582779,-0.18400922,-43.580563,7788.0679,nan,-49.827343
nan,nan,nan,nan,nan,nan,nan,nan,-1.9665586,-46.582779,-0.18388303,-43.560402,7860.6865,nan,-49.64967
nan,nan,nan,nan,nan,nan,nan,nan,-1.9845703,-46.582779,-0.18375568,-43.539307,7933.2554,nan,-49.471203
nan,nan,nan,nan,nan,nan,nan,nan,-2.0025692,-46.582779,-0.18362716,-43.517265,8005.7739,nan,-49.291958
nan,nan,nan,nan,nan,nan,nan,nan,-2.0205557,-46.582779,-0.18349749,-43.494274,8078.2412,nan,-49.11195
nan,nan,nan,nan,nan,nan,nan,nan,-2.0385294,-46.582779,-0.18336666,-43.470322,8150.6572,nan,-48.931194
nan,nan,nan,nan,nan,nan,nan,nan,-2.0564902,-46.582779,-0.18323466,-43.445408,8223.0215,nan,-48.749702
nan,nan,nan,nan,nan,nan,nan,nan,-2.0744379,-46.582779,-0.18310152,-43.419518,8295.333,nan,-48.567486
nan,nan,nan,nan,nan,nan,nan,nan,-2.0923724,-46.582779,-0.18296722,-43.392654,8367.5918,nan,-48.38456
nan,nan,nan,nan,nan,nan,nan,nan,-2.1102939,-46.582779,-0.18283175,-43.364803,8439.7979,nan,-48.200943
nan,nan,nan,nan,nan,nan,nan,nan,-2.1282022,-46.582779,-0.18269514,-43.335964,8511.9492,nan,-48.016644
nan,nan,nan,nan,nan,nan,nan,nan,-2.1460967,-46.582779,-0.18255737,-43.306126,8584.0469,nan,-47.831676
nan,nan,nan,nan,nan,nan,nan,nan,-2.1639779,-46.582779,-0.18241845,-43.275288,8656.0908,nan,-47.646061
nan,nan,nan,nan,nan,nan,nan,nan,-2.1818454,-46.582779,-0.18227836,-43.243443,8728.0791,nan,-47.459805
nan,nan,nan,nan,nan,nan,nan,nan,-2.1996989,-46.582779,-0.18213715,-43.210579,8800.0117,nan,-47.272923
nan,nan,nan,nan,nan,nan,nan,nan,-2.2175388,-46.582779,-0.18199477,-43.176701,8871.8877,nan,-47.08543
nan,nan,nan,nan,nan,nan,nan,nan,-2.2353647,-46.582779,-0.18185124,-43.1418,8943.708,nan,-46.897343
nan,nan,nan,nan,nan,nan,nan,nan,-2.2531762,-46.582779,-0.18170656,-43.105865,9015.4717,nan,-46.708672
nan,nan,nan,nan,nan,nan,nan,nan,-2.2709737,-46.582779,-0.18156074,-43.068901,9087.1777,nan,-46.519432
nan,nan,nan,nan,nan,nan,nan,nan,-2.2887566,-46.582779,-0.18141377,-43.030895,9158.8252,nan,-46.329639
nan,nan,nan,nan,nan,nan,nan,nan,-2.3065252,-46.582779,-0.18126567,-42.991844,9230.415,nan,-46.139305
nan,nan,nan,nan,nan,nan,nan,nan,-2.3242793,-46.582779,-0.1811164,-42.951752,9301.9463,nan,-45.948444
