entree,ChampB,ChampBdes,ChampH2,derivChampB,derivChampBdes,timeC,ih,v2_for_integration,ChampH23,ChampB_brut,ChampH2_brut,derivChampB_brut,ih_probe,ChampH2_probe_brut
3.0581653,-0.0002697132,0,14.679197,30764.016,31415.893,0,-0.34247318,-2.3214781,-63.175274,-0.18693018,-55.77689,9296.6396,-0.21900083,-49.148457
3.0581806,0.0002234368,0.00050265429,14.764037,30763.941,31415.893,1.6e-08,-0.34089637,-2.3397901,-62.884407,-0.18677993,-55.539894,9370.418,-0.21830042,-48.940876
3.0581923,0.00071654504,0.0010053054,14.848807,30763.674,31415.695,3.2e-08,-0.33923635,-2.3580871,-62.578186,-0.18662851,-55.302284,9444.1377,-0.21702322,-48.732731
3.0581999,0.0012096893,0.0015079501,14.933509,30763.211,31415.299,4.8e-08,-0.33864909,-2.3763695,-62.46986,-0.1864759,-55.064079,9517.7969,-0.21550035,-48.524033
3.0582027,0.0017027858,0.0020105855,15.018144,30762.553,31414.703,6.4e-08,-0.33713859,-2.3946366,-62.191219,-0.18632214,-54.825294,9591.3955,-0.21519059,-48.3148
3.0582008,0.0021959119,0.002513208,15.102712,30761.701,31413.908,8e-08,-0.3357144,-2.4128885,-61.928497,-0.18616718,-54.585957,9664.9326,-0.21289712,-48.105053
3.0581932,0.0026889842,0.0030158146,15.187214,30760.654,31412.916,9.6e-08,-0.33463699,-2.4311254,-61.729755,-0.18601105,-54.346077,9738.4092,-0.21204413,-47.894802
3.0581801,0.0031820796,0.0035184023,15.271652,30759.412,31411.727,1.12e-07,-0.33300626,-2.449347,-61.428936,-0.18585373,-54.105675,9811.8232,-0.21046327,-47.684063
3.0581605,0.0036751153,0.0040209675,15.356028,30757.975,31410.338,1.28e-07,-0.33127534,-2.4675529,-61.109634,-0.18569525,-53.864773,9885.1758,-0.20980254,-47.472858
3.0581346,0.0041681677,0.0045235078,15.440341,30756.344,31408.75,1.44e-07,-0.3303459,-2.4857433,-60.938187,-0.18553559,-53.623383,9958.4648,-0.20829798,-47.261196
3.0581012,0.004661154,0.0050260192,15.524592,30754.52,31406.965,1.6e-07,-0.32915291,-2.5039179,-60.718117,-0.18537477,-53.381531,10031.691,-0.20713675,-47.049095
3.0580604,0.005154151,0.0055284989,15.608785,30752.498,31404.98,1.76e-07,-0.32739425,-2.5220768,-60.3937,-0.18521278,-53.139229,10104.854,-0.20567492,-46.836575
3.0580118,0.0056470758,0.0060309432,15.692918,30750.283,31402.797,1.92e-07,-0.32691026,-2.5402198,-60.30442,-0.18504961,-52.896496,10177.951,-0.20525682,-46.623646
3.0579543,0.0061400044,0.0065333499,15.776994,30747.875,31400.416,2.08e-07,-0.32488033,-2.5583467,-59.929962,-0.18488526,-52.653355,10250.985,-0.20315866,-46.410328
3.0578883,0.0066328552,0.0070357155,15.861013,30745.27,31397.838,2.24e-07,-0.32344842,-2.5764575,-59.665821,-0.18471976,-52.409821,10323.953,-0.20222481,-46.19664
3.0578125,0.0071257036,0.0075380364,15.944978,30742.473,31395.059,2.4e-07,-0.32224771,-2.594552,-59.444332,-0.18455309,-52.165909,10396.856,-0.20149846,-45.98259
3.0577271,0.0076184678,0.0080403099,16.028889,30739.479,31392.084,2.56e-07,-0.32069868,-2.6126301,-59.158581,-0.18438525,-51.921642,10469.693,-0.19995575,-45.768196
3.057631,0.0081112236,0.0085425321,16.112745,30736.291,31388.91,2.72e-07,-0.31977233,-2.6306918,-58.987701,-0.18421625,-51.67704,10542.463,-0.19918211,-45.553478
3.0575244,0.0086038886,0.0090447012,16.196552,30732.908,31385.537,2.88e-07,-0.31844214,-2.6487367,-58.742325,-0.18404607,-51.432114,10615.167,-0.19815211,-45.338448
3.0574062,0.0090965386,0.0095468126,16.28031,30729.332,31381.967,3.04e-07,-0.31694397,-2.666765,-58.465961,-0.18387476,-51.186886,10687.803,-0.19668263,-45.123123
3.0572762,0.0095890928,0.010048863,16.364016,30725.561,31378.197,3.2e-07,-0.31493714,-2.6847763,-58.095764,-0.18370226,-50.941376,10760.371,-0.19455855,-44.90752
3.0571342,0.010081625,0.010550851,16.447676,30721.596,31374.23,3.36e-07,-0.31345591,-2.7027707,-57.822529,-0.1835286,-50.695595,10832.87,-0.19408704,-44.691654
3.0569789,0.010574055,0.011052772,16.53129,30717.436,31370.064,3.52e-07,-0.31281471,-2.7207482,-57.704247,-0.1833538,-50.44957,10905.302,-0.1936491,-44.475536
3.0568106,0.011066456,0.011554623,16.614859,30713.08,31365.701,3.68e-07,-0.31078479,-2.7387083,-57.329788,-0.18317783,-50.203312,10977.663,-0.19168371,-44.25919
3.0566287,0.011558751,0.012056401,16.698385,30708.531,31361.141,3.84e-07,-0.30971509,-2.7566512,-57.132465,-0.1830007,-49.956841,11049.955,-0.19010133,-44.042625
3.0564322,0.01205101,0.012558104,16.781868,30703.789,31356.381,4e-07,-0.30872709,-2.7745767,-56.950211,-0.18282242,-49.710175,11122.177,-0.18958709,-43.825859
3.0562212,0.012543155,0.013059726,16.865311,30698.852,31351.422,4.16e-07,-0.30719808,-2.7924845,-56.668159,-0.18264298,-49.463333,11194.328,-0.18825495,-43.60891
3.0559952,0.013035259,0.013561266,16.948713,30693.721,31346.268,4.32e-07,-0.3057338,-2.810375,-56.398048,-0.18246238,-49.216328,11266.408,-0.18666494,-43.391785
3.0557532,0.013527242,0.014062721,17.03208,30688.395,31340.912,4.48e-07,-0.30469033,-2.8282473,-56.205559,-0.18228064,-48.969181,11338.417,-0.18541521,-43.174507
3.0554953,0.014019179,0.014564087,17.115408,30682.873,31335.361,4.64e-07,-0.30332315,-2.846102,-55.953358,-0.18209775,-48.721909,11410.354,-0.18432112,-42.957088
3.0552206,0.01451099,0.015065361,17.198702,30677.16,31329.611,4.8e-07,-0.30176795,-2.8639388,-55.666473,-0.1819137,-48.474529,11482.218,-0.18369853,-42.739548
3.054929,0.015002746,0.015566539,17.281961,30671.25,31323.664,4.96e-07,-0.30061966,-2.8817575,-55.454647,-0.1817285,-48.227058,11554.01,-0.1816126,-42.521893
3.05462,0.015494371,0.016067619,17.365189,30665.148,31317.52,5.12e-07,-0.2990706,-2.8995578,-55.1689,-0.18154216,-47.979515,11625.728,-0.18134403,-42.304146
3.0542929,0.015985934,0.016568597,17.448387,30658.852,31311.176,5.28e-07,-0.29806873,-2.91734,-54.984085,-0.18135467,-47.731915,11697.372,-0.18016145,-42.086319
3.0539474,0.016477361,0.017069472,17.531555,30652.361,31304.635,5.44e-07,-0.29671851,-2.9351037,-54.735016,-0.18116604,-47.484272,11768.941,-0.17824641,-41.868427
3.0535834,0.01696872,0.017570239,17.614695,30645.676,31297.896,5.6e-07,-0.29458377,-2.9528487,-54.341221,-0.18097626,-47.23661,11840.437,-0.17771997,-41.650486
3.0532,0.017459935,0.018070893,17.697807,30638.799,31290.959,5.76e-07,-0.2939626,-2.9705753,-54.226639,-0.18078533,-46.988941,11911.857,-0.17655873,-41.432507
3.0527971,0.017951077,0.018571435,17.780897,30631.725,31283.824,5.92e-07,-0.29235962,-2.9882829,-53.930939,-0.18059327,-46.74128,11983.201,-0.17525254,-41.214508
3.0523741,0.018442068,0.019071858,17.863962,30624.459,31276.494,6.08e-07,-0.29085219,-3.0059717,-53.652866,-0.18040006,-46.493649,12054.47,-0.17396924,-40.996506
3.0519309,0.01893298,0.019572163,17.947006,30617,31268.965,6.24e-07,-0.28988576,-3.0236416,-53.474594,-0.1802057,-46.246063,12125.662,-0.172396,-40.778511
3.0514667,0.019423736,0.020072343,18.030029,30609.346,31261.236,6.4e-07,-0.28829357,-3.0412924,-53.180882,-0.18001023,-45.998535,12196.777,-0.17225562,-40.560535
3.0509815,0.019914407,0.020572394,18.113033,30601.498,31253.312,6.56e-07,-0.2873148,-3.058924,-53.000336,-0.17981359,-45.751083,12267.814,-0.16973785,-40.342602
3.0504749,0.020404914,0.021072319,18.19602,30593.457,31245.191,6.72e-07,-0.28546211,-3.0765362,-52.658573,-0.17961584,-45.503727,12338.774,-0.16883449,-40.124718
3.0499463,0.02089533,0.021572107,18.27899,30585.221,31236.873,6.88e-07,-0.28398708,-3.0941288,-52.386471,-0.17941695,-45.256477,12409.656,-0.16827601,-39.906898
3.0493956,0.021385578,0.022071762,18.361946,30576.793,31228.355,7.04e-07,-0.28254128,-3.1117022,-52.119774,-0.17921692,-45.00935,12480.459,-0.16653799,-39.689159
3.0488224,0.021875726,0.022571275,18.444891,30568.172,31219.643,7.2e-07,-0.28137296,-3.1292558,-51.904251,-0.17901576,-44.762367,12551.183,-0.16582996,-39.471512
3.0482266,0.0223657,0.023070646,18.527822,30559.355,31210.732,7.36e-07,-0.27981311,-3.1467896,-51.616512,-0.17881347,-44.515537,12621.826,-0.16441084,-39.253975
3.0476077,0.022855571,0.023569873,18.610744,30550.348,31201.623,7.52e-07,-0.27904552,-3.1643035,-51.474918,-0.17861006,-44.268883,12692.39,-0.16331217,-39.036556
3.0469651,0.02334526,0.02406895,18.693659,30541.145,31192.318,7.68e-07,-0.27797738,-3.1817975,-51.277878,-0.17840551,-44.022411,12762.873,-0.16192053,-38.819275
3.0462992,0.023834838,0.024567876,18.776566,30531.75,31182.816,7.84e-07,-0.27640828,-3.1992712,-50.988434,-0.17819983,-43.776146,12833.275,-0.16046022,-38.602142
3.0456095,0.024324231,0.025066646,18.859467,30522.162,31173.117,8e-07,-0.27433211,-3.2167249,-50.605446,-0.17799303,-43.530098,12903.597,-0.15957366,-38.38517
3.0448954,0.024813503,0.025565257,18.942364,30512.379,31163.223,8.16e-07,-0.27337033,-3.2341583,-50.428024,-0.1777851,-43.284283,12973.836,-0.15874051,-38.168373
3.044157,0.025302585,0.026063707,19.025259,30502.404,31153.129,8.32e-07,-0.27237925,-3.2515712,-50.245201,-0.17757605,-43.038715,13043.992,-0.15662709,-37.951763
3.0433941,0.025791543,0.026561992,19.108154,30492.236,31142.84,8.48e-07,-0.2708672,-3.2689636,-49.966278,-0.17736588,-42.793411,13114.066,-0.15611133,-37.735355
3.0426064,0.026280303,0.02706011,19.191048,30481.875,31132.354,8.64e-07,-0.27019209,-3.2863352,-49.84174,-0.1771546,-42.548386,13184.057,-0.15426496,-37.519165
3.0417938,0.026768932,0.027558057,19.273945,30471.322,31121.67,8.8e-07,-0.268455,-3.3036861,-49.521305,-0.17694218,-42.30365,13253.964,-0.15321361,-37.3032
3.040956,0.027257357,0.028055828,19.356844,30460.576,31110.791,8.96e-07,-0.2665545,-3.3210163,-49.170727,-0.17672865,-42.059223,13323.787,-0.15251778,-37.087475
3.0400929,0.027745644,0.028553424,19.439751,30449.637,31099.715,9.12e-07,-0.26584396,-3.3383255,-49.039654,-0.17651401,-41.815117,13393.525,-0.15060274,-36.872005
3.0392044,0.028233722,0.02905084,19.522661,30438.504,31088.443,9.28e-07,-0.26442438,-3.3556135,-48.777786,-0.17629825,-41.571346,13463.18,-0.15032807,-36.656799
3.0382903,0.028721657,0.029548071,19.605579,30427.18,31076.975,9.44e-07,-0.26331154,-3.3728802,-48.572502,-0.17608137,-41.327923,13532.747,-0.14931333,-36.441872
3.0373502,0.029209375,0.030045116,19.688509,30415.662,31065.309,9.6e-07,-0.26177484,-3.3901258,-48.289028,-0.1758634,-41.084866,13602.229,-0.14784539,-36.227234
3.0363846,0.029696943,0.030541971,19.771448,30403.953,31053.447,9.76e-07,-0.26028281,-3.4073498,-48.013802,-0.17564429,-40.842182,13671.626,-0.14739829,-36.012897
3.035393,0.030184289,0.031038633,19.854399,30392.051,31041.391,9.92e-07,-0.25862435,-3.4245524,-47.707863,-0.17542408,-40.599892,13740.936,-0.14556719,-35.798878
3.0343754,0.030671481,0.0315351,19.937363,30379.957,31029.137,1.008e-06,-0.2578398,-3.4417334,-47.563141,-0.17520277,-40.358006,13810.157,-0.14390698,-35.585182
3.0333316,0.031158444,0.032031365,20.020344,30367.67,31016.688,1.024e-06,-0.25703984,-3.4588926,-47.415577,-0.17498036,-40.116535,13879.292,-0.1429899,-35.371826
3.0322618,0.031645242,0.032527432,20.103338,30355.191,31004.041,1.04e-06,-0.25529966,-3.4760299,-47.09457,-0.17475682,-39.875496,13948.339,-0.14224525,-35.158821
3.0311658,0.03213181,0.03302329,20.186352,30342.52,30991.199,1.056e-06,-0.25418991,-3.4931455,-46.889854,-0.17453219,-39.634903,14017.297,-0.14072695,-34.946178
3.0300436,0.032618206,0.03351894,20.269384,30329.656,30978.162,1.072e-06,-0.25276417,-3.5102386,-46.62685,-0.17430647,-39.394764,14086.166,-0.13974273,-34.73391
3.0288954,0.033104364,0.034014378,20.352436,30316.602,30964.93,1.088e-06,-0.25160044,-3.5273099,-46.412186,-0.17407963,-39.155094,14154.946,-0.13827021,-34.522022
3.0277207,0.033590347,0.034509603,20.435511,30303.355,30951.502,1.104e-06,-0.25051227,-3.5443587,-46.211449,-0.1738517,-38.915905,14223.636,-0.1375225,-34.310532
3.0265198,0.034076083,0.035004608,20.518608,30289.916,30937.879,1.12e-06,-0.2486904,-3.5613854,-45.875374,-0.17362265,-38.677212,14292.236,-0.13588823,-34.099449
3.0252926,0.034561642,0.035499394,20.60173,30276.285,30924.059,1.136e-06,-0.24774402,-3.5783892,-45.700798,-0.17339253,-38.439022,14360.745,-0.13415021,-33.888783
3.0240393,0.035046943,0.035993956,20.684875,30262.463,30910.045,1.152e-06,-0.24653561,-3.5953708,-45.477882,-0.1731613,-38.201355,14429.163,-0.13476668,-33.678543
3.0227599,0.035532061,0.036488287,20.768049,30248.451,30895.834,1.168e-06,-0.24470912,-3.6123295,-45.140957,-0.17292899,-37.964214,14497.49,-0.13287607,-33.468742
3.0214543,0.036016919,0.036982391,20.851252,30234.246,30881.43,1.184e-06,-0.24405405,-3.6292653,-45.020119,-0.17269558,-37.727619,14565.725,-0.13119449,-33.259396
3.0201225,0.036501583,0.03747626,20.934483,30219.85,30866.83,1.2e-06,-0.24307685,-3.6461782,-44.839855,-0.17246108,-37.491577,14633.867,-0.13081607,-33.050503
3.018765,0.036985982,0.037969891,21.017744,30205.262,30852.035,1.216e-06,-0.24156633,-3.6630681,-44.561214,-0.17222548,-37.2561,14701.917,-0.12994476,-32.842083
3.0173814,0.037470184,0.038463283,21.101036,30190.482,30837.045,1.232e-06,-0.23999263,-3.679935,-44.270916,-0.1719888,-37.021198,14769.873,-0.12851192,-32.634144
3.0159721,0.037954114,0.038956434,21.184362,30175.514,30821.859,1.248e-06,-0.23917572,-3.6967783,-44.12022,-0.17175104,-36.786884,14837.736,-0.12727745,-32.426697
3.0145371,0.03843784,0.039449338,21.267721,30160.354,30806.48,1.264e-06,-0.23713498,-3.7135985,-43.743771,-0.17151219,-36.553169,14905.505,-0.12668386,-32.219746
3.0130763,0.038921285,0.039941993,21.351116,30145.002,30790.906,1.28e-06,-0.23677278,-3.7303953,-43.676956,-0.17127225,-36.320065,14973.179,-0.12537462,-32.013306
3.01159,0.039404523,0.040434394,21.434546,30129.459,30775.139,1.296e-06,-0.2353162,-3.7471685,-43.408264,-0.17103122,-36.087578,15040.758,-0.12429426,-31.807383
3.0100784,0.039887477,0.040926542,21.518015,30113.727,30759.176,1.312e-06,-0.23393208,-3.7639179,-43.152939,-0.17078914,-35.855724,15108.242,-0.12326732,-31.60199
3.0085416,0.040370211,0.041418429,21.601521,30097.803,30743.018,1.328e-06,-0.23301961,-3.7806437,-42.984615,-0.17054595,-35.624508,15175.63,-0.12291482,-31.397135
3.0069795,0.040852658,0.041910056,21.685066,30081.689,30726.666,1.344e-06,-0.2312779,-3.7973454,-42.663326,-0.17030171,-35.393944,15242.922,-0.12151555,-31.192825
3.0053926,0.041334882,0.042401418,21.768652,30065.385,30710.121,1.36e-06,-0.23033921,-3.8140233,-42.490173,-0.17005637,-35.16404,15310.117,-0.12031007,-30.989071
3.0037808,0.041816808,0.042892512,21.852278,30048.891,30693.381,1.376e-06,-0.22914776,-3.830677,-42.270386,-0.16980997,-34.934807,15377.215,-0.11891537,-30.785883
3.0021441,0.042298507,0.043383334,21.935947,30032.205,30676.449,1.392e-06,-0.22823837,-3.8473067,-42.102634,-0.16956249,-34.706253,15444.216,-0.11782891,-30.583265
3.0004833,0.042779904,0.043873884,22.019661,30015.33,30659.322,1.408e-06,-0.22707312,-3.8639119,-41.88768,-0.16931394,-34.47839,15511.118,-0.11624958,-30.381231
2.9987977,0.043261066,0.044364154,22.103416,29998.266,30642,1.424e-06,-0.22528055,-3.8804927,-41.557011,-0.16906431,-34.251221,15577.923,-0.11561785,-30.179787
2.9970882,0.043741919,0.044854145,22.18722,29981.01,30624.486,1.44e-06,-0.22523738,-3.8970492,-41.549049,-0.16881363,-34.024765,15644.629,-0.11506546,-29.978939
2.9953547,0.04422253,0.045343857,22.271067,29963.566,30606.779,1.456e-06,-0.22309801,-3.9135809,-41.1544,-0.16856188,-33.799023,15711.235,-0.11368755,-29.778696
2.9935973,0.044702828,0.045833278,22.354961,29945.932,30588.877,1.472e-06,-0.2219975,-3.9300878,-40.951393,-0.16830906,-33.574005,15777.742,-0.11193884,-29.579069
2.991816,0.04518288,0.046322409,22.438904,29928.107,30570.783,1.488e-06,-0.22092627,-3.9465699,-40.753784,-0.16805518,-33.349724,15844.148,-0.11123386,-29.380062
2.9900115,0.045662612,0.046811249,22.522894,29910.096,30552.496,1.504e-06,-0.21943271,-3.9630272,-40.478271,-0.16780023,-33.126179,15910.455,-0.11081424,-29.181684
2.9881837,0.046142086,0.047299795,22.606932,29891.893,30534.016,1.52e-06,-0.2186497,-3.9794595,-40.333832,-0.16754423,-32.903389,15976.66,-0.10978576,-28.983944
2.9863329,0.046621241,0.047788039,22.691021,29873.502,30515.342,1.536e-06,-0.21728253,-3.9958665,-40.081635,-0.16728717,-32.681355,16042.765,-0.10864132,-28.786846
2.9844592,0.04710013,0.048275981,22.775162,29854.922,30496.477,1.552e-06,-0.21642093,-4.0122485,-39.922695,-0.16702905,-32.460087,16108.768,-0.10672628,-28.590399
2.9825625,0.047578689,0.048763622,22.859352,29836.152,30477.418,1.568e-06,-0.21500906,-4.028605,-39.662251,-0.16676989,-32.239594,16174.668,-0.10614338,-28.394609
2.9806437,0.048056982,0.049250953,22.943594,29817.193,30458.166,1.584e-06,-0.21366347,-4.0449357,-39.414032,-0.16650966,-32.019882,16240.466,-0.10515153,-28.199486
2.9787023,0.048534937,0.049737971,23.027889,29798.047,30438.723,1.6e-06,-0.21360491,-4.0612416,-39.403229,-0.16624838,-31.800957,16306.161,-0.10360882,-28.005032
2.9767392,0.04901262,0.050224677,23.112238,29778.711,30419.088,1.616e-06,-0.21172601,-4.0775213,-39.056633,-0.16598605,-31.582827,16371.752,-0.10324106,-27.811256
2.9747539,0.049489964,0.050711066,23.19664,29759.188,30399.26,1.632e-06,-0.21028641,-4.0937753,-38.791073,-0.16572267,-31.365498,16437.24,-0.10191809,-27.618164
2.9727471,0.049967021,0.051197134,23.281096,29739.475,30379.24,1.648e-06,-0.20987332,-4.1100035,-38.714874,-0.16545825,-31.148979,16502.623,-0.10199133,-27.425762
2.9707186,0.050443735,0.051682878,23.365606,29719.574,30359.027,1.664e-06,-0.20869265,-4.1262059,-38.497078,-0.16519278,-30.933275,16567.902,-0.10024109,-27.234055
2.9686689,0.050920162,0.052168295,23.450171,29699.484,30338.625,1.68e-06,-0.20726846,-4.1423821,-38.23436,-0.16492626,-30.718393,16633.076,-0.099685661,-27.043051
2.9665983,0.051396236,0.052653383,23.534792,29679.209,30318.029,1.696e-06,-0.20653324,-4.1585321,-38.098736,-0.16465871,-30.504341,16698.146,-0.098084964,-26.852755
2.9645066,0.051872015,0.053138141,23.619469,29658.744,30297.242,1.712e-06,-0.20522003,-4.1746559,-37.856487,-0.16439012,-30.291121,16763.109,-0.097204506,-26.66317
2.9623945,0.052347437,0.053622559,23.704203,29638.092,30276.264,1.728e-06,-0.20392068,-4.1907535,-37.616798,-0.16412048,-30.078739,16827.965,-0.096478164,-26.474306
2.9602616,0.05282256,0.054106642,23.788992,29617.252,30255.096,1.744e-06,-0.20249493,-4.2068243,-37.353798,-0.1638498,-29.867205,16892.715,-0.095226906,-26.286163
2.9581087,0.053297319,0.054590382,23.873838,29596.225,30233.734,1.76e-06,-0.20132044,-4.2228684,-37.137138,-0.16357809,-29.656521,16957.357,-0.094584487,-26.098751
2.9559355,0.053771768,0.055073775,23.958742,29575.01,30212.184,1.776e-06,-0.20064379,-4.2388864,-37.012321,-0.16330536,-29.446693,17021.893,-0.092687763,-25.912073
2.9537425,0.054245852,0.055556823,24.043703,29553.609,30190.441,1.792e-06,-0.19903155,-4.2548771,-36.714912,-0.16303159,-29.237726,17086.32,-0.09216132,-25.726131
2.95153,0.054719619,0.056039516,24.128721,29532.02,30168.508,1.808e-06,-0.19885738,-4.2708411,-36.682785,-0.16275679,-29.029625,17150.641,-0.092367321,-25.540936
2.9492977,0.055193014,0.056521859,24.213799,29510.244,30146.385,1.824e-06,-0.19769983,-4.286778,-36.469254,-0.16248095,-28.822395,17214.85,-0.090882592,-25.356485
2.9470463,0.055666089,0.057003845,24.298933,29488.281,30124.07,1.84e-06,-0.19563444,-4.3026881,-36.088257,-0.1622041,-28.616041,17278.951,-0.089556567,-25.172787
2.9447756,0.056138784,0.057485469,24.384127,29466.133,30101.566,1.856e-06,-0.19524756,-4.3185711,-36.016891,-0.16192622,-28.410566,17342.943,-0.089075901,-24.989845
2.942486,0.056611154,0.057966731,24.469378,29443.797,30078.873,1.872e-06,-0.19389889,-4.3344264,-35.768105,-0.16164732,-28.205975,17406.826,-0.087954342,-24.807663
2.9401774,0.057083134,0.058447625,24.554686,29421.275,30055.988,1.888e-06,-0.1935413,-4.3502545,-35.702141,-0.16136739,-28.002274,17470.598,-0.086889245,-24.626245
2.9378505,0.057554785,0.058928154,24.640053,29398.566,30032.914,1.904e-06,-0.19231902,-4.366055,-35.476669,-0.16108644,-27.799461,17534.258,-0.086324655,-24.445595
2.9355052,0.058026046,0.059408307,24.725477,29375.674,30009.65,1.92e-06,-0.19135106,-4.3818283,-35.298111,-0.16080448,-27.597548,17597.809,-0.085538805,-24.265715
2.9331412,0.058496967,0.059888087,24.810961,29352.594,29986.197,1.936e-06,-0.18961397,-4.3975735,-34.977673,-0.16052151,-27.39653,17661.246,-0.084606461,-24.086609
2.9307594,0.05896749,0.060367487,24.896502,29329.326,29962.553,1.952e-06,-0.18921477,-4.4132915,-34.904034,-0.16023751,-27.196417,17724.572,-0.083100379,-23.908281
2.9283595,0.05943767,0.060846508,24.982101,29305.875,29938.721,1.968e-06,-0.18795548,-4.4289813,-34.671738,-0.15995251,-26.997208,17787.787,-0.082161933,-23.730734
2.9259419,0.059907444,0.06132514,25.067759,29282.238,29914.701,1.984e-06,-0.18689813,-4.444643,-34.476688,-0.15966649,-26.798908,17850.889,-0.081080049,-23.55397
2.9235065,0.060376871,0.061803389,25.153473,29258.416,29890.49,2e-06,-0.18576524,-4.4602766,-34.267708,-0.15937947,-26.601521,17913.877,-0.080266729,-23.377995
2.9210536,0.060845885,0.062281247,25.239244,29234.408,29866.092,2.016e-06,-0.18483582,-4.4758821,-34.096256,-0.15909144,-26.405046,17976.752,-0.079195529,-23.202806
2.9185834,0.061314549,0.062758714,25.325073,29210.217,29841.504,2.032e-06,-0.18452601,-4.4914594,-34.039108,-0.1588024,-26.209488,18039.512,-0.078440197,-23.028408
2.9160957,0.061782792,0.063235775,25.410959,29185.84,29816.727,2.048e-06,-0.18269798,-4.5070081,-33.701897,-0.15851237,-26.014849,18102.158,-0.078312024,-22.854807
2.9135911,0.062250677,0.063712448,25.496901,29161.277,29791.764,2.064e-06,-0.18167761,-4.5225286,-33.513672,-0.15822132,-25.821129,18164.691,-0.077216409,-22.681999
2.9110694,0.062718138,0.064188711,25.582899,29136.531,29766.609,2.08e-06,-0.1807975,-4.5380206,-33.351322,-0.15792929,-25.628334,18227.107,-0.075615712,-22.509991
2.908531,0.06318523,0.064664572,25.668953,29111.6,29741.27,2.096e-06,-0.18011777,-4.5534835,-33.225933,-0.15763624,-25.436462,18289.408,-0.07509537,-22.338781
2.9059756,0.063651897,0.065140024,25.755062,29086.484,29715.74,2.112e-06,-0.17884463,-4.5689182,-32.991077,-0.15734221,-25.245518,18351.594,-0.07441023,-22.168373
2.9034035,0.064118192,0.065615065,25.841227,29061.186,29690.025,2.128e-06,-0.17753141,-4.5843234,-32.748829,-0.15704718,-25.0555,18413.664,-0.073722035,-21.99877
2.900815,0.064584054,0.06608969,25.927444,29035.701,29664.121,2.144e-06,-0.17717227,-4.5997,-32.682583,-0.15675116,-24.866411,18475.615,-0.072777487,-21.829969
2.8982098,0.065049529,0.066563897,26.013716,29010.035,29638.029,2.16e-06,-0.17599624,-4.6150475,-32.465641,-0.15645415,-24.678253,18537.451,-0.071127966,-21.661976
2.8955884,0.065514572,0.067037687,26.10004,28984.184,29611.752,2.176e-06,-0.17501441,-4.6303658,-32.284523,-0.15615615,-24.491024,18599.17,-0.070549637,-21.494789
2.8929508,0.065979227,0.067511052,26.186419,28958.15,29585.285,2.192e-06,-0.17421754,-4.6456552,-32.137527,-0.15585716,-24.304729,18660.77,-0.069792777,-21.328411
2.8902967,0.066443443,0.067983985,26.272848,28931.932,29558.635,2.208e-06,-0.17323261,-4.6609149,-31.955841,-0.1555572,-24.119366,18722.25,-0.0690054,-21.162842
2.8876266,0.066907264,0.068456493,26.359329,28905.531,29531.795,2.224e-06,-0.17189628,-4.6761456,-31.70933,-0.15525624,-23.934935,18783.613,-0.068274483,-20.998081
2.8849406,0.067370631,0.06892857,26.445862,28878.949,29504.77,2.24e-06,-0.17105624,-4.6913462,-31.554371,-0.15495431,-23.751436,18844.857,-0.066614278,-20.834131
2.8822384,0.067833602,0.069400214,26.532444,28852.182,29477.557,2.256e-06,-0.16996498,-4.7065172,-31.353067,-0.1546514,-23.568872,18905.982,-0.066693626,-20.670992
2.8795204,0.06829612,0.069871418,26.619074,28825.234,29450.16,2.272e-06,-0.16974148,-4.7216587,-31.31184,-0.15434751,-23.387241,18966.988,-0.065515608,-20.508665
2.8767865,0.068758227,0.070342176,26.705753,28798.102,29422.576,2.288e-06,-0.16870262,-4.7367706,-31.120203,-0.15404265,-23.206545,19027.873,-0.063841671,-20.347149
2.8740368,0.06921988,0.070812494,26.792479,28770.789,29394.805,2.304e-06,-0.16773929,-4.751852,-30.942499,-0.1537368,-23.026779,19088.637,-0.063782156,-20.186443
2.8712711,0.069681123,0.071282364,26.879253,28743.293,29366.85,2.32e-06,-0.16657403,-4.7669039,-30.727547,-0.15343,-22.847946,19149.281,-0.062643819,-20.026548
2.86849,0.070141897,0.071751781,26.966072,28715.615,29338.709,2.336e-06,-0.16548276,-4.7819252,-30.526243,-0.15312222,-22.670046,19209.803,-0.062674336,-19.867466
2.8656929,0.070602253,0.07222075,27.052937,28687.756,29310.383,2.352e-06,-0.16444698,-4.796917,-30.335175,-0.15281346,-22.493076,19270.203,-0.06049379,-19.709194
2.8628802,0.071062133,0.072689258,27.139843,28659.715,29281.871,2.368e-06,-0.1639553,-4.8118777,-30.244474,-0.15250376,-22.317036,19330.482,-0.060777612,-19.551731
2.8600521,0.071521603,0.07315731,27.226795,28631.492,29253.174,2.384e-06,-0.16324474,-4.8268085,-30.1134,-0.15219308,-22.141926,19390.637,-0.059431747,-19.395079
2.8572083,0.071980581,0.073624894,27.313787,28603.09,29224.293,2.4e-06,-0.16211957,-4.8417087,-29.90584,-0.15188146,-21.967743,19450.67,-0.058966339,-19.239235
2.8543489,0.072439142,0.074092023,27.400822,28574.506,29195.227,2.416e-06,-0.16048266,-4.8565784,-29.603886,-0.15156886,-21.794485,19510.58,-0.058833584,-19.0842
2.8514738,0.072897211,0.074558675,27.487894,28545.74,29165.977,2.432e-06,-0.16003567,-4.871417,-29.521431,-0.15125529,-21.622154,19570.367,-0.056778163,-18.929972
2.8485832,0.073354855,0.075024858,27.575006,28516.793,29136.541,2.448e-06,-0.15879643,-4.8862252,-29.292831,-0.15094079,-21.450747,19630.029,-0.056050293,-18.776548
2.8456771,0.073812,0.075490572,27.662157,28487.666,29106.924,2.464e-06,-0.15848663,-4.9010029,-29.235682,-0.15062533,-21.28026,19689.566,-0.056105226,-18.62393
2.8427556,0.074268714,0.075955808,27.749344,28458.359,29077.121,2.48e-06,-0.1578331,-4.9157491,-29.115126,-0.15030891,-21.110693,19748.979,-0.054795984,-18.472115
2.8398182,0.074724928,0.07642056,27.836565,28428.873,29047.135,2.496e-06,-0.15681273,-4.9304643,-28.926901,-0.14999156,-20.942043,19808.268,-0.053669851,-18.3211
2.8368654,0.075180694,0.076884829,27.92382,28399.207,29016.965,2.512e-06,-0.15516967,-4.9451485,-28.623808,-0.14967324,-20.774309,19867.43,-0.053444013,-18.170887
2.8338971,0.075635962,0.07734862,28.01111,28369.359,28986.611,2.528e-06,-0.15455621,-4.9598012,-28.510647,-0.14935398,-20.607487,19926.467,-0.052365184,-18.021473
2.8309133,0.076090775,0.077811912,28.098431,28339.334,28956.076,2.544e-06,-0.15361291,-4.9744229,-28.336637,-0.14903378,-20.441576,19985.377,-0.052278206,-17.872854
2.8279138,0.076545089,0.078274719,28.18578,28309.127,28925.357,2.56e-06,-0.15295939,-4.9890132,-28.216084,-0.14871264,-20.276573,20044.16,-0.050976593,-17.725031
2.8248987,0.076998942,0.078737028,28.273159,28278.742,28894.455,2.576e-06,-0.15186042,-5.0035715,-28.013357,-0.14839056,-20.112476,20102.818,-0.050721765,-17.577999
2.8218682,0.07745228,0.079198845,28.360567,28248.18,28863.371,2.592e-06,-0.15138876,-5.0180988,-27.926353,-0.14806753,-19.949282,20161.348,-0.049972534,-17.431759
2.8188217,0.077905156,0.079660155,28.448,28217.438,28832.105,2.608e-06,-0.15069208,-5.0325942,-27.797838,-0.14774358,-19.786985,20219.75,-0.048440505,-17.286306
2.8157597,0.078357518,0.080120966,28.535458,28186.516,28800.656,2.624e-06,-0.14996149,-5.0470576,-27.663067,-0.14741869,-19.625586,20278.023,-0.047636341,-17.141638
2.8126822,0.078809403,0.08058127,28.62294,28155.416,28769.025,2.64e-06,-0.14843556,-5.0614891,-27.381582,-0.14709288,-19.46508,20336.168,-0.046824548,-16.997755
2.8095887,0.079260774,0.081041068,28.710443,28124.139,28737.213,2.656e-06,-0.14806564,-5.0758891,-27.313343,-0.14676613,-19.305464,20394.186,-0.045826595,-16.85465
2.8064795,0.079711661,0.081500351,28.797966,28092.682,28705.221,2.672e-06,-0.14747377,-5.0902567,-27.204163,-0.14643845,-19.146732,20452.072,-0.045640431,-16.712326
2.8033545,0.080162026,0.081959121,28.885509,28061.049,28673.045,2.688e-06,-0.14648114,-5.1045918,-27.021055,-0.14610985,-18.988886,20509.83,-0.044564653,-16.570774
2.8002138,0.080611907,0.082417369,28.97307,28029.238,28640.689,2.704e-06,-0.14569198,-5.1188951,-26.875479,-0.14578032,-18.831917,20567.457,-0.044170965,-16.429996
2.7970572,0.081061259,0.082875103,29.060646,27997.248,28608.152,2.72e-06,-0.1448427,-5.1331663,-26.718815,-0.14544988,-18.675823,20624.955,-0.043975648,-16.289988
2.7938845,0.081510119,0.083332308,29.148237,27965.082,28575.434,2.736e-06,-0.14407511,-5.1474047,-26.577219,-0.14511852,-18.520601,20682.322,-0.042675558,-16.150743
2.7906961,0.081958435,0.083788984,29.23584,27932.74,28542.535,2.752e-06,-0.14322121,-5.1616106,-26.419703,-0.14478624,-18.366247,20739.559,-0.042286448,-16.012262
2.7874916,0.082406268,0.084245138,29.323454,27900.221,28509.457,2.768e-06,-0.14195268,-5.1757841,-26.185701,-0.14445303,-18.212755,20796.662,-0.040444653,-15.87454
2.7842712,0.082853548,0.084700756,29.411077,27867.523,28476.199,2.784e-06,-0.14149183,-5.1899247,-26.100687,-0.14411893,-18.060123,20853.635,-0.040241707,-15.737575
2.7810345,0.083300337,0.085155837,29.498711,27834.652,28442.76,2.8e-06,-0.14092307,-5.2040324,-25.99577,-0.14378391,-17.908344,20910.477,-0.040169988,-15.60136
2.7777817,0.083746567,0.08561039,29.586348,27801.604,28409.143,2.816e-06,-0.13974395,-5.2181077,-25.778259,-0.14344798,-17.757418,20967.186,-0.038737144,-15.465896
2.774513,0.084192298,0.086064391,29.67399,27768.377,28375.344,2.832e-06,-0.13921064,-5.2321496,-25.679882,-0.14311115,-17.607334,21023.76,-0.038296152,-15.331176
2.7712278,0.084637471,0.086517856,29.761635,27734.977,28341.367,2.848e-06,-0.13777104,-5.2461586,-25.41432,-0.14277342,-17.458092,21080.203,-0.037522506,-15.197198
2.7679265,0.085082136,0.086970769,29.849281,27701.4,28307.211,2.864e-06,-0.13720536,-5.2601342,-25.309973,-0.14243478,-17.309687,21136.512,-0.03733024,-15.063957
2.7646089,0.085526243,0.087423138,29.936928,27667.65,28272.877,2.88e-06,-0.13644548,-5.2740769,-25.1698,-0.14209524,-17.162113,21192.686,-0.036271248,-14.931449
2.7612746,0.085969828,0.087874949,30.02457,27633.723,28238.363,2.896e-06,-0.13546981,-5.2879863,-24.98982,-0.14175479,-17.015366,21248.727,-0.035258032,-14.799671
2.7579241,0.086412847,0.088326208,30.112209,27599.621,28203.672,2.912e-06,-0.13474692,-5.3018622,-24.85647,-0.14141347,-16.869438,21304.633,-0.034801781,-14.668618
2.7545571,0.086855344,0.088776909,30.199842,27565.346,28168.803,2.928e-06,-0.13428144,-5.3157048,-24.770603,-0.14107125,-16.724329,21360.404,-0.034035768,-14.538286
2.7511737,0.087297268,0.089227051,30.287468,27530.895,28133.754,2.944e-06,-0.13340442,-5.3295135,-24.608822,-0.14072812,-16.580029,21416.041,-0.033515427,-14.408671
2.7477736,0.087738663,0.089676626,30.375084,27496.27,28098.529,2.96e-06,-0.13198639,-5.3432889,-24.34724,-0.14038412,-16.436535,21471.541,-0.032247383,-14.279768
2.7443571,0.088179484,0.090125635,30.462688,27461.471,28063.127,2.976e-06,-0.13208504,-5.3570304,-24.365437,-0.14003922,-16.293842,21526.904,-0.031817071,-14.151574
2.7409236,0.088619776,0.090574071,30.55028,27426.498,28027.547,2.992e-06,-0.13079801,-5.3707376,-24.128023,-0.13969344,-16.151943,21582.133,-0.030945769,-14.024082
2.7374737,0.089059472,0.09102194,30.637856,27391.352,27991.789,3.008e-06,-0.13025701,-5.3844113,-24.028225,-0.13934678,-16.010836,21637.225,-0.03055208,-13.89729
2.7340069,0.089498639,0.091469236,30.725414,27356.031,27955.855,3.024e-06,-0.12949096,-5.3980513,-23.886913,-0.13899924,-15.87051,21692.18,-0.029544968,-13.771192
2.7305233,0.089937218,0.09191595,30.812954,27320.539,27919.744,3.04e-06,-0.12824556,-5.4116569,-23.657177,-0.13865082,-15.730963,21746.996,-0.028478347,-13.645783
2.7270229,0.090375245,0.092362083,30.900473,27284.873,27883.457,3.056e-06,-0.12800357,-5.4252281,-23.612537,-0.13830152,-15.592187,21801.676,-0.028455459,-13.521059
2.7235055,0.090812683,0.092807636,30.987968,27249.035,27846.994,3.072e-06,-0.12715583,-5.438765,-23.456158,-0.13795136,-15.454179,21856.217,-0.027886288,-13.397016
2.7199712,0.09124957,0.093252607,31.075439,27213.023,27810.355,3.088e-06,-0.12660404,-5.4522676,-23.354368,-0.13760032,-15.316931,21910.619,-0.027298806,-13.273646
2.7164199,0.091685861,0.093696982,31.162886,27176.84,27773.541,3.104e-06,-0.12551123,-5.4657364,-23.152781,-0.13724841,-15.180437,21964.883,-0.026960051,-13.150947
2.7128518,0.092121594,0.094140768,31.250301,27140.484,27736.551,3.12e-06,-0.12468044,-5.4791698,-22.999529,-0.13689563,-15.044692,22019.008,-0.025572985,-13.028913
2.7092664,0.092556715,0.094583958,31.337687,27103.957,27699.385,3.136e-06,-0.1239406,-5.492569,-22.86305,-0.13654199,-14.90969,22072.992,-0.025061799,-12.907538
2.7056639,0.092991285,0.095026545,31.425041,27067.258,27662.045,3.152e-06,-0.12328707,-5.5059338,-22.742496,-0.13618748,-14.775423,22126.838,-0.024681844,-12.786819
2.7020442,0.093425237,0.095468543,31.51236,27030.389,27624.531,3.168e-06,-0.12262122,-5.5192633,-22.619667,-0.13583212,-14.641887,22180.543,-0.023802912,-12.666748
2.6984074,0.093858629,0.095909931,31.599642,26993.348,27586.842,3.184e-06,-0.12240234,-5.532558,-22.579292,-0.1354759,-14.509074,22234.109,-0.023021638,-12.547322
2.6947534,0.094291396,0.096350715,31.686886,26956.135,27548.977,3.2e-06,-0.12101668,-5.5458179,-22.323683,-0.13511881,-14.37698,22287.533,-0.022293771,-12.428535
2.6910822,0.094723597,0.096790887,31.77409,26918.752,27510.939,3.216e-06,-0.120525,-5.5590429,-22.232981,-0.13476089,-14.245595,22340.816,-0.021895505,-12.310381
2.6873937,0.09515518,0.097230449,31.861252,26881.199,27472.729,3.232e-06,-0.1199547,-5.5722327,-22.127781,-0.1344021,-14.114916,22393.957,-0.021050142,-12.192855
2.6836877,0.095586181,0.0976694,31.94837,26843.477,27434.344,3.248e-06,-0.11933816,-5.5853872,-22.01405,-0.13404247,-13.984934,22446.957,-0.020218512,-12.075952
2.6799645,0.096016556,0.098107733,32.035442,26805.582,27395.785,3.264e-06,-0.11878944,-5.5985065,-21.912828,-0.13368198,-13.855644,22499.814,-0.020366527,-11.959666
2.676224,0.096446343,0.098545447,32.122463,26767.52,27357.053,3.28e-06,-0.11721574,-5.6115904,-21.62253,-0.13332066,-13.727039,22552.531,-0.019585254,-11.843991
2.672466,0.096875504,0.098982535,32.209438,26729.287,27318.148,3.296e-06,-0.11734521,-5.624639,-21.646414,-0.1329585,-13.599113,22605.104,-0.018626973,-11.728923
2.6686907,0.097304076,0.099418998,32.296356,26690.887,27279.072,3.312e-06,-0.1162262,-5.6376519,-21.439993,-0.13259549,-13.471857,22657.531,-0.018005921,-11.614455
2.6648979,0.097732008,0.099854834,32.383224,26652.316,27239.824,3.328e-06,-0.1156035,-5.650629,-21.325125,-0.13223164,-13.345267,22709.818,-0.017384868,-11.500582
2.6610878,0.098159343,0.10029005,32.470032,26613.576,27200.402,3.344e-06,-0.11459084,-5.6635709,-21.138321,-0.13186696,-13.219336,22761.959,-0.016882839,-11.387297
2.6572602,0.098586038,0.10072462,32.556786,26574.668,27160.811,3.36e-06,-0.11450452,-5.6764765,-21.122398,-0.13150145,-13.094054,22813.957,-0.015886409,-11.274595
2.653415,0.099012136,0.10115855,32.643478,26535.594,27121.045,3.376e-06,-0.11394964,-5.6893463,-21.020041,-0.13113511,-12.969419,22865.811,-0.015297403,-11.162472
2.6495523,0.099437587,0.10159185,32.730106,26496.35,27081.109,3.392e-06,-0.11230041,-5.7021804,-20.715811,-0.13076794,-12.84542,22917.52,-0.014555804,-11.05092
2.6456721,0.099862427,0.1020245,32.816669,26456.938,27041.002,3.408e-06,-0.11181951,-5.7149787,-20.6271,-0.13039994,-12.722053,22969.082,-0.014877774,-10.939933
2.6417744,0.10028662,0.10245652,32.903172,26417.359,27000.725,3.424e-06,-0.11150508,-5.7277403,-20.569098,-0.13003111,-12.599309,23020.5,-0.014156011,-10.829507
2.6378593,0.10071019,0.10288788,32.989601,26377.611,26960.277,3.44e-06,-0.11056948,-5.7404661,-20.396511,-0.12966147,-12.477182,23071.773,-0.012878811,-10.719634
2.6339266,0.10113312,0.10331859,33.075962,26337.699,26919.658,3.456e-06,-0.10987896,-5.7531557,-20.269133,-0.12929101,-12.355665,23122.898,-0.012047182,-10.61031
2.6299765,0.10155541,0.10374866,33.162251,26297.619,26878.869,3.472e-06,-0.10956761,-5.7658091,-20.211699,-0.12891972,-12.234752,23173.879,-0.010698264,-10.501528
2.6260087,0.10197706,0.10417806,33.248466,26257.373,26837.912,3.488e-06,-0.10822202,-5.7784257,-19.96348,-0.12854764,-12.114434,23224.711,-0.01156499,-10.393282
2.6220233,0.10239808,0.10460681,33.334602,26216.959,26796.783,3.504e-06,-0.10769489,-5.7910061,-19.86624,-0.12817472,-11.994705,23275.396,-0.010368664,-10.285566
2.6180208,0.10281842,0.1050349,33.420666,26176.381,26755.486,3.52e-06,-0.10689339,-5.8035498,-19.71839,-0.127801,-11.875558,23325.936,-0.0092822043,-10.178375
2.6140003,0.10323815,0.10546232,33.506645,26135.637,26714.02,3.536e-06,-0.10673155,-5.8160567,-19.688536,-0.12742649,-11.756987,23376.326,-0.009268471,-10.071703
2.6099627,0.10365719,0.10588908,33.592545,26094.727,26672.385,3.552e-06,-0.10597783,-5.828527,-19.5495,-0.12705116,-11.638982,23426.568,-0.0084444713,-9.9655418
2.6059074,0.10407561,0.10631517,33.67836,26053.652,26630.582,3.568e-06,-0.10504378,-5.84096,-19.377197,-0.12667502,-11.521539,23476.664,-0.0085634934,-9.8598871
2.6018345,0.10449335,0.10674059,33.764088,26012.412,26588.611,3.584e-06,-0.10466616,-5.8533568,-19.307537,-0.12629808,-11.404649,23526.609,-0.0069841607,-9.7547331
2.5977445,0.10491045,0.10716533,33.849731,25971.008,26546.471,3.6e-06,-0.10386312,-5.8657165,-19.159403,-0.12592036,-11.288305,23576.406,-0.0078127384,-9.6500721
2.5936368,0.10532686,0.1075894,33.935284,25929.438,26504.164,3.616e-06,-0.10325583,-5.8780389,-19.047377,-0.12554184,-11.172502,23626.055,-0.0057588429,-9.5459003
2.5895119,0.10574263,0.10801279,34.020744,25887.705,26461.689,3.632e-06,-0.1022293,-5.8903241,-18.858015,-0.12516251,-11.05723,23675.551,-0.005508591,-9.4422102
2.5853693,0.10615771,0.10843549,34.106113,25845.809,26419.049,3.648e-06,-0.10210137,-5.9025726,-18.834415,-0.12478241,-10.942483,23724.9,-0.0051072724,-9.338995
2.5812094,0.10657214,0.10885751,34.191387,25803.748,26376.24,3.664e-06,-0.101454,-5.9147835,-18.714998,-0.12440151,-10.828255,23774.098,-0.0045960876,-9.2362509
2.5770323,0.10698588,0.10927884,34.276562,25761.523,26333.264,3.68e-06,-0.10067717,-5.9269567,-18.571697,-0.12401982,-10.714538,23823.145,-0.0040864283,-9.1339693
2.5728378,0.10739896,0.10969948,34.361637,25719.137,26290.123,3.696e-06,-0.099773951,-5.9390931,-18.405081,-0.12363736,-10.601323,23872.041,-0.0040849023,-9.0321465
2.5686259,0.10781135,0.11011943,34.446613,25676.586,26246.814,3.712e-06,-0.098822944,-5.9511914,-18.229652,-0.12325411,-10.488606,23920.787,-0.0027771844,-8.9307737
2.5643969,0.10822307,0.11053868,34.53149,25633.873,26203.342,3.728e-06,-0.098841436,-5.9632525,-18.233063,-0.12287008,-10.376379,23969.381,-0.0030533769,-8.8298473
2.5601504,0.10863409,0.11095724,34.616261,25590.998,26159.703,3.744e-06,-0.098306596,-5.975276,-18.134401,-0.12248528,-10.264634,24017.822,-0.001165807,-8.7293606
2.5558867,0.10904445,0.11137509,34.700924,25547.963,26115.898,3.76e-06,-0.097327843,-5.9872613,-17.953854,-0.12209971,-10.153365,24066.113,-0.00049287395,-8.6293058
2.5516059,0.10945409,0.11179224,34.78548,25504.764,26071.93,3.776e-06,-0.09669435,-5.9992089,-17.836996,-0.12171336,-10.042564,24114.25,-0.00054933317,-8.5296793
2.5473082,0.10986307,0.11220869,34.869926,25461.404,26027.795,3.792e-06,-0.09614718,-6.0111189,-17.736059,-0.12132624,-9.9322252,24162.234,-0.00023346659,-8.4304733
2.5429931,0.11027133,0.11262442,34.954262,25417.883,25983.498,3.808e-06,-0.095381133,-6.0229907,-17.594748,-0.12093835,-9.8223391,24210.066,0.00061952573,-8.3316832
2.538661,0.11067891,0.11303945,35.038486,25374.199,25939.035,3.824e-06,-0.094678283,-6.0348248,-17.465096,-0.1205497,-9.7129011,24257.746,0.0015518662,-8.2333012
2.534312,0.11108577,0.11345376,35.122593,25330.357,25894.408,3.84e-06,-0.094047874,-6.0466204,-17.348804,-0.1201603,-9.6039038,24305.271,0.0017990661,-8.1353226
2.5299459,0.11149196,0.11386735,35.206589,25286.354,25849.619,3.856e-06,-0.093377389,-6.0583782,-17.225122,-0.11977012,-9.4953394,24352.643,0.0021103548,-8.0377407
2.5255628,0.11189742,0.11428022,35.290462,25242.191,25804.666,3.872e-06,-0.092942737,-6.0700974,-17.144943,-0.1193792,-9.3872004,24399.859,0.0027130954,-7.9405499
2.521163,0.11230219,0.11469238,35.374218,25197.867,25759.551,3.888e-06,-0.092662208,-6.081778,-17.093195,-0.11898752,-9.2794819,24446.922,0.0040269173,-7.8437443
2.516746,0.11270624,0.11510381,35.457851,25153.385,25714.271,3.904e-06,-0.091399856,-6.0934205,-16.860331,-0.11859509,-9.1721754,24493.83,0.0040620137,-7.7473173
2.5123127,0.11310959,0.11551451,35.541363,25108.744,25668.83,3.92e-06,-0.090479672,-6.1050248,-16.690588,-0.1182019,-9.0652742,24540.582,0.0043748282,-7.6512637
2.5078621,0.1135122,0.11592448,35.624748,25063.943,25623.227,3.936e-06,-0.090777151,-6.11659,-16.745462,-0.11780798,-8.9587717,24587.18,0.0055497908,-7.5555768
2.5033951,0.11391412,0.11633372,35.708012,25018.984,25577.463,3.952e-06,-0.089625776,-6.1281171,-16.53307,-0.1174133,-8.8526611,24633.621,0.0056169317,-7.4602513
2.4989114,0.1143153,0.11674222,35.791145,24973.865,25531.535,3.968e-06,-0.088933714,-6.139605,-16.405407,-0.11701789,-8.7469358,24679.906,0.0064149909,-7.3652811
2.494411,0.11471578,0.11714999,35.874153,24928.59,25485.447,3.984e-06,-0.088542208,-6.1510544,-16.333187,-0.11662174,-8.6415882,24726.035,0.0064455094,-7.2706604
2.4898942,0.11511552,0.11755702,35.957027,24883.156,25439.199,4e-06,-0.088304847,-6.1624651,-16.289402,-0.11622485,-8.5366125,24772.008,0.0075869015,-7.176383
2.4853609,0.11551455,0.1179633,36.039772,24837.564,25392.789,4.016e-06,-0.086822078,-6.1738362,-16.015879,-0.11582723,-8.4320011,24817.824,0.0079989014,-7.0824437
2.4808109,0.11591282,0.11836884,36.122383,24791.816,25346.219,4.032e-06,-0.086593956,-6.1851687,-15.973798,-0.11542886,-8.3277483,24863.484,0.0076998197,-6.9888368
2.4762447,0.11631039,0.11877363,36.204857,24745.91,25299.488,4.048e-06,-0.086301103,-6.1964626,-15.919776,-0.11502978,-8.2238464,24908.984,0.0086947232,-6.8955555
2.471662,0.1167072,0.11917768,36.287197,24699.848,25252.6,4.064e-06,-0.085169762,-6.2077169,-15.71108,-0.11462997,-8.1202888,24954.328,0.0096346932,-6.8025951
2.4670632,0.11710329,0.11958096,36.369404,24653.629,25205.549,4.08e-06,-0.085251451,-6.2189317,-15.726149,-0.11422943,-8.0170708,24999.516,0.011076693,-6.7099495
2.4624479,0.11749863,0.11998349,36.451466,24607.254,25158.34,4.096e-06,-0.084298909,-6.2301078,-15.550434,-0.11382817,-7.9141836,25044.543,0.01040376,-6.6176128
2.4578166,0.11789324,0.12038527,36.533394,24560.725,25110.973,4.112e-06,-0.083428048,-6.2412443,-15.38979,-0.11342619,-7.8116217,25089.412,0.01171453,-6.5255799
2.4531691,0.11828709,0.12078629,36.615177,24514.039,25063.447,4.128e-06,-0.08334019,-6.2523413,-15.373583,-0.1130235,-7.7093792,25134.121,0.0119129,-6.433845
2.4485056,0.11868022,0.12118654,36.696819,24467.197,25015.762,4.144e-06,-0.082638882,-6.2633986,-15.244214,-0.11262009,-7.6074486,25178.672,0.011568041,-6.3424025
2.443826,0.11907256,0.12158602,36.778316,24420.201,24967.92,4.16e-06,-0.081643179,-6.2744169,-15.060538,-0.11221597,-7.5058241,25223.064,0.012753685,-6.2512469
2.4391305,0.11946418,0.12198474,36.859669,24373.051,24919.92,4.176e-06,-0.081316411,-6.2853951,-15.000261,-0.11181115,-7.4044991,25267.297,0.013280129,-6.1603727
2.4344192,0.11985503,0.12238269,36.94088,24325.746,24871.762,4.192e-06,-0.080934159,-6.2963338,-14.929748,-0.11140561,-7.3034682,25311.367,0.013182471,-6.0697742
2.4296918,0.12024514,0.12277987,37.021938,24278.285,24823.447,4.208e-06,-0.080313005,-6.3072329,-14.815164,-0.11099937,-7.202724,25355.279,0.014828944,-5.9794464
2.4249487,0.12063447,0.12317626,37.102852,24230.674,24774.977,4.224e-06,-0.079392821,-6.3180919,-14.64542,-0.11059243,-7.1022611,25399.031,0.014976959,-5.8893838
2.4201901,0.12102305,0.12357189,37.183617,24182.906,24726.348,4.24e-06,-0.079771996,-6.3289108,-14.715364,-0.11018479,-7.0020733,25442.621,0.015192114,-5.7995815
2.4154155,0.12141085,0.12396672,37.264229,24134.988,24677.564,4.256e-06,-0.078064188,-6.3396902,-14.400331,-0.10977646,-6.9021544,25486.051,0.015572069,-5.7100329
2.4106255,0.12179791,0.12436078,37.344692,24086.916,24628.623,4.272e-06,-0.077701978,-6.3504291,-14.333513,-0.10936743,-6.8024988,25529.318,0.01653035,-5.6207342
2.4058199,0.12218418,0.12475406,37.425003,24038.691,24579.527,4.288e-06,-0.077144012,-6.3611283,-14.230587,-0.10895771,-6.7030997,25572.426,0.016782129,-5.5316796
2.4009988,0.1225697,0.12514654,37.505157,23990.314,24530.277,4.304e-06,-0.076510519,-6.3717871,-14.113729,-0.1085473,-6.6039519,25615.369,0.017217018,-5.4428639
2.3961623,0.12295441,0.12553823,37.585163,23941.785,24480.871,4.32e-06,-0.076505899,-6.3824058,-14.112875,-0.10813621,-6.5050497,25658.152,0.01763512,-5.3542824
2.3913102,0.12333838,0.12592913,37.665009,23893.105,24431.311,4.336e-06,-0.075650454,-6.3929839,-13.955073,-0.10772443,-6.4063869,25700.771,0.018311106,-5.2659292
2.3864429,0.12372155,0.12631924,37.744701,23844.273,24381.596,4.352e-06,-0.074562266,-6.403522,-13.754338,-0.10731197,-6.3079576,25743.229,0.019222083,-5.1778002
2.3815606,0.12410395,0.12670855,37.824238,23795.291,24331.727,4.368e-06,-0.074432798,-6.4140191,-13.730454,-0.10689884,-6.2097564,25785.523,0.019016083,-5.08989
2.3766627,0.12448555,0.12709706,37.903614,23746.158,24281.705,4.384e-06,-0.074169226,-6.4244761,-13.681835,-0.10648502,-6.1117778,25827.654,0.019484542,-5.0021935
2.3717499,0.12486638,0.12748475,37.982834,23696.873,24231.529,4.4e-06,-0.07339856,-6.4348927,-13.539671,-0.10607054,-6.0140162,25869.621,0.020093387,-4.9147062
2.3668218,0.12524641,0.12787166,38.061897,23647.439,24181.199,4.416e-06,-0.072160862,-6.4452682,-13.311357,-0.10565539,-5.9164662,25911.426,0.021529283,-4.8274236
2.3618786,0.12562567,0.12825775,38.140797,23597.857,24130.719,4.432e-06,-0.072726533,-6.4556031,-13.415705,-0.10523956,-5.8191223,25953.066,0.021066926,-4.7403402
2.3569207,0.1260041,0.12864304,38.21954,23548.123,24080.084,4.448e-06,-0.071679965,-6.4658976,-13.222646,-0.10482308,-5.7219791,25994.541,0.02159032,-4.6534514
2.3519475,0.12638177,0.1290275,38.298119,23498.242,24029.299,4.464e-06,-0.071163617,-6.4761505,-13.127397,-0.10440592,-5.625031,26035.852,0.022650838,-4.5667534
2.3469598,0.12675862,0.12941115,38.376537,23448.211,23978.359,4.48e-06,-0.070616439,-6.4863629,-13.02646,-0.10398812,-5.5282736,26076.998,0.023125401,-4.4802403
2.3419571,0.12713468,0.12979399,38.454792,23398.031,23927.271,4.496e-06,-0.069945961,-6.4965348,-12.902778,-0.10356965,-5.4317007,26117.979,0.023909727,-4.3939085
2.3369396,0.12750992,0.13017601,38.532887,23347.705,23876.029,4.512e-06,-0.069691636,-6.5066652,-12.855864,-0.10315053,-5.3353081,26158.795,0.023888363,-4.3077531
2.3319073,0.12788439,0.13055719,38.610817,23297.229,23824.639,4.528e-06,-0.069090515,-6.5167546,-12.744976,-0.10273076,-5.23909,26199.445,0.024631489,-4.2217698
2.3268604,0.12825802,0.13093756,38.688583,23246.605,23773.098,4.544e-06,-0.068031617,-6.5268025,-12.549643,-0.10231034,-5.1430421,26239.928,0.025627919,-4.1359544
2.321799,0.12863086,0.13131711,38.766186,23195.836,23721.404,4.56e-06,-0.06786669,-6.5368094,-12.51922,-0.10188928,-5.0471592,26280.246,0.025731681,-4.050302
2.3167229,0.12900287,0.13169582,38.843624,23144.92,23669.562,4.576e-06,-0.067006625,-6.5467753,-12.360565,-0.10146756,-4.9514365,26320.398,0.025954466,-3.9648092
2.3116324,0.12937407,0.1320737,38.920898,23093.855,23617.572,4.592e-06,-0.066559635,-6.5566993,-12.278111,-0.10104521,-4.8558693,26360.383,0.026557207,-3.8794711
2.3065271,0.12974446,0.13245074,38.998005,23042.646,23565.432,4.608e-06,-0.066423997,-6.5665822,-12.25309,-0.10062222,-4.7604527,26400.201,0.027050082,-3.7942836
2.3014078,0.13011403,0.13282695,39.074944,22991.291,23513.141,4.624e-06,-0.065078408,-6.5764236,-12.004871,-0.10019859,-4.6651821,26439.854,0.027448347,-3.7092428
2.2962739,0.13048276,0.13320233,39.151722,22939.789,23460.703,4.64e-06,-0.064905778,-6.5862236,-11.973027,-0.099774331,-4.5700531,26479.336,0.027784051,-3.6243446
2.2911258,0.1308507,0.13357686,39.228329,22888.143,23408.117,4.656e-06,-0.064229131,-6.5959821,-11.848207,-0.099349447,-4.4750614,26518.652,0.028583637,-3.5395849
2.2859633,0.13121778,0.13395055,39.304771,22836.352,23355.383,4.672e-06,-0.064246088,-6.6056986,-11.851335,-0.098923929,-4.3802018,26557.801,0.028853726,-3.4549601
2.2807865,0.13158406,0.13432339,39.38105,22784.416,23302.502,4.688e-06,-0.063550942,-6.6153731,-11.723104,-0.098497786,-4.285471,26596.781,0.029575488,-3.370466
2.2755957,0.13194948,0.13469538,39.457157,22732.336,23249.473,4.704e-06,-0.063051552,-6.6250062,-11.630981,-0.098071016,-4.1908641,26635.592,0.029519029,-3.286099
2.2703907,0.1323141,0.13506652,39.5331,22680.111,23196.297,4.72e-06,-0.062533662,-6.6345978,-11.535447,-0.097643636,-4.0963769,26674.236,0.030892361,-3.2018552
2.2651718,0.13267785,0.1354368,39.608875,22627.744,23142.975,4.736e-06,-0.061992649,-6.6441469,-11.435648,-0.09721563,-4.0020051,26712.711,0.030776391,-3.1177311
2.2599385,0.13304079,0.13580623,39.684483,22575.232,23089.508,4.752e-06,-0.061205026,-6.6536546,-11.290357,-0.096787021,-3.9077454,26751.016,0.03051088,-3.0337229
2.2546914,0.13340287,0.13617481,39.759922,22522.578,23035.893,4.768e-06,-0.060355749,-6.6631198,-11.133693,-0.096357793,-3.8135929,26789.15,0.031717885,-2.9498272
2.2494304,0.13376412,0.13654253,39.835194,22469.781,22982.133,4.784e-06,-0.059984285,-6.672543,-11.065169,-0.095927954,-3.7195444,26827.117,0.032006286,-2.8660405
2.2441552,0.13412452,0.13690938,39.910301,22416.844,22928.229,4.8e-06,-0.05957583,-6.6819239,-10.989822,-0.095497511,-3.6255958,26864.914,0.032538835,-2.7823594
2.2388663,0.13448408,0.13727537,39.985237,22363.762,22874.18,4.816e-06,-0.058725011,-6.6912627,-10.832874,-0.095066465,-3.531743,26902.541,0.033254493,-2.6987801
2.2335637,0.13484277,0.13764048,40.060009,22310.539,22819.984,4.832e-06,-0.058529261,-6.7005596,-10.796764,-0.094634824,-3.4379828,26939.996,0.033411663,-2.6152997
2.2282472,0.13520063,0.13800474,40.134613,22257.176,22765.646,4.848e-06,-0.05793893,-6.7098136,-10.687867,-0.094202578,-3.3443115,26977.283,0.033741266,-2.5319149
2.2229168,0.13555762,0.13836811,40.209049,22203.67,22711.164,4.864e-06,-0.057895772,-6.7190256,-10.679906,-0.093769737,-3.2507253,27014.396,0.034195989,-2.4486227
2.2175727,0.13591377,0.13873062,40.283321,22150.025,22656.539,4.88e-06,-0.056921646,-6.7281952,-10.500211,-0.093336307,-3.1572208,27051.342,0.035253458,-2.3654194
2.2122152,0.13626905,0.13909224,40.357426,22096.238,22601.771,4.896e-06,-0.056522436,-6.7373223,-10.42657,-0.09290228,-3.0637946,27088.113,0.03516648,-2.2823026
2.2068436,0.13662349,0.13945299,40.431362,22042.314,22546.859,4.912e-06,-0.056124773,-6.7464066,-10.353214,-0.092467673,-2.9704435,27124.715,0.035598315,-2.1992688
2.2014587,0.13697703,0.13981286,40.505131,21988.248,22491.805,4.928e-06,-0.055273954,-6.7554483,-10.196265,-0.092032485,-2.8771641,27161.145,0.036007263,-2.1163151
2.1960602,0.13732974,0.14017184,40.578739,21934.043,22436.609,4.944e-06,-0.054993428,-6.7644472,-10.144518,-0.091596708,-2.7839534,27197.402,0.036739707,-2.0334389
2.1906483,0.13768156,0.14052995,40.652176,21879.701,22381.271,4.96e-06,-0.054332197,-6.7734036,-10.022541,-0.091160357,-2.6908081,27233.486,0.037771232,-1.9506375
2.1852226,0.13803253,0.14088716,40.725452,21825.219,22325.793,4.976e-06,-0.053815845,-6.7823176,-9.9272909,-0.090723425,-2.5977252,27269.4,0.038248848,-1.8679075
2.1797836,0.1383826,0.14124349,40.798561,21770.598,22270.174,4.992e-06,-0.053066757,-6.7911882,-9.7891083,-0.090285927,-2.5047019,27305.141,0.038222909,-1.7852468
2.1743312,0.13873182,0.14159891,40.871506,21715.84,22214.412,5.008e-06,-0.052881796,-6.8000159,-9.7549887,-0.089847848,-2.4117348,27340.709,0.039005708,-1.7026526
2.1688654,0.13908015,0.14195345,40.944286,21660.943,22158.512,5.024e-06,-0.052981984,-6.8088012,-9.7734699,-0.08940921,-2.3188217,27376.104,0.039280374,-1.6201223
2.1633861,0.13942762,0.14230709,41.016903,21605.912,22102.471,5.04e-06,-0.05155316,-6.817543,-9.5098991,-0.088970006,-2.2259598,27411.324,0.040112004,-1.5376534
2.1578937,0.13977419,0.14265983,41.089355,21550.742,22046.289,5.056e-06,-0.051144708,-6.826242,-9.4345522,-0.088530235,-2.1331458,27446.371,0.040363781,-1.4552435
2.1523879,0.1401199,0.14301166,41.161648,21495.436,21989.971,5.072e-06,-0.050645314,-6.8348975,-9.3424301,-0.088089913,-2.0403779,27481.246,0.040205084,-1.3728901
2.1468687,0.14046469,0.1433626,41.233776,21439.994,21933.512,5.088e-06,-0.05005344,-6.8435102,-9.2332478,-0.087649025,-1.9476531,27515.945,0.040810876,-1.2905911
2.1413364,0.14080863,0.14371262,41.30574,21384.416,21876.914,5.104e-06,-0.049959417,-6.8520794,-9.2159042,-0.087207593,-1.8549689,27550.471,0.04100772,-1.2083441
2.1357908,0.14115165,0.14406176,41.377548,21328.701,21820.178,5.12e-06,-0.049002245,-6.8606052,-9.0393372,-0.086765602,-1.7623233,27584.822,0.042062137,-1.1261469
2.1302321,0.1414938,0.14440997,41.449192,21272.854,21763.305,5.136e-06,-0.048410371,-6.8690882,-8.9301548,-0.086323068,-1.6697136,27619,0.042471085,-1.0439974
2.1246603,0.14183505,0.14475727,41.520679,21216.869,21706.295,5.152e-06,-0.048253156,-6.8775272,-8.9011536,-0.085879982,-1.5771377,27653.002,0.042759482,-0.9618935
2.1190755,0.14217541,0.14510365,41.592003,21160.752,21649.146,5.168e-06,-0.047272865,-6.8859234,-8.7203217,-0.085436359,-1.4845935,27686.828,0.043488875,-0.87983322
2.1134775,0.14251485,0.14544912,41.66317,21104.5,21591.861,5.184e-06,-0.047220457,-6.8942757,-8.7106543,-0.084992193,-1.3920789,27720.48,0.044024475,-0.79781461
2.1078663,0.14285341,0.14579368,41.73418,21048.115,21534.441,5.2e-06,-0.046693321,-6.9025846,-8.6134148,-0.08454749,-1.2995918,27753.957,0.044853054,-0.71583575
2.1022422,0.14319105,0.1461373,41.805031,20991.596,21476.885,5.216e-06,-0.045443293,-6.9108496,-8.3828249,-0.084102258,-1.2071301,27787.258,0.044482253,-0.63389486
2.0966051,0.14352782,0.14648001,41.875729,20934.943,21419.191,5.232e-06,-0.046076786,-6.9190712,-8.4996834,-0.08365649,-1.1146922,27820.383,0.044595171,-0.55199015
2.090955,0.14386365,0.1468218,41.946266,20878.16,21361.363,5.248e-06,-0.044862211,-6.927249,-8.2756338,-0.083210193,-1.022276,27853.332,0.045658741,-0.47011989
2.0852921,0.1441986,0.14716265,42.016651,20821.242,21303.4,5.264e-06,-0.044496913,-6.9353833,-8.2082481,-0.082763374,-0.92988008,27886.104,0.045710623,-0.38828242
2.0796161,0.14453261,0.14750257,42.08688,20764.195,21245.303,5.28e-06,-0.044333529,-6.9434733,-8.1781092,-0.082316026,-0.83750248,27918.699,0.045339823,-0.30647618
2.0739274,0.14486572,0.14784156,42.156956,20707.016,21187.072,5.296e-06,-0.04311125,-6.95152,-7.9526377,-0.081868164,-0.74514163,27951.119,0.047111422,-0.22469962
2.0682259,0.14519791,0.14817962,42.226879,20649.703,21128.707,5.312e-06,-0.043001812,-6.9595222,-7.9324503,-0.081419781,-0.65279603,27983.361,0.047503587,-0.14295125
2.0625112,0.1455292,0.14851674,42.296654,20592.262,21070.207,5.328e-06,-0.042431518,-6.9674811,-7.8272491,-0.080970891,-0.56046414,28015.426,0.048065126,-0.061229665
2.0567842,0.14585954,0.14885293,42.366272,20534.689,21011.576,5.344e-06,-0.04181036,-6.9753957,-7.7126651,-0.080521479,-0.46814463,28047.314,0.048376415,0.020466506
2.051044,0.14618899,0.14918818,42.435741,20476.986,20952.811,5.36e-06,-0.041426565,-6.9832659,-7.6418676,-0.080071561,-0.37583607,28079.023,0.048580889,0.10213857
2.0452912,0.1465175,0.14952248,42.505062,20419.154,20893.914,5.376e-06,-0.040959541,-6.9910922,-7.5557165,-0.079621144,-0.28353721,28110.557,0.049363688,0.18378778
2.0395257,0.14684509,0.14985584,42.574234,20361.193,20834.885,5.392e-06,-0.041081306,-6.9988747,-7.5781784,-0.079170212,-0.19124681,28141.91,0.049864192,0.26541531
2.0337477,0.14717175,0.15018825,42.643261,20303.102,20775.725,5.408e-06,-0.040139548,-7.0066128,-7.4044542,-0.078718789,-0.098963708,28173.088,0.050440993,0.34702232
2.0279567,0.14749749,0.15051971,42.712139,20244.883,20716.432,5.424e-06,-0.039744966,-7.0143065,-7.3316665,-0.078266867,-0.0066868137,28204.086,0.050184637,0.42860991
2.0221534,0.14782228,0.15085022,42.780872,20186.535,20657.01,5.44e-06,-0.0390714,-7.021956,-7.2074156,-0.077814445,0.085584909,28234.906,0.051693778,0.5101791
2.0163372,0.14814615,0.15117978,42.849461,20128.061,20597.455,5.456e-06,-0.038605914,-7.029561,-7.1215487,-0.077361539,0.17785244,28265.547,0.051257364,0.59173083
2.0105085,0.14846908,0.15150838,42.917904,20069.459,20537.771,5.472e-06,-0.038049493,-7.0371218,-7.0189061,-0.076908141,0.27011669,28296.008,0.051367231,0.67326605
2.0046673,0.14879107,0.15183602,42.986202,20010.729,20477.959,5.488e-06,-0.037711937,-7.0446377,-6.9566388,-0.076454259,0.36237848,28326.291,0.052705467,0.75478566
1.9988135,0.14911212,0.15216272,43.054363,19951.871,20418.018,5.504e-06,-0.037155516,-7.0521097,-6.8539963,-0.075999886,0.45463863,28356.395,0.052314829,0.83629048
1.9929473,0.14943224,0.15248844,43.122383,19892.889,20357.945,5.52e-06,-0.036975179,-7.0595369,-6.8207302,-0.075545043,0.54689789,28386.32,0.05290994,0.91778123
1.9870687,0.14975139,0.15281321,43.190258,19833.779,20297.746,5.536e-06,-0.036338605,-7.0669193,-6.7033029,-0.075089715,0.63915688,28416.064,0.053579822,0.99925864
1.9811774,0.15006962,0.15313701,43.257999,19774.545,20237.418,5.552e-06,-0.035766769,-7.0742574,-6.5978174,-0.074633919,0.73141623,28445.629,0.054191716,1.0807234
1.9752738,0.1503869,0.15345983,43.3256,19715.186,20176.961,5.568e-06,-0.034784935,-7.0815506,-6.4167008,-0.074177645,0.82367653,28475.014,0.054933317,1.1621761
1.9693578,0.15070324,0.1537817,43.393066,19655.699,20116.377,5.584e-06,-0.034766439,-7.088799,-6.4132891,-0.07372091,0.91593826,28504.217,0.054762412,1.2436173
1.9634296,0.15101859,0.15410259,43.460396,19596.09,20055.668,5.6e-06,-0.033989605,-7.0960031,-6.2699881,-0.073263697,1.0082018,28533.242,0.055752739,1.3250476
1.9574889,0.15133302,0.15442251,43.527588,19536.357,19994.83,5.616e-06,-0.034223888,-7.1031618,-6.3132057,-0.072806031,1.1004678,28562.086,0.055551317,1.4064674
1.9515359,0.15164648,0.15474145,43.59465,19476.5,19933.867,5.632e-06,-0.033408519,-7.1102757,-6.1627965,-0.072347902,1.1927363,28590.748,0.055833612,1.4878772
1.9455706,0.15195899,0.15505941,43.661575,19416.52,19872.777,5.648e-06,-0.032842848,-7.1173449,-6.0584483,-0.071889319,1.2850077,28619.23,0.05710471,1.5692773
1.9395931,0.15227053,0.1553764,43.728374,19356.416,19811.562,5.664e-06,-0.032392778,-7.1243691,-5.9754248,-0.071430281,1.3772823,28647.529,0.057531968,1.650668
1.9336034,0.15258113,0.1556924,43.79504,19296.189,19750.223,5.68e-06,-0.03149572,-7.1313486,-5.8099461,-0.070970789,1.46956,28675.648,0.057292398,1.7320497
1.9276015,0.15289073,0.15600742,43.861572,19235.84,19688.758,5.696e-06,-0.03140324,-7.1382828,-5.7928867,-0.070510849,1.5618414,28703.588,0.057383955,1.8134226
1.9215873,0.15319939,0.15632145,43.927982,19175.371,19627.168,5.712e-06,-0.030644899,-7.1451716,-5.6529975,-0.070050463,1.6541262,28731.344,0.057448041,1.8947868
1.9155611,0.15350707,0.15663449,43.994263,19114.777,19565.455,5.728e-06,-0.029915847,-7.1520157,-5.5185108,-0.069589637,1.7464145,28758.918,0.058734398,1.9761426
1.9095228,0.15381379,0.15694655,44.060413,19054.064,19503.617,5.744e-06,-0.029943591,-7.1588144,-5.5236287,-0.069128364,1.8387065,28786.311,0.058964811,2.0574901
1.9034723,0.15411954,0.15725763,44.126442,18993.23,19441.658,5.76e-06,-0.029601414,-7.1655679,-5.4605079,-0.068666659,1.9310019,28813.52,0.059187599,2.1388292
1.8974098,0.15442431,0.15756769,44.192345,18932.277,19379.576,5.776e-06,-0.029098937,-7.172276,-5.3678169,-0.068204522,2.0233006,28840.547,0.060145877,2.2201602
1.8913354,0.1547281,0.15787677,44.258125,18871.203,19317.369,5.792e-06,-0.028232705,-7.1789389,-5.208025,-0.067741953,2.1156027,28867.393,0.060798973,2.3014829
1.8852489,0.15503094,0.15818486,44.323784,18810.01,19255.043,5.808e-06,-0.028138682,-7.1855569,-5.190681,-0.067278959,2.2079077,28894.055,0.061015654,2.3827972
1.8791504,0.15533277,0.15849194,44.38932,18748.697,19192.594,5.824e-06,-0.027468201,-7.1921291,-5.0669985,-0.066815533,2.3002155,28920.535,0.061372723,2.4641035
1.8730401,0.15563363,0.15879802,44.454739,18687.266,19130.023,5.84e-06,-0.02666208,-7.1986556,-4.9182954,-0.066351689,2.3925257,28946.83,0.061684012,2.5454009
1.8669178,0.1559335,0.1591031,44.520035,18625.715,19067.334,5.856e-06,-0.0268455,-7.2051373,-4.9521303,-0.065887421,2.484838,28972.943,0.062451553,2.6266899
1.8607837,0.1562324,0.15940717,44.585213,18564.047,19004.521,5.872e-06,-0.026042461,-7.2115726,-4.8039956,-0.065422744,2.5771523,28998.875,0.06247139,2.7079699
1.8546377,0.15653031,0.15971023,44.650276,18502.262,18941.59,5.888e-06,-0.025405889,-7.2179632,-4.6865687,-0.064957649,2.6694679,29024.621,0.063330486,2.7892408
1.8484799,0.15682723,0.16001229,44.715221,18440.359,18878.539,5.904e-06,-0.025461378,-7.224308,-4.6968045,-0.064492144,2.7617846,29050.184,0.063434251,2.8705025
1.8423104,0.15712315,0.16031334,44.780052,18378.34,18815.369,5.92e-06,-0.025077583,-7.230607,-4.6260071,-0.064026237,2.8541014,29075.562,0.063423567,2.9517543
1.8361291,0.15741809,0.16061337,44.844769,18316.203,18752.08,5.936e-06,-0.023858385,-7.2368603,-4.401104,-0.06355992,2.9464183,29100.758,0.063570052,3.0329964
1.8299361,0.15771201,0.16091238,44.909374,18253.951,18688.672,5.952e-06,-0.023687296,-7.2430677,-4.3695436,-0.0630932,3.0387347,29125.768,0.064462721,3.114228
1.8237314,0.15800497,0.16121039,44.973866,18191.582,18625.146,5.968e-06,-0.023155535,-7.2492299,-4.2714505,-0.062626086,3.1310499,29150.594,0.064806052,3.1954489
1.8175151,0.15829691,0.16150737,45.038246,18129.1,18561.504,5.984e-06,-0.022700839,-7.2553458,-4.1875739,-0.06215857,3.2233629,29175.236,0.065474413,3.2766585
1.8112873,0.15858786,0.16180333,45.102516,18066.502,18497.742,6e-06,-0.022179866,-7.261416,-4.0914712,-0.061690666,3.3156738,29199.693,0.065865047,3.3578565
1.8050478,0.15887779,0.16209827,45.166676,18003.789,18433.865,6.016e-06,-0.021936335,-7.2674403,-4.0465474,-0.061222371,3.4079812,29223.965,0.066193119,3.4390426
1.7987968,0.15916674,0.1623922,45.230728,17940.963,18369.871,6.032e-06,-0.021626526,-7.2734189,-3.9893978,-0.060753688,3.5002849,29248.053,0.066475414,3.5202157
1.7925342,0.15945467,0.16268508,45.29467,17878.021,18305.762,6.048e-06,-0.02090672,-7.2793517,-3.856617,-0.060284622,3.5925837,29271.955,0.066394545,3.6013758
1.7862602,0.15974161,0.16297695,45.358509,17814.969,18241.537,6.064e-06,-0.020018909,-7.2852383,-3.6928444,-0.059815176,3.6848772,29295.672,0.067224644,3.6825223
1.7799748,0.16002752,0.16326778,45.422241,17751.803,18177.195,6.08e-06,-0.019917181,-7.2910786,-3.6740787,-0.05934535,3.7771645,29319.203,0.067346722,3.7636542
1.7736779,0.16031244,0.16355759,45.485867,17688.523,18112.74,6.096e-06,-0.019786168,-7.2968731,-3.6499109,-0.058875151,3.8694444,29342.549,0.068298899,3.8447714
1.7673697,0.16059633,0.16384636,45.549389,17625.133,18048.17,6.112e-06,-0.019240534,-7.3026214,-3.5492589,-0.05840458,3.9617164,29365.711,0.068047121,3.9258728
1.7610503,0.16087921,0.1641341,45.612808,17561.629,17983.486,6.128e-06,-0.01825716,-7.3083239,-3.3678582,-0.057933636,4.0539794,29388.684,0.068887904,4.006958
1.7547195,0.16116108,0.1644208,45.676125,17498.016,17918.689,6.144e-06,-0.017814795,-7.3139801,-3.2862561,-0.057462331,4.1462331,29411.473,0.069269389,4.088026
1.7483774,0.16144192,0.16470645,45.739338,17434.291,17853.777,6.16e-06,-0.017253747,-7.3195896,-3.182761,-0.056990661,4.2384758,29434.076,0.070496231,4.1690769
1.7420242,0.16172175,0.16499107,45.802452,17370.455,17788.754,6.176e-06,-0.017201342,-7.3251534,-3.1730938,-0.056518629,4.3307066,29456.492,0.070128486,4.2501087
1.7356597,0.16200057,0.16527465,45.865467,17306.51,17723.619,6.192e-06,-0.016816007,-7.3306708,-3.1020119,-0.056046244,4.422925,29478.721,0.070630513,4.3311219
1.729284,0.16227834,0.16555718,45.928379,17242.453,17658.371,6.208e-06,-0.016478455,-7.3361421,-3.0397444,-0.055573501,4.5151296,29500.764,0.07091891,4.4121151
1.7228974,0.16255511,0.16583867,45.991196,17178.289,17593.012,6.224e-06,-0.016059211,-7.3415666,-2.9624074,-0.055100407,4.6073194,29522.621,0.071724601,4.4930873
1.7164996,0.16283083,0.16611911,46.053909,17114.016,17527.541,6.24e-06,-0.015344028,-7.3469453,-2.8304794,-0.054626968,4.6994934,29544.291,0.071843624,4.574038
1.7100908,0.16310555,0.1663985,46.116528,17049.635,17461.961,6.256e-06,-0.014594938,-7.3522773,-2.6922963,-0.054153182,4.7916508,29565.773,0.07189703,4.6549664
1.703671,0.16337921,0.16667685,46.17905,16985.145,17396.27,6.272e-06,-0.014026184,-7.3575625,-2.5873795,-0.053679053,4.88379,29587.068,0.073340558,4.7358718
1.6972402,0.16365185,0.16695413,46.241474,16920.547,17330.467,6.288e-06,-0.013983026,-7.3628016,-2.5794182,-0.053204585,4.9759107,29608.176,0.073442794,4.8167529
1.6907985,0.16392346,0.16723037,46.303802,16855.842,17264.557,6.304e-06,-0.013870508,-7.3679943,-2.5586624,-0.052729778,5.0680108,29629.098,0.073535874,4.8976092
1.684346,0.16419403,0.16750553,46.366039,16791.029,17198.537,6.32e-06,-0.01251413,-7.3731403,-2.3084543,-0.052254643,5.16009,29649.83,0.073943295,4.9784398
1.6778827,0.16446356,0.16777965,46.428177,16726.111,17132.408,6.336e-06,-0.012105675,-7.3782396,-2.2331073,-0.051779173,5.2521467,29670.377,0.075133517,5.0592437
1.6714084,0.16473207,0.16805272,46.490219,16661.088,17066.172,6.352e-06,-0.011523049,-7.3832927,-2.1256316,-0.051303379,5.3441796,29690.734,0.075151831,5.1400199
1.6649235,0.16499953,0.16832471,46.55217,16595.959,16999.826,6.368e-06,-0.011755791,-7.3882985,-2.168565,-0.050827261,5.4361882,29710.904,0.074904628,5.220768
1.6584278,0.16526595,0.16859564,46.614025,16530.723,16933.375,6.384e-06,-0.010744673,-7.3932581,-1.9820464,-0.050350823,5.5281711,29730.887,0.075806454,5.301486
1.6519215,0.16553131,0.16886552,46.675789,16465.383,16866.816,6.4e-06,-0.010727718,-7.3981709,-1.9789188,-0.049874064,5.6201267,29750.68,0.076264232,5.382174
1.6454046,0.16579564,0.16913432,46.737457,16399.939,16800.15,6.416e-06,-0.010317722,-7.4030371,-1.9032876,-0.049396988,5.7120543,29770.285,0.07619556,5.4628305
1.638877,0.16605891,0.16940205,46.799034,16334.392,16733.379,6.432e-06,-0.00947461,-7.4078565,-1.7477605,-0.048919603,5.8039527,29789.703,0.077472761,5.5434551
1.6323389,0.16632114,0.16966872,46.860519,16268.74,16666.502,6.448e-06,-0.009211041,-7.4126291,-1.6991405,-0.048441909,5.8958201,29808.932,0.076761678,5.6240463
1.6257902,0.16658232,0.1699343,46.921913,16202.985,16599.52,6.464e-06,-0.0087563461,-7.4173546,-1.6152639,-0.047963906,5.9876561,29827.971,0.077663504,5.7046032
1.6192311,0.16684245,0.17019883,46.983215,16137.128,16532.432,6.48e-06,-0.0078747002,-7.4220333,-1.4526287,-0.047485601,6.0794587,29846.822,0.078511916,5.7851253
1.6126616,0.16710152,0.17046227,47.044422,16071.168,16465.24,6.496e-06,-0.0081151491,-7.4266653,-1.4969838,-0.047006998,6.1712275,29865.484,0.079074986,5.8656106
1.6060817,0.16735955,0.17072463,47.105537,16005.106,16397.945,6.512e-06,-0.0071117375,-7.4312506,-1.3118867,-0.046528097,6.2629604,29883.957,0.079050571,5.9460592
1.5994915,0.1676165,0.17098592,47.166565,15938.943,16330.546,6.528e-06,-0.007063956,-7.4357886,-1.3030725,-0.046048902,6.3546572,29902.242,0.079560228,6.0264697
1.5928909,0.1678724,0.17124613,47.227497,15872.68,16263.043,6.544e-06,-0.0062300917,-7.44028,-1.1492513,-0.045569416,6.4463158,29920.336,0.079352699,6.1068411
1.58628,0.16812724,0.17150526,47.288342,15806.315,16195.438,6.56e-06,-0.006131446,-7.4447241,-1.1310544,-0.04508964,6.5379353,29938.242,0.080724508,6.1871724
1.579659,0.16838102,0.1717633,47.349091,15739.851,16127.73,6.576e-06,-0.0053731073,-7.449121,-0.99116534,-0.04460958,6.6295147,29955.959,0.080983914,6.2674627
1.5730277,0.16863374,0.17202026,47.409748,15673.285,16059.921,6.592e-06,-0.0049122469,-7.4534712,-0.90615141,-0.044129241,6.7210526,29973.484,0.0817362,6.3477111
1.5663863,0.16888539,0.17227612,47.470318,15606.621,15992.01,6.608e-06,-0.0045654457,-7.4577742,-0.84217775,-0.043648619,6.8125477,29990.822,0.081704155,6.427916
1.5597349,0.16913597,0.17253092,47.530792,15539.858,15923.998,6.624e-06,-0.0037223333,-7.4620299,-0.68665069,-0.043167721,6.9039989,30007.969,0.081955932,6.5080776
1.5530734,0.16938549,0.17278461,47.591175,15472.997,15855.886,6.64e-06,-0.0036714692,-7.466239,-0.67726785,-0.042686556,6.9954047,30024.926,0.082061224,6.5881939
1.546402,0.16963394,0.17303722,47.651466,15406.037,15787.673,6.656e-06,-0.0031689927,-7.4704003,-0.58457714,-0.042205114,7.0867648,30041.693,0.082404554,6.6682639
1.5397204,0.16988131,0.17328872,47.711662,15338.979,15719.361,6.672e-06,-0.0032830518,-7.474515,-0.60561734,-0.041723412,7.1780767,30058.27,0.0831782,6.7482872
1.5330291,0.17012762,0.17353913,47.77177,15271.825,15650.949,6.688e-06,-0.0021116342,-7.4785819,-0.38952854,-0.041241441,7.2693405,30074.656,0.08332774,6.8282628
1.5263278,0.17037284,0.17378846,47.831779,15204.574,15582.438,6.704e-06,-0.0015798723,-7.4826021,-0.2914356,-0.04075921,7.3605542,30090.852,0.084443189,6.9081893
1.5196167,0.17061698,0.17403667,47.891697,15137.227,15513.83,6.72e-06,-0.0013594609,-7.4865746,-0.25077677,-0.040276721,7.4517164,30106.857,0.084205143,6.9880662
1.5128958,0.17086007,0.1742838,47.951523,15069.782,15445.123,6.736e-06,-0.00067356508,-7.4905,-0.12425108,-0.039793979,7.5428271,30122.674,0.084748372,7.0678921
1.5061653,0.17110206,0.17452982,48.011253,15002.243,15376.318,6.752e-06,2.0037405e-05,-7.4943781,0.0036962563,-0.039310988,7.633884,30138.299,0.08509171,7.147666
1.4994249,0.17134298,0.17477474,48.070885,14934.608,15307.417,6.768e-06,0.00025432091,-7.4982085,0.046914022,-0.038827743,7.7248864,30153.732,0.086025573,7.2273879
1.4926749,0.1715828,0.17501855,48.130424,14866.88,15238.419,6.784e-06,0.0011513801,-7.5019922,0.21239257,-0.038344257,7.8158331,30168.977,0.085926391,7.3070555
1.4859153,0.17182156,0.17526126,48.189865,14799.056,15169.324,6.8e-06,0.0012608152,-7.5057282,0.23257981,-0.037860528,7.906723,30184.027,0.085769221,7.3866692
1.4791462,0.17205922,0.17550287,48.24921,14731.139,15100.134,6.816e-06,0.0020761834,-7.5094166,0.38298902,-0.037376557,7.9975553,30198.889,0.086736657,7.4662271
1.4723675,0.17229579,0.17574336,48.308456,14663.128,15030.849,6.832e-06,0.0024430221,-7.5130577,0.45065895,-0.036892354,8.0883284,30213.559,0.087125763,7.5457287
1.4655794,0.17253128,0.17598273,48.367603,14595.024,14961.468,6.848e-06,0.002783658,-7.5166516,0.51349527,-0.036407914,8.1790419,30228.039,0.087507248,7.6251731
1.4587818,0.17276569,0.17622101,48.426655,14526.828,14891.992,6.864e-06,0.0031905714,-7.5201979,0.58855772,-0.035923246,8.2696934,30242.326,0.087591171,7.7045593
1.4519749,0.17299899,0.17645817,48.4856,14458.54,14822.423,6.88e-06,0.0036514318,-7.5236964,0.67357165,-0.035438351,8.3602839,30256.422,0.088500626,7.7838864
1.4451586,0.17323121,0.17669421,48.544449,14390.159,14752.761,6.896e-06,0.0035558688,-7.5271473,0.65594333,-0.034953229,8.4508104,30270.328,0.088660851,7.8631539
1.438333,0.17346232,0.17692913,48.603191,14321.688,14683.004,6.912e-06,0.004284922,-7.530551,0.79043019,-0.034467887,8.5412722,30284.041,0.089452803,7.9423609
1.4314982,0.17369236,0.17716295,48.661835,14253.126,14613.155,6.928e-06,0.0051650265,-7.5339074,0.95278114,-0.033982329,8.63167,30297.562,0.089104891,8.0215063
1.4246541,0.17392127,0.17739564,48.720371,14184.474,14543.215,6.944e-06,0.0053484458,-7.5372157,0.98661608,-0.033496555,8.7220011,30310.893,0.089988403,8.1005888
1.4178009,0.17414911,0.17762721,48.778801,14115.731,14473.182,6.96e-06,0.0057322392,-7.5404763,1.0574136,-0.033010572,8.8122644,30324.029,0.090571307,8.1796083
1.4109386,0.17437583,0.17785765,48.837128,14046.899,14403.058,6.976e-06,0.0063148653,-7.5436897,1.1648893,-0.032524377,8.9024611,30336.977,0.090617083,8.2585649
1.4040673,0.17460147,0.17808698,48.895344,13977.978,14332.842,6.992e-06,0.0072211726,-7.5468554,1.3320739,-0.032037977,8.992588,30349.73,0.09150365,8.3374557
1.3971869,0.17482598,0.17831518,48.953453,13908.968,14262.536,7.008e-06,0.0072088419,-7.549973,1.3297993,-0.031551376,9.0826445,30362.291,0.091973633,8.4162817
1.3902975,0.17504941,0.17854226,49.011452,13839.87,14192.14,7.024e-06,0.0070485426,-7.5530434,1.3002292,-0.031064574,9.1726303,30374.662,0.091709644,8.4950409
1.3833992,0.17527172,0.1787682,49.069336,13770.685,14121.654,7.04e-06,0.0080242101,-7.556066,1.4802085,-0.030577576,9.2625446,30386.84,0.091889709,8.5737343
1.376492,0.17549294,0.17899302,49.12711,13701.411,14051.079,7.056e-06,0.0085898815,-7.5590405,1.5845566,-0.030090386,9.3523874,30398.824,0.092579424,8.652359
1.3695761,0.17571303,0.17921671,49.184765,13632.051,13980.416,7.072e-06,0.0082615763,-7.5619678,1.5239949,-0.029603004,9.4421558,30410.617,0.093224891,8.730916
1.3626512,0.17593203,0.17943926,49.242306,13562.604,13909.664,7.088e-06,0.0093127694,-7.564847,1.7179062,-0.029115435,9.5318499,30422.219,0.09326914,8.8094044
1.3557178,0.1761499,0.17966068,49.299728,13493.072,13838.824,7.104e-06,0.010014079,-7.5676785,1.8472751,-0.028627682,9.6214695,30433.627,0.093537703,8.8878231
1.3487755,0.17636667,0.17988096,49.357033,13423.454,13767.897,7.12e-06,0.010518096,-7.5704622,1.9402502,-0.02813975,9.7110138,30444.842,0.094833218,8.9661713
1.3418247,0.17658232,0.18010011,49.414215,13353.751,13696.883,7.136e-06,0.011105346,-7.5731978,2.048579,-0.027651638,9.8004818,30455.865,0.095355086,9.0444479
1.3348651,0.17679687,0.18031813,49.471275,13283.963,13625.782,7.152e-06,0.011536921,-7.5758858,2.1281905,-0.027163351,9.8898726,30466.695,0.095478684,9.122654
1.3278971,0.17701028,0.180535,49.52821,13214.09,13554.596,7.168e-06,0.01119012,-7.578526,2.0642169,-0.026674893,9.9791851,30477.332,0.094869837,9.2007885
1.3209206,0.17722259,0.18075073,49.585018,13144.134,13483.323,7.184e-06,0.012201238,-7.5811181,2.2507358,-0.026186267,10.068419,30487.775,0.095698416,9.2788496
1.3139355,0.17743377,0.18096532,49.641697,13074.095,13411.966,7.2e-06,0.01231838,-7.5836625,2.2723446,-0.025697473,10.157576,30498.027,0.095841855,9.3568382
1.3069421,0.17764384,0.18117878,49.698242,13003.972,13340.523,7.216e-06,0.012810067,-7.5861592,2.363045,-0.02520852,10.246652,30508.086,0.096868798,9.4347534
1.2999403,0.17785276,0.18139108,49.754662,12933.767,13268.997,7.232e-06,0.013748743,-7.5886078,2.5362005,-0.024719406,10.335648,30517.951,0.09703818,9.5125942
1.2929302,0.17806059,0.18160224,49.81094,12863.479,13197.387,7.248e-06,0.014533284,-7.5910082,2.680923,-0.024230136,10.424562,30527.623,0.098063603,9.5903606
1.2859119,0.17826729,0.18181224,49.867085,12793.111,13125.693,7.264e-06,0.014513247,-7.5933609,2.6772268,-0.023740711,10.513396,30537.102,0.097802669,9.6680527
1.2788854,0.17847285,0.18202111,49.923092,12722.661,13053.917,7.28e-06,0.01478144,-7.5956659,2.7266998,-0.023251137,10.602149,30546.389,0.0987579,9.7456684
1.2718506,0.17867729,0.18222882,49.978954,12652.131,12982.058,7.296e-06,0.015434967,-7.5979223,2.8472545,-0.022761418,10.690819,30555.48,0.098770104,9.8232088
1.2648077,0.1788806,0.18243538,50.034676,12581.521,12910.117,7.312e-06,0.015763273,-7.600131,2.9078164,-0.022271551,10.779407,30564.379,0.099851988,9.9006739
1.2577567,0.17908278,0.18264079,50.090252,12510.829,12838.095,7.328e-06,0.016342817,-7.6022921,3.0147235,-0.021781547,10.867911,30573.086,0.099316388,9.9780617
1.2506976,0.17928384,0.18284504,50.145676,12440.06,12765.99,7.344e-06,0.016965518,-7.6044049,3.1295917,-0.021291403,10.956332,30581.598,0.09954375,10.055373
1.2436306,0.17948374,0.18304814,50.200954,12369.21,12693.807,7.36e-06,0.016982472,-7.6064696,3.1327193,-0.020801125,11.04467,30589.916,0.1004883,10.132607
1.2365558,0.17968254,0.18325008,50.256077,12298.282,12621.542,7.376e-06,0.017565098,-7.6084862,3.240195,-0.020310715,11.132924,30598.041,0.1007416,10.209764
1.229473,0.17988019,0.18345088,50.311043,12227.277,12549.197,7.392e-06,0.018301858,-7.6104546,3.3761036,-0.019820178,11.221093,30605.973,0.10138859,10.286844
1.2223823,0.1800767,0.18365051,50.365852,12156.194,12476.774,7.408e-06,0.01860242,-7.6123753,3.4315474,-0.019329514,11.309178,30613.709,0.10151372,10.363846
1.2152839,0.18027207,0.18384898,50.420498,12085.033,12404.271,7.424e-06,0.018847492,-7.6142473,3.4767556,-0.018838728,11.397178,30621.254,0.10234382,10.440769
1.2081777,0.18046631,0.18404628,50.474979,12013.797,12331.691,7.44e-06,0.019453239,-7.6160717,3.5884962,-0.018347824,11.485093,30628.604,0.10263222,10.517615
1.2010638,0.1806594,0.18424243,50.529297,11942.483,12259.033,7.456e-06,0.020100601,-7.6178479,3.7079136,-0.017856803,11.572923,30635.76,0.10293894,10.594382
1.1939423,0.18085137,0.18443741,50.583447,11871.094,12186.297,7.472e-06,0.02068785,-7.619576,3.8162425,-0.01736567,11.660667,30642.723,0.10324565,10.671071
1.1868132,0.18104218,0.18463123,50.637421,11799.63,12113.484,7.488e-06,0.020632362,-7.6212559,3.8060067,-0.016874425,11.748327,30649.492,0.10316171,10.747682
1.1796765,0.18123186,0.18482387,50.691219,11728.091,12040.595,7.504e-06,0.021393783,-7.6228881,3.9464643,-0.016383076,11.8359,30656.066,0.10345469,10.824214
1.1725323,0.18142037,0.18501535,50.744843,11656.477,11967.629,7.52e-06,0.021709759,-7.6244717,4.0047517,-0.015891621,11.923389,30662.447,0.10399792,10.900667
1.1653807,0.18160775,0.18520567,50.798283,11584.789,11894.588,7.536e-06,0.022155205,-7.6260071,4.0869222,-0.015400067,12.010792,30668.633,0.10490432,10.977041
1.1582217,0.18179399,0.18539481,50.85154,11513.027,11821.472,7.552e-06,0.023001401,-7.6274943,4.2430177,-0.014908415,12.098109,30674.625,0.10520951,11.053337
1.1510555,0.18197908,0.18558279,50.90461,11441.193,11748.281,7.568e-06,0.023526996,-7.6289334,4.3399734,-0.014416669,12.185341,30680.424,0.10593432,11.129555
1.1438818,0.18216302,0.18576957,50.957485,11369.286,11675.016,7.584e-06,0.024115788,-7.6303244,4.4485865,-0.013924832,12.272488,30686.027,0.10560625,11.205693
1.1367009,0.18234579,0.18595521,51.01017,11297.307,11601.677,7.6e-06,0.024302291,-7.6316671,4.4829903,-0.013432906,12.359549,30691.438,0.10667898,11.281754
1.1295128,0.18252742,0.18613966,51.062656,11225.256,11528.265,7.616e-06,0.024656799,-7.6329618,4.5483856,-0.012940895,12.446525,30696.654,0.10707724,11.357736
1.1223176,0.18270791,0.18632293,51.114944,11153.134,11454.779,7.632e-06,0.025247131,-7.6342082,4.6572828,-0.012448803,12.533417,30701.676,0.10752586,11.43364
1.1151152,0.18288723,0.18650503,51.167027,11080.94,11381.223,7.648e-06,0.025657127,-7.6354065,4.732914,-0.011956631,12.620223,30706.502,0.10796075,11.509465
1.1079059,0.18306541,0.18668595,51.218899,11008.678,11307.594,7.664e-06,0.025832839,-7.6365561,4.7653275,-0.011464384,12.706944,30711.135,0.10864437,11.585214
1.1006894,0.18324243,0.1868657,51.270565,10936.344,11233.893,7.68e-06,0.026825462,-7.6376576,4.9484344,-0.010972065,12.793582,30715.574,0.10858791,11.660884
1.093466,0.18341829,0.18704426,51.322014,10863.941,11160.121,7.696e-06,0.027119858,-7.6387115,5.0027409,-0.010479676,12.880136,30719.818,0.10932646,11.736476
1.0862359,0.18359298,0.18722163,51.373245,10791.47,11086.279,7.712e-06,0.026990386,-7.6397161,4.978857,-0.0099872202,12.966606,30723.867,0.10903195,11.811992
1.0789988,0.18376653,0.18739784,51.424255,10718.93,11012.367,7.728e-06,0.027898233,-7.6406732,5.1463261,-0.0094947014,13.052993,30727.723,0.10963927,11.887431
1.0717549,0.18393889,0.18757285,51.47504,10646.321,10938.386,7.744e-06,0.028824579,-7.641582,5.3172069,-0.009002123,13.139297,30731.385,0.11048464,11.962793
1.0645043,0.18411012,0.18774667,51.525597,10573.645,10864.335,7.76e-06,0.02892939,-7.6424422,5.3365412,-0.0085094869,13.225518,30734.852,0.110506,12.038079
1.0572469,0.18428017,0.18791932,51.57592,10500.901,10790.215,7.776e-06,0.029579835,-7.6432543,5.4565272,-0.0080167977,13.311658,30738.123,0.11208991,12.113289
1.0499829,0.18444906,0.18809077,51.626003,10428.092,10716.027,7.792e-06,0.030108513,-7.6440182,5.5540514,-0.0075240573,13.397716,30741.199,0.11180609,12.188424
1.0427123,0.18461679,0.18826105,51.67585,10355.216,10641.772,7.808e-06,0.029951297,-7.6447334,5.5250502,-0.0070312689,13.483692,30744.082,0.11188544,12.263484
1.0354352,0.18478335,0.18843013,51.725452,10282.274,10567.45,7.824e-06,0.030852981,-7.645401,5.6913815,-0.0065384363,13.569588,30746.771,0.11216926,12.338469
1.0281516,0.18494874,0.18859801,51.774803,10209.267,10493.061,7.84e-06,0.031264517,-7.6460199,5.7672973,-0.0060455622,13.655404,30749.266,0.11300241,12.41338
1.0208615,0.18511297,0.18876471,51.823902,10136.195,10418.605,7.856e-06,0.031406321,-7.6465902,5.7934551,-0.0055526495,13.74114,30751.564,0.11312144,12.488216
1.0135651,0.18527602,0.18893021,51.872746,10063.059,10344.084,7.872e-06,0.032348078,-7.6471128,5.9671793,-0.0050597019,13.826798,30753.668,0.11346629,12.562981
1.0062623,0.1854379,0.18909453,51.921329,9989.8584,10269.497,7.888e-06,0.032426689,-7.6475868,5.9816799,-0.0045667221,13.912378,30755.578,0.1140141,12.637672
0.99895322,0.18559861,0.18925765,51.96965,9916.5947,10194.846,7.904e-06,0.032644015,-7.6480126,6.02177,-0.0040737134,13.99788,30757.293,0.11359447,12.712292
0.99163789,0.18575816,0.18941957,52.017696,9843.2676,10120.13,7.92e-06,0.033143409,-7.6483898,6.1138921,-0.0035806785,14.083305,30758.814,0.11460616,12.786839
0.98431641,0.18591653,0.18958029,52.065475,9769.8789,10045.351,7.936e-06,0.034055881,-7.6487188,6.2822142,-0.0030876209,14.168655,30760.141,0.11528062,12.861317
0.97698873,0.18607372,0.18973982,52.112972,9696.4268,9970.5068,7.952e-06,0.034368776,-7.6489997,6.3399324,-0.0025945439,14.253929,30761.271,0.11500137,12.935723
0.96965504,0.18622974,0.18989815,52.160191,9622.9141,9895.6006,7.968e-06,0.03491595,-7.6492324,6.4408689,-0.0021014502,14.339128,30762.207,0.11618244,13.010061
0.96231526,0.18638459,0.19005528,52.207123,9549.3398,9820.6318,7.984e-06,0.035242714,-7.6494164,6.5011463,-0.001608343,14.424254,30762.949,0.11612445,13.08433
0.95496953,0.18653825,0.19021121,52.253761,9475.7051,9745.6016,8e-06,0.035894699,-7.6495523,6.6214166,-0.0011152256,14.509307,30763.498,0.11734519,13.158529
0.94761783,0.18669073,0.19036594,52.30011,9402.0098,9670.5088,8.016e-06,0.036107406,-7.6496396,6.6606536,-0.00062210095,14.594288,30763.85,0.11778618,13.232662
0.94026023,0.18684204,0.19051947,52.346157,9328.2549,9595.3555,8.032e-06,0.036648415,-7.6496792,6.7604527,-0.0001289722,14.679197,30764.008,0.11788079,13.306728
0.93289685,0.18699217,0.19067179,52.391899,9254.4414,9520.1416,8.048e-06,0.037650283,-7.6496696,6.9452653,0.00036415749,14.764037,30763.971,0.1176458,13.380729
0.92552769,0.18714112,0.1908229,52.437336,9180.5684,9444.8672,8.064e-06,0.037382092,-7.6496124,6.8957925,0.00085728505,14.848807,30763.74,0.11813562,13.454663
0.91815281,0.18728888,0.19097281,52.482456,9106.6367,9369.5332,8.08e-06,0.038004793,-7.6495066,7.0106606,0.0013504074,14.933509,30763.312,0.1185873,13.528534
0.91077226,0.18743546,0.19112152,52.527264,9032.6475,9294.1406,8.096e-06,0.038917266,-7.6493526,7.1789827,0.0018435213,15.018144,30762.693,0.1190878,13.602341
0.90338606,0.18758087,0.19126901,52.571743,8958.6016,9218.6885,8.112e-06,0.038810913,-7.6491504,7.1593642,0.0023366236,15.102712,30761.877,0.11953185,13.676085
0.89599431,0.18772507,0.19141531,52.615902,8884.498,9143.1787,8.128e-06,0.039462898,-7.6488996,7.2796345,0.0028297114,15.187214,30760.867,0.12021852,13.749767
0.88859701,0.1878681,0.19156039,52.659725,8810.3379,9067.6113,8.144e-06,0.040188871,-7.6486006,7.4135528,0.0033227815,15.271652,30759.662,0.12033601,13.823389
0.88119429,0.18800995,0.19170426,52.703217,8736.1221,8991.9863,8.16e-06,0.040646646,-7.648253,7.4979978,0.0038158309,15.356028,30758.262,0.12095248,13.89695
0.87378615,0.1881506,0.19184692,52.746365,8661.8496,8916.3047,8.176e-06,0.041201528,-7.6478572,7.6003556,0.0043088561,15.440341,30756.668,0.12129276,13.970452
0.86637259,0.18829006,0.19198836,52.789165,8587.5234,8840.5664,8.192e-06,0.041748706,-7.6474133,7.701292,0.0048018545,15.524592,30754.879,0.12267525,14.043897
0.85895377,0.18842834,0.1921286,52.831619,8513.1416,8764.7725,8.208e-06,0.042092424,-7.6469212,7.7646971,0.0052948226,15.608785,30752.896,0.12175664,14.117283
0.85152966,0.18856542,0.19226763,52.873718,8438.707,8688.9229,8.224e-06,0.042688921,-7.6463804,7.874732,0.0057877572,15.692918,30750.719,0.12277902,14.190614
0.84410036,0.18870132,0.19240543,52.915455,8364.2178,8613.0186,8.24e-06,0.042844597,-7.6457915,7.9034491,0.0062806555,15.776994,30748.346,0.12335887,14.263889
0.83666587,0.18883602,0.19254203,52.956829,8289.6748,8537.0605,8.256e-06,0.043823346,-7.6451545,8.0839968,0.0067735147,15.861013,30745.777,0.12337413,14.337111
0.82922632,0.18896954,0.19267741,52.997829,8215.0801,8461.0479,8.272e-06,0.043638386,-7.6444688,8.0498772,0.0072663305,15.944978,30743.016,0.12386548,14.410278
0.82178169,0.18910185,0.19281156,53.03846,8140.4331,8384.9824,8.288e-06,0.044723488,-7.6437354,8.2500439,0.0077591012,16.028889,30740.061,0.12423933,14.483394
0.81433207,0.18923298,0.19294451,53.078709,8065.7339,8308.8633,8.304e-06,0.044566274,-7.6429529,8.2210426,0.0082518226,16.112745,30736.908,0.12487106,14.556458
0.80687743,0.1893629,0.19307622,53.118572,7990.9834,8232.6914,8.32e-06,0.045620549,-7.6421227,8.4155226,0.0087444922,16.196552,30733.564,0.124662,14.629473
0.79941797,0.18949163,0.19320673,53.158047,7916.1821,8156.4683,8.336e-06,0.045948852,-7.6412444,8.4760847,0.0092371069,16.28031,30730.023,0.12504959,14.702438
0.79195362,0.18961917,0.19333601,53.197128,7841.3306,8080.1934,8.352e-06,0.046517607,-7.6403174,8.5810013,0.0097296638,16.364016,30726.289,0.12642293,14.775356
0.78448445,0.1897455,0.19346407,53.235809,7766.4292,8003.8672,8.368e-06,0.046719521,-7.6393423,8.618248,0.010222158,16.447676,30722.361,0.1262978,14.848227
0.77701056,0.18987064,0.19359091,53.274082,7691.4785,7927.4907,8.384e-06,0.04705245,-7.638319,8.6796627,0.01071459,16.53129,30718.238,0.12693717,14.921052
0.76953197,0.18999457,0.19371653,53.311951,7616.4785,7851.0645,8.4e-06,0.048430409,-7.6372471,8.9338512,0.011206952,16.614859,30713.92,0.12693259,14.993834
0.76204872,0.19011731,0.19384092,53.349403,7541.4302,7774.5879,8.416e-06,0.048179172,-7.6361275,8.8875065,0.011699244,16.698385,30709.408,0.12746207,15.066571
0.75456089,0.19023886,0.19396409,53.386433,7466.334,7698.063,8.432e-06,0.048797246,-7.6349592,9.0015211,0.012191463,16.781868,30704.701,0.12743615,15.139266
0.74706852,0.19035919,0.19408603,53.423038,7391.1899,7621.4888,8.448e-06,0.049128637,-7.6337428,9.0626516,0.012683606,16.865311,30699.801,0.12750633,15.211921
0.73957163,0.19047832,0.19420676,53.459217,7315.999,7544.8667,8.464e-06,0.049470812,-7.6324782,9.1257725,0.013175667,16.948713,30694.705,0.12855464,15.284535
0.73207027,0.19059625,0.19432624,53.494961,7240.7617,7468.1973,8.48e-06,0.050347835,-7.6311655,9.2875547,0.013667646,17.03208,30689.416,0.1291818,15.357112
0.72456455,0.19071299,0.19444451,53.530262,7165.478,7391.4805,8.496e-06,0.050794821,-7.6298046,9.3700094,0.014159539,17.115408,30683.934,0.12924589,15.42965
0.71705449,0.1908285,0.19456154,53.565117,7090.1484,7314.7168,8.512e-06,0.050921213,-7.6283956,9.3933249,0.014651342,17.198702,30678.256,0.12967619,15.502153
0.70954013,0.19094282,0.19467735,53.599522,7014.7744,7237.9067,8.528e-06,0.051550079,-7.6269379,9.5093298,0.015143054,17.281961,30672.385,0.13067721,15.57462
0.70202154,0.19105594,0.19479193,53.633472,6939.3555,7161.0513,8.544e-06,0.051537748,-7.6254325,9.5070553,0.015634669,17.365189,30666.318,0.13036896,15.647055
0.69449872,0.19116785,0.19490527,53.666962,6863.8921,7084.1509,8.56e-06,0.052528828,-7.623879,9.6898775,0.016126186,17.448387,30660.059,0.13114262,15.719456
0.68697178,0.19127853,0.19501738,53.699982,6788.3853,7007.2051,8.576e-06,0.053310286,-7.6222768,9.8340321,0.0166176,17.531555,30653.604,0.13188116,15.791826
0.67944074,0.19138803,0.19512826,53.732536,6712.835,6930.2153,8.592e-06,0.053159237,-7.6206269,9.8061676,0.017108912,17.614695,30646.957,0.131872,15.864167
0.67190564,0.19149631,0.19523792,53.76461,6637.2417,6853.1821,8.608e-06,0.054019302,-7.6189289,9.9648228,0.017600114,17.697807,30640.115,0.13200934,15.936479
0.66436654,0.19160338,0.19534634,53.796204,6561.6064,6776.105,8.624e-06,0.054478623,-7.6171823,10.049552,0.018091206,17.780897,30633.078,0.13280892,16.008762
0.65682352,0.19170924,0.19545352,53.827309,6485.9297,6698.9858,8.64e-06,0.054480165,-7.6153879,10.049836,0.018582182,17.863962,30625.85,0.13267922,16.08102
0.64927655,0.19181389,0.19555947,53.857925,6410.2109,6621.8237,8.656e-06,0.055321734,-7.6135454,10.205079,0.019073043,17.947006,30618.426,0.13395184,16.153254
0.64172578,0.19191733,0.19566418,53.888042,6334.4517,6544.6201,8.672e-06,0.055674702,-7.6116548,10.27019,0.019563783,18.030029,30610.809,0.13349558,16.225464
0.63417125,0.19201955,0.19576766,53.91766,6258.6519,6467.375,8.688e-06,0.056741308,-7.6097164,10.466945,0.020054398,18.113033,30602.998,0.13414869,16.297651
0.6266129,0.19212057,0.19586991,53.946766,6182.8125,6390.0889,8.704e-06,0.057035703,-7.6077294,10.521252,0.020544888,18.19602,30594.992,0.13467513,16.369818
0.61905086,0.19222037,0.19597091,53.975361,6106.9336,6312.7627,8.72e-06,0.057229914,-7.6056948,10.557076,0.021035248,18.27899,30586.795,0.13546708,16.441963
0.61148518,0.19231895,0.19607067,54.003441,6031.0156,6235.3965,8.736e-06,0.057715435,-7.6036119,10.64664,0.021525476,18.361946,30578.402,0.13570055,16.514091
0.60391587,0.19241633,0.1961692,54.030994,5955.0591,6157.9907,8.752e-06,0.058293436,-7.601481,10.753263,0.022015568,18.444891,30569.818,0.1358974,16.586203
0.59634298,0.19251248,0.19626649,54.058022,5879.0649,6080.5464,8.768e-06,0.058257986,-7.5993023,10.746723,0.02250552,18.527822,30561.039,0.13655965,16.658297
0.58876663,0.19260742,0.19636254,54.084515,5803.0332,6003.0635,8.784e-06,0.059321508,-7.5970755,10.942909,0.02299533,18.610744,30552.066,0.13708304,16.730377
0.58118683,0.19270115,0.19645734,54.11047,5726.9644,5925.543,8.8e-06,0.059526507,-7.5948005,10.980724,0.023484996,18.693659,30542.902,0.13680075,16.802444
0.57360357,0.19279365,0.19655091,54.13588,5650.8589,5847.9849,8.816e-06,0.060284846,-7.5924778,11.120613,0.023974514,18.776566,30533.543,0.13753624,16.8745
0.56601697,0.19288494,0.19664323,54.160744,5574.7173,5770.3896,8.832e-06,0.060329545,-7.590107,11.128859,0.024463881,18.859467,30523.99,0.13881344,16.946545
0.55842704,0.19297501,0.19673432,54.185055,5498.54,5692.7578,8.848e-06,0.06124356,-7.587688,11.297465,0.024953092,18.942364,30514.246,0.13855709,17.018579
0.55083382,0.19306386,0.19682416,54.208805,5422.3281,5615.0903,8.864e-06,0.06131446,-7.5852213,11.310544,0.025442146,19.025259,30504.307,0.1395642,17.090607
0.54323739,0.1931515,0.19691277,54.231995,5346.0811,5537.3872,8.88e-06,0.06232712,-7.5827069,11.497347,0.02593104,19.108154,30494.176,0.14004944,17.162626
0.5356378,0.1932379,0.19700012,54.254612,5269.8003,5459.6494,8.896e-06,0.06251362,-7.5801444,11.531751,0.02641977,19.191048,30483.852,0.13968779,17.23464
0.5280351,0.19332311,0.19708623,54.276657,5193.4858,5381.877,8.912e-06,0.062909745,-7.5775337,11.604823,0.026908332,19.273945,30473.334,0.13981751,17.30665
0.52042925,0.19340707,0.19717109,54.298122,5117.1382,5304.0703,8.928e-06,0.063390642,-7.5748758,11.693533,0.027396727,19.356844,30462.625,0.14009827,17.378658
0.51282042,0.19348982,0.1972547,54.319004,5040.7573,5226.2305,8.944e-06,0.063695826,-7.5721698,11.74983,0.027884947,19.439751,30451.721,0.14054689,17.450663
0.50520855,0.19357134,0.19733708,54.339298,4964.3447,5148.3574,8.96e-06,0.063846879,-7.5694156,11.777694,0.028372992,19.522661,30440.625,0.14189734,17.522667
0.49759379,0.19365165,0.19741821,54.358997,4887.9004,5070.4517,8.976e-06,0.064825632,-7.5666137,11.958242,0.028860858,19.605579,30429.338,0.14185308,17.594673
0.48997611,0.19373073,0.19749808,54.378101,4811.4248,4992.5142,8.992e-06,0.065414421,-7.5637646,12.066855,0.029348541,19.688509,30417.857,0.14195228,17.666679
0.48235556,0.19380859,0.19757672,54.396599,4734.9185,4914.5454,9.008e-06,0.065970846,-7.5608668,12.169497,0.02983604,19.771448,30406.184,0.1428251,17.738691
0.47473222,0.19388522,0.1976541,54.41449,4658.3818,4836.5449,9.024e-06,0.065980092,-7.5579219,12.171204,0.030323349,19.854399,30394.318,0.14325388,17.810705
0.4671061,0.19396064,0.19773024,54.431767,4581.8154,4758.5146,9.04e-06,0.067447446,-7.5549293,12.441883,0.030810468,19.937363,30382.26,0.14382611,17.882727
0.45947731,0.19403481,0.19780512,54.448425,4505.2197,4680.4536,9.056e-06,0.066832453,-7.5518885,12.328436,0.031297393,20.020344,30370.01,0.14479659,17.954754
0.45184579,0.19410777,0.19787876,54.464462,4428.5952,4602.3633,9.072e-06,0.068025447,-7.5488005,12.548506,0.031784117,20.103338,30357.566,0.14428084,18.026789
0.44421169,0.19417951,0.19795115,54.47987,4351.9424,4524.2441,9.088e-06,0.067963794,-7.5456643,12.537132,0.032270644,20.186352,30344.932,0.14481337,18.098833
0.436575,0.19425002,0.19802229,54.494648,4275.2617,4446.0962,9.104e-06,0.068472438,-7.5424809,12.63096,0.032756966,20.269384,30332.105,0.14481796,18.170889
0.42893577,0.19431929,0.19809218,54.508789,4198.5532,4367.9199,9.12e-06,0.069424987,-7.5392499,12.806675,0.033243082,20.352436,30319.086,0.14510788,18.242954
0.42129406,0.19438735,0.19816081,54.522285,4121.8184,4289.7163,9.136e-06,0.06998603,-7.5359707,12.910171,0.033728987,20.435511,30305.877,0.14651631,18.315033
0.41364992,0.19445416,0.1982282,54.535141,4045.0571,4211.4858,9.152e-06,0.069942877,-7.5326443,12.902209,0.034214679,20.518608,30292.475,0.14613178,18.387127
0.40600336,0.19451976,0.19829433,54.54734,3968.2698,4133.2285,9.168e-06,0.070514709,-7.5292702,13.007694,0.034700155,20.60173,30278.881,0.14699851,18.459234
0.39835444,0.19458413,0.19835921,54.558891,3891.457,4054.9451,9.184e-06,0.071340866,-7.5258489,13.160094,0.035185415,20.684875,30265.094,0.14732505,18.531359
0.39070323,0.19464727,0.19842283,54.569778,3814.6191,3976.636,9.2e-06,0.071752407,-7.5223794,13.23601,0.035670448,20.768049,30251.117,0.14754021,18.6035
0.38304976,0.19470917,0.1984852,54.580002,3737.7571,3898.302,9.216e-06,0.072584733,-7.5188627,13.389546,0.036155261,20.851252,30236.949,0.14815669,18.675661
0.37539405,0.19476986,0.19854632,54.589558,3660.8708,3819.9431,9.232e-06,0.072085336,-7.5152988,13.297424,0.036639843,20.934483,30222.588,0.14744866,18.747839
0.36773619,0.1948293,0.19860618,54.598438,3583.9612,3741.5603,9.248e-06,0.07284984,-7.5116873,13.438451,0.037124194,21.017744,30208.037,0.14884487,18.820038
0.36007616,0.19488752,0.1986648,54.606647,3507.0286,3663.1536,9.264e-06,0.073027097,-7.508028,13.471148,0.037608311,21.101036,30193.295,0.14950408,18.89226
0.35241407,0.1949445,0.19872215,54.61417,3430.0735,3584.7241,9.28e-06,0.074172311,-7.5043216,13.682404,0.038092189,21.184362,30178.361,0.14916074,18.964502
0.34474993,0.19500026,0.19877826,54.62101,3353.0962,3506.2717,9.296e-06,0.074739523,-7.5005679,13.787036,0.038575828,21.267721,30163.236,0.15007173,19.03677
0.33708379,0.19505478,0.19883309,54.627159,3276.0977,3427.7971,9.312e-06,0.075430043,-7.4967666,13.914414,0.039059222,21.351116,30147.922,0.15035555,19.10906
0.32941571,0.19510809,0.19888668,54.632614,3199.0779,3349.301,9.328e-06,0.075635038,-7.4929175,13.95223,0.03954237,21.434546,30132.416,0.15179144,19.181377
0.32174569,0.19516014,0.19893901,54.637371,3122.0374,3270.7839,9.344e-06,0.07638105,-7.4890218,14.089845,0.040025271,21.518015,30116.719,0.15163122,19.253721
0.31407383,0.19521096,0.19899009,54.641426,3044.9771,3192.2458,9.36e-06,0.076394923,-7.4850783,14.092403,0.040507916,21.601521,30100.83,0.15163122,19.326092
0.30640015,0.19526055,0.19903991,54.644775,2967.897,3113.6877,9.376e-06,0.076718599,-7.4810882,14.152112,0.040990308,21.685066,30084.752,0.15232399,19.398489
0.29872465,0.19530892,0.19908847,54.647415,2890.7976,3035.1101,9.392e-06,0.076940551,-7.4770503,14.193055,0.041472439,21.768652,30068.484,0.15243843,19.470919
0.29104745,0.19535604,0.19913578,54.649342,2813.6799,2956.5132,9.408e-06,0.077692725,-7.4729652,14.331807,0.041954309,21.852278,30052.025,0.152472,19.543375
0.28336856,0.19540194,0.19918182,54.650551,2736.5439,2877.8975,9.424e-06,0.078577459,-7.468833,14.495011,0.042435914,21.935947,30035.377,0.15388806,19.615864
0.27568799,0.1954466,0.1992266,54.651035,2659.3904,2799.2637,9.44e-06,0.078797869,-7.4646535,14.53567,0.042917252,22.019661,30018.539,0.15349284,19.688385
0.26800585,0.19549003,0.19927014,54.650799,2582.2197,2720.6123,9.456e-06,0.079338878,-7.4604268,14.635468,0.043398317,22.103416,30001.51,0.15400098,19.760939
0.26032212,0.19553222,0.1993124,54.64983,2505.0322,2641.9436,9.472e-06,0.079355828,-7.4561534,14.638597,0.04387911,22.18722,29984.291,0.15507065,19.833525
0.25263688,0.19557317,0.19935343,54.648129,2427.8286,2563.2583,9.488e-06,0.079936914,-7.4518323,14.745788,0.044359624,22.271067,29966.883,0.15496995,19.906145
0.24495018,0.19561289,0.19939317,54.645695,2350.6094,2484.5566,9.504e-06,0.080419354,-7.4474645,14.834783,0.044839859,22.354961,29949.283,0.15542467,19.9788
0.23726204,0.19565138,0.19943167,54.642517,2273.3748,2405.8396,9.52e-06,0.08103589,-7.4430494,14.948513,0.045319811,22.438904,29931.496,0.15623951,20.051491
0.2295725,0.19568862,0.1994689,54.638599,2196.1255,2327.1072,9.536e-06,0.081718706,-7.4385877,15.074471,0.045799479,22.522894,29913.52,0.15696891,20.124218
0.22188164,0.19572464,0.19950487,54.633938,2118.8621,2248.3599,9.552e-06,0.081707917,-7.4340787,15.07248,0.046278857,22.606932,29895.352,0.15717185,20.196983
0.21418947,0.19575942,0.19953959,54.628521,2041.5847,2169.5986,9.568e-06,0.082279749,-7.429523,15.177965,0.04675794,22.691021,29876.996,0.15785241,20.269785
0.20649604,0.19579296,0.19957304,54.622356,1964.2942,2090.8235,9.584e-06,0.083132111,-7.4249201,15.335198,0.047236729,22.775162,29858.451,0.1578631,20.342625
0.1988014,0.19582525,0.19960523,54.615433,1886.991,2012.0354,9.6e-06,0.083250798,-7.4202704,15.357092,0.047715221,22.859352,29839.719,0.15729393,20.415504
0.1911056,0.19585632,0.19963616,54.60775,1809.6753,1933.2344,9.616e-06,0.083896615,-7.4155736,15.476225,0.04819341,22.943594,29820.795,0.15907162,20.488422
0.18340866,0.19588615,0.19966583,54.599308,1732.348,1854.4213,9.632e-06,0.084758222,-7.4108305,15.635164,0.048671298,23.027889,29801.684,0.15933867,20.561382
0.17571065,0.19591475,0.19969425,54.590096,1655.0093,1775.5964,9.648e-06,0.085397877,-7.4060402,15.75316,0.049148872,23.112238,29782.385,0.15984222,20.63438
0.16801161,0.19594209,0.1997214,54.58012,1577.6598,1696.7603,9.664e-06,0.08543025,-7.4012032,15.75913,0.049626142,23.19664,29762.896,0.15906247,20.70742
0.16031156,0.19596821,0.19974728,54.56937,1500.2999,1617.9135,9.68e-06,0.085820206,-7.3963194,15.831065,0.050103098,23.281096,29743.219,0.15995818,20.780502
0.15261057,0.1959931,0.1997719,54.55785,1422.9303,1539.0565,9.696e-06,0.086344264,-7.3913889,15.927737,0.050579734,23.365606,29723.354,0.1606708,20.853628
0.14490867,0.19601673,0.19979526,54.545551,1345.5513,1460.1897,9.712e-06,0.087427825,-7.3864117,16.127619,0.051056053,23.450171,29703.301,0.16113162,20.926794
0.13720591,0.19603914,0.19981736,54.532475,1268.1633,1381.3138,9.728e-06,0.08782395,-7.3813877,16.200691,0.051532052,23.534792,29683.061,0.1613712,21.000004
0.12950233,0.1960603,0.19983821,54.518616,1190.7671,1302.4291,9.744e-06,0.087905638,-7.3763175,16.215761,0.052007724,23.619469,29662.631,0.16245613,21.073256
0.12179799,0.19608022,0.19985777,54.503971,1113.3629,1223.5361,9.76e-06,0.088215448,-7.3712001,16.272911,0.052483067,23.704203,29642.014,0.1619541,21.146553
0.11409291,0.19609892,0.19987608,54.488541,1035.9514,1144.6355,9.776e-06,0.088989198,-7.3660369,16.415642,0.052958079,23.788992,29621.211,0.16301614,21.219893
0.10638715,0.19611636,0.19989315,54.472321,958.5329,1065.7277,9.792e-06,0.088983037,-7.3608265,16.414505,0.053432755,23.873838,29600.219,0.1624134,21.293278
0.09868075,0.19613259,0.19990893,54.455311,881.10803,986.81305,9.808e-06,0.0894069,-7.3555698,16.492695,0.053907096,23.958742,29579.039,0.16300699,21.366707
0.09097375,0.19614755,0.19992346,54.437508,803.67719,907.89221,9.824e-06,0.090226896,-7.3502669,16.643957,0.054381095,24.043703,29557.674,0.16378826,21.440182
0.083266206,0.19616129,0.19993672,54.418907,726.24097,828.96564,9.84e-06,0.090812601,-7.3449173,16.752003,0.054854751,24.128721,29536.119,0.16457869,21.5137
0.075558156,0.19617377,0.19994873,54.399513,648.79974,750.03381,9.856e-06,0.090935908,-7.3395214,16.774748,0.05532806,24.213799,29514.379,0.16485794,21.587265
0.067849644,0.19618504,0.19995946,54.379314,571.35406,671.09729,9.872e-06,0.091527782,-7.3340788,16.88393,0.055801023,24.298933,29492.453,0.16566363,21.660875
0.060140714,0.19619505,0.19996893,54.358318,493.90439,592.15649,9.888e-06,0.091677293,-7.3285904,16.91151,0.056273628,24.384127,29470.338,0.16517685,21.734529
0.052431419,0.19620383,0.19997714,54.336514,416.45126,513.21198,9.904e-06,0.092024095,-7.3230553,16.975483,0.056745883,24.469378,29448.039,0.16624042,21.808231
0.044721797,0.19621137,0.19998409,54.313908,338.99512,434.26419,9.92e-06,0.093550019,-7.3174744,17.256968,0.057217777,24.554686,29425.551,0.16611072,21.881977
0.037011895,0.19621766,0.19998978,54.290493,261.53647,355.31366,9.936e-06,0.093865998,-7.3118467,17.315254,0.057689309,24.640053,29402.879,0.1668447,21.95577
0.029301761,0.19622272,0.19999419,54.266273,184.07579,276.3609,9.952e-06,0.0934375,-7.3061733,17.236212,0.05816048,24.725477,29380.02,0.1667684,22.029608
0.021591436,0.19622654,0.19999735,54.241241,106.6136,197.4064,9.968e-06,0.094377719,-7.3004537,17.409651,0.058631282,24.810961,29356.975,0.16740318,22.103493
0.013880969,0.19622912,0.19999924,54.215397,29.150358,118.45066,9.984e-06,0.094407007,-7.2946877,17.415054,0.059101712,24.896502,29333.744,0.16764122,22.177423
0.0061704065,0.19623046,0.19999988,54.18874,-48.313419,39.494164,1e-05,0.095321022,-7.2888756,17.58366,0.059571773,24.982101,29310.328,0.16854763,22.251398
-0.0015402075,0.19623056,0.19999924,54.16127,-125.77728,-39.462582,1.0016e-05,0.096233495,-7.2830176,17.751982,0.060041454,25.067759,29286.727,0.16883755,22.32542
-0.0092508262,0.19622943,0.19999735,54.132984,-203.24069,-118.41908,1.0032e-05,0.096167214,-7.2771139,17.739756,0.060510758,25.153473,29262.939,0.16862239,22.399487
-0.016961401,0.19622704,0.19999419,54.103886,-280.70319,-197.37483,1.0048e-05,0.09661112,-7.2711639,17.821642,0.060979679,25.239244,29238.967,0.16955015,22.473598
-0.02467189,0.19622344,0.19998978,54.073963,-358.16428,-276.32935,1.0064e-05,0.097375624,-7.2651677,17.962667,0.061448213,25.325073,29214.809,0.17014222,22.547756
-0.032382242,0.19621858,0.19998409,54.043228,-435.62347,-355.2821,1.008e-05,0.097878098,-7.2591262,18.055359,0.061916362,25.410959,29190.467,0.17084414,22.621958
-0.040092416,0.19621249,0.19997714,54.011669,-513.08032,-434.2326,1.0096e-05,0.098098509,-7.2530384,18.096018,0.062384117,25.496901,29165.939,0.17024446,22.696205
-0.047802359,0.19620514,0.19996893,53.979294,-590.53424,-513.18036,1.0112e-05,0.098949328,-7.2469053,18.252966,0.062851481,25.582899,29141.229,0.17131871,22.770496
-0.055512026,0.19619657,0.19995946,53.946095,-667.9848,-592.12488,1.0128e-05,0.098562457,-7.240726,18.181601,0.063318446,25.668953,29116.332,0.17178716,22.844833
-0.063221365,0.19618675,0.19994871,53.912079,-745.43152,-671.06567,1.0144e-05,0.099508837,-7.2345009,18.356176,0.063785017,25.755062,29091.252,0.17202674,22.919212
-0.070930339,0.19617571,0.19993672,53.877235,-822.8739,-750.00226,1.016e-05,0.099787816,-7.2282305,18.40764,0.064251177,25.841227,29065.986,0.1723548,22.993637
-0.078638896,0.19616342,0.19992346,53.841572,-900.31146,-828.93402,1.0176e-05,0.10035657,-7.2219138,18.512558,0.064716935,25.927444,29040.539,0.17269814,23.068102
-0.086346991,0.19614989,0.19990893,53.805088,-977.74371,-907.8606,1.0192e-05,0.10085751,-7.2155519,18.604963,0.065182284,26.013716,29014.906,0.1732841,23.142612
-0.094054565,0.19613512,0.19989315,53.76778,-1055.1702,-986.78149,1.0208e-05,0.10170525,-7.2091446,18.761343,0.065647222,26.10004,28989.09,0.17393872,23.217163
-0.10176158,0.1961191,0.19987608,53.729649,-1132.5902,-1065.696,1.0224e-05,0.10178539,-7.2026916,18.776129,0.066111751,26.186419,28963.092,0.17394178,23.291758
-0.10946799,0.19610186,0.19985777,53.690693,-1210.0035,-1144.604,1.024e-05,0.10193183,-7.1961927,18.803141,0.066575855,26.272848,28936.908,0.17497787,23.366392
-0.11717374,0.19608337,0.19983819,53.650913,-1287.4097,-1223.5046,1.0256e-05,0.1033067,-7.1896491,19.056761,0.067039542,26.359329,28910.543,0.17483443,23.441067
-0.12487879,0.19606365,0.19981736,53.610313,-1364.8079,-1302.3975,1.0272e-05,0.10324813,-7.1830597,19.045956,0.067502804,26.445862,28883.994,0.17547533,23.515783
-0.13258307,0.19604269,0.19979526,53.568886,-1442.198,-1381.2822,1.0288e-05,0.10378605,-7.1764245,19.145185,0.067965634,26.532444,28857.262,0.1754387,23.59054
-0.14028656,0.19602048,0.1997719,53.526642,-1519.5792,-1460.1582,1.0304e-05,0.10470624,-7.1697445,19.31493,0.068428047,26.619074,28830.348,0.17581713,23.665335
-0.1479892,0.19599704,0.19974726,53.48357,-1596.9513,-1539.0249,1.032e-05,0.1052195,-7.1630192,19.409611,0.06889002,26.705753,28803.25,0.17669301,23.740168
-0.15569092,0.19597237,0.19972138,53.439678,-1674.3136,-1617.882,1.0336e-05,0.10531506,-7.1562486,19.427238,0.069351561,26.792479,28775.971,0.17721336,23.815039
-0.16339171,0.19594646,0.19969423,53.394962,-1751.6658,-1696.7288,1.0352e-05,0.10522874,-7.1494327,19.411316,0.069812663,26.879253,28748.51,0.17751396,23.889948
-0.1710915,0.19591931,0.19966583,53.34943,-1829.0072,-1775.5648,1.0368e-05,0.10642791,-7.1425714,19.632523,0.070273317,26.966072,28720.867,0.17766351,23.964891
-0.17879023,0.19589092,0.19963616,53.303074,-1906.3374,-1854.3896,1.0384e-05,0.10679629,-7.1356654,19.700478,0.07073354,27.052937,28693.043,0.17831202,24.039873
-0.18648787,0.19586128,0.19960523,53.255898,-1983.656,-1933.2029,1.04e-05,0.10693347,-7.1287141,19.725782,0.071193308,27.139843,28665.035,0.1783517,24.114889
-0.19418436,0.19583042,0.19957303,53.207905,-2060.9624,-2012.0038,1.0416e-05,0.10776579,-7.1217179,19.879318,0.071652628,27.226795,28636.848,0.17968993,24.189938
-0.20187965,0.19579832,0.19953957,53.159092,-2138.2561,-2090.792,1.0432e-05,0.10857037,-7.114677,20.027739,0.072111495,27.313787,28608.479,0.17929319,24.265022
-0.2095737,0.19576499,0.19950487,53.109463,-2215.5369,-2169.5671,1.0448e-05,0.10847789,-7.1075907,20.010679,0.072569914,27.400822,28579.928,0.1796945,24.340137
-0.21726644,0.1957304,0.1994689,53.059021,-2292.8037,-2248.3284,1.0464e-05,0.10902352,-7.1004596,20.11133,0.073027864,27.487894,28551.197,0.18037812,24.415285
-0.22495784,0.1956946,0.19943166,53.007759,-2370.0566,-2327.0754,1.048e-05,0.10939807,-7.0932837,20.180422,0.07348536,27.575006,28522.285,0.18037049,24.490463
-0.23264784,0.19565755,0.19939317,52.955688,-2447.2949,-2405.8079,1.0496e-05,0.10982348,-7.0860629,20.258896,0.073942386,27.662157,28493.193,0.18122502,24.56567
-0.24033639,0.19561927,0.19935341,52.902802,-2524.5181,-2484.5251,1.0512e-05,0.11027663,-7.0787973,20.342489,0.07439895,27.749344,28463.92,0.18091677,24.640907
-0.24802345,0.19557975,0.1993124,52.84911,-2601.7258,-2563.2266,1.0528e-05,0.11135557,-7.0714869,20.541517,0.074855044,27.836565,28434.467,0.18187353,24.716171
-0.25570896,0.195539,0.19927013,52.794605,-2678.9172,-2641.9121,1.0544e-05,0.11134169,-7.0641322,20.53896,0.075310662,27.92382,28404.834,0.181666,24.791464
-0.26339287,0.19549701,0.1992266,52.739292,-2756.0923,-2720.5806,1.056e-05,0.11161297,-7.0567327,20.589001,0.075765811,28.01111,28375.021,0.18241523,24.866781
-0.27107513,0.19545379,0.19918181,52.683174,-2833.2502,-2799.2322,1.0576e-05,0.11248845,-7.0492887,20.750498,0.076220475,28.098431,28345.029,0.18229468,24.942123
-0.27875566,0.19540933,0.19913577,52.626255,-2910.3906,-2877.866,1.0592e-05,0.11239597,-7.0418,20.733438,0.076674663,28.18578,28314.857,0.18380994,25.017488
-0.28643447,0.19536364,0.19908845,52.568531,-2987.5129,-2956.4814,1.0608e-05,0.11273661,-7.0342669,20.796274,0.077128358,28.273159,28284.508,0.18408154,25.092878
-0.29411146,0.19531672,0.19903991,52.510006,-3064.6167,-3035.0784,1.0624e-05,0.11389415,-7.0266895,21.009806,0.077581577,28.360567,28253.977,0.18417157,25.168289
-0.3017866,0.19526856,0.19899008,52.450684,-3141.7017,-3113.6562,1.064e-05,0.11400667,-7.0190673,21.030561,0.078034297,28.448,28223.268,0.18417615,25.243719
-0.30945987,0.19521916,0.19893901,52.390568,-3218.7671,-3192.2144,1.0656e-05,0.11465558,-7.0114012,21.150263,0.078486532,28.535458,28192.381,0.1847789,25.31917
-0.31713113,0.19516854,0.19888668,52.329655,-3295.8125,-3270.7522,1.0672e-05,0.11495768,-7.0036907,21.205992,0.078938268,28.62294,28161.314,0.18546708,25.394638
-0.3248004,0.19511668,0.19883308,52.267952,-3372.8376,-3349.2695,1.0688e-05,0.1157715,-6.9959359,21.356115,0.079389505,28.710443,28130.07,0.18582262,25.470123
-0.33246762,0.19506359,0.19877824,52.20546,-3449.8416,-3427.7656,1.0704e-05,0.11574376,-6.9881368,21.350998,0.079840235,28.797966,28098.648,0.18647419,25.545624
-0.34013271,0.19500926,0.19872214,52.142181,-3526.8242,-3506.2402,1.072e-05,0.11628477,-6.9802938,21.450796,0.080290467,28.885509,28067.049,0.18641315,25.62114
-0.34779567,0.19495371,0.19866478,52.078117,-3603.7849,-3584.6924,1.0736e-05,0.11651289,-6.9724064,21.492878,0.080740191,28.97307,28035.271,0.18672597,25.696667
-0.35545638,0.19489692,0.19860618,52.013275,-3680.7234,-3663.1221,1.0752e-05,0.11732517,-6.9644752,21.642717,0.081189409,29.060646,28003.316,0.18656728,25.772207
-0.36311483,0.19483891,0.19854631,51.947651,-3757.6387,-3741.5286,1.0768e-05,0.11788777,-6.9565001,21.746498,0.081638113,29.148237,27971.184,0.18735008,25.847759
-0.37077099,0.19477966,0.1984852,51.881252,-3834.5308,-3819.9116,1.0784e-05,0.11842106,-6.9484811,21.844875,0.082086295,29.23584,27938.875,0.18764153,25.923319
-0.37842476,0.19471918,0.19842282,51.814079,-3911.3989,-3898.2703,1.08e-05,0.1185305,-6.9404178,21.865063,0.082533963,29.323454,27906.389,0.1877346,25.998888
-0.38607612,0.19465747,0.19835919,51.746136,-3988.2429,-3976.6045,1.0816e-05,0.11901448,-6.9323111,21.95434,0.08298111,29.411077,27873.725,0.18870816,26.074463
-0.39372501,0.19459453,0.19829431,51.677425,-4065.062,-4054.9136,1.0832e-05,0.11951388,-6.92416,22.046463,0.083427735,29.498711,27840.887,0.18931547,26.150042
-0.40137136,0.19453037,0.19822818,51.607952,-4141.8555,-4133.1968,1.0848e-05,0.11983755,-6.9159656,22.106171,0.083873831,29.586348,27807.871,0.18914914,26.225626
-0.40901515,0.19446498,0.1981608,51.537716,-4218.6235,-4211.4541,1.0864e-05,0.12029379,-6.9077277,22.190332,0.084319398,29.67399,27774.68,0.18978393,26.301212
-0.41665632,0.19439836,0.19809216,51.466724,-4295.3652,-4289.6851,1.088e-05,0.12067913,-6.899446,22.261414,0.084764428,29.761635,27741.312,0.19008148,26.376801
-0.42429477,0.1943305,0.19802228,51.394978,-4372.0801,-4367.8887,1.0896e-05,0.12183513,-6.8911204,22.474659,0.08520893,29.849281,27707.77,0.19070254,26.452387
-0.43193054,0.19426142,0.19795114,51.322479,-4448.7676,-4446.0645,1.0912e-05,0.12172107,-6.8827515,22.453619,0.085652888,29.936928,27674.051,0.19102909,26.527971
-0.43956351,0.19419111,0.19787875,51.249233,-4525.4277,-4524.2124,1.0928e-05,0.1222143,-6.8743391,22.544603,0.086096309,30.02457,27640.156,0.19176611,26.603554
-0.44719362,0.19411959,0.19780511,51.175243,-4602.0596,-4602.332,1.0944e-05,0.12286012,-6.8658834,22.663738,0.086539187,30.112209,27606.088,0.19084597,26.679129
-0.4548209,0.19404683,0.19773023,51.100513,-4678.6626,-4680.4224,1.096e-05,0.12357222,-6.8573842,22.795097,0.086981513,30.199842,27571.846,0.1926069,26.7547
-0.4624452,0.19397284,0.19765408,51.025047,-4755.2363,-4758.4829,1.0976e-05,0.12416872,-6.8488417,22.905132,0.087423295,30.287468,27537.428,0.19212469,26.830261
-0.47006655,0.19389763,0.1975767,50.948845,-4831.7803,-4836.5137,1.0992e-05,0.12388974,-6.8402562,22.853668,0.087864526,30.375084,27502.836,0.19347666,26.905815
-0.47768483,0.19382121,0.19749807,50.871918,-4908.2944,-4914.5137,1.1008e-05,0.12453402,-6.8316274,22.972517,0.088305198,30.462688,27468.07,0.19426863,26.981356
-0.48530003,0.19374354,0.1974182,50.794266,-4984.7778,-4992.4829,1.1024e-05,0.12540795,-6.8229551,23.13373,0.088745311,30.55028,27433.129,0.19382457,27.056885
-0.49291208,0.19366466,0.19733706,50.715889,-5061.23,-5070.4204,1.104e-05,0.12550044,-6.81424,23.150791,0.089184865,30.637856,27398.016,0.19412671,27.132401
-0.50052094,0.19358456,0.19725469,50.636799,-5137.6504,-5148.3257,1.1056e-05,0.12557442,-6.8054819,23.164438,0.089623861,30.725414,27362.729,0.19512773,27.207901
-0.50812656,0.19350323,0.19717108,50.556995,-5214.0391,-5226.1987,1.1072e-05,0.12607689,-6.7966805,23.25713,0.090062283,30.812954,27327.27,0.19515213,27.283382
-0.51572889,0.19342068,0.1970862,50.476482,-5290.395,-5304.0386,1.1088e-05,0.12659016,-6.7878366,23.35181,0.090500139,30.900473,27291.637,0.19544664,27.358845
-0.52332789,0.1933369,0.1970001,50.395267,-5366.7178,-5381.8452,1.1104e-05,0.12676279,-6.7789493,23.383654,0.090937428,30.987968,27255.83,0.19572893,27.434288
-0.53092349,0.19325192,0.19691274,50.313351,-5443.0073,-5459.6177,1.112e-05,0.12802514,-6.7700195,23.616518,0.091374137,31.075439,27219.852,0.19524674,27.509708
-0.53851563,0.1931657,0.19682415,50.23074,-5519.2627,-5537.356,1.1136e-05,0.12793267,-6.7610469,23.599459,0.091810271,31.162886,27183.701,0.19719535,27.585106
-0.54610425,0.19307826,0.19673431,50.147438,-5595.4834,-5615.0586,1.1152e-05,0.12868483,-6.7520313,23.738211,0.092245825,31.250301,27147.377,0.19724724,27.660477
-0.55368936,0.19298962,0.19664322,50.063446,-5671.6694,-5692.7261,1.1168e-05,0.12910101,-6.7429733,23.81498,0.092680797,31.337687,27110.883,0.1973571,27.735823
-0.56127083,0.19289975,0.19655089,49.978775,-5747.8198,-5770.3579,1.1184e-05,0.12968825,-6.7338729,23.923307,0.093115188,31.425041,27074.217,0.19803156,27.811138
-0.56884867,0.19280866,0.19645733,49.893429,-5823.9346,-5847.9531,1.12e-05,0.12957728,-6.72473,23.902836,0.093548983,31.51236,27037.379,0.19859004,27.886423
-0.57642281,0.19271635,0.19636251,49.807407,-5900.0127,-5925.5112,1.1216e-05,0.13092749,-6.7155442,24.151907,0.09398219,31.599642,27000.371,0.19856869,27.961678
-0.58399326,0.19262283,0.19626647,49.720722,-5976.0537,-6003.0322,1.1232e-05,0.13123113,-6.706316,24.20792,0.094414808,31.686886,26963.191,0.19932707,28.036898
-0.59155983,0.19252808,0.19616918,49.633369,-6052.0576,-6080.5146,1.1248e-05,0.13139914,-6.6970458,24.238911,0.094846822,31.77409,26925.84,0.19929655,28.112082
-0.59912258,0.19243212,0.19607066,49.545361,-6128.0234,-6157.9595,1.1264e-05,0.13186462,-6.6877332,24.324778,0.095278241,31.861252,26888.318,0.19955443,28.187229
-0.60668141,0.19233495,0.19597088,49.456703,-6203.9512,-6235.3647,1.128e-05,0.13231315,-6.6783781,24.407516,0.095709063,31.94837,26850.629,0.20015565,28.262339
-0.6142363,0.19223656,0.19586988,49.367393,-6279.8398,-6312.731,1.1296e-05,0.13279405,-6.6689811,24.496227,0.096139275,32.035442,26812.768,0.20026246,28.337406
-0.62178725,0.19213696,0.19576764,49.277443,-6355.6895,-6390.0571,1.1312e-05,0.13305454,-6.6595421,24.544279,0.096568882,32.122463,26774.736,0.20086367,28.412434
-0.62933409,0.19203614,0.19566417,49.186852,-6431.499,-6467.3433,1.1328e-05,0.13340288,-6.6500607,24.608538,0.096997872,32.209438,26736.535,0.20134892,28.487415
-0.63687682,0.19193411,0.19555944,49.095634,-6507.2686,-6544.5884,1.1344e-05,0.13381596,-6.6405373,24.684736,0.097426258,32.296356,26698.166,0.20132297,28.562353
-0.64441544,0.19183087,0.19545349,49.003784,-6582.9971,-6621.792,1.136e-05,0.13456659,-6.6309719,24.823204,0.097854026,32.383224,26659.629,0.20240943,28.637243
-0.65194988,0.19172642,0.19534631,48.911316,-6658.6846,-6698.9541,1.1376e-05,0.13543591,-6.6213651,24.983564,0.098281175,32.470032,26620.92,0.20237434,28.712086
-0.65948004,0.19162075,0.1952379,48.81823,-6734.3301,-6776.0737,1.1392e-05,0.13519853,-6.6117158,24.939779,0.098707706,32.556786,26582.045,0.20272377,28.786877
-0.6670059,0.19151388,0.19512825,48.724537,-6809.9341,-6853.1504,1.1408e-05,0.13564244,-6.602025,25.021666,0.099133611,32.643478,26543,0.20307322,28.861614
-0.67452747,0.1914058,0.19501737,48.630234,-6885.4951,-6930.1841,1.1424e-05,0.1358459,-6.5922928,25.059196,0.09955889,32.730106,26503.789,0.20374919,28.936298
-0.68204457,0.1912965,0.19490525,48.535336,-6961.0127,-7007.1738,1.144e-05,0.13675529,-6.5825186,25.22695,0.099983543,32.816669,26464.408,0.20383465,29.010929
-0.68955731,0.19118601,0.1947919,48.439838,-7036.4868,-7084.1191,1.1456e-05,0.13710055,-6.5727029,25.290638,0.10040756,32.903172,26424.861,0.20438398,29.085501
-0.69706553,0.1910743,0.19467732,48.343758,-7111.917,-7161.02,1.1472e-05,0.13771555,-6.5628457,25.404085,0.10083095,32.989601,26385.146,0.20439161,29.160013
-0.70456922,0.19096138,0.19456153,48.247089,-7187.3027,-7237.8755,1.1488e-05,0.13785426,-6.552947,25.429674,0.1012537,33.075962,26345.266,0.20473801,29.234465
-0.71206832,0.19084726,0.19444448,48.149849,-7262.6431,-7314.6851,1.1504e-05,0.1385417,-6.5430069,25.556484,0.10167581,33.162251,26305.217,0.20595263,29.308855
-0.71956283,0.19073193,0.19432622,48.052032,-7337.9385,-7391.4487,1.152e-05,0.13892858,-6.5330257,25.627851,0.10209728,33.248466,26265.002,0.20550554,29.383181
-0.72705263,0.1906154,0.19420673,47.953655,-7413.1875,-7468.1655,1.1536e-05,0.13941102,-6.5230031,25.716845,0.1025181,33.334602,26224.621,0.20636921,29.457441
-0.73453772,0.19049767,0.19408602,47.854713,-7488.3901,-7544.8354,1.1552e-05,0.13970079,-6.5129395,25.770298,0.10293827,33.420666,26184.072,0.20665914,29.531633
-0.74201798,0.19037873,0.19396406,47.755222,-7563.5459,-7621.4575,1.1568e-05,0.14061172,-6.5028343,25.938335,0.1033578,33.506645,26143.359,0.20680563,29.605757
-0.74949348,0.19025859,0.19384091,47.655182,-7638.6538,-7698.0312,1.1584e-05,0.14045914,-6.4926882,25.910189,0.10377667,33.592545,26102.482,0.20789056,29.67981
-0.75696415,0.19013724,0.19371651,47.5546,-7713.7144,-7774.5566,1.16e-05,0.14092924,-6.482501,25.996908,0.10419489,33.67836,26061.438,0.20768456,29.753792
-0.76442987,0.19001471,0.19359089,47.453484,-7788.7266,-7851.0327,1.1616e-05,0.14206828,-6.4722733,26.207026,0.10461245,33.764088,26020.229,0.20793633,29.827698
-0.77189064,0.18989095,0.19346406,47.351833,-7863.6895,-7927.4595,1.1632e-05,0.14200047,-6.4620042,26.194515,0.10502935,33.849731,25978.855,0.20809808,29.901529
-0.77934641,0.189766,0.193336,47.249664,-7938.6035,-8003.8359,1.1648e-05,0.14235035,-6.4516945,26.259058,0.10544559,33.935284,25937.318,0.20912199,29.975283
-0.78679711,0.18963987,0.1932067,47.146976,-8013.4678,-8080.1616,1.1664e-05,0.14279889,-6.4413443,26.341797,0.10586115,34.020744,25895.615,0.20952331,30.04896
-0.79424274,0.18951254,0.19307621,47.043777,-8088.2817,-8156.4365,1.168e-05,0.14310253,-6.430953,26.39781,0.10627606,34.106113,25853.75,0.20983765,30.122555
-0.80168319,0.189384,0.19294448,46.940071,-8163.0444,-8232.6602,1.1696e-05,0.14395797,-6.4205213,26.555611,0.10669028,34.191387,25811.719,0.20967589,30.196066
-0.80911851,0.18925425,0.19281153,46.835869,-8237.7568,-8308.8311,1.1712e-05,0.14353409,-6.410049,26.477421,0.10710384,34.276562,25769.527,0.2103,30.269497
-0.81654859,0.18912333,0.19267738,46.731174,-8312.417,-8384.9502,1.1728e-05,0.14481957,-6.3995361,26.71455,0.10751672,34.361637,25727.17,0.21082796,30.34284
-0.82397336,0.1889912,0.192542,46.625992,-8387.0254,-8461.0166,1.1744e-05,0.14502457,-6.3889828,26.752365,0.10792892,34.446613,25684.65,0.21078676,30.416098
-0.83139282,0.1888579,0.1924054,46.520332,-8461.5801,-8537.0293,1.176e-05,0.14602028,-6.3783889,26.936041,0.10834043,34.53149,25641.969,0.2111423,30.489267
-0.83880693,0.18872339,0.1922676,46.414196,-8536.083,-8612.9873,1.1776e-05,0.14602336,-6.3677554,26.936609,0.10875127,34.616261,25599.125,0.21240883,30.562346
-0.84621561,0.18858768,0.19212858,46.307594,-8610.5322,-8688.8916,1.1792e-05,0.1467555,-6.3570809,27.071665,0.10916142,34.700924,25556.119,0.21278115,30.635334
-0.8536188,0.18845078,0.19198833,46.200531,-8684.9268,-8764.7412,1.1808e-05,0.14711772,-6.3463669,27.138483,0.10957088,34.78548,25512.951,0.21314432,30.708229
-0.86101657,0.18831271,0.19184689,46.093014,-8759.2676,-8840.5352,1.1824e-05,0.14716087,-6.3356123,27.146442,0.10997964,34.869926,25469.621,0.21355174,30.781031
-0.86840874,0.18817343,0.19170423,45.98505,-8833.5527,-8916.2725,1.184e-05,0.14761865,-6.3248181,27.230888,0.11038772,34.954262,25426.131,0.21349528,30.853735
-0.87579536,0.18803297,0.19156036,45.876644,-8907.7822,-8991.9551,1.1856e-05,0.14821668,-6.3139834,27.341208,0.1107951,35.038486,25382.479,0.21359904,30.926344
-0.88317633,0.18789132,0.19141528,45.767803,-8981.957,-9067.5801,1.1872e-05,0.14874074,-6.3031092,27.43788,0.11120177,35.122593,25338.666,0.21455885,30.998854
-0.89055157,0.18774849,0.19126898,45.658531,-9056.0742,-9143.1475,1.1888e-05,0.14916924,-6.2921953,27.516922,0.11160774,35.206589,25294.693,0.21441542,31.071262
-0.89792114,0.18760447,0.19112149,45.548843,-9130.1357,-9218.6572,1.1904e-05,0.14908138,-6.2812414,27.500715,0.112013,35.290462,25250.561,0.21458174,31.14357
-0.90528494,0.18745926,0.19097278,45.438736,-9204.1387,-9294.1094,1.192e-05,0.14983971,-6.2702479,27.640604,0.11241757,35.374218,25206.268,0.21599628,31.215775
-0.91264296,0.18731287,0.19082287,45.32822,-9278.085,-9369.502,1.1936e-05,0.15022813,-6.2592149,27.712255,0.11282142,35.457851,25161.816,0.21621601,31.287874
-0.91999507,0.18716529,0.19067176,45.2173,-9351.9727,-9444.8359,1.1952e-05,0.15051483,-6.2481422,27.765141,0.11322456,35.541363,25117.205,0.21654104,31.359869
-0.92734134,0.18701655,0.19051944,45.105988,-9425.8008,-9520.1104,1.1968e-05,0.15148586,-6.2370305,27.944265,0.11362698,35.624748,25072.434,0.21654256,31.431755
-0.93468165,0.1868666,0.19036591,44.994286,-9499.5703,-9595.3242,1.1984e-05,0.15198834,-6.2258787,28.036957,0.11402868,35.708012,25027.504,0.21733299,31.503534
-0.94201601,0.18671548,0.19021118,44.882202,-9573.2812,-9670.4775,1.2e-05,0.15227503,-6.2146878,28.089842,0.11442967,35.791145,24982.416,0.2178106,31.575203
-0.94934428,0.18656319,0.19005525,44.769741,-9646.9307,-9745.5693,1.2016e-05,0.15221183,-6.2034578,28.078184,0.11482994,35.874153,24937.17,0.21795861,31.646761
-0.95666653,0.18640971,0.18989812,44.656914,-9720.5205,-9820.6006,1.2032e-05,0.15274052,-6.1921887,28.175709,0.11522947,35.957027,24891.766,0.21810511,31.718208
-0.96398264,0.18625507,0.18973979,44.54372,-9794.0488,-9895.5693,1.2048e-05,0.1535605,-6.1808801,28.326971,0.11562828,36.039772,24846.205,0.21927397,31.789539
-0.97129261,0.18609923,0.18958026,44.430176,-9867.5156,-9970.4756,1.2064e-05,0.15357438,-6.1695328,28.329529,0.11602636,36.122383,24800.486,0.21795098,31.860758
-0.97859639,0.18594223,0.18941954,44.316277,-9940.9199,-10045.318,1.208e-05,0.1542017,-6.1581464,28.445251,0.1164237,36.204857,24754.609,0.21994689,31.93186
-0.98589391,0.18578406,0.18925761,44.202038,-10014.263,-10120.099,1.2096e-05,0.15425566,-6.1467214,28.455202,0.11682032,36.287197,24708.578,0.21972716,32.002842
-0.99318516,0.1856247,0.1890945,44.087463,-10087.542,-10194.814,1.2112e-05,0.15483057,-6.1352572,28.561256,0.11721619,36.369404,24662.389,0.21977599,32.073711
-1.0004702,0.18546417,0.18893018,43.972557,-10160.759,-10269.466,1.2128e-05,0.15524982,-6.123754,28.638594,0.11761133,36.451466,24616.043,0.22029939,32.144455
-1.0077487,0.18530248,0.18876468,43.85733,-10233.911,-10344.053,1.2144e-05,0.15632413,-6.1122127,28.836769,0.11800572,36.533394,24569.543,0.22044741,32.215084
-1.0150208,0.18513961,0.18859798,43.741791,-10306.999,-10418.574,1.216e-05,0.15607597,-6.1006327,28.790993,0.11839936,36.615177,24522.885,0.22096927,32.285587
-1.0222865,0.18497558,0.18843009,43.625938,-10380.022,-10493.029,1.2176e-05,0.15620083,-6.0890136,28.814024,0.11879226,36.696819,24476.074,0.22143009,32.355968
-1.0295458,0.18481037,0.18826102,43.509781,-10452.98,-10567.418,1.2192e-05,0.15729672,-6.0773568,29.01618,0.1191844,36.778316,24429.107,0.22151098,32.426224
-1.0367985,0.184644,0.18809074,43.393333,-10525.873,-10641.741,1.2208e-05,0.15723197,-6.065661,29.004238,0.1195758,36.859669,24381.984,0.22198705,32.496357
-1.0440446,0.18447646,0.18791929,43.276592,-10598.699,-10715.996,1.2224e-05,0.15786855,-6.0539269,29.121666,0.11996644,36.94088,24334.709,0.22256081,32.566364
-1.0512841,0.18430777,0.18774664,43.159569,-10671.459,-10790.184,1.224e-05,0.15811516,-6.0421553,29.167158,0.12035632,37.021938,24287.279,0.22249672,32.636246
-1.0585169,0.1841379,0.18757282,43.042271,-10744.152,-10864.303,1.2256e-05,0.1591232,-6.030345,29.353107,0.12074544,37.102852,24239.695,0.22315134,32.705997
-1.065743,0.18396686,0.18739781,42.924702,-10816.777,-10938.354,1.2272e-05,0.15967809,-6.0184965,29.455465,0.1211338,37.183617,24191.959,0.22320323,32.77562
-1.0729624,0.18379468,0.1872216,42.806873,-10889.335,-11012.335,1.2288e-05,0.15962876,-6.0066099,29.446367,0.1215214,37.264229,24144.068,0.22382428,32.845112
-1.0801749,0.18362132,0.18704422,42.688786,-10961.823,-11086.247,1.2304e-05,0.15966113,-5.9946856,29.452339,0.12190823,37.344692,24096.025,0.22415234,32.914474
-1.0873808,0.18344681,0.18686566,42.570446,-11034.244,-11160.09,1.232e-05,0.1603501,-5.9827232,29.579433,0.12229428,37.425003,24047.828,0.22483444,32.983707
-1.0945796,0.18327114,0.18668592,42.451866,-11106.595,-11233.861,1.2336e-05,0.16135198,-5.9707236,29.764246,0.12267956,37.505157,23999.48,0.22543107,33.052807
-1.1017716,0.18309431,0.186505,42.33305,-11178.875,-11307.562,1.2352e-05,0.16113926,-5.9586859,29.725008,0.12306407,37.585163,23950.98,0.2253502,33.121773
-1.1089566,0.18291633,0.1863229,42.214005,-11251.086,-11381.19,1.2368e-05,0.16191149,-5.9466105,29.867456,0.12344781,37.665009,23902.33,0.22562639,33.190601
-1.1161346,0.18273719,0.18613963,42.094734,-11323.226,-11454.748,1.2384e-05,0.16270836,-5.9344974,30.014454,0.12383076,37.744701,23853.525,0.22603992,33.2593
-1.1233056,0.18255688,0.18595517,41.975246,-11395.295,-11528.233,1.24e-05,0.16292106,-5.9223471,30.053692,0.12421293,37.824238,23804.572,0.2265511,33.327862
-1.1304694,0.18237545,0.18576954,41.855549,-11467.292,-11601.646,1.2416e-05,0.16334338,-5.9101591,30.131598,0.12459432,37.903614,23755.467,0.22662435,33.396286
-1.1376263,0.18219283,0.18558274,41.735649,-11539.217,-11674.984,1.2432e-05,0.16372256,-5.897934,30.201542,0.12497491,37.982834,23706.213,0.22733085,33.464573
-1.1447759,0.18200909,0.18539478,41.615547,-11611.069,-11748.249,1.2448e-05,0.16386898,-5.8856716,30.228552,0.12535472,38.061897,23656.807,0.22777489,33.532726
-1.1519183,0.18182419,0.18520562,41.495258,-11682.85,-11821.44,1.2464e-05,0.16480458,-5.8733721,30.401138,0.12573375,38.140797,23607.252,0.22771844,33.600739
-1.1590534,0.18163814,0.18501532,41.374783,-11754.556,-11894.557,1.248e-05,0.16437916,-5.8610353,30.322664,0.12611197,38.21954,23557.547,0.22841731,33.668613
-1.1661813,0.18145095,0.18482384,41.254131,-11826.188,-11967.598,1.2496e-05,0.16519608,-5.8486619,30.473358,0.1264894,38.298119,23507.693,0.228576,33.736347
-1.1733018,0.1812626,0.18463118,41.133305,-11897.746,-12040.562,1.2512e-05,0.16562611,-5.8362513,30.552685,0.12686603,38.376537,23457.691,0.22887203,33.80394
-1.180415,0.18107311,0.18443736,41.012314,-11969.229,-12113.452,1.2528e-05,0.16600528,-5.8238034,30.622631,0.12724185,38.454792,23407.539,0.22930692,33.871395
-1.1875207,0.18088248,0.18424238,40.891163,-12040.637,-12186.266,1.2544e-05,0.16642761,-5.8113194,30.700537,0.12761688,38.532887,23357.24,0.22982422,33.938709
-1.1946191,0.18069071,0.18404624,40.769859,-12111.97,-12259.001,1.256e-05,0.16682835,-5.7987981,30.774462,0.1279911,38.610817,23306.793,0.23005921,34.005878
-1.2017097,0.1804978,0.18384893,40.648407,-12183.226,-12331.66,1.2576e-05,0.16703798,-5.7862406,30.813129,0.1283645,38.688583,23256.197,0.23044984,34.07291
-1.208793,0.18030374,0.18365046,40.526817,-12254.405,-12404.24,1.2592e-05,0.16719519,-5.7736464,30.842131,0.12873711,38.766186,23205.455,0.23064822,34.139797
-1.2158686,0.18010855,0.18345085,40.40509,-12325.508,-12476.742,1.2608e-05,0.16803984,-5.7610159,30.997942,0.12910889,38.843624,23154.566,0.23113804,34.206543
-1.2229366,0.17991222,0.18325005,40.283237,-12396.532,-12549.166,1.2624e-05,0.16836661,-5.7483487,31.05822,0.12947986,38.920898,23103.531,0.23133488,34.273144
-1.229997,0.17971475,0.18304811,40.161259,-12467.479,-12621.511,1.264e-05,0.16902013,-5.7356453,31.178774,0.12985002,38.998005,23052.35,0.23225653,34.339603
-1.2370496,0.17951615,0.18284501,40.039169,-12538.349,-12693.774,1.2656e-05,0.16924208,-5.7229056,31.219717,0.13021934,39.074944,23001.021,0.23178197,34.405918
-1.2440945,0.17931642,0.18264075,39.916965,-12609.139,-12765.959,1.2672e-05,0.16957194,-5.7101297,31.280563,0.13058786,39.151722,22949.547,0.23306681,34.472088
-1.2511315,0.17911555,0.18243535,39.794659,-12679.849,-12838.062,1.2688e-05,0.17028095,-5.6973181,31.411354,0.13095555,39.228329,22897.928,0.23330332,34.538113
-1.2581608,0.17891355,0.18222879,39.672253,-12750.479,-12910.085,1.2704e-05,0.17069866,-5.6844702,31.488407,0.1313224,39.304771,22846.164,0.23295541,34.603996
-1.2651821,0.17871042,0.18202107,39.549755,-12821.03,-12982.026,1.272e-05,0.17112099,-5.6715865,31.566313,0.13168843,39.38105,22794.256,0.23380993,34.669731
-1.2721956,0.17850615,0.18181221,39.42717,-12891.501,-13053.886,1.2736e-05,0.17102849,-5.6586671,31.549253,0.13205363,39.457157,22742.203,0.23413496,34.735325
-1.279201,0.17830077,0.18160219,39.304508,-12961.89,-13125.662,1.2752e-05,0.17153098,-5.6457119,31.641943,0.13241799,39.5331,22690.006,0.23324534,34.80077
-1.2861984,0.17809425,0.18139103,39.18177,-13032.197,-13197.355,1.2768e-05,0.17207353,-5.6327209,31.742027,0.13278152,39.608875,22637.666,0.23473617,34.86607
-1.2931879,0.17788662,0.18117873,39.05896,-13102.423,-13268.966,1.2784e-05,0.1728704,-5.6196942,31.889025,0.1331442,39.684483,22585.182,0.2350444,34.931229
-1.3001691,0.17767785,0.18096529,38.936089,-13172.565,-13340.492,1.28e-05,0.17284574,-5.6066322,31.884476,0.13350606,39.759922,22532.555,0.23502457,34.996239
-1.3071423,0.17746797,0.1807507,38.81316,-13242.626,-13411.935,1.2816e-05,0.17310005,-5.5935349,31.931389,0.13386706,39.835194,22479.785,0.23554185,35.061104
-1.3141072,0.17725697,0.18053496,38.690182,-13312.604,-13483.292,1.2832e-05,0.17394471,-5.5804019,32.0872,0.13422722,39.910301,22426.873,0.23561662,35.125824
-1.3210639,0.17704484,0.18031809,38.567154,-13382.496,-13554.564,1.2848e-05,0.17423603,-5.567234,32.140938,0.13458653,39.985237,22373.818,0.23616596,35.190399
-1.3280123,0.1768316,0.18010008,38.444088,-13452.306,-13625.751,1.2864e-05,0.17524715,-5.5540309,32.327457,0.13494499,40.060009,22320.623,0.23631093,35.254826
-1.3349525,0.17661723,0.17988093,38.320988,-13522.03,-13696.852,1.288e-05,0.17556928,-5.5407925,32.386883,0.1353026,40.134613,22267.285,0.2373043,35.319111
-1.3418843,0.17640176,0.17966063,38.197853,-13591.67,-13767.866,1.2896e-05,0.17590684,-5.5275192,32.44915,0.13565935,40.209049,22213.807,0.23797876,35.383247
-1.3488077,0.17618518,0.17943922,38.074699,-13661.224,-13838.793,1.2912e-05,0.17580511,-5.5142112,32.430386,0.13601525,40.283321,22160.188,0.23893704,35.447243
-1.3557227,0.17596747,0.17921667,37.951523,-13730.691,-13909.633,1.2928e-05,0.17632763,-5.5008678,32.526772,0.13637029,40.357426,22106.43,0.23891263,35.511089
-1.3626291,0.17574866,0.17899297,37.828335,-13800.073,-13980.385,1.2944e-05,0.17680852,-5.4874902,32.615482,0.13672447,40.431362,22052.529,0.23813288,35.574791
-1.369527,0.17552873,0.17876816,37.705139,-13869.368,-14051.048,1.296e-05,0.17725089,-5.4740777,32.697083,0.13707778,40.505131,21998.49,0.23836024,35.638351
-1.3764164,0.17530771,0.17854221,37.58194,-13938.576,-14121.623,1.2976e-05,0.17753604,-5.4606309,32.749683,0.13743024,40.578739,21944.312,0.23883633,35.701763
-1.3832971,0.17508557,0.17831515,37.45874,-14007.696,-14192.108,1.2992e-05,0.17733103,-5.4471493,32.711868,0.13778181,40.652176,21889.996,0.23950927,35.765034
-1.3901693,0.17486233,0.17808694,37.335552,-14076.728,-14262.505,1.3008e-05,0.17783968,-5.4336333,32.805695,0.13813253,40.725452,21835.539,0.23962371,35.828159
-1.3970326,0.17463797,0.17785762,37.212372,-14145.671,-14332.811,1.3024e-05,0.17841151,-5.420083,32.911182,0.13848236,40.798561,21780.945,0.24005707,35.89114
-1.4038873,0.17441252,0.17762716,37.089214,-14214.525,-14403.025,1.304e-05,0.17884155,-5.4064984,32.990509,0.13883132,40.871506,21726.213,0.24117252,35.953979
-1.4107331,0.17418596,0.1773956,36.966076,-14283.291,-14473.15,1.3056e-05,0.17958447,-5.39288,33.127556,0.13917941,40.944286,21671.344,0.24110386,36.016674
-1.4175701,0.17395832,0.1771629,36.842964,-14351.966,-14543.183,1.3072e-05,0.17987579,-5.3792272,33.181293,0.13952662,41.016903,21616.336,0.2411481,36.079224
-1.4243982,0.17372955,0.1769291,36.719883,-14420.551,-14613.124,1.3088e-05,0.17990045,-5.3655405,33.185841,0.13987294,41.089355,21561.193,0.24203314,36.141636
-1.4312174,0.1734997,0.17669417,36.596844,-14489.045,-14682.973,1.3104e-05,0.18084067,-5.35182,33.35928,0.14021838,41.161648,21505.912,0.24115269,36.203903
-1.4380276,0.17326877,0.17645812,36.473843,-14557.447,-14752.729,1.312e-05,0.18069577,-5.3380656,33.332554,0.14056294,41.233776,21450.496,0.24125034,36.266026
-1.4448289,0.17303672,0.17622097,36.350887,-14625.759,-14822.392,1.3136e-05,0.18139401,-5.3242774,33.461353,0.14090662,41.30574,21394.943,0.24345531,36.328011
-1.4516211,0.17280358,0.1759827,36.227985,-14693.979,-14891.961,1.3152e-05,0.18168686,-5.3104553,33.515377,0.14124939,41.377548,21339.256,0.24280983,36.389854
-1.4584041,0.17256936,0.17574331,36.105137,-14762.104,-14961.437,1.3168e-05,0.18197972,-5.2966003,33.569401,0.14159128,41.449192,21283.432,0.24292123,36.451557
-1.465178,0.17233405,0.17550282,35.982349,-14830.139,-15030.816,1.3184e-05,0.18265019,-5.2827115,33.693081,0.14193226,41.520679,21227.475,0.24324168,36.513119
-1.4719428,0.17209764,0.17526121,35.859623,-14898.079,-15100.103,1.32e-05,0.18329909,-5.2687893,33.812782,0.14227237,41.592003,21171.383,0.2439909,36.574543
-1.4786984,0.17186016,0.1750185,35.736969,-14965.927,-15169.293,1.3216e-05,0.18327136,-5.2548342,33.807667,0.14261156,41.66317,21115.156,0.24387494,36.63583
-1.4854445,0.17162158,0.17477469,35.614388,-15033.68,-15238.388,1.3232e-05,0.18378925,-5.2408452,33.903198,0.14294986,41.73418,21058.795,0.24486221,36.696976
-1.4921815,0.17138192,0.17452978,35.491886,-15101.338,-15307.386,1.3248e-05,0.18487127,-5.2268238,34.102798,0.14328726,41.805031,21002.303,0.24528185,36.757984
-1.4989091,0.17114118,0.17428376,35.369465,-15168.9,-15376.287,1.3264e-05,0.18480344,-5.212769,34.090286,0.14362375,41.875729,20945.676,0.24535966,36.818855
-1.5056273,0.17089935,0.17403662,35.247128,-15236.368,-15445.092,1.328e-05,0.18513791,-5.1986814,34.151985,0.14395933,41.946266,20888.916,0.24540849,36.879593
-1.512336,0.17065644,0.17378841,35.124882,-15303.74,-15513.799,1.3296e-05,0.18544157,-5.1845608,34.208,0.14429401,42.016651,20832.025,0.24561754,36.940189
-1.5190352,0.17041247,0.17353909,35.002728,-15371.016,-15582.407,1.3312e-05,0.18564348,-5.1704078,34.245247,0.14462776,42.08688,20775.002,0.24702293,37.000656
-1.5257249,0.1701674,0.17328867,34.880676,-15438.194,-15650.918,1.3328e-05,0.18654978,-5.1562219,34.41243,0.14496061,42.156956,20717.846,0.24607837,37.060986
-1.532405,0.16992128,0.17303717,34.758724,-15505.276,-15719.329,1.3344e-05,0.186875,-5.1420031,34.472424,0.14529255,42.226879,20660.559,0.24753258,37.121178
-1.5390755,0.16967407,0.17278457,34.636879,-15572.26,-15787.642,1.336e-05,0.18642339,-5.1277523,34.389114,0.14562356,42.296654,20603.143,0.24771264,37.18124
-1.5457363,0.1694258,0.17253087,34.515141,-15639.146,-15855.854,1.3376e-05,0.18712008,-5.1134686,34.517632,0.14595366,42.366272,20545.594,0.24754326,37.241169
-1.5523875,0.16917644,0.17227608,34.393517,-15705.934,-15923.967,1.3392e-05,0.18750387,-5.099153,34.588428,0.14628284,42.435741,20487.916,0.24774468,37.300968
-1.5590287,0.16892603,0.17202021,34.272011,-15772.623,-15991.979,1.3408e-05,0.18812503,-5.0848055,34.703014,0.14661108,42.505062,20430.109,0.24804376,37.360634
-1.5656604,0.16867454,0.17176326,34.150627,-15839.212,-16059.89,1.3424e-05,0.18868454,-5.0704255,34.806225,0.14693841,42.574234,20372.172,0.24812311,37.42017
-1.5722821,0.168422,0.17150521,34.029366,-15905.702,-16127.699,1.344e-05,0.18872307,-5.0560136,34.813332,0.14726481,42.643261,20314.105,0.24917142,37.479576
-1.5788939,0.16816838,0.17124608,33.908234,-15972.092,-16195.406,1.3456e-05,0.18939972,-5.0415692,34.938152,0.14759026,42.712139,20255.91,0.25001985,37.538857
-1.5854958,0.16791371,0.17098588,33.787231,-16038.381,-16263.012,1.3472e-05,0.18943979,-5.0270934,34.945545,0.1479148,42.780872,20197.588,0.24942778,37.598003
-1.5920877,0.16765797,0.17072459,33.666363,-16104.569,-16330.514,1.3488e-05,0.19049561,-5.0125861,35.140308,0.14823841,42.849461,20139.137,0.24965514,37.657024
-1.5986696,0.16740118,0.17046222,33.545631,-16170.656,-16397.914,1.3504e-05,0.19028291,-4.9980469,35.10107,0.14856106,42.917904,20080.559,0.24992217,37.715923
-1.6052414,0.16714333,0.17019878,33.425041,-16236.642,-16465.209,1.352e-05,0.19065128,-4.9834762,35.169025,0.14888279,42.986202,20021.852,0.25074771,37.774693
-1.6118032,0.16688442,0.16993426,33.304596,-16302.524,-16532.4,1.3536e-05,0.191442,-4.968874,35.314884,0.14920357,43.054363,19963.02,0.25094911,37.833336
-1.6183548,0.16662446,0.16966866,33.184299,-16368.305,-16599.488,1.3552e-05,0.19221266,-4.9542403,35.45705,0.14952342,43.122383,19904.061,0.25136724,37.891857
-1.6248962,0.16636345,0.169402,33.064152,-16433.982,-16666.471,1.3568e-05,0.19191672,-4.9395752,35.402458,0.14984232,43.190258,19844.975,0.25215155,37.950253
-1.6314273,0.16610138,0.16913427,32.94416,-16499.557,-16733.348,1.3584e-05,0.19293556,-4.9248791,35.590397,0.15016027,43.257999,19785.764,0.25281686,38.00853
-1.6379483,0.16583827,0.16886547,32.824322,-16565.025,-16800.119,1.36e-05,0.19283691,-4.910152,35.572201,0.15047728,43.3256,19726.428,0.25262001,38.066685
-1.6444588,0.1655741,0.1685956,32.704643,-16630.393,-16866.785,1.3616e-05,0.1927845,-4.8953934,35.562534,0.15079333,43.393066,19666.967,0.25331888,38.124718
-1.650959,0.16530891,0.16832466,32.585125,-16695.652,-16933.344,1.3632e-05,0.1940299,-4.8806043,35.792271,0.15110843,43.460396,19607.381,0.25309762,38.182629
-1.6574488,0.16504265,0.16805266,32.465775,-16760.809,-16999.795,1.3648e-05,0.19421178,-4.8657842,35.825821,0.15142258,43.527588,19547.672,0.25321969,38.240421
-1.6639282,0.16477536,0.16777961,32.346588,-16825.859,-17066.141,1.3664e-05,0.1938958,-4.8509336,35.767536,0.15173577,43.59465,19487.838,0.25302896,38.2981
-1.670397,0.16450703,0.16750549,32.227573,-16890.805,-17132.377,1.368e-05,0.19527222,-4.8360519,36.021439,0.15204799,43.661575,19427.879,0.25424054,38.355659
-1.6768553,0.16423765,0.16723031,32.10873,-16955.643,-17198.506,1.3696e-05,0.19523215,-4.8211403,36.014046,0.15235926,43.728374,19367.799,0.25431991,38.413101
-1.6833031,0.16396724,0.16695409,31.990061,-17020.375,-17264.525,1.3712e-05,0.19595966,-4.8061976,36.148251,0.15266958,43.79504,19307.596,0.25446638,38.470428
-1.6897402,0.1636958,0.16667679,31.871571,-17084.998,-17330.436,1.3728e-05,0.19617699,-4.791225,36.188339,0.15297891,43.861572,19247.271,0.25458845,38.527641
-1.6961666,0.16342331,0.16639845,31.753258,-17149.516,-17396.238,1.3744e-05,0.19689217,-4.7762218,36.320267,0.15328729,43.927982,19186.824,0.2551271,38.58474
-1.7025824,0.1631498,0.16611905,31.635128,-17213.924,-17461.93,1.376e-05,0.19681355,-4.7611885,36.305767,0.1535947,43.994263,19126.254,0.2557207,38.641724
-1.7089874,0.16287526,0.16583861,31.517183,-17278.225,-17527.51,1.3776e-05,0.19725439,-4.7461252,36.387085,0.15390114,44.060413,19065.564,0.25706503,38.698597
-1.7153816,0.1625997,0.16555713,31.399424,-17342.416,-17592.98,1.3792e-05,0.19732374,-4.7310319,36.399879,0.15420662,44.126442,19004.754,0.25656149,38.755363
-1.721765,0.16232309,0.16527461,31.281851,-17406.5,-17658.34,1.3808e-05,0.19782005,-4.715909,36.491432,0.15451111,44.192345,18943.822,0.25642568,38.812016
-1.7281375,0.16204546,0.16499102,31.164471,-17470.473,-17723.588,1.3824e-05,0.1988959,-4.7007561,36.689892,0.15481463,44.258125,18882.771,0.25744042,38.868557
-1.7344991,0.16176681,0.16470641,31.047281,-17534.336,-17788.723,1.384e-05,0.19866316,-4.6855731,36.646957,0.15511717,44.323784,18821.6,0.25752434,38.924995
-1.7408497,0.16148715,0.16442074,30.930286,-17598.088,-17853.746,1.3856e-05,0.19934598,-4.670361,36.772915,0.15541872,44.38932,18760.309,0.25778833,38.981323
-1.7471894,0.16120645,0.16413404,30.813488,-17661.73,-17918.658,1.3872e-05,0.1991826,-4.6551194,36.742779,0.15571931,44.454739,18698.9,0.25829494,39.037544
-1.753518,0.16092476,0.16384631,30.696886,-17725.26,-17983.455,1.3888e-05,0.19989932,-4.6398482,36.874989,0.15601891,44.520035,18637.373,0.2583926,39.093658
-1.7598355,0.16064203,0.16355753,30.580484,-17788.68,-18048.139,1.3904e-05,0.20009199,-4.6245475,36.91053,0.15631752,44.585213,18575.727,0.25800654,39.14967
-1.7661419,0.16035829,0.16326773,30.464283,-17851.986,-18112.709,1.392e-05,0.20069927,-4.6092181,37.022556,0.15661514,44.650276,18513.963,0.25861841,39.205578
-1.7724371,0.16007353,0.16297689,30.348284,-17915.182,-18177.164,1.3936e-05,0.20131272,-4.5938592,37.135719,0.15691178,44.715221,18452.082,0.25985596,39.261379
-1.7787212,0.15978777,0.16268504,30.232491,-17978.262,-18241.506,1.3952e-05,0.20155933,-4.5784712,37.18121,0.15720741,44.780052,18390.086,0.26008636,39.317081
-1.7849939,0.159501,0.16239214,30.116901,-18041.23,-18305.73,1.3968e-05,0.20200171,-4.5630546,37.262814,0.15750207,44.844769,18327.971,0.2601642,39.372681
-1.7912555,0.15921323,0.16209823,30.001518,-18104.086,-18369.84,1.3984e-05,0.20226373,-4.5476093,37.31115,0.15779573,44.909374,18265.74,0.25963926,39.428181
-1.7975056,0.15892445,0.16180328,29.886345,-18166.828,-18433.834,1.4e-05,0.20201249,-4.532135,37.264801,0.15808839,44.973866,18203.395,0.26039764,39.483582
-1.8037444,0.15863465,0.16150732,29.771381,-18229.453,-18497.711,1.4016e-05,0.20271072,-4.5166321,37.393604,0.15838005,45.038246,18140.934,0.26054871,39.538883
-1.8099718,0.15834387,0.16121033,29.656628,-18291.967,-18561.473,1.4032e-05,0.20312381,-4.5011005,37.469803,0.15867071,45.102516,18078.357,0.2611011,39.594086
-1.8161877,0.15805207,0.16091233,29.542086,-18354.363,-18625.115,1.4048e-05,0.20297275,-4.4855404,37.44194,0.15896036,45.166676,18015.666,0.26145664,39.649189
-1.8223922,0.15775928,0.16061331,29.427757,-18416.645,-18688.641,1.4064e-05,0.20398079,-4.4699526,37.627888,0.15924902,45.230728,17952.861,0.26197699,39.704201
-1.8285851,0.1574655,0.16031328,29.313644,-18478.809,-18752.049,1.408e-05,0.20424743,-4.4543362,37.677078,0.15953666,45.29467,17889.941,0.26229286,39.759113
-1.8347664,0.15717071,0.16001223,29.199745,-18540.857,-18815.338,1.4096e-05,0.20441391,-4.4386911,37.707787,0.1598233,45.358509,17826.91,0.26270792,39.813931
-1.8409362,0.15687494,0.15971018,29.086061,-18602.789,-18878.508,1.4112e-05,0.20437999,-4.4230189,37.70153,0.16010894,45.422241,17763.766,0.26310006,39.868652
-1.8470943,0.15657818,0.15940711,28.972593,-18664.605,-18941.559,1.4128e-05,0.20539266,-4.4073181,37.888332,0.16039355,45.485867,17700.508,0.26231423,39.923283
-1.8532407,0.15628043,0.15910304,28.859344,-18726.303,-19004.49,1.4144e-05,0.20574871,-4.3915896,37.954014,0.16067716,45.549389,17637.137,0.26319468,39.977821
-1.8593754,0.15598169,0.15879796,28.746315,-18787.881,-19067.301,1.416e-05,0.20583963,-4.3758335,37.970787,0.16095975,45.612808,17573.656,0.26373485,40.032265
-1.8654983,0.15568197,0.15849188,28.633503,-18849.344,-19129.992,1.4176e-05,0.20689392,-4.3600497,38.165268,0.16124134,45.676125,17510.062,0.26391491,40.08662
-1.8716094,0.15538125,0.1581848,28.52091,-18910.686,-19192.562,1.4192e-05,0.20673823,-4.3442383,38.136551,0.16152188,45.739338,17446.357,0.26427504,40.140884
-1.8777087,0.15507957,0.15787673,28.408539,-18971.908,-19255.012,1.4208e-05,0.20690316,-4.3283997,38.166973,0.16180143,45.802452,17382.543,0.26457107,40.195057
-1.8837961,0.1547769,0.15756765,28.296387,-19033.014,-19317.338,1.4224e-05,0.2078141,-4.3125334,38.335011,0.16207995,45.865467,17318.619,0.26541033,40.249138
-1.8898715,0.15447325,0.15725757,28.184458,-19093.996,-19379.543,1.424e-05,0.20816706,-4.2966404,38.400124,0.16235743,45.928379,17254.584,0.26572466,40.303135
-1.8959351,0.15416862,0.15694651,28.072748,-19154.861,-19441.627,1.4256e-05,0.20827341,-4.2807198,38.419739,0.1626339,45.991196,17190.441,0.26575214,40.35704
-1.9019865,0.15386303,0.15663445,27.961262,-19215.604,-19503.586,1.4272e-05,0.20872195,-4.2647719,38.50248,0.16290934,46.053909,17126.188,0.26626027,40.410858
-1.908026,0.15355647,0.15632141,27.849998,-19276.227,-19565.424,1.4288e-05,0.20910728,-4.2487974,38.573563,0.16318375,46.116528,17061.826,0.26570636,40.464588
-1.9140533,0.15324892,0.15600736,27.738956,-19336.727,-19627.137,1.4304e-05,0.20958664,-4.2327962,38.661987,0.16345713,46.17905,16997.357,0.26602376,40.518234
-1.9200686,0.15294042,0.15569235,27.628138,-19397.105,-19688.727,1.432e-05,0.20990723,-4.2167683,38.721127,0.16372947,46.241474,16932.779,0.26738945,40.571793
-1.9260718,0.15263095,0.15537634,27.517542,-19457.363,-19750.191,1.4336e-05,0.20963596,-4.2007136,38.671085,0.16400078,46.303802,16868.096,0.26708272,40.625263
-1.9320626,0.1523205,0.15505935,27.407169,-19517.498,-19811.531,1.4352e-05,0.21058388,-4.1846323,38.845947,0.16427106,46.366039,16803.305,0.26707816,40.678654
-1.9380413,0.15200911,0.15474139,27.297018,-19577.508,-19872.746,1.4368e-05,0.21096767,-4.1685247,38.916744,0.16454031,46.428177,16738.406,0.26785332,40.731956
-1.9440078,0.15169676,0.15442245,27.187092,-19637.396,-19933.836,1.4384e-05,0.21162583,-4.1523905,39.038155,0.1648085,46.490219,16673.402,0.26741844,40.785175
-1.9499619,0.15138344,0.15410253,27.077389,-19697.16,-19994.799,1.44e-05,0.21173218,-4.1362305,39.05777,0.16507566,46.55217,16608.291,0.26859188,40.83831
-1.9559036,0.15106916,0.15378165,26.967907,-19756.801,-20055.637,1.4416e-05,0.21177533,-4.1200442,39.065731,0.16534178,46.614025,16543.076,0.26887265,40.891361
-1.9618331,0.15075395,0.15345979,26.858648,-19816.318,-20116.346,1.4432e-05,0.21205124,-4.1038318,39.116627,0.16560686,46.675789,16477.758,0.26782432,40.944328
-1.9677501,0.15043776,0.15313695,26.749613,-19875.709,-20176.93,1.4448e-05,0.21271093,-4.0875931,39.238319,0.16587088,46.737457,16412.332,0.26943266,40.997211
-1.9736546,0.15012063,0.15281315,26.640799,-19934.975,-20237.387,1.4464e-05,0.21353863,-4.0713291,39.391003,0.16613385,46.799034,16346.805,0.26986298,41.050014
-1.9795467,0.14980255,0.1524884,26.532207,-19994.115,-20297.715,1.448e-05,0.21330743,-4.0550394,39.348354,0.16639578,46.860519,16281.173,0.27011323,41.102734
-1.9854262,0.14948353,0.15216267,26.423838,-20053.129,-20357.914,1.4496e-05,0.214149,-4.0387239,39.503597,0.16665667,46.921913,16215.438,0.27140415,41.155369
-1.9912931,0.14916356,0.15183598,26.315689,-20112.018,-20417.986,1.4512e-05,0.21452662,-4.0223827,39.573257,0.16691649,46.983215,16149.6,0.27075258,41.207928
-1.9971474,0.14884265,0.15150833,26.20776,-20170.779,-20477.928,1.4528e-05,0.21458982,-4.0060163,39.584915,0.16717526,47.044422,16083.659,0.27142859,41.260399
-2.0029893,0.1485208,0.15117973,26.100052,-20229.414,-20537.74,1.4544e-05,0.21476245,-3.9896247,39.61676,0.16743298,47.105537,16017.616,0.27099064,41.31279
-2.0088181,0.14819801,0.15085016,25.992565,-20287.92,-20597.424,1.456e-05,0.21557166,-3.973208,39.766029,0.16768964,47.166565,15951.473,0.27104098,41.365101
-2.0146346,0.14787428,0.15051965,25.885296,-20346.301,-20656.979,1.4576e-05,0.21516937,-3.9567659,39.691822,0.16794524,47.227497,15885.228,0.2713187,41.417332
-2.0204382,0.14754963,0.15018819,25.778248,-20404.551,-20716.4,1.4592e-05,0.215883,-3.9402988,39.823463,0.16819978,47.288342,15818.882,0.27238685,41.469479
-2.0262289,0.14722404,0.14985578,25.671415,-20462.674,-20775.693,1.4608e-05,0.21643634,-3.9238069,39.925537,0.16845325,47.349091,15752.437,0.2727012,41.521542
-2.0320067,0.14689752,0.14952242,25.564802,-20520.668,-20834.854,1.4624e-05,0.21669683,-3.9072902,39.973591,0.16870567,47.409748,15685.891,0.27278361,41.573528
-2.0377719,0.14657007,0.14918812,25.458405,-20578.531,-20893.883,1.464e-05,0.21741509,-3.890749,40.106087,0.16895701,47.470318,15619.245,0.27271187,41.625427
-2.043524,0.14624169,0.14885287,25.352222,-20636.268,-20952.779,1.4656e-05,0.21766324,-3.8741829,40.151863,0.16920729,47.530792,15552.501,0.2736015,41.67725
-2.0492635,0.14591239,0.14851668,25.246256,-20693.871,-21011.545,1.4672e-05,0.21795456,-3.8575926,40.205601,0.1694565,47.591175,15485.658,0.27415082,41.728989
-2.0549896,0.14558218,0.14817956,25.140503,-20751.346,-21070.176,1.4688e-05,0.21826592,-3.8409777,40.263035,0.16970465,47.651466,15418.717,0.27426526,41.780643
-2.060703,0.14525104,0.14784151,25.034966,-20808.689,-21128.676,1.4704e-05,0.21840309,-3.8243387,40.288342,0.16995171,47.711662,15351.678,0.27394634,41.832218
-2.0664032,0.14491899,0.14750251,24.92964,-20865.902,-21187.041,1.472e-05,0.21856339,-3.8076756,40.317909,0.17019771,47.77177,15284.542,0.27448806,41.883713
-2.0720904,0.14458601,0.14716259,24.824524,-20922.984,-21245.271,1.4736e-05,0.2191568,-3.7909882,40.427376,0.17044263,47.831779,15217.309,0.27448651,41.93512
-2.0777645,0.14425214,0.14682174,24.71962,-20979.934,-21303.369,1.4752e-05,0.21939418,-3.774277,40.471165,0.17068647,47.891697,15149.979,0.27606434,41.986446
-2.0834253,0.14391734,0.14647995,24.614925,-21036.752,-21361.332,1.4768e-05,0.21931249,-3.7575421,40.456093,0.17092924,47.951523,15082.554,0.27540362,42.037689
-2.0890729,0.14358163,0.14613725,24.510441,-21093.436,-21419.16,1.4784e-05,0.22000301,-3.7407832,40.583473,0.17117092,48.011253,15015.032,0.27480698,42.088848
-2.0947075,0.14324501,0.14579362,24.406162,-21149.988,-21476.854,1.48e-05,0.22038525,-3.7240009,40.653984,0.17141153,48.070885,14947.415,0.2754097,42.139923
-2.1003287,0.1429075,0.14544907,24.30209,-21206.406,-21534.41,1.4816e-05,0.22067811,-3.7071948,40.708008,0.17165105,48.130424,14879.704,0.27602771,42.190914
-2.1059368,0.14256908,0.1451036,24.198223,-21262.691,-21591.832,1.4832e-05,0.22106498,-3.6903656,40.779373,0.1718895,48.189865,14811.898,0.27698752,42.241817
-2.1115313,0.14222977,0.14475721,24.094561,-21318.844,-21649.115,1.4848e-05,0.22116363,-3.6735129,40.797569,0.17212684,48.24921,14743.999,0.27642444,42.292637
-2.1171126,0.14188954,0.14440991,23.9911,-21374.859,-21706.264,1.4864e-05,0.22200829,-3.656637,40.953381,0.17236312,48.308456,14676.006,0.27771235,42.343369
-2.1226804,0.14154842,0.1440617,23.887842,-21430.742,-21763.273,1.488e-05,0.22197899,-3.6397381,40.947979,0.17259829,48.367603,14607.92,0.27820215,42.394016
-2.1282346,0.14120641,0.14371258,23.784786,-21486.49,-21820.148,1.4896e-05,0.22233659,-3.6228161,41.013943,0.17283237,48.426655,14539.741,0.27830592,42.444572
-2.1337757,0.14086352,0.14336255,23.681927,-21542.102,-21876.883,1.4912e-05,0.22250152,-3.6058712,41.044369,0.17306538,48.4856,14471.47,0.27804041,42.495041
-2.139303,0.14051972,0.14301161,23.579266,-21597.578,-21933.48,1.4928e-05,0.22317661,-3.5889037,41.168903,0.17329727,48.544449,14403.107,0.27858821,42.545422
-2.1448169,0.14017506,0.14265977,23.476801,-21652.918,-21989.939,1.4944e-05,0.22323366,-3.5719132,41.179424,0.17352809,48.603191,14334.653,0.27871335,42.595715
-2.1503172,0.13982949,0.14230703,23.374533,-21708.121,-22046.258,1.496e-05,0.22338624,-3.5549004,41.207569,0.17375779,48.661835,14266.108,0.2794992,42.645912
-2.1558037,0.13948305,0.14195339,23.272457,-21763.189,-22102.439,1.4976e-05,0.2234294,-3.5378652,41.21553,0.17398641,48.720371,14197.473,0.2788232,42.696022
-2.1612768,0.13913572,0.14159885,23.170574,-21818.119,-22158.48,1.4992e-05,0.22429563,-3.5208075,41.375324,0.17421393,48.778801,14128.747,0.27924588,42.746037
-2.1667359,0.13878751,0.14124343,23.068882,-21872.91,-22214.381,1.5008e-05,0.22453608,-3.5037274,41.419678,0.17444034,48.837128,14059.933,0.28007448,42.795959
-2.1721816,0.13843842,0.1408871,22.967379,-21927.566,-22270.143,1.5024e-05,0.22461006,-3.4866254,41.433327,0.17466566,48.895344,13991.028,0.27929473,42.845783
-2.1776133,0.13808846,0.14052989,22.866064,-21982.082,-22325.762,1.504e-05,0.22542389,-3.4695013,41.58345,0.17488986,48.953453,13922.035,0.28043917,42.895515
-2.1830313,0.13773763,0.1401718,22.764936,-22036.461,-22381.24,1.5056e-05,0.22562273,-3.4523554,41.620129,0.17511296,49.011452,13852.953,0.28047732,42.945152
-2.1884356,0.13738595,0.1398128,22.663992,-22090.699,-22436.578,1.5072e-05,0.22596799,-3.4351876,41.683819,0.17533498,49.069336,13783.784,0.28003174,42.994686
-2.1938257,0.13703337,0.13945293,22.563232,-22144.799,-22491.773,1.5088e-05,0.22655986,-3.4179981,41.792999,0.17555586,49.12711,13714.527,0.28049868,43.044125
-2.1992021,0.13667995,0.13909219,22.462654,-22198.76,-22546.828,1.5104e-05,0.2259125,-3.4007869,41.673584,0.17577565,49.184765,13645.184,0.28041017,43.093464
-2.2045643,0.13632564,0.13873056,22.362255,-22252.58,-22601.74,1.512e-05,0.22718872,-3.3835545,41.909008,0.17599432,49.242306,13575.754,0.28152409,43.1427
-2.2099128,0.13597049,0.13836806,22.262037,-22306.262,-22656.508,1.5136e-05,0.22707005,-3.3663003,41.887112,0.17621188,49.299728,13506.237,0.28183538,43.19183
-2.2152472,0.13561447,0.13800468,22.161995,-22359.801,-22711.133,1.5152e-05,0.22773591,-3.3490252,42.009941,0.17642833,49.357033,13436.636,0.28232521,43.24086
-2.2205677,0.1352576,0.13764043,22.062128,-22413.199,-22765.615,1.5168e-05,0.22783609,-3.3317289,42.028423,0.17664367,49.414215,13366.948,0.28235877,43.289783
-2.2258739,0.13489987,0.13727531,21.962435,-22466.457,-22819.953,1.5184e-05,0.22827537,-3.3144114,42.109459,0.17685789,49.471275,13297.176,0.282754,43.338596
-2.2311659,0.1345413,0.13690932,21.862913,-22519.574,-22874.148,1.52e-05,0.2283663,-3.2970731,42.126232,0.17707099,49.52821,13227.319,0.2825129,43.387306
-2.236444,0.13418187,0.13654247,21.763563,-22572.549,-22928.197,1.5216e-05,0.22864221,-3.2797139,42.177128,0.17728297,49.585018,13157.38,0.28285471,43.435902
-2.2417076,0.13382159,0.13617475,21.664381,-22625.381,-22982.102,1.5232e-05,0.22893198,-3.2623339,42.230579,0.17749383,49.641697,13087.355,0.28328806,43.484386
-2.2469571,0.13346046,0.13580617,21.565367,-22678.07,-23035.861,1.5248e-05,0.22974734,-3.2449334,42.380989,0.17770357,49.698242,13017.249,0.28370464,43.532757
-2.2521925,0.13309851,0.13543674,21.466518,-22730.617,-23089.477,1.5264e-05,0.22934197,-3.2275124,42.306213,0.17791219,49.754662,12947.06,0.28357035,43.581013
-2.2574134,0.1327357,0.13506646,21.367834,-22783.021,-23142.945,1.528e-05,0.23008181,-3.2100711,42.442688,0.17811969,49.81094,12876.788,0.28456375,43.629154
-2.26262,0.13237205,0.13469532,21.26931,-22835.281,-23196.268,1.5296e-05,0.23024212,-3.1926093,42.47226,0.17832607,49.867085,12806.435,0.28410903,43.677174
-2.267812,0.13200757,0.13432333,21.170946,-22887.396,-23249.441,1.5312e-05,0.23086944,-3.1751275,42.587982,0.1785313,49.923092,12736,0.28502303,43.725071
-2.2729897,0.13164227,0.13395049,21.072742,-22939.369,-23302.471,1.5328e-05,0.23093572,-3.1576257,42.600208,0.17873542,49.978954,12665.484,0.28574938,43.77285
-2.2781532,0.13127612,0.13357681,20.974695,-22991.197,-23355.352,1.5344e-05,0.23097734,-3.1401038,42.607883,0.17893842,50.034676,12594.889,0.28413954,43.820503
-2.2833021,0.13090914,0.13320227,20.876802,-23042.879,-23408.086,1.536e-05,0.23157537,-3.1225622,42.718201,0.17914027,50.090252,12524.214,0.28456983,43.868031
-2.2884364,0.13054134,0.13282691,20.779062,-23094.416,-23460.672,1.5376e-05,0.23134726,-3.1050007,42.676121,0.179341,50.145676,12453.458,0.28492844,43.915428
-2.293556,0.13017271,0.1324507,20.681475,-23145.809,-23513.111,1.5392e-05,0.23199308,-3.0874197,42.795254,0.17954059,50.200954,12382.624,0.28634754,43.962696
-2.2986612,0.12980327,0.13207364,20.584036,-23197.055,-23565.4,1.5408e-05,0.23254642,-3.0698192,42.897327,0.17973906,50.256077,12311.712,0.28664967,44.00983
-2.3037517,0.12943301,0.13169576,20.486746,-23248.154,-23617.541,1.5424e-05,0.23279303,-3.0521991,42.942822,0.17993638,50.311043,12240.721,0.28703269,44.056831
-2.3088276,0.12906192,0.13131705,20.389603,-23299.107,-23669.531,1.544e-05,0.23321074,-3.03456,43.019875,0.18013257,50.365852,12169.652,0.28676718,44.103695
-2.3138888,0.12869002,0.13093752,20.292603,-23349.914,-23721.373,1.5456e-05,0.2334666,-3.0169015,43.067074,0.18032762,50.420498,12098.507,0.28742027,44.150421
-2.3189352,0.1283173,0.13055713,20.195745,-23400.574,-23773.066,1.5472e-05,0.23361611,-2.9992242,43.09465,0.18052153,50.474979,12027.284,0.28709829,44.197002
-2.3239667,0.12794378,0.13017595,20.09903,-23451.086,-23824.607,1.5488e-05,0.23435287,-2.9815278,43.23056,0.18071431,50.529297,11955.985,0.28741875,44.243443
-2.3289835,0.12756945,0.12979393,20.002451,-23501.449,-23876,1.5504e-05,0.23385039,-2.9638126,43.137871,0.18090594,50.583447,11884.61,0.28775293,44.289738
-2.3339856,0.12719432,0.1294111,19.906012,-23551.666,-23927.24,1.552e-05,0.23469813,-2.9460785,43.29425,0.18109642,50.637421,11813.16,0.28815728,44.33588
-2.3389728,0.12681837,0.12902744,19.809706,-23601.734,-23978.33,1.5536e-05,0.23473667,-2.9283261,43.301357,0.18128577,50.691219,11741.635,0.28903317,44.381874
-2.343945,0.12644163,0.12864298,19.713535,-23651.652,-24029.268,1.5552e-05,0.23476748,-2.9105549,43.307045,0.18147397,50.744843,11670.035,0.28836635,44.427715
-2.3489022,0.12606409,0.12825769,19.617496,-23701.424,-24080.053,1.5568e-05,0.23545185,-2.8927655,43.433285,0.18166102,50.798283,11598.361,0.28872952,44.4734
-2.3538444,0.12568575,0.1278716,19.521585,-23751.043,-24130.688,1.5584e-05,0.23529616,-2.8749578,43.404568,0.18184693,50.85154,11526.614,0.28929257,44.518925
-2.3587718,0.12530662,0.12748471,19.425804,-23800.516,-24181.17,1.56e-05,0.23540868,-2.857132,43.425323,0.18203169,50.90461,11454.793,0.28907284,44.564289
-2.3636839,0.1249267,0.127097,19.330151,-23849.836,-24231.498,1.5616e-05,0.2359235,-2.839288,43.52029,0.18221529,50.957485,11382.899,0.28933683,44.609489
-2.3685811,0.12454598,0.12670849,19.234621,-23899.006,-24281.674,1.5632e-05,0.23611771,-2.8214262,43.556114,0.18239775,51.01017,11310.935,0.28939635,44.654522
-2.3734632,0.12416449,0.12631918,19.139214,-23948.027,-24331.697,1.5648e-05,0.23651844,-2.8035464,43.630039,0.18257906,51.062656,11238.896,0.28966796,44.699383
-2.37833,0.12378221,0.12592907,19.043926,-23996.896,-24381.564,1.5664e-05,0.23696852,-2.7856491,43.713062,0.18275921,51.114944,11166.788,0.28966644,44.744076
-2.3831818,0.12339915,0.12553817,18.948761,-24045.613,-24431.279,1.568e-05,0.23727524,-2.7677341,43.769646,0.1829382,51.167027,11094.608,0.29096347,44.788589
-2.3880181,0.1230153,0.12514648,18.853712,-24094.18,-24480.84,1.5696e-05,0.23724905,-2.7498016,43.764812,0.18311605,51.218899,11022.358,0.29040805,44.832928
-2.3928394,0.12263069,0.124754,18.758778,-24142.596,-24530.246,1.5712e-05,0.23793648,-2.7318518,43.891621,0.18329273,51.270565,10950.038,0.29061097,44.877083
-2.3976455,0.12224528,0.12436073,18.66396,-24190.857,-24579.498,1.5728e-05,0.23822471,-2.7138846,43.94479,0.18346825,51.322014,10877.648,0.29104891,44.921055
-2.402436,0.12185912,0.12396667,18.569252,-24238.969,-24628.594,1.5744e-05,0.23817539,-2.6959004,43.935692,0.18364263,51.373245,10805.189,0.29175389,44.964836
-2.4072113,0.12147218,0.12357183,18.474655,-24286.926,-24677.533,1.576e-05,0.23823859,-2.6778991,43.94735,0.18381584,51.424255,10732.662,0.29153416,45.00843
-2.4119713,0.12108448,0.12317621,18.380167,-24334.73,-24726.316,1.5776e-05,0.23865475,-2.6598809,44.024117,0.18398789,51.47504,10660.067,0.2923536,45.05183
-2.4167159,0.12069601,0.12277981,18.285788,-24382.381,-24774.945,1.5792e-05,0.23892911,-2.6418459,44.07473,0.18415877,51.525597,10587.404,0.29232612,45.095036
-2.4214449,0.12030678,0.12238263,18.191513,-24429.879,-24823.416,1.5808e-05,0.23915568,-2.6237943,44.116524,0.18432848,51.57592,10514.674,0.29224068,45.138039
-2.4261584,0.11991678,0.12198468,18.097342,-24477.221,-24871.732,1.5824e-05,0.23946394,-2.605726,44.173389,0.18449704,51.626003,10441.876,0.29223913,45.18084
-2.4308567,0.11952604,0.12158597,18.003273,-24524.41,-24919.889,1.584e-05,0.24002962,-2.5876412,44.277737,0.18466444,51.67585,10369.013,0.29302806,45.223431
-2.4355392,0.11913453,0.12118648,17.909304,-24571.445,-24967.889,1.5856e-05,0.24016833,-2.5695403,44.303329,0.18483067,51.725452,10296.083,0.29306924,45.265816
-2.4402063,0.11874228,0.12078623,17.815434,-24618.326,-25015.732,1.5872e-05,0.24006815,-2.5514228,44.284847,0.18499573,51.774803,10223.089,0.29345071,45.307987
-2.4448578,0.11834927,0.12038521,17.721661,-24665.051,-25063.416,1.5888e-05,0.24038567,-2.5332894,44.343418,0.18515961,51.823902,10150.028,0.29342782,45.349941
-2.4494936,0.11795552,0.11998344,17.627981,-24711.619,-25110.943,1.5904e-05,0.24102686,-2.5151401,44.461697,0.18532234,51.872746,10076.904,0.29315776,45.391674
-2.454114,0.11756102,0.11958091,17.534397,-24758.033,-25158.311,1.592e-05,0.24072939,-2.4969747,44.406822,0.18548389,51.921329,10003.716,0.29350108,45.433186
-2.4587185,0.11716578,0.11917762,17.440907,-24804.291,-25205.52,1.5936e-05,0.24107774,-2.4787936,44.471081,0.18564427,51.96965,9930.4648,0.29398328,45.474472
-2.4633074,0.1167698,0.11877358,17.347504,-24850.391,-25252.568,1.5952e-05,0.24108852,-2.4605968,44.473072,0.18580347,52.017696,9857.1494,0.29422438,45.515522
-2.4678805,0.11637308,0.11836878,17.254192,-24896.336,-25299.459,1.5968e-05,0.24124882,-2.4423845,44.50264,0.18596151,52.065475,9783.7725,0.29396495,45.556343
-2.4724381,0.11597563,0.11796325,17.160967,-24942.123,-25346.188,1.5984e-05,0.24170506,-2.4241569,44.586803,0.18611836,52.112972,9710.332,0.29434034,45.596924
-2.4769797,0.11557744,0.11755696,17.067827,-24987.754,-25392.758,1.6e-05,0.24209809,-2.4059138,44.659306,0.18627405,52.160191,9636.8311,0.29476151,45.637264
-2.4815054,0.11517852,0.11714993,16.974771,-25033.227,-25439.168,1.6016e-05,0.24235241,-2.3876555,44.706219,0.18642856,52.207123,9563.2686,0.29475844,45.677357
-2.4860156,0.11477888,0.11674216,16.8818,-25078.543,-25485.416,1.6032e-05,0.24263756,-2.3693821,44.75882,0.18658188,52.253761,9489.6445,0.29441664,45.717205
-2.4905097,0.1143785,0.11633366,16.788908,-25123.699,-25531.504,1.6048e-05,0.24257591,-2.351094,44.747448,0.18673404,52.30011,9415.9609,0.29522386,45.756798
-2.494988,0.11397742,0.11592443,16.696095,-25168.699,-25577.432,1.6064e-05,0.24299361,-2.3327909,44.824501,0.18688501,52.346157,9342.2178,0.29561603,45.796135
-2.4994504,0.11357561,0.11551445,16.603361,-25213.539,-25623.197,1.608e-05,0.24311846,-2.3144729,44.84753,0.1870348,52.391899,9268.415,0.29608294,45.835213
-2.503897,0.11317308,0.11510375,16.510704,-25258.221,-25668.801,1.6096e-05,0.2436718,-2.2961404,44.949604,0.18718341,52.437336,9194.5527,0.2961455,45.874023
-2.5083275,0.11276983,0.11469232,16.418121,-25302.742,-25714.24,1.6112e-05,0.2444101,-2.2777934,45.085796,0.18733084,52.482456,9120.6328,0.29606006,45.912567
-2.512742,0.11236588,0.11428017,16.325613,-25347.105,-25759.52,1.6128e-05,0.2443053,-2.2594318,45.066463,0.18747708,52.527264,9046.6543,0.29607838,45.95084
-2.5171409,0.11196121,0.1138673,16.233177,-25391.309,-25804.637,1.6144e-05,0.24365947,-2.2410562,44.94733,0.18762214,52.571743,8972.6191,0.29713431,45.988838
-2.5215235,0.11155584,0.1134537,16.140812,-25435.352,-25849.588,1.616e-05,0.24445018,-2.2226665,45.093189,0.18776602,52.615902,8898.5264,0.29709768,46.026554
-2.5258899,0.11114977,0.1130394,16.048517,-25479.234,-25894.379,1.6176e-05,0.24393846,-2.2042625,44.998791,0.18790871,52.659725,8824.377,0.29640493,46.063988
-2.5302405,0.11074299,0.11262437,15.956288,-25522.955,-25939.004,1.6192e-05,0.24512066,-2.1858447,45.216873,0.18805021,52.703217,8750.1709,0.29804835,46.101131
-2.534575,0.11033551,0.11220863,15.864127,-25566.518,-25983.467,1.6208e-05,0.24434075,-2.1674132,45.073002,0.18819052,52.746365,8675.9102,0.29682761,46.137985
-2.5388935,0.10992733,0.11179219,15.772032,-25609.918,-26027.766,1.6224e-05,0.24540272,-2.1489677,45.268902,0.18832965,52.789165,8601.5938,0.29707327,46.174541
-2.5431957,0.10951846,0.11137504,15.68,-25653.156,-26071.898,1.624e-05,0.24482934,-2.1305089,45.163136,0.18846758,52.831619,8527.2227,0.29769281,46.2108
-2.5474818,0.1091089,0.11095718,15.588032,-25696.232,-26115.867,1.6256e-05,0.24541043,-2.1120367,45.270325,0.18860433,52.873718,8452.7979,0.29769737,46.246754
-2.5517519,0.10869864,0.11053863,15.496124,-25739.148,-26159.672,1.6272e-05,0.24564934,-2.0935509,45.314396,0.18873988,52.915455,8378.3184,0.29772484,46.282398
-2.5560057,0.10828771,0.11011937,15.404277,-25781.9,-26203.311,1.6288e-05,0.24601002,-2.075052,45.380928,0.18887424,52.956829,8303.7861,0.29783013,46.31773
-2.5602436,0.10787608,0.10969943,15.312489,-25824.492,-26246.785,1.6304e-05,0.24598689,-2.05654,45.376663,0.18900742,52.997829,8229.2012,0.29789728,46.352745
-2.564465,0.10746379,0.10927878,15.220758,-25866.92,-26290.092,1.632e-05,0.24672057,-2.0380151,45.512005,0.1891394,53.03846,8154.5635,0.29760581,46.38744
-2.5686703,0.1070508,0.10885745,15.129084,-25909.184,-26333.234,1.6336e-05,0.24647087,-2.0194771,45.465942,0.18927017,53.078709,8079.8745,0.29809868,46.42181
-2.5728593,0.10663715,0.10843544,15.037465,-25951.285,-26376.209,1.6352e-05,0.24671286,-2.0009265,45.510582,0.18939976,53.118572,8005.1338,0.29836422,46.455849
-2.5770323,0.10622281,0.10801273,14.945901,-25993.223,-26419.018,1.6368e-05,0.24686237,-1.9823632,45.538162,0.18952815,53.158047,7930.3423,0.29942474,46.489555
-2.5811889,0.10580782,0.10758934,14.854389,-26034.996,-26461.66,1.6384e-05,0.24717373,-1.9637874,45.595596,0.18965535,53.197128,7855.5,0.2989288,46.522923
-2.5853291,0.10539214,0.10716528,14.762929,-26076.607,-26504.135,1.64e-05,0.24700727,-1.9451993,45.564888,0.18978134,53.235809,7780.6079,0.29835048,46.55595
-2.5894532,0.1049758,0.10674053,14.67152,-26118.053,-26546.441,1.6416e-05,0.24763612,-1.9265987,45.680893,0.18990614,53.274082,7705.6665,0.29933164,46.588627
-2.5935609,0.1045588,0.10631511,14.58016,-26159.334,-26588.58,1.6432e-05,0.24805075,-1.907986,45.757378,0.19002973,53.311951,7630.6758,0.29907528,46.620956
-2.5976524,0.10414115,0.10588903,14.48885,-26200.449,-26630.553,1.6448e-05,0.24792898,-1.8893613,45.734917,0.19015212,53.349403,7555.6367,0.29994506,46.652927
-2.6017275,0.10372283,0.10546227,14.397586,-26241.4,-26672.355,1.6464e-05,0.24818793,-1.8707247,45.782684,0.19027331,53.386433,7480.5493,0.29973602,46.684544
-2.6057863,0.10330386,0.10503484,14.306369,-26282.186,-26713.99,1.648e-05,0.2477579,-1.8520762,45.703354,0.19039331,53.423038,7405.4141,0.30045626,46.71579
-2.6098287,0.10288423,0.10460676,14.215197,-26322.805,-26755.457,1.6496e-05,0.24843146,-1.833416,45.827606,0.19051211,53.459217,7330.2324,0.3008011,46.746674
-2.6138546,0.10246396,0.10417801,14.12407,-26363.26,-26796.754,1.6512e-05,0.24823725,-1.8147442,45.791782,0.19062969,53.494961,7255.0034,0.29993591,46.77718
-2.6178644,0.10204303,0.1037486,14.032986,-26403.547,-26837.881,1.6528e-05,0.2487798,-1.7960609,45.891865,0.19074608,53.530262,7179.7285,0.3000412,46.807312
-2.6218576,0.10162147,0.10331854,13.941945,-26443.668,-26878.84,1.6544e-05,0.24937783,-1.7773664,46.002182,0.19086125,53.565117,7104.4082,0.30027467,46.837059
-2.6258345,0.10119925,0.10288782,13.850945,-26483.623,-26919.629,1.656e-05,0.24857172,-1.7586606,45.853481,0.19097523,53.599522,7029.042,0.30019838,46.866421
-2.6297951,0.10077641,0.10245647,13.759986,-26523.412,-26960.246,1.6576e-05,0.24929769,-1.7399436,45.9874,0.19108799,53.633472,6953.6313,0.30102694,46.895393
-2.633739,0.10035292,0.10202445,13.669066,-26563.031,-27000.695,1.6592e-05,0.24966915,-1.7212157,46.055923,0.19119956,53.666962,6878.1768,0.30115512,46.923969
-2.6376667,0.099928811,0.1015918,13.578186,-26602.484,-27040.973,1.6608e-05,0.24945953,-1.702477,46.017254,0.19130991,53.699982,6802.6777,0.30114293,46.952148
-2.6415777,0.099504054,0.1011585,13.487344,-26641.771,-27081.08,1.6624e-05,0.24932851,-1.6837274,45.993084,0.19141905,53.732536,6727.1357,0.30081028,46.979923
-2.6454723,0.099078685,0.10072456,13.396539,-26680.889,-27121.016,1.664e-05,0.2497339,-1.6649672,46.067863,0.19152699,53.76461,6651.5508,0.30151525,47.007286
-2.6493506,0.098652676,0.10028999,13.305769,-26719.838,-27160.779,1.6656e-05,0.24984178,-1.6461965,46.087765,0.19163372,53.796204,6575.9233,0.3010956,47.034241
-2.6532123,0.098226048,0.099854782,13.215036,-26758.619,-27200.373,1.6672e-05,0.25037047,-1.6274154,46.185291,0.19173923,53.827309,6500.2544,0.3009415,47.060776
-2.6570575,0.097798795,0.099418946,13.124337,-26797.23,-27239.793,1.6688e-05,0.25005448,-1.6086241,46.127003,0.19184354,53.857925,6424.5435,0.30170447,47.086887
-2.6608863,0.097370937,0.098982483,13.033673,-26835.676,-27279.043,1.6704e-05,0.25059241,-1.5898225,46.226234,0.19194663,53.888042,6348.792,0.30175328,47.112576
-2.6646984,0.096942455,0.098545395,12.943042,-26873.949,-27318.119,1.672e-05,0.24984486,-1.5710109,46.088337,0.1920485,53.91766,6273,0.30112004,47.137829
-2.668494,0.096513368,0.098107681,12.852443,-26912.055,-27357.023,1.6736e-05,0.2502225,-1.5521894,46.157997,0.19214918,53.946766,6197.168,0.3024537,47.162651
-2.6722732,0.096083656,0.097669348,12.761876,-26949.99,-27395.754,1.6752e-05,0.25088835,-1.5333581,46.280827,0.19224863,53.975361,6121.2964,0.30195472,47.187035
-2.6760356,0.095653355,0.097230397,12.67134,-26987.756,-27434.312,1.6768e-05,0.25082669,-1.5145171,46.269451,0.19234687,54.003441,6045.3857,0.30240333,47.210972
-2.6797814,0.095222436,0.096790835,12.580835,-27025.35,-27472.697,1.6784e-05,0.25135383,-1.4956665,46.366692,0.19244389,54.030994,5969.4365,0.30195624,47.234459
-2.6835108,0.094790928,0.096350662,12.49036,-27062.775,-27510.91,1.68e-05,0.25090837,-1.4768065,46.284519,0.19253971,54.058022,5893.4497,0.30202949,47.257496
-2.6872234,0.094358809,0.095909879,12.399914,-27100.029,-27548.947,1.6816e-05,0.2511211,-1.4579371,46.323757,0.1926343,54.084515,5817.4248,0.30286416,47.280075
-2.6909196,0.093926102,0.095468491,12.309497,-27137.113,-27586.811,1.6832e-05,0.25132146,-1.4390585,46.360722,0.19272767,54.11047,5741.3628,0.30187079,47.302193
-2.6945989,0.093492799,0.095026493,12.219108,-27174.025,-27624.5,1.6848e-05,0.25145093,-1.4201709,46.384605,0.19281983,54.13588,5665.2642,0.3031022,47.323841
-2.6982617,0.093058906,0.094583906,12.128746,-27210.768,-27662.016,1.6864e-05,0.2515727,-1.4012742,46.407066,0.19291078,54.160744,5589.1294,0.30270395,47.345024
-2.7019079,0.092624418,0.094140716,12.038411,-27247.338,-27699.355,1.688e-05,0.25170064,-1.3823688,46.430664,0.1930005,54.185055,5512.959,0.30209053,47.365726
-2.7055373,0.092189364,0.09369693,11.948103,-27283.736,-27736.521,1.6896e-05,0.2516205,-1.3634546,46.415882,0.19308899,54.208805,5436.7534,0.30291757,47.385956
-2.7091498,0.091753706,0.093252555,11.857821,-27319.961,-27773.512,1.6912e-05,0.25135383,-1.3445317,46.366692,0.19317628,54.231995,5360.5132,0.30358592,47.405697
-2.7127459,0.091317482,0.092807591,11.767564,-27356.016,-27810.326,1.6928e-05,0.25166672,-1.3256004,46.424412,0.19326234,54.254612,5284.2388,0.30279091,47.42495
-2.716325,0.090880677,0.092362039,11.677332,-27391.896,-27846.965,1.6944e-05,0.25214145,-1.3066607,46.511982,0.19334719,54.276657,5207.9307,0.30398723,47.44371
-2.7198873,0.090443306,0.091915898,11.587124,-27427.605,-27883.428,1.696e-05,0.25230792,-1.2877127,46.54269,0.19343081,54.298122,5131.5889,0.30333111,47.461975
-2.723433,0.090005346,0.091469184,11.496941,-27463.143,-27919.715,1.6976e-05,0.25242198,-1.2687566,46.563732,0.19351321,54.319004,5055.2148,0.30304727,47.47974
-2.7269616,0.089566834,0.091021895,11.40678,-27498.504,-27955.826,1.6992e-05,0.2524004,-1.2497925,46.55975,0.19359438,54.339298,4978.8081,0.30327007,47.496998
-2.7304735,0.089127742,0.090574026,11.316644,-27533.693,-27991.76,1.7008e-05,0.2524451,-1.2308205,46.567997,0.19367434,54.358997,4902.3696,0.30303508,47.513748
-2.7339685,0.088688105,0.090125583,11.22653,-27568.709,-28027.516,1.7024e-05,0.25234491,-1.2118407,46.549515,0.19375308,54.378101,4825.8999,0.30371562,47.52998
-2.7374465,0.088247888,0.089676574,11.136438,-27603.553,-28063.098,1.704e-05,0.25281349,-1.1928532,46.635948,0.19383058,54.396599,4749.3994,0.30327615,47.545696
-2.7409077,0.087807134,0.089226998,11.04637,-27638.221,-28098.5,1.7056e-05,0.25276417,-1.1738583,46.62685,0.19390687,54.41449,4672.8687,0.30373698,47.56089
-2.7443519,0.087365806,0.088776857,10.956322,-27672.715,-28133.725,1.7072e-05,0.25240967,-1.1548558,46.561455,0.19398193,54.431767,4596.3076,0.30367443,47.575558
-2.7477791,0.086923942,0.088326156,10.866296,-27707.033,-28168.773,1.7088e-05,0.2531279,-1.1358463,46.693951,0.19405577,54.448425,4519.7178,0.30334482,47.589695
-2.7511892,0.086481512,0.087874897,10.776291,-27741.178,-28203.643,1.7104e-05,0.25261158,-1.1168293,46.598701,0.19412836,54.464462,4443.0986,0.30342418,47.603298
-2.7545824,0.086038552,0.087423086,10.686306,-27775.148,-28238.334,1.712e-05,0.25314796,-1.0978054,46.697647,0.19419976,54.47987,4366.4507,0.30419782,47.61636
-2.7579582,0.085595034,0.086970717,10.596343,-27808.943,-28272.848,1.7136e-05,0.25341153,-1.0787746,46.746269,0.19426991,54.494648,4289.7754,0.30455336,47.62888
-2.761317,0.085150994,0.086517803,10.506399,-27842.562,-28307.182,1.7152e-05,0.25218308,-1.0597368,46.519661,0.19433883,54.508789,4213.0723,0.30339214,47.640854
-2.7646587,0.084706396,0.086064346,10.416475,-27876.008,-28341.338,1.7168e-05,0.25304005,-1.0406924,46.677746,0.19440654,54.522285,4136.3423,0.30352795,47.652275
-2.7679832,0.084261283,0.085610338,10.326571,-27909.275,-28375.314,1.7184e-05,0.25333598,-1.0216415,46.732338,0.19447301,54.535141,4059.5859,0.30424511,47.663143
-2.7712905,0.083815619,0.085155793,10.236688,-27942.369,-28409.113,1.72e-05,0.25362113,-1.0025841,46.784939,0.19453825,54.54734,3982.8035,0.30407423,47.67345
-2.7745802,0.083369441,0.084700711,10.146823,-27975.285,-28442.73,1.7216e-05,0.25349477,-0.98352039,46.761623,0.19460227,54.558891,3905.9954,0.30455336,47.683193
-2.7778528,0.082922719,0.084245093,10.056976,-28008.025,-28476.17,1.7232e-05,0.25386468,-0.96445042,46.829861,0.19466506,54.569778,3829.1624,0.30454877,47.692371
-2.7811079,0.082475491,0.083788939,9.9671497,-28040.588,-28509.428,1.7248e-05,0.25400802,-0.94537437,46.856304,0.19472662,54.580002,3752.3049,0.30404982,47.700977
-2.7843456,0.082027733,0.083332255,9.8773413,-28072.975,-28542.506,1.7264e-05,0.25380149,-0.92629236,46.818203,0.19478694,54.589558,3675.4233,0.30495316,47.709011
-2.7875659,0.081579462,0.082875051,9.7875519,-28105.186,-28575.404,1.728e-05,0.25370437,-0.90720445,46.800289,0.19484603,54.598438,3598.5181,0.30402845,47.716465
-2.7907686,0.081130669,0.082417324,9.6977806,-28137.217,-28608.123,1.7296e-05,0.25321424,-0.88811088,46.709873,0.19490391,54.606647,3521.5896,0.30377972,47.723335
-2.7939537,0.080681369,0.081959069,9.6080275,-28169.072,-28640.66,1.7312e-05,0.25321576,-0.86901164,46.710159,0.19496055,54.61417,3444.6387,0.30432141,47.729618
-2.797121,0.080231555,0.081500299,9.5182924,-28200.75,-28673.016,1.7328e-05,0.25321269,-0.84990692,46.709591,0.19501595,54.62101,3367.6658,0.30369884,47.735317
-2.8002708,0.079781242,0.081041023,9.4285755,-28232.25,-28705.191,1.7344e-05,0.25370285,-0.83079684,46.800007,0.19507012,54.627159,3290.6709,0.30427563,47.740417
-2.8034029,0.079330415,0.080581225,9.3388767,-28263.572,-28737.184,1.736e-05,0.25363347,-0.81168151,46.787212,0.19512306,54.632614,3213.655,0.30485246,47.744923
-2.8065171,0.078879096,0.080120921,9.2491961,-28294.717,-28768.996,1.7376e-05,0.25397566,-0.79256105,46.850334,0.19517477,54.637371,3136.6187,0.30406812,47.748829
-2.8096132,0.078427263,0.07966011,9.1595325,-28325.682,-28800.627,1.7392e-05,0.25382614,-0.77343559,46.822754,0.19522524,54.641426,3059.562,0.30372936,47.752129
-2.8126917,0.077974953,0.0791988,9.0698862,-28356.469,-28832.076,1.7408e-05,0.25339764,-0.75430524,46.74371,0.19527449,54.644775,2982.4856,0.30388194,47.754822
-2.815752,0.077522136,0.078736983,8.980258,-28387.076,-28863.342,1.7424e-05,0.25371364,-0.73517007,46.801998,0.1953225,54.647415,2905.3899,0.30443892,47.756905
-2.8187943,0.077068843,0.078274675,8.8906479,-28417.506,-28894.426,1.744e-05,0.25349784,-0.7160303,46.762192,0.19536927,54.649342,2828.2756,0.30468002,47.758369
-2.8218181,0.07661505,0.077811867,8.801054,-28447.756,-28925.328,1.7456e-05,0.25370285,-0.696886,46.800007,0.19541481,54.650551,2751.1431,0.30382246,47.75922
-2.8248241,0.076160789,0.077348568,8.7114782,-28477.826,-28956.047,1.7472e-05,0.25401571,-0.6777373,46.857723,0.19545911,54.651035,2673.9929,0.30413374,47.759449
-2.8278117,0.075706035,0.076884784,8.6219206,-28507.717,-28986.582,1.7488e-05,0.25398645,-0.65858436,46.852322,0.19550219,54.650799,2596.8252,0.30484939,47.759052
-2.8307807,0.075250812,0.076420516,8.5323792,-28537.43,-29016.936,1.7504e-05,0.25383386,-0.63942719,46.824173,0.19554403,54.64983,2519.6409,0.30450299,47.75803
-2.8337317,0.074795097,0.075955763,8.4428549,-28566.961,-29047.105,1.752e-05,0.25358415,-0.62026602,46.778114,0.19558463,54.648129,2442.4404,0.30432904,47.756374
-2.8366637,0.074338928,0.075490527,8.3533487,-28596.312,-29077.092,1.7536e-05,0.25383231,-0.60110092,46.823891,0.19562399,54.645695,2365.2239,0.30427107,47.754089
-2.8395774,0.073882274,0.075024813,8.2638597,-28625.484,-29106.895,1.7552e-05,0.25380149,-0.58193201,46.818203,0.19566213,54.642517,2287.9922,0.30478072,47.751163
-2.8424723,0.073425166,0.074558631,8.1743879,-28654.475,-29136.512,1.7568e-05,0.25365198,-0.5627594,46.790623,0.19569902,54.638599,2210.7458,0.30369428,47.747597
-2.8453486,0.072967581,0.074091978,8.0849333,-28683.285,-29165.947,1.7584e-05,0.2536273,-0.54358327,46.786076,0.19573468,54.633938,2133.4849,0.30485398,47.743389
-2.848206,0.07250955,0.073624857,7.9954958,-28711.914,-29195.197,1.76e-05,0.25362885,-0.52440369,46.786358,0.1957691,54.628521,2056.2102,0.3044374,47.738537
-2.8510444,0.072051048,0.073157266,7.906076,-28740.361,-29224.264,1.7616e-05,0.25350401,-0.50522077,46.763329,0.1958023,54.622356,1978.9222,0.30399486,47.733032
-2.8538637,0.071592107,0.072689213,7.8166733,-28768.629,-29253.145,1.7632e-05,0.25324968,-0.48603472,46.716415,0.19583425,54.615433,1901.6213,0.30323955,47.726879
-2.8566642,0.071132697,0.072220705,7.7272878,-28796.715,-29281.842,1.7648e-05,0.25314951,-0.46684554,46.697933,0.19586496,54.60775,1824.308,0.30476087,47.72007
-2.8594453,0.070672847,0.071751736,7.6379199,-28824.619,-29310.354,1.7664e-05,0.25295374,-0.44765344,46.661823,0.19589444,54.599308,1746.9828,0.30413678,47.712605
-2.8622072,0.070212543,0.07128232,7.5485692,-28852.342,-29338.68,1.768e-05,0.2533468,-0.42845851,46.734325,0.19592267,54.590096,1669.6462,0.30460221,47.704479
-2.8649497,0.069751807,0.070812449,7.4592361,-28879.883,-29366.82,1.7696e-05,0.25354561,-0.40926087,46.771004,0.19594967,54.58012,1592.2988,0.30471817,47.695694
-2.8676727,0.069290616,0.070342131,7.3699207,-28907.242,-29394.775,1.7712e-05,0.25326818,-0.39006063,46.719826,0.19597544,54.56937,1514.9408,0.30442366,47.686241
-2.8703761,0.068829007,0.069871373,7.2806225,-28934.418,-29422.547,1.7728e-05,0.25321114,-0.37085792,46.709305,0.19599997,54.55785,1437.573,0.30436262,47.676121
-2.87306,0.068366945,0.069400169,7.1913419,-28961.412,-29450.131,1.7744e-05,0.25357181,-0.35165289,46.775837,0.19602326,54.545551,1360.1957,0.3037385,47.665333
-2.8757241,0.067904465,0.068928532,7.1020789,-28988.223,-29477.529,1.776e-05,0.25266242,-0.33244562,46.608086,0.19604531,54.532475,1282.8094,0.30422834,47.65387
-2.8783684,0.067441538,0.068456456,7.0128336,-29014.852,-29504.74,1.7776e-05,0.25296146,-0.31323624,46.663246,0.19606611,54.518616,1205.4148,0.30365458,47.641735
-2.8809929,0.066978201,0.067983948,6.9236059,-29041.299,-29531.766,1.7792e-05,0.25289208,-0.29402488,46.650452,0.19608569,54.503971,1128.0121,0.30385906,47.628922
-2.8835971,0.066514432,0.067511007,6.8343959,-29067.561,-29558.605,1.7808e-05,0.25301695,-0.27481169,46.673481,0.19610402,54.488541,1050.6018,0.30325022,47.615433
-2.8861816,0.066050254,0.067037642,6.745204,-29093.641,-29585.258,1.7824e-05,0.25284892,-0.25559673,46.64249,0.19612113,54.472321,973.18463,0.30317241,47.601261
-2.8887455,0.065585643,0.06656386,6.6560292,-29119.537,-29611.723,1.784e-05,0.25227094,-0.23638017,46.535866,0.19613698,54.455311,895.76093,0.30354014,47.586407
-2.8912892,0.06512063,0.066089652,6.5668731,-29145.248,-29638.002,1.7856e-05,0.25263777,-0.21716212,46.603535,0.1961516,54.437508,818.33118,0.30376902,47.570866
-2.8938127,0.0646552,0.065615021,6.4777346,-29170.777,-29664.092,1.7872e-05,0.25222778,-0.19794267,46.527905,0.19616498,54.418907,740.89594,0.30332041,47.554638
-2.8963156,0.064189367,0.065139987,6.3886137,-29196.123,-29689.996,1.7888e-05,0.25245434,-0.17872199,46.569702,0.19617711,54.399513,663.45563,0.30280006,47.537724
-2.898798,0.063723117,0.064664535,6.299511,-29221.283,-29715.713,1.7904e-05,0.25214455,-0.15950017,46.51255,0.19618802,54.379314,586.01074,0.30326852,47.520119
-2.9012597,0.06325648,0.064188674,6.2104263,-29246.26,-29741.24,1.792e-05,0.2524713,-0.14027734,46.57283,0.19619767,54.358318,508.5618,0.30334637,47.50182
-2.9037006,0.062789433,0.063712403,6.1213598,-29271.053,-29766.582,1.7936e-05,0.25236648,-0.12105363,46.553493,0.19620611,54.336514,431.10928,0.30263528,47.482826
-2.9061208,0.062321998,0.063235737,6.0323114,-29295.66,-29791.734,1.7952e-05,0.25172994,-0.10182915,46.436066,0.19621329,54.313908,353.65366,0.30349743,47.463139
-2.9085197,0.061854158,0.062758669,5.9432817,-29320.084,-29816.699,1.7968e-05,0.25207365,-0.082604021,46.499474,0.19621924,54.290493,276.19543,0.30257729,47.442753
-2.910898,0.061385937,0.062281206,5.8542695,-29344.322,-29841.475,1.7984e-05,0.2522139,-0.063378364,46.525345,0.19622393,54.266273,198.73512,0.30307475,47.421669
-2.913255,0.060917318,0.061803352,5.7652755,-29368.375,-29866.062,1.8e-05,0.25181314,-0.044152312,46.45142,0.1962274,54.241241,121.27319,0.30217749,47.399887
-2.9155908,0.06044833,0.061325103,5.6763,-29392.242,-29890.461,1.8016e-05,0.25153571,-0.024925977,46.400242,0.19622964,54.215397,43.810108,0.30218208,47.377403
-2.9179053,0.059978943,0.060846467,5.5873427,-29415.926,-29914.672,1.8032e-05,0.25166672,-0.0056994823,46.424412,0.19623062,54.18874,-33.653614,0.3023423,47.354218
-2.9201987,0.059509192,0.06036745,5.498404,-29439.424,-29938.693,1.8048e-05,0.2509762,0.013527051,46.297031,0.19623037,54.16127,-111.11749,0.30231178,47.330326
-2.9224706,0.059039049,0.05988805,5.4094834,-29462.734,-29962.525,1.8064e-05,0.25093922,0.032753501,46.290207,0.19622888,54.132984,-188.58102,0.30229348,47.305729
-2.9247208,0.058568548,0.05940827,5.320581,-29485.861,-29986.168,1.808e-05,0.25072652,0.051979747,46.250969,0.19622613,54.103886,-266.04373,0.30270088,47.280426
-2.9269495,0.058097664,0.058928117,5.2316971,-29508.801,-30009.621,1.8096e-05,0.25075889,0.071205668,46.256943,0.19622217,54.073963,-343.50513,0.30213934,47.254421
-2.9291565,0.05762643,0.058447588,5.1428313,-29531.555,-30032.885,1.8112e-05,0.25065714,0.090431139,46.238174,0.19621696,54.043228,-420.96472,0.30183417,47.227703
-2.9313419,0.057154816,0.057966694,5.0539842,-29554.123,-30055.959,1.8128e-05,0.25075272,0.10965604,46.255802,0.19621052,54.011669,-498.42203,0.30104527,47.200279
-2.9335055,0.056682851,0.057485431,4.9651551,-29576.504,-30078.844,1.8144e-05,0.25042748,0.12888025,46.195812,0.19620283,53.979294,-575.87653,0.30202186,47.172146
-2.9356472,0.056210518,0.057003807,4.8763447,-29598.699,-30101.539,1.816e-05,0.24969998,0.14810365,46.061607,0.19619389,53.946095,-653.32782,0.30140385,47.143299
-2.9377673,0.055737846,0.056521822,4.7875524,-29620.709,-30124.043,1.8176e-05,0.25012386,0.16732612,46.139797,0.19618373,53.912079,-730.77527,0.30095372,47.113743
-2.9398651,0.055264801,0.056039482,4.6987782,-29642.531,-30146.355,1.8192e-05,0.2497493,0.18654753,46.070705,0.19617233,53.877235,-808.21851,0.30146796,47.083477
-2.941941,0.054791428,0.055556785,4.6100225,-29664.166,-30168.48,1.8208e-05,0.24973235,0.20576777,46.067577,0.19615968,53.841572,-885.65704,0.30124211,47.052502
-2.943995,0.05431769,0.055073738,4.5212851,-29685.613,-30190.412,1.8224e-05,0.24961366,0.2249867,46.045685,0.19614579,53.805088,-963.09033,0.30057985,47.020809
-2.9460268,0.053843625,0.054590344,4.4325657,-29706.875,-30212.154,1.824e-05,0.24988186,0.24420422,46.095158,0.19613066,53.76778,-1040.5178,0.30032504,46.988407
-2.9480364,0.053369205,0.054106604,4.343864,-29727.947,-30233.707,1.8256e-05,0.24892314,0.26342019,45.918308,0.1961143,53.729649,-1117.9392,0.30036318,46.955292
-2.9500241,0.052894466,0.053622525,4.2551808,-29748.834,-30255.066,1.8272e-05,0.24950577,0.28263453,46.025784,0.1960967,53.690693,-1195.3539,0.30087283,46.921463
-2.9519894,0.052419372,0.053138103,4.1665158,-29769.533,-30276.236,1.8288e-05,0.24901716,0.30184704,45.93565,0.19607787,53.650913,-1272.7614,0.30007324,46.886921
-2.9539325,0.051943965,0.05265335,4.0778685,-29790.043,-30297.215,1.8304e-05,0.24900946,0.32105768,45.934231,0.1960578,53.610313,-1350.1611,0.30016175,46.851665
-2.9558535,0.051468216,0.052168261,3.9892387,-29810.367,-30318.002,1.832e-05,0.24821259,0.34026629,45.787231,0.19603647,53.568886,-1427.5527,0.29933318,46.815697
-2.9577522,0.050992154,0.051682841,3.9006269,-29830.502,-30338.596,1.8336e-05,0.24853627,0.35947275,45.846943,0.19601393,53.526642,-1504.9358,0.2993637,46.779018
-2.9596288,0.050515756,0.0511971,3.8120327,-29850.449,-30359,1.8352e-05,0.2483698,0.37867692,45.816235,0.19599013,53.48357,-1582.3096,0.29962921,46.741623
-2.961483,0.050039057,0.050711032,3.7234561,-29870.207,-30379.211,1.8368e-05,0.24779643,0.39787874,45.710464,0.1959651,53.439678,-1659.6738,0.29973754,46.703518
-2.963315,0.049562022,0.050224643,3.634897,-29889.777,-30399.232,1.8384e-05,0.24765925,0.41707802,45.685158,0.19593883,53.394962,-1737.028,0.2995224,46.664696
-2.9651246,0.049084693,0.049737938,3.546355,-29909.16,-30419.061,1.84e-05,0.24736331,0.43627468,45.630569,0.19591133,53.34943,-1814.3715,0.29831079,46.625168
-2.9669123,0.048607036,0.049250919,3.4578302,-29928.354,-30438.695,1.8416e-05,0.24712594,0.45546857,45.586781,0.19588259,53.303074,-1891.7039,0.29815057,46.584927
-2.9686775,0.048129089,0.048763588,3.3693225,-29947.359,-30458.139,1.8432e-05,0.24755444,0.47465959,45.665825,0.19585261,53.255898,-1969.0247,0.29880521,46.543972
-2.9704208,0.047650822,0.048275951,3.2808316,-29966.176,-30477.391,1.8448e-05,0.24672674,0.49384764,45.513142,0.19582139,53.207905,-2046.3334,0.29857937,46.502308
-2.9721417,0.047172271,0.047788009,3.1923575,-29984.803,-30496.449,1.8464e-05,0.24678068,0.51303256,45.52309,0.19578893,53.159092,-2123.6296,0.29778284,46.459938
-2.9738407,0.046693403,0.047299761,3.1038997,-30003.24,-30515.314,1.848e-05,0.2461734,0.53221422,45.411068,0.19575524,53.109463,-2200.9126,0.29787132,46.416855
-2.9755175,0.04621426,0.046811219,3.0154583,-30021.49,-30533.988,1.8496e-05,0.24595298,0.55139256,45.370407,0.19572031,53.059021,-2278.1824,0.29818416,46.373066
-2.9771724,0.045734808,0.046322379,2.9270332,-30039.549,-30552.469,1.8512e-05,0.24583739,0.57056737,45.349083,0.19568415,53.007759,-2355.438,0.29754785,46.328571
-2.9788055,0.04525508,0.045833245,2.838624,-30057.42,-30570.756,1.8528e-05,0.24527018,0.58973861,45.24445,0.19564675,52.955688,-2432.679,0.2976577,46.283367
-2.9804165,0.044775054,0.045343824,2.7502306,-30075.102,-30588.85,1.8544e-05,0.24472299,0.60890615,45.143517,0.19560812,52.902802,-2509.905,0.29757684,46.237461
-2.9820058,0.04429476,0.044854116,2.6618526,-30092.592,-30606.75,1.856e-05,0.24502818,0.62806976,45.19981,0.19556825,52.84911,-2587.1157,0.29700765,46.190849
-2.9835734,0.043814167,0.044364125,2.5734899,-30109.893,-30624.459,1.8576e-05,0.24469833,0.64722949,45.138966,0.19552714,52.794605,-2664.3103,0.29681692,46.143536
-2.9851193,0.043333318,0.043873854,2.4851422,-30127.006,-30641.973,1.8592e-05,0.24448563,0.66638511,45.099728,0.1954848,52.739292,-2741.4883,0.29684439,46.09552
-2.9866436,0.042852174,0.043383304,2.3968096,-30143.928,-30659.293,1.8608e-05,0.24397698,0.6855365,45.005901,0.19544123,52.683174,-2818.6497,0.29623249,46.046806
-2.9881465,0.042370781,0.042892482,2.3084912,-30160.658,-30676.42,1.8624e-05,0.24398315,0.7046836,45.007038,0.19539642,52.626255,-2895.7932,0.29620808,45.997395
-2.9896281,0.041889101,0.042401388,2.2201872,-30177.201,-30693.354,1.864e-05,0.24375349,0.72382623,44.964672,0.19535038,52.568531,-2972.9192,0.29593647,45.947285
-2.9910884,0.041407175,0.041910026,2.1318972,-30193.553,-30710.094,1.8656e-05,0.24266531,0.74296427,44.763939,0.1953031,52.510006,-3050.0266,0.2952849,45.896477
-2.9925277,0.04092497,0.0414184,2.0436208,-30209.713,-30726.639,1.8672e-05,0.24324639,0.76209766,44.871128,0.19525458,52.450684,-3127.115,0.29502091,45.844978
-2.9939458,0.040442523,0.040926512,1.9553578,-30225.684,-30742.99,1.8688e-05,0.24302599,0.78122622,44.830471,0.19520484,52.390568,-3204.1843,0.29476455,45.792789
-2.9953432,0.039959803,0.040434368,1.8671077,-30241.463,-30759.146,1.8704e-05,0.24263294,0.80034983,44.757969,0.19515386,52.329655,-3281.2334,0.29500258,45.739906
-2.9967198,0.039476845,0.039941963,1.7788706,-30257.053,-30775.109,1.872e-05,0.24197479,0.81946844,44.636559,0.19510165,52.267952,-3358.2625,0.29401532,45.686337
-2.998076,0.038993627,0.039449312,1.6906457,-30272.451,-30790.879,1.8736e-05,0.24197325,0.8385818,44.636276,0.19504821,52.20546,-3435.2705,0.29348889,45.63208
-2.9994116,0.038510174,0.038956407,1.602433,-30287.658,-30806.453,1.8752e-05,0.2418669,0.85768992,44.616657,0.19499354,52.142181,-3512.2571,0.29380625,45.577141
-3.0007269,0.038026463,0.038463257,1.5142318,-30302.676,-30821.832,1.8768e-05,0.2410654,0.87679261,44.468807,0.19493763,52.078117,-3589.2222,0.29380625,45.521519
-3.002022,0.037542529,0.037969865,1.4260421,-30317.502,-30837.018,1.8784e-05,0.24066773,0.89588976,44.395451,0.19488049,52.013275,-3666.1646,0.29220861,45.465218
-3.0032973,0.037058342,0.037476234,1.3378632,-30332.137,-30852.006,1.88e-05,0.24097754,0.91498125,44.452599,0.19482212,51.947651,-3743.0845,0.29374829,45.408237
-3.0045528,0.036573935,0.036982365,1.2496948,-30346.58,-30866.803,1.8816e-05,0.24069239,0.93406695,44.399998,0.19476253,51.881252,-3819.981,0.29312417,45.350582
-3.0057888,0.036089282,0.036488261,1.1615367,-30360.832,-30881.402,1.8832e-05,0.23993251,0.95314682,44.259827,0.1947017,51.814079,-3896.8538,0.29238105,45.292252
-3.0070055,0.035604417,0.03599393,1.0733882,-30374.893,-30895.807,1.8848e-05,0.23990169,0.9722206,44.254139,0.19463964,51.746136,-3973.7024,0.29222235,45.233253
-3.0082028,0.035119314,0.035499368,0.98524898,-30388.762,-30910.018,1.8864e-05,0.23964582,0.99128824,44.20694,0.19457635,51.677425,-4050.5261,0.29252449,45.173584
-3.0093811,0.034634002,0.035004586,0.89711869,-30402.439,-30924.031,1.888e-05,0.23879655,1.0103496,44.050278,0.19451183,51.607952,-4127.3247,0.29180577,45.113251
-3.0105405,0.034148455,0.034509577,0.8089968,-30415.926,-30937.852,1.8896e-05,0.23824629,1.0294046,43.948772,0.19444609,51.537716,-4204.0977,0.29063845,45.052254
-3.0116811,0.03366271,0.034014355,0.72088283,-30429.219,-30951.475,1.8912e-05,0.23756656,1.0484532,43.823383,0.19437912,51.466724,-4280.8442,0.29042938,44.990601
-3.0128036,0.033176735,0.033518918,0.63277638,-30442.322,-30964.902,1.8928e-05,0.23811682,1.0674951,43.924889,0.19431092,51.394978,-4357.564,0.29086429,44.928284
-3.0139077,0.032690566,0.033023268,0.5446769,-30455.232,-30978.135,1.8944e-05,0.23718894,1.0865303,43.753723,0.19424148,51.322479,-4434.2568,0.29002351,44.865318
-3.0149939,0.032204174,0.032527406,0.45658401,-30467.951,-30991.172,1.896e-05,0.23736618,1.1055586,43.786419,0.19417083,51.249233,-4510.9224,0.28951538,44.801697
-3.0160625,0.031717598,0.032031342,0.3684971,-30480.477,-31004.014,1.8976e-05,0.23714423,1.1245799,43.745476,0.19409895,51.175243,-4587.5591,0.28959319,44.737427
-3.0171132,0.031230802,0.031535078,0.28041571,-30492.811,-31016.66,1.8992e-05,0.23602368,1.1435941,43.538773,0.19402584,51.100513,-4664.168,0.28982818,44.672512
-3.0181468,0.030743828,0.03103861,0.1923393,-30504.953,-31029.109,1.9008e-05,0.2363859,1.1626011,43.605587,0.1939515,51.025047,-4740.7471,0.28960693,44.606956
-3.0191631,0.03025664,0.030541949,0.10426737,-30516.902,-31041.363,1.9024e-05,0.23550732,1.1816008,43.443523,0.19387595,50.948845,-4817.2969,0.28842738,44.54076
-3.0201628,0.029769281,0.030045094,0.016199363,-30528.66,-31053.42,1.904e-05,0.234917,1.200593,43.334625,0.19379917,50.871918,-4893.8164,0.28921172,44.473927
-3.0211456,0.029281715,0.029548049,-0.071865268,-30540.225,-31065.281,1.9056e-05,0.23446231,1.2195776,43.250748,0.19372116,50.794266,-4970.3057,0.2887463,44.406464
-3.0221121,0.028793981,0.029050818,-0.15992709,-30551.596,-31076.947,1.9072e-05,0.23472433,1.2385545,43.299084,0.19364193,50.715889,-5046.7642,0.28742638,44.338367
-3.0230625,0.028306048,0.028553404,-0.24798664,-30562.775,-31088.416,1.9088e-05,0.23412167,1.2575237,43.187912,0.19356148,50.636799,-5123.1904,0.28680685,44.26965
-3.0239968,0.027817955,0.028055809,-0.33604455,-30573.762,-31099.688,1.9104e-05,0.23338337,1.2764847,43.05172,0.19347979,50.556995,-5199.5854,0.28702047,44.200306
-3.0249155,0.027329668,0.027558036,-0.42410135,-30584.557,-31110.764,1.912e-05,0.23316142,1.2954378,43.010777,0.1933969,50.476482,-5275.9473,0.28675801,44.130344
-3.0258186,0.026841227,0.02706009,-0.51215768,-30595.158,-31121.645,1.9136e-05,0.23282078,1.3143828,42.947937,0.19331278,50.395267,-5352.2769,0.28666952,44.059765
-3.0267065,0.026352596,0.026561974,-0.60021412,-30605.566,-31132.326,1.9152e-05,0.23180041,1.3333193,42.759712,0.19322744,50.313351,-5428.5723,0.28625143,43.988579
-3.0275793,0.025863819,0.026063688,-0.68827134,-30615.781,-31142.812,1.9168e-05,0.23173721,1.3522476,42.748058,0.19314088,50.23074,-5504.8345,0.28553575,43.916782
-3.0284374,0.02537486,0.025565239,-0.77632987,-30625.805,-31153.102,1.9184e-05,0.23143204,1.3711672,42.691761,0.1930531,50.147438,-5581.0615,0.28474686,43.844379
-3.0292807,0.024885757,0.025066627,-0.86439043,-30635.633,-31163.195,1.92e-05,0.230629,1.3900782,42.543625,0.19296409,50.063446,-5657.2544,0.28423718,43.771381
-3.0301099,0.024396481,0.024567857,-0.95245355,-30645.27,-31173.092,1.9216e-05,0.23057351,1.4089804,42.53339,0.19287388,49.978775,-5733.4116,0.28402966,43.697784
-3.0309248,0.023907067,0.024068933,-1.04052,-30654.713,-31182.791,1.9232e-05,0.2302375,1.4278737,42.471405,0.19278243,49.893429,-5809.5327,0.28364971,43.623596
-3.0317259,0.023417486,0.023569856,-1.1285903,-30663.963,-31192.293,1.9248e-05,0.2294884,1.446758,42.333221,0.19268978,49.807407,-5885.6177,0.28349558,43.548817
-3.0325134,0.022927774,0.02307063,-1.2166654,-30673.018,-31201.598,1.9264e-05,0.22894277,1.4656332,42.232571,0.19259591,49.720722,-5961.666,0.28314462,43.473457
-3.0332873,0.022437898,0.022571258,-1.3047456,-30681.881,-31210.705,1.928e-05,0.22857131,1.4844991,42.164047,0.19250081,49.633369,-6037.6768,0.28288674,43.397514
-3.0340478,0.021947902,0.022071745,-1.3928318,-30690.551,-31219.615,1.9296e-05,0.22832778,1.5033556,42.119125,0.19240451,49.545361,-6113.6499,0.28220618,43.320995
-3.0347953,0.021457745,0.021572093,-1.4809246,-30699.027,-31228.33,1.9312e-05,0.22776827,1.5222026,42.015915,0.192307,49.456703,-6189.585,0.28139135,43.243908
-3.0355299,0.020967474,0.021072302,-1.5690248,-30707.309,-31236.846,1.9328e-05,0.22701301,1.5410401,41.876595,0.19220826,49.367393,-6265.481,0.28070924,43.166252
-3.036252,0.020477049,0.020572379,-1.657133,-30715.398,-31245.166,1.9344e-05,0.22654907,1.5598677,41.791012,0.19210832,49.277443,-6341.3379,0.28062227,43.088032
-3.0369613,0.019986516,0.020072328,-1.74525,-30723.293,-31253.287,1.936e-05,0.22623926,1.5786856,41.73386,0.19200715,49.186852,-6417.1553,0.28017366,43.009254
-3.0376585,0.019495837,0.019572148,-1.8333763,-30730.994,-31261.211,1.9376e-05,0.22562581,1.5974935,41.620697,0.19190477,49.095634,-6492.9321,0.28015533,42.92992
-3.0383434,0.019005055,0.019071845,-1.9215128,-30738.502,-31268.938,1.9392e-05,0.22516032,1.6162913,41.534832,0.19180119,49.003784,-6568.6689,0.27993256,42.85004
-3.0390165,0.018514132,0.018571422,-2.0096602,-30745.816,-31276.467,1.9408e-05,0.22468713,1.6350789,41.447544,0.19169639,48.911316,-6644.3643,0.27901396,42.769611
-3.0396776,0.018023111,0.01807088,-2.0978193,-30752.938,-31283.799,1.9424e-05,0.22461161,1.6538562,41.433613,0.19159038,48.81823,-6720.0176,0.27864316,42.688644
-3.0403268,0.017531957,0.017570226,-2.1859908,-30759.863,-31290.934,1.944e-05,0.22372842,1.6726229,41.270691,0.19148315,48.724537,-6795.6294,0.27804804,42.607143
-3.0409648,0.017040713,0.017069459,-2.2741754,-30766.596,-31297.869,1.9456e-05,0.22317508,1.6913792,41.168617,0.19137473,48.630234,-6871.1987,0.27761772,42.525108
-3.0415912,0.016549341,0.016568586,-2.3623738,-30773.135,-31304.607,1.9472e-05,0.22220249,1.7101247,40.989208,0.19126509,48.535336,-6946.7246,0.27728051,42.442547
-3.0422065,0.016057884,0.016067607,-2.4505868,-30779.479,-31311.148,1.9488e-05,0.22210693,1.7288595,40.971581,0.19115424,48.439838,-7022.207,0.27660602,42.359463
-3.0428104,0.015566307,0.015566528,-2.538815,-30785.629,-31317.492,1.9504e-05,0.2216692,1.7475834,40.890831,0.1910422,48.343758,-7097.6455,0.27647024,42.275864
-3.0434031,0.015074651,0.01506535,-2.6270595,-30791.584,-31323.639,1.952e-05,0.22161371,1.7662961,40.880596,0.19092894,48.247089,-7173.0396,0.276162,42.191753
-3.0439851,0.01458288,0.014564076,-2.7153208,-30797.348,-31329.586,1.9536e-05,0.22060567,1.7849978,40.694645,0.19081447,48.149849,-7248.3887,0.27612841,42.107132
-3.0445561,0.014091036,0.01406271,-2.8035998,-30802.914,-31335.336,1.9552e-05,0.22003382,1.8036882,40.589157,0.1906988,48.052032,-7323.6924,0.27548447,42.022011
-3.0451162,0.013599084,0.013561256,-2.8918972,-30808.289,-31340.887,1.9568e-05,0.21990281,1.8223672,40.564991,0.19058192,47.953655,-7398.9502,0.27473831,41.936394
-3.0456655,0.013107065,0.013059717,-2.9802136,-30813.469,-31346.24,1.9584e-05,0.21963616,1.8410347,40.5158,0.19046384,47.854713,-7474.1616,0.274308,41.850285
-3.0462041,0.012614943,0.012558094,-3.0685501,-30818.453,-31351.396,1.96e-05,0.2181164,1.8596905,40.235455,0.19034456,47.755222,-7549.3262,0.2738899,41.763687
-3.0467319,0.012122762,0.012056393,-3.1569073,-30823.244,-31356.355,1.9616e-05,0.21826592,1.8783346,40.263035,0.19022408,47.655182,-7624.4438,0.27349773,41.676605
-3.0472491,0.011630485,0.011554615,-3.2452862,-30827.84,-31361.113,1.9632e-05,0.21755844,1.8969668,40.13253,0.1901024,47.5546,-7699.5132,0.2731086,41.58905
-3.0477557,0.011138154,0.011052764,-3.3336873,-30832.242,-31365.676,1.9648e-05,0.21681243,1.9155871,39.994915,0.18997951,47.453484,-7774.5342,0.27285379,41.501022
-3.0482516,0.010645732,0.010550843,-3.4221113,-30836.451,-31370.039,1.9664e-05,0.21590766,1.9341953,39.828014,0.18985543,47.351833,-7849.5068,0.27211523,41.412525
-3.048737,0.010153264,0.010048856,-3.5105593,-30840.465,-31374.205,1.968e-05,0.21596316,1.9527912,39.838249,0.18973014,47.249664,-7924.4302,0.27235022,41.32357
-3.0492115,0.0096607115,0.0095468052,-3.5990319,-30844.283,-31378.172,1.9696e-05,0.21492583,1.9713749,39.646896,0.18960366,47.146976,-7999.3037,0.27074647,41.234158
-3.0496755,0.0091681173,0.0090446938,-3.68753,-30847.908,-31381.941,1.9712e-05,0.21504143,1.989946,39.668221,0.18947597,47.043777,-8074.127,0.2704657,41.144291
-3.0501287,0.0086754458,0.0085425256,-3.7760544,-30851.338,-31385.512,1.9728e-05,0.21388389,2.0085046,39.454693,0.18934709,46.940071,-8148.8999,0.27018952,41.053982
-3.050571,0.0081827398,0.0080403034,-3.8646057,-30854.572,-31388.885,1.9744e-05,0.21366809,2.0270505,39.414886,0.18921702,46.835869,-8223.6211,0.26952574,40.963234
-3.0510025,0.0076899608,0.0075380304,-3.9531846,-30857.613,-31392.059,1.976e-05,0.21302074,2.0455837,39.295467,0.18908575,46.731174,-8298.292,0.2697821,40.872051
-3.0514231,0.0071971547,0.0070357099,-4.0417924,-30860.461,-31395.033,1.9776e-05,0.21273713,2.0641038,39.243153,0.18895328,46.625992,-8372.9102,0.26835382,40.780437
-3.0518324,0.006704282,0.0065333452,-4.1304293,-30863.111,-31397.812,1.9792e-05,0.21193255,2.0826111,39.094734,0.18881963,46.520332,-8447.4756,0.26812038,40.6884
-3.0522308,0.0062113879,0.0060309386,-4.2190962,-30865.57,-31400.391,1.9808e-05,0.21121582,2.101105,38.962521,0.18868478,46.414196,-8521.9873,0.26776177,40.595943
-3.052618,0.0057184333,0.0055284943,-4.3077946,-30867.832,-31402.771,1.9824e-05,0.21072415,2.1195858,38.871822,0.18854873,46.307594,-8596.4473,0.26692709,40.503075
-3.052994,0.0052254642,0.005026015,-4.3965244,-30869.9,-31404.955,1.984e-05,0.21036501,2.1380532,38.805573,0.1884115,46.200531,-8670.8516,0.26679432,40.409798
-3.0533583,0.0047324407,0.0045235041,-4.4852862,-30871.773,-31406.939,1.9856e-05,0.21030799,2.156507,38.795052,0.18827307,46.093014,-8745.2031,0.26624194,40.316116
-3.0537109,0.0042394083,0.0040209643,-4.5740819,-30873.453,-31408.725,1.9872e-05,0.20916277,2.1749473,38.583797,0.18813346,45.98505,-8819.498,0.26480147,40.222042
-3.0540519,0.0037463282,0.0035183995,-4.6629114,-30874.936,-31410.312,1.9888e-05,0.2080638,2.1933737,38.381073,0.18799266,45.876644,-8893.7393,0.2647908,40.127575
-3.0543807,0.0032532455,0.0030158123,-4.7517757,-30876.227,-31411.701,1.9904e-05,0.20749658,2.2117863,38.27644,0.18785068,45.767803,-8967.9238,0.26445815,40.032722
-3.0546975,0.0027601209,0.0025132061,-4.8406758,-30877.32,-31412.893,1.992e-05,0.20686463,2.230185,38.159866,0.18770751,45.658531,-9042.0518,0.26425216,39.937492
-3.055002,0.0022670005,0.0020105839,-4.9296117,-30878.221,-31413.885,1.9936e-05,0.20650704,2.2485697,38.093903,0.18756315,45.548843,-9116.124,0.26256141,39.841885
-3.055294,0.001773844,0.001507949,-5.0185852,-30878.926,-31414.678,1.9952e-05,0.20539881,2.2669401,37.889469,0.1874176,45.438736,-9190.1387,0.26388592,39.745911
-3.0555735,0.001280698,0.0010053046,-5.1075964,-30879.438,-31415.273,1.9968e-05,0.20529708,2.2852962,37.870705,0.18727088,45.32822,-9264.0947,0.26304972,39.649574
-3.0558398,0.00078752229,0.00050265389,-5.1966457,-30879.754,-31415.67,1.9984e-05,0.2042906,2.3036377,37.68504,0.18712297,45.2173,-9337.9941,0.2614246,39.552879
-3.0560932,0.00029436324,2.4502969e-17,-5.2857347,-30879.875,-31415.869,2e-05,0.20412412,2.3219647,37.654331,0.18697387,45.105988,-9411.834,0.26093477,39.455833
-3.0563331,-0.00019881935,-0.00050265389,-5.3748641,-30879.801,-31415.869,2.0016e-05,0.20368022,2.3402772,37.572445,0.18682359,44.994286,-9485.6143,0.26020387,39.35844
-3.0565596,-0.00069197896,-0.0010053046,-5.4640341,-30879.533,-31415.67,2.0032e-05,0.20257509,2.3585749,37.368584,0.18667215,44.882202,-9559.3359,0.26001769,39.260708
-3.0567722,-0.0011851559,-0.001507949,-5.5532451,-30879.07,-31415.273,2.0048e-05,0.20214351,2.3768578,37.288971,0.1865195,44.769741,-9632.9971,0.25949737,39.16264
-3.0569706,-0.0016783037,-0.0020105839,-5.642499,-30878.414,-31414.678,2.0064e-05,0.20129578,2.3951254,37.132591,0.18636569,44.656914,-9706.5986,0.25866726,39.064243
-3.0571549,-0.0021714626,-0.0025132061,-5.7317958,-30877.561,-31413.885,2.008e-05,0.20056517,2.413378,36.997818,0.18621071,44.54372,-9780.1387,0.25906551,38.965527
-3.0573246,-0.0026645861,-0.0030158123,-5.821136,-30876.514,-31412.893,2.0096e-05,0.19992861,2.4316154,36.88039,0.18605454,44.430176,-9853.6172,0.25733513,38.866489
-3.0574796,-0.0031577146,-0.0035183995,-5.9105206,-30875.273,-31411.701,2.0112e-05,0.19960801,2.4498374,36.821251,0.1858972,44.316277,-9927.0332,0.2572695,38.767139
-3.0576193,-0.003650801,-0.0040209643,-5.9999504,-30873.838,-31410.312,2.0128e-05,0.19897144,2.4680438,36.703823,0.1857387,44.202038,-10000.388,0.25697348,38.667488
-3.057744,-0.0041438867,-0.0045235041,-6.089426,-30872.207,-31408.725,2.0144e-05,0.19921958,2.4862349,36.749603,0.185579,44.087463,-10073.679,0.25582445,38.567532
-3.0578527,-0.0046369238,-0.005026015,-6.1789479,-30870.381,-31406.939,2.016e-05,0.19767825,2.50441,36.465275,0.18541814,43.972557,-10146.907,0.25587481,38.467281
-3.057946,-0.0051299543,-0.0055284943,-6.268517,-30868.361,-31404.955,2.0176e-05,0.19680585,2.5225697,36.304344,0.18525612,43.85733,-10220.072,0.25519732,38.366745
-3.0580227,-0.0056229294,-0.0060309386,-6.3581338,-30866.146,-31402.773,2.0192e-05,0.19636349,2.5407131,36.222744,0.18509293,43.741791,-10293.172,0.25471053,38.265926
-3.0580831,-0.006115892,-0.0065333452,-6.4477992,-30863.738,-31400.393,2.0208e-05,0.19596583,2.5588405,36.149387,0.18492855,43.625938,-10366.208,0.25407574,38.164829
-3.0581269,-0.006608793,-0.0070357099,-6.5375133,-30861.133,-31397.812,2.0224e-05,0.19518436,2.5769517,36.005234,0.18476301,43.509781,-10439.179,0.25318462,38.063457
-3.0581536,-0.0071016755,-0.0075380304,-6.6272774,-30858.336,-31395.035,2.024e-05,0.19486377,2.5950468,35.946091,0.18459632,43.393333,-10512.084,0.2528657,37.961823
-3.0581632,-0.00759449,-0.0080403034,-6.717092,-30855.342,-31392.059,2.0256e-05,0.19409309,2.6131256,35.803928,0.18442844,43.276592,-10584.923,0.25281534,37.859928
-3.0581551,-0.0080872793,-0.0085425256,-6.8069572,-30852.154,-31388.885,2.0272e-05,0.19330393,2.6311877,35.658352,0.1842594,43.159569,-10657.695,0.25198522,37.757778
-3.0581291,-0.0085799946,-0.0090446938,-6.896874,-30848.773,-31385.514,2.0288e-05,0.19242999,2.6492331,35.497139,0.1840892,43.042271,-10730.4,0.25155035,37.65538
-3.058085,-0.0090726791,-0.0095468052,-6.9868431,-30845.197,-31381.941,2.0304e-05,0.19164237,2.6672618,35.351849,0.18391785,42.924702,-10803.038,0.25106663,37.552742
-3.0580227,-0.0095652826,-0.010048856,-7.0768652,-30841.426,-31378.174,2.032e-05,0.19111677,2.6852739,35.25489,0.18374532,42.806873,-10875.608,0.24977721,37.449863
-3.0579417,-0.010057849,-0.010550843,-7.1669402,-30837.461,-31374.207,2.0336e-05,0.19024129,2.7032688,35.093395,0.18357164,42.688786,-10948.11,0.24888454,37.346752
-3.0578415,-0.010550329,-0.011052764,-7.2570691,-30833.301,-31370.041,2.0352e-05,0.18980664,2.7212467,35.013214,0.18339679,42.570446,-11020.544,0.24888608,37.243416
-3.0577223,-0.011042765,-0.011554615,-7.3472524,-30828.947,-31365.678,2.0368e-05,0.18895428,2.7392073,34.85598,0.18322079,42.451866,-11092.907,0.24771111,37.139862
-3.0575836,-0.011535109,-0.012056393,-7.4374909,-30824.398,-31361.115,2.0384e-05,0.18851961,2.7571509,34.775799,0.18304363,42.33305,-11165.202,0.24753411,37.036091
-3.057425,-0.012027403,-0.012558094,-7.5277848,-30819.654,-31356.355,2.04e-05,0.18798476,2.7750769,34.677139,0.18286532,42.214005,-11237.426,0.24784692,36.932114
-3.0572464,-0.012519598,-0.013059717,-7.618135,-30814.719,-31351.398,2.0416e-05,0.18726034,2.7929852,34.543507,0.18268585,42.094734,-11309.579,0.24641103,36.827934
-3.0570476,-0.013011737,-0.013561256,-7.7085414,-30809.586,-31346.242,2.0432e-05,0.18609047,2.8108761,34.327702,0.18250522,41.975246,-11381.661,0.24559465,36.723553
-3.0568283,-0.013503769,-0.01406271,-7.799005,-30804.26,-31340.889,2.0448e-05,0.18570051,2.8287492,34.255764,0.18232344,41.855549,-11453.672,0.24532914,36.618984
-3.0565882,-0.013995741,-0.014564076,-7.8895259,-30798.74,-31335.338,2.0464e-05,0.1854693,2.8466043,34.213116,0.18214051,41.735649,-11525.611,0.24482253,36.514225
-3.0563269,-0.014487601,-0.01506535,-7.9801049,-30793.027,-31329.588,2.048e-05,0.18419769,2.8644416,33.978546,0.18195644,41.615547,-11597.478,0.24443953,36.409286
-3.0560443,-0.014979392,-0.015566528,-8.0707426,-30787.119,-31323.641,2.0496e-05,0.18377383,2.8822608,33.900356,0.1817712,41.495258,-11669.271,0.24395886,36.304173
-3.0557404,-0.015471065,-0.016067607,-8.1614389,-30781.016,-31317.494,2.0512e-05,0.18289064,2.9000616,33.737438,0.18158484,41.374783,-11740.991,0.24263284,36.198891
-3.0554144,-0.015962664,-0.016568586,-8.2521944,-30774.719,-31311.152,2.0528e-05,0.18271647,2.9178443,33.705307,0.1813973,41.254131,-11812.638,0.24245125,36.093445
-3.0550666,-0.01645414,-0.017069459,-8.3430099,-30768.229,-31304.611,2.0544e-05,0.18233423,2.9356086,33.634796,0.18120864,41.133305,-11884.21,0.24215369,35.987839
-3.0546966,-0.016945533,-0.017570226,-8.4338856,-30761.545,-31297.873,2.056e-05,0.18104103,2.9533541,33.396244,0.18101883,41.012314,-11955.707,0.2408597,35.88208
-3.0543041,-0.017436799,-0.01807088,-8.5248213,-30754.666,-31290.936,2.0576e-05,0.1808345,2.9710813,33.358143,0.18082787,40.891163,-12027.129,0.24123508,35.776176
-3.053889,-0.017927976,-0.018571422,-8.615818,-30747.594,-31283.801,2.0592e-05,0.1797571,2.9887893,33.159401,0.18063578,40.769859,-12098.476,0.24031648,35.670128
-3.0534511,-0.018419016,-0.019071845,-8.7068768,-30740.328,-31276.471,2.0608e-05,0.17853944,3.0064788,32.93478,0.18044253,40.648407,-12169.746,0.24042329,35.563942
-3.05299,-0.018909965,-0.019572148,-8.7979965,-30732.869,-31268.941,2.0624e-05,0.17891091,3.0241492,33.003304,0.18024816,40.526817,-12240.94,0.23919034,35.457626
-3.0525057,-0.019400768,-0.020072328,-8.8891783,-30725.215,-31261.215,2.064e-05,0.17775182,3.0418005,32.78949,0.18005264,40.40509,-12312.058,0.23767968,35.351185
-3.0519981,-0.019891474,-0.020572379,-8.980422,-30717.367,-31253.289,2.0656e-05,0.17739578,3.0594325,32.723808,0.17985597,40.283237,-12383.098,0.23795435,35.244621
-3.0514669,-0.020382032,-0.021072302,-9.0717287,-30709.326,-31245.168,2.0672e-05,0.1770875,3.0770452,32.666943,0.17965819,40.161259,-12454.06,0.23698539,35.137943
-3.0509119,-0.020872483,-0.021572093,-9.1630983,-30701.092,-31236.85,2.0688e-05,0.17580819,3.0946386,32.430954,0.17945926,40.039169,-12524.942,0.23632313,35.031155
-3.050333,-0.021362778,-0.022071745,-9.2545309,-30692.664,-31228.334,2.0704e-05,0.17529492,3.1122122,32.336273,0.1792592,39.916965,-12595.748,0.23630024,34.924259
-3.0497301,-0.021852963,-0.022571258,-9.3460264,-30684.041,-31219.619,2.072e-05,0.17397554,3.1297665,32.092888,0.17905802,39.794659,-12666.474,0.23544267,34.817268
-3.049103,-0.022342985,-0.02307063,-9.4375858,-30675.227,-31210.709,2.0736e-05,0.17394009,3.1473007,32.086349,0.17885569,39.672253,-12737.119,0.23505509,34.710182
-3.0484514,-0.022832893,-0.023569856,-9.5292091,-30666.217,-31201.602,2.0752e-05,0.17314322,3.1648152,31.93935,0.17865224,39.549755,-12807.686,0.23497726,34.603004
-3.0477755,-0.023322629,-0.024068933,-9.6208963,-30657.016,-31192.297,2.0768e-05,0.17271011,3.1823096,31.859455,0.17844765,39.42717,-12878.171,0.23345439,34.495743
-3.0470748,-0.023812244,-0.024567857,-9.7126484,-30647.621,-31182.795,2.0784e-05,0.17154332,3.199784,31.644218,0.17824195,39.304508,-12948.575,0.23360546,34.388405
-3.0463495,-0.024301684,-0.025066627,-9.8044643,-30638.031,-31173.096,2.08e-05,0.17168665,3.2172382,31.670662,0.17803511,39.18177,-13018.897,0.23229316,34.280991
-3.0455995,-0.024790995,-0.025565239,-9.8963451,-30628.25,-31163.199,2.0816e-05,0.17108245,3.2346721,31.559204,0.17782715,39.05896,-13089.139,0.23251595,34.173508
-3.0448244,-0.025280124,-0.026063688,-9.9882908,-30618.275,-31153.107,2.0832e-05,0.17000659,3.2520854,31.360744,0.17761807,38.936089,-13159.298,0.23182012,34.06596
-3.0440245,-0.025769118,-0.026561974,-10.080301,-30608.107,-31142.816,2.0848e-05,0.1688922,3.2694783,31.155176,0.17740788,38.81316,-13229.374,0.23121586,33.958355
-3.0431993,-0.026257925,-0.02706009,-10.172378,-30597.748,-31132.33,2.0864e-05,0.1687689,3.2868505,31.132429,0.17719655,38.690182,-13299.366,0.23013245,33.850693
-3.0423491,-0.026746592,-0.027558036,-10.264518,-30587.193,-31121.648,2.088e-05,0.16780557,3.3042018,30.954725,0.1769841,38.567154,-13369.275,0.22876522,33.742985
-3.0414739,-0.027235063,-0.028055809,-10.356724,-30576.447,-31110.768,2.0896e-05,0.16700561,3.3215325,30.807159,0.17677054,38.444088,-13439.101,0.22902921,33.635231
-3.0405731,-0.027723387,-0.028553404,-10.448996,-30565.508,-31099.693,2.0912e-05,0.16684686,3.3388422,30.777872,0.17655586,38.320988,-13508.842,0.22876216,33.527439
-3.0396471,-0.028211512,-0.029050818,-10.541332,-30554.377,-31088.42,2.0928e-05,0.16587581,3.3561306,30.598747,0.17634007,38.197853,-13578.497,0.22704397,33.419609
-3.0386958,-0.028699484,-0.029548049,-10.633735,-30543.051,-31076.951,2.0944e-05,0.16501266,3.3733981,30.439524,0.17612316,38.074699,-13648.067,0.22692953,33.311752
-3.0377192,-0.029187249,-0.030045094,-10.726202,-30531.535,-31065.287,2.096e-05,0.16409248,3.3906441,30.269779,0.17590514,37.951523,-13717.552,0.22646107,33.203869
-3.0367172,-0.029674856,-0.030541949,-10.818735,-30519.824,-31053.426,2.0976e-05,0.16350523,3.4078686,30.161451,0.17568602,37.828335,-13786.95,0.22594225,33.095966
-3.0356898,-0.030162249,-0.03103861,-10.911334,-30507.922,-31041.367,2.0992e-05,0.16318771,3.4250717,30.10288,0.17546578,37.705139,-13856.261,0.22458571,32.988045
-3.034637,-0.030649478,-0.031535078,-11.003998,-30495.828,-31029.113,2.1008e-05,0.16262203,3.4422531,29.998531,0.17524442,37.58194,-13925.485,0.22446974,32.880112
-3.0335586,-0.031136487,-0.032031342,-11.096727,-30483.541,-31016.664,2.1024e-05,0.16147067,3.4594128,29.786139,0.17502198,37.45874,-13994.622,0.22421797,32.772175
-3.032455,-0.031623326,-0.032527406,-11.189522,-30471.062,-31004.02,2.104e-05,0.16058901,3.4765508,29.623503,0.17479841,37.335552,-14063.671,0.22358929,32.664234
-3.0313258,-0.032109939,-0.033023268,-11.282382,-30458.393,-30991.178,2.1056e-05,0.16060597,3.4936666,29.626631,0.17457375,37.212372,-14132.631,0.22335429,32.556293
-3.0301716,-0.032596372,-0.033518918,-11.375308,-30445.529,-30978.141,2.1072e-05,0.15950391,3.5107605,29.423338,0.17434798,37.089214,-14201.502,0.22236091,32.44836
-3.0289917,-0.033082578,-0.034014355,-11.468299,-30432.475,-30964.908,2.1088e-05,0.15855598,3.5278323,29.248476,0.17412111,36.966076,-14270.284,0.2211829,32.340435
-3.0277867,-0.033568598,-0.034509577,-11.561355,-30419.227,-30951.48,2.1104e-05,0.15824156,3.5448816,29.190474,0.17389314,36.842964,-14338.976,0.22221442,32.232529
-3.0265565,-0.03405438,-0.035004586,-11.654475,-30405.789,-30937.855,2.112e-05,0.15738919,3.5619085,29.033239,0.17366408,36.719883,-14407.578,0.22086398,32.124638
-3.0253012,-0.034539975,-0.035499368,-11.747662,-30392.158,-30924.037,2.1136e-05,0.15689597,3.578913,28.942255,0.17343391,36.596844,-14476.089,0.22003692,32.016773
-3.0240207,-0.035025325,-0.03599393,-11.840912,-30378.336,-30910.023,2.1152e-05,0.15613146,3.5958948,28.801229,0.17320265,36.473843,-14544.51,0.21909696,31.908936
-3.0227151,-0.03551048,-0.036488261,-11.934226,-30364.322,-30895.812,2.1168e-05,0.15597579,3.612854,28.772512,0.17297029,36.350887,-14612.838,0.21915188,31.801128
-3.0213845,-0.035995383,-0.036982365,-12.027606,-30350.119,-30881.408,2.1184e-05,0.1547011,3.6297905,28.537373,0.17273685,36.227985,-14681.075,0.21873836,31.693356
-3.0200291,-0.036480088,-0.037476234,-12.121049,-30335.723,-30866.809,2.12e-05,0.15386878,3.646704,28.383837,0.17250232,36.105137,-14749.219,0.2177572,31.585625
-3.0186486,-0.036964532,-0.037969865,-12.214557,-30321.135,-30852.014,2.1216e-05,0.15332931,3.6635942,28.284321,0.17226669,35.982349,-14817.271,0.21710563,31.477936
-3.0172436,-0.037448771,-0.038463257,-12.308127,-30306.355,-30837.023,2.1232e-05,0.15271123,3.6804616,28.170307,0.17202997,35.859623,-14885.229,0.21699119,31.370296
-3.0158141,-0.03793275,-0.038956407,-12.401763,-30291.387,-30821.838,2.1248e-05,0.15198217,3.6973057,28.03582,0.17179218,35.736969,-14953.094,0.21451919,31.262707
-3.01436,-0.038416512,-0.039449312,-12.495461,-30276.227,-30806.459,2.1264e-05,0.15158606,3.7141263,27.962748,0.1715533,35.614388,-15020.864,0.21521653,31.155172
-3.0128813,-0.038900007,-0.039941963,-12.589222,-30260.875,-30790.885,2.128e-05,0.15088628,3.7309234,27.833662,0.17131332,35.491886,-15088.541,0.21457563,31.047697
-3.0113783,-0.039383281,-0.040434368,-12.683045,-30245.332,-30775.117,2.1296e-05,0.14991525,3.7476971,27.654537,0.17107227,35.369465,-15156.122,0.21436659,30.940283
-3.0098512,-0.03986628,-0.040926512,-12.776932,-30229.6,-30759.154,2.1312e-05,0.14918773,3.7644472,27.520334,0.17083015,35.247128,-15223.607,0.21296273,30.832937
-3.0083001,-0.040349055,-0.0414184,-12.870881,-30213.676,-30742.996,2.1328e-05,0.14860819,3.7811732,27.413427,0.17058693,35.124882,-15290.998,0.21232337,30.72566
-3.0067251,-0.040831547,-0.041910026,-12.964891,-30197.562,-30726.645,2.1344e-05,0.14794387,3.7978756,27.290882,0.17034264,35.002728,-15358.291,0.21264993,30.618456
-3.005126,-0.041313808,-0.042401388,-13.058964,-30181.258,-30710.1,2.136e-05,0.14696512,3.814554,27.110334,0.17009728,34.880676,-15425.488,0.21162297,30.51133
-3.0035036,-0.041795783,-0.042892482,-13.153097,-30164.762,-30693.361,2.1376e-05,0.14722715,3.8312082,27.158669,0.16985084,34.758724,-15492.589,0.21141849,30.404284
-3.0018573,-0.042277519,-0.043383304,-13.247292,-30148.078,-30676.428,2.1392e-05,0.14666764,3.8478382,27.055458,0.16960332,34.636879,-15559.591,0.21117893,30.297321
-3.0001879,-0.04275896,-0.043873854,-13.341547,-30131.203,-30659.301,2.1408e-05,0.14551935,3.864444,26.843636,0.16935474,34.515141,-15626.496,0.20982085,30.190447
-2.9984949,-0.04324016,-0.044364125,-13.435862,-30114.139,-30641.98,2.1424e-05,0.14489511,3.8810253,26.728481,0.16910508,34.393517,-15693.302,0.2094119,30.083662
-2.996779,-0.043721061,-0.044854116,-13.530237,-30096.883,-30624.465,2.144e-05,0.14453906,3.8975821,26.662802,0.16885437,34.272011,-15760.01,0.20909451,29.976971
-2.9950402,-0.044201709,-0.045343824,-13.624672,-30079.439,-30606.758,2.1456e-05,0.14349556,3.9141142,26.470312,0.16860259,34.150627,-15826.618,0.20873593,29.870375
-2.9932785,-0.044682056,-0.045833245,-13.719166,-30061.805,-30588.857,2.1472e-05,0.14292064,3.9306219,26.364258,0.16834973,34.029366,-15893.127,0.20754875,29.76388
-2.9914942,-0.045162145,-0.046322379,-13.813719,-30043.98,-30570.764,2.1488e-05,0.14213303,3.9471045,26.218967,0.16809581,33.908234,-15959.535,0.20705131,29.657488
-2.9896872,-0.045641921,-0.046811219,-13.90833,-30025.969,-30552.477,2.1504e-05,0.14123134,3.9635623,26.052635,0.16784084,33.787231,-16025.844,0.20606555,29.551203
-2.9878581,-0.046121437,-0.047299761,-14.002998,-30007.766,-30533.996,2.152e-05,0.14083984,3.9799948,25.980417,0.16758481,33.666363,-16092.052,0.2061388,29.445026
-2.9860067,-0.046600632,-0.047788009,-14.097725,-29989.373,-30515.322,2.1536e-05,0.13983797,3.9964025,25.795605,0.1673277,33.545631,-16158.157,0.20552996,29.338961
-2.9841332,-0.047079563,-0.048275951,-14.192509,-29970.793,-30496.457,2.1552e-05,0.13979019,4.0127845,25.786789,0.16706955,33.425041,-16224.162,0.20428327,29.233011
-2.9822381,-0.047558166,-0.048763588,-14.287349,-29952.023,-30477.398,2.1568e-05,0.13910121,4.0291414,25.659695,0.16681035,33.304596,-16290.064,0.20435195,29.127178
-2.9803212,-0.048036501,-0.049250919,-14.382245,-29933.066,-30458.146,2.1584e-05,0.13782498,4.0454731,25.424273,0.16655008,33.184299,-16355.864,0.20389263,29.021465
-2.9783828,-0.0485145,-0.049737938,-14.477198,-29913.918,-30438.703,2.16e-05,0.13740419,4.061779,25.346651,0.16628876,33.064152,-16421.561,0.20302896,28.915876
-2.976423,-0.048992224,-0.050224643,-14.572206,-29894.582,-30419.068,2.1616e-05,0.13724852,4.0780597,25.317934,0.1660264,32.94416,-16487.154,0.20231788,28.810411
-2.974442,-0.049469609,-0.050711032,-14.667268,-29875.059,-30399.24,2.1632e-05,0.13653642,4.0943141,25.186575,0.16576299,32.824322,-16552.645,0.20183569,28.705076
-2.97244,-0.04994671,-0.0511971,-14.762384,-29855.346,-30379.221,2.1648e-05,0.13594455,4.1105428,25.077393,0.16549852,32.704643,-16618.029,0.20147558,28.599871
-2.970417,-0.050423466,-0.051682841,-14.857555,-29835.445,-30359.008,2.1664e-05,0.13455118,4.1267452,24.82036,0.16523303,32.585125,-16683.311,0.2010773,28.494799
-2.9683735,-0.050899934,-0.052168261,-14.95278,-29815.357,-30338.605,2.168e-05,0.13389456,4.1429219,24.699238,0.16496648,32.465775,-16748.486,0.19983825,28.389862
-2.9663093,-0.051376052,-0.05265335,-15.048057,-29795.08,-30318.01,2.1696e-05,0.13420592,4.1590724,24.756672,0.16469888,32.346588,-16813.557,0.19982605,28.285063
-2.9642248,-0.051851872,-0.053138103,-15.143387,-29774.615,-30297.223,2.1712e-05,0.13300367,4.1751966,24.534897,0.16443026,32.227573,-16878.521,0.19887081,28.180405
-2.9621201,-0.052327339,-0.053622525,-15.238769,-29753.963,-30276.244,2.1728e-05,0.13254127,4.1912947,24.449598,0.16416059,32.10873,-16943.381,0.19862361,28.075888
-2.9599953,-0.052802499,-0.054106604,-15.334202,-29733.123,-30255.076,2.1744e-05,0.13200951,4.207366,24.351505,0.16388988,31.990061,-17008.133,0.19768517,27.971518
-2.9578507,-0.053277303,-0.054590344,-15.429687,-29712.096,-30233.715,2.176e-05,0.13095832,4.2234111,24.157593,0.16361815,31.871571,-17072.777,0.19675894,27.867292
-2.9556863,-0.053751793,-0.055073738,-15.525221,-29690.881,-30212.164,2.1776e-05,0.13087046,4.239429,24.141386,0.16334537,31.753258,-17137.314,0.19712363,27.763216
-2.9535024,-0.054225918,-0.055556785,-15.620806,-29669.479,-30190.422,2.1792e-05,0.12907942,4.2554202,23.810999,0.16307156,31.635128,-17201.744,0.19683981,27.65929
-2.951299,-0.05469973,-0.056039482,-15.716441,-29647.891,-30168.488,2.1808e-05,0.12933837,4.2713847,23.858765,0.16279672,31.517183,-17266.064,0.19586627,27.555519
-2.9490764,-0.055173166,-0.056521822,-15.812124,-29626.115,-30146.365,2.1824e-05,0.12846135,4.2873225,23.696983,0.16252086,31.399424,-17330.277,0.19573504,27.451902
-2.9468348,-0.055646285,-0.057003807,-15.907857,-29604.152,-30124.051,2.184e-05,0.12773229,4.3032327,23.562496,0.16224396,31.281851,-17394.381,0.19434644,27.34844
-2.9445741,-0.056119021,-0.057485431,-16.003637,-29582.002,-30101.547,2.1856e-05,0.12711884,4.3191161,23.449333,0.16196606,31.164471,-17458.373,0.19450971,27.245138
-2.9422946,-0.056591433,-0.057966694,-16.099464,-29559.668,-30078.854,2.1872e-05,0.12636513,4.3349719,23.310299,0.16168711,31.047281,-17522.258,0.1934019,27.141996
-2.9399962,-0.057063457,-0.058447588,-16.195339,-29537.145,-30055.969,2.1888e-05,0.12603065,4.3508005,23.248598,0.16140716,30.930286,-17586.031,0.19267708,27.039015
-2.9376795,-0.057535149,-0.058928117,-16.291262,-29514.438,-30032.895,2.1904e-05,0.1252754,4.3666019,23.109278,0.16112617,30.813488,-17649.693,0.19238868,26.936197
-2.9353445,-0.058006451,-0.05940827,-16.38723,-29491.543,-30009.631,2.192e-05,0.12443537,4.3823752,22.954321,0.16084418,30.696886,-17713.246,0.19118473,26.833546
-2.9329913,-0.058477413,-0.05988805,-16.483244,-29468.463,-29986.178,2.1936e-05,0.12375872,4.3981214,22.8295,0.16056116,30.580484,-17776.686,0.19141667,26.73106
-2.9306197,-0.05894798,-0.06036745,-16.579302,-29445.197,-29962.535,2.1952e-05,0.12316531,4.4138393,22.720034,0.16027713,30.464283,-17840.014,0.19122288,26.628742
-2.9282303,-0.059418201,-0.060846467,-16.675406,-29421.744,-29938.703,2.1968e-05,0.12302042,4.4295292,22.693308,0.1599921,30.348284,-17903.23,0.18956572,26.526594
-2.9258227,-0.05988802,-0.061325103,-16.771553,-29398.107,-29914.682,2.1984e-05,0.12287399,4.4451914,22.666296,0.15970604,30.232491,-17966.334,0.18965727,26.424618
-2.9233978,-0.060357489,-0.061803352,-16.867744,-29374.285,-29890.471,2.2e-05,0.12224358,4.4608259,22.550007,0.15941899,30.116901,-18029.324,0.18881343,26.322813
-2.9209549,-0.060826547,-0.062281206,-16.963978,-29350.277,-29866.072,2.2016e-05,0.12074078,4.4764318,22.272787,0.15913092,30.001518,-18092.199,0.18860592,26.221182
-2.9184947,-0.061295249,-0.062758669,-17.060257,-29326.086,-29841.484,2.2032e-05,0.11991154,4.4920096,22.11982,0.15884185,29.886345,-18154.963,0.18788567,26.119724
-2.9160171,-0.061763536,-0.063235737,-17.156576,-29301.707,-29816.709,2.2048e-05,0.12009958,4.5075588,22.154507,0.15855177,29.771381,-18217.611,0.18726616,26.018442
-2.9135222,-0.062231462,-0.063712403,-17.252937,-29277.145,-29791.744,2.2064e-05,0.11888809,4.5230794,21.931026,0.15826069,29.656628,-18280.145,0.187051,25.917339
-2.91101,-0.062698968,-0.064188674,-17.349342,-29252.398,-29766.592,2.208e-05,0.11873087,4.5385718,21.902025,0.15796861,29.542086,-18342.562,0.18634602,25.816412
-2.9084809,-0.063166104,-0.064664535,-17.445786,-29227.467,-29741.25,2.2096e-05,0.11809584,4.5540357,21.784882,0.15767555,29.427757,-18404.865,0.18576159,25.715664
-2.9059346,-0.063632809,-0.065139987,-17.542271,-29202.352,-29715.723,2.2112e-05,0.11760569,4.5694704,21.694466,0.15738147,29.313644,-18467.053,0.18544267,25.615097
-2.9033716,-0.064099148,-0.065615021,-17.638798,-29177.053,-29690.006,2.2128e-05,0.11682424,4.5848765,21.550312,0.15708642,29.199745,-18529.125,0.1852092,25.514709
-2.9007916,-0.064565048,-0.066089652,-17.735363,-29151.568,-29664.104,2.2144e-05,0.11574068,4.6002536,21.35043,0.15679036,29.086061,-18591.078,0.18379925,25.414505
-2.8981948,-0.065030567,-0.06656386,-17.831968,-29125.902,-29638.012,2.216e-05,0.11513955,4.6156015,21.239542,0.15649331,28.972593,-18652.916,0.18361919,25.314482
-2.8955815,-0.065495655,-0.067037642,-17.928612,-29100.051,-29611.732,2.2176e-05,0.11464325,4.6309199,21.147987,0.15619527,28.859344,-18714.635,0.18350627,25.214643
-2.8929517,-0.065960355,-0.067511007,-18.025295,-29074.016,-29585.268,2.2192e-05,0.11378164,4.6462097,20.98905,0.15589625,28.746315,-18776.236,0.18214972,25.114986
-2.8903053,-0.066424608,-0.067983948,-18.122017,-29047.799,-29558.615,2.2208e-05,0.11356585,4.6614699,20.949244,0.15559624,28.633503,-18837.721,0.18122959,25.015516
-2.8876426,-0.066888466,-0.068456456,-18.218777,-29021.398,-29531.777,2.2224e-05,0.11281676,4.6767006,20.81106,0.15529525,28.52091,-18899.086,0.18159123,24.916229
-2.8849633,-0.067351878,-0.068928532,-18.315575,-28994.814,-29504.752,2.224e-05,0.11270732,4.6919022,20.790873,0.1549933,28.408539,-18960.332,0.18117008,24.817129
-2.882268,-0.067814894,-0.069400169,-18.412409,-28968.047,-29477.539,2.2256e-05,0.11149583,4.7070737,20.567392,0.15469034,28.296387,-19021.459,0.18025452,24.718216
-2.8795562,-0.068277448,-0.069871373,-18.509281,-28941.1,-29450.141,2.2272e-05,0.11130317,4.7222157,20.531851,0.15438642,28.184458,-19082.465,0.18035218,24.619488
-2.8768282,-0.068739608,-0.070342131,-18.60619,-28913.967,-29422.557,2.2288e-05,0.11059723,4.7373276,20.401628,0.15408151,28.072748,-19143.352,0.17983031,24.520947
-2.8740842,-0.069201298,-0.070812449,-18.703136,-28886.654,-29394.787,2.2304e-05,0.10938574,4.7524099,20.178146,0.15377565,27.961262,-19204.117,0.17864773,24.422594
-2.8713241,-0.069662578,-0.07128232,-18.800117,-28859.158,-29366.832,2.232e-05,0.1097495,4.7674618,20.245249,0.1534688,27.849998,-19264.764,0.17815027,24.324429
-2.8685479,-0.070123397,-0.071751736,-18.897137,-28831.48,-29338.691,2.2336e-05,0.10876766,4.7824841,20.064133,0.15316097,27.738956,-19325.287,0.1780221,24.22645
-2.8657556,-0.070583798,-0.072220705,-18.994192,-28803.619,-29310.365,2.2352e-05,0.10819583,4.7974758,19.958647,0.15285219,27.628138,-19385.689,0.17686392,24.12866
-2.8629475,-0.071043722,-0.072689213,-19.091282,-28775.578,-29281.854,2.2368e-05,0.10764711,4.8124371,19.857426,0.15254246,27.517542,-19445.969,0.17680441,24.031059
-2.8601232,-0.071503229,-0.073157266,-19.188408,-28747.355,-29253.156,2.2384e-05,0.10717545,4.8273683,19.770422,0.15223174,27.407169,-19506.127,0.17671591,23.933647
-2.8572831,-0.071962252,-0.073624857,-19.285568,-28718.953,-29224.275,2.24e-05,0.1066175,4.8422689,19.667496,0.15192007,27.297018,-19566.16,0.17624134,23.836424
-2.8544271,-0.07242085,-0.074091978,-19.382767,-28690.367,-29195.209,2.2416e-05,0.10595009,4.8571391,19.544382,0.15160744,27.187092,-19626.072,0.17534867,23.739388
-2.8515551,-0.072878964,-0.074558631,-19.479998,-28661.602,-29165.959,2.2432e-05,0.10575588,4.8719783,19.508556,0.15129384,27.077389,-19685.861,0.17485428,23.642542
-2.8486674,-0.073336646,-0.075024813,-19.577265,-28632.656,-29136.523,2.2448e-05,0.10492972,4.8867869,19.356157,0.1509793,26.967907,-19745.523,0.17417523,23.545883
-2.8457639,-0.073793836,-0.075490527,-19.674568,-28603.529,-29106.906,2.2464e-05,0.1040712,4.9015646,19.197786,0.15066381,26.858648,-19805.064,0.17355876,23.449413
-2.8428442,-0.074250594,-0.075955763,-19.771906,-28574.223,-29077.104,2.248e-05,0.10341613,4.9163113,19.076948,0.15034735,26.749613,-19864.479,0.17367321,23.353132
-2.8399091,-0.074706845,-0.076420516,-19.869278,-28544.734,-29047.117,2.2496e-05,0.10318802,4.9310269,19.034866,0.15002996,26.640799,-19923.768,0.17287667,23.25704
-2.8369579,-0.075162657,-0.076884784,-19.966684,-28515.066,-29016.947,2.2512e-05,0.10208596,4.9457116,18.831573,0.14971161,26.532207,-19982.932,0.17281717,23.161135
-2.8339908,-0.075617969,-0.077348568,-20.064127,-28485.221,-28986.596,2.2528e-05,0.10194878,4.9603648,18.806267,0.14939231,26.423838,-20041.971,0.17118748,23.065418
-2.831008,-0.076072827,-0.077811867,-20.161606,-28455.193,-28956.059,2.2544e-05,0.10133378,4.974987,18.692822,0.14907208,26.315689,-20100.883,0.17076632,22.969889
-2.8280094,-0.076527178,-0.078274675,-20.259119,-28424.988,-28925.34,2.256e-05,0.10042131,4.9895773,18.5245,0.1487509,26.20776,-20159.668,0.16986297,22.874546
-2.8249948,-0.076981075,-0.078736983,-20.356667,-28394.604,-28894.439,2.2576e-05,0.099515006,5.0041366,18.357315,0.14842878,26.100052,-20218.326,0.1704291,22.77939
-2.8219643,-0.07743445,-0.0791988,-20.45425,-28364.039,-28863.355,2.2592e-05,0.099715374,5.0186639,18.394278,0.14810573,25.992565,-20276.857,0.16860561,22.684422
-2.818918,-0.077887371,-0.07966011,-20.551868,-28333.295,-28832.088,2.2608e-05,0.098775163,5.0331597,18.220837,0.14778173,25.885296,-20335.262,0.16933501,22.589638
-2.8158557,-0.07833977,-0.080120921,-20.649525,-28302.373,-28800.641,2.2624e-05,0.097750172,5.0476236,18.031759,0.14745681,25.778248,-20393.537,0.16829585,22.495041
-2.8127775,-0.078791708,-0.080581225,-20.747215,-28271.273,-28769.01,2.264e-05,0.097617611,5.0620556,18.007307,0.14713095,25.671415,-20451.684,0.1670156,22.400627
-2.8096836,-0.079243109,-0.081041023,-20.844942,-28239.996,-28737.197,2.2656e-05,0.097138256,5.0764556,17.918882,0.14680417,25.564802,-20509.703,0.16675009,22.306398
-2.8065734,-0.079694048,-0.081500299,-20.942705,-28208.539,-28705.203,2.2672e-05,0.096510932,5.0908237,17.80316,0.14647645,25.458405,-20567.592,0.16651051,22.212355
-2.8034475,-0.08014445,-0.081959069,-21.040506,-28176.906,-28673.029,2.2688e-05,0.096517101,5.1051598,17.804298,0.14614782,25.352222,-20625.352,0.16571704,22.118494
-2.8003054,-0.080594376,-0.082417324,-21.138344,-28145.094,-28640.672,2.2704e-05,0.095000423,5.1194634,17.524519,0.14581825,25.246256,-20682.98,0.16650593,22.024815
-2.7971473,-0.081043765,-0.082875051,-21.236217,-28113.105,-28608.135,2.272e-05,0.09440238,5.1337347,17.4142,0.14548777,25.140503,-20740.48,0.1651677,21.931318
-2.7939732,-0.08149267,-0.083332255,-21.334131,-28080.939,-28575.418,2.2736e-05,0.094334565,5.1479735,17.40169,0.14515637,25.034966,-20797.848,0.16525163,21.838003
-2.7907829,-0.081941031,-0.083788939,-21.432081,-28048.596,-28542.52,2.2752e-05,0.093616299,5.1621799,17.269194,0.14482406,24.92964,-20855.086,0.16465652,21.744867
-2.7875767,-0.082388908,-0.084245093,-21.530071,-28016.076,-28509.441,2.2768e-05,0.093072206,5.1763539,17.168825,0.14449082,24.824524,-20912.191,0.16343425,21.651913
-2.784354,-0.082836226,-0.084700711,-21.628099,-27983.379,-28476.182,2.2784e-05,0.092636004,5.190495,17.088362,0.14415668,24.71962,-20969.166,0.16335337,21.559137
-2.7811153,-0.083283059,-0.085155793,-21.726168,-27950.506,-28442.744,2.28e-05,0.091877669,5.2046032,16.948473,0.14382163,24.614925,-21026.008,0.16297494,21.466537
-2.7778602,-0.083729327,-0.085610338,-21.824276,-27917.457,-28409.125,2.2816e-05,0.091111623,5.2186785,16.807161,0.14348565,24.510441,-21082.719,0.16233557,21.374117
-2.7745888,-0.084175102,-0.086064346,-21.922426,-27884.232,-28375.328,2.2832e-05,0.091279626,5.2327209,16.838154,0.14314878,24.406162,-21139.295,0.16146275,21.281872
-2.7713013,-0.084620319,-0.086517803,-22.020617,-27850.83,-28341.352,2.2848e-05,0.090505876,5.2467303,16.695421,0.14281102,24.30209,-21195.74,0.16176946,21.189804
-2.7679973,-0.08506503,-0.086970717,-22.118849,-27817.254,-28307.195,2.2864e-05,0.089132547,5.2607064,16.442085,0.14247234,24.198223,-21252.051,0.16092257,21.097908
-2.764677,-0.085509166,-0.087423086,-22.217125,-27783.502,-28272.861,2.288e-05,0.089796863,5.2746496,16.564631,0.14213276,24.094561,-21308.227,0.16039002,21.006187
-2.7613401,-0.085952796,-0.087874897,-22.315443,-27749.576,-28238.348,2.2896e-05,0.088771872,5.2885594,16.375553,0.14179228,23.9911,-21364.27,0.15929899,20.914639
-2.757987,-0.086395852,-0.088326156,-22.413807,-27715.473,-28203.656,2.2912e-05,0.087901011,5.3024354,16.214907,0.14145091,23.887842,-21420.178,0.15906247,20.823261
-2.7546172,-0.086838402,-0.088776857,-22.512215,-27681.197,-28168.787,2.2928e-05,0.08711493,5.3162785,16.069901,0.14110865,23.784786,-21475.949,0.15933867,20.732054
-2.7512307,-0.087280363,-0.089226998,-22.610668,-27646.746,-28133.738,2.2944e-05,0.086990081,5.3300877,16.046869,0.1407655,23.681927,-21531.588,0.15860164,20.641016
-2.7478278,-0.08772181,-0.089676574,-22.709169,-27612.121,-28098.514,2.296e-05,0.086213246,5.3438635,15.903569,0.14042145,23.579266,-21587.09,0.15761437,20.550146
-2.7444084,-0.088162661,-0.090125583,-22.807718,-27577.32,-28063.111,2.2976e-05,0.085448742,5.357605,15.762543,0.14007652,23.476801,-21642.455,0.15749535,20.459444
-2.740972,-0.088602997,-0.090574026,-22.906315,-27542.348,-28027.531,2.2992e-05,0.085077278,5.3713131,15.694019,0.13973071,23.374533,-21697.686,0.15693685,20.368906
-2.737519,-0.089042738,-0.091021895,-23.004961,-27507.201,-27991.773,2.3008e-05,0.084499277,5.3849874,15.587397,0.13938402,23.272457,-21752.777,0.15630512,20.278534
-2.7340493,-0.08948195,-0.091469184,-23.103657,-27471.881,-27955.84,2.3024e-05,0.084101617,5.3986273,15.514041,0.13903643,23.170574,-21807.734,0.15564592,20.188326
-2.7305627,-0.089920558,-0.091915898,-23.202406,-27436.387,-27919.729,2.304e-05,0.08346042,5.4122334,15.395761,0.13868798,23.068882,-21862.553,0.15530717,20.09828
-2.7270594,-0.090358637,-0.092362039,-23.301207,-27400.721,-27883.441,2.3056e-05,0.082948692,5.4258051,15.301364,0.13833864,22.967379,-21917.232,0.15475784,20.008396
-2.7235391,-0.090796113,-0.092807591,-23.400061,-27364.881,-27846.979,2.3072e-05,0.082648128,5.4393425,15.24592,0.13798843,22.866064,-21971.775,0.15436415,19.918671
-2.7200019,-0.091233045,-0.093252555,-23.49897,-27328.871,-27810.34,2.3088e-05,0.081869759,5.4528456,15.102334,0.13763736,22.764936,-22026.18,0.15392315,19.829103
-2.7164478,-0.091669373,-0.09369693,-23.597935,-27292.686,-27773.525,2.3104e-05,0.081458218,5.4663143,15.026419,0.13728541,22.663992,-22080.445,0.15370953,19.739695
-2.7128768,-0.09210515,-0.094140716,-23.696959,-27256.33,-27736.535,2.312e-05,0.081062093,5.4797482,14.953347,0.1369326,22.563232,-22134.572,0.15317392,19.650442
-2.7092886,-0.092540316,-0.094583906,-23.79604,-27219.803,-27699.371,2.3136e-05,0.080326878,5.4931479,14.817722,0.13657892,22.462654,-22188.559,0.15250404,19.561344
-2.7056835,-0.092974931,-0.095026493,-23.895182,-27183.104,-27662.031,2.3152e-05,0.079748876,5.5065126,14.7111,0.13622437,22.362255,-22242.406,0.1525193,19.472401
-2.7020612,-0.09340892,-0.095468491,-23.994385,-27146.232,-27624.516,2.3168e-05,0.079600908,5.5198431,14.683805,0.13586898,22.262037,-22296.113,0.15135655,19.383608
-2.6984217,-0.093842357,-0.095909879,-24.093651,-27109.191,-27586.826,2.3184e-05,0.078859523,5.5331383,14.547043,0.13551271,22.161995,-22349.68,0.15103152,19.294966
-2.6947651,-0.094275162,-0.096350662,-24.19298,-27071.979,-27548.963,2.32e-05,0.077737428,5.5463986,14.340053,0.1351556,22.062128,-22403.105,0.1503357,19.206472
-2.6910913,-0.094707415,-0.096790835,-24.292376,-27034.596,-27510.926,2.3216e-05,0.078014866,5.5596237,14.391232,0.13479763,21.962435,-22456.391,0.14977568,19.118128
-2.6874003,-0.095139027,-0.097230397,-24.39184,-26997.041,-27472.713,2.3232e-05,0.077140927,5.572814,14.230018,0.13443881,21.862913,-22509.533,0.14991303,19.02993
-2.6836922,-0.095570073,-0.097669348,-24.491371,-26959.318,-27434.328,2.3248e-05,0.07605274,5.5859685,14.029283,0.13407914,21.763563,-22562.535,0.149205,18.941875
-2.6799669,-0.096000485,-0.098107681,-24.590973,-26921.424,-27395.77,2.3264e-05,0.075938687,5.5990882,14.008243,0.13371862,21.664381,-22615.393,0.1493347,18.853968
-2.6762242,-0.096430324,-0.098545395,-24.690647,-26883.361,-27357.039,2.328e-05,0.075299025,5.6121726,13.890246,0.13335726,21.565367,-22668.109,0.14816126,18.766199
-2.6724641,-0.096859515,-0.098982483,-24.790396,-26845.129,-27318.135,2.3296e-05,0.07465937,5.6252213,13.772251,0.13299505,21.466518,-22720.684,0.14727774,18.678574
-2.6686869,-0.097288139,-0.099418946,-24.890219,-26806.727,-27279.059,2.3312e-05,0.07438039,5.6382346,13.720788,0.132632,21.367834,-22773.115,0.14736931,18.591085
-2.664892,-0.097716101,-0.099854782,-24.99012,-26768.154,-27239.809,2.3328e-05,0.073674455,5.6512122,13.590566,0.13226813,21.26931,-22825.402,0.14686728,18.503736
-2.6610801,-0.098143488,-0.10028999,-25.090099,-26729.416,-27200.389,2.3344e-05,0.07307025,5.6641545,13.47911,0.13190341,21.170946,-22877.545,0.14615925,18.416525
-2.6572506,-0.09857022,-0.10072456,-25.190159,-26690.508,-27160.795,2.336e-05,0.073176607,5.6770606,13.498728,0.13153785,21.072742,-22929.545,0.14575335,18.329447
-2.6534038,-0.098996364,-0.1011585,-25.290304,-26651.432,-27121.031,2.3376e-05,0.071821764,5.6899309,13.248804,0.13117148,20.974695,-22981.398,0.14530167,18.242502
-2.6495395,-0.099421844,-0.1015918,-25.390532,-26612.188,-27081.096,2.3392e-05,0.071715415,5.7027655,13.229185,0.13080427,20.876802,-23033.109,0.14426404,18.155689
-2.645658,-0.099846736,-0.10202445,-25.490847,-26572.775,-27040.988,2.3408e-05,0.071074218,5.7155638,13.110906,0.13043623,20.779062,-23084.674,0.14425641,18.069008
-2.6417589,-0.10027096,-0.10245647,-25.591251,-26533.195,-27000.711,2.3424e-05,0.070528582,5.7283263,13.010253,0.13006736,20.681475,-23136.094,0.14423658,17.982454
-2.6378424,-0.10069459,-0.10288782,-25.691746,-26493.447,-26960.264,2.344e-05,0.069941334,5.7410522,12.901925,0.12969768,20.584036,-23187.367,0.14372692,17.896029
-2.6339085,-0.10111754,-0.10331854,-25.792334,-26453.533,-26919.645,2.3456e-05,0.069269307,5.7537422,12.777958,0.12932718,20.486746,-23238.494,0.14257333,17.809729
-2.6299572,-0.10153989,-0.1037486,-25.893017,-26413.453,-26878.855,2.3472e-05,0.068386123,5.7663956,12.615038,0.12895587,20.389603,-23289.477,0.14258096,17.723553
-2.6259885,-0.10196157,-0.10417801,-25.993797,-26373.207,-26837.898,2.3488e-05,0.068315223,5.7790127,12.601959,0.12858373,20.292603,-23340.311,0.14143956,17.637501
-2.6220024,-0.10238264,-0.10460676,-26.094679,-26332.793,-26796.77,2.3504e-05,0.067678645,5.7915936,12.484532,0.1282108,20.195745,-23390.998,0.14169438,17.551569
-2.6179986,-0.10280302,-0.10503484,-26.195662,-26292.215,-26755.473,2.352e-05,0.067821994,5.8041372,12.510975,0.12783703,20.09903,-23441.537,0.14084139,17.465757
-2.6139777,-0.10322279,-0.10546227,-26.296747,-26251.469,-26714.006,2.3536e-05,0.067134559,5.8166447,12.384165,0.12746248,20.002451,-23491.93,0.13995026,17.380064
-2.6099391,-0.10364188,-0.10588903,-26.39794,-26210.559,-26672.371,2.3552e-05,0.066793919,5.8291154,12.321328,0.1270871,19.906012,-23542.174,0.1404416,17.294487
-2.6058834,-0.10406034,-0.10631511,-26.499243,-26169.482,-26630.568,2.3568e-05,0.066047914,5.8415489,12.183714,0.12671094,19.809706,-23592.27,0.13923612,17.209026
-2.6018102,-0.10447811,-0.10674053,-26.600657,-26128.242,-26588.598,2.3584e-05,0.065331191,5.8539462,12.051501,0.12633397,19.713535,-23642.217,0.13932616,17.123678
-2.5977194,-0.10489526,-0.10716528,-26.702183,-26086.838,-26546.457,2.36e-05,0.065263368,5.8663058,12.038991,0.12595619,19.617496,-23692.016,0.13943449,17.038443
-2.5936115,-0.10531171,-0.10758934,-26.803827,-26045.268,-26504.15,2.3616e-05,0.064612925,5.8786287,11.919004,0.12557763,19.521585,-23741.664,0.13788567,16.953318
-2.5894861,-0.10572752,-0.10801273,-26.90559,-26003.533,-26461.676,2.3632e-05,0.064236842,5.8909144,11.849629,0.12519827,19.425804,-23791.164,0.13769037,16.868303
-2.5853436,-0.10614264,-0.10843544,-27.007475,-25961.637,-26419.035,2.3648e-05,0.063427635,5.903163,11.700357,0.12481813,19.330151,-23840.514,0.13733482,16.783394
-2.5811837,-0.10655712,-0.10885745,-27.109484,-25919.574,-26376.227,2.3664e-05,0.062377986,5.9153743,11.50673,0.1244372,19.234621,-23889.713,0.13670766,16.698593
-2.5770063,-0.10697089,-0.10927878,-27.21162,-25877.35,-26333.25,2.368e-05,0.061698254,5.9275484,11.381342,0.12405547,19.139214,-23938.762,0.13738212,16.613895
-2.5728118,-0.10738403,-0.10969943,-27.313885,-25834.963,-26290.109,2.3696e-05,0.06210671,5.9396849,11.456689,0.12367297,19.043926,-23987.658,0.13606372,16.529301
-2.5685999,-0.10779645,-0.11011937,-27.416285,-25792.412,-26246.803,2.3712e-05,0.061006192,5.9517837,11.253678,0.12328968,18.948761,-24036.406,0.13548845,16.444807
-2.5643711,-0.10820822,-0.11053863,-27.518818,-25749.699,-26203.328,2.3728e-05,0.060722586,5.9638448,11.201363,0.12290562,18.853712,-24085.002,0.1346385,16.360415
-2.5601249,-0.10861927,-0.11095718,-27.621489,-25706.824,-26159.689,2.3744e-05,0.060569994,5.9758687,11.173214,0.12252077,18.758778,-24133.445,0.13493149,16.276119
-2.5558615,-0.10902967,-0.11137504,-27.724302,-25663.785,-26115.885,2.376e-05,0.059694514,5.9878545,11.011716,0.12213516,18.66396,-24181.736,0.13440657,16.191921
-2.5515811,-0.10943935,-0.11179219,-27.827259,-25620.586,-26071.916,2.3776e-05,0.059225947,5.9998026,10.925281,0.12174878,18.569252,-24229.875,0.13408765,16.107821
-2.5472834,-0.10984837,-0.11220863,-27.930363,-25577.227,-26027.783,2.3792e-05,0.058336593,6.011713,10.761224,0.12136161,18.474655,-24277.861,0.13382214,16.023811
-2.542969,-0.11025667,-0.11262437,-28.033615,-25533.705,-25983.484,2.3808e-05,0.058139302,6.0235853,10.72483,0.12097369,18.380167,-24325.695,0.13322245,15.939897
-2.5386372,-0.1106643,-0.1130394,-28.137022,-25490.021,-25939.023,2.3824e-05,0.057955883,6.0354195,10.690995,0.12058501,18.285788,-24373.375,0.13293253,15.856071
-2.5342886,-0.1110712,-0.1134537,-28.240585,-25446.178,-25894.396,2.384e-05,0.057007961,6.0472155,10.516133,0.12019556,18.191513,-24420.9,0.1318949,15.772337
-2.529923,-0.11147743,-0.1138673,-28.344307,-25402.174,-25849.607,2.3856e-05,0.056533229,6.0589733,10.42856,0.11980535,18.097342,-24468.273,0.13190711,15.68869
-2.5255406,-0.11188293,-0.11428017,-28.448191,-25358.01,-25804.654,2.3872e-05,0.056553263,6.070693,10.432257,0.11941439,18.003273,-24515.492,0.13108921,15.60513
-2.5211413,-0.11228775,-0.11469232,-28.552238,-25313.688,-25759.537,2.3888e-05,0.055731732,6.0823741,10.28071,0.11902267,17.909304,-24562.557,0.1306833,15.521656
-2.5167251,-0.11269183,-0.11510375,-28.656458,-25269.203,-25714.26,2.3904e-05,0.055617671,6.094017,10.25967,0.1186302,17.815434,-24609.465,0.12970214,15.438265
-2.5122921,-0.11309522,-0.11551445,-28.760847,-25224.561,-25668.818,2.392e-05,0.05476531,6.1056213,10.102437,0.11823698,17.721661,-24656.219,0.12984863,15.354957
-2.5078425,-0.11349788,-0.11592443,-28.865412,-25179.76,-25623.215,2.3936e-05,0.054188851,6.117187,9.9960985,0.11784301,17.627981,-24702.818,0.12893307,15.271729
-2.5033762,-0.11389985,-0.11633366,-28.970156,-25134.799,-25577.449,2.3952e-05,0.053806599,6.1287141,9.9255857,0.1174483,17.534397,-24749.262,0.12901242,15.188582
-2.4988933,-0.11430106,-0.11674216,-29.075081,-25089.682,-25531.523,2.3968e-05,0.053405851,6.1402025,9.8516607,0.11705285,17.440907,-24795.549,0.12904446,15.105513
-2.4943936,-0.11470159,-0.11714993,-29.180191,-25044.404,-25485.436,2.3984e-05,0.052454844,6.1516523,9.6762304,0.11665665,17.347504,-24841.68,0.12860195,15.02252
-2.4898775,-0.11510135,-0.11755696,-29.28549,-24998.969,-25439.186,2.4e-05,0.052017104,6.163063,9.5954809,0.11625973,17.254192,-24887.652,0.12729423,14.939604
-2.4853449,-0.11550044,-0.11796325,-29.39098,-24953.377,-25392.777,2.4016e-05,0.05169959,6.1744351,9.5369101,0.11586206,17.160967,-24933.471,0.12679067,14.856761
-2.4807956,-0.11589874,-0.11836878,-29.496666,-24907.629,-25346.207,2.4032e-05,0.051378991,6.1857681,9.4777699,0.11546367,17.067827,-24979.131,0.12676778,14.773992
-2.4762301,-0.11629636,-0.11877358,-29.602552,-24861.723,-25299.477,2.4048e-05,0.050423361,6.1970615,9.301487,0.11506455,16.974771,-25024.633,0.12637258,14.691293
-2.4716485,-0.11669321,-0.11917762,-29.708639,-24815.658,-25252.588,2.4064e-05,0.049720511,6.2083163,9.171833,0.1146647,16.8818,-25069.979,0.12516557,14.608665
-2.4670503,-0.11708935,-0.11958091,-29.814932,-24769.439,-25205.537,2.408e-05,0.049678892,6.219532,9.1641569,0.11426412,16.788908,-25115.166,0.12517625,14.526106
-2.462436,-0.11748472,-0.11998344,-29.921436,-24723.064,-25158.328,2.4096e-05,0.048445821,6.2307081,8.9366951,0.11386282,16.696095,-25160.195,0.12456588,14.443614
-2.4578054,-0.11787938,-0.12038521,-30.028152,-24676.533,-25110.961,2.4112e-05,0.048854277,6.2418447,9.0120411,0.11346081,16.603361,-25205.064,0.12409589,14.361189
-2.4531586,-0.11827326,-0.12078623,-30.135084,-24629.846,-25063.436,2.4128e-05,0.047724474,6.2529421,8.8036299,0.11305808,16.510704,-25249.777,0.12388074,14.278829
-2.4484959,-0.11866643,-0.12118648,-30.242237,-24583.004,-25015.752,2.4144e-05,0.047627371,6.2639999,8.785717,0.11265463,16.418121,-25294.328,0.12348247,14.196533
-2.4438171,-0.11905882,-0.12158597,-30.349615,-24536.008,-24967.908,2.416e-05,0.047155723,6.2750182,8.6987123,0.11225047,16.325613,-25338.723,0.12294839,14.1143
-2.4391224,-0.11945049,-0.12198468,-30.45722,-24488.855,-24919.908,2.4176e-05,0.046793506,6.2859969,8.631896,0.1118456,16.233177,-25382.955,0.12234566,14.032127
-2.4344118,-0.11984136,-0.12238263,-30.565056,-24441.551,-24871.75,2.4192e-05,0.045941148,6.296936,8.4746628,0.11144003,16.140812,-25427.029,0.12245857,13.950015
-2.4296854,-0.12023152,-0.12277981,-30.673128,-24394.09,-24823.436,2.4208e-05,0.045766976,6.3078351,8.4425335,0.11103375,16.048517,-25470.941,0.1213828,13.867963
-2.424943,-0.12062088,-0.12317621,-30.781437,-24346.477,-24774.965,2.4224e-05,0.044963937,6.3186946,8.2943993,0.11062677,15.956288,-25514.693,0.12174749,13.785968
-2.4201851,-0.12100952,-0.12357183,-30.88999,-24298.711,-24726.336,2.424e-05,0.044886872,6.329514,8.2801828,0.11021909,15.864127,-25558.285,0.12134922,13.704029
-2.4154112,-0.12139735,-0.12396667,-30.998789,-24250.789,-24677.553,2.4256e-05,0.044045299,6.3402939,8.1249399,0.10981072,15.772032,-25601.717,0.12067018,13.622147
-2.4106219,-0.12178446,-0.12436073,-31.10784,-24202.717,-24628.613,2.4272e-05,0.043459591,6.3510332,8.0168953,0.10940165,15.68,-25644.986,0.1200415,13.540318
-2.405817,-0.12217075,-0.124754,-31.217142,-24154.492,-24579.518,2.4288e-05,0.043063466,6.3617325,7.9438233,0.10899189,15.588032,-25688.094,0.11949065,13.458544
-2.4009964,-0.12255632,-0.12514648,-31.326704,-24106.113,-24530.266,2.4304e-05,0.043000273,6.3723917,7.9321661,0.10858145,15.496124,-25731.039,0.11983093,13.376821
-2.3961606,-0.12294108,-0.12553817,-31.436527,-24057.584,-24480.861,2.432e-05,0.041764118,6.3830104,7.7041354,0.10817031,15.404277,-25773.822,0.11869106,13.29515
-2.3913093,-0.12332509,-0.12592907,-31.546616,-24008.902,-24431.301,2.4336e-05,0.041768741,6.393589,7.7049885,0.10775849,15.312489,-25816.443,0.11831111,13.213529
-2.3864427,-0.12370829,-0.12631918,-31.656973,-23960.07,-24381.586,2.4352e-05,0.041264724,6.4041271,7.6120133,0.107346,15.220758,-25858.902,0.11798456,13.131956
-2.3815606,-0.12409075,-0.12670849,-31.767605,-23911.088,-24331.717,2.4368e-05,0.040896345,6.4146252,7.5440588,0.10693282,15.129084,-25901.197,0.11733299,13.050432
-2.3766634,-0.12447237,-0.127097,-31.878513,-23861.953,-24281.693,2.4384e-05,0.040023945,6.4250822,7.3831296,0.10651897,15.037465,-25943.33,0.11656697,12.968955
-2.3717511,-0.12485326,-0.12748471,-31.989702,-23812.668,-24231.518,2.44e-05,0.039781958,6.4354987,7.3384905,0.10610445,14.945901,-25985.299,0.11630146,12.887525
-2.3668234,-0.12523331,-0.1278716,-32.101177,-23763.234,-24181.189,2.4416e-05,0.039351922,6.4458747,7.2591629,0.10568926,14.854389,-26027.104,0.1159032,12.806138
-2.361881,-0.12561262,-0.12825769,-32.21294,-23713.65,-24130.707,2.4432e-05,0.038698394,6.4562101,7.138608,0.1052734,14.762929,-26068.744,0.11606952,12.724797
-2.3569233,-0.12599109,-0.12864298,-32.324997,-23663.916,-24080.074,2.4448e-05,0.037896898,6.4665046,6.9907579,0.10485687,14.67152,-26110.221,0.11571246,12.643498
-2.3519509,-0.12636881,-0.12902744,-32.437351,-23614.033,-24029.287,2.4464e-05,0.037394423,6.4767585,6.898067,0.10443968,14.58016,-26151.533,0.11536912,12.562243
-2.3469634,-0.12674569,-0.1294111,-32.550003,-23564.002,-23978.35,2.448e-05,0.037563968,6.4869709,6.9293432,0.10402183,14.48885,-26192.682,0.11461989,12.481028
-2.3419611,-0.12712181,-0.12979393,-32.66296,-23513.822,-23927.26,2.4496e-05,0.03707074,6.4971428,6.8383584,0.10360333,14.397586,-26233.662,0.1139378,12.399854
-2.3369439,-0.12749708,-0.13017595,-32.776226,-23463.494,-23876.02,2.4512e-05,0.036360186,6.5072737,6.7072835,0.10318417,14.306369,-26274.48,0.11295664,12.318719
-2.331912,-0.12787159,-0.13055713,-32.889805,-23413.018,-23824.629,2.4528e-05,0.035624966,6.5173631,6.5716591,0.10276436,14.215197,-26315.131,0.11263619,12.237623
-2.3268654,-0.12824525,-0.13093752,-33.0037,-23362.395,-23773.086,2.4544e-05,0.035546359,6.5274119,6.5571585,0.10234389,14.12407,-26355.617,0.11242256,12.156566
-2.3218043,-0.12861815,-0.13131705,-33.117916,-23311.623,-23721.395,2.456e-05,0.034621555,6.5374188,6.3865623,0.10192279,14.032986,-26395.936,0.11200446,12.075545
-2.3167286,-0.12899017,-0.13169576,-33.232456,-23260.705,-23669.553,2.4576e-05,0.034256257,6.5473847,6.3191767,0.10150104,13.941945,-26436.088,0.11155125,11.994561
-2.3116381,-0.12936145,-0.13207364,-33.347324,-23209.641,-23617.561,2.4592e-05,0.033431642,6.5573096,6.1670613,0.10107865,13.850945,-26476.074,0.11153752,11.913613
-2.3065333,-0.12973185,-0.1324507,-33.462524,-23158.432,-23565.42,2.4608e-05,0.033131078,6.5671926,6.1116176,0.10065562,13.759986,-26515.895,0.11046174,11.8327
-2.301414,-0.13010149,-0.13282691,-33.57806,-23107.074,-23513.131,2.4624e-05,0.032821272,6.5770345,6.0544677,0.10023195,13.669066,-26555.547,0.11049379,11.751821
-2.2962804,-0.13047025,-0.13320227,-33.693935,-23055.572,-23460.693,2.464e-05,0.032588527,6.5868344,6.0115342,0.099807657,13.578186,-26595.031,0.10963317,11.670974
-2.2911325,-0.13083823,-0.13357681,-33.810154,-23003.926,-23408.107,2.4656e-05,0.031497259,6.5965929,5.8102307,0.099382728,13.487344,-26634.35,0.10929593,11.590161
-2.28597,-0.13120535,-0.13395049,-33.92672,-22952.133,-23355.373,2.4672e-05,0.031532712,6.6063099,5.8167701,0.098957166,13.396539,-26673.498,0.10881069,11.509379
-2.2807934,-0.13157168,-0.13432333,-34.043636,-22900.195,-23302.492,2.4688e-05,0.030936213,6.6159854,5.7067351,0.098530985,13.305769,-26712.48,0.1086871,11.42863
-2.2756026,-0.13193713,-0.13469532,-34.160912,-22848.115,-23249.463,2.4704e-05,0.030318135,6.6256185,5.59272,0.098104179,13.215036,-26751.293,0.10817743,11.34791
-2.2703977,-0.13230179,-0.13506646,-34.278542,-22795.891,-23196.287,2.472e-05,0.029784832,6.63521,5.4943428,0.097676761,13.124337,-26789.938,0.10809198,11.267221
-2.2651787,-0.13266557,-0.13543674,-34.396538,-22743.521,-23142.967,2.4736e-05,0.029485812,6.6447597,5.4391832,0.097248718,13.033673,-26828.412,0.1068453,11.186562
-2.2599456,-0.13302857,-0.13580617,-34.5149,-22691.01,-23089.498,2.4752e-05,0.028957134,6.6542673,5.3416591,0.096820064,12.943042,-26866.719,0.10703604,11.10593
-2.2546985,-0.13339068,-0.13617475,-34.633629,-22638.354,-23035.883,2.4768e-05,0.028431537,6.663733,5.2447033,0.096390799,12.852443,-26904.855,0.10699942,11.025328
-2.2494373,-0.13375199,-0.13654247,-34.752735,-22585.557,-22982.125,2.4784e-05,0.027936768,6.6731563,5.1534343,0.095960923,12.761876,-26942.824,0.10541246,10.944753
-2.2441623,-0.1341124,-0.13690932,-34.872219,-22532.617,-22928.219,2.48e-05,0.027653161,6.682538,5.1011181,0.095530435,12.67134,-26980.621,0.10592365,10.864204
-2.2388732,-0.13447201,-0.13727531,-34.992085,-22479.535,-22874.17,2.4816e-05,0.027021213,6.6918769,4.9845438,0.095099352,12.580835,-27018.248,0.1051149,10.783684
-2.2335706,-0.13483074,-0.13764043,-35.112335,-22426.311,-22819.977,2.4832e-05,0.026318362,6.7011738,4.8548903,0.094667666,12.49036,-27055.705,0.10520036,10.703189
-2.2282538,-0.13518865,-0.13800468,-35.232975,-22372.947,-22765.637,2.4848e-05,0.026168851,6.7104287,4.8273106,0.094235383,12.399914,-27092.992,0.10384838,10.622719
-2.2229235,-0.13554567,-0.13836806,-35.354008,-22319.441,-22711.156,2.4864e-05,0.025553858,6.7196407,4.7138638,0.093802504,12.309497,-27130.109,0.1042848,10.542274
-2.2175794,-0.13590188,-0.13873056,-35.475437,-22265.795,-22656.529,2.488e-05,0.025003599,6.7288103,4.612359,0.093369029,12.219108,-27167.055,0.10362712,10.461855
-2.2122216,-0.13625719,-0.13909219,-35.597267,-22212.008,-22601.762,2.4896e-05,0.024501123,6.7379375,4.5196686,0.092934974,12.128746,-27203.828,0.10373241,10.38146
-2.2068501,-0.13661167,-0.13945293,-35.719498,-22158.082,-22546.85,2.4912e-05,0.024346989,6.7470222,4.4912357,0.092500322,12.038411,-27240.43,0.10287637,10.301088
-2.2014651,-0.13696525,-0.1398128,-35.842136,-22104.016,-22491.797,2.4928e-05,0.023543952,6.7560644,4.343101,0.092065088,11.948103,-27276.861,0.10174261,10.22074
-2.1960664,-0.137318,-0.1401718,-35.965183,-22049.809,-22436.6,2.4944e-05,0.023402149,6.7650638,4.3169432,0.091629274,11.857821,-27313.119,0.1011887,10.140415
-2.1906543,-0.13766985,-0.14052989,-36.088646,-21995.465,-22381.264,2.496e-05,0.022411067,6.7740207,4.1341205,0.091192886,11.767564,-27349.205,0.10063784,10.060112
-2.1852286,-0.13802087,-0.1408871,-36.212524,-21940.982,-22325.783,2.4976e-05,0.021965621,6.7829342,4.05195,0.090755917,11.677332,-27385.119,0.10073549,9.9798317
-2.1797893,-0.13837098,-0.14124343,-36.336823,-21886.361,-22270.164,2.4992e-05,0.021264311,6.7918053,3.922581,0.090318374,11.587124,-27420.861,0.10019379,9.8995733
-2.1743367,-0.13872026,-0.14159885,-36.461548,-21831.602,-22214.404,2.5008e-05,0.021370664,6.8006334,3.9421995,0.089880258,11.496941,-27456.43,0.099906921,9.8193369
-2.1688707,-0.1390686,-0.14195339,-36.586697,-21776.705,-22158.502,2.5024e-05,0.020569168,6.8094187,3.7943492,0.089441583,11.40678,-27491.826,0.099967957,9.7391214
-2.1633914,-0.13941613,-0.14230703,-36.712276,-21721.672,-22102.461,2.504e-05,0.020140676,6.818161,3.7153063,0.089002334,11.316644,-27527.047,0.099064611,9.658926
-2.1578984,-0.13976273,-0.14265977,-36.838291,-21666.5,-22046.281,2.5056e-05,0.019653613,6.82686,3.6254587,0.088562526,11.22653,-27562.096,0.099063084,9.5787525
-2.1523926,-0.14010848,-0.14301161,-36.964741,-21611.193,-21989.961,2.5072e-05,0.019391585,6.835516,3.5771232,0.088122159,11.136438,-27596.971,0.097355574,9.4985991
-2.1468732,-0.14045331,-0.14336255,-37.091633,-21555.75,-21933.502,2.5088e-05,0.018728809,6.8441291,3.4548624,0.087681241,11.04637,-27631.672,0.097970515,9.4184656
-2.1413407,-0.1407973,-0.14371258,-37.218964,-21500.172,-21876.906,2.5104e-05,0.018369677,6.8526983,3.3886139,0.087239765,10.956322,-27666.199,0.096774191,9.3383522
-2.1357949,-0.14114034,-0.1440617,-37.346745,-21444.457,-21820.17,2.512e-05,0.017469535,6.8612247,3.2225668,0.086797737,10.866296,-27700.553,0.096551411,9.2582579
-2.1302361,-0.14148255,-0.14440991,-37.474972,-21388.607,-21763.297,2.5136e-05,0.017116569,6.8697076,3.1574559,0.086355157,10.776291,-27734.73,0.096890166,9.1781836
-2.1246641,-0.14182381,-0.14475721,-37.603649,-21332.623,-21706.287,2.5152e-05,0.01661255,6.8781471,3.0644808,0.085912034,10.686306,-27768.732,0.095721304,9.0981283
-2.1190789,-0.14216423,-0.1451036,-37.73278,-21276.504,-21649.139,2.5168e-05,0.016293494,6.8865433,3.005625,0.085468374,10.596343,-27802.561,0.095594652,9.0180922
-2.1134806,-0.14250371,-0.14544907,-37.862373,-21220.252,-21591.854,2.5184e-05,0.01539181,6.894896,2.8392935,0.085024163,10.506399,-27836.215,0.094967499,8.9380751
-2.1078694,-0.14284232,-0.14579362,-37.99242,-21163.865,-21534.434,2.52e-05,0.015643049,6.9032054,2.885639,0.084579423,10.416475,-27869.691,0.094669946,8.8580761
-2.1022451,-0.14318,-0.14613725,-38.122932,-21107.346,-21476.877,2.5216e-05,0.014907829,6.9114704,2.7500145,0.084134147,10.326571,-27902.994,0.094544813,8.7780962
-2.0966077,-0.14351681,-0.14647995,-38.25391,-21050.691,-21419.184,2.5232e-05,0.014226558,6.9196925,2.624342,0.083688341,10.236688,-27936.119,0.094061099,8.6981344
-2.0909574,-0.14385267,-0.14682174,-38.385357,-20993.906,-21361.355,2.5248e-05,0.013989192,6.9278708,2.5805554,0.083242007,10.146823,-27969.068,0.093200475,8.6181908
-2.0852942,-0.14418766,-0.14716259,-38.517269,-20936.99,-21303.393,2.5264e-05,0.012642061,6.9360051,2.3320534,0.082795143,10.056976,-28001.842,0.093189798,8.5382652
-2.079618,-0.1445217,-0.14750251,-38.649658,-20879.939,-21245.295,2.528e-05,0.013176906,6.9440956,2.4307151,0.082347758,9.9671497,-28034.439,0.093171485,8.4583588
-2.0739291,-0.14485487,-0.14784151,-38.78252,-20822.76,-21187.064,2.5296e-05,0.01256037,6.9521422,2.3169839,0.081899859,9.8773413,-28066.859,0.092199467,8.3784695
-2.0682273,-0.14518708,-0.14817956,-38.915859,-20765.447,-21128.699,2.5312e-05,0.012771534,6.960145,2.3559368,0.081451438,9.7875519,-28099.104,0.092069767,8.2985973
-2.0625126,-0.14551842,-0.14851668,-39.049679,-20708.004,-21070.199,2.5328e-05,0.011066813,6.9681039,2.0414708,0.081002496,9.6977806,-28131.168,0.092098758,8.2187443
-2.0567851,-0.1458488,-0.14885287,-39.183979,-20650.43,-21011.568,2.5344e-05,0.011111512,6.9760184,2.0497162,0.080553047,9.6080275,-28163.059,0.090934478,8.1389084
-2.0510449,-0.14617831,-0.14918812,-39.318764,-20592.727,-20952.803,2.536e-05,0.010282272,6.9838896,1.8967481,0.080103092,9.5182924,-28194.77,0.090472125,8.0590906
-2.0452919,-0.14650683,-0.14952242,-39.454029,-20534.893,-20893.906,2.5376e-05,0.010208287,6.9917159,1.8831004,0.07965263,9.4285755,-28226.303,0.090455338,7.9792895
-2.0395262,-0.14683449,-0.14985578,-39.589787,-20476.932,-20834.877,2.5392e-05,0.0092002517,6.9994984,1.6971502,0.079201669,9.3388767,-28257.658,0.089976199,7.8995066
-2.0337479,-0.14716116,-0.15018819,-39.726032,-20418.84,-20775.717,2.5408e-05,0.0089212693,7.007237,1.645687,0.078750201,9.2491961,-28288.836,0.089263588,7.8197417
-2.027957,-0.14748695,-0.15051965,-39.86277,-20360.619,-20716.424,2.5424e-05,0.0087054819,7.0149307,1.6058812,0.078298233,9.1595325,-28319.834,0.089275792,7.7399936
-2.0221534,-0.14781177,-0.15085016,-39.999996,-20302.271,-20657.002,2.544e-05,0.0084419129,7.0225806,1.5572612,0.077845775,9.0698862,-28350.656,0.088422805,7.6602635
-2.0163372,-0.14813571,-0.15117973,-40.137722,-20243.795,-20597.449,2.5456e-05,0.0077899266,7.0301857,1.4369907,0.077392831,8.980258,-28381.297,0.087598801,7.5805511
-2.0105083,-0.14845864,-0.15150833,-40.27594,-20185.191,-20537.766,2.5472e-05,0.0070485426,7.0377469,1.3002292,0.076939389,8.8906479,-28411.76,0.087273784,7.5008559
-2.0046668,-0.1487807,-0.15183598,-40.414654,-20126.459,-20477.951,2.5488e-05,0.0068836194,7.0452633,1.2698061,0.076485462,8.801054,-28442.045,0.086317025,7.4211788
-1.998813,-0.14910178,-0.15216267,-40.553871,-20067.602,-20418.01,2.5504e-05,0.0058031408,7.0527353,1.0704926,0.076031059,8.7114782,-28472.148,0.086649679,7.3415189
-1.9929466,-0.14942196,-0.1524884,-40.693584,-20008.617,-20357.938,2.552e-05,0.0058725011,7.0601625,1.0832874,0.075576171,8.6219206,-28502.074,0.086722925,7.2618766
-1.9870678,-0.14974114,-0.15281315,-40.833797,-19949.508,-20297.738,2.5536e-05,0.0055303238,7.0675454,1.0201668,0.075120807,8.5323792,-28531.82,0.086031675,7.1822524
-1.9811765,-0.15005943,-0.15313695,-40.974514,-19890.271,-20237.41,2.5552e-05,0.00463943,7.0748835,0.85582548,0.074664965,8.4428549,-28561.385,0.085135959,7.1026459
-1.9752728,-0.15037671,-0.15345979,-41.115734,-19830.91,-20176.955,2.5568e-05,0.0045022508,7.0821772,0.83052033,0.074208654,8.3533487,-28590.771,0.084669024,7.023057
-1.9693568,-0.1506931,-0.15378165,-41.257458,-19771.426,-20116.371,2.5584e-05,0.0038625952,7.089426,0.71252447,0.073751874,8.2638597,-28619.977,0.084884182,6.9434857
-1.9634284,-0.15100849,-0.15410253,-41.399685,-19711.814,-20055.66,2.56e-05,0.0030395202,7.0966301,0.56069362,0.073294625,8.1743879,-28649.002,0.084258556,6.8639326
-1.9574876,-0.15132298,-0.15442245,-41.542419,-19652.08,-19994.822,2.5616e-05,0.0028314395,7.1037889,0.52230942,0.072836921,8.0849333,-28677.846,0.083652757,6.7843976
-1.9515345,-0.15163645,-0.15474139,-41.685658,-19592.221,-19933.859,2.5632e-05,0.0022873469,7.1109033,0.42194188,0.072378747,7.9954958,-28706.51,0.083628349,6.7048807
-1.9455692,-0.15194902,-0.15505935,-41.829403,-19532.24,-19872.77,2.5648e-05,0.0016846834,7.1179729,0.31076986,0.071920119,7.906076,-28734.992,0.08298593,6.6253815
-1.9395915,-0.15226059,-0.15537634,-41.973652,-19472.135,-19811.555,2.5664e-05,0.0010804785,7.1249971,0.19931351,0.071461044,7.8166733,-28763.293,0.08248543,6.5459008
-1.9336017,-0.15257123,-0.15569235,-42.118412,-19411.908,-19750.215,2.568e-05,0.00083078165,7.1319766,0.15325247,0.071001507,7.7272878,-28791.414,0.082422867,6.4664383
-1.9275998,-0.15288086,-0.15600736,-42.26368,-19351.559,-19688.75,2.5696e-05,0.00056413002,7.1389112,0.10406383,0.070541531,7.6379199,-28819.354,0.081594288,6.3869944
-1.9215856,-0.15318958,-0.15632141,-42.409451,-19291.086,-19627.162,2.5712e-05,4.6240166e-06,7.1458001,0.00085298222,0.070081107,7.5485692,-28847.109,0.080703147,6.307569
-1.9155593,-0.15349728,-0.15663445,-42.555733,-19230.494,-19565.447,2.5728e-05,-0.00075525604,7.1526446,-0.13932043,0.069620237,7.4592361,-28874.686,0.080321662,6.2281618
-1.909521,-0.15380406,-0.15694651,-42.702522,-19169.779,-19503.611,2.5744e-05,-0.00085236039,7.1594434,-0.15723306,0.069158927,7.3699207,-28902.078,0.080339976,6.1487737
-1.9034705,-0.15410984,-0.15725757,-42.849815,-19108.943,-19441.652,2.576e-05,-0.0017139688,7.1661973,-0.31617206,0.068697184,7.2806225,-28929.289,0.079979859,6.0694041
-1.897408,-0.15441467,-0.15756765,-42.997616,-19047.988,-19379.568,2.5776e-05,-0.0017309235,7.1729059,-0.31929967,0.068235002,7.1913419,-28956.318,0.079970703,5.9900537
-1.8913335,-0.15471847,-0.15787673,-43.145924,-18986.914,-19317.363,2.5792e-05,-0.0026588095,7.1795688,-0.49046478,0.067772396,7.1020789,-28983.164,0.078406632,5.9107218
-1.885247,-0.15502137,-0.1581848,-43.294739,-18925.719,-19255.037,2.5808e-05,-0.0026588095,7.1861868,-0.49046478,0.067309357,7.0128336,-29009.826,0.078202158,5.8314095
-1.8791485,-0.15532322,-0.15849188,-43.444057,-18864.404,-19192.588,2.5824e-05,-0.0037839869,7.192759,-0.6980238,0.066845894,6.9236059,-29036.307,0.078160957,5.7521162
-1.8730382,-0.15562415,-0.15879796,-43.59388,-18802.973,-19130.018,2.584e-05,-0.0035358313,7.199286,-0.65224707,0.066382006,6.8343959,-29062.605,0.077259131,5.672842
-1.8669158,-0.15592404,-0.15910304,-43.744205,-18741.422,-19067.326,2.5856e-05,-0.0042679673,7.2057676,-0.78730261,0.065917701,6.745204,-29088.719,0.077419356,5.5935874
-1.8607818,-0.156223,-0.15940711,-43.895035,-18679.752,-19004.516,2.5872e-05,-0.0048814202,7.212204,-0.90046489,0.065452978,6.6560292,-29114.65,0.076354258,5.5143523
-1.8546358,-0.1565209,-0.15971018,-44.046364,-18617.965,-18941.584,2.5888e-05,-0.0051157037,7.2185941,-0.94368267,0.064987846,6.5668731,-29140.396,0.075974301,5.4351373
-1.8484781,-0.1568179,-0.16001223,-44.198196,-18556.061,-18878.533,2.5904e-05,-0.0059387786,7.2249393,-1.0955135,0.064522304,6.4777346,-29165.961,0.07689596,5.3559413
-1.8423085,-0.15711384,-0.16031328,-44.350525,-18494.041,-18815.363,2.592e-05,-0.0061915582,7.2312384,-1.1421431,0.064056352,6.3886137,-29191.34,0.076465651,5.2767658
-1.8361273,-0.15740883,-0.16061331,-44.503349,-18431.902,-18752.074,2.5936e-05,-0.006322572,7.2374921,-1.166311,0.06358999,6.299511,-29216.535,0.074967191,5.1976099
-1.8299342,-0.15770279,-0.16091233,-44.65667,-18369.65,-18688.666,2.5952e-05,-0.0072674127,7.2437,-1.3406037,0.063123234,6.2104263,-29241.547,0.074182868,5.118474
-1.8237296,-0.15799579,-0.16121033,-44.810486,-18307.281,-18625.141,2.5968e-05,-0.0080612022,7.2498617,-1.4870323,0.062656075,6.1213598,-29266.375,0.074942775,5.0393586
-1.8175133,-0.15828775,-0.16150732,-44.96479,-18244.797,-18561.498,2.5984e-05,-0.0080534955,7.2559781,-1.4856107,0.062188521,6.0323114,-29291.018,0.073801383,4.9602633
-1.8112855,-0.15857877,-0.16180328,-45.119591,-18182.197,-18497.736,2.6e-05,-0.0088118343,7.2620487,-1.6254997,0.061720576,5.9432817,-29315.475,0.073267311,4.8811884
-1.8050461,-0.15886872,-0.16209823,-45.274876,-18119.482,-18433.859,2.6016e-05,-0.0091987103,7.2680731,-1.6968659,0.06125224,5.8542695,-29339.748,0.073345132,4.802134
-1.7987951,-0.15915772,-0.16239214,-45.430645,-18056.656,-18369.865,2.6032e-05,-0.0097443443,7.2740521,-1.7975179,0.060783517,5.7652755,-29363.838,0.072730184,4.7231007
-1.7925326,-0.15944567,-0.16268504,-45.586899,-17993.713,-18305.756,2.6048e-05,-0.010100394,7.279985,-1.8631974,0.060314409,5.6763,-29387.74,0.071988583,4.6440873
-1.7862587,-0.15973267,-0.16297689,-45.743633,-17930.658,-18241.531,2.6064e-05,-0.0099154329,7.2858715,-1.8290782,0.059844922,5.5873427,-29411.457,0.071422465,4.5650949
-1.7799733,-0.16001861,-0.16326773,-45.900848,-17867.49,-18177.189,2.608e-05,-0.011171624,7.2917123,-2.0608051,0.059375059,5.498404,-29434.99,0.0708533,4.4861236
-1.7736765,-0.16030358,-0.16355753,-46.058537,-17804.211,-18112.734,2.6096e-05,-0.011970038,7.2975068,-2.2080867,0.058904815,5.4094834,-29458.338,0.070644245,4.4071732
-1.7673684,-0.16058749,-0.16384631,-46.216702,-17740.818,-18048.164,2.6112e-05,-0.011601658,7.3032556,-2.1401324,0.058434203,5.320581,-29481.498,0.070497759,4.3282437
-1.7610489,-0.16087043,-0.16413404,-46.375332,-17677.314,-17983.48,2.6128e-05,-0.012843977,7.3089581,-2.3693004,0.057963222,5.2316971,-29504.475,0.069957577,4.2493353
-1.7547182,-0.16115232,-0.16442074,-46.534431,-17613.699,-17918.684,2.6144e-05,-0.012954953,7.3146143,-2.3897719,0.057491872,5.1428313,-29527.264,0.069559313,4.1704478
-1.7483761,-0.16143323,-0.16470641,-46.693993,-17549.973,-17853.773,2.616e-05,-0.013887463,7.3202248,-2.56179,0.057020161,5.0539842,-29549.867,0.069177829,4.0915818
-1.742023,-0.16171306,-0.16499102,-46.854015,-17486.137,-17788.75,2.6176e-05,-0.013654721,7.3257885,-2.5188565,0.056548093,4.9651551,-29572.283,0.069148839,4.0127373
-1.7356585,-0.16199194,-0.16527461,-47.014496,-17422.189,-17723.613,2.6192e-05,-0.014462383,7.331306,-2.6678441,0.056075662,4.8763447,-29594.514,0.068378247,3.9339139
-1.729283,-0.16226974,-0.16555713,-47.17543,-17358.133,-17658.365,2.6208e-05,-0.014778357,7.3367772,-2.7261312,0.055602878,4.7875524,-29616.559,0.06702017,3.8551121
-1.7228963,-0.16254656,-0.16583861,-47.336811,-17293.967,-17593.006,2.6224e-05,-0.015251548,7.3422022,-2.8134196,0.055129748,4.6987782,-29638.414,0.067673266,3.7763314
-1.7164986,-0.16282231,-0.16611905,-47.498638,-17229.693,-17527.537,2.624e-05,-0.016359771,7.3475809,-3.0178511,0.054656263,4.6100225,-29660.086,0.067696154,3.6975725
-1.7100899,-0.16309708,-0.16639845,-47.660904,-17165.311,-17461.955,2.6256e-05,-0.016298117,7.3529129,-3.0064781,0.054182436,4.5212851,-29681.568,0.06633351,3.618835
-1.7036701,-0.16337076,-0.16667679,-47.823608,-17100.818,-17396.264,2.6272e-05,-0.017054915,7.3581986,-3.1460826,0.053708266,4.4325657,-29702.865,0.066248052,3.5401192
-1.6972394,-0.16364348,-0.16695409,-47.986748,-17036.221,-17330.463,2.6288e-05,-0.017541979,7.3634381,-3.2359302,0.053233758,4.343864,-29723.975,0.06536302,3.4614248
-1.6907978,-0.16391508,-0.16723031,-48.150314,-16971.514,-17264.551,2.6304e-05,-0.017685322,7.3686309,-3.2623727,0.052758913,4.2551808,-29744.896,0.065449998,3.3827519
-1.6843454,-0.16418573,-0.16750549,-48.314304,-16906.701,-17198.531,2.632e-05,-0.018531518,7.3737769,-3.4184685,0.052283734,4.1665158,-29765.629,0.064445935,3.3041008
-1.677882,-0.16445528,-0.16777961,-48.478714,-16841.781,-17132.404,2.6336e-05,-0.018711854,7.3788767,-3.4517348,0.051808227,4.0778685,-29786.176,0.064093448,3.2254713
-1.6714079,-0.16472384,-0.16805266,-48.643536,-16776.756,-17066.166,2.6352e-05,-0.019571921,7.3839297,-3.6103895,0.051332392,3.9892387,-29806.535,0.064249091,3.1468632
-1.664923,-0.1649913,-0.16832466,-48.808769,-16711.625,-16999.822,2.6368e-05,-0.019884814,7.388936,-3.6681077,0.050856229,3.9006269,-29826.705,0.063617356,3.0682769
-1.6584274,-0.1652578,-0.1685956,-48.974403,-16646.389,-16933.371,2.6384e-05,-0.020162255,7.3938956,-3.7192867,0.050379749,3.8120327,-29846.688,0.063310646,2.989712
-1.6519212,-0.16552317,-0.16886547,-49.140438,-16581.047,-16866.812,2.64e-05,-0.020265523,7.3988085,-3.7383368,0.049902949,3.7234561,-29866.482,0.062955104,2.9111686
-1.6454042,-0.16578756,-0.16913427,-49.30687,-16515.604,-16800.146,2.6416e-05,-0.020791121,7.4036751,-3.8352923,0.049425833,3.634897,-29886.09,0.061967835,2.8326466
-1.6388767,-0.16605085,-0.169402,-49.473682,-16450.053,-16733.375,2.6432e-05,-0.021231944,7.4084945,-3.91661,0.048948407,3.546355,-29905.506,0.061726738,2.7541461
-1.6323386,-0.16631316,-0.16966866,-49.640881,-16384.4,-16666.498,2.6448e-05,-0.022256933,7.4132671,-4.1056876,0.048470672,3.4578302,-29924.736,0.060614336,2.675667
-1.6257901,-0.16657433,-0.16993426,-49.808456,-16318.645,-16599.516,2.6464e-05,-0.023186361,7.4179931,-4.2771373,0.047992628,3.3693225,-29943.777,0.061101109,2.5972092
-1.619231,-0.16683453,-0.17019878,-49.976398,-16252.786,-16532.428,2.648e-05,-0.023272676,7.4226723,-4.2930593,0.047514286,3.2808316,-29962.629,0.060577717,2.5187726
-1.6126616,-0.16709362,-0.17046222,-50.144707,-16186.824,-16465.236,2.6496e-05,-0.023149369,7.4273043,-4.2703133,0.047035638,3.1923575,-29981.291,0.0599765,2.4403572
-1.6060817,-0.16735171,-0.17072459,-50.313374,-16120.762,-16397.939,2.6512e-05,-0.023977067,7.4318895,-4.422997,0.046556696,3.1038997,-29999.766,0.059338663,2.361963
-1.5994915,-0.16760866,-0.17098588,-50.482391,-16054.598,-16330.541,2.6528e-05,-0.024434846,7.4364276,-4.5074425,0.04607746,3.0154583,-30018.051,0.058952603,2.2835896
-1.5928909,-0.16786464,-0.17124608,-50.651752,-15988.332,-16263.039,2.6544e-05,-0.025037508,7.4409189,-4.6186142,0.045597933,2.9270332,-30036.146,0.058609273,2.2052372
-1.5862801,-0.16811949,-0.17150521,-50.821453,-15921.966,-16195.434,2.656e-05,-0.025489122,7.4453635,-4.7019224,0.045118116,2.838624,-30054.053,0.058520768,2.1269054
-1.5796591,-0.16837335,-0.17176326,-50.991486,-15855.5,-16127.726,2.6576e-05,-0.026272122,7.4497609,-4.8463607,0.044638015,2.7502306,-30071.77,0.057911925,2.0485942
-1.573028,-0.16862607,-0.17202021,-51.161839,-15788.934,-16059.917,2.6592e-05,-0.026899446,7.4541111,-4.9620819,0.044157632,2.6618526,-30089.297,0.057292398,1.9703037
-1.5663866,-0.16887778,-0.17227608,-51.332512,-15722.269,-15992.006,2.6608e-05,-0.027347976,7.4584141,-5.0448213,0.043676972,2.5734899,-30106.633,0.058159124,1.8920333
-1.5597352,-0.16912837,-0.17253087,-51.503494,-15655.504,-15923.994,2.6624e-05,-0.027452787,7.4626703,-5.0641556,0.043196034,2.4851422,-30123.781,0.05633717,1.8137832
-1.5530736,-0.16937797,-0.17278457,-51.674782,-15588.642,-15855.882,2.664e-05,-0.02828511,7.4668794,-5.2176924,0.042714823,2.3968096,-30140.738,0.056398205,1.735553
-1.5464022,-0.16962641,-0.17303717,-51.846359,-15521.68,-15787.669,2.6656e-05,-0.028268155,7.4710407,-5.2145648,0.042233344,2.3084912,-30157.508,0.056112856,1.6573428
-1.5397208,-0.16987386,-0.17328867,-52.018227,-15454.622,-15719.356,2.6672e-05,-0.029140553,7.4751554,-5.375494,0.041751597,2.2201872,-30174.084,0.055716116,1.5791521
-1.5330294,-0.17012016,-0.17353909,-52.190372,-15387.466,-15650.945,2.6688e-05,-0.02965536,7.4792228,-5.4704595,0.041269585,2.1318972,-30190.473,0.05505234,1.500981
-1.5263282,-0.17036547,-0.17378841,-52.362793,-15320.213,-15582.435,2.6704e-05,-0.029769419,7.483243,-5.4914994,0.040787313,2.0436208,-30206.67,0.054658651,1.422829
-1.5196171,-0.17060962,-0.17403662,-52.535473,-15252.863,-15513.826,2.672e-05,-0.030347422,7.487216,-5.5981221,0.040304787,1.9553578,-30222.676,0.054229867,1.3446962
-1.5128963,-0.17085277,-0.17428376,-52.708408,-15185.419,-15445.119,2.6736e-05,-0.031030234,7.4911413,-5.7240791,0.039822001,1.8671077,-30238.492,0.053990293,1.2665821
-1.5061656,-0.17109478,-0.17452978,-52.881592,-15117.878,-15376.314,2.6752e-05,-0.031597447,7.4950194,-5.828712,0.039338969,1.7788706,-30254.117,0.053405866,1.1884866
-1.4994254,-0.17133576,-0.17477469,-53.055012,-15050.242,-15307.413,2.6768e-05,-0.032045975,7.4988503,-5.9114509,0.038855683,1.6906457,-30269.553,0.053228859,1.1104095
-1.4926754,-0.17157559,-0.1750185,-53.228664,-14982.512,-15238.415,2.6784e-05,-0.032625519,7.502634,-6.0183582,0.038372155,1.602433,-30284.795,0.052305672,1.0323504
-1.4859158,-0.17181441,-0.17526121,-53.402534,-14914.687,-15169.32,2.68e-05,-0.032807399,7.5063701,-6.051909,0.037888385,1.5142318,-30299.85,0.052607808,0.95430911
-1.4791467,-0.17205209,-0.17550282,-53.576618,-14846.768,-15100.13,2.6816e-05,-0.033214312,7.5100589,-6.1269712,0.037404373,1.4260421,-30314.711,0.051159702,0.87628531
-1.472368,-0.17228873,-0.17574331,-53.750904,-14778.756,-15030.845,2.6832e-05,-0.034152988,7.5137,-6.3001266,0.036920127,1.3378632,-30329.381,0.0511536,0.79827881
-1.4655799,-0.17252423,-0.1759827,-53.925381,-14710.65,-14961.464,2.6848e-05,-0.034324076,7.5172939,-6.331687,0.036435645,1.2496948,-30343.861,0.050973542,0.72028923
-1.4587823,-0.1727587,-0.17622097,-54.100044,-14642.453,-14891.989,2.6864e-05,-0.034479752,7.5208402,-6.360404,0.035950936,1.1615367,-30358.148,0.050195318,0.64231634
-1.4519755,-0.17299201,-0.17645812,-54.274879,-14574.163,-14822.42,2.688e-05,-0.035692785,7.5243392,-6.5841699,0.035465997,1.0733882,-30372.246,0.050173957,0.56435972
-1.4451591,-0.1732243,-0.17669417,-54.449883,-14505.782,-14752.757,2.6896e-05,-0.035825338,7.5277905,-6.6086221,0.034980837,0.98524898,-30386.152,0.04931486,0.48641911
-1.4383335,-0.17345542,-0.1769291,-54.625038,-14437.31,-14683.001,2.6912e-05,-0.036141314,7.5311942,-6.6669092,0.034495454,0.89711869,-30399.865,0.049218725,0.40849411
-1.4314988,-0.17368552,-0.1771629,-54.800343,-14368.746,-14613.152,2.6928e-05,-0.036246125,7.5345507,-6.6862431,0.034009855,0.8089968,-30413.387,0.048162784,0.33058447
-1.4246547,-0.17391445,-0.1773956,-54.97578,-14300.092,-14543.211,2.6944e-05,-0.037321981,7.537859,-6.8847036,0.03352404,0.72088283,-30426.719,0.047395244,0.25268972
-1.4178015,-0.17414235,-0.17762716,-55.15134,-14231.348,-14473.178,2.696e-05,-0.037653368,7.5411201,-6.9458342,0.033038013,0.63277638,-30439.857,0.048162784,0.17480958
-1.4109392,-0.17436908,-0.17785762,-55.327019,-14162.515,-14403.054,2.6976e-05,-0.037833706,7.5443335,-6.9791007,0.032551777,0.5446769,-30452.803,0.047045808,0.096943617
-1.4040678,-0.17459479,-0.17808694,-55.5028,-14093.592,-14332.839,2.6992e-05,-0.038573548,7.5474992,-7.1155777,0.032065336,0.45658401,-30465.559,0.047114477,0.019091453
-1.3971874,-0.17481931,-0.17831515,-55.678677,-14024.58,-14262.532,2.7008e-05,-0.03916388,7.5506172,-7.2244749,0.031578694,0.3684971,-30478.121,0.045878474,-0.058747303
-1.390298,-0.17504281,-0.17854221,-55.854633,-13955.481,-14192.137,2.7024e-05,-0.039766543,7.5536876,-7.3356471,0.03109185,0.28041571,-30490.49,0.046465956,-0.13657308
-1.3833997,-0.17526512,-0.17876816,-56.030663,-13886.294,-14121.651,2.704e-05,-0.039842069,7.5567102,-7.3495789,0.030604811,0.1923393,-30502.67,0.046368297,-0.21438627
-1.3764926,-0.1754864,-0.17899297,-56.206753,-13817.02,-14051.076,2.7056e-05,-0.040612739,7.5596852,-7.4917426,0.030117577,0.10426737,-30514.656,0.04474929,-0.2921873
-1.3695766,-0.17570651,-0.17921667,-56.382896,-13747.657,-13980.413,2.7072e-05,-0.041007321,7.5626125,-7.5645304,0.029630154,0.016199363,-30526.449,0.045367289,-0.36997667
-1.3626517,-0.17592557,-0.17943922,-56.559074,-13678.21,-13909.661,2.7088e-05,-0.04150055,7.5654917,-7.6555152,0.029142546,-0.071865268,-30538.051,0.044894252,-0.44775474
-1.3557183,-0.17614345,-0.17966063,-56.735283,-13608.676,-13838.821,2.7104e-05,-0.04176566,7.5683231,-7.7044196,0.02865475,-0.15992709,-30549.459,0.044605855,-0.52552205
-1.348776,-0.17636029,-0.17988093,-56.911507,-13539.056,-13767.895,2.712e-05,-0.042604148,7.5711069,-7.8590937,0.028166775,-0.24798664,-30560.674,0.043285929,-0.60327899
-1.341825,-0.17657594,-0.18010008,-57.087734,-13469.352,-13696.88,2.7136e-05,-0.043371733,7.573843,-8.0006886,0.027678622,-0.33604455,-30571.697,0.043542285,-0.68102616
-1.3348656,-0.17679057,-0.18031809,-57.263954,-13399.562,-13625.779,2.7152e-05,-0.043499667,7.5765314,-8.0242882,0.027190294,-0.42410135,-30582.529,0.042388685,-0.75876391
-1.3278975,-0.17700398,-0.18053496,-57.440159,-13329.688,-13554.593,2.7168e-05,-0.044355109,7.5791717,-8.1820898,0.026701795,-0.51215768,-30593.166,0.042466506,-0.83649278
-1.3209209,-0.17721637,-0.1807507,-57.616329,-13259.73,-13483.32,2.7184e-05,-0.044466086,7.5817637,-8.2025614,0.026213126,-0.60021412,-30603.611,0.042278819,-0.9142133
-1.313936,-0.17742755,-0.18096529,-57.792458,-13189.689,-13411.963,2.72e-05,-0.044916157,7.5843086,-8.2855844,0.025724292,-0.68827134,-30613.863,0.041695915,-0.99192601
-1.3069425,-0.17763768,-0.18117873,-57.968529,-13119.565,-13340.521,2.7216e-05,-0.045155063,7.5868053,-8.3296556,0.025235295,-0.77632987,-30623.922,0.041387677,-1.0696313
-1.2999407,-0.17784663,-0.18139103,-58.144535,-13049.358,-13268.994,2.7232e-05,-0.045808591,7.5892539,-8.4502106,0.02474614,-0.86439043,-30633.787,0.04061861,-1.1473299
-1.2929306,-0.17805451,-0.18160219,-58.320461,-12979.07,-13197.384,2.7248e-05,-0.046019755,7.5916548,-8.4891634,0.024256827,-0.95245355,-30643.461,0.04059267,-1.2250222
-1.2859123,-0.17826121,-0.18181221,-58.496292,-12908.7,-13125.69,2.7264e-05,-0.047111023,7.5940075,-8.6904669,0.023767363,-1.04052,-30652.939,0.039626759,-1.3027087
-1.2788856,-0.17846686,-0.18202107,-58.67202,-12838.249,-13053.914,2.728e-05,-0.047326811,7.596312,-8.7302732,0.023277747,-1.1285903,-30662.227,0.039490953,-1.3803902
-1.2718508,-0.17867129,-0.18222879,-58.84763,-12767.717,-12982.055,2.7296e-05,-0.048128307,7.5985689,-8.8781233,0.022787984,-1.2166654,-30671.318,0.039625231,-1.4580671
-1.2648079,-0.17887467,-0.18243535,-59.023109,-12697.104,-12910.114,2.7312e-05,-0.048103645,7.6007781,-8.8735743,0.022298079,-1.3047456,-30680.219,0.038392287,-1.5357399
-1.2577569,-0.17907685,-0.18264075,-59.198444,-12626.412,-12838.092,2.7328e-05,-0.049674269,7.6029387,-9.1633034,0.021808032,-1.3928318,-30688.926,0.037102878,-1.6134093
-1.2506979,-0.17927799,-0.18284501,-59.373623,-12555.641,-12765.988,2.7344e-05,-0.049412243,7.6050515,-9.1149683,0.021317845,-1.4809246,-30697.438,0.03772698,-1.6910758
-1.2436309,-0.1794779,-0.18304811,-59.548634,-12484.79,-12693.804,2.736e-05,-0.049772914,7.6071167,-9.1815004,0.020827526,-1.5690248,-30705.756,0.036707662,-1.7687401
-1.2365559,-0.17967676,-0.18325005,-59.723457,-12413.861,-12621.539,2.7376e-05,-0.050420277,7.6091332,-9.3009176,0.020337075,-1.657133,-30713.883,0.036204107,-1.8464028
-1.2294731,-0.17987441,-0.18345085,-59.898087,-12342.854,-12549.195,2.7392e-05,-0.051041435,7.6111021,-9.4155016,0.019846495,-1.74525,-30721.814,0.036095768,-1.9240643
-1.2223824,-0.180071,-0.18365046,-60.072506,-12271.77,-12476.771,2.7408e-05,-0.051005986,7.6130228,-9.4089622,0.019355791,-1.8333763,-30729.553,0.036721397,-2.0017254
-1.215284,-0.18026637,-0.18384893,-60.2467,-12200.607,-12404.27,2.7424e-05,-0.051583987,7.6148953,-9.5155849,0.018864963,-1.9215128,-30737.098,0.035634939,-2.0793867
-1.2081778,-0.18046069,-0.18404624,-60.420662,-12129.369,-12331.688,2.744e-05,-0.052129623,7.6167197,-9.6162376,0.018374017,-2.0096602,-30744.447,0.034411144,-2.1570489
-1.201064,-0.18065378,-0.18424238,-60.594368,-12058.054,-12259.03,2.7456e-05,-0.053330325,7.6184959,-9.8377285,0.017882954,-2.0978193,-30751.604,0.033767205,-2.2347126
-1.1939424,-0.18084581,-0.18443736,-60.767811,-11986.663,-12186.294,2.7472e-05,-0.053319536,7.620224,-9.8357382,0.017391779,-2.1859908,-30758.568,0.034162421,-2.3123782
-1.1868132,-0.18103662,-0.18463118,-60.940971,-11915.197,-12113.481,2.7488e-05,-0.05391141,7.6219044,-9.9449196,0.016900493,-2.2741754,-30765.336,0.03366344,-2.3900466
-1.1796767,-0.18122637,-0.18482384,-61.113842,-11843.656,-12040.592,2.7504e-05,-0.054134905,7.6235361,-9.9861469,0.016409101,-2.3623738,-30771.912,0.032631915,-2.4677186
-1.1725324,-0.1814149,-0.18501532,-61.286407,-11772.041,-11967.627,2.752e-05,-0.054198097,7.6251197,-9.9978046,0.015917605,-2.4505868,-30778.293,0.033043917,-2.5453944
-1.1653808,-0.18160236,-0.18520562,-61.458649,-11700.352,-11894.586,2.7536e-05,-0.055428088,7.6266556,-10.224698,0.015426009,-2.538815,-30784.48,0.032717369,-2.6230748
-1.1582218,-0.18178859,-0.18539478,-61.630554,-11628.589,-11821.47,2.7552e-05,-0.055802632,7.6281428,-10.293789,0.014934315,-2.6270595,-30790.473,0.031463057,-2.7007608
-1.1510555,-0.18197376,-0.18558274,-61.802113,-11556.753,-11748.278,2.7568e-05,-0.055687033,7.6295824,-10.272465,0.014442527,-2.7153208,-30796.271,0.0319895,-2.7784529
-1.1438818,-0.18215768,-0.18576954,-61.973301,-11484.844,-11675.014,2.7584e-05,-0.056559429,7.6309733,-10.433394,0.013950648,-2.8035998,-30801.877,0.03160039,-2.8561513
-1.1367009,-0.18234055,-0.18595517,-62.144115,-11412.863,-11601.675,2.76e-05,-0.056767512,7.6323161,-10.471778,0.01345868,-2.8918972,-30807.287,0.030642109,-2.9338574
-1.1295128,-0.18252218,-0.18613963,-62.314533,-11340.811,-11528.263,2.7616e-05,-0.057385586,7.6336107,-10.585793,0.012966628,-2.9802136,-30812.502,0.029873043,-3.0115716
-1.1223176,-0.18270274,-0.1863229,-62.484547,-11268.688,-11454.777,2.7632e-05,-0.058140844,7.6348572,-10.725114,0.012474493,-3.0685501,-30817.525,0.029773857,-3.0892944
-1.1151152,-0.18288206,-0.186505,-62.654133,-11196.492,-11381.221,2.7648e-05,-0.058247197,7.6360555,-10.744733,0.011982281,-3.1569073,-30822.352,0.029462568,-3.1670268
-1.1079057,-0.1830603,-0.18668592,-62.823284,-11124.228,-11307.591,2.7664e-05,-0.058877602,7.6372056,-10.861023,0.011489991,-3.2452862,-30826.986,0.028469192,-3.2447693
-1.1006894,-0.18323731,-0.18686566,-62.991982,-11051.893,-11233.891,2.768e-05,-0.05961128,7.6383071,-10.996363,0.01099763,-3.3336873,-30831.424,0.02815485,-3.3225226
-1.093466,-0.18341325,-0.18704422,-63.16021,-10979.488,-11160.119,2.7696e-05,-0.060244773,7.6393609,-11.113221,0.010505199,-3.4221113,-30835.67,0.028052613,-3.4002874
-1.0862358,-0.18358795,-0.1872216,-63.327957,-10907.015,-11086.277,2.7712e-05,-0.060432814,7.6403661,-11.147909,0.010012702,-3.5105593,-30839.719,0.027463607,-3.4780645
-1.0789987,-0.18376157,-0.18739781,-63.495205,-10834.474,-11012.365,2.7728e-05,-0.060972285,7.6413231,-11.247423,0.0095201414,-3.5990319,-30843.574,0.026778467,-3.5558546
-1.0717548,-0.18393394,-0.18757282,-63.661942,-10761.863,-10938.384,2.7744e-05,-0.060990781,7.6422319,-11.250835,0.0090275211,-3.68753,-30847.236,0.026746422,-3.6336582
-1.0645041,-0.18410523,-0.18774664,-63.828148,-10689.186,-10864.333,2.776e-05,-0.06231479,7.6430922,-11.495072,0.0085348431,-3.7760544,-30850.703,0.02645497,-3.7114761
-1.0572468,-0.18427528,-0.18791929,-63.993813,-10616.44,-10790.213,2.7776e-05,-0.062635385,7.6439042,-11.554213,0.008042112,-3.8646057,-30853.975,0.025981933,-3.7893093
-1.0499828,-0.18444426,-0.18809074,-64.158913,-10543.63,-10716.025,2.7792e-05,-0.062791064,7.6446681,-11.58293,0.0075493292,-3.9531846,-30857.053,0.02505417,-3.8671579
-1.0427122,-0.18461198,-0.18826102,-64.323448,-10470.752,-10641.771,2.7808e-05,-0.063040763,7.6453838,-11.628991,0.0070564994,-4.0417924,-30859.938,0.02546617,-3.9450233
-1.0354351,-0.18477862,-0.18843009,-64.487389,-10397.809,-10567.448,2.7824e-05,-0.064004093,7.6460514,-11.806696,0.0065636248,-4.1304293,-30862.625,0.024991607,-4.0229058
-1.0281515,-0.184944,-0.18859798,-64.650719,-10324.8,-10493.059,2.784e-05,-0.064705409,7.6466703,-11.936065,0.0060707084,-4.2190962,-30865.119,0.023979919,-4.1008062
-1.0208614,-0.1851083,-0.18876468,-64.813438,-10251.727,-10418.604,2.7856e-05,-0.065210968,7.6472411,-12.029324,0.0055777542,-4.3077946,-30867.418,0.023770867,-4.1787248
-1.0135649,-0.18527135,-0.18893018,-64.975517,-10178.588,-10344.082,2.7872e-05,-0.065298818,7.6477633,-12.04553,0.0050847647,-4.3965244,-30869.523,0.023879208,-4.2566633
-1.0062622,-0.18543331,-0.1890945,-65.13694,-10105.386,-10269.496,2.7888e-05,-0.065924607,7.6482377,-12.160968,0.0045917425,-4.4852862,-30871.434,0.022080142,-4.3346214
-0.9989531,-0.18559402,-0.18925761,-65.297699,-10032.121,-10194.845,2.7904e-05,-0.066403963,7.6486635,-12.249393,0.004098692,-4.5740819,-30873.15,0.022425001,-4.4126005
-0.99163777,-0.18575364,-0.18941954,-65.457779,-9958.792,-10120.128,2.792e-05,-0.06688486,7.6490407,-12.338103,0.0036056151,-4.6629114,-30874.67,0.021915341,-4.4906006
-0.98431623,-0.18591201,-0.18958026,-65.617149,-9885.4014,-10045.349,2.7936e-05,-0.067823537,7.6493702,-12.511259,0.0031125157,-4.7517757,-30875.996,0.020969268,-4.5686231
-0.97698861,-0.18606928,-0.18973979,-65.77581,-9811.9482,-9970.5059,2.7952e-05,-0.067877479,7.6496511,-12.521211,0.0026193967,-4.8406758,-30877.129,0.021430098,-4.6466684
-0.96965486,-0.1862253,-0.18989812,-65.933746,-9738.4336,-9895.5996,2.7968e-05,-0.068600371,7.6498837,-12.65456,0.0021262609,-4.9296117,-30878.066,0.020712912,-4.7247372
-0.96231508,-0.18638022,-0.19005525,-66.090927,-9664.8574,-9820.6309,2.7984e-05,-0.068756044,7.6500678,-12.683277,0.0016331117,-5.0185852,-30878.809,0.02027192,-4.8028302
-0.95496935,-0.18653387,-0.19021118,-66.247353,-9591.2217,-9745.5996,2.8e-05,-0.069429606,7.6502037,-12.807528,0.0011399523,-5.1075964,-30879.355,0.019988097,-4.8809481
-0.94761765,-0.18668644,-0.19036591,-66.403,-9517.5244,-9670.5078,2.8016e-05,-0.070311256,7.6502914,-12.970163,0.00064678572,-5.1966457,-30879.709,0.019342631,-4.9590917
-0.94026011,-0.18683775,-0.19051944,-66.557846,-9443.7676,-9595.3545,2.8032e-05,-0.070237271,7.6503305,-12.956515,0.00015361498,-5.2857347,-30879.867,0.018260751,-5.037262
-0.93289673,-0.18698795,-0.19067176,-66.711891,-9369.9521,-9520.1396,2.8048e-05,-0.070735127,7.6503215,-13.048353,-0.00033955672,-5.3748641,-30879.83,0.018900113,-5.1154585
-0.92552757,-0.18713689,-0.19082287,-66.865105,-9296.0771,-9444.8662,2.8064e-05,-0.071810976,7.6502643,-13.246814,-0.00083272631,-5.4640341,-30879.6,0.018434705,-5.1936831
-0.91815269,-0.18728474,-0.19097278,-67.017479,-9222.1445,-9369.5322,2.808e-05,-0.072068378,7.6501584,-13.294296,-0.0013258905,-5.5532451,-30879.174,0.017772455,-5.2719359
-0.91077209,-0.18743131,-0.19112149,-67.168999,-9148.1533,-9294.1387,2.8096e-05,-0.072720371,7.6500044,-13.414567,-0.0018190466,-5.642499,-30878.553,0.017064424,-5.3502178
-0.90338594,-0.18757679,-0.19126898,-67.319641,-9074.1055,-9218.6875,2.8112e-05,-0.073833212,7.6498022,-13.619851,-0.0023121911,-5.7317958,-30877.738,0.017078158,-5.4285293
-0.89599419,-0.187721,-0.19141528,-67.469398,-9000,-9143.1777,2.8128e-05,-0.073471002,7.6495514,-13.553035,-0.0028053208,-5.821136,-30876.729,0.016095461,-5.5068712
-0.88859689,-0.18786411,-0.19156036,-67.618248,-8925.8389,-9067.6094,2.8144e-05,-0.073509537,7.6492524,-13.560143,-0.003298433,-5.9105206,-30875.523,0.015805537,-5.5852442
-0.88119417,-0.18800594,-0.19170423,-67.766174,-8851.6211,-8991.9854,2.816e-05,-0.073928781,7.6489053,-13.63748,-0.0037915243,-5.9999504,-30874.123,0.015422529,-5.6636491
-0.87378597,-0.18814667,-0.19184689,-67.91317,-8777.3477,-8916.3027,2.8176e-05,-0.074610047,7.6485095,-13.763152,-0.0042845914,-6.089426,-30872.529,0.015405743,-5.7420859
-0.86637247,-0.18828613,-0.19198833,-68.059204,-8703.0195,-8840.5654,2.8192e-05,-0.075383805,7.6480656,-13.905885,-0.0047776317,-6.1789479,-30870.742,0.014680929,-5.8205557
-0.85895365,-0.18842448,-0.19212858,-68.204277,-8628.6367,-8764.7715,2.8208e-05,-0.075881653,7.6475735,-13.997723,-0.0052706422,-6.268517,-30868.758,0.013895078,-5.8990593
-0.85152954,-0.18856156,-0.1922676,-68.348366,-8554.1992,-8688.9219,2.8224e-05,-0.076632284,7.6470332,-14.136189,-0.0057636187,-6.3581338,-30866.58,0.01366924,-5.9775968
-0.84410024,-0.18869755,-0.1924054,-68.491447,-8479.708,-8613.0176,2.824e-05,-0.076303981,7.6464443,-14.075628,-0.0062565594,-6.4477992,-30864.209,0.013225196,-6.0561695
-0.83666575,-0.18883222,-0.192542,-68.633514,-8405.1641,-8537.0596,2.8256e-05,-0.077341303,7.6458073,-14.26698,-0.0067494605,-6.5375133,-30861.641,0.013072603,-6.1347775
-0.8292262,-0.18896583,-0.19267738,-68.774551,-8330.5674,-8461.0469,2.8272e-05,-0.077597164,7.6451216,-14.314178,-0.0072423187,-6.6272774,-30858.879,0.012593463,-6.2134213
-0.82178158,-0.18909813,-0.19281153,-68.914543,-8255.918,-8384.9805,2.8288e-05,-0.078443356,7.6443882,-14.470275,-0.0077351313,-6.717092,-30855.924,0.011168249,-6.2921023
-0.81433195,-0.18922934,-0.19294448,-69.053467,-8181.2178,-8308.8623,2.8304e-05,-0.078529671,7.6436062,-14.486197,-0.008227895,-6.8069572,-30852.773,0.0115421,-6.3708205
-0.80687737,-0.18935925,-0.19307621,-69.191315,-8106.4653,-8232.6904,2.832e-05,-0.079067603,7.6427755,-14.585427,-0.0087206066,-6.896874,-30849.428,0.010968353,-6.4495764
-0.79941785,-0.18948807,-0.1932067,-69.328064,-8031.6626,-8156.4673,2.8336e-05,-0.079787403,7.6418972,-14.718208,-0.0092132632,-6.9868431,-30845.889,0.010325938,-6.5283704
-0.7919535,-0.18961559,-0.193336,-69.463707,-7956.8091,-8080.1924,2.8352e-05,-0.0804471,7.6409702,-14.8399,-0.009705862,-7.0768652,-30842.154,0.010136723,-6.607204
-0.78448439,-0.18974201,-0.19346406,-69.598221,-7881.9062,-8003.8662,2.8368e-05,-0.080297589,7.6399951,-14.812321,-0.010198398,-7.1669402,-30838.227,0.0097506642,-6.6860766
-0.7770105,-0.18986714,-0.19359089,-69.73159,-7806.9531,-7927.4897,2.8384e-05,-0.0812748,7.6389718,-14.992584,-0.010690872,-7.2570691,-30834.104,0.008709983,-6.7649899
-0.76953191,-0.18999116,-0.19371651,-69.8638,-7731.9517,-7851.0635,2.84e-05,-0.081991524,7.6379004,-15.124796,-0.011183277,-7.3472524,-30829.785,0.009393597,-6.8439436
-0.76204866,-0.19011389,-0.19384091,-69.994843,-7656.9019,-7774.5869,2.8416e-05,-0.082071669,7.6367807,-15.139582,-0.011675611,-7.4374909,-30825.273,0.0084002195,-6.9229383
-0.75456083,-0.19023551,-0.19396406,-70.124695,-7581.8037,-7698.062,2.8432e-05,-0.082490914,7.6356125,-15.216918,-0.012167872,-7.5277848,-30820.568,0.0083071385,-7.0019751
-0.74706846,-0.19035582,-0.19408602,-70.253342,-7506.6577,-7621.4878,2.8448e-05,-0.083560601,7.6343961,-15.414242,-0.012660056,-7.618135,-30815.668,0.0081087677,-7.0810537
-0.73957157,-0.19047505,-0.19420673,-70.380768,-7431.4653,-7544.8657,2.8464e-05,-0.08332324,7.633132,-15.370455,-0.013152161,-7.7085414,-30810.572,0.0072695091,-7.1601753
-0.73207027,-0.19059296,-0.19432622,-70.506966,-7356.2261,-7468.1963,2.848e-05,-0.083723985,7.6318192,-15.444381,-0.013644181,-7.799005,-30805.283,0.0072206794,-7.2393403
-0.72456455,-0.19070978,-0.19444448,-70.631905,-7280.9409,-7391.4795,2.8496e-05,-0.084593304,7.6304584,-15.604741,-0.014136116,-7.8895259,-30799.801,0.0059984131,-7.3185492
-0.71705449,-0.19082528,-0.19456153,-70.755585,-7205.6094,-7314.7158,2.8512e-05,-0.084516235,7.6290488,-15.590525,-0.014627961,-7.9801049,-30794.123,0.0063051241,-7.3978019
-0.70954013,-0.19093969,-0.19467732,-70.877983,-7130.2334,-7237.9062,2.8528e-05,-0.086015955,7.6275916,-15.867175,-0.015119715,-8.0707426,-30788.252,0.0055879392,-7.4770994
-0.70202148,-0.19105279,-0.1947919,-70.999084,-7054.8125,-7161.0508,2.8544e-05,-0.08647836,7.6260862,-15.952474,-0.015611373,-8.1614389,-30782.186,0.0051789912,-7.5564418
-0.69449872,-0.19116478,-0.19490525,-71.118881,-6979.3477,-7084.1499,2.856e-05,-0.086453699,7.6245327,-15.947925,-0.016102932,-8.2521944,-30775.926,0.0050767539,-7.6358299
-0.68697172,-0.19127546,-0.19501737,-71.237343,-6903.8389,-7007.2046,2.8576e-05,-0.087118015,7.6229305,-16.070469,-0.016594389,-8.3430099,-30769.473,0.0044267098,-7.7152643
-0.67944074,-0.19138505,-0.19512825,-71.354469,-6828.2871,-6930.2148,2.8592e-05,-0.087598912,7.6212807,-16.15918,-0.017085742,-8.4338856,-30762.824,0.003688162,-7.794745
-0.67190564,-0.1914933,-0.1952379,-71.470245,-6752.6919,-6853.1812,2.8608e-05,-0.088146091,7.6195827,-16.260117,-0.017576985,-8.5248213,-30755.982,0.0030137028,-7.8742723
-0.66436654,-0.19160046,-0.19534631,-71.584641,-6677.0552,-6776.1045,2.8624e-05,-0.088113718,7.6178365,-16.254145,-0.01806812,-8.615818,-30748.947,0.0030945768,-7.9538469
-0.65682352,-0.1917063,-0.19545349,-71.697662,-6601.376,-6698.9849,2.864e-05,-0.089098632,7.6160421,-16.435829,-0.018559139,-8.7068768,-30741.719,0.0024048586,-8.0334692
-0.64927655,-0.19181104,-0.19555944,-71.80928,-6525.6558,-6621.8228,2.8656e-05,-0.089346789,7.6141996,-16.481607,-0.019050041,-8.7979965,-30734.295,0.002252266,-8.1131392
-0.64172578,-0.19191447,-0.19566417,-71.919479,-6449.8945,-6544.6191,2.8672e-05,-0.090493545,7.612309,-16.693146,-0.019540824,-8.8891783,-30726.678,0.0026078066,-8.1928577
-0.63417125,-0.19201678,-0.19576764,-72.028259,-6374.0933,-6467.374,2.8688e-05,-0.090319373,7.6103706,-16.661016,-0.020031482,-8.980422,-30718.867,0.00088503677,-8.272625
-0.6266129,-0.19211777,-0.19586988,-72.135597,-6298.252,-6390.0884,2.8704e-05,-0.091201022,7.6083837,-16.823652,-0.020522013,-9.0717287,-30710.863,0.00066225167,-8.3524418
-0.61905086,-0.19221766,-0.19597088,-72.24147,-6222.3711,-6312.7622,2.872e-05,-0.091316618,7.606349,-16.844976,-0.021012416,-9.1630983,-30702.664,0.00078585162,-8.4323072
-0.61148518,-0.19231623,-0.19607066,-72.345879,-6146.4512,-6235.396,2.8736e-05,-0.091422975,7.6042662,-16.864595,-0.021502685,-9.2545309,-30694.273,-0.00090639974,-8.5122232
-0.60391587,-0.19241369,-0.19616918,-72.448807,-6070.4932,-6157.9902,2.8752e-05,-0.09240789,7.6021352,-17.046282,-0.021992819,-9.3460264,-30685.688,-0.00028992584,-8.5921879
-0.59634304,-0.19250983,-0.19626647,-72.550232,-5994.4971,-6080.5459,2.8768e-05,-0.093209386,7.5999565,-17.194132,-0.022482814,-9.4375858,-30676.91,-0.0018982512,-8.672204
-0.58876663,-0.19260485,-0.19636251,-72.650146,-5918.4634,-6003.063,2.8784e-05,-0.093793556,7.5977297,-17.301891,-0.022972668,-9.5292091,-30667.938,-0.00070802943,-8.7522697
-0.58118683,-0.19269855,-0.19645733,-72.748535,-5842.3926,-5925.5425,2.88e-05,-0.094349973,7.5954547,-17.404533,-0.023462376,-9.6208963,-30658.771,-0.0024704733,-8.832387
-0.57360357,-0.19279116,-0.19655089,-72.845383,-5766.2852,-5847.9839,2.8816e-05,-0.094971135,7.593132,-17.519117,-0.023951935,-9.7126484,-30649.414,-0.0022232735,-8.9125547
-0.56601697,-0.19288242,-0.19664322,-72.940681,-5690.1416,-5770.3892,2.8832e-05,-0.095324099,7.5907612,-17.584229,-0.024441343,-9.8044643,-30639.861,-0.0036042361,-8.992775
-0.55842704,-0.19297259,-0.19673431,-73.034416,-5613.9629,-5692.7573,2.8848e-05,-0.09552139,7.5883427,-17.620623,-0.024930596,-9.8963451,-30630.117,-0.0028733176,-9.0730457
-0.55083388,-0.19306141,-0.19682415,-73.126564,-5537.749,-5615.0898,2.8864e-05,-0.096090145,7.585876,-17.725538,-0.025419693,-9.9882908,-30620.178,-0.0031586657,-9.153368
-0.54323745,-0.19314915,-0.19691274,-73.217125,-5461.5005,-5537.3867,2.888e-05,-0.096763715,7.5833611,-17.849791,-0.025908628,-10.080301,-30610.047,-0.0042878506,-9.2337427
-0.53563786,-0.19323553,-0.1970001,-73.306076,-5385.2173,-5459.6489,2.8896e-05,-0.097355589,7.5807991,-17.958971,-0.026397401,-10.172378,-30599.723,-0.004977569,-9.3141689
-0.5280351,-0.19332081,-0.1970862,-73.393417,-5308.9014,-5381.8765,2.8912e-05,-0.097671561,7.5781884,-18.01726,-0.026886007,-10.264518,-30589.205,-0.0048707542,-9.3946476
-0.52042931,-0.19340476,-0.19717108,-73.479118,-5232.5513,-5304.0698,2.8928e-05,-0.098019905,7.5755305,-18.081516,-0.027374443,-10.356724,-30578.496,-0.0050309761,-9.4751797
-0.51282048,-0.1934876,-0.19725469,-73.563187,-5156.1694,-5226.23,2.8944e-05,-0.098506965,7.5728245,-18.171364,-0.027862705,-10.448996,-30567.594,-0.0064470354,-9.5557632
-0.50520861,-0.19356911,-0.19733706,-73.645592,-5079.7544,-5148.3569,2.896e-05,-0.098940082,7.5700703,-18.251261,-0.028350793,-10.541332,-30556.498,-0.006221198,-9.6364002
-0.49759382,-0.1936495,-0.1974182,-73.726334,-5003.3086,-5070.4517,2.8976e-05,-0.099840224,7.5672688,-18.417307,-0.0288387,-10.633735,-30545.209,-0.0061571095,-9.7170897
-0.48997614,-0.19372857,-0.19749807,-73.805389,-4926.8311,-4992.5142,2.8992e-05,-0.10071725,7.5644193,-18.57909,-0.029326426,-10.726202,-30533.729,-0.0072557759,-9.7978315
-0.48235559,-0.19380651,-0.1975767,-73.882751,-4850.3228,-4914.5449,2.9008e-05,-0.10031033,7.561522,-18.504028,-0.029813966,-10.818735,-30522.055,-0.007621998,-9.8786268
-0.47473225,-0.19388312,-0.19765408,-73.95842,-4773.7842,-4836.5449,2.9024e-05,-0.10065714,7.5585766,-18.568001,-0.030301318,-10.911334,-30510.189,-0.0076113162,-9.9594755
-0.46710616,-0.19395863,-0.19773023,-74.032364,-4697.2158,-4758.5142,2.904e-05,-0.10141547,7.555584,-18.70789,-0.030788479,-11.003998,-30498.131,-0.0081865899,-10.040378
-0.45947734,-0.19403279,-0.19780511,-74.104584,-4620.6182,-4680.4536,2.9056e-05,-0.10208133,7.5525436,-18.830719,-0.031275444,-11.096727,-30485.881,-0.0090868864,-10.121332
-0.45184585,-0.19410583,-0.19787875,-74.175064,-4543.9917,-4602.3633,2.9072e-05,-0.10296144,7.5494552,-18.993071,-0.031762213,-11.189522,-30473.439,-0.0095645012,-10.20234
-0.44421175,-0.19417754,-0.19795114,-74.24379,-4467.3369,-4524.2437,2.9088e-05,-0.1029229,7.5463195,-18.985962,-0.032248784,-11.282382,-30460.805,-0.0095141456,-10.283401
-0.43657506,-0.19424815,-0.19802228,-74.31076,-4390.6543,-4446.0957,2.9104e-05,-0.10358106,7.5431356,-19.10737,-0.032735147,-11.375308,-30447.979,-0.0098391678,-10.364516
-0.42893583,-0.1943174,-0.19809216,-74.375954,-4313.9443,-4367.9199,2.912e-05,-0.10417293,7.5399046,-19.216553,-0.033221304,-11.468299,-30434.959,-0.010386975,-10.445684
-0.42129412,-0.19438554,-0.1981608,-74.439362,-4237.2075,-4289.7163,2.9136e-05,-0.10510082,7.5366259,-19.387716,-0.033707254,-11.561355,-30421.748,-0.011209449,-10.526905
-0.41364998,-0.19445235,-0.19822818,-74.500984,-4160.4438,-4211.4854,2.9152e-05,-0.1049621,7.5332994,-19.362127,-0.034192987,-11.654475,-30408.346,-0.010737938,-10.60818
-0.40600342,-0.19451803,-0.19829431,-74.560799,-4083.655,-4133.228,2.9168e-05,-0.10582679,7.5299253,-19.521635,-0.034678508,-11.747662,-30394.752,-0.011496322,-10.689507
-0.3983545,-0.19458237,-0.19835919,-74.61879,-4006.8401,-4054.9448,2.9184e-05,-0.10585453,7.5265036,-19.526752,-0.035163805,-11.840912,-30380.967,-0.012282174,-10.770888
-0.39070329,-0.19464561,-0.19842282,-74.674965,-3930.0007,-3976.6357,2.92e-05,-0.10683328,7.5230346,-19.7073,-0.035648882,-11.934226,-30366.99,-0.012295907,-10.852322
-0.38304982,-0.19470748,-0.1984852,-74.729301,-3853.1362,-3898.3018,2.9216e-05,-0.10714772,7.5195179,-19.765305,-0.036133736,-12.027606,-30352.82,-0.013451033,-10.933808
-0.37539411,-0.19476826,-0.19854631,-74.781799,-3776.2485,-3819.9429,2.9232e-05,-0.10741591,7.5159535,-19.814777,-0.036618359,-12.121049,-30338.461,-0.013545641,-11.015348
-0.36773622,-0.19482768,-0.19860618,-74.832436,-3699.3367,-3741.5601,2.9248e-05,-0.10793534,7.512342,-19.910595,-0.037102755,-12.214557,-30323.91,-0.013892026,-11.096941
-0.36007622,-0.194886,-0.19866478,-74.88121,-3622.4023,-3663.1536,2.9264e-05,-0.10898345,7.5086832,-20.103937,-0.037586913,-12.308127,-30309.168,-0.014728232,-11.178586
-0.35241413,-0.19494295,-0.19872214,-74.928108,-3545.4451,-3584.7239,2.928e-05,-0.10932563,7.5049767,-20.167059,-0.038070835,-12.401763,-30294.234,-0.01468398,-11.260284
-0.34474999,-0.19499882,-0.19877824,-74.973122,-3468.4661,-3506.2715,2.9296e-05,-0.10954295,7.5012226,-20.20715,-0.038554516,-12.495461,-30279.109,-0.015277565,-11.342034
-0.33708385,-0.19505331,-0.19883308,-75.016251,-3391.4651,-3427.7971,2.9312e-05,-0.10984968,7.4974213,-20.263729,-0.03903795,-12.589222,-30263.795,-0.015973387,-11.423837
-0.32941574,-0.1951067,-0.19888668,-75.057472,-3314.4436,-3349.301,2.9328e-05,-0.11056794,7.4935727,-20.396227,-0.039521143,-12.683045,-30248.287,-0.015323344,-11.505692
-0.32174575,-0.19515872,-0.19893901,-75.096794,-3237.4011,-3270.7837,2.9344e-05,-0.11083151,7.489677,-20.444847,-0.040004082,-12.776932,-30232.592,-0.0158269,-11.587598
-0.31407386,-0.19520965,-0.19899008,-75.134186,-3160.3389,-3192.2458,2.936e-05,-0.1117147,7.4857335,-20.607765,-0.040486772,-12.870881,-30216.703,-0.016405225,-11.669557
-0.30640018,-0.19525921,-0.19903991,-75.169662,-3083.2566,-3113.6877,2.9376e-05,-0.11200602,7.4817429,-20.661505,-0.040969204,-12.964891,-30200.625,-0.017465742,-11.751567
-0.29872471,-0.19530767,-0.19908845,-75.203201,-3006.1558,-3035.1099,2.9392e-05,-0.11254086,7.477705,-20.760166,-0.04145138,-13.058964,-30184.357,-0.018166143,-11.833628
-0.29104748,-0.19535476,-0.19913577,-75.234795,-2929.0356,-2956.5129,2.9408e-05,-0.11312194,7.4736199,-20.867357,-0.041933291,-13.153097,-30167.898,-0.018303476,-11.91574
-0.28336859,-0.19540077,-0.19918181,-75.264442,-2851.8979,-2877.8975,2.9424e-05,-0.11336701,7.4694877,-20.912565,-0.042414937,-13.247292,-30151.25,-0.018717002,-11.997904
-0.27568802,-0.19544539,-0.1992266,-75.29213,-2774.7422,-2799.2637,2.944e-05,-0.11440742,7.4653087,-21.104486,-0.042896319,-13.341547,-30134.41,-0.019049654,-12.080118
-0.26800588,-0.19548891,-0.19927013,-75.317856,-2697.5698,-2720.6121,2.9456e-05,-0.11491298,7.461082,-21.197746,-0.043377426,-13.435862,-30117.383,-0.019449446,-12.162382
-0.26032215,-0.19553107,-0.1993124,-75.341614,-2620.3801,-2641.9436,2.9472e-05,-0.11500546,7.4568081,-21.214806,-0.04385826,-13.530237,-30100.164,-0.020232245,-12.244698
-0.25263691,-0.19557214,-0.19935341,-75.363388,-2543.1748,-2563.2581,2.9488e-05,-0.11516884,7.4524875,-21.244944,-0.044338819,-13.624672,-30082.754,-0.019826349,-12.327062
-0.24495021,-0.1956118,-0.19939317,-75.383179,-2465.9531,-2484.5566,2.9504e-05,-0.11628169,7.4481196,-21.450228,-0.044819094,-13.719166,-30065.156,-0.02090518,-12.409476
-0.23726206,-0.1956504,-0.19943166,-75.400978,-2388.7168,-2405.8394,2.952e-05,-0.11646356,7.4437046,-21.483778,-0.04529909,-13.813719,-30047.369,-0.021390423,-12.49194
-0.22957253,-0.19568761,-0.1994689,-75.416779,-2311.4653,-2327.1069,2.9536e-05,-0.11735908,7.4392428,-21.648973,-0.0457788,-13.90833,-30029.391,-0.021807,-12.574452
-0.22188166,-0.19572373,-0.19950487,-75.43058,-2234.2002,-2248.3599,2.9552e-05,-0.1180419,7.4347339,-21.774929,-0.046258219,-14.002998,-30011.225,-0.022608113,-12.657014
-0.21418948,-0.19575846,-0.19953957,-75.442368,-2156.9207,-2169.5986,2.9568e-05,-0.11761186,7.4301777,-21.695602,-0.046737343,-14.097725,-29992.869,-0.022968231,-12.739624
-0.20649606,-0.19579212,-0.19957303,-75.452141,-2079.6284,-2090.8235,2.9584e-05,-0.11865997,7.4255748,-21.888945,-0.047216177,-14.192509,-29974.324,-0.022840053,-12.822282
-0.19880141,-0.19582437,-0.19960523,-75.459892,-2002.3229,-2012.0353,2.96e-05,-0.11919328,7.4209251,-21.987322,-0.047694709,-14.287349,-29955.59,-0.023749504,-12.904988
-0.1911056,-0.19585556,-0.19963616,-75.465614,-1925.0055,-1933.2344,2.9616e-05,-0.11920561,7.4162288,-21.989597,-0.048172943,-14.382245,-29936.668,-0.023969237,-12.987741
-0.18340868,-0.19588533,-0.19966583,-75.469307,-1847.6759,-1854.4213,2.9632e-05,-0.11994699,7.4114852,-22.126358,-0.048650868,-14.477198,-29917.557,-0.025310526,-13.070542
-0.17571066,-0.19591404,-0.19969423,-75.47097,-1770.3354,-1775.5963,2.9648e-05,-0.12053578,7.4066949,-22.234972,-0.049128491,-14.572206,-29898.256,-0.02508774,-13.15339
-0.16801161,-0.19594134,-0.19972138,-75.470589,-1692.9836,-1696.7603,2.9664e-05,-0.12066218,7.4018579,-22.258287,-0.049605802,-14.667268,-29878.768,-0.025252542,-13.236284
-0.16031156,-0.19596758,-0.19974726,-75.468155,-1615.6221,-1617.9135,2.968e-05,-0.12164555,7.3969741,-22.439688,-0.050082799,-14.762384,-29859.092,-0.025939208,-13.319224
-0.15261057,-0.19599241,-0.1997719,-75.463676,-1538.2501,-1539.0565,2.9696e-05,-0.12220968,7.3920436,-22.543751,-0.05055948,-14.857555,-29839.227,-0.025530258,-13.40221
-0.14490867,-0.19601618,-0.19979526,-75.457146,-1460.8693,-1460.1897,2.9712e-05,-0.12248095,7.3870664,-22.593792,-0.05103584,-14.95278,-29819.172,-0.026805934,-13.485242
-0.1372059,-0.19603853,-0.19981736,-75.448563,-1383.4791,-1381.3137,2.9728e-05,-0.1235044,7.3820424,-22.782587,-0.05151188,-15.048057,-29798.932,-0.026081119,-13.568318
-0.12950233,-0.19605981,-0.19983819,-75.437912,-1306.0811,-1302.4291,2.9744e-05,-0.12362462,7.3769722,-22.804764,-0.051987592,-15.143387,-29778.502,-0.027877133,-13.651439
-0.12179797,-0.19607969,-0.19985777,-75.425201,-1228.6746,-1223.5361,2.976e-05,-0.12427199,7.3718548,-22.924181,-0.052462976,-15.238769,-29757.887,-0.027968688,-13.734605
-0.11409289,-0.19609849,-0.19987608,-75.410423,-1151.2612,-1144.6355,2.9776e-05,-0.12498871,7.3666911,-23.056393,-0.052938033,-15.334202,-29737.082,-0.027996155,-13.817814
-0.10638713,-0.19611588,-0.19989315,-75.39357,-1073.8405,-1065.7277,2.9792e-05,-0.12546036,7.3614812,-23.143398,-0.05341275,-15.429687,-29716.09,-0.028312022,-13.901067
-0.098680727,-0.19613221,-0.19990893,-75.374649,-996.41376,-986.81305,2.9808e-05,-0.1253386,7.3562245,-23.120935,-0.053887133,-15.525221,-29694.91,-0.028913235,-13.984363
-0.090973727,-0.19614713,-0.19992346,-75.353653,-918.98065,-907.89221,2.9824e-05,-0.12601678,7.3509212,-23.24604,-0.054361176,-15.620806,-29673.543,-0.030159917,-14.067701
-0.083266184,-0.19616099,-0.19993672,-75.330574,-841.54254,-828.96564,2.984e-05,-0.12668881,7.3455715,-23.370007,-0.054834872,-15.716441,-29651.99,-0.030608539,-14.151083
-0.075558133,-0.19617343,-0.19994871,-75.30542,-764.099,-750.03381,2.9856e-05,-0.12693851,7.3401756,-23.416067,-0.055308226,-15.812124,-29630.25,-0.030339977,-14.234506
-0.067849614,-0.1961848,-0.19995946,-75.278183,-686.65155,-671.09729,2.9872e-05,-0.12755041,7.3347335,-23.528946,-0.055781227,-15.907857,-29608.322,-0.030762658,-14.31797
-0.060140688,-0.19619477,-0.19996893,-75.248863,-609.19952,-592.15649,2.9888e-05,-0.12787409,7.3292446,-23.588654,-0.056253877,-16.003637,-29586.209,-0.031449325,-14.401476
-0.05243139,-0.19620366,-0.19997714,-75.217461,-531.74457,-513.21198,2.9904e-05,-0.12847368,7.32371,-23.699259,-0.056726173,-16.099464,-29563.908,-0.032143619,-14.485023
-0.044721764,-0.19621114,-0.19998409,-75.183975,-454.2861,-434.26419,2.992e-05,-0.12927979,7.3181286,-23.847961,-0.057198111,-16.195339,-29541.422,-0.032735679,-14.56861
-0.037011862,-0.19621757,-0.19998978,-75.148399,-376.82565,-355.31369,2.9936e-05,-0.12950329,7.312501,-23.889189,-0.057669684,-16.291262,-29518.748,-0.032650229,-14.652237
-0.029301722,-0.19622257,-0.19999419,-75.110733,-299.36264,-276.36093,2.9952e-05,-0.13005817,7.3068275,-23.991547,-0.058140896,-16.38723,-29495.891,-0.033819087,-14.735904
-0.021591397,-0.19622651,-0.19999735,-75.070984,-221.89862,-197.40642,2.9968e-05,-0.13063309,7.3011079,-24.097601,-0.058611739,-16.483244,-29472.844,-0.032694478,-14.81961
-0.013880928,-0.19622903,-0.19999924,-75.029152,-144.43303,-118.45068,2.9984e-05,-0.13091516,7.295342,-24.149633,-0.059082214,-16.579302,-29449.613,-0.034267709,-14.903355
-0.0061703627,-0.1962305,-0.19999988,-74.985229,-66.96743,-39.494179,3e-05,-0.13190007,7.2895298,-24.331318,-0.059552316,-16.675406,-29426.197,-0.035029147,-14.987138
0.0015402529,-0.19623053,-0.19999924,-74.939217,10.498792,39.462566,3.0016e-05,-0.13214824,7.2836719,-24.377094,-0.060022041,-16.771553,-29402.596,-0.034746848,-15.070959
0.0092508728,-0.19622953,-0.19999735,-74.891121,87.964027,118.41907,3.0032e-05,-0.13253818,7.2777677,-24.44903,-0.060491387,-16.867744,-29378.809,-0.03563799,-15.154819
0.016961452,-0.19622709,-0.19999419,-74.840935,165.42891,197.37482,3.0048e-05,-0.13297439,7.2718177,-24.529493,-0.060960349,-16.963978,-29354.836,-0.035863828,-15.238714
0.02467194,-0.1962236,-0.19998978,-74.788666,242.89183,276.32932,3.0064e-05,-0.13397625,7.2658219,-24.714306,-0.061428927,-17.060257,-29330.678,-0.036361277,-15.322648
0.032382295,-0.19621868,-0.19998409,-74.734314,320.35342,355.28207,3.008e-05,-0.13435851,7.2597799,-24.784821,-0.061897118,-17.156576,-29306.336,-0.036262091,-15.406617
0.040092468,-0.19621271,-0.19997714,-74.677879,397.81204,434.2326,3.0096e-05,-0.13467449,7.2536926,-24.843107,-0.062364917,-17.252937,-29281.809,-0.037540819,-15.490623
0.047802411,-0.19620532,-0.19996893,-74.619362,475.2684,513.18036,3.0112e-05,-0.13588752,7.2475591,-25.066874,-0.062832318,-17.349342,-29257.096,-0.037493516,-15.574666
0.055512082,-0.19619687,-0.19995946,-74.558762,552.72083,592.12488,3.0128e-05,-0.13566248,7.2413797,-25.02536,-0.063299328,-17.445786,-29232.199,-0.037939087,-15.658743
0.063221425,-0.19618699,-0.19994873,-74.496086,630.16992,671.06567,3.0144e-05,-0.13552685,7.2351546,-25.00034,-0.063765936,-17.542271,-29207.119,-0.038584553,-15.742855
0.070930399,-0.19617607,-0.19993672,-74.431343,707.61414,750.00226,3.016e-05,-0.13672754,7.2288837,-25.22183,-0.064232141,-17.638798,-29181.854,-0.038833279,-15.827003
0.078638956,-0.19616371,-0.19992346,-74.364525,785.05414,828.93402,3.0176e-05,-0.13660887,7.2225676,-25.199938,-0.064697944,-17.735363,-29156.406,-0.039815973,-15.911184
0.086347051,-0.19615032,-0.19990893,-74.295631,862.48816,907.8606,3.0192e-05,-0.13788663,7.2162056,-25.435646,-0.065163337,-17.831968,-29130.773,-0.039587084,-15.9954
0.094054632,-0.19613548,-0.19989315,-74.224678,939.91705,986.78149,3.0208e-05,-0.13812862,7.2097979,-25.480286,-0.065628313,-17.928612,-29104.957,-0.040543839,-16.079651
0.10176165,-0.19611961,-0.19987608,-74.151657,1017.339,1065.696,3.0224e-05,-0.13830125,7.2033448,-25.512129,-0.066092879,-18.025295,-29078.957,-0.040598772,-16.163935
0.10946805,-0.19610228,-0.19985777,-74.076576,1094.7548,1144.604,3.024e-05,-0.13915208,7.1968465,-25.669079,-0.066557027,-18.122017,-29052.773,-0.041372418,-16.248251
0.11717381,-0.19608393,-0.19983821,-73.999443,1172.1626,1223.5046,3.0256e-05,-0.1396345,7.1903024,-25.758072,-0.067020759,-18.218777,-29026.408,-0.041711174,-16.3326
0.12487885,-0.19606413,-0.19981736,-73.92025,1249.5634,1302.3976,3.0272e-05,-0.14022946,7.183713,-25.867823,-0.067484058,-18.315575,-28999.859,-0.041802727,-16.416983
0.13258314,-0.19604331,-0.19979526,-73.839012,1326.9553,1381.2822,3.0288e-05,-0.14118047,7.1770778,-26.043253,-0.067946941,-18.412409,-28973.127,-0.042188786,-16.501398
0.14028662,-0.19602104,-0.1997719,-73.755737,1404.339,1460.1582,3.0304e-05,-0.14120051,7.1703978,-26.046949,-0.068409391,-18.509281,-28946.213,-0.042313915,-16.585844
0.14798926,-0.19599774,-0.19974728,-73.67041,1481.7129,1539.0249,3.032e-05,-0.14172457,7.163672,-26.143621,-0.068871409,-18.60619,-28919.115,-0.042968534,-16.670322
0.15569098,-0.19597298,-0.1997214,-73.583061,1559.0778,1617.882,3.0336e-05,-0.14222242,7.1569014,-26.235458,-0.069332987,-18.703136,-28891.836,-0.043348491,-16.754833
0.16339177,-0.19594721,-0.19969425,-73.493675,1636.4318,1696.7288,3.0352e-05,-0.14306244,7.1500854,-26.390417,-0.069794133,-18.800117,-28864.375,-0.044134341,-16.839376
0.17109156,-0.19591998,-0.19966583,-73.402267,1713.7756,1775.5648,3.0368e-05,-0.14305937,7.1432242,-26.389849,-0.070254833,-18.897137,-28836.732,-0.044779807,-16.923948
0.17879029,-0.19589174,-0.19963616,-73.308838,1791.1078,1854.3898,3.0384e-05,-0.14377147,7.1363182,-26.521208,-0.070715092,-18.994192,-28808.906,-0.045620594,-17.008554
0.18648793,-0.19586203,-0.19960523,-73.213394,1868.4288,1933.2029,3.04e-05,-0.14441267,7.1293669,-26.639488,-0.071174905,-19.091282,-28780.9,-0.045942564,-17.093189
0.19418442,-0.19583131,-0.19957304,-73.115944,1945.7371,2012.0038,3.0416e-05,-0.14503229,7.1223707,-26.753788,-0.07163427,-19.188408,-28752.711,-0.046012755,-17.177855
0.20187971,-0.19579913,-0.19953959,-73.016495,2023.0333,2090.792,3.0432e-05,-0.14514787,7.1153293,-26.775112,-0.072093181,-19.285568,-28724.342,-0.046395764,-17.262552
0.20957375,-0.19576594,-0.19950487,-72.915054,2100.3157,2169.5671,3.0448e-05,-0.14560874,7.108243,-26.860126,-0.072551638,-19.382767,-28695.791,-0.047003083,-17.347279
0.2172665,-0.19573127,-0.1994689,-72.811623,2177.5852,2248.3284,3.0464e-05,-0.14643952,7.1011119,-27.013378,-0.073009633,-19.479998,-28667.061,-0.047410503,-17.432037
0.2249579,-0.19569562,-0.19943167,-72.706207,2254.8401,2327.0757,3.048e-05,-0.14662449,7.093936,-27.047497,-0.073467165,-19.577265,-28638.148,-0.047799617,-17.516825
0.2326479,-0.19565848,-0.19939317,-72.598816,2332.0808,2405.8081,3.0496e-05,-0.14704219,7.0867152,-27.12455,-0.073924236,-19.674568,-28609.055,-0.048413038,-17.601643
0.24033645,-0.19562036,-0.19935343,-72.489456,2409.3059,2484.5251,3.0512e-05,-0.14780515,7.0794497,-27.265293,-0.074380845,-19.771906,-28579.781,-0.048347421,-17.686491
0.2480235,-0.19558074,-0.1993124,-72.378143,2486.5161,2563.2268,3.0528e-05,-0.14859432,7.0721393,-27.410868,-0.074836977,-19.869278,-28550.328,-0.049505599,-17.77137
0.25570899,-0.19554015,-0.19927014,-72.26487,2563.7092,2641.9121,3.0544e-05,-0.14940198,7.064784,-27.559855,-0.075292639,-19.966684,-28520.695,-0.049404889,-17.856277
0.2633929,-0.19549806,-0.1992266,-72.149658,2640.887,2720.5808,3.056e-05,-0.14948367,7.0573845,-27.574924,-0.075747825,-20.064127,-28490.883,-0.050061036,-17.941217
0.27107516,-0.195455,-0.19918182,-72.032509,2718.0466,2799.2322,3.0576e-05,-0.14956844,7.0499406,-27.590563,-0.076202534,-20.161606,-28460.891,-0.050312813,-18.026186
0.27875569,-0.19541045,-0.19913578,-71.913429,2795.1897,2877.866,3.0592e-05,-0.15022968,7.0424519,-27.71254,-0.076656766,-20.259119,-28430.719,-0.051091038,-18.111185
0.2864345,-0.19536492,-0.19908847,-71.792427,2872.314,2956.4817,3.0608e-05,-0.15081847,7.0349188,-27.821152,-0.077110507,-20.356667,-28400.367,-0.05114292,-18.196213
0.29411149,-0.19531788,-0.19903991,-71.669518,2949.4204,3035.0786,3.0624e-05,-0.15160455,7.0273409,-27.96616,-0.077563763,-20.45425,-28369.836,-0.051635791,-18.281273
0.30178663,-0.1952699,-0.19899009,-71.544701,3026.5071,3113.6565,3.064e-05,-0.15220721,7.0197191,-28.077332,-0.078016527,-20.551868,-28339.127,-0.052894682,-18.366364
0.30945987,-0.1952204,-0.19893901,-71.417999,3103.5752,3192.2146,3.0656e-05,-0.1526804,7.0120525,-28.164619,-0.0784688,-20.649525,-28308.24,-0.053605761,-18.451483
0.31713116,-0.19516994,-0.19888668,-71.289406,3180.6223,3270.7524,3.0672e-05,-0.15292086,7.0043421,-28.208975,-0.07892058,-20.747215,-28277.174,-0.053549301,-18.536634
0.3248004,-0.19511797,-0.19883309,-71.158943,3257.6499,3349.2698,3.0688e-05,-0.15298097,6.9965873,-28.220064,-0.079371855,-20.844942,-28245.93,-0.053679008,-18.621817
0.33246762,-0.19506507,-0.19877826,-71.026611,3334.6558,3427.7659,3.0704e-05,-0.15418167,6.9887881,-28.441555,-0.079822637,-20.942705,-28214.506,-0.054341257,-18.707029
0.34013271,-0.19501062,-0.19872215,-70.892433,3411.6411,3506.2402,3.072e-05,-0.15486448,6.9809451,-28.567513,-0.080272906,-21.040506,-28182.906,-0.054029968,-18.792273
0.34779567,-0.19495524,-0.1986648,-70.756401,3488.6038,3584.6926,3.0736e-05,-0.15491843,6.9730577,-28.577463,-0.080722675,-21.138344,-28151.129,-0.055037081,-18.87755
0.35545638,-0.19489834,-0.19860618,-70.618538,3565.5447,3663.1223,3.0752e-05,-0.15590642,6.9651265,-28.759718,-0.08117193,-21.236217,-28119.172,-0.055508591,-18.962856
0.36311483,-0.19484051,-0.19854632,-70.478851,3642.4619,3741.5288,3.0768e-05,-0.15638424,6.9571509,-28.847858,-0.081620671,-21.334131,-28087.039,-0.055618457,-19.048197
0.37077096,-0.19478114,-0.1984852,-70.337349,3719.3567,3819.9119,3.0784e-05,-0.15617153,6.949132,-28.80862,-0.082068905,-21.432081,-28054.73,-0.056627095,-19.133568
0.37842473,-0.19472085,-0.19842283,-70.194046,3796.2266,3898.2705,3.08e-05,-0.15709479,6.9410686,-28.978933,-0.082516611,-21.530071,-28022.244,-0.057548754,-19.218973
0.38607609,-0.19465901,-0.19835921,-70.04895,3873.0732,3976.6047,3.0816e-05,-0.1575911,6.9329615,-29.070486,-0.082963802,-21.628099,-27989.58,-0.057502974,-19.304411
0.39372498,-0.19459626,-0.19829433,-69.902069,3949.894,4054.9138,3.0832e-05,-0.15833712,6.9248109,-29.208101,-0.083410464,-21.726168,-27956.74,-0.058069095,-19.389883
0.40137133,-0.19453196,-0.1982282,-69.753426,4026.6907,4133.1973,3.0848e-05,-0.15869316,6.9166164,-29.273781,-0.083856605,-21.824276,-27923.725,-0.057982117,-19.475388
0.40901509,-0.19446677,-0.19816081,-69.60302,4103.4604,4211.4546,3.0864e-05,-0.1594176,6.9083781,-29.407415,-0.084302209,-21.922426,-27890.533,-0.058761865,-19.560926
0.41665626,-0.19440001,-0.19809218,-69.450874,4180.2046,4289.6851,3.088e-05,-0.15967038,6.9000959,-29.454044,-0.084747285,-22.020617,-27857.166,-0.059445478,-19.646502
0.42429471,-0.19433236,-0.19802229,-69.296997,4256.9214,4367.8887,3.0896e-05,-0.16049653,6.8917708,-29.606443,-0.085191831,-22.118849,-27823.621,-0.059625536,-19.732113
0.43193048,-0.19426313,-0.19795115,-69.141388,4333.6118,4446.0649,3.0912e-05,-0.16096357,6.8834019,-29.692595,-0.085635833,-22.217125,-27789.902,-0.060136724,-19.817759
0.43956342,-0.19419304,-0.19787876,-68.984077,4410.2734,4524.2129,3.0928e-05,-0.16104987,6.874989,-29.708517,-0.086079292,-22.315443,-27756.01,-0.0598941,-19.90344
0.44719356,-0.19412136,-0.19780512,-68.825066,4486.9082,4602.332,3.0944e-05,-0.16168337,6.8665333,-29.825377,-0.086522207,-22.413807,-27721.941,-0.060780663,-19.989161
0.45482081,-0.19404882,-0.19773024,-68.664375,4563.5127,4680.4224,3.096e-05,-0.16227062,6.8580341,-29.933704,-0.086964577,-22.512215,-27687.697,-0.060502946,-20.074917
0.46244511,-0.19397467,-0.1976541,-68.502007,4640.0894,4758.4834,3.0976e-05,-0.16277464,6.8494916,-30.02668,-0.087406404,-22.610668,-27653.279,-0.061864071,-20.160713
0.47006643,-0.19389969,-0.19757672,-68.337982,4716.6353,4836.5142,3.0992e-05,-0.16365166,6.8409057,-30.188461,-0.087847672,-22.709169,-27618.686,-0.062265389,-20.246548
0.47768474,-0.19382308,-0.19749808,-68.172318,4793.1519,4914.5142,3.1008e-05,-0.1643021,6.8322768,-30.308449,-0.088288389,-22.807718,-27583.92,-0.06293527,-20.332422
0.48529992,-0.19374566,-0.19741821,-68.005013,4869.6372,4992.4829,3.1024e-05,-0.16434833,6.8236046,-30.316978,-0.088728547,-22.906315,-27548.98,-0.062302012,-20.418339
0.49291196,-0.19366661,-0.19733708,-67.836098,4946.0923,5070.4209,3.104e-05,-0.1648092,6.814889,-30.401993,-0.089168139,-23.004961,-27513.865,-0.063902706,-20.504295
0.50052083,-0.19358674,-0.1972547,-67.665573,5022.5146,5148.3262,3.1056e-05,-0.16606385,6.8061309,-30.633434,-0.089607179,-23.103657,-27478.578,-0.064569533,-20.590294
0.50812644,-0.19350523,-0.19717109,-67.493462,5098.9058,5226.1992,3.1072e-05,-0.16637982,6.7973294,-30.691721,-0.090045646,-23.202406,-27443.117,-0.064589374,-20.676336
0.51572877,-0.19342293,-0.19708623,-67.319763,5175.2637,5304.0391,3.1088e-05,-0.16659561,6.7884851,-30.731527,-0.090483539,-23.301207,-27407.484,-0.064964749,-20.762423
0.52332777,-0.19333898,-0.19700012,-67.144508,5251.5894,5381.8457,3.1104e-05,-0.16784872,6.7795982,-30.962687,-0.090920873,-23.400061,-27371.678,-0.06604816,-20.848553
0.53092331,-0.19325423,-0.19691277,-66.967705,5327.8804,5459.6182,3.112e-05,-0.16825563,6.770668,-31.037748,-0.091357626,-23.49897,-27335.699,-0.065842159,-20.934729
0.53851545,-0.19316782,-0.19682416,-66.789368,5404.1387,5537.3564,3.1136e-05,-0.16834195,6.7616954,-31.053671,-0.091793798,-23.597935,-27299.547,-0.066901147,-21.020952
0.54610407,-0.19308065,-0.19673432,-66.609512,5480.3613,5615.0591,3.1152e-05,-0.16890146,6.7526798,-31.156881,-0.092229396,-23.696959,-27263.225,-0.067473374,-21.107224
0.55368918,-0.19299179,-0.19664323,-66.428146,5556.5503,5692.7271,3.1168e-05,-0.16902013,6.7436218,-31.178774,-0.092664406,-23.79604,-27226.729,-0.067421488,-21.193544
0.56127065,-0.19290219,-0.19655091,-66.245293,5632.7021,5770.3584,3.1184e-05,-0.17013761,6.7345209,-31.384912,-0.093098834,-23.895182,-27190.062,-0.068001345,-21.279915
0.56884855,-0.19281088,-0.19645734,-66.060966,5708.8198,5847.9536,3.12e-05,-0.17028865,6.725378,-31.412777,-0.093532681,-23.994385,-27153.225,-0.068602555,-21.366335
0.57642269,-0.19271885,-0.19636254,-65.875175,5784.8994,5925.5117,3.1216e-05,-0.17135064,6.7161922,-31.608677,-0.093965925,-24.093651,-27116.215,-0.069431134,-21.452808
0.58399308,-0.19262511,-0.19626649,-65.687943,5860.9438,6003.0327,3.1232e-05,-0.17190707,6.706964,-31.711319,-0.09439858,-24.19298,-27079.035,-0.069809563,-21.539335
0.59155965,-0.19253065,-0.1961692,-65.499275,5936.9492,6080.5156,3.1248e-05,-0.17198105,6.6976933,-31.724968,-0.094830647,-24.292376,-27041.684,-0.070235297,-21.625917
0.59912241,-0.19243446,-0.19607067,-65.309204,6012.9185,6157.96,3.1264e-05,-0.17223229,6.6883807,-31.771313,-0.095262103,-24.39184,-27004.162,-0.070189521,-21.712555
0.60668123,-0.19233759,-0.19597091,-65.117722,6088.8472,6235.3657,3.128e-05,-0.17321566,6.6790257,-31.952713,-0.095692962,-24.491371,-26966.471,-0.070471816,-21.79925
0.61423612,-0.19223896,-0.19586991,-64.924866,6164.7393,6312.7319,3.1296e-05,-0.17360871,6.6696286,-32.025219,-0.096123219,-24.590973,-26928.609,-0.071195103,-21.886003
0.62178701,-0.19213967,-0.19576766,-64.730637,6240.5903,6390.0581,3.1312e-05,-0.1741605,6.6601892,-32.127007,-0.096552864,-24.690647,-26890.578,-0.071852781,-21.972816
0.62933385,-0.19203858,-0.19566418,-64.535057,6316.4033,6467.3438,3.1328e-05,-0.17480478,6.6507077,-32.245853,-0.096981905,-24.790396,-26852.377,-0.072138123,-22.059692
0.63687664,-0.19193688,-0.19555947,-64.338142,6392.1743,6544.5889,3.1344e-05,-0.17579587,6.6411843,-32.428677,-0.097410329,-24.890219,-26814.006,-0.072779015,-22.146629
0.64441526,-0.19183336,-0.19545352,-64.139915,6467.9062,6621.793,3.136e-05,-0.17552921,6.631619,-32.37949,-0.097838141,-24.99012,-26775.467,-0.073357344,-22.233631
0.65194964,-0.19172926,-0.19534634,-63.94038,6543.5947,6698.9546,3.1376e-05,-0.17605789,6.6220117,-32.477013,-0.098265328,-25.090099,-26736.76,-0.072791226,-22.320698
0.6594798,-0.1916233,-0.19523792,-63.739559,6619.2441,6776.0742,3.1392e-05,-0.17731871,6.6123624,-32.709595,-0.098691903,-25.190159,-26697.883,-0.074166082,-22.407833
0.66700572,-0.19151679,-0.19512826,-63.537468,6694.8491,6853.1514,3.1408e-05,-0.17738807,6.6026716,-32.722389,-0.099117853,-25.290304,-26658.84,-0.074335456,-22.495037
0.67452723,-0.1914084,-0.19501738,-63.334126,6770.4136,6930.1846,3.1424e-05,-0.1782281,6.5929389,-32.877346,-0.099543169,-25.390532,-26619.627,-0.075191505,-22.582312
0.68204439,-0.19129948,-0.19490527,-63.129547,6845.9326,7007.1743,3.144e-05,-0.17911282,6.5831647,-33.04055,-0.099967867,-25.490847,-26580.246,-0.07538835,-22.669659
0.68955708,-0.19118865,-0.19479193,-62.923748,6921.4102,7084.1201,3.1456e-05,-0.17869358,6.573349,-32.963215,-0.10039192,-25.591251,-26540.697,-0.076119266,-22.757078
0.69706535,-0.19107735,-0.19467735,-62.716747,6996.8418,7161.0205,3.1472e-05,-0.17908816,6.5634918,-33.035999,-0.10081536,-25.691746,-26500.982,-0.076821193,-22.844574
0.70456904,-0.19096407,-0.19456154,-62.508556,7072.231,7237.876,3.1488e-05,-0.18038905,6.5535927,-33.275974,-0.10123815,-25.792334,-26461.1,-0.077166051,-22.932148
0.71206814,-0.19085038,-0.19444451,-62.299202,7147.5728,7314.686,3.1504e-05,-0.18092236,6.5436525,-33.374352,-0.1016603,-25.893017,-26421.051,-0.07795953,-23.0198
0.71956265,-0.19073467,-0.19432624,-62.088696,7222.8711,7391.4497,3.152e-05,-0.18141404,6.5336714,-33.46505,-0.10208181,-25.993797,-26380.836,-0.077996157,-23.107534
0.72705245,-0.19061859,-0.19420676,-61.877052,7298.1216,7468.1665,3.1536e-05,-0.18206295,6.5236483,-33.584755,-0.10250267,-26.094679,-26340.455,-0.078824729,-23.195351
0.73453754,-0.19050044,-0.19408603,-61.664295,7373.3276,7544.8364,3.1552e-05,-0.18256542,6.5135846,-33.677444,-0.10292289,-26.195662,-26299.906,-0.079268776,-23.283253
0.74201787,-0.190382,-0.19396409,-61.450439,7448.4844,7621.4585,3.1568e-05,-0.18332222,6.5034795,-33.817047,-0.10334245,-26.296747,-26259.193,-0.079552598,-23.371241
0.74949336,-0.19026139,-0.19384092,-61.2355,7523.5967,7698.0322,3.1584e-05,-0.18345785,6.4933333,-33.842068,-0.10376137,-26.39794,-26218.314,-0.080307931,-23.459318
0.75696397,-0.19014059,-0.19371653,-61.019493,7598.6577,7774.5576,3.16e-05,-0.18451676,6.4831457,-34.037403,-0.10417963,-26.499243,-26177.27,-0.080294199,-23.547487
0.76442969,-0.19001755,-0.19359091,-60.802444,7673.6738,7851.0337,3.1616e-05,-0.18457842,6.4729176,-34.048775,-0.10459723,-26.600657,-26136.061,-0.080214851,-23.635748
0.77189046,-0.18989439,-0.19346407,-60.584366,7748.6377,7927.4604,3.1632e-05,-0.1856142,6.4626489,-34.239845,-0.10501417,-26.702183,-26094.686,-0.081768245,-23.724104
0.77934629,-0.1897689,-0.19333601,-60.365273,7823.5557,8003.8369,3.1648e-05,-0.18583922,6.4523387,-34.281357,-0.10543045,-26.803827,-26053.146,-0.082033753,-23.812557
0.78679699,-0.1896434,-0.19320673,-60.145187,7898.4204,8080.1626,3.1664e-05,-0.1861999,6.441988,-34.347889,-0.10584605,-26.90559,-26011.445,-0.082142092,-23.90111
0.79424262,-0.18951544,-0.19307622,-59.924129,7973.2388,8156.4375,3.168e-05,-0.18689659,6.4315968,-34.476402,-0.106261,-27.007475,-25969.578,-0.08346507,-23.989763
0.80168313,-0.1893876,-0.19294451,-59.70211,8048.0024,8232.6611,3.1696e-05,-0.18766417,6.421165,-34.618,-0.10667527,-27.109484,-25927.547,-0.083426923,-24.07852
0.80911839,-0.18925717,-0.19281156,-59.479153,8122.7188,8308.833,3.1712e-05,-0.18816048,6.4106927,-34.709553,-0.10708886,-27.21162,-25885.354,-0.083869442,-24.167383
0.81654847,-0.18912706,-0.19267741,-59.255272,8197.3789,8384.9512,3.1728e-05,-0.18891883,6.4001794,-34.849442,-0.10750179,-27.313885,-25842.996,-0.084139533,-24.256355
0.8239733,-0.18899414,-0.19254203,-59.030487,8271.9922,8461.0176,3.1744e-05,-0.18953843,6.389626,-34.963741,-0.10791403,-27.416285,-25800.477,-0.084533222,-24.345438
0.83139277,-0.18886173,-0.19240543,-58.804817,8346.5479,8537.0303,3.176e-05,-0.19052027,6.3790321,-35.144859,-0.10832559,-27.518818,-25757.795,-0.085451826,-24.434633
0.83880687,-0.18872629,-0.19226763,-58.578281,8421.0557,8612.9883,3.1776e-05,-0.19076227,6.3683982,-35.189495,-0.10873646,-27.621489,-25714.949,-0.085366376,-24.523943
0.84621561,-0.18859166,-0.1921286,-58.350895,8495.5039,8688.8926,3.1792e-05,-0.19104587,6.3577237,-35.241814,-0.10914665,-27.724302,-25671.943,-0.08584094,-24.613373
0.85361886,-0.18845366,-0.19198836,-58.122677,8569.9043,8764.7422,3.1808e-05,-0.1912709,6.3470097,-35.283325,-0.10955615,-27.827259,-25628.773,-0.087054051,-24.702921
0.86101657,-0.18831687,-0.19184692,-57.893646,8644.2432,8840.5361,3.1824e-05,-0.19202617,6.3362551,-35.422646,-0.10996496,-27.930363,-25585.443,-0.087244786,-24.792593
0.8684088,-0.1881762,-0.19170426,-57.663822,8718.5352,8916.2744,3.184e-05,-0.19264115,6.3254604,-35.536091,-0.11037307,-28.033615,-25541.953,-0.087386698,-24.882391
0.87579542,-0.1880374,-0.19156039,-57.43322,8792.7627,8991.9561,3.1856e-05,-0.19328697,6.3146257,-35.655224,-0.11078049,-28.137022,-25498.301,-0.088975191,-24.972315
0.88317639,-0.1878939,-0.19141531,-57.201859,8866.9453,9067.5811,3.1872e-05,-0.19376633,6.3037515,-35.743652,-0.1111872,-28.240585,-25454.488,-0.089248329,-25.06237
0.89055169,-0.18775332,-0.19126901,-56.969761,8941.0586,9143.1484,3.1888e-05,-0.19430734,6.2928371,-35.843449,-0.11159322,-28.344307,-25410.514,-0.089242227,-25.152559
0.89792126,-0.18760657,-0.19112152,-56.736938,9015.1309,9218.6582,3.1904e-05,-0.19514583,6.2818832,-35.998123,-0.11199853,-28.448191,-25366.381,-0.089906,-25.242884
0.90528512,-0.18746498,-0.19097281,-56.503414,9089.124,9294.1104,3.192e-05,-0.19529071,6.2708898,-36.024853,-0.11240313,-28.552238,-25322.088,-0.090069279,-25.333347
0.91264313,-0.18731345,-0.1908229,-56.269207,9163.0918,9369.5029,3.1936e-05,-0.19587642,6.2598562,-36.132896,-0.11280703,-28.656458,-25277.635,-0.090353101,-25.423952
0.91999525,-0.1871751,-0.19067179,-56.034332,9236.9395,9444.8369,3.1952e-05,-0.19660856,6.2487836,-36.267952,-0.11321021,-28.760847,-25233.021,-0.091427349,-25.5147
0.92734152,-0.18698502,-0.19051947,-55.798809,9310.5869,9520.1113,3.1968e-05,-0.1973931,6.2376714,-36.412674,-0.11361267,-28.865412,-25188.25,-0.091563158,-25.605597
0.93468189,-0.1868186,-0.19036594,-55.562656,9384.3828,9595.3252,3.1984e-05,-0.19771679,6.2265196,-36.472382,-0.11401442,-28.970156,-25143.32,-0.091865294,-25.69664
0.94201624,-0.1866744,-0.19021121,-55.32589,9458.0752,9670.4785,3.2e-05,-0.19912866,6.2153287,-36.732826,-0.11441544,-29.075081,-25098.232,-0.092176579,-25.787838
0.94934452,-0.18651779,-0.19005528,-55.088535,9531.7344,9745.5713,3.2016e-05,-0.19905004,6.2040987,-36.718327,-0.11481575,-29.180191,-25052.984,-0.093142495,-25.87919
0.95666683,-0.18636751,-0.18989815,-54.850601,9605.3125,9820.6016,3.2032e-05,-0.19986387,6.1928291,-36.86845,-0.11521532,-29.28549,-25007.58,-0.09470351,-25.970701
0.96398294,-0.18621039,-0.18973982,-54.612114,9678.8457,9895.5703,3.2048e-05,-0.19998409,6.1815205,-36.890629,-0.11561418,-29.39098,-24962.018,-0.094701983,-26.062374
0.97129297,-0.18605666,-0.18958029,-54.373089,9752.3047,9970.4766,3.2064e-05,-0.20117247,6.1701727,-37.109844,-0.1160123,-29.496666,-24916.299,-0.094480731,-26.154211
0.97859675,-0.18589793,-0.18941957,-54.133545,9825.7119,10045.32,3.208e-05,-0.20181058,6.1587863,-37.227554,-0.11640968,-29.602552,-24870.422,-0.094976656,-26.246214
0.98589432,-0.18574132,-0.18925765,-53.893497,9899.0479,10120.101,3.2096e-05,-0.20166723,6.1473608,-37.201115,-0.11680634,-29.708639,-24824.389,-0.095657215,-26.338388
0.99318558,-0.18558064,-0.18909453,-53.652966,9972.3291,10194.816,3.2112e-05,-0.20281245,6.1358967,-37.412369,-0.11720225,-29.814932,-24778.199,-0.096011229,-26.430735
1.0004705,-0.18542136,-0.18893021,-53.411972,10045.54,10269.468,3.2128e-05,-0.20296042,6.1243935,-37.439663,-0.11759742,-29.921436,-24731.854,-0.096810818,-26.523258
1.0077491,-0.1852586,-0.18876471,-53.170532,10118.693,10344.054,3.2144e-05,-0.20401469,6.1128516,-37.634144,-0.11799186,-30.028152,-24685.352,-0.097914062,-26.615959
1.0150213,-0.18509677,-0.18859801,-52.928665,10191.776,10418.575,3.216e-05,-0.20433684,6.1012716,-37.693569,-0.11838555,-30.135084,-24638.693,-0.098561056,-26.708843
1.022287,-0.18493184,-0.18843013,-52.686386,10264.801,10493.031,3.2176e-05,-0.20491329,6.0896525,-37.799908,-0.11877848,-30.242237,-24591.881,-0.098623618,-26.801914
1.0295463,-0.18476753,-0.18826105,-52.443714,10337.754,10567.42,3.2192e-05,-0.2062373,6.0779953,-38.044144,-0.11917067,-30.349615,-24544.914,-0.09860225,-26.895172
1.036799,-0.18460038,-0.18809077,-52.200668,10410.646,10641.742,3.2208e-05,-0.20621419,6.0662994,-38.039879,-0.1195621,-30.45722,-24497.791,-0.099418625,-26.988623
1.0440451,-0.18443362,-0.18791932,-51.957268,10483.469,10715.998,3.2224e-05,-0.20693246,6.0545654,-38.172375,-0.11995279,-30.565056,-24450.516,-0.10046846,-27.08227
1.0512847,-0.18426426,-0.18774667,-51.713528,10556.229,10790.186,3.224e-05,-0.20778944,6.0427933,-38.330463,-0.12034271,-30.673128,-24403.084,-0.10101932,-27.176113
1.0585175,-0.18409508,-0.18757285,-51.469471,10628.917,10864.305,3.2256e-05,-0.20869574,6.0309825,-38.497646,-0.12073188,-30.781437,-24355.5,-0.10146794,-27.270157
1.0657436,-0.18392345,-0.18739784,-51.225109,10701.542,10938.355,3.2272e-05,-0.20852003,6.019134,-38.465233,-0.12112027,-30.88999,-24307.762,-0.10152287,-27.364407
1.072963,-0.1837519,-0.18722163,-50.980465,10774.096,11012.337,3.2288e-05,-0.20956659,6.0072474,-38.658291,-0.12150791,-30.998789,-24259.871,-0.10271462,-27.458864
1.0801756,-0.183578,-0.18704426,-50.735554,10846.584,11086.249,3.2304e-05,-0.21004286,5.9953232,-38.746147,-0.12189478,-31.10784,-24211.826,-0.10280465,-27.553534
1.0873814,-0.18340407,-0.1868657,-50.490391,10919,11160.092,3.232e-05,-0.2104837,5.9833608,-38.827465,-0.12228087,-31.217142,-24163.629,-0.10302133,-27.648417
1.0945803,-0.18322791,-0.18668595,-50.245003,10991.351,11233.863,3.2336e-05,-0.2111665,5.9713602,-38.953423,-0.1226662,-31.326704,-24115.281,-0.10434278,-27.743517
1.1017723,-0.18305162,-0.18650503,-49.999397,11063.628,11307.563,3.2352e-05,-0.21167052,5.9593225,-39.046398,-0.12305075,-31.436527,-24066.779,-0.10456251,-27.83884
1.1089573,-0.18287317,-0.18632293,-49.753597,11135.838,11381.193,3.2368e-05,-0.21259533,5.947247,-39.216995,-0.12343452,-31.546616,-24018.127,-0.10467849,-27.934385
1.1161354,-0.18269452,-0.18613966,-49.507618,11207.974,11454.75,3.2384e-05,-0.21314867,5.9351339,-39.319069,-0.12381752,-31.656973,-23969.324,-0.1053621,-28.030161
1.1233063,-0.18251382,-0.18595521,-49.261478,11280.042,11528.235,3.24e-05,-0.21365269,5.9229832,-39.412045,-0.12419973,-31.767605,-23920.369,-0.10548723,-28.126165
1.1304702,-0.18233283,-0.18576957,-49.015198,11352.036,11601.647,3.2416e-05,-0.21396866,5.9107952,-39.470329,-0.12458116,-31.878513,-23871.264,-0.10654011,-28.222404
1.137627,-0.18214986,-0.18558279,-48.768787,11423.96,11674.986,3.2432e-05,-0.21523257,5.8985701,-39.70348,-0.1249618,-31.989702,-23822.008,-0.10612812,-28.318882
1.1447766,-0.18196654,-0.18539481,-48.52227,11495.81,11748.252,3.2448e-05,-0.2155624,5.8863072,-39.764324,-0.12534165,-32.101177,-23772.602,-0.10724051,-28.415602
1.151919,-0.18178128,-0.18520567,-48.275658,11567.588,11821.442,3.2464e-05,-0.21592309,5.8740077,-39.830856,-0.12572071,-32.21294,-23723.045,-0.10799585,-28.512564
1.1590542,-0.18159564,-0.18501535,-48.028973,11639.291,11894.559,3.248e-05,-0.2164903,5.8616705,-39.93549,-0.12609898,-32.324997,-23673.34,-0.10874508,-28.609776
1.166182,-0.18140812,-0.18482387,-47.78223,11710.922,11967.6,3.2496e-05,-0.21747676,5.8492966,-40.117458,-0.12647644,-32.437351,-23623.484,-0.10945158,-28.707237
1.1733025,-0.18122016,-0.18463123,-47.535446,11782.478,12040.565,3.2512e-05,-0.21824896,5.8368859,-40.259907,-0.12685311,-32.550003,-23573.482,-0.10974608,-28.804955
1.1804157,-0.18103036,-0.18443741,-47.288639,11853.959,12113.455,3.2528e-05,-0.21874835,5.8244381,-40.352028,-0.12722898,-32.66296,-23523.33,-0.11002075,-28.902931
1.1875215,-0.18084009,-0.18424243,-47.041821,11925.364,12186.268,3.2544e-05,-0.21919997,5.8119535,-40.435337,-0.12760404,-32.776226,-23473.029,-0.11097445,-29.001167
1.1946197,-0.18064803,-0.18404628,-46.795013,11996.695,12259.004,3.256e-05,-0.21999222,5.7994323,-40.581482,-0.12797831,-32.889805,-23422.582,-0.1112125,-29.09967
1.2017105,-0.18045546,-0.18384898,-46.548233,12067.948,12331.662,3.2576e-05,-0.22041146,5.7868748,-40.658817,-0.12835175,-33.0037,-23371.986,-0.1122898,-29.198441
1.2087936,-0.18026114,-0.18365051,-46.301491,12139.127,12404.243,3.2592e-05,-0.22114514,5.7742801,-40.794159,-0.1287244,-33.117916,-23321.242,-0.11276589,-29.297483
1.2158693,-0.18006627,-0.18345088,-46.05481,12210.227,12476.745,3.2608e-05,-0.22166303,5.7616491,-40.889694,-0.12909622,-33.232456,-23270.354,-0.11293527,-29.396799
1.2229373,-0.17986968,-0.18325008,-45.808201,12281.25,12549.169,3.2624e-05,-0.22251692,5.748982,-41.047211,-0.12946723,-33.347324,-23219.316,-0.11419416,-29.496397
1.2299976,-0.17967254,-0.18304814,-45.56168,12352.194,12621.513,3.264e-05,-0.2235003,5.7362785,-41.228611,-0.12983742,-33.462524,-23168.133,-0.11368908,-29.596273
1.2370502,-0.17947368,-0.18284504,-45.315269,12423.062,12693.777,3.2656e-05,-0.22392109,5.7235384,-41.306232,-0.13020679,-33.57806,-23116.805,-0.11440627,-29.696438
1.2440951,-0.17927426,-0.18264079,-45.068977,12493.849,12765.962,3.2672e-05,-0.2244174,5.7107625,-41.397785,-0.13057536,-33.693935,-23065.33,-0.11464736,-29.79689
1.2511321,-0.17907315,-0.18243538,-44.822826,12564.558,12838.065,3.2688e-05,-0.22521272,5.6979508,-41.544498,-0.13094307,-33.810154,-23013.711,-0.11575366,-29.897635
1.2581613,-0.17887144,-0.18222882,-44.576824,12635.186,12910.088,3.2704e-05,-0.22615294,5.6851025,-41.717937,-0.13130997,-33.92672,-22961.945,-0.11605731,-29.998676
1.2651826,-0.1786681,-0.18202111,-44.330994,12705.735,12982.029,3.272e-05,-0.22675098,5.6722188,-41.828259,-0.13167605,-34.043636,-22910.037,-0.11685842,-30.100014
1.2721959,-0.17846411,-0.18181224,-44.08535,12776.202,13053.888,3.2736e-05,-0.22654599,5.6592989,-41.790443,-0.13204129,-34.160912,-22857.982,-0.1178518,-30.201656
1.2792014,-0.17825852,-0.18160224,-43.839901,12846.59,13125.665,3.2752e-05,-0.22765112,5.6463432,-41.994305,-0.13240568,-34.278542,-22805.785,-0.11760765,-30.303604
1.2861989,-0.17805228,-0.18139108,-43.594669,12916.895,13197.358,3.2768e-05,-0.22856206,5.6333523,-42.162342,-0.13276926,-34.396538,-22753.443,-0.11880398,-30.405859
1.2931881,-0.17784443,-0.18117878,-43.349667,12987.119,13268.969,3.2784e-05,-0.2293466,5.6203256,-42.307064,-0.13313198,-34.5149,-22700.957,-0.11943571,-30.508429
1.3001693,-0.17763594,-0.18096532,-43.104908,13057.26,13340.495,3.28e-05,-0.22968107,5.6072631,-42.368763,-0.13349387,-34.633629,-22648.33,-0.11933195,-30.611313
1.3071425,-0.17742586,-0.18075073,-42.860409,13127.318,13411.938,3.2816e-05,-0.23026678,5.5941653,-42.476807,-0.13385493,-34.752735,-22595.559,-0.12099674,-30.714516
1.3141074,-0.17721511,-0.180535,-42.616184,13197.293,13483.295,3.2832e-05,-0.23108061,5.5810323,-42.626934,-0.13421512,-34.872219,-22542.646,-0.12156896,-30.818041
1.321064,-0.1770028,-0.18031813,-42.372246,13267.185,13554.567,3.2848e-05,-0.23110372,5.5678644,-42.631199,-0.13457447,-34.992085,-22489.592,-0.12144383,-30.921892
1.3280125,-0.17678981,-0.18010011,-42.128613,13336.991,13625.754,3.2864e-05,-0.23240153,5.5546608,-42.870602,-0.13493298,-35.112335,-22436.395,-0.12246773,-31.026072
1.3349526,-0.17657527,-0.17988096,-41.885296,13406.714,13696.854,3.288e-05,-0.23288089,5.5414224,-42.959026,-0.13529062,-35.232975,-22383.057,-0.12282937,-31.130585
1.3418843,-0.17636004,-0.17966068,-41.642311,13476.352,13767.869,3.2896e-05,-0.23335254,5.5281487,-43.046032,-0.13564742,-35.354008,-22329.578,-0.1230308,-31.235432
1.3488076,-0.17614329,-0.17943926,-41.39967,13545.903,13838.796,3.2912e-05,-0.23445922,5.5148401,-43.250179,-0.13600336,-35.475437,-22275.957,-0.12393719,-31.340616
1.3557224,-0.17592581,-0.17921671,-41.157387,13615.369,13909.636,3.2928e-05,-0.23501256,5.5014973,-43.352253,-0.13635844,-35.597267,-22222.197,-0.12414166,-31.446142
1.3626288,-0.17570683,-0.17899302,-40.915478,13684.749,13980.388,3.2944e-05,-0.23552275,5.4881191,-43.446365,-0.13671266,-35.719498,-22168.297,-0.12490615,-31.552013
1.3695267,-0.17548715,-0.1787682,-40.67395,13754.042,14051.052,3.296e-05,-0.23637819,5.4747062,-43.604168,-0.13706601,-35.842136,-22114.258,-0.12474288,-31.658234
1.376416,-0.17526595,-0.17854226,-40.432827,13823.248,14121.626,3.2976e-05,-0.23677278,5.4612589,-43.676956,-0.13741849,-35.965183,-22060.078,-0.12694174,-31.764803
1.3832967,-0.17504403,-0.17831518,-40.192116,13892.365,14192.112,3.2992e-05,-0.23774227,5.4477773,-43.855797,-0.13777012,-36.088646,-22005.76,-0.12690511,-31.871727
1.3901687,-0.17482065,-0.17808698,-39.951828,13961.396,14262.508,3.3008e-05,-0.2386902,5.4342613,-44.030659,-0.13812087,-36.212524,-21951.303,-0.12793511,-31.979006
1.397032,-0.1745965,-0.17785765,-39.711983,14030.337,14332.813,3.3024e-05,-0.23914334,5.4207106,-44.11425,-0.13847075,-36.336823,-21896.709,-0.12811212,-32.086647
1.4038866,-0.17437091,-0.17762721,-39.472584,14099.189,14403.029,3.304e-05,-0.23988935,5.4071259,-44.251865,-0.13881975,-36.461548,-21841.975,-0.1288522,-32.194649
1.4107323,-0.17414457,-0.17739564,-39.23365,14167.952,14473.153,3.3056e-05,-0.24014676,5.393507,-44.299347,-0.13916788,-36.586697,-21787.105,-0.12928556,-32.303017
1.4175693,-0.17391677,-0.17716295,-38.995197,14236.626,14543.187,3.3072e-05,-0.24130431,5.3798542,-44.512878,-0.13951513,-36.712276,-21732.098,-0.12948394,-32.411755
1.4243972,-0.17368822,-0.17692913,-38.757229,14305.208,14613.128,3.3088e-05,-0.24203181,5.3661671,-44.647079,-0.13986149,-36.838291,-21676.951,-0.13040559,-32.520863
1.4312164,-0.17345823,-0.17669421,-38.519764,14373.7,14682.977,3.3104e-05,-0.24294737,5.3524466,-44.815971,-0.14020698,-36.964741,-21621.67,-0.13034303,-32.630348
1.4380265,-0.17322749,-0.17645817,-38.28281,14442.101,14752.732,3.312e-05,-0.24346064,5.3386917,-44.910652,-0.14055157,-37.091633,-21566.254,-0.13146153,-32.740208
1.4448277,-0.17299531,-0.17622101,-38.046379,14510.411,14822.396,3.3136e-05,-0.24422053,5.3249035,-45.050823,-0.14089528,-37.218964,-21510.699,-0.13243812,-32.850445
1.4516197,-0.17276238,-0.17598273,-37.810486,14578.628,14891.965,3.3152e-05,-0.24495728,5.3110814,-45.186733,-0.14123811,-37.346745,-21455.012,-0.13287912,-32.961067
1.4584028,-0.17252803,-0.17574336,-37.575142,14646.753,14961.439,3.3168e-05,-0.24537036,5.297226,-45.262932,-0.14158003,-37.474972,-21399.188,-0.13357341,-33.072075
1.4651767,-0.1722929,-0.17550287,-37.340359,14714.784,15030.82,3.3184e-05,-0.24589442,5.2833366,-45.359604,-0.14192106,-37.603649,-21343.229,-0.1332957,-33.183468
1.4719414,-0.17205638,-0.17526126,-37.106144,14782.724,15100.106,3.32e-05,-0.24658494,5.2694144,-45.486984,-0.14226121,-37.73278,-21287.135,-0.1345088,-33.295254
1.4786967,-0.17181908,-0.17501855,-36.872509,14850.568,15169.297,3.3216e-05,-0.24780567,5.2554588,-45.71217,-0.14260045,-37.862373,-21230.906,-0.13501084,-33.407433
1.4854429,-0.17158037,-0.17477474,-36.639469,14918.319,15238.392,3.3232e-05,-0.24851315,5.2414699,-45.842674,-0.14293878,-37.99242,-21174.547,-0.13605915,-33.520004
1.4921798,-0.1713409,-0.17452982,-36.407032,14985.976,15307.39,3.3248e-05,-0.24882604,5.227448,-45.900394,-0.14327621,-38.122932,-21118.051,-0.13612781,-33.632973
1.4989073,-0.17110005,-0.1742838,-36.175209,15053.537,15376.291,3.3264e-05,-0.24969228,5.2133932,-46.060188,-0.14361274,-38.25391,-21061.424,-0.13675955,-33.746342
1.5056254,-0.1708584,-0.17403667,-35.944008,15121.002,15445.096,3.328e-05,-0.25049376,5.1993051,-46.208038,-0.14394836,-38.385357,-21004.664,-0.13805658,-33.860115
1.512334,-0.17061539,-0.17378846,-35.713444,15188.372,15513.803,3.3296e-05,-0.25100702,5.1851845,-46.302719,-0.14428309,-38.517269,-20947.771,-0.13830531,-33.974289
1.5190332,-0.17037159,-0.17353913,-35.483521,15255.646,15582.411,3.3312e-05,-0.25169602,5.171031,-46.429813,-0.14461689,-38.649658,-20890.746,-0.13960998,-34.088875
1.5257227,-0.17012642,-0.17328872,-35.254253,15322.823,15650.922,3.3328e-05,-0.25334987,5.1568446,-46.734894,-0.14494976,-38.78252,-20833.59,-0.1396817,-34.203865
1.5324029,-0.16988046,-0.17303722,-35.02565,15389.902,15719.334,3.3344e-05,-0.25355023,5.1426258,-46.771858,-0.14528175,-38.915859,-20776.303,-0.13962218,-34.319267
1.5390732,-0.16963315,-0.17278461,-34.797718,15456.885,15787.646,3.336e-05,-0.25399107,5.1283751,-46.853176,-0.14561281,-39.049679,-20718.885,-0.14088871,-34.435081
1.545734,-0.16938505,-0.17253092,-34.570469,15523.769,15855.858,3.3376e-05,-0.25456443,5.1140914,-46.958946,-0.14594294,-39.183979,-20661.336,-0.1412656,-34.551311
1.5523851,-0.1691356,-0.17227612,-34.343914,15590.555,15923.971,3.3392e-05,-0.25544608,5.0997753,-47.121582,-0.14627215,-39.318764,-20603.656,-0.14193854,-34.667961
1.5590264,-0.16888535,-0.17202026,-34.118057,15657.241,15991.983,3.3408e-05,-0.25623679,5.0854273,-47.267441,-0.14660044,-39.454029,-20545.848,-0.14279763,-34.785027
1.5656579,-0.16863377,-0.1717633,-33.89291,15723.829,16059.894,3.3424e-05,-0.25702906,5.0710468,-47.413586,-0.1469278,-39.589787,-20487.91,-0.14299905,-34.902512
1.5722796,-0.16838139,-0.17150526,-33.66848,15790.316,16127.703,3.344e-05,-0.25769645,5.0566349,-47.536697,-0.14725424,-39.726032,-20429.844,-0.1451506,-35.02042
1.5788914,-0.16812769,-0.17124613,-33.444778,15856.705,16195.411,3.3456e-05,-0.25842088,5.0421906,-47.670334,-0.14757974,-39.86277,-20371.646,-0.14479965,-35.138752
1.5854932,-0.16787317,-0.17098592,-33.221813,15922.992,16263.016,3.3472e-05,-0.25870448,5.0277143,-47.722649,-0.14790432,-39.999996,-20313.322,-0.14544816,-35.257507
1.5920851,-0.16761734,-0.17072463,-32.999588,15989.179,16330.519,3.3488e-05,-0.26013947,5.0132065,-47.987358,-0.14822796,-40.137722,-20254.871,-0.14652394,-35.37669
1.598667,-0.16736071,-0.17046227,-32.778114,16055.264,16397.918,3.3504e-05,-0.26058644,4.9986672,-48.069813,-0.14855066,-40.27594,-20196.291,-0.1465041,-35.496304
1.6052388,-0.16710277,-0.17019883,-32.5574,16121.247,16465.213,3.352e-05,-0.26185498,4.9840961,-48.303814,-0.14887244,-40.414654,-20137.584,-0.14664143,-35.616344
1.6118006,-0.16684401,-0.1699343,-32.337452,16187.128,16532.406,3.3536e-05,-0.26226652,4.9694934,-48.37973,-0.14919326,-40.553871,-20078.75,-0.14837337,-35.736816
1.6183521,-0.16658397,-0.16966872,-32.118275,16252.906,16599.492,3.3552e-05,-0.26280597,4.9548597,-48.479244,-0.14951314,-40.693584,-20019.791,-0.14834285,-35.857719
1.6248935,-0.16632311,-0.16940205,-31.899881,16318.582,16666.475,3.3568e-05,-0.26300481,4.9401946,-48.515923,-0.14983207,-40.833797,-19960.703,-0.14970702,-35.979057
1.6314247,-0.16606097,-0.16913432,-31.682276,16384.154,16733.354,3.3584e-05,-0.26441821,4.925498,-48.776649,-0.15015006,-40.974514,-19901.492,-0.14944151,-36.10083
1.6379455,-0.16579799,-0.16886552,-31.465464,16449.621,16800.125,3.36e-05,-0.26563281,4.9107704,-49.000702,-0.15046711,-41.115734,-19842.154,-0.1494934,-36.223038
1.6444561,-0.16553377,-0.16859564,-31.249453,16514.986,16866.789,3.3616e-05,-0.26583162,4.8960118,-49.03738,-0.1507832,-41.257458,-19782.691,-0.15083316,-36.34568
1.6509564,-0.1652687,-0.16832471,-31.03425,16580.244,16933.348,3.3632e-05,-0.26676413,4.8812222,-49.209396,-0.15109834,-41.399685,-19723.105,-0.15185095,-36.468761
1.6574463,-0.16500238,-0.16805272,-30.819862,16645.398,16999.801,3.3648e-05,-0.26738685,4.8664021,-49.324265,-0.15141253,-41.542419,-19663.395,-0.15291604,-36.592278
1.6639256,-0.16473523,-0.16777965,-30.606295,16710.447,17066.145,3.3664e-05,-0.26839951,4.8515511,-49.511066,-0.15172575,-41.685658,-19603.559,-0.15319835,-36.716236
1.6703945,-0.16446681,-0.16750553,-30.393553,16775.391,17132.383,3.368e-05,-0.26954627,4.8366694,-49.722607,-0.15203802,-41.829403,-19543.602,-0.15375225,-36.840633
1.6768529,-0.16419758,-0.16723037,-30.181643,16840.227,17198.51,3.3696e-05,-0.26947999,4.8217573,-49.710381,-0.15234934,-41.973652,-19483.52,-0.15461287,-36.965466
1.6833007,-0.16392711,-0.16695413,-29.97057,16904.957,17264.531,3.3712e-05,-0.27066681,4.8068142,-49.929314,-0.15265968,-42.118412,-19423.314,-0.15528733,-37.090744
1.6897379,-0.1636558,-0.16667685,-29.760342,16969.578,17330.441,3.3728e-05,-0.27089491,4.7918415,-49.971394,-0.15296908,-42.26368,-19362.988,-0.15619068,-37.216457
1.6961645,-0.16338325,-0.1663985,-29.550961,17034.094,17396.242,3.3744e-05,-0.27199697,4.7768378,-50.17469,-0.15327749,-42.409451,-19302.539,-0.15712301,-37.342613
1.7025803,-0.16310987,-0.16611911,-29.342434,17098.502,17461.934,3.376e-05,-0.27237153,4.7618046,-50.243778,-0.15358494,-42.555733,-19241.969,-0.15728477,-37.469212
1.7089854,-0.16283527,-0.16583867,-29.134766,17162.801,17527.516,3.3776e-05,-0.27329016,4.7467408,-50.413239,-0.15389143,-42.702522,-19181.279,-0.15798365,-37.596249
1.7153798,-0.16255984,-0.16555718,-28.927959,17226.99,17592.986,3.3792e-05,-0.27454945,4.7316475,-50.645535,-0.15419693,-42.849815,-19120.467,-0.1584994,-37.723728
1.7217633,-0.16228317,-0.16527465,-28.722021,17291.07,17658.346,3.3808e-05,-0.27542031,4.7165241,-50.806179,-0.15450147,-42.997616,-19059.533,-0.15981628,-37.851646
1.7281359,-0.16200568,-0.16499107,-28.516956,17355.041,17723.594,3.3824e-05,-0.27637902,4.7013707,-50.983032,-0.15480502,-43.145924,-18998.48,-0.1600467,-37.980007
1.7344977,-0.16172697,-0.16470645,-28.312767,17418.902,17788.729,3.384e-05,-0.27686298,4.6861877,-51.072311,-0.1551076,-43.294739,-18937.309,-0.16072267,-38.108807
1.7408484,-0.16144744,-0.1644208,-28.109457,17482.654,17853.752,3.3856e-05,-0.27753657,4.6709752,-51.19656,-0.1554092,-43.444057,-18876.018,-0.16150396,-38.238045
1.7471883,-0.16116668,-0.1641341,-27.907032,17546.293,17918.662,3.3872e-05,-0.27854306,4.6557331,-51.382229,-0.15570982,-43.59388,-18814.607,-0.1627308,-38.367725
1.753517,-0.1608851,-0.16384636,-27.705494,17609.822,17983.461,3.3888e-05,-0.27951717,4.6404619,-51.56192,-0.15600947,-43.744205,-18753.078,-0.16329996,-38.497841
1.7598348,-0.16060232,-0.16355759,-27.504847,17673.24,18048.145,3.3904e-05,-0.28067011,4.6251612,-51.774597,-0.15630811,-43.895035,-18691.432,-0.16339305,-38.628399
1.7661413,-0.16031872,-0.16326778,-27.305096,17736.545,18112.715,3.392e-05,-0.28107086,4.6098309,-51.848522,-0.15660577,-44.046364,-18629.668,-0.16413465,-38.759388
1.7724367,-0.1600339,-0.16297695,-27.106241,17799.738,18177.17,3.3936e-05,-0.28203264,4.5944719,-52.025944,-0.15690245,-44.198196,-18567.785,-0.16506241,-38.89082
1.778721,-0.15974827,-0.16268508,-26.908287,17862.818,18241.51,3.3952e-05,-0.28271392,4.5790839,-52.151615,-0.15719813,-44.350525,-18505.787,-0.16597492,-39.022682
1.784994,-0.15946144,-0.1623922,-26.711237,17925.785,18305.736,3.3968e-05,-0.28315628,4.5636668,-52.233219,-0.15749282,-44.503349,-18443.672,-0.16656393,-39.15498
1.7912557,-0.15917379,-0.16209827,-26.515095,17988.637,18369.846,3.3984e-05,-0.28393775,4.5482211,-52.377373,-0.15778652,-44.65667,-18381.439,-0.16693167,-39.287712
1.7975061,-0.15888494,-0.16180333,-26.319859,18051.377,18433.84,3.4e-05,-0.28500125,4.5327463,-52.573559,-0.15807921,-44.810486,-18319.092,-0.16815698,-39.420872
1.8037452,-0.15859528,-0.16150737,-26.125534,18114.002,18497.717,3.4016e-05,-0.28609869,4.5172434,-52.776001,-0.15837091,-44.96479,-18256.629,-0.16827144,-39.554466
1.8099728,-0.15830444,-0.16121039,-25.932123,18176.512,18561.479,3.4032e-05,-0.28660733,4.5017114,-52.869827,-0.1586616,-45.119591,-18194.053,-0.16910611,-39.688488
1.8161889,-0.15801278,-0.16091238,-25.739628,18238.906,18625.121,3.4048e-05,-0.28725624,4.4861512,-52.989529,-0.15895131,-45.274876,-18131.359,-0.17016053,-39.822937
1.8223937,-0.15771993,-0.16061337,-25.548048,18301.186,18688.646,3.4064e-05,-0.28786969,4.4705629,-53.102692,-0.15924001,-45.430645,-18068.555,-0.17051759,-39.957809
1.8285868,-0.15742627,-0.16031334,-25.357388,18363.35,18752.055,3.408e-05,-0.28908119,4.454946,-53.326172,-0.15952769,-45.586899,-18005.635,-0.17209083,-40.093105
1.8347685,-0.15713143,-0.16001229,-25.167646,18425.396,18815.344,3.4096e-05,-0.29016784,4.439301,-53.526623,-0.15981437,-45.743633,-17942.6,-0.17184973,-40.228825
1.8409384,-0.15683578,-0.15971023,-24.978827,18487.326,18878.514,3.4112e-05,-0.29082906,4.4236283,-53.648602,-0.16010004,-45.900848,-17879.455,-0.1723136,-40.364964
1.8470969,-0.15653896,-0.15940717,-24.790928,18549.141,18941.564,3.4128e-05,-0.29166138,4.4079275,-53.802139,-0.1603847,-46.058537,-17816.195,-0.17370373,-40.501518
1.8532436,-0.15624134,-0.1591031,-24.603954,18610.836,19004.496,3.4144e-05,-0.29245827,4.3921986,-53.949135,-0.16066834,-46.216702,-17752.824,-0.17355724,-40.638489
1.8593786,-0.15594254,-0.15879802,-24.417904,18672.414,19067.309,3.416e-05,-0.29384392,4.376442,-54.204746,-0.16095097,-46.375332,-17689.342,-0.17483443,-40.775875
1.8655018,-0.15564294,-0.15849194,-24.232779,18733.873,19129.998,3.4176e-05,-0.29450977,4.3606582,-54.327576,-0.16123259,-46.534431,-17625.746,-0.17585528,-40.913666
1.8716131,-0.15534219,-0.15818486,-24.048578,18795.213,19192.568,3.4192e-05,-0.29519415,4.3448462,-54.453815,-0.16151319,-46.693993,-17562.041,-0.17657705,-41.051868
1.8777127,-0.15504062,-0.15787677,-23.865305,18856.436,19255.018,3.4208e-05,-0.29611433,4.3290071,-54.623558,-0.16179277,-46.854015,-17498.227,-0.17773217,-41.190475
1.8838004,-0.1547379,-0.15756769,-23.682957,18917.537,19317.346,3.4224e-05,-0.29676938,4.3131409,-54.7444,-0.16207132,-47.014496,-17434.301,-0.17778711,-41.329483
1.8898761,-0.15443437,-0.15725763,-23.501534,18978.52,19379.551,3.424e-05,-0.29760632,4.2972474,-54.898788,-0.16234885,-47.17543,-17370.264,-0.1788522,-41.468887
1.8959399,-0.1541297,-0.15694655,-23.321037,19039.383,19441.633,3.4256e-05,-0.29862052,4.2813263,-55.085876,-0.16262536,-47.336811,-17306.119,-0.17885678,-41.608692
1.9019917,-0.15382423,-0.15663449,-23.141464,19100.123,19503.594,3.4272e-05,-0.29944977,4.2653785,-55.238842,-0.16290084,-47.498638,-17241.865,-0.18032929,-41.748886
1.9080316,-0.15351762,-0.15632145,-22.962818,19160.744,19565.43,3.4288e-05,-0.30019733,4.249404,-55.376743,-0.16317528,-47.660904,-17177.502,-0.18102054,-41.889469
1.9140592,-0.15321019,-0.15600742,-22.785097,19221.242,19627.143,3.4304e-05,-0.30101115,4.2334023,-55.526867,-0.16344871,-47.823608,-17113.031,-0.18179724,-42.030441
1.9200748,-0.15290163,-0.1556924,-22.608297,19281.621,19688.732,3.432e-05,-0.30201918,4.2173738,-55.712818,-0.16372108,-47.986748,-17048.453,-0.18269753,-42.171795
1.9260782,-0.15259229,-0.1553764,-22.432423,19341.875,19750.197,3.4336e-05,-0.30286846,4.2013187,-55.869484,-0.16399243,-48.150314,-16983.768,-0.18336436,-42.313526
1.9320694,-0.15228181,-0.15505941,-22.257469,19402.008,19811.537,3.4352e-05,-0.3036792,4.1852374,-56.019039,-0.16426276,-48.314304,-16918.975,-0.18428601,-42.455631
1.9380484,-0.15197052,-0.15474145,-22.083435,19462.018,19872.752,3.4368e-05,-0.30491382,4.1691294,-56.246784,-0.16453204,-48.478714,-16854.076,-0.18485671,-42.598106
1.944015,-0.15165812,-0.15442251,-21.910322,19521.904,19933.842,3.4384e-05,-0.30490765,4.1529946,-56.245647,-0.16480027,-48.643536,-16789.07,-0.185168,-42.740952
1.9499694,-0.15134493,-0.15410259,-21.738127,19581.666,19994.807,3.44e-05,-0.3066617,4.1368341,-56.56921,-0.16506746,-48.808769,-16723.959,-0.18634906,-42.884159
1.9559115,-0.1510306,-0.1537817,-21.566847,19641.305,20055.643,3.4416e-05,-0.30762041,4.1206474,-56.746063,-0.16533363,-48.974403,-16658.742,-0.18674123,-43.027725
1.9618411,-0.15071549,-0.15345983,-21.396482,19700.82,20116.354,3.4432e-05,-0.30845428,4.104435,-56.899883,-0.16559874,-49.140438,-16593.422,-0.18745995,-43.171642
1.9677583,-0.15039927,-0.15313701,-21.22703,19760.209,20176.938,3.4448e-05,-0.30903843,4.0881963,-57.007645,-0.1658628,-49.30687,-16527.996,-0.18839228,-43.315914
1.9736631,-0.15008226,-0.15281321,-21.058489,19819.473,20237.393,3.4464e-05,-0.30976748,4.0719318,-57.142132,-0.16612582,-49.473682,-16462.467,-0.18898739,-43.460526
1.9795554,-0.14976414,-0.15248844,-20.890856,19878.611,20297.721,3.448e-05,-0.3098723,4.0556417,-57.161465,-0.1663878,-49.640881,-16396.832,-0.18984802,-43.60548
1.985435,-0.14944522,-0.15216272,-20.724129,19937.625,20357.922,3.4496e-05,-0.31143829,4.0393257,-57.450344,-0.1666487,-49.808456,-16331.097,-0.19072847,-43.750771
1.9913021,-0.14912522,-0.15183602,-20.558308,19996.512,20417.992,3.4512e-05,-0.31192073,4.0229845,-57.539337,-0.16690858,-49.976398,-16265.257,-0.19145024,-43.896389
1.9971567,-0.14880443,-0.15150838,-20.393385,20055.271,20477.936,3.4528e-05,-0.31331566,4.006618,-57.796654,-0.16716738,-50.144707,-16199.315,-0.19293649,-44.042332
2.0029986,-0.14848253,-0.15117978,-20.229362,20113.904,20537.748,3.4544e-05,-0.31392756,3.9902258,-57.909531,-0.16742514,-50.313374,-16133.271,-0.19370708,-44.188599
2.0088277,-0.14815985,-0.15085022,-20.066236,20172.41,20597.432,3.456e-05,-0.31552747,3.9738085,-58.204662,-0.16768183,-50.482391,-16067.127,-0.1936491,-44.335178
2.0146441,-0.14783609,-0.15051971,-19.904003,20230.787,20656.984,3.4576e-05,-0.31564462,3.9573662,-58.226273,-0.16793747,-50.651752,-16000.88,-0.19424574,-44.482063
2.0204477,-0.14751154,-0.15018825,-19.742661,20289.037,20716.408,3.4592e-05,-0.3164677,3.9408989,-58.378101,-0.16819204,-50.821453,-15934.533,-0.19618213,-44.629257
2.0262387,-0.14718592,-0.14985584,-19.582203,20347.158,20775.699,3.4608e-05,-0.31804603,3.9244068,-58.669254,-0.16844557,-50.991486,-15868.086,-0.19636677,-44.776745
2.0320165,-0.14685951,-0.14952248,-19.42263,20405.15,20834.861,3.4624e-05,-0.31877816,3.9078896,-58.80431,-0.16869801,-51.161839,-15801.539,-0.1966155,-44.924526
2.0377817,-0.14653203,-0.14918818,-19.263937,20463.012,20893.891,3.464e-05,-0.31926677,3.8913479,-58.89444,-0.1689494,-51.332512,-15734.893,-0.19754326,-45.07259
2.0435338,-0.14620376,-0.14885293,-19.106121,20520.746,20952.787,3.4656e-05,-0.32037961,3.8747816,-59.099728,-0.16919972,-51.503494,-15668.146,-0.19881588,-45.220936
2.049273,-0.14587443,-0.14851674,-18.949177,20578.35,21011.553,3.4672e-05,-0.32132137,3.858191,-59.273449,-0.16944897,-51.674782,-15601.303,-0.19972838,-45.369556
2.0549994,-0.14554431,-0.14817962,-18.793104,20635.822,21070.184,3.4688e-05,-0.32274404,3.8415759,-59.535885,-0.16969715,-51.846359,-15534.36,-0.20016328,-45.51844
2.0607126,-0.14521314,-0.14784156,-18.637896,20693.164,21128.684,3.4704e-05,-0.32400483,3.8249364,-59.768463,-0.16994426,-52.018227,-15467.319,-0.20185553,-45.667587
2.0664127,-0.14488119,-0.14750257,-18.483549,20750.375,21187.049,3.472e-05,-0.3242684,3.8082728,-59.817085,-0.17019029,-52.190372,-15400.183,-0.20231482,-45.81699
2.0720997,-0.14454819,-0.14716265,-18.330059,20807.455,21245.279,3.4736e-05,-0.32555234,3.7915852,-60.053928,-0.17043525,-52.362793,-15332.947,-0.2024598,-45.966637
2.0777736,-0.14421441,-0.1468218,-18.177423,20864.402,21303.377,3.4752e-05,-0.32630453,3.7748737,-60.19268,-0.17067914,-52.535473,-15265.617,-0.20323038,-46.116524
2.0834343,-0.14387958,-0.14648001,-18.025635,20921.219,21361.34,3.4768e-05,-0.32723856,3.7581384,-60.364983,-0.17092194,-52.708408,-15198.189,-0.20318614,-46.266644
2.0890818,-0.14354397,-0.1461373,-17.874693,20977.902,21419.168,3.4784e-05,-0.32753143,3.7413793,-60.419006,-0.17116366,-52.881592,-15130.667,-0.20442671,-46.416988
2.0947161,-0.14320734,-0.14579368,-17.72459,21034.451,21476.861,3.48e-05,-0.32940108,3.7245965,-60.763893,-0.1714043,-53.055012,-15063.049,-0.20619525,-46.567554
2.1003368,-0.14286992,-0.14544912,-17.575323,21090.869,21534.418,3.4816e-05,-0.33031201,3.7077901,-60.931931,-0.17164387,-53.228664,-14995.337,-0.20693381,-46.71833
2.1059444,-0.14253147,-0.14510365,-17.426888,21147.152,21591.84,3.4832e-05,-0.33071429,3.6909604,-61.006142,-0.17188235,-53.402534,-14927.529,-0.20703146,-46.869312
2.1115386,-0.14219226,-0.14475727,-17.279278,21203.303,21649.123,3.4848e-05,-0.33091468,3.6741076,-61.043102,-0.17211974,-53.576618,-14859.629,-0.20812403,-47.020489
2.1171196,-0.14185201,-0.14440997,-17.13249,21259.318,21706.271,3.4864e-05,-0.33236662,3.6572313,-61.31094,-0.17235604,-53.750904,-14791.634,-0.20853603,-47.171856
2.1226869,-0.14151099,-0.14406176,-16.986517,21315.197,21763.283,3.488e-05,-0.33362743,3.640332,-61.543518,-0.17259125,-53.925381,-14723.547,-0.20960112,-47.323402
2.1282408,-0.14116897,-0.14371262,-16.841356,21370.943,21820.156,3.4896e-05,-0.33470482,3.6234097,-61.742264,-0.17282538,-54.100044,-14655.366,-0.21023133,-47.475121
2.1337812,-0.14082617,-0.1433626,-16.697002,21426.555,21876.891,3.4912e-05,-0.33520728,3.6064644,-61.834957,-0.17305842,-54.274879,-14587.094,-0.21115452,-47.627007
2.1393082,-0.14048235,-0.14301166,-16.55345,21482.029,21933.488,3.4928e-05,-0.33670393,3.5894964,-62.111038,-0.17329036,-54.449883,-14518.729,-0.21189612,-47.779049
2.1448214,-0.14013778,-0.14265983,-16.410692,21537.367,21989.947,3.4944e-05,-0.33753008,3.5725057,-62.263435,-0.17352121,-54.625038,-14450.274,-0.2136143,-47.931236
2.150321,-0.13979219,-0.14230709,-16.268724,21592.57,22046.268,3.496e-05,-0.33834547,3.5554926,-62.413845,-0.17375095,-54.800343,-14381.728,-0.21425825,-48.083565
2.155807,-0.13944584,-0.14195345,-16.127541,21647.635,22102.447,3.4976e-05,-0.33910534,3.5384569,-62.55402,-0.17397961,-54.97578,-14313.091,-0.21433149,-48.236023
2.1612792,-0.13909848,-0.14159891,-15.987139,21702.562,22158.488,3.4992e-05,-0.34001783,3.5213988,-62.72234,-0.17420717,-55.15134,-14244.364,-0.2155385,-48.388607
2.1667378,-0.13875037,-0.14124349,-15.847509,21757.354,22214.391,3.5008e-05,-0.34063897,3.5043187,-62.836926,-0.17443362,-55.327019,-14175.548,-0.21617329,-48.541302
2.1721828,-0.13840127,-0.14088716,-15.708648,21812.008,22270.15,3.5024e-05,-0.34159151,3.4872162,-63.012638,-0.17465897,-55.5028,-14106.642,-0.21700339,-48.694103
2.1776137,-0.13805141,-0.14052995,-15.570549,21866.521,22325.771,3.504e-05,-0.34306195,3.4700918,-63.283886,-0.17488322,-55.678677,-14037.647,-0.21813868,-48.847
2.1830308,-0.13770056,-0.14017184,-15.433207,21920.898,22381.25,3.5056e-05,-0.34392512,3.4529455,-63.443111,-0.17510636,-55.854633,-13968.564,-0.21840265,-48.999985
2.1884341,-0.13734895,-0.13981286,-15.296615,21975.137,22436.588,3.5072e-05,-0.34469733,3.4357772,-63.58556,-0.17532839,-56.030663,-13899.394,-0.22033295,-49.153042
2.1938236,-0.13699637,-0.13945299,-15.160768,22029.234,22491.783,3.5088e-05,-0.34516588,3.4185874,-63.671993,-0.17554933,-56.206753,-13830.136,-0.22130954,-49.306171
2.199199,-0.13664304,-0.13909224,-15.025659,22083.193,22546.838,3.5104e-05,-0.34667024,3.401376,-63.949497,-0.17576915,-56.382896,-13760.791,-0.22161016,-49.459358
2.2045605,-0.13628872,-0.13873062,-14.891283,22137.014,22601.748,3.512e-05,-0.34714958,3.3841431,-64.037926,-0.17598785,-56.559074,-13691.359,-0.22194891,-49.612595
2.209908,-0.13593365,-0.13836811,-14.757634,22190.691,22656.518,3.5136e-05,-0.34822083,3.3668888,-64.235535,-0.17620546,-56.735283,-13621.842,-0.22286446,-49.765869
2.2152414,-0.13557762,-0.13800474,-14.624705,22244.23,22711.143,3.5152e-05,-0.34926429,3.3496132,-64.428024,-0.17642194,-56.911507,-13552.238,-0.22306588,-49.91917
2.2205608,-0.13522084,-0.13764048,-14.49249,22297.627,22765.625,3.5168e-05,-0.35026154,3.3323164,-64.611984,-0.17663732,-57.087734,-13482.549,-0.22432935,-50.072495
2.2258661,-0.13486309,-0.13727537,-14.360983,22350.885,22819.963,3.5184e-05,-0.3511956,3.3149986,-64.784286,-0.17685157,-57.263954,-13412.775,-0.22551499,-50.225826
2.2311571,-0.1345046,-0.13690938,-14.230177,22403.998,22874.158,3.52e-05,-0.35227916,3.2976599,-64.984169,-0.17706472,-57.440159,-13342.918,-0.22679067,-50.379158
2.236434,-0.13414516,-0.13654253,-14.100066,22456.973,22928.207,3.5216e-05,-0.3529928,3.2803004,-65.115807,-0.17727673,-57.616329,-13272.976,-0.2265511,-50.532478
2.2416966,-0.13378498,-0.13617481,-13.970644,22509.803,22982.111,3.5232e-05,-0.35406095,3.2629201,-65.312851,-0.17748764,-57.792458,-13202.951,-0.22747429,-50.68578
2.2469451,-0.13342384,-0.13580623,-13.841904,22562.49,23035.871,3.5248e-05,-0.35508132,3.2455192,-65.501076,-0.17769742,-57.968529,-13132.843,-0.22847988,-50.839046
2.2521791,-0.13306196,-0.1354368,-13.71384,22615.035,23089.486,3.5264e-05,-0.35582423,3.2280979,-65.638123,-0.17790608,-58.144535,-13062.651,-0.2295465,-50.992271
2.2573991,-0.13269915,-0.13506652,-13.586443,22667.438,23142.955,3.528e-05,-0.35643923,3.2106559,-65.751564,-0.17811361,-58.320461,-12992.379,-0.23039338,-51.145439
2.2626045,-0.13233559,-0.13469538,-13.45971,22719.695,23196.275,3.5296e-05,-0.35784495,3.1931939,-66.010872,-0.17832002,-58.496292,-12922.023,-0.2311182,-51.29855
2.2677956,-0.13197109,-0.13432339,-13.333632,22771.811,23249.451,3.5312e-05,-0.35882214,3.1757119,-66.191139,-0.1785253,-58.67202,-12851.588,-0.23160344,-51.45158
2.2729723,-0.13160588,-0.13395055,-13.208203,22823.781,23302.48,3.5328e-05,-0.35943252,3.1582096,-66.303726,-0.17872946,-58.84763,-12781.071,-0.23268838,-51.604527
2.2781346,-0.13123971,-0.13357686,-13.083417,22875.607,23355.361,3.5344e-05,-0.36059624,3.1406872,-66.518394,-0.17893249,-59.023109,-12710.474,-0.2330073,-51.757378
2.2832823,-0.13087283,-0.13320233,-12.959266,22927.289,23408.096,3.536e-05,-0.36127287,3.1231451,-66.643219,-0.17913438,-59.198444,-12639.797,-0.23409376,-51.910118
2.2884154,-0.13050501,-0.13282695,-12.835743,22978.824,23460.682,3.5376e-05,-0.36254758,3.1055834,-66.878357,-0.17933515,-59.373623,-12569.04,-0.23508407,-52.06274
2.293534,-0.13013647,-0.13245074,-12.712842,23030.215,23513.121,3.5392e-05,-0.3633244,3.088002,-67.021652,-0.17953478,-59.548634,-12498.204,-0.23545335,-52.215233
2.2986381,-0.12976702,-0.1320737,-12.590556,23081.459,23565.41,3.5408e-05,-0.36460063,3.0704012,-67.25708,-0.17973328,-59.723457,-12427.29,-0.23662527,-52.36758
2.3037276,-0.12939684,-0.13169582,-12.468879,23132.557,23617.551,3.5424e-05,-0.36523259,3.0527809,-67.37365,-0.17993064,-59.898087,-12356.298,-0.23762932,-52.519775
2.3088026,-0.12902574,-0.13131711,-12.347803,23183.51,23669.543,3.544e-05,-0.36582753,3.0351412,-67.483406,-0.18012686,-60.072506,-12285.228,-0.23816492,-52.671806
2.3138626,-0.12865393,-0.13093756,-12.227321,23234.314,23721.385,3.5456e-05,-0.36732107,3.0174825,-67.758919,-0.18032195,-60.2467,-12214.08,-0.23954131,-52.823658
2.3189082,-0.12828121,-0.13055719,-12.107426,23284.973,23773.076,3.5472e-05,-0.36827365,2.9998045,-67.934631,-0.1805159,-60.420662,-12142.856,-0.239494,-52.975323
2.3239388,-0.12790777,-0.13017601,-11.988111,23335.482,23824.617,3.5488e-05,-0.36900422,2.9821079,-68.069405,-0.18070871,-60.594368,-12071.556,-0.24079715,-53.126785
2.3289547,-0.12753342,-0.12979399,-11.869371,23385.846,23876.01,3.5504e-05,-0.37020802,2.9643922,-68.291466,-0.18090038,-60.767811,-12000.18,-0.24155553,-53.278038
2.3339558,-0.12715837,-0.12941115,-11.751197,23436.061,23927.25,3.552e-05,-0.3706997,2.9466579,-68.382164,-0.18109091,-60.940971,-11928.728,-0.24245125,-53.429062
2.3389421,-0.12678242,-0.1290275,-11.633582,23486.127,23978.34,3.5536e-05,-0.37224257,2.928905,-68.666771,-0.18128029,-61.113842,-11857.201,-0.24277169,-53.579849
2.3439136,-0.12640578,-0.12864304,-11.51652,23536.045,24029.277,3.5552e-05,-0.37244141,2.9111335,-68.703453,-0.18146852,-61.286407,-11785.6,-0.24408704,-53.730389
2.34887,-0.12602821,-0.12825775,-11.400002,23585.812,24080.064,3.5568e-05,-0.37373769,2.8933437,-68.942574,-0.18165562,-61.458649,-11713.925,-0.24510026,-53.880669
2.3538117,-0.12564997,-0.12787166,-11.284024,23635.432,24130.697,3.5584e-05,-0.37438968,2.8755357,-69.062843,-0.18184155,-61.630554,-11642.176,-0.24594256,-54.03067
2.3587384,-0.12527083,-0.12748475,-11.168577,23684.902,24181.18,3.56e-05,-0.37584624,2.8577094,-69.331535,-0.18202636,-61.802113,-11570.354,-0.24668874,-54.180389
2.3636498,-0.12489099,-0.12709706,-11.053655,23734.223,24231.51,3.5616e-05,-0.3764751,2.839865,-69.44754,-0.18221,-61.973301,-11498.458,-0.24695884,-54.329807
2.3685465,-0.12451027,-0.12670855,-10.939249,23783.391,24281.686,3.5632e-05,-0.37762493,2.8220029,-69.659645,-0.18239249,-62.144115,-11426.491,-0.24822992,-54.478916
2.3734281,-0.12412886,-0.12631924,-10.825355,23832.41,24331.707,3.5648e-05,-0.37874705,2.8041227,-69.866638,-0.18257383,-62.314533,-11354.452,-0.24867244,-54.627697
2.3782947,-0.12374657,-0.12592913,-10.711963,23881.277,24381.576,3.5664e-05,-0.37926185,2.7862248,-69.961601,-0.18275402,-62.484547,-11282.342,-0.24923857,-54.776142
2.383146,-0.12336358,-0.12553823,-10.599068,23929.994,24431.291,3.568e-05,-0.38043633,2.7683096,-70.178261,-0.18293305,-62.654133,-11210.16,-0.24977721,-54.92424
2.3879824,-0.12297973,-0.12514654,-10.486661,23978.559,24480.852,3.5696e-05,-0.38093573,2.7503767,-70.270378,-0.18311094,-62.823284,-11137.909,-0.25137332,-55.071972
2.3928034,-0.1225952,-0.12475406,-10.374738,24026.973,24530.258,3.5712e-05,-0.38158926,2.7324264,-70.390938,-0.18328765,-62.991982,-11065.587,-0.25234076,-55.21933
2.3976095,-0.12220979,-0.12436078,-10.263289,24075.234,24579.508,3.5728e-05,-0.38322616,2.7144589,-70.692894,-0.18346322,-63.16021,-10993.196,-0.25271615,-55.366299
2.4024003,-0.12182371,-0.12396672,-10.152308,24123.342,24628.604,3.5744e-05,-0.38370398,2.6964743,-70.781036,-0.18363762,-63.327957,-10920.735,-0.25402233,-55.512867
2.4071758,-0.12143677,-0.12357189,-10.04179,24171.299,24677.545,3.576e-05,-0.38449314,2.6784725,-70.926605,-0.18381087,-63.495205,-10848.207,-0.25396129,-55.659019
2.4119358,-0.12104915,-0.12317626,-9.9317245,24219.102,24726.328,3.5776e-05,-0.38511276,2.660454,-71.040909,-0.18398295,-63.661942,-10775.609,-0.25495163,-55.804745
2.4166808,-0.12066067,-0.12277987,-9.8221073,24266.752,24774.957,3.5792e-05,-0.3863489,2.6424186,-71.268936,-0.18415387,-63.828148,-10702.944,-0.25548723,-55.950027
2.4214103,-0.12027153,-0.12238269,-9.7129307,24314.248,24823.428,3.5808e-05,-0.38752958,2.6243665,-71.486732,-0.18432364,-63.993813,-10630.213,-0.25616473,-56.094856
2.4261246,-0.11988153,-0.12198474,-9.604187,24361.59,24871.742,3.5824e-05,-0.38863471,2.6062977,-71.690598,-0.18449223,-64.158913,-10557.414,-0.25708488,-56.239216
2.4308233,-0.11949086,-0.12158602,-9.4958706,24408.777,24919.9,3.584e-05,-0.38936839,2.5882127,-71.825935,-0.18465966,-64.323448,-10484.549,-0.25809962,-56.383099
2.4355068,-0.11909935,-0.12118654,-9.3879738,24455.811,24967.9,3.5856e-05,-0.39053056,2.5701113,-72.040321,-0.18482593,-64.487389,-10411.618,-0.25918606,-56.526482
2.4401748,-0.11870718,-0.12078629,-9.2804899,24502.689,25015.744,3.5872e-05,-0.39097756,2.5519936,-72.122772,-0.18499102,-64.650719,-10338.621,-0.25977659,-56.669361
2.4448273,-0.11831416,-0.12038527,-9.1734114,24549.412,25063.428,3.5888e-05,-0.39164957,2.5338597,-72.246742,-0.18515494,-64.813438,-10265.56,-0.26044038,-56.811714
2.4494643,-0.1179205,-0.11998349,-9.0667334,24595.98,25110.955,3.5904e-05,-0.39280868,2.5157099,-72.460556,-0.18531771,-64.975517,-10192.435,-0.26115909,-56.953537
2.4540858,-0.11752599,-0.11958096,-8.9604464,24642.393,25158.322,3.592e-05,-0.39346066,2.4975441,-72.580826,-0.1854793,-65.13694,-10119.244,-0.26264992,-57.094807
2.4586918,-0.11713083,-0.11917768,-8.8545465,24688.648,25205.531,3.5936e-05,-0.39424521,2.4793625,-72.725548,-0.18563971,-65.297699,-10045.991,-0.26224557,-57.235516
2.4632821,-0.11673485,-0.11877363,-8.7490253,24734.748,25252.58,3.5952e-05,-0.39549986,2.4611654,-72.956993,-0.18579896,-65.457779,-9972.6738,-0.26339915,-57.375648
2.4678571,-0.11633821,-0.11836884,-8.6438761,24780.691,25299.471,3.5968e-05,-0.39606243,2.4429526,-73.060768,-0.18595703,-65.617149,-9899.2949,-0.26389661,-57.515194
2.4724162,-0.11594075,-0.1179633,-8.539093,24826.479,25346.201,3.5984e-05,-0.39607322,2.4247246,-73.062759,-0.18611392,-65.77581,-9825.8535,-0.26478621,-57.654133
2.4769597,-0.11554265,-0.11755702,-8.4346685,24872.107,25392.77,3.6e-05,-0.39774248,2.406481,-73.370689,-0.18626964,-65.933746,-9752.3506,-0.26579484,-57.792454
2.4814875,-0.11514372,-0.11714999,-8.3305979,24917.578,25439.18,3.6016e-05,-0.3990927,2.3882225,-73.619759,-0.18642418,-66.090927,-9678.7861,-0.26722008,-57.930145
2.4859998,-0.11474416,-0.11674222,-8.2268715,24962.893,25485.43,3.6032e-05,-0.39922526,2.3699489,-73.644211,-0.18657754,-66.247353,-9605.1611,-0.26728722,-58.067192
2.4904962,-0.11434379,-0.11633372,-8.1234856,25008.049,25531.518,3.6048e-05,-0.39983872,2.35166,-73.75737,-0.18672973,-66.403,-9531.4756,-0.26778314,-58.203579
2.494977,-0.11394278,-0.11592448,-8.0204325,25053.045,25577.443,3.6064e-05,-0.40122592,2.3333564,-74.013268,-0.18688074,-66.557846,-9457.7305,-0.26866665,-58.339294
2.4994419,-0.11354096,-0.11551451,-7.9177065,25097.885,25623.209,3.608e-05,-0.40215844,2.3150382,-74.185287,-0.18703057,-66.711891,-9383.9258,-0.26944333,-58.474323
2.503891,-0.11313852,-0.11510381,-7.8153005,25142.564,25668.812,3.6096e-05,-0.40243742,2.2967052,-74.236748,-0.18717921,-66.865105,-9310.0625,-0.27046725,-58.60865
2.5083244,-0.11273527,-0.11469238,-7.7132082,25187.086,25714.254,3.6112e-05,-0.40360728,2.2783577,-74.452553,-0.18732668,-67.017479,-9236.1406,-0.27080598,-58.742264
2.5127418,-0.1123314,-0.11428022,-7.6114235,25231.447,25759.533,3.6128e-05,-0.40485269,2.2599959,-74.682289,-0.18747295,-67.168999,-9162.1611,-0.27162847,-58.875149
2.5171435,-0.11192673,-0.11386735,-7.5099401,25275.648,25804.648,3.6144e-05,-0.40533975,2.2416198,-74.772133,-0.18761806,-67.319641,-9088.123,-0.27286905,-59.007294
2.5215292,-0.11152144,-0.11345376,-7.408752,25319.691,25849.602,3.616e-05,-0.40594241,2.2232296,-74.883308,-0.18776196,-67.469398,-9014.0293,-0.27269813,-59.138683
2.5258989,-0.11111535,-0.11303945,-7.3078532,25363.572,25894.391,3.6176e-05,-0.40658516,2.2048254,-75.001877,-0.18790469,-67.618248,-8939.8779,-0.27448347,-59.269299
2.5302529,-0.11070865,-0.11262442,-7.2072368,25407.293,25939.018,3.6192e-05,-0.40812033,2.1864071,-75.285065,-0.18804623,-67.766174,-8865.6709,-0.27430037,-59.399132
2.5345907,-0.11030117,-0.11220869,-7.1068974,25450.854,25983.48,3.6208e-05,-0.40830836,2.1679752,-75.319748,-0.18818659,-67.91317,-8791.4082,-0.27507097,-59.528168
2.5389125,-0.10989308,-0.11179224,-7.0068288,25494.252,26027.777,3.6224e-05,-0.40924087,2.1495295,-75.491768,-0.18832575,-68.059204,-8717.0898,-0.27563402,-59.656391
2.5432184,-0.1094842,-0.11137509,-6.9070249,25537.488,26071.912,3.624e-05,-0.40974489,2.1310701,-75.584747,-0.18846372,-68.204277,-8642.7168,-0.27603838,-59.783791
2.5475082,-0.10907473,-0.11095724,-6.8074803,25580.564,26115.881,3.6256e-05,-0.41106275,2.1125972,-75.827843,-0.1886005,-68.348366,-8568.29,-0.27683493,-59.910347
2.5517821,-0.10866448,-0.11053868,-6.7081885,25623.479,26159.686,3.6272e-05,-0.41150972,2.0941112,-75.910301,-0.1887361,-68.491447,-8493.8096,-0.27759179,-60.036053
2.5560398,-0.10825361,-0.11011943,-6.6091442,25666.23,26203.324,3.6288e-05,-0.41227731,2.0756118,-76.051895,-0.18887049,-68.633514,-8419.2754,-0.27923521,-60.160892
2.5602813,-0.10784199,-0.10969948,-6.5103416,25708.82,26246.797,3.6304e-05,-0.41317129,2.0570993,-76.216805,-0.18900369,-68.774551,-8344.6885,-0.27937102,-60.284847
2.5645068,-0.10742977,-0.10927884,-6.4117746,25751.246,26290.105,3.632e-05,-0.41382638,2.038574,-76.337646,-0.1891357,-68.914543,-8270.0498,-0.28021485,-60.407909
2.568716,-0.10701679,-0.10885751,-6.3134379,25793.51,26333.246,3.6336e-05,-0.41417009,2.0200357,-76.401047,-0.18926652,-69.053467,-8195.3584,-0.28010955,-60.53006
2.5729091,-0.10660321,-0.10843549,-6.2153263,25835.609,26376.223,3.6352e-05,-0.41502398,2.0014846,-76.558563,-0.18939614,-69.191315,-8120.6162,-0.28098086,-60.651287
2.577086,-0.10618887,-0.10801279,-6.1174335,25877.545,26419.031,3.6368e-05,-0.41660848,1.9829209,-76.850853,-0.18952458,-69.328064,-8045.8228,-0.28236794,-60.77158
2.5812466,-0.10577395,-0.1075894,-6.0197549,25919.318,26461.672,3.6384e-05,-0.41692293,1.9643446,-76.908859,-0.1896518,-69.463707,-7970.979,-0.28257698,-60.890923
2.585391,-0.10535828,-0.10716533,-5.9222846,25960.928,26504.146,3.64e-05,-0.41771516,1.945756,-77.055,-0.18977784,-69.598221,-7896.085,-0.28368175,-61.009296
2.5895193,-0.10494202,-0.10674059,-5.825017,26002.371,26546.455,3.6416e-05,-0.4180558,1.927155,-77.117836,-0.18990266,-69.73159,-7821.1416,-0.28417462,-61.126698
2.593631,-0.10452502,-0.10631517,-5.7279472,26043.65,26588.594,3.6432e-05,-0.419312,1.9085419,-77.349564,-0.1900263,-69.8638,-7746.1494,-0.28431654,-61.243103
2.5977266,-0.10410744,-0.10588908,-5.6310701,26084.766,26630.566,3.6448e-05,-0.41954011,1.8899168,-77.391647,-0.19014873,-69.994843,-7671.1084,-0.28480789,-61.358505
2.6018057,-0.10368912,-0.10546232,-5.5343804,26125.715,26672.369,3.6464e-05,-0.42054507,1.8712797,-77.577026,-0.19026996,-70.124695,-7596.0195,-0.2856563,-61.472889
2.6058683,-0.10327023,-0.1050349,-5.4378734,26166.5,26714.004,3.648e-05,-0.42101979,1.8526307,-77.664597,-0.19038999,-70.253342,-7520.8828,-0.28745538,-61.586239
2.6099148,-0.1028506,-0.10460681,-5.3415437,26207.119,26755.471,3.6496e-05,-0.42159164,1.8339702,-77.770088,-0.19050881,-70.380768,-7445.6987,-0.28718984,-61.69854
2.6139445,-0.1024304,-0.10417806,-5.2453861,26247.572,26796.768,3.6512e-05,-0.42233455,1.815298,-77.907127,-0.19062644,-70.506966,-7370.4683,-0.28787196,-61.809784
2.6179581,-0.10200948,-0.10374866,-5.1493959,26287.857,26837.895,3.6528e-05,-0.42321619,1.7966143,-78.069763,-0.19074285,-70.631905,-7295.1919,-0.28812373,-61.919956
2.6219549,-0.101588,-0.10331859,-5.0535688,26327.979,26878.854,3.6544e-05,-0.42353219,1.7779193,-78.128052,-0.19085807,-70.755585,-7219.8691,-0.28898892,-62.029041
2.6259353,-0.10116579,-0.10288788,-4.9578996,26367.932,26919.643,3.656e-05,-0.42458645,1.759213,-78.322533,-0.19097207,-70.877983,-7144.5015,-0.28930631,-62.137024
2.6298993,-0.10074302,-0.10245652,-4.8623834,26407.719,26960.26,3.6576e-05,-0.42515367,1.7404957,-78.427162,-0.19108488,-70.999084,-7069.0894,-0.29010132,-62.243893
2.6338465,-0.10031953,-0.1020245,-4.7670164,26447.338,27000.709,3.6592e-05,-0.42630041,1.7217673,-78.638702,-0.19119649,-71.118881,-6993.6323,-0.29066592,-62.34964
2.6377773,-0.099895492,-0.10159185,-4.671793,26486.789,27040.986,3.6608e-05,-0.42640677,1.7030281,-78.658325,-0.19130687,-71.237343,-6918.1318,-0.2910718,-62.454243
2.6416914,-0.099470742,-0.10115855,-4.5767097,26526.074,27081.094,3.6624e-05,-0.42659944,1.684278,-78.693863,-0.19141604,-71.354469,-6842.5884,-0.29241464,-62.557693
2.6455891,-0.099045448,-0.10072462,-4.4817615,26565.191,27121.029,3.664e-05,-0.42804831,1.6655174,-78.961136,-0.19152401,-71.470245,-6767.0015,-0.2925657,-62.659981
2.6494699,-0.098619439,-0.10029005,-4.3869438,26604.139,27160.793,3.6656e-05,-0.42892224,1.6467463,-79.122345,-0.19163078,-71.584641,-6691.3721,-0.2929731,-62.761086
2.6533341,-0.098192893,-0.099854834,-4.2922535,26642.918,27200.387,3.6672e-05,-0.42888063,1.6279647,-79.11467,-0.19173633,-71.697662,-6615.7012,-0.29328746,-62.861
2.6571815,-0.097765647,-0.099418998,-4.1976852,26681.529,27239.809,3.6688e-05,-0.42991331,1.6091729,-79.305168,-0.19184066,-71.80928,-6539.9888,-0.29386732,-62.959713
2.6610122,-0.097337857,-0.098982535,-4.1032352,26719.973,27279.057,3.6704e-05,-0.42993489,1.5903709,-79.309151,-0.19194379,-71.919479,-6464.2354,-0.29469284,-63.057205
2.6648262,-0.096909381,-0.098545447,-4.0088997,26758.246,27318.133,3.672e-05,-0.43092906,1.5715588,-79.492538,-0.19204572,-72.028259,-6388.4414,-0.29450819,-63.153465
2.6686232,-0.096480362,-0.098107733,-3.9146743,26796.35,27357.037,3.6736e-05,-0.43173209,1.5527369,-79.640678,-0.19214642,-72.135597,-6312.6079,-0.29471725,-63.248486
2.6724033,-0.096050665,-0.0976694,-3.8205554,26834.283,27395.77,3.6752e-05,-0.43193093,1.5339051,-79.677353,-0.1922459,-72.24147,-6236.7344,-0.29518571,-63.342247
2.6761668,-0.095620431,-0.097230449,-3.7265389,26872.047,27434.328,3.6768e-05,-0.43274167,1.5150636,-79.826912,-0.19234417,-72.345879,-6160.8218,-0.29651937,-63.434746
2.6799135,-0.095189519,-0.096790887,-3.6326213,26909.643,27472.713,3.6784e-05,-0.43291584,1.4962126,-79.859039,-0.19244124,-72.448807,-6084.8711,-0.2970092,-63.525959
2.6836431,-0.094758086,-0.096350715,-3.5387986,26947.066,27510.924,3.68e-05,-0.43373123,1.4773521,-80.009445,-0.19253708,-72.550232,-6008.8818,-0.29802239,-63.615883
2.6873558,-0.094325975,-0.095909931,-3.4450674,26984.32,27548.963,3.6816e-05,-0.43449265,1.4584824,-80.149902,-0.19263171,-72.650146,-5932.8555,-0.29782555,-63.704498
2.6910515,-0.093893342,-0.095468543,-3.351424,27021.402,27586.826,3.6832e-05,-0.43555924,1.4396033,-80.346657,-0.19272512,-72.748535,-5856.7915,-0.2985,-63.791798
2.6947303,-0.093460038,-0.095026545,-3.2578652,27058.312,27624.516,3.6848e-05,-0.43566561,1.4207152,-80.36628,-0.19281732,-72.845383,-5780.6909,-0.29865414,-63.877769
2.6983919,-0.093026221,-0.094583958,-3.1643872,27095.053,27662.031,3.6864e-05,-0.43617576,1.4018182,-80.460388,-0.19290829,-72.940681,-5704.5547,-0.29930571,-63.962399
2.7020364,-0.092591748,-0.094140768,-3.0709867,27131.623,27699.371,3.688e-05,-0.43674144,1.3829122,-80.564735,-0.19299805,-73.034416,-5628.3823,-0.30035096,-64.045677
2.7056639,-0.092156753,-0.093696982,-2.9776609,27168.02,27736.535,3.6896e-05,-0.43638849,1.3639975,-80.499626,-0.19308659,-73.126564,-5552.1748,-0.30017701,-64.127586
2.7092745,-0.09172111,-0.093252607,-2.8844059,27204.244,27773.525,3.6912e-05,-0.43782502,1.3450742,-80.764618,-0.19317392,-73.217125,-5475.9326,-0.30082554,-64.208122
2.7128677,-0.091284961,-0.092807636,-2.7912192,27240.297,27810.342,3.6928e-05,-0.43840918,1.3261424,-80.872383,-0.19326,-73.306076,-5399.6562,-0.30151066,-64.28727
2.7164438,-0.090848155,-0.092362083,-2.6980972,27276.178,27846.98,3.6944e-05,-0.43854636,1.3072022,-80.89769,-0.19334489,-73.393417,-5323.3462,-0.30278024,-64.365021
2.7200027,-0.090410858,-0.09191595,-2.6050375,27311.885,27883.443,3.696e-05,-0.43887004,1.2882538,-80.957397,-0.19342855,-73.479118,-5247.0029,-0.30247506,-64.441353
2.7235444,-0.089972913,-0.091469236,-2.5120368,27347.42,27919.73,3.6976e-05,-0.43960372,1.2692972,-81.092735,-0.19351098,-73.563187,-5170.627,-0.30222479,-64.516273
2.7270687,-0.089534469,-0.09102194,-2.4190922,27382.781,27955.84,3.6992e-05,-0.43996438,1.2503327,-81.159271,-0.19359219,-73.645592,-5094.2183,-0.30280161,-64.589752
2.7305758,-0.089095384,-0.090574071,-2.3262012,27417.971,27991.775,3.7008e-05,-0.44041601,1.2313602,-81.242577,-0.19367218,-73.726334,-5017.7783,-0.30320597,-64.661789
2.7340655,-0.088655815,-0.090125635,-2.233361,27452.984,28027.531,3.7024e-05,-0.44096318,1.2123799,-81.343513,-0.19375095,-73.805389,-4941.3066,-0.30426037,-64.732376
2.7375381,-0.088215612,-0.089676626,-2.140569,27487.826,28063.113,3.704e-05,-0.44164598,1.193392,-81.469467,-0.19382849,-73.882751,-4864.8042,-0.30439773,-64.801491
2.740993,-0.087774925,-0.089227051,-2.0478227,27522.492,28098.516,3.7056e-05,-0.44160438,1.1743966,-81.461792,-0.1939048,-73.95842,-4788.271,-0.30445722,-64.869133
2.7444305,-0.087333605,-0.088776909,-1.9551194,27556.986,28133.74,3.7072e-05,-0.44224864,1.1553937,-81.580643,-0.1939799,-74.032364,-4711.7085,-0.30469984,-64.935287
2.7478507,-0.086891815,-0.088326208,-1.8624568,27591.305,28168.789,3.7088e-05,-0.44226253,1.1363835,-81.583199,-0.19405377,-74.104584,-4635.1162,-0.30511034,-64.999939
2.7512534,-0.0864494,-0.087874949,-1.7698325,27625.447,28203.658,3.7104e-05,-0.44277889,1.1173662,-81.678452,-0.19412641,-74.175064,-4558.4951,-0.3057451,-65.063087
2.7546384,-0.086006507,-0.087423138,-1.6772444,27659.416,28238.35,3.712e-05,-0.44315034,1.0983418,-81.746971,-0.19419783,-74.24379,-4481.8457,-0.30587634,-65.124718
2.7580059,-0.085562997,-0.086970769,-1.5846902,27693.211,28272.863,3.7136e-05,-0.44362968,1.0793105,-81.835396,-0.19426802,-74.31076,-4405.1685,-0.30628529,-65.184822
2.7613559,-0.085119024,-0.086517856,-1.4921678,27726.83,28307.197,3.7152e-05,-0.44412601,1.0602723,-81.926949,-0.19433698,-74.375954,-4328.4634,-0.30640432,-65.243385
2.7646883,-0.08467444,-0.086064391,-1.399675,27760.273,28341.354,3.7168e-05,-0.44475025,1.0412275,-82.042107,-0.19440472,-74.439362,-4251.7314,-0.30778068,-65.3004
2.768003,-0.084229395,-0.08561039,-1.30721,27793.539,28375.33,3.7184e-05,-0.44468242,1.022176,-82.029594,-0.19447123,-74.500984,-4174.9731,-0.30751517,-65.355858
2.7712998,-0.083783746,-0.085155837,-1.2147708,27826.631,28409.129,3.72e-05,-0.4455764,1.0031182,-82.194504,-0.19453651,-74.560799,-4098.189,-0.30729544,-65.409752
2.774579,-0.083337635,-0.084700756,-1.1223555,27859.547,28442.746,3.7216e-05,-0.44483039,0.98405397,-82.056892,-0.19460055,-74.61879,-4021.3792,-0.30722678,-65.462067
2.7778406,-0.082890928,-0.084245138,-1.0299622,27892.285,28476.186,3.7232e-05,-0.44587544,0.96498352,-82.249664,-0.19466338,-74.674965,-3944.5442,-0.30752739,-65.512802
2.7810843,-0.082443766,-0.083788984,-0.93758941,27924.848,28509.443,3.7248e-05,-0.44586772,0.945907,-82.248238,-0.19472498,-74.729301,-3867.6846,-0.30905637,-65.561935
2.7843103,-0.081996016,-0.083332308,-0.84523535,27957.234,28542.523,3.7264e-05,-0.44697747,0.92682451,-82.452957,-0.19478533,-74.781799,-3790.801,-0.30870083,-65.609467
2.7875183,-0.081547812,-0.082875103,-0.75289845,27989.443,28575.422,3.728e-05,-0.44641951,0.90773612,-82.350029,-0.19484447,-74.832436,-3713.8938,-0.30825984,-65.655396
2.7907085,-0.081099033,-0.082417369,-0.66057712,28021.475,28608.139,3.7296e-05,-0.44632396,0.88864207,-82.332405,-0.19490236,-74.88121,-3636.9636,-0.30910519,-65.699692
2.7938807,-0.080649801,-0.081959121,-0.56826997,28053.328,28640.676,3.7312e-05,-0.44682798,0.86954236,-82.425377,-0.19495903,-74.928108,-3560.0107,-0.30971253,-65.742363
2.797035,-0.080199994,-0.081500351,-0.4759756,28085.006,28673.031,3.7328e-05,-0.4473027,0.85043716,-82.512947,-0.19501448,-74.973122,-3483.0356,-0.30904415,-65.783401
2.8001711,-0.079749748,-0.081041068,-0.38369265,28116.504,28705.207,3.7344e-05,-0.44776663,0.8313266,-82.598534,-0.19506869,-75.016251,-3406.0391,-0.31004822,-65.822784
2.8032894,-0.079298936,-0.08058127,-0.29141986,28147.824,28737.201,3.736e-05,-0.44769883,0.81221074,-82.586021,-0.19512166,-75.057472,-3329.0212,-0.30902433,-65.860519
2.8063896,-0.078847684,-0.080120966,-0.199156,28178.967,28769.014,3.7376e-05,-0.44843251,0.79308981,-82.721359,-0.1951734,-75.096794,-3251.9827,-0.31035188,-65.896599
2.8094718,-0.078395873,-0.079660155,-0.10689995,28209.932,28800.645,3.7392e-05,-0.44852808,0.77396387,-82.738991,-0.19522391,-75.134186,-3174.9241,-0.31070283,-65.931
2.8125358,-0.077943631,-0.079198845,-0.014650607,28240.719,28832.092,3.7408e-05,-0.44901976,0.75483298,-82.829689,-0.19527319,-75.169662,-3097.8457,-0.31045258,-65.96373
2.8155816,-0.077490821,-0.078737028,0.077593036,28271.324,28863.359,3.7424e-05,-0.44935578,0.73569739,-82.891678,-0.19532123,-75.203201,-3020.7483,-0.31127506,-65.994774
2.818609,-0.077037595,-0.078274719,0.16983196,28301.754,28894.443,3.744e-05,-0.44897661,0.71655715,-82.821732,-0.19536804,-75.234795,-2943.6318,-0.31080049,-66.024124
2.8216183,-0.076583818,-0.077811912,0.26206705,28332.002,28925.346,3.7456e-05,-0.44966403,0.69741237,-82.94854,-0.1954136,-75.264442,-2866.4973,-0.31121251,-66.051781
2.8246095,-0.076129623,-0.07734862,0.35429916,28362.072,28956.064,3.7472e-05,-0.44916928,0.67826319,-82.857269,-0.19545795,-75.29213,-2789.3452,-0.31165501,-66.077728
2.8275821,-0.075674877,-0.076884829,0.44652906,28391.963,28986.6,3.7488e-05,-0.44949758,0.65910971,-82.917831,-0.19550106,-75.317856,-2712.1755,-0.31182745,-66.101967
2.8305366,-0.075219721,-0.07642056,0.5387575,28421.672,29016.953,3.7504e-05,-0.44950527,0.63995206,-82.91925,-0.19554293,-75.341614,-2634.9893,-0.31237525,-66.124481
2.8334725,-0.074764028,-0.075955808,0.63098514,28451.203,29047.123,3.752e-05,-0.44977501,0.62079036,-82.969009,-0.19558357,-75.363388,-2557.7869,-0.31138492,-66.145279
2.8363903,-0.074307919,-0.075490572,0.7232126,28480.555,29077.109,3.7536e-05,-0.44968098,0.60162479,-82.951668,-0.19562297,-75.383179,-2480.5684,-0.31153446,-66.164345
2.8392892,-0.073851287,-0.075024858,0.81544048,28509.725,29106.912,3.7552e-05,-0.44969022,0.58245534,-82.953377,-0.19566113,-75.400978,-2403.3347,-0.31212807,-66.181664
2.84217,-0.073394239,-0.074558675,0.90766919,28538.715,29136.529,3.7568e-05,-0.45016497,0.56328231,-83.040947,-0.19569807,-75.416779,-2326.0862,-0.3124302,-66.19725
2.845032,-0.072936676,-0.074092023,0.99989927,28567.523,29165.965,3.7584e-05,-0.45027441,0.54410565,-83.061134,-0.19573376,-75.43058,-2248.8232,-0.31248361,-66.211082
2.8478756,-0.072478712,-0.073624894,1.092131,28596.152,29195.215,3.76e-05,-0.45078614,0.52492559,-83.155533,-0.19576821,-75.442368,-2171.5466,-0.31292152,-66.223167
2.8507004,-0.072020218,-0.07315731,1.1843649,28624.6,29224.281,3.7616e-05,-0.45027441,0.50574219,-83.061134,-0.19580144,-75.452141,-2094.2566,-0.31291696,-66.233482
2.8535068,-0.071561344,-0.072689258,1.2766011,28652.865,29253.162,3.7632e-05,-0.45062891,0.48655561,-83.126526,-0.19583341,-75.459892,-2016.9537,-0.31271705,-66.242043
2.8562942,-0.071101949,-0.07222075,1.36884,28680.951,29281.859,3.7648e-05,-0.4501881,0.46736595,-83.045212,-0.19586417,-75.465614,-1939.6384,-0.31314737,-66.248833
2.8590631,-0.070642166,-0.071751781,1.4610816,28708.854,29310.371,3.7664e-05,-0.45039463,0.44817334,-83.083313,-0.19589368,-75.469307,-1862.3112,-0.31289256,-66.253845
2.8618133,-0.070181876,-0.071282364,1.5533262,28736.576,29338.697,3.768e-05,-0.45092794,0.42897791,-83.181686,-0.19592194,-75.47097,-1784.9727,-0.31269112,-66.257072
2.8645444,-0.069721207,-0.070812494,1.6455739,28764.115,29366.838,3.7696e-05,-0.45000005,0.40977976,-83.010521,-0.19594897,-75.470589,-1707.623,-0.31293222,-66.25853
2.8672569,-0.069260031,-0.070342176,1.7378246,28791.473,29394.795,3.7712e-05,-0.45064741,0.39057902,-83.129944,-0.19597478,-75.468155,-1630.2632,-0.3124668,-66.258186
2.8699505,-0.068798482,-0.069871418,1.8300784,28818.648,29422.564,3.7728e-05,-0.45028982,0.3713758,-83.06398,-0.19599934,-75.463676,-1552.8933,-0.31304055,-66.256065
2.8726251,-0.068336435,-0.069400214,1.9223353,28845.643,29450.148,3.7744e-05,-0.45074451,0.35217026,-83.14785,-0.19602266,-75.457146,-1475.5139,-0.31180456,-66.252136
2.8752809,-0.067874022,-0.06892857,2.014595,28872.453,29477.547,3.776e-05,-0.4511545,0.33296248,-83.223488,-0.19604474,-75.448563,-1398.1257,-0.31327707,-66.246414
2.8779175,-0.067411117,-0.068456493,2.1068578,28899.08,29504.758,3.7776e-05,-0.45114681,0.31375262,-83.222061,-0.19606559,-75.437912,-1320.7289,-0.31280863,-66.238892
2.8805351,-0.066947848,-0.067983985,2.1991229,28925.525,29531.783,3.7792e-05,-0.45072755,0.29454076,-83.144722,-0.1960852,-75.425201,-1243.3242,-0.31319621,-66.229561
2.8831336,-0.066484094,-0.067511052,2.2913907,28951.787,29558.623,3.7808e-05,-0.45077533,0.27532703,-83.153542,-0.19610356,-75.410423,-1165.9119,-0.31222266,-66.218422
2.8857131,-0.066019975,-0.067037687,2.3836606,28977.865,29585.275,3.7824e-05,-0.45075068,0.25611156,-83.148994,-0.19612069,-75.39357,-1088.4927,-0.31342968,-66.205467
2.8882732,-0.065555386,-0.066563897,2.4759324,29003.76,29611.74,3.784e-05,-0.45079845,0.2368945,-83.157806,-0.19613658,-75.374649,-1011.0669,-0.31231117,-66.190704
2.8908143,-0.06509044,-0.06608969,2.5682054,29029.473,29638.02,3.7856e-05,-0.45022047,0.21767592,-83.051186,-0.19615123,-75.353653,-933.63513,-0.31256905,-66.174118
2.8933361,-0.064625017,-0.065615065,2.6604798,29055,29664.111,3.7872e-05,-0.45038846,0.19845599,-83.082176,-0.19616465,-75.330574,-856.19781,-0.31287882,-66.155724
2.8958385,-0.064159252,-0.065140024,2.7527549,29080.344,29690.014,3.7888e-05,-0.45040542,0.17923479,-83.085304,-0.19617683,-75.30542,-778.75543,-0.31284067,-66.135498
2.8983214,-0.063693024,-0.064664572,2.8450303,29105.504,29715.73,3.7904e-05,-0.44954225,0.16001245,-82.926079,-0.19618775,-75.278183,-701.30847,-0.31285593,-66.113449
2.9007852,-0.063226447,-0.064188711,2.9373052,29130.48,29741.26,3.792e-05,-0.44987673,0.14078912,-82.987778,-0.19619745,-75.248863,-623.85748,-0.31159246,-66.089577
2.9032295,-0.062759414,-0.063712448,3.0295796,29155.271,29766.6,3.7936e-05,-0.44978425,0.12156489,-82.970718,-0.1962059,-75.217461,-546.40289,-0.31194493,-66.063881
2.9056542,-0.062292047,-0.063235775,3.1218526,29179.879,29791.752,3.7952e-05,-0.44986749,0.10233989,-82.986069,-0.19621313,-75.183975,-468.94519,-0.31105837,-66.036354
2.9080594,-0.061824221,-0.062758714,3.2141237,29204.301,29816.717,3.7968e-05,-0.44977656,0.083114244,-82.969299,-0.1962191,-75.148399,-391.48489,-0.31227759,-66.006996
2.910445,-0.061356068,-0.062281247,3.3063922,29228.537,29841.494,3.7984e-05,-0.44945595,0.063888073,-82.910156,-0.19622384,-75.110733,-314.02249,-0.31179541,-65.975815
2.912811,-0.060887467,-0.061803389,3.3986576,29252.59,29866.082,3.8e-05,-0.44930646,0.044661503,-82.882576,-0.19622734,-75.070984,-236.55847,-0.31155431,-65.942795
2.9151573,-0.060418539,-0.06132514,3.4909191,29276.457,29890.48,3.8016e-05,-0.44929719,0.02543465,-82.880867,-0.19622959,-75.029152,-159.09331,-0.31179541,-65.907951
2.9174838,-0.059949171,-0.060846508,3.5831759,29300.139,29914.691,3.8032e-05,-0.44857892,0.0062076361,-82.748375,-0.19623062,-74.985229,-81.627495,-0.3107776,-65.871269
2.9197907,-0.059479482,-0.060367487,3.6754274,29323.637,29938.713,3.8048e-05,-0.44836006,-0.013019416,-82.708,-0.1962304,-74.939217,-4.16153,-0.31167638,-65.832764
2.9220777,-0.059009362,-0.059888087,3.7676728,29346.947,29962.545,3.8064e-05,-0.44797319,-0.032246388,-82.636635,-0.19622894,-74.891121,73.304108,-0.31016877,-65.792419
2.9243448,-0.058538925,-0.059408307,3.8599112,29370.072,29986.188,3.808e-05,-0.44811654,-0.051473156,-82.663078,-0.19622624,-74.840935,150.76892,-0.31042054,-65.750244
2.9265919,-0.058068059,-0.058928154,3.952142,29393.012,30009.641,3.8096e-05,-0.44767264,-0.070699595,-82.581192,-0.19622231,-74.788666,228.23242,-0.31068301,-65.706238
2.9288189,-0.057596885,-0.058447625,4.044364,29415.766,30032.904,3.8112e-05,-0.44736436,-0.089925587,-82.524323,-0.19621712,-74.734314,305.69412,-0.30953702,-65.6604
2.931026,-0.057125289,-0.057966731,4.1365767,29438.332,30055.979,3.8128e-05,-0.44678327,-0.10915101,-82.41713,-0.19621071,-74.677879,383.15353,-0.31000856,-65.61274
2.933213,-0.056653392,-0.057485469,4.2287788,29460.713,30078.863,3.8144e-05,-0.44692045,-0.12837575,-82.442436,-0.19620305,-74.619362,460.61017,-0.30998567,-65.56324
2.9353797,-0.056181077,-0.057003845,4.3209696,29482.906,30101.557,3.816e-05,-0.44645497,-0.14759968,-82.356567,-0.19619416,-74.558762,538.06354,-0.30988801,-65.511917
2.9375262,-0.055708464,-0.056521859,4.4131484,29504.914,30124.062,3.8176e-05,-0.44653511,-0.16682267,-82.371353,-0.19618402,-74.496086,615.51312,-0.30921048,-65.458771
2.9396524,-0.055235442,-0.056039516,4.5053139,29526.736,30146.375,3.8192e-05,-0.44598949,-0.1860446,-82.270706,-0.19617265,-74.431343,692.9585,-0.30937681,-65.403801
2.9417584,-0.054762129,-0.055556823,4.597465,29548.369,30168.5,3.8208e-05,-0.44535598,-0.20526537,-82.153847,-0.19616003,-74.364525,770.39911,-0.30856654,-65.347008
2.9438441,-0.054288413,-0.055073775,4.6896014,29569.816,30190.432,3.8224e-05,-0.44585848,-0.22448485,-82.246536,-0.19614619,-74.295631,847.83453,-0.30849636,-65.288391
2.945909,-0.053814407,-0.054590382,4.7817211,29591.078,30212.174,3.824e-05,-0.4451032,-0.24370289,-82.107216,-0.1961311,-74.224678,925.26422,-0.30862147,-65.227959
2.9479537,-0.05334001,-0.054106642,4.8738236,29612.15,30233.727,3.8256e-05,-0.44488743,-0.2629194,-82.067406,-0.19611476,-74.151657,1002.6877,-0.30797908,-65.16571
2.9499776,-0.05286533,-0.053622559,4.9659081,29633.035,30255.086,3.8272e-05,-0.44417223,-0.28213423,-81.935478,-0.1960972,-74.076576,1080.1045,-0.30806145,-65.101646
2.9519808,-0.052390259,-0.053138141,5.0579734,29653.732,30276.256,3.8288e-05,-0.44402891,-0.30134732,-81.909042,-0.19607839,-73.999443,1157.5142,-0.30689564,-65.035774
2.9539635,-0.051914912,-0.052653383,5.1500182,29674.244,30297.234,3.8304e-05,-0.44353104,-0.32055849,-81.8172,-0.19605835,-73.92025,1234.916,-0.30668509,-64.968102
2.9559252,-0.051439185,-0.052168295,5.2420411,29694.566,30318.021,3.832e-05,-0.4434509,-0.33976761,-81.802414,-0.19603705,-73.839012,1312.3098,-0.30633718,-64.898613
2.9578662,-0.050963182,-0.051682878,5.3340421,29714.699,30338.617,3.8336e-05,-0.44306865,-0.35897461,-81.731903,-0.19601454,-73.755737,1389.6949,-0.3054094,-64.827332
2.9597864,-0.050486807,-0.051197134,5.4260187,29734.646,30359.02,3.8352e-05,-0.44247985,-0.37817934,-81.623291,-0.19599077,-73.67041,1467.071,-0.30541551,-64.75425
2.9616854,-0.050010167,-0.050711066,5.517971,29754.404,30379.232,3.8368e-05,-0.44189107,-0.39738166,-81.514679,-0.19596578,-73.583061,1544.4374,-0.30609608,-64.679382
2.9635634,-0.049533155,-0.050224677,5.6098971,29773.975,30399.252,3.8384e-05,-0.4413408,-0.41658148,-81.41317,-0.19593954,-73.493675,1621.7936,-0.30473495,-64.602715
2.9654205,-0.049055886,-0.049737971,5.7017961,29793.355,30419.08,3.84e-05,-0.44099554,-0.43577868,-81.34948,-0.19591208,-73.402267,1699.1393,-0.30391553,-64.524269
2.9672563,-0.048578251,-0.049250953,5.7936673,29812.549,30438.715,3.8416e-05,-0.44048846,-0.45497313,-81.255936,-0.19588336,-73.308838,1776.4739,-0.30418408,-64.444046
2.9690709,-0.048100363,-0.048763622,5.8855085,29831.553,30458.16,3.8432e-05,-0.44007227,-0.47416469,-81.179169,-0.19585341,-73.213394,1853.7969,-0.30395368,-64.362038
2.9708641,-0.047622122,-0.048275981,5.9773197,29850.369,30477.41,3.8448e-05,-0.44000137,-0.49335325,-81.166092,-0.19582222,-73.115944,1931.1078,-0.30378428,-64.278267
2.972636,-0.047143627,-0.047788039,6.0690989,29868.994,30496.469,3.8464e-05,-0.4389995,-0.51253873,-80.981277,-0.1957898,-73.016495,2008.4061,-0.30356762,-64.192726
2.9743865,-0.046664786,-0.047299795,6.1608453,29887.432,30515.336,3.848e-05,-0.43889624,-0.53172094,-80.962227,-0.19575615,-72.915054,2085.6914,-0.30299386,-64.105423
2.9761155,-0.046185698,-0.046811249,6.2525578,29905.68,30534.008,3.8496e-05,-0.43835679,-0.5508998,-80.862717,-0.19572125,-72.811623,2162.9631,-0.30204475,-64.016365
2.9778228,-0.045706268,-0.046322409,6.3442354,29923.74,30552.488,3.8512e-05,-0.43746588,-0.57007515,-80.698372,-0.19568512,-72.706207,2240.2209,-0.30175635,-63.92556
2.9795084,-0.045226604,-0.045833278,6.4358764,29941.609,30570.775,3.8528e-05,-0.43705434,-0.58924693,-80.622459,-0.19564775,-72.598816,2317.4644,-0.30075991,-63.833012
2.9811723,-0.044746596,-0.045343857,6.5274796,29959.289,30588.871,3.8544e-05,-0.43582126,-0.60841501,-80.394997,-0.19560915,-72.489456,2394.6926,-0.30099794,-63.73872
2.9828146,-0.044266362,-0.044854145,6.6190448,29976.779,30606.771,3.856e-05,-0.43535733,-0.62757921,-80.30941,-0.19556931,-72.378143,2471.9053,-0.30034333,-63.6427
2.9844351,-0.043785796,-0.044364154,6.7105699,29994.08,30624.479,3.8576e-05,-0.43505523,-0.64673942,-80.253685,-0.19552824,-72.26487,2549.1021,-0.29952544,-63.544956
2.9860334,-0.043305002,-0.043873884,6.8020539,30011.191,30641.994,3.8592e-05,-0.43404874,-0.66589564,-80.068016,-0.19548593,-72.149658,2626.2825,-0.29870296,-63.445492
2.9876101,-0.042823885,-0.043383334,6.8934956,30028.113,30659.314,3.8608e-05,-0.43411192,-0.68504757,-80.079674,-0.19544238,-72.032509,2703.4458,-0.29819942,-63.344315
2.9891646,-0.042342551,-0.042892512,6.9848943,30044.844,30676.441,3.8624e-05,-0.43317634,-0.7041952,-79.907089,-0.1953976,-71.913429,2780.5918,-0.29798272,-63.241428
2.9906969,-0.041860893,-0.042401418,7.0762486,30061.385,30693.375,3.864e-05,-0.43254748,-0.72333837,-79.791084,-0.1953516,-71.792427,2857.72,-0.2978805,-63.136848
2.9922073,-0.041379027,-0.041910056,7.1675572,30077.736,30710.115,3.8656e-05,-0.43149474,-0.742477,-79.596886,-0.19530435,-71.669518,2934.8296,-0.29698172,-63.030575
2.9936953,-0.040896844,-0.041418429,7.2588191,30093.896,30726.66,3.8672e-05,-0.43125582,-0.76161093,-79.552818,-0.19525586,-71.544701,3011.9202,-0.29627523,-62.922619
2.9951611,-0.040414456,-0.040926542,7.3500333,30109.865,30743.012,3.8688e-05,-0.43073332,-0.78074002,-79.456429,-0.19520615,-71.417999,3088.9917,-0.29603869,-62.812988
2.9966044,-0.039931759,-0.040434394,7.4411983,30125.645,30759.168,3.8704e-05,-0.42987171,-0.79986417,-79.297493,-0.1951552,-71.289406,3166.043,-0.29448378,-62.701687
2.9980257,-0.039448865,-0.039941993,7.5323133,30141.234,30775.131,3.872e-05,-0.42922589,-0.81898332,-79.17836,-0.19510303,-71.158943,3243.0742,-0.29385969,-62.588726
2.9994242,-0.038965669,-0.039449338,7.6233773,30156.633,30790.9,3.8736e-05,-0.42839819,-0.83809727,-79.025673,-0.19504961,-71.026611,3320.0845,-0.2934843,-62.474113
3.0008004,-0.038482275,-0.038956434,7.7143888,30171.84,30806.475,3.8752e-05,-0.42747337,-0.85720593,-78.85508,-0.19499497,-70.892433,3397.0735,-0.29320809,-62.357857
3.0021541,-0.037998587,-0.038463283,7.805347,30186.855,30821.854,3.8768e-05,-0.42650542,-0.87630916,-78.676521,-0.19493911,-70.756401,3474.0405,-0.29151434,-62.239967
3.0034852,-0.037514713,-0.037969891,7.8962507,30201.68,30837.039,3.8784e-05,-0.42646381,-0.8954069,-78.668846,-0.19488199,-70.618538,3550.9854,-0.29255807,-62.120449
3.0047939,-0.037030548,-0.03747626,7.9870992,30216.314,30852.027,3.88e-05,-0.42563611,-0.91449893,-78.516159,-0.19482365,-70.478851,3627.9075,-0.29093295,-61.999313
3.0060797,-0.036546201,-0.036982391,8.0778913,30230.758,30866.824,3.8816e-05,-0.42476061,-0.93358523,-78.35466,-0.19476409,-70.337349,3704.8062,-0.29006928,-61.876568
3.0073428,-0.036061574,-0.036488287,8.1686249,30245.008,30881.424,3.8832e-05,-0.42392829,-0.95266563,-78.201126,-0.1947033,-70.194046,3781.6812,-0.28934598,-61.752224
3.0085833,-0.035576764,-0.035993956,8.2593012,30259.068,30895.828,3.8848e-05,-0.42269984,-0.97173995,-77.974518,-0.19464126,-70.04895,3858.532,-0.2892468,-61.626289
3.0098011,-0.035091687,-0.035499394,8.3499165,30272.938,30910.039,3.8864e-05,-0.42224362,-0.99080819,-77.890358,-0.19457801,-69.902069,3935.3582,-0.2881054,-61.498775
3.0109963,-0.034606431,-0.035004608,8.4404726,30286.613,30924.053,3.888e-05,-0.42125255,-1.0098702,-77.707535,-0.19451351,-69.753426,4012.1589,-0.28785059,-61.36969
3.0121684,-0.03412091,-0.034509603,8.5309668,30300.1,30937.873,3.8896e-05,-0.42088568,-1.0289258,-77.639862,-0.1944478,-69.60302,4088.9341,-0.28695029,-61.23904
3.0133181,-0.033635221,-0.034014378,8.621398,30313.393,30951.496,3.8912e-05,-0.4199501,-1.0479748,-77.467278,-0.19438086,-69.450874,4165.6831,-0.28553727,-61.106846
3.0144448,-0.033149272,-0.03351894,8.7117662,30326.494,30964.926,3.8928e-05,-0.41895285,-1.0670173,-77.283318,-0.19431269,-69.296997,4242.4053,-0.28651997,-60.973106
3.0155487,-0.032663163,-0.03302329,8.8020697,30339.404,30978.158,3.8944e-05,-0.4177691,-1.086053,-77.064949,-0.1942433,-69.141388,4319.1001,-0.28478956,-60.837837
3.0166299,-0.032176796,-0.032527432,8.8923082,30352.121,30991.195,3.896e-05,-0.41691828,-1.1050819,-76.908005,-0.19417267,-68.984077,4395.7676,-0.28381756,-60.70105
3.0176885,-0.031690277,-0.032031365,8.982481,30364.648,31004.037,3.8976e-05,-0.41640812,-1.1241038,-76.813889,-0.19410081,-68.825066,4472.4072,-0.28286538,-60.562752
3.0187242,-0.031203508,-0.0315351,9.0725861,30376.98,31016.682,3.8992e-05,-0.41572839,-1.1431185,-76.688507,-0.19402774,-68.664375,4549.0181,-0.28246713,-60.422955
3.019737,-0.030716589,-0.031038633,9.1626234,30389.123,31029.131,3.9008e-05,-0.41410998,-1.1621261,-76.389961,-0.19395344,-68.502007,4625.5996,-0.28153324,-60.28167
3.0207274,-0.030229429,-0.030541971,9.2525921,30401.072,31041.385,3.9024e-05,-0.4138757,-1.1811264,-76.346741,-0.19387791,-68.337982,4702.1519,-0.28144932,-60.138908
3.0216949,-0.029742125,-0.030045116,9.3424921,30412.828,31053.443,3.904e-05,-0.41239136,-1.2001191,-76.072937,-0.19380116,-68.172318,4778.6738,-0.27963042,-59.994682
3.02264,-0.029254586,-0.029548071,9.4323215,30424.393,31065.305,3.9056e-05,-0.41176096,-1.2191043,-75.956642,-0.19372319,-68.005013,4855.165,-0.27907041,-59.849003
3.0235624,-0.02876691,-0.02905084,9.5220795,30435.764,31076.969,3.9072e-05,-0.41068357,-1.2380818,-75.757896,-0.19364399,-67.836098,4931.6255,-0.27850124,-59.701881
3.0244625,-0.028279005,-0.028553424,9.6117659,30446.943,31088.438,3.9088e-05,-0.40996841,-1.2570515,-75.625969,-0.19356357,-67.665573,5008.0547,-0.27798089,-59.553329
3.0253398,-0.027790966,-0.028055828,9.7013807,30457.93,31099.711,3.9104e-05,-0.40826368,-1.2760131,-75.311508,-0.19348191,-67.493462,5084.4517,-0.27682272,-59.403362
3.026195,-0.027302707,-0.027558057,9.7909212,30468.723,31110.787,3.912e-05,-0.40789685,-1.2949668,-75.243835,-0.19339904,-67.319763,5160.8159,-0.27595294,-59.251984
3.0270278,-0.026814319,-0.02706011,9.8803883,30479.322,31121.666,3.9136e-05,-0.40665913,-1.3139123,-75.015518,-0.19331495,-67.144508,5237.1475,-0.27487257,-59.099213
3.0278385,-0.026325718,-0.026561992,9.9697819,30489.73,31132.35,3.9152e-05,-0.40544763,-1.3328495,-74.792038,-0.19322965,-66.967705,5313.4453,-0.27430493,-58.945057
3.0286269,-0.025836995,-0.026063707,10.059099,30499.945,31142.836,3.9168e-05,-0.4048712,-1.3517783,-74.685699,-0.19314311,-66.789368,5389.7095,-0.27315134,-58.789532
3.0293934,-0.025348064,-0.025565257,10.148341,30509.967,31153.125,3.9184e-05,-0.40438876,-1.3706985,-74.59671,-0.19305536,-66.609512,5465.9395,-0.27211067,-58.632652
3.0301383,-0.024859019,-0.025066646,10.237508,30519.797,31163.219,3.92e-05,-0.40281194,-1.3896101,-74.30584,-0.19296639,-66.428146,5542.1343,-0.27186194,-58.474426
3.0308611,-0.024369769,-0.024567876,10.326597,30529.432,31173.113,3.9216e-05,-0.40153727,-1.4085128,-74.070702,-0.1928762,-66.245293,5618.2939,-0.27092198,-58.314865
3.0315623,-0.023880411,-0.02406895,10.415609,30538.875,31182.812,3.9232e-05,-0.40082517,-1.4274067,-73.939339,-0.1927848,-66.060966,5694.4175,-0.26959747,-58.153988
3.0322423,-0.023390858,-0.023569873,10.504543,30548.123,31192.314,3.9248e-05,-0.40011153,-1.4462916,-73.807701,-0.19269218,-65.875175,5770.5049,-0.26927093,-57.991806
3.0329008,-0.022901202,-0.023070646,10.5934,30557.18,31201.621,3.9264e-05,-0.39835286,-1.4651673,-73.483284,-0.19259833,-65.687943,5846.5552,-0.26882228,-57.828327
3.0335381,-0.022411354,-0.022571275,10.682178,30566.041,31210.729,3.928e-05,-0.39767313,-1.4840338,-73.357895,-0.19250327,-65.499275,5922.5684,-0.26697898,-57.66357
3.0341544,-0.021921411,-0.022071762,10.770876,30574.711,31219.639,3.9296e-05,-0.39621812,-1.5028909,-73.089485,-0.192407,-65.309204,5998.5439,-0.26587421,-57.497547
3.03475,-0.021431284,-0.021572107,10.859495,30583.186,31228.354,3.9312e-05,-0.3957819,-1.5217385,-73.009026,-0.1923095,-65.117722,6074.4814,-0.26552019,-57.330273
3.0353251,-0.020941067,-0.021072319,10.948035,30591.469,31236.869,3.9328e-05,-0.39412805,-1.5405766,-72.703941,-0.19221079,-64.924866,6150.3799,-0.26465651,-57.161755
3.0358796,-0.020450672,-0.020572394,11.036494,30599.557,31245.188,3.9344e-05,-0.39301983,-1.5594049,-72.499504,-0.19211088,-64.730637,6226.2393,-0.26321909,-56.992016
3.0364139,-0.019960193,-0.020072343,11.124874,30607.451,31253.311,3.936e-05,-0.39201334,-1.5782232,-72.313843,-0.19200975,-64.535057,6302.0586,-0.26226997,-56.821064
3.0369284,-0.019469542,-0.019572163,11.213172,30615.152,31261.234,3.9376e-05,-0.39086196,-1.5970317,-72.101448,-0.19190741,-64.338142,6377.8379,-0.26165807,-56.648911
3.0374231,-0.018978814,-0.019071858,11.30139,30622.66,31268.961,3.9392e-05,-0.38978919,-1.6158301,-71.903557,-0.19180384,-64.139915,6453.5767,-0.2602008,-56.475578
3.0378983,-0.018487921,-0.018571435,11.389526,30629.973,31276.49,3.9408e-05,-0.38896766,-1.6346183,-71.752014,-0.19169907,-63.94038,6529.2744,-0.25962859,-56.301071
3.0383542,-0.017996956,-0.018070893,11.477582,30637.094,31283.822,3.9424e-05,-0.38754961,-1.6533961,-71.490433,-0.1915931,-63.739559,6604.9307,-0.25818506,-56.125412
3.0387914,-0.01750583,-0.017570239,11.565556,30644.02,31290.957,3.944e-05,-0.38702095,-1.6721635,-71.392906,-0.19148591,-63.537468,6680.5444,-0.25723594,-55.948612
3.0392096,-0.017014641,-0.017069472,11.653448,30650.75,31297.893,3.9456e-05,-0.38488466,-1.6909204,-70.998825,-0.19137751,-63.334126,6756.1162,-0.25586259,-55.770683
3.0396097,-0.016523298,-0.016568597,11.741259,30657.289,31304.631,3.9472e-05,-0.3846257,-1.7096665,-70.951057,-0.19126791,-63.129547,6831.6445,-0.25548875,-55.59164
3.0399916,-0.016031895,-0.016067619,11.828988,30663.633,31311.172,3.9488e-05,-0.38280076,-1.7284018,-70.614418,-0.19115709,-62.923748,6907.1294,-0.25459456,-55.411503
3.0403557,-0.015540347,-0.015566539,11.916636,30669.781,31317.516,3.9504e-05,-0.38174802,-1.7471262,-70.420219,-0.19104506,-62.716747,6982.5703,-0.25317088,-55.230282
3.0407023,-0.015048745,-0.015065361,12.004201,30675.738,31323.662,3.952e-05,-0.38079393,-1.7658397,-70.244225,-0.19093183,-62.508556,7057.9668,-0.25293437,-55.047993
3.0410316,-0.014557003,-0.014564087,12.091685,30681.5,31329.609,3.9536e-05,-0.37980285,-1.7845418,-70.061401,-0.1908174,-62.299202,7133.3184,-0.25131992,-54.864647
3.0413444,-0.014065214,-0.014062721,12.179088,30687.066,31335.359,3.9552e-05,-0.37809196,-1.8032329,-69.745796,-0.19070175,-62.088696,7208.6245,-0.25000915,-54.680267
3.0416405,-0.013573291,-0.013561266,12.266408,30692.439,31340.91,3.9568e-05,-0.37675256,-1.8219124,-69.498718,-0.19058491,-61.877052,7283.8843,-0.24911039,-54.494862
3.0419207,-0.013081326,-0.013059726,12.353647,30697.619,31346.266,3.9584e-05,-0.37641343,-1.8405805,-69.436165,-0.19046685,-61.664295,7359.0981,-0.24890134,-54.308445
3.0421848,-0.012589235,-0.012558104,12.440805,30702.604,31351.42,3.96e-05,-0.37466404,-1.859237,-69.113449,-0.19034761,-61.450439,7434.2651,-0.2470748,-54.12104
3.0424337,-0.012097107,-0.012056401,12.527882,30707.395,31356.379,3.9616e-05,-0.37392882,-1.8778816,-68.977829,-0.19022715,-61.2355,7509.3848,-0.24608906,-53.932652
3.0426679,-0.01160486,-0.011554623,12.614878,30711.99,31361.139,3.9632e-05,-0.37257397,-1.8965145,-68.727905,-0.1901055,-61.019493,7584.457,-0.24503312,-53.743301
3.042887,-0.011112582,-0.011052772,12.701793,30716.393,31365.699,3.9648e-05,-0.3711282,-1.9151354,-68.461205,-0.18998264,-60.802444,7659.4805,-0.2438017,-53.553005
3.043092,-0.010620192,-0.010550851,12.788628,30720.6,31370.062,3.9664e-05,-0.36976719,-1.9337442,-68.210144,-0.18985859,-60.584366,7734.4556,-0.24325846,-53.361778
3.0432832,-0.010127776,-0.010048863,12.875382,30724.613,31374.229,3.968e-05,-0.36779428,-1.9523407,-67.846207,-0.18973333,-60.365273,7809.3809,-0.24136631,-53.169632
3.0434611,-0.0096352538,-0.0095468126,12.962056,30728.432,31378.195,3.9696e-05,-0.36714229,-1.9709249,-67.725937,-0.18960686,-60.145187,7884.2568,-0.24035157,-52.976585
3.0436258,-0.0091427136,-0.0090447012,13.048652,30732.055,31381.965,3.9712e-05,-0.36638704,-1.9894967,-67.586617,-0.18947922,-59.924129,7959.083,-0.23944212,-52.78265
3.0437779,-0.0086500719,-0.0085425321,13.135167,30735.484,31385.535,3.9728e-05,-0.3649351,-2.0080559,-67.318779,-0.18935037,-59.70211,8033.8579,-0.23856166,-52.587849
3.0439179,-0.008157419,-0.0080403099,13.221604,30738.721,31388.908,3.9744e-05,-0.36418602,-2.0266025,-67.180595,-0.18922032,-59.479153,8108.582,-0.23741111,-52.392189
3.0440462,-0.0076646716,-0.0075380364,13.307963,30741.76,31392.082,3.976e-05,-0.36215761,-2.0451362,-66.806419,-0.18908907,-59.255272,8183.2549,-0.23618275,-52.195694
3.044163,-0.0071719177,-0.0070357155,13.394244,30744.605,31395.059,3.9776e-05,-0.361128,-2.0636568,-66.616486,-0.18895665,-59.030487,8257.875,-0.23470564,-51.998375
3.0442688,-0.0066790762,-0.0065333499,13.480448,30747.258,31397.836,3.9792e-05,-0.35992882,-2.0821648,-66.395279,-0.18882301,-58.804817,8332.4434,-0.23344371,-51.800247
3.0443642,-0.0061862348,-0.0060309432,13.566574,30749.715,31400.416,3.9808e-05,-0.35863718,-2.1006594,-66.157013,-0.18868819,-58.578281,8406.958,-0.23246711,-51.60133
3.0444496,-0.0056933118,-0.0055284989,13.652625,30751.977,31402.797,3.9824e-05,-0.35732242,-2.1191406,-65.914482,-0.18855219,-58.350895,8481.4199,-0.23166905,-51.401638
3.0445254,-0.0052003949,-0.0050260192,13.7386,30754.045,31404.979,3.984e-05,-0.35579342,-2.1376085,-65.632431,-0.18841498,-58.122677,8555.8271,-0.23055208,-51.201183
3.0445919,-0.004707403,-0.0045235078,13.824499,30755.918,31406.963,3.9856e-05,-0.3545033,-2.1560631,-65.394447,-0.18827659,-57.893646,8630.1807,-0.22932218,-50.999989
3.0446496,-0.0042144228,-0.0040209675,13.910323,30757.596,31408.75,3.9872e-05,-0.35325328,-2.1745038,-65.163864,-0.18813699,-57.663822,8704.4785,-0.22770622,-50.798065
3.044699,-0.0037213746,-0.0035184023,13.996075,30759.08,31410.336,3.9888e-05,-0.35232079,-2.1929309,-64.991844,-0.18799622,-57.43322,8778.7217,-0.2266335,-50.595428
3.0447407,-0.0032283438,-0.0030158146,14.081752,30760.369,31411.727,3.9904e-05,-0.35037252,-2.2113442,-64.632454,-0.18785428,-57.201859,8852.9082,-0.2256676,-50.392097
3.0447745,-0.0027352513,-0.002513208,14.167357,30761.463,31412.916,3.992e-05,-0.34916565,-2.2297435,-64.409821,-0.18771112,-56.969761,8927.04,-0.22464217,-50.188084
3.0448017,-0.0022421826,-0.0020105855,14.252891,30762.363,31413.908,3.9936e-05,-0.34770909,-2.2481287,-64.141136,-0.18756679,-56.736938,9001.1133,-0.22340159,-49.98341
3.044822,-0.0017490585,-0.0015079501,14.338353,30763.068,31414.703,3.9952e-05,-0.34673652,-2.2664998,-63.961723,-0.18742128,-56.503414,9075.1309,-0.2223838,-49.778088
3.044836,-0.001255964,-0.0010053054,14.423745,30763.578,31415.299,3.9968e-05,-0.34513196,-2.2848563,-63.665741,-0.18727458,-56.269207,9149.0898,-0.22130191,-49.572132
3.0448444,-0.00076282077,-0.00050265429,14.509068,30763.895,31415.695,3.9984e-05,-0.34375092,-2.3031986,-63.410984,-0.1871267,-56.034332,9222.9912,-0.22003846,-49.365562
nan,nan,nan,nan,nan,nan,nan,nan,-2.3215263,-63.318291,-0.18697762,-55.798809,9296.833,nan,-49.158394
nan,nan,nan,nan,nan,nan,nan,nan,-2.3398395,-62.992168,-0.18682739,-55.562656,9370.6172,nan,-48.950645
nan,nan,nan,nan,nan,nan,nan,nan,-2.3581376,-62.80167,-0.18667597,-55.32589,9444.3408,nan,-48.742325
nan,nan,nan,nan,nan,nan,nan,nan,-2.376421,-62.452797,-0.18652336,-55.088535,9518.0049,nan,-48.533455
nan,nan,nan,nan,nan,nan,nan,nan,-2.3946893,-62.273956,-0.18636957,-54.850601,9591.6074,nan,-48.324051
nan,nan,nan,nan,nan,nan,nan,nan,-2.4129426,-62.055592,-0.18621461,-54.612114,9665.1504,nan,-48.114128
nan,nan,nan,nan,nan,nan,nan,nan,-2.4311805,-61.743401,-0.18605848,-54.373089,9738.6309,nan,-47.903702
nan,nan,nan,nan,nan,nan,nan,nan,-2.4494033,-61.584179,-0.18590117,-54.133545,9812.0508,nan,-47.692791
nan,nan,nan,nan,nan,nan,nan,nan,-2.4676104,-61.199482,-0.18574268,-53.893497,9885.4072,nan,-47.481407
nan,nan,nan,nan,nan,nan,nan,nan,-2.4858019,-61.015808,-0.18558303,-53.652966,9958.7012,nan,-47.269569
nan,nan,nan,nan,nan,nan,nan,nan,-2.5039778,-60.835545,-0.1854222,-53.411972,10031.932,nan,-47.057293
nan,nan,nan,nan,nan,nan,nan,nan,-2.5221379,-60.56316,-0.18526019,-53.170532,10105.099,nan,-46.844597
nan,nan,nan,nan,nan,nan,nan,nan,-2.540282,-60.239594,-0.18509701,-52.928665,10178.202,nan,-46.631493
nan,nan,nan,nan,nan,nan,nan,nan,-2.5584102,-59.980003,-0.18493268,-52.686386,10251.24,nan,-46.417995
nan,nan,nan,nan,nan,nan,nan,nan,-2.5765219,-59.804005,-0.18476717,-52.443714,10324.213,nan,-46.204128
nan,nan,nan,nan,nan,nan,nan,nan,-2.5946176,-59.600143,-0.18460049,-52.200668,10397.12,nan,-45.989899
nan,nan,nan,nan,nan,nan,nan,nan,-2.6126969,-59.267193,-0.18443264,-51.957268,10469.962,nan,-45.77533
nan,nan,nan,nan,nan,nan,nan,nan,-2.6307597,-59.09745,-0.18426363,-51.713528,10542.737,nan,-45.560432
nan,nan,nan,nan,nan,nan,nan,nan,-2.6488059,-58.783554,-0.18409346,-51.469471,10615.445,nan,-45.345226
nan,nan,nan,nan,nan,nan,nan,nan,-2.6668351,-58.437813,-0.18392213,-51.225109,10688.086,nan,-45.129723
nan,nan,nan,nan,nan,nan,nan,nan,-2.6848476,-58.234234,-0.18374963,-50.980465,10760.658,nan,-44.91394
nan,nan,nan,nan,nan,nan,nan,nan,-2.7028432,-57.93256,-0.18357599,-50.735554,10833.163,nan,-44.697895
nan,nan,nan,nan,nan,nan,nan,nan,-2.7208219,-57.762817,-0.18340117,-50.490391,10905.599,nan,-44.481602
nan,nan,nan,nan,nan,nan,nan,nan,-2.7387831,-57.459442,-0.18322518,-50.245003,10977.965,nan,-44.265072
nan,nan,nan,nan,nan,nan,nan,nan,-2.7567272,-57.228851,-0.18304805,-49.999397,11050.262,nan,-44.048328
nan,nan,nan,nan,nan,nan,nan,nan,-2.7746539,-57.050011,-0.18286978,-49.753597,11122.488,nan,-43.831387
nan,nan,nan,nan,nan,nan,nan,nan,-2.792563,-56.786152,-0.18269032,-49.507618,11194.644,nan,-43.614254
nan,nan,nan,nan,nan,nan,nan,nan,-2.8104544,-56.514622,-0.18250974,-49.261478,11266.729,nan,-43.396954
nan,nan,nan,nan,nan,nan,nan,nan,-2.8283281,-56.319004,-0.18232799,-49.015198,11338.742,nan,-43.179497
nan,nan,nan,nan,nan,nan,nan,nan,-2.846184,-55.955063,-0.18214507,-48.768787,11410.684,nan,-42.961899
nan,nan,nan,nan,nan,nan,nan,nan,-2.8640218,-55.825127,-0.18196103,-48.52227,11482.553,nan,-42.744179
nan,nan,nan,nan,nan,nan,nan,nan,-2.8818417,-55.45351,-0.18177582,-48.275658,11554.349,nan,-42.526344
nan,nan,nan,nan,nan,nan,nan,nan,-2.8996432,-55.299404,-0.18158948,-48.028973,11626.071,nan,-42.308418
nan,nan,nan,nan,nan,nan,nan,nan,-2.9174263,-54.931202,-0.18140198,-47.78223,11697.72,nan,-42.090416
nan,nan,nan,nan,nan,nan,nan,nan,-2.9351912,-54.721367,-0.18121333,-47.535446,11769.295,nan,-41.872345
nan,nan,nan,nan,nan,nan,nan,nan,-2.9529376,-54.549351,-0.18102355,-47.288639,11840.795,nan,-41.654224
nan,nan,nan,nan,nan,nan,nan,nan,-2.9706652,-54.205029,-0.18083262,-47.041821,11912.22,nan,-41.436069
nan,nan,nan,nan,nan,nan,nan,nan,-2.988374,-54.039551,-0.18064055,-46.795013,11983.568,nan,-41.217892
nan,nan,nan,nan,nan,nan,nan,nan,-3.0060639,-53.734467,-0.18044734,-46.548233,12054.842,nan,-40.99971
nan,nan,nan,nan,nan,nan,nan,nan,-3.023735,-53.514114,-0.18025298,-46.301491,12126.038,nan,-40.78154
nan,nan,nan,nan,nan,nan,nan,nan,-3.0413868,-53.370243,-0.1800575,-46.05481,12197.158,nan,-40.563389
nan,nan,nan,nan,nan,nan,nan,nan,-3.0590196,-53.021091,-0.17986086,-45.808201,12268.2,nan,-40.345276
nan,nan,nan,nan,nan,nan,nan,nan,-3.076633,-52.730507,-0.17966311,-45.56168,12339.165,nan,-40.127216
nan,nan,nan,nan,nan,nan,nan,nan,-3.0942271,-52.562469,-0.17946421,-45.315269,12410.051,nan,-39.909222
nan,nan,nan,nan,nan,nan,nan,nan,-3.1118014,-52.365433,-0.17926417,-45.068977,12480.858,nan,-39.691307
nan,nan,nan,nan,nan,nan,nan,nan,-3.1293561,-52.091908,-0.17906301,-44.822826,12551.587,nan,-39.473484
nan,nan,nan,nan,nan,nan,nan,nan,-3.1468911,-51.819523,-0.17886071,-44.576824,12622.235,nan,-39.255772
nan,nan,nan,nan,nan,nan,nan,nan,-3.1644061,-51.548557,-0.17865728,-44.330994,12692.804,nan,-39.038181
nan,nan,nan,nan,nan,nan,nan,nan,-3.1819012,-51.294937,-0.17845273,-44.08535,12763.292,nan,-38.820724
nan,nan,nan,nan,nan,nan,nan,nan,-3.1993763,-51.057808,-0.17824705,-43.839901,12833.698,nan,-38.603416
nan,nan,nan,nan,nan,nan,nan,nan,-3.2168312,-50.843712,-0.17804024,-43.594669,12904.024,nan,-38.386272
nan,nan,nan,nan,nan,nan,nan,nan,-3.2342656,-50.583549,-0.17783231,-43.349667,12974.268,nan,-38.169304
nan,nan,nan,nan,nan,nan,nan,nan,-3.2516797,-50.296097,-0.17762324,-43.104908,13044.43,nan,-37.952522
nan,nan,nan,nan,nan,nan,nan,nan,-3.2690732,-50.054417,-0.17741308,-42.860409,13114.508,nan,-37.735943
nan,nan,nan,nan,nan,nan,nan,nan,-3.2864461,-49.81871,-0.17720178,-42.616184,13184.503,nan,-37.519581
nan,nan,nan,nan,nan,nan,nan,nan,-3.3037982,-49.603191,-0.17698936,-42.372246,13254.415,nan,-37.303444
nan,nan,nan,nan,nan,nan,nan,nan,-3.3211293,-49.29697,-0.17677581,-42.128613,13324.243,nan,-37.087551
nan,nan,nan,nan,nan,nan,nan,nan,-3.3384397,-49.092537,-0.17656116,-41.885296,13393.986,nan,-36.87191
nan,nan,nan,nan,nan,nan,nan,nan,-3.3557289,-48.75618,-0.17634541,-41.642311,13463.645,nan,-36.656536
nan,nan,nan,nan,nan,nan,nan,nan,-3.3729968,-48.616005,-0.17612852,-41.39967,13533.217,nan,-36.441441
nan,nan,nan,nan,nan,nan,nan,nan,-3.3902435,-48.364658,-0.17591053,-41.157387,13602.704,nan,-36.226635
nan,nan,nan,nan,nan,nan,nan,nan,-3.4074688,-48.134922,-0.17569143,-40.915478,13672.104,nan,-36.012135
nan,nan,nan,nan,nan,nan,nan,nan,-3.4246724,-47.820744,-0.17547122,-40.67395,13741.419,nan,-35.797947
nan,nan,nan,nan,nan,nan,nan,nan,-3.4418545,-47.670902,-0.17524989,-40.432827,13810.646,nan,-35.584087
nan,nan,nan,nan,nan,nan,nan,nan,-3.4590149,-47.468178,-0.17502746,-40.192116,13879.785,nan,-35.370567
nan,nan,nan,nan,nan,nan,nan,nan,-3.4761534,-47.193802,-0.17480393,-39.951828,13948.836,nan,-35.157398
nan,nan,nan,nan,nan,nan,nan,nan,-3.4932699,-47.011547,-0.17457928,-39.711983,14017.799,nan,-34.944592
nan,nan,nan,nan,nan,nan,nan,nan,-3.5103645,-46.765888,-0.17435354,-39.472584,14086.673,nan,-34.732155
nan,nan,nan,nan,nan,nan,nan,nan,-3.5274367,-46.442608,-0.1741267,-39.23365,14155.457,nan,-34.520107
nan,nan,nan,nan,nan,nan,nan,nan,-3.5444868,-46.305561,-0.17389876,-38.995197,14224.152,nan,-34.308456
nan,nan,nan,nan,nan,nan,nan,nan,-3.5615146,-46.061893,-0.17366971,-38.757229,14292.757,nan,-34.09721
nan,nan,nan,nan,nan,nan,nan,nan,-3.5785196,-45.778702,-0.17343958,-38.519764,14361.271,nan,-33.886387
nan,nan,nan,nan,nan,nan,nan,nan,-3.5955021,-45.474472,-0.17320834,-38.28281,14429.693,nan,-33.675987
nan,nan,nan,nan,nan,nan,nan,nan,-3.612462,-45.285393,-0.17297602,-38.046379,14498.024,nan,-33.46603
nan,nan,nan,nan,nan,nan,nan,nan,-3.6293991,-45.067314,-0.17274259,-37.810486,14566.265,nan,-33.256523
nan,nan,nan,nan,nan,nan,nan,nan,-3.6463132,-44.730103,-0.17250809,-37.575142,14634.411,nan,-33.047478
nan,nan,nan,nan,nan,nan,nan,nan,-3.6632042,-44.628597,-0.17227249,-37.340359,14702.466,nan,-32.838902
nan,nan,nan,nan,nan,nan,nan,nan,-3.6800721,-44.392323,-0.1720358,-37.106144,14770.427,nan,-32.630806
nan,nan,nan,nan,nan,nan,nan,nan,-3.6969168,-44.172821,-0.17179802,-36.872509,14838.294,nan,-32.423199
nan,nan,nan,nan,nan,nan,nan,nan,-3.7137382,-43.97237,-0.17155915,-36.639469,14906.067,nan,-32.216095
nan,nan,nan,nan,nan,nan,nan,nan,-3.730536,-43.696857,-0.17131922,-36.407032,14973.746,nan,-32.009502
nan,nan,nan,nan,nan,nan,nan,nan,-3.7473104,-43.461433,-0.17107819,-36.175209,15041.33,nan,-31.803429
nan,nan,nan,nan,nan,nan,nan,nan,-3.764061,-43.339741,-0.17083608,-35.944008,15108.818,nan,-31.597885
nan,nan,nan,nan,nan,nan,nan,nan,-3.7807879,-42.944527,-0.17059289,-35.713444,15176.211,nan,-31.392879
nan,nan,nan,nan,nan,nan,nan,nan,-3.7974908,-42.852406,-0.17034863,-35.483521,15243.508,nan,-31.188419
nan,nan,nan,nan,nan,nan,nan,nan,-3.8141699,-42.645699,-0.1701033,-35.254253,15310.707,nan,-30.984518
nan,nan,nan,nan,nan,nan,nan,nan,-3.8308249,-42.442406,-0.16985688,-35.02565,15377.81,nan,-30.781179
nan,nan,nan,nan,nan,nan,nan,nan,-3.8474555,-42.172009,-0.1696094,-34.797718,15444.815,nan,-30.578417
nan,nan,nan,nan,nan,nan,nan,nan,-3.8640618,-42.003689,-0.16936083,-34.570469,15511.723,nan,-30.376236
nan,nan,nan,nan,nan,nan,nan,nan,-3.8806438,-41.782196,-0.16911121,-34.343914,15578.531,nan,-30.174644
nan,nan,nan,nan,nan,nan,nan,nan,-3.8972013,-41.557579,-0.16886051,-34.118057,15645.242,nan,-29.973652
nan,nan,nan,nan,nan,nan,nan,nan,-3.9137342,-41.178001,-0.16860874,-33.89291,15711.853,nan,-29.773268
nan,nan,nan,nan,nan,nan,nan,nan,-3.9302423,-41.069672,-0.16835591,-33.66848,15778.364,nan,-29.573496
nan,nan,nan,nan,nan,nan,nan,nan,-3.9467256,-40.827995,-0.16810203,-33.444778,15844.776,nan,-29.374348
nan,nan,nan,nan,nan,nan,nan,nan,-3.9631841,-40.601101,-0.16784707,-33.221813,15911.087,nan,-29.175829
nan,nan,nan,nan,nan,nan,nan,nan,-3.9796174,-40.405769,-0.16759107,-32.999588,15977.297,nan,-28.977947
nan,nan,nan,nan,nan,nan,nan,nan,-3.9960256,-40.232613,-0.16733399,-32.778114,16043.406,nan,-28.78071
nan,nan,nan,nan,nan,nan,nan,nan,-4.0124087,-39.984962,-0.16707586,-32.5574,16109.413,nan,-28.584126
nan,nan,nan,nan,nan,nan,nan,nan,-4.0287662,-39.79105,-0.16681668,-32.337452,16175.318,nan,-28.388199
nan,nan,nan,nan,nan,nan,nan,nan,-4.0450983,-39.586052,-0.16655643,-32.118275,16241.121,nan,-28.192936
nan,nan,nan,nan,nan,nan,nan,nan,-4.0614052,-39.407494,-0.16629516,-31.899881,16306.82,nan,-27.998346
nan,nan,nan,nan,nan,nan,nan,nan,-4.0776863,-39.023651,-0.16603281,-31.682276,16372.417,nan,-27.804436
nan,nan,nan,nan,nan,nan,nan,nan,-4.0939412,-38.903381,-0.16576943,-31.465464,16437.908,nan,-27.61121
nan,nan,nan,nan,nan,nan,nan,nan,-4.1101708,-38.841396,-0.16550499,-31.249453,16503.297,nan,-27.418674
nan,nan,nan,nan,nan,nan,nan,nan,-4.1263742,-38.484283,-0.16523951,-31.03425,16568.58,nan,-27.226835
nan,nan,nan,nan,nan,nan,nan,nan,-4.1425514,-38.3134,-0.16497298,-30.819862,16633.76,nan,-27.0357
nan,nan,nan,nan,nan,nan,nan,nan,-4.1587029,-37.985573,-0.16470541,-30.606295,16698.832,nan,-26.845272
nan,nan,nan,nan,nan,nan,nan,nan,-4.1748276,-37.900558,-0.1644368,-30.393553,16763.801,nan,-26.655558
nan,nan,nan,nan,nan,nan,nan,nan,-4.1909261,-37.731667,-0.16416717,-30.181643,16828.662,nan,-26.466564
nan,nan,nan,nan,nan,nan,nan,nan,-4.2069983,-37.526382,-0.16389649,-29.97057,16893.416,nan,-26.278294
nan,nan,nan,nan,nan,nan,nan,nan,-4.2230434,-37.351807,-0.16362476,-29.760342,16958.064,nan,-26.090755
nan,nan,nan,nan,nan,nan,nan,nan,-4.2390623,-37.089943,-0.16335201,-29.550961,17022.604,nan,-25.90395
nan,nan,nan,nan,nan,nan,nan,nan,-4.2550545,-36.923042,-0.16307823,-29.342434,17087.035,nan,-25.717884
nan,nan,nan,nan,nan,nan,nan,nan,-4.2710199,-36.725719,-0.16280341,-29.134766,17151.359,nan,-25.532562
nan,nan,nan,nan,nan,nan,nan,nan,-4.2869577,-36.553986,-0.16252758,-28.927959,17215.574,nan,-25.347988
nan,nan,nan,nan,nan,nan,nan,nan,-4.3028688,-36.264824,-0.16225071,-28.722021,17279.68,nan,-25.164167
nan,nan,nan,nan,nan,nan,nan,nan,-4.3187528,-36.194595,-0.16197281,-28.516956,17343.678,nan,-24.981102
nan,nan,nan,nan,nan,nan,nan,nan,-4.3346095,-35.921356,-0.1616939,-28.312767,17407.564,nan,-24.7988
nan,nan,nan,nan,nan,nan,nan,nan,-4.3504391,-35.704414,-0.16141395,-28.109457,17471.34,nan,-24.61726
nan,nan,nan,nan,nan,nan,nan,nan,-4.3662405,-35.532394,-0.16113301,-27.907032,17535.006,nan,-24.436491
nan,nan,nan,nan,nan,nan,nan,nan,-4.3820148,-35.387104,-0.16085103,-27.705494,17598.561,nan,-24.256491
nan,nan,nan,nan,nan,nan,nan,nan,-4.3977613,-35.106472,-0.16056804,-27.504847,17662.002,nan,-24.077269
nan,nan,nan,nan,nan,nan,nan,nan,-4.4134803,-35.015488,-0.16028403,-27.305096,17725.334,nan,-23.898823
nan,nan,nan,nan,nan,nan,nan,nan,-4.4291711,-34.766701,-0.15999901,-27.106241,17788.553,nan,-23.721161
nan,nan,nan,nan,nan,nan,nan,nan,-4.4448338,-34.543789,-0.15971299,-26.908287,17851.658,nan,-23.544281
nan,nan,nan,nan,nan,nan,nan,nan,-4.4604688,-34.376606,-0.15942596,-26.711237,17914.652,nan,-23.368189
nan,nan,nan,nan,nan,nan,nan,nan,-4.4760756,-34.18639,-0.1591379,-26.515095,17977.531,nan,-23.192886
nan,nan,nan,nan,nan,nan,nan,nan,-4.4916539,-34.150566,-0.15884887,-26.319859,18040.297,nan,-23.018377
nan,nan,nan,nan,nan,nan,nan,nan,-4.5072041,-33.875904,-0.15855882,-26.125534,18102.947,nan,-22.844662
nan,nan,nan,nan,nan,nan,nan,nan,-4.5227256,-33.824726,-0.15826775,-25.932123,18165.484,nan,-22.671743
nan,nan,nan,nan,nan,nan,nan,nan,-4.5382185,-33.404774,-0.1579757,-25.739628,18227.904,nan,-22.499624
nan,nan,nan,nan,nan,nan,nan,nan,-4.5536828,-33.279102,-0.15768266,-25.548048,18290.211,nan,-22.328304
nan,nan,nan,nan,nan,nan,nan,nan,-4.569118,-33.264317,-0.15738861,-25.357388,18352.4,nan,-22.157787
nan,nan,nan,nan,nan,nan,nan,nan,-4.5845251,-32.987667,-0.15709357,-25.167646,18414.475,nan,-21.988075
nan,nan,nan,nan,nan,nan,nan,nan,-4.5999026,-32.74229,-0.15679753,-24.978827,18476.432,nan,-21.819168
nan,nan,nan,nan,nan,nan,nan,nan,-4.6152515,-32.517387,-0.1565005,-24.790928,18538.271,nan,-21.651068
nan,nan,nan,nan,nan,nan,nan,nan,-4.6305709,-32.359871,-0.1562025,-24.603954,18599.994,nan,-21.483774
nan,nan,nan,nan,nan,nan,nan,nan,-4.6458611,-32.308693,-0.1559035,-24.417904,18661.6,nan,-21.317291
nan,nan,nan,nan,nan,nan,nan,nan,-4.6611218,-32.016117,-0.15560351,-24.232779,18723.086,nan,-21.151615
nan,nan,nan,nan,nan,nan,nan,nan,-4.6763535,-31.94589,-0.15530255,-24.048578,18784.453,nan,-20.986752
nan,nan,nan,nan,nan,nan,nan,nan,-4.6915555,-31.697388,-0.1550006,-23.865305,18845.701,nan,-20.822699
nan,nan,nan,nan,nan,nan,nan,nan,-4.706728,-31.496653,-0.15469767,-23.682957,18906.832,nan,-20.659458
nan,nan,nan,nan,nan,nan,nan,nan,-4.7218704,-31.477034,-0.15439378,-23.501534,18967.84,nan,-20.497028
nan,nan,nan,nan,nan,nan,nan,nan,-4.7369833,-31.127312,-0.1540889,-23.321037,19028.73,nan,-20.335411
nan,nan,nan,nan,nan,nan,nan,nan,-4.7520661,-31.04571,-0.15378304,-23.141464,19089.5,nan,-20.174604
nan,nan,nan,nan,nan,nan,nan,nan,-4.7671189,-30.869143,-0.15347622,-22.962818,19150.146,nan,-20.01461
nan,nan,nan,nan,nan,nan,nan,nan,-4.7821417,-30.664995,-0.15316842,-22.785097,19210.674,nan,-19.855429
nan,nan,nan,nan,nan,nan,nan,nan,-4.7971339,-30.440092,-0.15285967,-22.608297,19271.078,nan,-19.697058
nan,nan,nan,nan,nan,nan,nan,nan,-4.8120961,-30.215757,-0.15254994,-22.432423,19331.361,nan,-19.539497
nan,nan,nan,nan,nan,nan,nan,nan,-4.8270278,-30.121077,-0.15223925,-22.257469,19391.521,nan,-19.382748
nan,nan,nan,nan,nan,nan,nan,nan,-4.8419294,-30.059662,-0.15192761,-22.083435,19451.559,nan,-19.226809
nan,nan,nan,nan,nan,nan,nan,nan,-4.8568001,-29.852386,-0.15161499,-21.910322,19511.475,nan,-19.071676
nan,nan,nan,nan,nan,nan,nan,nan,-4.8716402,-29.676388,-0.15130143,-21.738127,19571.264,nan,-18.917353
nan,nan,nan,nan,nan,nan,nan,nan,-4.8864493,-29.3841,-0.15098689,-21.566847,19630.932,nan,-18.763834
nan,nan,nan,nan,nan,nan,nan,nan,-4.901228,-29.340313,-0.15067142,-21.396482,19690.473,nan,-18.611122
nan,nan,nan,nan,nan,nan,nan,nan,-4.9159751,-29.071341,-0.150355,-21.22703,19749.891,nan,-18.459213
nan,nan,nan,nan,nan,nan,nan,nan,-4.9306917,-28.961306,-0.15003762,-21.058489,19809.184,nan,-18.308107
nan,nan,nan,nan,nan,nan,nan,nan,-4.9453769,-28.767109,-0.14971928,-20.890856,19868.352,nan,-18.157801
nan,nan,nan,nan,nan,nan,nan,nan,-4.960031,-28.623524,-0.14940001,-20.724129,19927.393,nan,-18.008295
nan,nan,nan,nan,nan,nan,nan,nan,-4.9746537,-28.444113,-0.1490798,-20.558308,19986.307,nan,-17.859585
nan,nan,nan,nan,nan,nan,nan,nan,-4.9892449,-28.300243,-0.14875865,-20.393385,20045.096,nan,-17.71167
nan,nan,nan,nan,nan,nan,nan,nan,-5.0038047,-28.265556,-0.14843655,-20.229362,20103.756,nan,-17.564548
nan,nan,nan,nan,nan,nan,nan,nan,-5.018333,-27.908442,-0.14811352,-20.066236,20162.291,nan,-17.418219
nan,nan,nan,nan,nan,nan,nan,nan,-5.0328293,-27.844183,-0.14778954,-19.904003,20220.697,nan,-17.272676
nan,nan,nan,nan,nan,nan,nan,nan,-5.0472941,-27.686096,-0.14746465,-19.742661,20278.975,nan,-17.127922
nan,nan,nan,nan,nan,nan,nan,nan,-5.061727,-27.545639,-0.1471388,-19.582203,20337.125,nan,-16.98395
nan,nan,nan,nan,nan,nan,nan,nan,-5.0761275,-27.400633,-0.14681204,-19.42263,20395.146,nan,-16.840759
nan,nan,nan,nan,nan,nan,nan,nan,-5.0904965,-27.22776,-0.14648435,-19.263937,20453.039,nan,-16.698347
nan,nan,nan,nan,nan,nan,nan,nan,-5.1048331,-27.121706,-0.14615573,-19.106121,20510.801,nan,-16.556711
nan,nan,nan,nan,nan,nan,nan,nan,-5.1191373,-26.921541,-0.14582619,-18.949177,20568.434,nan,-16.415846
nan,nan,nan,nan,nan,nan,nan,nan,-5.1334095,-26.748669,-0.14549573,-18.793104,20625.936,nan,-16.275751
nan,nan,nan,nan,nan,nan,nan,nan,-5.1476488,-26.590015,-0.14516436,-18.637896,20683.307,nan,-16.136423
nan,nan,nan,nan,nan,nan,nan,nan,-5.1618562,-26.453253,-0.14483206,-18.483549,20740.547,nan,-15.997857
nan,nan,nan,nan,nan,nan,nan,nan,-5.1760306,-26.327011,-0.14449884,-18.330059,20797.656,nan,-15.860052
nan,nan,nan,nan,nan,nan,nan,nan,-5.1901722,-26.114904,-0.14416473,-18.177423,20854.633,nan,-15.723002
nan,nan,nan,nan,nan,nan,nan,nan,-5.2042813,-26.016525,-0.14382969,-18.025635,20911.479,nan,-15.586706
nan,nan,nan,nan,nan,nan,nan,nan,-5.2183576,-25.85446,-0.14349374,-17.874693,20968.191,nan,-15.451159
nan,nan,nan,nan,nan,nan,nan,nan,-5.2324004,-25.730494,-0.1431569,-17.72459,21024.771,nan,-15.316358
nan,nan,nan,nan,nan,nan,nan,nan,-5.2464108,-25.650028,-0.14281914,-17.575323,21081.219,nan,-15.182298
nan,nan,nan,nan,nan,nan,nan,nan,-5.2603879,-25.405506,-0.14248048,-17.426888,21137.531,nan,-15.048975
nan,nan,nan,nan,nan,nan,nan,nan,-5.2743316,-25.26647,-0.14214092,-17.279278,21193.711,nan,-14.916388
nan,nan,nan,nan,nan,nan,nan,nan,-5.2882419,-25.113787,-0.14180048,-17.13249,21249.756,nan,-14.784529
nan,nan,nan,nan,nan,nan,nan,nan,-5.3021188,-24.985271,-0.14145912,-16.986517,21305.668,nan,-14.653397
nan,nan,nan,nan,nan,nan,nan,nan,-5.3159623,-24.861019,-0.14111689,-16.841356,21361.443,nan,-14.522985
nan,nan,nan,nan,nan,nan,nan,nan,-5.3297725,-24.640097,-0.14077374,-16.697002,21417.084,nan,-14.393291
nan,nan,nan,nan,nan,nan,nan,nan,-5.3435488,-24.535181,-0.14042972,-16.55345,21472.588,nan,-14.26431
nan,nan,nan,nan,nan,nan,nan,nan,-5.3572912,-24.388184,-0.14008482,-16.410692,21527.957,nan,-14.136037
nan,nan,nan,nan,nan,nan,nan,nan,-5.3709998,-24.316532,-0.13973902,-16.268724,21583.189,nan,-14.008469
nan,nan,nan,nan,nan,nan,nan,nan,-5.3846745,-24.121201,-0.13939235,-16.127541,21638.285,nan,-13.881598
nan,nan,nan,nan,nan,nan,nan,nan,-5.3983154,-23.923592,-0.13904479,-15.987139,21693.244,nan,-13.755424
nan,nan,nan,nan,nan,nan,nan,nan,-5.411922,-23.90568,-0.13869634,-15.847509,21748.066,nan,-13.629938
nan,nan,nan,nan,nan,nan,nan,nan,-5.4254947,-23.714043,-0.13834703,-15.708648,21802.75,nan,-13.505138
nan,nan,nan,nan,nan,nan,nan,nan,-5.439033,-23.662294,-0.13799685,-15.570549,21857.295,nan,-13.381019
nan,nan,nan,nan,nan,nan,nan,nan,-5.4525366,-23.415499,-0.1376458,-15.433207,21911.701,nan,-13.257574
nan,nan,nan,nan,nan,nan,nan,nan,-5.4660063,-23.42346,-0.13729386,-15.296615,21965.971,nan,-13.1348
nan,nan,nan,nan,nan,nan,nan,nan,-5.4794412,-23.178654,-0.13694108,-15.160768,22020.1,nan,-13.012691
nan,nan,nan,nan,nan,nan,nan,nan,-5.4928412,-22.992136,-0.13658741,-15.025659,22074.09,nan,-12.891243
nan,nan,nan,nan,nan,nan,nan,nan,-5.506207,-22.821823,-0.13623288,-14.891283,22127.939,nan,-12.770449
nan,nan,nan,nan,nan,nan,nan,nan,-5.5195379,-22.799931,-0.1358775,-14.757634,22181.65,nan,-12.650305
nan,nan,nan,nan,nan,nan,nan,nan,-5.5328336,-22.645824,-0.13552126,-14.624705,22235.219,nan,-12.530806
nan,nan,nan,nan,nan,nan,nan,nan,-5.5460949,-22.503946,-0.13516417,-14.49249,22288.648,nan,-12.411946
nan,nan,nan,nan,nan,nan,nan,nan,-5.5593209,-22.291553,-0.13480622,-14.360983,22341.936,nan,-12.29372
nan,nan,nan,nan,nan,nan,nan,nan,-5.5725117,-22.326525,-0.13444741,-14.230177,22395.082,nan,-12.176122
nan,nan,nan,nan,nan,nan,nan,nan,-5.5856671,-22.05158,-0.13408777,-14.100066,22448.086,nan,-12.059147
nan,nan,nan,nan,nan,nan,nan,nan,-5.5987878,-22.028835,-0.13372727,-13.970644,22500.947,nan,-11.94279
nan,nan,nan,nan,nan,nan,nan,nan,-5.6118727,-21.776352,-0.13336593,-13.841904,22553.668,nan,-11.827044
nan,nan,nan,nan,nan,nan,nan,nan,-5.6249223,-21.759008,-0.13300374,-13.71384,22606.244,nan,-11.711905
nan,nan,nan,nan,nan,nan,nan,nan,-5.6379361,-21.540359,-0.13264072,-13.586443,22658.678,nan,-11.597367
nan,nan,nan,nan,nan,nan,nan,nan,-5.6509147,-21.322565,-0.13227685,-13.45971,22710.969,nan,-11.483424
nan,nan,nan,nan,nan,nan,nan,nan,-5.6638575,-21.234423,-0.13191216,-13.333632,22763.115,nan,-11.37007
nan,nan,nan,nan,nan,nan,nan,nan,-5.6767645,-21.122683,-0.13154662,-13.208203,22815.117,nan,-11.257299
nan,nan,nan,nan,nan,nan,nan,nan,-5.6896353,-21.063543,-0.13118026,-13.083417,22866.975,nan,-11.145107
nan,nan,nan,nan,nan,nan,nan,nan,-5.7024708,-20.82613,-0.13081306,-12.959266,22918.688,nan,-11.033486
nan,nan,nan,nan,nan,nan,nan,nan,-5.7152696,-20.851151,-0.13044505,-12.835743,22970.256,nan,-10.922432
nan,nan,nan,nan,nan,nan,nan,nan,-5.7280326,-20.724625,-0.13007621,-12.712842,23021.678,nan,-10.811938
nan,nan,nan,nan,nan,nan,nan,nan,-5.7407594,-20.471004,-0.12970655,-12.590556,23072.955,nan,-10.701999
nan,nan,nan,nan,nan,nan,nan,nan,-5.7534504,-20.329693,-0.12933606,-12.468879,23124.084,nan,-10.592607
nan,nan,nan,nan,nan,nan,nan,nan,-5.7661042,-20.224209,-0.12896477,-12.347803,23175.068,nan,-10.483759
nan,nan,nan,nan,nan,nan,nan,nan,-5.7787223,-20.108772,-0.12859266,-12.227321,23225.906,nan,-10.375446
nan,nan,nan,nan,nan,nan,nan,nan,-5.7913036,-19.952391,-0.12821972,-12.107426,23276.598,nan,-10.267666
nan,nan,nan,nan,nan,nan,nan,nan,-5.8038483,-19.850033,-0.12784599,-11.988111,23327.139,nan,-10.160409
nan,nan,nan,nan,nan,nan,nan,nan,-5.8163567,-19.805393,-0.12747145,-11.869371,23377.535,nan,-10.053671
nan,nan,nan,nan,nan,nan,nan,nan,-5.8288279,-19.636503,-0.1270961,-11.751197,23427.781,nan,-9.9474459
nan,nan,nan,nan,nan,nan,nan,nan,-5.8412623,-19.491213,-0.12671995,-11.633582,23477.881,nan,-9.8417263
nan,nan,nan,nan,nan,nan,nan,nan,-5.8536601,-19.383167,-0.126343,-11.51652,23527.832,nan,-9.7365084
nan,nan,nan,nan,nan,nan,nan,nan,-5.8660207,-19.345068,-0.12596524,-11.400002,23577.633,nan,-9.6317844
nan,nan,nan,nan,nan,nan,nan,nan,-5.8783441,-19.190962,-0.1255867,-11.284024,23627.285,nan,-9.5275488
nan,nan,nan,nan,nan,nan,nan,nan,-5.8906307,-18.983404,-0.12520736,-11.168577,23676.787,nan,-9.4237967
nan,nan,nan,nan,nan,nan,nan,nan,-5.9028802,-18.862848,-0.12482723,-11.053655,23726.139,nan,-9.3205194
nan,nan,nan,nan,nan,nan,nan,nan,-5.915092,-18.78153,-0.12444631,-10.939249,23775.342,nan,-9.2177124
nan,nan,nan,nan,nan,nan,nan,nan,-5.9272666,-18.67832,-0.12406461,-10.825355,23824.393,nan,-9.1153708
nan,nan,nan,nan,nan,nan,nan,nan,-5.939404,-18.60667,-0.12368212,-10.711963,23873.293,nan,-9.0134859
nan,nan,nan,nan,nan,nan,nan,nan,-5.9515038,-18.447163,-0.12329885,-10.599068,23922.043,nan,-8.9120531
nan,nan,nan,nan,nan,nan,nan,nan,-5.9635658,-18.352196,-0.12291481,-10.486661,23970.643,nan,-8.8110666
nan,nan,nan,nan,nan,nan,nan,nan,-5.9755902,-18.046829,-0.12252998,-10.374738,24019.088,nan,-8.7105198
nan,nan,nan,nan,nan,nan,nan,nan,-5.9875765,-18.045692,-0.12214439,-10.263289,24067.383,nan,-8.6104059
nan,nan,nan,nan,nan,nan,nan,nan,-5.9995255,-17.967787,-0.12175801,-10.152308,24115.525,nan,-8.5107212
nan,nan,nan,nan,nan,nan,nan,nan,-6.0114365,-17.764492,-0.12137087,-10.04179,24163.514,nan,-8.4114571
nan,nan,nan,nan,nan,nan,nan,nan,-6.0233097,-17.637114,-0.12098297,-9.9317245,24211.35,nan,-8.3126078
nan,nan,nan,nan,nan,nan,nan,nan,-6.0351443,-17.559208,-0.1205943,-9.8221073,24259.033,nan,-8.2141695
nan,nan,nan,nan,nan,nan,nan,nan,-6.0469413,-17.496941,-0.12020487,-9.7129307,24306.562,nan,-8.1161337
nan,nan,nan,nan,nan,nan,nan,nan,-6.0587001,-17.370983,-0.11981469,-9.604187,24353.939,nan,-8.0184956
nan,nan,nan,nan,nan,nan,nan,nan,-6.0704203,-17.228819,-0.11942374,-9.4958706,24401.16,nan,-7.9212484
nan,nan,nan,nan,nan,nan,nan,nan,-6.0821023,-17.149776,-0.11903203,-9.3879738,24448.227,nan,-7.8243871
nan,nan,nan,nan,nan,nan,nan,nan,-6.0937457,-17.055664,-0.11863958,-9.2804899,24495.139,nan,-7.7279058
nan,nan,nan,nan,nan,nan,nan,nan,-6.105351,-16.886774,-0.11824638,-9.1734114,24541.896,nan,-7.6317973
nan,nan,nan,nan,nan,nan,nan,nan,-6.1169176,-16.831329,-0.11785243,-9.0667334,24588.498,nan,-7.536057
nan,nan,nan,nan,nan,nan,nan,nan,-6.1284451,-16.740913,-0.11745774,-8.9604464,24634.943,nan,-7.4406781
nan,nan,nan,nan,nan,nan,nan,nan,-6.1399345,-16.593348,-0.1170623,-8.8545465,24681.234,nan,-7.345655
nan,nan,nan,nan,nan,nan,nan,nan,-6.1513848,-16.412516,-0.11666613,-8.7490253,24727.367,nan,-7.2509823
nan,nan,nan,nan,nan,nan,nan,nan,-6.1627965,-16.310442,-0.11626922,-8.6438761,24773.346,nan,-7.1566534
nan,nan,nan,nan,nan,nan,nan,nan,-6.1741691,-16.23737,-0.11587157,-8.539093,24819.166,nan,-7.0626631
nan,nan,nan,nan,nan,nan,nan,nan,-6.185503,-16.153208,-0.1154732,-8.4346685,24864.828,nan,-6.9690056
nan,nan,nan,nan,nan,nan,nan,nan,-6.1967974,-15.901579,-0.11507408,-8.3305979,24910.334,nan,-6.8756742
nan,nan,nan,nan,nan,nan,nan,nan,-6.2080526,-15.935983,-0.11467426,-8.2268715,24955.684,nan,-6.7826648
nan,nan,nan,nan,nan,nan,nan,nan,-6.2192688,-15.661037,-0.1142737,-8.1234856,25000.873,nan,-6.6899705
nan,nan,nan,nan,nan,nan,nan,nan,-6.2304459,-15.638576,-0.11387242,-8.0204325,25045.904,nan,-6.5975862
nan,nan,nan,nan,nan,nan,nan,nan,-6.2415833,-15.570906,-0.11347041,-7.9177065,25090.777,nan,-6.5055056
nan,nan,nan,nan,nan,nan,nan,nan,-6.2526817,-15.492716,-0.1130677,-7.8153005,25135.492,nan,-6.4137239
nan,nan,nan,nan,nan,nan,nan,nan,-6.2637401,-15.249616,-0.11266427,-7.7132082,25180.049,nan,-6.3222356
nan,nan,nan,nan,nan,nan,nan,nan,-6.2747593,-15.19929,-0.11226013,-7.6114235,25224.443,nan,-6.2310343
nan,nan,nan,nan,nan,nan,nan,nan,-6.2857389,-15.033812,-0.11185528,-7.5099401,25268.68,nan,-6.1401157
nan,nan,nan,nan,nan,nan,nan,nan,-6.2966785,-15.011065,-0.11144972,-7.408752,25312.756,nan,-6.0494733
nan,nan,nan,nan,nan,nan,nan,nan,-6.3075786,-14.839047,-0.11104345,-7.3078532,25356.674,nan,-5.9591022
nan,nan,nan,nan,nan,nan,nan,nan,-6.3184385,-14.79327,-0.1106365,-7.2072368,25400.428,nan,-5.8689971
nan,nan,nan,nan,nan,nan,nan,nan,-6.3292589,-14.743513,-0.11022883,-7.1068974,25444.023,nan,-5.7791524
nan,nan,nan,nan,nan,nan,nan,nan,-6.3400393,-14.607321,-0.10982048,-7.0068288,25487.457,nan,-5.6895633
nan,nan,nan,nan,nan,nan,nan,nan,-6.3507795,-14.475961,-0.10941143,-6.9070249,25530.729,nan,-5.600224
nan,nan,nan,nan,nan,nan,nan,nan,-6.3614793,-14.399477,-0.10900168,-6.8074803,25573.84,nan,-5.5111299
nan,nan,nan,nan,nan,nan,nan,nan,-6.3721395,-14.300816,-0.10859125,-6.7081885,25616.789,nan,-5.4222755
nan,nan,nan,nan,nan,nan,nan,nan,-6.3827591,-14.154672,-0.10818014,-6.6091442,25659.576,nan,-5.3336554
nan,nan,nan,nan,nan,nan,nan,nan,-6.3933382,-14.091551,-0.10776833,-6.5103416,25702.199,nan,-5.2452655
nan,nan,nan,nan,nan,nan,nan,nan,-6.4038773,-13.973839,-0.10735586,-6.4117746,25744.662,nan,-5.1570997
nan,nan,nan,nan,nan,nan,nan,nan,-6.4143758,-13.835087,-0.10694269,-6.3134379,25786.959,nan,-5.0691543
nan,nan,nan,nan,nan,nan,nan,nan,-6.4248338,-13.636342,-0.10652886,-6.2153263,25829.096,nan,-4.9814229
nan,nan,nan,nan,nan,nan,nan,nan,-6.4352512,-13.601654,-0.10611435,-6.1174335,25871.066,nan,-4.8939018
nan,nan,nan,nan,nan,nan,nan,nan,-6.4456277,-13.527161,-0.10569917,-6.0197549,25912.875,nan,-4.8065863
nan,nan,nan,nan,nan,nan,nan,nan,-6.4559641,-13.424803,-0.10528333,-5.9222846,25954.52,nan,-4.7194705
nan,nan,nan,nan,nan,nan,nan,nan,-6.466259,-13.360545,-0.10486682,-5.825017,25995.998,nan,-4.6325507
nan,nan,nan,nan,nan,nan,nan,nan,-6.4765139,-13.16777,-0.10444964,-5.7279472,26037.314,nan,-4.5458221
nan,nan,nan,nan,nan,nan,nan,nan,-6.4867272,-13.083894,-0.10403182,-5.6310701,26078.465,nan,-4.4592795
nan,nan,nan,nan,nan,nan,nan,nan,-6.4968996,-13.035843,-0.10361332,-5.5343804,26119.449,nan,-4.3729196
nan,nan,nan,nan,nan,nan,nan,nan,-6.5070314,-12.962486,-0.10319418,-5.4378734,26160.27,nan,-4.2867365
nan,nan,nan,nan,nan,nan,nan,nan,-6.5171218,-12.821176,-0.10277439,-5.3415437,26200.924,nan,-4.2007265
nan,nan,nan,nan,nan,nan,nan,nan,-6.5271707,-12.741848,-0.10235395,-5.2453861,26241.412,nan,-4.1148853
nan,nan,nan,nan,nan,nan,nan,nan,-6.537179,-12.714553,-0.10193285,-5.1493959,26281.734,nan,-4.0292087
nan,nan,nan,nan,nan,nan,nan,nan,-6.5471454,-12.551064,-0.10151111,-5.0535688,26321.891,nan,-3.943692
nan,nan,nan,nan,nan,nan,nan,nan,-6.5570712,-12.327583,-0.10108874,-4.9578996,26361.881,nan,-3.8583312
nan,nan,nan,nan,nan,nan,nan,nan,-6.5669551,-12.38388,-0.10066573,-4.8623834,26401.703,nan,-3.7731221
nan,nan,nan,nan,nan,nan,nan,nan,-6.5767975,-12.192244,-0.10024208,-4.7670164,26441.357,nan,-3.6880608
nan,nan,nan,nan,nan,nan,nan,nan,-6.5865984,-12.028471,-0.09981779,-4.671793,26480.846,nan,-3.603143
nan,nan,nan,nan,nan,nan,nan,nan,-6.5963578,-11.942036,-0.099392876,-4.5767097,26520.166,nan,-3.5183649
nan,nan,nan,nan,nan,nan,nan,nan,-6.6060753,-11.810391,-0.098967336,-4.4817615,26559.318,nan,-3.4337225
nan,nan,nan,nan,nan,nan,nan,nan,-6.6157513,-11.865267,-0.09854117,-4.3869438,26598.303,nan,-3.3492122
nan,nan,nan,nan,nan,nan,nan,nan,-6.6253853,-11.655718,-0.098114379,-4.2922535,26637.119,nan,-3.2648299
nan,nan,nan,nan,nan,nan,nan,nan,-6.6349778,-11.632118,-0.097686969,-4.1976852,26675.768,nan,-3.180572
nan,nan,nan,nan,nan,nan,nan,nan,-6.6445279,-11.502465,-0.097258948,-4.1032352,26714.246,nan,-3.0964348
nan,nan,nan,nan,nan,nan,nan,nan,-6.6540365,-11.395558,-0.096830308,-4.0088997,26752.555,nan,-3.0124149
nan,nan,nan,nan,nan,nan,nan,nan,-6.6635027,-11.327319,-0.096401051,-3.9146743,26790.695,nan,-2.9285085
nan,nan,nan,nan,nan,nan,nan,nan,-6.6729274,-11.243728,-0.095971189,-3.8205554,26828.666,nan,-2.844712
nan,nan,nan,nan,nan,nan,nan,nan,-6.6823092,-11.078817,-0.095540725,-3.7265389,26866.467,nan,-2.7610226
nan,nan,nan,nan,nan,nan,nan,nan,-6.6916494,-11.018825,-0.095109656,-3.6326213,26904.098,nan,-2.6774361
nan,nan,nan,nan,nan,nan,nan,nan,-6.7009468,-10.883485,-0.094677985,-3.5387986,26941.559,nan,-2.5939498
nan,nan,nan,nan,nan,nan,nan,nan,-6.7102022,-10.89173,-0.094245717,-3.4450674,26978.848,nan,-2.5105603
nan,nan,nan,nan,nan,nan,nan,nan,-6.7194152,-10.659719,-0.093812853,-3.351424,27015.967,nan,-2.4272642
nan,nan,nan,nan,nan,nan,nan,nan,-6.7285857,-10.564469,-0.093379393,-3.2578652,27052.914,nan,-2.3440588
nan,nan,nan,nan,nan,nan,nan,nan,-6.7377138,-10.585509,-0.092945345,-3.1643872,27089.691,nan,-2.2609408
nan,nan,nan,nan,nan,nan,nan,nan,-6.7467995,-10.345537,-0.092510715,-3.0709867,27126.297,nan,-2.177907
nan,nan,nan,nan,nan,nan,nan,nan,-6.7558422,-10.320801,-0.092075497,-2.9776609,27162.73,nan,-2.094955
nan,nan,nan,nan,nan,nan,nan,nan,-6.764842,-10.182049,-0.091639698,-2.8844059,27198.992,nan,-2.0120814
nan,nan,nan,nan,nan,nan,nan,nan,-6.7737999,-10.190294,-0.091203317,-2.7912192,27235.082,nan,-1.9292839
nan,nan,nan,nan,nan,nan,nan,nan,-6.7827144,-9.9975204,-0.090766363,-2.6980972,27271,nan,-1.8465593
nan,nan,nan,nan,nan,nan,nan,nan,-6.7915864,-9.9551554,-0.090328835,-2.6050375,27306.744,nan,-1.7639052
nan,nan,nan,nan,nan,nan,nan,nan,-6.800415,-9.8371592,-0.089890733,-2.5120368,27342.316,nan,-1.6813189
nan,nan,nan,nan,nan,nan,nan,nan,-6.8092012,-9.8667297,-0.089452073,-2.4190922,27377.715,nan,-1.5987978
nan,nan,nan,nan,nan,nan,nan,nan,-6.817944,-9.7140455,-0.089012839,-2.3262012,27412.939,nan,-1.5163394
nan,nan,nan,nan,nan,nan,nan,nan,-6.8266439,-9.6384144,-0.088573046,-2.233361,27447.992,nan,-1.4339415
nan,nan,nan,nan,nan,nan,nan,nan,-6.8353004,-9.4248848,-0.088132694,-2.140569,27482.871,nan,-1.3516015
nan,nan,nan,nan,nan,nan,nan,nan,-6.8439145,-9.3364592,-0.087691784,-2.0478227,27517.574,nan,-1.269317
nan,nan,nan,nan,nan,nan,nan,nan,-6.8524847,-9.256279,-0.087250322,-1.9551194,27552.105,nan,-1.1870861
nan,nan,nan,nan,nan,nan,nan,nan,-6.8610115,-9.211071,-0.086808309,-1.8624568,27586.461,nan,-1.1049063
nan,nan,nan,nan,nan,nan,nan,nan,-6.8694954,-9.1126938,-0.086365744,-1.7698325,27620.641,nan,-1.0227757
nan,nan,nan,nan,nan,nan,nan,nan,-6.8779359,-8.9691076,-0.085922636,-1.6772444,27654.648,nan,-0.94069201
nan,nan,nan,nan,nan,nan,nan,nan,-6.8863325,-8.9392538,-0.085478984,-1.5846902,27688.479,nan,-0.85865337
nan,nan,nan,nan,nan,nan,nan,nan,-6.8946862,-8.7160568,-0.085034795,-1.4921678,27722.135,nan,-0.77665782
nan,nan,nan,nan,nan,nan,nan,nan,-6.9029961,-8.7348223,-0.084590062,-1.399675,27755.615,nan,-0.69470352
nan,nan,nan,nan,nan,nan,nan,nan,-6.9112625,-8.7188997,-0.084144801,-1.30721,27788.92,nan,-0.61278856
nan,nan,nan,nan,nan,nan,nan,nan,-6.9194851,-8.4573183,-0.08369901,-1.2147708,27822.049,nan,-0.53091127
nan,nan,nan,nan,nan,nan,nan,nan,-6.9276638,-8.4456615,-0.083252691,-1.1223555,27855.002,nan,-0.44906983
nan,nan,nan,nan,nan,nan,nan,nan,-6.9357991,-8.423768,-0.082805842,-1.0299622,27887.779,nan,-0.36726269
nan,nan,nan,nan,nan,nan,nan,nan,-6.9438901,-8.2267294,-0.082358465,-0.93758941,27920.379,nan,-0.28548822
nan,nan,nan,nan,nan,nan,nan,nan,-6.9519377,-8.1943159,-0.08191058,-0.84523535,27952.803,nan,-0.2037449
nan,nan,nan,nan,nan,nan,nan,nan,-6.9599414,-8.1209593,-0.081462167,-0.75289845,27985.049,nan,-0.12203126
nan,nan,nan,nan,nan,nan,nan,nan,-6.9679008,-7.9441075,-0.081013247,-0.66057712,28017.117,nan,-0.040345889
nan,nan,nan,nan,nan,nan,nan,nan,-6.9758167,-7.9162436,-0.080563813,-0.56826997,28049.01,nan,0.041312583
nan,nan,nan,nan,nan,nan,nan,nan,-6.9836879,-7.8027968,-0.080113865,-0.4759756,28080.725,nan,0.12294545
nan,nan,nan,nan,nan,nan,nan,nan,-6.9915156,-7.6398773,-0.079663418,-0.38369265,28112.262,nan,0.20455396
nan,nan,nan,nan,nan,nan,nan,nan,-6.9992986,-7.5676584,-0.079212464,-0.29141986,28143.619,nan,0.28613931
nan,nan,nan,nan,nan,nan,nan,nan,-7.0070376,-7.4871936,-0.078761011,-0.199156,28174.801,nan,0.3677026
nan,nan,nan,nan,nan,nan,nan,nan,-7.0147324,-7.3677759,-0.078309059,-0.10689995,28205.803,nan,0.44924498
nan,nan,nan,nan,nan,nan,nan,nan,-7.0223832,-7.3163128,-0.077856615,-0.014650607,28236.627,nan,0.53076744
nan,nan,nan,nan,nan,nan,nan,nan,-7.0299892,-7.1778455,-0.077403679,0.077593036,28267.271,nan,0.61227089
nan,nan,nan,nan,nan,nan,nan,nan,-7.0375509,-7.1150088,-0.076950252,0.16983196,28297.738,nan,0.69375634
nan,nan,nan,nan,nan,nan,nan,nan,-7.0450683,-7.071507,-0.07649634,0.26206705,28328.025,nan,0.77522469
nan,nan,nan,nan,nan,nan,nan,nan,-7.0525408,-6.939579,-0.076041944,0.35429916,28358.133,nan,0.85667664
nan,nan,nan,nan,nan,nan,nan,nan,-7.0599689,-6.9114304,-0.075587071,0.44652906,28388.061,nan,0.93811303
nan,nan,nan,nan,nan,nan,nan,nan,-7.0673528,-6.8343778,-0.075131714,0.5387575,28417.811,nan,1.0195346
nan,nan,nan,nan,nan,nan,nan,nan,-7.0746918,-6.6435943,-0.074675888,0.63098514,28447.379,nan,1.1009419
nan,nan,nan,nan,nan,nan,nan,nan,-7.081986,-6.6438785,-0.074219592,0.7232126,28476.768,nan,1.1823357
nan,nan,nan,nan,nan,nan,nan,nan,-7.0892358,-6.5219021,-0.073762819,0.81544048,28505.977,nan,1.2637165
nan,nan,nan,nan,nan,nan,nan,nan,-7.0964403,-6.4326234,-0.073305584,0.90766919,28535.004,nan,1.3450848
nan,nan,nan,nan,nan,nan,nan,nan,-7.1036005,-6.3234415,-0.072847888,0.99989927,28563.852,nan,1.4264411
nan,nan,nan,nan,nan,nan,nan,nan,-7.1107154,-6.2853417,-0.072389737,1.092131,28592.52,nan,1.5077857
nan,nan,nan,nan,nan,nan,nan,nan,-7.1177855,-6.1900921,-0.071931124,1.1843649,28621.004,nan,1.5891192
nan,nan,nan,nan,nan,nan,nan,nan,-7.1248107,-6.0783515,-0.071472049,1.2766011,28649.309,nan,1.6704417
nan,nan,nan,nan,nan,nan,nan,nan,-7.1317911,-5.8665276,-0.071012534,1.36884,28677.432,nan,1.7517538
nan,nan,nan,nan,nan,nan,nan,nan,-7.1387262,-5.8463402,-0.070552565,1.4610816,28705.375,nan,1.8330555
nan,nan,nan,nan,nan,nan,nan,nan,-7.1456165,-5.8824496,-0.070092149,1.5533262,28733.135,nan,1.9143471
nan,nan,nan,nan,nan,nan,nan,nan,-7.1524611,-5.7323246,-0.069631293,1.6455739,28760.713,nan,1.9956286
nan,nan,nan,nan,nan,nan,nan,nan,-7.1592612,-5.5967007,-0.069169998,1.7378246,28788.109,nan,2.0769002
nan,nan,nan,nan,nan,nan,nan,nan,-7.1660156,-5.5031571,-0.068708263,1.8300784,28815.324,nan,2.1581624
nan,nan,nan,nan,nan,nan,nan,nan,-7.1727247,-5.4280944,-0.068246096,1.9223353,28842.355,nan,2.2394145
nan,nan,nan,nan,nan,nan,nan,nan,-7.179389,-5.2975883,-0.067783497,2.014595,28869.205,nan,2.320657
nan,nan,nan,nan,nan,nan,nan,nan,-7.1860075,-5.2364578,-0.067320473,2.1068578,28895.871,nan,2.4018896
nan,nan,nan,nan,nan,nan,nan,nan,-7.1925807,-5.1102166,-0.066857018,2.1991229,28922.354,nan,2.4831126
nan,nan,nan,nan,nan,nan,nan,nan,-7.1991086,-5.1082263,-0.066393144,2.2913907,28948.654,nan,2.5643253
nan,nan,nan,nan,nan,nan,nan,nan,-7.2055907,-4.9586701,-0.065928854,2.3836606,28974.773,nan,2.6455281
nan,nan,nan,nan,nan,nan,nan,nan,-7.2120275,-4.883039,-0.065464146,2.4759324,29000.707,nan,2.7267203
nan,nan,nan,nan,nan,nan,nan,nan,-7.2184191,-4.7829556,-0.064999022,2.5682054,29026.457,nan,2.8079023
nan,nan,nan,nan,nan,nan,nan,nan,-7.2247648,-4.7440028,-0.064533487,2.6604798,29052.023,nan,2.8890731
nan,nan,nan,nan,nan,nan,nan,nan,-7.2310648,-4.6237321,-0.064067543,2.7527549,29077.406,nan,2.9702332
nan,nan,nan,nan,nan,nan,nan,nan,-7.237319,-4.680882,-0.063601196,2.8450303,29102.605,nan,3.0513816
nan,nan,nan,nan,nan,nan,nan,nan,-7.2435279,-4.4562635,-0.063134454,2.9373052,29127.621,nan,3.1325183
nan,nan,nan,nan,nan,nan,nan,nan,-7.2496905,-4.3829069,-0.062667303,3.0295796,29152.451,nan,3.2136428
nan,nan,nan,nan,nan,nan,nan,nan,-7.2558079,-4.2572341,-0.062199764,3.1218526,29177.096,nan,3.2947547
nan,nan,nan,nan,nan,nan,nan,nan,-7.261879,-4.1713672,-0.061731827,3.2141237,29201.559,nan,3.3758538
nan,nan,nan,nan,nan,nan,nan,nan,-7.2679043,-4.1278653,-0.061263502,3.3063922,29225.834,nan,3.4569392
nan,nan,nan,nan,nan,nan,nan,nan,-7.2738838,-3.9763188,-0.060794789,3.3986576,29249.926,nan,3.5380104
nan,nan,nan,nan,nan,nan,nan,nan,-7.2798176,-3.9839957,-0.060325693,3.4909191,29273.832,nan,3.6190672
nan,nan,nan,nan,nan,nan,nan,nan,-7.2857051,-3.8799317,-0.059856217,3.5831759,29297.553,nan,3.700109
nan,nan,nan,nan,nan,nan,nan,nan,-7.2915463,-3.8074284,-0.059386361,3.6754274,29321.088,nan,3.7811351
nan,nan,nan,nan,nan,nan,nan,nan,-7.2973418,-3.7571023,-0.058916133,3.7676728,29344.439,nan,3.8621447
nan,nan,nan,nan,nan,nan,nan,nan,-7.3030915,-3.616076,-0.058445532,3.8599112,29367.604,nan,3.9431376
nan,nan,nan,nan,nan,nan,nan,nan,-7.3087945,-3.4793146,-0.057974558,3.952142,29390.582,nan,4.0241127
nan,nan,nan,nan,nan,nan,nan,nan,-7.3144517,-3.4767556,-0.05750322,4.044364,29413.375,nan,4.1050696
nan,nan,nan,nan,nan,nan,nan,nan,-7.3200626,-3.2646472,-0.05703152,4.1365767,29435.98,nan,4.186008
nan,nan,nan,nan,nan,nan,nan,nan,-7.3256273,-3.2316654,-0.056559458,4.2287788,29458.4,nan,4.2669263
nan,nan,nan,nan,nan,nan,nan,nan,-7.3311458,-3.1074142,-0.056087043,4.3209696,29480.635,nan,4.3478241
nan,nan,nan,nan,nan,nan,nan,nan,-7.3366179,-3.0030661,-0.05561427,4.4131484,29502.682,nan,4.4287009
nan,nan,nan,nan,nan,nan,nan,nan,-7.3420439,-2.9800355,-0.055141144,4.5053139,29524.543,nan,4.5095558
nan,nan,nan,nan,nan,nan,nan,nan,-7.3474231,-3.0278025,-0.054667674,4.597465,29546.215,nan,4.5903878
nan,nan,nan,nan,nan,nan,nan,nan,-7.352756,-2.7366512,-0.054193854,4.6896014,29567.703,nan,4.6711965
nan,nan,nan,nan,nan,nan,nan,nan,-7.3580427,-2.7366512,-0.053719696,4.7817211,29589.002,nan,4.7519803
nan,nan,nan,nan,nan,nan,nan,nan,-7.3632827,-2.6001742,-0.053245198,4.8738236,29610.113,nan,4.8327394
nan,nan,nan,nan,nan,nan,nan,nan,-7.3684764,-2.5623586,-0.052770361,4.9659081,29631.039,nan,4.9134727
nan,nan,nan,nan,nan,nan,nan,nan,-7.3736234,-2.4349799,-0.052295193,5.0579734,29651.775,nan,4.9941788
nan,nan,nan,nan,nan,nan,nan,nan,-7.3787236,-2.3843696,-0.051819697,5.1500182,29672.326,nan,5.0748568
nan,nan,nan,nan,nan,nan,nan,nan,-7.3837776,-2.2979341,-0.051343869,5.2420411,29692.688,nan,5.1555066
nan,nan,nan,nan,nan,nan,nan,nan,-7.3887844,-2.1594667,-0.050867718,5.3340421,29712.861,nan,5.2361264
nan,nan,nan,nan,nan,nan,nan,nan,-7.3937449,-2.111131,-0.050391249,5.4260187,29732.848,nan,5.3167162
nan,nan,nan,nan,nan,nan,nan,nan,-7.3986588,-2.0354998,-0.049914457,5.517971,29752.645,nan,5.3972745
nan,nan,nan,nan,nan,nan,nan,nan,-7.4035258,-1.9968314,-0.049437352,5.6098971,29772.256,nan,5.4778004
nan,nan,nan,nan,nan,nan,nan,nan,-7.4083462,-1.872296,-0.048959937,5.7017961,29791.676,nan,5.5582929
nan,nan,nan,nan,nan,nan,nan,nan,-7.4131198,-1.8805414,-0.048482209,5.7936673,29810.908,nan,5.638751
nan,nan,nan,nan,nan,nan,nan,nan,-7.4178467,-1.6371572,-0.048004176,5.8855085,29829.953,nan,5.7191744
nan,nan,nan,nan,nan,nan,nan,nan,-7.4225264,-1.5566926,-0.047525842,5.9773197,29848.807,nan,5.799562
nan,nan,nan,nan,nan,nan,nan,nan,-7.4271593,-1.5117688,-0.047047205,6.0690989,29867.475,nan,5.8799119
nan,nan,nan,nan,nan,nan,nan,nan,-7.4317455,-1.3858118,-0.046568271,6.1608453,29885.951,nan,5.9602242
nan,nan,nan,nan,nan,nan,nan,nan,-7.4362845,-1.3189949,-0.046089042,6.2525578,29904.238,nan,6.0404973
nan,nan,nan,nan,nan,nan,nan,nan,-7.4407763,-1.2695218,-0.045609526,6.3442354,29922.338,nan,6.1207309
nan,nan,nan,nan,nan,nan,nan,nan,-7.4452219,-1.2123721,-0.04512972,6.4358764,29940.248,nan,6.2009234
nan,nan,nan,nan,nan,nan,nan,nan,-7.4496198,-1.1651736,-0.044649627,6.5274796,29957.967,nan,6.281074
nan,nan,nan,nan,nan,nan,nan,nan,-7.4539709,-0.99059665,-0.044169255,6.6190448,29975.498,nan,6.3611822
nan,nan,nan,nan,nan,nan,nan,nan,-7.4582748,-0.9669975,-0.043688603,6.7105699,29992.838,nan,6.441246
nan,nan,nan,nan,nan,nan,nan,nan,-7.4625316,-0.83535391,-0.043207671,6.8020539,30009.99,nan,6.5212655
nan,nan,nan,nan,nan,nan,nan,nan,-7.4667416,-0.72105432,-0.042726472,6.8934956,30026.951,nan,6.6012397
nan,nan,nan,nan,nan,nan,nan,nan,-7.4709039,-0.56581151,-0.042245001,6.9848943,30043.721,nan,6.6811666
nan,nan,nan,nan,nan,nan,nan,nan,-7.4750195,-0.57178241,-0.041763261,7.0762486,30060.303,nan,6.7610464
nan,nan,nan,nan,nan,nan,nan,nan,-7.4790874,-0.38099873,-0.041281261,7.1675572,30076.693,nan,6.8408775
nan,nan,nan,nan,nan,nan,nan,nan,-7.4831085,-0.54533994,-0.040798996,7.2588191,30092.893,nan,6.9206591
nan,nan,nan,nan,nan,nan,nan,nan,-7.487082,-0.32612354,-0.040316477,7.3500333,30108.902,nan,7.0003905
nan,nan,nan,nan,nan,nan,nan,nan,-7.4910083,-0.31389746,-0.039833702,7.4411983,30124.723,nan,7.0800705
nan,nan,nan,nan,nan,nan,nan,nan,-7.4948874,-0.1359085,-0.039350677,7.5323133,30140.352,nan,7.159698
nan,nan,nan,nan,nan,nan,nan,nan,-7.4987192,-0.12197646,-0.038867399,7.6233773,30155.789,nan,7.2392726
nan,nan,nan,nan,nan,nan,nan,nan,-7.5025034,-0.013932043,-0.038383879,7.7143888,30171.037,nan,7.3187933
nan,nan,nan,nan,nan,nan,nan,nan,-7.5062404,0.083592258,-0.037900116,7.805347,30186.092,nan,7.3982587
nan,nan,nan,nan,nan,nan,nan,nan,-7.5099301,0.19732322,-0.037416115,7.8962507,30200.957,nan,7.4776683
nan,nan,nan,nan,nan,nan,nan,nan,-7.5135722,0.21239257,-0.036931876,7.9870992,30215.631,nan,7.5570216
nan,nan,nan,nan,nan,nan,nan,nan,-7.5171666,0.3320944,-0.036447406,8.0778913,30230.115,nan,7.6363173
nan,nan,nan,nan,nan,nan,nan,nan,-7.5207138,0.43558958,-0.035962701,8.1686249,30244.406,nan,7.7155542
nan,nan,nan,nan,nan,nan,nan,nan,-7.5242133,0.51349527,-0.035477772,8.2593012,30258.506,nan,7.7947321
nan,nan,nan,nan,nan,nan,nan,nan,-7.5276656,0.65480602,-0.03499262,8.3499165,30272.414,nan,7.8738499
nan,nan,nan,nan,nan,nan,nan,nan,-7.5310702,0.65850228,-0.034507245,8.4404726,30286.133,nan,7.9529066
nan,nan,nan,nan,nan,nan,nan,nan,-7.5344272,0.90387684,-0.034021653,8.5309668,30299.658,nan,8.0319014
nan,nan,nan,nan,nan,nan,nan,nan,-7.5377369,0.94339836,-0.033535846,8.621398,30312.99,nan,8.1108341
nan,nan,nan,nan,nan,nan,nan,nan,-7.5409985,0.95249683,-0.033049829,8.7117662,30326.133,nan,8.1897039
nan,nan,nan,nan,nan,nan,nan,nan,-7.5442128,1.054286,-0.032563601,8.8020697,30339.082,nan,8.2685099
nan,nan,nan,nan,nan,nan,nan,nan,-7.547379,1.1384469,-0.032077167,8.8923082,30351.842,nan,8.34725
nan,nan,nan,nan,nan,nan,nan,nan,-7.550498,1.21749,-0.031590533,8.982481,30364.406,nan,8.4259253
nan,nan,nan,nan,nan,nan,nan,nan,-7.5535693,1.2709435,-0.031103697,9.0725861,30376.781,nan,8.5045347
nan,nan,nan,nan,nan,nan,nan,nan,-7.5565925,1.3093277,-0.030616663,9.1626234,30388.963,nan,8.5830765
nan,nan,nan,nan,nan,nan,nan,nan,-7.5595684,1.4057146,-0.030129438,9.2525921,30400.951,nan,8.6615515
nan,nan,nan,nan,nan,nan,nan,nan,-7.5624962,1.564085,-0.029642023,9.3424921,30412.748,nan,8.7399578
nan,nan,nan,nan,nan,nan,nan,nan,-7.5653768,1.6166856,-0.02915442,9.4323215,30424.352,nan,8.8182955
nan,nan,nan,nan,nan,nan,nan,nan,-7.5682092,1.7582806,-0.028666634,9.5220795,30435.764,nan,8.8965635
nan,nan,nan,nan,nan,nan,nan,nan,-7.5709934,1.7807425,-0.028178666,9.6117659,30446.984,nan,8.974762
nan,nan,nan,nan,nan,nan,nan,nan,-7.5737305,1.920916,-0.027690521,9.7013807,30458.01,nan,9.0528898
nan,nan,nan,nan,nan,nan,nan,nan,-7.5764194,2.017303,-0.0272022,9.7909212,30468.844,nan,9.1309462
nan,nan,nan,nan,nan,nan,nan,nan,-7.5790606,2.0454514,-0.026713707,9.8803883,30479.484,nan,9.208931
nan,nan,nan,nan,nan,nan,nan,nan,-7.5816536,2.1975665,-0.026225045,9.9697819,30489.934,nan,9.2868433
nan,nan,nan,nan,nan,nan,nan,nan,-7.584199,2.1637316,-0.025736218,10.059099,30500.188,nan,9.3646832
nan,nan,nan,nan,nan,nan,nan,nan,-7.5866966,2.2731977,-0.025247229,10.148341,30510.25,nan,9.4424496
nan,nan,nan,nan,nan,nan,nan,nan,-7.5891461,2.4364016,-0.02475808,10.237508,30520.119,nan,9.5201426
nan,nan,nan,nan,nan,nan,nan,nan,-7.5915475,2.4145083,-0.024268776,10.326597,30529.795,nan,9.5977621
nan,nan,nan,nan,nan,nan,nan,nan,-7.5939012,2.6055763,-0.023779318,10.415609,30539.279,nan,9.6753063
nan,nan,nan,nan,nan,nan,nan,nan,-7.5962067,2.6695499,-0.023289708,10.504543,30548.568,nan,9.7527761
nan,nan,nan,nan,nan,nan,nan,nan,-7.5984645,2.7773101,-0.022799952,10.5934,30557.664,nan,9.8301706
nan,nan,nan,nan,nan,nan,nan,nan,-7.6006742,2.8051741,-0.022310054,10.682178,30566.566,nan,9.9074898
nan,nan,nan,nan,nan,nan,nan,nan,-7.6028361,2.9345431,-0.021820012,10.770876,30575.277,nan,9.9847336
nan,nan,nan,nan,nan,nan,nan,nan,-7.6049495,3.086374,-0.021329833,10.859495,30583.793,nan,10.0619
nan,nan,nan,nan,nan,nan,nan,nan,-7.6070151,3.1540439,-0.020839522,10.948035,30592.115,nan,10.13899
nan,nan,nan,nan,nan,nan,nan,nan,-7.6090326,3.1639953,-0.020349076,11.036494,30600.244,nan,10.216005
nan,nan,nan,nan,nan,nan,nan,nan,-7.6110024,3.3707013,-0.019858504,11.124874,30608.18,nan,10.292942
nan,nan,nan,nan,nan,nan,nan,nan,-7.6129236,3.3161106,-0.019367805,11.213172,30615.92,nan,10.369802
nan,nan,nan,nan,nan,nan,nan,nan,-7.6147971,3.4705002,-0.018876983,11.30139,30623.469,nan,10.446586
nan,nan,nan,nan,nan,nan,nan,nan,-7.6166224,3.4764712,-0.018386044,11.389526,30630.822,nan,10.523291
nan,nan,nan,nan,nan,nan,nan,nan,-7.6183996,3.5566516,-0.017894987,11.477582,30637.982,nan,10.599919
nan,nan,nan,nan,nan,nan,nan,nan,-7.6201286,3.6533229,-0.017403817,11.565556,30644.949,nan,10.67647
nan,nan,nan,nan,nan,nan,nan,nan,-7.6218095,3.7300913,-0.016912539,11.653448,30651.721,nan,10.752943
nan,nan,nan,nan,nan,nan,nan,nan,-7.6234422,3.8921578,-0.016421152,11.741259,30658.299,nan,10.829338
nan,nan,nan,nan,nan,nan,nan,nan,-7.6250267,4.018115,-0.015929662,11.828988,30664.684,nan,10.905656
nan,nan,nan,nan,nan,nan,nan,nan,-7.6265631,4.0101538,-0.015438072,11.916636,30670.873,nan,10.981895
nan,nan,nan,nan,nan,nan,nan,nan,-7.6280513,4.0891967,-0.014946384,12.004201,30676.869,nan,11.058058
nan,nan,nan,nan,nan,nan,nan,nan,-7.6294913,4.2947655,-0.014454602,12.091685,30682.672,nan,11.134143
nan,nan,nan,nan,nan,nan,nan,nan,-7.6308832,4.3362775,-0.013962729,12.179088,30688.279,nan,11.21015
nan,nan,nan,nan,nan,nan,nan,nan,-7.6322269,4.3880248,-0.013470767,12.266408,30693.693,nan,11.28608
nan,nan,nan,nan,nan,nan,nan,nan,-7.6335225,4.4727545,-0.01297872,12.353647,30698.914,nan,11.361933
nan,nan,nan,nan,nan,nan,nan,nan,-7.6347699,4.4909515,-0.012486592,12.440805,30703.938,nan,11.437708
nan,nan,nan,nan,nan,nan,nan,nan,-7.6359687,4.6080942,-0.011994384,12.527882,30708.77,nan,11.513407
nan,nan,nan,nan,nan,nan,nan,nan,-7.6371198,4.7141485,-0.011502101,12.614878,30713.406,nan,11.589029
nan,nan,nan,nan,nan,nan,nan,nan,-7.6382222,4.7971721,-0.011009745,12.701793,30717.848,nan,11.664575
nan,nan,nan,nan,nan,nan,nan,nan,-7.6392765,4.8696756,-0.01051732,12.788628,30722.096,nan,11.740045
nan,nan,nan,nan,nan,nan,nan,nan,-7.6402826,4.9686213,-0.010024828,12.875382,30726.15,nan,11.815438
nan,nan,nan,nan,nan,nan,nan,nan,-7.6412406,5.0672832,-0.0095322728,12.962056,30730.008,nan,11.890756
nan,nan,nan,nan,nan,nan,nan,nan,-7.6421499,5.071548,-0.0090396572,13.048652,30733.674,nan,11.965999
nan,nan,nan,nan,nan,nan,nan,nan,-7.6430111,5.3092456,-0.0085469848,13.135167,30737.143,nan,12.041166
nan,nan,nan,nan,nan,nan,nan,nan,-7.6438241,5.4181428,-0.0080542583,13.221604,30740.418,nan,12.116261
nan,nan,nan,nan,nan,nan,nan,nan,-7.6445889,5.4241138,-0.0075614811,13.307963,30743.5,nan,12.191279
nan,nan,nan,nan,nan,nan,nan,nan,-7.6453056,5.5483651,-0.0070686564,13.394244,30746.387,nan,12.266226
nan,nan,nan,nan,nan,nan,nan,nan,-7.6459737,5.585896,-0.0065757865,13.480448,30749.078,nan,12.341098
nan,nan,nan,nan,nan,nan,nan,nan,-7.6465936,5.7388644,-0.0060828757,13.566574,30751.576,nan,12.415898
nan,nan,nan,nan,nan,nan,nan,nan,-7.6471648,5.7962985,-0.0055899261,13.652625,30753.879,nan,12.490626
nan,nan,nan,nan,nan,nan,nan,nan,-7.6476884,5.8662429,-0.0050969413,13.7386,30755.986,nan,12.565283
nan,nan,nan,nan,nan,nan,nan,nan,-7.6481633,5.9435802,-0.0046039242,13.824499,30757.9,nan,12.639868
nan,nan,nan,nan,nan,nan,nan,nan,-7.6485896,6.1283927,-0.0041108783,13.910323,30759.619,nan,12.714383
nan,nan,nan,nan,nan,nan,nan,nan,-7.6489682,6.1264024,-0.0036178061,13.996075,30761.143,nan,12.788828
nan,nan,nan,nan,nan,nan,nan,nan,-7.6492982,6.1935039,-0.0031247113,14.081752,30762.473,nan,12.863203
nan,nan,nan,nan,nan,nan,nan,nan,-7.64958,6.3473248,-0.002631597,14.167357,30763.607,nan,12.93751
nan,nan,nan,nan,nan,nan,nan,nan,-7.6498132,6.4630461,-0.0021384659,14.252891,30764.549,nan,13.01175
nan,nan,nan,nan,nan,nan,nan,nan,-7.6499982,6.4860768,-0.0016453211,14.338353,30765.295,nan,13.085922
nan,nan,nan,nan,nan,nan,nan,nan,-7.650135,6.4766941,-0.0011521662,14.423745,30765.846,nan,13.160028
nan,nan,nan,nan,nan,nan,nan,nan,-7.6502233,6.5935526,-0.00065900397,14.509068,30766.201,nan,13.234067
nan,nan,nan,nan,nan,nan,nan,nan,-7.6502633,6.7473736,-0.00016583757,14.594321,30766.363,nan,13.308043
nan,nan,nan,nan,nan,nan,nan,nan,-7.6502552,6.8016801,0.00032732985,14.679507,30766.33,nan,13.381953
nan,nan,nan,nan,nan,nan,nan,nan,-7.6501989,6.8107786,0.00082049513,14.764627,30766.102,nan,13.4558
nan,nan,nan,nan,nan,nan,nan,nan,-7.650094,6.886694,0.0013136553,14.849679,30765.68,nan,13.529585
nan,nan,nan,nan,nan,nan,nan,nan,-7.6499405,7.1124501,0.0018068071,14.934667,30765.062,nan,13.603308
nan,nan,nan,nan,nan,nan,nan,nan,-7.6497393,7.1357651,0.0022999474,15.01959,30764.25,nan,13.67697
nan,nan,nan,nan,nan,nan,nan,nan,-7.6494894,7.3271174,0.0027930732,15.104451,30763.244,nan,13.750572
nan,nan,nan,nan,nan,nan,nan,nan,-7.6491914,7.2676926,0.0032861815,15.18925,30762.043,nan,13.824116
nan,nan,nan,nan,nan,nan,nan,nan,-7.6488447,7.4795165,0.0037792688,15.273987,30760.646,nan,13.8976
nan,nan,nan,nan,nan,nan,nan,nan,-7.6484499,7.4635944,0.0042723324,15.358664,30759.057,nan,13.971028
nan,nan,nan,nan,nan,nan,nan,nan,-7.6480069,7.5645304,0.0047653685,15.443281,30757.271,nan,14.0444
nan,nan,nan,nan,nan,nan,nan,nan,-7.6475153,7.6046209,0.0052583753,15.527841,30755.291,nan,14.117716
nan,nan,nan,nan,nan,nan,nan,nan,-7.646976,7.5977969,0.0057513481,15.612344,30753.117,nan,14.190978
nan,nan,nan,nan,nan,nan,nan,nan,-7.6463876,7.7743645,0.006244285,15.69679,30750.748,nan,14.264187
nan,nan,nan,nan,nan,nan,nan,nan,-7.6457515,7.9099884,0.0067371824,15.781182,30748.184,nan,14.337343
nan,nan,nan,nan,nan,nan,nan,nan,-7.6450667,7.9978456,0.0072300369,15.86552,30745.426,nan,14.410448
nan,nan,nan,nan,nan,nan,nan,nan,-7.6443338,8.1058903,0.0077228462,15.949806,30742.473,nan,14.483503
nan,nan,nan,nan,nan,nan,nan,nan,-7.6435528,8.1954527,0.0082156062,16.03404,30739.326,nan,14.55651
nan,nan,nan,nan,nan,nan,nan,nan,-7.6427236,8.280467,0.008708315,16.118225,30735.984,nan,14.629468
nan,nan,nan,nan,nan,nan,nan,nan,-7.6418457,8.4522009,0.0092009678,16.20236,30732.447,nan,14.702378
nan,nan,nan,nan,nan,nan,nan,nan,-7.6409197,8.4851828,0.009693563,16.286449,30728.717,nan,14.775244
nan,nan,nan,nan,nan,nan,nan,nan,-7.6399455,8.5844126,0.010186098,16.370491,30724.791,nan,14.848064
nan,nan,nan,nan,nan,nan,nan,nan,-7.6389232,8.6449747,0.010678567,16.454487,30720.672,nan,14.920842
nan,nan,nan,nan,nan,nan,nan,nan,-7.6378522,8.7535877,0.011170968,16.538439,30716.357,nan,14.993577
nan,nan,nan,nan,nan,nan,nan,nan,-7.6367331,8.7973738,0.0116633,16.622349,30711.85,nan,15.066271
nan,nan,nan,nan,nan,nan,nan,nan,-7.6355658,8.9480677,0.012155558,16.706217,30707.146,nan,15.138924
nan,nan,nan,nan,nan,nan,nan,nan,-7.6343503,9.0583868,0.01264774,16.790047,30702.25,nan,15.211538
nan,nan,nan,nan,nan,nan,nan,nan,-7.6330867,9.0916529,0.01313984,16.873837,30697.158,nan,15.284116
nan,nan,nan,nan,nan,nan,nan,nan,-7.6317749,9.1755295,0.013631859,16.957588,30691.871,nan,15.356656
nan,nan,nan,nan,nan,nan,nan,nan,-7.630415,9.2312574,0.014123791,17.041304,30686.393,nan,15.429162
nan,nan,nan,nan,nan,nan,nan,nan,-7.6290064,9.3373117,0.014615634,17.124987,30680.719,nan,15.501634
nan,nan,nan,nan,nan,nan,nan,nan,-7.6275501,9.4587202,0.015107384,17.208635,30674.85,nan,15.574072
nan,nan,nan,nan,nan,nan,nan,nan,-7.6260452,9.3978739,0.015599038,17.292252,30668.787,nan,15.646479
nan,nan,nan,nan,nan,nan,nan,nan,-7.6244926,9.6060019,0.016090594,17.375837,30662.531,nan,15.718856
nan,nan,nan,nan,nan,nan,nan,nan,-7.6228914,9.6731024,0.016582049,17.459393,30656.08,nan,15.791203
nan,nan,nan,nan,nan,nan,nan,nan,-7.6212425,9.8661613,0.0170734,17.542921,30649.436,nan,15.863523
nan,nan,nan,nan,nan,nan,nan,nan,-7.619545,9.7919512,0.017564641,17.626425,30642.598,nan,15.935817
nan,nan,nan,nan,nan,nan,nan,nan,-7.6177998,9.9702244,0.018055772,17.709902,30635.566,nan,16.008085
nan,nan,nan,nan,nan,nan,nan,nan,-7.6160064,10.099025,0.01854679,17.793356,30628.34,nan,16.08033
nan,nan,nan,nan,nan,nan,nan,nan,-7.6141648,10.076563,0.01903769,17.876787,30620.92,nan,16.152552
nan,nan,nan,nan,nan,nan,nan,nan,-7.6122746,10.212756,0.019528469,17.960197,30613.307,nan,16.224751
nan,nan,nan,nan,nan,nan,nan,nan,-7.6103373,10.265641,0.020019127,18.043589,30605.498,nan,16.29693
nan,nan,nan,nan,nan,nan,nan,nan,-7.6083512,10.374538,0.020509657,18.126961,30597.498,nan,16.369091
nan,nan,nan,nan,nan,nan,nan,nan,-7.606317,10.471494,0.021000056,18.210318,30589.303,nan,16.441235
nan,nan,nan,nan,nan,nan,nan,nan,-7.6042352,10.555086,0.021490324,18.293659,30580.914,nan,16.513363
nan,nan,nan,nan,nan,nan,nan,nan,-7.6021051,10.642943,0.021980455,18.376987,30572.332,nan,16.585474
nan,nan,nan,nan,nan,nan,nan,nan,-7.5999274,10.851071,0.022470448,18.460302,30563.557,nan,16.657574
nan,nan,nan,nan,nan,nan,nan,nan,-7.5977011,10.75241,0.0229603,18.543608,30554.588,nan,16.729658
nan,nan,nan,nan,nan,nan,nan,nan,-7.595427,10.884337,0.023450006,18.626904,30545.426,nan,16.801733
nan,nan,nan,nan,nan,nan,nan,nan,-7.5931053,10.925281,0.023939563,18.71019,30536.072,nan,16.873798
nan,nan,nan,nan,nan,nan,nan,nan,-7.5907354,11.096161,0.024428971,18.79347,30526.523,nan,16.945854
nan,nan,nan,nan,nan,nan,nan,nan,-7.5883174,11.172361,0.024918223,18.876747,30516.781,nan,17.017904
nan,nan,nan,nan,nan,nan,nan,nan,-7.5858517,11.292631,0.025407318,18.960018,30506.846,nan,17.089947
nan,nan,nan,nan,nan,nan,nan,nan,-7.5833378,11.349497,0.025896251,19.043287,30496.719,nan,17.161985
nan,nan,nan,nan,nan,nan,nan,nan,-7.5807762,11.485974,0.026385022,19.126556,30486.398,nan,17.23402
nan,nan,nan,nan,nan,nan,nan,nan,-7.5781665,11.605392,0.026873626,19.209824,30475.883,nan,17.306053
nan,nan,nan,nan,nan,nan,nan,nan,-7.5755091,11.553644,0.027362062,19.293095,30465.178,nan,17.378084
nan,nan,nan,nan,nan,nan,nan,nan,-7.572804,11.701778,0.027850322,19.376368,30454.277,nan,17.450117
nan,nan,nan,nan,nan,nan,nan,nan,-7.5700507,11.749261,0.028338408,19.459646,30443.186,nan,17.52215
nan,nan,nan,nan,nan,nan,nan,nan,-7.5672503,11.869247,0.028826315,19.542931,30431.9,nan,17.594187
nan,nan,nan,nan,nan,nan,nan,nan,-7.5644011,11.953692,0.029314039,19.626223,30420.424,nan,17.666225
nan,nan,nan,nan,nan,nan,nan,nan,-7.5615048,12.166085,0.029801579,19.709522,30408.754,nan,17.738272
nan,nan,nan,nan,nan,nan,nan,nan,-7.5585608,12.133103,0.030288929,19.792831,30396.891,nan,17.810324
nan,nan,nan,nan,nan,nan,nan,nan,-7.5555687,12.300572,0.030776089,19.876154,30384.836,nan,17.882383
nan,nan,nan,nan,nan,nan,nan,nan,-7.5525289,12.396959,0.031263053,19.959486,30372.59,nan,17.954451
nan,nan,nan,nan,nan,nan,nan,nan,-7.5494418,12.461501,0.031749822,20.042835,30360.15,nan,18.026529
nan,nan,nan,nan,nan,nan,nan,nan,-7.5463066,12.485953,0.03223639,20.126198,30347.52,nan,18.098618
nan,nan,nan,nan,nan,nan,nan,nan,-7.5431237,12.760614,0.032722753,20.209578,30334.695,nan,18.170719
nan,nan,nan,nan,nan,nan,nan,nan,-7.5398932,12.787341,0.03320891,20.292974,30321.68,nan,18.242836
nan,nan,nan,nan,nan,nan,nan,nan,-7.5366154,12.757202,0.033694856,20.37639,30308.473,nan,18.314964
nan,nan,nan,nan,nan,nan,nan,nan,-7.5332899,12.946564,0.034180593,20.459826,30295.074,nan,18.38711
nan,nan,nan,nan,nan,nan,nan,nan,-7.5299168,12.969595,0.03466611,20.543283,30281.484,nan,18.459272
nan,nan,nan,nan,nan,nan,nan,nan,-7.5264959,13.077354,0.035151407,20.626764,30267.701,nan,18.531454
nan,nan,nan,nan,nan,nan,nan,nan,-7.5230274,13.116591,0.035636485,20.710268,30253.727,nan,18.603653
nan,nan,nan,nan,nan,nan,nan,nan,-7.5195117,13.215254,0.036121339,20.793798,30239.562,nan,18.675873
nan,nan,nan,nan,nan,nan,nan,nan,-7.5159483,13.344338,0.036605962,20.877354,30225.205,nan,18.748114
nan,nan,nan,nan,nan,nan,nan,nan,-7.5123377,13.388693,0.037090354,20.960936,30210.658,nan,18.820375
nan,nan,nan,nan,nan,nan,nan,nan,-7.5086794,13.530857,0.037574515,21.044546,30195.918,nan,18.892662
nan,nan,nan,nan,nan,nan,nan,nan,-7.5049734,13.562133,0.038058434,21.128187,30180.988,nan,18.964972
nan,nan,nan,nan,nan,nan,nan,nan,-7.5012207,13.687237,0.038542114,21.211859,30165.867,nan,19.037308
nan,nan,nan,nan,nan,nan,nan,nan,-7.4974203,13.690649,0.039025553,21.295561,30150.555,nan,19.109669
nan,nan,nan,nan,nan,nan,nan,nan,-7.4935722,13.876884,0.039508745,21.379297,30135.053,nan,19.182058
nan,nan,nan,nan,nan,nan,nan,nan,-7.489677,13.927209,0.039991684,21.463066,30119.359,nan,19.254475
nan,nan,nan,nan,nan,nan,nan,nan,-7.4857345,14.092403,0.040474374,21.546869,30103.475,nan,19.32692
nan,nan,nan,nan,nan,nan,nan,nan,-7.4817448,14.169172,0.040956806,21.630711,30087.4,nan,19.399395
nan,nan,nan,nan,nan,nan,nan,nan,-7.4777079,14.197604,0.041438982,21.714586,30071.135,nan,19.471903
nan,nan,nan,nan,nan,nan,nan,nan,-7.4736238,14.135905,0.041920893,21.7985,30054.68,nan,19.544439
nan,nan,nan,nan,nan,nan,nan,nan,-7.4694924,14.303374,0.042402539,21.882452,30038.033,nan,19.61701
nan,nan,nan,nan,nan,nan,nan,nan,-7.4653139,14.44241,0.042883921,21.966444,30021.199,nan,19.689613
nan,nan,nan,nan,nan,nan,nan,nan,-7.4610882,14.509796,0.043365028,22.050476,30004.172,nan,19.762251
nan,nan,nan,nan,nan,nan,nan,nan,-7.4568152,14.543346,0.043845862,22.134548,29986.957,nan,19.834923
nan,nan,nan,nan,nan,nan,nan,nan,-7.4524951,14.792133,0.044326421,22.218664,29969.553,nan,19.907631
nan,nan,nan,nan,nan,nan,nan,nan,-7.4481282,14.843881,0.0448067,22.302822,29951.957,nan,19.980375
nan,nan,nan,nan,nan,nan,nan,nan,-7.4437141,14.957896,0.045286693,22.387022,29934.172,nan,20.053156
nan,nan,nan,nan,nan,nan,nan,nan,-7.4392529,14.923777,0.045766402,22.471268,29916.199,nan,20.125975
nan,nan,nan,nan,nan,nan,nan,nan,-7.4347448,15.126218,0.046245825,22.555557,29898.035,nan,20.198832
nan,nan,nan,nan,nan,nan,nan,nan,-7.4301896,15.273499,0.046724949,22.639893,29879.684,nan,20.271729
nan,nan,nan,nan,nan,nan,nan,nan,-7.4255877,15.21834,0.047203783,22.724274,29861.141,nan,20.344664
nan,nan,nan,nan,nan,nan,nan,nan,-7.4209385,15.31359,0.047682319,22.808702,29842.41,nan,20.417639
nan,nan,nan,nan,nan,nan,nan,nan,-7.4162431,15.347993,0.048160549,22.893179,29823.492,nan,20.490656
nan,nan,nan,nan,nan,nan,nan,nan,-7.4115005,15.456038,0.048638478,22.977703,29804.383,nan,20.563713
nan,nan,nan,nan,nan,nan,nan,nan,-7.4067111,15.540768,0.049116101,23.062275,29785.088,nan,20.636812
nan,nan,nan,nan,nan,nan,nan,nan,-7.4018745,15.606447,0.049593411,23.146896,29765.602,nan,20.709953
nan,nan,nan,nan,nan,nan,nan,nan,-7.3969917,15.819124,0.050070409,23.231567,29745.928,nan,20.783138
nan,nan,nan,nan,nan,nan,nan,nan,-7.3920622,15.946218,0.050547093,23.316288,29726.066,nan,20.856365
nan,nan,nan,nan,nan,nan,nan,nan,-7.3870854,15.902147,0.051023453,23.40106,29706.016,nan,20.929636
nan,nan,nan,nan,nan,nan,nan,nan,-7.3820624,16.063931,0.051499493,23.485882,29685.779,nan,21.002951
nan,nan,nan,nan,nan,nan,nan,nan,-7.3769927,16.150366,0.051975209,23.570755,29665.354,nan,21.076309
nan,nan,nan,nan,nan,nan,nan,nan,-7.3718767,16.238506,0.052450597,23.65568,29644.74,nan,21.149714
nan,nan,nan,nan,nan,nan,nan,nan,-7.366714,16.40626,0.052925654,23.740656,29623.938,nan,21.223162
nan,nan,nan,nan,nan,nan,nan,nan,-7.3615046,16.444075,0.053400371,23.825686,29602.949,nan,21.296654
nan,nan,nan,nan,nan,nan,nan,nan,-7.3562484,16.56918,0.053874757,23.910767,29581.773,nan,21.370193
nan,nan,nan,nan,nan,nan,nan,nan,-7.3509464,16.564915,0.0543488,23.995899,29560.41,nan,21.443777
nan,nan,nan,nan,nan,nan,nan,nan,-7.3455977,16.753992,0.054822501,24.081085,29538.861,nan,21.517408
nan,nan,nan,nan,nan,nan,nan,nan,-7.3402023,16.75058,0.055295855,24.166325,29517.123,nan,21.591084
nan,nan,nan,nan,nan,nan,nan,nan,-7.3347607,16.916912,0.055768859,24.251617,29495.199,nan,21.664806
nan,nan,nan,nan,nan,nan,nan,nan,-7.3292732,16.984013,0.056241509,24.336962,29473.09,nan,21.738575
nan,nan,nan,nan,nan,nan,nan,nan,-7.3237391,16.982592,0.056713808,24.422359,29450.793,nan,21.812389
nan,nan,nan,nan,nan,nan,nan,nan,-7.3181586,17.124756,0.057185747,24.507811,29428.309,nan,21.886251
nan,nan,nan,nan,nan,nan,nan,nan,-7.3125319,17.189013,0.057657324,24.593315,29405.639,nan,21.960157
nan,nan,nan,nan,nan,nan,nan,nan,-7.306859,17.235359,0.058128536,24.678873,29382.783,nan,22.034111
nan,nan,nan,nan,nan,nan,nan,nan,-7.3011403,17.452017,0.058599383,24.764484,29359.742,nan,22.108112
nan,nan,nan,nan,nan,nan,nan,nan,-7.2953749,17.455143,0.059069857,24.850147,29336.514,nan,22.182158
nan,nan,nan,nan,nan,nan,nan,nan,-7.2895641,17.487556,0.059539963,24.935863,29313.102,nan,22.25625
nan,nan,nan,nan,nan,nan,nan,nan,-7.2837067,17.580532,0.060009688,25.021633,29289.502,nan,22.330389
nan,nan,nan,nan,nan,nan,nan,nan,-7.2778034,17.765913,0.060479037,25.107454,29265.719,nan,22.404573
nan,nan,nan,nan,nan,nan,nan,nan,-7.2718544,17.715872,0.060948003,25.193327,29241.748,nan,22.478804
nan,nan,nan,nan,nan,nan,nan,nan,-7.2658591,18.009867,0.061416581,25.279251,29217.594,nan,22.553078
nan,nan,nan,nan,nan,nan,nan,nan,-7.2598181,18.032898,0.061884776,25.365229,29193.256,nan,22.627399
nan,nan,nan,nan,nan,nan,nan,nan,-7.2537313,18.061045,0.062352575,25.451256,29168.73,nan,22.701765
nan,nan,nan,nan,nan,nan,nan,nan,-7.2475986,18.102558,0.062819988,25.537336,29144.023,nan,22.776175
nan,nan,nan,nan,nan,nan,nan,nan,-7.2414203,18.235054,0.063286997,25.623465,29119.129,nan,22.85063
nan,nan,nan,nan,nan,nan,nan,nan,-7.2351961,18.333715,0.063753605,25.709644,29094.053,nan,22.925129
nan,nan,nan,nan,nan,nan,nan,nan,-7.2289262,18.448299,0.064219818,25.795874,29068.791,nan,22.99967
nan,nan,nan,nan,nan,nan,nan,nan,-7.2226105,18.523077,0.06468562,25.882151,29043.346,nan,23.074257
nan,nan,nan,nan,nan,nan,nan,nan,-7.2162495,18.582502,0.065151013,25.968477,29017.717,nan,23.148884
nan,nan,nan,nan,nan,nan,nan,nan,-7.2098427,18.57056,0.065615997,26.054853,28991.904,nan,23.223555
nan,nan,nan,nan,nan,nan,nan,nan,-7.2033906,18.742294,0.066080563,26.141275,28965.906,nan,23.298267
nan,nan,nan,nan,nan,nan,nan,nan,-7.1968927,18.906919,0.066544712,26.227743,28939.727,nan,23.37302
nan,nan,nan,nan,nan,nan,nan,nan,-7.1903496,18.925686,0.067008443,26.314259,28913.365,nan,23.447815
nan,nan,nan,nan,nan,nan,nan,nan,-7.1837606,19.040554,0.06747175,26.40082,28886.818,nan,23.52265
nan,nan,nan,nan,nan,nan,nan,nan,-7.1771269,19.163383,0.067934632,26.487425,28860.09,nan,23.597523
nan,nan,nan,nan,nan,nan,nan,nan,-7.1704473,19.12443,0.068397082,26.574074,28833.18,nan,23.672436
nan,nan,nan,nan,nan,nan,nan,nan,-7.1637225,19.275692,0.068859108,26.660767,28806.086,nan,23.747387
nan,nan,nan,nan,nan,nan,nan,nan,-7.1569529,19.427238,0.069320694,26.747501,28778.809,nan,23.822376
nan,nan,nan,nan,nan,nan,nan,nan,-7.1501379,19.397385,0.06978184,26.834276,28751.352,nan,23.897402
nan,nan,nan,nan,nan,nan,nan,nan,-7.1432772,19.635082,0.070242546,26.921093,28723.711,nan,23.972464
nan,nan,nan,nan,nan,nan,nan,nan,-7.1363721,19.736017,0.070702806,27.00795,28695.889,nan,24.04756
nan,nan,nan,nan,nan,nan,nan,nan,-7.1294217,19.668633,0.071162626,27.094847,28667.885,nan,24.122692
nan,nan,nan,nan,nan,nan,nan,nan,-7.122426,19.735733,0.071621992,27.18178,28639.701,nan,24.197857
nan,nan,nan,nan,nan,nan,nan,nan,-7.1153855,19.808805,0.072080903,27.268751,28611.334,nan,24.273056
nan,nan,nan,nan,nan,nan,nan,nan,-7.1083002,19.913723,0.072539359,27.355757,28582.787,nan,24.348286
nan,nan,nan,nan,nan,nan,nan,nan,-7.1011696,20.065269,0.072997361,27.442799,28554.059,nan,24.423546
nan,nan,nan,nan,nan,nan,nan,nan,-7.0939946,20.042522,0.073454902,27.529873,28525.15,nan,24.498838
nan,nan,nan,nan,nan,nan,nan,nan,-7.0867748,20.369499,0.07391198,27.61698,28496.061,nan,24.574158
nan,nan,nan,nan,nan,nan,nan,nan,-7.0795097,20.273113,0.074368589,27.704119,28466.791,nan,24.649508
nan,nan,nan,nan,nan,nan,nan,nan,-7.0722003,20.233023,0.074824728,27.791288,28437.342,nan,24.724882
nan,nan,nan,nan,nan,nan,nan,nan,-7.064846,20.401628,0.075280391,27.878489,28407.711,nan,24.800285
nan,nan,nan,nan,nan,nan,nan,nan,-7.0574474,20.657808,0.075735584,27.965715,28377.902,nan,24.875711
nan,nan,nan,nan,nan,nan,nan,nan,-7.050004,20.773245,0.076190293,28.052969,28347.912,nan,24.951164
nan,nan,nan,nan,nan,nan,nan,nan,-7.0425162,20.786324,0.076644525,28.140247,28317.744,nan,25.026638
nan,nan,nan,nan,nan,nan,nan,nan,-7.0349841,20.890673,0.077098273,28.227551,28287.396,nan,25.102135
nan,nan,nan,nan,nan,nan,nan,nan,-7.0274072,20.823286,0.077551536,28.314877,28256.869,nan,25.17765
nan,nan,nan,nan,nan,nan,nan,nan,-7.0197859,20.966871,0.078004301,28.402224,28226.162,nan,25.253187
nan,nan,nan,nan,nan,nan,nan,nan,-7.0121202,21.014923,0.078456581,28.489592,28195.279,nan,25.328741
nan,nan,nan,nan,nan,nan,nan,nan,-7.0044107,21.136616,0.078908361,28.576979,28164.215,nan,25.404314
nan,nan,nan,nan,nan,nan,nan,nan,-6.9966564,21.188931,0.079359643,28.664383,28132.975,nan,25.479902
nan,nan,nan,nan,nan,nan,nan,nan,-6.9888582,21.360096,0.079810426,28.751802,28101.555,nan,25.555504
nan,nan,nan,nan,nan,nan,nan,nan,-6.9810162,21.439993,0.080260709,28.839237,28069.959,nan,25.631121
nan,nan,nan,nan,nan,nan,nan,nan,-6.9731293,21.530125,0.080710478,28.926683,28038.184,nan,25.706749
nan,nan,nan,nan,nan,nan,nan,nan,-6.965199,21.694181,0.081159741,29.014143,28006.232,nan,25.782387
nan,nan,nan,nan,nan,nan,nan,nan,-6.9572244,21.69219,0.081608489,29.101612,27974.102,nan,25.858036
nan,nan,nan,nan,nan,nan,nan,nan,-6.9492059,21.780048,0.082056724,29.189089,27941.795,nan,25.933693
nan,nan,nan,nan,nan,nan,nan,nan,-6.9411435,21.889513,0.082504436,29.276573,27909.312,nan,26.009356
nan,nan,nan,nan,nan,nan,nan,nan,-6.9330373,21.945242,0.082951628,29.364063,27876.652,nan,26.085026
nan,nan,nan,nan,nan,nan,nan,nan,-6.9248877,22.074896,0.083398297,29.451555,27843.816,nan,26.160698
nan,nan,nan,nan,nan,nan,nan,nan,-6.9166937,22.08115,0.083844438,29.539051,27810.803,nan,26.236374
nan,nan,nan,nan,nan,nan,nan,nan,-6.9084563,22.23156,0.084290057,29.626547,27777.615,nan,26.31205
nan,nan,nan,nan,nan,nan,nan,nan,-6.9001751,22.211941,0.084735133,29.714041,27744.25,nan,26.387726
nan,nan,nan,nan,nan,nan,nan,nan,-6.8918505,22.387371,0.085179679,29.801533,27710.711,nan,26.4634
nan,nan,nan,nan,nan,nan,nan,nan,-6.8834825,22.529535,0.085623689,29.889019,27676.994,nan,26.539072
nan,nan,nan,nan,nan,nan,nan,nan,-6.875071,22.564791,0.086067155,29.9765,27643.104,nan,26.614738
nan,nan,nan,nan,nan,nan,nan,nan,-6.8666158,22.685915,0.086510077,30.063972,27609.039,nan,26.690399
nan,nan,nan,nan,nan,nan,nan,nan,-6.8581171,22.636158,0.086952455,30.151436,27574.799,nan,26.76605
nan,nan,nan,nan,nan,nan,nan,nan,-6.8495755,22.847982,0.087394282,30.238888,27540.383,nan,26.841694
nan,nan,nan,nan,nan,nan,nan,nan,-6.8409905,22.821539,0.087835558,30.326324,27505.795,nan,26.917326
nan,nan,nan,nan,nan,nan,nan,nan,-6.8323622,22.952898,0.088276275,30.413748,27471.031,nan,26.992947
nan,nan,nan,nan,nan,nan,nan,nan,-6.8236909,23.051844,0.08871644,30.501154,27436.094,nan,27.068552
nan,nan,nan,nan,nan,nan,nan,nan,-6.8149762,23.06208,0.089156039,30.588541,27400.984,nan,27.144142
nan,nan,nan,nan,nan,nan,nan,nan,-6.8062191,23.214764,0.089595079,30.675909,27365.699,nan,27.219715
nan,nan,nan,nan,nan,nan,nan,nan,-6.7974186,23.364037,0.090033554,30.763254,27330.242,nan,27.295269
nan,nan,nan,nan,nan,nan,nan,nan,-6.7885747,23.355791,0.090471461,30.850574,27294.611,nan,27.370804
nan,nan,nan,nan,nan,nan,nan,nan,-6.7796884,23.460423,0.090908796,30.937868,27258.809,nan,27.446316
nan,nan,nan,nan,nan,nan,nan,nan,-6.7707596,23.394459,0.091345556,31.025135,27222.832,nan,27.521803
nan,nan,nan,nan,nan,nan,nan,nan,-6.7617874,23.631304,0.091781735,31.112371,27186.686,nan,27.597267
nan,nan,nan,nan,nan,nan,nan,nan,-6.7527728,23.636137,0.092217334,31.199577,27150.365,nan,27.672703
nan,nan,nan,nan,nan,nan,nan,nan,-6.7437158,23.843981,0.092652358,31.286749,27113.873,nan,27.74811
nan,nan,nan,nan,nan,nan,nan,nan,-6.7346158,23.823509,0.093086794,31.373884,27077.209,nan,27.823486
nan,nan,nan,nan,nan,nan,nan,nan,-6.7254734,23.957712,0.093520634,31.460983,27040.375,nan,27.898832
nan,nan,nan,nan,nan,nan,nan,nan,-6.7162886,24.058647,0.093953893,31.548044,27003.369,nan,27.974144
nan,nan,nan,nan,nan,nan,nan,nan,-6.7070613,24.088787,0.094386555,31.635063,26966.191,nan,28.049419
nan,nan,nan,nan,nan,nan,nan,nan,-6.6977916,24.098738,0.094818622,31.722038,26928.844,nan,28.12466
nan,nan,nan,nan,nan,nan,nan,nan,-6.6884794,24.253981,0.095250092,31.808969,26891.326,nan,28.19986
nan,nan,nan,nan,nan,nan,nan,nan,-6.6791253,24.297483,0.095680952,31.895853,26853.637,nan,28.275021
nan,nan,nan,nan,nan,nan,nan,nan,-6.6697288,24.432539,0.096111216,31.982689,26815.779,nan,28.35014
nan,nan,nan,nan,nan,nan,nan,nan,-6.6602902,24.542858,0.096540868,32.069473,26777.752,nan,28.425213
nan,nan,nan,nan,nan,nan,nan,nan,-6.6508098,24.593468,0.096969917,32.156204,26739.555,nan,28.500242
nan,nan,nan,nan,nan,nan,nan,nan,-6.6412868,24.693266,0.097398348,32.242882,26701.188,nan,28.575224
nan,nan,nan,nan,nan,nan,nan,nan,-6.6317225,24.747858,0.09782616,32.329502,26662.65,nan,28.650158
nan,nan,nan,nan,nan,nan,nan,nan,-6.6221161,24.850216,0.098253362,32.416065,26623.947,nan,28.72504
nan,nan,nan,nan,nan,nan,nan,nan,-6.6124678,24.940063,0.098679937,32.502567,26585.074,nan,28.799871
nan,nan,nan,nan,nan,nan,nan,nan,-6.6027775,25.046686,0.099105895,32.589008,26546.033,nan,28.874647
nan,nan,nan,nan,nan,nan,nan,nan,-6.5930457,25.132553,0.099531226,32.675385,26506.822,nan,28.949368
nan,nan,nan,nan,nan,nan,nan,nan,-6.5832725,25.181171,0.099955924,32.761692,26467.445,nan,29.024033
nan,nan,nan,nan,nan,nan,nan,nan,-6.5734572,25.304855,0.10037999,32.847935,26427.9,nan,29.098637
nan,nan,nan,nan,nan,nan,nan,nan,-6.563601,25.311394,0.10080343,32.934105,26388.189,nan,29.17318
nan,nan,nan,nan,nan,nan,nan,nan,-6.5537028,25.364563,0.10122623,33.020206,26348.311,nan,29.247662
nan,nan,nan,nan,nan,nan,nan,nan,-6.5437636,25.543974,0.10164838,33.106232,26308.264,nan,29.322079
nan,nan,nan,nan,nan,nan,nan,nan,-6.533783,25.548523,0.1020699,33.192181,26268.053,nan,29.396431
nan,nan,nan,nan,nan,nan,nan,nan,-6.5237608,25.662254,0.10249077,33.278057,26227.674,nan,29.470715
nan,nan,nan,nan,nan,nan,nan,nan,-6.5136976,25.733051,0.102911,33.36385,26187.129,nan,29.544931
nan,nan,nan,nan,nan,nan,nan,nan,-6.5035934,25.732767,0.10333057,33.449562,26146.418,nan,29.619076
nan,nan,nan,nan,nan,nan,nan,nan,-6.4934483,25.898815,0.10374949,33.535191,26105.543,nan,29.693148
nan,nan,nan,nan,nan,nan,nan,nan,-6.4832616,26.07453,0.10416776,33.620735,26064.502,nan,29.767145
nan,nan,nan,nan,nan,nan,nan,nan,-6.4730344,26.036144,0.10458536,33.706192,26023.295,nan,29.841068
nan,nan,nan,nan,nan,nan,nan,nan,-6.4627662,26.180014,0.10500231,33.791561,25981.926,nan,29.914913
nan,nan,nan,nan,nan,nan,nan,nan,-6.452457,26.21982,0.1054186,33.876839,25940.391,nan,29.98868
nan,nan,nan,nan,nan,nan,nan,nan,-6.4421072,26.367954,0.10583422,33.962025,25898.689,nan,30.062366
nan,nan,nan,nan,nan,nan,nan,nan,-6.4317169,26.383877,0.10624917,34.047115,25856.826,nan,30.135969
nan,nan,nan,nan,nan,nan,nan,nan,-6.4212856,26.410889,0.10666344,34.132114,25814.799,nan,30.20949
nan,nan,nan,nan,nan,nan,nan,nan,-6.4108138,26.424252,0.10707705,34.21701,25772.609,nan,30.282925
nan,nan,nan,nan,nan,nan,nan,nan,-6.4003019,26.653988,0.10748998,34.301811,25730.256,nan,30.356274
nan,nan,nan,nan,nan,nan,nan,nan,-6.3897491,26.678724,0.10790223,34.386509,25687.738,nan,30.429533
nan,nan,nan,nan,nan,nan,nan,nan,-6.3791561,26.899647,0.1083138,34.471104,25645.061,nan,30.502703
nan,nan,nan,nan,nan,nan,nan,nan,-6.3685231,26.893393,0.10872468,34.555592,25602.219,nan,30.575781
nan,nan,nan,nan,nan,nan,nan,nan,-6.3578496,26.99575,0.10913488,34.639977,25559.215,nan,30.648767
nan,nan,nan,nan,nan,nan,nan,nan,-6.3471355,27.080763,0.10954439,34.724251,25516.049,nan,30.721657
nan,nan,nan,nan,nan,nan,nan,nan,-6.3363819,27.091568,0.1099532,34.808418,25472.723,nan,30.794453
nan,nan,nan,nan,nan,nan,nan,nan,-6.3255882,27.077637,0.11036132,34.892471,25429.234,nan,30.867151
nan,nan,nan,nan,nan,nan,nan,nan,-6.3147545,27.271832,0.11076875,34.976414,25385.586,nan,30.939751
nan,nan,nan,nan,nan,nan,nan,nan,-6.3038812,27.310215,0.11117547,35.060242,25341.775,nan,31.012249
nan,nan,nan,nan,nan,nan,nan,nan,-6.2929678,27.452379,0.1115815,35.143951,25297.805,nan,31.084646
nan,nan,nan,nan,nan,nan,nan,nan,-6.2820144,27.518911,0.11198682,35.227543,25253.676,nan,31.15694
nan,nan,nan,nan,nan,nan,nan,nan,-6.2710218,27.560709,0.11239142,35.311016,25209.385,nan,31.22913
nan,nan,nan,nan,nan,nan,nan,nan,-6.2599893,27.574356,0.11279532,35.394371,25164.936,nan,31.301212
nan,nan,nan,nan,nan,nan,nan,nan,-6.2489171,27.670458,0.11319851,35.4776,25120.326,nan,31.37319
nan,nan,nan,nan,nan,nan,nan,nan,-6.2378058,27.729315,0.11360098,35.560707,25075.559,nan,31.445057
nan,nan,nan,nan,nan,nan,nan,nan,-6.226655,27.907019,0.11400274,35.643688,25030.631,nan,31.516815
nan,nan,nan,nan,nan,nan,nan,nan,-6.2154646,27.990896,0.11440378,35.72654,24985.545,nan,31.588463
nan,nan,nan,nan,nan,nan,nan,nan,-6.2042351,28.152678,0.11480409,35.809269,24940.303,nan,31.659996
nan,nan,nan,nan,nan,nan,nan,nan,-6.1929665,28.094107,0.11520368,35.891865,24894.9,nan,31.731419
nan,nan,nan,nan,nan,nan,nan,nan,-6.1816587,28.1922,0.11560254,35.974327,24849.342,nan,31.802725
nan,nan,nan,nan,nan,nan,nan,nan,-6.1703119,28.207838,0.11600067,36.05666,24803.625,nan,31.873915
nan,nan,nan,nan,nan,nan,nan,nan,-6.1589265,28.369619,0.11639806,36.138859,24757.752,nan,31.944986
nan,nan,nan,nan,nan,nan,nan,nan,-6.1475015,28.450653,0.11679472,36.220924,24711.723,nan,32.015942
nan,nan,nan,nan,nan,nan,nan,nan,-6.1360383,28.401749,0.11719064,36.302849,24665.535,nan,32.086777
nan,nan,nan,nan,nan,nan,nan,nan,-6.124536,28.585424,0.11758583,36.38464,24619.193,nan,32.15749
nan,nan,nan,nan,nan,nan,nan,nan,-6.1129951,28.662193,0.11798027,36.46629,24572.693,nan,32.228081
nan,nan,nan,nan,nan,nan,nan,nan,-6.1014156,28.784454,0.11837397,36.547802,24526.041,nan,32.29855
nan,nan,nan,nan,nan,nan,nan,nan,-6.0897975,28.843594,0.11876692,36.629169,24479.23,nan,32.368896
nan,nan,nan,nan,nan,nan,nan,nan,-6.0781407,28.938843,0.11915911,36.710396,24432.266,nan,32.439114
nan,nan,nan,nan,nan,nan,nan,nan,-6.0664458,29.006514,0.11955056,36.791481,24385.146,nan,32.509209
nan,nan,nan,nan,nan,nan,nan,nan,-6.0547128,29.00765,0.11994125,36.872421,24337.875,nan,32.579174
nan,nan,nan,nan,nan,nan,nan,nan,-6.0429411,29.112852,0.12033118,36.953213,24290.447,nan,32.649014
nan,nan,nan,nan,nan,nan,nan,nan,-6.0311313,29.150383,0.12072036,37.033859,24242.865,nan,32.718723
nan,nan,nan,nan,nan,nan,nan,nan,-6.0192838,29.196159,0.12110876,37.114357,24195.131,nan,32.788303
nan,nan,nan,nan,nan,nan,nan,nan,-6.0073981,29.471672,0.12149641,37.194706,24147.242,nan,32.857754
nan,nan,nan,nan,nan,nan,nan,nan,-5.9954743,29.548441,0.12188329,37.274906,24099.201,nan,32.927071
nan,nan,nan,nan,nan,nan,nan,nan,-5.9835124,29.496695,0.12226939,37.354954,24051.008,nan,32.996258
nan,nan,nan,nan,nan,nan,nan,nan,-5.9715133,29.566355,0.12265473,37.434853,24002.662,nan,33.065308
nan,nan,nan,nan,nan,nan,nan,nan,-5.959476,29.746048,0.12303929,37.514595,23954.166,nan,33.134228
nan,nan,nan,nan,nan,nan,nan,nan,-5.9474015,29.731548,0.12342307,37.594189,23905.516,nan,33.203011
nan,nan,nan,nan,nan,nan,nan,nan,-5.9352889,29.846132,0.12380607,37.673626,23856.715,nan,33.271656
nan,nan,nan,nan,nan,nan,nan,nan,-5.9231391,29.856083,0.1241883,37.752907,23807.764,nan,33.340168
nan,nan,nan,nan,nan,nan,nan,nan,-5.9109521,30.018719,0.12456974,37.832031,23758.662,nan,33.408543
nan,nan,nan,nan,nan,nan,nan,nan,-5.8987274,30.116243,0.12495039,37.911003,23709.408,nan,33.47678
nan,nan,nan,nan,nan,nan,nan,nan,-5.8864655,30.15093,0.12533024,37.989815,23660.006,nan,33.54488
nan,nan,nan,nan,nan,nan,nan,nan,-5.874167,30.04772,0.12570931,38.06847,23610.453,nan,33.612839
nan,nan,nan,nan,nan,nan,nan,nan,-5.8618307,30.186756,0.12608759,38.146965,23560.75,nan,33.680656
nan,nan,nan,nan,nan,nan,nan,nan,-5.8494577,30.404835,0.12646507,38.225304,23510.9,nan,33.748337
nan,nan,nan,nan,nan,nan,nan,nan,-5.8370476,30.496674,0.12684175,38.303482,23460.898,nan,33.81588
nan,nan,nan,nan,nan,nan,nan,nan,-5.8246007,30.541029,0.12721764,38.381496,23410.75,nan,33.883278
nan,nan,nan,nan,nan,nan,nan,nan,-5.8121166,30.613815,0.12759271,38.459354,23360.453,nan,33.950535
nan,nan,nan,nan,nan,nan,nan,nan,-5.7995963,30.66272,0.12796697,38.537048,23310.008,nan,34.017647
nan,nan,nan,nan,nan,nan,nan,nan,-5.7870393,30.747734,0.12834044,38.614582,23259.416,nan,34.084621
nan,nan,nan,nan,nan,nan,nan,nan,-5.7744455,30.876249,0.12871309,38.691952,23208.676,nan,34.151451
nan,nan,nan,nan,nan,nan,nan,nan,-5.7618155,30.870848,0.12908493,38.769161,23157.789,nan,34.21814
nan,nan,nan,nan,nan,nan,nan,nan,-5.7491493,31.075279,0.12945595,38.846207,23106.756,nan,34.284683
nan,nan,nan,nan,nan,nan,nan,nan,-5.7364464,31.025522,0.12982616,38.923088,23055.576,nan,34.351082
nan,nan,nan,nan,nan,nan,nan,nan,-5.7237072,31.109682,0.13019554,38.999809,23004.252,nan,34.417336
nan,nan,nan,nan,nan,nan,nan,nan,-5.7109323,31.34795,0.13056409,39.076363,22952.779,nan,34.483448
nan,nan,nan,nan,nan,nan,nan,nan,-5.6981211,31.389462,0.13093184,39.152756,22901.164,nan,34.549416
nan,nan,nan,nan,nan,nan,nan,nan,-5.6852736,31.294781,0.13129875,39.228981,22849.402,nan,34.615238
nan,nan,nan,nan,nan,nan,nan,nan,-5.6723905,31.495232,0.13166483,39.305042,22797.496,nan,34.680912
nan,nan,nan,nan,nan,nan,nan,nan,-5.6594715,31.533047,0.13203007,39.380939,22745.445,nan,34.746445
nan,nan,nan,nan,nan,nan,nan,nan,-5.6465168,31.577686,0.13239449,39.456673,22693.25,nan,34.811832
nan,nan,nan,nan,nan,nan,nan,nan,-5.6335263,31.740606,0.13275807,39.532242,22640.912,nan,34.877075
nan,nan,nan,nan,nan,nan,nan,nan,-5.6205006,31.714163,0.13312081,39.607643,22588.43,nan,34.942169
nan,nan,nan,nan,nan,nan,nan,nan,-5.607439,31.850925,0.13348271,39.68288,22535.805,nan,35.007122
nan,nan,nan,nan,nan,nan,nan,nan,-5.5943422,31.941626,0.13384376,39.757954,22483.037,nan,35.071926
nan,nan,nan,nan,nan,nan,nan,nan,-5.5812101,31.964655,0.13420399,39.832863,22430.127,nan,35.136585
nan,nan,nan,nan,nan,nan,nan,nan,-5.5680428,31.966646,0.13456334,39.907604,22377.076,nan,35.201099
nan,nan,nan,nan,nan,nan,nan,nan,-5.5548401,32.133545,0.13492185,39.982185,22323.883,nan,35.265469
nan,nan,nan,nan,nan,nan,nan,nan,-5.5416021,32.176193,0.13527952,40.056599,22270.547,nan,35.329693
nan,nan,nan,nan,nan,nan,nan,nan,-5.5283294,32.166813,0.13563633,40.130848,22217.072,nan,35.393772
nan,nan,nan,nan,nan,nan,nan,nan,-5.5150218,32.401669,0.13599227,40.204929,22163.455,nan,35.457706
nan,nan,nan,nan,nan,nan,nan,nan,-5.5016794,32.404224,0.13634737,40.278851,22109.697,nan,35.521496
nan,nan,nan,nan,nan,nan,nan,nan,-5.4883022,32.444599,0.1367016,40.352608,22055.801,nan,35.58514
nan,nan,nan,nan,nan,nan,nan,nan,-5.4748902,32.60041,0.13705496,40.426201,22001.764,nan,35.64864
nan,nan,nan,nan,nan,nan,nan,nan,-5.4614439,32.648746,0.13740747,40.49963,21947.588,nan,35.711994
nan,nan,nan,nan,nan,nan,nan,nan,-5.4479628,32.728928,0.13775909,40.572895,21893.273,nan,35.775204
nan,nan,nan,nan,nan,nan,nan,nan,-5.4344473,32.785225,0.13810986,40.646,21838.82,nan,35.838272
nan,nan,nan,nan,nan,nan,nan,nan,-5.4208975,32.929947,0.13845974,40.718937,21784.229,nan,35.901199
nan,nan,nan,nan,nan,nan,nan,nan,-5.4073138,32.994205,0.13880876,40.791718,21729.498,nan,35.963982
nan,nan,nan,nan,nan,nan,nan,nan,-5.3936958,32.97942,0.13915691,40.864334,21674.631,nan,36.026619
nan,nan,nan,nan,nan,nan,nan,nan,-5.3800435,33.104523,0.13950416,40.93679,21619.627,nan,36.089115
nan,nan,nan,nan,nan,nan,nan,nan,-5.3663573,33.183567,0.13985054,41.009083,21564.484,nan,36.15147
nan,nan,nan,nan,nan,nan,nan,nan,-5.3526373,33.28109,0.14019604,41.081219,21509.207,nan,36.213684
nan,nan,nan,nan,nan,nan,nan,nan,-5.3388834,33.401077,0.14054064,41.153194,21453.791,nan,36.275757
nan,nan,nan,nan,nan,nan,nan,nan,-5.3250961,33.430931,0.14088437,41.22501,21398.242,nan,36.337688
nan,nan,nan,nan,nan,nan,nan,nan,-5.3112745,33.426666,0.1412272,41.296665,21342.557,nan,36.399479
nan,nan,nan,nan,nan,nan,nan,nan,-5.29742,33.583614,0.14156914,41.368164,21286.734,nan,36.461132
nan,nan,nan,nan,nan,nan,nan,nan,-5.2835317,33.689102,0.14191018,41.439507,21230.779,nan,36.522644
nan,nan,nan,nan,nan,nan,nan,nan,-5.2696099,33.710426,0.14225033,41.510689,21174.689,nan,36.584019
nan,nan,nan,nan,nan,nan,nan,nan,-5.2556553,33.756485,0.14258958,41.581715,21118.465,nan,36.645252
nan,nan,nan,nan,nan,nan,nan,nan,-5.2416673,33.852306,0.14292794,41.652588,21062.107,nan,36.706352
nan,nan,nan,nan,nan,nan,nan,nan,-5.2276459,33.902916,0.14326538,41.723305,21005.615,nan,36.767315
nan,nan,nan,nan,nan,nan,nan,nan,-5.2135921,33.96291,0.14360192,41.793869,20948.99,nan,36.82814
nan,nan,nan,nan,nan,nan,nan,nan,-5.1995049,34.146301,0.14393756,41.864277,20892.234,nan,36.888828
nan,nan,nan,nan,nan,nan,nan,nan,-5.1853848,34.204018,0.1442723,41.934532,20835.344,nan,36.949387
nan,nan,nan,nan,nan,nan,nan,nan,-5.1712322,34.230461,0.1446061,42.004639,20778.322,nan,37.009808
nan,nan,nan,nan,nan,nan,nan,nan,-5.1570468,34.232735,0.14493901,42.074589,20721.17,nan,37.070095
nan,nan,nan,nan,nan,nan,nan,nan,-5.1428289,34.29813,0.14527099,42.144394,20663.887,nan,37.130249
nan,nan,nan,nan,nan,nan,nan,nan,-5.1285782,34.400204,0.14560206,42.214046,20606.471,nan,37.190269
nan,nan,nan,nan,nan,nan,nan,nan,-5.1142955,34.478394,0.14593221,42.28355,20548.926,nan,37.25016
nan,nan,nan,nan,nan,nan,nan,nan,-5.0999804,34.628517,0.14626144,42.352905,20491.25,nan,37.309921
nan,nan,nan,nan,nan,nan,nan,nan,-5.0856333,34.597527,0.14658974,42.422115,20433.443,nan,37.369553
nan,nan,nan,nan,nan,nan,nan,nan,-5.0712538,34.745663,0.14691712,42.491177,20375.508,nan,37.42905
nan,nan,nan,nan,nan,nan,nan,nan,-5.0568423,34.845177,0.14724357,42.560093,20317.445,nan,37.488426
nan,nan,nan,nan,nan,nan,nan,nan,-5.0423985,34.873039,0.14756909,42.628864,20259.252,nan,37.547668
nan,nan,nan,nan,nan,nan,nan,nan,-5.0279236,34.979946,0.14789368,42.697495,20200.932,nan,37.606789
nan,nan,nan,nan,nan,nan,nan,nan,-5.0134163,35.015774,0.14821734,42.76598,20142.482,nan,37.665779
nan,nan,nan,nan,nan,nan,nan,nan,-4.9988775,35.144859,0.14854005,42.834324,20083.906,nan,37.724648
nan,nan,nan,nan,nan,nan,nan,nan,-4.9843073,35.116993,0.14886183,42.902527,20025.201,nan,37.78339
nan,nan,nan,nan,nan,nan,nan,nan,-4.9697056,35.243805,0.14918266,42.970592,19966.371,nan,37.842007
nan,nan,nan,nan,nan,nan,nan,nan,-4.9550724,35.164761,0.14950256,43.038517,19907.414,nan,37.900505
nan,nan,nan,nan,nan,nan,nan,nan,-4.9404082,35.3092,0.1498215,43.106304,19848.33,nan,37.958878
nan,nan,nan,nan,nan,nan,nan,nan,-4.9257126,35.43203,0.15013951,43.173954,19789.121,nan,38.017132
nan,nan,nan,nan,nan,nan,nan,nan,-4.9109855,35.517895,0.15045658,43.241467,19729.787,nan,38.075264
nan,nan,nan,nan,nan,nan,nan,nan,-4.8962278,35.463871,0.15077268,43.308846,19670.328,nan,38.133278
nan,nan,nan,nan,nan,nan,nan,nan,-4.8814392,35.724602,0.15108784,43.376091,19610.744,nan,38.191174
nan,nan,nan,nan,nan,nan,nan,nan,-4.8666196,35.644707,0.15140204,43.443203,19551.037,nan,38.248955
nan,nan,nan,nan,nan,nan,nan,nan,-4.8517694,35.799095,0.15171528,43.510181,19491.205,nan,38.306614
nan,nan,nan,nan,nan,nan,nan,nan,-4.8368883,35.821274,0.15202756,43.57703,19431.25,nan,38.364162
nan,nan,nan,nan,nan,nan,nan,nan,-4.8219771,36.049587,0.15233889,43.643749,19371.172,nan,38.421593
nan,nan,nan,nan,nan,nan,nan,nan,-4.807035,36.096218,0.15264925,43.710339,19310.971,nan,38.478909
nan,nan,nan,nan,nan,nan,nan,nan,-4.7920628,36.125504,0.15295865,43.776798,19250.646,nan,38.536114
nan,nan,nan,nan,nan,nan,nan,nan,-4.77706,36.204544,0.15326709,43.843132,19190.201,nan,38.593208
nan,nan,nan,nan,nan,nan,nan,nan,-4.7620273,36.21933,0.15357456,43.909344,19129.635,nan,38.650188
nan,nan,nan,nan,nan,nan,nan,nan,-4.7469649,36.293255,0.15388104,43.975426,19068.945,nan,38.707062
nan,nan,nan,nan,nan,nan,nan,nan,-4.7318721,36.430302,0.15418656,44.041386,19008.137,nan,38.763821
nan,nan,nan,nan,nan,nan,nan,nan,-4.7167492,36.488022,0.15449111,44.107224,18947.207,nan,38.820477
nan,nan,nan,nan,nan,nan,nan,nan,-4.7015967,36.490864,0.15479469,44.172935,18886.158,nan,38.877022
nan,nan,nan,nan,nan,nan,nan,nan,-4.6864147,36.550003,0.15509728,44.238529,18824.988,nan,38.93346
nan,nan,nan,nan,nan,nan,nan,nan,-4.6712027,36.700699,0.15539891,44.304005,18763.701,nan,38.989796
nan,nan,nan,nan,nan,nan,nan,nan,-4.6559615,36.715481,0.15569954,44.369358,18702.293,nan,39.046024
nan,nan,nan,nan,nan,nan,nan,nan,-4.6406908,36.851673,0.15599918,44.434597,18640.768,nan,39.10215
nan,nan,nan,nan,nan,nan,nan,nan,-4.625391,36.81329,0.15629785,44.499718,18579.125,nan,39.158169
nan,nan,nan,nan,nan,nan,nan,nan,-4.6100616,36.954319,0.15659553,44.56472,18517.363,nan,39.214092
nan,nan,nan,nan,nan,nan,nan,nan,-4.5947037,37.13316,0.15689221,44.629608,18455.484,nan,39.269909
nan,nan,nan,nan,nan,nan,nan,nan,-4.5793161,37.001232,0.15718791,44.694386,18393.488,nan,39.325626
nan,nan,nan,nan,nan,nan,nan,nan,-4.5639,37.116951,0.15748261,44.759048,18331.377,nan,39.381245
nan,nan,nan,nan,nan,nan,nan,nan,-4.5484548,37.248028,0.15777633,44.823597,18269.148,nan,39.436764
nan,nan,nan,nan,nan,nan,nan,nan,-4.5329809,37.230968,0.15806904,44.888035,18206.803,nan,39.492188
nan,nan,nan,nan,nan,nan,nan,nan,-4.5174785,37.360336,0.15836075,44.952362,18144.344,nan,39.547508
nan,nan,nan,nan,nan,nan,nan,nan,-4.5019474,37.4118,0.15865147,45.016582,18081.77,nan,39.602737
nan,nan,nan,nan,nan,nan,nan,nan,-4.4863882,37.467243,0.15894118,45.080692,18019.08,nan,39.657871
nan,nan,nan,nan,nan,nan,nan,nan,-4.4708004,37.508472,0.15922989,45.144691,17956.277,nan,39.71291
nan,nan,nan,nan,nan,nan,nan,nan,-4.4551845,37.602585,0.1595176,45.208588,17893.361,nan,39.767853
nan,nan,nan,nan,nan,nan,nan,nan,-4.4395404,37.71859,0.15980428,45.272377,17830.33,nan,39.822704
nan,nan,nan,nan,nan,nan,nan,nan,-4.4238682,37.688168,0.16008997,45.33606,17767.188,nan,39.87746
nan,nan,nan,nan,nan,nan,nan,nan,-4.4081678,37.864449,0.16037466,45.399639,17703.932,nan,39.932129
nan,nan,nan,nan,nan,nan,nan,nan,-4.3924398,37.915627,0.16065831,45.463116,17640.562,nan,39.986702
nan,nan,nan,nan,nan,nan,nan,nan,-4.3766842,37.886341,0.16094096,45.526489,17577.084,nan,40.041187
nan,nan,nan,nan,nan,nan,nan,nan,-4.3609009,38.021114,0.16122259,45.58976,17513.492,nan,40.095585
nan,nan,nan,nan,nan,nan,nan,nan,-4.3450904,38.075703,0.1615032,45.652927,17449.789,nan,40.149891
nan,nan,nan,nan,nan,nan,nan,nan,-4.3292518,38.224407,0.16178279,45.715996,17385.977,nan,40.204109
nan,nan,nan,nan,nan,nan,nan,nan,-4.313386,38.237202,0.16206136,45.778965,17322.055,nan,40.25824
nan,nan,nan,nan,nan,nan,nan,nan,-4.2974935,38.230663,0.16233891,45.841835,17258.021,nan,40.312283
nan,nan,nan,nan,nan,nan,nan,nan,-4.2815733,38.331314,0.16261543,45.904606,17193.879,nan,40.366241
nan,nan,nan,nan,nan,nan,nan,nan,-4.265626,38.38562,0.16289093,45.967278,17129.629,nan,40.420113
nan,nan,nan,nan,nan,nan,nan,nan,-4.2496519,38.53347,0.16316539,46.02985,17065.27,nan,40.4739
nan,nan,nan,nan,nan,nan,nan,nan,-4.2336512,38.638958,0.16343883,46.092331,17000.801,nan,40.527599
nan,nan,nan,nan,nan,nan,nan,nan,-4.2176237,38.660564,0.16371122,46.154709,16936.227,nan,40.581215
nan,nan,nan,nan,nan,nan,nan,nan,-4.2015691,38.63924,0.1639826,46.216995,16871.543,nan,40.63475
nan,nan,nan,nan,nan,nan,nan,nan,-4.1854887,38.731934,0.16425292,46.279186,16806.754,nan,40.688198
nan,nan,nan,nan,nan,nan,nan,nan,-4.1693811,38.884617,0.16452222,46.341278,16741.857,nan,40.741566
nan,nan,nan,nan,nan,nan,nan,nan,-4.1532478,38.83884,0.16479048,46.403278,16676.855,nan,40.794849
nan,nan,nan,nan,nan,nan,nan,nan,-4.1370878,38.915894,0.16505769,46.465183,16611.746,nan,40.848049
nan,nan,nan,nan,nan,nan,nan,nan,-4.1209021,39.046398,0.16532387,46.526997,16546.533,nan,40.901169
nan,nan,nan,nan,nan,nan,nan,nan,-4.1046901,39.071705,0.16558899,46.588715,16481.215,nan,40.954208
nan,nan,nan,nan,nan,nan,nan,nan,-4.0884523,39.099567,0.16585307,46.650341,16415.793,nan,41.007168
nan,nan,nan,nan,nan,nan,nan,nan,-4.0721884,39.237183,0.1661161,46.711872,16350.267,nan,41.060043
nan,nan,nan,nan,nan,nan,nan,nan,-4.0558991,39.174915,0.1663781,46.773312,16284.637,nan,41.112839
nan,nan,nan,nan,nan,nan,nan,nan,-4.0395842,39.439907,0.16663903,46.834656,16218.902,nan,41.165554
nan,nan,nan,nan,nan,nan,nan,nan,-4.0232434,39.423985,0.16689891,46.895908,16153.066,nan,41.218185
nan,nan,nan,nan,nan,nan,nan,nan,-4.0068774,39.470047,0.16715774,46.957073,16087.128,nan,41.270741
nan,nan,nan,nan,nan,nan,nan,nan,-3.9904861,39.48938,0.16741551,47.018139,16021.087,nan,41.323215
nan,nan,nan,nan,nan,nan,nan,nan,-3.9740698,39.630974,0.16767222,47.079117,15954.945,nan,41.37561
nan,nan,nan,nan,nan,nan,nan,nan,-3.9576283,39.752384,0.16792788,47.140003,15888.702,nan,41.427925
nan,nan,nan,nan,nan,nan,nan,nan,-3.9411616,39.631828,0.16818248,47.200794,15822.358,nan,41.480156
nan,nan,nan,nan,nan,nan,nan,nan,-3.92467,39.837112,0.16843601,47.261494,15755.914,nan,41.53231
nan,nan,nan,nan,nan,nan,nan,nan,-3.9081538,39.781952,0.16868848,47.322102,15689.369,nan,41.584385
nan,nan,nan,nan,nan,nan,nan,nan,-3.891613,39.913311,0.16893987,47.382618,15622.726,nan,41.636379
nan,nan,nan,nan,nan,nan,nan,nan,-3.8750474,39.99918,0.16919021,47.443039,15555.983,nan,41.688293
nan,nan,nan,nan,nan,nan,nan,nan,-3.8584573,40.0532,0.16943948,47.503368,15489.143,nan,41.740128
nan,nan,nan,nan,nan,nan,nan,nan,-3.8418431,40.17461,0.16968767,47.563606,15422.203,nan,41.791882
nan,nan,nan,nan,nan,nan,nan,nan,-3.8252044,40.180294,0.16993479,47.623749,15355.166,nan,41.843552
nan,nan,nan,nan,nan,nan,nan,nan,-3.8085415,40.209297,0.17018084,47.683796,15288.031,nan,41.895145
nan,nan,nan,nan,nan,nan,nan,nan,-3.7918549,40.306538,0.17042583,47.743748,15220.8,nan,41.946651
nan,nan,nan,nan,nan,nan,nan,nan,-3.7751439,40.342079,0.17066972,47.803608,15153.472,nan,41.998081
nan,nan,nan,nan,nan,nan,nan,nan,-3.7584093,40.310234,0.17091255,47.863373,15086.048,nan,42.049427
nan,nan,nan,nan,nan,nan,nan,nan,-3.7416511,40.562717,0.17115429,47.923042,15018.528,nan,42.100689
nan,nan,nan,nan,nan,nan,nan,nan,-3.724869,40.512108,0.17139496,47.982613,14950.913,nan,42.151871
nan,nan,nan,nan,nan,nan,nan,nan,-3.7080634,40.624416,0.17163453,48.042088,14883.203,nan,42.202969
nan,nan,nan,nan,nan,nan,nan,nan,-3.6912344,40.747246,0.17187303,48.101463,14815.399,nan,42.253979
nan,nan,nan,nan,nan,nan,nan,nan,-3.6743822,40.755207,0.17211044,48.160744,14747.502,nan,42.304909
nan,nan,nan,nan,nan,nan,nan,nan,-3.6575067,40.791031,0.17234676,48.219921,14679.51,nan,42.355751
nan,nan,nan,nan,nan,nan,nan,nan,-3.6406081,40.91642,0.17258199,48.279003,14611.426,nan,42.406509
nan,nan,nan,nan,nan,nan,nan,nan,-3.6236866,40.982666,0.17281613,48.337982,14543.248,nan,42.45718
nan,nan,nan,nan,nan,nan,nan,nan,-3.6067421,40.910164,0.17304918,48.396858,14474.979,nan,42.507763
nan,nan,nan,nan,nan,nan,nan,nan,-3.5897748,41.103222,0.17328115,48.455631,14406.618,nan,42.558258
nan,nan,nan,nan,nan,nan,nan,nan,-3.5727849,41.101231,0.17351201,48.514301,14338.165,nan,42.608665
nan,nan,nan,nan,nan,nan,nan,nan,-3.5557725,41.19051,0.17374177,48.572868,14269.622,nan,42.658981
nan,nan,nan,nan,nan,nan,nan,nan,-3.5387375,41.32386,0.17397045,48.631329,14200.988,nan,42.709206
nan,nan,nan,nan,nan,nan,nan,nan,-3.5216804,41.202168,0.17419802,48.689682,14132.265,nan,42.759338
nan,nan,nan,nan,nan,nan,nan,nan,-3.5046008,41.274956,0.17442448,48.747925,14063.45,nan,42.809383
nan,nan,nan,nan,nan,nan,nan,nan,-3.487499,41.469151,0.17464986,48.806061,13994.548,nan,42.859329
nan,nan,nan,nan,nan,nan,nan,nan,-3.4703753,41.437592,0.17487413,48.864082,13925.557,nan,42.909184
nan,nan,nan,nan,nan,nan,nan,nan,-3.4532299,41.444416,0.17509729,48.921997,13856.477,nan,42.958939
nan,nan,nan,nan,nan,nan,nan,nan,-3.4360623,41.577198,0.17531934,48.979794,13787.309,nan,43.008598
nan,nan,nan,nan,nan,nan,nan,nan,-3.4188733,41.628658,0.1755403,49.037479,13718.054,nan,43.058159
nan,nan,nan,nan,nan,nan,nan,nan,-3.4016626,41.60051,0.17576014,49.095047,13648.712,nan,43.10762
nan,nan,nan,nan,nan,nan,nan,nan,-3.3844304,41.736134,0.17597887,49.152496,13579.283,nan,43.156982
nan,nan,nan,nan,nan,nan,nan,nan,-3.3671768,41.819729,0.17619649,49.209824,13509.769,nan,43.206238
nan,nan,nan,nan,nan,nan,nan,nan,-3.3499019,41.925499,0.17641298,49.267033,13440.168,nan,43.255394
nan,nan,nan,nan,nan,nan,nan,nan,-3.3326058,41.937725,0.17662838,49.324116,13370.482,nan,43.304443
nan,nan,nan,nan,nan,nan,nan,nan,-3.315289,41.92379,0.17684266,49.381077,13300.712,nan,43.353386
nan,nan,nan,nan,nan,nan,nan,nan,-3.297951,42.046619,0.17705581,49.437912,13230.856,nan,43.402222
nan,nan,nan,nan,nan,nan,nan,nan,-3.2805922,42.124527,0.17726785,49.494614,13160.918,nan,43.450947
nan,nan,nan,nan,nan,nan,nan,nan,-3.2632127,42.136467,0.17747878,49.551189,13090.896,nan,43.499557
nan,nan,nan,nan,nan,nan,nan,nan,-3.2458124,42.137035,0.17768857,49.607632,13020.79,nan,43.548058
nan,nan,nan,nan,nan,nan,nan,nan,-3.2283919,42.194469,0.17789724,49.663937,12950.603,nan,43.596443
nan,nan,nan,nan,nan,nan,nan,nan,-3.2109509,42.345165,0.1781048,49.720108,12880.332,nan,43.644711
nan,nan,nan,nan,nan,nan,nan,nan,-3.1934893,42.307064,0.17831123,49.776142,12809.98,nan,43.69286
nan,nan,nan,nan,nan,nan,nan,nan,-3.176008,42.382126,0.17851654,49.832031,12739.547,nan,43.740891
nan,nan,nan,nan,nan,nan,nan,nan,-3.1585064,42.479652,0.17872071,49.887779,12669.033,nan,43.788799
nan,nan,nan,nan,nan,nan,nan,nan,-3.140985,42.548176,0.17892376,49.943382,12598.439,nan,43.836582
nan,nan,nan,nan,nan,nan,nan,nan,-3.1234436,42.625511,0.17912567,49.998837,12527.765,nan,43.884239
nan,nan,nan,nan,nan,nan,nan,nan,-3.1058824,42.63205,0.17932646,50.054142,12457.012,nan,43.931767
nan,nan,nan,nan,nan,nan,nan,nan,-3.0883019,42.78701,0.17952611,50.109291,12386.179,nan,43.979164
nan,nan,nan,nan,nan,nan,nan,nan,-3.0707016,42.791275,0.17972462,50.164288,12315.268,nan,44.026428
nan,nan,nan,nan,nan,nan,nan,nan,-3.053082,42.806629,0.179922,50.219128,12244.278,nan,44.073559
nan,nan,nan,nan,nan,nan,nan,nan,-3.0354433,42.852406,0.18011825,50.273804,12173.211,nan,44.120552
nan,nan,nan,nan,nan,nan,nan,nan,-3.0177853,42.906425,0.18031336,50.32832,12102.066,nan,44.167408
nan,nan,nan,nan,nan,nan,nan,nan,-3.000108,43.017883,0.18050733,50.382668,12030.846,nan,44.214119
nan,nan,nan,nan,nan,nan,nan,nan,-2.9824121,43.109436,0.18070015,50.436852,11959.548,nan,44.260689
nan,nan,nan,nan,nan,nan,nan,nan,-2.9646971,43.072758,0.18089184,50.49086,11888.175,nan,44.30711
nan,nan,nan,nan,nan,nan,nan,nan,-2.9469635,43.16346,0.18108238,50.544693,11816.726,nan,44.353382
nan,nan,nan,nan,nan,nan,nan,nan,-2.9292114,43.253021,0.18127179,50.598351,11745.202,nan,44.399506
nan,nan,nan,nan,nan,nan,nan,nan,-2.9114406,43.280888,0.18146005,50.651829,11673.604,nan,44.445473
nan,nan,nan,nan,nan,nan,nan,nan,-2.8936515,43.341732,0.18164715,50.705124,11601.931,nan,44.491283
nan,nan,nan,nan,nan,nan,nan,nan,-2.8758442,43.256149,0.18183312,50.758228,11530.185,nan,44.536934
nan,nan,nan,nan,nan,nan,nan,nan,-2.8580186,43.421627,0.18201794,50.81115,11458.365,nan,44.582424
nan,nan,nan,nan,nan,nan,nan,nan,-2.8401752,43.4711,0.18220159,50.863873,11386.474,nan,44.62775
nan,nan,nan,nan,nan,nan,nan,nan,-2.8223135,43.50124,0.18238412,50.916405,11314.51,nan,44.672909
nan,nan,nan,nan,nan,nan,nan,nan,-2.8044343,43.529388,0.18256548,50.968735,11242.474,nan,44.717896
nan,nan,nan,nan,nan,nan,nan,nan,-2.7865372,43.613548,0.18274568,51.020863,11170.366,nan,44.762711
nan,nan,nan,nan,nan,nan,nan,nan,-2.7686224,43.582272,0.18292473,51.072781,11098.188,nan,44.807346
nan,nan,nan,nan,nan,nan,nan,nan,-2.7506902,43.675816,0.18310264,51.124496,11025.938,nan,44.851807
nan,nan,nan,nan,nan,nan,nan,nan,-2.7327409,43.786987,0.18327938,51.175995,10953.62,nan,44.896084
nan,nan,nan,nan,nan,nan,nan,nan,-2.7147741,43.900719,0.18345496,51.227276,10881.231,nan,44.940174
nan,nan,nan,nan,nan,nan,nan,nan,-2.6967902,43.838737,0.18362939,51.278339,10808.774,nan,44.984077
nan,nan,nan,nan,nan,nan,nan,nan,-2.6787891,43.853523,0.18380265,51.329178,10736.248,nan,45.02779
nan,nan,nan,nan,nan,nan,nan,nan,-2.6607714,43.979763,0.18397476,51.379791,10663.654,nan,45.071304
nan,nan,nan,nan,nan,nan,nan,nan,-2.6427367,44.025539,0.1841457,51.430172,10590.992,nan,45.114624
nan,nan,nan,nan,nan,nan,nan,nan,-2.6246853,43.937965,0.18431549,51.48032,10518.263,nan,45.157745
nan,nan,nan,nan,nan,nan,nan,nan,-2.6066172,44.126476,0.18448409,51.530228,10445.467,nan,45.200657
nan,nan,nan,nan,nan,nan,nan,nan,-2.5885329,44.144672,0.18465155,51.579891,10372.604,nan,45.243362
nan,nan,nan,nan,nan,nan,nan,nan,-2.5704322,44.115105,0.18481784,51.629311,10299.677,nan,45.285858
nan,nan,nan,nan,nan,nan,nan,nan,-2.552315,44.120789,0.18498296,51.678478,10226.684,nan,45.32814
nan,nan,nan,nan,nan,nan,nan,nan,-2.5341821,44.208076,0.1851469,51.727394,10153.625,nan,45.370205
nan,nan,nan,nan,nan,nan,nan,nan,-2.5160329,44.25016,0.18530968,51.776047,10080.502,nan,45.412045
nan,nan,nan,nan,nan,nan,nan,nan,-2.4978678,44.292809,0.18547128,51.82444,10007.314,nan,45.453663
nan,nan,nan,nan,nan,nan,nan,nan,-2.479687,44.399715,0.18563172,51.87257,9934.0645,nan,45.495052
nan,nan,nan,nan,nan,nan,nan,nan,-2.4614906,44.461697,0.18579099,51.920425,9860.751,nan,45.536209
nan,nan,nan,nan,nan,nan,nan,nan,-2.4432786,44.386353,0.18594907,51.968006,9787.374,nan,45.577129
nan,nan,nan,nan,nan,nan,nan,nan,-2.4250512,44.61097,0.186106,52.015308,9713.9355,nan,45.617809
nan,nan,nan,nan,nan,nan,nan,nan,-2.4068084,44.547848,0.18626173,52.062328,9640.4355,nan,45.658249
nan,nan,nan,nan,nan,nan,nan,nan,-2.3885505,44.627747,0.1864163,52.109058,9566.874,nan,45.698441
nan,nan,nan,nan,nan,nan,nan,nan,-2.3702774,44.592773,0.18656969,52.155499,9493.252,nan,45.73838
nan,nan,nan,nan,nan,nan,nan,nan,-2.3519895,44.782421,0.18672189,52.201641,9419.5693,nan,45.778069
nan,nan,nan,nan,nan,nan,nan,nan,-2.3336866,44.867149,0.18687293,52.247482,9345.8271,nan,45.817497
nan,nan,nan,nan,nan,nan,nan,nan,-2.3153691,44.851509,0.18702278,52.293018,9272.0254,nan,45.856667
nan,nan,nan,nan,nan,nan,nan,nan,-2.2970369,44.814262,0.18717144,52.338245,9198.165,nan,45.895565
nan,nan,nan,nan,nan,nan,nan,nan,-2.2786901,44.779861,0.18731892,52.38316,9124.2461,nan,45.934196
nan,nan,nan,nan,nan,nan,nan,nan,-2.260329,44.85862,0.18746522,52.42775,9050.2686,nan,45.972553
nan,nan,nan,nan,nan,nan,nan,nan,-2.2419536,44.824215,0.18761034,52.472023,8976.2344,nan,46.010635
nan,nan,nan,nan,nan,nan,nan,nan,-2.2235641,45.016991,0.18775427,52.515965,8902.1426,nan,46.048431
nan,nan,nan,nan,nan,nan,nan,nan,-2.2051604,44.93084,0.18789703,52.559574,8827.9941,nan,46.085945
nan,nan,nan,nan,nan,nan,nan,nan,-2.186743,45.07954,0.18803859,52.602844,8753.79,nan,46.123165
nan,nan,nan,nan,nan,nan,nan,nan,-2.1683116,45.076698,0.18817896,52.645775,8679.5303,nan,46.160095
nan,nan,nan,nan,nan,nan,nan,nan,-2.1498666,45.184742,0.18831813,52.688358,8605.2148,nan,46.196724
nan,nan,nan,nan,nan,nan,nan,nan,-2.131408,45.208626,0.18845613,52.730587,8530.8447,nan,46.233051
nan,nan,nan,nan,nan,nan,nan,nan,-2.112936,45.141239,0.18859294,52.772465,8456.4209,nan,46.269073
nan,nan,nan,nan,nan,nan,nan,nan,-2.0944505,45.191566,0.18872856,52.813976,8381.9434,nan,46.304787
nan,nan,nan,nan,nan,nan,nan,nan,-2.0759521,45.248146,0.18886298,52.855125,8307.4121,nan,46.340183
nan,nan,nan,nan,nan,nan,nan,nan,-2.0574403,45.312122,0.1889962,52.895901,8232.8281,nan,46.375259
nan,nan,nan,nan,nan,nan,nan,nan,-2.0389154,45.344536,0.18912823,52.936302,8158.1914,nan,46.410011
nan,nan,nan,nan,nan,nan,nan,nan,-2.0203779,45.349369,0.18925907,52.976322,8083.5034,nan,46.444439
nan,nan,nan,nan,nan,nan,nan,nan,-2.0018275,45.417892,0.18938872,53.015957,8008.7637,nan,46.478535
nan,nan,nan,nan,nan,nan,nan,nan,-1.9832644,45.531338,0.18951717,53.055199,7933.9731,nan,46.512295
nan,nan,nan,nan,nan,nan,nan,nan,-1.9646889,45.492386,0.18964441,53.094048,7859.1323,nan,46.545712
nan,nan,nan,nan,nan,nan,nan,nan,-1.946101,45.500061,0.18977048,53.132496,7784.2412,nan,46.578785
nan,nan,nan,nan,nan,nan,nan,nan,-1.9275007,45.617775,0.18989532,53.170536,7709.3008,nan,46.611511
nan,nan,nan,nan,nan,nan,nan,nan,-1.9088883,45.585075,0.19001898,53.208168,7634.311,nan,46.643883
nan,nan,nan,nan,nan,nan,nan,nan,-1.8902639,45.545269,0.19014144,53.245384,7559.2729,nan,46.675896
nan,nan,nan,nan,nan,nan,nan,nan,-1.8716274,45.663551,0.19026269,53.282181,7484.1865,nan,46.707546
nan,nan,nan,nan,nan,nan,nan,nan,-1.8529792,45.666962,0.19038273,53.31855,7409.0527,nan,46.738831
nan,nan,nan,nan,nan,nan,nan,nan,-1.8343194,45.739464,0.19050159,53.354488,7333.8721,nan,46.769745
nan,nan,nan,nan,nan,nan,nan,nan,-1.8156478,45.722122,0.19061923,53.389992,7258.644,nan,46.800282
nan,nan,nan,nan,nan,nan,nan,nan,-1.7969648,45.740604,0.19073567,53.425053,7183.3701,nan,46.830441
nan,nan,nan,nan,nan,nan,nan,nan,-1.7782705,45.815098,0.19085091,53.459667,7108.0508,nan,46.860214
nan,nan,nan,nan,nan,nan,nan,nan,-1.759565,45.746288,0.19096494,53.493832,7032.686,nan,46.889599
nan,nan,nan,nan,nan,nan,nan,nan,-1.7408483,45.929966,0.19107777,53.527538,6957.2764,nan,46.918594
nan,nan,nan,nan,nan,nan,nan,nan,-1.7221206,45.914894,0.19118939,53.560787,6881.8223,nan,46.947186
nan,nan,nan,nan,nan,nan,nan,nan,-1.703382,45.944748,0.1912998,53.593567,6806.3247,nan,46.97538
nan,nan,nan,nan,nan,nan,nan,nan,-1.6846328,45.942474,0.19140901,53.625874,6730.7837,nan,47.003166
nan,nan,nan,nan,nan,nan,nan,nan,-1.6658728,46.001614,0.191517,53.657707,6655.1997,nan,47.03054
nan,nan,nan,nan,nan,nan,nan,nan,-1.6471024,45.937641,0.19162378,53.689056,6579.5732,nan,47.057499
nan,nan,nan,nan,nan,nan,nan,nan,-1.6283215,46.052509,0.19172935,53.719917,6503.9048,nan,47.084038
nan,nan,nan,nan,nan,nan,nan,nan,-1.6095304,45.978016,0.19183372,53.750286,6428.1953,nan,47.110149
nan,nan,nan,nan,nan,nan,nan,nan,-1.5907291,46.171928,0.19193687,53.780159,6352.4448,nan,47.135834
nan,nan,nan,nan,nan,nan,nan,nan,-1.5719178,45.928257,0.1920388,53.809532,6276.6538,nan,47.161087
nan,nan,nan,nan,nan,nan,nan,nan,-1.5530964,46.030899,0.19213954,53.838394,6200.8228,nan,47.185902
nan,nan,nan,nan,nan,nan,nan,nan,-1.5342654,46.174202,0.19223905,53.866741,6124.9521,nan,47.210274
nan,nan,nan,nan,nan,nan,nan,nan,-1.5154246,46.123875,0.19233733,53.894573,6049.0425,nan,47.234196
nan,nan,nan,nan,nan,nan,nan,nan,-1.4965743,46.223106,0.19243443,53.921883,5973.0942,nan,47.257668
nan,nan,nan,nan,nan,nan,nan,nan,-1.4777144,46.179035,0.19253029,53.948666,5897.1079,nan,47.280685
nan,nan,nan,nan,nan,nan,nan,nan,-1.4588454,46.256943,0.19262494,53.974911,5821.084,nan,47.303242
nan,nan,nan,nan,nan,nan,nan,nan,-1.439967,46.2686,0.19271837,54.000622,5745.0229,nan,47.325336
nan,nan,nan,nan,nan,nan,nan,nan,-1.4210795,46.241871,0.1928106,54.025787,5668.9253,nan,47.346958
nan,nan,nan,nan,nan,nan,nan,nan,-1.4021832,46.302433,0.1929016,54.050404,5592.7915,nan,47.368107
nan,nan,nan,nan,nan,nan,nan,nan,-1.3832779,46.291344,0.19299138,54.074471,5516.6221,nan,47.388779
nan,nan,nan,nan,nan,nan,nan,nan,-1.3643639,46.433224,0.19307993,54.097973,5440.4175,nan,47.40897
nan,nan,nan,nan,nan,nan,nan,nan,-1.3454413,46.392567,0.19316728,54.120918,5364.1782,nan,47.428673
nan,nan,nan,nan,nan,nan,nan,nan,-1.3265102,46.498619,0.1932534,54.143291,5287.9043,nan,47.447884
nan,nan,nan,nan,nan,nan,nan,nan,-1.3075707,46.348495,0.1933383,54.165092,5211.5972,nan,47.466602
nan,nan,nan,nan,nan,nan,nan,nan,-1.288623,46.475304,0.19342199,54.186314,5135.2563,nan,47.484818
nan,nan,nan,nan,nan,nan,nan,nan,-1.269667,46.499187,0.19350444,54.206951,5058.8828,nan,47.502529
nan,nan,nan,nan,nan,nan,nan,nan,-1.2507032,46.479286,0.19358568,54.227001,4982.4771,nan,47.519733
nan,nan,nan,nan,nan,nan,nan,nan,-1.2317314,46.440331,0.1936657,54.24646,4906.0396,nan,47.536427
nan,nan,nan,nan,nan,nan,nan,nan,-1.2127517,46.579082,0.19374448,54.26532,4829.5708,nan,47.552601
nan,nan,nan,nan,nan,nan,nan,nan,-1.1937646,46.397968,0.19382206,54.283577,4753.0713,nan,47.568253
nan,nan,nan,nan,nan,nan,nan,nan,-1.1747698,46.501461,0.19389839,54.301224,4676.541,nan,47.583382
nan,nan,nan,nan,nan,nan,nan,nan,-1.1557676,46.480991,0.19397351,54.31826,4599.981,nan,47.59798
nan,nan,nan,nan,nan,nan,nan,nan,-1.1367581,46.525345,0.19404741,54.334679,4523.3916,nan,47.612049
nan,nan,nan,nan,nan,nan,nan,nan,-1.1177415,46.514542,0.19412008,54.350479,4446.7734,nan,47.625576
nan,nan,nan,nan,nan,nan,nan,nan,-1.0987177,46.573399,0.19419152,54.36565,4370.1265,nan,47.638561
nan,nan,nan,nan,nan,nan,nan,nan,-1.0796871,46.52961,0.19426173,54.380188,4293.4517,nan,47.651001
nan,nan,nan,nan,nan,nan,nan,nan,-1.0606496,46.646187,0.19433072,54.394093,4216.7495,nan,47.662891
nan,nan,nan,nan,nan,nan,nan,nan,-1.0416054,46.640499,0.19439848,54.407356,4140.0205,nan,47.674225
nan,nan,nan,nan,nan,nan,nan,nan,-1.0225546,46.596996,0.19446501,54.419975,4063.2649,nan,47.685005
nan,nan,nan,nan,nan,nan,nan,nan,-1.0034975,46.575104,0.19453031,54.431942,3986.4832,nan,47.695221
nan,nan,nan,nan,nan,nan,nan,nan,-0.98443389,46.592163,0.19459438,54.443256,3909.676,nan,47.704868
nan,nan,nan,nan,nan,nan,nan,nan,-0.9653641,46.606949,0.19465724,54.453915,3832.8438,nan,47.713951
nan,nan,nan,nan,nan,nan,nan,nan,-0.94628829,46.61235,0.19471885,54.463905,3755.9868,nan,47.722454
nan,nan,nan,nan,nan,nan,nan,nan,-0.92720646,46.616329,0.19477923,54.473232,3679.106,nan,47.730385
nan,nan,nan,nan,nan,nan,nan,nan,-0.90811872,46.698502,0.19483839,54.481888,3602.2017,nan,47.737732
nan,nan,nan,nan,nan,nan,nan,nan,-0.88902533,46.716129,0.19489633,54.489864,3525.2739,nan,47.744495
nan,nan,nan,nan,nan,nan,nan,nan,-0.86992627,46.661255,0.19495301,54.497166,3448.3237,nan,47.750668
nan,nan,nan,nan,nan,nan,nan,nan,-0.85082173,46.629978,0.19500847,54.50378,3371.3516,nan,47.756248
nan,nan,nan,nan,nan,nan,nan,nan,-0.83171183,46.610928,0.19506271,54.509705,3294.3574,nan,47.761234
nan,nan,nan,nan,nan,nan,nan,nan,-0.81259668,46.697933,0.19511572,54.514938,3217.3425,nan,47.765621
nan,nan,nan,nan,nan,nan,nan,nan,-0.7934764,46.610077,0.19516748,54.519474,3140.3066,nan,47.769402
nan,nan,nan,nan,nan,nan,nan,nan,-0.77435112,46.689404,0.19521801,54.523312,3063.2507,nan,47.772575
nan,nan,nan,nan,nan,nan,nan,nan,-0.75522095,46.715847,0.1952673,54.526443,2986.175,nan,47.775143
nan,nan,nan,nan,nan,nan,nan,nan,-0.73608601,46.713287,0.19531538,54.528866,2909.0801,nan,47.777092
nan,nan,nan,nan,nan,nan,nan,nan,-0.71694636,46.631115,0.19536221,54.530575,2831.9666,nan,47.778427
nan,nan,nan,nan,nan,nan,nan,nan,-0.69780225,46.733475,0.19540781,54.53157,2754.8347,nan,47.77914
nan,nan,nan,nan,nan,nan,nan,nan,-0.67865372,46.674618,0.19545218,54.531845,2677.6851,nan,47.779232
nan,nan,nan,nan,nan,nan,nan,nan,-0.6595009,46.628841,0.19549531,54.531395,2600.5181,nan,47.778694
nan,nan,nan,nan,nan,nan,nan,nan,-0.64034396,46.629978,0.19553721,54.53022,2523.3345,nan,47.777527
nan,nan,nan,nan,nan,nan,nan,nan,-0.62118292,46.734612,0.19557787,54.528313,2446.1345,nan,47.775726
nan,nan,nan,nan,nan,nan,nan,nan,-0.602018,46.566574,0.19561729,54.525673,2368.9189,nan,47.773293
nan,nan,nan,nan,nan,nan,nan,nan,-0.5828492,46.685421,0.19565548,54.522293,2291.6877,nan,47.770214
nan,nan,nan,nan,nan,nan,nan,nan,-0.56367683,46.708168,0.19569243,54.518173,2214.4419,nan,47.766499
nan,nan,nan,nan,nan,nan,nan,nan,-0.54450083,46.676609,0.19572815,54.513309,2137.1819,nan,47.762135
nan,nan,nan,nan,nan,nan,nan,nan,-0.52532142,46.608372,0.19576265,54.507698,2059.9077,nan,47.757122
nan,nan,nan,nan,nan,nan,nan,nan,-0.50613868,46.677177,0.19579589,54.501335,1982.6204,nan,47.751457
nan,nan,nan,nan,nan,nan,nan,nan,-0.48695275,46.604958,0.1958279,54.494217,1905.3201,nan,47.74514
nan,nan,nan,nan,nan,nan,nan,nan,-0.46776375,46.703335,0.19585867,54.486343,1828.0074,nan,47.738167
nan,nan,nan,nan,nan,nan,nan,nan,-0.4485718,46.591877,0.19588821,54.477707,1750.6829,nan,47.730534
nan,nan,nan,nan,nan,nan,nan,nan,-0.42937699,46.644196,0.1959165,54.468307,1673.3469,nan,47.722237
nan,nan,nan,nan,nan,nan,nan,nan,-0.4101795,46.575386,0.19594356,54.458145,1596,nan,47.71328
nan,nan,nan,nan,nan,nan,nan,nan,-0.39097941,46.503738,0.19596939,54.447212,1518.6427,nan,47.703651
nan,nan,nan,nan,nan,nan,nan,nan,-0.37177688,46.645901,0.19599397,54.435505,1441.2754,nan,47.693356
nan,nan,nan,nan,nan,nan,nan,nan,-0.35257196,46.545818,0.19601732,54.423027,1363.8987,nan,47.682388
nan,nan,nan,nan,nan,nan,nan,nan,-0.33336484,46.619743,0.19603942,54.409771,1286.5131,nan,47.670746
nan,nan,nan,nan,nan,nan,nan,nan,-0.31415561,46.524494,0.1960603,54.395737,1209.1189,nan,47.658428
nan,nan,nan,nan,nan,nan,nan,nan,-0.29494441,46.527905,0.19607994,54.380917,1131.7168,nan,47.645432
nan,nan,nan,nan,nan,nan,nan,nan,-0.27573135,46.470188,0.19609833,54.365314,1054.3071,nan,47.631752
nan,nan,nan,nan,nan,nan,nan,nan,-0.25651655,46.518524,0.19611548,54.348927,976.8905,nan,47.617393
nan,nan,nan,nan,nan,nan,nan,nan,-0.2373001,46.493217,0.19613139,54.331745,899.46735,nan,47.602345
nan,nan,nan,nan,nan,nan,nan,nan,-0.21808217,46.540417,0.19614607,54.313778,822.03815,nan,47.586613
nan,nan,nan,nan,nan,nan,nan,nan,-0.19886288,46.456539,0.19615951,54.295013,744.60345,nan,47.570194
nan,nan,nan,nan,nan,nan,nan,nan,-0.17964233,46.41531,0.19617172,54.275455,667.16364,nan,47.553082
nan,nan,nan,nan,nan,nan,nan,nan,-0.16042064,46.360153,0.19618268,54.2551,589.7193,nan,47.535278
nan,nan,nan,nan,nan,nan,nan,nan,-0.14119795,46.471607,0.1961924,54.233944,512.27087,nan,47.516777
nan,nan,nan,nan,nan,nan,nan,nan,-0.12197436,46.303288,0.19620088,54.211987,434.81888,nan,47.497585
nan,nan,nan,nan,nan,nan,nan,nan,-0.10275,46.376076,0.19620812,54.189228,357.3638,nan,47.477695
nan,nan,nan,nan,nan,nan,nan,nan,-0.083525002,46.268314,0.19621412,54.165665,279.9061,nan,47.457104
nan,nan,nan,nan,nan,nan,nan,nan,-0.064299472,46.332005,0.19621889,54.141293,202.44626,nan,47.435814
nan,nan,nan,nan,nan,nan,nan,nan,-0.045073539,46.202633,0.19622242,54.116116,124.98482,nan,47.413826
nan,nan,nan,nan,nan,nan,nan,nan,-0.025847325,46.322338,0.1962247,54.09013,47.522228,nan,47.391132
nan,nan,nan,nan,nan,nan,nan,nan,-0.0066209505,46.196949,0.19622575,54.063332,-29.941008,nan,47.367733
nan,nan,nan,nan,nan,nan,nan,nan,0.012605464,46.253529,0.19622555,54.035725,-107.4044,nan,47.343632
nan,nan,nan,nan,nan,nan,nan,nan,0.031831797,46.154583,0.19622412,54.007301,-184.86746,nan,47.318821
nan,nan,nan,nan,nan,nan,nan,nan,0.051057927,46.190125,0.19622146,53.978065,-262.32971,nan,47.293304
nan,nan,nan,nan,nan,nan,nan,nan,0.070283733,46.18927,0.19621754,53.948017,-339.79065,nan,47.267082
nan,nan,nan,nan,nan,nan,nan,nan,0.089509092,46.192684,0.1962124,53.917149,-417.24979,nan,47.240147
nan,nan,nan,nan,nan,nan,nan,nan,0.10873388,46.177044,0.196206,53.885468,-494.70667,nan,47.212505
nan,nan,nan,nan,nan,nan,nan,nan,0.12795798,46.130699,0.19619837,53.852966,-572.16071,nan,47.184151
nan,nan,nan,nan,nan,nan,nan,nan,0.14718127,45.975456,0.19618951,53.819645,-649.61157,nan,47.155087
nan,nan,nan,nan,nan,nan,nan,nan,0.16640364,45.979439,0.1961794,53.785507,-727.05859,nan,47.125309
nan,nan,nan,nan,nan,nan,nan,nan,0.18562494,45.950436,0.19616805,53.750549,-804.5014,nan,47.094818
nan,nan,nan,nan,nan,nan,nan,nan,0.20484507,45.93224,0.19615546,53.714771,-881.93951,nan,47.063618
nan,nan,nan,nan,nan,nan,nan,nan,0.22406392,45.93224,0.19614165,53.678177,-959.37238,nan,47.031704
nan,nan,nan,nan,nan,nan,nan,nan,0.24328133,45.819363,0.19612658,53.640759,-1036.7996,nan,46.999073
nan,nan,nan,nan,nan,nan,nan,nan,0.26249722,45.906651,0.19611028,53.60252,-1114.2205,nan,46.965733
nan,nan,nan,nan,nan,nan,nan,nan,0.28171143,45.821068,0.19609274,53.563457,-1191.6348,nan,46.931679
nan,nan,nan,nan,nan,nan,nan,nan,0.30092385,45.754818,0.19607395,53.523579,-1269.0417,nan,46.896908
nan,nan,nan,nan,nan,nan,nan,nan,0.3201344,45.787518,0.19605394,53.482876,-1346.4412,nan,46.861423
nan,nan,nan,nan,nan,nan,nan,nan,0.33934292,45.747143,0.19603269,53.441357,-1423.8325,nan,46.825226
nan,nan,nan,nan,nan,nan,nan,nan,0.35854927,45.713306,0.19601019,53.399014,-1501.2151,nan,46.788319
nan,nan,nan,nan,nan,nan,nan,nan,0.37775338,45.51627,0.19598645,53.35585,-1578.5886,nan,46.750694
nan,nan,nan,nan,nan,nan,nan,nan,0.39695507,45.640518,0.19596149,53.311867,-1655.9524,nan,46.712357
nan,nan,nan,nan,nan,nan,nan,nan,0.4161543,45.547829,0.19593528,53.267067,-1733.3062,nan,46.673306
nan,nan,nan,nan,nan,nan,nan,nan,0.43535087,45.510864,0.19590783,53.221447,-1810.6493,nan,46.633545
nan,nan,nan,nan,nan,nan,nan,nan,0.45454466,45.544132,0.19587915,53.175011,-1887.9813,nan,46.593071
nan,nan,nan,nan,nan,nan,nan,nan,0.4737356,45.446609,0.19584922,53.127754,-1965.3019,nan,46.551884
nan,nan,nan,nan,nan,nan,nan,nan,0.49292356,45.385761,0.19581807,53.079685,-2042.6102,nan,46.509991
nan,nan,nan,nan,nan,nan,nan,nan,0.51210839,45.339134,0.19578567,53.030796,-2119.9062,nan,46.467384
nan,nan,nan,nan,nan,nan,nan,nan,0.53128999,45.298759,0.19575204,52.981094,-2197.189,nan,46.424072
nan,nan,nan,nan,nan,nan,nan,nan,0.55046821,45.257248,0.19571717,52.93058,-2274.4583,nan,46.380051
nan,nan,nan,nan,nan,nan,nan,nan,0.56964296,45.279991,0.19568107,52.879253,-2351.7136,nan,46.33532
nan,nan,nan,nan,nan,nan,nan,nan,0.58881414,45.211468,0.19564374,52.827118,-2428.9543,nan,46.289886
nan,nan,nan,nan,nan,nan,nan,nan,0.60798156,45.142094,0.19560516,52.77417,-2506.1802,nan,46.243744
nan,nan,nan,nan,nan,nan,nan,nan,0.62714517,45.057365,0.19556534,52.720413,-2583.3904,nan,46.196903
nan,nan,nan,nan,nan,nan,nan,nan,0.64630479,45.03661,0.19552431,52.665852,-2660.5847,nan,46.149357
nan,nan,nan,nan,nan,nan,nan,nan,0.66546035,45.015854,0.19548202,52.610485,-2737.7625,nan,46.101109
nan,nan,nan,nan,nan,nan,nan,nan,0.68461168,44.89217,0.1954385,52.554314,-2814.9236,nan,46.052162
nan,nan,nan,nan,nan,nan,nan,nan,0.70375872,44.840424,0.19539376,52.497341,-2892.0669,nan,46.002518
nan,nan,nan,nan,nan,nan,nan,nan,0.72290128,44.832176,0.19534777,52.439568,-2969.1926,nan,45.952175
nan,nan,nan,nan,nan,nan,nan,nan,0.74203926,44.757969,0.19530055,52.381001,-3046.2998,nan,45.901138
nan,nan,nan,nan,nan,nan,nan,nan,0.76117259,44.719013,0.19525211,52.321636,-3123.3879,nan,45.849411
nan,nan,nan,nan,nan,nan,nan,nan,0.78030109,44.664707,0.19520241,52.261475,-3200.4568,nan,45.796989
nan,nan,nan,nan,nan,nan,nan,nan,0.79942465,44.58794,0.19515149,52.200523,-3277.5059,nan,45.743877
nan,nan,nan,nan,nan,nan,nan,nan,0.8185432,44.504349,0.19509935,52.138786,-3354.5347,nan,45.690079
nan,nan,nan,nan,nan,nan,nan,nan,0.8376565,44.49155,0.19504596,52.07626,-3431.5425,nan,45.635597
nan,nan,nan,nan,nan,nan,nan,nan,0.85676455,44.465111,0.19499135,52.012947,-3508.5288,nan,45.580429
nan,nan,nan,nan,nan,nan,nan,nan,0.87586719,44.419617,0.1949355,51.948856,-3585.4937,nan,45.524578
nan,nan,nan,nan,nan,nan,nan,nan,0.89496428,44.321526,0.19487843,51.883984,-3662.436,nan,45.468048
nan,nan,nan,nan,nan,nan,nan,nan,0.91405576,44.230824,0.19482012,51.818333,-3739.3555,nan,45.410843
nan,nan,nan,nan,nan,nan,nan,nan,0.93314141,44.115105,0.19476058,51.751911,-3816.252,nan,45.352962
nan,nan,nan,nan,nan,nan,nan,nan,0.95222121,44.098042,0.19469981,51.684719,-3893.1245,nan,45.294411
nan,nan,nan,nan,nan,nan,nan,nan,0.97129494,44.172253,0.19463781,51.616756,-3969.9729,nan,45.235188
nan,nan,nan,nan,nan,nan,nan,nan,0.99036258,43.938251,0.19457458,51.548031,-4046.7964,nan,45.175301
nan,nan,nan,nan,nan,nan,nan,nan,1.009424,43.982037,0.19451013,51.478542,-4123.5947,nan,45.114746
nan,nan,nan,nan,nan,nan,nan,nan,1.0284789,43.72472,0.19444443,51.408295,-4200.3677,nan,45.053528
nan,nan,nan,nan,nan,nan,nan,nan,1.0475274,43.82708,0.19437753,51.337292,-4277.1143,nan,44.991653
nan,nan,nan,nan,nan,nan,nan,nan,1.0665692,43.623501,0.19430938,51.265537,-4353.834,nan,44.929123
nan,nan,nan,nan,nan,nan,nan,nan,1.0856044,43.657051,0.19424002,51.193031,-4430.5264,nan,44.86594
nan,nan,nan,nan,nan,nan,nan,nan,1.1046326,43.640846,0.19416942,51.119781,-4507.1914,nan,44.802105
nan,nan,nan,nan,nan,nan,nan,nan,1.1236539,43.494984,0.19409759,51.045792,-4583.8286,nan,44.737621
nan,nan,nan,nan,nan,nan,nan,nan,1.1426681,43.469681,0.19402455,50.971062,-4660.437,nan,44.672493
nan,nan,nan,nan,nan,nan,nan,nan,1.1616751,43.382961,0.19395028,50.895599,-4737.0161,nan,44.606728
nan,nan,nan,nan,nan,nan,nan,nan,1.1806747,43.348557,0.19387478,50.819405,-4813.5659,nan,44.540321
nan,nan,nan,nan,nan,nan,nan,nan,1.1996669,43.339741,0.19379805,50.742481,-4890.0854,nan,44.473282
nan,nan,nan,nan,nan,nan,nan,nan,1.2186515,43.090103,0.1937201,50.664837,-4966.5747,nan,44.405609
nan,nan,nan,nan,nan,nan,nan,nan,1.2376283,43.122231,0.19364093,50.586472,-5043.0327,nan,44.337311
nan,nan,nan,nan,nan,nan,nan,nan,1.2565974,43.147251,0.19356054,50.507393,-5119.459,nan,44.268387
nan,nan,nan,nan,nan,nan,nan,nan,1.2755586,42.899319,0.19347893,50.427605,-5195.8535,nan,44.198841
nan,nan,nan,nan,nan,nan,nan,nan,1.2945117,42.909554,0.19339609,50.347107,-5272.2158,nan,44.128681
nan,nan,nan,nan,nan,nan,nan,nan,1.3134565,42.726448,0.19331202,50.265911,-5348.5449,nan,44.057907
nan,nan,nan,nan,nan,nan,nan,nan,1.3323932,42.742085,0.19322674,50.184013,-5424.8408,nan,43.986519
nan,nan,nan,nan,nan,nan,nan,nan,1.3513213,42.612717,0.19314024,50.101425,-5501.1025,nan,43.914528
nan,nan,nan,nan,nan,nan,nan,nan,1.3702409,42.545048,0.19305252,50.018147,-5577.3296,nan,43.841938
nan,nan,nan,nan,nan,nan,nan,nan,1.3891519,42.476524,0.19296359,49.934181,-5653.5225,nan,43.768745
nan,nan,nan,nan,nan,nan,nan,nan,1.4080541,42.434444,0.19287342,49.849537,-5729.6792,nan,43.694958
nan,nan,nan,nan,nan,nan,nan,nan,1.4269475,42.315594,0.19278204,49.764217,-5805.8008,nan,43.620583
nan,nan,nan,nan,nan,nan,nan,nan,1.4458317,42.223759,0.19268945,49.678226,-5881.8857,nan,43.54562
nan,nan,nan,nan,nan,nan,nan,nan,1.4647069,42.06823,0.19259563,49.591572,-5957.9336,nan,43.470074
nan,nan,nan,nan,nan,nan,nan,nan,1.4835727,42.084438,0.19250061,49.504257,-6033.9448,nan,43.393951
nan,nan,nan,nan,nan,nan,nan,nan,1.5024292,41.953648,0.19240436,49.416283,-6109.918,nan,43.317257
nan,nan,nan,nan,nan,nan,nan,nan,1.5212764,41.864082,0.19230689,49.32766,-6185.8525,nan,43.23999
nan,nan,nan,nan,nan,nan,nan,nan,1.5401138,41.82769,0.19220823,49.238392,-6261.749,nan,43.162159
nan,nan,nan,nan,nan,nan,nan,nan,1.5589415,41.686661,0.19210833,49.148479,-6337.606,nan,43.083767
nan,nan,nan,nan,nan,nan,nan,nan,1.5777593,41.536255,0.19200723,49.057934,-6413.4229,nan,43.004818
nan,nan,nan,nan,nan,nan,nan,nan,1.5965672,41.535686,0.19190492,48.966755,-6489.2002,nan,42.925316
nan,nan,nan,nan,nan,nan,nan,nan,1.6153649,41.4683,0.19180138,48.874954,-6564.9365,nan,42.845268
nan,nan,nan,nan,nan,nan,nan,nan,1.6341525,41.322437,0.19169664,48.782532,-6640.6318,nan,42.764679
nan,nan,nan,nan,nan,nan,nan,nan,1.6529298,41.209846,0.1915907,48.689495,-6716.2856,nan,42.683552
nan,nan,nan,nan,nan,nan,nan,nan,1.6716967,41.159519,0.19148354,48.595848,-6791.8975,nan,42.601887
nan,nan,nan,nan,nan,nan,nan,nan,1.6904528,40.965607,0.19137517,48.501598,-6867.4663,nan,42.519695
nan,nan,nan,nan,nan,nan,nan,nan,1.7091985,40.978401,0.1912656,48.40675,-6942.9927,nan,42.436981
nan,nan,nan,nan,nan,nan,nan,nan,1.7279332,40.901352,0.19115481,48.31131,-7018.4751,nan,42.353748
nan,nan,nan,nan,nan,nan,nan,nan,1.746657,40.829983,0.19104281,48.215282,-7093.9136,nan,42.269997
nan,nan,nan,nan,nan,nan,nan,nan,1.7653699,40.696636,0.19092962,48.118671,-7169.3076,nan,42.185738
nan,nan,nan,nan,nan,nan,nan,nan,1.7840716,40.576649,0.19081521,48.021484,-7244.6572,nan,42.100975
nan,nan,nan,nan,nan,nan,nan,nan,1.8027619,40.432777,0.19069959,47.923733,-7319.9609,nan,42.015713
nan,nan,nan,nan,nan,nan,nan,nan,1.8214409,40.357147,0.19058278,47.825413,-7395.2188,nan,41.929955
nan,nan,nan,nan,nan,nan,nan,nan,1.8401085,40.34549,0.19046476,47.726536,-7470.4302,nan,41.843708
nan,nan,nan,nan,nan,nan,nan,nan,1.8587644,40.222378,0.19034554,47.627106,-7545.5947,nan,41.756977
nan,nan,nan,nan,nan,nan,nan,nan,1.8774085,40.023064,0.19022512,47.52713,-7620.7124,nan,41.669765
nan,nan,nan,nan,nan,nan,nan,nan,1.8960408,40.004868,0.19010349,47.426613,-7695.7817,nan,41.582081
nan,nan,nan,nan,nan,nan,nan,nan,1.914661,39.9716,0.18998067,47.325562,-7770.8032,nan,41.493923
nan,nan,nan,nan,nan,nan,nan,nan,1.9332693,39.801003,0.18985663,47.22398,-7845.7759,nan,41.405308
nan,nan,nan,nan,nan,nan,nan,nan,1.9518652,39.724518,0.18973142,47.12188,-7920.6992,nan,41.316227
nan,nan,nan,nan,nan,nan,nan,nan,1.9704489,39.590599,0.18960498,47.01926,-7995.5728,nan,41.226696
nan,nan,nan,nan,nan,nan,nan,nan,1.9890201,39.451851,0.18947737,46.91613,-8070.3965,nan,41.136719
nan,nan,nan,nan,nan,nan,nan,nan,2.0075788,39.305988,0.18934855,46.8125,-8145.1694,nan,41.046295
nan,nan,nan,nan,nan,nan,nan,nan,2.0261247,39.216427,0.18921854,46.70837,-8219.8916,nan,40.955437
nan,nan,nan,nan,nan,nan,nan,nan,2.0446579,39.186855,0.18908732,46.603748,-8294.5615,nan,40.864147
nan,nan,nan,nan,nan,nan,nan,nan,2.0631781,39.086487,0.18895492,46.498642,-8369.1797,nan,40.772427
nan,nan,nan,nan,nan,nan,nan,nan,2.0816853,38.900539,0.18882132,46.393055,-8443.7451,nan,40.68029
nan,nan,nan,nan,nan,nan,nan,nan,2.1001794,38.87381,0.18868653,46.286999,-8518.2578,nan,40.587734
nan,nan,nan,nan,nan,nan,nan,nan,2.1186602,38.678764,0.18855055,46.180473,-8592.7178,nan,40.494766
nan,nan,nan,nan,nan,nan,nan,nan,2.1371276,38.648338,0.18841338,46.07349,-8667.123,nan,40.401398
nan,nan,nan,nan,nan,nan,nan,nan,2.1555815,38.418602,0.18827501,45.966053,-8741.4736,nan,40.307629
nan,nan,nan,nan,nan,nan,nan,nan,2.1740217,38.491959,0.18813546,45.85817,-8815.7695,nan,40.213467
nan,nan,nan,nan,nan,nan,nan,nan,2.1924481,38.326767,0.18799472,45.749844,-8890.0107,nan,40.118916
nan,nan,nan,nan,nan,nan,nan,nan,2.210861,38.246017,0.1878528,45.641083,-8964.1953,nan,40.023979
nan,nan,nan,nan,nan,nan,nan,nan,2.2292597,38.077694,0.18770967,45.531898,-9038.3242,nan,39.928669
nan,nan,nan,nan,nan,nan,nan,nan,2.2476444,37.994102,0.18756537,45.422291,-9112.3955,nan,39.832989
nan,nan,nan,nan,nan,nan,nan,nan,2.2660148,37.782848,0.18741989,45.312267,-9186.4102,nan,39.736938
nan,nan,nan,nan,nan,nan,nan,nan,2.2843709,37.693001,0.18727322,45.201839,-9260.3672,nan,39.640533
nan,nan,nan,nan,nan,nan,nan,nan,2.3027127,37.675087,0.18712537,45.091007,-9334.2666,nan,39.54377
nan,nan,nan,nan,nan,nan,nan,nan,2.3210397,37.527805,0.18697634,44.979782,-9408.1064,nan,39.446659
nan,nan,nan,nan,nan,nan,nan,nan,2.3393521,37.327923,0.18682612,44.868168,-9481.8877,nan,39.349205
nan,nan,nan,nan,nan,nan,nan,nan,2.35765,37.260254,0.18667473,44.756172,-9555.6094,nan,39.251415
nan,nan,nan,nan,nan,nan,nan,nan,2.3759327,37.18576,0.18652216,44.643799,-9629.2705,nan,39.15329
nan,nan,nan,nan,nan,nan,nan,nan,2.3942006,37.017155,0.18636841,44.531059,-9702.8721,nan,39.05484
nan,nan,nan,nan,nan,nan,nan,nan,2.4124532,36.932991,0.18621348,44.417957,-9776.4121,nan,38.956074
nan,nan,nan,nan,nan,nan,nan,nan,2.4306908,36.861057,0.18605737,44.304501,-9849.8916,nan,38.856987
nan,nan,nan,nan,nan,nan,nan,nan,2.4489129,36.696716,0.18590009,44.190697,-9923.3076,nan,38.757595
nan,nan,nan,nan,nan,nan,nan,nan,2.4671195,36.535217,0.18574165,44.07655,-9996.6631,nan,38.657902
nan,nan,nan,nan,nan,nan,nan,nan,2.4853103,36.444801,0.18558201,43.962067,-10069.954,nan,38.557907
nan,nan,nan,nan,nan,nan,nan,nan,2.5034857,36.431438,0.18542121,43.847256,-10143.183,nan,38.457623
nan,nan,nan,nan,nan,nan,nan,nan,2.5216453,36.248901,0.18525925,43.732124,-10216.348,nan,38.357052
nan,nan,nan,nan,nan,nan,nan,nan,2.5397887,36.110149,0.1850961,43.616676,-10289.448,nan,38.256203
nan,nan,nan,nan,nan,nan,nan,nan,2.5579164,36.0149,0.1849318,43.500919,-10362.484,nan,38.155079
nan,nan,nan,nan,nan,nan,nan,nan,2.5760276,35.89463,0.18476632,43.384861,-10435.455,nan,38.053684
nan,nan,nan,nan,nan,nan,nan,nan,2.5941229,35.785446,0.18459967,43.268505,-10508.36,nan,37.952026
nan,nan,nan,nan,nan,nan,nan,nan,2.6122015,35.608879,0.18443187,43.151863,-10581.2,nan,37.850113
nan,nan,nan,nan,nan,nan,nan,nan,2.6302638,35.494865,0.18426289,43.034939,-10653.973,nan,37.747948
nan,nan,nan,nan,nan,nan,nan,nan,2.6483092,35.28759,0.18409275,42.917736,-10726.679,nan,37.645538
nan,nan,nan,nan,nan,nan,nan,nan,2.6663382,35.340759,0.18392144,42.800266,-10799.317,nan,37.542885
nan,nan,nan,nan,nan,nan,nan,nan,2.6843503,35.168171,0.18374898,42.682537,-10871.888,nan,37.440002
nan,nan,nan,nan,nan,nan,nan,nan,2.7023454,35.010654,0.18357536,42.564548,-10944.39,nan,37.336887
nan,nan,nan,nan,nan,nan,nan,nan,2.7203233,34.903748,0.18340057,42.446312,-11016.823,nan,37.233551
nan,nan,nan,nan,nan,nan,nan,nan,2.7382841,34.754761,0.18322463,42.327831,-11089.188,nan,37.129993
nan,nan,nan,nan,nan,nan,nan,nan,2.7562275,34.739693,0.18304753,42.209114,-11161.482,nan,37.02623
nan,nan,nan,nan,nan,nan,nan,nan,2.7741537,34.606625,0.18286927,42.090168,-11233.707,nan,36.922256
nan,nan,nan,nan,nan,nan,nan,nan,2.7920623,34.435745,0.18268986,41.971001,-11305.86,nan,36.818085
nan,nan,nan,nan,nan,nan,nan,nan,2.8099532,34.329121,0.1825093,41.851616,-11377.943,nan,36.713715
nan,nan,nan,nan,nan,nan,nan,nan,2.8278263,34.204872,0.18232758,41.732021,-11449.954,nan,36.609158
nan,nan,nan,nan,nan,nan,nan,nan,2.8456817,34.074364,0.18214472,41.612221,-11521.894,nan,36.504417
nan,nan,nan,nan,nan,nan,nan,nan,2.863519,33.89325,0.1819607,41.492226,-11593.761,nan,36.399502
nan,nan,nan,nan,nan,nan,nan,nan,2.8813384,33.862823,0.18177553,41.37204,-11665.555,nan,36.294411
nan,nan,nan,nan,nan,nan,nan,nan,2.8991394,33.704456,0.18158922,41.251671,-11737.274,nan,36.189152
nan,nan,nan,nan,nan,nan,nan,nan,2.9169221,33.511681,0.18140174,41.131119,-11808.922,nan,36.083733
nan,nan,nan,nan,nan,nan,nan,nan,2.9346864,33.522202,0.18121314,41.010399,-11880.494,nan,35.978157
nan,nan,nan,nan,nan,nan,nan,nan,2.9524322,33.312653,0.18102339,40.889515,-11951.992,nan,35.872429
nan,nan,nan,nan,nan,nan,nan,nan,2.9701593,33.159401,0.18083249,40.768471,-12023.415,nan,35.76656
nan,nan,nan,nan,nan,nan,nan,nan,2.9878676,33.085758,0.18064044,40.64727,-12094.762,nan,35.660545
nan,nan,nan,nan,nan,nan,nan,nan,3.0055571,32.916298,0.18044727,40.525928,-12166.033,nan,35.554401
nan,nan,nan,nan,nan,nan,nan,nan,3.0232275,32.857727,0.18025294,40.404442,-12237.228,nan,35.448128
nan,nan,nan,nan,nan,nan,nan,nan,3.040879,32.615196,0.18005748,40.282825,-12308.345,nan,35.341728
nan,nan,nan,nan,nan,nan,nan,nan,3.058511,32.516819,0.17986089,40.161079,-12379.385,nan,35.235214
nan,nan,nan,nan,nan,nan,nan,nan,3.076124,32.48782,0.17966315,40.039211,-12450.348,nan,35.128582
nan,nan,nan,nan,nan,nan,nan,nan,3.0937173,32.246994,0.1794643,39.917225,-12521.231,nan,35.021847
nan,nan,nan,nan,nan,nan,nan,nan,3.1112912,32.129848,0.17926429,39.795132,-12592.037,nan,34.915005
nan,nan,nan,nan,nan,nan,nan,nan,3.1288455,32.043983,0.17906316,39.672935,-12662.763,nan,34.808067
nan,nan,nan,nan,nan,nan,nan,nan,3.1463799,31.865141,0.1788609,39.55064,-12733.409,nan,34.701038
nan,nan,nan,nan,nan,nan,nan,nan,3.1638944,31.693691,0.1786575,39.428253,-12803.976,nan,34.593922
nan,nan,nan,nan,nan,nan,nan,nan,3.1813891,31.665827,0.17845298,39.305779,-12874.462,nan,34.486725
nan,nan,nan,nan,nan,nan,nan,nan,3.1988635,31.549538,0.17824733,39.183224,-12944.867,nan,34.379448
nan,nan,nan,nan,nan,nan,nan,nan,3.2163179,31.532763,0.17804056,39.060596,-13015.19,nan,34.272102
nan,nan,nan,nan,nan,nan,nan,nan,3.2337518,31.289377,0.17783266,38.937901,-13085.432,nan,34.164688
nan,nan,nan,nan,nan,nan,nan,nan,3.2511654,31.153753,0.17762363,38.815144,-13155.591,nan,34.057213
nan,nan,nan,nan,nan,nan,nan,nan,3.2685585,31.118498,0.17741349,38.692326,-13225.668,nan,33.949677
nan,nan,nan,nan,nan,nan,nan,nan,3.2859309,30.955578,0.17720222,38.569462,-13295.661,nan,33.842094
nan,nan,nan,nan,nan,nan,nan,nan,3.3032825,30.726694,0.17698984,38.446548,-13365.571,nan,33.734459
nan,nan,nan,nan,nan,nan,nan,nan,3.3206131,30.715605,0.17677633,38.323593,-13435.396,nan,33.626785
nan,nan,nan,nan,nan,nan,nan,nan,3.3379228,30.519703,0.17656173,38.200607,-13505.138,nan,33.519073
nan,nan,nan,nan,nan,nan,nan,nan,3.3552115,30.440092,0.17634599,38.077591,-13574.794,nan,33.411327
nan,nan,nan,nan,nan,nan,nan,nan,3.372479,30.449474,0.17612915,37.954548,-13644.365,nan,33.303551
nan,nan,nan,nan,nan,nan,nan,nan,3.3897252,30.064779,0.17591119,37.83149,-13713.85,nan,33.195755
nan,nan,nan,nan,nan,nan,nan,nan,3.40695,30.016443,0.17569211,37.70842,-13783.248,nan,33.087936
nan,nan,nan,nan,nan,nan,nan,nan,3.4241531,29.87627,0.17547193,37.585339,-13852.561,nan,32.980106
nan,nan,nan,nan,nan,nan,nan,nan,3.4413347,29.824808,0.17525063,37.462257,-13921.785,nan,32.872265
nan,nan,nan,nan,nan,nan,nan,nan,3.4584947,29.639425,0.17502825,37.339176,-13990.923,nan,32.76442
nan,nan,nan,nan,nan,nan,nan,nan,3.4756327,29.613836,0.17480475,37.216103,-14059.972,nan,32.65657
nan,nan,nan,nan,nan,nan,nan,nan,3.4927487,29.457741,0.17458014,37.093044,-14128.933,nan,32.548725
nan,nan,nan,nan,nan,nan,nan,nan,3.5098426,29.274349,0.17435443,36.970001,-14197.805,nan,32.440891
nan,nan,nan,nan,nan,nan,nan,nan,3.5269146,29.173128,0.17412762,36.846985,-14266.587,nan,32.333065
nan,nan,nan,nan,nan,nan,nan,nan,3.5439641,29.096361,0.17389971,36.723991,-14335.279,nan,32.225258
nan,nan,nan,nan,nan,nan,nan,nan,3.5609913,29.049162,0.17367071,36.601036,-14403.882,nan,32.11747
nan,nan,nan,nan,nan,nan,nan,nan,3.577996,28.804926,0.17344061,36.478115,-14472.395,nan,32.009705
nan,nan,nan,nan,nan,nan,nan,nan,3.5949781,28.642574,0.1732094,36.355236,-14540.815,nan,31.90197
nan,nan,nan,nan,nan,nan,nan,nan,3.6119373,28.638594,0.1729771,36.232403,-14609.145,nan,31.79427
nan,nan,nan,nan,nan,nan,nan,nan,3.6288738,28.544481,0.17274372,36.109623,-14677.382,nan,31.686604
nan,nan,nan,nan,nan,nan,nan,nan,3.6457875,28.410847,0.17250924,35.9869,-14745.527,nan,31.578979
nan,nan,nan,nan,nan,nan,nan,nan,3.662678,28.193336,0.17227368,35.864235,-14813.579,nan,31.471399
nan,nan,nan,nan,nan,nan,nan,nan,3.6795454,28.016769,0.17203702,35.741638,-14881.538,nan,31.363869
nan,nan,nan,nan,nan,nan,nan,nan,3.6963897,27.898773,0.17179929,35.61911,-14949.403,nan,31.25639
nan,nan,nan,nan,nan,nan,nan,nan,3.7132106,27.723627,0.17156045,35.496655,-15017.175,nan,31.148968
nan,nan,nan,nan,nan,nan,nan,nan,3.7300079,27.629515,0.17132054,35.374279,-15084.852,nan,31.041605
nan,nan,nan,nan,nan,nan,nan,nan,3.7467818,27.457497,0.17107955,35.251984,-15152.434,nan,30.934305
nan,nan,nan,nan,nan,nan,nan,nan,3.7635319,27.386415,0.17083748,35.129776,-15219.92,nan,30.827074
nan,nan,nan,nan,nan,nan,nan,nan,3.7802582,27.281498,0.17059432,35.00766,-15287.311,nan,30.719912
nan,nan,nan,nan,nan,nan,nan,nan,3.7969608,27.185396,0.17035009,34.885635,-15354.605,nan,30.612825
nan,nan,nan,nan,nan,nan,nan,nan,3.8136392,27.095833,0.17010479,34.763714,-15421.804,nan,30.505816
nan,nan,nan,nan,nan,nan,nan,nan,3.8302937,27.010534,0.16985841,34.641891,-15488.904,nan,30.398888
nan,nan,nan,nan,nan,nan,nan,nan,3.8469238,26.878891,0.16961096,34.52018,-15555.907,nan,30.292044
nan,nan,nan,nan,nan,nan,nan,nan,3.8635299,26.81378,0.16936244,34.398575,-15622.812,nan,30.185286
nan,nan,nan,nan,nan,nan,nan,nan,3.8801115,26.584896,0.16911285,34.277084,-15689.62,nan,30.078621
nan,nan,nan,nan,nan,nan,nan,nan,3.8966684,26.431929,0.16886218,34.155712,-15756.328,nan,29.97205
nan,nan,nan,nan,nan,nan,nan,nan,3.9132009,26.351179,0.16861045,34.034462,-15822.938,nan,29.865576
nan,nan,nan,nan,nan,nan,nan,nan,3.9297085,26.209585,0.16835766,33.913338,-15889.447,nan,29.759203
nan,nan,nan,nan,nan,nan,nan,nan,3.9461913,26.161249,0.1681038,33.792343,-15955.856,nan,29.652933
nan,nan,nan,nan,nan,nan,nan,nan,3.9626491,26.106089,0.16784889,33.671478,-16022.166,nan,29.546768
nan,nan,nan,nan,nan,nan,nan,nan,3.9790821,25.913315,0.1675929,33.550747,-16088.374,nan,29.440714
nan,nan,nan,nan,nan,nan,nan,nan,3.9954898,25.706894,0.16733587,33.430157,-16154.48,nan,29.334772
nan,nan,nan,nan,nan,nan,nan,nan,4.0118723,25.603968,0.16707778,33.309708,-16220.486,nan,29.228945
nan,nan,nan,nan,nan,nan,nan,nan,4.0282297,25.539141,0.16681862,33.189404,-16286.39,nan,29.123234
nan,nan,nan,nan,nan,nan,nan,nan,4.0445614,25.486256,0.16655841,33.069248,-16352.189,nan,29.017645
nan,nan,nan,nan,nan,nan,nan,nan,4.0608673,25.319923,0.16629717,32.949245,-16417.887,nan,28.91218
nan,nan,nan,nan,nan,nan,nan,nan,4.077148,25.152454,0.16603486,32.829395,-16483.482,nan,28.806839
nan,nan,nan,nan,nan,nan,nan,nan,4.0934029,24.998066,0.16577151,32.709702,-16548.973,nan,28.701626
nan,nan,nan,nan,nan,nan,nan,nan,4.1096315,24.894285,0.16550711,32.590172,-16614.359,nan,28.596544
nan,nan,nan,nan,nan,nan,nan,nan,4.1258345,24.751839,0.16524166,32.470798,-16679.641,nan,28.491596
nan,nan,nan,nan,nan,nan,nan,nan,4.1420112,24.543142,0.16497517,32.351597,-16744.818,nan,28.386784
nan,nan,nan,nan,nan,nan,nan,nan,4.1581621,24.569584,0.16470765,32.232559,-16809.889,nan,28.282108
nan,nan,nan,nan,nan,nan,nan,nan,4.1742864,24.44846,0.16443907,32.113693,-16874.854,nan,28.177572
nan,nan,nan,nan,nan,nan,nan,nan,4.1903849,24.351221,0.16416946,31.995003,-16939.713,nan,28.073179
nan,nan,nan,nan,nan,nan,nan,nan,4.2064562,24.192566,0.16389881,31.876488,-17004.467,nan,27.968931
nan,nan,nan,nan,nan,nan,nan,nan,4.2225013,24.029646,0.16362713,31.758148,-17069.111,nan,27.86483
nan,nan,nan,nan,nan,nan,nan,nan,4.2385197,23.931269,0.16335441,31.639992,-17133.65,nan,27.760876
nan,nan,nan,nan,nan,nan,nan,nan,4.2545114,23.822088,0.16308066,31.522018,-17198.08,nan,27.657072
nan,nan,nan,nan,nan,nan,nan,nan,4.2704759,23.700964,0.16280589,31.404228,-17262.402,nan,27.553421
nan,nan,nan,nan,nan,nan,nan,nan,4.2864137,23.627892,0.16253008,31.286627,-17326.615,nan,27.449924
nan,nan,nan,nan,nan,nan,nan,nan,4.3023243,23.48914,0.16225325,31.169214,-17390.719,nan,27.346584
nan,nan,nan,nan,nan,nan,nan,nan,4.3182077,23.350388,0.16197538,31.051994,-17454.715,nan,27.243402
nan,nan,nan,nan,nan,nan,nan,nan,4.334064,23.242344,0.16169651,30.934965,-17518.6,nan,27.140379
nan,nan,nan,nan,nan,nan,nan,nan,4.3498926,23.101887,0.16141661,30.818132,-17582.373,nan,27.037518
nan,nan,nan,nan,nan,nan,nan,nan,4.365694,22.981899,0.16113569,30.701498,-17646.037,nan,26.93482
nan,nan,nan,nan,nan,nan,nan,nan,4.3814678,22.917643,0.16085374,30.585062,-17709.59,nan,26.832285
nan,nan,nan,nan,nan,nan,nan,nan,4.3972139,22.853952,0.16057079,30.468826,-17773.031,nan,26.729916
nan,nan,nan,nan,nan,nan,nan,nan,4.4129324,22.640991,0.16028681,30.352793,-17836.359,nan,26.627716
nan,nan,nan,nan,nan,nan,nan,nan,4.4286227,22.590666,0.16000184,30.236961,-17899.578,nan,26.525682
nan,nan,nan,nan,nan,nan,nan,nan,4.4442854,22.398745,0.15971585,30.121338,-17962.682,nan,26.42382
nan,nan,nan,nan,nan,nan,nan,nan,4.4599195,22.297808,0.15942885,30.00592,-18025.672,nan,26.322128
nan,nan,nan,nan,nan,nan,nan,nan,4.4755259,22.210236,0.15914084,29.890711,-18088.551,nan,26.22061
nan,nan,nan,nan,nan,nan,nan,nan,4.4911036,22.137163,0.15885182,29.775711,-18151.314,nan,26.119265
nan,nan,nan,nan,nan,nan,nan,nan,4.5066533,22.128918,0.15856181,29.660921,-18213.963,nan,26.018095
nan,nan,nan,nan,nan,nan,nan,nan,4.5221744,21.804216,0.15827079,29.546345,-18276.498,nan,25.917101
nan,nan,nan,nan,nan,nan,nan,nan,4.5376668,21.811323,0.15797877,29.431982,-18338.918,nan,25.816284
nan,nan,nan,nan,nan,nan,nan,nan,4.5531306,21.635609,0.15768576,29.317831,-18401.221,nan,25.715645
nan,nan,nan,nan,nan,nan,nan,nan,4.5685658,21.543772,0.15739174,29.203897,-18463.41,nan,25.615183
nan,nan,nan,nan,nan,nan,nan,nan,4.583972,21.435728,0.15709674,29.090179,-18525.48,nan,25.514902
nan,nan,nan,nan,nan,nan,nan,nan,4.5993495,21.295553,0.15680075,28.976681,-18587.436,nan,25.414803
nan,nan,nan,nan,nan,nan,nan,nan,4.6146975,21.161068,0.15650375,28.863398,-18649.275,nan,25.314882
nan,nan,nan,nan,nan,nan,nan,nan,4.6300168,21.02857,0.15620577,28.750334,-18710.996,nan,25.215145
nan,nan,nan,nan,nan,nan,nan,nan,4.6453066,20.969999,0.15590681,28.637491,-18772.598,nan,25.115591
nan,nan,nan,nan,nan,nan,nan,nan,4.6605673,20.879015,0.15560687,28.524868,-18834.082,nan,25.016218
nan,nan,nan,nan,nan,nan,nan,nan,4.6757979,20.791725,0.15530594,28.412466,-18895.449,nan,24.91703
nan,nan,nan,nan,nan,nan,nan,nan,4.6909995,20.515076,0.15500402,28.300285,-18956.695,nan,24.818027
nan,nan,nan,nan,nan,nan,nan,nan,4.7061715,20.577627,0.15470114,28.188328,-19017.824,nan,24.719208
nan,nan,nan,nan,nan,nan,nan,nan,4.7213135,20.326283,0.15439726,28.076591,-19078.832,nan,24.620575
nan,nan,nan,nan,nan,nan,nan,nan,4.7364259,20.330263,0.15409243,27.965078,-19139.719,nan,24.522127
nan,nan,nan,nan,nan,nan,nan,nan,4.7515082,20.082613,0.15378661,27.85379,-19200.486,nan,24.423864
nan,nan,nan,nan,nan,nan,nan,nan,4.7665606,20.06925,0.15347983,27.742723,-19261.133,nan,24.325788
nan,nan,nan,nan,nan,nan,nan,nan,4.7815828,19.994188,0.15317206,27.631882,-19321.658,nan,24.2279
nan,nan,nan,nan,nan,nan,nan,nan,4.7965751,19.853161,0.15286334,27.521265,-19382.061,nan,24.130198
nan,nan,nan,nan,nan,nan,nan,nan,4.8115368,19.70389,0.15255365,27.410872,-19442.342,nan,24.032681
nan,nan,nan,nan,nan,nan,nan,nan,4.8264685,19.588167,0.152243,27.300703,-19502.5,nan,23.935352
nan,nan,nan,nan,nan,nan,nan,nan,4.8413692,19.443161,0.15193139,27.19076,-19562.537,nan,23.838211
nan,nan,nan,nan,nan,nan,nan,nan,4.8562393,19.437191,0.15161881,27.081039,-19622.449,nan,23.741255
nan,nan,nan,nan,nan,nan,nan,nan,4.871079,19.322891,0.15130529,26.971544,-19682.238,nan,23.644487
nan,nan,nan,nan,nan,nan,nan,nan,4.8858881,19.259769,0.1509908,26.862274,-19741.902,nan,23.547907
nan,nan,nan,nan,nan,nan,nan,nan,4.9006658,19.039131,0.15067536,26.753227,-19801.443,nan,23.451511
nan,nan,nan,nan,nan,nan,nan,nan,4.9154129,18.961794,0.15035896,26.644403,-19860.859,nan,23.355305
nan,nan,nan,nan,nan,nan,nan,nan,4.9301291,18.86228,0.15004162,26.535805,-19920.15,nan,23.259283
nan,nan,nan,nan,nan,nan,nan,nan,4.9448137,18.79262,0.14972334,26.427429,-19979.316,nan,23.163448
nan,nan,nan,nan,nan,nan,nan,nan,4.9594674,18.653299,0.14940409,26.319277,-20038.355,nan,23.067799
nan,nan,nan,nan,nan,nan,nan,nan,4.9740896,18.513411,0.14908391,26.211346,-20097.268,nan,22.972336
nan,nan,nan,nan,nan,nan,nan,nan,4.9886808,18.395414,0.14876279,26.10364,-20156.055,nan,22.877058
nan,nan,nan,nan,nan,nan,nan,nan,5.0032401,18.26178,0.14844073,25.996153,-20214.715,nan,22.781965
nan,nan,nan,nan,nan,nan,nan,nan,5.0177679,18.305851,0.14811774,25.888889,-20273.248,nan,22.687056
nan,nan,nan,nan,nan,nan,nan,nan,5.0322638,18.074694,0.1477938,25.781845,-20331.652,nan,22.592331
nan,nan,nan,nan,nan,nan,nan,nan,5.0467281,17.988827,0.14746894,25.67502,-20389.928,nan,22.497791
nan,nan,nan,nan,nan,nan,nan,nan,5.0611606,17.869694,0.14714314,25.568417,-20448.076,nan,22.403433
nan,nan,nan,nan,nan,nan,nan,nan,5.0755606,17.808847,0.1468164,25.462032,-20506.096,nan,22.309258
nan,nan,nan,nan,nan,nan,nan,nan,5.0899291,17.790649,0.14648876,25.355865,-20563.986,nan,22.215263
nan,nan,nan,nan,nan,nan,nan,nan,5.1042652,17.610102,0.14616017,25.249914,-20621.746,nan,22.121452
nan,nan,nan,nan,nan,nan,nan,nan,5.1185694,17.48642,0.14583068,25.144182,-20679.377,nan,22.027821
nan,nan,nan,nan,nan,nan,nan,nan,5.1328406,17.394012,0.14550024,25.038664,-20736.879,nan,21.934368
nan,nan,nan,nan,nan,nan,nan,nan,5.1470799,17.276302,0.1451689,24.933361,-20794.248,nan,21.841097
nan,nan,nan,nan,nan,nan,nan,nan,5.1612868,17.199249,0.14483665,24.828272,-20851.486,nan,21.748003
nan,nan,nan,nan,nan,nan,nan,nan,5.1754608,17.110254,0.14450347,24.723396,-20908.594,nan,21.655087
nan,nan,nan,nan,nan,nan,nan,nan,5.1896024,16.917196,0.14416938,24.618732,-20965.57,nan,21.562347
nan,nan,nan,nan,nan,nan,nan,nan,5.2037106,16.899853,0.14383438,24.51428,-21022.414,nan,21.469784
nan,nan,nan,nan,nan,nan,nan,nan,5.2177863,16.821095,0.14349848,24.410036,-21079.125,nan,21.377396
nan,nan,nan,nan,nan,nan,nan,nan,5.2318292,16.730108,0.14316167,24.306002,-21135.703,nan,21.285181
nan,nan,nan,nan,nan,nan,nan,nan,5.2458391,16.564346,0.14282395,24.202175,-21192.148,nan,21.19314
nan,nan,nan,nan,nan,nan,nan,nan,5.2598157,16.383514,0.14248534,24.098555,-21248.461,nan,21.101273
nan,nan,nan,nan,nan,nan,nan,nan,5.2737589,16.358494,0.14214581,23.99514,-21304.639,nan,21.009575
nan,nan,nan,nan,nan,nan,nan,nan,5.2876687,16.323521,0.1418054,23.89193,-21360.682,nan,20.918047
nan,nan,nan,nan,nan,nan,nan,nan,5.3015456,16.128471,0.14146408,23.788923,-21416.592,nan,20.826691
nan,nan,nan,nan,nan,nan,nan,nan,5.3153887,15.99626,0.14112188,23.686117,-21472.365,nan,20.7355
nan,nan,nan,nan,nan,nan,nan,nan,5.3291984,15.955032,0.14077878,23.583511,-21528.004,nan,20.64448
nan,nan,nan,nan,nan,nan,nan,nan,5.3429742,15.884234,0.14043479,23.481104,-21583.508,nan,20.553623
nan,nan,nan,nan,nan,nan,nan,nan,5.3567162,15.69601,0.14008991,23.378895,-21638.875,nan,20.462933
nan,nan,nan,nan,nan,nan,nan,nan,5.3704247,15.641419,0.13974416,23.276882,-21694.105,nan,20.372404
nan,nan,nan,nan,nan,nan,nan,nan,5.384099,15.512903,0.13939752,23.175064,-21749.199,nan,20.28204
nan,nan,nan,nan,nan,nan,nan,nan,5.3977394,15.425046,0.13904999,23.073441,-21804.156,nan,20.191837
nan,nan,nan,nan,nan,nan,nan,nan,5.4113455,15.318139,0.1387016,22.972008,-21858.977,nan,20.101793
nan,nan,nan,nan,nan,nan,nan,nan,5.4249177,15.195594,0.13835232,22.870766,-21913.658,nan,20.011909
nan,nan,nan,nan,nan,nan,nan,nan,5.4384556,15.154366,0.13800217,22.769712,-21968.203,nan,19.922184
nan,nan,nan,nan,nan,nan,nan,nan,5.4519591,15.013908,0.13765116,22.668848,-22022.607,nan,19.832613
nan,nan,nan,nan,nan,nan,nan,nan,5.4654284,14.926905,0.13729927,22.568169,-22076.875,nan,19.743198
nan,nan,nan,nan,nan,nan,nan,nan,5.4788628,14.844165,0.13694651,22.467674,-22131.004,nan,19.653938
nan,nan,nan,nan,nan,nan,nan,nan,5.4922624,14.732709,0.13659288,22.367361,-22184.992,nan,19.564831
nan,nan,nan,nan,nan,nan,nan,nan,5.5056276,14.506668,0.1362384,22.267231,-22238.84,nan,19.475874
nan,nan,nan,nan,nan,nan,nan,nan,5.5189581,14.592535,0.13588306,22.16728,-22292.549,nan,19.387066
nan,nan,nan,nan,nan,nan,nan,nan,5.5322537,14.479657,0.13552685,22.067507,-22346.117,nan,19.298409
nan,nan,nan,nan,nan,nan,nan,nan,5.5455146,14.413409,0.13516979,21.967909,-22399.543,nan,19.209896
nan,nan,nan,nan,nan,nan,nan,nan,5.5587401,14.187938,0.13481188,21.868488,-22452.83,nan,19.121531
nan,nan,nan,nan,nan,nan,nan,nan,5.5719304,14.07705,0.13445312,21.769239,-22505.975,nan,19.03331
nan,nan,nan,nan,nan,nan,nan,nan,5.5850859,13.959338,0.13409351,21.67016,-22558.977,nan,18.945232
nan,nan,nan,nan,nan,nan,nan,nan,5.5982056,13.892806,0.13373303,21.571253,-22611.838,nan,18.857296
nan,nan,nan,nan,nan,nan,nan,nan,5.6112905,13.715101,0.13337174,21.472513,-22664.555,nan,18.769499
nan,nan,nan,nan,nan,nan,nan,nan,5.6243396,13.68354,0.13300958,21.373938,-22717.131,nan,18.681841
nan,nan,nan,nan,nan,nan,nan,nan,5.6373529,13.639754,0.13264661,21.27553,-22769.562,nan,18.59432
nan,nan,nan,nan,nan,nan,nan,nan,5.650331,13.530004,0.13228278,21.177282,-22821.852,nan,18.506935
nan,nan,nan,nan,nan,nan,nan,nan,5.6632733,13.458638,0.13191812,21.079197,-22873.996,nan,18.419685
nan,nan,nan,nan,nan,nan,nan,nan,5.6761804,13.24653,0.13155262,20.98127,-22925.996,nan,18.332567
nan,nan,nan,nan,nan,nan,nan,nan,5.6890507,13.310787,0.13118629,20.883499,-22977.854,nan,18.245583
nan,nan,nan,nan,nan,nan,nan,nan,5.7018857,13.20388,0.13081914,20.785887,-23029.564,nan,18.158726
nan,nan,nan,nan,nan,nan,nan,nan,5.7146845,13.029304,0.13045116,20.688427,-23081.131,nan,18.071999
nan,nan,nan,nan,nan,nan,nan,nan,5.727447,12.855295,0.13008235,20.591118,-23132.553,nan,17.985397
nan,nan,nan,nan,nan,nan,nan,nan,5.7401738,12.83198,0.12971273,20.493961,-23183.828,nan,17.898922
nan,nan,nan,nan,nan,nan,nan,nan,5.7528639,12.649726,0.12934229,20.396952,-23234.957,nan,17.812569
nan,nan,nan,nan,nan,nan,nan,nan,5.7655177,12.739858,0.12897103,20.300089,-23285.939,nan,17.726341
nan,nan,nan,nan,nan,nan,nan,nan,5.7781353,12.577223,0.12859896,20.203371,-23336.775,nan,17.640232
nan,nan,nan,nan,nan,nan,nan,nan,5.7907162,12.377625,0.12822606,20.106796,-23387.463,nan,17.554243
nan,nan,nan,nan,nan,nan,nan,nan,5.8032603,12.422264,0.12785237,20.010361,-23438.006,nan,17.468372
nan,nan,nan,nan,nan,nan,nan,nan,5.8157682,12.309102,0.12747785,19.914066,-23488.398,nan,17.382618
nan,nan,nan,nan,nan,nan,nan,nan,5.8282394,12.187125,0.12710255,19.817909,-23538.645,nan,17.296976
nan,nan,nan,nan,nan,nan,nan,nan,5.8406734,12.147036,0.12672643,19.721888,-23588.742,nan,17.211451
nan,nan,nan,nan,nan,nan,nan,nan,5.8530707,11.969047,0.12634952,19.626001,-23638.691,nan,17.126036
nan,nan,nan,nan,nan,nan,nan,nan,5.8654308,11.975018,0.12597181,19.530245,-23688.49,nan,17.040731
nan,nan,nan,nan,nan,nan,nan,nan,5.8777542,11.6651,0.1255933,19.43462,-23738.141,nan,16.955536
nan,nan,nan,nan,nan,nan,nan,nan,5.8900404,11.717417,0.12521401,19.339123,-23787.643,nan,16.870447
nan,nan,nan,nan,nan,nan,nan,nan,5.9022894,11.653159,0.12483391,19.243752,-23836.992,nan,16.785463
nan,nan,nan,nan,nan,nan,nan,nan,5.9145012,11.527202,0.12445303,19.148506,-23886.193,nan,16.700584
nan,nan,nan,nan,nan,nan,nan,nan,5.9266753,11.456689,0.12407137,19.053383,-23935.244,nan,16.61581
nan,nan,nan,nan,nan,nan,nan,nan,5.9388123,11.410627,0.12368892,18.95838,-23984.143,nan,16.531136
nan,nan,nan,nan,nan,nan,nan,nan,5.9509115,11.225245,0.12330569,18.863497,-24032.893,nan,16.44656
nan,nan,nan,nan,nan,nan,nan,nan,5.9629731,11.062895,0.12292168,18.768732,-24081.488,nan,16.362083
nan,nan,nan,nan,nan,nan,nan,nan,5.974997,11.008305,0.12253689,18.674082,-24129.934,nan,16.277704
nan,nan,nan,nan,nan,nan,nan,nan,5.9869833,10.856757,0.12215133,18.579548,-24178.227,nan,16.19342
nan,nan,nan,nan,nan,nan,nan,nan,5.9989319,10.868983,0.121765,18.485123,-24226.367,nan,16.10923
nan,nan,nan,nan,nan,nan,nan,nan,6.0108428,10.758949,0.1213779,18.39081,-24274.355,nan,16.025131
nan,nan,nan,nan,nan,nan,nan,nan,6.0227151,10.70379,0.12099004,18.296606,-24322.189,nan,15.941125
nan,nan,nan,nan,nan,nan,nan,nan,6.0345497,10.656876,0.12060141,18.202507,-24369.871,nan,15.857207
nan,nan,nan,nan,nan,nan,nan,nan,6.0463462,10.501348,0.12021201,18.108515,-24417.4,nan,15.773377
nan,nan,nan,nan,nan,nan,nan,nan,6.0581045,10.355204,0.11982186,18.014626,-24464.773,nan,15.689634
nan,nan,nan,nan,nan,nan,nan,nan,6.0698247,10.256826,0.11943095,17.920837,-24511.994,nan,15.605977
nan,nan,nan,nan,nan,nan,nan,nan,6.0815063,10.177216,0.11903929,17.827148,-24559.061,nan,15.522403
nan,nan,nan,nan,nan,nan,nan,nan,6.0931497,10.085093,0.11864688,17.733559,-24605.971,nan,15.438911
nan,nan,nan,nan,nan,nan,nan,nan,6.1047544,9.9474783,0.11825372,17.640066,-24652.727,nan,15.355501
nan,nan,nan,nan,nan,nan,nan,nan,6.1163206,9.8417091,0.1178598,17.546667,-24699.326,nan,15.272171
nan,nan,nan,nan,nan,nan,nan,nan,6.1278481,9.8991432,0.11746515,17.453362,-24745.771,nan,15.188918
nan,nan,nan,nan,nan,nan,nan,nan,6.1393371,9.6955643,0.11706975,17.360147,-24792.061,nan,15.105742
nan,nan,nan,nan,nan,nan,nan,nan,6.1507869,9.5192814,0.11667361,17.267023,-24838.191,nan,15.022642
nan,nan,nan,nan,nan,nan,nan,nan,6.1621981,9.4530334,0.11627674,17.173986,-24884.168,nan,14.939616
nan,nan,nan,nan,nan,nan,nan,nan,6.1735706,9.425169,0.11587913,17.081036,-24929.986,nan,14.856664
nan,nan,nan,nan,nan,nan,nan,nan,6.1849036,9.3273602,0.1154808,16.988171,-24975.648,nan,14.773782
nan,nan,nan,nan,nan,nan,nan,nan,6.196198,9.306036,0.11508173,16.89539,-25021.154,nan,14.690971
nan,nan,nan,nan,nan,nan,nan,nan,6.2074533,9.1760979,0.11468193,16.802691,-25066.5,nan,14.608229
nan,nan,nan,nan,nan,nan,nan,nan,6.2186689,9.0962019,0.11428141,16.71007,-25111.689,nan,14.525555
nan,nan,nan,nan,nan,nan,nan,nan,6.2298455,9.0060701,0.11388017,16.617529,-25156.721,nan,14.442946
nan,nan,nan,nan,nan,nan,nan,nan,6.240983,8.8678875,0.11347821,16.525066,-25201.592,nan,14.360404
nan,nan,nan,nan,nan,nan,nan,nan,6.2520804,8.7513132,0.11307553,16.432676,-25246.305,nan,14.277925
nan,nan,nan,nan,nan,nan,nan,nan,6.2631388,8.7254391,0.11267214,16.340363,-25290.859,nan,14.19551
nan,nan,nan,nan,nan,nan,nan,nan,6.2741575,8.5357933,0.11226804,16.248121,-25335.254,nan,14.113155
nan,nan,nan,nan,nan,nan,nan,nan,6.2851367,8.5875406,0.11186323,16.155951,-25379.488,nan,14.030862
nan,nan,nan,nan,nan,nan,nan,nan,6.2960763,8.5164585,0.11145771,16.06385,-25423.564,nan,13.948627
nan,nan,nan,nan,nan,nan,nan,nan,6.3069758,8.2742119,0.11105148,15.971817,-25467.479,nan,13.86645
nan,nan,nan,nan,nan,nan,nan,nan,6.3178358,8.2636919,0.11064456,15.879851,-25511.232,nan,13.78433
nan,nan,nan,nan,nan,nan,nan,nan,6.3286557,8.0626726,0.11023694,15.787951,-25554.826,nan,13.702267
nan,nan,nan,nan,nan,nan,nan,nan,6.3394356,8.0700645,0.10982862,15.696114,-25598.26,nan,13.620257
nan,nan,nan,nan,nan,nan,nan,nan,6.3501754,7.9631577,0.10941961,15.60434,-25641.529,nan,13.538301
nan,nan,nan,nan,nan,nan,nan,nan,6.3608751,7.8997526,0.10900991,15.512628,-25684.639,nan,13.456399
nan,nan,nan,nan,nan,nan,nan,nan,6.3715348,7.7791977,0.10859951,15.420975,-25727.588,nan,13.374547
nan,nan,nan,nan,nan,nan,nan,nan,6.382154,7.6796832,0.10818844,15.329381,-25770.373,nan,13.292746
nan,nan,nan,nan,nan,nan,nan,nan,6.3927331,7.5594125,0.10777667,15.237844,-25812.996,nan,13.210994
nan,nan,nan,nan,nan,nan,nan,nan,6.4032717,7.5884142,0.10736423,15.146364,-25855.455,nan,13.129291
nan,nan,nan,nan,nan,nan,nan,nan,6.4137702,7.3854041,0.10695111,15.054938,-25897.754,nan,13.047634
nan,nan,nan,nan,nan,nan,nan,nan,6.4242277,7.3763061,0.10653731,14.963567,-25939.887,nan,12.966025
nan,nan,nan,nan,nan,nan,nan,nan,6.4346447,7.2756538,0.10612284,14.872248,-25981.857,nan,12.88446
nan,nan,nan,nan,nan,nan,nan,nan,6.4450212,7.1792669,0.10570771,14.780979,-26023.664,nan,12.802941
nan,nan,nan,nan,nan,nan,nan,nan,6.4553571,7.0837331,0.1052919,14.689761,-26065.307,nan,12.721465
nan,nan,nan,nan,nan,nan,nan,nan,6.465652,7.0669575,0.10487543,14.598592,-26106.785,nan,12.640032
nan,nan,nan,nan,nan,nan,nan,nan,6.4759059,6.8872628,0.1044583,14.50747,-26148.1,nan,12.55864
nan,nan,nan,nan,nan,nan,nan,nan,6.4861193,6.8437605,0.1040405,14.416396,-26189.248,nan,12.477289
nan,nan,nan,nan,nan,nan,nan,nan,6.4962916,6.6905084,0.10362206,14.325367,-26230.232,nan,12.395979
nan,nan,nan,nan,nan,nan,nan,nan,6.5064225,6.7044401,0.10320295,14.234382,-26271.051,nan,12.314708
nan,nan,nan,nan,nan,nan,nan,nan,6.5165129,6.422956,0.1027832,14.143441,-26311.705,nan,12.233475
nan,nan,nan,nan,nan,nan,nan,nan,6.5265617,6.4030533,0.10236279,14.052543,-26352.191,nan,12.152279
nan,nan,nan,nan,nan,nan,nan,nan,6.5365696,6.3737674,0.10194174,13.961685,-26392.514,nan,12.07112
nan,nan,nan,nan,nan,nan,nan,nan,6.546536,6.2370062,0.10152005,13.870869,-26432.668,nan,11.989998
nan,nan,nan,nan,nan,nan,nan,nan,6.5564609,6.1460214,0.1010977,13.780091,-26472.656,nan,11.908911
nan,nan,nan,nan,nan,nan,nan,nan,6.5663447,6.0106812,0.10067473,13.689352,-26512.477,nan,11.827858
nan,nan,nan,nan,nan,nan,nan,nan,6.5761867,5.9532471,0.10025112,13.598651,-26552.131,nan,11.74684
nan,nan,nan,nan,nan,nan,nan,nan,6.5859876,5.8130736,0.09982688,13.507986,-26591.619,nan,11.665854
nan,nan,nan,nan,nan,nan,nan,nan,6.5957465,5.6882539,0.099402003,13.417357,-26630.938,nan,11.584901
nan,nan,nan,nan,nan,nan,nan,nan,6.605464,5.6495857,0.0989765,13.326764,-26670.09,nan,11.50398
nan,nan,nan,nan,nan,nan,nan,nan,6.6151395,5.6089268,0.098550372,13.236204,-26709.072,nan,11.42309
nan,nan,nan,nan,nan,nan,nan,nan,6.6247735,5.3962498,0.098123625,13.145678,-26747.887,nan,11.342231
nan,nan,nan,nan,nan,nan,nan,nan,6.6343651,5.5227757,0.097696252,13.055184,-26786.533,nan,11.261401
nan,nan,nan,nan,nan,nan,nan,nan,6.6439152,5.3081083,0.097268268,12.964722,-26825.012,nan,11.180601
nan,nan,nan,nan,nan,nan,nan,nan,6.6534233,5.3527479,0.096839666,12.87429,-26863.318,nan,11.09983
nan,nan,nan,nan,nan,nan,nan,nan,6.6628895,5.2347517,0.096410453,12.78389,-26901.459,nan,11.019087
nan,nan,nan,nan,nan,nan,nan,nan,6.6723137,5.1016865,0.095980629,12.693518,-26939.428,nan,10.938372
nan,nan,nan,nan,nan,nan,nan,nan,6.6816955,5.0382814,0.095550202,12.603175,-26977.227,nan,10.857683
nan,nan,nan,nan,nan,nan,nan,nan,6.6910353,5.0050154,0.095119171,12.51286,-27014.857,nan,10.777022
nan,nan,nan,nan,nan,nan,nan,nan,6.7003326,4.784946,0.094687544,12.422572,-27052.316,nan,10.696387
nan,nan,nan,nan,nan,nan,nan,nan,6.7095876,4.7138638,0.094255313,12.332312,-27089.605,nan,10.615778
nan,nan,nan,nan,nan,nan,nan,nan,6.7188001,4.5378652,0.093822487,12.242078,-27126.723,nan,10.535193
nan,nan,nan,nan,nan,nan,nan,nan,6.7279706,4.4869709,0.093389072,12.151868,-27163.67,nan,10.454635
nan,nan,nan,nan,nan,nan,nan,nan,6.7370982,4.3857503,0.09295506,12.061685,-27200.445,nan,10.3741
nan,nan,nan,nan,nan,nan,nan,nan,6.7461834,4.3024421,0.092520468,11.971524,-27237.049,nan,10.293589
nan,nan,nan,nan,nan,nan,nan,nan,6.7552261,4.3013048,0.092085294,11.881389,-27273.482,nan,10.213101
nan,nan,nan,nan,nan,nan,nan,nan,6.764226,4.2367625,0.091649532,11.791276,-27309.742,nan,10.132638
nan,nan,nan,nan,nan,nan,nan,nan,6.7731829,4.0317626,0.091213189,11.701186,-27345.832,nan,10.052197
nan,nan,nan,nan,nan,nan,nan,nan,6.7820973,4.0289192,0.09077628,11.611118,-27381.748,nan,9.9717789
nan,nan,nan,nan,nan,nan,nan,nan,6.7909689,4.0186834,0.090338789,11.521072,-27417.49,nan,9.8913822
nan,nan,nan,nan,nan,nan,nan,nan,6.7997975,3.7821231,0.089900732,11.431048,-27453.062,nan,9.8110085
nan,nan,nan,nan,nan,nan,nan,nan,6.8085833,3.7195711,0.089462101,11.341044,-27488.459,nan,9.7306557
nan,nan,nan,nan,nan,nan,nan,nan,6.8173261,3.7377682,0.089022912,11.251061,-27523.684,nan,9.6503248
nan,nan,nan,nan,nan,nan,nan,nan,6.8260255,3.5668874,0.088583156,11.161098,-27558.734,nan,9.570015
nan,nan,nan,nan,nan,nan,nan,nan,6.834682,3.5248067,0.08814285,11.071156,-27593.611,nan,9.4897251
nan,nan,nan,nan,nan,nan,nan,nan,6.8432956,3.3778095,0.087701976,10.981232,-27628.314,nan,9.4094572
nan,nan,nan,nan,nan,nan,nan,nan,6.8518653,3.2399108,0.087260552,10.891326,-27662.844,nan,9.3292084
nan,nan,nan,nan,nan,nan,nan,nan,6.8603921,3.1042867,0.086818583,10.80144,-27697.199,nan,9.2489805
nan,nan,nan,nan,nan,nan,nan,nan,6.868876,3.1657014,0.086376056,10.711572,-27731.379,nan,9.1687727
nan,nan,nan,nan,nan,nan,nan,nan,6.877316,3.1048553,0.085932985,10.621721,-27765.383,nan,9.0885839
nan,nan,nan,nan,nan,nan,nan,nan,6.8857126,2.973496,0.085489377,10.531889,-27799.213,nan,9.0084162
nan,nan,nan,nan,nan,nan,nan,nan,6.8940659,2.7909577,0.085045226,10.442074,-27832.869,nan,8.9282665
nan,nan,nan,nan,nan,nan,nan,nan,6.9023752,2.7636623,0.084600538,10.352276,-27866.348,nan,8.8481369
nan,nan,nan,nan,nan,nan,nan,nan,6.9106412,2.6158121,0.084155314,10.262495,-27899.652,nan,8.7680264
nan,nan,nan,nan,nan,nan,nan,nan,6.9188638,2.5134542,0.08370956,10.17273,-27932.779,nan,8.6879349
nan,nan,nan,nan,nan,nan,nan,nan,6.9270425,2.541887,0.083263278,10.082982,-27965.732,nan,8.6078615
nan,nan,nan,nan,nan,nan,nan,nan,6.9351773,2.3576429,0.082816474,9.9932508,-27998.508,nan,8.5278082
nan,nan,nan,nan,nan,nan,nan,nan,6.9432683,2.3562212,0.082369141,9.9035349,-28031.105,nan,8.447773
nan,nan,nan,nan,nan,nan,nan,nan,6.9513154,2.3701532,0.081921294,9.8138351,-28063.529,nan,8.3677568
nan,nan,nan,nan,nan,nan,nan,nan,6.9593186,2.1242101,0.081472926,9.7241507,-28095.773,nan,8.2877598
nan,nan,nan,nan,nan,nan,nan,nan,6.967278,2.1222198,0.081024036,9.6344824,-28127.842,nan,8.2077799
nan,nan,nan,nan,nan,nan,nan,nan,6.9751935,2.0383432,0.080574647,9.5448284,-28159.732,nan,8.12782
nan,nan,nan,nan,nan,nan,nan,nan,6.9830647,1.8822474,0.080124743,9.4551907,-28191.447,nan,8.0478783
nan,nan,nan,nan,nan,nan,nan,nan,6.9908919,1.7466233,0.079674333,9.3655672,-28222.982,nan,7.9679542
nan,nan,nan,nan,nan,nan,nan,nan,6.9986749,1.6260685,0.079223417,9.27596,-28254.34,nan,7.8880491
nan,nan,nan,nan,nan,nan,nan,nan,7.0064135,1.62749,0.078772008,9.186367,-28285.52,nan,7.8081627
nan,nan,nan,nan,nan,nan,nan,nan,7.0141082,1.6445497,0.078320093,9.0967884,-28316.521,nan,7.7282944
nan,nan,nan,nan,nan,nan,nan,nan,7.0217586,1.4287452,0.077867687,9.007225,-28347.344,nan,7.6484447
nan,nan,nan,nan,nan,nan,nan,nan,7.0293641,1.339182,0.077414796,8.9176769,-28377.988,nan,7.5686135
nan,nan,nan,nan,nan,nan,nan,nan,7.0369258,1.3090434,0.076961406,8.8281422,-28408.453,nan,7.4888005
nan,nan,nan,nan,nan,nan,nan,nan,7.0444427,1.1327604,0.076507539,8.7386227,-28438.74,nan,7.4090061
nan,nan,nan,nan,nan,nan,nan,nan,7.0519152,1.0767479,0.07605318,8.6491184,-28468.846,nan,7.3292308
nan,nan,nan,nan,nan,nan,nan,nan,7.0593433,0.9843415,0.075598344,8.5596275,-28498.773,nan,7.2494736
nan,nan,nan,nan,nan,nan,nan,nan,7.0667267,0.80862713,0.075143032,8.4701519,-28528.521,nan,7.1697354
nan,nan,nan,nan,nan,nan,nan,nan,7.0740652,0.86407101,0.07468725,8.3806906,-28558.09,nan,7.0900154
nan,nan,nan,nan,nan,nan,nan,nan,7.0813594,0.64940381,0.074230991,8.2912436,-28587.477,nan,7.0103145
nan,nan,nan,nan,nan,nan,nan,nan,7.0886087,0.65480602,0.073774263,8.2018108,-28616.686,nan,6.9306326
nan,nan,nan,nan,nan,nan,nan,nan,7.0958133,0.5769003,0.073317066,8.1123934,-28645.711,nan,6.8509698
nan,nan,nan,nan,nan,nan,nan,nan,7.102973,0.36450773,0.072859414,8.0229893,-28674.559,nan,6.7713256
nan,nan,nan,nan,nan,nan,nan,nan,7.1100879,0.40033299,0.072401293,7.9336009,-28703.225,nan,6.6917005
nan,nan,nan,nan,nan,nan,nan,nan,7.1171579,0.2334328,0.071942724,7.8442264,-28731.709,nan,6.6120949
nan,nan,nan,nan,nan,nan,nan,nan,7.1241827,0.18083224,0.071483694,7.7548666,-28760.014,nan,6.5325084
nan,nan,nan,nan,nan,nan,nan,nan,7.1311626,0.15581141,0.071024217,7.6655211,-28788.135,nan,6.4529409
nan,nan,nan,nan,nan,nan,nan,nan,7.1380978,0.0056865481,0.070564285,7.5761905,-28816.076,nan,6.3733935
nan,nan,nan,nan,nan,nan,nan,nan,7.1449876,-0.052884899,0.070103914,7.4868746,-28843.836,nan,6.2938652
nan,nan,nan,nan,nan,nan,nan,nan,7.1518326,-0.25276706,0.069643095,7.3975735,-28871.412,nan,6.2143569
nan,nan,nan,nan,nan,nan,nan,nan,7.1586318,-0.33181009,0.069181837,7.3082871,-28898.809,nan,6.1348686
nan,nan,nan,nan,nan,nan,nan,nan,7.1653862,-0.37986141,0.068720147,7.2190156,-28926.021,nan,6.0553999
nan,nan,nan,nan,nan,nan,nan,nan,7.1720953,-0.44326642,0.068258017,7.1297593,-28953.053,nan,5.9759512
nan,nan,nan,nan,nan,nan,nan,nan,7.1787591,-0.44753134,0.067795463,7.0405173,-28979.9,nan,5.8965225
nan,nan,nan,nan,nan,nan,nan,nan,7.1853776,-0.58315551,0.067332476,6.9512911,-29006.566,nan,5.8171144
nan,nan,nan,nan,nan,nan,nan,nan,7.1919503,-0.70314169,0.066869065,6.8620791,-29033.049,nan,5.7377262
nan,nan,nan,nan,nan,nan,nan,nan,7.1984782,-0.85952175,0.066405237,6.7728829,-29059.35,nan,5.6583586
nan,nan,nan,nan,nan,nan,nan,nan,7.2049603,-0.84189343,0.065940984,6.683702,-29085.465,nan,5.5790119
nan,nan,nan,nan,nan,nan,nan,nan,7.2113967,-0.98462582,0.065476313,6.5945363,-29111.398,nan,5.4996858
nan,nan,nan,nan,nan,nan,nan,nan,7.2177877,-1.0022541,0.065011226,6.5053859,-29137.148,nan,5.4203801
nan,nan,nan,nan,nan,nan,nan,nan,7.2241335,-1.1813804,0.064545736,6.4162507,-29162.713,nan,5.3410959
nan,nan,nan,nan,nan,nan,nan,nan,7.230433,-1.2379615,0.064079836,6.3271313,-29188.096,nan,5.2618322
nan,nan,nan,nan,nan,nan,nan,nan,7.2366872,-1.1870669,0.063613527,6.2380276,-29213.293,nan,5.18259
nan,nan,nan,nan,nan,nan,nan,nan,7.2428956,-1.501533,0.063146822,6.1489391,-29238.309,nan,5.1033692
nan,nan,nan,nan,nan,nan,nan,nan,7.2490582,-1.5282598,0.062679715,6.0598664,-29263.137,nan,5.0241694
nan,nan,nan,nan,nan,nan,nan,nan,7.2551751,-1.4568937,0.062212218,5.9708099,-29287.783,nan,4.9449916
nan,nan,nan,nan,nan,nan,nan,nan,7.2612462,-1.6388632,0.061744321,5.8817692,-29312.242,nan,4.8658347
nan,nan,nan,nan,nan,nan,nan,nan,7.2672715,-1.8481281,0.061276037,5.7927442,-29336.518,nan,4.7867002
nan,nan,nan,nan,nan,nan,nan,nan,7.2732506,-1.8529617,0.060807366,5.7037354,-29360.609,nan,4.7075872
nan,nan,nan,nan,nan,nan,nan,nan,7.2791843,-1.9203473,0.060338311,5.6147423,-29384.514,nan,4.6284957
nan,nan,nan,nan,nan,nan,nan,nan,7.2850714,-2.0323722,0.059868876,5.5257654,-29408.234,nan,4.5494266
nan,nan,nan,nan,nan,nan,nan,nan,7.2909126,-2.139848,0.059399061,5.4368048,-29431.77,nan,4.4703798
nan,nan,nan,nan,nan,nan,nan,nan,7.2967081,-2.154633,0.05892887,5.3478603,-29455.119,nan,4.3913546
nan,nan,nan,nan,nan,nan,nan,nan,7.3024573,-2.3670256,0.05845831,5.2589316,-29478.283,nan,4.3123522
nan,nan,nan,nan,nan,nan,nan,nan,7.3081603,-2.2640991,0.057987381,5.1700196,-29501.26,nan,4.2333717
nan,nan,nan,nan,nan,nan,nan,nan,7.3138175,-2.5077677,0.057516083,5.0811243,-29524.051,nan,4.1544137
nan,nan,nan,nan,nan,nan,nan,nan,7.319428,-2.4759231,0.057044424,4.9922447,-29546.658,nan,4.0754781
nan,nan,nan,nan,nan,nan,nan,nan,7.3249927,-2.618371,0.056572404,4.9033818,-29569.076,nan,3.9965653
nan,nan,nan,nan,nan,nan,nan,nan,7.3305106,-2.6263323,0.056100026,4.8145351,-29591.309,nan,3.9176748
nan,nan,nan,nan,nan,nan,nan,nan,7.3359828,-2.8421366,0.055627294,4.7257051,-29613.355,nan,3.8388071
nan,nan,nan,nan,nan,nan,nan,nan,7.3414083,-2.9032671,0.055154212,4.6368914,-29635.215,nan,3.7599618
nan,nan,nan,nan,nan,nan,nan,nan,7.3467875,-3.0761383,0.05468078,4.5480938,-29656.889,nan,3.6811395
nan,nan,nan,nan,nan,nan,nan,nan,7.3521199,-3.1278858,0.054207005,4.4593129,-29678.373,nan,3.6023397
nan,nan,nan,nan,nan,nan,nan,nan,7.3574066,-3.1443768,0.053732887,4.3705482,-29699.672,nan,3.5235629
nan,nan,nan,nan,nan,nan,nan,nan,7.3626461,-3.277442,0.05325843,4.2818003,-29720.783,nan,3.4448087
nan,nan,nan,nan,nan,nan,nan,nan,7.3678398,-3.3081493,0.052783635,4.1930685,-29741.709,nan,3.3660774
nan,nan,nan,nan,nan,nan,nan,nan,7.3729863,-3.4813046,0.052308507,4.104353,-29762.445,nan,3.287369
nan,nan,nan,nan,nan,nan,nan,nan,7.3780866,-3.535327,0.051833048,4.0156536,-29782.994,nan,3.2086833
nan,nan,nan,nan,nan,nan,nan,nan,7.3831401,-3.6641273,0.051357266,3.9269707,-29803.355,nan,3.1300204
nan,nan,nan,nan,nan,nan,nan,nan,7.3881474,-3.7076294,0.050881155,3.838304,-29823.527,nan,3.0513802
nan,nan,nan,nan,nan,nan,nan,nan,7.3931074,-3.7042174,0.050404724,3.7496536,-29843.514,nan,2.9727628
nan,nan,nan,nan,nan,nan,nan,nan,7.3980212,-3.9077959,0.049927976,3.6610191,-29863.311,nan,2.8941681
nan,nan,nan,nan,nan,nan,nan,nan,7.4028883,-3.9657986,0.049450912,3.5724006,-29882.918,nan,2.8155961
nan,nan,nan,nan,nan,nan,nan,nan,7.4077082,-4.0840788,0.048973534,3.483798,-29902.34,nan,2.7370467
nan,nan,nan,nan,nan,nan,nan,nan,7.4124818,-4.1261592,0.048495851,3.3952115,-29921.57,nan,2.6585197
nan,nan,nan,nan,nan,nan,nan,nan,7.4172082,-4.2290859,0.048017859,3.3066404,-29940.613,nan,2.5800154
nan,nan,nan,nan,nan,nan,nan,nan,7.4218879,-4.3095503,0.047539566,3.2180851,-29959.469,nan,2.5015335
nan,nan,nan,nan,nan,nan,nan,nan,7.4265203,-4.4525671,0.04706097,3.129545,-29978.135,nan,2.423074
nan,nan,nan,nan,nan,nan,nan,nan,7.4311066,-4.5259237,0.046582077,3.0410206,-29996.611,nan,2.3446367
nan,nan,nan,nan,nan,nan,nan,nan,7.4356451,-4.6353898,0.046102893,2.9525111,-30014.898,nan,2.2662213
nan,nan,nan,nan,nan,nan,nan,nan,7.4401374,-4.663538,0.045623414,2.864017,-30032.996,nan,2.1878281
nan,nan,nan,nan,nan,nan,nan,nan,7.444582,-4.7118735,0.045143649,2.7755375,-30050.904,nan,2.1094568
nan,nan,nan,nan,nan,nan,nan,nan,7.4489803,-4.8460765,0.044663597,2.687073,-30068.623,nan,2.0311074
nan,nan,nan,nan,nan,nan,nan,nan,7.453331,-4.8349876,0.044183265,2.5986228,-30086.154,nan,1.9527794
nan,nan,nan,nan,nan,nan,nan,nan,7.4576349,-5.0951471,0.043702655,2.5101871,-30103.494,nan,1.8744731
nan,nan,nan,nan,nan,nan,nan,nan,7.4618917,-5.1434827,0.043221768,2.4217656,-30120.645,nan,1.796188
nan,nan,nan,nan,nan,nan,nan,nan,7.4661012,-5.3328447,0.042740606,2.333358,-30137.604,nan,1.717924
nan,nan,nan,nan,nan,nan,nan,nan,7.4702635,-5.28195,0.042259175,2.2449641,-30154.375,nan,1.639681
nan,nan,nan,nan,nan,nan,nan,nan,7.4743786,-5.4636354,0.04177748,2.1565838,-30170.955,nan,1.5614588
nan,nan,nan,nan,nan,nan,nan,nan,7.4784465,-5.490078,0.041295521,2.0682168,-30187.344,nan,1.4832572
nan,nan,nan,nan,nan,nan,nan,nan,7.4824672,-5.4869504,0.040813297,1.9798626,-30203.545,nan,1.4050758
nan,nan,nan,nan,nan,nan,nan,nan,7.4864407,-5.6370749,0.04033082,1.8915213,-30219.553,nan,1.3269147
nan,nan,nan,nan,nan,nan,nan,nan,7.4903669,-5.7556396,0.039848085,1.8031924,-30235.371,nan,1.2487735
nan,nan,nan,nan,nan,nan,nan,nan,7.494246,-5.8875675,0.039365102,1.7148757,-30251,nan,1.1706519
nan,nan,nan,nan,nan,nan,nan,nan,7.4980774,-5.9802585,0.038881868,1.6265709,-30266.438,nan,1.0925497
nan,nan,nan,nan,nan,nan,nan,nan,7.5018616,-6.0376925,0.038398389,1.5382777,-30281.684,nan,1.0144666
nan,nan,nan,nan,nan,nan,nan,nan,7.5055985,-6.1064997,0.037914667,1.4499959,-30296.74,nan,0.9364025
nan,nan,nan,nan,nan,nan,nan,nan,7.5092878,-6.2603207,0.037430707,1.3617249,-30311.604,nan,0.85835695
nan,nan,nan,nan,nan,nan,nan,nan,7.5129299,-6.2321725,0.036946509,1.2734644,-30326.277,nan,0.7803297
nan,nan,nan,nan,nan,nan,nan,nan,7.5165243,-6.3695025,0.03646208,1.1852143,-30340.76,nan,0.70232046
nan,nan,nan,nan,nan,nan,nan,nan,7.520071,-6.5173526,0.035977416,1.096974,-30355.051,nan,0.62432885
nan,nan,nan,nan,nan,nan,nan,nan,7.5235705,-6.6495652,0.035492528,1.0087433,-30369.15,nan,0.54635459
nan,nan,nan,nan,nan,nan,nan,nan,7.5270228,-6.6791348,0.035007417,0.92052162,-30383.059,nan,0.46839738
nan,nan,nan,nan,nan,nan,nan,nan,7.530427,-6.7846208,0.034522086,0.83230871,-30396.773,nan,0.39045686
nan,nan,nan,nan,nan,nan,nan,nan,7.5337839,-6.7300296,0.034036536,0.74410415,-30410.299,nan,0.3125326
nan,nan,nan,nan,nan,nan,nan,nan,7.5370932,-6.9279218,0.033550769,0.65590751,-30423.633,nan,0.23462431
nan,nan,nan,nan,nan,nan,nan,nan,7.5403547,-6.9839339,0.03306479,0.56771839,-30436.773,nan,0.15673161
nan,nan,nan,nan,nan,nan,nan,nan,7.5435691,-7.0678105,0.032578606,0.47953627,-30449.723,nan,0.078854062
nan,nan,nan,nan,nan,nan,nan,nan,7.5467353,-7.1488438,0.032092214,0.39136073,-30462.48,nan,0.0009913157
nan,nan,nan,nan,nan,nan,nan,nan,7.5498538,-7.2273183,0.03160562,0.30319136,-30475.045,nan,-0.076857053
nan,nan,nan,nan,nan,nan,nan,nan,7.5529251,-7.3518538,0.031118825,0.21502766,-30487.418,nan,-0.15469146
nan,nan,nan,nan,nan,nan,nan,nan,7.5559483,-7.4792323,0.030631835,0.12686916,-30499.6,nan,-0.23251234
nan,nan,nan,nan,nan,nan,nan,nan,7.5589237,-7.5841494,0.030144652,0.038715348,-30511.588,nan,-0.31032011
nan,nan,nan,nan,nan,nan,nan,nan,7.5618515,-7.6782618,0.029657278,-0.04943426,-30523.385,nan,-0.38811523
nan,nan,nan,nan,nan,nan,nan,nan,7.5647316,-7.7018609,0.029169716,-0.13758017,-30534.988,nan,-0.46589819
nan,nan,nan,nan,nan,nan,nan,nan,7.567564,-7.7408137,0.028681971,-0.22572292,-30546.4,nan,-0.5436694
nan,nan,nan,nan,nan,nan,nan,nan,7.5703487,-7.8394752,0.028194046,-0.31386304,-30557.617,nan,-0.62142932
nan,nan,nan,nan,nan,nan,nan,nan,7.5730853,-8.0416317,0.027705941,-0.40200105,-30568.645,nan,-0.69917852
nan,nan,nan,nan,nan,nan,nan,nan,7.5757742,-8.102478,0.027217662,-0.49013752,-30579.477,nan,-0.7769174
nan,nan,nan,nan,nan,nan,nan,nan,7.5784149,-8.2082481,0.026729211,-0.578273,-30590.117,nan,-0.85464656
nan,nan,nan,nan,nan,nan,nan,nan,7.581008,-8.2150717,0.026240591,-0.66640806,-30600.566,nan,-0.93236643
nan,nan,nan,nan,nan,nan,nan,nan,7.5835533,-8.3413134,0.025751807,-0.7545433,-30610.82,nan,-1.0100776
nan,nan,nan,nan,nan,nan,nan,nan,7.5860505,-8.3996,0.025262859,-0.84267926,-30620.881,nan,-1.0877805
nan,nan,nan,nan,nan,nan,nan,nan,7.5885,-8.5733242,0.02477375,-0.93081659,-30630.75,nan,-1.1654757
nan,nan,nan,nan,nan,nan,nan,nan,7.5909014,-8.5974922,0.024284488,-1.0189558,-30640.426,nan,-1.2431638
nan,nan,nan,nan,nan,nan,nan,nan,7.593255,-8.7390871,0.02379507,-1.1070977,-30649.908,nan,-1.3208455
nan,nan,nan,nan,nan,nan,nan,nan,7.5955606,-8.8337679,0.023305504,-1.1952428,-30659.197,nan,-1.3985209
nan,nan,nan,nan,nan,nan,nan,nan,7.5978179,-8.8914862,0.02281579,-1.2833916,-30668.293,nan,-1.4761912
nan,nan,nan,nan,nan,nan,nan,nan,7.6000276,-9.0563965,0.022325931,-1.371545,-30677.195,nan,-1.5538564
nan,nan,nan,nan,nan,nan,nan,nan,7.6021891,-8.9716673,0.021835933,-1.4597033,-30685.904,nan,-1.6315174
nan,nan,nan,nan,nan,nan,nan,nan,7.6043024,-9.102458,0.021345796,-1.5478675,-30694.42,nan,-1.7091746
nan,nan,nan,nan,nan,nan,nan,nan,7.6063681,-9.2639551,0.020855526,-1.6360382,-30702.74,nan,-1.7868289
nan,nan,nan,nan,nan,nan,nan,nan,7.6083856,-9.3466949,0.020365121,-1.7242159,-30710.869,nan,-1.8644806
nan,nan,nan,nan,nan,nan,nan,nan,7.6103549,-9.3930397,0.01987459,-1.8124014,-30718.805,nan,-1.9421306
nan,nan,nan,nan,nan,nan,nan,nan,7.6122761,-9.5997458,0.019383933,-1.9005953,-30726.545,nan,-2.0197792
nan,nan,nan,nan,nan,nan,nan,nan,7.6141496,-9.666563,0.018893154,-1.9887984,-30734.092,nan,-2.0974274
nan,nan,nan,nan,nan,nan,nan,nan,7.6159744,-9.7265558,0.018402256,-2.0770113,-30741.445,nan,-2.1750753
nan,nan,nan,nan,nan,nan,nan,nan,7.6177516,-9.7689209,0.01791124,-2.1652348,-30748.605,nan,-2.2527242
nan,nan,nan,nan,nan,nan,nan,nan,7.6194806,-9.9099474,0.017420113,-2.2534695,-30755.57,nan,-2.3303742
nan,nan,nan,nan,nan,nan,nan,nan,7.6211615,-10.031071,0.016928876,-2.3417163,-30762.344,nan,-2.4080262
nan,nan,nan,nan,nan,nan,nan,nan,7.6227937,-10.090211,0.016437532,-2.4299757,-30768.922,nan,-2.4856808
nan,nan,nan,nan,nan,nan,nan,nan,7.6243782,-10.256826,0.015946085,-2.5182486,-30775.305,nan,-2.5633388
nan,nan,nan,nan,nan,nan,nan,nan,7.6259146,-10.227825,0.015454535,-2.6065354,-30781.494,nan,-2.6410005
nan,nan,nan,nan,nan,nan,nan,nan,7.6274028,-10.34639,0.014962889,-2.6948373,-30787.49,nan,-2.718667
nan,nan,nan,nan,nan,nan,nan,nan,7.6288428,-10.474906,0.014471149,-2.7831547,-30793.293,nan,-2.7963388
nan,nan,nan,nan,nan,nan,nan,nan,7.6302347,-10.496515,0.013979318,-2.8714886,-30798.9,nan,-2.8740165
nan,nan,nan,nan,nan,nan,nan,nan,7.631578,-10.54485,0.013487398,-2.9598396,-30804.312,nan,-2.9517009
nan,nan,nan,nan,nan,nan,nan,nan,7.6328735,-10.716016,0.012995393,-3.0482085,-30809.531,nan,-3.0293927
nan,nan,nan,nan,nan,nan,nan,nan,7.6341205,-10.804441,0.012503305,-3.136596,-30814.557,nan,-3.1070924
nan,nan,nan,nan,nan,nan,nan,nan,7.6353197,-10.890877,0.01201114,-3.2250028,-30819.387,nan,-3.1848009
nan,nan,nan,nan,nan,nan,nan,nan,7.6364703,-10.949733,0.011518898,-3.3134296,-30824.023,nan,-3.2625186
nan,nan,nan,nan,nan,nan,nan,nan,7.6375728,-11.032756,0.011026585,-3.4018776,-30828.465,nan,-3.3402467
nan,nan,nan,nan,nan,nan,nan,nan,7.6386271,-11.046404,0.010534201,-3.4903471,-30832.713,nan,-3.4179857
nan,nan,nan,nan,nan,nan,nan,nan,7.6396332,-11.280974,0.010041751,-3.5788391,-30836.766,nan,-3.4957359
nan,nan,nan,nan,nan,nan,nan,nan,7.6405907,-11.366841,0.0095492378,-3.6673543,-30840.625,nan,-3.5734987
nan,nan,nan,nan,nan,nan,nan,nan,7.6415,-11.415176,0.0090566641,-3.7558935,-30844.289,nan,-3.6512742
nan,nan,nan,nan,nan,nan,nan,nan,7.6423612,-11.457541,0.0085640335,-3.8444574,-30847.758,nan,-3.7290633
nan,nan,nan,nan,nan,nan,nan,nan,7.6431742,-11.658561,0.008071349,-3.9330468,-30851.033,nan,-3.8068669
nan,nan,nan,nan,nan,nan,nan,nan,7.643939,-11.717985,0.0075786142,-4.0216627,-30854.113,nan,-3.8846855
nan,nan,nan,nan,nan,nan,nan,nan,7.6446552,-11.824608,0.0070858309,-4.1103053,-30857,nan,-3.9625199
nan,nan,nan,nan,nan,nan,nan,nan,7.6453233,-11.796175,0.0065930034,-4.198976,-30859.691,nan,-4.0403709
nan,nan,nan,nan,nan,nan,nan,nan,7.6459432,-12.044394,0.0061001345,-4.2876754,-30862.189,nan,-4.1182389
nan,nan,nan,nan,nan,nan,nan,nan,7.6465144,-12.011412,0.0056072269,-4.3764043,-30864.49,nan,-4.196125
nan,nan,nan,nan,nan,nan,nan,nan,7.6470375,-12.146182,0.0051142839,-4.4651628,-30866.6,nan,-4.2740297
nan,nan,nan,nan,nan,nan,nan,nan,7.6475124,-12.249678,0.0046213088,-4.5539527,-30868.512,nan,-4.3519535
nan,nan,nan,nan,nan,nan,nan,nan,7.6479387,-12.268443,0.0041283048,-4.6427741,-30870.23,nan,-4.4298978
nan,nan,nan,nan,nan,nan,nan,nan,7.6483173,-12.474297,0.0036352747,-4.7316279,-30871.754,nan,-4.5078626
nan,nan,nan,nan,nan,nan,nan,nan,7.6486473,-12.539976,0.0031422218,-4.8205152,-30873.084,nan,-4.5858488
nan,nan,nan,nan,nan,nan,nan,nan,7.6489286,-12.634089,0.0026491494,-4.9094362,-30874.219,nan,-4.663857
nan,nan,nan,nan,nan,nan,nan,nan,7.6491618,-12.696072,0.0021560602,-4.9983921,-30875.158,nan,-4.7418885
nan,nan,nan,nan,nan,nan,nan,nan,7.6493468,-12.770565,0.0016629576,-5.0873837,-30875.904,nan,-4.8199434
nan,nan,nan,nan,nan,nan,nan,nan,7.6494837,-12.919553,0.0011698446,-5.1764112,-30876.455,nan,-4.8980222
nan,nan,nan,nan,nan,nan,nan,nan,7.6495719,-12.955947,0.00067672436,-5.2654757,-30876.811,nan,-4.9761262
nan,nan,nan,nan,nan,nan,nan,nan,7.6496119,-12.980683,0.00018359997,-5.3545785,-30876.971,nan,-5.054256
nan,nan,nan,nan,nan,nan,nan,nan,7.6496038,-13.15725,-0.00030952544,-5.4437194,-30876.938,nan,-5.132412
nan,nan,nan,nan,nan,nan,nan,nan,7.6495471,-13.172605,-0.00080264872,-5.5328994,-30876.709,nan,-5.2105951
nan,nan,nan,nan,nan,nan,nan,nan,7.6494422,-13.335524,-0.0012957668,-5.6221194,-30876.287,nan,-5.288806
nan,nan,nan,nan,nan,nan,nan,nan,7.6492887,-13.421391,-0.0017888766,-5.71138,-30875.67,nan,-5.3670449
nan,nan,nan,nan,nan,nan,nan,nan,7.649087,-13.512092,-0.002281975,-5.8006821,-30874.857,nan,-5.445313
nan,nan,nan,nan,nan,nan,nan,nan,7.6488371,-13.580898,-0.0027750588,-5.8900266,-30873.85,nan,-5.5236111
nan,nan,nan,nan,nan,nan,nan,nan,7.6485391,-13.580614,-0.0032681248,-5.9794135,-30872.648,nan,-5.6019392
nan,nan,nan,nan,nan,nan,nan,nan,7.6481924,-13.788742,-0.0037611702,-6.0688443,-30871.252,nan,-5.6802983
nan,nan,nan,nan,nan,nan,nan,nan,7.6477976,-13.984928,-0.0042541916,-6.158319,-30869.662,nan,-5.7586894
nan,nan,nan,nan,nan,nan,nan,nan,7.6473546,-13.977819,-0.0047471859,-6.247839,-30867.877,nan,-5.8371124
nan,nan,nan,nan,nan,nan,nan,nan,7.646863,-14.017341,-0.0052401503,-6.3374043,-30865.896,nan,-5.9155684
nan,nan,nan,nan,nan,nan,nan,nan,7.6463232,-14.177133,-0.0057330816,-6.4270158,-30863.721,nan,-5.9940581
nan,nan,nan,nan,nan,nan,nan,nan,7.6457353,-14.232862,-0.0062259762,-6.516674,-30861.352,nan,-6.0725822
nan,nan,nan,nan,nan,nan,nan,nan,7.6450987,-14.343465,-0.0067188316,-6.6063805,-30858.787,nan,-6.1511407
nan,nan,nan,nan,nan,nan,nan,nan,7.6444139,-14.384408,-0.0072116442,-6.6961346,-30856.029,nan,-6.2297349
nan,nan,nan,nan,nan,nan,nan,nan,7.643681,-14.532826,-0.0077044112,-6.7859378,-30853.076,nan,-6.3083653
nan,nan,nan,nan,nan,nan,nan,nan,7.6429,-14.584005,-0.0081971288,-6.8757906,-30849.93,nan,-6.387032
nan,nan,nan,nan,nan,nan,nan,nan,7.6420703,-14.667882,-0.0086897956,-6.965693,-30846.586,nan,-6.4657359
nan,nan,nan,nan,nan,nan,nan,nan,7.6411929,-14.814027,-0.0091824066,-7.0556469,-30843.051,nan,-6.5444775
nan,nan,nan,nan,nan,nan,nan,nan,7.6402669,-14.879137,-0.0096749598,-7.1456513,-30839.318,nan,-6.6232576
nan,nan,nan,nan,nan,nan,nan,nan,7.6392922,-14.894207,-0.010167452,-7.2357082,-30835.393,nan,-6.7020769
nan,nan,nan,nan,nan,nan,nan,nan,7.6382699,-15.076461,-0.010659879,-7.3258176,-30831.273,nan,-6.7809353
nan,nan,nan,nan,nan,nan,nan,nan,7.6371989,-15.1592,-0.01115224,-7.4159799,-30826.959,nan,-6.8598337
nan,nan,nan,nan,nan,nan,nan,nan,7.6360798,-15.196732,-0.011644528,-7.506196,-30822.451,nan,-6.9387727
nan,nan,nan,nan,nan,nan,nan,nan,7.6349125,-15.386377,-0.012136744,-7.5964661,-30817.748,nan,-7.0177526
nan,nan,nan,nan,nan,nan,nan,nan,7.633697,-15.366759,-0.012628883,-7.6867909,-30812.85,nan,-7.0967741
nan,nan,nan,nan,nan,nan,nan,nan,7.6324334,-15.588534,-0.013120942,-7.7771711,-30807.758,nan,-7.175838
nan,nan,nan,nan,nan,nan,nan,nan,7.6311216,-15.568915,-0.013612918,-7.8676071,-30802.473,nan,-7.2549443
nan,nan,nan,nan,nan,nan,nan,nan,7.6297612,-15.686343,-0.014104808,-7.9580994,-30796.992,nan,-7.3340936
nan,nan,nan,nan,nan,nan,nan,nan,7.6283531,-15.725012,-0.014596608,-8.0486488,-30791.318,nan,-7.4132862
nan,nan,nan,nan,nan,nan,nan,nan,7.6268964,-15.827085,-0.015088317,-8.1392546,-30785.449,nan,-7.4925232
nan,nan,nan,nan,nan,nan,nan,nan,7.6253915,-15.863763,-0.01557993,-8.2299185,-30779.387,nan,-7.5718045
nan,nan,nan,nan,nan,nan,nan,nan,7.6238389,-16.07843,-0.016071444,-8.3206406,-30773.131,nan,-7.6511307
nan,nan,nan,nan,nan,nan,nan,nan,7.6222377,-16.10601,-0.016562857,-8.4114218,-30766.68,nan,-7.7305021
nan,nan,nan,nan,nan,nan,nan,nan,7.6205888,-16.235949,-0.017054165,-8.5022612,-30760.035,nan,-7.8099194
nan,nan,nan,nan,nan,nan,nan,nan,7.6188912,-16.392044,-0.017545365,-8.5931606,-30753.197,nan,-7.8893828
nan,nan,nan,nan,nan,nan,nan,nan,7.6171455,-16.342571,-0.018036453,-8.6841202,-30746.164,nan,-7.9688926
nan,nan,nan,nan,nan,nan,nan,nan,7.6153522,-16.465401,-0.018527428,-8.7751389,-30738.938,nan,-8.0484495
nan,nan,nan,nan,nan,nan,nan,nan,7.6135106,-16.575436,-0.019018287,-8.8662195,-30731.518,nan,-8.1280537
nan,nan,nan,nan,nan,nan,nan,nan,7.6116209,-16.678646,-0.019509023,-8.9573603,-30723.904,nan,-8.2077055
nan,nan,nan,nan,nan,nan,nan,nan,7.609683,-16.76963,-0.019999638,-9.048563,-30716.098,nan,-8.287405
nan,nan,nan,nan,nan,nan,nan,nan,7.607697,-16.899284,-0.020490125,-9.1398268,-30708.096,nan,-8.3671532
nan,nan,nan,nan,nan,nan,nan,nan,7.6056628,-17.036329,-0.020980483,-9.2311525,-30699.9,nan,-8.44695
nan,nan,nan,nan,nan,nan,nan,nan,7.603581,-17.072723,-0.021470709,-9.3225412,-30691.512,nan,-8.5267954
nan,nan,nan,nan,nan,nan,nan,nan,7.6014509,-17.140108,-0.021960799,-9.4139919,-30682.93,nan,-8.6066904
nan,nan,nan,nan,nan,nan,nan,nan,7.5992727,-17.250143,-0.022450749,-9.5055065,-30674.154,nan,-8.686635
nan,nan,nan,nan,nan,nan,nan,nan,7.5970469,-17.257252,-0.022940557,-9.5970831,-30665.186,nan,-8.7666292
nan,nan,nan,nan,nan,nan,nan,nan,7.5947728,-17.524519,-0.023430223,-9.6887236,-30656.023,nan,-8.846673
nan,nan,nan,nan,nan,nan,nan,nan,7.5924506,-17.527363,-0.023919737,-9.7804279,-30646.668,nan,-8.9267673
nan,nan,nan,nan,nan,nan,nan,nan,7.5900807,-17.621191,-0.024409102,-9.8721952,-30637.119,nan,-9.0069132
nan,nan,nan,nan,nan,nan,nan,nan,7.5876627,-17.778708,-0.024898313,-9.9640274,-30627.377,nan,-9.0871086
nan,nan,nan,nan,nan,nan,nan,nan,7.585197,-17.787239,-0.025387365,-10.055923,-30617.443,nan,-9.1673555
nan,nan,nan,nan,nan,nan,nan,nan,7.5826831,-17.91291,-0.025876258,-10.147884,-30607.314,nan,-9.247654
nan,nan,nan,nan,nan,nan,nan,nan,7.5801215,-17.97262,-0.026364986,-10.239909,-30596.994,nan,-9.3280029
nan,nan,nan,nan,nan,nan,nan,nan,7.5775118,-17.966932,-0.026853548,-10.331999,-30586.48,nan,-9.4084044
nan,nan,nan,nan,nan,nan,nan,nan,7.5748544,-18.199512,-0.02734194,-10.424154,-30575.773,nan,-9.4888573
nan,nan,nan,nan,nan,nan,nan,nan,7.5721493,-18.164257,-0.027830159,-10.516374,-30564.873,nan,-9.5693617
nan,nan,nan,nan,nan,nan,nan,nan,7.569396,-18.378923,-0.028318202,-10.608659,-30553.781,nan,-9.6499176
nan,nan,nan,nan,nan,nan,nan,nan,7.5665951,-18.430387,-0.028806066,-10.701009,-30542.496,nan,-9.730526
nan,nan,nan,nan,nan,nan,nan,nan,7.5637465,-18.459105,-0.029293749,-10.793424,-30531.02,nan,-9.8111868
nan,nan,nan,nan,nan,nan,nan,nan,7.5608501,-18.625719,-0.029781247,-10.885904,-30519.35,nan,-9.8918991
nan,nan,nan,nan,nan,nan,nan,nan,7.5579057,-18.676899,-0.030268556,-10.978451,-30507.486,nan,-9.9726648
nan,nan,nan,nan,nan,nan,nan,nan,7.554914,-18.82617,-0.030755673,-11.071062,-30495.432,nan,-10.053482
nan,nan,nan,nan,nan,nan,nan,nan,7.5518742,-19.005013,-0.031242596,-11.163738,-30483.186,nan,-10.134352
nan,nan,nan,nan,nan,nan,nan,nan,7.5487866,-18.999611,-0.031729322,-11.25648,-30470.746,nan,-10.215274
nan,nan,nan,nan,nan,nan,nan,nan,7.5456514,-19.099693,-0.032215845,-11.349288,-30458.113,nan,-10.296249
nan,nan,nan,nan,nan,nan,nan,nan,7.542469,-19.21769,-0.032702167,-11.442161,-30445.291,nan,-10.377276
nan,nan,nan,nan,nan,nan,nan,nan,7.5392385,-19.253799,-0.033188283,-11.535098,-30432.275,nan,-10.458356
nan,nan,nan,nan,nan,nan,nan,nan,7.5359602,-19.348764,-0.033674188,-11.628101,-30419.068,nan,-10.539489
nan,nan,nan,nan,nan,nan,nan,nan,7.5326347,-19.33341,-0.03415988,-11.721169,-30405.67,nan,-10.620673
nan,nan,nan,nan,nan,nan,nan,nan,7.5292616,-19.583618,-0.034645356,-11.814303,-30392.078,nan,-10.70191
nan,nan,nan,nan,nan,nan,nan,nan,7.5258408,-19.594139,-0.035130613,-11.907501,-30378.297,nan,-10.783199
nan,nan,nan,nan,nan,nan,nan,nan,7.5223727,-19.689672,-0.035615649,-12.000765,-30364.322,nan,-10.864541
nan,nan,nan,nan,nan,nan,nan,nan,7.5188565,-19.739998,-0.036100458,-12.094092,-30350.156,nan,-10.945935
nan,nan,nan,nan,nan,nan,nan,nan,7.5152931,-19.982246,-0.03658504,-12.187485,-30335.801,nan,-11.027381
nan,nan,nan,nan,nan,nan,nan,nan,7.5116825,-20.000443,-0.037069391,-12.280942,-30321.252,nan,-11.108879
nan,nan,nan,nan,nan,nan,nan,nan,7.5080242,-20.122419,-0.037553508,-12.374463,-30306.514,nan,-11.190429
nan,nan,nan,nan,nan,nan,nan,nan,7.5043187,-20.214256,-0.038037386,-12.468048,-30291.584,nan,-11.272031
nan,nan,nan,nan,nan,nan,nan,nan,7.5005655,-20.29529,-0.038521022,-12.561697,-30276.461,nan,-11.353683
nan,nan,nan,nan,nan,nan,nan,nan,7.4967651,-20.370352,-0.039004419,-12.65541,-30261.15,nan,-11.435389
nan,nan,nan,nan,nan,nan,nan,nan,7.4929171,-20.496309,-0.039487567,-12.749186,-30245.646,nan,-11.517144
nan,nan,nan,nan,nan,nan,nan,nan,7.4890223,-20.569666,-0.039970465,-12.843025,-30229.953,nan,-11.598951
nan,nan,nan,nan,nan,nan,nan,nan,7.4850798,-20.643307,-0.040453114,-12.936927,-30214.068,nan,-11.680809
nan,nan,nan,nan,nan,nan,nan,nan,7.4810901,-20.698467,-0.040935501,-13.030892,-30197.994,nan,-11.762718
nan,nan,nan,nan,nan,nan,nan,nan,7.4770532,-20.767273,-0.041417636,-13.124919,-30181.73,nan,-11.844677
nan,nan,nan,nan,nan,nan,nan,nan,7.4729686,-20.89579,-0.041899506,-13.219008,-30165.273,nan,-11.926686
nan,nan,nan,nan,nan,nan,nan,nan,7.4688373,-20.981657,-0.042381112,-13.31316,-30148.629,nan,-12.008746
nan,nan,nan,nan,nan,nan,nan,nan,7.4646587,-21.070366,-0.042862449,-13.407373,-30131.793,nan,-12.090856
nan,nan,nan,nan,nan,nan,nan,nan,7.460433,-21.198883,-0.043343514,-13.501647,-30114.768,nan,-12.173015
nan,nan,nan,nan,nan,nan,nan,nan,7.4561601,-21.292143,-0.043824308,-13.595983,-30097.553,nan,-12.255223
nan,nan,nan,nan,nan,nan,nan,nan,7.4518399,-21.388245,-0.044304822,-13.690378,-30080.146,nan,-12.337481
nan,nan,nan,nan,nan,nan,nan,nan,7.447473,-21.451651,-0.04478506,-13.784834,-30062.553,nan,-12.419787
nan,nan,nan,nan,nan,nan,nan,nan,7.443059,-21.628218,-0.045265011,-13.87935,-30044.768,nan,-12.502142
nan,nan,nan,nan,nan,nan,nan,nan,7.4385977,-21.605755,-0.045744676,-13.973925,-30026.793,nan,-12.584545
nan,nan,nan,nan,nan,nan,nan,nan,7.4340897,-21.769527,-0.046224054,-14.068559,-30008.631,nan,-12.666996
nan,nan,nan,nan,nan,nan,nan,nan,7.4295349,-21.788578,-0.046703141,-14.163252,-29990.277,nan,-12.749495
nan,nan,nan,nan,nan,nan,nan,nan,7.424933,-21.930172,-0.04718193,-14.258004,-29971.736,nan,-12.832041
nan,nan,nan,nan,nan,nan,nan,nan,7.4202838,-22.040207,-0.047660422,-14.352814,-29953.006,nan,-12.914634
nan,nan,nan,nan,nan,nan,nan,nan,7.4155879,-22.124084,-0.048138615,-14.44768,-29934.088,nan,-12.997273
nan,nan,nan,nan,nan,nan,nan,nan,7.4108453,-22.248051,-0.048616499,-14.542604,-29914.979,nan,-13.07996
nan,nan,nan,nan,nan,nan,nan,nan,7.4060559,-22.317427,-0.049094081,-14.637586,-29895.682,nan,-13.162692
nan,nan,nan,nan,nan,nan,nan,nan,7.4012198,-22.372017,-0.04957135,-14.732623,-29876.197,nan,-13.245469
nan,nan,nan,nan,nan,nan,nan,nan,7.396337,-22.567066,-0.050048307,-14.827717,-29856.523,nan,-13.328293
nan,nan,nan,nan,nan,nan,nan,nan,7.391407,-22.562233,-0.050524946,-14.922866,-29836.662,nan,-13.41116
nan,nan,nan,nan,nan,nan,nan,nan,7.3864307,-22.680798,-0.051001266,-15.01807,-29816.613,nan,-13.494073
nan,nan,nan,nan,nan,nan,nan,nan,7.3814077,-22.728848,-0.051477265,-15.113329,-29796.375,nan,-13.57703
nan,nan,nan,nan,nan,nan,nan,nan,7.376338,-22.857365,-0.051952936,-15.208641,-29775.949,nan,-13.66003
nan,nan,nan,nan,nan,nan,nan,nan,7.371222,-22.947212,-0.052428279,-15.304008,-29755.336,nan,-13.743074
nan,nan,nan,nan,nan,nan,nan,nan,7.3660593,-23.056108,-0.052903295,-15.399427,-29734.535,nan,-13.826162
nan,nan,nan,nan,nan,nan,nan,nan,7.3608499,-23.117807,-0.053377971,-15.494901,-29713.547,nan,-13.909292
nan,nan,nan,nan,nan,nan,nan,nan,7.3555942,-23.265089,-0.053852312,-15.590425,-29692.371,nan,-13.992465
nan,nan,nan,nan,nan,nan,nan,nan,7.3502917,-23.353516,-0.054326314,-15.686003,-29671.008,nan,-14.075679
nan,nan,nan,nan,nan,nan,nan,nan,7.344943,-23.481747,-0.054799974,-15.781631,-29649.457,nan,-14.158935
nan,nan,nan,nan,nan,nan,nan,nan,7.3395481,-23.509895,-0.055273283,-15.87731,-29627.721,nan,-14.242232
nan,nan,nan,nan,nan,nan,nan,nan,7.3341064,-23.589508,-0.055746246,-15.97304,-29605.797,nan,-14.32557
nan,nan,nan,nan,nan,nan,nan,nan,7.3286185,-23.721151,-0.056218855,-16.068819,-29583.686,nan,-14.408948
nan,nan,nan,nan,nan,nan,nan,nan,7.3230844,-23.804743,-0.05669111,-16.16465,-29561.389,nan,-14.492367
nan,nan,nan,nan,nan,nan,nan,nan,7.3175044,-23.965103,-0.057163008,-16.260529,-29538.906,nan,-14.575825
nan,nan,nan,nan,nan,nan,nan,nan,7.3118777,-23.989555,-0.057634544,-16.356455,-29516.236,nan,-14.659322
nan,nan,nan,nan,nan,nan,nan,nan,7.3062048,-24.083384,-0.058105715,-16.452431,-29493.381,nan,-14.742858
nan,nan,nan,nan,nan,nan,nan,nan,7.3004861,-24.148779,-0.058576517,-16.548454,-29470.34,nan,-14.826432
nan,nan,nan,nan,nan,nan,nan,nan,7.2947206,-24.419458,-0.05904695,-16.644526,-29447.111,nan,-14.910046
nan,nan,nan,nan,nan,nan,nan,nan,7.2889099,-24.250853,-0.059517011,-16.740643,-29423.699,nan,-14.993696
nan,nan,nan,nan,nan,nan,nan,nan,7.2830524,-24.305159,-0.059986696,-16.836807,-29400.1,nan,-15.077384
nan,nan,nan,nan,nan,nan,nan,nan,7.2771497,-24.610527,-0.060456,-16.933016,-29376.316,nan,-15.161108
nan,nan,nan,nan,nan,nan,nan,nan,7.2712002,-24.699806,-0.060924925,-17.029272,-29352.348,nan,-15.244869
nan,nan,nan,nan,nan,nan,nan,nan,7.2652054,-24.775152,-0.061393466,-17.125572,-29328.193,nan,-15.328668
nan,nan,nan,nan,nan,nan,nan,nan,7.2591643,-24.740465,-0.061861616,-17.221918,-29303.854,nan,-15.4125
nan,nan,nan,nan,nan,nan,nan,nan,7.2530775,-24.813253,-0.062329374,-17.318308,-29279.33,nan,-15.496369
nan,nan,nan,nan,nan,nan,nan,nan,7.2469449,-25.038441,-0.062796742,-17.414742,-29254.623,nan,-15.580274
nan,nan,nan,nan,nan,nan,nan,nan,7.2407665,-25.109522,-0.063263707,-17.511219,-29229.729,nan,-15.664213
nan,nan,nan,nan,nan,nan,nan,nan,7.2345424,-25.247137,-0.063730277,-17.607738,-29204.652,nan,-15.748186
nan,nan,nan,nan,nan,nan,nan,nan,7.2282724,-25.296326,-0.064196445,-17.704302,-29179.391,nan,-15.832194
nan,nan,nan,nan,nan,nan,nan,nan,7.2219572,-25.372524,-0.064662203,-17.800905,-29153.945,nan,-15.916236
nan,nan,nan,nan,nan,nan,nan,nan,7.2155957,-25.488245,-0.065127559,-17.897552,-29128.316,nan,-16.000311
nan,nan,nan,nan,nan,nan,nan,nan,7.2091894,-25.488245,-0.065592498,-17.994242,-29102.504,nan,-16.084419
nan,nan,nan,nan,nan,nan,nan,nan,7.2027369,-25.674196,-0.066057026,-18.090971,-29076.508,nan,-16.16856
nan,nan,nan,nan,nan,nan,nan,nan,7.1962395,-25.734758,-0.066521131,-18.187742,-29050.328,nan,-16.252733
nan,nan,nan,nan,nan,nan,nan,nan,7.1896963,-25.903364,-0.066984825,-18.284554,-29023.967,nan,-16.336941
nan,nan,nan,nan,nan,nan,nan,nan,7.1831074,-25.905922,-0.067448087,-18.381405,-28997.42,nan,-16.421179
nan,nan,nan,nan,nan,nan,nan,nan,7.1764736,-26.126276,-0.067910925,-18.478296,-28970.691,nan,-16.505449
nan,nan,nan,nan,nan,nan,nan,nan,7.1697941,-26.106659,-0.068373337,-18.575228,-28943.781,nan,-16.58975
nan,nan,nan,nan,nan,nan,nan,nan,7.1630697,-26.235174,-0.068835311,-18.672199,-28916.688,nan,-16.674084
nan,nan,nan,nan,nan,nan,nan,nan,7.1562996,-26.239155,-0.069296859,-18.769209,-28889.412,nan,-16.758448
nan,nan,nan,nan,nan,nan,nan,nan,7.1494846,-26.416574,-0.069757961,-18.866259,-28861.955,nan,-16.842844
nan,nan,nan,nan,nan,nan,nan,nan,7.1426244,-26.534571,-0.070218623,-18.963346,-28834.314,nan,-16.927269
nan,nan,nan,nan,nan,nan,nan,nan,7.1357193,-26.60281,-0.070678845,-19.060472,-28806.492,nan,-17.011726
nan,nan,nan,nan,nan,nan,nan,nan,7.1287689,-26.682705,-0.07113862,-19.157639,-28778.49,nan,-17.096214
nan,nan,nan,nan,nan,nan,nan,nan,7.1217732,-26.745543,-0.071597949,-19.254841,-28750.305,nan,-17.180731
nan,nan,nan,nan,nan,nan,nan,nan,7.1147327,-26.793308,-0.072056815,-19.352081,-28721.939,nan,-17.26528
nan,nan,nan,nan,nan,nan,nan,nan,7.1076474,-27.023613,-0.072515234,-19.449362,-28693.393,nan,-17.349857
nan,nan,nan,nan,nan,nan,nan,nan,7.1005173,-27.059723,-0.072973192,-19.546679,-28664.664,nan,-17.434465
nan,nan,nan,nan,nan,nan,nan,nan,7.0933423,-27.106354,-0.073430687,-19.644032,-28635.756,nan,-17.519102
nan,nan,nan,nan,nan,nan,nan,nan,7.0861225,-27.298559,-0.073887721,-19.741425,-28606.666,nan,-17.603769
nan,nan,nan,nan,nan,nan,nan,nan,7.0788574,-27.374758,-0.074344292,-19.838854,-28577.396,nan,-17.688467
nan,nan,nan,nan,nan,nan,nan,nan,7.071548,-27.48991,-0.074800387,-19.936321,-28547.947,nan,-17.773193
nan,nan,nan,nan,nan,nan,nan,nan,7.0641942,-27.553032,-0.075256012,-20.033827,-28518.318,nan,-17.85795
nan,nan,nan,nan,nan,nan,nan,nan,7.0567956,-27.615015,-0.075711161,-20.131371,-28488.508,nan,-17.942738
nan,nan,nan,nan,nan,nan,nan,nan,7.0493522,-27.55616,-0.076165833,-20.228951,-28458.52,nan,-18.027554
nan,nan,nan,nan,nan,nan,nan,nan,7.0418644,-27.807789,-0.07662002,-20.326569,-28428.352,nan,-18.1124
nan,nan,nan,nan,nan,nan,nan,nan,7.0343323,-28.011936,-0.077073723,-20.424223,-28398.004,nan,-18.197275
nan,nan,nan,nan,nan,nan,nan,nan,7.0267553,-28.108892,-0.077526942,-20.521917,-28367.477,nan,-18.282183
nan,nan,nan,nan,nan,nan,nan,nan,7.0191345,-28.212955,-0.077979669,-20.61965,-28336.771,nan,-18.367119
nan,nan,nan,nan,nan,nan,nan,nan,7.0114689,-28.220064,-0.078431904,-20.717419,-28305.887,nan,-18.452085
nan,nan,nan,nan,nan,nan,nan,nan,7.0037594,-28.216652,-0.078883648,-20.815228,-28274.824,nan,-18.537083
nan,nan,nan,nan,nan,nan,nan,nan,6.9960051,-28.400896,-0.079334885,-20.913074,-28243.584,nan,-18.62211
nan,nan,nan,nan,nan,nan,nan,nan,6.9882069,-28.519461,-0.07978563,-21.010962,-28212.166,nan,-18.707169
nan,nan,nan,nan,nan,nan,nan,nan,6.9803648,-28.622387,-0.080235861,-21.108887,-28180.568,nan,-18.792257
nan,nan,nan,nan,nan,nan,nan,nan,6.9724784,-28.617554,-0.080685593,-21.206852,-28148.795,nan,-18.877378
nan,nan,nan,nan,nan,nan,nan,nan,6.9645481,-28.758579,-0.081134811,-21.304855,-28116.842,nan,-18.962532
nan,nan,nan,nan,nan,nan,nan,nan,6.9565735,-28.850986,-0.081583515,-21.402901,-28084.713,nan,-19.047716
nan,nan,nan,nan,nan,nan,nan,nan,6.948555,-28.986042,-0.082031712,-21.500986,-28052.408,nan,-19.132933
nan,nan,nan,nan,nan,nan,nan,nan,6.9404931,-29.064516,-0.08247938,-21.599113,-28019.924,nan,-19.218184
nan,nan,nan,nan,nan,nan,nan,nan,6.9323869,-29.151804,-0.082926534,-21.697281,-27987.266,nan,-19.303465
nan,nan,nan,nan,nan,nan,nan,nan,6.9242368,-29.291979,-0.083373159,-21.79549,-27954.43,nan,-19.388783
nan,nan,nan,nan,nan,nan,nan,nan,6.9160433,-29.381824,-0.083819263,-21.893744,-27921.416,nan,-19.474133
nan,nan,nan,nan,nan,nan,nan,nan,6.9078059,-29.436701,-0.084264837,-21.992039,-27888.229,nan,-19.559517
nan,nan,nan,nan,nan,nan,nan,nan,6.8995252,-29.573177,-0.084709875,-22.090378,-27854.865,nan,-19.644936
nan,nan,nan,nan,nan,nan,nan,nan,6.8912005,-29.656771,-0.085154377,-22.188761,-27821.324,nan,-19.730391
nan,nan,nan,nan,nan,nan,nan,nan,6.8828325,-29.755432,-0.085598342,-22.287189,-27787.609,nan,-19.815882
nan,nan,nan,nan,nan,nan,nan,nan,6.8744211,-29.846416,-0.086041763,-22.385664,-27753.719,nan,-19.901409
nan,nan,nan,nan,nan,nan,nan,nan,6.8659658,-30.001091,-0.086484648,-22.484184,-27719.654,nan,-19.986975
nan,nan,nan,nan,nan,nan,nan,nan,6.8574677,-30.00308,-0.086926982,-22.58275,-27685.414,nan,-20.072577
nan,nan,nan,nan,nan,nan,nan,nan,6.8489261,-30.074163,-0.087368764,-22.681366,-27651,nan,-20.158218
nan,nan,nan,nan,nan,nan,nan,nan,6.8403411,-30.253857,-0.087810002,-22.780029,-27616.412,nan,-20.243898
nan,nan,nan,nan,nan,nan,nan,nan,6.8317127,-30.345695,-0.088250682,-22.878742,-27581.648,nan,-20.329618
nan,nan,nan,nan,nan,nan,nan,nan,6.8230414,-30.454878,-0.088690802,-22.977507,-27546.713,nan,-20.41538
nan,nan,nan,nan,nan,nan,nan,nan,6.8143272,-30.529371,-0.089130364,-23.076323,-27511.602,nan,-20.501183
nan,nan,nan,nan,nan,nan,nan,nan,6.8055696,-30.641964,-0.08956936,-23.17519,-27476.318,nan,-20.587029
nan,nan,nan,nan,nan,nan,nan,nan,6.7967696,-30.618364,-0.090007789,-23.274111,-27440.861,nan,-20.672918
nan,nan,nan,nan,nan,nan,nan,nan,6.7879262,-30.854925,-0.090445653,-23.373087,-27405.23,nan,-20.75885
nan,nan,nan,nan,nan,nan,nan,nan,6.7790399,-30.95046,-0.090882942,-23.472118,-27369.428,nan,-20.844828
nan,nan,nan,nan,nan,nan,nan,nan,6.7701106,-30.981167,-0.091319665,-23.571205,-27333.453,nan,-20.930853
nan,nan,nan,nan,nan,nan,nan,nan,6.7611389,-31.122194,-0.0917558,-23.670351,-27297.307,nan,-21.016924
nan,nan,nan,nan,nan,nan,nan,nan,6.7521243,-31.241327,-0.092191361,-23.769556,-27260.986,nan,-21.103045
nan,nan,nan,nan,nan,nan,nan,nan,6.7430673,-31.327763,-0.092626341,-23.86882,-27224.494,nan,-21.189213
nan,nan,nan,nan,nan,nan,nan,nan,6.7339678,-31.449453,-0.093060732,-23.968147,-27187.832,nan,-21.275433
nan,nan,nan,nan,nan,nan,nan,nan,6.7248254,-31.475897,-0.093494534,-24.067537,-27150.998,nan,-21.361704
nan,nan,nan,nan,nan,nan,nan,nan,6.7156405,-31.64109,-0.093927749,-24.16699,-27113.992,nan,-21.448027
nan,nan,nan,nan,nan,nan,nan,nan,6.7064133,-31.688574,-0.094360374,-24.26651,-27076.814,nan,-21.534405
nan,nan,nan,nan,nan,nan,nan,nan,6.6971436,-31.820501,-0.094792396,-24.366096,-27039.469,nan,-21.620836
nan,nan,nan,nan,nan,nan,nan,nan,6.6878319,-31.977736,-0.095223822,-24.465752,-27001.951,nan,-21.707325
nan,nan,nan,nan,nan,nan,nan,nan,6.6784778,-32.077534,-0.095654644,-24.565475,-26964.264,nan,-21.793873
nan,nan,nan,nan,nan,nan,nan,nan,6.6690812,-32.183586,-0.096084863,-24.665272,-26926.404,nan,-21.880478
nan,nan,nan,nan,nan,nan,nan,nan,6.6596432,-32.265759,-0.096514478,-24.765142,-26888.377,nan,-21.967146
nan,nan,nan,nan,nan,nan,nan,nan,6.6501627,-32.271446,-0.096943483,-24.865088,-26850.18,nan,-22.053873
nan,nan,nan,nan,nan,nan,nan,nan,6.6406403,-32.420715,-0.097371869,-24.965109,-26811.814,nan,-22.140665
nan,nan,nan,nan,nan,nan,nan,nan,6.6310754,-32.435501,-0.097799644,-25.065208,-26773.279,nan,-22.227524
nan,nan,nan,nan,nan,nan,nan,nan,6.621469,-32.619747,-0.098226801,-25.165388,-26734.574,nan,-22.314445
nan,nan,nan,nan,nan,nan,nan,nan,6.6118212,-32.707603,-0.098653339,-25.265652,-26695.703,nan,-22.401438
nan,nan,nan,nan,nan,nan,nan,nan,6.6021314,-32.803707,-0.099079251,-25.365997,-26656.662,nan,-22.488499
nan,nan,nan,nan,nan,nan,nan,nan,6.5923996,-33.013256,-0.099504538,-25.466429,-26617.453,nan,-22.575632
nan,nan,nan,nan,nan,nan,nan,nan,6.5826263,-32.998184,-0.099929199,-25.566946,-26578.076,nan,-22.662836
nan,nan,nan,nan,nan,nan,nan,nan,6.5728116,-33.155704,-0.10035323,-25.667555,-26538.533,nan,-22.750116
nan,nan,nan,nan,nan,nan,nan,nan,6.5629549,-33.196648,-0.10077662,-25.768255,-26498.82,nan,-22.837473
nan,nan,nan,nan,nan,nan,nan,nan,6.5530572,-33.359852,-0.10119937,-25.869049,-26458.943,nan,-22.924908
nan,nan,nan,nan,nan,nan,nan,nan,6.543118,-33.421833,-0.10162149,-25.969938,-26418.896,nan,-23.012423
nan,nan,nan,nan,nan,nan,nan,nan,6.5331373,-33.556038,-0.10204297,-26.070927,-26378.686,nan,-23.100019
nan,nan,nan,nan,nan,nan,nan,nan,6.5231156,-33.67915,-0.1024638,-26.172014,-26338.307,nan,-23.1877
nan,nan,nan,nan,nan,nan,nan,nan,6.5130525,-33.72834,-0.10288398,-26.273205,-26297.764,nan,-23.275467
nan,nan,nan,nan,nan,nan,nan,nan,6.5029483,-33.90263,-0.10330351,-26.374498,-26257.055,nan,-23.363319
nan,nan,nan,nan,nan,nan,nan,nan,6.4928031,-33.883297,-0.10372239,-26.475901,-26216.178,nan,-23.451263
nan,nan,nan,nan,nan,nan,nan,nan,6.4826169,-34.135494,-0.10414062,-26.57741,-26175.139,nan,-23.539299
nan,nan,nan,nan,nan,nan,nan,nan,6.4723897,-34.207146,-0.10455818,-26.679033,-26133.932,nan,-23.62743
nan,nan,nan,nan,nan,nan,nan,nan,6.4621215,-34.246952,-0.10497509,-26.780769,-26092.562,nan,-23.715654
nan,nan,nan,nan,nan,nan,nan,nan,6.4518127,-34.381439,-0.10539133,-26.882622,-26051.027,nan,-23.803978
nan,nan,nan,nan,nan,nan,nan,nan,6.441463,-34.516777,-0.10580691,-26.984594,-26009.328,nan,-23.892403
nan,nan,nan,nan,nan,nan,nan,nan,6.4310727,-34.591557,-0.10622182,-27.086687,-25967.467,nan,-23.980928
nan,nan,nan,nan,nan,nan,nan,nan,6.4206419,-34.649845,-0.10663605,-27.188906,-25925.439,nan,-24.069559
nan,nan,nan,nan,nan,nan,nan,nan,6.4101701,-34.834656,-0.10704961,-27.29125,-25883.25,nan,-24.158298
nan,nan,nan,nan,nan,nan,nan,nan,6.3996582,-34.866501,-0.1074625,-27.393723,-25840.896,nan,-24.247145
nan,nan,nan,nan,nan,nan,nan,nan,6.3891058,-34.989616,-0.10787471,-27.49633,-25798.381,nan,-24.336105
nan,nan,nan,nan,nan,nan,nan,nan,6.3785129,-35.037666,-0.10828624,-27.599072,-25755.701,nan,-24.425179
nan,nan,nan,nan,nan,nan,nan,nan,6.3678799,-35.30209,-0.10869708,-27.70195,-25712.861,nan,-24.514368
nan,nan,nan,nan,nan,nan,nan,nan,6.3572063,-35.234707,-0.10910724,-27.804968,-25669.857,nan,-24.603678
nan,nan,nan,nan,nan,nan,nan,nan,6.3464932,-35.466717,-0.1095167,-27.908131,-25626.693,nan,-24.69311
nan,nan,nan,nan,nan,nan,nan,nan,6.3357396,-35.503963,-0.10992548,-28.01144,-25583.367,nan,-24.782663
nan,nan,nan,nan,nan,nan,nan,nan,6.3249459,-35.653519,-0.11033356,-28.114899,-25539.881,nan,-24.872345
nan,nan,nan,nan,nan,nan,nan,nan,6.3141122,-35.734554,-0.11074094,-28.21851,-25496.232,nan,-24.962156
nan,nan,nan,nan,nan,nan,nan,nan,6.3032389,-35.844585,-0.11114763,-28.322275,-25452.422,nan,-25.052099
nan,nan,nan,nan,nan,nan,nan,nan,6.2923255,-35.914532,-0.11155361,-28.426199,-25408.453,nan,-25.142176
nan,nan,nan,nan,nan,nan,nan,nan,6.2813725,-36.06039,-0.11195888,-28.530283,-25364.322,nan,-25.232389
nan,nan,nan,nan,nan,nan,nan,nan,6.27038,-36.116974,-0.11236345,-28.634533,-25320.033,nan,-25.322744
nan,nan,nan,nan,nan,nan,nan,nan,6.2593479,-36.277332,-0.11276731,-28.738949,-25275.584,nan,-25.41324
nan,nan,nan,nan,nan,nan,nan,nan,6.2482758,-36.438549,-0.11317046,-28.843536,-25230.977,nan,-25.503883
nan,nan,nan,nan,nan,nan,nan,nan,6.2371645,-36.535786,-0.11357289,-28.948299,-25186.209,nan,-25.594673
nan,nan,nan,nan,nan,nan,nan,nan,6.2260141,-36.495411,-0.1139746,-29.053238,-25141.283,nan,-25.685616
nan,nan,nan,nan,nan,nan,nan,nan,6.2148237,-36.677952,-0.1143756,-29.158358,-25096.197,nan,-25.776711
nan,nan,nan,nan,nan,nan,nan,nan,6.2035947,-36.906265,-0.11477587,-29.26366,-25050.955,nan,-25.867962
nan,nan,nan,nan,nan,nan,nan,nan,6.1923261,-36.905983,-0.11517542,-29.36915,-25005.555,nan,-25.959373
nan,nan,nan,nan,nan,nan,nan,nan,6.1810188,-37.026821,-0.11557423,-29.474831,-24959.996,nan,-26.050949
nan,nan,nan,nan,nan,nan,nan,nan,6.169672,-37.129177,-0.11597233,-29.580704,-24914.279,nan,-26.142689
nan,nan,nan,nan,nan,nan,nan,nan,6.1582866,-37.280441,-0.11636968,-29.686777,-24868.408,nan,-26.234598
nan,nan,nan,nan,nan,nan,nan,nan,6.146862,-37.359768,-0.1167663,-29.793049,-24822.379,nan,-26.326677
nan,nan,nan,nan,nan,nan,nan,nan,6.1353989,-37.464401,-0.11716218,-29.899525,-24776.193,nan,-26.418932
nan,nan,nan,nan,nan,nan,nan,nan,6.1238966,-37.544296,-0.11755732,-30.006208,-24729.85,nan,-26.511366
nan,nan,nan,nan,nan,nan,nan,nan,6.1123557,-37.722286,-0.11795172,-30.113104,-24683.354,nan,-26.603979
nan,nan,nan,nan,nan,nan,nan,nan,6.1007767,-37.854496,-0.11834538,-30.220215,-24636.699,nan,-26.696777
nan,nan,nan,nan,nan,nan,nan,nan,6.0891585,-37.831184,-0.11873829,-30.327543,-24589.891,nan,-26.789761
nan,nan,nan,nan,nan,nan,nan,nan,6.0775023,-38.042721,-0.11913044,-30.435093,-24542.928,nan,-26.882936
nan,nan,nan,nan,nan,nan,nan,nan,6.0658073,-37.990974,-0.11952185,-30.542868,-24495.809,nan,-26.976303
nan,nan,nan,nan,nan,nan,nan,nan,6.0540743,-38.220142,-0.1199125,-30.650873,-24448.537,nan,-27.069868
nan,nan,nan,nan,nan,nan,nan,nan,6.0423031,-38.334442,-0.12030239,-30.759111,-24401.109,nan,-27.163633
nan,nan,nan,nan,nan,nan,nan,nan,6.0304937,-38.513,-0.12069152,-30.867586,-24353.529,nan,-27.257601
nan,nan,nan,nan,nan,nan,nan,nan,6.0186462,-38.593464,-0.12107988,-30.976299,-24305.795,nan,-27.351774
nan,nan,nan,nan,nan,nan,nan,nan,6.0067606,-38.717716,-0.12146749,-31.085258,-24257.908,nan,-27.446157
nan,nan,nan,nan,nan,nan,nan,nan,5.9948368,-38.826328,-0.12185433,-31.194466,-24209.867,nan,-27.540754
nan,nan,nan,nan,nan,nan,nan,nan,5.9828753,-38.976738,-0.12224039,-31.303923,-24161.676,nan,-27.635567
nan,nan,nan,nan,nan,nan,nan,nan,5.9708762,-39.094448,-0.12262569,-31.413635,-24113.33,nan,-27.730597
nan,nan,nan,nan,nan,nan,nan,nan,5.9588394,-39.141647,-0.1230102,-31.523607,-24064.834,nan,-27.825851
nan,nan,nan,nan,nan,nan,nan,nan,5.9467649,-39.174629,-0.12339395,-31.633842,-24016.186,nan,-27.921331
nan,nan,nan,nan,nan,nan,nan,nan,5.9346528,-39.351196,-0.12377691,-31.744343,-23967.385,nan,-28.017042
nan,nan,nan,nan,nan,nan,nan,nan,5.922503,-39.518951,-0.12415909,-31.855114,-23918.434,nan,-28.112986
nan,nan,nan,nan,nan,nan,nan,nan,5.910316,-39.59856,-0.12454049,-31.96616,-23869.332,nan,-28.209164
nan,nan,nan,nan,nan,nan,nan,nan,5.8980918,-39.735607,-0.1249211,-32.077484,-23820.08,nan,-28.305582
nan,nan,nan,nan,nan,nan,nan,nan,5.8858299,-39.758068,-0.12530091,-32.189091,-23770.68,nan,-28.402243
nan,nan,nan,nan,nan,nan,nan,nan,5.8735313,-39.948002,-0.12567994,-32.300983,-23721.127,nan,-28.499151
nan,nan,nan,nan,nan,nan,nan,nan,5.8611956,-40.10836,-0.12605818,-32.413162,-23671.426,nan,-28.596308
nan,nan,nan,nan,nan,nan,nan,nan,5.8488226,-40.204178,-0.12643562,-32.525639,-23621.574,nan,-28.693718
nan,nan,nan,nan,nan,nan,nan,nan,5.8364129,-40.261612,-0.12681226,-32.638412,-23571.576,nan,-28.791386
nan,nan,nan,nan,nan,nan,nan,nan,5.823966,-40.49192,-0.1271881,-32.751484,-23521.428,nan,-28.889311
nan,nan,nan,nan,nan,nan,nan,nan,5.8114824,-40.610199,-0.12756313,-32.864864,-23471.131,nan,-28.987501
nan,nan,nan,nan,nan,nan,nan,nan,5.7989621,-40.559872,-0.12793736,-32.97855,-23420.688,nan,-29.085958
nan,nan,nan,nan,nan,nan,nan,nan,5.7864056,-40.742126,-0.12831078,-33.092552,-23370.096,nan,-29.184685
nan,nan,nan,nan,nan,nan,nan,nan,5.7738118,-40.861828,-0.12868339,-33.206867,-23319.357,nan,-29.283686
nan,nan,nan,nan,nan,nan,nan,nan,5.7611823,-41.039818,-0.12905519,-33.321507,-23268.471,nan,-29.382963
nan,nan,nan,nan,nan,nan,nan,nan,5.7485161,-41.095829,-0.12942617,-33.43647,-23217.438,nan,-29.482521
nan,nan,nan,nan,nan,nan,nan,nan,5.7358131,-41.223492,-0.12979633,-33.551762,-23166.26,nan,-29.582363
nan,nan,nan,nan,nan,nan,nan,nan,5.7230744,-41.366795,-0.13016568,-33.667385,-23114.936,nan,-29.682491
nan,nan,nan,nan,nan,nan,nan,nan,5.7102995,-41.432472,-0.1305342,-33.783344,-23063.465,nan,-29.782909
nan,nan,nan,nan,nan,nan,nan,nan,5.6974883,-41.63065,-0.13090189,-33.899643,-23011.848,nan,-29.883623
nan,nan,nan,nan,nan,nan,nan,nan,5.6846414,-41.672729,-0.13126877,-34.016285,-22960.088,nan,-29.984634
nan,nan,nan,nan,nan,nan,nan,nan,5.6717587,-41.921234,-0.1316348,-34.133274,-22908.182,nan,-30.085945
nan,nan,nan,nan,nan,nan,nan,nan,5.6588397,-41.949383,-0.13200001,-34.250618,-22856.133,nan,-30.187561
nan,nan,nan,nan,nan,nan,nan,nan,5.6458855,-42.125664,-0.13236439,-34.368313,-22803.939,nan,-30.289484
nan,nan,nan,nan,nan,nan,nan,nan,5.632895,-42.21608,-0.13272792,-34.48637,-22751.602,nan,-30.391718
nan,nan,nan,nan,nan,nan,nan,nan,5.6198692,-42.433022,-0.13309063,-34.60479,-22699.121,nan,-30.494265
nan,nan,nan,nan,nan,nan,nan,nan,5.6068082,-42.435295,-0.13345249,-34.723576,-22646.496,nan,-30.59713
nan,nan,nan,nan,nan,nan,nan,nan,5.5937114,-42.484768,-0.1338135,-34.842728,-22593.73,nan,-30.700315
nan,nan,nan,nan,nan,nan,nan,nan,5.5805793,-42.765686,-0.13417368,-34.962257,-22540.82,nan,-30.803825
nan,nan,nan,nan,nan,nan,nan,nan,5.5674124,-42.958744,-0.13453299,-35.082165,-22487.77,nan,-30.907663
nan,nan,nan,nan,nan,nan,nan,nan,5.5542097,-42.940548,-0.13489147,-35.202454,-22434.578,nan,-31.011829
nan,nan,nan,nan,nan,nan,nan,nan,5.5409722,-43.102329,-0.13524909,-35.323124,-22381.244,nan,-31.116331
nan,nan,nan,nan,nan,nan,nan,nan,5.5276999,-43.163174,-0.13560586,-35.444183,-22327.77,nan,-31.221169
nan,nan,nan,nan,nan,nan,nan,nan,5.5143924,-43.416794,-0.13596176,-35.565639,-22274.152,nan,-31.326347
nan,nan,nan,nan,nan,nan,nan,nan,5.50105,-43.436981,-0.13631681,-35.687485,-22220.396,nan,-31.431868
nan,nan,nan,nan,nan,nan,nan,nan,5.4876733,-43.540478,-0.13667101,-35.809734,-22166.5,nan,-31.537735
nan,nan,nan,nan,nan,nan,nan,nan,5.4742618,-43.607864,-0.13702433,-35.932381,-22112.465,nan,-31.643951
nan,nan,nan,nan,nan,nan,nan,nan,5.4608154,-43.867737,-0.13737679,-36.055439,-22058.291,nan,-31.750521
nan,nan,nan,nan,nan,nan,nan,nan,5.4473348,-43.901005,-0.13772838,-36.178902,-22003.977,nan,-31.857445
nan,nan,nan,nan,nan,nan,nan,nan,5.4338193,-44.028381,-0.13807911,-36.30278,-21949.523,nan,-31.964727
nan,nan,nan,nan,nan,nan,nan,nan,5.42027,-44.223431,-0.13842896,-36.427074,-21894.932,nan,-32.072372
nan,nan,nan,nan,nan,nan,nan,nan,5.4066863,-44.333752,-0.13877793,-36.551788,-21840.203,nan,-32.180382
nan,nan,nan,nan,nan,nan,nan,nan,5.3930683,-44.501221,-0.13912603,-36.676922,-21785.338,nan,-32.288757
nan,nan,nan,nan,nan,nan,nan,nan,5.3794165,-44.516003,-0.13947324,-36.802483,-21730.334,nan,-32.397503
nan,nan,nan,nan,nan,nan,nan,nan,5.3657308,-44.703091,-0.13981958,-36.928474,-21675.193,nan,-32.506622
nan,nan,nan,nan,nan,nan,nan,nan,5.3520107,-44.822224,-0.14016505,-37.054897,-21619.916,nan,-32.616116
nan,nan,nan,nan,nan,nan,nan,nan,5.3382573,-45.002487,-0.14050961,-37.181755,-21564.502,nan,-32.72599
nan,nan,nan,nan,nan,nan,nan,nan,5.3244696,-45.082954,-0.14085329,-37.309048,-21508.953,nan,-32.836246
nan,nan,nan,nan,nan,nan,nan,nan,5.3106489,-45.264637,-0.14119609,-37.436787,-21453.268,nan,-32.946884
nan,nan,nan,nan,nan,nan,nan,nan,5.2967944,-45.361027,-0.14153798,-37.564968,-21397.447,nan,-33.057907
nan,nan,nan,nan,nan,nan,nan,nan,5.2829065,-45.495228,-0.14187899,-37.693596,-21341.494,nan,-33.169323
nan,nan,nan,nan,nan,nan,nan,nan,5.2689848,-45.586781,-0.1422191,-37.822674,-21285.404,nan,-33.281128
nan,nan,nan,nan,nan,nan,nan,nan,5.2550306,-45.760506,-0.14255831,-37.952206,-21229.182,nan,-33.39333
nan,nan,nan,nan,nan,nan,nan,nan,5.2410426,-45.757946,-0.14289662,-38.082188,-21172.824,nan,-33.505924
nan,nan,nan,nan,nan,nan,nan,nan,5.2270217,-45.986263,-0.14323403,-38.212635,-21116.334,nan,-33.618919
nan,nan,nan,nan,nan,nan,nan,nan,5.2129679,-46.101414,-0.14357053,-38.343536,-21059.711,nan,-33.732315
nan,nan,nan,nan,nan,nan,nan,nan,5.1988807,-46.311531,-0.14390612,-38.474903,-21002.953,nan,-33.846115
nan,nan,nan,nan,nan,nan,nan,nan,5.184761,-46.352474,-0.14424081,-38.606739,-20946.066,nan,-33.960323
nan,nan,nan,nan,nan,nan,nan,nan,5.1706085,-46.452843,-0.14457458,-38.73904,-20889.045,nan,-34.074936
nan,nan,nan,nan,nan,nan,nan,nan,5.1564236,-46.636517,-0.14490744,-38.871811,-20831.893,nan,-34.18996
nan,nan,nan,nan,nan,nan,nan,nan,5.1422057,-46.849762,-0.1452394,-39.005054,-20774.609,nan,-34.305397
nan,nan,nan,nan,nan,nan,nan,nan,5.1279559,-46.848343,-0.14557043,-39.138771,-20717.195,nan,-34.421246
nan,nan,nan,nan,nan,nan,nan,nan,5.1136732,-47.136364,-0.14590053,-39.272968,-20659.65,nan,-34.537514
nan,nan,nan,nan,nan,nan,nan,nan,5.0993581,-47.143757,-0.14622971,-39.407642,-20601.977,nan,-34.654198
nan,nan,nan,nan,nan,nan,nan,nan,5.085011,-47.293884,-0.14655799,-39.542797,-20544.172,nan,-34.771301
nan,nan,nan,nan,nan,nan,nan,nan,5.070632,-47.509972,-0.14688532,-39.678436,-20486.238,nan,-34.888828
nan,nan,nan,nan,nan,nan,nan,nan,5.056221,-47.61631,-0.14721173,-39.81456,-20428.176,nan,-35.006779
nan,nan,nan,nan,nan,nan,nan,nan,5.0417776,-47.710709,-0.1475372,-39.951168,-20369.984,nan,-35.125153
nan,nan,nan,nan,nan,nan,nan,nan,5.0273027,-47.956081,-0.14786175,-40.088264,-20311.664,nan,-35.24395
nan,nan,nan,nan,nan,nan,nan,nan,5.0127959,-48.067253,-0.14818537,-40.225853,-20253.215,nan,-35.363178
nan,nan,nan,nan,nan,nan,nan,nan,4.9982572,-48.1716,-0.14850804,-40.363934,-20194.641,nan,-35.482838
nan,nan,nan,nan,nan,nan,nan,nan,4.9836874,-48.331676,-0.14882979,-40.502502,-20135.938,nan,-35.602924
nan,nan,nan,nan,nan,nan,nan,nan,4.9690857,-48.396503,-0.14915058,-40.641567,-20077.107,nan,-35.723446
nan,nan,nan,nan,nan,nan,nan,nan,4.954453,-48.60236,-0.14947043,-40.781128,-20018.152,nan,-35.844398
nan,nan,nan,nan,nan,nan,nan,nan,4.9397888,-48.73912,-0.14978935,-40.921188,-19959.07,nan,-35.965786
nan,nan,nan,nan,nan,nan,nan,nan,4.9250937,-48.909431,-0.15010731,-41.061741,-19899.861,nan,-36.087608
nan,nan,nan,nan,nan,nan,nan,nan,4.910367,-49.029701,-0.15042433,-41.202797,-19840.529,nan,-36.209869
nan,nan,nan,nan,nan,nan,nan,nan,4.8956094,-49.209682,-0.1507404,-41.344349,-19781.07,nan,-36.332565
nan,nan,nan,nan,nan,nan,nan,nan,4.8808212,-49.378002,-0.15105551,-41.486404,-19721.488,nan,-36.4557
nan,nan,nan,nan,nan,nan,nan,nan,4.8660016,-49.511921,-0.15136968,-41.628956,-19661.781,nan,-36.579273
nan,nan,nan,nan,nan,nan,nan,nan,4.8511519,-49.486332,-0.15168288,-41.772015,-19601.951,nan,-36.703285
nan,nan,nan,nan,nan,nan,nan,nan,4.8362713,-49.772079,-0.15199512,-41.915573,-19541.996,nan,-36.82774
nan,nan,nan,nan,nan,nan,nan,nan,4.8213601,-49.887516,-0.15230641,-42.059635,-19481.918,nan,-36.952629
nan,nan,nan,nan,nan,nan,nan,nan,4.8064184,-49.968266,-0.15261674,-42.204197,-19421.719,nan,-37.077965
nan,nan,nan,nan,nan,nan,nan,nan,4.7914462,-50.114979,-0.15292609,-42.349266,-19361.396,nan,-37.203739
nan,nan,nan,nan,nan,nan,nan,nan,4.776444,-50.231552,-0.15323448,-42.494835,-19300.953,nan,-37.329956
nan,nan,nan,nan,nan,nan,nan,nan,4.7614117,-50.418072,-0.15354191,-42.640911,-19240.387,nan,-37.456612
nan,nan,nan,nan,nan,nan,nan,nan,4.7463489,-50.63274,-0.15384836,-42.787487,-19179.699,nan,-37.583714
nan,nan,nan,nan,nan,nan,nan,nan,4.7312565,-50.775188,-0.15415385,-42.93457,-19118.891,nan,-37.71125
nan,nan,nan,nan,nan,nan,nan,nan,4.7161341,-50.891193,-0.15445836,-43.082153,-19057.963,nan,-37.839233
nan,nan,nan,nan,nan,nan,nan,nan,4.7009821,-51.069183,-0.1547619,-43.23024,-18996.914,nan,-37.967655
nan,nan,nan,nan,nan,nan,nan,nan,4.6858001,-51.110409,-0.15506445,-43.378826,-18935.748,nan,-38.096519
nan,nan,nan,nan,nan,nan,nan,nan,4.6705885,-51.367157,-0.15536602,-43.527916,-18874.461,nan,-38.225822
nan,nan,nan,nan,nan,nan,nan,nan,4.6553478,-51.487427,-0.15566662,-43.677505,-18813.055,nan,-38.355568
nan,nan,nan,nan,nan,nan,nan,nan,4.6400771,-51.678497,-0.15596622,-43.827599,-18751.529,nan,-38.485748
nan,nan,nan,nan,nan,nan,nan,nan,4.6247778,-51.794216,-0.15626486,-43.978184,-18689.887,nan,-38.616371
nan,nan,nan,nan,nan,nan,nan,nan,4.6094489,-51.930981,-0.15656249,-44.129272,-18628.127,nan,-38.747429
nan,nan,nan,nan,nan,nan,nan,nan,4.5940905,-52.212463,-0.15685914,-44.280853,-18566.248,nan,-38.878925
nan,nan,nan,nan,nan,nan,nan,nan,4.5787034,-52.210758,-0.1571548,-44.432934,-18504.254,nan,-39.010857
nan,nan,nan,nan,nan,nan,nan,nan,4.5632877,-52.33131,-0.15744947,-44.585506,-18442.143,nan,-39.143223
nan,nan,nan,nan,nan,nan,nan,nan,4.547843,-52.525509,-0.15774313,-44.738571,-18379.916,nan,-39.27602
nan,nan,nan,nan,nan,nan,nan,nan,4.5323691,-52.641228,-0.1580358,-44.892124,-18317.572,nan,-39.409248
nan,nan,nan,nan,nan,nan,nan,nan,4.5168672,-52.810402,-0.15832748,-45.046169,-18255.115,nan,-39.542912
nan,nan,nan,nan,nan,nan,nan,nan,4.5013366,-53.000336,-0.15861815,-45.200699,-18192.541,nan,-39.677002
nan,nan,nan,nan,nan,nan,nan,nan,4.4857774,-53.129135,-0.15890783,-45.355717,-18129.854,nan,-39.81152
nan,nan,nan,nan,nan,nan,nan,nan,4.47019,-53.263622,-0.1591965,-45.511215,-18067.053,nan,-39.946461
nan,nan,nan,nan,nan,nan,nan,nan,4.4545741,-53.487103,-0.15948416,-45.667194,-18004.137,nan,-40.081829
nan,nan,nan,nan,nan,nan,nan,nan,4.4389305,-53.588322,-0.15977082,-45.82365,-17941.107,nan,-40.217617
nan,nan,nan,nan,nan,nan,nan,nan,4.4232588,-53.628983,-0.16005647,-45.980587,-17877.965,nan,-40.353825
nan,nan,nan,nan,nan,nan,nan,nan,4.4075589,-53.964489,-0.1603411,-46.137993,-17814.711,nan,-40.490448
nan,nan,nan,nan,nan,nan,nan,nan,4.3918309,-54.044952,-0.16062473,-46.295868,-17751.344,nan,-40.627491
nan,nan,nan,nan,nan,nan,nan,nan,4.3760757,-54.239147,-0.16090733,-46.454212,-17687.865,nan,-40.764942
nan,nan,nan,nan,nan,nan,nan,nan,4.3602929,-54.384155,-0.16118893,-46.613018,-17624.275,nan,-40.902805
nan,nan,nan,nan,nan,nan,nan,nan,4.3444819,-54.506416,-0.16146949,-46.772285,-17560.574,nan,-41.041077
nan,nan,nan,nan,nan,nan,nan,nan,4.3286443,-54.742123,-0.16174905,-46.932014,-17496.762,nan,-41.179752
nan,nan,nan,nan,nan,nan,nan,nan,4.3127789,-54.811783,-0.16202758,-47.092194,-17432.842,nan,-41.318829
nan,nan,nan,nan,nan,nan,nan,nan,4.296886,-54.967312,-0.16230509,-47.252823,-17368.809,nan,-41.458305
nan,nan,nan,nan,nan,nan,nan,nan,4.2809663,-55.233158,-0.16258156,-47.413902,-17304.668,nan,-41.598175
nan,nan,nan,nan,nan,nan,nan,nan,4.2650199,-55.277798,-0.16285703,-47.575424,-17240.418,nan,-41.738441
nan,nan,nan,nan,nan,nan,nan,nan,4.2490458,-55.385555,-0.16313145,-47.737385,-17176.061,nan,-41.879093
nan,nan,nan,nan,nan,nan,nan,nan,4.2330456,-55.657944,-0.16340485,-47.89978,-17111.594,nan,-42.020134
nan,nan,nan,nan,nan,nan,nan,nan,4.2170181,-55.817451,-0.16367722,-48.062607,-17047.02,nan,-42.161552
nan,nan,nan,nan,nan,nan,nan,nan,4.200964,-55.952789,-0.16394854,-48.225861,-16982.338,nan,-42.303352
nan,nan,nan,nan,nan,nan,nan,nan,4.1848836,-56.168312,-0.16421883,-48.389534,-16917.551,nan,-42.445526
nan,nan,nan,nan,nan,nan,nan,nan,4.1687765,-56.249344,-0.16448809,-48.553627,-16852.654,nan,-42.58807
nan,nan,nan,nan,nan,nan,nan,nan,4.1526437,-56.391224,-0.1647563,-48.718132,-16787.654,nan,-42.730984
nan,nan,nan,nan,nan,nan,nan,nan,4.1364841,-56.570065,-0.16502348,-48.883041,-16722.547,nan,-42.874256
nan,nan,nan,nan,nan,nan,nan,nan,4.1202984,-56.647686,-0.16528961,-49.048355,-16657.336,nan,-43.017887
nan,nan,nan,nan,nan,nan,nan,nan,4.1040869,-56.991722,-0.1655547,-49.214069,-16592.02,nan,-43.161873
nan,nan,nan,nan,nan,nan,nan,nan,4.0878491,-57.064793,-0.16581875,-49.380173,-16526.598,nan,-43.306206
nan,nan,nan,nan,nan,nan,nan,nan,4.0715857,-57.230274,-0.16608174,-49.546661,-16461.072,nan,-43.450886
nan,nan,nan,nan,nan,nan,nan,nan,4.0552969,-57.348553,-0.16634369,-49.713531,-16395.443,nan,-43.595905
nan,nan,nan,nan,nan,nan,nan,nan,4.0389819,-57.542747,-0.16660458,-49.880775,-16329.711,nan,-43.741257
nan,nan,nan,nan,nan,nan,nan,nan,4.0226417,-57.668423,-0.16686442,-50.048393,-16263.876,nan,-43.88694
nan,nan,nan,nan,nan,nan,nan,nan,4.0062761,-57.918629,-0.16712321,-50.21637,-16197.938,nan,-44.032944
nan,nan,nan,nan,nan,nan,nan,nan,3.9898851,-58.023262,-0.16738094,-50.384705,-16131.899,nan,-44.179272
nan,nan,nan,nan,nan,nan,nan,nan,3.973469,-58.232529,-0.16763762,-50.553387,-16065.759,nan,-44.325912
nan,nan,nan,nan,nan,nan,nan,nan,3.9570277,-58.351944,-0.16789323,-50.722416,-15999.517,nan,-44.472858
nan,nan,nan,nan,nan,nan,nan,nan,3.9405615,-58.504913,-0.16814779,-50.891785,-15933.174,nan,-44.62011
nan,nan,nan,nan,nan,nan,nan,nan,3.9240704,-58.741756,-0.16840129,-51.061481,-15866.731,nan,-44.767658
nan,nan,nan,nan,nan,nan,nan,nan,3.9075544,-58.911785,-0.16865371,-51.231499,-15800.188,nan,-44.915497
nan,nan,nan,nan,nan,nan,nan,nan,3.8910139,-59.005898,-0.16890508,-51.401836,-15733.546,nan,-45.063622
nan,nan,nan,nan,nan,nan,nan,nan,3.8744488,-59.281696,-0.16915537,-51.572483,-15666.805,nan,-45.212021
nan,nan,nan,nan,nan,nan,nan,nan,3.8578591,-59.449734,-0.16940461,-51.743431,-15599.965,nan,-45.360695
nan,nan,nan,nan,nan,nan,nan,nan,3.8412449,-59.575691,-0.16965276,-51.914673,-15533.027,nan,-45.509636
nan,nan,nan,nan,nan,nan,nan,nan,3.8246067,-59.622887,-0.16989985,-52.086205,-15465.991,nan,-45.658836
nan,nan,nan,nan,nan,nan,nan,nan,3.8079443,-59.786377,-0.17014587,-52.258015,-15398.858,nan,-45.808289
nan,nan,nan,nan,nan,nan,nan,nan,3.7912579,-60.014408,-0.1703908,-52.430096,-15331.628,nan,-45.957989
nan,nan,nan,nan,nan,nan,nan,nan,3.7745473,-60.277409,-0.17063466,-52.60244,-15264.302,nan,-46.107929
nan,nan,nan,nan,nan,nan,nan,nan,3.757813,-60.465919,-0.17087744,-52.775036,-15196.879,nan,-46.258099
nan,nan,nan,nan,nan,nan,nan,nan,3.741055,-60.613201,-0.17111915,-52.947884,-15129.36,nan,-46.408493
nan,nan,nan,nan,nan,nan,nan,nan,3.7242732,-60.664665,-0.17135978,-53.120968,-15061.747,nan,-46.559105
nan,nan,nan,nan,nan,nan,nan,nan,3.707468,-60.908901,-0.17159931,-53.294281,-14994.039,nan,-46.70993
nan,nan,nan,nan,nan,nan,nan,nan,3.6906395,-60.946148,-0.17183776,-53.467815,-14926.236,nan,-46.860958
nan,nan,nan,nan,nan,nan,nan,nan,3.6737876,-61.140911,-0.17207514,-53.641563,-14858.34,nan,-47.01218
nan,nan,nan,nan,nan,nan,nan,nan,3.6569123,-61.44685,-0.17231143,-53.815514,-14790.35,nan,-47.163589
nan,nan,nan,nan,nan,nan,nan,nan,3.6400142,-61.597542,-0.17254663,-53.989658,-14722.267,nan,-47.315178
nan,nan,nan,nan,nan,nan,nan,nan,3.6230929,-61.809933,-0.17278072,-54.163986,-14654.091,nan,-47.466938
nan,nan,nan,nan,nan,nan,nan,nan,3.606149,-61.931911,-0.17301373,-54.338493,-14585.822,nan,-47.618862
nan,nan,nan,nan,nan,nan,nan,nan,3.5891819,-62.122128,-0.17324565,-54.513161,-14517.463,nan,-47.770943
nan,nan,nan,nan,nan,nan,nan,nan,3.5721924,-62.275093,-0.17347649,-54.687988,-14449.012,nan,-47.923168
nan,nan,nan,nan,nan,nan,nan,nan,3.5551803,-62.482368,-0.17370622,-54.862961,-14380.47,nan,-48.075535
nan,nan,nan,nan,nan,nan,nan,nan,3.5381458,-62.613445,-0.17393485,-55.038067,-14311.837,nan,-48.228027
nan,nan,nan,nan,nan,nan,nan,nan,3.5210888,-62.741959,-0.17416237,-55.213303,-14243.115,nan,-48.380642
nan,nan,nan,nan,nan,nan,nan,nan,3.5040097,-62.85228,-0.17438881,-55.388653,-14174.303,nan,-48.533371
nan,nan,nan,nan,nan,nan,nan,nan,3.4869084,-63.064671,-0.17461415,-55.56411,-14105.401,nan,-48.686203
nan,nan,nan,nan,nan,nan,nan,nan,3.469785,-63.329666,-0.17483838,-55.739658,-14036.411,nan,-48.83913
nan,nan,nan,nan,nan,nan,nan,nan,3.4526398,-63.369755,-0.17506149,-55.915295,-13967.333,nan,-48.992142
nan,nan,nan,nan,nan,nan,nan,nan,3.4354727,-63.676544,-0.17528352,-56.091003,-13898.167,nan,-49.145229
nan,nan,nan,nan,nan,nan,nan,nan,3.4182839,-63.803638,-0.17550443,-56.266773,-13828.913,nan,-49.298382
nan,nan,nan,nan,nan,nan,nan,nan,3.4010735,-64.087967,-0.17572422,-56.442596,-13759.572,nan,-49.451595
nan,nan,nan,nan,nan,nan,nan,nan,3.3838418,-64.209091,-0.17594293,-56.618462,-13690.146,nan,-49.604851
nan,nan,nan,nan,nan,nan,nan,nan,3.3665886,-64.282448,-0.1761605,-56.794353,-13620.632,nan,-49.758148
nan,nan,nan,nan,nan,nan,nan,nan,3.349314,-64.631317,-0.17637697,-56.970264,-13551.033,nan,-49.911472
nan,nan,nan,nan,nan,nan,nan,nan,3.3320184,-64.700119,-0.17659232,-57.146183,-13481.349,nan,-50.064816
nan,nan,nan,nan,nan,nan,nan,nan,3.3147018,-64.827499,-0.17680655,-57.322094,-13411.579,nan,-50.218163
nan,nan,nan,nan,nan,nan,nan,nan,3.297364,-65.000374,-0.17701969,-57.49799,-13341.727,nan,-50.37151
nan,nan,nan,nan,nan,nan,nan,nan,3.2800057,-65.279869,-0.17723168,-57.673855,-13271.789,nan,-50.524845
nan,nan,nan,nan,nan,nan,nan,nan,3.2626264,-65.361183,-0.17744257,-57.849678,-13201.768,nan,-50.678158
nan,nan,nan,nan,nan,nan,nan,nan,3.2452266,-65.594902,-0.17765233,-58.025452,-13131.664,nan,-50.831436
nan,nan,nan,nan,nan,nan,nan,nan,3.2278063,-65.767487,-0.17786096,-58.201157,-13061.478,nan,-50.984669
nan,nan,nan,nan,nan,nan,nan,nan,3.2103658,-65.915337,-0.17806847,-58.376785,-12991.209,nan,-51.137848
nan,nan,nan,nan,nan,nan,nan,nan,3.1929047,-66.035324,-0.17827487,-58.552326,-12920.858,nan,-51.290962
nan,nan,nan,nan,nan,nan,nan,nan,3.1754236,-66.250847,-0.17848013,-58.72776,-12850.427,nan,-51.444
nan,nan,nan,nan,nan,nan,nan,nan,3.1579225,-66.381638,-0.17868428,-58.90308,-12779.915,nan,-51.596951
nan,nan,nan,nan,nan,nan,nan,nan,3.1404014,-66.520668,-0.17888728,-59.078274,-12709.322,nan,-51.749802
nan,nan,nan,nan,nan,nan,nan,nan,3.1228604,-66.815804,-0.17908916,-59.253326,-12638.649,nan,-51.902542
nan,nan,nan,nan,nan,nan,nan,nan,3.1052997,-66.907074,-0.17928991,-59.428223,-12567.897,nan,-52.055164
nan,nan,nan,nan,nan,nan,nan,nan,3.0877194,-67.134537,-0.17948952,-59.602951,-12497.066,nan,-52.207653
nan,nan,nan,nan,nan,nan,nan,nan,3.0701196,-67.304565,-0.17968799,-59.7775,-12426.156,nan,-52.359997
nan,nan,nan,nan,nan,nan,nan,nan,3.0525005,-67.432793,-0.17988534,-59.951859,-12355.168,nan,-52.512188
nan,nan,nan,nan,nan,nan,nan,nan,3.034862,-67.56131,-0.18008155,-60.126007,-12284.103,nan,-52.664207
nan,nan,nan,nan,nan,nan,nan,nan,3.0172043,-67.787636,-0.18027662,-60.299934,-12212.96,nan,-52.816051
nan,nan,nan,nan,nan,nan,nan,nan,2.9995277,-67.928947,-0.18047056,-60.473629,-12141.74,nan,-52.967705
nan,nan,nan,nan,nan,nan,nan,nan,2.981832,-68.164368,-0.18066335,-60.647072,-12070.444,nan,-53.119156
nan,nan,nan,nan,nan,nan,nan,nan,2.9641175,-68.332123,-0.18085499,-60.820255,-11999.072,nan,-53.270393
nan,nan,nan,nan,nan,nan,nan,nan,2.9463842,-68.521484,-0.1810455,-60.993164,-11927.625,nan,-53.421402
nan,nan,nan,nan,nan,nan,nan,nan,2.9286325,-68.614174,-0.18123487,-61.165783,-11856.104,nan,-53.572174
nan,nan,nan,nan,nan,nan,nan,nan,2.9108622,-68.853294,-0.18142308,-61.338097,-11784.506,nan,-53.722694
nan,nan,nan,nan,nan,nan,nan,nan,2.8930733,-69.004555,-0.18161017,-61.51009,-11712.835,nan,-53.872952
nan,nan,nan,nan,nan,nan,nan,nan,2.8752666,-69.16378,-0.18179609,-61.681755,-11641.091,nan,-54.022934
nan,nan,nan,nan,nan,nan,nan,nan,2.8574412,-69.342903,-0.18198086,-61.853069,-11569.273,nan,-54.172626
nan,nan,nan,nan,nan,nan,nan,nan,2.8395982,-69.495872,-0.18216449,-62.024025,-11497.383,nan,-54.322021
nan,nan,nan,nan,nan,nan,nan,nan,2.8217371,-69.562408,-0.18234697,-62.194603,-11425.42,nan,-54.4711
nan,nan,nan,nan,nan,nan,nan,nan,2.803858,-69.782478,-0.18252829,-62.364792,-11353.386,nan,-54.619854
nan,nan,nan,nan,nan,nan,nan,nan,2.7859614,-70.109734,-0.18270846,-62.534576,-11281.279,nan,-54.768269
nan,nan,nan,nan,nan,nan,nan,nan,2.7680471,-70.237686,-0.18288748,-62.703941,-11209.103,nan,-54.916332
nan,nan,nan,nan,nan,nan,nan,nan,2.7501154,-70.320992,-0.18306534,-62.872871,-11136.855,nan,-55.064034
nan,nan,nan,nan,nan,nan,nan,nan,2.7321663,-70.544472,-0.18324205,-63.041351,-11064.539,nan,-55.211357
nan,nan,nan,nan,nan,nan,nan,nan,2.7141998,-70.633751,-0.18341759,-63.20937,-10992.152,nan,-55.358288
nan,nan,nan,nan,nan,nan,nan,nan,2.6962163,-70.814301,-0.18359198,-63.376907,-10919.696,nan,-55.504818
nan,nan,nan,nan,nan,nan,nan,nan,2.6782157,-70.961868,-0.18376522,-63.543949,-10847.172,nan,-55.650932
nan,nan,nan,nan,nan,nan,nan,nan,2.6601982,-71.166862,-0.18393728,-63.710484,-10774.579,nan,-55.796616
nan,nan,nan,nan,nan,nan,nan,nan,2.642164,-71.402,-0.18410818,-63.876492,-10701.919,nan,-55.941856
nan,nan,nan,nan,nan,nan,nan,nan,2.6241128,-71.508911,-0.18427794,-64.041962,-10629.191,nan,-56.086639
nan,nan,nan,nan,nan,nan,nan,nan,2.6060455,-71.667,-0.18444651,-64.206871,-10556.396,nan,-56.230953
nan,nan,nan,nan,nan,nan,nan,nan,2.5879614,-71.873985,-0.18461393,-64.371216,-10483.536,nan,-56.374786
nan,nan,nan,nan,nan,nan,nan,nan,2.5698609,-71.874275,-0.18478017,-64.534966,-10410.609,nan,-56.518124
nan,nan,nan,nan,nan,nan,nan,nan,2.5517445,-72.144386,-0.18494526,-64.69812,-10337.618,nan,-56.66095
nan,nan,nan,nan,nan,nan,nan,nan,2.5336118,-72.322655,-0.18510917,-64.860657,-10264.562,nan,-56.803253
nan,nan,nan,nan,nan,nan,nan,nan,2.5154631,-72.415634,-0.1852719,-65.022568,-10191.439,nan,-56.945019
nan,nan,nan,nan,nan,nan,nan,nan,2.4972985,-72.581108,-0.18543348,-65.183823,-10118.254,nan,-57.086235
nan,nan,nan,nan,nan,nan,nan,nan,2.4791181,-72.789803,-0.18559387,-65.344414,-10045.006,nan,-57.226891
nan,nan,nan,nan,nan,nan,nan,nan,2.460922,-72.879372,-0.18575311,-65.504326,-9971.6934,nan,-57.366962
nan,nan,nan,nan,nan,nan,nan,nan,2.4427104,-73.09404,-0.18591116,-65.663544,-9898.3184,nan,-57.506447
nan,nan,nan,nan,nan,nan,nan,nan,2.4244833,-73.267189,-0.18606804,-65.822052,-9824.8818,nan,-57.645325
nan,nan,nan,nan,nan,nan,nan,nan,2.4062412,-73.428123,-0.18622375,-65.979828,-9751.3838,nan,-57.783585
nan,nan,nan,nan,nan,nan,nan,nan,2.3879836,-73.543839,-0.18637827,-66.136864,-9677.8242,nan,-57.921215
nan,nan,nan,nan,nan,nan,nan,nan,2.3697109,-73.771301,-0.18653162,-66.293144,-9604.2031,nan,-58.058193
nan,nan,nan,nan,nan,nan,nan,nan,2.3514233,-73.86087,-0.18668379,-66.448647,-9530.5225,nan,-58.194515
nan,nan,nan,nan,nan,nan,nan,nan,2.3331208,-74.045677,-0.18683478,-66.603363,-9456.7812,nan,-58.330162
nan,nan,nan,nan,nan,nan,nan,nan,2.3148038,-74.158844,-0.1869846,-66.757271,-9382.9814,nan,-58.465122
nan,nan,nan,nan,nan,nan,nan,nan,2.2964718,-74.382607,-0.18713322,-66.910355,-9309.123,nan,-58.59938
nan,nan,nan,nan,nan,nan,nan,nan,2.2781255,-74.538986,-0.18728067,-67.062607,-9235.2051,nan,-58.732922
nan,nan,nan,nan,nan,nan,nan,nan,2.2597649,-74.64447,-0.18742694,-67.214005,-9161.2295,nan,-58.865734
nan,nan,nan,nan,nan,nan,nan,nan,2.24139,-74.770996,-0.18757202,-67.364525,-9087.1973,nan,-58.997803
nan,nan,nan,nan,nan,nan,nan,nan,2.2230008,-74.925102,-0.18771592,-67.514168,-9013.1074,nan,-59.129112
nan,nan,nan,nan,nan,nan,nan,nan,2.2045977,-75.085464,-0.18785863,-67.662903,-8938.9609,nan,-59.259655
nan,nan,nan,nan,nan,nan,nan,nan,2.1861806,-75.199478,-0.18800016,-67.810722,-8864.7578,nan,-59.389408
nan,nan,nan,nan,nan,nan,nan,nan,2.1677496,-75.409317,-0.1881405,-67.957611,-8790.5,nan,-59.518364
nan,nan,nan,nan,nan,nan,nan,nan,2.1493051,-75.553749,-0.18827964,-68.103554,-8716.1865,nan,-59.646507
nan,nan,nan,nan,nan,nan,nan,nan,2.130847,-75.682266,-0.1884176,-68.24852,-8641.8184,nan,-59.773823
nan,nan,nan,nan,nan,nan,nan,nan,2.1123753,-75.772972,-0.18855436,-68.392517,-8567.3955,nan,-59.900299
nan,nan,nan,nan,nan,nan,nan,nan,2.0938904,-76.042511,-0.18868995,-68.535507,-8492.9199,nan,-60.025921
nan,nan,nan,nan,nan,nan,nan,nan,2.075392,-76.125252,-0.18882433,-68.67749,-8418.3896,nan,-60.150673
nan,nan,nan,nan,nan,nan,nan,nan,2.0568807,-76.352425,-0.18895751,-68.818443,-8343.8076,nan,-60.274544
nan,nan,nan,nan,nan,nan,nan,nan,2.0383565,-76.4673,-0.18908952,-68.958351,-8269.1729,nan,-60.397514
nan,nan,nan,nan,nan,nan,nan,nan,2.0198193,-76.52359,-0.18922032,-69.097198,-8194.4863,nan,-60.519577
nan,nan,nan,nan,nan,nan,nan,nan,2.0012693,-76.718361,-0.18934992,-69.23497,-8119.749,nan,-60.640717
nan,nan,nan,nan,nan,nan,nan,nan,1.9827068,-76.687363,-0.18947834,-69.371651,-8044.96,nan,-60.760918
nan,nan,nan,nan,nan,nan,nan,nan,1.9641317,-76.971413,-0.18960555,-69.507225,-7970.1206,nan,-60.880169
nan,nan,nan,nan,nan,nan,nan,nan,1.9455441,-77.07576,-0.18973157,-69.641678,-7895.2314,nan,-60.998451
nan,nan,nan,nan,nan,nan,nan,nan,1.9269444,-77.27877,-0.1898564,-69.774986,-7820.293,nan,-61.115757
nan,nan,nan,nan,nan,nan,nan,nan,1.9083323,-77.363777,-0.18998,-69.907143,-7745.3052,nan,-61.232071
nan,nan,nan,nan,nan,nan,nan,nan,1.8897084,-77.460167,-0.19010243,-70.038124,-7670.2686,nan,-61.347378
nan,nan,nan,nan,nan,nan,nan,nan,1.8710724,-77.570206,-0.19022365,-70.167923,-7595.1841,nan,-61.461662
nan,nan,nan,nan,nan,nan,nan,nan,1.8524246,-77.752174,-0.19034366,-70.296524,-7520.0518,nan,-61.574917
nan,nan,nan,nan,nan,nan,nan,nan,1.8337651,-77.801361,-0.19046247,-70.423904,-7444.8726,nan,-61.687122
nan,nan,nan,nan,nan,nan,nan,nan,1.815094,-78.023422,-0.19058008,-70.550056,-7369.647,nan,-61.798267
nan,nan,nan,nan,nan,nan,nan,nan,1.7964115,-78.101898,-0.19069649,-70.674957,-7294.3745,nan,-61.90834
nan,nan,nan,nan,nan,nan,nan,nan,1.7777176,-78.257988,-0.19081169,-70.798599,-7219.0571,nan,-62.017323
nan,nan,nan,nan,nan,nan,nan,nan,1.7590125,-78.365753,-0.19092569,-70.920959,-7143.6938,nan,-62.125206
nan,nan,nan,nan,nan,nan,nan,nan,1.7402962,-78.456169,-0.19103847,-71.04203,-7068.2861,nan,-62.231976
nan,nan,nan,nan,nan,nan,nan,nan,1.7215691,-78.630745,-0.19115005,-71.161797,-6992.834,nan,-62.33762
nan,nan,nan,nan,nan,nan,nan,nan,1.7028309,-78.736511,-0.19126044,-71.280235,-6917.3379,nan,-62.44212
nan,nan,nan,nan,nan,nan,nan,nan,1.6840822,-78.896019,-0.19136961,-71.397339,-6841.7988,nan,-62.545467
nan,nan,nan,nan,nan,nan,nan,nan,1.6653227,-78.985298,-0.19147757,-71.513084,-6766.2163,nan,-62.647652
nan,nan,nan,nan,nan,nan,nan,nan,1.6465526,-78.990417,-0.1915843,-71.627464,-6690.5918,nan,-62.748653
nan,nan,nan,nan,nan,nan,nan,nan,1.6277722,-79.13372,-0.19168985,-71.740463,-6614.9258,nan,-62.848465
nan,nan,nan,nan,nan,nan,nan,nan,1.6089815,-79.255127,-0.19179417,-71.852066,-6539.2178,nan,-62.947067
nan,nan,nan,nan,nan,nan,nan,nan,1.5901806,-79.445625,-0.19189729,-71.962257,-6463.4688,nan,-63.044456
nan,nan,nan,nan,nan,nan,nan,nan,1.5713698,-79.529785,-0.1919992,-72.071022,-6387.6797,nan,-63.140614
nan,nan,nan,nan,nan,nan,nan,nan,1.5525489,-79.617645,-0.19209988,-72.178352,-6311.8501,nan,-63.235523
nan,nan,nan,nan,nan,nan,nan,nan,1.5337183,-79.729103,-0.19219936,-72.284225,-6235.9814,nan,-63.329182
nan,nan,nan,nan,nan,nan,nan,nan,1.514878,-79.844254,-0.19229762,-72.388626,-6160.0737,nan,-63.42157
nan,nan,nan,nan,nan,nan,nan,nan,1.4960281,-79.916473,-0.19239467,-72.491547,-6084.1274,nan,-63.512676
nan,nan,nan,nan,nan,nan,nan,nan,1.4771688,-80.028496,-0.1924905,-72.592972,-6008.1431,nan,-63.602493
nan,nan,nan,nan,nan,nan,nan,nan,1.4583001,-80.241173,-0.19258513,-72.692886,-5932.1211,nan,-63.691002
nan,nan,nan,nan,nan,nan,nan,nan,1.4394222,-80.340973,-0.19267853,-72.791275,-5856.0615,nan,-63.778194
nan,nan,nan,nan,nan,nan,nan,nan,1.4205352,-80.333298,-0.1927707,-72.88813,-5779.9658,nan,-63.864056
nan,nan,nan,nan,nan,nan,nan,nan,1.4016392,-80.454704,-0.19286166,-72.983437,-5703.834,nan,-63.948578
nan,nan,nan,nan,nan,nan,nan,nan,1.3827345,-80.541138,-0.19295141,-73.077171,-5627.6665,nan,-64.031746
nan,nan,nan,nan,nan,nan,nan,nan,1.3638209,-80.655724,-0.19303994,-73.169334,-5551.4634,nan,-64.113548
nan,nan,nan,nan,nan,nan,nan,nan,1.3448988,-80.740456,-0.19312724,-73.259903,-5475.2261,nan,-64.193977
nan,nan,nan,nan,nan,nan,nan,nan,1.3259681,-80.804993,-0.19321333,-73.348862,-5398.9541,nan,-64.273018
nan,nan,nan,nan,nan,nan,nan,nan,1.3070291,-80.913612,-0.19329821,-73.436211,-5322.6489,nan,-64.350655
nan,nan,nan,nan,nan,nan,nan,nan,1.2880819,-81.008003,-0.19338185,-73.521935,-5246.3101,nan,-64.426888
nan,nan,nan,nan,nan,nan,nan,nan,1.2691264,-81.13311,-0.19346428,-73.60601,-5169.9385,nan,-64.501694
nan,nan,nan,nan,nan,nan,nan,nan,1.250163,-81.140221,-0.19354548,-73.688431,-5093.5347,nan,-64.575066
nan,nan,nan,nan,nan,nan,nan,nan,1.2311916,-81.367111,-0.19362545,-73.76918,-5017.0991,nan,-64.646996
nan,nan,nan,nan,nan,nan,nan,nan,1.2122126,-81.358299,-0.1937042,-73.848259,-4940.6318,nan,-64.717468
nan,nan,nan,nan,nan,nan,nan,nan,1.1932257,-81.469185,-0.19378175,-73.925636,-4864.1343,nan,-64.786476
nan,nan,nan,nan,nan,nan,nan,nan,1.1742315,-81.54425,-0.19385804,-74.00132,-4787.606,nan,-64.854012
nan,nan,nan,nan,nan,nan,nan,nan,1.1552298,-81.565857,-0.19393313,-74.075279,-4711.0479,nan,-64.920059
nan,nan,nan,nan,nan,nan,nan,nan,1.1362207,-81.65741,-0.19400699,-74.147514,-4634.4604,nan,-64.984604
nan,nan,nan,nan,nan,nan,nan,nan,1.1172045,-81.731903,-0.19407962,-74.21801,-4557.8438,nan,-65.047646
nan,nan,nan,nan,nan,nan,nan,nan,1.0981812,-81.928658,-0.19415103,-74.286758,-4481.1992,nan,-65.109177
nan,nan,nan,nan,nan,nan,nan,nan,1.0791512,-81.758629,-0.19422121,-74.353745,-4404.5264,nan,-65.169167
nan,nan,nan,nan,nan,nan,nan,nan,1.0601141,-81.969597,-0.19429016,-74.418961,-4327.8262,nan,-65.227631
nan,nan,nan,nan,nan,nan,nan,nan,1.0410703,-81.997177,-0.19435789,-74.482391,-4251.0986,nan,-65.284538
nan,nan,nan,nan,nan,nan,nan,nan,1.0220201,-82.106361,-0.19442439,-74.544022,-4174.3452,nan,-65.339897
nan,nan,nan,nan,nan,nan,nan,nan,1.0029634,-82.019356,-0.19448966,-74.603851,-4097.5654,nan,-65.393684
nan,nan,nan,nan,nan,nan,nan,nan,0.98390031,-82.258476,-0.1945537,-74.661873,-4020.76,nan,-65.4459
nan,nan,nan,nan,nan,nan,nan,nan,0.96483099,-82.282928,-0.19461651,-74.718056,-3943.9297,nan,-65.496529
nan,nan,nan,nan,nan,nan,nan,nan,0.94575566,-82.169479,-0.19467808,-74.772415,-3867.0747,nan,-65.545563
nan,nan,nan,nan,nan,nan,nan,nan,0.92667431,-82.410309,-0.19473845,-74.824921,-3790.1958,nan,-65.592995
nan,nan,nan,nan,nan,nan,nan,nan,0.90758705,-82.423386,-0.19479756,-74.875572,-3713.2932,nan,-65.638817
nan,nan,nan,nan,nan,nan,nan,nan,0.88849413,-82.392677,-0.19485545,-74.924362,-3636.3677,nan,-65.683014
nan,nan,nan,nan,nan,nan,nan,nan,0.86939555,-82.527733,-0.19491212,-74.971275,-3559.4194,nan,-65.725586
nan,nan,nan,nan,nan,nan,nan,nan,0.85029155,-82.472862,-0.19496754,-75.016304,-3482.449,nan,-65.766525
nan,nan,nan,nan,nan,nan,nan,nan,0.83118212,-82.614738,-0.19502175,-75.059441,-3405.457,nan,-65.805817
nan,nan,nan,nan,nan,nan,nan,nan,0.81206745,-82.628387,-0.19507471,-75.10067,-3328.4438,nan,-65.843452
nan,nan,nan,nan,nan,nan,nan,nan,0.79294765,-82.698616,-0.19512644,-75.139999,-3251.4099,nan,-65.879433
nan,nan,nan,nan,nan,nan,nan,nan,0.77382284,-82.7043,-0.19517694,-75.177399,-3174.356,nan,-65.913742
nan,nan,nan,nan,nan,nan,nan,nan,0.75469315,-82.769981,-0.19522621,-75.212883,-3097.2822,nan,-65.946373
nan,nan,nan,nan,nan,nan,nan,nan,0.73555869,-82.847885,-0.19527425,-75.246422,-3020.1892,nan,-65.977325
nan,nan,nan,nan,nan,nan,nan,nan,0.71641958,-82.849312,-0.19532104,-75.278023,-2943.0776,nan,-66.006584
nan,nan,nan,nan,nan,nan,nan,nan,0.69727594,-82.84362,-0.19536661,-75.307671,-2865.9478,nan,-66.034149
nan,nan,nan,nan,nan,nan,nan,nan,0.67812788,-82.944275,-0.19541094,-75.335358,-2788.8003,nan,-66.060013
nan,nan,nan,nan,nan,nan,nan,nan,0.6589756,-82.981239,-0.19545405,-75.361076,-2711.6353,nan,-66.08416
nan,nan,nan,nan,nan,nan,nan,nan,0.63981909,-82.961906,-0.1954959,-75.384827,-2634.4536,nan,-66.10659
nan,nan,nan,nan,nan,nan,nan,nan,0.62065858,-83.073357,-0.19553652,-75.406593,-2557.2556,nan,-66.127296
nan,nan,nan,nan,nan,nan,nan,nan,0.60149413,-83.048904,-0.19557592,-75.426376,-2480.042,nan,-66.146271
nan,nan,nan,nan,nan,nan,nan,nan,0.58232588,-83.046349,-0.19561408,-75.44416,-2402.813,nan,-66.163513
nan,nan,nan,nan,nan,nan,nan,nan,0.56315392,-83.056587,-0.19565099,-75.459946,-2325.5691,nan,-66.179016
nan,nan,nan,nan,nan,nan,nan,nan,0.54397845,-83.200455,-0.19568668,-75.473732,-2248.3108,nan,-66.192764
nan,nan,nan,nan,nan,nan,nan,nan,0.52479953,-83.159508,-0.19572113,-75.485497,-2171.0388,nan,-66.204765
nan,nan,nan,nan,nan,nan,nan,nan,0.50561732,-83.104637,-0.19575435,-75.495247,-2093.7534,nan,-66.215004
nan,nan,nan,nan,nan,nan,nan,nan,0.48643187,-83.086723,-0.19578633,-75.502975,-2016.4552,nan,-66.223488
nan,nan,nan,nan,nan,nan,nan,nan,0.46724337,-83.177994,-0.19581707,-75.508667,-1939.1445,nan,-66.230194
nan,nan,nan,nan,nan,nan,nan,nan,0.4480519,-83.22007,-0.19584656,-75.512329,-1861.822,nan,-66.235138
nan,nan,nan,nan,nan,nan,nan,nan,0.42885762,-83.225761,-0.19587483,-75.513954,-1784.488,nan,-66.238297
nan,nan,nan,nan,nan,nan,nan,nan,0.40966064,-83.156952,-0.19590186,-75.513535,-1707.1432,nan,-66.23967
nan,nan,nan,nan,nan,nan,nan,nan,0.39046106,-83.231163,-0.19592765,-75.511063,-1629.7878,nan,-66.239265
nan,nan,nan,nan,nan,nan,nan,nan,0.371259,-83.322144,-0.19595219,-75.506546,-1552.4226,nan,-66.237068
nan,nan,nan,nan,nan,nan,nan,nan,0.3520546,-83.226898,-0.19597551,-75.499962,-1475.048,nan,-66.233078
nan,nan,nan,nan,nan,nan,nan,nan,0.33284798,-83.186241,-0.19599758,-75.491325,-1397.6643,nan,-66.227287
nan,nan,nan,nan,nan,nan,nan,nan,0.31363925,-83.037247,-0.19601843,-75.480621,-1320.2722,nan,-66.219696
nan,nan,nan,nan,nan,nan,nan,nan,0.29442856,-83.148422,-0.19603802,-75.46785,-1242.8722,nan,-66.210304
nan,nan,nan,nan,nan,nan,nan,nan,0.27521598,-83.178558,-0.19605638,-75.453003,-1165.4646,nan,-66.199104
nan,nan,nan,nan,nan,nan,nan,nan,0.25600168,-83.236847,-0.1960735,-75.436089,-1088.0499,nan,-66.186089
nan,nan,nan,nan,nan,nan,nan,nan,0.23678577,-83.102928,-0.19608939,-75.417099,-1010.6288,nan,-66.171265
nan,nan,nan,nan,nan,nan,nan,nan,0.21756837,-83.110603,-0.19610403,-75.396019,-933.20172,nan,-66.154625
nan,nan,nan,nan,nan,nan,nan,nan,0.19834958,-83.149841,-0.19611745,-75.372871,-855.76904,nan,-66.136169
nan,nan,nan,nan,nan,nan,nan,nan,0.17912953,-83.11544,-0.19612961,-75.347633,-778.33136,nan,-66.115891
nan,nan,nan,nan,nan,nan,nan,nan,0.15990835,-82.987778,-0.19614053,-75.320305,-700.88904,nan,-66.093796
nan,nan,nan,nan,nan,nan,nan,nan,0.14068617,-83.087578,-0.19615023,-75.290894,-623.44269,nan,-66.06987
nan,nan,nan,nan,nan,nan,nan,nan,0.1214631,-82.943993,-0.19615868,-75.259392,-545.9928,nan,-66.044128
nan,nan,nan,nan,nan,nan,nan,nan,0.10223926,-82.961617,-0.19616589,-75.225807,-468.53976,nan,-66.016556
nan,nan,nan,nan,nan,nan,nan,nan,0.083014771,-82.975266,-0.19617185,-75.190125,-391.08414,nan,-65.987152
nan,nan,nan,nan,nan,nan,nan,nan,0.063789763,-82.999435,-0.19617659,-75.152351,-313.6264,nan,-65.955925
nan,nan,nan,nan,nan,nan,nan,nan,0.044564348,-82.898216,-0.19618008,-75.112488,-236.16704,nan,-65.922867
nan,nan,nan,nan,nan,nan,nan,nan,0.025338653,-82.891678,-0.19618233,-75.070534,-158.70653,nan,-65.887978
nan,nan,nan,nan,nan,nan,nan,nan,0.0061127967,-82.821732,-0.19618334,-75.026482,-81.245392,nan,-65.851265
nan,nan,nan,nan,nan,nan,nan,nan,-0.013113098,-82.810074,-0.19618312,-74.980339,-3.7840872,nan,-65.812714
nan,nan,nan,nan,nan,nan,nan,nan,-0.03233891,-82.779083,-0.19618165,-74.932106,73.67688,nan,-65.772339
nan,nan,nan,nan,nan,nan,nan,nan,-0.051564518,-82.698898,-0.19617896,-74.881783,151.13702,nan,-65.730133
nan,nan,nan,nan,nan,nan,nan,nan,-0.070789799,-82.590858,-0.19617501,-74.829369,228.59586,nan,-65.686096
nan,nan,nan,nan,nan,nan,nan,nan,-0.090014637,-82.504707,-0.19616982,-74.774864,306.05289,nan,-65.640236
nan,nan,nan,nan,nan,nan,nan,nan,-0.10923891,-82.487076,-0.1961634,-74.718269,383.50763,nan,-65.592545
nan,nan,nan,nan,nan,nan,nan,nan,-0.12846248,-82.508972,-0.19615574,-74.659592,460.95959,nan,-65.543022
nan,nan,nan,nan,nan,nan,nan,nan,-0.14768524,-82.426514,-0.19614685,-74.598824,538.40833,nan,-65.491676
nan,nan,nan,nan,nan,nan,nan,nan,-0.16690709,-82.393532,-0.1961367,-74.53598,615.85327,nan,-65.438515
nan,nan,nan,nan,nan,nan,nan,nan,-0.18612786,-82.199341,-0.19612531,-74.471054,693.29395,nan,-65.383522
nan,nan,nan,nan,nan,nan,nan,nan,-0.20534746,-82.316483,-0.19611271,-74.404045,770.72992,nan,-65.326714
nan,nan,nan,nan,nan,nan,nan,nan,-0.22456577,-82.136497,-0.19609885,-74.334969,848.16064,nan,-65.268082
nan,nan,nan,nan,nan,nan,nan,nan,-0.24378267,-82.166069,-0.19608375,-74.263809,925.58563,nan,-65.207634
nan,nan,nan,nan,nan,nan,nan,nan,-0.26299801,-82.100677,-0.19606741,-74.19059,1003.0045,nan,-65.145378
nan,nan,nan,nan,nan,nan,nan,nan,-0.28221169,-81.971024,-0.19604984,-74.115303,1080.4166,nan,-65.081306
nan,nan,nan,nan,nan,nan,nan,nan,-0.30142361,-81.870087,-0.19603103,-74.037949,1157.8215,nan,-65.015434
nan,nan,nan,nan,nan,nan,nan,nan,-0.32063362,-81.82061,-0.19601098,-73.958542,1235.2188,nan,-64.947746
nan,nan,nan,nan,nan,nan,nan,nan,-0.33984157,-81.797867,-0.1959897,-73.877075,1312.6079,nan,-64.878265
nan,nan,nan,nan,nan,nan,nan,nan,-0.35904741,-81.785072,-0.19596717,-73.793564,1389.9884,nan,-64.806984
nan,nan,nan,nan,nan,nan,nan,nan,-0.37825099,-81.635803,-0.1959434,-73.708,1467.3596,nan,-64.733902
nan,nan,nan,nan,nan,nan,nan,nan,-0.39745215,-81.515533,-0.1959184,-73.620399,1544.7214,nan,-64.659035
nan,nan,nan,nan,nan,nan,nan,nan,-0.41665083,-81.455254,-0.19589216,-73.530769,1622.073,nan,-64.582375
nan,nan,nan,nan,nan,nan,nan,nan,-0.43584684,-81.405495,-0.19586468,-73.439095,1699.4139,nan,-64.503937
nan,nan,nan,nan,nan,nan,nan,nan,-0.45504013,-81.325882,-0.19583596,-73.345406,1776.7439,nan,-64.423721
nan,nan,nan,nan,nan,nan,nan,nan,-0.47423053,-81.114632,-0.19580601,-73.249695,1854.0621,nan,-64.341728
nan,nan,nan,nan,nan,nan,nan,nan,-0.49341795,-81.107803,-0.19577482,-73.151962,1931.3684,nan,-64.257973
nan,nan,nan,nan,nan,nan,nan,nan,-0.51260221,-81.026199,-0.1957424,-73.052231,2008.6621,nan,-64.172447
nan,nan,nan,nan,nan,nan,nan,nan,-0.53178328,-80.93692,-0.19570874,-72.950493,2085.9426,nan,-64.085167
nan,nan,nan,nan,nan,nan,nan,nan,-0.55096096,-80.833427,-0.19567384,-72.846764,2163.2097,nan,-63.996132
nan,nan,nan,nan,nan,nan,nan,nan,-0.57013518,-80.732773,-0.1956377,-72.741043,2240.4629,nan,-63.90535
nan,nan,nan,nan,nan,nan,nan,nan,-0.58930582,-80.657997,-0.19560033,-72.633339,2317.7014,nan,-63.812824
nan,nan,nan,nan,nan,nan,nan,nan,-0.6084727,-80.448166,-0.19556172,-72.523666,2394.925,nan,-63.718563
nan,nan,nan,nan,nan,nan,nan,nan,-0.62763578,-80.296906,-0.19552188,-72.412025,2472.1331,nan,-63.622574
nan,nan,nan,nan,nan,nan,nan,nan,-0.64679486,-80.391014,-0.19548081,-72.298424,2549.3252,nan,-63.524857
nan,nan,nan,nan,nan,nan,nan,nan,-0.66594982,-80.090767,-0.19543849,-72.182869,2626.501,nan,-63.425426
nan,nan,nan,nan,nan,nan,nan,nan,-0.68510062,-80.051529,-0.19539495,-72.065369,2703.6597,nan,-63.324287
nan,nan,nan,nan,nan,nan,nan,nan,-0.70424712,-79.984138,-0.19535016,-71.945938,2780.801,nan,-63.221439
nan,nan,nan,nan,nan,nan,nan,nan,-0.72338915,-79.684464,-0.19530414,-71.824577,2857.9243,nan,-63.116901
nan,nan,nan,nan,nan,nan,nan,nan,-0.74252659,-79.708916,-0.19525689,-71.701302,2935.0293,nan,-63.01067
nan,nan,nan,nan,nan,nan,nan,nan,-0.76165932,-79.605133,-0.19520842,-71.576118,3012.1152,nan,-62.90276
nan,nan,nan,nan,nan,nan,nan,nan,-0.78078729,-79.38961,-0.19515869,-71.449028,3089.1819,nan,-62.793175
nan,nan,nan,nan,nan,nan,nan,nan,-0.79991031,-79.35379,-0.19510774,-71.320053,3166.2288,nan,-62.681923
nan,nan,nan,nan,nan,nan,nan,nan,-0.81902826,-79.225838,-0.19505556,-71.189194,3243.2551,nan,-62.569012
nan,nan,nan,nan,nan,nan,nan,nan,-0.83814102,-79.147079,-0.19500215,-71.056465,3320.2607,nan,-62.454453
nan,nan,nan,nan,nan,nan,nan,nan,-0.85724854,-78.950043,-0.19494751,-70.921867,3397.2451,nan,-62.338253
nan,nan,nan,nan,nan,nan,nan,nan,-0.87635064,-78.800484,-0.19489163,-70.785423,3474.2075,nan,-62.220417
nan,nan,nan,nan,nan,nan,nan,nan,-0.89544719,-78.728271,-0.19483452,-70.647141,3551.1477,nan,-62.10096
nan,nan,nan,nan,nan,nan,nan,nan,-0.91453809,-78.44735,-0.19477618,-70.507019,3628.0652,nan,-61.979885
nan,nan,nan,nan,nan,nan,nan,nan,-0.93362319,-78.268227,-0.1947166,-70.365082,3704.9592,nan,-61.857201
nan,nan,nan,nan,nan,nan,nan,nan,-0.9527024,-78.290405,-0.19465581,-70.221336,3781.8296,nan,-61.732925
nan,nan,nan,nan,nan,nan,nan,nan,-0.97177559,-78.08654,-0.19459377,-70.07579,3858.6755,nan,-61.607056
nan,nan,nan,nan,nan,nan,nan,nan,-0.99084264,-77.909973,-0.19453052,-69.928452,3935.4968,nan,-61.479614
nan,nan,nan,nan,nan,nan,nan,nan,-1.0099034,-77.747055,-0.19446602,-69.779343,4012.293,nan,-61.350597
nan,nan,nan,nan,nan,nan,nan,nan,-1.0289578,-77.657204,-0.19440031,-69.628464,4089.0635,nan,-61.220024
nan,nan,nan,nan,nan,nan,nan,nan,-1.0480058,-77.421219,-0.19433337,-69.475838,4165.8076,nan,-61.087902
nan,nan,nan,nan,nan,nan,nan,nan,-1.0670471,-77.324257,-0.1942652,-69.321472,4242.5254,nan,-60.954243
nan,nan,nan,nan,nan,nan,nan,nan,-1.0860816,-77.184654,-0.19419579,-69.165375,4319.2158,nan,-60.819054
nan,nan,nan,nan,nan,nan,nan,nan,-1.1051093,-76.996429,-0.19412518,-69.007561,4395.8784,nan,-60.682346
nan,nan,nan,nan,nan,nan,nan,nan,-1.1241301,-76.870186,-0.19405332,-68.848045,4472.5132,nan,-60.544132
nan,nan,nan,nan,nan,nan,nan,nan,-1.1431437,-76.739395,-0.19398025,-68.686836,4549.1191,nan,-60.404423
nan,nan,nan,nan,nan,nan,nan,nan,-1.1621501,-76.558853,-0.19390593,-68.523949,4625.6963,nan,-60.263226
nan,nan,nan,nan,nan,nan,nan,nan,-1.1811491,-76.328262,-0.1938304,-68.359398,4702.2437,nan,-60.120556
nan,nan,nan,nan,nan,nan,nan,nan,-1.2001407,-76.165344,-0.19375364,-68.193192,4778.7607,nan,-59.976421
nan,nan,nan,nan,nan,nan,nan,nan,-1.2191248,-75.93248,-0.19367567,-68.025352,4855.2476,nan,-59.830833
nan,nan,nan,nan,nan,nan,nan,nan,-1.2381011,-75.839783,-0.19359647,-67.855881,4931.7036,nan,-59.683807
nan,nan,nan,nan,nan,nan,nan,nan,-1.2570696,-75.660088,-0.19351605,-67.684807,5008.1279,nan,-59.535355
nan,nan,nan,nan,nan,nan,nan,nan,-1.2760302,-75.428078,-0.1934344,-67.512131,5084.52,nan,-59.385483
nan,nan,nan,nan,nan,nan,nan,nan,-1.2949827,-75.320892,-0.19335154,-67.337868,5160.8799,nan,-59.234207
nan,nan,nan,nan,nan,nan,nan,nan,-1.3139269,-75.178726,-0.19326743,-67.162033,5237.2065,nan,-59.081539
nan,nan,nan,nan,nan,nan,nan,nan,-1.332863,-74.989075,-0.19318213,-66.98465,5313.5,nan,-58.927486
nan,nan,nan,nan,nan,nan,nan,nan,-1.3517905,-74.757637,-0.19309559,-66.805725,5389.7593,nan,-58.772072
nan,nan,nan,nan,nan,nan,nan,nan,-1.3707097,-74.512543,-0.19300784,-66.625267,5465.9844,nan,-58.615295
nan,nan,nan,nan,nan,nan,nan,nan,-1.3896201,-74.361,-0.19291888,-66.443306,5542.1748,nan,-58.45718
nan,nan,nan,nan,nan,nan,nan,nan,-1.4085217,-74.123589,-0.19282869,-66.259842,5618.3296,nan,-58.297733
nan,nan,nan,nan,nan,nan,nan,nan,-1.4274144,-73.945312,-0.19273728,-66.074898,5694.4482,nan,-58.136971
nan,nan,nan,nan,nan,nan,nan,nan,-1.4462981,-73.724106,-0.19264466,-65.888489,5770.5312,nan,-57.974899
nan,nan,nan,nan,nan,nan,nan,nan,-1.4651728,-73.612083,-0.19255081,-65.700623,5846.5771,nan,-57.811539
nan,nan,nan,nan,nan,nan,nan,nan,-1.484038,-73.371826,-0.19245575,-65.511322,5922.5854,nan,-57.646904
nan,nan,nan,nan,nan,nan,nan,nan,-1.5028939,-73.154884,-0.19235948,-65.320602,5998.5562,nan,-57.480999
nan,nan,nan,nan,nan,nan,nan,nan,-1.5217404,-72.940216,-0.19226198,-65.128479,6074.4888,nan,-57.313847
nan,nan,nan,nan,nan,nan,nan,nan,-1.5405773,-72.718727,-0.19216327,-64.934967,6150.3828,nan,-57.145454
nan,nan,nan,nan,nan,nan,nan,nan,-1.5594044,-72.502632,-0.19206336,-64.740082,6226.2373,nan,-56.975838
nan,nan,nan,nan,nan,nan,nan,nan,-1.5782217,-72.305313,-0.19196223,-64.543839,6302.0522,nan,-56.805012
nan,nan,nan,nan,nan,nan,nan,nan,-1.597029,-72.205795,-0.19185989,-64.346252,6377.8267,nan,-56.632988
nan,nan,nan,nan,nan,nan,nan,nan,-1.6158261,-71.955872,-0.19175632,-64.147346,6453.561,nan,-56.459785
nan,nan,nan,nan,nan,nan,nan,nan,-1.6346132,-71.8339,-0.19165155,-63.947128,6529.2539,nan,-56.285412
nan,nan,nan,nan,nan,nan,nan,nan,-1.6533898,-71.559235,-0.19154558,-63.745621,6604.9053,nan,-56.109882
nan,nan,nan,nan,nan,nan,nan,nan,-1.6721561,-71.366463,-0.19143839,-63.542835,6680.5146,nan,-55.933216
nan,nan,nan,nan,nan,nan,nan,nan,-1.6909118,-71.116257,-0.19132999,-63.338791,6756.0815,nan,-55.755424
nan,nan,nan,nan,nan,nan,nan,nan,-1.7096567,-70.879982,-0.19122039,-63.133507,6831.605,nan,-55.576523
nan,nan,nan,nan,nan,nan,nan,nan,-1.7283909,-70.663605,-0.19110957,-62.926994,6907.0854,nan,-55.396523
nan,nan,nan,nan,nan,nan,nan,nan,-1.7471142,-70.474243,-0.19099754,-62.719276,6982.5215,nan,-55.215439
nan,nan,nan,nan,nan,nan,nan,nan,-1.7658263,-70.33094,-0.19088432,-62.510368,7057.9131,nan,-55.033291
nan,nan,nan,nan,nan,nan,nan,nan,-1.7845274,-70.060265,-0.19076988,-62.300285,7133.2603,nan,-54.85009
nan,nan,nan,nan,nan,nan,nan,nan,-1.8032173,-69.810051,-0.19065423,-62.089043,7208.5615,nan,-54.665852
nan,nan,nan,nan,nan,nan,nan,nan,-1.8218957,-69.594254,-0.19053739,-61.876663,7283.8169,nan,-54.480591
nan,nan,nan,nan,nan,nan,nan,nan,-1.8405626,-69.39238,-0.19041935,-61.663162,7359.0264,nan,-54.294323
nan,nan,nan,nan,nan,nan,nan,nan,-1.8592179,-69.123123,-0.19030009,-61.448559,7434.1885,nan,-54.107063
nan,nan,nan,nan,nan,nan,nan,nan,-1.8778614,-68.953659,-0.19017965,-61.232868,7509.3037,nan,-53.918827
nan,nan,nan,nan,nan,nan,nan,nan,-1.8964931,-68.720512,-0.19005799,-61.016106,7584.3706,nan,-53.72963
nan,nan,nan,nan,nan,nan,nan,nan,-1.9151129,-68.5121,-0.18993513,-60.79829,7659.3896,nan,-53.539482
nan,nan,nan,nan,nan,nan,nan,nan,-1.9337204,-68.242844,-0.18981108,-60.579445,7734.3599,nan,-53.348408
nan,nan,nan,nan,nan,nan,nan,nan,-1.9523158,-68.012825,-0.18968582,-60.359585,7809.2808,nan,-53.156414
nan,nan,nan,nan,nan,nan,nan,nan,-1.9708989,-67.884308,-0.18955937,-60.138721,7884.1519,nan,-52.963524
nan,nan,nan,nan,nan,nan,nan,nan,-1.9894694,-67.605949,-0.18943171,-59.916882,7958.9731,nan,-52.769745
nan,nan,nan,nan,nan,nan,nan,nan,-2.0080276,-67.265038,-0.18930286,-59.69408,8033.7437,nan,-52.5751
nan,nan,nan,nan,nan,nan,nan,nan,-2.0265729,-67.047531,-0.18917282,-59.470333,8108.4629,nan,-52.379601
nan,nan,nan,nan,nan,nan,nan,nan,-2.0451055,-66.818932,-0.18904158,-59.245659,8183.1309,nan,-52.183262
nan,nan,nan,nan,nan,nan,nan,nan,-2.0636251,-66.702072,-0.18890916,-59.020081,8257.7471,nan,-51.986103
nan,nan,nan,nan,nan,nan,nan,nan,-2.0821316,-66.512428,-0.18877552,-58.79361,8332.3096,nan,-51.788139
nan,nan,nan,nan,nan,nan,nan,nan,-2.100625,-66.12915,-0.18864071,-58.566269,8406.8203,nan,-51.589382
nan,nan,nan,nan,nan,nan,nan,nan,-2.1191053,-65.905106,-0.1885047,-58.338074,8481.2773,nan,-51.389854
nan,nan,nan,nan,nan,nan,nan,nan,-2.1375721,-65.760948,-0.1883675,-58.109047,8555.6797,nan,-51.189564
nan,nan,nan,nan,nan,nan,nan,nan,-2.1560254,-65.479462,-0.1882291,-57.8792,8630.0283,nan,-50.988533
nan,nan,nan,nan,nan,nan,nan,nan,-2.1744649,-65.229256,-0.18808952,-57.648556,8704.3223,nan,-50.786774
nan,nan,nan,nan,nan,nan,nan,nan,-2.1928909,-64.935265,-0.18794875,-57.417133,8778.5605,nan,-50.584305
nan,nan,nan,nan,nan,nan,nan,nan,-2.211303,-64.715195,-0.1878068,-57.184948,8852.7432,nan,-50.381138
nan,nan,nan,nan,nan,nan,nan,nan,-2.2297013,-64.498535,-0.18766366,-56.952023,8926.8691,nan,-50.177296
nan,nan,nan,nan,nan,nan,nan,nan,-2.2480853,-64.312866,-0.18751933,-56.718372,9000.9385,nan,-49.97279
nan,nan,nan,nan,nan,nan,nan,nan,-2.2664552,-64.096214,-0.18737382,-56.484013,9074.9502,nan,-49.767635
nan,nan,nan,nan,nan,nan,nan,nan,-2.2848105,-63.69133,-0.18722712,-56.24897,9148.9053,nan,-49.561852
nan,nan,nan,nan,nan,nan,nan,nan,-2.3031516,-63.507938,-0.18707924,-56.013252,9222.8018,nan,-49.355453
