entree,ChampB,ChampBdes,ChampH2,derivChampB,derivChampBdes,timeC,ih,v2_for_integration,ChampH23,ChampB_brut,ChampH2_brut,derivChampB_brut,ih_probe,ChampH2_probe_brut
2.0713551,-0.00060616486,0,8.7193327,20839.988,31415.893,0,-0.18847646,-2.3819489,-34.767838,-0.11800294,-27.761086,9565.1191,-0.080921352,-24.155613
2.071383,-0.00027221825,0.00050265429,8.7875109,20840.092,31415.893,1.6e-08,-0.18806569,-2.3935034,-34.692066,-0.11784901,-27.657715,9611.6729,-0.080271311,-24.063368
2.0714123,6.1732651e-05,0.0010053054,8.8556538,20840.064,31415.695,3.2e-08,-0.18735899,-2.4050429,-34.561703,-0.11769435,-27.554144,9658.165,-0.080636002,-23.970991
2.0714431,0.00039568046,0.0015079501,8.9237614,20839.902,31415.299,4.8e-08,-0.18693049,-2.4165668,-34.482658,-0.11753894,-27.450375,9704.5957,-0.079766229,-23.878487
2.0714748,0.00072962837,0.0020105855,8.9918318,20839.611,31414.703,6.4e-08,-0.18618834,-2.4280758,-34.345757,-0.11738279,-27.346415,9750.9648,-0.078894928,-23.78586
2.0715077,0.001063569,0.002513208,9.059866,20839.188,31413.908,8e-08,-0.18587083,-2.4395695,-34.287186,-0.11722589,-27.242266,9797.2725,-0.077872552,-23.693113
2.0715415,0.0013975054,0.0030158146,9.127862,20838.633,31412.916,9.6e-08,-0.18536526,-2.4510474,-34.193924,-0.11706825,-27.137932,9843.5186,-0.078026675,-23.600252
2.0715764,0.0017314304,0.0035184023,9.1958189,20837.945,31411.727,1.12e-07,-0.18433411,-2.4625101,-34.003708,-0.11690988,-27.033422,9889.7012,-0.07720267,-23.507278
2.0716121,0.002065347,0.0040209675,9.2637377,20837.127,31410.338,1.28e-07,-0.18370986,-2.4739573,-33.888557,-0.11675077,-26.928736,9935.8213,-0.07651601,-23.414198
2.0716484,0.0023992478,0.0045235078,9.3316174,20836.176,31408.75,1.44e-07,-0.18353339,-2.4853888,-33.856003,-0.11659092,-26.823881,9981.8789,-0.07666707,-23.321011
2.0716853,0.0027331361,0.0050260192,9.399456,20835.094,31406.965,1.6e-07,-0.18235581,-2.4968045,-33.638775,-0.11643033,-26.718861,10027.873,-0.075586721,-23.227726
2.0717227,0.0030670045,0.0055284989,9.4672546,20833.879,31404.98,1.76e-07,-0.18242131,-2.5082045,-33.65086,-0.11626901,-26.61368,10073.804,-0.075045012,-23.134342
2.0717607,0.0034008559,0.0060309432,9.5350103,20832.533,31402.797,1.92e-07,-0.18172848,-2.5195887,-33.523052,-0.11610696,-26.508345,10119.671,-0.073775448,-23.040865
2.0717986,0.0037346834,0.0065333499,9.602725,20831.055,31400.416,2.08e-07,-0.18099634,-2.530957,-33.387997,-0.11594416,-26.402857,10165.474,-0.074205756,-22.9473
2.0718367,0.0040684897,0.0070357155,9.6703968,20829.445,31397.838,2.24e-07,-0.18055552,-2.542309,-33.306683,-0.11578064,-26.29722,10211.212,-0.073899046,-22.853649
2.0718746,0.0044022677,0.0075380364,9.7380257,20827.703,31395.059,2.4e-07,-0.17997675,-2.5536454,-33.199917,-0.11561639,-26.191442,10256.886,-0.073828854,-22.759914
2.0719123,0.0047360202,0.0080403099,9.8056107,20825.83,31392.084,2.56e-07,-0.1790296,-2.5649655,-33.025196,-0.1154514,-26.085527,10302.494,-0.072923981,-22.666101
2.0719495,0.0050697406,0.0085425321,9.8731508,20823.824,31388.91,2.72e-07,-0.17889242,-2.5762691,-32.999893,-0.11528569,-25.979479,10348.038,-0.072188482,-22.572216
2.071986,0.0054034311,0.0090447012,9.9406452,20821.688,31385.537,2.88e-07,-0.17820729,-2.5875568,-32.873508,-0.11511926,-25.873302,10393.516,-0.071573533,-22.478258
2.0720215,0.0057370849,0.0095468126,10.008095,20819.418,31381.967,3.04e-07,-0.17716612,-2.5988281,-32.681446,-0.11495209,-25.767,10438.928,-0.070912808,-22.384232
2.0720561,0.0060707051,0.010048863,10.075499,20817.02,31378.197,3.2e-07,-0.17701121,-2.6100829,-32.65287,-0.11478419,-25.66058,10484.273,-0.071364485,-22.290142
2.0720892,0.0064042844,0.010550851,10.142855,20814.486,31374.23,3.36e-07,-0.17652954,-2.6213212,-32.564018,-0.11461557,-25.554043,10529.553,-0.069954529,-22.195992
2.0721209,0.0067378259,0.011052772,10.210164,20811.824,31370.064,3.52e-07,-0.17585982,-2.6325431,-32.440479,-0.11444623,-25.447397,10574.766,-0.068643756,-22.101786
2.0721509,0.0070713218,0.011554623,10.277425,20809.027,31365.701,3.68e-07,-0.17539665,-2.6437483,-32.355038,-0.11427616,-25.340643,10619.911,-0.069229715,-22.007524
2.0721788,0.0074047758,0.012056401,10.344638,20806.102,31361.141,3.84e-07,-0.17462984,-2.6549366,-32.213585,-0.11410537,-25.233789,10664.989,-0.068355359,-21.913216
2.0722046,0.0077381805,0.012558104,10.411801,20803.041,31356.381,4e-07,-0.17430924,-2.6661084,-32.154446,-0.11393387,-25.126837,10710,-0.06825617,-21.818859
2.072228,0.0080715381,0.013059726,10.478915,20799.852,31351.422,4.16e-07,-0.17367499,-2.677263,-32.037445,-0.11376164,-25.019793,10754.943,-0.067661062,-21.724461
2.0722485,0.0084048435,0.013561266,10.545979,20796.529,31346.268,4.32e-07,-0.17334282,-2.688401,-31.976171,-0.11358869,-24.912659,10799.817,-0.066969819,-21.630022
2.0722661,0.0087380968,0.014062721,10.612992,20793.076,31340.912,4.48e-07,-0.17298986,-2.699522,-31.91106,-0.11341503,-24.805443,10844.624,-0.066614278,-21.535549
2.0722804,0.0090712933,0.014564087,10.679955,20789.492,31335.361,4.64e-07,-0.17167895,-2.7106259,-31.669239,-0.11324065,-24.698147,10889.361,-0.065730765,-21.441044
2.0722914,0.0094044348,0.015065361,10.746864,20785.775,31329.611,4.8e-07,-0.17152712,-2.7217126,-31.641233,-0.11306556,-24.590776,10934.03,-0.065952025,-21.346508
2.0722983,0.009737514,0.015566539,10.813723,20781.928,31323.664,4.96e-07,-0.1706185,-2.7327821,-31.473621,-0.11288974,-24.483335,10978.63,-0.065413371,-21.251949
2.0723011,0.010070534,0.016067619,10.880528,20777.949,31317.52,5.12e-07,-0.17008829,-2.7438345,-31.375813,-0.11271322,-24.37583,11023.16,-0.065024264,-21.157368
2.0723,0.010403489,0.016568597,10.947281,20773.836,31311.176,5.28e-07,-0.16960122,-2.7548695,-31.285967,-0.11253598,-24.268261,11067.62,-0.063510545,-21.062767
2.0722938,0.01073638,0.017069472,11.013979,20769.596,31304.635,5.44e-07,-0.16912264,-2.765887,-31.197681,-0.11235804,-24.160635,11112.01,-0.06278573,-20.968151
2.0722828,0.0110692,0.017570239,11.080624,20765.221,31297.896,5.6e-07,-0.16826411,-2.7768872,-31.039312,-0.11217938,-24.052956,11156.329,-0.062776573,-20.873524
2.0722668,0.011401953,0.018070893,11.147213,20760.717,31290.959,5.76e-07,-0.1679859,-2.7878697,-30.987991,-0.11200003,-23.945229,11200.578,-0.062547684,-20.778887
2.0722451,0.011734632,0.018571435,11.213748,20756.08,31283.824,5.92e-07,-0.16716668,-2.7988348,-30.83687,-0.11181995,-23.837458,11244.756,-0.063039035,-20.684246
2.0722177,0.012067238,0.019071858,11.280228,20751.312,31276.494,6.08e-07,-0.16701408,-2.809782,-30.808722,-0.11163917,-23.729647,11288.862,-0.061166722,-20.589603
2.0721841,0.012399767,0.019572163,11.34665,20746.412,31268.965,6.24e-07,-0.16589276,-2.8207116,-30.601873,-0.11145769,-23.621801,11332.897,-0.061149936,-20.494961
2.0721443,0.012732218,0.020072343,11.413017,20741.383,31261.236,6.4e-07,-0.1651822,-2.8316233,-30.470798,-0.1112755,-23.513922,11376.861,-0.060617391,-20.400324
2.0720975,0.013064587,0.020572394,11.479327,20736.221,31253.312,6.56e-07,-0.16490322,-2.8425171,-30.419336,-0.11109261,-23.406017,11420.753,-0.059784234,-20.305693
2.0720441,0.013396877,0.021072319,11.54558,20730.93,31245.191,6.72e-07,-0.16403159,-2.8533928,-30.258549,-0.11090902,-23.29809,11464.571,-0.060028382,-20.211075
2.0719833,0.013729079,0.021572107,11.611774,20725.506,31236.873,6.88e-07,-0.16385049,-2.8642507,-30.22514,-0.11072473,-23.190145,11508.317,-0.059233375,-20.11647
2.0719151,0.014061196,0.022071762,11.677912,20719.951,31228.355,7.04e-07,-0.16326863,-2.8750906,-30.117807,-0.11053974,-23.082184,11551.991,-0.058610797,-20.021883
2.0718391,0.014393223,0.022571275,11.74399,20714.264,31219.643,7.2e-07,-0.16292569,-2.8859122,-30.054544,-0.11035405,-22.974215,11595.592,-0.057637256,-19.927315
2.0717549,0.01472516,0.023070646,11.810009,20708.447,31210.732,7.36e-07,-0.16223902,-2.8967154,-29.927876,-0.11016767,-22.866238,11639.118,-0.056993317,-19.832771
2.0716624,0.015057002,0.023569873,11.875969,20702.5,31201.623,7.52e-07,-0.16210878,-2.9075005,-29.903851,-0.10998058,-22.758261,11682.571,-0.057264931,-19.738255
2.0715613,0.015388751,0.02406895,11.94187,20696.42,31192.318,7.68e-07,-0.16082639,-2.9182673,-29.66729,-0.10979281,-22.650284,11725.95,-0.056312755,-19.643768
2.0714514,0.015720401,0.024567876,12.00771,20690.211,31182.816,7.84e-07,-0.16040406,-2.9290154,-29.589384,-0.10960434,-22.542315,11769.255,-0.055580311,-19.549313
2.0713322,0.016051954,0.025066646,12.07349,20683.871,31173.117,8e-07,-0.15968888,-2.9397452,-29.457457,-0.10941517,-22.434357,11812.485,-0.0562624,-19.454893
2.0712035,0.016383404,0.025565257,12.139209,20677.398,31163.223,8.16e-07,-0.15893285,-2.9504564,-29.317993,-0.10922533,-22.326412,11855.641,-0.054489274,-19.360514
2.0710652,0.016714752,0.026063707,12.204867,20670.797,31153.129,8.32e-07,-0.1588473,-2.961149,-29.302214,-0.10903478,-22.218487,11898.722,-0.054147467,-19.266174
2.0709169,0.017045991,0.026561992,12.270464,20664.062,31142.84,8.48e-07,-0.15801498,-2.9718227,-29.148678,-0.10884355,-22.110584,11941.727,-0.053532518,-19.171881
2.0707583,0.017377125,0.02706011,12.335999,20657.199,31132.354,8.64e-07,-0.15744391,-2.9824779,-29.043333,-0.10865163,-22.002708,11984.656,-0.053469956,-19.077633
2.0705895,0.017708149,0.027558057,12.401473,20650.203,31121.67,8.8e-07,-0.15675339,-2.9931142,-28.915955,-0.10845903,-21.894863,12027.51,-0.052922148,-18.983437
2.0704098,0.018039061,0.028055828,12.466884,20643.078,31110.791,8.96e-07,-0.1567349,-3.0037315,-28.912542,-0.10826574,-21.787052,12070.287,-0.052566607,-18.889294
2.0702193,0.018369857,0.028553424,12.532232,20635.822,31099.715,9.12e-07,-0.15556811,-3.0143299,-28.697308,-0.10807176,-21.679279,12112.987,-0.051686149,-18.795206
2.0700176,0.01870054,0.02905084,12.597517,20628.438,31088.443,9.28e-07,-0.1552791,-3.024909,-28.643995,-0.1078771,-21.571548,12155.611,-0.051303141,-18.701178
2.0698047,0.019031102,0.029548071,12.66274,20620.92,31076.975,9.44e-07,-0.15442443,-3.0354693,-28.486336,-0.10768176,-21.463863,12198.159,-0.050413527,-18.60721
2.0695801,0.019361546,0.030045116,12.727898,20613.271,31065.309,9.6e-07,-0.15417935,-3.0460103,-28.441128,-0.10748574,-21.35623,12240.629,-0.050120547,-18.513308
2.0693438,0.019691866,0.030541971,12.792994,20605.494,31053.447,9.76e-07,-0.15365145,-3.0565321,-28.343746,-0.10728905,-21.248648,12283.021,-0.049841303,-18.419472
2.0690954,0.020022063,0.031038633,12.858025,20597.586,31041.391,9.92e-07,-0.15300408,-3.0670347,-28.224329,-0.10709167,-21.141125,12325.336,-0.04887234,-18.325705
2.0688348,0.020352133,0.0315351,12.922991,20589.547,31029.137,1.008e-06,-0.15249622,-3.0775177,-28.130642,-0.10689362,-21.033663,12367.572,-0.048841823,-18.232012
2.068562,0.020682074,0.032031365,12.987894,20581.379,31016.688,1.024e-06,-0.15160841,-3.0879815,-27.966869,-0.10669489,-20.926266,12409.73,-0.048721276,-18.138391
2.0682766,0.021011883,0.032527432,13.052732,20573.08,31004.041,1.04e-06,-0.15111363,-3.0984256,-27.875601,-0.10649549,-20.818937,12451.811,-0.04725486,-18.044849
2.0679786,0.021341562,0.03302329,13.117505,20564.65,30991.199,1.056e-06,-0.15063967,-3.1088502,-27.78817,-0.10629541,-20.711679,12493.811,-0.046507157,-17.951389
2.0676677,0.021671103,0.03351894,13.182213,20556.092,30978.162,1.072e-06,-0.14996997,-3.1192551,-27.664631,-0.10609467,-20.604498,12535.732,-0.046258431,-17.858009
2.067344,0.02200051,0.034014378,13.246856,20547.402,30964.93,1.088e-06,-0.15015492,-3.1296403,-27.69875,-0.10589325,-20.497396,12577.575,-0.046327099,-17.764717
2.0670068,0.022329777,0.034509603,13.311433,20538.582,30951.502,1.104e-06,-0.1490521,-3.1400058,-27.495314,-0.10569117,-20.390379,12619.337,-0.04534898,-17.671511
2.0666566,0.022658903,0.035004608,13.375945,20529.635,30937.879,1.12e-06,-0.14832997,-3.1503515,-27.362106,-0.10548842,-20.283445,12661.021,-0.044894252,-17.578394
2.0662928,0.022987885,0.035499394,13.440391,20520.555,30924.059,1.136e-06,-0.1479747,-3.1606772,-27.296568,-0.105285,-20.176603,12702.623,-0.044959869,-17.485371
2.0659156,0.023316722,0.035993956,13.504771,20511.346,30910.045,1.152e-06,-0.14743908,-3.1709831,-27.197765,-0.10508092,-20.069853,12744.145,-0.043238625,-17.392443
2.0655246,0.023645412,0.036488287,13.569085,20502.008,30895.834,1.168e-06,-0.14677553,-3.1812687,-27.075361,-0.10487618,-19.9632,12785.586,-0.044187751,-17.29961
2.0651197,0.023973953,0.036982391,13.633333,20492.539,30881.43,1.184e-06,-0.14631005,-3.1915345,-26.989494,-0.10467077,-19.856647,12826.946,-0.042559586,-17.206879
2.0647013,0.024302341,0.03747626,13.697515,20482.941,30866.83,1.2e-06,-0.1453421,-3.2017798,-26.810938,-0.10446469,-19.750198,12868.226,-0.042669453,-17.114248
2.0642686,0.024630578,0.037969891,13.761629,20473.215,30852.035,1.216e-06,-0.14500377,-3.2120051,-26.748528,-0.10425797,-19.643854,12909.424,-0.042225409,-17.021723
2.063822,0.024958657,0.038463283,13.825678,20463.355,30837.045,1.232e-06,-0.14470552,-3.2222102,-26.69351,-0.10405058,-19.537622,12950.539,-0.042184211,-16.929304
2.0633612,0.02528658,0.038956434,13.88966,20453.371,30821.859,1.248e-06,-0.14389169,-3.2323947,-26.543385,-0.10384253,-19.431501,12991.573,-0.041685231,-16.836994
2.0628862,0.025614342,0.039449338,13.953575,20443.254,30806.48,1.264e-06,-0.1433661,-3.242559,-26.446428,-0.10363384,-19.325499,13032.525,-0.04046144,-16.744793
2.062397,0.025941944,0.039941993,14.017423,20433.01,30790.906,1.28e-06,-0.14297074,-3.2527027,-26.373499,-0.10342448,-19.219614,13073.395,-0.039992981,-16.652706
2.0618932,0.026269378,0.040434394,14.081203,20422.635,30775.139,1.296e-06,-0.14232415,-3.262826,-26.254225,-0.10321447,-19.113852,13114.181,-0.039318521,-16.560734
2.0613754,0.02659665,0.040926542,14.144918,20412.131,30759.176,1.312e-06,-0.14183015,-3.2729285,-26.163097,-0.10300381,-19.008215,13154.884,-0.038776819,-16.46888
2.0608428,0.026923751,0.041418429,14.208565,20401.498,30743.018,1.328e-06,-0.14118972,-3.2830102,-26.044958,-0.10279249,-18.902708,13195.504,-0.038952298,-16.377144
2.0602961,0.027250685,0.041910056,14.272145,20390.736,30726.666,1.344e-06,-0.14062713,-3.2930715,-25.941179,-0.10258054,-18.797333,13236.04,-0.038073365,-16.285528
2.0597346,0.027577445,0.042401418,14.335658,20379.846,30710.121,1.36e-06,-0.1400838,-3.3031118,-25.840954,-0.10236793,-18.692091,13276.493,-0.038247321,-16.194036
2.0591586,0.027904032,0.042892512,14.399103,20368.826,30693.381,1.376e-06,-0.1393193,-3.3131313,-25.699928,-0.10215467,-18.586987,13316.861,-0.037064731,-16.102671
2.058568,0.02823044,0.043383334,14.462481,20357.676,30676.449,1.392e-06,-0.1392538,-3.3231299,-25.687843,-0.10194077,-18.482023,13357.146,-0.0364803,-16.011431
2.0579629,0.028556673,0.043873884,14.525792,20346.398,30659.322,1.408e-06,-0.13827042,-3.3331075,-25.506443,-0.10172623,-18.377203,13397.346,-0.036417738,-15.920321
2.0573432,0.028882721,0.044364154,14.589035,20334.992,30642,1.424e-06,-0.13793519,-3.3430641,-25.444601,-0.10151104,-18.27253,13437.461,-0.034934539,-15.829341
2.0567091,0.029208591,0.044854145,14.652211,20323.459,30624.486,1.44e-06,-0.13729014,-3.3529994,-25.325611,-0.10129521,-18.168003,13477.49,-0.034936063,-15.738493
2.0560601,0.029534275,0.045343857,14.715321,20311.795,30606.779,1.456e-06,-0.13702425,-3.3629136,-25.276564,-0.10107875,-18.063629,13517.435,-0.034658346,-15.64778
2.0553966,0.029859772,0.045833278,14.778362,20300.002,30588.877,1.472e-06,-0.13623047,-3.3728065,-25.130135,-0.10086164,-17.959408,13557.294,-0.034725487,-15.557203
2.0547185,0.030185079,0.046322409,14.841336,20288.082,30570.783,1.488e-06,-0.13571411,-3.3826783,-25.034885,-0.1006439,-17.855345,13597.066,-0.03431654,-15.466764
2.0540259,0.030510198,0.046811249,14.904243,20276.033,30552.496,1.504e-06,-0.13525558,-3.3925285,-24.950298,-0.10042552,-17.751442,13636.754,-0.032630391,-15.376465
2.0533187,0.030835122,0.047299795,14.967082,20263.855,30534.016,1.52e-06,-0.13435389,-3.4023573,-24.783966,-0.1002065,-17.647699,13676.354,-0.032862332,-15.286307
2.052597,0.031159854,0.047788039,15.029855,20251.551,30515.342,1.536e-06,-0.13422056,-3.4121649,-24.759373,-0.099986859,-17.544121,13715.868,-0.032932524,-15.196292
2.0518608,0.031484388,0.048275981,15.09256,20239.117,30496.477,1.552e-06,-0.13355701,-3.4219506,-24.636971,-0.099766582,-17.44071,13755.296,-0.032082584,-15.106421
2.0511103,0.031808723,0.048763622,15.155197,20226.557,30477.418,1.568e-06,-0.13308844,-3.4317148,-24.550533,-0.099545673,-17.337469,13794.636,-0.031214332,-15.016696
2.0503452,0.032132853,0.049250953,15.217768,20213.867,30458.166,1.584e-06,-0.13251816,-3.4414573,-24.445333,-0.099324137,-17.2344,13833.889,-0.031054109,-14.927118
2.0495656,0.032456785,0.049737971,15.280272,20201.051,30438.723,1.6e-06,-0.13214591,-3.4511781,-24.376667,-0.099101968,-17.131504,13873.054,-0.030071413,-14.83769
2.0487716,0.032780509,0.050224677,15.342709,20188.104,30419.088,1.616e-06,-0.13129048,-3.4608772,-24.218866,-0.098879181,-17.028784,13912.131,-0.03001648,-14.748412
2.0479636,0.033104029,0.050711066,15.405078,20175.031,30399.26,1.632e-06,-0.13094136,-3.4705544,-24.154467,-0.098655768,-16.926243,13951.12,-0.030384228,-14.659286
2.0471411,0.033427335,0.051197134,15.467381,20161.832,30379.24,1.648e-06,-0.13046046,-3.4802096,-24.065756,-0.098431729,-16.823883,13990.021,-0.028925443,-14.570313
2.0463042,0.033750437,0.051682878,15.529616,20148.504,30359.027,1.664e-06,-0.12963431,-3.4898427,-23.913357,-0.098207071,-16.721706,14028.833,-0.029026154,-14.481496
2.0454533,0.034073319,0.052168295,15.591786,20135.047,30338.625,1.68e-06,-0.12966514,-3.499454,-23.919043,-0.097981788,-16.619713,14067.557,-0.028498184,-14.392834
2.0445883,0.034395989,0.052653383,15.653889,20121.465,30318.029,1.696e-06,-0.12830181,-3.509043,-23.667555,-0.097755894,-16.517908,14106.191,-0.027137058,-14.304329
2.0437093,0.034718439,0.053138141,15.715924,20107.754,30297.242,1.712e-06,-0.1283049,-3.51861,-23.668123,-0.097529374,-16.416292,14144.736,-0.026868496,-14.215982
2.0428162,0.035040673,0.053622559,15.777894,20093.918,30276.264,1.728e-06,-0.12722827,-3.5281546,-23.469521,-0.097302243,-16.314867,14183.192,-0.026572466,-14.127796
2.041909,0.035362683,0.054106642,15.839797,20079.953,30255.096,1.744e-06,-0.12748337,-3.537677,-23.516577,-0.097074501,-16.213636,14221.558,-0.026273385,-14.039771
2.040988,0.035684474,0.054590382,15.901634,20065.861,30233.734,1.76e-06,-0.12697627,-3.5471771,-23.423035,-0.096846141,-16.1126,14259.834,-0.025362408,-13.951908
2.0400531,0.036006033,0.055073775,15.963406,20051.643,30212.184,1.776e-06,-0.12654161,-3.5566547,-23.342854,-0.09661717,-16.011761,14298.02,-0.025650807,-13.864208
2.0391045,0.03632737,0.055556823,16.02511,20037.299,30190.441,1.792e-06,-0.12587112,-3.5661099,-23.219172,-0.096387587,-15.911119,14336.114,-0.024608601,-13.776672
2.038142,0.036648475,0.056039516,16.08675,20022.826,30168.508,1.808e-06,-0.12524611,-3.5755424,-23.103876,-0.096157394,-15.810678,14374.118,-0.024854274,-13.689302
2.0371659,0.036969349,0.056521859,16.148323,20008.227,30146.385,1.824e-06,-0.12441071,-3.5849526,-22.94977,-0.095926598,-15.71044,14412.032,-0.023946349,-13.602099
2.036176,0.037289988,0.057003845,16.209829,19993.502,30124.07,1.84e-06,-0.12432747,-3.5943401,-22.934418,-0.095695198,-15.610406,14449.854,-0.023119297,-13.515063
2.0351727,0.037610393,0.057485469,16.271273,19978.65,30101.566,1.856e-06,-0.12344892,-3.6037047,-22.77235,-0.095463187,-15.510576,14487.584,-0.023268837,-13.428196
2.0341558,0.037930559,0.057966731,16.332649,19963.672,30078.873,1.872e-06,-0.12327474,-3.6130466,-22.740221,-0.095230579,-15.410954,14525.224,-0.022756126,-13.341497
2.0331256,0.038250487,0.058447625,16.393961,19948.568,30055.988,1.888e-06,-0.12240081,-3.622366,-22.579008,-0.094997361,-15.311542,14562.771,-0.0228782,-13.254971
2.0320821,0.038570173,0.058928154,16.455206,19933.336,30032.914,1.904e-06,-0.12232759,-3.6316621,-22.565502,-0.094763555,-15.212338,14600.225,-0.021321757,-13.168613
2.0310249,0.038889617,0.059408307,16.516388,19917.98,30009.65,1.92e-06,-0.12146213,-3.6409354,-22.405853,-0.094529137,-15.113347,14637.587,-0.021848202,-13.08243
2.0299547,0.039208811,0.059888087,16.577505,19902.496,29986.197,1.936e-06,-0.12146675,-3.6501858,-22.406706,-0.094294131,-15.014568,14674.856,-0.020172736,-12.996418
2.0288713,0.039527763,0.060367487,16.638557,19886.889,29962.553,1.952e-06,-0.12049494,-3.6594129,-22.227438,-0.094058529,-14.916004,14712.033,-0.020415356,-12.910581
2.0277748,0.039846458,0.060846508,16.699545,19871.152,29938.721,1.968e-06,-0.12002945,-3.668617,-22.141571,-0.09382233,-14.817656,14749.117,-0.019930113,-12.824918
2.026665,0.040164907,0.06132514,16.760468,19855.293,29914.701,1.984e-06,-0.11933354,-3.677798,-22.013197,-0.093585543,-14.719524,14786.107,-0.01943266,-12.739429
2.0255423,0.040483098,0.061803389,16.821327,19839.307,29890.49,2e-06,-0.1184858,-3.6869557,-21.856815,-0.09334816,-14.621612,14823.004,-0.018303476,-12.654117
2.0244064,0.040801037,0.062281247,16.882122,19823.195,29866.092,2.016e-06,-0.11834862,-3.6960902,-21.831511,-0.093110189,-14.523918,14859.807,-0.018597979,-12.568981
2.0232577,0.041118715,0.062758714,16.942852,19806.959,29841.504,2.032e-06,-0.1173059,-3.7052014,-21.639164,-0.092871629,-14.426445,14896.515,-0.017905209,-12.484023
2.0220964,0.041436136,0.063235775,17.003519,19790.598,29816.727,2.048e-06,-0.11752015,-3.7142889,-21.678684,-0.092632487,-14.329194,14933.13,-0.017577136,-12.399241
2.0209219,0.041753296,0.063712448,17.064123,19774.109,29791.764,2.064e-06,-0.11687587,-3.7233534,-21.559835,-0.092392758,-14.232165,14969.649,-0.016484573,-12.314639
2.0197346,0.042070191,0.064188711,17.124664,19757.496,29766.609,2.08e-06,-0.11632716,-3.732394,-21.458616,-0.092152439,-14.135361,15006.074,-0.016637165,-12.230216
2.0185349,0.042386819,0.064664572,17.185141,19740.76,29741.27,2.096e-06,-0.11585627,-3.7414112,-21.371754,-0.091911547,-14.03878,15042.404,-0.016919462,-12.145971
2.0173223,0.042703178,0.065140024,17.245556,19723.896,29715.74,2.112e-06,-0.11515959,-3.7504046,-21.243238,-0.091670066,-13.942426,15078.64,-0.016234322,-12.061907
2.0160971,0.043019269,0.065615065,17.305906,19706.91,29690.025,2.128e-06,-0.11461627,-3.7593744,-21.143013,-0.091428012,-13.846298,15114.779,-0.015485092,-11.978023
2.0148592,0.043335091,0.06608969,17.366196,19689.799,29664.121,2.144e-06,-0.11433112,-3.7683206,-21.090412,-0.091185376,-13.750398,15150.822,-0.014613789,-11.894319
2.0136087,0.043650635,0.066563897,17.42642,19672.561,29638.029,2.16e-06,-0.11363367,-3.7772427,-20.961754,-0.090942167,-13.654726,15186.771,-0.01491287,-11.810796
2.0123458,0.043965906,0.067037687,17.486584,19655.201,29611.752,2.176e-06,-0.11326375,-3.7861412,-20.893515,-0.090698384,-13.559282,15222.622,-0.014159063,-11.727455
2.0110705,0.044280894,0.067511052,17.546686,19637.715,29585.285,2.192e-06,-0.11296781,-3.7950156,-20.838924,-0.090454027,-13.464069,15258.378,-0.01387524,-11.644296
2.0097828,0.044595607,0.067983985,17.606724,19620.105,29558.635,2.208e-06,-0.11231505,-3.8038661,-20.718512,-0.090209104,-13.369086,15294.036,-0.012326426,-11.561318
2.0084825,0.04491004,0.068456493,17.666702,19602.371,29531.795,2.224e-06,-0.11155363,-3.8126926,-20.578054,-0.089963607,-13.274334,15329.599,-0.012474441,-11.478523
2.00717,0.045224186,0.06892857,17.726618,19584.514,29504.77,2.24e-06,-0.11109431,-3.8214951,-20.493324,-0.089717537,-13.179813,15365.063,-0.011586352,-11.39591
2.0058451,0.045538045,0.069400214,17.78647,19566.533,29477.557,2.256e-06,-0.11070127,-3.8302734,-20.42082,-0.089470908,-13.085525,15400.431,-0.011799982,-11.31348
2.0045078,0.045851618,0.069871418,17.846264,19548.428,29450.16,2.272e-06,-0.11039609,-3.8390274,-20.364525,-0.089223705,-12.991468,15435.701,-0.011720633,-11.231234
2.0031581,0.046164904,0.070342176,17.905994,19530.197,29422.576,2.288e-06,-0.1100462,-3.8477571,-20.299982,-0.088975951,-12.897645,15470.874,-0.01078219,-11.14917
2.0017965,0.046477895,0.070812494,17.965666,19511.846,29394.805,2.304e-06,-0.10925627,-3.8564627,-20.154264,-0.088727623,-12.804056,15505.948,-0.010728782,-11.067289
2.0004225,0.046790592,0.071282364,18.025274,19493.369,29366.85,2.32e-06,-0.10875379,-3.8651438,-20.061573,-0.088478744,-12.7107,15540.925,-0.0092623681,-10.985592
1.9990362,0.047102995,0.071751781,18.084824,19474.771,29338.709,2.336e-06,-0.10814264,-3.8738005,-19.948837,-0.088229299,-12.617579,15575.803,-0.0094805751,-10.904078
1.9976379,0.0474151,0.07222075,18.14431,19456.047,29310.383,2.352e-06,-0.10769643,-3.8824329,-19.866524,-0.087979302,-12.524692,15610.582,-0.0096270638,-10.822748
1.9962274,0.047726907,0.072689258,18.203737,19437.203,29281.871,2.368e-06,-0.10725869,-3.8910406,-19.785776,-0.087728746,-12.432039,15645.263,-0.0084459977,-10.741601
1.9948046,0.048038408,0.07315731,18.263105,19418.232,29253.174,2.384e-06,-0.10688723,-3.8996239,-19.717253,-0.087477632,-12.339622,15679.845,-0.0082750935,-10.660638
1.9933699,0.048349611,0.073624894,18.322411,19399.143,29224.293,2.4e-06,-0.10619748,-3.9081824,-19.590015,-0.087225974,-12.247439,15714.327,-0.0079256566,-10.579858
1.991923,0.048660506,0.074092023,18.381659,19379.928,29195.227,2.416e-06,-0.10607417,-3.9167161,-19.56727,-0.086973764,-12.155492,15748.71,-0.0066438797,-10.499261
1.990464,0.048971094,0.074558675,18.440844,19360.59,29165.977,2.432e-06,-0.10548923,-3.9252253,-19.459368,-0.086720996,-12.06378,15782.993,-0.006717124,-10.418847
1.9889929,0.04928137,0.075024858,18.499971,19341.131,29136.541,2.448e-06,-0.10493435,-3.9337096,-19.35701,-0.086467691,-11.972303,15817.177,-0.0067659537,-10.338617
1.9875098,0.049591336,0.075490572,18.559038,19321.549,29106.924,2.464e-06,-0.10479023,-3.942169,-19.330425,-0.086213835,-11.881062,15851.26,-0.0062395092,-10.25857
1.9860146,0.04990099,0.075955808,18.618046,19301.846,29077.121,2.48e-06,-0.1041683,-3.9506035,-19.215698,-0.085959435,-11.790055,15885.243,-0.0060533462,-10.178705
1.9845074,0.050210331,0.07642056,18.676994,19282.02,29047.135,2.496e-06,-0.10333136,-3.9590132,-19.06131,-0.085704491,-11.699285,15919.125,-0.006002991,-10.099023
1.9829882,0.050519351,0.076884829,18.735884,19262.07,29016.965,2.512e-06,-0.10326585,-3.9673977,-19.049225,-0.085449003,-11.608748,15952.907,-0.0040482804,-10.019524
1.9814569,0.050828055,0.07734862,18.794712,19242.002,28986.611,2.528e-06,-0.10254913,-3.9757574,-18.917013,-0.085192978,-11.518448,15986.588,-0.0049012727,-9.9402065
1.9799136,0.051136434,0.077811912,18.853483,19221.809,28956.076,2.544e-06,-0.10189637,-3.9840918,-18.7966,-0.084936418,-11.428382,16020.167,-0.0045991396,-9.8610716
1.9783584,0.05144449,0.078274719,18.912195,19201.496,28925.357,2.56e-06,-0.10143397,-3.9924009,-18.711302,-0.08467932,-11.33855,16053.645,-0.0037675099,-9.7821178
1.976791,0.051752225,0.078737028,18.970848,19181.061,28894.455,2.576e-06,-0.10130064,-4.0006852,-18.686708,-0.084421687,-11.248953,16087.021,-0.0032914213,-9.7033453
1.9752117,0.052059628,0.079198845,19.029442,19160.506,28863.371,2.592e-06,-0.10059857,-4.0089436,-18.557198,-0.084163517,-11.159589,16120.296,-0.0023377179,-9.624754
1.9736204,0.052366704,0.079660155,19.087978,19139.828,28832.105,2.608e-06,-0.10025407,-4.0171771,-18.49365,-0.083904818,-11.070459,16153.469,-0.0022339548,-9.5463438
1.972017,0.052673452,0.080120966,19.146454,19119.029,28800.656,2.624e-06,-0.099551998,-4.0253854,-18.364138,-0.08364559,-10.981563,16186.539,-0.0015961181,-9.4681129
1.9704018,0.052979864,0.08058127,19.204872,19098.109,28769.025,2.64e-06,-0.098984011,-4.0335679,-18.259363,-0.083385833,-10.8929,16219.507,-0.0014435255,-9.3900633
1.9687744,0.053285945,0.081041068,19.263233,19077.068,28737.213,2.656e-06,-0.098406777,-4.0417252,-18.152884,-0.083125554,-10.804467,16252.372,-0.0009720145,-9.312192
1.9671351,0.053591684,0.081500351,19.321535,19055.908,28705.221,2.672e-06,-0.0984561,-4.0498567,-18.161982,-0.082864746,-10.716269,16285.135,-0.00058442948,-9.2344999
1.9654838,0.05389709,0.081959121,19.379778,19034.627,28673.045,2.688e-06,-0.097562127,-4.0579629,-17.997072,-0.08260341,-10.6283,16317.794,0.00029145175,-9.1569862
1.9638203,0.054202151,0.082417369,19.437963,19013.225,28640.689,2.704e-06,-0.097564436,-4.0660434,-17.997498,-0.082341559,-10.540563,16350.35,0.00039063691,-9.0796509
1.9621451,0.054506872,0.082875103,19.49609,18991.703,28608.152,2.72e-06,-0.096732885,-4.0740981,-17.844103,-0.082079187,-10.453055,16382.803,0.00032959989,-9.0024929
1.9604577,0.054811247,0.083332308,19.554159,18970.059,28575.434,2.736e-06,-0.096063942,-4.0821271,-17.720705,-0.081816293,-10.365778,16415.152,0.0018997772,-8.9255123
1.9587584,0.055115279,0.083788984,19.612169,18948.297,28542.535,2.752e-06,-0.095707126,-4.0901303,-17.654884,-0.081552885,-10.278729,16447.396,0.0017151402,-8.8487072
1.957047,0.055418961,0.084245138,19.670122,18926.414,28509.457,2.768e-06,-0.095357239,-4.0981073,-17.590342,-0.081288956,-10.191909,16479.537,0.0013046663,-8.7720785
1.9553236,0.055722293,0.084700756,19.728016,18904.412,28476.199,2.784e-06,-0.094799273,-4.1060591,-17.487415,-0.08102452,-10.105316,16511.574,0.0018555254,-8.6956253
1.9535881,0.05602527,0.085155837,19.785852,18882.291,28442.76,2.8e-06,-0.094294488,-4.1139846,-17.394299,-0.08075957,-10.01895,16543.506,0.0021576586,-8.6193466
1.9518406,0.056327894,0.08561039,19.843632,18860.049,28409.143,2.816e-06,-0.094025522,-4.1218839,-17.344683,-0.080494113,-9.9328108,16575.334,0.0040833764,-8.5432425
1.9500812,0.056630164,0.086064391,19.901352,18837.688,28375.344,2.832e-06,-0.093893737,-4.1297574,-17.320372,-0.08022815,-9.8468962,16607.057,0.0036423842,-8.4673109
1.9483097,0.056932077,0.086517856,19.959015,18815.209,28341.367,2.848e-06,-0.093086846,-4.1376052,-17.171528,-0.079961672,-9.7612057,16638.674,0.0035798212,-8.3915529
1.9465261,0.057233628,0.086970769,20.016621,18792.609,28307.211,2.864e-06,-0.092688411,-4.1454263,-17.098028,-0.079694696,-9.6757383,16670.186,0.0041444134,-8.3159657
1.9447305,0.057534821,0.087423138,20.074167,18769.893,28272.877,2.88e-06,-0.092282273,-4.1532216,-17.023108,-0.079427212,-9.5904942,16701.592,0.0048249764,-8.240551
1.9429228,0.057835646,0.087874949,20.131657,18747.055,28238.363,2.896e-06,-0.091470756,-4.1609902,-16.873409,-0.079159223,-9.5054712,16732.893,0.0054857023,-8.1653061
1.9411031,0.058136109,0.088326208,20.189087,18724.102,28203.672,2.912e-06,-0.091338202,-4.1687331,-16.848957,-0.078890741,-9.4206686,16764.088,0.0058854944,-8.0902319
1.9392715,0.058436204,0.088776909,20.24646,18701.027,28168.803,2.928e-06,-0.090741701,-4.1764493,-16.738922,-0.07862176,-9.3360863,16795.178,0.0060258796,-8.0153265
1.9374276,0.058735929,0.089227051,20.303774,18677.836,28133.754,2.944e-06,-0.090157531,-4.1841393,-16.631163,-0.07835228,-9.2517214,16826.16,0.0064989165,-7.940589
1.9355717,0.059035283,0.089676626,20.361031,18654.525,28098.529,2.96e-06,-0.089951769,-4.1918025,-16.593204,-0.078082308,-9.1675749,16857.035,0.0067369612,-7.8660192
1.9337038,0.059334263,0.090125635,20.418228,18631.098,28063.127,2.976e-06,-0.089487821,-4.1994395,-16.507622,-0.077811837,-9.0836449,16887.805,0.0074587236,-7.7916164
1.9318237,0.059632871,0.090574071,20.475368,18607.551,28027.547,2.992e-06,-0.089257389,-4.2070498,-16.465117,-0.077540882,-8.9999304,16918.469,0.0074785608,-7.7173796
1.9299316,0.059931099,0.09102194,20.53245,18583.887,27991.789,3.008e-06,-0.088239335,-4.2146339,-16.277317,-0.077269435,-8.9164295,16949.023,0.0075533311,-7.6433077
1.9280275,0.060228951,0.091469236,20.589472,18560.105,27955.855,3.024e-06,-0.088291742,-4.2221913,-16.286985,-0.076997496,-8.8331423,16979.473,0.007837153,-7.5693998
1.9261112,0.060526423,0.09191595,20.646437,18536.207,27919.744,3.04e-06,-0.087168105,-4.2297215,-16.07971,-0.076725073,-8.7500668,17009.812,0.0089449752,-7.4956555
1.9241829,0.060823508,0.092362083,20.703342,18512.189,27883.457,3.056e-06,-0.087114163,-4.2372255,-16.069759,-0.076452166,-8.667201,17040.045,0.0089739673,-7.4220738
1.9222425,0.061120212,0.092807636,20.760189,18488.057,27846.994,3.072e-06,-0.086325765,-4.2447028,-15.924325,-0.076178774,-8.5845461,17070.172,0.010023804,-7.3486538
1.92029,0.061416529,0.093252607,20.816978,18463.807,27810.355,3.088e-06,-0.086264111,-4.2521529,-15.912951,-0.075904906,-8.5020981,17100.188,0.010020752,-7.2753944
1.9183254,0.061712462,0.093696982,20.873707,18439.439,27773.541,3.104e-06,-0.085229106,-4.2595763,-15.722026,-0.075630553,-8.419858,17130.098,0.0099948123,-7.2022948
1.9163488,0.062008001,0.094140768,20.930376,18414.957,27736.551,3.12e-06,-0.085595943,-4.266973,-15.789696,-0.075355724,-8.337822,17159.898,0.011288797,-7.129354
1.91436,0.062303148,0.094583958,20.986988,18390.355,27699.385,3.136e-06,-0.08475668,-4.2743425,-15.63488,-0.075080425,-8.255991,17189.59,0.011256753,-7.056571
1.9123592,0.062597901,0.095026545,21.043539,18365.639,27662.045,3.152e-06,-0.084174827,-4.2816854,-15.527546,-0.074804641,-8.1743631,17219.174,0.011409345,-6.9839449
1.9103464,0.062892266,0.095468543,21.100029,18340.807,27624.531,3.168e-06,-0.083977535,-4.2890005,-15.491152,-0.074528389,-8.0929365,17248.648,0.012434767,-6.9114747
1.9083214,0.063186221,0.095909931,21.156462,18315.857,27586.842,3.184e-06,-0.083711654,-4.296289,-15.442105,-0.074251667,-8.0117102,17278.014,0.012581255,-6.83916
1.9062845,0.063479789,0.096350715,21.212833,18290.793,27548.977,3.2e-06,-0.082953319,-4.3035502,-15.302217,-0.073974483,-7.9306817,17307.27,0.013109226,-6.7669988
1.9042352,0.063772947,0.096790887,21.269144,18265.613,27510.939,3.216e-06,-0.082921721,-4.3107843,-15.296388,-0.073696822,-7.8498507,17336.414,0.012585834,-6.6949906
1.9021741,0.06406571,0.097230449,21.325396,18240.316,27472.729,3.232e-06,-0.082070902,-4.3179913,-15.13944,-0.073418699,-7.7692156,17365.451,0.014284188,-6.6231346
1.9001009,0.064358063,0.0976694,21.381586,18214.904,27434.344,3.248e-06,-0.081714079,-4.325171,-15.073617,-0.073140115,-7.6887746,17394.379,0.014175848,-6.5514297
1.8980156,0.064650007,0.098107733,21.437716,18189.379,27395.785,3.264e-06,-0.08113762,-4.3323231,-14.967278,-0.072861061,-7.6085262,17423.195,0.013612781,-6.4798741
1.8959183,0.064941548,0.098545447,21.493784,18163.736,27357.053,3.28e-06,-0.080928765,-4.339448,-14.928753,-0.072581552,-7.5284691,17451.9,0.014880825,-6.4084678
1.8938088,0.065232679,0.098982535,21.549791,18137.98,27318.148,3.296e-06,-0.080044039,-4.3465457,-14.765549,-0.072301589,-7.4486017,17480.498,0.015243996,-6.3372092
1.8916875,0.065523393,0.099418998,21.605738,18112.107,27279.072,3.312e-06,-0.079945393,-4.3536158,-14.747352,-0.072021164,-7.3689227,17508.982,0.016289255,-6.2660975
1.889554,0.065813698,0.099854834,21.661623,18086.123,27239.824,3.328e-06,-0.079696469,-4.3606582,-14.701433,-0.071740285,-7.2894297,17537.357,0.01601764,-6.1951313
1.8874085,0.066103585,0.10029005,21.717443,18060.021,27200.402,3.344e-06,-0.078928113,-4.3676734,-14.559695,-0.071458951,-7.2101221,17565.621,0.016745506,-6.1243095
1.885251,0.066393055,0.10072462,21.773205,18033.807,27160.811,3.36e-06,-0.078844875,-4.3746605,-14.544342,-0.07117717,-7.1309977,17593.773,0.017310098,-6.0536318
1.8830816,0.0666821,0.10115855,21.828901,18007.477,27121.045,3.376e-06,-0.078525051,-4.3816204,-14.485344,-0.070894934,-7.0520549,17621.814,0.016995758,-5.9830961
1.8809,0.066970728,0.10159185,21.884535,17981.035,27081.109,3.392e-06,-0.077953987,-4.3885527,-14.380001,-0.070612252,-6.9732924,17649.744,0.017275002,-5.9127016
1.8787066,0.067258939,0.1020245,21.940105,17954.479,27041.002,3.408e-06,-0.077370584,-4.3954568,-14.272383,-0.070329122,-6.8947077,17677.561,0.018659016,-5.8424473
1.8765011,0.067546718,0.10245652,21.995613,17927.809,27000.725,3.424e-06,-0.076903559,-4.4023337,-14.186232,-0.070045553,-6.8163004,17705.268,0.019075595,-5.7723322
1.8742837,0.067834072,0.10288788,22.051058,17901.023,26960.277,3.44e-06,-0.0764874,-4.4091825,-14.109463,-0.069761544,-6.7380681,17732.861,0.018439284,-5.7023549
1.8720543,0.068120994,0.10331859,22.106436,17874.127,26919.658,3.456e-06,-0.076031163,-4.4160032,-14.025302,-0.069477089,-6.6600089,17760.344,0.019302957,-5.632515
1.8698131,0.068407491,0.10374866,22.161751,17847.117,26878.869,3.472e-06,-0.075769909,-4.4227962,-13.977109,-0.069192193,-6.5821218,17787.713,0.020120854,-5.5628099
1.8675598,0.068693556,0.10417806,22.217001,17819.994,26837.912,3.488e-06,-0.075101733,-4.4295616,-13.853853,-0.068906866,-6.5044045,17814.969,0.019847713,-5.4932399
1.8652947,0.068979181,0.10460681,22.272186,17792.758,26796.783,3.504e-06,-0.075333707,-4.4362988,-13.896644,-0.068621099,-6.4268551,17842.113,0.020705283,-5.4238029
1.8630177,0.069264375,0.1050349,22.327305,17765.41,26755.486,3.52e-06,-0.074390411,-4.4430079,-13.722635,-0.0683349,-6.3494725,17869.145,0.020026246,-5.3544984
1.8607287,0.069549128,0.10546232,22.382357,17737.947,26714.02,3.536e-06,-0.073882535,-4.4496889,-13.62895,-0.068048269,-6.2722549,17896.062,0.020857876,-5.2853251
1.8584279,0.06983345,0.10588908,22.437344,17710.375,26672.385,3.552e-06,-0.073046364,-4.4563417,-13.474702,-0.067761213,-6.1952,17922.867,0.021225624,-5.2162814
1.8561152,0.070117325,0.10631517,22.492264,17682.689,26630.582,3.568e-06,-0.073236719,-4.4629664,-13.509817,-0.067473724,-6.1183062,17949.559,0.022809533,-5.1473665
1.8537908,0.070400752,0.10674059,22.547115,17654.893,26588.611,3.584e-06,-0.07239823,-4.4695635,-13.355143,-0.067185812,-6.0415721,17976.137,0.022502823,-5.0785794
1.8514544,0.07068374,0.10716533,22.6019,17626.984,26546.471,3.6e-06,-0.072419807,-4.4761314,-13.359123,-0.066897474,-5.9649954,18002.6,0.022275461,-5.0099187
1.8491063,0.070966281,0.1075894,22.656616,17598.965,26504.164,3.616e-06,-0.072025992,-4.4826717,-13.286477,-0.066608712,-5.8885751,18028.951,0.023345133,-4.9413829
1.8467463,0.071248375,0.10801279,22.711266,17570.832,26461.689,3.632e-06,-0.071310043,-4.4891834,-13.154408,-0.066319533,-5.8123083,18055.186,0.023317667,-4.8729715
1.8443747,0.071530014,0.10843549,22.765844,17542.59,26419.049,3.648e-06,-0.070935495,-4.495667,-13.085316,-0.066029929,-5.7361941,18081.309,0.024268318,-4.8046827
1.8419912,0.071811207,0.10885751,22.820354,17514.234,26376.24,3.664e-06,-0.07066191,-4.5021219,-13.034847,-0.065739915,-5.6602302,18107.316,0.024127934,-4.736516
1.839596,0.072091945,0.10927884,22.874794,17485.771,26333.264,3.68e-06,-0.069696262,-4.5085487,-12.856716,-0.065449476,-5.584415,18133.209,0.024355296,-4.6684694
1.8371891,0.072372228,0.10969948,22.929163,17457.195,26290.123,3.696e-06,-0.069512844,-4.5149469,-12.822882,-0.065158635,-5.5087466,18158.986,0.024660481,-4.6005425
1.8347704,0.072652049,0.11011943,22.983461,17428.51,26246.814,3.712e-06,-0.068976454,-4.5213165,-12.723936,-0.064867377,-5.4332232,18184.65,0.024790185,-4.5327334
1.8323401,0.072931416,0.11053868,23.037687,17399.713,26203.342,3.728e-06,-0.069068938,-4.5276575,-12.740995,-0.064575709,-5.3578429,18210.197,0.026064333,-4.4650416
1.8298981,0.073210321,0.11095724,23.091843,17370.807,26159.703,3.744e-06,-0.068414636,-4.5339699,-12.620298,-0.064283632,-5.2826042,18235.631,0.025229651,-4.3974652
1.8274446,0.073488764,0.11137509,23.145926,17341.791,26115.898,3.76e-06,-0.067931429,-4.5402536,-12.531161,-0.063991152,-5.2075047,18260.947,0.025931578,-4.3300037
1.8249793,0.073766738,0.11179224,23.199936,17312.666,26071.93,3.776e-06,-0.067363441,-4.5465088,-12.426387,-0.063698269,-5.1325426,18286.15,0.026943266,-4.2626553
1.8225024,0.07404425,0.11220869,23.253872,17283.43,26027.795,3.792e-06,-0.06695576,-4.5527353,-12.351183,-0.063404977,-5.0577168,18311.236,0.027018037,-4.1954193
1.820014,0.074321292,0.11262442,23.307734,17254.086,25983.498,3.808e-06,-0.066559635,-4.5589328,-12.278111,-0.06311129,-4.9830246,18336.207,0.027744377,-4.1282945
1.8175139,0.074597865,0.11303945,23.361521,17224.631,25939.035,3.824e-06,-0.066556551,-4.5651016,-12.277542,-0.062817208,-4.9084644,18361.061,0.028455459,-4.0612793
1.8150023,0.074873969,0.11345376,23.415234,17195.068,25894.408,3.84e-06,-0.065320402,-4.5712419,-12.049511,-0.062522724,-4.8340349,18385.799,0.028063295,-3.9943726
1.8124793,0.075149603,0.11386735,23.46887,17165.396,25849.619,3.856e-06,-0.065608628,-4.577353,-12.10268,-0.062227845,-4.7597332,18410.422,0.02882931,-3.9275734
1.8099446,0.075424761,0.11428022,23.52243,17135.615,25804.666,3.872e-06,-0.064863391,-4.5834351,-11.965208,-0.061932571,-4.6855583,18434.926,0.029120762,-3.8608809
1.8073986,0.075699434,0.11469238,23.575914,17105.727,25759.551,3.888e-06,-0.064624488,-4.5894885,-11.921137,-0.06163691,-4.6115084,18459.314,0.029725028,-3.7942932
1.8048409,0.075973637,0.11510381,23.62932,17075.73,25714.271,3.904e-06,-0.064451084,-4.5955124,-11.889151,-0.061340857,-4.537581,18483.586,0.029131442,-3.7278092
1.8022718,0.076247357,0.11551451,23.68265,17045.623,25668.83,3.92e-06,-0.063795246,-4.6015077,-11.768169,-0.061044421,-4.4637742,18507.742,0.029590746,-3.6614282
1.7996914,0.076520599,0.11592448,23.735897,17015.412,25623.227,3.936e-06,-0.063441508,-4.6074739,-11.702916,-0.060747594,-4.3900871,18531.779,0.030645162,-3.5951488
1.7970996,0.07679335,0.11633372,23.789068,16985.09,25577.463,3.952e-06,-0.062954448,-4.6134109,-11.613069,-0.060450386,-4.3165169,18555.699,0.030451369,-3.5289698
1.7944963,0.077065624,0.11674222,23.842157,16954.662,25531.535,3.968e-06,-0.062344074,-4.619319,-11.500475,-0.060152795,-4.2430625,18579.504,0.030793177,-3.4628899
1.7918817,0.077337407,0.11714999,23.895168,16924.127,25485.447,3.984e-06,-0.062311705,-4.6251979,-11.494504,-0.059854828,-4.1697216,18603.189,0.031209754,-3.3969083
1.7892556,0.077608705,0.11755702,23.948095,16893.484,25439.199,4e-06,-0.061538726,-4.6310472,-11.351913,-0.05955648,-4.0964923,18626.756,0.031394392,-3.3310235
1.7866184,0.077879503,0.1179633,24.000942,16862.734,25392.789,4.016e-06,-0.061512522,-4.6368675,-11.34708,-0.059257753,-4.0233731,18650.207,0.032148197,-3.2652342
1.7839698,0.078149818,0.11836884,24.053705,16831.879,25346.219,4.032e-06,-0.061136436,-4.6426587,-11.277704,-0.058958657,-3.9503622,18673.539,0.032253485,-3.1995399
1.7813098,0.078419641,0.11877363,24.106386,16800.914,25299.488,4.048e-06,-0.060424335,-4.6484203,-11.146345,-0.058659185,-3.8774574,18696.752,0.032934051,-3.1339388
1.7786386,0.078688964,0.11917768,24.158983,16769.846,25252.6,4.064e-06,-0.059935734,-4.6541524,-11.056213,-0.058359344,-3.8046572,18719.848,0.033640552,-3.0684302
1.7759562,0.078957789,0.11958096,24.211496,16738.67,25205.549,4.08e-06,-0.059425548,-4.6598554,-10.962101,-0.058059134,-3.7319596,18742.826,0.033198036,-3.0030127
1.7732625,0.079226114,0.11998349,24.263922,16707.389,25158.34,4.096e-06,-0.059320737,-4.6655288,-10.942767,-0.057758559,-3.6593628,18765.684,0.03432722,-2.9376853
1.7705576,0.079493947,0.12038527,24.316263,16676.002,25110.973,4.112e-06,-0.059181247,-4.6711731,-10.917035,-0.057457618,-3.5868652,18788.424,0.034534745,-2.8724465
1.7678416,0.079761267,0.12078629,24.368517,16644.51,25063.447,4.128e-06,-0.058559317,-4.6767874,-10.802309,-0.057156313,-3.5144649,18811.045,0.034376048,-2.8072958
1.7651144,0.080028087,0.12118654,24.420685,16612.912,25015.762,4.144e-06,-0.058180917,-4.6823726,-10.732507,-0.056854647,-3.4421599,18833.547,0.035837885,-2.7422318
1.7623761,0.080294408,0.12158602,24.472763,16581.209,24967.92,4.16e-06,-0.057673819,-4.6879277,-10.638963,-0.056552622,-3.3699489,18855.93,0.035489976,-2.6772532
1.7596265,0.080560215,0.12198474,24.524754,16549.4,24919.92,4.176e-06,-0.057253033,-4.6934538,-10.561341,-0.056250244,-3.2978299,18878.191,0.035459455,-2.6123593
1.756866,0.080825515,0.12238269,24.576654,16517.488,24871.762,4.192e-06,-0.056821458,-4.6989498,-10.48173,-0.055947505,-3.2258008,18900.336,0.035932492,-2.5475485
1.7540942,0.081090301,0.12277987,24.628466,16485.471,24823.447,4.208e-06,-0.056526292,-4.7044163,-10.427281,-0.055644415,-3.1538603,18922.361,0.036361277,-2.48282
1.7513115,0.081354581,0.12317626,24.680183,16453.35,24774.977,4.224e-06,-0.056118608,-4.7098532,-10.352077,-0.055340976,-3.0820067,18944.266,0.036582537,-2.4181728
1.7485178,0.081618339,0.12357189,24.731812,16421.125,24726.348,4.24e-06,-0.055885866,-4.71526,-10.309143,-0.055037182,-3.0102379,18966.051,0.036913663,-2.3536057
1.7457129,0.08188159,0.12396672,24.783346,16388.795,24677.564,4.256e-06,-0.054957978,-4.7206373,-10.137978,-0.054733045,-2.9385526,18987.715,0.037702568,-2.2891178
1.742897,0.08214432,0.12436078,24.834789,16356.361,24628.623,4.272e-06,-0.055411901,-4.7259846,-10.221712,-0.054428563,-2.8669486,19009.26,0.037978761,-2.2247076
1.7400702,0.082406528,0.12475406,24.886137,16323.825,24579.527,4.288e-06,-0.054349151,-4.7313018,-10.025669,-0.054123733,-2.7954247,19030.684,0.037900936,-2.1603744
1.7372323,0.082668222,0.12514654,24.937389,16291.185,24530.277,4.304e-06,-0.053789645,-4.7365894,-9.9224577,-0.053818565,-2.723979,19051.988,0.038108464,-2.096117
1.7343836,0.082929388,0.12553823,24.988546,16258.441,24480.871,4.32e-06,-0.053394292,-4.7418475,-9.8495274,-0.053513054,-2.6526096,19073.172,0.039428387,-2.0319345
1.7315239,0.083190031,0.12592913,25.039608,16225.596,24431.311,4.336e-06,-0.053134575,-4.7470751,-9.8016186,-0.053207207,-2.5813153,19094.234,0.039330728,-1.9678259
1.7286533,0.083450153,0.12631924,25.090572,16192.646,24381.596,4.352e-06,-0.052729204,-4.7522731,-9.726841,-0.052901022,-2.5100942,19115.176,0.039777827,-1.90379
1.7257718,0.083709747,0.12670855,25.141439,16159.595,24331.727,4.368e-06,-0.052259866,-4.7574406,-9.6402626,-0.052594505,-2.4389446,19135.996,0.039773248,-1.8398259
1.7228794,0.083968803,0.12709706,25.192205,16126.442,24281.705,4.384e-06,-0.052000921,-4.7625785,-9.5924959,-0.052287653,-2.3678648,19156.697,0.040212713,-1.7759324
1.7199762,0.084227338,0.12748475,25.242874,16093.186,24231.529,4.4e-06,-0.051563181,-4.7676859,-9.5117464,-0.051980473,-2.2968535,19177.275,0.040899381,-1.7121087
1.7170621,0.084485337,0.12787166,25.293442,16059.829,24181.199,4.416e-06,-0.051308859,-4.7727637,-9.4648333,-0.051672965,-2.225909,19197.732,0.04129307,-1.6483538
1.7141372,0.084742807,0.12825775,25.343908,16026.369,24130.719,4.432e-06,-0.050663039,-4.7778111,-9.3456993,-0.05136513,-2.1550295,19218.068,0.041335795,-1.5846667
1.7112014,0.084999733,0.12864304,25.394274,15992.81,24080.084,4.448e-06,-0.0504696,-4.7828279,-9.3100166,-0.051056974,-2.0842137,19238.283,0.041817989,-1.5210464
1.7082549,0.08525613,0.1290275,25.444536,15959.147,24029.299,4.464e-06,-0.050073475,-4.7878151,-9.2369442,-0.05074849,-2.0134599,19258.375,0.042864773,-1.457492
1.7052977,0.085511982,0.12941115,25.494694,15925.385,23978.359,4.48e-06,-0.04982378,-4.7927718,-9.1908836,-0.050439689,-1.9427665,19278.346,0.042193364,-1.3940023
1.7023296,0.085767299,0.12979399,25.544748,15891.521,23927.271,4.496e-06,-0.049281999,-4.797698,-9.0909424,-0.050130568,-1.8721323,19298.195,0.042849515,-1.3305768
1.6993508,0.086022072,0.13017601,25.594698,15857.557,23876.029,4.512e-06,-0.048731741,-4.8025942,-8.9894371,-0.049821131,-1.8015554,19317.922,0.043356121,-1.2672141
1.6963614,0.086276308,0.13055719,25.644541,15823.492,23824.639,4.528e-06,-0.048371065,-4.8074603,-8.922905,-0.049511377,-1.7310346,19337.525,0.043775748,-1.2039136
1.6933612,0.086529993,0.13093756,25.694277,15789.328,23773.098,4.544e-06,-0.048107497,-4.8122954,-8.8742847,-0.049201313,-1.6605682,19357.008,0.04345683,-1.1406742
1.6903504,0.086783126,0.13131711,25.743904,15755.062,23721.404,4.56e-06,-0.047825433,-4.8171005,-8.8222532,-0.048890937,-1.5901549,19376.367,0.043769646,-1.0774951
1.6873288,0.087035716,0.13169582,25.793425,15720.699,23669.562,4.576e-06,-0.047238182,-4.8218751,-8.7139244,-0.048580255,-1.5197932,19395.604,0.044633321,-1.0143754
1.6842967,0.087287761,0.1320737,25.842836,15686.234,23617.572,4.592e-06,-0.046844371,-4.8266196,-8.6412783,-0.048269264,-1.4494816,19414.719,0.044630267,-0.95131421
1.6812539,0.087539248,0.13245074,25.892138,15651.672,23565.432,4.608e-06,-0.04645364,-4.8313332,-8.5692015,-0.047957968,-1.3792187,19433.709,0.044691306,-0.88831055
1.6782005,0.087790184,0.13282695,25.941326,15617.01,23513.141,4.624e-06,-0.046146914,-4.8360162,-8.51262,-0.04764637,-1.3090034,19452.578,0.045365766,-0.8253637
1.6751364,0.088040568,0.13320233,25.990404,15582.249,23460.703,4.64e-06,-0.045908779,-4.8406687,-8.4686918,-0.04733447,-1.2388338,19471.324,0.046263009,-0.76247275
1.6720619,0.088290393,0.13357686,26.03937,15547.389,23408.117,4.656e-06,-0.045330778,-4.8452907,-8.3620691,-0.047022272,-1.168709,19489.945,0.046183661,-0.69963682
1.6689768,0.08853966,0.13395055,26.088221,15512.431,23355.383,4.672e-06,-0.045121923,-4.8498821,-8.3235426,-0.046709776,-1.0986274,19508.445,0.046087526,-0.63685519
1.6658812,0.088788368,0.13432339,26.136959,15477.374,23302.502,4.688e-06,-0.044675708,-4.8544431,-8.24123,-0.046396986,-1.0285878,19526.82,0.046331674,-0.5741269
1.6627749,0.089036517,0.13469538,26.185581,15442.221,23249.473,4.704e-06,-0.043765545,-4.858973,-8.0733347,-0.046083901,-0.95858896,19545.072,0.047024444,-0.51145118
1.6596582,0.0892841,0.13506652,26.234087,15406.968,23196.297,4.72e-06,-0.043784041,-4.8634725,-8.076746,-0.045770526,-0.88862938,19563.201,0.047877438,-0.4488273
1.6565311,0.089531116,0.1354368,26.282476,15371.619,23142.975,4.736e-06,-0.043409497,-4.8679414,-8.0076551,-0.045456864,-0.81870794,19581.205,0.048164312,-0.3862544
1.6533934,0.089777574,0.13580623,26.33075,15336.172,23089.508,4.752e-06,-0.043016456,-4.8723793,-7.9351516,-0.045142911,-0.7488234,19599.086,0.047976624,-0.32373175
1.6502453,0.090023465,0.13617481,26.378902,15300.628,23035.893,4.768e-06,-0.042598754,-4.8767867,-7.8580985,-0.044828676,-0.67897445,19616.842,0.048452713,-0.26125857
1.6470867,0.090268783,0.13654253,26.426935,15264.987,22982.133,4.784e-06,-0.042671967,-4.8811626,-7.8716044,-0.044514157,-0.60915995,19634.475,0.048811305,-0.19883408
1.6439178,0.090513527,0.13690938,26.47485,15229.25,22928.229,4.8e-06,-0.041630793,-4.8855085,-7.6795411,-0.044199359,-0.53937864,19651.982,0.050109867,-0.13645755
1.6407384,0.090757705,0.13727537,26.522642,15193.416,22874.18,4.816e-06,-0.041480511,-4.889823,-7.6518192,-0.043884277,-0.46962941,19669.367,0.049754325,-0.074128263
1.6375487,0.091001309,0.13764048,26.570312,15157.486,22819.984,4.832e-06,-0.04069443,-4.8941069,-7.5068121,-0.04356892,-0.39991111,19686.627,0.050219733,-0.011845483
1.6343485,0.09124434,0.13800474,26.617861,15121.461,22765.646,4.848e-06,-0.040549543,-4.8983598,-7.4800854,-0.043253291,-0.33022258,19703.762,0.050205998,0.050391492
1.6311381,0.091486797,0.13836811,26.665285,15085.34,22711.164,4.864e-06,-0.040058628,-4.9025817,-7.3895273,-0.042937387,-0.26056272,19720.771,0.050630208,0.11258336
1.6279173,0.091728665,0.13873062,26.712585,15049.122,22656.539,4.88e-06,-0.040077124,-4.9067726,-7.3929391,-0.04262121,-0.19093043,19737.656,0.050845362,0.17473081
1.6246862,0.091969959,0.13909224,26.75976,15012.81,22601.771,4.896e-06,-0.039771937,-4.9109325,-7.3366423,-0.042304765,-0.12132464,19754.418,0.050955229,0.23683453
1.6214448,0.09221068,0.13945299,26.806808,14976.402,22546.859,4.912e-06,-0.039483707,-4.9150615,-7.283473,-0.041988052,-0.051744316,19771.053,0.052058473,0.29889515
1.6181931,0.092450812,0.13981286,26.853729,14939.9,22491.805,4.928e-06,-0.038784709,-4.9191594,-7.1545305,-0.041671075,0.017811587,19787.562,0.051379438,0.36091334
1.6149312,0.092690356,0.14017184,26.900522,14903.304,22436.609,4.944e-06,-0.038427118,-4.9232264,-7.0885663,-0.041353837,0.087344073,19803.949,0.052957244,0.42288974
1.611659,0.092929319,0.14052995,26.947189,14866.613,22381.271,4.96e-06,-0.038147368,-4.9272623,-7.0369611,-0.041036334,0.15685414,19820.209,0.052192755,0.48482499
1.6083766,0.093167692,0.14088716,26.993725,14829.827,22325.793,4.976e-06,-0.037644889,-4.9312668,-6.9442706,-0.040718574,0.22634274,19836.344,0.052984711,0.54671967
1.6050841,0.093405478,0.14124349,27.040131,14792.948,22270.174,4.992e-06,-0.036662288,-4.9352403,-6.7630115,-0.040400553,0.29581082,19852.354,0.053390607,0.60857445
1.6017812,0.093642674,0.14159891,27.086405,14755.976,22214.412,5.008e-06,-0.037392881,-4.9391823,-6.8977828,-0.040082283,0.36525935,19868.236,0.054022338,0.67038989
1.5984683,0.093879282,0.14195345,27.132547,14718.91,22158.512,5.024e-06,-0.036303926,-4.9430938,-6.6969056,-0.039763756,0.43468916,19883.994,0.054206975,0.73216653
1.5951452,0.094115295,0.14230709,27.178556,14681.75,22102.471,5.04e-06,-0.036092762,-4.9469733,-6.6579528,-0.039444979,0.50410122,19899.627,0.054824978,0.79390496
1.5918121,0.094350711,0.14265983,27.224434,14644.498,22046.289,5.056e-06,-0.0353298,-4.9508219,-6.5172105,-0.039125953,0.57349634,19915.133,0.055592518,0.85560578
1.5884688,0.09458553,0.14301166,27.270176,14607.153,21989.971,5.072e-06,-0.035161022,-4.9546394,-6.4860768,-0.038806677,0.64287531,19930.512,0.055334635,0.91726953
1.5851153,0.094819754,0.1433626,27.315783,14569.716,21933.512,5.088e-06,-0.034851212,-4.9584255,-6.4289269,-0.038487159,0.71223909,19945.766,0.055131689,0.97889668
1.5817519,0.095053382,0.14371262,27.361254,14532.187,21876.914,5.104e-06,-0.034676272,-4.9621801,-6.3966556,-0.038167398,0.78158838,19960.895,0.055230871,1.0404878
1.5783784,0.095286407,0.14406176,27.406588,14494.565,21820.178,5.12e-06,-0.033979587,-4.9659038,-6.2681398,-0.037847396,0.85092402,19975.896,0.055592518,1.1020434
1.5749948,0.095518827,0.14440997,27.451784,14456.852,21763.305,5.136e-06,-0.033947218,-4.9695954,-6.2621689,-0.037527155,0.92024666,19990.771,0.056787316,1.163564
1.5716013,0.095750645,0.14475727,27.496843,14419.047,21706.295,5.152e-06,-0.033167299,-4.9732561,-6.1182995,-0.037206676,0.98955715,20005.52,0.056776635,1.2250501
1.5681977,0.095981859,0.14510365,27.541763,14381.15,21649.146,5.168e-06,-0.032914519,-4.9768853,-6.0716696,-0.036885962,1.0588561,20020.143,0.057181004,1.286502
1.5647843,0.096212469,0.14544912,27.586542,14343.163,21591.861,5.184e-06,-0.032815106,-4.9804831,-6.0533304,-0.036565013,1.1281444,20034.637,0.057799004,1.3479204
1.5613608,0.096442468,0.14579368,27.631182,14305.085,21534.441,5.2e-06,-0.032415897,-4.9840498,-5.9796896,-0.036243837,1.1974225,20049.006,0.057698295,1.4093057
1.5579275,0.096671857,0.1461373,27.675678,14266.917,21476.885,5.216e-06,-0.031703029,-4.9875846,-5.8481884,-0.03592243,1.2666912,20063.248,0.057893611,1.4706582
1.5544841,0.096900634,0.14648001,27.720034,14228.658,21419.191,5.232e-06,-0.031591281,-4.9910879,-5.8275747,-0.035600796,1.335951,20077.363,0.058568072,1.5319785
1.551031,0.097128808,0.1468218,27.764246,14190.31,21361.363,5.248e-06,-0.031359311,-4.9945598,-5.7847834,-0.035278939,1.4052026,20091.352,0.058584858,1.593267
1.547568,0.097356357,0.14716265,27.808315,14151.87,21303.4,5.264e-06,-0.030842962,-4.9979997,-5.6895337,-0.034956858,1.4744465,20105.211,0.058784753,1.6545238
1.5440952,0.097583301,0.14750257,27.85224,14113.342,21245.303,5.28e-06,-0.030278832,-5.0014086,-5.5854697,-0.034634557,1.5436834,20118.945,0.058934294,1.7157499
1.5406125,0.09780962,0.14784156,27.896019,14074.724,21187.072,5.296e-06,-0.030049171,-5.0047855,-5.5431051,-0.034312036,1.6129138,20132.551,0.060104679,1.7769451
1.53712,0.098035328,0.14817962,27.939653,14036.018,21128.707,5.312e-06,-0.02932243,-5.008131,-5.4090447,-0.033989299,1.6821382,20146.031,0.060409863,1.8381101
1.5336177,0.09826041,0.14851674,27.983139,13997.222,21070.207,5.328e-06,-0.029090459,-5.011445,-5.3662534,-0.033666346,1.7513571,20159.383,0.060534991,1.8992451
1.5301057,0.098484881,0.14885293,28.026478,13958.338,21011.576,5.344e-06,-0.028534036,-5.0147271,-5.2636113,-0.033343185,1.8205709,20172.605,0.060747094,1.9603506
1.526584,0.098708719,0.14918818,28.06967,13919.364,20952.811,5.36e-06,-0.028503209,-5.0179777,-5.2579246,-0.033019807,1.8897803,20185.703,0.06179693,2.0214269
1.5230526,0.098931938,0.14952248,28.112713,13880.304,20893.914,5.376e-06,-0.028264301,-5.0211964,-5.2138538,-0.032696225,1.9589854,20198.672,0.061810665,2.0824742
1.5195113,0.099154532,0.14985584,28.155605,13841.155,20834.885,5.392e-06,-0.027791111,-5.0243835,-5.1265655,-0.032372434,2.0281868,20211.512,0.061668754,2.1434929
1.5159606,0.0993765,0.15018825,28.198347,13801.919,20775.725,5.408e-06,-0.027234687,-5.0275388,-5.0239229,-0.032048441,2.0973852,20224.225,0.062135685,2.2044833
1.5124002,0.099597842,0.15051971,28.24094,13762.595,20716.432,5.424e-06,-0.026658226,-5.0306625,-4.9175844,-0.031724244,2.1665804,20236.811,0.062465284,2.2654457
1.5088301,0.09981855,0.15085022,28.283381,13723.185,20657.01,5.44e-06,-0.026614299,-5.0337543,-4.9094815,-0.031399846,2.2357731,20249.268,0.061537523,2.3263805
1.5052505,0.10003863,0.15117978,28.325668,13683.687,20597.455,5.456e-06,-0.026304489,-5.0368142,-4.8523316,-0.031075252,2.3049636,20261.596,0.06337779,2.3872879
1.5016613,0.10025808,0.15150838,28.367804,13644.103,20537.771,5.472e-06,-0.025565417,-5.0398426,-4.7159963,-0.030750461,2.3741522,20273.797,0.063158058,2.448168
1.4980625,0.1004769,0.15183602,28.409784,13604.432,20477.959,5.488e-06,-0.025707992,-5.0428391,-4.7422967,-0.030425474,2.4433391,20285.869,0.063974425,2.5090213
1.4944543,0.10069508,0.15216272,28.451612,13564.675,20418.018,5.504e-06,-0.025151568,-5.0458035,-4.6396546,-0.030100297,2.5125246,20297.812,0.063988157,2.5698478
1.4908365,0.10091262,0.15248844,28.493284,13524.832,20357.945,5.52e-06,-0.024622889,-5.0487361,-4.5421305,-0.029774928,2.5817091,20309.629,0.063747063,2.6306479
1.4872092,0.10112953,0.15281321,28.534801,13484.904,20297.746,5.536e-06,-0.02454274,-5.0516367,-4.5273452,-0.029449373,2.650893,20321.316,0.064551227,2.6914217
1.4835725,0.10134579,0.15313701,28.576162,13444.89,20237.418,5.552e-06,-0.023793649,-5.0545058,-4.3891621,-0.02912363,2.7200758,20332.875,0.065201268,2.7521696
1.4799263,0.10156143,0.15345983,28.617365,13404.791,20176.961,5.568e-06,-0.023350513,-5.0573425,-4.3074179,-0.028797705,2.7892585,20344.305,0.065152436,2.8128917
1.4762709,0.10177641,0.1537817,28.658413,13364.607,20116.377,5.584e-06,-0.02325418,-5.0601478,-4.2896476,-0.028471598,2.8584409,20355.605,0.06626942,2.8735883
1.4726059,0.10199075,0.15410259,28.699301,13324.339,20055.668,5.6e-06,-0.022623772,-5.0629206,-4.1733575,-0.02814531,2.927623,20366.777,0.065918453,2.9342594
1.4689317,0.10220445,0.15442251,28.74003,13283.986,19994.83,5.616e-06,-0.022431105,-5.0656619,-4.1378169,-0.027818846,2.9968054,20377.822,0.066013061,2.9949052
1.4652481,0.10241751,0.15474145,28.780602,13243.55,19933.867,5.632e-06,-0.022062724,-5.0683708,-4.0698624,-0.027492205,3.0659878,20388.736,0.066653952,3.0555258
1.4615552,0.10262991,0.15505941,28.821012,13203.028,19872.777,5.648e-06,-0.021843854,-5.0710478,-4.0294881,-0.027165389,3.1351705,20399.521,0.067082733,3.1161218
1.4578531,0.10284167,0.1553764,28.861263,13162.425,19811.562,5.664e-06,-0.02163115,-5.0736928,-3.9902508,-0.026838403,3.2043536,20410.18,0.067217015,3.1766927
1.4541417,0.10305278,0.1556924,28.901354,13121.736,19750.223,5.68e-06,-0.020988412,-5.0763059,-3.8716862,-0.026511248,3.2735369,20420.707,0.067857906,3.2372389
1.4504211,0.10326324,0.15600742,28.941282,13080.967,19688.758,5.696e-06,-0.020505201,-5.0788865,-3.7825496,-0.026183926,3.3427207,20431.105,0.068163089,3.2977607
1.4466913,0.10347304,0.15632145,28.981049,13040.112,19627.168,5.712e-06,-0.020441236,-5.0814352,-3.77075,-0.025856437,3.4119051,20441.375,0.068442337,3.358258
1.4429523,0.10368219,0.15663449,29.020653,12999.177,19565.455,5.728e-06,-0.019782314,-5.083952,-3.6492,-0.025528785,3.4810898,20451.514,0.068865016,3.4187312
1.4392041,0.10389069,0.15694655,29.060093,12958.158,19503.617,5.744e-06,-0.019531075,-5.0864367,-3.6028547,-0.025200972,3.5502751,20461.523,0.069051176,3.4791799
1.4354469,0.10409853,0.15725763,29.099371,12917.058,19441.658,5.76e-06,-0.019180421,-5.0888891,-3.5381703,-0.024873002,3.6194608,20471.406,0.069379255,3.5396047
1.4316806,0.10430571,0.15756769,29.138483,12875.875,19379.576,5.776e-06,-0.018617833,-5.0913095,-3.4343908,-0.024544872,3.688647,20481.156,0.068474382,3.6000054
1.4279051,0.10451223,0.15787677,29.177431,12834.611,19317.369,5.792e-06,-0.018008232,-5.0936975,-3.3219392,-0.024216589,3.7578335,20490.779,0.069862969,3.660382
1.4241205,0.1047181,0.15818486,29.216215,12793.267,19255.043,5.808e-06,-0.01778551,-5.0960536,-3.280854,-0.023888152,3.8270199,20500.271,0.070085756,3.7207348
1.4203271,0.1049233,0.15849194,29.254833,12751.841,19192.594,5.824e-06,-0.017726939,-5.0983772,-3.2700496,-0.023559565,3.8962069,20509.633,0.07038331,3.7810636
1.4165246,0.10512783,0.15879802,29.293285,12710.333,19130.023,5.84e-06,-0.017441791,-5.1006689,-3.2174489,-0.023230828,3.9653938,20518.867,0.071051665,3.8413687
1.4127132,0.10533171,0.1591031,29.33157,12668.746,19067.334,5.856e-06,-0.016766684,-5.1029282,-3.0929136,-0.022901945,4.0345807,20527.969,0.071080662,3.90165
1.4088928,0.10553492,0.15940717,29.369688,12627.078,19004.521,5.872e-06,-0.016598679,-5.1051555,-3.0619218,-0.022572916,4.1037669,20536.941,0.071147799,3.9619076
1.4050635,0.10573746,0.15971023,29.40764,12585.331,18941.59,5.888e-06,-0.016282704,-5.1073503,-3.0036347,-0.022243746,4.1729531,20545.785,0.071436204,4.0221415
1.4012252,0.10593934,0.16001229,29.445423,12543.504,18878.539,5.904e-06,-0.015885038,-5.1095128,-2.9302783,-0.021914436,4.2421389,20554.498,0.072167121,4.0823517
1.3973782,0.10614055,0.16031334,29.483038,12501.598,18815.369,5.92e-06,-0.015664628,-5.1116433,-2.8896194,-0.021584988,4.3113236,20563.082,0.072588272,4.1425381
1.3935223,0.10634108,0.16061337,29.520485,12459.611,18752.08,5.936e-06,-0.014975648,-5.1137414,-2.7625251,-0.021255402,4.3805075,20571.535,0.072705768,4.2027006
1.3896576,0.10654094,0.16091238,29.55776,12417.547,18688.672,5.952e-06,-0.015037302,-5.1158071,-2.7738981,-0.020925682,4.4496899,20579.857,0.073305458,4.2628398
1.3857841,0.10674013,0.16121039,29.59487,12375.403,18625.146,5.968e-06,-0.014491668,-5.1178403,-2.6732461,-0.02059583,4.5188713,20588.051,0.073706776,4.3229551
1.3819019,0.10693865,0.16150737,29.631807,12333.182,18561.504,5.984e-06,-0.013783423,-5.1198416,-2.5425978,-0.020265849,4.5880504,20596.113,0.074050114,4.3830466
1.3780109,0.10713649,0.16180333,29.668573,12290.882,18497.742,6e-06,-0.01390673,-5.1218104,-2.5653441,-0.019935738,4.657228,20604.045,0.074045531,4.4431143
1.3741112,0.10733365,0.16209827,29.705172,12248.505,18433.865,6.016e-06,-0.013585361,-5.1237469,-2.5060618,-0.019605504,4.7264032,20611.848,0.074442275,4.5031586
1.3702029,0.10753014,0.1623922,29.741596,12206.049,18369.871,6.032e-06,-0.012963431,-5.1256509,-2.3913357,-0.019275144,4.7955761,20619.52,0.074868008,4.5631785
1.3662859,0.10772594,0.16268508,29.777851,12163.517,18305.762,6.048e-06,-0.012050958,-5.1275225,-2.2230139,-0.018944664,4.8647461,20627.061,0.075241856,4.6231747
1.3623602,0.10792107,0.16297695,29.813934,12120.907,18241.537,6.064e-06,-0.01232917,-5.1293616,-2.2743349,-0.018614063,4.9339128,20634.471,0.075055696,4.683147
1.358426,0.10811552,0.16326778,29.849846,12078.221,18177.195,6.08e-06,-0.0117766,-5.1311688,-2.1724036,-0.018283345,5.0030756,20641.75,0.076357313,4.7430954
1.3544832,0.10830928,0.16355759,29.885584,12035.458,18112.74,6.096e-06,-0.011550793,-5.1329432,-2.1307495,-0.017952511,5.0722351,20648.9,0.076142155,4.8030195
1.3505318,0.10850235,0.16384636,29.92115,11992.619,18048.17,6.112e-06,-0.010928864,-5.134685,-2.0160234,-0.017621564,5.1413903,20655.918,0.07598041,4.8629193
1.346572,0.10869474,0.1641341,29.956543,11949.703,17983.486,6.128e-06,-0.010854108,-5.136395,-2.0022335,-0.017290507,5.2105408,20662.807,0.076146729,4.9227948
1.3426036,0.10888645,0.1644208,29.991764,11906.713,17918.689,6.144e-06,-0.01040635,-5.138072,-1.9196365,-0.016959338,5.279686,20669.564,0.076906644,4.9826465
1.3386267,0.10907746,0.16470645,30.02681,11863.646,17853.777,6.16e-06,-0.010437947,-5.1397166,-1.9254652,-0.016628064,5.3488264,20676.189,0.076851711,5.0424733
1.3346415,0.10926779,0.16499107,30.061684,11820.506,17788.754,6.176e-06,-0.009711206,-5.1413288,-1.7914048,-0.016296685,5.4179606,20682.686,0.076955475,5.1022758
1.3306478,0.10945743,0.16527465,30.096382,11777.289,17723.619,6.192e-06,-0.0094206631,-5.1429086,-1.7378091,-0.015965203,5.4870887,20689.051,0.07808771,5.1620536
1.3266457,0.10964638,0.16555718,30.130907,11733.999,17658.371,6.208e-06,-0.0086338101,-5.1444559,-1.59266,-0.015633618,5.55621,20695.285,0.078324229,5.221807
1.3226353,0.10983463,0.16583867,30.165257,11690.634,17593.012,6.224e-06,-0.0088796532,-5.1459708,-1.6380101,-0.015301937,5.6253242,20701.389,0.078574479,5.2815351
1.3186165,0.11002219,0.16611911,30.199432,11647.195,17527.541,6.24e-06,-0.008087405,-5.1474533,-1.4918659,-0.014970159,5.6944313,20707.361,0.078875087,5.3412385
1.3145894,0.11020906,0.1663985,30.233433,11603.682,17461.961,6.256e-06,-0.0076034246,-5.1489029,-1.4025871,-0.014638286,5.7635298,20713.201,0.078736231,5.4009171
1.3105539,0.11039522,0.16667685,30.267258,11560.096,17396.27,6.272e-06,-0.0077059236,-5.1503201,-1.4214948,-0.014306321,5.8326201,20718.912,0.079194009,5.4605699
1.3065103,0.11058069,0.16695413,30.300907,11516.437,17330.467,6.288e-06,-0.0073860958,-5.1517048,-1.362497,-0.013974265,5.9017015,20724.49,0.079226054,5.5201979
1.3024584,0.11076546,0.16723037,30.334381,11472.704,17264.557,6.304e-06,-0.006970705,-5.1530571,-1.2858707,-0.013642121,5.9707732,20729.939,0.080458999,5.5798001
1.2983983,0.11094954,0.16750553,30.36768,11428.898,17198.537,6.32e-06,-0.0062948279,-5.1543765,-1.1611931,-0.013309891,6.039835,20735.256,0.080191962,5.6393766
1.29433,0.11113291,0.16777965,30.400803,11385.021,17132.408,6.336e-06,-0.0060983072,-5.155664,-1.1249413,-0.012977578,6.1088862,20740.441,0.08088015,5.6989274
1.2902535,0.11131558,0.16805272,30.43375,11341.071,17066.172,6.352e-06,-0.0056898524,-5.156918,-1.0495946,-0.012645181,6.1779265,20745.496,0.080928981,5.7584524
1.2861688,0.11149755,0.16832471,30.46652,11297.05,16999.826,6.368e-06,-0.0052382401,-5.1581402,-0.96628666,-0.012312706,6.2469554,20750.418,0.080671102,5.8179517
1.2820761,0.11167881,0.16859564,30.499113,11252.957,16933.375,6.384e-06,-0.0050810236,-5.1593294,-0.9372853,-0.011980153,6.3159723,20755.211,0.081037328,5.8774242
1.2779753,0.11185937,0.16886552,30.531532,11208.793,16866.816,6.4e-06,-0.0046278699,-5.1604862,-0.85369301,-0.011647523,6.3849764,20759.871,0.081872009,5.9368706
1.2738664,0.11203922,0.16913432,30.563772,11164.557,16800.15,6.416e-06,-0.0044583227,-5.1616106,-0.82241702,-0.01131482,6.4539671,20764.4,0.081991024,5.9962907
1.2697495,0.11221836,0.16940205,30.595837,11120.251,16733.379,6.432e-06,-0.0036629918,-5.1627021,-0.67570406,-0.010982047,6.5229445,20768.799,0.083161414,6.0556836
1.2656245,0.11239679,0.16966872,30.627724,11075.874,16666.502,6.448e-06,-0.003056475,-5.1637611,-0.56382126,-0.010649203,6.5919075,20773.064,0.083248392,6.1150498
1.2614915,0.11257452,0.1699343,30.659433,11031.428,16599.52,6.464e-06,-0.0030032988,-5.1647873,-0.55401194,-0.010316293,6.6608553,20777.199,0.083254494,6.1743894
1.2573507,0.11275153,0.17019883,30.690968,10986.911,16532.432,6.48e-06,-0.0025470625,-5.165781,-0.46985105,-0.0099833179,6.7297878,20781.203,0.083466597,6.2337012
1.2532018,0.11292783,0.17046227,30.722322,10942.325,16465.24,6.496e-06,-0.0024823262,-5.1667418,-0.45790929,-0.0096502788,6.7987041,20785.076,0.084199041,6.2929859
1.249045,0.11310341,0.17072463,30.753502,10897.67,16397.945,6.512e-06,-0.0020576874,-5.1676707,-0.3795771,-0.0093171792,6.8676043,20788.816,0.084075443,6.3522429
1.2448803,0.11327828,0.17098592,30.784504,10852.945,16330.546,6.528e-06,-0.0018734974,-5.1685662,-0.34559995,-0.0089840209,6.9364867,20792.426,0.084362313,6.4114723
1.2407079,0.11345244,0.17124613,30.815327,10808.151,16263.043,6.544e-06,-0.0010111183,-5.1694293,-0.18651877,-0.0086508058,7.0053515,20795.902,0.084542371,6.470674
1.2365274,0.11362588,0.17150526,30.845974,10763.29,16195.438,6.56e-06,-0.00052251387,-5.17026,-0.096386991,-0.0083175367,7.0741978,20799.25,0.085453354,6.5298471
1.2323391,0.1137986,0.1717633,30.876444,10718.36,16127.73,6.576e-06,-0.00050632982,-5.1710577,-0.093401551,-0.0079842145,7.1430254,20802.463,0.085912652,6.5889921
1.2281432,0.11397061,0.17202026,30.906734,10673.362,16059.921,6.592e-06,-0.00014180318,-5.171823,-0.02615812,-0.007650842,7.211833,20805.547,0.086091191,6.6481085
1.2239394,0.1141419,0.17227612,30.93685,10628.297,15992.01,6.608e-06,0.00055873534,-5.1725554,0.10306869,-0.007317421,7.2806201,20808.498,0.085306861,6.7071967
1.2197278,0.11431246,0.17253092,30.966785,10583.164,15923.998,6.624e-06,0.0010658358,-5.1732554,0.1966124,-0.0069839545,7.3493867,20811.318,0.086799219,6.7662554
1.2155085,0.1144823,0.17278461,30.996546,10537.964,15855.886,6.64e-06,0.0014627306,-5.1739225,0.26982671,-0.0066504432,7.4181314,20814.006,0.087108985,6.8252854
1.2112815,0.11465141,0.17303722,31.026127,10492.698,15787.673,6.656e-06,0.00147352,-5.1745567,0.271817,-0.0063168905,7.4868541,20816.562,0.086146124,6.8842859
1.2070469,0.1148198,0.17328872,31.055531,10447.364,15719.361,6.672e-06,0.0016754353,-5.1751585,0.30906388,-0.0059832977,7.5555539,20818.986,0.087746821,6.9432569
1.2028044,0.11498747,0.17353913,31.084757,10401.966,15650.949,6.688e-06,0.0022226106,-5.1757278,0.41000012,-0.0056496672,7.6242299,20821.279,0.087629326,7.0021982
1.1985545,0.11515442,0.17378846,31.113806,10356.5,15582.438,6.704e-06,0.0023459177,-5.1762643,0.43274632,-0.0053160009,7.6928825,20823.439,0.087067783,7.06111
1.1942968,0.11532063,0.17403667,31.142677,10310.97,15513.83,6.72e-06,0.0029054238,-5.1767678,0.53595716,-0.0049823015,7.7615099,20825.469,0.088500626,7.1199913
1.1900316,0.11548612,0.1742838,31.171371,10265.373,15445.123,6.736e-06,0.0034156069,-5.1772389,0.63006955,-0.0046485704,7.830112,20827.367,0.088332772,7.1788425
1.1857589,0.11565087,0.17452982,31.199888,10219.712,15376.318,6.752e-06,0.0036568264,-5.1776772,0.67456675,-0.00431481,7.8986878,20829.133,0.089004181,7.2376633
1.1814786,0.11581489,0.17477474,31.228226,10173.986,15307.417,6.768e-06,0.0038487231,-5.1780829,0.70996553,-0.0039810222,7.9672375,20830.768,0.089608446,7.296453
1.1771908,0.11597819,0.17501855,31.256388,10128.196,15238.419,6.784e-06,0.0042980234,-5.1784558,0.79284698,-0.0036472096,8.035759,20832.27,0.089506209,7.3552122
1.1728954,0.11614075,0.17526126,31.284372,10082.341,15169.324,6.8e-06,0.0047966465,-5.1787958,0.8848269,-0.003313374,8.1042538,20833.641,0.089887694,7.41394
1.1685926,0.11630257,0.17550287,31.31218,10036.423,15100.134,6.816e-06,0.0049130176,-5.1791034,0.90629363,-0.0029795174,8.172719,20834.879,0.089791559,7.4726367
1.1642823,0.11646367,0.17574336,31.339809,9990.4404,15030.849,6.832e-06,0.0055549853,-5.179378,1.024716,-0.002645642,8.2411547,20835.986,0.09011811,7.531302
1.1599647,0.11662403,0.17598273,31.367262,9944.3955,14961.468,6.848e-06,0.0055380305,-5.1796203,1.0215883,-0.0023117501,8.3095608,20836.961,0.090446182,7.5899353
1.1556395,0.11678364,0.17622101,31.394537,9898.2871,14891.992,6.864e-06,0.0059272186,-5.1798296,1.093381,-0.0019778437,8.3779364,20837.805,0.091943115,7.6485367
1.151307,0.11694252,0.17645817,31.421637,9852.1162,14822.423,6.88e-06,0.0064058043,-5.180006,1.1816647,-0.0016439247,8.4462805,20838.516,0.091927856,7.7071061
1.1469672,0.11710067,0.17669421,31.448559,9805.8828,14752.761,6.896e-06,0.0066015543,-5.18015,1.2177743,-0.0013099954,8.5145931,20839.096,0.092278816,7.7656431
1.14262,0.11725807,0.17692913,31.475304,9759.5869,14683.004,6.912e-06,0.0069090514,-5.1802611,1.2744976,-0.0009760579,8.5828733,20839.543,0.091929384,7.8241472
1.1382654,0.11741474,0.17716295,31.501871,9713.2295,14613.155,6.928e-06,0.0077221077,-5.1803393,1.4244803,-0.00064211432,8.6511192,20839.859,0.092371896,7.8826189
1.1339036,0.11757066,0.17739564,31.528263,9666.8105,14543.215,6.944e-06,0.0072905328,-5.1803851,1.3448687,-0.00030816669,8.7193327,20840.043,0.09272591,7.9410577
1.1295345,0.11772583,0.17762721,31.554478,9620.3301,14473.182,6.96e-06,0.0084226467,-5.180398,1.5537071,2.578282e-05,8.7875109,20840.096,0.092591628,7.9994631
1.1251582,0.11788027,0.17785765,31.580517,9573.7891,14403.058,6.976e-06,0.0084611801,-5.1803784,1.5608153,0.0003597321,8.8556538,20840.018,0.093099765,8.0578356
1.1207746,0.11803396,0.17808698,31.60638,9527.1865,14332.842,6.992e-06,0.0089066271,-5.180326,1.6429859,0.00069367909,8.9237614,20839.805,0.093420208,8.1161737
1.1163838,0.11818691,0.17831518,31.632067,9480.5244,14262.536,7.008e-06,0.0092742359,-5.1802406,1.710798,0.0010276216,8.9918318,20839.463,0.093864255,8.1744785
1.1119858,0.11833911,0.17854226,31.657578,9433.8018,14192.14,7.024e-06,0.0097497394,-5.1801229,1.7985131,0.0013615575,9.059866,20838.986,0.093842894,8.2327499
1.1075808,0.11849055,0.1787682,31.682911,9387.0195,14121.654,7.04e-06,0.0099539664,-5.1799722,1.8361864,0.0016954849,9.127862,20838.381,0.094940029,8.2909861
1.1031685,0.11864126,0.17899302,31.708071,9340.1777,14051.079,7.056e-06,0.010358568,-5.1797891,1.9108223,0.0020294015,9.1958189,20837.643,0.095445111,8.3491888
1.0987492,0.11879121,0.17921671,31.733053,9293.2773,13980.416,7.072e-06,0.010689185,-5.1795731,1.9718106,0.0023633051,9.2637377,20836.771,0.095387131,8.4073563
1.0943228,0.11894041,0.17943926,31.75786,9246.3174,13909.664,7.088e-06,0.011177019,-5.1793242,2.0618002,0.0026971938,9.3316174,20835.77,0.095265053,8.4654894
1.0898893,0.11908887,0.17966068,31.782494,9199.2988,13838.824,7.104e-06,0.011725736,-5.1790428,2.1630208,0.0030310655,9.399456,20834.635,0.096142463,8.5235872
1.0854487,0.11923656,0.17988096,31.80695,9152.2217,13767.897,7.12e-06,0.011549252,-5.1787286,2.1304653,0.0033649178,9.4672546,20833.369,0.096792504,8.5816498
1.0810012,0.11938351,0.18010011,31.831232,9105.0879,13696.883,7.136e-06,0.012267516,-5.1783814,2.2629619,0.003698749,9.5350103,20831.971,0.096086003,8.639677
1.0765467,0.11952969,0.18031813,31.855339,9057.8945,13625.782,7.152e-06,0.012753809,-5.1780019,2.3526671,0.0040325564,9.602725,20830.441,0.096836753,8.697669
1.0720853,0.11967513,0.180535,31.879272,9010.6455,13554.596,7.168e-06,0.013035874,-5.1775894,2.4046991,0.0043663387,9.6703968,20828.779,0.0973159,8.7556248
1.0676168,0.11981981,0.18075073,31.903028,8963.3379,13483.323,7.184e-06,0.013069783,-5.1771445,2.4109542,0.0047000935,9.7380257,20826.986,0.098036133,8.8135452
1.0631415,0.11996374,0.18096532,31.926613,8915.9746,13411.966,7.2e-06,0.013755679,-5.1766667,2.5374799,0.0050338181,9.8056107,20825.062,0.097485274,8.8714294
1.0586592,0.1201069,0.18117878,31.950022,8868.5537,13340.523,7.216e-06,0.013626977,-5.1761565,2.5137386,0.005367511,9.8731508,20823.006,0.098208562,8.9292774
1.0541701,0.12024931,0.18139108,31.973255,8821.0771,13268.997,7.232e-06,0.014149491,-5.1756134,2.6101255,0.0057011698,9.9406452,20820.816,0.098016299,8.9870882
1.0496742,0.12039095,0.18160224,31.996315,8773.5449,13197.387,7.248e-06,0.014449282,-5.1750374,2.6654272,0.0060347929,10.008095,20818.498,0.099031039,9.0448627
1.0451715,0.12053184,0.18181224,32.019203,8725.957,13125.693,7.264e-06,0.015374085,-5.1744289,2.8360238,0.0063683777,10.075499,20816.045,0.099224828,9.1026011
1.0406619,0.12067197,0.18202111,32.041916,8678.3135,13053.917,7.28e-06,0.01513826,-5.1737876,2.7925217,0.006701922,10.142855,20813.463,0.099685661,9.1603012
1.0361457,0.12081133,0.18222882,32.064453,8630.6152,12982.058,7.296e-06,0.01597983,-5.1731138,2.9477644,0.007035424,10.210164,20810.748,0.10002289,9.2179651
1.0316226,0.12094993,0.18243538,32.086819,8582.8613,12910.117,7.312e-06,0.0159097,-5.1724072,2.9348276,0.0073688817,10.277425,20807.9,0.099620044,9.2755909
1.0270929,0.12108777,0.18264079,32.109013,8535.0547,12838.095,7.328e-06,0.016414488,-5.1716681,3.0279448,0.0077022929,10.344638,20804.922,0.10052492,9.3331795
1.0225565,0.12122484,0.18284504,32.131031,8487.1924,12765.99,7.344e-06,0.017063392,-5.1708961,3.1476464,0.0080356551,10.411801,20801.812,0.10094149,9.3907309
1.0180134,0.12136114,0.18304814,32.152878,8439.2773,12693.807,7.36e-06,0.017309235,-5.1700916,3.1929967,0.0083689662,10.478915,20798.57,0.10058138,9.4482441
1.0134637,0.12149668,0.18325008,32.174553,8391.3076,12621.542,7.376e-06,0.017246811,-5.1692543,3.1814816,0.0087022251,10.545979,20795.197,0.10112918,9.5057192
1.0089074,0.12163145,0.18345088,32.196053,8343.2861,12549.197,7.392e-06,0.018066034,-5.1683846,3.3326015,0.0090354281,10.612992,20791.693,0.10146946,9.5631561
1.0043446,0.12176545,0.18365051,32.217381,8295.2109,12476.774,7.408e-06,0.017921148,-5.1674819,3.3058748,0.0093685752,10.679955,20788.057,0.10175939,9.620554
0.99977511,0.12189868,0.18384898,32.238537,8247.083,12404.271,7.424e-06,0.01877505,-5.1665468,3.463392,0.0097016618,10.746864,20784.289,0.10207831,9.6779137
0.9951992,0.12203114,0.18404628,32.259521,8198.9033,12331.691,7.44e-06,0.019358445,-5.1655788,3.5710101,0.010034688,10.813723,20780.389,0.10232856,9.7352352
0.9906168,0.12216284,0.18424243,32.280334,8150.6714,12259.033,7.456e-06,0.019463256,-5.1645784,3.5903442,0.01036765,10.880528,20776.359,0.10356456,9.7925177
0.9860279,0.12229376,0.18443741,32.300976,8102.3872,12186.297,7.472e-06,0.019553425,-5.1635456,3.6069775,0.010700547,10.947281,20772.195,0.1031602,9.849761
0.98143256,0.12242391,0.18463123,32.321442,8054.0527,12113.484,7.488e-06,0.020010432,-5.1624799,3.6912806,0.011033376,11.013979,20767.902,0.10326853,9.9069653
0.97683084,0.12255328,0.18482387,32.34174,8005.666,12040.595,7.504e-06,0.020109849,-5.1613812,3.7096198,0.011366135,11.080624,20763.479,0.10370953,9.9641304
0.97222275,0.12268188,0.18501535,32.361866,7957.2295,11967.629,7.52e-06,0.020678602,-5.1602507,3.8145366,0.011698823,11.147213,20758.922,0.10456862,10.021256
0.96760833,0.12280971,0.18520567,32.381817,7908.7422,11894.588,7.536e-06,0.021099389,-5.1590872,3.8921578,0.012031437,11.213748,20754.234,0.10454725,10.078342
0.96298754,0.12293676,0.18539481,32.4016,7860.2046,11821.472,7.552e-06,0.02129822,-5.1578913,3.9288361,0.012363974,11.280228,20749.414,0.10445723,10.135388
0.95836049,0.12306303,0.18558279,32.421211,7811.6172,11748.281,7.568e-06,0.021930169,-5.1566625,4.0454102,0.012696434,11.34665,20744.465,0.10537583,10.192395
0.95372725,0.12318853,0.18576957,32.440651,7762.9805,11675.016,7.584e-06,0.02248274,-5.1554012,4.1473417,0.013028813,11.413017,20739.383,0.10540178,10.249362
0.94908768,0.12331324,0.18595521,32.459923,7714.2939,11601.677,7.6e-06,0.02244883,-5.1541076,4.1410866,0.013361109,11.479327,20734.17,0.10543382,10.306288
0.94444197,0.12343718,0.18613966,32.479019,7665.5591,11528.265,7.616e-06,0.02324339,-5.152781,4.2876573,0.013693322,11.54558,20728.826,0.1058626,10.363174
0.93979013,0.12356034,0.18632293,32.497948,7616.7754,11454.779,7.632e-06,0.023251867,-5.151422,4.2892213,0.014025448,11.611774,20723.352,0.10591906,10.42002
0.93513209,0.12368271,0.18650503,32.516708,7567.9434,11381.223,7.648e-06,0.023490775,-5.1500306,4.333292,0.014357485,11.677912,20717.746,0.10662252,10.476826
0.93046802,0.12380432,0.18668595,32.535294,7519.0635,11307.594,7.664e-06,0.02397861,-5.1486068,4.4232817,0.014689432,11.74399,20712.008,0.1070452,10.53359
0.92579782,0.12392513,0.1868657,32.553711,7470.1357,11233.893,7.68e-06,0.024138138,-5.1471505,4.4527092,0.015021285,11.810009,20706.141,0.10657064,10.590315
0.9211216,0.12404516,0.18704426,32.571957,7421.1606,11160.121,7.696e-06,0.024697643,-5.1456614,4.5559201,0.015353044,11.875969,20700.141,0.1076281,10.646998
0.91643941,0.12416441,0.18722163,32.590034,7372.1387,11086.279,7.712e-06,0.025072189,-5.1441398,4.6250119,0.015684705,11.94187,20694.012,0.10831477,10.703641
0.91175121,0.12428287,0.18739784,32.607941,7323.0693,11012.367,7.728e-06,0.025500681,-5.1425858,4.7040548,0.016016267,12.00771,20687.75,0.10777459,10.760242
0.90705711,0.12440056,0.18757285,32.625679,7273.9541,10938.386,7.744e-06,0.02570645,-5.1409993,4.7420125,0.016347729,12.07349,20681.357,0.10829493,10.816803
0.9023571,0.12451745,0.18774667,32.643246,7224.7925,10864.335,7.76e-06,0.026368454,-5.1393805,4.864131,0.016679088,12.139209,20674.836,0.10806909,10.873322
0.8976512,0.12463355,0.18791932,32.660641,7175.5854,10790.215,7.776e-06,0.026490992,-5.1377292,4.886735,0.017010339,12.204867,20668.182,0.10914335,10.929799
0.89293945,0.12474887,0.18809077,32.677872,7126.3325,10716.027,7.792e-06,0.026560351,-5.1360455,4.8995299,0.017341485,12.270464,20661.398,0.10951109,10.986236
0.88822192,0.1248634,0.18826105,32.694927,7077.0347,10641.772,7.808e-06,0.027368013,-5.1343288,5.0485172,0.01767252,12.335999,20654.482,0.10954772,11.04263
0.88349861,0.12497714,0.18843013,32.711815,7027.6914,10567.45,7.824e-06,0.027556827,-5.1325803,5.0833473,0.018003443,12.401473,20647.438,0.1101001,11.098984
0.87876958,0.12509009,0.18859801,32.728535,6978.3037,10493.061,7.84e-06,0.027777238,-5.1307988,5.1240063,0.018334253,12.466884,20640.262,0.10989105,11.155294
0.87403482,0.12520225,0.18876471,32.745083,6928.8716,10418.605,7.856e-06,0.027885132,-5.1289854,5.1439095,0.018664947,12.532232,20632.953,0.11085238,11.211564
0.8692944,0.12531362,0.18893021,32.761463,6879.396,10344.084,7.872e-06,0.028447721,-5.1271396,5.2476888,0.018995523,12.597517,20625.516,0.11059298,11.267792
0.86454839,0.12542421,0.18909453,32.777672,6829.8765,10269.497,7.888e-06,0.028821496,-5.1252613,5.316638,0.019325979,12.66274,20617.949,0.11111179,11.323977
0.85979676,0.125534,0.18925765,32.793713,6780.314,10194.846,7.904e-06,0.029438801,-5.1233506,5.4305115,0.019656314,12.727898,20610.25,0.11088596,11.380121
0.8550396,0.125643,0.18941957,32.809586,6730.7075,10120.13,7.92e-06,0.029749382,-5.1214075,5.4878035,0.019986523,12.792994,20602.422,0.11128727,11.436223
0.85027683,0.1257512,0.18958029,32.825287,6681.0591,10045.351,7.936e-06,0.030127781,-5.119432,5.5576057,0.020316606,12.858025,20594.463,0.1114307,11.492282
0.84550864,0.1258586,0.18973982,32.840816,6631.3682,9970.5068,7.952e-06,0.030745856,-5.117424,5.6716208,0.020646563,12.922991,20586.373,0.11233863,11.548299
0.84073496,0.12596521,0.18989815,32.856182,6581.6353,9895.6006,7.968e-06,0.030692682,-5.1153841,5.6618118,0.020976387,12.987894,20578.154,0.11261177,11.604274
0.83595592,0.12607104,0.19005528,32.871376,6531.8604,9820.6318,7.984e-06,0.030859916,-5.1133118,5.6926613,0.021306079,13.052732,20569.805,0.11234932,11.660206
0.83117145,0.12617604,0.19021121,32.886398,6482.0439,9745.6016,8e-06,0.031678367,-5.111207,5.8436389,0.021635637,13.117505,20561.324,0.11221503,11.716095
0.82638162,0.12628028,0.19036594,32.901253,6432.1865,9670.5088,8.016e-06,0.031681448,-5.1090698,5.8442078,0.021965057,13.182213,20552.715,0.11373486,11.771942
0.82158655,0.12638369,0.19051947,32.915936,6382.2881,9595.3555,8.032e-06,0.032001279,-5.1069007,5.9032054,0.022294339,13.246856,20543.975,0.11421857,11.827746
0.81678611,0.12648632,0.19067179,32.93045,6332.3491,9520.1416,8.048e-06,0.03233806,-5.1046991,5.9653311,0.022623479,13.311433,20535.104,0.11447646,11.883509
0.81198055,0.12658815,0.1908229,32.944798,6282.3706,9444.8672,8.064e-06,0.032697193,-5.1024652,6.0315795,0.022952478,13.375945,20526.104,0.11524858,11.939227
0.80716968,0.12668918,0.19097281,32.958973,6232.3516,9369.5332,8.08e-06,0.03306403,-5.1001992,6.0992494,0.02328133,13.440391,20516.975,0.11450087,11.994904
0.80235374,0.12678941,0.19112152,32.972977,6182.293,9294.1406,8.096e-06,0.033463236,-5.0979013,6.1728902,0.023610037,13.504771,20507.715,0.11531114,12.050537
0.79753262,0.12688883,0.19126901,32.986813,6132.1953,9218.6885,8.112e-06,0.033806186,-5.0955706,6.2361531,0.023938594,13.569085,20498.326,0.11488388,12.106128
0.79270643,0.12698746,0.19141531,33.000477,6082.0586,9143.1787,8.128e-06,0.034065902,-5.0932083,6.2840619,0.024266999,13.633333,20488.807,0.11543931,12.161674
0.78787518,0.12708528,0.19156039,33.013973,6031.8833,9067.6113,8.144e-06,0.034536779,-5.0908132,6.370924,0.024595251,13.697515,20479.158,0.11613972,12.217179
0.78303891,0.1271823,0.19170426,33.027298,5981.6699,8991.9863,8.16e-06,0.034944464,-5.0883865,6.4461288,0.024923347,13.761629,20469.381,0.11591083,12.27264
0.77819771,0.12727852,0.19184692,33.040455,5931.418,8916.3047,8.176e-06,0.035093974,-5.0859275,6.4737086,0.025251286,13.825678,20459.473,0.11692861,12.328058
0.77335149,0.12737393,0.19198836,33.053436,5881.1294,8840.5664,8.192e-06,0.035369873,-5.083436,6.5246029,0.025579067,13.88966,20449.436,0.11761528,12.383433
0.76850045,0.12746854,0.1921286,33.06625,5830.8022,8764.7725,8.208e-06,0.035804532,-5.0809131,6.6047835,0.025906684,13.953575,20439.27,0.11705222,12.438766
0.76364452,0.12756234,0.19226763,33.078892,5780.439,8688.9229,8.224e-06,0.036379449,-5.0783572,6.7108374,0.026234139,14.017423,20428.973,0.11758019,12.494054
0.75878376,0.12765534,0.19240543,33.091366,5730.0386,8613.0186,8.24e-06,0.036098156,-5.0757699,6.6589479,0.026561428,14.081203,20418.549,0.11784875,12.549299
0.75391817,0.12774752,0.19254203,33.103664,5679.6021,8537.0605,8.256e-06,0.036839541,-5.0731506,6.7957091,0.026888547,14.144918,20407.994,0.11859646,12.604501
0.74904788,0.12783891,0.19267741,33.115791,5629.1289,8461.0479,8.272e-06,0.037584007,-5.0704989,6.9330397,0.027215499,14.208565,20397.311,0.11854763,12.659659
0.74417281,0.12792948,0.19281156,33.12775,5578.6206,8384.9824,8.288e-06,0.03770192,-5.0678153,6.9547906,0.027542278,14.272145,20386.498,0.11922514,12.714774
0.73929316,0.12801926,0.19294451,33.139534,5528.0767,8308.8633,8.304e-06,0.037866842,-5.0650997,6.9852138,0.027868882,14.335658,20375.557,0.11900235,12.769846
0.7344088,0.12810822,0.19307622,33.15115,5477.4976,8232.6914,8.32e-06,0.038407851,-5.0623522,7.0850124,0.028195312,14.399103,20364.486,0.11914426,12.824874
0.72951984,0.12819636,0.19320673,33.16259,5426.8838,8156.4683,8.336e-06,0.038488772,-5.0595722,7.0999398,0.028521562,14.462481,20353.287,0.11960357,12.879859
0.72462636,0.12828371,0.19333601,33.173859,5376.2354,8080.1934,8.352e-06,0.039067544,-5.0567608,7.2067046,0.028847633,14.525792,20341.961,0.12021393,12.9348
0.71972829,0.12837023,0.19346407,33.184952,5325.5527,8003.8672,8.368e-06,0.039136134,-5.0539174,7.219357,0.029173521,14.589035,20330.504,0.12045351,12.989697
0.71482575,0.12845595,0.19359091,33.195873,5274.8364,7927.4907,8.384e-06,0.039700266,-5.0510421,7.323421,0.029499223,14.652211,20318.918,0.12028871,13.044551
0.70991874,0.12854086,0.19371653,33.206623,5224.0864,7851.0645,8.4e-06,0.040065564,-5.0481343,7.3908067,0.029824741,14.715321,20307.205,0.12095248,13.099361
0.70500737,0.12862495,0.19384092,33.217197,5173.3037,7774.5879,8.416e-06,0.040655125,-5.0451956,7.4995618,0.030150071,14.778362,20295.363,0.1204123,13.154128
0.70009154,0.12870823,0.19396409,33.2276,5122.4873,7698.063,8.432e-06,0.040534899,-5.0422244,7.4773841,0.030475209,14.841336,20283.393,0.12183142,13.208851
0.69517142,0.12879071,0.19408603,33.237827,5071.6392,7621.4888,8.448e-06,0.040918693,-5.0392213,7.548182,0.030800154,14.904243,20271.293,0.12145451,13.26353
0.690247,0.12887236,0.19420676,33.247879,5020.7583,7544.8667,8.464e-06,0.041457392,-5.0361867,7.6475544,0.031124907,14.967082,20259.066,0.12205572,13.318165
0.68531823,0.1289532,0.19432624,33.257759,4969.8457,7468.1973,8.48e-06,0.04150055,-5.0331202,7.6555152,0.031449459,15.029855,20246.711,0.12246773,13.372756
0.68038529,0.12903324,0.19444451,33.26746,4918.9014,7391.4805,8.496e-06,0.041972969,-5.0300217,7.742662,0.031773817,15.09256,20234.229,0.12222205,13.427304
0.67544812,0.12911244,0.19456154,33.276985,4867.9258,7314.7168,8.512e-06,0.042322852,-5.0268912,7.8072042,0.032097973,15.155197,20221.617,0.1227546,13.481808
0.67050678,0.12919083,0.19467735,33.286339,4816.9189,7237.9067,8.528e-06,0.04313745,-5.0237298,7.9574709,0.032421924,15.217768,20208.877,0.12272866,13.536267
0.66556132,0.12926842,0.19479193,33.295513,4765.8823,7161.0513,8.544e-06,0.043416433,-5.0205359,8.008934,0.032745671,15.280272,20196.01,0.12354198,13.590684
0.66061175,0.12934518,0.19490527,33.304508,4714.8145,7084.1509,8.56e-06,0.043208353,-5.0173106,7.9705501,0.033069212,15.342709,20183.016,0.12352367,13.645056
0.65565819,0.12942113,0.19501738,33.313332,4663.7173,7007.2051,8.576e-06,0.043931242,-5.0140533,8.1039,0.033392545,15.405078,20169.893,0.12396619,13.699384
0.65070051,0.12949626,0.19512826,33.321972,4612.5903,6930.2153,8.592e-06,0.044335071,-5.0107651,8.1783934,0.033715665,15.467381,20156.643,0.12438581,13.753668
0.6457389,0.12957057,0.19523792,33.330437,4561.4341,6853.1821,8.608e-06,0.044490747,-5.0074444,8.2071104,0.034038574,15.529616,20143.264,0.12455062,13.807908
0.6407733,0.12964407,0.19534634,33.338722,4510.2485,6776.105,8.624e-06,0.044794392,-5.0040927,8.2631235,0.034361266,15.591786,20129.76,0.12462538,13.862103
0.63580376,0.12971674,0.19545352,33.346832,4459.0342,6698.9858,8.64e-06,0.045149669,-5.0007091,8.328661,0.034683742,15.653889,20116.127,0.12487716,13.916255
0.63083041,0.12978859,0.19555947,33.354759,4407.792,6621.8237,8.656e-06,0.045465644,-4.9972939,8.3869476,0.035005998,15.715924,20102.367,0.12535325,13.970363
0.62585312,0.12985963,0.19566418,33.362507,4356.5215,6544.6201,8.672e-06,0.046080638,-4.9938469,8.5003939,0.035328031,15.777894,20088.48,0.12539139,14.024426
0.62087208,0.12992984,0.19576766,33.370075,4305.2231,6467.375,8.688e-06,0.045915715,-4.9903688,8.4699717,0.035649844,15.839797,20074.465,0.12576678,14.078446
0.61588722,0.12999924,0.19586991,33.37746,4253.8975,6390.0889,8.704e-06,0.046938393,-4.9868588,8.6586227,0.035971429,15.901634,20060.324,0.12620166,14.132421
0.61089861,0.13006781,0.19597091,33.384666,4202.5449,6312.7627,8.72e-06,0.046760369,-4.9833174,8.625783,0.036292791,15.963406,20046.057,0.12679982,14.186352
0.60590625,0.13013555,0.19607067,33.391689,4151.1655,6235.3965,8.736e-06,0.047027018,-4.9797449,8.6749716,0.036613919,16.02511,20031.662,0.12730339,14.240239
0.60091025,0.13020249,0.1961692,33.398529,4099.7593,6157.9907,8.752e-06,0.047447804,-4.9761405,8.752593,0.036934819,16.08675,20017.141,0.12687765,14.294081
0.59591055,0.13026859,0.19626649,33.40519,4048.3276,6080.5464,8.768e-06,0.048183795,-4.9725046,8.8883591,0.037255485,16.148323,20002.492,0.12799616,14.347878
0.59090728,0.13033387,0.19636254,33.411663,3996.8696,6003.0635,8.784e-06,0.047998063,-4.9688377,8.8540974,0.037575915,16.209829,19987.717,0.12826167,14.401632
0.58590037,0.13039833,0.19645734,33.417953,3945.3867,5925.543,8.8e-06,0.048668545,-4.9651394,8.9777803,0.037896108,16.271273,19972.816,0.1278695,14.455341
0.58088994,0.13046198,0.19655091,33.424057,3893.8782,5847.9849,8.816e-06,0.048666235,-4.9614096,8.9773531,0.038216058,16.332649,19957.789,0.12835932,14.509007
0.57587594,0.13052478,0.19664323,33.429977,3842.3452,5770.3896,8.832e-06,0.049006868,-4.9576483,9.0401897,0.03853577,16.393961,19942.635,0.12859127,14.562626
0.57085848,0.13058677,0.19673432,33.435711,3790.7876,5692.7578,8.848e-06,0.049410701,-4.9538555,9.1146832,0.03885524,16.455206,19927.355,0.1289819,14.616201
0.56583756,0.13064793,0.19682416,33.441257,3739.2061,5615.0903,8.864e-06,0.049961727,-4.9500318,9.2163305,0.039174464,16.516388,19911.949,0.12896207,14.669732
0.56081319,0.13070828,0.19691277,33.446617,3687.6003,5537.3872,8.88e-06,0.050373267,-4.946177,9.2922459,0.039493438,16.577505,19896.416,0.12914518,14.723219
0.55578536,0.13076778,0.19700012,33.45179,3635.9714,5459.6494,8.896e-06,0.050720837,-4.9422908,9.3563623,0.039812163,16.638557,19880.758,0.12980591,14.77666
0.55075425,0.13082647,0.19708623,33.456776,3584.3191,5381.877,8.912e-06,0.051163204,-4.9383731,9.4379635,0.040130638,16.699545,19864.975,0.12976471,14.830057
0.54571974,0.13088432,0.19717109,33.461567,3532.6443,5304.0703,8.928e-06,0.051909979,-4.9344244,9.5757208,0.040448859,16.760468,19849.066,0.13078707,14.883409
0.5406819,0.13094136,0.1972547,33.466171,3480.9465,5226.2305,8.944e-06,0.051511545,-4.9304447,9.5022221,0.040766824,16.821327,19833.031,0.13102664,14.936715
0.53564084,0.13099757,0.19733708,33.470585,3429.2271,5148.3574,8.96e-06,0.052132703,-4.9264336,9.616806,0.041084532,16.882122,19816.871,0.1311655,14.989978
0.53059644,0.13105294,0.19741821,33.474808,3377.4854,5070.4517,8.976e-06,0.052338473,-4.9223914,9.6547632,0.041401979,16.942852,19800.584,0.13132267,15.043195
0.52554888,0.13110749,0.19749808,33.47884,3325.7222,4992.5142,8.992e-06,0.052490294,-4.9183183,9.6827698,0.041719165,17.003519,19784.174,0.13194677,15.096367
0.5204981,0.13116121,0.19757672,33.482677,3273.9377,4914.5454,9.008e-06,0.053013578,-4.9142137,9.7792988,0.04203609,17.064123,19767.637,0.13181402,15.149493
0.51544416,0.13121411,0.1976541,33.48632,3222.1328,4836.5449,9.024e-06,0.053296417,-4.9100785,9.8314734,0.042352747,17.124664,19750.977,0.13220619,15.202576
0.51038706,0.13126616,0.19773024,33.489773,3170.3069,4758.5146,9.04e-06,0.05364861,-4.9059119,9.8964415,0.042669136,17.185141,19734.189,0.13243201,15.255611
0.50532687,0.13131741,0.19780512,33.493027,3118.4609,4680.4536,9.056e-06,0.05416419,-4.9017148,9.9915495,0.042985257,17.245556,19717.277,0.13318735,15.308602
0.50026357,0.1313678,0.19787876,33.496086,3066.595,4602.3633,9.072e-06,0.054608867,-4.8974867,10.073578,0.043301105,17.305906,19700.242,0.13344218,15.361548
0.49519724,0.13141738,0.19795115,33.498947,3014.7095,4524.2441,9.088e-06,0.054866269,-4.8932271,10.12106,0.043616679,17.366196,19683.082,0.13346812,15.414449
0.49012786,0.13146614,0.19802229,33.501614,2962.8047,4446.0962,9.104e-06,0.054855481,-4.888937,10.11907,0.04393198,17.42642,19665.797,0.13389538,15.467303
0.48505548,0.13151404,0.19809218,33.504082,2910.8813,4367.9199,9.12e-06,0.055246979,-4.8846159,10.191289,0.044247001,17.486584,19648.387,0.13341166,15.520112
0.47998014,0.13156113,0.19816081,33.506348,2858.939,4289.7163,9.136e-06,0.055881239,-4.8802643,10.30829,0.044561744,17.546686,19630.854,0.13472854,15.572875
0.47490183,0.13160738,0.1982282,33.508419,2806.9785,4211.4858,9.152e-06,0.055794153,-4.8758812,10.292226,0.044876203,17.606724,19613.195,0.13466902,15.625592
0.46982062,0.1316528,0.19829433,33.510284,2755,4133.2285,9.168e-06,0.056606442,-4.8714681,10.442066,0.045190383,17.666702,19595.414,0.13530686,15.678264
0.46473649,0.13169739,0.19835921,33.511951,2703.0042,4054.9451,9.184e-06,0.05667349,-4.8670235,10.454434,0.045504272,17.726618,19577.508,0.1348552,15.730889
0.4596495,0.13174115,0.19842283,33.513416,2650.9907,3976.636,9.2e-06,0.057017978,-4.8625488,10.517982,0.045817878,17.78647,19559.477,0.13526109,15.783468
0.45455968,0.13178408,0.1984852,33.514675,2598.9607,3898.302,9.216e-06,0.057189837,-4.8580427,10.549684,0.046131194,17.846264,19541.324,0.13536179,15.836001
0.44946703,0.13182616,0.19854632,33.515732,2546.9136,3819.9431,9.232e-06,0.057749342,-4.8535066,10.652895,0.046444215,17.905994,19523.047,0.1357799,15.888489
0.44437161,0.13186742,0.19860618,33.516582,2494.8506,3741.5603,9.248e-06,0.058197875,-4.8489394,10.735634,0.046756946,17.965666,19504.646,0.13645588,15.940928
0.43927342,0.13190785,0.1986648,33.517231,2442.7715,3663.1536,9.264e-06,0.05867723,-4.8443418,10.82406,0.047069378,18.025274,19486.121,0.13668478,15.993322
0.43417248,0.13194746,0.19872215,33.51767,2390.6768,3584.7241,9.28e-06,0.058523867,-4.8397131,10.79577,0.047381517,18.084824,19467.475,0.13749504,16.04567
0.42906883,0.13198622,0.19877826,33.517899,2338.5667,3506.2717,9.296e-06,0.059051774,-4.8350544,10.893151,0.047693353,18.14431,19448.703,0.13687856,16.097969
0.4239625,0.13202414,0.19883309,33.517921,2286.4419,3427.7971,9.312e-06,0.059465624,-4.8303652,10.969494,0.048004892,18.203737,19429.809,0.13685416,16.150223
0.41885349,0.13206123,0.19888668,33.517735,2234.302,3349.301,9.328e-06,0.059551168,-4.825645,10.985273,0.048316125,18.263105,19410.793,0.13773003,16.202429
0.41374189,0.1320975,0.19893901,33.517338,2182.1482,3270.7839,9.344e-06,0.060048249,-4.8208947,11.076969,0.048627052,18.322411,19391.652,0.13830836,16.254587
0.40862763,0.13213292,0.19899009,33.516731,2129.9802,3192.2458,9.36e-06,0.060209319,-4.8161139,11.106682,0.048937675,18.381659,19372.391,0.13874783,16.3067
0.40351081,0.1321675,0.19903991,33.515907,2077.7988,3113.6877,9.376e-06,0.060549185,-4.8113027,11.169375,0.049247984,18.440844,19353.006,0.13796197,16.358765
0.39839143,0.13220125,0.19908847,33.514874,2025.6036,3035.1101,9.392e-06,0.060986925,-4.8064609,11.250125,0.049557984,18.499971,19333.5,0.1391644,16.41078
0.39326951,0.13223419,0.19913578,33.513626,1973.3959,2956.5132,9.408e-06,0.061574176,-4.8015885,11.358454,0.049867671,18.559038,19313.869,0.13906522,16.462749
0.38814509,0.13226627,0.19918182,33.512161,1921.1752,2877.8975,9.424e-06,0.061883215,-4.7966862,11.415461,0.050177045,18.618046,19294.117,0.13980225,16.514669
0.3830182,0.13229752,0.1992266,33.510479,1868.9424,2799.2637,9.44e-06,0.061887838,-4.7917538,11.416314,0.050486099,18.676994,19274.244,0.13952605,16.566544
0.37788883,0.13232793,0.19927014,33.508583,1816.6974,2720.6123,9.456e-06,0.062580667,-4.7867908,11.544119,0.050794836,18.735884,19254.248,0.14025697,16.618368
0.37275702,0.13235751,0.1993124,33.506466,1764.4409,2641.9436,9.472e-06,0.062695503,-4.7817974,11.565302,0.051103253,18.794712,19234.131,0.14125492,16.670143
0.36762282,0.13238624,0.19935343,33.504131,1712.1729,2563.2583,9.488e-06,0.063241132,-4.7767744,11.665954,0.051411346,18.853483,19213.891,0.14026307,16.72187
0.36248624,0.13241415,0.19939317,33.501575,1659.894,2484.5566,9.504e-06,0.063520886,-4.7717204,11.717559,0.05171911,18.912195,19193.531,0.14036684,16.77355
0.35734728,0.13244122,0.19943167,33.498798,1607.6042,2405.8396,9.52e-06,0.063709699,-4.7666368,11.752389,0.052026555,18.970848,19173.049,0.14091617,16.82518
0.35220602,0.13246745,0.1994689,33.4958,1555.3044,2327.1072,9.536e-06,0.063604891,-4.7615232,11.733055,0.052333664,19.029442,19152.445,0.14169897,16.87676
0.34706244,0.13249284,0.19950487,33.492577,1502.9943,2248.3599,9.552e-06,0.064148985,-4.7563791,11.833423,0.052640446,19.087978,19131.721,0.14206672,16.928291
0.34191656,0.1325174,0.19953959,33.489128,1450.6747,2169.5986,9.568e-06,0.064162858,-4.7512054,11.835981,0.052946895,19.146454,19110.875,0.14206061,16.979774
0.33676845,0.13254112,0.19957304,33.485458,1398.3455,2090.8235,9.584e-06,0.065200947,-4.7460012,12.027475,0.05325301,19.204872,19089.908,0.14215064,17.031206
0.3316181,0.13256401,0.19960523,33.481556,1346.0074,2012.0354,9.6e-06,0.065194011,-4.7407675,12.026196,0.053558789,19.263233,19068.82,0.14269692,17.082588
0.32646555,0.13258605,0.19963616,33.477432,1293.6605,1933.2344,9.616e-06,0.065804377,-4.7355037,12.13879,0.053864229,19.321535,19047.611,0.14356212,17.133921
0.32131082,0.13260727,0.19966583,33.473076,1241.3055,1854.4213,9.632e-06,0.066272944,-4.7302098,12.225225,0.054169327,19.379778,19026.283,0.143025,17.185202
0.31615394,0.13262764,0.19969425,33.468491,1188.9421,1775.5964,9.648e-06,0.066014774,-4.7248859,12.177601,0.054474086,19.437963,19004.834,0.1435667,17.236433
0.31099492,0.13264716,0.1997214,33.463673,1136.5713,1696.7603,9.664e-06,0.066453286,-4.7195325,12.258492,0.054778498,19.49609,18983.266,0.14420454,17.287613
0.30583382,0.13266586,0.19974728,33.458626,1084.1929,1617.9135,9.68e-06,0.066760011,-4.7141495,12.315073,0.055082567,19.554159,18961.576,0.14381389,17.338743
0.30067065,0.13268371,0.1997719,33.453346,1031.8076,1539.0565,9.696e-06,0.067056715,-4.7087364,12.369806,0.055386286,19.612169,18939.766,0.1436491,17.38982
0.2955054,0.13270073,0.19979526,33.44783,979.41547,1460.1897,9.712e-06,0.067831241,-4.7032933,12.51268,0.055689655,19.670122,18917.838,0.14454177,17.440847
0.29033816,0.13271691,0.19981736,33.442081,927.01715,1381.3138,9.728e-06,0.067921408,-4.6978207,12.529314,0.05599267,19.728016,18895.787,0.14532609,17.491823
0.28516892,0.13273226,0.19983821,33.436096,874.61249,1302.4291,9.744e-06,0.068018511,-4.6923184,12.547226,0.056295335,19.785852,18873.619,0.14475691,17.542746
0.27999771,0.13274676,0.19985777,33.429874,822.20233,1223.5361,9.76e-06,0.068098664,-4.6867867,12.562012,0.056597643,19.843632,18851.332,0.1455916,17.593616
0.27482456,0.13276042,0.19987608,33.423412,769.78656,1144.6355,9.776e-06,0.068823867,-4.6812253,12.695787,0.056899592,19.901352,18828.924,0.14524826,17.644434
0.26964951,0.13277325,0.19989315,33.41671,717.36603,1065.7277,9.792e-06,0.068824634,-4.6756344,12.69593,0.057201184,19.959015,18806.398,0.14548631,17.6952
0.26447254,0.13278525,0.19990893,33.409767,664.94043,986.81305,9.808e-06,0.06931632,-4.6700139,12.78663,0.057502415,20.016621,18783.752,0.14623097,17.745913
0.25929376,0.13279639,0.19992346,33.402584,612.51074,907.89221,9.824e-06,0.069760226,-4.6643639,12.868516,0.057803281,20.074167,18760.988,0.14561601,17.79657
0.25411311,0.1328067,0.19993672,33.395161,560.07672,828.96564,9.84e-06,0.069818027,-4.6586843,12.879178,0.058103781,20.131657,18738.105,0.14728843,17.847176
0.24893068,0.13281617,0.19994873,33.387489,507.63919,750.03381,9.856e-06,0.070803709,-4.6529751,13.061006,0.058403917,20.189087,18715.104,0.1465926,17.897728
0.24374647,0.13282481,0.19995946,33.379574,455.19803,671.09729,9.872e-06,0.070747457,-4.6472368,13.050628,0.05870368,20.24646,18691.984,0.14728537,17.948225
0.23856051,0.1328326,0.19996893,33.371414,402.75403,592.15649,9.888e-06,0.070880011,-4.641469,13.07508,0.059003074,20.303774,18668.746,0.14739983,17.998669
0.23337284,0.13283955,0.19997714,33.363007,350.30704,513.21198,9.904e-06,0.071864925,-4.6356721,13.256765,0.059302095,20.361031,18645.391,0.14847407,18.049057
0.22818348,0.13284567,0.19998409,33.354351,297.85785,434.26419,9.92e-06,0.071515813,-4.6298461,13.192365,0.059600744,20.418228,18621.916,0.14844051,18.09939
0.22299245,0.13285094,0.19998978,33.345448,245.40639,355.31366,9.936e-06,0.07191579,-4.6239905,13.266148,0.059899013,20.475368,18598.324,0.14813989,18.149668
0.2177998,0.13285537,0.19999419,33.336288,192.95338,276.3609,9.952e-06,0.072270297,-4.6181054,13.331543,0.060196906,20.53245,18574.615,0.14838557,18.199888
0.21260555,0.13285898,0.19999735,33.326881,140.49873,197.4064,9.968e-06,0.072891459,-4.6121917,13.446127,0.060494419,20.589472,18550.787,0.1494354,18.250055
0.20740972,0.13286173,0.19999924,33.317223,88.043228,118.45066,9.984e-06,0.072933845,-4.6062484,13.453946,0.060791548,20.646437,18526.842,0.14889066,18.300165
0.20221236,0.13286366,0.19999988,33.307308,35.586731,39.494164,1e-05,0.072810538,-4.6002765,13.4312,0.061088294,20.703342,18502.781,0.14938658,18.350218
0.19701348,0.13286473,0.19999924,33.297138,-16.869957,-39.462582,1.0016e-05,0.073604323,-4.5942755,13.577629,0.061384652,20.760189,18478.602,0.14996186,18.400213
0.19181313,0.13286497,0.19999735,33.286716,-69.326965,-118.41908,1.0032e-05,0.0740228,-4.5882449,13.654823,0.061680622,20.816978,18454.307,0.14981537,18.450151
0.18661132,0.13286437,0.19999419,33.276031,-121.78352,-197.37483,1.0048e-05,0.073858649,-4.5821857,13.624543,0.061976206,20.873707,18429.893,0.15007477,18.500032
0.18140809,0.13286293,0.19998978,33.265095,-174.23972,-276.32935,1.0064e-05,0.074318737,-4.5760975,13.709414,0.062271398,20.930376,18405.363,0.15018617,18.549856
0.17620347,0.13286066,0.19998409,33.253895,-226.69479,-355.2821,1.008e-05,0.07469482,-4.5699806,13.77879,0.062566191,20.986988,18380.719,0.15146489,18.599621
0.1709975,0.13285753,0.19997714,33.242435,-279.14886,-434.2326,1.0096e-05,0.074741833,-4.5638347,13.787462,0.062860593,21.043539,18355.957,0.15125431,18.649326
0.1657902,0.13285358,0.19996893,33.230713,-331.60114,-513.18036,1.0112e-05,0.075220421,-4.5576601,13.875746,0.063154601,21.100029,18331.078,0.15192267,18.698973
0.16058162,0.13284878,0.19995946,33.218731,-384.05176,-592.12488,1.0128e-05,0.075793795,-4.5514565,13.981516,0.063448206,21.156462,18306.084,0.15149388,18.748558
0.15537176,0.13284315,0.19994871,33.206482,-436.49994,-671.06567,1.0144e-05,0.075930208,-4.5452242,14.006679,0.063741408,21.212833,18280.975,0.15146489,18.798086
0.15016067,0.13283667,0.19993672,33.193974,-488.94574,-750.00226,1.016e-05,0.076213039,-4.5389628,14.058853,0.064034209,21.269144,18255.748,0.15183264,18.847551
0.14494839,0.13282937,0.19992346,33.181194,-541.38849,-828.93402,1.0176e-05,0.076597609,-4.5326734,14.129792,0.064326607,21.325396,18230.408,0.15337534,18.896957
0.13973494,0.1328212,0.19990893,33.168152,-593.82819,-907.8606,1.0192e-05,0.076998353,-4.5263553,14.203717,0.064618602,21.381586,18204.951,0.1529725,18.946302
0.13452037,0.13281222,0.19989315,33.154839,-646.26416,-986.78149,1.0208e-05,0.077334367,-4.5200081,14.265701,0.064910181,21.437716,18179.379,0.1522187,18.995586
0.12930469,0.13280238,0.19987608,33.141258,-698.69641,-1065.696,1.0224e-05,0.077355944,-4.5136328,14.269682,0.065201357,21.493784,18153.691,0.15264748,19.044807
0.12408794,0.13279171,0.19985777,33.127407,-751.12427,-1144.604,1.024e-05,0.077355944,-4.5072289,14.269682,0.065492116,21.549791,18127.891,0.15373394,19.093967
0.11887017,0.13278021,0.19983819,33.113285,-803.54779,-1223.5046,1.0256e-05,0.078082688,-4.5007963,14.403742,0.065782465,21.605738,18101.975,0.15376599,19.143064
0.11365139,0.13276787,0.19981736,33.098892,-855.96625,-1302.3975,1.0272e-05,0.078615218,-4.4943357,14.501977,0.066072397,21.661623,18075.943,0.15384533,19.192097
0.10843165,0.13275468,0.19979526,33.084229,-908.3797,-1381.2822,1.0288e-05,0.078542776,-4.4878464,14.488614,0.066361912,21.717443,18049.799,0.15428327,19.241066
0.10321099,0.13274066,0.1997719,33.069286,-960.78741,-1460.1582,1.0304e-05,0.079135418,-4.4813285,14.597938,0.066651009,21.773205,18023.539,0.15416272,19.289972
0.097989418,0.13272579,0.19974726,33.05407,-1013.1895,-1539.0249,1.032e-05,0.079718813,-4.4747829,14.705556,0.066939682,21.828901,17997.166,0.15468612,19.338814
0.092766993,0.13271008,0.19972138,33.038578,-1065.5851,-1617.882,1.0336e-05,0.079585493,-4.4682088,14.680962,0.06722793,21.884535,17970.678,0.15492263,19.38759
0.087543748,0.13269354,0.19969423,33.022812,-1117.9744,-1696.7288,1.0352e-05,0.07986293,-4.461606,14.732141,0.067515761,21.940105,17944.076,0.15577105,19.436302
0.082319707,0.13267617,0.19966583,33.006763,-1170.3566,-1775.5648,1.0368e-05,0.080271386,-4.4549756,14.807487,0.067803159,21.995613,17917.361,0.15451826,19.484947
0.077094905,0.13265796,0.19963616,32.99044,-1222.7318,-1854.3896,1.0384e-05,0.080587365,-4.4483171,14.865774,0.068090126,22.051058,17890.533,0.15560625,19.533525
0.071869388,0.1326389,0.19960523,32.973835,-1275.0994,-1933.2029,1.04e-05,0.080860175,-4.4416299,14.9161,0.068376668,22.106436,17863.594,0.15610065,19.582039
0.066643186,0.13261901,0.19957303,32.956947,-1327.4592,-2012.0038,1.0416e-05,0.081377298,-4.4349151,15.011492,0.068662778,22.161751,17836.539,0.15562609,19.630484
0.061416339,0.13259828,0.19953957,32.939777,-1379.8108,-2090.792,1.0432e-05,0.081613891,-4.4281721,15.055136,0.068948455,22.217001,17809.371,0.15761437,19.678862
0.056188878,0.13257672,0.19950487,32.922329,-1432.1539,-2169.5671,1.0448e-05,0.082087852,-4.4214015,15.142567,0.069233693,22.272186,17782.092,0.15767236,19.727173
0.050960839,0.13255431,0.1994689,32.904591,-1484.488,-2248.3284,1.0464e-05,0.082053944,-4.4146028,15.136312,0.069518499,22.327305,17754.699,0.15641499,19.775414
0.045732263,0.13253108,0.19943166,32.886574,-1536.8132,-2327.0754,1.048e-05,0.082446218,-4.4077759,15.208673,0.069802865,22.382357,17727.195,0.15763879,19.823586
0.040503185,0.132507,0.19939317,32.868267,-1589.1287,-2405.8079,1.0496e-05,0.082658924,-4.4009213,15.24791,0.070086785,22.437344,17699.578,0.15823542,19.871689
0.035273641,0.13248208,0.19935341,32.849674,-1641.4344,-2484.5251,1.0512e-05,0.082933277,-4.3940392,15.29852,0.070370264,22.492264,17671.85,0.15888698,19.919722
0.030043667,0.13245632,0.1993124,32.830795,-1693.7299,-2563.2266,1.0528e-05,0.083000325,-4.3871293,15.310888,0.070653297,22.547115,17644.008,0.15846431,19.967684
0.024813302,0.13242973,0.19927013,32.81163,-1746.015,-2641.9121,1.0544e-05,0.083546735,-4.3801913,15.411683,0.07093589,22.6019,17616.057,0.15886869,20.015575
0.019582583,0.1324023,0.1992266,32.792171,-1798.2891,-2720.5806,1.056e-05,0.083895847,-4.3732257,15.476083,0.071218029,22.656616,17587.992,0.15903805,20.063395
0.014351549,0.13237405,0.19918181,32.772427,-1850.5522,-2799.2322,1.0576e-05,0.084551685,-4.3662329,15.597064,0.07149972,22.711266,17559.816,0.15919523,20.111143
0.0091202362,0.13234495,0.19913577,32.752388,-1902.8037,-2877.866,1.0592e-05,0.084826812,-4.3592124,15.647817,0.071780957,22.765844,17531.531,0.15954466,20.158819
0.0038886834,0.13231501,0.19908845,32.732059,-1955.0436,-2956.4814,1.0608e-05,0.084871516,-4.3521638,15.656062,0.072061747,22.820354,17503.133,0.15959197,20.206421
-0.0013430717,0.13228424,0.19903991,32.711437,-2007.2711,-3035.0784,1.0624e-05,0.084985569,-4.3450885,15.677102,0.072342075,22.874794,17474.625,0.15882748,20.25395
-0.0065749907,0.13225263,0.19899008,32.690521,-2059.4863,-3113.6562,1.064e-05,0.085144326,-4.337985,15.706388,0.072621949,22.929163,17446.008,0.16021608,20.301405
-0.011807035,0.13222019,0.19893901,32.669315,-2111.6885,-3192.2144,1.0656e-05,0.085616753,-4.3308549,15.793534,0.072901361,22.983461,17417.277,0.16038087,20.348785
-0.017039165,0.13218692,0.19888668,32.647812,-2163.8777,-3270.7522,1.0672e-05,0.085911147,-4.3236966,15.847841,0.073180318,23.037687,17388.439,0.16123997,20.39609
-0.022271344,0.1321528,0.19883308,32.626011,-2216.0535,-3349.2695,1.0688e-05,0.08670108,-4.3165116,15.993559,0.073458813,23.091843,17359.49,0.16102938,20.443319
-0.027503531,0.13211785,0.19877824,32.603916,-2268.2153,-3427.7656,1.0704e-05,0.086160071,-4.309299,15.89376,0.073736839,23.145926,17330.43,0.1611591,20.490473
-0.03273569,0.13208207,0.19872214,32.58152,-2320.363,-3506.2402,1.072e-05,0.086371236,-4.3020597,15.932713,0.074014403,23.199936,17301.262,0.16106601,20.53755
-0.037967775,0.13204546,0.19866478,32.55883,-2372.4963,-3584.6924,1.0736e-05,0.087018594,-4.2947927,16.05213,0.07429149,23.253872,17271.984,0.16155888,20.584549
-0.043199755,0.132008,0.19860618,32.535843,-2424.615,-3663.1221,1.0752e-05,0.087190457,-4.2874985,16.083832,0.074568115,23.307734,17242.596,0.16167028,20.631472
-0.048431586,0.13196972,0.19854631,32.512554,-2476.7183,-3741.5286,1.0768e-05,0.087131113,-4.2801776,16.072886,0.074844271,23.361521,17213.1,0.16224556,20.678316
-0.053663228,0.1319306,0.1984852,32.488964,-2528.8062,-3819.9116,1.0784e-05,0.08810062,-4.2728295,16.251728,0.075119957,23.415234,17183.494,0.16250953,20.72508
-0.058894642,0.13189065,0.19842282,32.465076,-2580.8787,-3898.2703,1.08e-05,0.088364959,-4.2654543,16.300489,0.075395159,23.46887,17153.779,0.16268654,20.771765
-0.064125784,0.13184987,0.19835919,32.440884,-2632.9346,-3976.6045,1.0816e-05,0.088741042,-4.2580523,16.369865,0.075669892,23.52243,17123.957,0.16361125,20.818371
-0.06935662,0.13180825,0.19829431,32.416393,-2684.9744,-4054.9136,1.0832e-05,0.088673994,-4.2506232,16.357498,0.075944141,23.575914,17094.025,0.16380963,20.864895
-0.074587114,0.1317658,0.19822818,32.391598,-2736.9971,-4133.1968,1.0848e-05,0.089225024,-4.2431679,16.459145,0.076217912,23.62932,17063.986,0.16338389,20.911339
-0.079817213,0.13172252,0.1981608,32.366501,-2789.0029,-4211.4541,1.0864e-05,0.089917853,-4.2356849,16.58695,0.076491207,23.68265,17033.838,0.16342814,20.957703
-0.08504688,0.1316784,0.19809216,32.341099,-2840.9915,-4289.6851,1.088e-05,0.089917853,-4.2281756,16.58695,0.076764017,23.735897,17003.584,0.16395001,21.003983
-0.090276077,0.13163346,0.19802228,32.315395,-2892.9622,-4367.8887,1.0896e-05,0.089992613,-4.2206397,16.60074,0.077036336,23.789068,16973.221,0.16400953,21.050179
-0.095504768,0.13158768,0.19795114,32.289383,-2944.9146,-4446.0645,1.0912e-05,0.090271592,-4.2130771,16.652203,0.07730817,23.842157,16942.75,0.16404156,21.096292
-0.10073291,0.13154107,0.19787875,32.263069,-2996.8489,-4524.2124,1.0928e-05,0.090157531,-4.2054877,16.631163,0.077579521,23.895168,16912.174,0.16401716,21.142323
-0.10596045,0.13149364,0.19780511,32.236446,-3048.7642,-4602.332,1.0944e-05,0.090987548,-4.1978717,16.784273,0.077850379,23.948095,16881.488,0.16410413,21.188269
-0.11118736,0.13144536,0.19773023,32.209518,-3100.6606,-4680.4224,1.096e-05,0.090950556,-4.1902294,16.777449,0.078120746,24.000942,16850.697,0.16446425,21.234129
-0.11641359,0.13139626,0.19765408,32.182285,-3152.5376,-4758.4829,1.0976e-05,0.091295816,-4.1825604,16.841139,0.078390613,24.053705,16819.799,0.16471756,21.279903
-0.12163911,0.13134633,0.1975767,32.154743,-3204.395,-4836.5137,1.0992e-05,0.091662653,-4.1748652,16.908808,0.078659996,24.106386,16788.795,0.16502273,21.325594
-0.12686387,0.13129558,0.19749807,32.126892,-3256.2322,-4914.5137,1.1008e-05,0.091690399,-4.1671438,16.913927,0.078928873,24.158983,16757.686,0.16580401,21.371195
-0.13208783,0.13124399,0.1974182,32.098736,-3308.0491,-4992.4829,1.1024e-05,0.092597477,-4.1593957,17.081253,0.079197258,24.211496,16726.469,0.16547136,21.41671
-0.13731095,0.13119157,0.19733706,32.070271,-3359.8452,-5070.4204,1.104e-05,0.092333905,-4.1516213,17.032633,0.079465136,24.263922,16695.146,0.16567278,21.462137
-0.14253318,0.13113832,0.19725469,32.041496,-3411.6206,-5148.3257,1.1056e-05,0.09252657,-4.1438208,17.068174,0.079732515,24.316263,16663.717,0.16670889,21.507475
-0.14775449,0.13108425,0.19717108,32.012413,-3463.3743,-5226.1987,1.1072e-05,0.092709988,-4.1359944,17.102009,0.079999395,24.368517,16632.184,0.16710104,21.552725
-0.15297483,0.13102934,0.1970862,31.983021,-3515.1064,-5304.0386,1.1088e-05,0.093434423,-4.1281414,17.235643,0.08026576,24.420685,16600.545,0.16679433,21.597883
-0.15819417,0.13097361,0.1970001,31.953318,-3566.8164,-5381.8452,1.1104e-05,0.093721107,-4.1202626,17.288528,0.080531627,24.472763,16568.801,0.16781975,21.642952
-0.16341245,0.13091704,0.19691274,31.923304,-3618.5044,-5459.6177,1.112e-05,0.093958475,-4.1123576,17.332314,0.080796979,24.524754,16536.951,0.16696829,21.687931
-0.16862963,0.13085966,0.19682415,31.892981,-3670.1694,-5537.356,1.1136e-05,0.093968496,-4.1044269,17.334162,0.081061825,24.576654,16504.998,0.16758171,21.732819
-0.17384568,0.13080145,0.19673431,31.862347,-3721.8118,-5615.0586,1.1152e-05,0.094724521,-4.0964704,17.473625,0.081326157,24.628466,16472.941,0.16814172,21.777613
-0.17906055,0.13074242,0.19664322,31.831402,-3773.4304,-5692.7261,1.1168e-05,0.094739936,-4.0884876,17.476469,0.081589974,24.680183,16440.779,0.16848201,21.822315
-0.1842742,0.13068254,0.19655089,31.800144,-3825.0259,-5770.3579,1.1184e-05,0.095131435,-4.0804791,17.548687,0.081853278,24.731812,16408.512,0.16914274,21.866924
-0.18948658,0.13062185,0.19645733,31.768578,-3876.5969,-5847.9531,1.12e-05,0.095260911,-4.0724449,17.572571,0.08211606,24.783346,16376.143,0.16852015,21.91144
-0.19469766,0.13056034,0.19636251,31.736698,-3928.144,-5925.5112,1.1216e-05,0.096171841,-4.0643849,17.740608,0.082378328,24.834789,16343.669,0.16932279,21.95586
-0.19990739,0.13049799,0.19626647,31.704508,-3979.6663,-6003.0322,1.1232e-05,0.095809624,-4.0562992,17.673792,0.082640074,24.886137,16311.092,0.1691702,22.000187
-0.20511572,0.13043484,0.19616918,31.672005,-4031.1638,-6080.5146,1.1248e-05,0.095913664,-4.0481877,17.692984,0.082901299,24.937389,16278.411,0.16950743,22.044416
-0.21032262,0.13037084,0.19607066,31.639191,-4082.636,-6157.9595,1.1264e-05,0.09643618,-4.040051,17.789371,0.083162002,24.988546,16245.628,0.16977599,22.088551
-0.21552804,0.13030604,0.19597088,31.606066,-4134.0825,-6235.3647,1.128e-05,0.09679608,-4.0318885,17.855761,0.083422177,25.039608,16212.741,0.17032075,22.132589
-0.22073194,0.1302404,0.19586988,31.572626,-4185.5034,-6312.731,1.1296e-05,0.097159065,-4.0237007,17.92272,0.083681822,25.090572,16179.753,0.16938841,22.176529
-0.22593427,0.13017394,0.19576764,31.538877,-4236.8975,-6390.0571,1.1312e-05,0.097306266,-4.0154877,17.949873,0.083940946,25.141439,16146.661,0.17005219,22.220371
-0.231135,0.13010666,0.19566417,31.504814,-4288.2656,-6467.3433,1.1328e-05,0.097455002,-4.0072489,17.97731,0.084199533,25.192205,16113.468,0.1712241,22.264114
-0.23633407,0.13003856,0.19555944,31.47044,-4339.6064,-6544.5884,1.1344e-05,0.097718574,-3.9989851,18.02593,0.084457591,25.242874,16080.173,0.17037569,22.307758
-0.24153145,0.12996963,0.19545349,31.435753,-4390.9204,-6621.792,1.136e-05,0.098019131,-3.990696,18.081375,0.084715113,25.293442,16046.775,0.17100132,22.351303
-0.24672709,0.12989989,0.19534631,31.400755,-4442.2065,-6698.9541,1.1376e-05,0.098313525,-3.9823816,18.135681,0.084972106,25.343908,16013.276,0.17141789,22.394749
-0.25192097,0.12982932,0.1952379,31.365444,-4493.4648,-6776.0737,1.1392e-05,0.098595597,-3.9740419,18.187714,0.085228555,25.394274,15979.677,0.17166814,22.438093
-0.25711298,0.12975794,0.19512825,31.329821,-4544.6948,-6853.1504,1.1408e-05,0.098885365,-3.9656773,18.241167,0.085484467,25.444536,15945.975,0.17121647,22.481335
-0.26230317,0.12968573,0.19501737,31.293886,-4595.8965,-6930.1841,1.1424e-05,0.099317715,-3.9572875,18.320921,0.085739844,25.494694,15912.173,0.17234413,22.524475
-0.26749143,0.12961271,0.19490525,31.257641,-4647.0698,-7007.1738,1.144e-05,0.099215209,-3.948873,18.302013,0.085994676,25.544748,15878.271,0.1732078,22.567513
-0.27267772,0.12953886,0.1947919,31.221085,-4698.2134,-7084.1191,1.1456e-05,0.099622898,-3.9404333,18.377218,0.086248964,25.594698,15844.267,0.17253944,22.610447
-0.27786204,0.12946421,0.19467732,31.184216,-4749.3276,-7161.02,1.1472e-05,0.09979938,-3.9319687,18.409773,0.086502708,25.644541,15810.163,0.1723716,22.653278
-0.28304431,0.12938872,0.19456153,31.147036,-4800.4121,-7237.8755,1.1488e-05,0.10004137,-3.9234793,18.454412,0.086755902,25.694277,15775.959,0.17320932,22.696005
-0.28822452,0.12931243,0.19444448,31.109545,-4851.4663,-7314.6851,1.1504e-05,0.10028644,-3.9149652,18.49962,0.087008551,25.743904,15741.655,0.17346568,22.738626
-0.29340258,0.12923531,0.19432622,31.071743,-4902.4902,-7391.4487,1.152e-05,0.10075347,-3.9064264,18.585772,0.087260656,25.793425,15707.253,0.17343822,22.781141
-0.29857847,0.12915738,0.19420673,31.033632,-4953.4834,-7468.1655,1.1536e-05,0.10085134,-3.8978629,18.603827,0.087512203,25.842836,15672.75,0.17338176,22.823551
-0.30375215,0.12907864,0.19408602,30.995211,-5004.4453,-7544.8354,1.1552e-05,0.10101549,-3.8892746,18.634108,0.087763198,25.892138,15638.148,0.17394024,22.865854
-0.30892357,0.12899908,0.19396406,30.95648,-5055.376,-7621.4575,1.1568e-05,0.10102475,-3.880662,18.635813,0.088013642,25.941326,15603.447,0.17428206,22.908051
-0.31409273,0.12891871,0.19384091,30.917439,-5106.2744,-7698.0312,1.1584e-05,0.10177075,-3.8720248,18.773428,0.088263527,25.990404,15568.647,0.17439802,22.950138
-0.31925949,0.12883751,0.19371651,30.87809,-5157.1416,-7774.5566,1.16e-05,0.10213759,-3.863363,18.841097,0.088512853,26.03937,15533.75,0.17417371,22.992119
-0.32442391,0.12875551,0.19359089,30.83843,-5207.9756,-7851.0327,1.1616e-05,0.10194492,-3.8546767,18.805557,0.08876162,26.088221,15498.753,0.17433088,23.033989
-0.32958591,0.12867269,0.19346406,30.798464,-5258.7773,-7927.4595,1.1632e-05,0.10245973,-3.8459663,18.900522,0.089009829,26.136959,15463.658,0.17467421,23.07575
-0.33474544,0.12858906,0.193336,30.75819,-5309.5464,-8003.8359,1.1648e-05,0.10295758,-3.8372316,18.992359,0.089257471,26.185581,15428.466,0.17530595,23.117403
-0.33990246,0.12850462,0.1932067,30.717609,-5360.2817,-8080.1616,1.1664e-05,0.10293138,-3.8284726,18.987526,0.089504555,26.234087,15393.176,0.17480545,23.158943
-0.34505692,0.12841935,0.19307621,30.676722,-5410.9834,-8156.4365,1.168e-05,0.10301846,-3.8196895,19.003592,0.089751072,26.282476,15357.789,0.17589343,23.200373
-0.35020879,0.1283333,0.19294448,30.635527,-5461.6509,-8232.6602,1.1696e-05,0.10309322,-3.8108821,19.01738,0.089997016,26.33075,15322.304,0.17516862,23.241692
-0.35535803,0.12824641,0.19281153,30.594027,-5512.2847,-8308.8311,1.1712e-05,0.10370745,-3.8020508,19.130686,0.090242401,26.378902,15286.723,0.17666097,23.282896
-0.3605046,0.12815873,0.19267738,30.552219,-5562.8833,-8384.9502,1.1728e-05,0.10401494,-3.7931955,19.187408,0.090487212,26.426935,15251.044,0.17652516,23.32399
-0.36564845,0.12807024,0.192542,30.510111,-5613.4473,-8461.0166,1.1744e-05,0.10476789,-3.7843161,19.326302,0.090731449,26.47485,15215.269,0.17674795,23.364969
-0.37078956,0.12798093,0.1924054,30.467695,-5663.9761,-8537.0293,1.176e-05,0.10482261,-3.7754128,19.336395,0.090975113,26.522642,15179.397,0.17599109,23.405834
-0.37592784,0.12789081,0.1922676,30.424978,-5714.4688,-8612.9873,1.1776e-05,0.10416137,-3.7664857,19.21442,0.091218203,26.570312,15143.43,0.17693564,23.446587
-0.38106331,0.1277999,0.19212858,30.381958,-5764.9263,-8688.8916,1.1792e-05,0.10472164,-3.7575347,19.317772,0.09146072,26.617861,15107.367,0.17686696,23.487223
-0.3861959,0.12770817,0.19198833,30.338636,-5815.3472,-8764.7412,1.1808e-05,0.10531506,-3.7485602,19.427238,0.091702655,26.665285,15071.208,0.17681052,23.527744
-0.39132559,0.12761563,0.19184689,30.295012,-5865.7314,-8840.5352,1.1824e-05,0.10571195,-3.7395618,19.500452,0.091944017,26.712585,15034.954,0.17677695,23.56815
-0.39645231,0.12752229,0.19170423,30.251087,-5916.0791,-8916.2725,1.184e-05,0.10590693,-3.7305398,19.536421,0.092184789,26.75976,14998.604,0.17785577,23.608437
-0.40157604,0.12742814,0.19156036,30.206863,-5966.3892,-8991.9551,1.1856e-05,0.1061497,-3.7214944,19.581202,0.092424989,26.806808,14962.16,0.17813806,23.648609
-0.40669674,0.12733319,0.19141528,30.16234,-6016.6621,-9067.5801,1.1872e-05,0.1065543,-3.7124255,19.655838,0.092664599,26.853729,14925.621,0.17817163,23.688663
-0.41181436,0.12723744,0.19126898,30.117517,-6066.8975,-9143.1475,1.1888e-05,0.10683559,-3.7033329,19.707727,0.092903621,26.900522,14888.987,0.17813654,23.7286
-0.41692889,0.12714088,0.19112149,30.072399,-6117.0942,-9218.6572,1.1904e-05,0.10675005,-3.6942172,19.691948,0.093142062,26.947189,14852.26,0.17803888,23.768415
-0.42204025,0.12704352,0.19097278,30.026983,-6167.2529,-9294.1094,1.192e-05,0.10687721,-3.6850779,19.715405,0.093379907,26.993725,14815.438,0.17912991,23.808115
-0.42714846,0.12694535,0.19082287,29.981272,-6217.3726,-9369.502,1.1936e-05,0.10695735,-3.6759155,19.73019,0.093617171,27.040131,14778.522,0.17876522,23.847694
-0.43225342,0.12684637,0.19067176,29.935265,-6267.4531,-9444.8359,1.1952e-05,0.10732805,-3.6667297,19.798571,0.093853839,27.086405,14741.513,0.17944579,23.887152
-0.43735516,0.12674661,0.19051944,29.888964,-6317.4946,-9520.1104,1.1968e-05,0.10761551,-3.657521,19.851597,0.094089918,27.132547,14704.41,0.17980742,23.926491
-0.44245359,0.12664604,0.19036591,29.842369,-6367.4961,-9595.3242,1.1984e-05,0.10817887,-3.648289,19.955519,0.094325393,27.178556,14667.215,0.17935728,23.965708
-0.44754869,0.12654467,0.19021118,29.795483,-6417.4575,-9670.4775,1.2e-05,0.10772417,-3.639034,19.871643,0.09456028,27.224434,14629.927,0.18034761,24.004805
-0.45264044,0.12644249,0.19005525,29.748306,-6467.3789,-9745.5693,1.2016e-05,0.10851488,-3.629756,20.017502,0.094794571,27.270176,14592.545,0.18043306,24.043777
-0.4577288,0.12633952,0.18989812,29.700838,-6517.2598,-9820.6006,1.2032e-05,0.10839158,-3.6204553,19.994757,0.095028259,27.315783,14555.072,0.18048647,24.08263
-0.46281374,0.12623577,0.18973979,29.653082,-6567.0991,-9895.5693,1.2048e-05,0.10909443,-3.6111314,20.124409,0.09526135,27.361254,14517.507,0.18077029,24.121359
-0.46789521,0.12613119,0.18958026,29.605038,-6616.8975,-9970.4756,1.2064e-05,0.10911831,-3.6017847,20.128817,0.095493838,27.406588,14479.849,0.1814661,24.159964
-0.4729732,0.12602584,0.18941954,29.556705,-6666.6543,-10045.318,1.208e-05,0.10962696,-3.5924156,20.222645,0.095725723,27.451784,14442.1,0.18027894,24.198444
-0.47804767,0.12591968,0.18925761,29.508087,-6716.3691,-10120.099,1.2096e-05,0.10950981,-3.5830235,20.201036,0.095956996,27.496843,14404.26,0.18057345,24.236803
-0.48311859,0.12581272,0.1890945,29.459185,-6766.042,-10194.814,1.2112e-05,0.10987666,-3.5736089,20.268705,0.096187674,27.541763,14366.327,0.18151799,24.275036
-0.48818591,0.12570499,0.18893018,29.409998,-6815.6719,-10269.466,1.2128e-05,0.10993214,-3.5641716,20.278942,0.09641774,27.586542,14328.305,0.1812357,24.313143
-0.49324962,0.12559645,0.18876468,29.360529,-6865.2593,-10344.053,1.2144e-05,0.11031285,-3.5547118,20.349171,0.096647196,27.631182,14290.191,0.18228705,24.351124
-0.49830967,0.1254871,0.18859798,29.31078,-6914.8032,-10418.574,1.216e-05,0.11072208,-3.5452297,20.42466,0.09687604,27.675678,14251.987,0.1816248,24.388981
-0.50336605,0.12537698,0.18843009,29.260748,-6964.3037,-10493.029,1.2176e-05,0.11092631,-3.5357251,20.462332,0.097104274,27.720034,14213.693,0.18229774,24.42671
-0.50841874,0.12526606,0.18826102,29.210438,-7013.7607,-10567.418,1.2192e-05,0.11081301,-3.5261981,20.441435,0.097331896,27.764246,14175.31,0.18209632,24.464312
-0.51346773,0.12515435,0.18809074,29.159851,-7063.1733,-10641.741,1.2208e-05,0.11167154,-3.516649,20.599804,0.097558901,27.808315,14136.836,0.18260902,24.501787
-0.51851296,0.12504186,0.18791929,29.108988,-7112.5415,-10715.996,1.2224e-05,0.11160372,-3.5070775,20.587294,0.097785287,27.85224,14098.272,0.18319955,24.539135
-0.52355438,0.12492856,0.18774664,29.057848,-7161.8652,-10790.184,1.224e-05,0.11194821,-3.497484,20.650841,0.098011062,27.896019,14059.62,0.18352763,24.576355
-0.52859199,0.12481448,0.18757282,29.006435,-7211.1436,-10864.303,1.2256e-05,0.11240907,-3.4878683,20.735855,0.098236211,27.939653,14020.879,0.1835078,24.613445
-0.53362578,0.12469961,0.18739781,28.95475,-7260.377,-10938.354,1.2272e-05,0.11210851,-3.4782307,20.680412,0.098460741,27.983139,13982.048,0.18325907,24.650408
-0.5386557,0.12458395,0.1872216,28.902792,-7309.5645,-11012.335,1.2288e-05,0.11201988,-3.4685709,20.664062,0.098684654,28.026478,13943.129,0.18349254,24.687241
-0.54368174,0.12446751,0.18704422,28.850565,-7358.7056,-11086.247,1.2304e-05,0.1126264,-3.4588895,20.775946,0.09890794,28.06967,13904.122,0.18390149,24.723944
-0.54870391,0.12435028,0.18686566,28.798071,-7407.8008,-11160.09,1.232e-05,0.11290847,-3.4491861,20.827978,0.099130601,28.112713,13865.027,0.18373363,24.760517
-0.55372214,0.12423227,0.18668592,28.745308,-7456.8496,-11233.861,1.2336e-05,0.11280443,-3.4394608,20.808786,0.099352635,28.155605,13825.844,0.18366955,24.796961
-0.55873644,0.12411347,0.186505,28.69228,-7505.8516,-11307.562,1.2352e-05,0.11302792,-3.429714,20.850014,0.099574044,28.198347,13786.573,0.18438062,24.833273
-0.56374675,0.12399389,0.1863229,28.638987,-7554.8062,-11381.19,1.2368e-05,0.11377547,-3.4199452,20.987911,0.099794827,28.24094,13747.216,0.18474533,24.869453
-0.56875306,0.12387352,0.18613963,28.585432,-7603.7129,-11454.748,1.2384e-05,0.11374079,-3.4101551,20.981514,0.10001497,28.283381,13707.771,0.18496811,24.905504
-0.57375538,0.12375237,0.18595517,28.531616,-7652.5723,-11528.233,1.24e-05,0.11405291,-3.4003434,21.039091,0.10023449,28.325668,13668.239,0.18454848,24.941422
-0.57875371,0.12363043,0.18576954,28.477539,-7701.3833,-11601.646,1.2416e-05,0.11480123,-3.3905101,21.177132,0.10045337,28.367804,13628.621,0.18531297,24.977207
-0.58374792,0.12350772,0.18558274,28.423204,-7750.146,-11674.984,1.2432e-05,0.11439817,-3.3806555,21.102779,0.10067162,28.409784,13588.917,0.18471175,25.012859
-0.58873814,0.12338423,0.18539478,28.368612,-7798.8599,-11748.249,1.2448e-05,0.11464864,-3.3707795,21.148983,0.10088924,28.451612,13549.127,0.18595843,25.04838
-0.59372425,0.12325996,0.18520562,28.313766,-7847.5244,-11821.44,1.2464e-05,0.11495922,-3.3608823,21.206276,0.10110621,28.493284,13509.251,0.18571275,25.083767
-0.59870625,0.12313491,0.18501532,28.258665,-7896.1401,-11894.557,1.248e-05,0.11510564,-3.3509638,21.233286,0.10132255,28.534801,13469.289,0.18521379,25.11902
-0.60368419,0.12300909,0.18482384,28.203314,-7944.7056,-11967.598,1.2496e-05,0.11564974,-3.3410242,21.333654,0.10153824,28.576162,13429.242,0.18599658,25.15414
-0.60865796,0.12288248,0.18463118,28.147709,-7993.2212,-12040.562,1.2512e-05,0.11587323,-3.3310633,21.374882,0.10175329,28.617365,13389.109,0.18604998,25.189127
-0.61362761,0.1227551,0.18443736,28.091858,-8041.687,-12113.452,1.2528e-05,0.11592101,-3.3210816,21.383696,0.10196771,28.658413,13348.893,0.18600574,25.223978
-0.6185931,0.12262694,0.18424238,28.035759,-8090.1016,-12186.266,1.2544e-05,0.11599654,-3.3110788,21.397627,0.10218148,28.699301,13308.592,0.1868221,25.258696
-0.62355441,0.12249801,0.18404624,27.979414,-8138.4658,-12259.001,1.256e-05,0.11638573,-3.301055,21.469419,0.1023946,28.74003,13268.206,0.18711051,25.293276
-0.62851155,0.1223683,0.18384893,27.922825,-8186.7783,-12331.66,1.2576e-05,0.11671172,-3.2910104,21.529556,0.10260708,28.780602,13227.736,0.18758202,25.327723
-0.63346452,0.12223782,0.18365046,27.865993,-8235.04,-12404.24,1.2592e-05,0.1167595,-3.2809451,21.53837,0.10281891,28.821012,13187.183,0.18677938,25.362034
-0.63841325,0.12210657,0.18345085,27.808922,-8283.249,-12476.742,1.2608e-05,0.11689514,-3.270859,21.563391,0.10303009,28.861263,13146.546,0.18718833,25.39621
-0.64335775,0.12197455,0.18325005,27.751612,-8331.4062,-12549.166,1.2624e-05,0.11721265,-3.2607524,21.621962,0.10324061,28.901354,13105.826,0.18697013,25.430248
-0.64829803,0.12184176,0.18304811,27.694065,-8379.5117,-12621.511,1.264e-05,0.11714099,-3.2506249,21.60874,0.10345048,28.941282,13065.023,0.18684499,25.464151
-0.65323412,0.12170819,0.18284501,27.636282,-8427.5635,-12693.774,1.2656e-05,0.11747545,-3.2404771,21.670439,0.1036597,28.981049,13024.137,0.18840908,25.497917
-0.65816593,0.12157387,0.18264075,27.578264,-8475.5625,-12765.959,1.2672e-05,0.11776446,-3.2303088,21.723751,0.10386828,29.020653,12983.169,0.18814051,25.531546
-0.66309345,0.12143876,0.18243535,27.520016,-8523.5088,-12838.062,1.2688e-05,0.1182415,-3.2201202,21.81175,0.10407618,29.060093,12942.118,0.18806726,25.565039
-0.66801673,0.1213029,0.18222879,27.461538,-8571.4004,-12910.085,1.2704e-05,0.11818062,-3.2099111,21.80052,0.10428344,29.099371,12900.986,0.18736839,25.598392
-0.67293572,0.12116627,0.18202107,27.402832,-8619.2393,-12982.026,1.272e-05,0.11813438,-3.1996818,21.79199,0.10449003,29.138483,12859.771,0.18820612,25.631609
-0.67785043,0.12102887,0.18181221,27.343899,-8667.0225,-13053.886,1.2736e-05,0.11851431,-3.1894321,21.862076,0.10469597,29.177431,12818.477,0.18845485,25.66469
-0.68276083,0.12089071,0.18160219,27.28474,-8714.752,-13125.662,1.2752e-05,0.11854745,-3.1791623,21.868189,0.10490124,29.216215,12777.1,0.18939176,25.69763
-0.68766695,0.12075178,0.18139103,27.225359,-8762.4268,-13197.355,1.2768e-05,0.118838,-3.1688726,21.921785,0.10510585,29.254833,12735.642,0.18889584,25.730434
-0.69256878,0.12061209,0.18117873,27.165758,-8810.0459,-13268.966,1.2784e-05,0.11943141,-3.1585629,22.031252,0.1053098,29.293285,12694.104,0.18906522,25.763098
-0.69746625,0.12047164,0.18096529,27.105938,-8857.6104,-13340.492,1.28e-05,0.11932275,-3.1482329,22.011206,0.10551308,29.33157,12652.484,0.18950316,25.795624
-0.70235938,0.12033043,0.1807507,27.0459,-8905.1182,-13411.935,1.2816e-05,0.11976974,-3.1378834,22.09366,0.10571569,29.369688,12610.786,0.18962066,25.828012
-0.70724815,0.12018845,0.18053496,26.985647,-8952.5703,-13483.292,1.2832e-05,0.11979825,-3.1275139,22.098921,0.10591764,29.40764,12569.008,0.1889935,25.86026
-0.71213263,0.12004572,0.18031809,26.92518,-8999.9668,-13554.564,1.2848e-05,0.11995855,-3.1171248,22.12849,0.10611892,29.445423,12527.149,0.1904889,25.892368
-0.7170127,0.11990224,0.18010008,26.864502,-9047.3057,-13625.751,1.2864e-05,0.12038781,-3.1067157,22.207676,0.10631952,29.483038,12485.212,0.18984497,25.924339
-0.72188842,0.11975799,0.17988093,26.803616,-9094.5879,-13696.852,1.288e-05,0.12045332,-3.0962873,22.219761,0.10651946,29.520485,12443.195,0.19101688,25.956169
-0.72675979,0.11961298,0.17966063,26.742519,-9141.8125,-13767.866,1.2896e-05,0.12072999,-3.0858393,22.270798,0.10671872,29.55776,12401.1,0.19048585,25.98786
-0.73162675,0.11946723,0.17943922,26.681219,-9188.9805,-13838.793,1.2912e-05,0.12064213,-3.0753715,22.254591,0.10691731,29.59487,12358.926,0.19101229,26.019409
-0.73648936,0.11932071,0.17921667,26.619713,-9236.0898,-13909.633,1.2928e-05,0.12138043,-3.0648847,22.390783,0.10711522,29.631807,12316.673,0.19123814,26.050819
-0.74134755,0.11917344,0.17899297,26.558006,-9283.1416,-13980.385,1.2944e-05,0.12131108,-3.0543783,22.377989,0.10731246,29.668573,12274.343,0.1912656,26.08209
-0.74620128,0.11902542,0.17876816,26.496101,-9330.1338,-14051.048,1.296e-05,0.12137427,-3.0438526,22.389647,0.10750902,29.705172,12231.935,0.19149601,26.11322
-0.75105065,0.11887665,0.17854221,26.433996,-9377.0684,-14121.623,1.2976e-05,0.12135809,-3.0333076,22.38666,0.1077049,29.741596,12189.449,0.19137546,26.144209
-0.75589556,0.11872713,0.17831515,26.371696,-9423.9434,-14192.108,1.2992e-05,0.12147754,-3.0227437,22.408695,0.1079001,29.777851,12146.887,0.19206519,26.175058
-0.76073605,0.11857685,0.17808694,26.309202,-9470.7598,-14262.505,1.3008e-05,0.1224062,-3.0121605,22.580004,0.10809462,29.813934,12104.247,0.19210181,26.205767
-0.76557207,0.11842583,0.17785762,26.246515,-9517.5156,-14332.811,1.3024e-05,0.12215804,-3.0015583,22.534225,0.10828845,29.849846,12061.531,0.19215217,26.236334
-0.77040362,0.11827406,0.17762716,26.18364,-9564.2119,-14403.025,1.304e-05,0.12231295,-2.9909372,22.562801,0.1084816,29.885584,12018.738,0.19228187,26.26676
-0.77523071,0.11812154,0.1773956,26.120577,-9610.8486,-14473.15,1.3056e-05,0.12277997,-2.9802971,22.648952,0.10867406,29.92115,11975.87,0.1926664,26.297045
-0.78005332,0.11796828,0.1771629,26.057325,-9657.4238,-14543.183,1.3072e-05,0.12288401,-2.9696383,22.668144,0.10886584,29.956543,11932.925,0.19269234,26.327188
-0.7848714,0.11781427,0.1769291,25.993893,-9703.9395,-14613.124,1.3088e-05,0.12304046,-2.9589608,22.697004,0.10905693,29.991764,11889.905,0.19232307,26.357191
-0.78968501,0.11765952,0.17669417,25.930277,-9750.3926,-14682.973,1.3104e-05,0.1228293,-2.9482644,22.658051,0.10924733,30.02681,11846.81,0.19245429,26.387051
-0.79449403,0.11750402,0.17645812,25.866482,-9796.7852,-14752.729,1.312e-05,0.12319228,-2.9375496,22.72501,0.10943705,30.061684,11803.639,0.19342631,26.416771
-0.79929858,0.11734778,0.17622097,25.802509,-9843.1162,-14822.392,1.3136e-05,0.12342502,-2.926816,22.767944,0.10962607,30.096382,11760.394,0.19373608,26.446348
-0.80409849,0.1171908,0.1759827,25.738359,-9889.3848,-14891.961,1.3152e-05,0.12376951,-2.916064,22.831491,0.1098144,30.130907,11717.074,0.1930723,26.475784
-0.80889392,0.11703309,0.17574331,25.674038,-9935.5908,-14961.437,1.3168e-05,0.12407085,-2.9052937,22.887077,0.11000203,30.165257,11673.68,0.19326456,26.505079
-0.8136847,0.11687463,0.17550282,25.609545,-9981.7354,-15030.816,1.3184e-05,0.12411246,-2.894505,22.894754,0.11018897,30.199432,11630.212,0.19360332,26.534231
-0.81847084,0.11671542,0.17526121,25.54488,-10027.816,-15100.103,1.32e-05,0.12426659,-2.883698,22.923185,0.11037522,30.233433,11586.671,0.19433424,26.563242
-0.82325238,0.11655549,0.1750185,25.480049,-10073.834,-15169.293,1.3216e-05,0.12478525,-2.8728728,23.018862,0.11056076,30.267258,11543.056,0.19395886,26.59211
-0.82802927,0.11639482,0.17477469,25.415052,-10119.788,-15238.388,1.3232e-05,0.12465424,-2.8620293,22.994694,0.11074561,30.300907,11499.367,0.19405653,26.620836
-0.83280146,0.11623342,0.17452978,25.349894,-10165.679,-15307.386,1.3248e-05,0.12497869,-2.8511679,23.054546,0.11092976,30.334381,11455.606,0.19390392,26.649422
-0.837569,0.11607127,0.17428376,25.284573,-10211.506,-15376.287,1.3264e-05,0.12504651,-2.8402884,23.067057,0.11111321,30.36768,11411.773,0.19411603,26.677864
-0.84233183,0.1159084,0.17403662,25.219091,-10257.269,-15445.092,1.328e-05,0.12537481,-2.829391,23.127617,0.11129595,30.400803,11367.867,0.19407788,26.706163
-0.84708989,0.11574479,0.17378841,25.153454,-10302.966,-15513.799,1.3296e-05,0.1254434,-2.8184757,23.14027,0.11147799,30.43375,11323.89,0.19451888,26.734322
-0.85184318,0.11558045,0.17353909,25.087662,-10348.599,-15582.407,1.3312e-05,0.1258588,-2.8075426,23.216896,0.11165933,30.46652,11279.84,0.19406416,26.762337
-0.8565917,0.11541539,0.17328867,25.021717,-10394.167,-15650.918,1.3328e-05,0.12575707,-2.7965918,23.198132,0.11183996,30.499113,11235.72,0.19478133,26.790209
-0.8613354,0.11524959,0.17303717,24.95562,-10439.669,-15719.329,1.3344e-05,0.12579174,-2.7856233,23.204529,0.11201989,30.531532,11191.527,0.1936781,26.81794
-0.8660742,0.11508306,0.17278457,24.889376,-10485.105,-15787.642,1.336e-05,0.12600137,-2.7746372,23.243196,0.11219911,30.563772,11147.265,0.19465315,26.845528
-0.87080818,0.11491581,0.17253087,24.822983,-10530.477,-15855.854,1.3376e-05,0.12639056,-2.7636337,23.314989,0.11237762,30.595837,11102.931,0.19523454,26.872972
-0.87553722,0.11474784,0.17227608,24.756447,-10575.78,-15923.967,1.3392e-05,0.12596823,-2.7526126,23.237083,0.11255542,30.627724,11058.526,0.19496597,26.900276
-0.88026136,0.11457913,0.17202021,24.689768,-10621.019,-15991.979,1.3408e-05,0.12651695,-2.7415743,23.338305,0.11273251,30.659433,11014.053,0.19559923,26.927437
-0.8849805,0.11440971,0.17176326,24.622948,-10666.188,-16059.89,1.3424e-05,0.12673505,-2.7305183,23.378536,0.11290888,30.690968,10969.509,0.19540696,26.954454
-0.88969463,0.11423956,0.17150521,24.55599,-10711.293,-16127.699,1.344e-05,0.12670885,-2.7194455,23.373703,0.11308455,30.722322,10924.896,0.19558397,26.981331
-0.89440376,0.11406869,0.17124608,24.488895,-10756.328,-16195.406,1.3456e-05,0.12720361,-2.7083552,23.464972,0.11325949,30.753502,10880.213,0.19662923,27.008062
-0.89910775,0.11389709,0.17098588,24.421667,-10801.297,-16263.012,1.3472e-05,0.12738472,-2.697248,23.498381,0.11343373,30.784504,10835.462,0.19672689,27.034653
-0.90380669,0.11372478,0.17072459,24.354305,-10846.197,-16330.514,1.3488e-05,0.12743405,-2.6861236,23.507479,0.11360725,30.815327,10790.642,0.19662008,27.0611
-0.90850043,0.11355175,0.17046222,24.286814,-10891.029,-16397.914,1.3504e-05,0.12764598,-2.6749823,23.546574,0.11378005,30.845974,10745.754,0.19728385,27.087406
-0.91318899,0.11337801,0.17019878,24.219194,-10935.793,-16465.209,1.352e-05,0.12800974,-2.6638241,23.613676,0.11395213,30.876444,10700.797,0.19711295,27.113569
-0.91787231,0.11320355,0.16993426,24.151449,-10980.487,-16532.4,1.3536e-05,0.12788181,-2.6526492,23.590076,0.11412349,30.906734,10655.772,0.19638355,27.139587
-0.92255032,0.11302837,0.16966866,24.08358,-11025.112,-16599.488,1.3552e-05,0.12840663,-2.6414573,23.68689,0.11429413,30.93685,10610.681,0.1975158,27.165466
-0.92722309,0.11285248,0.169402,24.015589,-11069.669,-16666.471,1.3568e-05,0.12841202,-2.6302488,23.687885,0.11446404,30.966785,10565.521,0.1975158,27.1912
-0.93189043,0.11267587,0.16913427,23.947477,-11114.155,-16733.348,1.3584e-05,0.12847213,-2.6190238,23.698973,0.11463324,30.996546,10520.296,0.19756615,27.216793
-0.93655241,0.11249855,0.16886547,23.879248,-11158.571,-16800.119,1.36e-05,0.12870488,-2.6077821,23.741907,0.11480171,31.026127,10475.003,0.19748069,27.242241
-0.9412089,0.11232053,0.1685956,23.810902,-11202.917,-16866.785,1.3616e-05,0.12865402,-2.596524,23.732525,0.11496946,31.055531,10429.645,0.19740745,27.26755
-0.94585991,0.11214179,0.16832466,23.742443,-11247.192,-16933.344,1.3632e-05,0.12879813,-2.5852497,23.759109,0.11513648,31.084757,10384.22,0.19824824,27.292713
-0.95050532,0.11196234,0.16805266,23.673872,-11291.397,-16999.795,1.3648e-05,0.12907018,-2.5739586,23.809292,0.11530277,31.113806,10338.729,0.19831385,27.317736
-0.95514518,0.11178219,0.16777961,23.605192,-11335.53,-17066.141,1.3664e-05,0.12944394,-2.5626516,23.878242,0.11546833,31.142677,10293.172,0.19774926,27.342615
-0.95977938,0.11160133,0.16750549,23.536404,-11379.593,-17132.377,1.368e-05,0.12968363,-2.5513284,23.922455,0.11563317,31.171371,10247.551,0.19866787,27.367352
-0.96440786,0.11141977,0.16723031,23.467508,-11423.583,-17198.506,1.3696e-05,0.12965126,-2.539989,23.916485,0.11579727,31.199888,10201.864,0.19852138,27.391945
-0.96903056,0.1112375,0.16695409,23.39851,-11467.501,-17264.525,1.3712e-05,0.1295611,-2.5286336,23.899851,0.11596064,31.228226,10156.113,0.19910733,27.416397
-0.97364748,0.11105453,0.16667679,23.329411,-11511.348,-17330.436,1.3728e-05,0.12963662,-2.5172622,23.913782,0.11612328,31.256388,10110.298,0.19902493,27.440706
-0.97825855,0.11087086,0.16639845,23.260212,-11555.121,-17396.238,1.3744e-05,0.12994026,-2.5058749,23.969795,0.11628519,31.284372,10064.418,0.19814295,27.464874
-0.98286366,0.11068649,0.16611905,23.190914,-11598.822,-17461.93,1.376e-05,0.13030633,-2.4944718,24.037323,0.11644636,31.31218,10018.475,0.19887234,27.488897
-0.98746282,0.11050142,0.16583861,23.121521,-11642.449,-17527.51,1.3776e-05,0.12995876,-2.4830527,23.973207,0.11660679,31.339809,9972.4678,0.19883572,27.512781
-0.99205595,0.11031564,0.16555713,23.052032,-11686.004,-17592.98,1.3792e-05,0.13049668,-2.4716182,24.072437,0.1167665,31.367262,9926.3975,0.19903256,27.53652
-0.99664295,0.11012918,0.16527461,22.982454,-11729.485,-17658.34,1.3808e-05,0.13067394,-2.4601681,24.105135,0.11692546,31.394537,9880.2646,0.19893338,27.560118
-1.0012238,0.10994202,0.16499102,22.912785,-11772.892,-17723.588,1.3824e-05,0.13103075,-2.4487023,24.170958,0.11708368,31.421637,9834.0693,0.19934538,27.583572
-1.0057986,0.10975416,0.16470641,22.843027,-11816.225,-17788.723,1.384e-05,0.13123421,-2.4372213,24.208488,0.11724117,31.448559,9787.8115,0.19888455,27.606886
-1.0103669,0.10956562,0.16442074,22.773184,-11859.483,-17853.746,1.3856e-05,0.13098298,-2.4257245,24.162144,0.1173979,31.475304,9741.4922,0.19990997,27.630056
-1.0149291,0.10937637,0.16413404,22.703257,-11902.667,-17918.658,1.3872e-05,0.13104618,-2.4142127,24.1738,0.11755391,31.501871,9695.1104,0.19985962,27.653084
-1.0194848,0.10918644,0.16384631,22.633245,-11945.775,-17983.455,1.3888e-05,0.13161878,-2.4026854,24.279428,0.11770917,31.528263,9648.667,0.19991454,27.67597
-1.024034,0.10899582,0.16355753,22.563154,-11988.809,-18048.139,1.3904e-05,0.13171279,-2.3911431,24.296772,0.11786368,31.554478,9602.1631,0.2001297,27.698715
-1.0285767,0.1088045,0.16326773,22.492985,-12031.767,-18112.709,1.392e-05,0.13162494,-2.3795857,24.280565,0.11801745,31.580517,9555.5977,0.20047151,27.721315
-1.0331129,0.10861251,0.16297689,22.422739,-12074.648,-18177.164,1.3936e-05,0.1322014,-2.3680134,24.386904,0.11817048,31.60638,9508.9727,0.19970244,27.743776
-1.0376425,0.10841982,0.16268504,22.352417,-12117.454,-18241.506,1.3952e-05,0.1323016,-2.3564258,24.405384,0.11832276,31.632067,9462.2871,0.19995117,27.766092
-1.0421654,0.10822645,0.16239214,22.282024,-12160.185,-18305.73,1.3968e-05,0.13226537,-2.3448236,24.398703,0.11847429,31.657578,9415.541,0.20010987,27.788269
-1.0466815,0.1080324,0.16209823,22.211557,-12202.837,-18369.84,1.3984e-05,0.13240948,-2.3332064,24.425287,0.11862507,31.682911,9368.7354,0.20110324,27.810301
-1.0511909,0.10783766,0.16180328,22.141024,-12245.413,-18433.834,1.4e-05,0.13230622,-2.3215744,24.406239,0.11877511,31.708071,9321.8701,0.20152745,27.832193
-1.0556933,0.10764225,0.16150732,22.070421,-12287.912,-18497.711,1.4016e-05,0.13278788,-2.3099279,24.49509,0.11892439,31.733053,9274.9463,0.20128788,27.853941
-1.0601888,0.10744615,0.16121033,21.999752,-12330.334,-18561.473,1.4032e-05,0.13293123,-2.2982669,24.521532,0.11907292,31.75786,9227.9639,0.20112155,27.875549
-1.0646774,0.10724937,0.16091233,21.92902,-12372.678,-18625.115,1.4048e-05,0.13272931,-2.2865913,24.484285,0.1192207,31.782494,9180.9229,0.201442,27.897015
-1.0691588,0.10705192,0.16061331,21.858225,-12414.943,-18688.641,1.4064e-05,0.13305068,-2.2749012,24.543568,0.11936773,31.80695,9133.8232,0.20102237,27.918337
-1.0736332,0.10685379,0.16031328,21.787369,-12457.132,-18752.049,1.408e-05,0.13304837,-2.2631967,24.543142,0.119514,31.831232,9086.666,0.20099185,27.939518
-1.0781003,0.10665499,0.16001223,21.716455,-12499.24,-18815.338,1.4096e-05,0.13298286,-2.251478,24.531057,0.11965951,31.855339,9039.4512,0.20185247,27.960556
-1.0825603,0.10645551,0.15971018,21.645483,-12541.271,-18878.508,1.4112e-05,0.13348842,-2.2397451,24.624317,0.11980428,31.879272,8992.1787,0.20232551,27.981453
-1.087013,0.10625536,0.15940711,21.574457,-12583.223,-18941.559,1.4128e-05,0.13382521,-2.227998,24.686443,0.11994828,31.903028,8944.8496,0.20148624,28.002209
-1.0914583,0.10605454,0.15910304,21.503376,-12625.095,-19004.49,1.4144e-05,0.13355085,-2.2162368,24.635832,0.12009153,31.926613,8897.4639,0.2017426,28.022821
-1.0958962,0.10585304,0.15879796,21.432243,-12666.888,-19067.301,1.416e-05,0.13352928,-2.2044616,24.631851,0.12023401,31.950022,8850.0215,0.20121311,28.043293
-1.1003267,0.10565089,0.15849188,21.361061,-12708.601,-19129.992,1.4176e-05,0.13392693,-2.1926725,24.705208,0.12037574,31.973255,8802.5225,0.20134892,28.063622
-1.1047496,0.10544806,0.1581848,21.289829,-12750.233,-19192.562,1.4192e-05,0.13430919,-2.1808696,24.775721,0.12051671,31.996315,8754.9688,0.20229957,28.083809
-1.109165,0.10524456,0.15787673,21.21855,-12791.785,-19255.012,1.4208e-05,0.13459434,-2.1690528,24.828321,0.12065692,32.019203,8707.3584,0.20169531,28.103853
-1.1135727,0.1050404,0.15756765,21.147226,-12833.257,-19317.338,1.4224e-05,0.13423134,-2.1572223,24.761362,0.12079636,32.041916,8659.6943,0.20233314,28.123756
-1.1179729,0.10483558,0.15725757,21.075859,-12874.648,-19379.543,1.424e-05,0.13444945,-2.1453784,24.801596,0.12093505,32.064453,8611.9736,0.20293587,28.143518
-1.1223651,0.1046301,0.15694651,21.004448,-12915.958,-19441.627,1.4256e-05,0.13425447,-2.1335206,24.765627,0.12107296,32.086819,8564.1992,0.20194402,28.163137
-1.1267498,0.10442395,0.15663445,20.932997,-12957.187,-19503.586,1.4272e-05,0.13479085,-2.1216495,24.864574,0.12121011,32.109013,8516.3711,0.20273599,28.182613
-1.1311264,0.10421715,0.15632141,20.861506,-12998.333,-19565.424,1.4288e-05,0.1346267,-2.1097651,24.834293,0.1213465,32.131031,8468.4883,0.20319529,28.201948
-1.1354953,0.10400968,0.15600736,20.789978,-13039.398,-19627.137,1.4304e-05,0.13512455,-2.0978673,24.92613,0.12148213,32.152878,8420.5518,0.20289469,28.221142
-1.1398562,0.10380156,0.15569235,20.718414,-13080.381,-19688.727,1.432e-05,0.1351546,-2.0859561,24.931675,0.12161697,32.174553,8372.5625,0.2027604,28.240192
-1.1442093,0.10359278,0.15537634,20.646814,-13121.281,-19750.191,1.4336e-05,0.13521627,-2.0740321,24.943048,0.12175106,32.196053,8324.5195,0.20303048,28.2591
-1.1485542,0.10338335,0.15505935,20.575182,-13162.099,-19811.531,1.4352e-05,0.13544361,-2.0620947,24.984987,0.12188438,32.217381,8276.4238,0.20299844,28.277866
-1.152891,0.10317327,0.15474139,20.503519,-13202.833,-19872.746,1.4368e-05,0.1353126,-2.0501442,24.960819,0.12201692,32.238537,8228.2754,0.20335399,28.29649
-1.1572199,0.10296254,0.15442245,20.431826,-13243.484,-19933.836,1.4384e-05,0.13537733,-2.0381808,24.972761,0.1221487,32.259521,8180.0752,0.20340891,28.314972
-1.1615405,0.10275115,0.15410253,20.360102,-13284.053,-19994.799,1.44e-05,0.13588135,-2.0262048,25.065735,0.1222797,32.280334,8131.8228,0.20310983,28.333311
-1.165853,0.10253911,0.15378165,20.288351,-13324.537,-20055.637,1.4416e-05,0.1359037,-2.0142157,25.069859,0.12240993,32.300976,8083.519,0.20373088,28.351507
-1.1701573,0.10232643,0.15345979,20.216576,-13364.938,-20116.346,1.4432e-05,0.13613336,-2.002214,25.112223,0.12253939,32.321442,8035.1641,0.20339671,28.369562
-1.1744534,0.10211311,0.15313695,20.144775,-13405.254,-20176.93,1.4448e-05,0.13621737,-1.9901997,25.127718,0.12266807,32.34174,7986.7578,0.20370953,28.387474
-1.1787411,0.10189912,0.15281315,20.07295,-13445.485,-20237.387,1.4464e-05,0.13632448,-1.9781727,25.14748,0.12279598,32.361866,7938.3013,0.20449385,28.405243
-1.1830206,0.10168451,0.1524884,20.001104,-13485.632,-20297.715,1.448e-05,0.13627209,-1.9661332,25.137812,0.12292312,32.381817,7889.7944,0.20347148,28.422869
-1.1872916,0.10146925,0.15216267,19.929237,-13525.694,-20357.914,1.4496e-05,0.13605553,-1.9540814,25.097864,0.12304948,32.4016,7841.2373,0.20461592,28.440353
-1.1915544,0.10125335,0.15183598,19.857351,-13565.671,-20417.986,1.4512e-05,0.13641773,-1.9420172,25.16468,0.12317505,32.421211,7792.6309,0.20418409,28.457695
-1.1958088,0.10103681,0.15150833,19.785446,-13605.562,-20477.928,1.4528e-05,0.13644779,-1.9299408,25.170225,0.12329985,32.440651,7743.9746,0.20454879,28.474892
-1.2000546,0.10081962,0.15117973,19.713526,-13645.367,-20537.74,1.4544e-05,0.13686781,-1.9178522,25.247705,0.12342387,32.459923,7695.269,0.20452131,28.491947
-1.2042921,0.10060181,0.15085016,19.641588,-13685.087,-20597.424,1.456e-05,0.13684623,-1.9057513,25.243725,0.12354712,32.479019,7646.5151,0.20517136,28.508858
-1.2085211,0.10038336,0.15051965,19.569637,-13724.721,-20656.979,1.4576e-05,0.13707897,-1.8936386,25.286657,0.12366958,32.497948,7597.7124,0.20406964,28.525627
-1.2127416,0.10016427,0.15018819,19.497673,-13764.267,-20716.4,1.4592e-05,0.13730247,-1.8815138,25.327885,0.12379126,32.516708,7548.8618,0.20448165,28.542252
-1.2169536,0.099944554,0.14985578,19.425697,-13803.727,-20775.693,1.4608e-05,0.13690865,-1.8693771,25.255239,0.12391216,32.535294,7499.9634,0.20518051,28.558733
-1.2211571,0.099724203,0.14952242,19.35371,-13843.1,-20834.854,1.4624e-05,0.13678458,-1.8572286,25.232351,0.12403228,32.553711,7451.0171,0.20495163,28.575071
-1.225352,0.099503227,0.14918812,19.281713,-13882.386,-20893.883,1.464e-05,0.13723311,-1.8450685,25.31509,0.12415161,32.571957,7402.0234,0.20496537,28.591267
-1.2295384,0.099281617,0.14885287,19.209707,-13921.584,-20952.779,1.4656e-05,0.13772942,-1.8328967,25.406645,0.12427016,32.590034,7352.9829,0.20430921,28.607317
-1.2337162,0.099059381,0.14851668,19.137695,-13960.694,-21011.545,1.4672e-05,0.13742423,-1.8207133,25.350348,0.12438792,32.607941,7303.896,0.2049913,28.623222
-1.2378856,0.098836519,0.14817956,19.065676,-13999.717,-21070.176,1.4688e-05,0.13790821,-1.8085183,25.439627,0.1245049,32.625679,7254.7622,0.20609607,28.638985
-1.2420462,0.098613031,0.14784151,18.99365,-14038.651,-21128.676,1.4704e-05,0.13785581,-1.796312,25.429958,0.12462109,32.643246,7205.583,0.20522782,28.654604
-1.2461983,0.098388925,0.14750251,18.921623,-14077.497,-21187.041,1.472e-05,0.13773482,-1.7840943,25.407639,0.1247365,32.660641,7156.3579,0.2050859,28.670076
-1.2503419,0.098164193,0.14716259,18.84959,-14116.255,-21245.271,1.4736e-05,0.13799299,-1.7718654,25.455263,0.12485111,32.677872,7107.0874,0.20645314,28.685406
-1.2544768,0.097938843,0.14682174,18.777557,-14154.923,-21303.369,1.4752e-05,0.13777874,-1.7596252,25.415743,0.12496494,32.694927,7057.7715,0.20532089,28.70059
-1.2586031,0.097712874,0.14647995,18.705521,-14193.502,-21361.332,1.4768e-05,0.13799299,-1.7473739,25.455263,0.12507798,32.711815,7008.4111,0.20496689,28.71563
-1.2627208,0.097486287,0.14613725,18.633486,-14231.991,-21419.16,1.4784e-05,0.13820723,-1.7351116,25.494785,0.12519023,32.728535,6959.0059,0.2053972,28.730522
-1.26683,0.097259089,0.14579362,18.561451,-14270.391,-21476.854,1.48e-05,0.13809009,-1.7228384,25.473177,0.12530167,32.745083,6909.5571,0.20575732,28.745272
-1.2709305,0.097031273,0.14544907,18.489418,-14308.701,-21534.41,1.4816e-05,0.13827273,-1.7105542,25.50687,0.12541234,32.761463,6860.064,0.20620593,28.759874
-1.2750225,0.096802846,0.1451036,18.417387,-14346.92,-21591.832,1.4832e-05,0.13848005,-1.6982592,25.545111,0.12552223,32.777672,6810.5278,0.20645009,28.774332
-1.2791058,0.0965738,0.14475721,18.34536,-14385.05,-21649.115,1.4848e-05,0.13850316,-1.6859536,25.549376,0.1256313,32.793713,6760.9478,0.20651723,28.788643
-1.2831806,0.096344151,0.14440991,18.273336,-14423.088,-21706.264,1.4864e-05,0.13887617,-1.6736373,25.618183,0.12573959,32.809586,6711.3252,0.20636617,28.802807
-1.2872468,0.09611389,0.1440617,18.201317,-14461.036,-21763.273,1.488e-05,0.13885845,-1.6613103,25.614914,0.12584707,32.825287,6661.6602,0.20664693,28.816826
-1.2913045,0.095883027,0.14371258,18.129305,-14498.893,-21820.148,1.4896e-05,0.13898946,-1.648973,25.639082,0.12595378,32.840816,6611.9526,0.20604114,28.830698
-1.2953537,0.095651552,0.14336255,18.057301,-14536.657,-21876.883,1.4912e-05,0.13845615,-1.6366252,25.540705,0.12605968,32.856182,6562.2031,0.20603351,28.844423
-1.2993941,0.095419474,0.14301161,17.985302,-14574.331,-21933.48,1.4928e-05,0.13894862,-1.624267,25.631546,0.12616478,32.871376,6512.4121,0.20693991,28.858
-1.3034261,0.095186792,0.14265977,17.913311,-14611.913,-21989.939,1.4944e-05,0.13926922,-1.6118985,25.690687,0.12626909,32.886398,6462.5796,0.20623036,28.871431
-1.3074497,0.094953515,0.14230703,17.841331,-14649.402,-22046.258,1.496e-05,0.13919523,-1.59952,25.67704,0.12637261,32.901253,6412.7065,0.2069155,28.884712
-1.3114647,0.094719633,0.14195339,17.76936,-14686.8,-22102.439,1.4976e-05,0.13953355,-1.5871313,25.739449,0.12647532,32.915936,6362.792,0.20575121,28.897848
-1.3154712,0.094485156,0.14159885,17.697399,-14724.104,-22158.48,1.4992e-05,0.13950196,-1.5747325,25.73362,0.12657723,32.93045,6312.8374,0.20627308,28.910833
-1.3194692,0.094250076,0.14124343,17.625448,-14761.316,-22214.381,1.5008e-05,0.13940485,-1.5623239,25.715708,0.12667835,32.944798,6262.8428,0.20603503,28.923672
-1.3234588,0.094014406,0.1408871,17.553511,-14798.435,-22270.143,1.5024e-05,0.13963605,-1.5499054,25.758356,0.12677866,32.958973,6212.8086,0.20720389,28.936361
-1.3274399,0.093778141,0.14052989,17.481585,-14835.461,-22325.762,1.504e-05,0.13940716,-1.5374771,25.716135,0.12687817,32.972977,6162.7349,0.20711234,28.9489
-1.3314126,0.093541279,0.1401718,17.409672,-14872.393,-22381.24,1.5056e-05,0.13974395,-1.5250391,25.778259,0.12697688,32.986813,6112.6221,0.20703757,28.96129
-1.3353767,0.093303837,0.1398128,17.337774,-14909.23,-22436.578,1.5072e-05,0.14017166,-1.5125914,25.857161,0.12707479,33.000477,6062.4702,0.20690024,28.973532
-1.3393326,0.093065798,0.13945293,17.265888,-14945.975,-22491.773,1.5088e-05,0.13964762,-1.5001341,25.760489,0.12717189,33.013973,6012.2798,0.20660268,28.985622
-1.34328,0.092827171,0.13909219,17.194019,-14982.625,-22546.828,1.5104e-05,0.14002293,-1.4876674,25.829723,0.1272682,33.027298,5962.0513,0.20723593,28.997562
-1.347219,0.092587955,0.13873056,17.122164,-15019.181,-22601.74,1.512e-05,0.13943645,-1.4751914,25.721537,0.1273637,33.040455,5911.7852,0.20746788,29.00935
-1.3511497,0.092348158,0.13836806,17.050323,-15055.642,-22656.508,1.5136e-05,0.13952045,-1.462706,25.737032,0.12745839,33.053436,5861.4814,0.20807673,29.020988
-1.3550719,0.09210778,0.13800468,16.978502,-15092.008,-22711.133,1.5152e-05,0.14016396,-1.4502113,25.85574,0.12755229,33.06625,5811.1401,0.20760673,29.032475
-1.3589859,0.091866821,0.13764043,16.906694,-15128.279,-22765.615,1.5168e-05,0.14019941,-1.4377075,25.862278,0.12764536,33.078892,5760.7622,0.20840022,29.04381
-1.3628916,0.091625273,0.13727531,16.834906,-15164.454,-22819.953,1.5184e-05,0.13994664,-1.4251946,25.815649,0.12773764,33.091366,5710.3477,0.20789209,29.054993
-1.3667889,0.091383152,0.13690932,16.763136,-15200.534,-22874.148,1.52e-05,0.14034584,-1.4126728,25.88929,0.1278291,33.103664,5659.897,0.20789818,29.066021
-1.3706778,0.091140456,0.13654247,16.691381,-15236.519,-22928.197,1.5216e-05,0.14017938,-1.4001418,25.858582,0.12791978,33.115791,5609.4102,0.20785394,29.076899
-1.3745586,0.09089718,0.13617475,16.619648,-15272.407,-22982.102,1.5232e-05,0.14035586,-1.3876022,25.891138,0.12800963,33.12775,5558.8877,0.20783868,29.087622
-1.378431,0.09065333,0.13580617,16.547932,-15308.199,-23035.861,1.5248e-05,0.1406464,-1.3750538,25.944733,0.12809868,33.139534,5508.3301,0.20785698,29.09819
-1.3822951,0.090408906,0.13543674,16.476234,-15343.895,-23089.477,1.5264e-05,0.14040904,-1.3624967,25.900948,0.12818691,33.15115,5457.7373,0.20758995,29.108606
-1.3861511,0.090163916,0.13506646,16.404558,-15379.493,-23142.945,1.528e-05,0.14056702,-1.349931,25.93009,0.12827434,33.16259,5407.1099,0.20754875,29.118866
-1.3899987,0.089918353,0.13469532,16.332901,-15414.995,-23196.268,1.5296e-05,0.14084446,-1.3373567,25.98127,0.12836096,33.173859,5356.4482,0.2075457,29.128971
-1.393838,0.089672223,0.13432333,16.261263,-15450.399,-23249.441,1.5312e-05,0.14085911,-1.324774,25.983971,0.12844676,33.184952,5305.7524,0.2083285,29.138922
-1.3976692,0.089425527,0.13395049,16.189648,-15485.706,-23302.471,1.5328e-05,0.14100631,-1.312183,26.011124,0.12853175,33.195873,5255.0229,0.20855129,29.148716
-1.4014921,0.089178264,0.13357681,16.118052,-15520.916,-23355.352,1.5344e-05,0.141219,-1.2995837,26.050362,0.12861595,33.206623,5204.2598,0.20796075,29.158352
-1.4053068,0.088930443,0.13320227,16.046476,-15556.027,-23408.086,1.536e-05,0.14070728,-1.2869761,25.955965,0.1286993,33.217197,5153.4639,0.20801416,29.167833
-1.4091132,0.088682055,0.13282691,15.974923,-15591.041,-23460.672,1.5376e-05,0.14077896,-1.2743604,25.969185,0.12878187,33.2276,5102.6353,0.2086703,29.177156
-1.4129114,0.088433109,0.1324507,15.903391,-15625.957,-23513.111,1.5392e-05,0.1411327,-1.2617366,26.034439,0.12886362,33.237827,5051.7739,0.20908384,29.186321
-1.4167013,0.088183604,0.13207364,15.831881,-15660.773,-23565.4,1.5408e-05,0.14116275,-1.249105,26.039984,0.12894455,33.247879,5000.8809,0.20746177,29.195328
-1.420483,0.08793354,0.13169576,15.760391,-15695.491,-23617.541,1.5424e-05,0.14106411,-1.2364653,26.021786,0.12902465,33.257759,4949.9556,0.20801568,29.204176
-1.4242566,0.087682918,0.13131705,15.688925,-15730.11,-23669.531,1.544e-05,0.14112344,-1.2238179,26.032732,0.12910396,33.26746,4898.9995,0.20873439,29.212864
-1.4280217,0.087431751,0.13093752,15.61748,-15764.631,-23721.373,1.5456e-05,0.14127603,-1.2111628,26.060881,0.12918244,33.276985,4848.0117,0.208652,29.221392
-1.4317787,0.087180026,0.13055713,15.546059,-15799.052,-23773.066,1.5472e-05,0.14133383,-1.1985,26.071543,0.12926011,33.286339,4796.9932,0.20870845,29.229761
-1.4355273,0.086927749,0.13017595,15.474658,-15833.373,-23824.607,1.5488e-05,0.14157736,-1.1858296,26.116467,0.12933695,33.295513,4745.9443,0.20838954,29.237968
-1.4392678,0.086674921,0.12979393,15.403281,-15867.594,-23876,1.5504e-05,0.1412876,-1.1731517,26.063013,0.12941299,33.304508,4694.8647,0.20874508,29.246014
-1.4429998,0.086421549,0.1294111,15.331926,-15901.715,-23927.24,1.552e-05,0.14163594,-1.1604666,26.127272,0.12948821,33.313332,4643.7559,0.2085406,29.253897
-1.4467237,0.086167634,0.12902744,15.260593,-15935.736,-23978.33,1.5536e-05,0.14157969,-1.147774,26.116894,0.12956262,33.321972,4592.6172,0.20898618,29.261618
-1.4504391,0.085913174,0.12864298,15.189284,-15969.656,-24029.268,1.5552e-05,0.14129993,-1.1350741,26.065289,0.1296362,33.330437,4541.4497,0.20894192,29.269175
-1.4541463,0.08565817,0.12825769,15.117997,-16003.477,-24080.053,1.5568e-05,0.14144018,-1.1223671,26.091162,0.12970896,33.338722,4490.2529,0.20782647,29.276569
-1.457845,0.085402623,0.1278716,15.046733,-16037.195,-24130.688,1.5584e-05,0.14188641,-1.109653,26.173475,0.1297809,33.346832,4439.0278,0.20921811,29.283798
-1.4615353,0.085146539,0.12748471,14.975492,-16070.813,-24181.17,1.56e-05,0.14181551,-1.0969319,26.160397,0.12985203,33.354759,4387.7744,0.20879391,29.290863
-1.4652174,0.084889911,0.127097,14.904272,-16104.33,-24231.498,1.5616e-05,0.14188178,-1.0842038,26.172623,0.12992232,33.362507,4336.4932,0.20863521,29.297762
-1.4688909,0.084632754,0.12670849,14.833076,-16137.745,-24281.674,1.5632e-05,0.14162129,-1.0714689,26.124571,0.1299918,33.370075,4285.1841,0.20961638,29.304495
-1.4725559,0.084375061,0.12631918,14.761902,-16171.058,-24331.697,1.5648e-05,0.14187407,-1.0587273,26.1712,0.13006046,33.37746,4233.8477,0.20868404,29.311062
-1.4762125,0.084116831,0.12592907,14.690751,-16204.27,-24381.564,1.5664e-05,0.14203283,-1.045979,26.200485,0.13012831,33.384666,4182.4844,0.20830867,29.317461
-1.4798605,0.083858073,0.12553817,14.619622,-16237.379,-24431.279,1.568e-05,0.14182553,-1.033224,26.162245,0.13019532,33.391689,4131.0947,0.20930204,29.323692
-1.4835,0.083598785,0.12514648,14.548515,-16270.385,-24480.84,1.5696e-05,0.14189026,-1.0204625,26.174187,0.13026151,33.398529,4079.6787,0.20957977,29.329754
-1.4871309,0.083338968,0.124754,14.477431,-16303.29,-24530.246,1.5712e-05,0.1419365,-1.0076946,26.182716,0.13032688,33.40519,4028.2366,0.2089999,29.335648
-1.4907531,0.083078623,0.12436073,14.406368,-16336.091,-24579.498,1.5728e-05,0.14185019,-0.99492037,26.166794,0.13039143,33.411663,3976.769,0.2087695,29.341372
-1.4943666,0.082817756,0.12396667,14.335328,-16368.789,-24628.594,1.5744e-05,0.14226404,-0.98213977,26.243135,0.13045517,33.417953,3925.2759,0.20896786,29.346924
-1.4979715,0.082556367,0.12357183,14.26431,-16401.385,-24677.533,1.576e-05,0.1421546,-0.96935302,26.222948,0.13051806,33.424057,3873.7578,0.20856503,29.352306
-1.5015676,0.082294449,0.12317621,14.193313,-16433.877,-24726.316,1.5776e-05,0.14189026,-0.95656013,26.174187,0.13058014,33.429977,3822.2151,0.2093173,29.357515
-1.5051548,0.082032017,0.12277981,14.122337,-16466.266,-24774.945,1.5792e-05,0.14232184,-0.94376117,26.253798,0.13064139,33.435711,3770.6482,0.20927763,29.362553
-1.5087334,0.081769072,0.12238263,14.051383,-16498.549,-24823.416,1.5808e-05,0.14205132,-0.9309563,26.203897,0.13070181,33.441257,3719.0571,0.20907621,29.367416
-1.512303,0.081505604,0.12198468,13.980451,-16530.73,-24871.732,1.5824e-05,0.14243436,-0.91814548,26.274553,0.13076141,33.446617,3667.4424,0.2091998,29.372107
-1.5158635,0.081241623,0.12158597,13.909538,-16562.807,-24919.889,1.584e-05,0.14229949,-0.90532893,26.249674,0.13082018,33.45179,3615.8042,0.20950499,29.376621
-1.5194153,0.080977127,0.12118648,13.838646,-16594.777,-24967.889,1.5856e-05,0.14218311,-0.8925066,26.228209,0.13087814,33.456776,3564.1431,0.20894803,29.380962
-1.5229579,0.080712117,0.12078623,13.767775,-16626.645,-25015.732,1.5872e-05,0.14222319,-0.87967867,26.235601,0.13093525,33.461567,3512.4592,0.20933409,29.385126
-1.5264914,0.080446601,0.12038521,13.696923,-16658.406,-25063.416,1.5888e-05,0.14243127,-0.86684519,26.273985,0.13099155,33.466171,3460.7529,0.20883054,29.389112
-1.5300158,0.080180578,0.11998344,13.626092,-16690.064,-25110.943,1.5904e-05,0.14230411,-0.85400623,26.250528,0.13104703,33.470585,3409.0247,0.20946836,29.392923
-1.5335311,0.079914041,0.11958091,13.555281,-16721.617,-25158.311,1.592e-05,0.1423095,-0.84116185,26.251522,0.13110165,33.474808,3357.2747,0.20826747,29.396555
-1.537037,0.079647005,0.11917762,13.484488,-16753.062,-25205.52,1.5936e-05,0.14247134,-0.82831222,26.281378,0.13115546,33.47884,3305.5032,0.20958434,29.400007
-1.5405337,0.079379469,0.11877358,13.413714,-16784.404,-25252.568,1.5952e-05,0.14246441,-0.81545728,26.280098,0.13120845,33.482677,3253.7107,0.20932035,29.40328
-1.544021,0.079111427,0.11836878,13.342959,-16815.641,-25299.459,1.5968e-05,0.14228639,-0.80259722,26.247257,0.1312606,33.48632,3201.8975,0.20920286,29.406372
-1.5474988,0.078842886,0.11796325,13.272223,-16846.77,-25346.188,1.5984e-05,0.14249292,-0.7897321,26.285358,0.13131192,33.489773,3150.0637,0.20976593,29.409285
-1.5509673,0.078573845,0.11755696,13.201505,-16877.791,-25392.758,1.6e-05,0.14232492,-0.77686197,26.254366,0.13136242,33.493027,3098.21,0.20899075,29.412014
-1.5544262,0.078304313,0.11714993,13.130804,-16908.709,-25439.168,1.6016e-05,0.14259003,-0.76398695,26.30327,0.13141209,33.496086,3046.3362,0.20949888,29.41456
-1.5578755,0.078034282,0.11674216,13.060121,-16939.518,-25485.416,1.6032e-05,0.14249292,-0.7511071,26.285358,0.13146092,33.498947,2994.4434,0.20885648,29.416924
-1.5613152,0.077763759,0.11633366,12.989453,-16970.221,-25531.504,1.6048e-05,0.14255843,-0.73822254,26.297441,0.13150893,33.501614,2942.5312,0.20935392,29.419102
-1.5647452,0.077492744,0.11592443,12.918804,-17000.818,-25577.432,1.6064e-05,0.1422964,-0.72533327,26.249105,0.13155609,33.504082,2890.6001,0.20874661,29.421097
-1.5681654,0.077221245,0.11551445,12.84817,-17031.307,-25623.197,1.608e-05,0.14255303,-0.71243942,26.296446,0.13160244,33.506348,2838.6509,0.20857266,29.422905
-1.5715759,0.076949254,0.11510375,12.777553,-17061.689,-25668.801,1.6096e-05,0.14243975,-0.69954109,26.275549,0.13164796,33.508419,2786.6833,0.20950499,29.424526
-1.5749763,0.076676771,0.11469232,12.70695,-17091.963,-25714.24,1.6112e-05,0.14234033,-0.68663836,26.25721,0.13169263,33.510284,2734.698,0.20835292,29.425961
-1.578367,0.076403812,0.11428017,12.636363,-17122.129,-25759.52,1.6128e-05,0.14210142,-0.67373127,26.213139,0.13173649,33.511951,2682.6953,0.20928983,29.427206
-1.5817477,0.076130368,0.1138673,12.56579,-17152.188,-25804.637,1.6144e-05,0.14232337,-0.66081989,26.254082,0.13177949,33.513416,2630.6753,0.20940581,29.428263
-1.5851182,0.07585644,0.1134537,12.495232,-17182.137,-25849.588,1.616e-05,0.14253376,-0.6479044,26.292892,0.13182168,33.514675,2578.6384,0.20942564,29.429131
-1.5884787,0.075582035,0.1130394,12.424687,-17211.979,-25894.379,1.6176e-05,0.14245516,-0.63498479,26.278391,0.13186303,33.515732,2526.5852,0.2095294,29.429808
-1.5918291,0.075307153,0.11262437,12.354156,-17241.713,-25939.004,1.6192e-05,0.14245208,-0.62206113,26.277822,0.13190354,33.516582,2474.5159,0.20921049,29.430292
-1.5951692,0.075031795,0.11220863,12.283637,-17271.338,-25983.467,1.6208e-05,0.14259312,-0.6091336,26.303839,0.13194323,33.517231,2422.4307,0.20994751,29.430586
-1.5984991,0.074755967,0.11179219,12.213132,-17300.854,-26027.766,1.6224e-05,0.14209525,-0.59620219,26.212002,0.13198207,33.51767,2370.3298,0.20972015,29.430685
-1.6018186,0.074479662,0.11137504,12.142638,-17330.26,-26071.898,1.624e-05,0.14262009,-0.58326703,26.308815,0.1320201,33.517899,2318.2141,0.20899533,29.43059
-1.6051278,0.074202888,0.11095718,12.072156,-17359.557,-26115.867,1.6256e-05,0.14253069,-0.57032818,26.292324,0.13205728,33.517921,2266.0833,0.20959654,29.430302
-1.6084266,0.073925644,0.11053863,12.001684,-17388.744,-26159.672,1.6272e-05,0.14273261,-0.55738568,26.329571,0.13209362,33.517735,2213.938,0.20950499,29.429817
-1.6117148,0.073647931,0.11011937,11.931224,-17417.822,-26203.311,1.6288e-05,0.14228562,-0.54443973,26.247116,0.13212915,33.517338,2161.7786,0.20877713,29.429136
-1.6149926,0.073369756,0.10969943,11.860774,-17446.791,-26246.785,1.6304e-05,0.14236422,-0.53149033,26.261616,0.13216382,33.516731,2109.6052,0.20881985,29.428257
-1.6182598,0.07309112,0.10927878,11.790333,-17475.65,-26290.092,1.632e-05,0.14240892,-0.51853752,26.269861,0.13219766,33.515907,2057.4185,0.20903347,29.427181
-1.6215165,0.072812013,0.10885745,11.719902,-17504.398,-26333.234,1.6336e-05,0.14222319,-0.5055815,26.235601,0.13223067,33.514874,2005.2184,0.20941953,29.425907
-1.6247624,0.072532453,0.10843544,11.649479,-17533.037,-26376.209,1.6352e-05,0.14222473,-0.49262226,26.235886,0.13226286,33.513626,1953.0055,0.20893583,29.424431
-1.6279978,0.072252437,0.10801273,11.579065,-17561.564,-26419.018,1.6368e-05,0.14248753,-0.47965991,26.284363,0.13229419,33.512161,1900.78,0.20962097,29.422756
-1.6312222,0.07197196,0.10758934,11.508658,-17589.98,-26461.66,1.6384e-05,0.1422255,-0.46669453,26.236027,0.1323247,33.510479,1848.5425,0.20981933,29.420877
-1.634436,0.071691029,0.10716528,11.438259,-17618.285,-26504.135,1.64e-05,0.14239351,-0.4537262,26.267019,0.13235436,33.508583,1796.293,0.20970184,29.418798
-1.637639,0.07140965,0.10674053,11.367867,-17646.48,-26546.441,1.6416e-05,0.14221625,-0.44075501,26.234322,0.13238318,33.506466,1744.0319,0.20957214,29.416515
-1.6408311,0.07112781,0.10631511,11.29748,-17674.564,-26588.58,1.6432e-05,0.1426301,-0.42778102,26.310663,0.13241118,33.504131,1691.7595,0.20914793,29.414028
-1.6440125,0.070845529,0.10588903,11.227099,-17702.535,-26630.553,1.6448e-05,0.14237425,-0.41480434,26.263464,0.13243835,33.501575,1639.4764,0.20908536,29.411337
-1.6471827,0.070562795,0.10546227,11.156724,-17730.396,-26672.355,1.6464e-05,0.14228176,-0.40182504,26.246405,0.13246466,33.498798,1587.1827,0.20890988,29.40844
-1.6503422,0.070279621,0.10503484,11.086353,-17758.145,-26713.99,1.648e-05,0.14216693,-0.38884321,26.225222,0.13249014,33.4958,1534.8788,0.20904416,29.405334
-1.6534907,0.069995999,0.10460676,11.015986,-17785.781,-26755.457,1.6496e-05,0.14216,-0.3758589,26.223944,0.13251479,33.492577,1482.5649,0.20938902,29.402023
-1.656628,0.069711939,0.10417801,10.945624,-17813.307,-26796.754,1.6512e-05,0.1421731,-0.36287224,26.22636,0.1325386,33.489128,1430.2415,0.20957366,29.398502
-1.6597545,0.069427431,0.1037486,10.875264,-17840.717,-26837.881,1.6528e-05,0.1420968,-0.34988329,26.212286,0.13256158,33.485458,1377.9088,0.20910519,29.394773
-1.6628699,0.069142491,0.10331854,10.804908,-17868.018,-26878.84,1.6544e-05,0.14241818,-0.3368921,26.271568,0.13258372,33.481556,1325.5673,0.2095706,29.390833
-1.6659743,0.068857111,0.10288782,10.734552,-17895.205,-26919.629,1.656e-05,0.14190491,-0.32389882,26.176888,0.13260502,33.477432,1273.2172,0.20940122,29.386683
-1.6690675,0.068571299,0.10245647,10.6642,-17922.279,-26960.246,1.6576e-05,0.14213456,-0.31090346,26.219252,0.13262548,33.473076,1220.8589,0.20932341,29.38232
-1.6721497,0.068285055,0.10202445,10.593847,-17949.24,-27000.695,1.6592e-05,0.14228792,-0.29790616,26.247541,0.1326451,33.468491,1168.4926,0.20897855,29.377745
-1.6752206,0.067998372,0.1015918,10.523496,-17976.088,-27040.973,1.6608e-05,0.14234959,-0.28490695,26.258915,0.13266389,33.463673,1116.1187,0.20856197,29.372955
-1.6782806,0.067711264,0.1011585,10.453145,-18002.822,-27081.08,1.6624e-05,0.14198273,-0.27190596,26.191246,0.13268183,33.458626,1063.7375,0.20886715,29.367952
-1.6813294,0.067423731,0.10072456,10.382792,-18029.443,-27121.016,1.664e-05,0.14267866,-0.25890326,26.31962,0.13269894,33.453346,1011.3495,0.20853603,29.362734
-1.6843671,0.067135766,0.10028999,10.31244,-18055.949,-27160.779,1.6656e-05,0.14206675,-0.24589892,26.206741,0.13271521,33.44783,958.95496,0.20888241,29.357298
-1.6873935,0.066847384,0.099854782,10.242085,-18082.344,-27200.373,1.6672e-05,0.14211452,-0.23289302,26.215555,0.13273065,33.442081,906.55408,0.20922117,29.351646
-1.6904088,0.066558577,0.099418946,10.171729,-18108.623,-27239.793,1.6688e-05,0.14193727,-0.21988566,26.182858,0.13274524,33.436096,854.14728,0.20916013,29.345776
-1.693413,0.066269346,0.098982483,10.101371,-18134.789,-27279.043,1.6704e-05,0.14220007,-0.2068769,26.231335,0.13275899,33.429874,801.73492,0.20917997,29.339687
-1.696406,0.065979697,0.098545395,10.031009,-18160.84,-27318.119,1.672e-05,0.14205441,-0.19386683,26.204466,0.13277191,33.423412,749.31726,0.20896634,29.333378
-1.6993878,0.065689638,0.098107681,9.9606428,-18186.775,-27357.023,1.6736e-05,0.14201126,-0.18085556,26.196505,0.13278399,33.41671,696.89465,0.2089465,29.326849
-1.7023585,0.065399155,0.097669348,9.890274,-18212.598,-27395.754,1.6752e-05,0.14223321,-0.16784312,26.237448,0.13279523,33.409767,644.46747,0.2087817,29.320099
-1.705318,0.065108262,0.097230397,9.8198996,-18238.305,-27434.312,1.6768e-05,0.14195192,-0.15482964,26.185558,0.13280563,33.402584,592.03601,0.20866878,29.313126
-1.7082664,0.064816959,0.096790835,9.7495203,-18263.896,-27472.697,1.6784e-05,0.14165059,-0.14181517,26.129972,0.1328152,33.395161,539.60059,0.20847651,29.305929
-1.7112035,0.064525247,0.096350662,9.6791353,-18289.373,-27510.91,1.68e-05,0.14178082,-0.12879981,26.153999,0.13282391,33.387489,487.16159,0.20823084,29.29851
-1.7141294,0.064233124,0.095909879,9.6087446,-18314.734,-27548.947,1.6816e-05,0.14181782,-0.11578363,26.160822,0.1328318,33.379574,434.7193,0.20846125,29.290865
-1.7170444,0.0639406,0.095468491,9.5383472,-18339.98,-27586.811,1.6832e-05,0.14114888,-0.10276672,26.037424,0.13283885,33.371414,382.27405,0.20876187,29.282995
-1.7199481,0.063647673,0.095026493,9.4679432,-18365.111,-27624.5,1.6848e-05,0.14170684,-0.089749165,26.14035,0.13284504,33.363007,329.8262,0.20833308,29.274899
-1.7228407,0.063354336,0.094583906,9.3975315,-18390.125,-27662.016,1.6864e-05,0.14148566,-0.076731041,26.09955,0.13285041,33.354351,277.37607,0.20780663,29.266575
-1.7257221,0.063060604,0.094140716,9.3271112,-18415.023,-27699.355,1.688e-05,0.14160742,-0.063712433,26.122011,0.13285494,33.345448,224.92398,0.20807062,29.258022
-1.7285924,0.06276647,0.09369693,9.2566833,-18439.807,-27736.521,1.6896e-05,0.14148335,-0.050693423,26.099123,0.13285862,33.336288,172.47028,0.20853449,29.249243
-1.7314515,0.062471945,0.093252555,9.1862459,-18464.473,-27773.512,1.6912e-05,0.14142863,-0.037674092,26.089029,0.13286148,33.326881,120.01527,0.20808893,29.240231
-1.7342997,0.062177025,0.092807591,9.115799,-18489.021,-27810.326,1.6928e-05,0.14143711,-0.024654524,26.090593,0.13286348,33.317223,67.559319,0.20812708,29.230989
-1.7371366,0.06188171,0.092362039,9.0453415,-18513.455,-27846.965,1.6944e-05,0.14130686,-0.0116348,26.066568,0.13286465,33.307308,15.102737,0.20774408,29.221518
-1.7399625,0.061586004,0.091915898,8.9748745,-18537.771,-27883.428,1.696e-05,0.1412244,0.0013849977,26.051357,0.13286498,33.297138,-37.354141,0.20782495,29.211813
-1.7427772,0.061289907,0.091469184,8.904397,-18561.971,-27919.715,1.6976e-05,0.1410957,0.014404787,26.027615,0.13286448,33.286716,-89.810982,0.20802942,29.201874
-1.745581,0.060993426,0.091021895,8.8339071,-18586.053,-27955.826,1.6992e-05,0.14098626,0.027424484,26.007427,0.13286312,33.276031,-142.26746,0.2079699,29.191702
-1.7483736,0.060696557,0.090574026,8.7634058,-18610.018,-27991.76,1.7008e-05,0.14093849,0.040444009,25.998613,0.13286094,33.265095,-194.72324,0.20754418,29.181295
-1.7511553,0.060399309,0.090125583,8.692893,-18633.865,-28027.516,1.7024e-05,0.14091536,0.053463276,25.994349,0.13285792,33.253895,-247.17799,0.20729698,29.170654
-1.7539258,0.060101673,0.089676574,8.6223669,-18657.596,-28063.098,1.704e-05,0.14078204,0.066482209,25.969755,0.13285404,33.242435,-299.63138,0.20765251,29.159775
-1.7566853,0.059803661,0.089226998,8.5518284,-18681.209,-28098.5,1.7056e-05,0.14108337,0.07950072,26.025341,0.13284934,33.230713,-352.08307,0.20659199,29.148661
-1.7594337,0.059505273,0.088776857,8.4812756,-18704.703,-28133.725,1.7072e-05,0.14085294,0.092518725,25.982834,0.13284379,33.218731,-404.53275,0.20790581,29.137306
-1.7621711,0.059206508,0.088326156,8.4107094,-18728.08,-28168.773,1.7088e-05,0.14088377,0.10553615,25.98852,0.13283741,33.206482,-456.98007,0.20706809,29.125715
-1.7648976,0.058907367,0.087874897,8.3401289,-18751.34,-28203.643,1.7104e-05,0.14059785,0.11855291,25.935778,0.13283019,33.193974,-509.42468,0.20755486,29.113884
-1.7676129,0.058607854,0.087423086,8.2695332,-18774.48,-28238.334,1.712e-05,0.14052387,0.13156891,25.922129,0.13282213,33.181194,-561.86627,0.20697196,29.101814
-1.7703173,0.058307972,0.086970717,8.1989231,-18797.502,-28272.848,1.7136e-05,0.14077818,0.14458409,25.969044,0.13281323,33.168152,-614.30457,0.20767845,29.089502
-1.7730106,0.058007721,0.086517803,8.1282969,-18820.406,-28307.182,1.7152e-05,0.14048995,0.15759836,25.915874,0.13280348,33.154839,-666.73914,0.20772576,29.076948
-1.7756929,0.057707105,0.086064346,8.0576553,-18843.191,-28341.338,1.7168e-05,0.14008304,0.17061162,25.840813,0.1327929,33.141258,-719.16974,0.20649435,29.064154
-1.7783642,0.057406124,0.085610338,7.9869976,-18865.857,-28375.314,1.7184e-05,0.1401917,0.18362382,25.860857,0.13278149,33.127407,-771.59595,0.20740074,29.051115
-1.7810245,0.057104778,0.085155793,7.9163227,-18888.404,-28409.113,1.72e-05,0.13982101,0.19663484,25.792477,0.13276923,33.113285,-824.01752,0.20686819,29.037832
-1.7836736,0.056803074,0.084700711,7.8456311,-18910.832,-28442.73,1.7216e-05,0.14002369,0.20964463,25.829865,0.13275614,33.098892,-876.43408,0.20685141,29.024305
-1.7863119,0.056501009,0.084245093,7.7749224,-18933.141,-28476.17,1.7232e-05,0.14005452,0.22265309,25.835552,0.13274221,33.084229,-928.84528,0.20751975,29.010534
-1.788939,0.056198586,0.083788939,7.704196,-18955.33,-28509.428,1.7248e-05,0.14010771,0.23566015,25.845362,0.13272743,33.069286,-981.25085,0.20711997,28.996517
-1.791555,0.055895813,0.083332255,7.6334515,-18977.4,-28542.506,1.7264e-05,0.14015934,0.24866572,25.854887,0.13271183,33.05407,-1033.6504,0.20634785,28.982252
-1.79416,0.055592682,0.082875051,7.5626888,-18999.352,-28575.404,1.728e-05,0.1397347,0.26166973,25.776554,0.13269538,33.038578,-1086.0436,0.20637532,28.967741
-1.796754,0.055289201,0.082417324,7.4919071,-19021.182,-28608.123,1.7296e-05,0.13958056,0.27467206,25.748121,0.13267809,33.022812,-1138.4302,0.20610675,28.952982
-1.7993368,0.054985374,0.081959069,7.4211068,-19042.893,-28640.66,1.7312e-05,0.13927539,0.28767267,25.691824,0.13265996,33.006763,-1190.8097,0.20649129,28.937975
-1.8019085,0.054681197,0.081500299,7.350287,-19064.482,-28673.016,1.7328e-05,0.13951659,0.30067146,25.736322,0.132641,32.99044,-1243.182,0.20623799,28.922718
-1.8044691,0.054376673,0.081041023,7.279448,-19085.953,-28705.191,1.7344e-05,0.13920216,0.31366837,25.678318,0.1326212,32.973835,-1295.5466,0.2066271,28.907211
-1.8070186,0.054071806,0.080581225,7.2085891,-19107.303,-28737.184,1.736e-05,0.13930698,0.32666329,25.697653,0.13260056,32.956947,-1347.9032,0.20597705,28.891455
-1.8095568,0.053766601,0.080120921,7.1377101,-19128.531,-28768.996,1.7376e-05,0.13941795,0.33965611,25.718124,0.13257907,32.939777,-1400.2515,0.20569932,28.875446
-1.812084,0.053461052,0.07966011,7.0668106,-19149.641,-28800.627,1.7392e-05,0.13907038,0.35264683,25.654009,0.13255677,32.922329,-1452.5912,0.20565508,28.859186
-1.8145998,0.053155169,0.0791988,6.9958906,-19170.629,-28832.076,1.7408e-05,0.13906036,0.36563531,25.652161,0.13253361,32.904591,-1504.9219,0.20609149,28.842674
-1.8171043,0.052848946,0.078736983,6.9249496,-19191.494,-28863.342,1.7424e-05,0.1392222,0.37862146,25.682014,0.13250962,32.886574,-1557.2432,0.20590533,28.825909
-1.8195977,0.052542392,0.078274675,6.8539877,-19212.24,-28894.426,1.744e-05,0.13866578,0.39160523,25.579372,0.13248479,32.868267,-1609.5549,0.20613727,28.808891
-1.8220798,0.052235506,0.077811867,6.7830043,-19232.865,-28925.328,1.7456e-05,0.13864498,0.40458652,25.575535,0.13245913,32.849674,-1661.8567,0.20567949,28.791618
-1.8245504,0.051928289,0.077348568,6.7119994,-19253.369,-28956.047,1.7472e-05,0.1385918,0.41756529,25.565725,0.13243264,32.830795,-1714.1482,0.20641346,28.774092
-1.8270097,0.051620744,0.076884784,6.6409726,-19273.752,-28986.582,1.7488e-05,0.13818257,0.4305414,25.490236,0.1324053,32.81163,-1766.4291,0.2056917,28.75631
-1.8294575,0.051312871,0.076420516,6.5699239,-19294.012,-29016.936,1.7504e-05,0.13887848,0.44351476,25.61861,0.13237713,32.792171,-1818.699,0.20543382,28.738272
-1.831894,0.051004678,0.075955763,6.4988532,-19314.15,-29047.105,1.752e-05,0.13814096,0.45648536,25.482559,0.13234812,32.772427,-1870.9575,0.20586871,28.719976
-1.834319,0.050696161,0.075490527,6.4277601,-19334.168,-29077.092,1.7536e-05,0.13785504,0.46945307,25.429817,0.13231827,32.752388,-1923.2045,0.20528275,28.701427
-1.8367324,0.050387323,0.075024813,6.3566446,-19354.062,-29106.895,1.7552e-05,0.1379429,0.48241779,25.446024,0.13228759,32.732059,-1975.4396,0.20549333,28.682619
-1.8391342,0.050078169,0.074558631,6.2855067,-19373.836,-29136.512,1.7568e-05,0.13813555,0.49537948,25.481564,0.13225608,32.711437,-2027.6624,0.20459761,28.663553
-1.8415244,0.049768697,0.074091978,6.2143459,-19393.486,-29165.947,1.7584e-05,0.13779338,0.50833803,25.418444,0.13222373,32.690521,-2079.8726,0.20484939,28.64423
-1.8439029,0.04945891,0.073624857,6.1431618,-19413.016,-29195.197,1.76e-05,0.13765235,0.5212934,25.392427,0.13219054,32.669315,-2132.0696,0.20563066,28.624647
-1.8462698,0.049148809,0.073157266,6.0719547,-19432.422,-29224.264,1.7616e-05,0.13745198,0.53424543,25.355465,0.13215651,32.647812,-2184.2537,0.20448622,28.604805
-1.8486249,0.048838399,0.072689213,6.0007248,-19451.705,-29253.145,1.7632e-05,0.13760072,0.54719412,25.382902,0.13212165,32.626011,-2236.4241,0.20420088,28.584705
-1.8509684,0.048527684,0.072220705,5.9294715,-19470.867,-29281.842,1.7648e-05,0.13727473,0.56013936,25.322767,0.13208596,32.603916,-2288.5803,0.20466018,28.564344
-1.8532999,0.048216656,0.071751736,5.8581944,-19489.904,-29310.354,1.7664e-05,0.13743733,0.57308102,25.352764,0.13204944,32.58152,-2340.7227,0.20489974,28.543722
-1.8556194,0.04790533,0.07128232,5.7868943,-19508.82,-29338.68,1.768e-05,0.13719766,0.5860191,25.308552,0.13201208,32.55883,-2392.8501,0.20375988,28.52284
-1.8579272,0.047593698,0.070812449,5.7155704,-19527.613,-29366.82,1.7696e-05,0.13730015,0.59895349,25.327459,0.13197388,32.535843,-2444.9629,0.20440382,28.501698
-1.8602228,0.047281764,0.070342131,5.6442232,-19546.281,-29394.775,1.7712e-05,0.13699034,0.61188406,25.270309,0.13193485,32.512554,-2497.0603,0.20392621,28.480293
-1.8625066,0.046969533,0.069871373,5.5728521,-19564.828,-29422.547,1.7728e-05,0.13680616,0.62481076,25.236332,0.13189499,32.488964,-2549.1421,0.20388806,28.458626
-1.8647782,0.046657003,0.069400169,5.5014572,-19583.25,-29450.131,1.7744e-05,0.13696261,0.63773352,25.26519,0.1318543,32.465076,-2601.208,0.20442824,28.436697
-1.8670378,0.04634418,0.068928532,5.4300385,-19601.549,-29477.529,1.776e-05,0.1364686,0.65065229,25.174065,0.13181277,32.440884,-2653.2578,0.20405287,28.414505
-1.8692851,0.046031065,0.068456456,5.3585963,-19619.725,-29504.74,1.7776e-05,0.13611718,0.66356689,25.109238,0.13177042,32.416393,-2705.291,0.20414288,28.392052
-1.8715203,0.04571766,0.067983948,5.2871304,-19637.777,-29531.766,1.7792e-05,0.13627593,0.67647737,25.138523,0.13172722,32.391598,-2757.3071,0.20337839,28.369333
-1.8737432,0.045403965,0.067511007,5.2156401,-19655.703,-29558.605,1.7808e-05,0.13627131,0.68938351,25.137671,0.1316832,32.366501,-2809.3062,0.20346996,28.346352
-1.8759539,0.045089982,0.067037642,5.1441264,-19673.508,-29585.258,1.7824e-05,0.13633296,0.70228535,25.149044,0.13163833,32.341099,-2861.2878,0.20357677,28.323107
-1.8781523,0.044775717,0.06656386,5.0725889,-19691.188,-29611.723,1.784e-05,0.13567944,0.71518272,25.028488,0.13159265,32.315395,-2913.2515,0.20302439,28.299599
-1.8803382,0.044461165,0.066089652,5.0010281,-19708.744,-29638.002,1.7856e-05,0.13555844,0.72807556,25.006168,0.13154614,32.289383,-2965.1968,0.20358135,28.275824
-1.8825117,0.044146337,0.065615021,4.9294429,-19726.174,-29664.092,1.7872e-05,0.13567944,0.74096382,25.028488,0.13149878,32.263069,-3017.1238,0.20244148,28.251787
-1.8846729,0.043831225,0.065139987,4.8578343,-19743.482,-29689.996,1.7888e-05,0.13555151,0.75384742,25.004889,0.13145061,32.236446,-3069.0317,0.20344402,28.227484
-1.8868215,0.043515839,0.064664535,4.786202,-19760.664,-29715.713,1.7904e-05,0.13519391,0.7667262,24.938925,0.13140158,32.209518,-3120.9207,0.20254067,28.202915
-1.8889577,0.043200176,0.064188674,4.7145467,-19777.723,-29741.24,1.792e-05,0.13518852,0.7796002,24.937931,0.13135175,32.182285,-3172.79,0.20239876,28.178083
-1.8910813,0.042884242,0.063712403,4.6428676,-19794.654,-29766.582,1.7936e-05,0.1347978,0.7924692,24.865852,0.13130108,32.154743,-3224.6394,0.20220801,28.152985
-1.8931924,0.042568035,0.063235737,4.5711646,-19811.463,-29791.734,1.7952e-05,0.13454039,0.80533326,24.818371,0.13124958,32.126892,-3276.4688,0.20204169,28.127621
-1.895291,0.042251565,0.062758669,4.4994392,-19828.146,-29816.699,1.7968e-05,0.13482322,0.81819224,24.870544,0.13119724,32.098736,-3328.2776,0.20244911,28.101992
-1.8973768,0.041934822,0.062281206,4.42769,-19844.705,-29841.475,1.7984e-05,0.13433462,0.83104599,24.780413,0.13114409,32.070271,-3380.0657,0.20159459,28.076096
-1.8994501,0.041617814,0.061803352,4.3559179,-19861.137,-29866.062,1.8e-05,0.1342352,0.84389454,24.762074,0.1310901,32.041496,-3431.8325,0.20198676,28.049934
-1.9015107,0.041300546,0.061325103,4.2841234,-19877.445,-29890.461,1.8016e-05,0.13410495,0.85673773,24.738049,0.13103528,32.012413,-3483.5779,0.20205848,28.023508
-1.9035587,0.040983018,0.060846467,4.2123055,-19893.627,-29914.672,1.8032e-05,0.13390227,0.86957556,24.700659,0.13097964,31.983021,-3535.3015,0.20185095,27.996815
-1.905594,0.040665228,0.06036745,4.1404653,-19909.686,-29938.693,1.8048e-05,0.13399707,0.88240784,24.718145,0.13092318,31.953318,-3587.0029,0.20123753,27.969854
-1.9076167,0.040347181,0.05988805,4.0686026,-19925.615,-29962.525,1.8064e-05,0.13335048,0.89523458,24.598869,0.13086587,31.923304,-3638.6821,0.2014893,27.942629
-1.9096267,0.040028881,0.05940827,3.9967177,-19941.422,-29986.168,1.808e-05,0.1335208,0.90805566,24.630287,0.13080776,31.892981,-3690.3381,0.20173346,27.915138
-1.911624,0.039710328,0.058928117,3.9248106,-19957.102,-30009.621,1.8096e-05,0.13325106,0.92087102,24.58053,0.13074881,31.862347,-3741.9714,0.20125125,27.887379
-1.9136087,0.039391521,0.058447588,3.8528817,-19972.656,-30032.885,1.8112e-05,0.13331734,0.93368053,24.592756,0.13068902,31.831402,-3793.5811,0.20091403,27.859354
-1.9155806,0.039072469,0.057966694,3.780931,-19988.084,-30055.959,1.8128e-05,0.13318555,0.94648415,24.568447,0.13062842,31.800144,-3845.167,0.20144047,27.831064
-1.91754,0.038753171,0.057485431,3.7089589,-20003.387,-30078.844,1.8144e-05,0.13294895,0.9592818,24.524803,0.130567,31.768578,-3896.7288,0.20024568,27.802507
-1.9194865,0.038433623,0.057003807,3.6369653,-20018.562,-30101.539,1.816e-05,0.13278788,0.97207338,24.49509,0.13050474,31.736698,-3948.2661,0.20036775,27.773684
-1.9214206,0.038113836,0.056521822,3.5649507,-20033.611,-30124.043,1.8176e-05,0.13219139,0.98485881,24.385056,0.13044167,31.704508,-3999.7788,0.19969787,27.744595
-1.923342,0.037793808,0.056039482,3.4929154,-20048.535,-30146.355,1.8192e-05,0.1322569,0.99763805,24.397139,0.13037777,31.672005,-4051.2664,0.19987334,27.715239
-1.9252508,0.037473541,0.055556785,3.4208593,-20063.332,-30168.48,1.8208e-05,0.13190469,1.0104109,24.33217,0.13031305,31.639191,-4102.7285,0.20034181,27.685617
-1.927147,0.037153035,0.055073738,3.3487833,-20078.002,-30190.412,1.8224e-05,0.13209583,1.0231775,24.367428,0.1302475,31.606066,-4154.165,0.19949034,27.655729
-1.9290308,0.036832295,0.054590344,3.2766867,-20092.547,-30212.154,1.824e-05,0.13204342,1.0359375,24.357759,0.13018113,31.572626,-4205.5757,0.19934538,27.625576
-1.930902,0.036511324,0.054106604,3.2045705,-20106.963,-30233.707,1.8256e-05,0.13187079,1.048691,24.325916,0.13011394,31.538877,-4256.9595,0.20022583,27.595158
-1.9327607,0.036190122,0.053622525,3.1324351,-20121.254,-30255.066,1.8272e-05,0.13159104,1.061438,24.274309,0.13004592,31.504814,-4308.3169,0.1990753,27.564474
-1.934607,0.035868693,0.053138103,3.0602801,-20135.418,-30276.236,1.8288e-05,0.13122343,1.0741782,24.206497,0.12997709,31.47044,-4359.6475,0.19903256,27.533525
-1.9364408,0.035547033,0.05265335,2.9881063,-20149.453,-30297.215,1.8304e-05,0.13133286,1.0869117,24.226685,0.12990743,31.435753,-4410.9507,0.19926298,27.50231
-1.9382623,0.035225153,0.052168261,2.9159138,-20163.363,-30318.002,1.832e-05,0.13098298,1.0996382,24.162144,0.12983696,31.400755,-4462.2261,0.1981933,27.470831
-1.9400716,0.034903046,0.051682841,2.843703,-20177.145,-30338.596,1.8336e-05,0.13073173,1.1123577,24.115797,0.12976566,31.365444,-4513.4731,0.19818109,27.439087
-1.9418685,0.034580722,0.0511971,2.7714744,-20190.799,-30359,1.8352e-05,0.13048358,1.1250703,24.070021,0.12969354,31.329821,-4564.6924,0.1985641,27.40708
-1.9436532,0.034258179,0.050711032,2.699228,-20204.328,-30379.211,1.8368e-05,0.13040267,1.1377758,24.055094,0.12962061,31.293886,-4615.8828,0.19827113,27.374807
-1.9454257,0.033935416,0.050224643,2.6269643,-20217.727,-30399.232,1.8384e-05,0.12999883,1.1504741,23.9806,0.12954685,31.257641,-4667.0444,0.19821009,27.34227
-1.9471862,0.033612445,0.049737938,2.5546837,-20231,-30419.061,1.84e-05,0.1297946,1.1631651,23.942926,0.12947229,31.221085,-4718.1768,0.19790033,27.309471
-1.9489346,0.033289257,0.049250919,2.4823866,-20244.145,-30438.695,1.8416e-05,0.12970443,1.1758488,23.926292,0.12939689,31.184216,-4769.2793,0.19707938,27.276407
-1.950671,0.032965858,0.048763588,2.410073,-20257.162,-30458.139,1.8432e-05,0.12950869,1.1885251,23.890184,0.12932068,31.147036,-4820.3521,0.19771874,27.243082
-1.9523953,0.032642253,0.048275951,2.3377435,-20270.053,-30477.391,1.8448e-05,0.12961735,1.2011938,23.910229,0.12924366,31.109545,-4871.3945,0.19702139,27.209492
-1.9541079,0.032318443,0.047788009,2.2653987,-20282.814,-30496.449,1.8464e-05,0.12881431,1.2138549,23.762094,0.12916581,31.071743,-4922.4062,0.19718619,27.175642
-1.9558085,0.031994425,0.047299761,2.1930387,-20295.447,-30515.314,1.848e-05,0.12848139,1.2265084,23.70068,0.12908715,31.033632,-4973.3872,0.19664448,27.141529
-1.9574975,0.031670209,0.046811219,2.1206639,-20307.953,-30533.988,1.8496e-05,0.12897538,1.2391541,23.791807,0.12900768,30.995211,-5024.3369,0.19648427,27.107155
-1.9591746,0.031345788,0.046322379,2.0482748,-20320.33,-30552.469,1.8512e-05,0.12827562,1.2517921,23.662722,0.12892739,30.95648,-5075.2554,0.19669637,27.072519
-1.9608401,0.031021172,0.045833245,1.9758718,-20332.58,-30570.756,1.8528e-05,0.12858619,1.2644221,23.720015,0.12884629,30.917439,-5126.1416,0.19652241,27.037624
-1.962494,0.03069636,0.045343824,1.9034551,-20344.701,-30588.85,1.8544e-05,0.1277477,1.2770441,23.56534,0.12876438,30.87809,-5176.9956,0.19680929,27.002468
-1.9641362,0.030371355,0.044854116,1.8310255,-20356.695,-30606.75,1.856e-05,0.1277847,1.289658,23.572163,0.12868164,30.83843,-5227.8174,0.19593036,26.967052
-1.9657671,0.030046156,0.044364125,1.7585831,-20368.561,-30624.459,1.8576e-05,0.12762208,1.3022639,23.542168,0.12859809,30.798464,-5278.6064,0.19687338,26.931377
-1.9673865,0.029720768,0.043873854,1.6861285,-20380.297,-30641.973,1.8592e-05,0.12708417,1.3148614,23.442936,0.12851374,30.75819,-5329.3623,0.19652393,26.895445
-1.9689945,0.029395193,0.043383304,1.613662,-20391.904,-30659.293,1.8608e-05,0.1271304,1.3274506,23.451466,0.12842858,30.717609,-5380.0845,0.1958739,26.859253
-1.9705912,0.029069431,0.042892482,1.5411841,-20403.383,-30676.42,1.8624e-05,0.12699167,1.3400315,23.425877,0.1283426,30.676722,-5430.7729,0.19495529,26.822803
-1.9721766,0.028743487,0.042401388,1.4686953,-20414.732,-30693.354,1.864e-05,0.12673274,1.3526039,23.378111,0.12825581,30.635527,-5481.4272,0.19541918,26.786097
-1.9737506,0.028417358,0.041910026,1.3961959,-20425.955,-30710.094,1.8656e-05,0.12669112,1.3651679,23.370434,0.12816821,30.594027,-5532.0474,0.19531235,26.749134
-1.9753135,0.028091053,0.0414184,1.3236865,-20437.047,-30726.639,1.8672e-05,0.1261948,1.3777231,23.278879,0.1280798,30.552219,-5582.6323,0.1947737,26.711914
-1.9768653,0.027764568,0.040926512,1.2511675,-20448.012,-30742.99,1.8688e-05,0.12618402,1.3902696,23.27689,0.12799059,30.510111,-5633.1826,0.19461654,26.67444
-1.9784058,0.02743791,0.040434368,1.1786394,-20458.846,-30759.146,1.8704e-05,0.12559061,1.4028074,23.167423,0.12790056,30.467695,-5683.6973,0.19419996,26.636711
-1.9799354,0.027111078,0.039941963,1.1061026,-20469.553,-30775.109,1.872e-05,0.12551431,1.4153363,23.153349,0.12780972,30.424978,-5734.1763,0.19294259,26.598728
-1.9814539,0.026784074,0.039449312,1.0335577,-20480.129,-30790.879,1.8736e-05,0.12504575,1.4278562,23.066914,0.12771808,30.381958,-5784.6196,0.19437696,26.560492
-1.9829613,0.0264569,0.038956407,0.96100497,-20490.576,-30806.453,1.8752e-05,0.12493861,1.4403672,23.047153,0.12762563,30.338636,-5835.0264,0.19371624,26.522001
-1.9844577,0.026129561,0.038463257,0.88844508,-20500.895,-30821.832,1.8768e-05,0.12486617,1.4528691,23.033789,0.12753238,30.295012,-5885.396,0.19369182,26.483261
-1.9859431,0.025802055,0.037969865,0.81587839,-20511.084,-30837.018,1.8784e-05,0.12471127,1.4653617,23.005215,0.12743832,30.251087,-5935.7295,0.19363384,26.444267
-1.9874176,0.025474386,0.037476234,0.7433055,-20521.145,-30852.006,1.88e-05,0.12413403,1.4778451,22.898733,0.12734345,30.206863,-5986.0249,0.19357432,26.405024
-1.9888811,0.025146557,0.036982365,0.67072678,-20531.074,-30866.803,1.8816e-05,0.12414483,1.4903193,22.900724,0.12724778,30.16234,-6036.2832,0.1927778,26.36553
-1.9903336,0.024818569,0.036488261,0.5981428,-20540.875,-30881.402,1.8832e-05,0.12417411,1.5027839,22.906126,0.12715131,30.117517,-6086.5034,0.19329661,26.325787
-1.9917752,0.024490424,0.03599393,0.52555406,-20550.547,-30895.807,1.8848e-05,0.12415484,1.515239,22.902573,0.12705404,30.072399,-6136.6855,0.19227424,26.285795
-1.9932058,0.024162125,0.035499368,0.45296103,-20560.088,-30910.018,1.8864e-05,0.12319228,1.5276847,22.72501,0.12695594,30.026983,-6186.8291,0.19152501,26.245556
-1.9946253,0.023833672,0.035004586,0.38036421,-20569.5,-30924.031,1.888e-05,0.12337493,1.5401206,22.758703,0.12685707,29.981272,-6236.9336,0.19171117,26.20507
-1.996034,0.023505069,0.034509577,0.30776411,-20578.783,-30937.852,1.8896e-05,0.12280772,1.5525469,22.65407,0.12675738,29.935265,-6286.999,0.19161046,26.164337
-1.9974316,0.023176316,0.034014355,0.23516126,-20587.936,-30951.475,1.8912e-05,0.12267978,1.5649632,22.63047,0.1266569,29.888964,-6337.0244,0.19103061,26.12336
-1.9988183,0.02284742,0.033518918,0.16255616,-20596.957,-30964.902,1.8928e-05,0.12248712,1.5773697,22.594931,0.12655562,29.842369,-6387.0107,0.19175237,26.082138
-2.0001938,0.022518376,0.033023268,0.089949287,-20605.852,-30978.135,1.8944e-05,0.12194688,1.5897663,22.495274,0.12645353,29.795483,-6436.9565,0.19070406,26.040672
-2.0015583,0.022189192,0.032527406,0.017341193,-20614.613,-30991.172,1.896e-05,0.12150606,1.6021528,22.413956,0.12635066,29.748306,-6486.8618,0.19138005,25.998964
-2.0029118,0.021859866,0.032031342,-0.055267628,-20623.246,-31004.014,1.8976e-05,0.12150297,1.6145293,22.413387,0.12624697,29.700838,-6536.7266,0.1904645,25.957016
-2.0042539,0.021530403,0.031535078,-0.12787665,-20631.748,-31016.66,1.8992e-05,0.12103517,1.6268954,22.327093,0.12614249,29.653082,-6586.5503,0.19044007,25.914824
-2.005585,0.021200804,0.03103861,-0.20048538,-20640.121,-31029.109,1.9008e-05,0.12108373,1.6392514,22.33605,0.12603723,29.605038,-6636.332,0.19061708,25.872393
-2.0069046,0.020871071,0.030541949,-0.27309325,-20648.363,-31041.363,1.9024e-05,0.12049647,1.6515969,22.227722,0.12593114,29.556705,-6686.0728,0.18988159,25.829723
-2.008213,0.020541206,0.030045094,-0.34569982,-20656.477,-31053.42,1.904e-05,0.12053193,1.6639321,22.234261,0.12582429,29.508087,-6735.771,0.18914151,25.786816
-2.00951,0.020211212,0.029548049,-0.4183045,-20664.457,-31065.281,1.9056e-05,0.12012733,1.6762567,22.159624,0.12571663,29.459185,-6785.4272,0.1893933,25.743671
-2.0107958,0.019881088,0.029050818,-0.49090683,-20672.311,-31076.947,1.9072e-05,0.11983139,1.6885707,22.105034,0.12560816,29.409998,-6835.0405,0.18953368,25.700289
-2.0120699,0.019550841,0.028553404,-0.56350625,-20680.031,-31088.416,1.9088e-05,0.11982522,1.7008741,22.103897,0.12549892,29.360529,-6884.6108,0.18955809,25.656673
-2.0133324,0.01922047,0.028055809,-0.63610226,-20687.621,-31099.688,1.9104e-05,0.11952389,1.7131667,22.048311,0.12538888,29.31078,-6934.1382,0.18857998,25.612823
-2.0145833,0.018889977,0.027558036,-0.70869434,-20695.082,-31110.764,1.912e-05,0.11877017,1.7254486,21.909275,0.12527804,29.260748,-6983.6216,0.18847317,25.568739
-2.0158224,0.018559365,0.02706009,-0.78128195,-20702.412,-31121.645,1.9136e-05,0.11892508,1.7377195,21.937849,0.12516642,29.210438,-7033.061,0.18843348,25.524424
-2.01705,0.018228635,0.026561974,-0.85386461,-20709.611,-31132.326,1.9152e-05,0.11865843,1.7499794,21.88866,0.125054,29.159851,-7082.4565,0.18786432,25.479876
-2.0182655,0.017897788,0.026063688,-0.92644179,-20716.68,-31142.812,1.9168e-05,0.11853821,1.7622283,21.866484,0.12494079,29.108988,-7131.8076,0.1877102,25.435101
-2.019469,0.017566832,0.025565239,-0.99901295,-20723.617,-31153.102,1.9184e-05,0.11781301,1.774466,21.732708,0.1248268,29.057848,-7181.1133,0.18831447,25.390095
-2.0206606,0.017235762,0.025066627,-1.0715777,-20730.426,-31163.195,1.92e-05,0.11757102,1.7866926,21.688068,0.12471201,29.006435,-7230.374,0.1868511,25.34486
-2.0218401,0.016904585,0.024567857,-1.1441354,-20737.102,-31173.092,1.9216e-05,0.11760878,1.7989079,21.695034,0.12459645,28.95475,-7279.5898,0.18690145,25.2994
-2.0230074,0.016573299,0.024068933,-1.2166854,-20743.646,-31182.791,1.9232e-05,0.11745465,1.8111117,21.666601,0.12448008,28.902792,-7328.7593,0.18680075,25.253714
-2.0241625,0.01624191,0.023569856,-1.2892276,-20750.062,-31192.293,1.9248e-05,0.11704542,1.8233042,21.591112,0.12436294,28.850565,-7377.8828,0.1868389,25.207804
-2.0253053,0.015910417,0.02307063,-1.3617611,-20756.346,-31201.598,1.9264e-05,0.11612139,1.8354851,21.420658,0.12424501,28.798071,-7426.96,0.18630025,25.161671
-2.0264354,0.015578825,0.022571258,-1.4342856,-20762.498,-31210.705,1.928e-05,0.11668243,1.8476545,21.524153,0.12412629,28.745308,-7475.9902,0.18609881,25.115314
-2.0275531,0.015247134,0.022071745,-1.5068007,-20768.521,-31219.615,1.9296e-05,0.11604895,1.8598121,21.407295,0.12400679,28.69228,-7524.9736,0.186404,25.068739
-2.0286582,0.014915347,0.021572093,-1.5793056,-20774.412,-31228.33,1.9312e-05,0.11585705,1.871958,21.371897,0.12388651,28.638987,-7573.9097,0.18556474,25.021942
-2.0297506,0.014583465,0.021072302,-1.6518,-20780.172,-31236.846,1.9328e-05,0.11583547,1.8840921,21.367916,0.12376545,28.585432,-7622.7979,0.1865093,24.974926
-2.0308301,0.014251491,0.020572379,-1.7242835,-20785.801,-31245.166,1.9344e-05,0.1152698,1.8962144,21.263567,0.1236436,28.531616,-7671.6382,0.18470107,24.927694
-2.0318971,0.013919426,0.020072328,-1.7967553,-20791.299,-31253.287,1.936e-05,0.11461087,1.9083246,21.142017,0.12352097,28.477539,-7720.4307,0.1844615,24.880245
-2.0329509,0.013587275,0.019572148,-1.8692153,-20796.666,-31261.211,1.9376e-05,0.11424943,1.9204227,21.075342,0.12339757,28.423204,-7769.1743,0.18434401,24.832582
-2.0339918,0.013255036,0.019071845,-1.9416627,-20801.902,-31268.938,1.9392e-05,0.11451223,1.9325087,21.123819,0.12327337,28.368612,-7817.8687,0.18402813,24.784704
-2.0350199,0.012922715,0.018571422,-2.0140972,-20807.006,-31276.467,1.9408e-05,0.11411534,1.9445826,21.050606,0.12314841,28.313766,-7866.5146,0.18397778,24.736614
-2.0360346,0.012590311,0.01807088,-2.0865183,-20811.98,-31283.799,1.9424e-05,0.11366526,1.9566442,20.967583,0.12302267,28.258665,-7915.1104,0.18422346,24.688314
-2.0370359,0.012257829,0.017570226,-2.1589253,-20816.822,-31290.934,1.944e-05,0.11343715,1.9686933,20.925503,0.12289614,28.203314,-7963.6567,0.18389843,24.639803
-2.0380244,0.011925269,0.017069459,-2.2313182,-20821.533,-31297.869,1.9456e-05,0.11311346,1.9807301,20.865793,0.12276884,28.147709,-8012.1528,0.18329264,24.591084
-2.0389993,0.011592633,0.016568586,-2.3036962,-20826.111,-31304.607,1.9472e-05,0.11276975,1.9927543,20.802387,0.12264077,28.091858,-8060.5986,0.18305765,24.542156
-2.0399609,0.011259924,0.016067607,-2.3760588,-20830.561,-31311.148,1.9488e-05,0.11290616,2.004766,20.827551,0.12251192,28.035759,-8108.9937,0.18260445,24.493023
-2.0409091,0.010927144,0.015566528,-2.4484057,-20834.877,-31317.492,1.9504e-05,0.11227343,2.0167649,20.710835,0.1223823,27.979414,-8157.3379,0.18198493,24.443686
-2.0418437,0.010594294,0.01506535,-2.5207367,-20839.062,-31323.639,1.952e-05,0.11181412,2.0287511,20.626104,0.12225191,27.922825,-8205.6309,0.18186742,24.394146
-2.0427649,0.010261378,0.014564076,-2.593051,-20843.115,-31329.586,1.9536e-05,0.11168002,2.0407245,20.601368,0.12212074,27.865993,-8253.8711,0.18184453,24.344402
-2.0436726,0.0099283969,0.01406271,-2.6653481,-20847.037,-31335.336,1.9552e-05,0.11127696,2.052685,20.527018,0.1219888,27.808922,-8302.0605,0.18156224,24.294458
-2.0445664,0.0095953541,0.013561256,-2.737628,-20850.828,-31340.887,1.9568e-05,0.11091937,2.0646327,20.461054,0.12185609,27.751612,-8350.1973,0.18089846,24.244316
-2.0454469,0.0092622489,0.013059717,-2.8098898,-20854.488,-31346.24,1.9584e-05,0.11068046,2.0765672,20.416983,0.12172261,27.694065,-8398.2822,0.18136387,24.193975
-2.0463135,0.0089290859,0.012558094,-2.8821332,-20858.016,-31351.396,1.96e-05,0.11024889,2.0884886,20.33737,0.12158836,27.636282,-8446.3135,0.1803354,24.143438
-2.0471663,0.0085958662,0.012056393,-2.9543581,-20861.412,-31356.355,1.9616e-05,0.11023656,2.1003969,20.335096,0.12145334,27.578264,-8494.292,0.17995392,24.092705
-2.0480056,0.0082625933,0.011554615,-3.0265639,-20864.676,-31361.113,1.9632e-05,0.11004003,2.1122918,20.298843,0.12131756,27.520016,-8542.2168,0.18036592,24.041779
-2.048831,0.0079292664,0.011052764,-3.0987501,-20867.811,-31365.676,1.9648e-05,0.10920463,2.1241734,20.144739,0.12118101,27.461538,-8590.0879,0.18007752,23.990662
-2.0496426,0.0075958907,0.010550843,-3.1709163,-20870.811,-31370.039,1.9664e-05,0.10897882,2.1360416,20.103085,0.1210437,27.402832,-8637.9043,0.17987305,23.939352
-2.0504403,0.007262466,0.010048856,-3.2430625,-20873.682,-31374.205,1.968e-05,0.1087376,2.1478963,20.058588,0.12090562,27.343899,-8685.667,0.17920774,23.887852
-2.0512245,0.0069289962,0.0095468052,-3.3151879,-20876.42,-31378.172,1.9696e-05,0.10859734,2.1597376,20.032713,0.12076677,27.28474,-8733.375,0.17908414,23.836164
-2.0519946,0.0065954817,0.0090446938,-3.3872921,-20879.025,-31381.941,1.9712e-05,0.10806866,2.1715651,19.93519,0.12062716,27.225359,-8781.0283,0.17884152,23.78429
-2.0527508,0.0062619266,0.0085425256,-3.4593751,-20881.5,-31385.512,1.9728e-05,0.10775808,2.1833787,19.877897,0.1204868,27.165758,-8828.626,0.17836085,23.732231
-2.0534933,0.0059283306,0.0080403034,-3.5314364,-20883.844,-31388.885,1.9744e-05,0.10742901,2.1951787,19.817194,0.12034567,27.105938,-8876.1689,0.17775811,23.679989
-2.0542221,0.0055946982,0.0075380304,-3.6034756,-20886.055,-31392.059,1.976e-05,0.10727179,2.2069647,19.788193,0.12020378,27.0459,-8923.6553,0.17752159,23.627563
-2.0549369,0.0052610296,0.0070357099,-3.6754923,-20888.135,-31395.033,1.9776e-05,0.10679783,2.2187371,19.700762,0.12006112,26.985647,-8971.085,0.17831507,23.574959
-2.0556376,0.0049273288,0.0065333452,-3.7474861,-20890.082,-31397.812,1.9792e-05,0.10657279,2.2304952,19.65925,0.11991772,26.92518,-9018.459,0.17740715,23.522173
-2.0563247,0.0045935959,0.0060309386,-3.8194571,-20891.898,-31400.391,1.9808e-05,0.10633235,2.2422392,19.614895,0.11977355,26.864502,-9065.7754,0.17647023,23.46921
-2.056998,0.0042598345,0.0055284943,-3.8914044,-20893.584,-31402.771,1.9824e-05,0.10552699,2.2539692,19.466333,0.11962863,26.803616,-9113.0361,0.17695548,23.416071
-2.0576575,0.0039260453,0.005026015,-3.9633281,-20895.137,-31404.955,1.984e-05,0.10551698,2.2656848,19.464485,0.11948295,26.742519,-9160.2383,0.17611316,23.362757
-2.0583029,0.0035922322,0.0045235041,-4.0352278,-20896.557,-31406.939,1.9856e-05,0.10491354,2.2773862,19.35317,0.11933652,26.681219,-9207.3828,0.17584002,23.309269
-2.0589347,0.0032583957,0.0040209643,-4.1071033,-20897.846,-31408.725,1.9872e-05,0.1046492,2.2890732,19.304409,0.11918933,26.619713,-9254.4697,0.17610247,23.255608
-2.0595527,0.0029245394,0.0035183995,-4.1789541,-20899.004,-31410.312,1.9888e-05,0.10449507,2.3007457,19.275976,0.11904139,26.558006,-9301.499,0.17602466,23.201778
-2.0601568,0.0025906635,0.0030158123,-4.2507801,-20900.029,-31411.701,1.9904e-05,0.10434093,2.3124037,19.247543,0.1188927,26.496101,-9348.4688,0.1755272,23.147779
-2.0607474,0.002256772,0.0025132061,-4.3225813,-20900.922,-31412.893,1.992e-05,0.10398565,2.3240471,19.182007,0.11874326,26.433996,-9395.3799,0.17513199,23.093613
-2.0613241,0.0019228655,0.0020105839,-4.3943567,-20901.684,-31413.885,1.9936e-05,0.10354098,2.3356757,19.099977,0.11859307,26.371696,-9442.2324,0.17437971,23.039282
-2.061887,0.0015889477,0.001507949,-4.4661064,-20902.314,-31414.678,1.9952e-05,0.10305392,2.3472896,19.01013,0.11844213,26.309202,-9489.0244,0.17433088,22.984785
-2.0624363,0.0012550189,0.0010053046,-4.5378308,-20902.812,-31415.273,1.9968e-05,0.10291674,2.3588889,18.984825,0.11829044,26.246515,-9535.7578,0.17448805,22.930126
-2.0629718,0.00092108303,0.00050265389,-4.6095285,-20903.18,-31415.67,1.9984e-05,0.10223161,2.3704729,18.858442,0.118138,26.18364,-9582.4307,0.17415388,22.875305
-2.0634937,0.00058714033,2.4502969e-17,-4.6812005,-20903.414,-31415.869,2e-05,0.10213759,2.3820422,18.841097,0.11798482,26.120577,-9629.043,0.17343059,22.820326
-2.064002,0.00025319486,-0.00050265389,-4.7528458,-20903.516,-31415.869,2.0016e-05,0.10193413,2.3935964,18.803566,0.11783089,26.057325,-9675.5957,0.1731132,22.765188
-2.0644968,-8.0753234e-05,-0.0010053046,-4.8244638,-20903.486,-31415.67,2.0032e-05,0.10168598,2.4051356,18.75779,0.11767621,25.993893,-9722.0859,0.17405011,22.709892
-2.0649779,-0.0004146999,-0.001507949,-4.8960557,-20903.326,-31415.273,2.0048e-05,0.10123745,2.4166594,18.675051,0.11752079,25.930277,-9768.5156,0.1727134,22.654444
-2.0654454,-0.00074864493,-0.0020105839,-4.9676199,-20903.033,-31414.678,2.0064e-05,0.10082052,2.4281681,18.598141,0.11736464,25.866482,-9814.8848,0.17282937,22.598841
-2.0658996,-0.0010825844,-0.0025132061,-5.0391574,-20902.607,-31413.885,2.008e-05,0.10043518,2.4396613,18.527058,0.11720774,25.802509,-9861.1914,0.17196265,22.543085
-2.06634,-0.0014165179,-0.0030158123,-5.1106672,-20902.053,-31412.893,2.0096e-05,0.099945806,2.4511392,18.436785,0.1170501,25.738359,-9907.4355,0.17207098,22.487179
-2.066767,-0.0017504416,-0.0035183995,-5.1821494,-20901.363,-31411.701,2.0112e-05,0.099938102,2.4626017,18.435362,0.11689172,25.674038,-9953.6172,0.17161016,22.431126
-2.0671806,-0.0020843553,-0.0040209643,-5.2536039,-20900.543,-31410.312,2.0128e-05,0.099599779,2.4740484,18.372953,0.1167326,25.609545,-9999.7363,0.17200232,22.374924
-2.0675809,-0.002418255,-0.0045235041,-5.3250308,-20899.592,-31408.725,2.0144e-05,0.098957039,2.4854796,18.254389,0.11657275,25.54488,-10045.793,0.17084262,22.318577
-2.0679677,-0.0027521402,-0.005026015,-5.3964295,-20898.508,-31406.939,2.016e-05,0.099028707,2.4968951,18.267609,0.11641215,25.480049,-10091.786,0.1704291,22.262087
-2.068341,-0.0030860072,-0.0055284943,-5.4678006,-20897.291,-31404.955,2.0176e-05,0.098369785,2.5082948,18.146059,0.11625082,25.415052,-10137.716,0.17117222,22.205452
-2.068701,-0.0034198558,-0.0060309386,-5.5391431,-20895.945,-31402.773,2.0192e-05,0.0982434,2.5196786,18.122744,0.11608876,25.349894,-10183.582,0.17066409,22.148678
-2.0690477,-0.0037536819,-0.0065333452,-5.6104574,-20894.465,-31400.393,2.0208e-05,0.097750939,2.5310466,18.031902,0.11592597,25.284573,-10229.384,0.1695288,22.091764
-2.069381,-0.0040874854,-0.0070357099,-5.6817436,-20892.854,-31397.812,2.0224e-05,0.097187579,2.5423987,17.92798,0.11576243,25.219091,-10275.121,0.16931058,22.034712
-2.0697012,-0.0044212616,-0.0075380304,-5.7530012,-20891.111,-31395.035,2.024e-05,0.097058877,2.5537345,17.90424,0.11559818,25.153454,-10320.793,0.1685461,21.977524
-2.070008,-0.0047550113,-0.0080403034,-5.8242302,-20889.236,-31392.059,2.0256e-05,0.09672749,2.5650544,17.843109,0.11543319,25.087662,-10366.4,0.16877651,21.920202
-2.0703015,-0.0050887302,-0.0085425256,-5.895431,-20887.23,-31388.885,2.0272e-05,0.096265092,2.5763578,17.757811,0.11526747,25.021717,-10411.943,0.16835994,21.862747
-2.0705819,-0.0054224175,-0.0090446938,-5.9666033,-20885.092,-31385.514,2.0288e-05,0.096131764,2.5876453,17.733215,0.11510102,24.95562,-10457.42,0.16777551,21.805161
-2.0708492,-0.0057560699,-0.0095468052,-6.0377469,-20882.822,-31381.941,2.0304e-05,0.095632367,2.5989163,17.641094,0.11493385,24.889376,-10502.83,0.16759087,21.747442
-2.0711031,-0.0060896873,-0.010048856,-6.1088619,-20880.422,-31378.174,2.032e-05,0.094860926,2.6101708,17.498789,0.11476595,24.822983,-10548.175,0.16745201,21.689598
-2.0713439,-0.0064232647,-0.010550843,-6.1799483,-20877.889,-31374.207,2.0336e-05,0.094860926,2.6214089,17.498789,0.11459733,24.756447,-10593.453,0.16679586,21.631626
-2.0715716,-0.006756803,-0.011052764,-6.2510061,-20875.223,-31370.041,2.0352e-05,0.094228208,2.6326303,17.382072,0.11442798,24.689768,-10638.665,0.16642658,21.573528
-2.0717862,-0.0070902975,-0.011554615,-6.3220353,-20872.426,-31365.678,2.0368e-05,0.093973115,2.6438353,17.335016,0.11425791,24.622948,-10683.81,0.16642658,21.515306
-2.0719876,-0.0074237483,-0.012056393,-6.3930359,-20869.498,-31361.115,2.0384e-05,0.093583934,2.6550233,17.263224,0.11408711,24.55599,-10728.887,0.16586962,21.456964
-2.072176,-0.007757151,-0.012558094,-6.4640083,-20866.439,-31356.355,2.04e-05,0.093330383,2.6661949,17.216452,0.1139156,24.488895,-10773.896,0.16558734,21.3985
-2.0723512,-0.0080905063,-0.013059717,-6.5349522,-20863.248,-31351.398,2.0416e-05,0.093128465,2.6773493,17.179203,0.11374336,24.421667,-10818.839,0.16507919,21.339918
-2.0725133,-0.008423809,-0.013561256,-6.6058674,-20859.924,-31346.242,2.0432e-05,0.092820965,2.6884871,17.12248,0.11357041,24.354305,-10863.712,0.1654027,21.281219
-2.0726624,-0.0087570595,-0.01406271,-6.6767545,-20856.471,-31340.889,2.0448e-05,0.092451043,2.6996076,17.054241,0.11339675,24.286814,-10908.518,0.16439253,21.222404
-2.0727985,-0.0090902541,-0.014564076,-6.7476134,-20852.883,-31335.338,2.0464e-05,0.091782875,2.7107112,16.930986,0.11322236,24.219194,-10953.254,0.16401105,21.163473
-2.0729215,-0.0094233928,-0.01506535,-6.8184443,-20849.166,-31329.588,2.048e-05,0.091486938,2.7217979,16.876396,0.11304726,24.151449,-10997.922,0.1636143,21.104431
-2.0730314,-0.0097564701,-0.015566528,-6.8892469,-20845.316,-31323.641,2.0496e-05,0.091302752,2.7328672,16.842419,0.11287145,24.08358,-11042.52,0.16429487,21.045279
-2.0731285,-0.010089487,-0.016067607,-6.9600215,-20841.336,-31317.494,2.0512e-05,0.090790257,2.7439191,16.747879,0.11269491,24.015589,-11087.049,0.16417126,20.986015
-2.0732124,-0.010422439,-0.016568586,-7.0307684,-20837.225,-31311.152,2.0528e-05,0.090287007,2.7549539,16.655046,0.11251768,23.947477,-11131.508,0.16353801,20.926643
-2.0732832,-0.010755327,-0.017069459,-7.1014876,-20832.98,-31304.611,2.0544e-05,0.090181425,2.7659712,16.635571,0.11233973,23.879248,-11175.896,0.16237983,20.867167
-2.0733411,-0.011088146,-0.017570226,-7.1721797,-20828.605,-31297.873,2.056e-05,0.089855433,2.7769711,16.575436,0.11216106,23.810902,-11220.215,0.1631901,20.807583
-2.0733862,-0.011420895,-0.01807088,-7.2428436,-20824.1,-31290.936,2.0576e-05,0.089123294,2.7879534,16.44038,0.1119817,23.742443,-11264.463,0.16239204,20.747896
-2.0734179,-0.011753572,-0.018571422,-7.3134809,-20819.463,-31283.801,2.0592e-05,0.088718697,2.798918,16.365744,0.11180162,23.673872,-11308.64,0.16180456,20.688108
-2.073437,-0.012086175,-0.019071845,-7.3840909,-20814.693,-31276.471,2.0608e-05,0.088293284,2.809865,16.28727,0.11162084,23.605192,-11352.745,0.16142461,20.628222
-2.0734429,-0.012418701,-0.019572148,-7.4546742,-20809.793,-31268.941,2.0624e-05,0.088227779,2.8207943,16.275185,0.11143935,23.536404,-11396.779,0.16105533,20.568233
-2.0734358,-0.01275115,-0.020072328,-7.5252309,-20804.762,-31261.215,2.064e-05,0.087811619,2.8317058,16.198416,0.11125716,23.467508,-11440.741,0.16107516,20.508148
-2.0734158,-0.013083518,-0.020572379,-7.5957608,-20799.6,-31253.289,2.0656e-05,0.087508745,2.8425992,16.142546,0.11107426,23.39851,-11484.632,0.16074862,20.447968
-2.0733826,-0.013415803,-0.021072302,-7.6662645,-20794.307,-31245.168,2.0672e-05,0.087104142,2.8534749,16.067911,0.11089066,23.329411,-11528.449,0.16044648,20.387693
-2.0733366,-0.013748003,-0.021572093,-7.7367425,-20788.881,-31236.85,2.0688e-05,0.086997017,2.8643324,16.048149,0.11070637,23.260212,-11572.194,0.16003144,20.327326
-2.0732775,-0.014080117,-0.022071745,-7.8071947,-20783.326,-31228.334,2.0704e-05,0.086227894,2.8751719,15.90627,0.11052137,23.190914,-11615.867,0.16040529,20.266867
-2.0732055,-0.014412141,-0.022571258,-7.8776212,-20777.639,-31219.619,2.072e-05,0.085789382,2.8859932,15.825379,0.11033568,23.121521,-11659.466,0.15904722,20.206318
-2.0731204,-0.014744075,-0.02307063,-7.9480224,-20771.82,-31210.709,2.0736e-05,0.085535832,2.8967962,15.778607,0.11014929,23.052032,-11702.992,0.15897244,20.145681
-2.0730224,-0.015075915,-0.023569856,-8.0183992,-20765.871,-31201.602,2.0752e-05,0.08563602,2.9075811,15.797089,0.1099622,22.982454,-11746.444,0.15821101,20.084957
-2.0729113,-0.015407662,-0.024068933,-8.0887499,-20759.791,-31192.297,2.0768e-05,0.084795214,2.9183476,15.641988,0.10977442,22.912785,-11789.822,0.15710472,20.024147
-2.0727873,-0.015739309,-0.024567857,-8.1590776,-20753.58,-31182.795,2.0784e-05,0.084377512,2.9290955,15.564935,0.10958594,22.843027,-11833.126,0.15773492,19.963255
-2.0726502,-0.016070858,-0.025066627,-8.2293806,-20747.238,-31173.096,2.08e-05,0.084550917,2.9398251,15.596922,0.10939678,22.773184,-11876.354,0.1580462,19.902279
-2.0725002,-0.016402306,-0.025565239,-8.2996597,-20740.764,-31163.199,2.0816e-05,0.083645381,2.9505358,15.429879,0.10920691,22.703257,-11919.509,0.15710776,19.841221
-2.0723372,-0.01673365,-0.026063688,-8.369915,-20734.162,-31153.107,2.0832e-05,0.083596826,2.9612281,15.420923,0.10901637,22.633245,-11962.589,0.15695517,19.780085
-2.072161,-0.017064888,-0.026561974,-8.4401474,-20727.426,-31142.816,2.0848e-05,0.082957938,2.9719017,15.303069,0.10882513,22.563154,-12005.593,0.15696128,19.71887
-2.0719719,-0.017396018,-0.02706009,-8.5103569,-20720.562,-31132.33,2.0864e-05,0.082614221,2.9825566,15.239665,0.10863321,22.492985,-12048.521,0.15708946,19.657578
-2.0717697,-0.017727038,-0.027558036,-8.5805445,-20713.566,-31121.648,2.088e-05,0.082384564,2.9931924,15.1973,0.10844059,22.422739,-12091.373,0.15624866,19.59621
-2.0715544,-0.018057948,-0.028055809,-8.6507092,-20706.439,-31110.768,2.0896e-05,0.081926011,3.0038095,15.112713,0.1082473,22.352417,-12134.149,0.15619831,19.534771
-2.0713263,-0.018388741,-0.028553404,-8.7208519,-20699.182,-31099.693,2.0912e-05,0.081122205,3.0144076,14.964436,0.10805332,22.282024,-12176.849,0.15582141,19.473257
-2.071085,-0.01871942,-0.029050818,-8.7909737,-20691.795,-31088.42,2.0928e-05,0.081148408,3.0249867,14.969269,0.10785866,22.211557,-12219.472,0.15492415,19.411673
-2.0708306,-0.01904998,-0.029548049,-8.8610744,-20684.277,-31076.951,2.0944e-05,0.08019124,3.0355465,14.792702,0.10766332,22.141024,-12262.019,0.15415815,19.350018
-2.0705633,-0.01938042,-0.030045094,-8.9311543,-20676.629,-31065.287,2.096e-05,0.080598153,3.0460873,14.867764,0.10746729,22.070421,-12304.487,0.15438245,19.288296
-2.0702827,-0.019710738,-0.030541949,-9.001214,-20668.85,-31053.426,2.0976e-05,0.080064848,3.0566089,14.769387,0.10727059,21.999752,-12346.878,0.15401165,19.226505
-2.0699894,-0.020040931,-0.03103861,-9.0712538,-20660.939,-31041.367,2.0992e-05,0.079412863,3.067111,14.649117,0.10707321,21.92902,-12389.191,0.15325785,19.16465
-2.0696828,-0.020370997,-0.031535078,-9.1412745,-20652.9,-31029.113,2.1008e-05,0.079212487,3.0775938,14.612154,0.10687515,21.858225,-12431.427,0.15337382,19.102732
-2.0693631,-0.020700937,-0.032031342,-9.2112751,-20644.73,-31016.664,2.1024e-05,0.079147749,3.0880573,14.600212,0.10667642,21.787369,-12473.584,0.15344706,19.040749
-2.0690305,-0.021030743,-0.032527406,-9.2812586,-20636.43,-31004.02,2.104e-05,0.078672245,3.0985012,14.512497,0.10647701,21.716455,-12515.663,0.15283364,18.978704
-2.0686848,-0.021360418,-0.033023268,-9.351223,-20628,-30991.178,2.1056e-05,0.078070357,3.1089256,14.401467,0.10627694,21.645483,-12557.662,0.15235451,18.916599
-2.068326,-0.021689957,-0.033518918,-9.4211693,-20619.439,-30978.141,2.1072e-05,0.078104265,3.1193302,14.407722,0.10607619,21.574457,-12599.583,0.15197302,18.854437
-2.0679541,-0.02201936,-0.034014355,-9.4910994,-20610.75,-30964.908,2.1088e-05,0.0773151,3.1297152,14.262147,0.10587477,21.503376,-12641.424,0.15180516,18.792215
-2.067569,-0.022348624,-0.034509577,-9.5610123,-20601.93,-30951.48,2.1104e-05,0.077008374,3.1400805,14.205565,0.10567268,21.432243,-12683.186,0.15146641,18.729939
-2.0671711,-0.022677746,-0.035004586,-9.630908,-20592.979,-30937.855,2.112e-05,0.076139055,3.1504257,14.045205,0.10546992,21.361061,-12724.867,0.15088962,18.667604
-2.0667598,-0.023006724,-0.035499368,-9.7007885,-20583.898,-30924.037,2.1136e-05,0.076129809,3.1607511,14.043499,0.1052665,21.289829,-12766.469,0.15046693,18.605219
-2.0663357,-0.023335559,-0.03599393,-9.7706537,-20574.689,-30910.023,2.1152e-05,0.075897068,3.1710567,14.000566,0.10506241,21.21855,-12807.989,0.15046541,18.54278
-2.0658984,-0.023664245,-0.036488261,-9.8405046,-20565.35,-30895.812,2.1168e-05,0.075651221,3.1813421,13.955215,0.10485766,21.147226,-12849.43,0.1504471,18.480289
-2.065448,-0.023992784,-0.036982365,-9.9103403,-20555.879,-30881.408,2.1184e-05,0.074964561,3.1916075,13.828547,0.10465225,21.075859,-12890.789,0.14933316,18.417749
-2.0649846,-0.024321169,-0.037476234,-9.9801626,-20546.279,-30866.809,2.12e-05,0.074718714,3.2018528,13.783197,0.10444617,21.004448,-12932.067,0.14960784,18.35516
-2.0645082,-0.024649402,-0.037969865,-10.049971,-20536.553,-30852.014,2.1216e-05,0.074812733,3.2120779,13.800542,0.10423944,20.932997,-12973.264,0.14900662,18.292522
-2.0640185,-0.024977477,-0.038463257,-10.119766,-20526.693,-30837.023,2.1232e-05,0.073875599,3.2222824,13.62767,0.10403205,20.861506,-13014.379,0.14874263,18.229839
-2.0635159,-0.025305396,-0.038956407,-10.189549,-20516.705,-30821.838,2.1248e-05,0.073341526,3.2324667,13.529151,0.103824,20.789978,-13055.411,0.14750206,18.16711
-2.063,-0.025633154,-0.039449312,-10.259321,-20506.588,-30806.459,2.1264e-05,0.073027864,3.2426307,13.471291,0.10361529,20.718414,-13096.362,0.14763328,18.10434
-2.0624712,-0.025960753,-0.039941963,-10.329082,-20496.342,-30790.885,2.128e-05,0.072800517,3.2527742,13.429352,0.10340593,20.646814,-13137.23,0.14788353,18.041523
-2.0619292,-0.026288185,-0.040434368,-10.398831,-20485.967,-30775.117,2.1296e-05,0.072632514,3.262897,13.39836,0.10319592,20.575182,-13178.016,0.14637898,17.978666
-2.0613744,-0.026615452,-0.040926512,-10.468571,-20475.463,-30759.154,2.1312e-05,0.072130032,3.2729993,13.30567,0.10298526,20.503519,-13218.718,0.14632709,17.91577
-2.0608063,-0.026942551,-0.0414184,-10.5383,-20464.828,-30742.996,2.1328e-05,0.071540475,3.2830811,13.196915,0.10277393,20.431826,-13259.336,0.14668263,17.852833
-2.0602252,-0.027269481,-0.041910026,-10.608021,-20454.064,-30726.645,2.1344e-05,0.071458779,3.2931418,13.181845,0.10256197,20.360102,-13299.872,0.14719687,17.789858
-2.0596311,-0.027596237,-0.042401388,-10.677732,-20443.172,-30710.1,2.136e-05,0.07105726,3.3031819,13.107778,0.10234936,20.288351,-13340.323,0.14576861,17.726845
-2.0590239,-0.02792282,-0.042892482,-10.747437,-20432.152,-30693.361,2.1376e-05,0.070217237,3.3132012,12.952819,0.1021361,20.216576,-13380.69,0.14568315,17.663797
-2.0584037,-0.028249225,-0.043383304,-10.817133,-20421.002,-30676.428,2.1392e-05,0.069993742,3.3231995,12.911592,0.10192219,20.144775,-13420.974,0.14512619,17.600714
-2.0577703,-0.028575454,-0.043873854,-10.886823,-20409.723,-30659.301,2.1408e-05,0.069638461,3.3331766,12.846054,0.10170764,20.07295,-13461.173,0.14483017,17.537596
-2.0571239,-0.028901501,-0.044364125,-10.956506,-20398.316,-30641.98,2.1424e-05,0.069356397,3.343133,12.794023,0.10149245,20.001104,-13501.286,0.14495835,17.474447
-2.0564647,-0.029227367,-0.044854116,-11.026183,-20386.779,-30624.465,2.144e-05,0.068741404,3.3530681,12.680575,0.10127662,19.929237,-13541.315,0.14426862,17.411264
-2.0557923,-0.029553045,-0.045343824,-11.095856,-20375.115,-30606.758,2.1456e-05,0.068460874,3.362982,12.628828,0.10106014,19.857351,-13581.259,0.1438612,17.348053
-2.0551069,-0.02987854,-0.045833245,-11.165524,-20363.322,-30588.857,2.1472e-05,0.068292104,3.3728747,12.597694,0.10084303,19.785446,-13621.116,0.14355601,17.284811
-2.0544086,-0.030203843,-0.046322379,-11.235188,-20351.4,-30570.764,2.1488e-05,0.067676336,3.3827462,12.484105,0.10062529,19.713526,-13660.888,0.14227119,17.22154
-2.0536971,-0.030528959,-0.046811219,-11.304849,-20339.352,-30552.477,2.1504e-05,0.067157678,3.3925962,12.38843,0.10040691,19.641588,-13700.574,0.14280678,17.158243
-2.0529728,-0.030853879,-0.047299761,-11.374507,-20327.172,-30533.996,2.152e-05,0.066909522,3.4024248,12.342652,0.10018789,19.569637,-13740.174,0.14264962,17.094919
-2.0522354,-0.031178607,-0.047788009,-11.444162,-20314.865,-30515.322,2.1536e-05,0.06613037,3.4122319,12.198925,0.09996824,19.497673,-13779.687,0.14178899,17.031569
-2.0514851,-0.031503137,-0.048275951,-11.513817,-20302.432,-30496.457,2.1552e-05,0.06618201,3.4220173,12.20845,0.099747956,19.425697,-13819.112,0.14199194,16.968193
-2.0507216,-0.031827468,-0.048763588,-11.58347,-20289.869,-30477.398,2.1568e-05,0.065832898,3.4317813,12.14405,0.099527046,19.35371,-13858.451,0.14173406,16.904795
-2.0499454,-0.032151595,-0.049250919,-11.653123,-20277.178,-30458.146,2.1584e-05,0.065484554,3.4415236,12.079792,0.099305503,19.281713,-13897.703,0.14078799,16.841373
-2.0491562,-0.032475524,-0.049737938,-11.722776,-20264.359,-30438.703,2.16e-05,0.065153934,3.4512441,12.018804,0.099083334,19.209707,-13936.867,0.14133884,16.777931
-2.0483539,-0.032799244,-0.050224643,-11.792431,-20251.414,-30419.068,2.1616e-05,0.064790949,3.4609427,11.951844,0.098860539,19.137695,-13975.943,0.14067964,16.714468
-2.0475388,-0.033122759,-0.050711032,-11.862086,-20238.34,-30399.24,2.1632e-05,0.06442257,3.4706197,11.88389,0.098637119,19.065676,-14014.932,0.14038056,16.650984
-2.0467107,-0.033446062,-0.0511971,-11.931744,-20225.139,-30379.221,2.1648e-05,0.063850731,3.4802747,11.778405,0.09841308,18.99365,-14053.831,0.1403241,16.587481
-2.0458698,-0.033769157,-0.051682841,-12.001404,-20211.811,-30359.008,2.1664e-05,0.063577145,3.4899075,11.727937,0.098188415,18.921623,-14092.643,0.14022645,16.52396
-2.0450161,-0.034092039,-0.052168261,-12.071068,-20198.354,-30338.605,2.168e-05,0.063160986,3.4995184,11.651169,0.097963132,18.84959,-14131.365,0.13837245,16.460421
-2.0441492,-0.034414705,-0.05265335,-12.140736,-20184.77,-30318.01,2.1696e-05,0.062586062,3.5091074,11.545115,0.09773723,18.777557,-14169.998,0.13901182,16.396866
-2.0432696,-0.034737151,-0.053138103,-12.210407,-20171.057,-30297.223,2.1712e-05,0.0621306,3.5186739,11.461096,0.09751071,18.705521,-14208.542,0.13873105,16.333296
-2.0423772,-0.035059381,-0.053622525,-12.280085,-20157.219,-30276.244,2.1728e-05,0.061601151,3.5282183,11.363429,0.097283572,18.633486,-14246.997,0.13772851,16.269711
-2.0414717,-0.035381388,-0.054106604,-12.349768,-20143.254,-30255.076,2.1744e-05,0.061602689,3.5377405,11.363713,0.097055823,18.561451,-14285.361,0.13757133,16.206112
-2.0405536,-0.035703171,-0.054590344,-12.419457,-20129.16,-30233.715,2.176e-05,0.061282862,3.5472403,11.304715,0.096827462,18.489418,-14323.636,0.13690756,16.1425
-2.0396225,-0.036024731,-0.055073738,-12.489154,-20114.941,-30212.164,2.1776e-05,0.060885198,3.5567176,11.231359,0.096598484,18.417387,-14361.82,0.13715324,16.078875
-2.0386786,-0.036346059,-0.055556785,-12.558858,-20100.596,-30190.422,2.1792e-05,0.060310278,3.5661724,11.125305,0.096368901,18.34536,-14399.914,0.13657643,16.01524
-2.0377219,-0.036667161,-0.056039482,-12.628571,-20086.121,-30168.488,2.1808e-05,0.060194679,3.5756049,11.10398,0.096138708,18.273336,-14437.917,0.13611256,15.951591
-2.0367522,-0.036988031,-0.056521822,-12.698292,-20071.521,-30146.365,2.1824e-05,0.059592783,3.5850146,10.99295,0.095907904,18.201317,-14475.829,0.13686483,15.887935
-2.0357699,-0.037308667,-0.057003807,-12.768023,-20056.795,-30124.051,2.184e-05,0.059226718,3.5944018,10.925423,0.095676497,18.129305,-14513.65,0.13565783,15.824268
-2.0347748,-0.037629068,-0.057485431,-12.837763,-20041.943,-30101.547,2.1856e-05,0.058505371,3.6037662,10.792357,0.095444486,18.057301,-14551.38,0.13465682,15.760593
-2.0337667,-0.037949231,-0.057966694,-12.907515,-20026.963,-30078.854,2.1872e-05,0.058132365,3.6131079,10.72355,0.095211871,17.985302,-14589.018,0.13423261,15.696911
-2.0327461,-0.038269155,-0.058447588,-12.977277,-20011.857,-30055.969,2.1888e-05,0.058029868,3.6224267,10.704642,0.094978653,17.913311,-14626.563,0.13440351,15.633221
-2.0317125,-0.038588837,-0.058928117,-13.047051,-19996.625,-30032.895,2.1904e-05,0.057780169,3.6317227,10.658582,0.094744839,17.841331,-14664.017,0.13470107,15.569524
-2.0306664,-0.038908273,-0.05940827,-13.116838,-19981.268,-30009.631,2.192e-05,0.057304665,3.6409957,10.570867,0.094510421,17.76936,-14701.378,0.13401288,15.505822
-2.0296073,-0.039227467,-0.05988805,-13.186639,-19965.783,-29986.178,2.1936e-05,0.057202168,3.6502457,10.551959,0.094275415,17.697399,-14738.646,0.1335841,15.442115
-2.0285356,-0.039546411,-0.06036745,-13.256453,-19950.174,-29962.535,2.1952e-05,0.05667657,3.6594727,10.455003,0.094039805,17.625448,-14775.822,0.13315836,15.378403
-2.027451,-0.039865106,-0.060846467,-13.32628,-19934.438,-29938.703,2.1968e-05,0.056276593,3.6686766,10.38122,0.093803599,17.553511,-14812.904,0.13313241,15.314687
-2.0263541,-0.040183548,-0.061325103,-13.396123,-19918.576,-29914.682,2.1984e-05,0.055710152,3.6778572,10.27673,0.093566805,17.481585,-14849.894,0.13247627,15.250968
-2.025244,-0.040501736,-0.061803352,-13.465981,-19902.59,-29890.471,2.2e-05,0.055362578,3.6870146,10.212614,0.093329422,17.409672,-14886.789,0.13205817,15.187246
-2.0241215,-0.040819671,-0.062281206,-13.535855,-19886.477,-29866.072,2.2016e-05,0.055052001,3.6961489,10.155322,0.093091451,17.337774,-14923.591,0.13143253,15.123523
-2.0229862,-0.041137345,-0.062758669,-13.605746,-19870.238,-29841.484,2.2032e-05,0.054862417,3.7052596,10.12035,0.092852883,17.265888,-14960.298,0.13089541,15.059797
-2.0218382,-0.041454762,-0.063235737,-13.675654,-19853.875,-29816.709,2.2048e-05,0.054379977,3.7143471,10.031355,0.092613734,17.194019,-14996.911,0.13131809,14.996072
-2.0206776,-0.041771915,-0.063712403,-13.74558,-19837.387,-29791.744,2.2064e-05,0.053366546,3.7234111,9.8444099,0.092374004,17.122164,-15033.43,0.13070467,14.932345
-2.0195043,-0.042088807,-0.064188674,-13.815523,-19820.773,-29766.592,2.208e-05,0.053525303,3.7324514,9.8736954,0.092133686,17.050323,-15069.854,0.13014466,14.868619
-2.0183184,-0.04240543,-0.064664535,-13.885487,-19804.035,-29741.25,2.2096e-05,0.052999709,3.7414682,9.7767401,0.091892786,16.978502,-15106.183,0.13012025,14.804893
-2.0171196,-0.042721786,-0.065139987,-13.955468,-19787.172,-29715.723,2.2112e-05,0.052582003,3.7504616,9.699687,0.091651306,16.906694,-15142.417,0.12995392,14.74117
-2.0159085,-0.043037873,-0.065615021,-14.025471,-19770.184,-29690.006,2.2128e-05,0.052192047,3.7594311,9.6277523,0.091409244,16.834906,-15178.555,0.12918027,14.677447
-2.0146847,-0.043353688,-0.066089652,-14.095493,-19753.07,-29664.104,2.2144e-05,0.052181255,3.7683768,9.625762,0.091166608,16.763136,-15214.598,0.12882015,14.613728
-2.013448,-0.043669228,-0.06656386,-14.165537,-19735.832,-29638.012,2.216e-05,0.051648725,3.7772989,9.5275269,0.090923399,16.691381,-15250.544,0.12913907,14.550011
-2.0121989,-0.043984495,-0.067037642,-14.235602,-19718.471,-29611.732,2.2176e-05,0.051221773,3.7861969,9.4487686,0.090679608,16.619648,-15286.395,0.12796259,14.486297
-2.0109372,-0.04429948,-0.067511007,-14.30569,-19700.984,-29585.268,2.2192e-05,0.050553601,3.7950711,9.3255119,0.090435252,16.547932,-15322.149,0.12801142,14.422586
-2.0096629,-0.044614188,-0.067983948,-14.375799,-19683.373,-29558.615,2.2208e-05,0.050175205,3.8039215,9.2557096,0.090190314,16.476234,-15357.807,0.12779778,14.35888
-2.0083759,-0.044928614,-0.068456456,-14.445932,-19665.639,-29531.777,2.2224e-05,0.049891599,3.8127475,9.2033939,0.089944817,16.404558,-15393.368,0.12728049,14.295179
-2.0070765,-0.045242757,-0.068928532,-14.516089,-19647.779,-29504.752,2.224e-05,0.049241923,3.8215497,9.0835495,0.089698747,16.332901,-15428.831,0.1272988,14.231483
-2.0057642,-0.045556612,-0.069400169,-14.58627,-19629.797,-29477.539,2.2256e-05,0.049114764,3.8303277,9.0600929,0.08945211,16.261263,-15464.198,0.12650837,14.167791
-2.0044396,-0.045870181,-0.069871373,-14.656475,-19611.691,-29450.141,2.2272e-05,0.048583772,3.8390815,8.962142,0.089204907,16.189648,-15499.467,0.12623829,14.104106
-2.0031025,-0.046183459,-0.070342131,-14.726707,-19593.461,-29422.557,2.2288e-05,0.048403434,3.847811,8.9288759,0.088957146,16.118052,-15534.639,0.12551348,14.040427
-2.0017526,-0.046496447,-0.070812449,-14.796962,-19575.107,-29394.787,2.2304e-05,0.047836222,3.8565161,8.8242435,0.088708818,16.046476,-15569.712,0.12426374,13.976754
-2.0003903,-0.046809141,-0.07128232,-14.867245,-19556.629,-29366.832,2.232e-05,0.04747555,3.8651972,8.7577105,0.088459931,15.974923,-15604.688,0.12479934,13.913089
-1.9990155,-0.04712154,-0.071751736,-14.937553,-19538.029,-29338.691,2.2336e-05,0.046847455,3.8738534,8.6418476,0.088210486,15.903391,-15639.564,0.12494431,13.849431
-1.997628,-0.047433641,-0.072220705,-15.007889,-19519.305,-29310.365,2.2352e-05,0.047084048,3.8824854,8.6854916,0.087960482,15.831881,-15674.343,0.12466506,13.78578
-1.9962281,-0.04774544,-0.072689213,-15.078252,-19500.459,-29281.854,2.2368e-05,0.04640355,3.891093,8.5599613,0.087709926,15.760391,-15709.022,0.12482223,13.722137
-1.9948156,-0.048056938,-0.073157266,-15.148643,-19481.488,-29253.156,2.2384e-05,0.045857914,3.8996758,8.4593086,0.087458812,15.688925,-15743.603,0.12369915,13.658503
-1.9933906,-0.048368137,-0.073624857,-15.219062,-19462.396,-29224.275,2.24e-05,0.045607448,3.9082341,8.413106,0.087207146,15.61748,-15778.084,0.12338633,13.594877
-1.991953,-0.048679024,-0.074091978,-15.28951,-19443.18,-29195.209,2.2416e-05,0.045721505,3.9167676,8.4341459,0.086954929,15.546059,-15812.466,0.12333903,13.53126
-1.9905031,-0.048989609,-0.074558631,-15.359987,-19423.842,-29165.959,2.2432e-05,0.044564731,3.9252765,8.2207584,0.086702168,15.474658,-15846.748,0.12273476,13.467651
-1.9890406,-0.049299881,-0.075024813,-15.430494,-19404.381,-29136.523,2.2448e-05,0.044165526,3.9337604,8.1471176,0.086448856,15.403281,-15880.93,0.12279733,13.404053
-1.9875655,-0.049609844,-0.075490527,-15.501031,-19384.799,-29106.906,2.2464e-05,0.044116203,3.9422197,8.1380186,0.086194992,15.331926,-15915.012,0.12227394,13.340465
-1.986078,-0.049919493,-0.075955763,-15.571597,-19365.094,-29077.104,2.248e-05,0.043856487,3.950654,8.0901098,0.085940592,15.260593,-15948.994,0.12168188,13.276885
-1.9845781,-0.050228827,-0.076420516,-15.642195,-19345.268,-29047.117,2.2496e-05,0.043294668,3.9590633,7.9864726,0.085685641,15.189284,-15982.875,0.12195807,13.213316
-1.9830657,-0.050537843,-0.076884784,-15.712824,-19325.316,-29016.947,2.2512e-05,0.043102,3.9674475,7.9509315,0.085430153,15.117997,-16016.655,0.12114169,13.149757
-1.9815408,-0.050846539,-0.077348568,-15.783484,-19305.246,-28986.596,2.2528e-05,0.04271204,3.9758067,7.8789968,0.085174128,15.046733,-16050.335,0.12091433,13.08621
-1.9800035,-0.051154915,-0.077811867,-15.854176,-19285.053,-28956.059,2.2544e-05,0.041950621,3.9841409,7.7385392,0.08491756,14.975492,-16083.913,0.12083498,13.022673
-1.9784536,-0.051462971,-0.078274675,-15.924899,-19264.738,-28925.34,2.256e-05,0.041332543,3.99245,7.6245236,0.084660463,14.904272,-16117.391,0.12001556,12.959146
-1.9768914,-0.051770695,-0.078736983,-15.995655,-19244.303,-28894.439,2.2576e-05,0.041558348,4.0007339,7.6661777,0.084402822,14.833076,-16150.766,0.12019257,12.895632
-1.9753168,-0.052078098,-0.0791988,-16.066444,-19223.746,-28863.355,2.2592e-05,0.040410824,4.0089922,7.4544959,0.084144652,14.761902,-16184.039,0.1194937,12.832128
-1.9737296,-0.05238517,-0.07966011,-16.137266,-19203.066,-28832.088,2.2608e-05,0.040652812,4.0172253,7.4991355,0.083885953,14.690751,-16217.21,0.11889096,12.768636
-1.9721301,-0.05269191,-0.080120921,-16.208122,-19182.268,-28800.641,2.2624e-05,0.040662061,4.0254331,7.5008411,0.083626717,14.619622,-16250.279,0.11916868,12.705155
-1.9705181,-0.052998319,-0.080581225,-16.279011,-19161.348,-28769.01,2.264e-05,0.039929926,4.0336156,7.3657856,0.08336696,14.548515,-16283.246,0.11908933,12.641686
-1.9688938,-0.053304393,-0.081041023,-16.349934,-19140.305,-28737.197,2.2656e-05,0.039301828,4.0417724,7.2499223,0.083106674,14.477431,-16316.11,0.11817835,12.57823
-1.967257,-0.053610127,-0.081500299,-16.420891,-19119.143,-28705.203,2.2672e-05,0.039116099,4.0499039,7.215661,0.082845867,14.406368,-16348.872,0.11830195,12.514785
-1.9656078,-0.053915527,-0.081959069,-16.491882,-19097.861,-28673.029,2.2688e-05,0.038376257,4.0580096,7.0791836,0.08258453,14.335328,-16381.53,0.11775109,12.451352
-1.9639462,-0.054220583,-0.082417324,-16.562908,-19076.457,-28640.672,2.2704e-05,0.038293023,4.0660896,7.0638299,0.082322672,14.26431,-16414.084,0.11647695,12.387932
-1.9622723,-0.054525301,-0.082875051,-16.633968,-19054.934,-28608.135,2.272e-05,0.037620999,4.0741439,6.9398632,0.082060292,14.193313,-16446.537,0.11664174,12.324524
-1.9605861,-0.054829672,-0.083332255,-16.705065,-19033.291,-28575.418,2.2736e-05,0.037416,4.0821729,6.9020476,0.081797399,14.122337,-16478.885,0.11698508,12.261128
-1.9588873,-0.055133697,-0.083788939,-16.776196,-19011.527,-28542.52,2.2752e-05,0.037081532,4.0901756,6.8403487,0.081533991,14.051383,-16511.129,0.11571398,12.197745
-1.9571763,-0.055437371,-0.084245093,-16.847363,-18989.643,-28509.441,2.2768e-05,0.036619898,4.0981526,6.7551928,0.081270061,13.980451,-16543.268,0.11548357,12.134375
-1.9554529,-0.055740699,-0.084700711,-16.918564,-18967.641,-28476.182,2.2784e-05,0.036689259,4.1061039,6.7679873,0.081005618,13.909538,-16575.303,0.11543016,12.071017
-1.9537172,-0.056043673,-0.085155793,-16.989803,-18945.518,-28442.744,2.28e-05,0.03584769,4.1140294,6.6127448,0.080740668,13.838646,-16607.234,0.114832,12.007672
-1.9519693,-0.056346294,-0.085610338,-17.061077,-18923.275,-28409.125,2.2816e-05,0.035589516,4.1219287,6.5651197,0.080475211,13.767775,-16639.061,0.11505936,11.94434
-1.9502089,-0.056648556,-0.086064346,-17.132387,-18900.912,-28375.328,2.2832e-05,0.034791872,4.1298018,6.4179802,0.08020924,13.696923,-16670.781,0.11424299,11.881021
-1.9484361,-0.056950465,-0.086517803,-17.203733,-18878.432,-28341.352,2.2848e-05,0.034670878,4.1376491,6.3956609,0.079942763,13.626092,-16702.398,0.11440321,11.817714
-1.9466512,-0.057252012,-0.086970717,-17.275116,-18855.832,-28307.195,2.2864e-05,0.034013495,4.1454701,6.274395,0.079675779,13.555281,-16733.908,0.11353496,11.75442
-1.9448539,-0.057553198,-0.087423086,-17.346535,-18833.113,-28272.861,2.288e-05,0.034058195,4.1532645,6.2826405,0.079408295,13.484488,-16765.314,0.11337169,11.691139
-1.9430443,-0.057854019,-0.087874897,-17.41799,-18810.275,-28238.348,2.2896e-05,0.033451676,4.1610332,6.1707578,0.079140306,13.413714,-16796.613,0.11298257,11.627871
-1.9412224,-0.058154475,-0.088326156,-17.489483,-18787.32,-28203.656,2.2912e-05,0.033117976,4.1687756,6.109201,0.078871816,13.342959,-16827.809,0.11270486,11.564615
-1.9393884,-0.058454562,-0.088776857,-17.56101,-18764.244,-28168.787,2.2928e-05,0.032748055,4.1764917,6.0409622,0.078602836,13.272223,-16858.896,0.1120365,11.501373
-1.937542,-0.058754284,-0.089226998,-17.632576,-18741.051,-28133.738,2.2944e-05,0.032438248,4.1841812,5.9838123,0.078333348,13.201505,-16889.877,0.11188085,11.438144
-1.9356834,-0.059053633,-0.089676574,-17.70418,-18717.74,-28098.514,2.296e-05,0.031846374,4.1918445,5.8746305,0.078063376,13.130804,-16920.752,0.11157414,11.374927
-1.9338125,-0.05935261,-0.090125583,-17.775818,-18694.311,-28063.111,2.2976e-05,0.031373952,4.199481,5.7874842,0.077792905,13.060121,-16951.521,0.11076693,11.311722
-1.9319295,-0.059651211,-0.090574026,-17.847494,-18670.764,-28027.531,2.2992e-05,0.031147376,4.2070913,5.745688,0.077521943,12.989453,-16982.182,0.1114124,11.24853
-1.9300342,-0.059949435,-0.091021895,-17.919207,-18647.1,-27991.773,2.3008e-05,0.030789785,4.2146749,5.6797242,0.077250496,12.918804,-17012.736,0.11033204,11.185352
-1.9281266,-0.06024728,-0.091469184,-17.990955,-18623.316,-27955.84,2.3024e-05,0.03054163,4.2222319,5.6339474,0.076978557,12.84817,-17043.184,0.11036409,11.122186
-1.9262069,-0.060544744,-0.091915898,-18.062742,-18599.416,-27919.729,2.304e-05,0.030261876,4.2297621,5.5823421,0.076706126,12.777553,-17073.523,0.10954924,11.059032
-1.924275,-0.060841829,-0.092362039,-18.134563,-18575.398,-27883.441,2.3056e-05,0.02990891,4.2372656,5.517231,0.076433219,12.70695,-17103.756,0.10946837,10.995891
-1.922331,-0.061138526,-0.092807591,-18.206423,-18551.266,-27846.979,2.3072e-05,0.02922995,4.2447424,5.3919849,0.076159827,12.636363,-17133.879,0.10922117,10.932762
-1.9203748,-0.061434839,-0.093252555,-18.278318,-18527.014,-27810.34,2.3088e-05,0.028719768,4.2521925,5.2978725,0.075885952,12.56579,-17163.895,0.10871303,10.869646
-1.9184064,-0.061730765,-0.09369693,-18.350252,-18502.646,-27773.525,2.3104e-05,0.02793985,4.2596159,5.1540027,0.075611599,12.495232,-17193.803,0.10914335,10.806541
-1.9164259,-0.062026296,-0.094140716,-18.42222,-18478.16,-27736.535,2.312e-05,0.02767474,4.2670121,5.1050987,0.075336769,12.424687,-17223.604,0.10802637,10.743449
-1.9144332,-0.062321439,-0.094583906,-18.494225,-18453.561,-27699.371,2.3136e-05,0.027659327,4.2743812,5.1022553,0.075061463,12.354156,-17253.293,0.10776238,10.680369
-1.9124285,-0.062616192,-0.095026493,-18.566265,-18428.842,-27662.031,2.3152e-05,0.026923336,4.2817235,4.9664888,0.07478568,12.283637,-17282.875,0.10704367,10.617301
-1.9104117,-0.062910542,-0.095468491,-18.638342,-18404.008,-27624.516,2.3168e-05,0.026761496,4.2890387,4.9366345,0.074509427,12.213132,-17312.35,0.10671407,10.554245
-1.9083828,-0.063204497,-0.095909879,-18.710455,-18379.059,-27586.826,2.3184e-05,0.026348418,4.2963266,4.860435,0.074232705,12.142638,-17341.713,0.10633259,10.491199
-1.9063418,-0.063498057,-0.096350662,-18.782604,-18353.992,-27548.963,2.32e-05,0.026014717,4.3035879,4.7988777,0.073955514,12.072156,-17370.967,0.10639516,10.428166
-1.9042886,-0.063791215,-0.096790835,-18.854788,-18328.811,-27510.926,2.3216e-05,0.025788911,4.3108215,4.7572241,0.073677853,12.001684,-17400.113,0.1060564,10.365146
-1.9022236,-0.064083964,-0.097230397,-18.927006,-18303.514,-27472.713,2.3232e-05,0.025408201,4.3180285,4.686995,0.073399723,11.931224,-17429.148,0.10588397,10.302135
-1.9001465,-0.06437631,-0.097669348,-18.99926,-18278.102,-27434.328,2.3248e-05,0.025377374,4.3252077,4.6813087,0.073121138,11.860774,-17458.074,0.1058565,10.239136
-1.8980572,-0.064668253,-0.098107681,-19.071548,-18252.574,-27395.77,2.3264e-05,0.024575107,4.3323598,4.5333161,0.072842084,11.790333,-17486.889,0.10492111,10.176147
-1.8959562,-0.064959787,-0.098545395,-19.143873,-18226.93,-27357.039,2.328e-05,0.023758197,4.3394842,4.3826227,0.072562575,11.719902,-17515.594,0.10440687,10.113171
-1.8938429,-0.065250911,-0.098982483,-19.21623,-18201.172,-27318.135,2.3296e-05,0.023544721,4.3465815,4.3432431,0.072282605,11.649479,-17544.189,0.10495315,10.050204
-1.8917178,-0.065541625,-0.099418946,-19.288622,-18175.299,-27279.059,2.3312e-05,0.02360021,4.353651,4.3534789,0.072002172,11.579065,-17572.674,0.10396741,9.9872484
-1.8895807,-0.065831922,-0.099854782,-19.361048,-18149.312,-27239.809,2.3328e-05,0.022705464,4.3606935,4.188427,0.071721293,11.508658,-17601.047,0.10346538,9.924304
-1.8874316,-0.066121802,-0.10028999,-19.433506,-18123.211,-27200.389,2.3344e-05,0.022852661,4.3677082,4.2155805,0.071439959,11.438259,-17629.309,0.10245216,9.8613682
-1.8852706,-0.066411264,-0.10072456,-19.505999,-18096.994,-27160.795,2.336e-05,0.022518961,4.3746953,4.1540232,0.071158171,11.367867,-17657.461,0.10336161,9.7984438
-1.8830978,-0.06670031,-0.1011585,-19.578524,-18070.664,-27121.031,2.3376e-05,0.022327835,4.3816547,4.1187668,0.070875935,11.29748,-17685.5,0.1030137,9.7355289
-1.8809129,-0.06698893,-0.1015918,-19.651081,-18044.221,-27081.096,2.3392e-05,0.021523256,4.3885865,3.9703479,0.070593253,11.227099,-17713.428,0.10249489,9.6726236
-1.8787162,-0.067277133,-0.10202445,-19.723669,-18017.662,-27040.988,2.3408e-05,0.020978393,4.3954906,3.8698382,0.070310123,11.156724,-17741.246,0.10264748,9.6097288
-1.8765076,-0.067564905,-0.10245647,-19.796291,-17990.992,-27000.711,2.3424e-05,0.020717137,4.4023671,3.8216445,0.070026554,11.086353,-17768.949,0.10145726,9.5468426
-1.8742871,-0.067852251,-0.10288782,-19.868942,-17964.207,-26960.264,2.344e-05,0.020339508,4.4092155,3.7519844,0.069742538,11.015986,-17796.543,0.10037385,9.4839659
-1.8720548,-0.068139173,-0.10331854,-19.941626,-17937.309,-26919.645,2.3456e-05,0.019988082,4.4160361,3.6871579,0.069458082,10.945624,-17824.023,0.10167394,9.4210987
-1.8698107,-0.068425663,-0.1037486,-20.014339,-17910.297,-26878.855,2.3472e-05,0.019632034,4.4228292,3.6214781,0.069173187,10.875264,-17851.391,0.10016938,9.3582401
-1.8675548,-0.06871172,-0.10417801,-20.087084,-17883.174,-26837.898,2.3488e-05,0.019423952,4.429594,3.5830939,0.068887852,10.804908,-17878.646,0.10047761,9.2953901
-1.8652871,-0.068997338,-0.10460676,-20.159857,-17855.936,-26796.77,2.3504e-05,0.018532287,4.4363308,3.4186106,0.068602085,10.734552,-17905.789,0.099685661,9.2325487
-1.8630075,-0.069282532,-0.10503484,-20.23266,-17828.586,-26755.473,2.352e-05,0.018185487,4.4430394,3.3546369,0.068315886,10.6642,-17932.82,0.099325538,9.1697149
-1.8607162,-0.069567278,-0.10546227,-20.30549,-17801.125,-26714.006,2.3536e-05,0.017730791,4.4497204,3.2707603,0.068029255,10.593847,-17959.736,0.099095128,9.1068907
-1.8584132,-0.069851592,-0.10588903,-20.378351,-17773.551,-26672.371,2.3552e-05,0.017359329,4.4563732,3.2022374,0.067742191,10.523496,-17986.541,0.09873043,9.0440731
-1.8560984,-0.070135459,-0.10631511,-20.451239,-17745.863,-26630.568,2.3568e-05,0.017135834,4.4629974,3.16101,0.067454703,10.453145,-18013.23,0.098944061,8.9812641
-1.8537719,-0.070418887,-0.10674053,-20.524153,-17718.066,-26588.598,2.3584e-05,0.016342046,4.469594,3.0145812,0.06716679,10.382792,-18039.807,0.098265022,8.9184628
-1.8514338,-0.070701867,-0.10716528,-20.597094,-17690.156,-26546.457,2.36e-05,0.016557062,4.476162,3.054245,0.066878445,10.31244,-18066.27,0.097318947,8.8556681
-1.8490839,-0.070984401,-0.10758934,-20.670061,-17662.135,-26504.15,2.3616e-05,0.015737841,4.4827018,2.903125,0.066589683,10.242085,-18092.619,0.096792504,8.792881
-1.8467224,-0.071266487,-0.10801273,-20.743053,-17634.002,-26461.676,2.3632e-05,0.015659232,4.4892135,2.8886242,0.066300504,10.171729,-18118.854,0.096694842,8.7301006
-1.8443491,-0.071548127,-0.10843544,-20.816072,-17605.758,-26419.035,2.3648e-05,0.015263109,4.4956965,2.8155522,0.0660109,10.101371,-18144.975,0.097025968,8.6673269
-1.8419642,-0.071829304,-0.10885745,-20.889114,-17577.402,-26376.227,2.3664e-05,0.014803018,4.502151,2.7306805,0.065720879,10.031009,-18170.98,0.095878474,8.6045599
-1.8395678,-0.072110042,-0.10927878,-20.962181,-17548.938,-26333.25,2.368e-05,0.014209603,4.5085773,2.6212144,0.065430447,9.9606428,-18196.873,0.095808282,8.5417995
-1.8371598,-0.07239031,-0.10969943,-21.035271,-17520.361,-26290.109,2.3696e-05,0.01411327,4.5149755,2.6034439,0.065139599,9.890274,-18222.65,0.095841855,8.4790449
-1.83474,-0.072670132,-0.11011937,-21.108381,-17491.674,-26246.803,2.3712e-05,0.013926768,4.5213447,2.5690403,0.064848341,9.8198996,-18248.312,0.095478684,8.416297
-1.8323089,-0.072949491,-0.11053863,-21.181515,-17462.877,-26203.328,2.3728e-05,0.013318709,4.5276852,2.4568732,0.064556666,9.7495203,-18273.859,0.094187751,8.3535538
-1.8298661,-0.073228389,-0.11095718,-21.254671,-17433.971,-26159.689,2.3744e-05,0.013306378,4.5339975,2.4545984,0.064264596,9.6791353,-18299.291,0.095043793,8.2908163
-1.8274118,-0.073506825,-0.11137504,-21.327847,-17404.951,-26115.885,2.376e-05,0.012507965,4.5402808,2.3073168,0.063972108,9.6087446,-18324.607,0.094592117,8.2280836
-1.8249459,-0.073784798,-0.11179219,-21.401043,-17375.826,-26071.916,2.3776e-05,0.011859832,4.546536,2.1877573,0.063679226,9.5383472,-18349.807,0.093635365,8.1653566
-1.8224685,-0.074062303,-0.11220863,-21.474257,-17346.588,-26027.783,2.3792e-05,0.011803573,4.552762,2.1773794,0.063385934,9.4679432,-18374.893,0.094051942,8.1026344
-1.8199797,-0.074339338,-0.11262437,-21.547491,-17317.242,-25983.484,2.3808e-05,0.011067584,4.5589595,2.0416129,0.063092247,9.3975315,-18399.861,0.093285926,8.039917
-1.8174794,-0.074615903,-0.1130394,-21.620743,-17287.787,-25939.023,2.3824e-05,0.010734655,4.5651278,1.9801983,0.062798157,9.3271112,-18424.715,0.09288919,7.9772038
-1.8149676,-0.074892007,-0.1134537,-21.69401,-17258.225,-25894.396,2.384e-05,0.010619055,4.5712676,1.9588736,0.062503673,9.2566833,-18449.451,0.092651144,7.914495
-1.8124444,-0.075167626,-0.1138673,-21.767296,-17228.551,-25849.607,2.3856e-05,0.010440259,4.5773783,1.9258916,0.06220879,9.1862459,-18474.072,0.092252873,7.85179
-1.8099098,-0.075442776,-0.11428017,-21.840595,-17198.77,-25804.654,2.3872e-05,0.010040281,4.5834603,1.8521087,0.061913516,9.115799,-18498.576,0.092143007,7.7890887
-1.8073637,-0.075717449,-0.11469232,-21.913912,-17168.879,-25759.537,2.3888e-05,0.0092572812,4.5895133,1.7076705,0.061617855,9.0453415,-18522.965,0.091671497,7.7263913
-1.8048064,-0.075991645,-0.11510375,-21.98724,-17138.881,-25714.26,2.3904e-05,0.0088950666,4.5955372,1.6408534,0.061321802,8.9748745,-18547.234,0.091688283,7.6636972
-1.8022375,-0.076265357,-0.11551445,-22.060583,-17108.775,-25668.818,2.392e-05,0.0085767806,4.6015325,1.5821398,0.061025359,8.904397,-18571.389,0.090983309,7.601006
-1.7996575,-0.076538593,-0.11592443,-22.133938,-17078.561,-25623.215,2.3936e-05,0.0086731138,4.6074982,1.5999103,0.060728535,8.8339071,-18595.426,0.091279335,7.5383182
-1.797066,-0.076811343,-0.11633366,-22.207304,-17048.238,-25577.449,2.3952e-05,0.0079841353,4.6134348,1.472816,0.060431324,8.7634058,-18619.344,0.089573354,7.4756331
-1.7944632,-0.077083603,-0.11674216,-22.280682,-17017.811,-25531.523,2.3968e-05,0.0080049438,4.6193428,1.4766544,0.060133733,8.692893,-18643.146,0.089506209,7.41295
-1.791849,-0.077355385,-0.11714993,-22.354069,-16987.271,-25485.436,2.3984e-05,0.0072011352,4.6252213,1.3283776,0.059835762,8.6223669,-18666.83,0.0903119,7.3502698
-1.7892237,-0.077626668,-0.11755696,-22.427465,-16956.629,-25439.186,2.4e-05,0.0066223624,4.6310706,1.2216127,0.059537411,8.5518284,-18690.398,0.089516893,7.2875919
-1.786587,-0.077897467,-0.11796325,-22.500872,-16925.879,-25392.777,2.4016e-05,0.006033571,4.6368904,1.1129997,0.059238687,8.4812756,-18713.846,0.089251384,7.2249155
-1.783939,-0.078167774,-0.11836878,-22.574284,-16895.021,-25346.207,2.4032e-05,0.0059742294,4.6426811,1.102053,0.058939587,8.4107094,-18737.178,0.089101844,7.1622415
-1.7812798,-0.078437589,-0.11877358,-22.647701,-16864.057,-25299.477,2.4048e-05,0.0057954341,4.6484423,1.0690711,0.058640115,8.3401289,-18760.391,0.088451795,7.0995684
-1.7786095,-0.078706905,-0.11917762,-22.721127,-16832.986,-25252.588,2.4064e-05,0.0050278474,4.6541743,0.92747599,0.05834027,8.2695332,-18783.484,0.088447221,7.0368972
-1.7759279,-0.078975722,-0.11958091,-22.794554,-16801.811,-25205.537,2.408e-05,0.0047974172,4.6598773,0.88496906,0.05804006,8.1989231,-18806.461,0.08769799,6.974227
-1.7732351,-0.079244047,-0.11998344,-22.867987,-16770.529,-25158.328,2.4096e-05,0.0041700923,4.6655502,0.76924777,0.057739481,8.1282969,-18829.318,0.087025054,6.9115577
-1.7705312,-0.079511866,-0.12038521,-22.941422,-16739.141,-25110.961,2.4112e-05,0.0039489102,4.6711941,0.72844684,0.057438541,8.0576553,-18852.057,0.086600848,6.8488889
-1.7678161,-0.079779185,-0.12078623,-23.01486,-16707.646,-25063.436,2.4128e-05,0.0034903619,4.6768084,0.64385939,0.057137236,7.9869976,-18874.676,0.087130345,6.786221
-1.7650898,-0.080045998,-0.12118648,-23.088297,-16676.047,-25015.752,2.4144e-05,0.0034865085,4.6823931,0.6431486,0.056835569,7.9163227,-18897.176,0.086852625,6.7235537
-1.7623525,-0.080312312,-0.12158597,-23.161736,-16644.344,-24967.908,2.416e-05,0.0030387496,4.6879482,0.56055146,0.056533542,7.8456311,-18919.559,0.086545914,6.6608868
-1.759604,-0.080578111,-0.12198468,-23.235172,-16612.535,-24919.908,2.4176e-05,0.0023474591,4.6934733,0.43303064,0.05623116,7.7749224,-18941.82,0.085326701,6.5982194
-1.7568444,-0.080843404,-0.12238263,-23.308609,-16580.621,-24871.75,2.4192e-05,0.0023690378,4.6989694,0.43701121,0.05592842,7.704196,-18963.963,0.085637987,6.5355525
-1.7540737,-0.081108183,-0.12277981,-23.38204,-16548.604,-24823.436,2.4208e-05,0.0020052819,4.7044353,0.36990994,0.055625331,7.6334515,-18985.986,0.085168004,6.4728851
-1.751292,-0.081372455,-0.12317621,-23.455467,-16516.48,-24774.965,2.4224e-05,0.0012222817,4.7098718,0.22547163,0.055321887,7.5626888,-19007.891,0.084447764,6.4102168
-1.7484993,-0.081636213,-0.12357183,-23.528891,-16484.254,-24726.336,2.424e-05,0.00089012319,4.7152786,0.16419907,0.055018097,7.4919071,-19029.674,0.084131904,6.3475485
-1.7456956,-0.081899457,-0.12396667,-23.602308,-16451.924,-24677.553,2.4256e-05,0.00072905328,4.7206554,0.13448687,0.054713957,7.4211068,-19051.336,0.08418531,6.2848792
-1.7428808,-0.082162179,-0.12436073,-23.675718,-16419.488,-24628.613,2.4272e-05,0.00039766543,4.7260027,0.073356472,0.05440947,7.350287,-19072.881,0.082842492,6.2222085
-1.740055,-0.08242438,-0.124754,-23.749119,-16386.951,-24579.518,2.4288e-05,2.6202761e-05,4.7313199,0.004833566,0.054104641,7.279448,-19094.303,0.083185829,6.1595373
-1.7372183,-0.082686067,-0.12514648,-23.822512,-16354.31,-24530.266,2.4304e-05,-0.0006404263,4.7366071,-0.11813804,0.053799473,7.2085891,-19115.605,0.082418285,6.0968647
-1.7343706,-0.082947224,-0.12553817,-23.895895,-16321.566,-24480.861,2.432e-05,-0.0007714401,4.7418647,-0.14230587,0.053493962,7.1377101,-19136.789,0.082216866,6.0341907
-1.731512,-0.083207861,-0.12592907,-23.969265,-16288.719,-24431.301,2.4336e-05,-0.0011521508,4.7470922,-0.21253474,0.053188112,7.0668106,-19157.85,0.082622759,5.9715147
-1.7286423,-0.083467975,-0.12631918,-24.042624,-16255.77,-24381.586,2.4352e-05,-0.001305514,4.7522898,-0.24082531,0.052881926,6.9958906,-19178.791,0.082258068,5.9088373
-1.7257619,-0.083727561,-0.12670849,-24.115969,-16222.716,-24331.717,2.4368e-05,-0.0020885142,4.7574573,-0.38526362,0.052575409,6.9249496,-19199.611,0.081586659,5.846158
-1.7228706,-0.083986618,-0.127097,-24.189299,-16189.562,-24281.693,2.4384e-05,-0.002522401,4.7625942,-0.46530181,0.052268557,6.8539877,-19220.309,0.080353707,5.7834764
-1.7199683,-0.084245138,-0.12748471,-24.262613,-16156.305,-24231.518,2.44e-05,-0.0028483942,4.7677016,-0.52543706,0.051961377,6.7830043,-19240.887,0.081113622,5.7207932
-1.7170552,-0.084503137,-0.1278716,-24.335913,-16122.947,-24181.189,2.4416e-05,-0.0031458726,4.772779,-0.58031225,0.051653866,6.7119994,-19261.344,0.080568865,5.6581073
-1.7141312,-0.084760591,-0.12825769,-24.409191,-16089.486,-24130.707,2.4432e-05,-0.0038479525,4.7778258,-0.70982337,0.05134603,6.6409726,-19281.678,0.080272838,5.5954189
-1.7111964,-0.085017517,-0.12864298,-24.482452,-16055.925,-24080.074,2.4448e-05,-0.0039751129,4.7828431,-0.73328036,0.05103787,6.5699239,-19301.891,0.07952971,5.5327282
-1.7082509,-0.085273907,-0.12902744,-24.555693,-16022.262,-24029.287,2.4464e-05,-0.0049315137,4.7878294,-0.90970552,0.050729387,6.4988532,-19321.982,0.078984953,5.4700346
-1.7052945,-0.085529752,-0.1294111,-24.628912,-15988.499,-23978.35,2.448e-05,-0.0046995422,4.7927861,-0.86691427,0.050420586,6.4277601,-19341.951,0.079166539,5.4073386
-1.7023274,-0.085785061,-0.12979393,-24.70211,-15954.634,-23927.26,2.4496e-05,-0.0053484458,4.7977123,-0.98661608,0.050111461,6.3566446,-19361.799,0.078714862,5.3446393
-1.6993494,-0.086039826,-0.13017595,-24.775284,-15920.669,-23876.02,2.4512e-05,-0.0052590482,4.802608,-0.97012508,0.049802024,6.2855067,-19381.525,0.078806423,5.2819371
-1.6963607,-0.086294048,-0.13055713,-24.848431,-15886.603,-23824.629,2.4528e-05,-0.0061930995,4.8074737,-1.1424276,0.049492273,6.2143459,-19401.127,0.077031769,5.2192316
-1.6933614,-0.086547732,-0.13093752,-24.921555,-15852.438,-23773.086,2.4544e-05,-0.0062015769,4.8123088,-1.1439914,0.049182206,6.1431618,-19420.609,0.077758111,5.1565228
-1.6903512,-0.086800858,-0.13131705,-24.99465,-15818.171,-23721.395,2.456e-05,-0.0065445248,4.8171134,-1.2072542,0.04887183,6.0719547,-19439.967,0.077724539,5.093811
-1.6873305,-0.087053448,-0.13169576,-25.067717,-15783.807,-23669.553,2.4576e-05,-0.0073814718,4.821888,-1.3616439,0.048561145,6.0007248,-19459.203,0.077011935,5.0310955
-1.684299,-0.087305479,-0.13207364,-25.140753,-15749.341,-23617.561,2.4592e-05,-0.0070832227,4.8266315,-1.3066266,0.048250154,5.9294715,-19478.316,0.077228613,4.9683762
-1.6812569,-0.087556958,-0.1324507,-25.21376,-15714.777,-23565.42,2.4608e-05,-0.0080658263,4.8313451,-1.4878854,0.047938857,5.8581944,-19497.307,0.075959042,4.9056535
-1.6782041,-0.087807886,-0.13282691,-25.286734,-15680.113,-23513.131,2.4624e-05,-0.00824231,4.8360281,-1.5204408,0.047627259,5.7868943,-19516.174,0.076369517,4.842927
-1.6751407,-0.088058263,-0.13320227,-25.359676,-15645.353,-23460.693,2.464e-05,-0.0082361447,4.8406801,-1.5193034,0.047315359,5.7155704,-19534.918,0.075435653,4.7801967
-1.6720667,-0.088308081,-0.13357681,-25.432583,-15610.491,-23408.107,2.4656e-05,-0.0087733008,4.8453021,-1.6183916,0.047003157,5.6442232,-19553.539,0.075457014,4.7174625
-1.6689821,-0.08855734,-0.13395049,-25.505455,-15575.532,-23355.373,2.4672e-05,-0.0098414486,4.8498931,-1.8154305,0.046690661,5.5728521,-19572.037,0.074140139,4.6547246
-1.6658869,-0.088806041,-0.13432333,-25.578289,-15540.475,-23302.492,2.4688e-05,-0.010037199,4.8544536,-1.8515401,0.046377871,5.5014572,-19590.41,0.07500992,4.5919824
-1.6627812,-0.089054182,-0.13469532,-25.651085,-15505.32,-23249.463,2.4704e-05,-0.010472627,4.8589835,-1.9318626,0.046064787,5.4300385,-19608.662,0.074736781,4.5292358
-1.659665,-0.089301758,-0.13506646,-25.723843,-15470.066,-23196.287,2.472e-05,-0.010935029,4.8634825,-2.0171609,0.045751411,5.3585963,-19626.789,0.074085206,4.4664855
-1.6565381,-0.089548774,-0.13543674,-25.79656,-15434.717,-23142.967,2.4736e-05,-0.010907285,4.8679509,-2.012043,0.045437746,5.2871304,-19644.791,0.073293254,4.4037304
-1.6534009,-0.089795224,-0.13580617,-25.869234,-15399.268,-23089.498,2.4752e-05,-0.011516114,4.8723888,-2.1243522,0.045123797,5.2156401,-19662.672,0.073686942,4.3409715
-1.6502531,-0.090041101,-0.13617475,-25.941866,-15363.724,-23035.883,2.4768e-05,-0.01168412,4.8767958,-2.155344,0.044809557,5.1441264,-19680.426,0.072801903,4.2782083
-1.6470948,-0.090286411,-0.13654247,-26.014454,-15328.081,-22982.125,2.4784e-05,-0.012003947,4.8811717,-2.2143419,0.044495039,5.0725889,-19698.059,0.072623372,4.2154403
-1.6439261,-0.090531155,-0.13690932,-26.086996,-15292.344,-22928.219,2.48e-05,-0.012415485,4.8855171,-2.2902572,0.04418024,5.0010281,-19715.564,0.072344124,4.152668
-1.640747,-0.090775326,-0.13727531,-26.159492,-15256.508,-22874.17,2.4816e-05,-0.012944164,4.8898315,-2.3877816,0.043865159,4.9294429,-19732.947,0.072399057,4.089891
-1.6375575,-0.091018923,-0.13764043,-26.231939,-15220.578,-22819.977,2.4832e-05,-0.013647014,4.894115,-2.5174348,0.043549802,4.8578343,-19750.205,0.071834467,4.0271096
-1.6343576,-0.091261946,-0.13800468,-26.304337,-15184.551,-22765.637,2.4848e-05,-0.013697108,4.8983674,-2.5266755,0.043234169,4.786202,-19767.34,0.071300395,3.9643238
-1.6311473,-0.091504388,-0.13836806,-26.376684,-15148.429,-22711.156,2.4864e-05,-0.013848159,4.9025888,-2.5545397,0.042918265,4.7145467,-19784.35,0.070711389,3.9015334
-1.6279266,-0.091746256,-0.13873056,-26.44898,-15112.21,-22656.529,2.488e-05,-0.014129453,4.9067798,-2.6064293,0.042602088,4.6428676,-19801.232,0.071021147,3.8387382
-1.6246955,-0.091987543,-0.13909219,-26.521221,-15075.897,-22601.762,2.4896e-05,-0.014649656,4.9109392,-2.7023897,0.042285644,4.5711646,-19817.992,0.069869079,3.7759385
-1.6214542,-0.092228249,-0.13945293,-26.59341,-15039.488,-22546.85,2.4912e-05,-0.015381792,4.9150681,-2.8374453,0.041968931,4.4994392,-19834.627,0.069631033,3.7131341
-1.6182026,-0.092468373,-0.1398128,-26.665543,-15002.985,-22491.797,2.4928e-05,-0.015549026,4.9191656,-2.868295,0.041651953,4.42769,-19851.137,0.069243446,3.6503248
-1.6149406,-0.092707917,-0.1401718,-26.737617,-14966.388,-22436.6,2.4944e-05,-0.015945151,4.9232321,-2.9413669,0.041334711,4.3559179,-19867.52,0.069609672,3.5875111
-1.6116685,-0.092946872,-0.14052989,-26.809633,-14929.696,-22381.264,2.496e-05,-0.016545502,4.9272676,-3.0521126,0.041017212,4.2841234,-19883.779,0.068356887,3.5246928
-1.608386,-0.093185239,-0.1408871,-26.88159,-14892.909,-22325.783,2.4976e-05,-0.01673894,4.931272,-3.0877957,0.040699448,4.2123055,-19899.912,0.068715475,3.4618695
-1.6050935,-0.093423016,-0.14124343,-26.953485,-14856.029,-22270.164,2.4992e-05,-0.016760519,4.935245,-3.0917761,0.040381432,4.1404653,-19915.92,0.067596972,3.3990417
-1.6017905,-0.093660206,-0.14159885,-27.02532,-14819.056,-22214.404,2.5008e-05,-0.017422523,4.939187,-3.2138948,0.040063158,4.0686026,-19931.803,0.068120368,3.3362093
-1.5984776,-0.093896806,-0.14195339,-27.09709,-14781.989,-22158.502,2.5024e-05,-0.01773927,4.9430981,-3.2723241,0.03974463,3.9967177,-19947.561,0.067423016,3.2733722
-1.5951544,-0.094132811,-0.14230703,-27.168797,-14744.828,-22102.461,2.504e-05,-0.018570822,4.9469776,-3.4257188,0.039425854,3.9248106,-19963.191,0.068466753,3.2105303
-1.5918211,-0.094368219,-0.14265977,-27.240435,-14707.575,-22046.281,2.5056e-05,-0.018398192,4.9508262,-3.3938742,0.039106827,3.8528817,-19978.695,0.067320779,3.1476839
-1.5884776,-0.094603032,-0.14301161,-27.312006,-14670.229,-21989.961,2.5072e-05,-0.019094106,4.9546428,-3.5222478,0.038787555,3.780931,-19994.074,0.066823326,3.0848329
-1.585124,-0.094837248,-0.14336255,-27.383511,-14632.791,-21933.502,2.5088e-05,-0.019522598,4.9584289,-3.6012909,0.038468033,3.7089589,-20009.328,0.066139713,3.0219772
-1.5817604,-0.095070861,-0.14371258,-27.454943,-14595.26,-21876.906,2.5104e-05,-0.019493314,4.962183,-3.5958886,0.038148273,3.6369653,-20024.455,0.065594956,2.9591172
-1.5783867,-0.095303886,-0.1440617,-27.526304,-14557.638,-21820.17,2.512e-05,-0.020509055,4.9659061,-3.7832603,0.03782827,3.5649507,-20039.455,0.064569533,2.8962524
-1.5750029,-0.095536299,-0.14440991,-27.597593,-14519.923,-21763.297,2.5136e-05,-0.020660877,4.9695978,-3.8112667,0.037508029,3.4929154,-20054.328,0.064079717,2.8333833
-1.5716091,-0.095768109,-0.14475721,-27.668808,-14482.118,-21706.287,2.5152e-05,-0.02094063,4.9732585,-3.8628721,0.03718755,3.4208593,-20069.076,0.064493239,2.7705097
-1.5682054,-0.095999315,-0.1451036,-27.739948,-14444.22,-21649.139,2.5168e-05,-0.02133213,4.9768872,-3.9350913,0.036866836,3.3487833,-20083.697,0.06460616,2.7076316
-1.5647917,-0.096229918,-0.14544907,-27.811012,-14406.232,-21591.854,2.5184e-05,-0.022192968,4.980485,-4.0938883,0.036545888,3.2766867,-20098.191,0.064426102,2.6447494
-1.561368,-0.096459903,-0.14579362,-27.881996,-14368.152,-21534.434,2.52e-05,-0.022384865,4.9840508,-4.1292868,0.036224712,3.2045705,-20112.559,0.064151436,2.5818627
-1.5579343,-0.096689291,-0.14613725,-27.952902,-14329.984,-21476.877,2.5216e-05,-0.022923563,4.9875855,-4.2286592,0.035903305,3.1324351,-20126.799,0.064040042,2.5189719
-1.5544908,-0.096918061,-0.14647995,-28.023727,-14291.724,-21419.184,2.5232e-05,-0.022731666,4.9910884,-4.1932607,0.035581671,3.0602801,-20140.914,0.063180946,2.4560769
-1.5510373,-0.097146221,-0.14682174,-28.094471,-14253.374,-21361.355,2.5248e-05,-0.023403689,4.9945598,-4.3172274,0.035259813,2.9881063,-20154.9,0.062170781,2.3931777
-1.547574,-0.097373769,-0.14716259,-28.165133,-14214.934,-21303.393,2.5264e-05,-0.023891523,4.9979997,-4.407217,0.034937732,2.9159138,-20168.76,0.061378825,2.3302743
-1.5441009,-0.097600698,-0.14750251,-28.235708,-14176.405,-21245.295,2.528e-05,-0.024322327,5.0014081,-4.4866862,0.034615431,2.843703,-20182.492,0.062784202,2.2673674
-1.5406179,-0.097827017,-0.14784151,-28.306198,-14137.785,-21187.064,2.5296e-05,-0.024332346,5.0047851,-4.4885345,0.03429291,2.7714744,-20196.098,0.061564989,2.2044561
-1.5371251,-0.09805271,-0.14817956,-28.3766,-14099.078,-21128.699,2.5312e-05,-0.024598228,5.0081301,-4.537581,0.033970173,2.699228,-20209.574,0.06165044,2.1415412
-1.5336226,-0.098277792,-0.14851668,-28.446915,-14060.281,-21070.199,2.5328e-05,-0.025424385,5.0114436,-4.6899805,0.033647221,2.6269643,-20222.926,0.061258279,2.0786226
-1.5301104,-0.098502249,-0.14885287,-28.517139,-14021.396,-21011.568,2.5344e-05,-0.025729571,5.0147257,-4.7462773,0.033324055,2.5546837,-20236.148,0.061355937,2.0157001
-1.5265883,-0.098726079,-0.14918812,-28.587273,-13982.422,-20952.803,2.536e-05,-0.025818968,5.0179758,-4.7627683,0.033000682,2.4823866,-20249.244,0.060444959,1.9527742
-1.5230565,-0.098949291,-0.14952242,-28.657314,-13943.361,-20893.906,2.5376e-05,-0.026138796,5.0211945,-4.8217664,0.032677099,2.410073,-20262.211,0.060472425,1.8898448
-1.5195152,-0.099171877,-0.14985578,-28.727261,-13904.211,-20834.877,2.5392e-05,-0.026859371,5.0243812,-4.9546895,0.032353308,2.3377435,-20275.051,0.06019013,1.8269119
-1.515964,-0.099393837,-0.15018819,-28.797113,-13864.974,-20775.717,2.5408e-05,-0.026875556,5.0275364,-4.957675,0.032029316,2.2653987,-20287.762,0.059016693,1.7639757
-1.5124034,-0.099615172,-0.15051965,-28.866869,-13825.648,-20716.424,2.5424e-05,-0.027859701,5.0306597,-5.1392179,0.031705119,2.1930387,-20300.346,0.059067048,1.7010363
-1.5088331,-0.099835873,-0.15085016,-28.936527,-13786.237,-20657.002,2.544e-05,-0.027656244,5.033751,-5.1016865,0.03138072,2.1206639,-20312.803,0.057780694,1.6380938
-1.5052531,-0.10005595,-0.15117973,-29.006088,-13746.738,-20597.449,2.5456e-05,-0.028649636,5.0368109,-5.2849355,0.031056127,2.0482748,-20325.129,0.057939392,1.5751483
-1.5016636,-0.10027539,-0.15150833,-29.075546,-13707.153,-20537.766,2.5472e-05,-0.02857334,5.0398388,-5.2708616,0.030731335,1.9758718,-20337.33,0.057068087,1.5121999
-1.4980645,-0.10049419,-0.15183598,-29.144905,-13667.481,-20477.951,2.5488e-05,-0.029315494,5.0428348,-5.4077649,0.03040635,1.9034551,-20349.4,0.057701346,1.4492487
-1.4944561,-0.10071237,-0.15216267,-29.214159,-13627.724,-20418.01,2.5504e-05,-0.029623762,5.0457993,-5.4646306,0.030081173,1.8310255,-20361.344,0.057425153,1.3862947
-1.4908379,-0.1009299,-0.1524884,-29.28331,-13587.88,-20357.938,2.552e-05,-0.029521264,5.0487313,-5.4457226,0.029755805,1.7585831,-20373.158,0.057209998,1.3233383
-1.4872105,-0.1011468,-0.15281315,-29.352356,-13547.951,-20297.738,2.5536e-05,-0.03041447,5.0516319,-5.6104903,0.02943025,1.6861285,-20384.844,0.056707967,1.2603793
-1.4835736,-0.10136306,-0.15313695,-29.421293,-13507.936,-20237.41,2.5552e-05,-0.030713489,5.0545006,-5.6656499,0.029104508,1.613662,-20396.402,0.056625567,1.197418
-1.4799272,-0.10157868,-0.15345979,-29.490124,-13467.836,-20176.955,2.5568e-05,-0.031037942,5.0573373,-5.7255011,0.028778583,1.5411841,-20407.83,0.056236457,1.1344545
-1.4762714,-0.10179366,-0.15378165,-29.558846,-13427.65,-20116.371,2.5584e-05,-0.031194387,5.060142,-5.7543602,0.028452475,1.4686953,-20419.131,0.055270545,1.0714889
-1.4726063,-0.10200799,-0.15410253,-29.627457,-13387.382,-20055.66,2.56e-05,-0.031500343,5.0629144,-5.8107991,0.028126188,1.3961959,-20430.303,0.055688649,1.0085213
-1.4689318,-0.10222168,-0.15442245,-29.695955,-13347.027,-19994.822,2.5616e-05,-0.031847145,5.0656552,-5.874773,0.027799724,1.3236865,-20441.344,0.055258337,0.94555187
-1.465248,-0.10243473,-0.15474139,-29.764339,-13306.591,-19933.859,2.5632e-05,-0.032802776,5.0683641,-6.0510559,0.027473083,1.2511675,-20452.258,0.055885494,0.88258076
-1.461555,-0.10264713,-0.15505935,-29.832611,-13266.068,-19872.77,2.5648e-05,-0.03328136,5.0710406,-6.1393394,0.027146269,1.1786394,-20463.043,0.054252755,0.81960803
-1.4578526,-0.10285888,-0.15537634,-29.900766,-13225.464,-19811.555,2.5664e-05,-0.033367675,5.0736856,-6.155262,0.026819283,1.1061026,-20473.697,0.054106265,0.75663382
-1.454141,-0.10306998,-0.15569235,-29.968805,-13184.774,-19750.215,2.568e-05,-0.033656675,5.0762982,-6.2085733,0.026492128,1.0335577,-20484.225,0.053083897,0.69365835
-1.4504203,-0.10328043,-0.15600736,-30.036724,-13144.003,-19688.75,2.5696e-05,-0.033964943,5.0788789,-6.2654386,0.026164806,0.96100497,-20494.621,0.053747673,0.63068163
-1.4466902,-0.10349023,-0.15632141,-30.104525,-13103.148,-19627.162,2.5712e-05,-0.0345021,5.0814271,-6.3645267,0.025837317,0.88844508,-20504.889,0.053424176,0.5677039
-1.4429511,-0.10369937,-0.15663445,-30.172205,-13062.212,-19565.447,2.5728e-05,-0.034627721,5.0839438,-6.3876996,0.025509667,0.81587839,-20515.027,0.05297403,0.50472528
-1.4392028,-0.10390785,-0.15694651,-30.239761,-13021.191,-19503.611,2.5744e-05,-0.035086267,5.0864282,-6.4722867,0.025181854,0.7433055,-20525.037,0.05155034,0.44174591
-1.4354454,-0.10411569,-0.15725757,-30.307196,-12980.091,-19441.652,2.576e-05,-0.035989493,5.0888801,-6.6389027,0.024853883,0.67072678,-20534.918,0.051998962,0.37876588
-1.4316789,-0.10432286,-0.15756765,-30.374504,-12938.907,-19379.568,2.5776e-05,-0.036036503,5.0913,-6.6475749,0.024525756,0.5981428,-20544.668,0.051286355,0.31578541
-1.4279033,-0.10452938,-0.15787673,-30.441689,-12897.643,-19317.363,2.5792e-05,-0.036670763,5.093688,-6.7645755,0.024197472,0.52555406,-20554.289,0.052223273,0.25280461
-1.4241188,-0.10473523,-0.1581848,-30.508743,-12856.296,-19255.037,2.5808e-05,-0.036934331,5.0960436,-6.8131952,0.023869036,0.45296103,-20563.779,0.050703451,0.18982364
-1.4203252,-0.10494043,-0.15849188,-30.575672,-12814.87,-19192.588,2.5824e-05,-0.037086926,5.0983672,-6.8413439,0.023540448,0.38036421,-20573.141,0.050346386,0.12684263
-1.4165225,-0.10514496,-0.15879796,-30.642469,-12773.361,-19130.018,2.584e-05,-0.03765722,5.1006584,-6.9465451,0.023211714,0.30776411,-20582.373,0.05087588,0.063861743
-1.412711,-0.10534883,-0.15910304,-30.709137,-12731.773,-19067.326,2.5856e-05,-0.037930038,5.1029177,-6.996871,0.02288283,0.23516126,-20591.475,0.050686665,0.00088112813
-1.4088905,-0.10555203,-0.15940711,-30.775671,-12690.104,-19004.516,2.5872e-05,-0.037967801,5.1051445,-7.0038371,0.022553803,0.16255616,-20600.445,0.049151585,-0.062099066
-1.4050611,-0.10575456,-0.15971018,-30.842072,-12648.356,-18941.584,2.5888e-05,-0.039166961,5.1073389,-7.2250438,0.022224635,0.089949287,-20609.287,0.048675496,-0.12507868
-1.4012229,-0.10595642,-0.16001223,-30.908339,-12606.527,-18878.533,2.5904e-05,-0.039226305,5.1095014,-7.2359905,0.021895325,0.017341193,-20618,0.047920164,-0.18805757
-1.3973758,-0.10615762,-0.16031328,-30.97447,-12564.621,-18815.363,2.592e-05,-0.039536111,5.1116314,-7.2931399,0.021565877,-0.055267628,-20626.582,0.047975097,-0.25103557
-1.3935199,-0.10635815,-0.16061331,-31.040462,-12522.634,-18752.074,2.5936e-05,-0.039613951,5.113729,-7.3074985,0.021236291,-0.12787665,-20635.033,0.04808649,-0.31401253
-1.3896551,-0.106558,-0.16091233,-31.106318,-12480.568,-18688.666,2.5952e-05,-0.03995844,5.1157947,-7.3710456,0.020906573,-0.20048538,-20643.355,0.046946622,-0.37698829
-1.3857815,-0.10675719,-0.16121033,-31.172033,-12438.423,-18625.141,2.5968e-05,-0.040691346,5.1178279,-7.5062437,0.020576723,-0.27309325,-20651.547,0.046882533,-0.43996271
-1.3818994,-0.10695569,-0.16150732,-31.237608,-12396.201,-18561.498,2.5984e-05,-0.041647747,5.1198287,-7.6826687,0.02024674,-0.34569982,-20659.609,0.046624653,-0.50293559
-1.3780084,-0.10715352,-0.16180328,-31.30304,-12353.899,-18497.736,2.6e-05,-0.041445833,5.1217971,-7.645422,0.019916633,-0.4183045,-20667.539,0.046540726,-0.56590688
-1.3741087,-0.10735068,-0.16209823,-31.36833,-12311.522,-18433.859,2.6016e-05,-0.041677032,5.123733,-7.6880708,0.019586397,-0.49090683,-20675.34,0.04643086,-0.62887627
-1.3702003,-0.10754716,-0.16239214,-31.433474,-12269.065,-18369.865,2.6032e-05,-0.042493943,5.1256371,-7.8387642,0.019256039,-0.56350625,-20683.01,0.045216225,-0.69184369
-1.3662833,-0.10774296,-0.16268504,-31.498472,-12226.532,-18305.756,2.6048e-05,-0.042555597,5.1275082,-7.8501377,0.018925559,-0.63610226,-20690.551,0.045796074,-0.75480902
-1.3623576,-0.10793807,-0.16297689,-31.563324,-12183.921,-18241.531,2.6064e-05,-0.043107394,5.1293473,-7.9519267,0.01859496,-0.70869434,-20697.959,0.044895779,-0.81777203
-1.3584235,-0.1081325,-0.16326773,-31.628029,-12141.234,-18177.189,2.608e-05,-0.043626055,5.1311541,-8.0476027,0.018264242,-0.78128195,-20705.238,0.04529557,-0.88073254
-1.3544806,-0.10832626,-0.16355753,-31.692583,-12098.47,-18112.734,2.6096e-05,-0.043521244,5.1329279,-8.0282688,0.01793341,-0.85386461,-20712.387,0.044956814,-0.94369048
-1.3505293,-0.10851933,-0.16384631,-31.756987,-12055.631,-18048.164,2.6112e-05,-0.044449132,5.1346698,-8.1994333,0.017602464,-0.92644179,-20719.404,0.044784386,-1.0066457
-1.3465695,-0.10871171,-0.16413404,-31.821238,-12012.714,-17983.48,2.6128e-05,-0.044335071,5.1363792,-8.1783934,0.017271407,-0.99901295,-20726.291,0.044320505,-1.0695978
-1.3426012,-0.10890341,-0.16442074,-31.885336,-11969.723,-17918.684,2.6144e-05,-0.044805951,5.1380563,-8.2652559,0.01694024,-1.0715777,-20733.047,0.044091616,-1.132547
-1.3386244,-0.10909441,-0.16470641,-31.949282,-11926.655,-17853.773,2.616e-05,-0.045240607,5.1397004,-8.3454361,0.016608967,-1.1441354,-20739.672,0.042567216,-1.195493
-1.3346392,-0.10928474,-0.16499102,-32.013069,-11883.514,-17788.75,2.6176e-05,-0.045672182,5.1413126,-8.4250479,0.016277589,-1.2166854,-20746.168,0.043369852,-1.2584355
-1.3306456,-0.10947436,-0.16527461,-32.076702,-11840.296,-17723.613,2.6192e-05,-0.046075244,5.1428919,-8.4993992,0.015946107,-1.2892276,-20752.531,0.042663351,-1.3213744
-1.3266435,-0.1096633,-0.16555713,-32.140179,-11797.005,-17658.365,2.6208e-05,-0.046684071,5.1444387,-8.6117086,0.015614525,-1.3617611,-20758.764,0.042863246,-1.3843096
-1.3226331,-0.10985155,-0.16583861,-32.203495,-11753.639,-17593.006,2.6224e-05,-0.046836663,5.1459537,-8.6398573,0.015282845,-1.4342856,-20764.865,0.041811883,-1.4472409
-1.3186144,-0.1100391,-0.16611905,-32.266647,-11710.199,-17527.537,2.624e-05,-0.047494818,5.1474357,-8.7612648,0.014951067,-1.5068007,-20770.838,0.042277291,-1.5101683
-1.3145874,-0.11022595,-0.16639845,-32.329643,-11666.685,-17461.955,2.6256e-05,-0.047551073,5.1488848,-8.7716427,0.014619196,-1.5793056,-20776.678,0.041573841,-1.5730915
-1.310552,-0.11041211,-0.16667679,-32.392475,-11623.098,-17396.264,2.6272e-05,-0.047990356,5.1503019,-8.8526764,0.014287231,-1.6518,-20782.387,0.04083224,-1.6360104
-1.3065084,-0.11059757,-0.16695409,-32.455143,-11579.437,-17330.463,2.6288e-05,-0.048399583,5.1516862,-8.9281645,0.013955177,-1.7242835,-20787.963,0.040377513,-1.6989248
-1.3024565,-0.11078234,-0.16723031,-32.517647,-11535.704,-17264.551,2.6304e-05,-0.04808823,5.153038,-8.8707304,0.013623035,-1.7967553,-20793.41,0.040972624,-1.7618345
-1.2983965,-0.1109664,-0.16750549,-32.579983,-11491.897,-17198.531,2.632e-05,-0.049530152,5.1543574,-9.1367188,0.013290806,-1.8692153,-20798.727,0.039922789,-1.8247395
-1.2943282,-0.11114977,-0.16777961,-32.642151,-11448.02,-17132.404,2.6336e-05,-0.049321301,5.1556444,-9.0981922,0.012958493,-1.9416627,-20803.91,0.039973143,-1.8876395
-1.2902519,-0.11133242,-0.16805266,-32.704155,-11404.068,-17066.166,2.6352e-05,-0.050219133,5.1568985,-9.263813,0.012626098,-2.0140972,-20808.965,0.039857175,-1.9505345
-1.2861673,-0.11151438,-0.16832466,-32.765984,-11360.047,-16999.822,2.6368e-05,-0.050128192,5.1581202,-9.2470379,0.012293624,-2.0865183,-20813.887,0.038874477,-2.0134242
-1.2820747,-0.11169564,-0.1685956,-32.827644,-11315.952,-16933.371,2.6384e-05,-0.050681535,5.1593094,-9.3491116,0.011961072,-2.1589253,-20818.676,0.038564716,-2.0763087
-1.2779739,-0.11187619,-0.16886547,-32.889133,-11271.787,-16866.812,2.64e-05,-0.051063787,5.1604657,-9.4196243,0.011628444,-2.2313182,-20823.336,0.03906827,-2.1391876
-1.2738651,-0.11205602,-0.16913427,-32.950451,-11227.55,-16800.146,2.6416e-05,-0.051665679,5.1615896,-9.5306549,0.011295743,-2.3036962,-20827.863,0.037931457,-2.2020607
-1.2697482,-0.11223516,-0.169402,-33.011593,-11183.244,-16733.375,2.6432e-05,-0.051843703,5.1626806,-9.5634947,0.010962971,-2.3760588,-20832.262,0.037768181,-2.2649283
-1.2656233,-0.11241359,-0.16966866,-33.072559,-11138.865,-16666.498,2.6448e-05,-0.052299168,5.1637397,-9.6475134,0.010630129,-2.4484057,-20836.525,0.036893826,-2.3277898
-1.2614905,-0.1125913,-0.16993426,-33.133347,-11094.419,-16599.516,2.6464e-05,-0.052538846,5.1647654,-9.6917257,0.010297219,-2.5207367,-20840.66,0.036938079,-2.3906453
-1.2573497,-0.1127683,-0.17019878,-33.193958,-11049.9,-16532.428,2.648e-05,-0.052911852,5.1657591,-9.7605333,0.0099642454,-2.593051,-20844.662,0.036681723,-2.4534945
-1.2532009,-0.1129446,-0.17046222,-33.254395,-11005.314,-16465.236,2.6496e-05,-0.05368175,5.1667199,-9.9025545,0.0096312081,-2.6653481,-20848.533,0.037907042,-2.5163374
-1.2490442,-0.11312017,-0.17072459,-33.314644,-10960.657,-16397.939,2.6512e-05,-0.053535324,5.1676478,-9.8755436,0.0092981104,-2.737628,-20852.273,0.036239203,-2.579174
-1.2448796,-0.11329503,-0.17098588,-33.374718,-10915.933,-16330.541,2.6528e-05,-0.054402325,5.1685433,-10.035478,0.008964953,-2.8098898,-20855.881,0.035613574,-2.6420038
-1.2407072,-0.11346918,-0.17124608,-33.434605,-10871.138,-16263.039,2.6544e-05,-0.054759145,5.1694064,-10.101299,0.0086317398,-2.8821332,-20859.357,0.035770744,-2.7048271
-1.2365268,-0.11364262,-0.17150521,-33.494312,-10826.275,-16195.434,2.656e-05,-0.055128295,5.1702366,-10.169396,0.0082984716,-2.9543581,-20862.703,0.034698021,-2.7676435
-1.2323387,-0.11381533,-0.17176326,-33.553833,-10781.344,-16127.726,2.6576e-05,-0.055488199,5.1710339,-10.235786,0.0079651512,-3.0265639,-20865.916,0.03570208,-2.8304527
-1.2281427,-0.11398732,-0.17202021,-33.613167,-10736.346,-16059.917,2.6592e-05,-0.055714775,5.1717987,-10.277583,0.0076317801,-3.0987501,-20868.998,0.034051027,-2.893255
-1.2239389,-0.11415859,-0.17227608,-33.672318,-10691.278,-15992.006,2.6608e-05,-0.056029208,5.1725311,-10.335586,0.007298361,-3.1709163,-20871.947,0.033886228,-2.9560502
-1.2197275,-0.11432915,-0.17253087,-33.731277,-10646.146,-15923.994,2.6624e-05,-0.056597963,5.1732306,-10.440502,0.0069648954,-3.2430625,-20874.766,0.033864863,-3.0188379
-1.2155082,-0.11449898,-0.17278457,-33.790047,-10600.944,-15855.882,2.664e-05,-0.056773677,5.1738973,-10.472916,0.006631386,-3.3151879,-20877.453,0.033927426,-3.0816181
-1.2112813,-0.11466809,-0.17303717,-33.848629,-10555.678,-15787.669,2.6656e-05,-0.056977134,5.1745315,-10.510447,0.0062978351,-3.3872921,-20880.008,0.033037812,-3.1443908
-1.2070467,-0.11483647,-0.17328867,-33.907017,-10510.343,-15719.356,2.6672e-05,-0.057650696,5.1751332,-10.634698,0.0059642438,-3.4593751,-20882.432,0.032345042,-3.2071559
-1.2028044,-0.11500413,-0.17353909,-33.965214,-10464.943,-15650.945,2.6688e-05,-0.057925828,5.1757021,-10.685451,0.0056306152,-3.5314364,-20884.723,0.032444227,-3.2699134
-1.1985545,-0.11517106,-0.17378841,-34.023216,-10419.477,-15582.435,2.6704e-05,-0.058775105,5.1762381,-10.842114,0.0052969507,-3.6034756,-20886.883,0.032578509,-3.3326628
-1.194297,-0.11533727,-0.17403662,-34.081024,-10373.945,-15513.826,2.672e-05,-0.059103411,5.1767416,-10.902677,0.0049632527,-3.6754923,-20888.912,0.031769767,-3.3954043
-1.1900318,-0.11550274,-0.17428376,-34.138634,-10328.348,-15445.119,2.6736e-05,-0.059259083,5.1772122,-10.931394,0.004629523,-3.7474861,-20890.809,0.030959502,-3.4581378
-1.1857591,-0.11566749,-0.17452978,-34.196049,-10282.687,-15376.314,2.6752e-05,-0.059641335,5.17765,-11.001906,0.0042957645,-3.8194571,-20892.572,0.030767236,-3.5208631
-1.1814789,-0.1158315,-0.17477469,-34.253262,-10236.959,-15307.413,2.6768e-05,-0.059934963,5.1780553,-11.056071,0.0039619785,-3.8914044,-20894.205,0.030195013,-3.58358
-1.177191,-0.11599479,-0.1750185,-34.31028,-10191.168,-15238.415,2.6784e-05,-0.060381178,5.1784282,-11.138384,0.0036281678,-3.9633281,-20895.707,0.030294199,-3.6462886
-1.1728958,-0.11615734,-0.17526121,-34.367092,-10145.312,-15169.32,2.68e-05,-0.060948391,5.1787682,-11.243016,0.0032943338,-4.0352278,-20897.076,0.030043947,-3.7089889
-1.1685929,-0.11631916,-0.17550282,-34.423706,-10099.394,-15100.13,2.6816e-05,-0.0610139,5.1790752,-11.2551,0.0029604791,-4.1071033,-20898.314,0.02918485,-3.7716806
-1.1642827,-0.11648024,-0.17574331,-34.480118,-10053.409,-15030.845,2.6832e-05,-0.061417729,5.1793494,-11.329594,0.0026266056,-4.1789541,-20899.42,0.029177221,-3.8343635
-1.159965,-0.11664059,-0.1759827,-34.53632,-10007.364,-14961.464,2.6848e-05,-0.061775319,5.1795912,-11.395558,0.0022927155,-4.2507801,-20900.393,0.02868282,-3.897038
-1.15564,-0.1168002,-0.17622097,-34.592323,-9961.2539,-14891.989,2.6864e-05,-0.062265467,5.1798005,-11.485974,0.001958811,-4.3225813,-20901.236,0.028621783,-3.9597034
-1.1513075,-0.11695907,-0.17645812,-34.648117,-9915.083,-14822.42,2.688e-05,-0.062630765,5.1799769,-11.55336,0.0016248937,-4.3943567,-20901.945,0.027690969,-4.0223603
-1.1469676,-0.1171172,-0.17669417,-34.703701,-9868.8477,-14752.757,2.6896e-05,-0.063081607,5.1801205,-11.636525,0.0012909664,-4.4661064,-20902.525,0.027814569,-4.0850081
-1.1426204,-0.1172746,-0.1769291,-34.759079,-9822.5518,-14683.001,2.6912e-05,-0.063846111,5.1802311,-11.777552,0.0009570308,-4.5378308,-20902.971,0.027947325,-4.1476469
-1.138266,-0.11743125,-0.1771629,-34.814243,-9776.1924,-14613.152,2.6928e-05,-0.064018741,5.1803093,-11.809397,0.00062308914,-4.6095285,-20903.285,0.0264626,-4.2102766
-1.1339042,-0.11758717,-0.1773956,-34.869202,-9729.7734,-14543.211,2.6944e-05,-0.064292327,5.1803546,-11.859865,0.0002891435,-4.6812005,-20903.469,0.026572466,-4.2728972
-1.1295351,-0.11774234,-0.17762716,-34.923943,-9683.291,-14473.178,2.696e-05,-0.064708486,5.1803675,-11.936633,-4.4804034e-05,-4.7528458,-20903.52,0.026323739,-4.3355088
-1.1251588,-0.11789677,-0.17785762,-34.978474,-9636.75,-14403.054,2.6976e-05,-0.064894989,5.1803474,-11.971037,-0.00037875134,-4.8244638,-20903.439,0.026331371,-4.3981113
-1.1207752,-0.11805044,-0.17808694,-35.032791,-9590.1465,-14332.839,2.6992e-05,-0.065522313,5.1802945,-12.086758,-0.00071269629,-4.8960557,-20903.227,0.025385296,-4.4607043
-1.1163845,-0.11820338,-0.17831515,-35.086887,-9543.4834,-14262.532,2.7008e-05,-0.065790512,5.1802092,-12.136231,-0.0010466367,-4.9676199,-20902.883,0.025395978,-4.5232882
-1.1119865,-0.11835556,-0.17854221,-35.14077,-9496.7598,-14192.137,2.7024e-05,-0.066326894,5.1800909,-12.235177,-0.0013805707,-5.0391574,-20902.406,0.02496109,-4.5858626
-1.1075815,-0.11850701,-0.17876816,-35.194435,-9449.9775,-14121.651,2.704e-05,-0.066919535,5.1799402,-12.344501,-0.0017144959,-5.1106672,-20901.799,0.0248558,-4.6484275
-1.1031692,-0.1186577,-0.17899297,-35.247879,-9403.1338,-14051.076,2.7056e-05,-0.067059033,5.1797566,-12.370233,-0.0020484105,-5.1821494,-20901.059,0.0238258,-4.7109828
-1.0987499,-0.11880764,-0.17921667,-35.301102,-9356.2334,-13980.413,2.7072e-05,-0.067583859,5.1795402,-12.467046,-0.002382312,-5.2536039,-20900.188,0.023723563,-4.7735286
-1.0943235,-0.11895683,-0.17943922,-35.354107,-9309.2715,-13909.661,2.7088e-05,-0.067742616,5.1792912,-12.496331,-0.0027161986,-5.3250308,-20899.184,0.023918882,-4.8360653
-1.08989,-0.11910528,-0.17966063,-35.406883,-9262.2529,-13838.821,2.7104e-05,-0.067932196,5.1790094,-12.531304,-0.0030500682,-5.3964295,-20898.049,0.022864467,-4.898592
-1.0854495,-0.11925296,-0.17988093,-35.459438,-9215.1748,-13767.895,2.712e-05,-0.068265125,5.1786947,-12.592719,-0.0033839184,-5.4678006,-20896.781,0.023392437,-4.9611096
-1.0810019,-0.11939991,-0.18010008,-35.511768,-9168.04,-13696.88,2.7136e-05,-0.068936378,5.1783476,-12.716543,-0.0037177473,-5.5391431,-20895.383,0.022635579,-5.0236173
-1.0765474,-0.11954609,-0.18031809,-35.563873,-9120.8457,-13625.779,2.7152e-05,-0.069572955,5.1779675,-12.83397,-0.0040515526,-5.6104574,-20893.852,0.021759698,-5.0861154
-1.0720859,-0.11969151,-0.18053496,-35.615749,-9073.5957,-13554.593,2.7168e-05,-0.069886617,5.1775551,-12.891831,-0.0043853326,-5.6817436,-20892.189,0.022220526,-5.1486039
-1.0676174,-0.11983618,-0.1807507,-35.667393,-9026.2871,-13483.32,2.7184e-05,-0.070131689,5.1771097,-12.937039,-0.0047190851,-5.7530012,-20890.395,0.021497238,-5.2110825
-1.0631422,-0.1199801,-0.18096529,-35.718811,-8978.9229,-13411.963,2.72e-05,-0.070534751,5.1766315,-13.011391,-0.0050528073,-5.8242302,-20888.469,0.021393476,-5.2735519
-1.0586599,-0.12012325,-0.18117873,-35.769997,-8931.501,-13340.521,2.7216e-05,-0.070587158,5.1761208,-13.021058,-0.0053864983,-5.895431,-20886.412,0.021005889,-5.3360114
-1.0541708,-0.12026565,-0.18139103,-35.820946,-8884.0244,-13268.994,2.7232e-05,-0.071562052,5.1755776,-13.200895,-0.0057201548,-5.9666033,-20884.221,0.020680867,-5.3984609
-1.0496749,-0.12040728,-0.18160219,-35.871666,-8836.4902,-13197.384,2.7248e-05,-0.071726978,5.1750016,-13.231318,-0.0060537755,-6.0377469,-20881.9,0.019983521,-5.4609013
-1.0451721,-0.12054816,-0.18181221,-35.92215,-8788.9014,-13125.69,2.7264e-05,-0.07202214,5.1743927,-13.285767,-0.0063873576,-6.1088619,-20879.447,0.019750053,-5.5233316
-1.0406625,-0.12068827,-0.18202107,-35.972397,-8741.2568,-13053.914,2.728e-05,-0.072422117,5.1737509,-13.35955,-0.0067209001,-6.1799483,-20876.863,0.019792778,-5.5857525
-1.0361463,-0.12082763,-0.18222879,-36.022404,-8693.5586,-12982.055,2.7296e-05,-0.072872192,5.1730771,-13.442574,-0.0070543997,-6.2510061,-20874.146,0.019289223,-5.6481638
-1.0316232,-0.12096622,-0.18243535,-36.072174,-8645.8037,-12910.114,2.7312e-05,-0.073124968,5.17237,-13.489202,-0.0073878546,-6.3220353,-20871.299,0.01880398,-5.7105651
-1.0270934,-0.12110405,-0.18264075,-36.121704,-8597.9961,-12838.092,2.7328e-05,-0.073692955,5.1716304,-13.593978,-0.0077212634,-6.3930359,-20868.318,0.019153416,-5.7729573
-1.022557,-0.12124111,-0.18284501,-36.170994,-8550.1318,-12765.988,2.7344e-05,-0.073897183,5.1708584,-13.631651,-0.0080546234,-6.4640083,-20865.209,0.018732261,-5.8353395
-1.018014,-0.1213774,-0.18304811,-36.220043,-8502.2168,-12693.804,2.736e-05,-0.074164599,5.1700535,-13.680982,-0.0083879326,-6.5349522,-20861.965,0.017940305,-5.8977122
-1.0134642,-0.12151293,-0.18325005,-36.268845,-8454.2461,-12621.539,2.7376e-05,-0.074956849,5.1692162,-13.827127,-0.0087211886,-6.6058674,-20858.592,0.017818231,-5.9600754
-1.0089079,-0.12164769,-0.18345085,-36.317402,-8406.2236,-12549.195,2.7392e-05,-0.075190365,5.1683459,-13.870202,-0.0090543889,-6.6767545,-20855.086,0.016664632,-6.0224295
-1.0043451,-0.12178168,-0.18365046,-36.365715,-8358.1465,-12476.771,2.7408e-05,-0.075670488,5.1674428,-13.95877,-0.0093875332,-6.7476134,-20851.447,0.01705832,-6.0847735
-0.99977559,-0.12191491,-0.18384893,-36.41378,-8310.0195,-12404.27,2.7424e-05,-0.07591942,5.1665077,-14.004688,-0.0097206179,-6.8184443,-20847.68,0.016240425,-6.1471086
-0.99519962,-0.12204736,-0.18404624,-36.461594,-8261.8379,-12331.688,2.744e-05,-0.076089732,5.1655393,-14.036107,-0.010053641,-6.8892469,-20843.779,0.015376751,-6.209434
-0.99061716,-0.12217904,-0.18424238,-36.509159,-8213.6055,-12259.03,2.7456e-05,-0.076592982,5.1645389,-14.12894,-0.010386601,-6.9600215,-20839.746,0.015941344,-6.27175
-0.98602825,-0.12230995,-0.18443736,-36.556473,-8165.3198,-12186.294,2.7472e-05,-0.077003747,5.1635056,-14.204713,-0.010719495,-7.0307684,-20835.584,0.015085299,-6.3340569
-0.98143291,-0.12244009,-0.18463118,-36.603531,-8116.9849,-12113.481,2.7488e-05,-0.077547841,5.1624393,-14.30508,-0.011052322,-7.1014876,-20831.289,0.015018159,-6.3963542
-0.9768312,-0.12256946,-0.18482384,-36.650337,-8068.5972,-12040.592,2.7504e-05,-0.07813663,5.1613407,-14.413693,-0.011385079,-7.1721797,-20826.863,0.014990692,-6.4586425
-0.9722231,-0.12269805,-0.18501532,-36.696888,-8020.1602,-11967.627,2.752e-05,-0.078251459,5.1602097,-14.434875,-0.011717764,-7.2428436,-20822.305,0.014139226,-6.5209217
-0.96760863,-0.12282586,-0.18520562,-36.743183,-7971.6709,-11894.586,2.7536e-05,-0.078547396,5.1590462,-14.489467,-0.012050374,-7.3134809,-20817.615,0.014494766,-6.5831919
-0.96298784,-0.1229529,-0.18539478,-36.789219,-7923.1338,-11821.47,2.7552e-05,-0.078871854,5.1578498,-14.549317,-0.01238291,-7.3840909,-20812.797,0.01389813,-6.645453
-0.95836079,-0.12307917,-0.18558274,-36.834995,-7874.5444,-11748.278,2.7568e-05,-0.079134651,5.1566205,-14.597795,-0.012715366,-7.4546742,-20807.844,0.01288644,-6.707705
-0.95372748,-0.12320465,-0.18576954,-36.880512,-7825.9077,-11675.014,2.7584e-05,-0.079798199,5.1553593,-14.720199,-0.013047743,-7.5252309,-20802.762,0.012794885,-6.7699485
-0.94908792,-0.12332936,-0.18595517,-36.925766,-7777.2197,-11601.675,2.76e-05,-0.080109544,5.1540651,-14.777633,-0.013380037,-7.5957608,-20797.549,0.012498856,-6.8321829
-0.94444215,-0.12345329,-0.18613963,-36.970757,-7728.4849,-11528.263,2.7616e-05,-0.080571949,5.1527386,-14.86293,-0.013712246,-7.6662645,-20792.203,0.012477493,-6.8944082
-0.93979031,-0.12357643,-0.1863229,-37.015484,-7679.6992,-11454.777,2.7632e-05,-0.081146099,5.1513796,-14.968843,-0.01404437,-7.7367425,-20786.727,0.012607196,-6.9566255
-0.93513227,-0.1236988,-0.186505,-37.05994,-7630.8672,-11381.221,2.7648e-05,-0.080800839,5.1499877,-14.905153,-0.014376404,-7.8071947,-20781.119,0.011941893,-7.0188341
-0.93046814,-0.12382039,-0.18668592,-37.104134,-7581.9854,-11307.591,2.7664e-05,-0.081454366,5.1485634,-15.025708,-0.014708348,-7.8776212,-20775.381,0.01139256,-7.0810342
-0.92579794,-0.1239412,-0.18686566,-37.148056,-7533.0581,-11233.891,2.768e-05,-0.082006164,5.1471066,-15.127498,-0.015040198,-7.9480224,-20769.512,0.011140781,-7.1432257
-0.92112172,-0.12406121,-0.18704422,-37.191711,-7484.0811,-11160.119,2.7696e-05,-0.082856983,5.1456175,-15.284446,-0.015371954,-8.0183992,-20763.512,0.010258797,-7.205409
-0.91643947,-0.12418045,-0.1872216,-37.235092,-7435.0591,-11086.277,2.7712e-05,-0.083278537,5.1440954,-15.362209,-0.015703613,-8.0887499,-20757.381,0.010754723,-7.2675843
-0.91175127,-0.12429891,-0.18739781,-37.278198,-7385.9883,-11012.365,2.7728e-05,-0.083320923,5.1425414,-15.370028,-0.016035173,-8.1590776,-20751.119,0.0099673448,-7.329751
-0.90705717,-0.12441657,-0.18757282,-37.32103,-7336.873,-10938.384,2.7744e-05,-0.083720133,5.1409545,-15.443669,-0.016366631,-8.2293806,-20744.725,0.0093142493,-7.3919101
-0.9023571,-0.12453346,-0.18774664,-37.36359,-7287.7095,-10864.333,2.776e-05,-0.083899699,5.1393352,-15.476793,-0.016697986,-8.2996597,-20738.201,0.0093798637,-7.4540615
-0.8976512,-0.12464955,-0.18791929,-37.405869,-7238.5024,-10790.213,2.7776e-05,-0.084474616,5.1376839,-15.582848,-0.017029235,-8.369915,-20731.547,0.0094668418,-7.5162048
-0.89293945,-0.12476487,-0.18809074,-37.447868,-7189.2476,-10716.025,2.7792e-05,-0.084543206,5.1359997,-15.5955,-0.017360378,-8.4401474,-20724.762,0.0084292125,-7.5783401
-0.88822192,-0.12487939,-0.18826102,-37.48959,-7139.9497,-10641.771,2.7808e-05,-0.085365511,5.1342831,-15.747189,-0.017691409,-8.5103569,-20717.846,0.0078157904,-7.6404681
-0.88349861,-0.12499312,-0.18843009,-37.531029,-7090.6045,-10567.448,2.7824e-05,-0.085559718,5.132534,-15.783014,-0.01802233,-8.5805445,-20710.799,0.0082415231,-7.702589
-0.87876952,-0.12510607,-0.18859798,-37.572186,-7041.2173,-10493.059,2.784e-05,-0.086263344,5.1307526,-15.912809,-0.018353138,-8.6507092,-20703.621,0.0086748861,-7.7647023
-0.87403476,-0.12521821,-0.18876468,-37.613056,-6991.7832,-10418.604,2.7856e-05,-0.086490691,5.1289387,-15.954748,-0.018683828,-8.7208519,-20696.312,0.0076036868,-7.826808
-0.86929435,-0.12532957,-0.18893018,-37.653641,-6942.3076,-10344.082,2.7872e-05,-0.086489148,5.1270924,-15.954464,-0.019014401,-8.7909737,-20688.875,0.0069154943,-7.888907
-0.86454833,-0.12544015,-0.1890945,-37.693939,-6892.7861,-10269.496,2.7888e-05,-0.086717263,5.1252136,-15.996544,-0.019344855,-8.8610744,-20681.305,0.0068300422,-7.9509988
-0.85979664,-0.12554993,-0.18925761,-37.733948,-6843.2236,-10194.845,2.7904e-05,-0.087435529,5.1233029,-16.12904,-0.019675186,-8.9311543,-20673.605,0.0071047088,-8.0130844
-0.85503948,-0.1256589,-0.18941954,-37.773663,-6793.6157,-10120.128,2.792e-05,-0.0878409,5.1213593,-16.203819,-0.020005392,-9.001214,-20665.775,0.0066377758,-8.0751619
-0.85027671,-0.1257671,-0.18958026,-37.813087,-6743.9673,-10045.349,2.7936e-05,-0.088334128,5.1193838,-16.294804,-0.020335473,-9.0712538,-20657.816,0.0057130652,-8.1372337
-0.84550852,-0.12587449,-0.18973979,-37.852222,-6694.2744,-9970.5059,2.7952e-05,-0.088778034,5.1173754,-16.37669,-0.020665424,-9.1412745,-20649.725,0.0057329019,-8.1992989
-0.84073484,-0.12598109,-0.18989812,-37.891056,-6644.5415,-9895.5996,2.7968e-05,-0.089306712,5.115335,-16.474215,-0.020995246,-9.2112751,-20641.504,0.0054506059,-8.2613583
-0.83595574,-0.12608691,-0.19005525,-37.929596,-6594.7646,-9820.6309,2.7984e-05,-0.089262784,5.1132627,-16.46611,-0.021324934,-9.2812586,-20633.154,0.0046769618,-8.323411
-0.83117127,-0.12619191,-0.19021118,-37.967838,-6544.9487,-9745.5996,2.8e-05,-0.089822292,5.1111574,-16.569323,-0.021654489,-9.351223,-20624.674,0.004383984,-8.385458
-0.8263815,-0.12629612,-0.19036591,-38.005779,-6495.0894,-9670.5078,2.8016e-05,-0.090377949,5.1090202,-16.671822,-0.021983907,-9.4211693,-20616.062,0.0038575395,-8.4474983
-0.82158637,-0.12639953,-0.19051944,-38.043419,-6445.1914,-9595.3545,2.8032e-05,-0.090505108,5.1068506,-16.695278,-0.022313185,-9.4910994,-20607.32,0.0037812432,-8.5095329
-0.81678599,-0.12650216,-0.19067176,-38.080757,-6395.2505,-9520.1396,2.8048e-05,-0.090987548,5.1046491,-16.784273,-0.022642324,-9.5610123,-20598.449,0.0044068727,-8.5715628
-0.81198037,-0.12660398,-0.19082287,-38.11779,-6345.272,-9444.8662,2.8064e-05,-0.091691934,5.1024146,-16.914211,-0.022971319,-9.630908,-20589.449,0.0027008881,-8.6335869
-0.8071695,-0.12670499,-0.19097278,-38.154518,-6295.251,-9369.5322,2.808e-05,-0.092336215,5.1001487,-17.03306,-0.023300167,-9.7007885,-20580.318,0.0030075992,-8.6956053
-0.8023535,-0.1268052,-0.19112149,-38.190937,-6245.1929,-9294.1387,2.8096e-05,-0.092138924,5.0978498,-16.996666,-0.02362887,-9.7706537,-20571.057,0.0030564286,-8.757618
-0.79753244,-0.12690462,-0.19126898,-38.227047,-6195.0933,-9218.6875,2.8112e-05,-0.092403263,5.0955195,-17.045427,-0.023957424,-9.8405046,-20561.666,0.0012939848,-8.8196268
-0.79270625,-0.12700324,-0.19141528,-38.262844,-6144.957,-9143.1777,2.8128e-05,-0.093259476,5.0931563,-17.203371,-0.024285827,-9.9103403,-20552.146,0.00135197,-8.8816299
-0.787875,-0.12710105,-0.19156036,-38.298332,-6094.7798,-9067.6094,2.8144e-05,-0.093100719,5.0907612,-17.174086,-0.024614075,-9.9801626,-20542.496,0.0015518662,-8.9436293
-0.78303874,-0.12719806,-0.19170423,-38.333504,-6044.5664,-8991.9854,2.816e-05,-0.093602426,5.0883341,-17.266634,-0.024942169,-10.049971,-20532.717,0.00057527388,-9.0056229
-0.77819747,-0.12729426,-0.19184689,-38.368359,-5994.313,-8916.3027,2.8176e-05,-0.09439005,5.085875,-17.411926,-0.025270104,-10.119766,-20522.809,0.00032654806,-9.0676126
-0.77335131,-0.12738967,-0.19198833,-38.402897,-5944.0239,-8840.5654,2.8192e-05,-0.094278306,5.0833836,-17.391312,-0.02559788,-10.189549,-20512.771,0.00094912562,-9.1295986
-0.76850021,-0.12748426,-0.19212858,-38.437119,-5893.6953,-8764.7715,2.8208e-05,-0.095257051,5.0808597,-17.571859,-0.025925495,-10.259321,-20502.604,-0.00063783687,-9.1915798
-0.76364428,-0.12757805,-0.1922676,-38.471016,-5843.332,-8688.9219,2.8224e-05,-0.094913334,5.0783043,-17.508455,-0.026252946,-10.329082,-20492.307,-0.00055391097,-9.2535572
-0.75878352,-0.12767103,-0.1924054,-38.504593,-5792.9297,-8613.0176,2.824e-05,-0.095635451,5.0757165,-17.641663,-0.026580231,-10.398831,-20481.881,-9.6133306e-05,-9.3155317
-0.75391799,-0.12776323,-0.192542,-38.537846,-5742.4932,-8537.0596,2.8256e-05,-0.095914438,5.0730963,-17.693127,-0.026907349,-10.468571,-20471.324,-0.0013245033,-9.3775015
-0.7490477,-0.12785459,-0.19267738,-38.57077,-5692.0186,-8461.0469,2.8272e-05,-0.09667971,5.0704446,-17.834293,-0.027234295,-10.5383,-20460.641,-0.0014374218,-9.4394684
-0.74417263,-0.12794515,-0.19281153,-38.603371,-5641.5103,-8384.9805,2.8288e-05,-0.096756779,5.0677605,-17.848511,-0.02756107,-10.608021,-20449.826,-0.0012878811,-9.5014315
-0.73929298,-0.12803492,-0.19294448,-38.635639,-5590.9644,-8308.8623,2.8304e-05,-0.097270042,5.0650449,-17.943192,-0.027887672,-10.677732,-20438.885,-0.0019287698,-9.5633926
-0.73440862,-0.12812386,-0.19307621,-38.667576,-5540.3857,-8232.6904,2.832e-05,-0.097604513,5.0622969,-18.00489,-0.028214097,-10.747437,-20427.812,-0.0024109622,-9.62535
-0.72951967,-0.128212,-0.1932067,-38.699184,-5489.7695,-8156.4673,2.8336e-05,-0.098244943,5.0595169,-18.12303,-0.028540345,-10.817133,-20416.613,-0.0030549029,-9.6873045
-0.72462618,-0.12829934,-0.193336,-38.730453,-5439.1216,-8080.1924,2.8352e-05,-0.098324321,5.056705,-18.137672,-0.02886641,-10.886823,-20405.283,-0.0024704733,-9.7492571
-0.71972811,-0.12838586,-0.19346406,-38.761391,-5388.437,-8003.8662,2.8368e-05,-0.098753579,5.0538611,-18.216856,-0.029192295,-10.956506,-20393.826,-0.0033555101,-9.8112068
-0.71482557,-0.12847157,-0.19359089,-38.791988,-5337.7212,-7927.4897,2.8384e-05,-0.099245265,5.0509858,-18.307558,-0.029517995,-11.026183,-20382.24,-0.0045289467,-9.8731537
-0.70991862,-0.12855646,-0.19371651,-38.822247,-5286.9692,-7851.0635,2.84e-05,-0.099479549,5.0480781,-18.350775,-0.029843509,-11.095856,-20370.525,-0.0045762504,-9.9350996
-0.7050072,-0.12864055,-0.19384091,-38.852161,-5236.1865,-7774.5869,2.8416e-05,-0.099804007,5.0451384,-18.410625,-0.030168835,-11.165524,-20358.682,-0.0040375986,-9.9970427
-0.70009142,-0.12872382,-0.19396406,-38.881737,-5185.3687,-7698.062,2.8432e-05,-0.1003219,5.0421672,-18.506161,-0.030493969,-11.235188,-20346.711,-0.0051911986,-10.058985
-0.6951713,-0.12880628,-0.19408602,-38.910965,-5134.5205,-7621.4878,2.8448e-05,-0.10054231,5.0391641,-18.54682,-0.030818911,-11.304849,-20334.609,-0.0049943542,-10.120925
-0.69024682,-0.12888792,-0.19420673,-38.939846,-5083.6377,-7544.8657,2.8464e-05,-0.10110181,5.036129,-18.65003,-0.03114366,-11.374507,-20322.383,-0.0050477614,-10.182864
-0.68531811,-0.12896875,-0.19432622,-38.96838,-5032.7256,-7468.1963,2.848e-05,-0.10137694,5.033062,-18.700783,-0.031468209,-11.444162,-20310.025,-0.0067720572,-10.244802
-0.68038517,-0.12904876,-0.19444448,-38.996563,-4981.7788,-7391.4795,2.8496e-05,-0.10201814,5.0299635,-18.819063,-0.031792562,-11.513817,-20297.541,-0.0064119389,-10.306739
-0.675448,-0.12912796,-0.19456153,-39.024395,-4930.8037,-7314.7158,2.8512e-05,-0.10252986,5.0268331,-18.91346,-0.032116715,-11.58347,-20284.928,-0.0064287242,-10.368674
-0.67050666,-0.12920636,-0.19467732,-39.051872,-4879.7954,-7237.9062,2.8528e-05,-0.10248902,5.0236707,-18.905924,-0.032440662,-11.653123,-20272.188,-0.007060457,-10.43061
-0.6655612,-0.12928392,-0.1947919,-39.078991,-4828.7588,-7161.0508,2.8544e-05,-0.1031464,5.0204768,-19.027189,-0.032764405,-11.722776,-20259.32,-0.0070299385,-10.492544
-0.66061169,-0.12936068,-0.19490525,-39.105755,-4777.6895,-7084.1499,2.856e-05,-0.10322886,5.0172515,-19.042402,-0.033087943,-11.792431,-20246.324,-0.0079561751,-10.554479
-0.65565807,-0.12943661,-0.19501737,-39.13216,-4726.5923,-7007.2046,2.8576e-05,-0.10384,5.0139937,-19.155138,-0.033411272,-11.862086,-20233.199,-0.0074663535,-10.616412
-0.65070045,-0.12951173,-0.19512825,-39.158203,-4675.4629,-6930.2148,2.8592e-05,-0.10426618,5.010705,-19.233753,-0.033734389,-11.931744,-20219.949,-0.0080217905,-10.678347
-0.64573878,-0.12958603,-0.1952379,-39.183884,-4624.3071,-6853.1812,2.8608e-05,-0.10453052,5.0073843,-19.282516,-0.034057289,-12.001404,-20206.57,-0.0084994053,-10.740281
-0.64077324,-0.12965952,-0.19534631,-39.209198,-4573.1196,-6776.1045,2.8624e-05,-0.10462069,5.0040321,-19.299149,-0.034379981,-12.071068,-20193.064,-0.0086947232,-10.802216
-0.6358037,-0.12973218,-0.19545349,-39.234146,-4521.9062,-6698.9849,2.864e-05,-0.10545841,5.000648,-19.453682,-0.03470245,-12.140736,-20179.43,-0.0093569746,-10.864151
-0.63083035,-0.12980402,-0.19555944,-39.258724,-4470.6616,-6621.8228,2.8656e-05,-0.10559944,4.9972329,-19.479696,-0.035024703,-12.210407,-20165.668,-0.0091082491,-10.926086
-0.62585306,-0.12987505,-0.19566417,-39.282932,-4419.3916,-6544.6191,2.8672e-05,-0.10621212,4.9937859,-19.592716,-0.035346735,-12.280085,-20151.781,-0.0098483227,-10.988023
-0.62087202,-0.12994525,-0.19576764,-39.30677,-4368.0913,-6467.374,2.8688e-05,-0.10602716,4.9903073,-19.558598,-0.035668544,-12.349768,-20137.766,-0.0097811827,-11.049961
-0.61588717,-0.13001463,-0.19586988,-39.330235,-4316.7661,-6390.0884,2.8704e-05,-0.10657357,4.9867969,-19.659391,-0.035990126,-12.419457,-20123.623,-0.010792871,-11.111899
-0.61089855,-0.13008319,-0.19597088,-39.353317,-4265.4111,-6312.7622,2.872e-05,-0.10752997,4.9832554,-19.835817,-0.036311481,-12.489154,-20109.354,-0.010757775,-11.173841
-0.60590625,-0.13015093,-0.19607066,-39.376026,-4214.0322,-6235.396,2.8736e-05,-0.10761628,4.9796824,-19.85174,-0.036632609,-12.558858,-20094.959,-0.011535997,-11.235782
-0.60091019,-0.13021785,-0.19616918,-39.398354,-4162.6245,-6157.9902,2.8752e-05,-0.10834919,4.976078,-19.986937,-0.036953501,-12.628571,-20080.436,-0.011288797,-11.297726
-0.59591055,-0.13028395,-0.19626647,-39.4203,-4111.1929,-6080.5459,2.8768e-05,-0.10829987,4.9724417,-19.977839,-0.037274163,-12.698292,-20065.787,-0.011247597,-11.359671
-0.59090728,-0.13034922,-0.19636251,-39.441864,-4059.7329,-6003.063,2.8784e-05,-0.1087037,4.9687743,-20.052332,-0.03759459,-12.768023,-20051.01,-0.012314219,-11.421618
-0.58590037,-0.13041367,-0.19645733,-39.463039,-4008.2502,-5925.5425,2.88e-05,-0.10929326,4.9650755,-20.161087,-0.037914779,-12.837763,-20036.107,-0.012367626,-11.483567
-0.58088994,-0.13047729,-0.19655089,-39.483829,-3956.74,-5847.9839,2.8816e-05,-0.10926937,4.9613457,-20.156681,-0.038234726,-12.907515,-20021.08,-0.012541582,-11.54552
-0.57587594,-0.13054009,-0.19664322,-39.50423,-3905.2073,-5770.3892,2.8832e-05,-0.11015794,4.9575844,-20.320595,-0.038554434,-12.977277,-20005.924,-0.012762841,-11.607474
-0.57085848,-0.13060206,-0.19673431,-39.524239,-3853.6477,-5692.7573,2.8848e-05,-0.11038607,4.9537911,-20.362677,-0.0388739,-13.047051,-19990.643,-0.013080233,-11.669431
-0.56583756,-0.13066322,-0.19682415,-39.54385,-3802.0664,-5615.0898,2.8864e-05,-0.11089548,4.9499674,-20.456646,-0.039193116,-13.116838,-19975.236,-0.013444929,-11.731391
-0.56081319,-0.13072354,-0.19691274,-39.563072,-3750.4587,-5537.3867,2.888e-05,-0.11105423,4.9461122,-20.485931,-0.03951209,-13.186639,-19959.703,-0.014194159,-11.793354
-0.55578542,-0.13078305,-0.1970001,-39.581894,-3698.8303,-5459.6489,2.8896e-05,-0.11120683,4.9422255,-20.51408,-0.039830811,-13.256453,-19944.043,-0.015338602,-11.85532
-0.55075425,-0.13084172,-0.1970862,-39.600315,-3647.176,-5381.8765,2.8912e-05,-0.11204532,4.9383078,-20.668755,-0.040149279,-13.32628,-19928.26,-0.015105137,-11.917289
-0.54571974,-0.13089956,-0.19717108,-39.61834,-3595.5015,-5304.0698,2.8928e-05,-0.11183492,4.9343586,-20.629944,-0.040467497,-13.396123,-19912.348,-0.015761284,-11.979261
-0.54068196,-0.13095659,-0.19725469,-39.635956,-3543.8018,-5226.23,2.8944e-05,-0.11258864,4.9303784,-20.76898,-0.040785458,-13.465981,-19896.312,-0.01470687,-12.041238
-0.53564084,-0.13101278,-0.19733706,-39.653172,-3492.0828,-5148.3569,2.896e-05,-0.11315046,4.9263673,-20.872618,-0.041103162,-13.535855,-19880.15,-0.015855892,-12.103218
-0.53059649,-0.13106814,-0.1974182,-39.669975,-3440.3389,-5070.4517,2.8976e-05,-0.11333619,4.9223247,-20.906878,-0.041420605,-13.605746,-19863.863,-0.017325358,-12.165201
-0.52554893,-0.13112269,-0.19749807,-39.686375,-3388.5764,-4992.5142,2.8992e-05,-0.11384097,4.918251,-20.999996,-0.041737787,-13.675654,-19847.451,-0.016534928,-12.227189
-0.52049816,-0.1311764,-0.1975767,-39.702362,-3336.7898,-4914.5449,2.9008e-05,-0.11460086,4.9141464,-21.140169,-0.042054705,-13.74558,-19830.914,-0.017218543,-12.289181
-0.51544422,-0.13122928,-0.19765408,-39.717937,-3284.9854,-4836.5449,2.9024e-05,-0.11452456,4.9100108,-21.126095,-0.042371359,-13.815523,-19814.252,-0.017380292,-12.351177
-0.51038712,-0.13128133,-0.19773023,-39.733093,-3233.1572,-4758.5142,2.904e-05,-0.11474266,4.9058442,-21.166327,-0.042687744,-13.885487,-19797.465,-0.01807764,-12.413177
-0.50532693,-0.13133256,-0.19780511,-39.747837,-3181.312,-4680.4536,2.9056e-05,-0.11537692,4.9016466,-21.283327,-0.043003861,-13.955468,-19780.553,-0.018475905,-12.475183
-0.50026363,-0.13138294,-0.19787875,-39.762161,-3129.4438,-4602.3633,2.9072e-05,-0.1160605,4.897418,-21.409428,-0.043319702,-14.025471,-19763.516,-0.018195136,-12.537192
-0.4951973,-0.13143252,-0.19795114,-39.776066,-3077.5591,-4524.2437,2.9088e-05,-0.11626396,4.8931584,-21.446959,-0.043635275,-14.095493,-19746.354,-0.018407239,-12.599207
-0.49012792,-0.13148125,-0.19802228,-39.789547,-3025.6521,-4446.0957,2.9104e-05,-0.11653909,4.8888683,-21.497711,-0.043950569,-14.165537,-19729.066,-0.019064913,-12.661226
-0.48505554,-0.13152915,-0.19809216,-39.802601,-2973.7292,-4367.9199,2.912e-05,-0.11700843,4.8845468,-21.584288,-0.044265587,-14.235602,-19711.656,-0.018894009,-12.723251
-0.4799802,-0.13157623,-0.1981608,-39.815231,-2921.7847,-4289.7163,2.9136e-05,-0.11726429,4.8801947,-21.631487,-0.044580325,-14.30569,-19694.121,-0.020041505,-12.785281
-0.47490188,-0.13162246,-0.19822818,-39.827431,-2869.825,-4211.4854,2.9152e-05,-0.1175032,4.8758116,-21.675558,-0.044894781,-14.375799,-19676.463,-0.019600512,-12.847316
-0.46982068,-0.13166788,-0.19829431,-39.839203,-2817.8442,-4133.228,2.9168e-05,-0.11839178,4.871398,-21.839472,-0.045208953,-14.445932,-19658.68,-0.020476393,-12.909356
-0.46473655,-0.13171245,-0.19835919,-39.85054,-2765.8489,-4054.9448,2.9184e-05,-0.11839718,4.8669534,-21.840467,-0.045522839,-14.516089,-19640.771,-0.020990631,-12.971402
-0.45964956,-0.1317562,-0.19842282,-39.861446,-2713.8335,-3976.6357,2.92e-05,-0.11895206,4.8624783,-21.942825,-0.045836441,-14.58627,-19622.742,-0.021211891,-13.033454
-0.45455974,-0.13179912,-0.1984852,-39.871914,-2661.804,-3898.3018,2.9216e-05,-0.11909155,4.8579721,-21.968557,-0.046149749,-14.656475,-19604.586,-0.020667134,-13.09551
-0.44946712,-0.1318412,-0.19854631,-39.881943,-2609.7549,-3819.9429,2.9232e-05,-0.11986453,4.8534355,-22.111147,-0.046462771,-14.726707,-19586.309,-0.02195349,-13.157574
-0.44437167,-0.13188244,-0.19860618,-39.891533,-2557.6924,-3741.5601,2.9248e-05,-0.11997242,4.8488679,-22.13105,-0.046775494,-14.796962,-19567.906,-0.022122867,-13.219643
-0.43927348,-0.13192286,-0.19866478,-39.900677,-2505.6111,-3663.1536,2.9264e-05,-0.12042172,4.8442702,-22.213932,-0.047087926,-14.867245,-19549.381,-0.021898557,-13.281717
-0.43417254,-0.13196245,-0.19872214,-39.909382,-2453.5171,-3584.7239,2.928e-05,-0.12060437,4.8396416,-22.247623,-0.047400057,-14.937553,-19530.732,-0.022534868,-13.343799
-0.42906889,-0.13200119,-0.19877824,-39.917637,-2401.4048,-3506.2715,2.9296e-05,-0.121103,4.8349824,-22.339603,-0.04771189,-15.007889,-19511.961,-0.022808008,-13.405886
-0.42396256,-0.13203911,-0.19883308,-39.925446,-2349.2805,-3427.7971,2.9312e-05,-0.12127485,4.8302927,-22.371307,-0.048023421,-15.078252,-19493.064,-0.023560289,-13.467979
-0.41885358,-0.13207619,-0.19888668,-39.932808,-2297.1387,-3349.301,2.9328e-05,-0.12228674,4.8255725,-22.557968,-0.048334651,-15.148643,-19474.047,-0.023467207,-13.530079
-0.41374195,-0.13211244,-0.19893901,-39.939713,-2244.9856,-3270.7837,2.9344e-05,-0.12215959,4.8208218,-22.534512,-0.048645575,-15.219062,-19454.906,-0.023912778,-13.592186
-0.40862772,-0.13214785,-0.19899008,-39.946167,-2192.8152,-3192.2458,2.936e-05,-0.1228054,4.8160405,-22.653645,-0.048956189,-15.28951,-19435.645,-0.024094364,-13.654299
-0.4035109,-0.13218243,-0.19903991,-39.952168,-2140.6345,-3113.6877,2.9376e-05,-0.12324083,4.8112288,-22.733967,-0.049266499,-15.359987,-19416.258,-0.024683371,-13.716418
-0.39839152,-0.13221617,-0.19908845,-39.957706,-2088.4373,-3035.1099,2.9392e-05,-0.12360381,4.8063869,-22.800926,-0.049576491,-15.430494,-19396.75,-0.024748985,-13.778544
-0.3932696,-0.13224909,-0.19913577,-39.962788,-2036.2301,-2956.5129,2.9408e-05,-0.12367857,4.8015146,-22.814714,-0.049886174,-15.501031,-19377.119,-0.02499466,-13.840677
-0.38814515,-0.13228115,-0.19918181,-39.967407,-1984.0072,-2877.8975,2.9424e-05,-0.12467582,4.7966118,-22.998674,-0.050195541,-15.571597,-19357.365,-0.025209814,-13.902817
-0.38301826,-0.1323124,-0.1992266,-39.971565,-1931.7751,-2799.2637,2.944e-05,-0.12447698,4.7916789,-22.961996,-0.050504591,-15.642195,-19337.49,-0.025861384,-13.964964
-0.37788889,-0.1323428,-0.19927013,-39.975254,-1879.5278,-2720.6121,2.9456e-05,-0.12467813,4.786716,-22.999102,-0.050813325,-15.712824,-19317.494,-0.025841547,-14.027117
-0.37275708,-0.13237236,-0.1993124,-39.978477,-1827.2721,-2641.9436,2.9472e-05,-0.12547269,4.7817225,-23.145672,-0.051121734,-15.783484,-19297.375,-0.026381725,-14.089277
-0.36762288,-0.13240109,-0.19935341,-39.981236,-1775.0018,-2563.2581,2.9488e-05,-0.12559137,4.7766986,-23.167566,-0.051429823,-15.854176,-19277.135,-0.026900541,-14.151445
-0.3624863,-0.13242899,-0.19939317,-39.983521,-1722.7238,-2484.5566,2.9504e-05,-0.12614317,4.7716451,-23.269356,-0.051737584,-15.924899,-19256.773,-0.026873073,-14.213619
-0.35734734,-0.13245603,-0.19943166,-39.985332,-1670.4318,-2405.8394,2.952e-05,-0.12606919,4.766561,-23.255707,-0.052045021,-15.995655,-19236.289,-0.027903073,-14.275802
-0.35220605,-0.13248226,-0.1994689,-39.986668,-1618.1326,-2327.1069,2.9536e-05,-0.12694235,4.761447,-23.416779,-0.05235213,-16.066444,-19215.686,-0.027987,-14.33799
-0.34706247,-0.13250764,-0.19950487,-39.98753,-1565.8202,-2248.3599,2.9552e-05,-0.12731844,4.7563028,-23.486155,-0.052658904,-16.137266,-19194.959,-0.02830134,-14.400187
-0.34191662,-0.13253219,-0.19953957,-39.987915,-1513.5013,-2169.5986,2.9568e-05,-0.12751959,4.7511282,-23.52326,-0.05296535,-16.208122,-19174.113,-0.028742332,-14.462389
-0.33676848,-0.1325559,-0.19957303,-39.987816,-1461.1699,-2090.8235,2.9584e-05,-0.12786794,4.745924,-23.587517,-0.053271461,-16.279011,-19153.145,-0.028582109,-14.5246
-0.33161813,-0.13257878,-0.19960523,-39.98724,-1408.8328,-2012.0353,2.96e-05,-0.12865941,4.7406902,-23.733519,-0.053577233,-16.349934,-19132.057,-0.029564805,-14.586818
-0.32646558,-0.1326008,-0.19963616,-39.986179,-1356.4835,-1933.2344,2.9616e-05,-0.12892605,4.7354259,-23.782707,-0.05388267,-16.420891,-19110.848,-0.029593799,-14.649043
-0.32131085,-0.132622,-0.19966583,-39.984631,-1304.1293,-1854.4213,2.9632e-05,-0.12922046,4.7301316,-23.837015,-0.054187763,-16.491882,-19089.518,-0.02956328,-14.711275
-0.31615397,-0.13264236,-0.19969423,-39.982597,-1251.7637,-1775.5963,2.9648e-05,-0.12982003,4.7248077,-23.947618,-0.054492515,-16.562908,-19068.066,-0.029877622,-14.773515
-0.31099495,-0.13266188,-0.19972138,-39.980072,-1199.3937,-1696.7603,2.9664e-05,-0.12999806,4.7194543,-23.980457,-0.054796923,-16.633968,-19046.496,-0.03084811,-14.835762
-0.30583385,-0.13268057,-0.19974726,-39.977058,-1147.0129,-1617.9135,2.968e-05,-0.13085119,4.7140703,-24.137833,-0.055100985,-16.705065,-19024.807,-0.031722464,-14.898016
-0.30067065,-0.13269842,-0.1997719,-39.973553,-1094.6285,-1539.0565,2.9696e-05,-0.130751,4.7086573,-24.119352,-0.0554047,-16.776196,-19002.996,-0.0313715,-14.960278
-0.29550543,-0.13271542,-0.19979526,-39.969551,-1042.234,-1460.1897,2.9712e-05,-0.13106389,4.7032142,-24.177071,-0.055708062,-16.847363,-18981.064,-0.032280952,-15.022547
-0.29033819,-0.13273159,-0.19981736,-39.965057,-989.83649,-1381.3137,2.9728e-05,-0.13156638,4.697741,-24.26976,-0.056011077,-16.918564,-18959.016,-0.031836908,-15.084823
-0.28516895,-0.13274692,-0.19983819,-39.960064,-937.4295,-1302.4291,2.9744e-05,-0.13185845,4.6922388,-24.323641,-0.056313735,-16.989803,-18936.846,-0.031975769,-15.147106
-0.27999774,-0.13276142,-0.19985777,-39.954571,-885.02026,-1223.5361,2.976e-05,-0.13217057,4.6867065,-24.381218,-0.056616038,-17.061077,-18914.557,-0.033011872,-15.209396
-0.27482456,-0.13277507,-0.19987608,-39.948574,-832.60211,-1144.6355,2.9776e-05,-0.13259907,4.6811447,-24.46026,-0.05691798,-17.132387,-18892.148,-0.032938626,-15.271694
-0.26964951,-0.13278788,-0.19989315,-39.942078,-780.1825,-1065.7277,2.9792e-05,-0.13330424,4.6755538,-24.59034,-0.057219569,-17.203733,-18869.621,-0.033008821,-15.334
-0.26447254,-0.13279985,-0.19990893,-39.935078,-727.75452,-986.81305,2.9808e-05,-0.13307843,4.6699328,-24.548685,-0.057520792,-17.275116,-18846.975,-0.034066286,-15.396312
-0.25929374,-0.13281099,-0.19992346,-39.92757,-675.32574,-907.89221,2.9824e-05,-0.13411807,4.6642823,-24.740465,-0.057821654,-17.346535,-18824.209,-0.034205146,-15.458632
-0.25411311,-0.13282129,-0.19993672,-39.919559,-622.88934,-828.96564,2.984e-05,-0.13421825,4.6586027,-24.758945,-0.058122151,-17.41799,-18801.326,-0.034586627,-15.520958
-0.24893066,-0.13283075,-0.19994871,-39.911034,-570.45276,-750.03381,2.9856e-05,-0.13442402,4.6528935,-24.796904,-0.058422279,-17.489483,-18778.322,-0.034968108,-15.583292
-0.24374644,-0.13283937,-0.19995946,-39.902,-518.00916,-671.09729,2.9872e-05,-0.13516463,4.6471548,-24.933523,-0.058722038,-17.56101,-18755.201,-0.035407573,-15.645633
-0.23856048,-0.13284716,-0.19996893,-39.892456,-465.56613,-592.15649,2.9888e-05,-0.13564707,4.641387,-25.022518,-0.059021428,-17.632576,-18731.963,-0.035457931,-15.70798
-0.23337281,-0.13285409,-0.19997714,-39.882397,-413.11673,-513.21198,2.9904e-05,-0.13593993,4.6355896,-25.07654,-0.059320442,-17.70418,-18708.605,-0.035229042,-15.770334
-0.22818345,-0.1328602,-0.19998409,-39.871819,-360.66855,-434.26419,2.992e-05,-0.13624279,4.6297631,-25.13241,-0.059619084,-17.775818,-18685.131,-0.035969116,-15.832696
-0.22299242,-0.13286546,-0.19998978,-39.860729,-308.21463,-355.31369,2.9936e-05,-0.13666512,4.6239071,-25.210316,-0.059917349,-17.847494,-18661.537,-0.03649861,-15.895064
-0.21779977,-0.13286988,-0.19999419,-39.849117,-255.76265,-276.36093,2.9952e-05,-0.1364686,4.618022,-25.174065,-0.060215235,-17.919207,-18637.826,-0.037388224,-15.957438
-0.21260551,-0.13287348,-0.19999735,-39.836987,-203.30553,-197.40642,2.9968e-05,-0.13734563,4.6121078,-25.335846,-0.06051274,-17.990955,-18613.998,-0.037014373,-16.019819
-0.20740968,-0.13287622,-0.19999924,-39.824333,-150.85107,-118.45068,2.9984e-05,-0.13774869,4.6061645,-25.410198,-0.060809866,-18.062742,-18590.053,-0.037592702,-16.082209
-0.20221232,-0.13287812,-0.19999988,-39.811161,-98.39209,-39.494179,3e-05,-0.13806851,4.6001921,-25.469196,-0.061106607,-18.134563,-18565.988,-0.036967069,-16.144602
-0.19701344,-0.1328792,-0.19999924,-39.797462,-45.93647,39.462566,3.0016e-05,-0.13861877,4.5941906,-25.570702,-0.061402962,-18.206423,-18541.809,-0.038076419,-16.207003
-0.19181307,-0.13287942,-0.19999735,-39.783237,6.5230508,118.41907,3.0032e-05,-0.13896865,4.58816,-25.635242,-0.061698925,-18.278318,-18517.512,-0.038407546,-16.269411
-0.18661126,-0.13287881,-0.19999419,-39.768486,58.9785,197.37482,3.0048e-05,-0.13943106,4.5821009,-25.720541,-0.061994504,-18.350252,-18493.098,-0.03885464,-16.331823
-0.18140803,-0.13287735,-0.19998978,-39.753208,111.43723,276.32932,3.0064e-05,-0.13946804,4.5760121,-25.727365,-0.062289689,-18.42222,-18468.568,-0.038876005,-16.394243
-0.17620341,-0.13287507,-0.19998409,-39.737396,163.89119,355.28207,3.008e-05,-0.14007302,4.5698948,-25.838964,-0.062584482,-18.494225,-18443.922,-0.038842432,-16.456669
-0.17099744,-0.13287194,-0.19997714,-39.721058,216.34781,434.2326,3.0096e-05,-0.14034429,4.5637488,-25.889006,-0.062878877,-18.566265,-18419.158,-0.040134892,-16.519098
-0.16579014,-0.13286798,-0.19996893,-39.704185,268.79895,513.18036,3.0112e-05,-0.14076123,4.5575738,-25.965916,-0.063172877,-18.638342,-18394.279,-0.040313426,-16.581535
-0.16058154,-0.13286316,-0.19995946,-39.686779,321.25214,592.12488,3.0128e-05,-0.14097548,4.5513701,-26.005438,-0.063466474,-18.710455,-18369.283,-0.040333264,-16.643978
-0.15537168,-0.13285752,-0.19994873,-39.668839,373.69913,671.06567,3.0144e-05,-0.14163825,4.5451374,-26.127699,-0.063759677,-18.782604,-18344.172,-0.0406827,-16.706427
-0.1501606,-0.13285103,-0.19993672,-39.65036,426.14755,750.00226,3.016e-05,-0.14195423,4.5388761,-26.185986,-0.06405247,-18.854788,-18318.945,-0.040865809,-16.768879
-0.14494832,-0.1328437,-0.19992346,-39.631344,478.58908,828.93402,3.0176e-05,-0.14244899,4.5325861,-26.277254,-0.064344861,-18.927006,-18293.604,-0.041779839,-16.831339
-0.13973486,-0.13283554,-0.19990893,-39.611794,531.03137,907.8606,3.0192e-05,-0.14264628,4.5262675,-26.313648,-0.064636849,-18.99926,-18268.146,-0.042175055,-16.893803
-0.13452028,-0.13282654,-0.19989315,-39.591698,583.46613,986.78149,3.0208e-05,-0.14306013,4.5199203,-26.38999,-0.064928427,-19.071548,-18242.574,-0.04211707,-16.95627
-0.1293046,-0.13281669,-0.19987608,-39.571064,635.90106,1065.696,3.0224e-05,-0.14344393,4.5135446,-26.460789,-0.065219596,-19.143873,-18216.885,-0.041761529,-17.018744
-0.12408786,-0.13280602,-0.19985777,-39.549889,688.32764,1144.604,3.024e-05,-0.14356184,4.5071406,-26.482538,-0.065510347,-19.21623,-18191.082,-0.042515334,-17.081223
-0.11887008,-0.13279448,-0.19983821,-39.528172,740.75385,1223.5046,3.0256e-05,-0.14423695,4.5007076,-26.607075,-0.065800689,-19.288622,-18165.166,-0.043562122,-17.143703
-0.11365131,-0.13278213,-0.19981736,-39.505909,793.17102,1302.3976,3.0272e-05,-0.14499298,4.4942465,-26.746536,-0.066090614,-19.361048,-18139.133,-0.04343852,-17.206192
-0.10843157,-0.13276893,-0.19979526,-39.483101,845.58716,1381.2822,3.0288e-05,-0.14510858,4.4877572,-26.767862,-0.066380121,-19.433506,-18112.986,-0.043949705,-17.268682
-0.1032109,-0.13275491,-0.1997719,-39.459747,897.99353,1460.1582,3.0304e-05,-0.14511859,4.4812393,-26.769709,-0.066669211,-19.505999,-18086.727,-0.043847468,-17.331177
-0.097989336,-0.13274002,-0.19974728,-39.435848,950.39825,1539.0249,3.032e-05,-0.14596248,4.4746933,-26.925379,-0.066957884,-19.578524,-18060.352,-0.044035159,-17.393677
-0.092766911,-0.13272431,-0.1997214,-39.411396,1002.7925,1617.882,3.0336e-05,-0.14605187,4.4681187,-26.94187,-0.067246124,-19.651081,-18033.863,-0.044886623,-17.456179
-0.087543659,-0.13270776,-0.19969425,-39.386398,1055.1846,1696.7288,3.0352e-05,-0.14660829,4.4615159,-27.044512,-0.067533948,-19.723669,-18007.262,-0.044837795,-17.518684
-0.082319617,-0.13269037,-0.19966583,-39.360851,1107.5654,1775.5648,3.0368e-05,-0.14704141,4.454885,-27.124409,-0.067821339,-19.796291,-17980.545,-0.04542375,-17.581194
-0.077094823,-0.13267215,-0.19963616,-39.334751,1159.9435,1854.3898,3.0384e-05,-0.14753464,4.448226,-27.215393,-0.068108305,-19.868942,-17953.717,-0.046157721,-17.643705
-0.071869306,-0.13265307,-0.19960523,-39.308102,1212.3096,1933.2029,3.04e-05,-0.14744063,4.4415393,-27.19805,-0.06839484,-19.941626,-17926.773,-0.046169925,-17.706221
-0.066643104,-0.13263316,-0.19957304,-39.280899,1264.6722,2012.0038,3.0416e-05,-0.14773348,4.434824,-27.252071,-0.06868095,-20.014339,-17899.719,-0.046237066,-17.76874
-0.061416257,-0.13261244,-0.19953959,-39.253143,1317.0223,2090.792,3.0432e-05,-0.14859508,4.4280806,-27.411011,-0.06896662,-20.087084,-17872.551,-0.046697896,-17.831259
-0.056188796,-0.13259085,-0.19950487,-39.224834,1369.3683,2169.5671,3.0448e-05,-0.14917386,4.4213095,-27.517775,-0.06925185,-20.159857,-17845.27,-0.047242653,-17.893782
-0.050960761,-0.13256843,-0.1994689,-39.195969,1421.7009,2248.3284,3.0464e-05,-0.1492856,4.4145107,-27.538389,-0.069536649,-20.23266,-17817.877,-0.047868282,-17.956306
-0.045732185,-0.13254517,-0.19943167,-39.16655,1474.0289,2327.0757,3.048e-05,-0.14987208,4.4076838,-27.646576,-0.069821008,-20.30549,-17790.371,-0.047906429,-18.018833
-0.040503111,-0.13252109,-0.19939317,-39.136574,1526.3429,2405.8081,3.0496e-05,-0.15008093,4.4008288,-27.685102,-0.070104919,-20.378351,-17762.752,-0.048031557,-18.081362
-0.035273567,-0.13249616,-0.19935343,-39.106041,1578.6515,2484.5251,3.0512e-05,-0.15057571,4.3939462,-27.776371,-0.070388392,-20.451239,-17735.023,-0.048240609,-18.14389
-0.030043596,-0.1324704,-0.1993124,-39.074951,1630.9454,2563.2268,3.0528e-05,-0.15077685,4.3870358,-27.813475,-0.070671424,-20.524153,-17707.182,-0.048745688,-18.206421
-0.024813235,-0.1324438,-0.19927014,-39.043301,1683.2335,2641.9121,3.0544e-05,-0.15126084,4.3800979,-27.902754,-0.07095401,-20.597094,-17679.227,-0.048620563,-18.268953
-0.019582519,-0.13241635,-0.1992266,-39.011097,1735.506,2720.5808,3.056e-05,-0.15129782,4.3731322,-27.909578,-0.071236141,-20.670061,-17651.162,-0.050157171,-18.331484
-0.01435149,-0.13238809,-0.19918182,-38.978329,1787.7721,2799.2322,3.0576e-05,-0.15186657,4.3661389,-28.014494,-0.071517825,-20.743053,-17622.986,-0.04933317,-18.394018
-0.0091201812,-0.13235897,-0.19913578,-38.945004,1840.022,2877.866,3.0592e-05,-0.15204923,4.359118,-28.048187,-0.071799062,-20.816072,-17594.699,-0.050027467,-18.456551
-0.0038886322,-0.13232902,-0.19908847,-38.911121,1892.2648,2956.4817,3.0608e-05,-0.15250623,4.3520694,-28.13249,-0.072079837,-20.889114,-17566.301,-0.050564591,-18.519083
0.0013431185,-0.13229825,-0.19903991,-38.876675,1944.4906,3035.0786,3.0624e-05,-0.15314281,4.3449936,-28.249918,-0.072360165,-20.962181,-17537.791,-0.051271096,-18.581615
0.0065750326,-0.13226663,-0.19899009,-38.841667,1996.7089,3113.6565,3.064e-05,-0.15351582,4.3378901,-28.318726,-0.072640032,-21.035271,-17509.172,-0.050854519,-18.644148
0.011807072,-0.13223417,-0.19893901,-38.806103,2048.9094,3192.2146,3.0656e-05,-0.1538942,4.3307595,-28.388527,-0.072919443,-21.108381,-17480.441,-0.051013216,-18.706678
0.017039197,-0.13220088,-0.19888668,-38.769974,2101.1016,3270.7524,3.0672e-05,-0.15406683,4.3236012,-28.420372,-0.073198386,-21.181515,-17451.602,-0.052136295,-18.769209
0.022271371,-0.13216676,-0.19883309,-38.733284,2153.2756,3349.2698,3.0688e-05,-0.15476969,4.3164158,-28.550026,-0.073476873,-21.254671,-17422.652,-0.052282784,-18.831736
0.027503552,-0.1321318,-0.19877826,-38.69603,2205.4407,3427.7659,3.0704e-05,-0.15500629,4.3092031,-28.59367,-0.073754892,-21.327847,-17393.592,-0.052583393,-18.894264
0.032735702,-0.13209601,-0.19872215,-38.658215,2257.5864,3506.2402,3.072e-05,-0.15531917,4.3019633,-28.651388,-0.074032448,-21.401043,-17364.422,-0.051927242,-18.956789
0.037967782,-0.13205937,-0.1986648,-38.619839,2309.7229,3584.6926,3.0736e-05,-0.15568602,4.2946959,-28.719059,-0.074309535,-21.474257,-17335.143,-0.053663746,-19.01931
0.043199755,-0.13202192,-0.19860618,-38.580902,2361.8396,3663.1223,3.0752e-05,-0.15592416,4.2874017,-28.762987,-0.07458616,-21.547491,-17305.754,-0.053846858,-19.081831
0.048431579,-0.13198361,-0.19854632,-38.541401,2413.9463,3741.5288,3.0768e-05,-0.15677805,4.2800803,-28.920504,-0.074862309,-21.620743,-17276.256,-0.053750724,-19.144348
0.053663213,-0.13194449,-0.1984852,-38.501335,2466.0325,3819.9119,3.0784e-05,-0.15694991,4.2727323,-28.952208,-0.07513798,-21.69401,-17246.65,-0.054704428,-19.206861
0.058894619,-0.13190451,-0.19842283,-38.460709,2518.1079,3898.2705,3.08e-05,-0.15734527,4.2653565,-29.025137,-0.075413182,-21.767296,-17216.934,-0.054428235,-19.269373
0.064125761,-0.13186373,-0.19835921,-38.419518,2570.1619,3976.6047,3.0816e-05,-0.15786316,4.2579546,-29.12067,-0.075687908,-21.840595,-17187.109,-0.055183567,-19.331881
0.069356591,-0.13182209,-0.19829433,-38.377766,2622.2048,4054.9138,3.0832e-05,-0.15849587,4.2505255,-29.237387,-0.075962149,-21.913912,-17157.178,-0.054716635,-19.394382
0.074587069,-0.13177964,-0.1982282,-38.335453,2674.2258,4133.1973,3.0848e-05,-0.15832941,4.2430692,-29.20668,-0.07623592,-21.98724,-17127.137,-0.055925168,-19.456881
0.079817161,-0.13173634,-0.19816081,-38.292572,2726.2349,4211.4546,3.0864e-05,-0.15913014,4.2355862,-29.354387,-0.0765092,-22.060583,-17096.988,-0.05573443,-19.519375
0.08504682,-0.13169222,-0.19809218,-38.249134,2778.2212,4289.6851,3.088e-05,-0.15925345,4.2280769,-29.377134,-0.076782003,-22.133938,-17066.732,-0.056543168,-19.581863
0.090276018,-0.13164724,-0.19802229,-38.205132,2830.1953,4367.8887,3.0896e-05,-0.16005185,4.2205405,-29.524416,-0.077054322,-22.207304,-17036.369,-0.056071658,-19.644348
0.095504694,-0.13160147,-0.19795115,-38.160568,2882.1458,4446.0649,3.0912e-05,-0.15987538,4.2129774,-29.491859,-0.077326149,-22.280682,-17005.898,-0.057336651,-19.706825
0.10073283,-0.13155484,-0.19787876,-38.115444,2934.0835,4524.2129,3.0928e-05,-0.16036321,4.2053881,-29.58185,-0.077597491,-22.354069,-16975.318,-0.057451095,-19.769297
0.10596036,-0.1315074,-0.19780512,-38.069756,2985.9968,4602.332,3.0944e-05,-0.16085336,4.197772,-29.672266,-0.077868342,-22.427465,-16944.633,-0.057367168,-19.831762
0.11118726,-0.1314591,-0.19773024,-38.02351,3037.8965,4680.4224,3.096e-05,-0.16128723,4.1901293,-29.752304,-0.078138702,-22.500872,-16913.842,-0.058015686,-19.894222
0.11641349,-0.13141,-0.1976541,-37.9767,3089.7715,4758.4834,3.0976e-05,-0.16153385,4.1824598,-29.797796,-0.078408569,-22.574284,-16882.943,-0.058067568,-19.956675
0.121639,-0.13136005,-0.19757672,-37.929329,3141.6321,4836.5142,3.0992e-05,-0.16189145,4.1747646,-29.86376,-0.078677937,-22.647701,-16851.938,-0.058549762,-20.019119
0.12686375,-0.13130929,-0.19749808,-37.881401,3193.4673,4914.5142,3.1008e-05,-0.16260432,4.1670427,-29.995262,-0.078946814,-22.721127,-16820.826,-0.058262885,-20.081556
0.13208769,-0.13125767,-0.19741821,-37.832912,3245.2876,4992.4829,3.1024e-05,-0.16281857,4.1592941,-30.034782,-0.079215184,-22.794554,-16789.607,-0.059665211,-20.143984
0.1373108,-0.13120525,-0.19733708,-37.783867,3297.0815,5070.4209,3.104e-05,-0.16348982,4.1515198,-30.158607,-0.079483062,-22.867987,-16758.283,-0.059457686,-20.206406
0.14253303,-0.13115199,-0.1972547,-37.734261,3348.8604,5148.3262,3.1056e-05,-0.16354838,4.1437192,-30.169413,-0.079750434,-22.941422,-16726.855,-0.0598941,-20.268816
0.14775433,-0.1310979,-0.19717109,-37.684097,3400.6118,5226.1992,3.1072e-05,-0.1639106,4.1358924,-30.236229,-0.080017306,-23.01486,-16695.32,-0.060464796,-20.331219
0.15297467,-0.13104297,-0.19708623,-37.633377,3452.3474,5304.0391,3.1088e-05,-0.16452405,4.1280394,-30.349392,-0.080283664,-23.088297,-16663.68,-0.060733359,-20.393612
0.15819399,-0.13098724,-0.19700012,-37.582104,3504.0552,5381.8457,3.1104e-05,-0.16506815,4.1201601,-30.449759,-0.080549523,-23.161736,-16631.936,-0.060812708,-20.455996
0.16341226,-0.13093066,-0.19691277,-37.53027,3555.7468,5459.6182,3.112e-05,-0.16526389,4.1122551,-30.485868,-0.080814868,-23.235172,-16600.086,-0.06116825,-20.518368
0.16862944,-0.13087326,-0.19682416,-37.477882,3607.4094,5537.3564,3.1136e-05,-0.16572322,4.1043239,-30.570599,-0.081079707,-23.308609,-16568.131,-0.060756247,-20.58073
0.17384548,-0.13081504,-0.19673432,-37.424942,3659.0554,5615.0591,3.1152e-05,-0.16595827,4.0963669,-30.613958,-0.081344031,-23.38204,-16536.072,-0.061645862,-20.643082
0.17906034,-0.13075599,-0.19664323,-37.371449,3710.6716,5692.7271,3.1168e-05,-0.16640295,4.0883837,-30.695986,-0.081607841,-23.455467,-16503.908,-0.062596515,-20.705421
0.18427399,-0.1306961,-0.19655091,-37.317402,3762.2708,5770.3584,3.1184e-05,-0.16651931,4.0803752,-30.717453,-0.081871137,-23.528891,-16471.641,-0.063211463,-20.767748
0.18948635,-0.13063541,-0.19645734,-37.262802,3813.8394,5847.9536,3.12e-05,-0.16709654,4.0723405,-30.823935,-0.082133919,-23.602308,-16439.27,-0.063461713,-20.830065
0.19469742,-0.13057387,-0.19636254,-37.207653,3865.3901,5925.5117,3.1216e-05,-0.16734084,4.0642805,-30.868999,-0.082396179,-23.675718,-16406.795,-0.063339643,-20.892366
0.19990715,-0.13051152,-0.19626649,-37.151955,3916.9099,6003.0327,3.1232e-05,-0.16798359,4.0561943,-30.987564,-0.082657918,-23.749119,-16374.217,-0.063603625,-20.954657
0.20511548,-0.13044834,-0.1961692,-37.095711,3968.4114,6080.5156,3.1248e-05,-0.16807684,4.0480828,-31.004766,-0.082919136,-23.822512,-16341.536,-0.063179418,-21.016933
0.21032237,-0.13038436,-0.19607067,-37.038914,4019.8809,6157.96,3.1264e-05,-0.16873191,4.0399456,-31.125605,-0.083179832,-23.895895,-16308.751,-0.063879818,-21.079197
0.21552779,-0.13031952,-0.19597091,-36.981575,4071.3313,6235.3657,3.128e-05,-0.1689816,4.0317831,-31.171667,-0.083439998,-23.969265,-16275.864,-0.064502396,-21.141445
0.22073168,-0.13025388,-0.19586991,-36.923691,4122.749,6312.7319,3.1296e-05,-0.16936463,4.0235949,-31.242321,-0.083699644,-24.042624,-16242.874,-0.065335549,-21.203678
0.22593401,-0.13018741,-0.19576766,-36.865261,4174.1475,6390.0581,3.1312e-05,-0.16950257,4.0153813,-31.267769,-0.083958752,-24.115969,-16209.782,-0.065103613,-21.265898
0.23113473,-0.13012011,-0.19566418,-36.806286,4225.5127,6467.3438,3.1328e-05,-0.1703403,4.0071425,-31.4223,-0.08421734,-24.189299,-16176.588,-0.065126501,-21.3281
0.2363338,-0.13005199,-0.19555947,-36.746773,4276.8579,6544.5889,3.1344e-05,-0.17047131,3.9988785,-31.446468,-0.084475391,-24.262613,-16143.291,-0.065791801,-21.390287
0.24153118,-0.12998307,-0.19545352,-36.686722,4328.1685,6621.793,3.136e-05,-0.17103621,3.9905891,-31.550674,-0.084732905,-24.335913,-16109.893,-0.066214487,-21.452459
0.24672683,-0.1299133,-0.19534634,-36.626129,4379.459,6698.9546,3.1376e-05,-0.17134294,3.9822745,-31.607256,-0.084989883,-24.409191,-16076.393,-0.066595964,-21.514612
0.25192067,-0.12984273,-0.19523792,-36.564999,4430.7144,6776.0742,3.1392e-05,-0.17188933,3.9739347,-31.70805,-0.085246332,-24.482452,-16042.792,-0.067009494,-21.57675
0.25711271,-0.12977132,-0.19512826,-36.50333,4481.9487,6853.1514,3.1408e-05,-0.17224462,3.9655697,-31.773588,-0.085502237,-24.555693,-16009.09,-0.067825861,-21.638868
0.26230291,-0.12969911,-0.19501738,-36.441132,4533.1475,6930.1846,3.1424e-05,-0.17279719,3.9571798,-31.875519,-0.085757606,-24.628912,-15975.286,-0.067574084,-21.70097
0.26749116,-0.12962607,-0.19490527,-36.378399,4584.3247,7007.1743,3.144e-05,-0.17297599,3.9487648,-31.908501,-0.08601243,-24.70211,-15941.383,-0.068272956,-21.763052
0.27267745,-0.12955222,-0.19479193,-36.315132,4635.4653,7084.1201,3.1456e-05,-0.17324495,3.940325,-31.958117,-0.086266711,-24.775284,-15907.378,-0.068715475,-21.825115
0.27786177,-0.12947753,-0.19467735,-36.251339,4686.584,7161.0205,3.1472e-05,-0.17345996,3.9318602,-31.99778,-0.086520448,-24.848431,-15873.273,-0.068558306,-21.887159
0.28304404,-0.12940206,-0.19456154,-36.187016,4737.665,7237.876,3.1488e-05,-0.17400251,3.9233706,-32.097862,-0.086773641,-24.921555,-15839.068,-0.069653921,-21.949183
0.28822425,-0.12932573,-0.19444451,-36.122169,4788.7236,7314.686,3.1504e-05,-0.17447802,3.9148562,-32.185577,-0.087026283,-24.99465,-15804.764,-0.068810083,-22.011187
0.29340231,-0.12924862,-0.19432624,-36.056793,4839.7441,7391.4497,3.152e-05,-0.17477241,3.906317,-32.239883,-0.087278374,-25.067717,-15770.359,-0.069948427,-22.07317
0.2985782,-0.12917067,-0.19420676,-35.990898,4890.7417,7468.1665,3.1536e-05,-0.17486875,3.8977532,-32.257656,-0.087529913,-25.140753,-15735.856,-0.070667133,-22.135132
0.30375192,-0.12909192,-0.19408603,-35.92448,4941.7007,7544.8364,3.1552e-05,-0.17552613,3.8891647,-32.378922,-0.0877809,-25.21376,-15701.253,-0.069693595,-22.197071
0.30892333,-0.12901233,-0.19396409,-35.857544,4992.6357,7621.4585,3.1568e-05,-0.17552999,3.8805518,-32.379631,-0.088031337,-25.286734,-15666.552,-0.070683919,-22.258987
0.31409249,-0.12893195,-0.19384092,-35.790089,5043.5312,7698.0322,3.1584e-05,-0.17634997,3.8719141,-32.530895,-0.088281214,-25.359676,-15631.751,-0.070685446,-22.320883
0.31925929,-0.12885074,-0.19371653,-35.722118,5094.4028,7774.5576,3.16e-05,-0.17625904,3.8632522,-32.514118,-0.088530533,-25.432583,-15596.852,-0.071549118,-22.382753
0.3244237,-0.12876873,-0.19359091,-35.653637,5145.2334,7851.0337,3.1616e-05,-0.17696883,3.8545659,-32.64505,-0.0887793,-25.505455,-15561.854,-0.071066923,-22.444601
0.3295857,-0.12868589,-0.19346407,-35.584641,5196.04,7927.4604,3.1632e-05,-0.17750983,3.8458552,-32.74485,-0.089027494,-25.578289,-15526.759,-0.071843624,-22.506426
0.33474526,-0.12860225,-0.19333601,-35.515137,5246.8052,8003.8369,3.1648e-05,-0.17787051,3.8371201,-32.811382,-0.089275137,-25.651085,-15491.565,-0.072022155,-22.568224
0.33990228,-0.12851779,-0.19320673,-35.445126,5297.5454,8080.1626,3.1664e-05,-0.17775644,3.8283608,-32.79034,-0.089522213,-25.723843,-15456.274,-0.072721027,-22.629997
0.34505674,-0.12843253,-0.19307622,-35.374607,5348.2432,8156.4375,3.168e-05,-0.17888933,3.8195775,-32.999325,-0.089768715,-25.79656,-15420.886,-0.073410749,-22.691746
0.35020864,-0.12834644,-0.19294451,-35.303589,5398.916,8232.6611,3.1696e-05,-0.17862885,3.81077,-32.951271,-0.090014659,-25.869234,-15385.399,-0.072481461,-22.753468
0.35535789,-0.12825957,-0.19281156,-35.232067,5449.5454,8308.833,3.1712e-05,-0.17942958,3.8019383,-33.09898,-0.090260036,-25.941866,-15349.817,-0.073593862,-22.815163
0.36050448,-0.12817186,-0.19267741,-35.160046,5500.1494,8384.9512,3.1728e-05,-0.17940645,3.7930827,-33.094715,-0.09050484,-26.014454,-15314.138,-0.073641166,-22.876829
0.36564836,-0.12808336,-0.19254203,-35.087532,5550.7095,8461.0176,3.1744e-05,-0.18007308,3.7842031,-33.217686,-0.09074907,-26.086996,-15278.361,-0.074636064,-22.938469
0.37078947,-0.12799403,-0.19240543,-35.014523,5601.2432,8537.0303,3.176e-05,-0.18048307,3.7752995,-33.293316,-0.090992726,-26.159492,-15242.489,-0.07478103,-23.000082
0.37592778,-0.12790391,-0.19226763,-34.941017,5651.7324,8612.9883,3.1776e-05,-0.18108574,3.7663722,-33.404488,-0.091235809,-26.231939,-15206.521,-0.075757623,-23.061665
0.38106328,-0.12781297,-0.1921286,-34.867027,5702.1943,8688.8926,3.1792e-05,-0.18082525,3.757421,-33.356438,-0.091478318,-26.304337,-15170.456,-0.07516709,-23.123219
0.3861959,-0.12772124,-0.19198836,-34.792549,5752.6113,8764.7422,3.1808e-05,-0.18188724,3.7484462,-33.552341,-0.091720246,-26.376684,-15134.297,-0.075296789,-23.184742
0.39132559,-0.12762868,-0.19184692,-34.717587,5803.001,8840.5361,3.1824e-05,-0.18233962,3.7394476,-33.635788,-0.0919616,-26.44898,-15098.041,-0.075843073,-23.246235
0.39645234,-0.12753533,-0.19170426,-34.642143,5853.3442,8916.2744,3.184e-05,-0.18240513,3.7304254,-33.647873,-0.092202365,-26.521221,-15061.69,-0.076027714,-23.307699
0.40157607,-0.12744117,-0.19156039,-34.566219,5903.6602,8991.9561,3.1856e-05,-0.18318427,3.7213795,-33.791603,-0.092442557,-26.59341,-15025.245,-0.076563314,-23.369129
0.4066968,-0.1273462,-0.19141531,-34.489819,5953.9287,9067.5811,3.1872e-05,-0.18324977,3.7123103,-33.803684,-0.09268216,-26.665543,-14988.705,-0.077489547,-23.430529
0.41181445,-0.12725043,-0.19126901,-34.412945,6004.1694,9143.1484,3.1888e-05,-0.18356961,3.7032177,-33.862682,-0.092921175,-26.737617,-14952.071,-0.077071443,-23.491896
0.41692901,-0.12715386,-0.19112152,-34.335598,6054.3618,9218.6582,3.1904e-05,-0.18421851,3.6941016,-33.982384,-0.093159609,-26.809633,-14915.342,-0.077951901,-23.55323
0.4220404,-0.12705648,-0.19097281,-34.257782,6104.5264,9294.1104,3.192e-05,-0.1844921,3.684962,-34.032852,-0.093397446,-26.88159,-14878.52,-0.077428512,-23.614531
0.42714864,-0.12695831,-0.1908229,-34.179501,6154.6411,9369.5029,3.1936e-05,-0.18464468,3.6757994,-34.061001,-0.093634702,-26.953485,-14841.603,-0.078064822,-23.675797
0.43225363,-0.12685932,-0.19067179,-34.100758,6204.728,9444.8369,3.1952e-05,-0.18508475,3.6666136,-34.142178,-0.093871363,-27.02532,-14804.593,-0.079288617,-23.737028
0.4373554,-0.12675954,-0.19051947,-34.021549,6254.7642,9520.1113,3.1968e-05,-0.18576524,3.6574044,-34.267708,-0.094107434,-27.09709,-14767.489,-0.079572439,-23.798223
0.44245386,-0.12665895,-0.19036594,-33.941887,6304.772,9595.3252,3.1984e-05,-0.18609586,3.6481721,-34.328697,-0.094342902,-27.168797,-14730.292,-0.07965178,-23.859383
0.44754899,-0.12655757,-0.19021121,-33.861771,6354.7285,9670.4785,3.2e-05,-0.18626232,3.638917,-34.359402,-0.094577782,-27.240435,-14693.003,-0.079268776,-23.920507
0.45264077,-0.12645538,-0.19005528,-33.7812,6404.6558,9745.5713,3.2016e-05,-0.18629624,3.6296387,-34.365658,-0.094812065,-27.312006,-14655.621,-0.080365919,-23.981594
0.45772916,-0.12635241,-0.18989815,-33.700184,6454.5312,9820.6016,3.2032e-05,-0.1871378,3.6203377,-34.520901,-0.095045745,-27.383511,-14618.146,-0.080442213,-24.042643
0.46281412,-0.12624863,-0.18973982,-33.618717,6504.3774,9895.5703,3.2048e-05,-0.18717788,3.6110137,-34.528294,-0.095278829,-27.454943,-14580.58,-0.080687888,-24.103655
0.46789563,-0.12614405,-0.18958029,-33.536812,6554.1704,9970.4766,3.2064e-05,-0.18743837,3.6016667,-34.576344,-0.09551131,-27.526304,-14542.921,-0.080767237,-24.164627
0.47297364,-0.12603867,-0.18941957,-33.454464,6603.9336,10045.32,3.208e-05,-0.18791156,3.5922973,-34.663635,-0.095743179,-27.597593,-14505.171,-0.080877103,-24.225559
0.47804815,-0.12593251,-0.18925765,-33.371681,6653.6431,10120.101,3.2096e-05,-0.18848878,3.5829048,-34.770115,-0.095974453,-27.668808,-14467.33,-0.081904046,-24.286453
0.4831191,-0.12582554,-0.18909453,-33.288464,6703.3223,10194.816,3.2112e-05,-0.18892036,3.5734899,-34.849724,-0.096205123,-27.739948,-14429.396,-0.081801809,-24.347305
0.48818645,-0.12571779,-0.18893021,-33.204815,6752.9468,10269.468,3.2128e-05,-0.18978429,3.5640526,-35.00909,-0.096435174,-27.811012,-14391.373,-0.082338937,-24.408117
0.49325019,-0.12560922,-0.18876471,-33.120739,6802.541,10344.054,3.2144e-05,-0.18977195,3.5545926,-35.006817,-0.09666463,-27.881996,-14353.259,-0.083260596,-24.468887
0.49831027,-0.12549989,-0.18859801,-33.03624,6852.0791,10418.575,3.216e-05,-0.19015497,3.5451102,-35.077473,-0.096893467,-27.952902,-14315.054,-0.082459487,-24.529615
0.50336671,-0.12538974,-0.18843013,-32.951321,6901.5869,10493.031,3.2176e-05,-0.1905195,3.5356052,-35.144714,-0.097121693,-28.023727,-14276.759,-0.083359785,-24.5903
0.50841939,-0.12527882,-0.18826105,-32.865982,6951.0371,10567.42,3.2192e-05,-0.1909503,3.5260782,-35.224186,-0.097349301,-28.094471,-14238.374,-0.083919801,-24.65094
0.51346838,-0.12516709,-0.18809077,-32.780228,7000.4575,10641.742,3.2208e-05,-0.19136724,3.5165286,-35.301094,-0.097576298,-28.165133,-14199.899,-0.083730586,-24.711536
0.51851362,-0.12505458,-0.18791932,-32.694065,7049.8193,10715.998,3.2224e-05,-0.191526,3.5069571,-35.330379,-0.097802684,-28.235708,-14161.335,-0.085093237,-24.772089
0.5235551,-0.12494126,-0.18774667,-32.607494,7099.1504,10790.186,3.224e-05,-0.19202153,3.4973631,-35.421791,-0.098028444,-28.306198,-14122.682,-0.084817044,-24.832596
0.52859277,-0.12482718,-0.18757285,-32.520519,7148.4224,10864.305,3.2256e-05,-0.1924639,3.4877472,-35.503395,-0.098253593,-28.3766,-14083.938,-0.084788047,-24.893057
0.53362656,-0.12471229,-0.18739784,-32.433144,7197.6636,10938.355,3.2272e-05,-0.19291398,3.4781094,-35.586418,-0.098478116,-28.446915,-14045.107,-0.08603473,-24.95347
0.53865653,-0.12459663,-0.18722163,-32.345371,7246.8438,11012.337,3.2288e-05,-0.19300415,3.4684494,-35.60305,-0.098702013,-28.517139,-14006.188,-0.085326701,-25.013836
0.54368258,-0.12448017,-0.18704426,-32.257202,7295.9937,11086.249,3.2304e-05,-0.19383338,3.4587677,-35.75602,-0.098925292,-28.587273,-13967.18,-0.084701069,-25.074154
0.5487048,-0.12436293,-0.1868657,-32.168644,7345.0815,11160.092,3.232e-05,-0.19414473,3.449064,-35.813454,-0.099147946,-28.657314,-13928.083,-0.085734122,-25.134424
0.55372304,-0.12424489,-0.18668595,-32.0797,7394.1387,11233.863,3.2336e-05,-0.19420947,3.4393384,-35.825394,-0.09936998,-28.727261,-13888.899,-0.086745813,-25.194645
0.55873734,-0.12412609,-0.18650503,-31.990376,7443.1328,11307.563,3.2352e-05,-0.19485837,3.4295914,-35.945099,-0.099591374,-28.797113,-13849.628,-0.087321088,-25.254814
0.56374764,-0.12400648,-0.18632293,-31.900667,7492.0962,11381.193,3.2368e-05,-0.19506876,3.4198225,-35.98391,-0.09981215,-28.866869,-13810.27,-0.087656789,-25.314934
0.56875402,-0.12388612,-0.18613966,-31.810585,7540.9951,11454.75,3.2384e-05,-0.19533926,3.410032,-36.033806,-0.10003228,-28.936527,-13770.823,-0.088189334,-25.375002
0.57375634,-0.12376494,-0.18595521,-31.720131,7589.8638,11528.235,3.24e-05,-0.19572692,3.4002202,-36.105316,-0.10025179,-29.006088,-13731.291,-0.088338874,-25.435019
0.57875466,-0.12364301,-0.18576957,-31.629307,7638.6665,11601.647,3.2416e-05,-0.19620319,3.3903866,-36.193172,-0.10047067,-29.075546,-13691.672,-0.088389233,-25.494982
0.58374894,-0.12352027,-0.18558279,-31.538118,7687.439,11674.986,3.2432e-05,-0.19660471,3.3805318,-36.267239,-0.10068891,-29.144905,-13651.967,-0.088583022,-25.554892
0.5887391,-0.12339678,-0.18539481,-31.446569,7736.1436,11748.252,3.2448e-05,-0.19672802,3.3706555,-36.289986,-0.10090651,-29.214159,-13612.175,-0.088372447,-25.614748
0.5937252,-0.12327248,-0.18520567,-31.354662,7784.8188,11821.442,3.2464e-05,-0.19711874,3.3607581,-36.362064,-0.10112348,-29.28331,-13572.298,-0.089443646,-25.674549
0.59870726,-0.12314743,-0.18501535,-31.262402,7833.4248,11894.559,3.248e-05,-0.19800964,3.3508394,-36.526405,-0.10133981,-29.352356,-13532.335,-0.089764088,-25.734295
0.60368514,-0.12302157,-0.18482387,-31.169792,7882.0015,11967.6,3.2496e-05,-0.1978979,3.3408995,-36.505791,-0.1015555,-29.421293,-13492.287,-0.090203561,-25.793983
0.60865897,-0.12289497,-0.18463123,-31.076836,7930.5068,12040.565,3.2512e-05,-0.1982917,3.3309383,-36.578438,-0.10177055,-29.490124,-13452.154,-0.090913117,-25.853617
0.61362857,-0.12276755,-0.18443741,-30.983538,7978.9839,12113.455,3.2528e-05,-0.19898608,3.3209562,-36.706528,-0.10198496,-29.558846,-13411.937,-0.090662859,-25.913191
0.61859405,-0.1226394,-0.18424243,-30.889902,8027.3877,12186.268,3.2544e-05,-0.19912788,3.3109531,-36.732685,-0.10219871,-29.627457,-13371.634,-0.091022983,-25.972708
0.62355536,-0.12251044,-0.18404628,-30.795931,8075.7642,12259.004,3.256e-05,-0.19944385,3.3009293,-36.79097,-0.10241183,-29.695955,-13331.247,-0.090780355,-26.032166
0.6285125,-0.12238074,-0.18384898,-30.70163,8124.0654,12331.662,3.2576e-05,-0.20028003,3.2908845,-36.945217,-0.1026243,-29.764339,-13290.776,-0.091158785,-26.091562
0.63346541,-0.12225023,-0.18365051,-30.607002,8172.3394,12404.243,3.2592e-05,-0.20019603,3.2808189,-36.929722,-0.10283612,-29.832611,-13250.223,-0.092007205,-26.1509
0.63841414,-0.12211899,-0.18345088,-30.512053,8220.5361,12476.745,3.2608e-05,-0.20075323,3.2707326,-37.032509,-0.10304729,-29.900766,-13209.585,-0.092030093,-26.210175
0.64335865,-0.12198693,-0.18325008,-30.416784,8268.708,12549.169,3.2624e-05,-0.20117709,3.2606256,-37.110699,-0.10325781,-29.968805,-13168.863,-0.092672504,-26.269388
0.64829892,-0.12185414,-0.18304814,-30.321201,8316.7988,12621.513,3.264e-05,-0.20099676,3.2504981,-37.077431,-0.10346767,-30.036724,-13128.06,-0.092313915,-26.328539
0.65323496,-0.12172054,-0.18284504,-30.225307,8364.8662,12693.777,3.2656e-05,-0.20182599,3.24035,-37.2304,-0.10367689,-30.104525,-13087.173,-0.093017362,-26.387625
0.65816671,-0.12158623,-0.18264079,-30.129108,8412.8506,12765.962,3.2672e-05,-0.20224601,3.2301815,-37.307877,-0.10388544,-30.172205,-13046.203,-0.09342631,-26.446648
0.66309422,-0.12145109,-0.18243538,-30.032606,8460.8135,12838.065,3.2688e-05,-0.20294192,3.2199924,-37.436253,-0.10409334,-30.239761,-13005.152,-0.093585007,-26.505606
0.66801751,-0.12131523,-0.18222882,-29.935806,8508.6895,12910.088,3.2704e-05,-0.20279241,3.2097831,-37.408672,-0.10430059,-30.307196,-12964.019,-0.093784906,-26.564497
0.67293644,-0.12117856,-0.18202111,-29.838711,8556.5449,12982.029,3.272e-05,-0.20337196,3.1995535,-37.515579,-0.10450718,-30.374504,-12922.804,-0.094961397,-26.623322
0.67785114,-0.12104118,-0.18181224,-29.741327,8604.3115,13053.888,3.2736e-05,-0.20375806,3.1893036,-37.586803,-0.1047131,-30.441689,-12881.507,-0.094933927,-26.682077
0.68276149,-0.12090297,-0.18160224,-29.643656,8652.0605,13125.665,3.2752e-05,-0.20389524,3.1790338,-37.61211,-0.10491837,-30.508743,-12840.129,-0.094575338,-26.740767
0.68766755,-0.12076406,-0.18139108,-29.545704,8699.7158,13197.358,3.2768e-05,-0.20438308,3.1687436,-37.702099,-0.10512297,-30.575672,-12798.671,-0.095484786,-26.799385
0.69256926,-0.12062433,-0.18117878,-29.447475,8747.3564,13268.969,3.2784e-05,-0.20498496,3.1584337,-37.813129,-0.10532691,-30.642469,-12757.131,-0.095777765,-26.857935
0.69746667,-0.1204839,-0.18096532,-29.348972,8794.8984,13340.495,3.28e-05,-0.20475608,3.1481037,-37.770905,-0.10553018,-30.709137,-12715.512,-0.09680929,-26.916414
0.70235974,-0.12034263,-0.18075073,-29.2502,8842.4316,13411.938,3.2816e-05,-0.20558454,3.1377537,-37.923733,-0.10573278,-30.775671,-12673.812,-0.096484266,-26.974821
0.70724851,-0.12020069,-0.180535,-29.151161,8889.8584,13483.295,3.2832e-05,-0.20599455,3.1273839,-37.999363,-0.10593472,-30.842072,-12632.032,-0.097015291,-27.033155
0.71213287,-0.1200579,-0.18031813,-29.051865,8937.2822,13554.567,3.2848e-05,-0.20631745,3.1169946,-38.058929,-0.10613599,-30.908339,-12590.173,-0.097300641,-27.091415
0.71701288,-0.11991445,-0.18010011,-28.952309,8984.5918,13625.754,3.2864e-05,-0.20673901,3.1065855,-38.136692,-0.10633659,-30.97447,-12548.234,-0.097415082,-27.149603
0.72188854,-0.11977013,-0.17988096,-28.852501,9031.9072,13696.854,3.288e-05,-0.20688853,3.0961566,-38.164272,-0.10653652,-31.040462,-12506.217,-0.097939998,-27.207714
0.72675985,-0.11962517,-0.17966068,-28.752447,9079.0967,13767.869,3.2896e-05,-0.20705344,3.0857084,-38.194695,-0.10673577,-31.106318,-12464.12,-0.097770624,-27.265749
0.73162669,-0.11947934,-0.17943926,-28.652147,9126.3047,13838.796,3.2912e-05,-0.20792353,3.0752406,-38.355198,-0.10693435,-31.172033,-12421.945,-0.097990356,-27.323709
0.73648924,-0.11933288,-0.17921671,-28.551609,9173.3701,13909.636,3.2928e-05,-0.20800908,3.0647533,-38.370979,-0.10713226,-31.237608,-12379.692,-0.098930329,-27.38159
0.74134731,-0.11918551,-0.17899302,-28.450834,9220.4727,13980.388,3.2944e-05,-0.2081555,3.0542467,-38.397991,-0.10732949,-31.30304,-12337.361,-0.098585464,-27.439392
0.74620098,-0.11903758,-0.1787682,-28.349831,9267.4082,14051.052,3.296e-05,-0.20880748,3.0437207,-38.518261,-0.10752604,-31.36833,-12294.952,-0.098971523,-27.497116
0.75105023,-0.11888868,-0.17854226,-28.248598,9314.4111,14121.626,3.2976e-05,-0.20922211,3.0331757,-38.594746,-0.10772191,-31.433474,-12252.466,-0.099954225,-27.554758
0.75589508,-0.11873928,-0.17831518,-28.147144,9361.2031,14192.112,3.2992e-05,-0.20980781,3.0226114,-38.702789,-0.1079171,-31.498472,-12209.902,-0.099679552,-27.61232
0.76073545,-0.11858883,-0.17808698,-28.045473,9408.1279,14262.508,3.3008e-05,-0.20979163,3.012028,-38.699802,-0.10811161,-31.563324,-12167.262,-0.099873349,-27.669798
0.76557136,-0.11843801,-0.17785765,-27.943586,9454.7305,14332.813,3.3024e-05,-0.21011531,3.0014255,-38.75951,-0.10830543,-31.628029,-12124.544,-0.10084231,-27.727194
0.77040285,-0.11828589,-0.17762721,-27.841492,9501.6924,14403.029,3.304e-05,-0.21080661,2.9908042,-38.887032,-0.10849857,-31.692583,-12081.751,-0.1006653,-27.784506
0.77522981,-0.11813408,-0.17739564,-27.739191,9547.3848,14473.153,3.3056e-05,-0.21090601,2.9801641,-38.905373,-0.10869104,-31.756987,-12038.881,-0.10168157,-27.841734
0.7800523,-0.1179868,-0.17716295,-27.63669,9593.3555,14543.187,3.3072e-05,-0.2114293,2.9695048,-39.0019,-0.10888281,-31.821238,-11995.936,-0.10111392,-27.898874
0.78487027,-0.11783221,-0.17692913,-27.533993,9640.1006,14613.128,3.3088e-05,-0.21185702,2.958827,-39.080803,-0.10907388,-31.885336,-11952.914,-0.10213782,-27.955929
0.78968376,-0.11767777,-0.17669421,-27.431105,9686.4141,14682.977,3.3104e-05,-0.21215835,2.9481304,-39.136387,-0.10926428,-31.949282,-11909.817,-0.1012833,-28.012894
0.79449272,-0.11752208,-0.17645817,-27.328028,9732.9102,14752.732,3.312e-05,-0.21249051,2.9374154,-39.197659,-0.10945398,-32.013069,-11866.646,-0.10277871,-28.069771
0.79929709,-0.117366,-0.17622101,-27.224766,9779.1611,14822.396,3.3136e-05,-0.21276101,2.9266815,-39.247559,-0.109643,-32.076702,-11823.4,-0.10332499,-28.126558
0.80409694,-0.1172089,-0.17598273,-27.121326,9825.4971,14891.965,3.3152e-05,-0.21287046,2.9159293,-39.267746,-0.10983131,-32.140179,-11780.079,-0.10308085,-28.183254
0.80889219,-0.11705129,-0.17574336,-27.017714,9871.6484,14961.439,3.3168e-05,-0.21372667,2.9051588,-39.42569,-0.11001894,-32.203495,-11736.685,-0.10395825,-28.239859
0.81368291,-0.11689275,-0.17550287,-26.913929,9917.8418,15030.82,3.3184e-05,-0.21377368,2.8943698,-39.434364,-0.11020587,-32.266647,-11693.216,-0.10394452,-28.29637
0.81846893,-0.11673363,-0.17526126,-26.809978,9963.8818,15100.106,3.32e-05,-0.21420988,2.8835626,-39.514828,-0.11039211,-32.329643,-11649.673,-0.10417798,-28.352787
0.82325035,-0.11657363,-0.17501855,-26.705868,10009.938,15169.297,3.3216e-05,-0.21449657,2.8727372,-39.567711,-0.11057764,-32.392475,-11606.058,-0.1049852,-28.409111
0.82802713,-0.11641303,-0.17477474,-26.601599,10055.859,15238.392,3.3232e-05,-0.21506147,2.8618934,-39.671917,-0.11076248,-32.455143,-11562.368,-0.10402387,-28.465338
0.83279926,-0.11625157,-0.17452982,-26.497177,10101.783,15307.39,3.3248e-05,-0.21477015,2.8510318,-39.618179,-0.11094662,-32.517647,-11518.606,-0.10446028,-28.521467
0.83756667,-0.11608949,-0.1742838,-26.392607,10147.582,15376.291,3.3264e-05,-0.21542908,2.840152,-39.739731,-0.11113006,-32.579983,-11474.772,-0.1047853,-28.577497
0.84232938,-0.11592657,-0.17403667,-26.287893,10193.372,15445.096,3.328e-05,-0.21604639,2.8292544,-39.853603,-0.1113128,-32.642151,-11430.865,-0.10601214,-28.63343
0.84708732,-0.11576302,-0.17378846,-26.183039,10239.046,15513.803,3.3296e-05,-0.21623905,2.8183389,-39.889145,-0.11149483,-32.704155,-11386.887,-0.10579699,-28.689262
0.85184056,-0.11559864,-0.17353913,-26.078051,10284.704,15582.411,3.3312e-05,-0.21683556,2.8074057,-39.99918,-0.11167616,-32.765984,-11342.836,-0.10570391,-28.744993
0.85658896,-0.11543362,-0.17328872,-25.972929,10330.25,15650.922,3.3328e-05,-0.21729101,2.7964547,-40.083199,-0.11185678,-32.827644,-11298.714,-0.10615405,-28.800621
0.86133254,-0.11526779,-0.17303722,-25.867682,10375.774,15719.334,3.3344e-05,-0.21701203,2.785486,-40.031734,-0.11203671,-32.889133,-11254.521,-0.10709708,-28.856146
0.86607128,-0.11510131,-0.17278461,-25.762312,10421.192,15787.646,3.336e-05,-0.21811718,2.7744997,-40.235596,-0.11221591,-32.950451,-11210.258,-0.10666829,-28.911566
0.87080514,-0.11493403,-0.17253092,-25.656826,10466.583,15855.858,3.3376e-05,-0.21760391,2.7634957,-40.140915,-0.11239441,-33.011593,-11165.923,-0.10750756,-28.966879
0.87553412,-0.11476609,-0.17227612,-25.551224,10511.87,15923.971,3.3392e-05,-0.2184871,2.7524745,-40.303837,-0.1125722,-33.072559,-11121.518,-0.10793634,-29.022087
0.88025814,-0.11459737,-0.17202026,-25.445513,10557.126,15991.983,3.3408e-05,-0.21900499,2.7414358,-40.399368,-0.11274929,-33.133347,-11077.043,-0.10839869,-29.077187
0.88497722,-0.11442797,-0.1717633,-25.339697,10602.281,16059.894,3.3424e-05,-0.21927395,2.7303798,-40.448986,-0.11292565,-33.193958,-11032.498,-0.10859554,-29.132175
0.88969129,-0.1142578,-0.17150526,-25.233782,10647.402,16127.703,3.344e-05,-0.21925777,2.7193065,-40.445999,-0.1131013,-33.254395,-10987.884,-0.1087878,-29.187056
0.89440036,-0.11408696,-0.17124613,-25.127768,10692.424,16195.411,3.3456e-05,-0.21974483,2.7082162,-40.535847,-0.11327624,-33.314644,-10943.2,-0.10894955,-29.241823
0.8991043,-0.11391535,-0.17098592,-25.021662,10737.408,16263.016,3.3472e-05,-0.22029047,2.6971085,-40.636497,-0.11345047,-33.374718,-10898.448,-0.10916318,-29.296478
0.90380317,-0.11374307,-0.17072463,-24.915468,10782.296,16330.519,3.3488e-05,-0.22037908,2.6859839,-40.652847,-0.11362398,-33.434605,-10853.627,-0.10968505,-29.351021
0.90849686,-0.11357002,-0.17046227,-24.809193,10827.143,16397.918,3.3504e-05,-0.22054017,2.6748424,-40.68256,-0.11379677,-33.494312,-10808.738,-0.10930052,-29.405447
0.91318542,-0.1133963,-0.17019883,-24.702835,10871.894,16465.213,3.352e-05,-0.22143105,2.6636841,-40.846901,-0.11396884,-33.553833,-10763.78,-0.11055025,-29.459757
0.91786867,-0.11322182,-0.1699343,-24.596403,10916.602,16532.406,3.3536e-05,-0.22170541,2.6525087,-40.897511,-0.11414019,-33.613167,-10718.756,-0.11026795,-29.513948
0.92254674,-0.11304668,-0.16966872,-24.489901,10961.217,16599.492,3.3552e-05,-0.22153817,2.6413169,-40.866661,-0.11431082,-33.672318,-10673.663,-0.11091495,-29.568022
0.92721945,-0.11287077,-0.16940205,-24.383331,11005.785,16666.475,3.3568e-05,-0.22237204,2.6301081,-41.020485,-0.11448073,-33.731277,-10628.503,-0.11086306,-29.621975
0.93188679,-0.11269419,-0.16913432,-24.276699,11050.261,16733.354,3.3584e-05,-0.2222757,2.6188829,-41.002712,-0.11464992,-33.790047,-10583.276,-0.11123691,-29.675808
0.93654877,-0.11251686,-0.16886552,-24.170008,11094.689,16800.125,3.36e-05,-0.22263253,2.607641,-41.068535,-0.11481838,-33.848629,-10537.982,-0.11101718,-29.729517
0.94120526,-0.11233886,-0.16859564,-24.063263,11139.025,16866.789,3.3616e-05,-0.22275122,2.5963826,-41.090427,-0.11498611,-33.907017,-10492.622,-0.1119129,-29.783102
0.94585633,-0.1121601,-0.16832471,-23.956469,11183.312,16933.348,3.3632e-05,-0.22376849,2.5851078,-41.278084,-0.11515313,-33.965214,-10447.196,-0.11208533,-29.836563
0.9505018,-0.11198068,-0.16805272,-23.849628,11227.508,16999.801,3.3648e-05,-0.22404285,2.5738168,-41.328693,-0.11531941,-34.023216,-10401.705,-0.11180609,-29.889898
0.95514166,-0.11180051,-0.16777965,-23.742744,11271.652,17066.145,3.3664e-05,-0.22411068,2.5625095,-41.341206,-0.11548497,-34.081024,-10356.147,-0.11292306,-29.943104
0.95977592,-0.11161968,-0.16750553,-23.635824,11315.706,17132.383,3.368e-05,-0.2245145,2.5511861,-41.415699,-0.11564979,-34.138634,-10310.525,-0.11357921,-29.996181
0.96440446,-0.1114381,-0.16723037,-23.52887,11359.707,17198.51,3.3696e-05,-0.22497767,2.5398464,-41.501141,-0.11581388,-34.196049,-10264.838,-0.11283761,-30.049128
0.96902728,-0.11125586,-0.16695413,-23.421886,11403.617,17264.531,3.3712e-05,-0.22521581,2.5284908,-41.545067,-0.11597725,-34.253262,-10219.086,-0.11364025,-30.101942
0.97364432,-0.11107288,-0.16667685,-23.314878,11447.474,17330.441,3.3728e-05,-0.22574064,2.5171192,-41.64188,-0.11613988,-34.31028,-10173.27,-0.11366314,-30.154625
0.97825545,-0.11088923,-0.1663985,-23.207848,11491.239,17396.242,3.3744e-05,-0.22570364,2.5057316,-41.635056,-0.11630177,-34.367092,-10127.389,-0.11363719,-30.207172
0.98286068,-0.11070485,-0.16611911,-23.1008,11534.95,17461.934,3.376e-05,-0.22606739,2.4943283,-41.70216,-0.11646294,-34.423706,-10081.444,-0.11436354,-30.259583
0.98745996,-0.1105198,-0.16583867,-22.993738,11578.57,17527.516,3.3776e-05,-0.22615372,2.4829092,-41.718082,-0.11662336,-34.480118,-10035.437,-0.11445051,-30.311857
0.99205327,-0.11033402,-0.16555718,-22.886667,11622.134,17592.986,3.3792e-05,-0.22712553,2.4714744,-41.89735,-0.11678305,-34.53632,-9989.3662,-0.11495407,-30.363993
0.99664044,-0.11014757,-0.16527465,-22.779591,11665.608,17658.346,3.3808e-05,-0.22706772,2.4600239,-41.886688,-0.116942,-34.592323,-9943.2324,-0.11498917,-30.415989
1.0012215,-0.1099604,-0.16499107,-22.672514,11709.023,17723.594,3.3824e-05,-0.22755556,2.4485579,-41.976677,-0.11710022,-34.648117,-9897.0352,-0.11539506,-30.467842
1.0057963,-0.10977256,-0.16470645,-22.565437,11752.351,17788.729,3.384e-05,-0.22780064,2.4370766,-42.021885,-0.11725769,-34.703701,-9850.7764,-0.11563921,-30.519552
1.0103649,-0.109584,-0.1644208,-22.458368,11795.617,17853.752,3.3856e-05,-0.22840638,2.4255798,-42.133625,-0.11741443,-34.759079,-9804.4561,-0.11527299,-30.571119
1.0149273,-0.10939478,-0.1641341,-22.351309,11838.795,17918.662,3.3872e-05,-0.22837555,2.4140675,-42.127937,-0.11757042,-34.814243,-9758.0732,-0.1167806,-30.62254
1.0194832,-0.10920484,-0.16384636,-22.244265,11881.911,17983.461,3.3888e-05,-0.22905529,2.4025402,-42.253326,-0.11772567,-34.869202,-9711.6299,-0.11749931,-30.673813
1.0240327,-0.10901424,-0.16355759,-22.137238,11924.938,18048.145,3.3904e-05,-0.22939977,2.3909976,-42.316875,-0.11788017,-34.923943,-9665.125,-0.11717124,-30.724937
1.0285757,-0.10882291,-0.16326778,-22.030231,11967.904,18112.715,3.392e-05,-0.22938205,2.3794398,-42.313606,-0.11803394,-34.978474,-9618.5586,-0.11662343,-30.775913
1.033112,-0.10863093,-0.16297695,-21.92325,12010.781,18177.17,3.3936e-05,-0.22964793,2.3678672,-42.362652,-0.11818695,-35.032791,-9571.9316,-0.11780908,-30.826735
1.0376419,-0.10843825,-0.16268508,-21.816299,12053.595,18241.51,3.3952e-05,-0.23042785,2.3562796,-42.506519,-0.11833922,-35.086887,-9525.2451,-0.11819056,-30.877405
1.042165,-0.10824489,-0.1623922,-21.709381,12096.319,18305.736,3.3968e-05,-0.23022363,2.344677,-42.468845,-0.11849074,-35.14077,-9478.499,-0.11754052,-30.927919
1.0466815,-0.10805083,-0.16209827,-21.602499,12138.979,18369.846,3.3984e-05,-0.23111297,2.3330598,-42.632904,-0.11864152,-35.194435,-9431.6924,-0.11837824,-30.978277
1.0511911,-0.10785611,-0.16180333,-21.495657,12181.551,18433.84,3.4e-05,-0.23115999,2.3214276,-42.641575,-0.11879154,-35.247879,-9384.8262,-0.11905576,-31.028477
1.0556939,-0.10766069,-0.16150737,-21.388861,12224.057,18497.717,3.4016e-05,-0.23087637,2.3097808,-42.58926,-0.11894082,-35.301102,-9337.9014,-0.11964782,-31.078518
1.0601897,-0.1074646,-0.16121039,-21.28211,12266.474,18561.479,3.4032e-05,-0.23127095,2.2981195,-42.662048,-0.11908934,-35.354107,-9290.918,-0.11892606,-31.128397
1.0646785,-0.10726783,-0.16091238,-21.175411,12308.824,18625.121,3.4048e-05,-0.23225665,2.2864437,-42.843876,-0.1192371,-35.406883,-9243.876,-0.12019563,-31.178114
1.0691603,-0.10707039,-0.16061337,-21.068766,12351.086,18688.646,3.4064e-05,-0.2321557,2.2747533,-42.825253,-0.11938412,-35.459438,-9196.7754,-0.11969206,-31.227667
1.0736351,-0.10687225,-0.16031334,-20.962179,12393.28,18752.055,3.408e-05,-0.23231059,2.2630486,-42.853825,-0.11953039,-35.511768,-9149.6172,-0.11983856,-31.277052
1.0781027,-0.10667346,-0.16001229,-20.855656,12435.385,18815.344,3.4096e-05,-0.23301345,2.2513297,-42.983479,-0.11967589,-35.563873,-9102.4014,-0.11982177,-31.326271
1.082563,-0.10647398,-0.15971023,-20.749195,12477.422,18878.514,3.4112e-05,-0.23349665,2.2395966,-43.072617,-0.11982065,-35.615749,-9055.1279,-0.12065951,-31.375322
1.087016,-0.10627384,-0.15940717,-20.642805,12519.369,18941.564,3.4128e-05,-0.23362921,2.2278492,-43.097069,-0.11996464,-35.667393,-9007.7979,-0.12079073,-31.424202
1.0914618,-0.10607302,-0.1591031,-20.536486,12561.248,19004.496,3.4144e-05,-0.23377332,2.2160878,-43.123653,-0.12010787,-35.718811,-8960.4111,-0.12100894,-31.472908
1.0959001,-0.10587154,-0.15879802,-20.430243,12603.036,19067.309,3.416e-05,-0.23410857,2.2043123,-43.185493,-0.12025035,-35.769997,-8912.9678,-0.12145299,-31.521441
1.1003309,-0.10566938,-0.15849194,-20.324078,12644.756,19129.998,3.4176e-05,-0.2346303,2.192523,-43.281738,-0.12039208,-35.820946,-8865.4688,-0.12168492,-31.569798
1.1047542,-0.10546656,-0.15818486,-20.217995,12686.384,19192.568,3.4192e-05,-0.23470661,2.1807199,-43.295815,-0.12053303,-35.871666,-8817.9141,-0.12174749,-31.617977
1.1091701,-0.10526306,-0.15787677,-20.111998,12727.942,19255.018,3.4208e-05,-0.23507036,2.1689029,-43.362915,-0.12067323,-35.92215,-8770.3027,-0.12198096,-31.665977
1.1135782,-0.10505892,-0.15756769,-20.006088,12769.41,19317.346,3.4224e-05,-0.23517285,2.1570723,-43.381821,-0.12081266,-35.972397,-8722.6377,-0.12245094,-31.713797
1.1179787,-0.10485409,-0.15725763,-19.90027,12810.808,19379.551,3.424e-05,-0.23586877,2.1452279,-43.510197,-0.12095134,-36.022404,-8674.917,-0.12266,-31.761433
1.1223714,-0.10464862,-0.15694655,-19.79455,12852.113,19441.633,3.4256e-05,-0.2356237,2.1333702,-43.464989,-0.12108924,-36.072174,-8627.1416,-0.12200995,-31.808886
1.1267564,-0.10444247,-0.15663449,-19.688927,12893.348,19503.594,3.4272e-05,-0.2361362,2.1214988,-43.559528,-0.12122639,-36.121704,-8579.3115,-0.12313303,-31.856152
1.1311336,-0.10423568,-0.15632145,-19.583403,12934.491,19565.43,3.4288e-05,-0.23609844,2.1096141,-43.552563,-0.12136277,-36.170994,-8531.4277,-0.12330851,-31.903229
1.1355028,-0.10402821,-0.15600742,-19.477985,12975.562,19627.143,3.4304e-05,-0.23698239,2.0977161,-43.715622,-0.12149838,-36.220043,-8483.4902,-0.12296212,-31.950117
1.1398642,-0.10382011,-0.1556924,-19.372675,13016.541,19688.732,3.432e-05,-0.23694848,2.0858047,-43.709366,-0.12163322,-36.268845,-8435.5,-0.12338939,-31.996815
1.1442176,-0.10361133,-0.1553764,-19.267475,13057.447,19750.197,3.4336e-05,-0.23740625,2.0738804,-43.793812,-0.1217673,-36.317402,-8387.4561,-0.12432173,-32.04332
1.1485629,-0.10340191,-0.15505941,-19.16239,13098.261,19811.537,3.4352e-05,-0.2376074,2.0619428,-43.830917,-0.1219006,-36.365715,-8339.3594,-0.12426984,-32.089626
1.1529002,-0.10319182,-0.15474145,-19.057419,13139.002,19872.752,3.4368e-05,-0.23780547,2.0499921,-43.867455,-0.12203313,-36.41378,-8291.2109,-0.12467269,-32.135738
1.1572294,-0.1029811,-0.15442251,-18.952568,13179.649,19933.842,3.4384e-05,-0.23810756,2.0380287,-43.923183,-0.12216491,-36.461594,-8243.0098,-0.12551652,-32.181652
1.1615504,-0.10276971,-0.15410259,-18.847841,13220.224,19994.807,3.44e-05,-0.23876496,2.0260522,-44.044449,-0.12229589,-36.509159,-8194.7559,-0.12524186,-32.227364
1.1658633,-0.10255768,-0.1537817,-18.743238,13260.704,20055.643,3.4416e-05,-0.23891985,2.0140631,-44.073021,-0.12242611,-36.556473,-8146.4517,-0.12531663,-32.272873
1.1701679,-0.102345,-0.15345983,-18.638762,13301.11,20116.354,3.4432e-05,-0.2389106,2.0020611,-44.071316,-0.12255557,-36.603531,-8098.0957,-0.12557909,-32.31818
1.1744642,-0.10213168,-0.15313701,-18.534418,13341.423,20176.938,3.4448e-05,-0.23951404,1.9900465,-44.182632,-0.12268424,-36.650337,-8049.689,-0.12547991,-32.363281
1.1787523,-0.10191771,-0.15281321,-18.430206,13381.66,20237.393,3.4464e-05,-0.23957415,1.9780194,-44.193718,-0.12281214,-36.696888,-8001.2314,-0.12609027,-32.408173
1.183032,-0.1017031,-0.15248844,-18.326132,13421.804,20297.721,3.448e-05,-0.2397622,1.9659797,-44.228409,-0.12293926,-36.743183,-7952.7236,-0.12603381,-32.452854
1.1873034,-0.10148784,-0.15216272,-18.222197,13461.871,20357.922,3.4496e-05,-0.24019377,1.9539276,-44.308018,-0.12306561,-36.789219,-7904.1655,-0.12635732,-32.497322
1.1915665,-0.10127194,-0.15183602,-18.118401,13501.845,20417.992,3.4512e-05,-0.24036486,1.9418632,-44.339581,-0.12319118,-36.834995,-7855.5581,-0.12657246,-32.541576
1.195821,-0.1010554,-0.15150838,-18.014751,13541.741,20477.936,3.4528e-05,-0.24072784,1.9297866,-44.40654,-0.12331597,-36.880512,-7806.9009,-0.12635121,-32.585617
1.2000672,-0.10083824,-0.15117978,-17.911247,13581.544,20537.748,3.4544e-05,-0.24074094,1.9176977,-44.408955,-0.12343998,-36.925766,-7758.1948,-0.12691733,-32.62944
1.2043048,-0.10062041,-0.15085022,-17.807892,13621.269,20597.432,3.456e-05,-0.24121645,1.9055967,-44.49667,-0.12356322,-36.970757,-7709.4399,-0.12805566,-32.673042
1.208534,-0.10040198,-0.15051971,-17.704689,13660.898,20656.984,3.4576e-05,-0.24154475,1.8934836,-44.557232,-0.12368567,-37.015484,-7660.6362,-0.12792748,-32.716423
1.2127546,-0.10018288,-0.15018825,-17.601639,13700.45,20716.408,3.4592e-05,-0.24162875,1.8813587,-44.572727,-0.12380734,-37.05994,-7611.7847,-0.12758416,-32.759583
1.2169667,-0.099963181,-0.14985584,-17.498747,13739.908,20775.699,3.4608e-05,-0.24194628,1.8692218,-44.631298,-0.12392823,-37.104134,-7562.8853,-0.12871791,-32.802513
1.2211703,-0.09974283,-0.14952248,-17.396011,13779.286,20834.861,3.4624e-05,-0.24232775,1.8570732,-44.701672,-0.12404833,-37.148056,-7513.938,-0.12817469,-32.845219
1.2253654,-0.09952186,-0.14918818,-17.29344,13818.569,20893.891,3.464e-05,-0.24261214,1.8449128,-44.754128,-0.12416766,-37.191711,-7464.9438,-0.12828456,-32.887691
1.2295518,-0.099300243,-0.14885293,-17.191029,13857.772,20952.787,3.4656e-05,-0.24268919,1.8327407,-44.768345,-0.1242862,-37.235092,-7415.9023,-0.12925352,-32.929935
1.2337296,-0.099078022,-0.14851674,-17.088785,13896.88,21011.553,3.4672e-05,-0.242999,1.820557,-44.825497,-0.12440395,-37.278198,-7366.8145,-0.12860499,-32.971947
1.2378988,-0.09885516,-0.14817962,-16.98671,13935.907,21070.184,3.4688e-05,-0.24296047,1.8083619,-44.818386,-0.12452091,-37.32103,-7317.6802,-0.12923367,-33.013718
1.2420595,-0.09863168,-0.14784156,-16.884802,13974.839,21128.684,3.4704e-05,-0.24344677,1.7961553,-44.908092,-0.1246371,-37.36359,-7268.5,-0.12921689,-33.055256
1.2462114,-0.098407574,-0.14750257,-16.783068,14013.689,21187.049,3.472e-05,-0.24375966,1.7839375,-44.965809,-0.12475249,-37.405869,-7219.2739,-0.12941831,-33.09655
1.2503548,-0.09818285,-0.14716265,-16.681507,14052.444,21245.279,3.4736e-05,-0.2442683,1.7717083,-45.059639,-0.1248671,-37.447868,-7170.0024,-0.12968993,-33.137608
1.2544895,-0.097957499,-0.1468218,-16.580124,14091.117,21303.377,3.4752e-05,-0.24397083,1.759468,-45.004765,-0.12498091,-37.48959,-7120.686,-0.12960906,-33.178417
1.2586156,-0.097731538,-0.14648001,-16.478918,14129.694,21361.34,3.4768e-05,-0.24479467,1.7472165,-45.156734,-0.12509394,-37.531029,-7071.3247,-0.13031709,-33.218983
1.2627331,-0.097504951,-0.1461373,-16.377893,14168.188,21419.168,3.4784e-05,-0.24487405,1.7349539,-45.171379,-0.12520617,-37.572186,-7021.9185,-0.13129672,-33.259296
1.2668419,-0.097277761,-0.14579368,-16.27705,14206.585,21476.861,3.48e-05,-0.24505977,1.7226804,-45.205639,-0.12531762,-37.613056,-6972.4688,-0.13077945,-33.299362
1.2709421,-0.097049944,-0.14544912,-16.17639,14244.899,21534.418,3.4816e-05,-0.24554452,1.7103961,-45.295063,-0.12542827,-37.653641,-6922.9751,-0.1310419,-33.339176
1.2750336,-0.096821524,-0.14510365,-16.075916,14283.117,21591.84,3.4832e-05,-0.24553528,1.6981009,-45.293354,-0.12553814,-37.693939,-6873.4375,-0.13085268,-33.378738
1.2791165,-0.096592478,-0.14475727,-15.97563,14321.251,21649.123,3.4848e-05,-0.2456478,1.6857951,-45.31411,-0.12564722,-37.733948,-6823.8569,-0.13210547,-33.418041
1.2831908,-0.096362837,-0.14440997,-15.875533,14359.287,21706.271,3.4864e-05,-0.24612176,1.6734785,-45.401543,-0.12575549,-37.773663,-6774.2334,-0.1317835,-33.457085
1.2872565,-0.096132576,-0.14406176,-15.775627,14397.239,21763.283,3.488e-05,-0.24624738,1.6611514,-45.424713,-0.12586297,-37.813087,-6724.5674,-0.13175298,-33.495869
1.2913136,-0.09590172,-0.14371262,-15.675915,14435.094,21820.156,3.4896e-05,-0.24637377,1.6488137,-45.448029,-0.12596966,-37.852222,-6674.8594,-0.1322245,-33.534389
1.2953621,-0.095670246,-0.1433626,-15.576396,14472.863,21876.891,3.4912e-05,-0.24668667,1.6364658,-45.505749,-0.12607555,-37.891056,-6625.1089,-0.13182928,-33.572643
1.299402,-0.095438175,-0.14301166,-15.477074,14510.535,21933.488,3.4928e-05,-0.24675217,1.6241074,-45.517834,-0.12618065,-37.929596,-6575.3169,-0.13239846,-33.61063
1.3034333,-0.095205501,-0.14265983,-15.377949,14548.121,21989.947,3.4944e-05,-0.24741109,1.6117388,-45.639381,-0.12628494,-37.967838,-6525.4839,-0.13272043,-33.64835
1.307456,-0.094972223,-0.14230709,-15.279022,14585.608,22046.268,3.496e-05,-0.24745271,1.59936,-45.64706,-0.12638845,-38.005779,-6475.6094,-0.13232826,-33.685795
1.3114702,-0.094738342,-0.14195345,-15.180297,14623.01,22102.447,3.4976e-05,-0.24777099,1.586971,-45.705772,-0.12649114,-38.043419,-6425.6943,-0.13283792,-33.722969
1.3154758,-0.094503872,-0.14159891,-15.081774,14660.312,22158.488,3.4992e-05,-0.24784575,1.5745721,-45.719563,-0.12659305,-38.080757,-6375.7393,-0.13293557,-33.759865
1.3194729,-0.094268799,-0.14124349,-14.983453,14697.528,22214.391,3.5008e-05,-0.247734,1.5621632,-45.698948,-0.12669416,-38.11779,-6325.7437,-0.13309123,-33.796482
1.3234615,-0.094033137,-0.14088716,-14.885338,14734.646,22270.15,3.5024e-05,-0.24829967,1.5497445,-45.803295,-0.12679446,-38.154518,-6275.7085,-0.1330958,-33.832821
1.3274416,-0.093796864,-0.14052995,-14.787428,14771.675,22325.771,3.504e-05,-0.248806,1.537316,-45.896698,-0.12689395,-38.190937,-6225.6338,-0.13336131,-33.868874
1.3314131,-0.093560018,-0.14017184,-14.689725,14808.605,22381.25,3.5056e-05,-0.24884839,1.5248778,-45.904518,-0.12699266,-38.227047,-6175.52,-0.13415784,-33.904644
1.3353764,-0.093322568,-0.13981286,-14.592231,14845.448,22436.588,3.5072e-05,-0.24895166,1.5124298,-45.923569,-0.12709056,-38.262844,-6125.3672,-0.13444625,-33.940128
1.339331,-0.093084536,-0.13945299,-14.494946,14882.19,22491.783,3.5088e-05,-0.24935856,1.4999725,-45.998631,-0.12718765,-38.298332,-6075.1763,-0.13480788,-33.975319
1.3432772,-0.092845909,-0.13909224,-14.397873,14918.845,22546.838,3.5104e-05,-0.24953274,1.4875056,-46.030758,-0.12728395,-38.333504,-6024.9468,-0.13412122,-34.01022
1.3472151,-0.092606708,-0.13873062,-14.301012,14955.398,22601.748,3.512e-05,-0.24947417,1.4750292,-46.019955,-0.12737943,-38.368359,-5974.6797,-0.13450423,-34.044827
1.3511446,-0.092366911,-0.13836811,-14.204363,14991.863,22656.518,3.5136e-05,-0.24933931,1.4625436,-45.995075,-0.12747411,-38.402897,-5924.375,-0.13530381,-34.07914
1.3550656,-0.092126541,-0.13800474,-14.107928,15028.228,22711.143,3.5152e-05,-0.25017625,1.4500488,-46.149464,-0.12756799,-38.437119,-5874.0332,-0.13527177,-34.113152
1.3589782,-0.091885574,-0.13764048,-14.011708,15064.503,22765.625,3.5168e-05,-0.25031805,1.4375447,-46.175625,-0.12766106,-38.471016,-5823.6543,-0.13467208,-34.146862
1.3628825,-0.091644041,-0.13727537,-13.915704,15100.677,22819.963,3.5184e-05,-0.25078046,1.4250317,-46.260921,-0.12775333,-38.504593,-5773.2393,-0.13517106,-34.180271
1.3667784,-0.09140192,-0.13690938,-13.819917,15136.761,22874.158,3.52e-05,-0.25062555,1.4125096,-46.232346,-0.1278448,-38.537846,-5722.7876,-0.13536179,-34.213375
1.370666,-0.091159225,-0.13654253,-13.724347,15172.743,22928.207,3.5216e-05,-0.25065023,1.3999785,-46.236897,-0.12793545,-38.57077,-5672.2998,-0.13604236,-34.24617
1.3745453,-0.090915948,-0.13617481,-13.628996,15208.635,22982.111,3.5232e-05,-0.25125134,1.3874387,-46.347782,-0.12802529,-38.603371,-5621.7764,-0.13605304,-34.278656
1.3784163,-0.090672113,-0.13580623,-13.533863,15244.426,23035.871,3.5248e-05,-0.25155112,1.37489,-46.403084,-0.12811433,-38.635639,-5571.2178,-0.13675192,-34.310833
1.382279,-0.090427689,-0.1354368,-13.438951,15280.125,23089.486,3.5264e-05,-0.25135767,1.3623327,-46.367401,-0.12820256,-38.667576,-5520.6245,-0.13634601,-34.34269
1.3861334,-0.090182707,-0.13506652,-13.344259,15315.722,23142.955,3.528e-05,-0.2515673,1.3497667,-46.406071,-0.12828997,-38.699184,-5469.9961,-0.13603015,-34.374233
1.3899795,-0.089937143,-0.13469538,-13.249789,15351.228,23196.275,3.5296e-05,-0.25176769,1.3371923,-46.443035,-0.12837657,-38.730453,-5419.3335,-0.13715324,-34.405457
1.3938174,-0.089691021,-0.13432339,-13.155541,15386.631,23249.451,3.5312e-05,-0.2517384,1.3246094,-46.43763,-0.12846237,-38.761391,-5368.6372,-0.13739128,-34.436359
1.397647,-0.089444317,-0.13395055,-13.061515,15421.941,23302.48,3.5328e-05,-0.25172454,1.3120182,-46.435074,-0.12854736,-38.791988,-5317.9067,-0.13568529,-34.466934
1.4014684,-0.089197069,-0.13357686,-12.967712,15457.149,23355.361,3.5344e-05,-0.25206593,1.2994186,-46.498051,-0.12863153,-38.822247,-5267.1431,-0.13760339,-34.497189
1.4052815,-0.088949241,-0.13320233,-12.874133,15492.265,23408.096,3.536e-05,-0.25188252,1.2868109,-46.464214,-0.12871489,-38.852161,-5216.3462,-0.13655508,-34.527111
1.4090865,-0.088700861,-0.13282695,-12.780777,15527.277,23460.682,3.5376e-05,-0.25216305,1.274195,-46.515965,-0.12879744,-38.881737,-5165.5166,-0.13684805,-34.556705
1.4128832,-0.088451914,-0.13245074,-12.687646,15562.196,23513.121,3.5392e-05,-0.2523087,1.261571,-46.542831,-0.12887917,-38.910965,-5114.6548,-0.13746604,-34.585964
1.4166718,-0.088202417,-0.1320737,-12.59474,15597.012,23565.41,3.5408e-05,-0.25224936,1.248939,-46.531887,-0.12896009,-38.939846,-5063.7607,-0.13778649,-34.614891
1.420452,-0.087952353,-0.13169582,-12.502059,15631.733,23617.551,3.5424e-05,-0.25238037,1.2362993,-46.556053,-0.1290402,-38.96838,-5012.835,-0.13780786,-34.643478
1.424224,-0.087701745,-0.13131711,-12.409603,15666.352,23669.543,3.544e-05,-0.25231254,1.2236516,-46.543545,-0.12911949,-38.996563,-4961.8774,-0.13850521,-34.671726
1.4279878,-0.087450571,-0.13093756,-12.317372,15700.875,23721.385,3.5456e-05,-0.25248748,1.2109963,-46.575813,-0.12919796,-39.024395,-4910.8892,-0.1385113,-34.699631
1.4317434,-0.087198853,-0.13055719,-12.225368,15735.294,23773.076,3.5472e-05,-0.25241581,1.1983334,-46.562592,-0.12927561,-39.051872,-4859.8696,-0.13850521,-34.727188
1.4354907,-0.086946577,-0.13017601,-12.13359,15769.619,23824.617,3.5488e-05,-0.25250366,1.1856627,-46.5788,-0.12935245,-39.078991,-4808.8198,-0.13808252,-34.754402
1.4392297,-0.086693756,-0.12979399,-12.042038,15803.839,23876.01,3.5504e-05,-0.25247362,1.1729847,-46.573254,-0.12942848,-39.105755,-4757.7397,-0.13837245,-34.781269
1.4429606,-0.086440384,-0.12941115,-11.950712,15837.964,23927.25,3.552e-05,-0.25252524,1.1602993,-46.582779,-0.12950368,-39.13216,-4706.6299,-0.13925596,-34.807781
1.4466833,-0.086186476,-0.1290275,-11.859613,15871.983,23978.34,3.5536e-05,-0.25242737,1.1476065,-46.564724,-0.12957807,-39.158203,-4655.4907,-0.13859828,-34.833939
1.4503976,-0.085932009,-0.12864304,-11.768741,15905.907,24029.277,3.5552e-05,-0.25237727,1.1349064,-46.555485,-0.12965164,-39.183884,-4604.3223,-0.13866085,-34.859741
1.4541036,-0.085677013,-0.12825775,-11.678094,15939.727,24080.064,3.5568e-05,-0.25252524,1.1221992,-46.582779,-0.1297244,-39.209198,-4553.1245,-0.13891567,-34.885185
1.4578013,-0.085421465,-0.12787166,-11.587674,15973.448,24130.697,3.5584e-05,-0.25252524,1.1094849,-46.582779,-0.12979633,-39.234146,-4501.8984,-0.13922544,-34.910271
1.4614908,-0.085165389,-0.12748475,-11.497481,16007.065,24181.18,3.56e-05,-0.25252524,1.0967636,-46.582779,-0.12986743,-39.258724,-4450.6445,-0.13928342,-34.93499
1.4651718,-0.084908769,-0.12709706,-11.407514,16040.585,24231.51,3.5616e-05,-0.25252524,1.0840354,-46.582779,-0.12993772,-39.282932,-4399.3623,-0.14003113,-34.959343
1.4688447,-0.084651612,-0.12670855,-11.317773,16073.999,24281.686,3.5632e-05,-0.25252524,1.0713003,-46.582779,-0.13000721,-39.30677,-4348.0522,-0.13917203,-34.98333
1.4725089,-0.084393919,-0.12631924,-11.228258,16107.315,24331.707,3.5648e-05,-0.25252524,1.0585585,-46.582779,-0.13007586,-39.330235,-4296.7153,-0.14053468,-35.006947
1.4761649,-0.084135696,-0.12592913,-11.138968,16140.526,24381.576,3.5664e-05,-0.25252524,1.0458099,-46.582779,-0.13014367,-39.353317,-4245.3516,-0.13948026,-35.030193
1.4798125,-0.083876938,-0.12553823,-11.049905,16173.639,24431.291,3.568e-05,-0.25252524,1.0330547,-46.582779,-0.13021068,-39.376026,-4193.9609,-0.1401471,-35.053062
1.4834515,-0.083617657,-0.12514654,-10.961066,16206.645,24480.852,3.5696e-05,-0.25249827,1.0202931,-46.577805,-0.13027687,-39.398354,-4142.5439,-0.140112,-35.075554
1.4870821,-0.083357841,-0.12475406,-10.872453,16239.552,24530.258,3.5712e-05,-0.25252524,1.007525,-46.582779,-0.13034223,-39.4203,-4091.1011,-0.14078493,-35.097668
1.4907042,-0.083097503,-0.12436078,-10.784063,16272.353,24579.508,3.5728e-05,-0.25252524,0.9947505,-46.582779,-0.13040677,-39.441864,-4039.6326,-0.1406949,-35.1194
1.4943177,-0.082836635,-0.12396672,-10.695898,16305.054,24628.604,3.5744e-05,-0.25252524,0.98196971,-46.582779,-0.13047048,-39.463039,-3988.1387,-0.14050417,-35.140747
1.4979227,-0.082575247,-0.12357189,-10.607957,16337.648,24677.545,3.576e-05,-0.25252524,0.96918273,-46.582779,-0.13053337,-39.483829,-3936.6199,-0.14054689,-35.161709
1.501519,-0.082313336,-0.12317626,-10.52024,16370.144,24726.328,3.5776e-05,-0.25252524,0.95638967,-46.582779,-0.13059543,-39.50423,-3885.0764,-0.14033936,-35.182281
1.5051066,-0.082050912,-0.12277987,-10.432745,16402.531,24774.957,3.5792e-05,-0.25252524,0.94359052,-46.582779,-0.13065667,-39.524239,-3833.5085,-0.14085971,-35.202465
1.5086855,-0.081787959,-0.12238269,-10.345472,16434.818,24823.428,3.5808e-05,-0.25252524,0.93078542,-46.582779,-0.13071708,-39.54385,-3781.9167,-0.14015931,-35.222252
1.5122557,-0.081524499,-0.12198474,-10.258421,16466.998,24871.742,3.5824e-05,-0.25252524,0.91797447,-46.582779,-0.13077667,-39.563072,-3730.301,-0.1411832,-35.241646
1.515817,-0.081260517,-0.12158602,-10.171592,16499.078,24919.9,3.584e-05,-0.25252524,0.90515769,-46.582779,-0.13083544,-39.581894,-3678.6624,-0.14139836,-35.260643
1.5193696,-0.080996029,-0.12118654,-10.084983,16531.049,24967.9,3.5856e-05,-0.25252524,0.89233518,-46.582779,-0.13089338,-39.600315,-3627.0002,-0.14119083,-35.27924
1.5229133,-0.080731019,-0.12078629,-9.9985943,16562.918,25015.744,3.5872e-05,-0.25252524,0.87950706,-46.582779,-0.1309505,-39.61834,-3575.3157,-0.14115421,-35.297436
1.5264481,-0.08046551,-0.12038527,-9.912425,16594.68,25063.428,3.5888e-05,-0.25252524,0.86667335,-46.582779,-0.13100678,-39.635956,-3523.6086,-0.14051791,-35.315224
1.5299739,-0.08019948,-0.11998349,-9.8264742,16626.34,25110.955,3.5904e-05,-0.25252524,0.85383421,-46.582779,-0.13106222,-39.653172,-3471.8794,-0.14120457,-35.332611
1.5334907,-0.079932958,-0.11958096,-9.7407408,16657.893,25158.322,3.592e-05,-0.25252524,0.84098965,-46.582779,-0.13111685,-39.669975,-3420.1287,-0.14139226,-35.349583
1.5369983,-0.079665922,-0.11917768,-9.6552258,16689.342,25205.531,3.5936e-05,-0.25252524,0.82813978,-46.582779,-0.13117066,-39.686375,-3368.3564,-0.14204229,-35.36615
1.5404968,-0.079398386,-0.11877363,-9.5699263,16720.682,25252.58,3.5952e-05,-0.25252524,0.81528467,-46.582779,-0.13122363,-39.702362,-3316.5632,-0.14148991,-35.382301
1.5439862,-0.079130344,-0.11836884,-9.4848423,16751.92,25299.471,3.5968e-05,-0.25252524,0.80242443,-46.582779,-0.13127577,-39.717937,-3264.749,-0.14185004,-35.398037
1.5474663,-0.07886181,-0.1179633,-9.3999739,16783.049,25346.201,3.5984e-05,-0.25252524,0.78955907,-46.582779,-0.13132708,-39.733093,-3212.9146,-0.14149144,-35.413353
1.5509371,-0.07859277,-0.11755702,-9.3153191,16814.074,25392.77,3.6e-05,-0.25252524,0.77668881,-46.582779,-0.13137756,-39.747837,-3161.0601,-0.14080325,-35.428253
1.5543985,-0.078323245,-0.11714999,-9.2308769,16844.99,25439.18,3.6016e-05,-0.25252524,0.76381356,-46.582779,-0.13142721,-39.762161,-3109.1855,-0.141995,-35.44273
1.5578506,-0.078053214,-0.11674222,-9.1466475,16875.805,25485.43,3.6032e-05,-0.25252524,0.75093353,-46.582779,-0.13147604,-39.776066,-3057.2917,-0.14211707,-35.456783
1.5612931,-0.077782698,-0.11633372,-9.0626287,16906.506,25531.518,3.6048e-05,-0.25252524,0.73804873,-46.582779,-0.13152404,-39.789547,-3005.3789,-0.1424192,-35.470409
1.5647262,-0.077511683,-0.11592448,-8.9788198,16937.105,25577.443,3.6064e-05,-0.25252524,0.72515929,-46.582779,-0.1315712,-39.802601,-2953.4473,-0.14186376,-35.483608
1.5681497,-0.077240184,-0.11551451,-8.8952208,16967.594,25623.209,3.608e-05,-0.25252524,0.71226525,-46.582779,-0.13161753,-39.815231,-2901.4971,-0.14296854,-35.496376
1.5715635,-0.076968193,-0.11510381,-8.8118296,16997.979,25668.812,3.6096e-05,-0.25252524,0.69936675,-46.582779,-0.13166302,-39.827431,-2849.5288,-0.14279152,-35.508709
1.5749676,-0.076695718,-0.11469238,-8.7286453,17028.252,25714.254,3.6112e-05,-0.25252524,0.68646377,-46.582779,-0.1317077,-39.839203,-2797.5427,-0.14237648,-35.520611
1.578362,-0.076422758,-0.11428022,-8.645668,17058.422,25759.533,3.6128e-05,-0.25252524,0.67355651,-46.582779,-0.13175154,-39.85054,-2745.5391,-0.14252144,-35.532074
1.5817465,-0.076149322,-0.11386735,-8.5628948,17088.479,25804.648,3.6144e-05,-0.25252524,0.66064495,-46.582779,-0.13179454,-39.861446,-2693.5183,-0.14271981,-35.543098
1.585121,-0.075875394,-0.11345376,-8.4803257,17118.432,25849.602,3.616e-05,-0.25252524,0.64772928,-46.582779,-0.13183671,-39.871914,-2641.481,-0.14227729,-35.553684
1.5884857,-0.075600997,-0.11303945,-8.3979597,17148.273,25894.391,3.6176e-05,-0.25252524,0.63480943,-46.582779,-0.13187805,-39.881943,-2589.4268,-0.1427366,-35.563824
1.5918404,-0.075326107,-0.11262442,-8.3157949,17178.01,25939.018,3.6192e-05,-0.25252524,0.62188566,-46.582779,-0.13191855,-39.891533,-2537.3567,-0.14264505,-35.573521
1.595185,-0.075050756,-0.11220869,-8.2338305,17207.633,25983.48,3.6208e-05,-0.25252524,0.60895789,-46.582779,-0.13195823,-39.900677,-2485.2708,-0.14251381,-35.582771
1.5985196,-0.074774928,-0.11179224,-8.1520653,17237.152,26027.777,3.6224e-05,-0.25252524,0.5960263,-46.582779,-0.13199706,-39.909382,-2433.1692,-0.14304788,-35.591572
1.6018438,-0.074498631,-0.11137509,-8.0704975,17266.559,26071.912,3.624e-05,-0.25252524,0.58309096,-46.582779,-0.13203508,-39.917637,-2381.0525,-0.14236426,-35.599922
1.6051579,-0.074221849,-0.11095724,-7.9891272,17295.857,26115.881,3.6256e-05,-0.25252524,0.57015187,-46.582779,-0.13207224,-39.925446,-2328.9209,-0.1421659,-35.607819
1.6084616,-0.073944613,-0.11053868,-7.9079518,17325.045,26159.686,3.6272e-05,-0.25252524,0.55720925,-46.582779,-0.13210858,-39.932808,-2276.7749,-0.14297616,-35.615257
1.611755,-0.0736669,-0.11011943,-7.8269706,17354.127,26203.324,3.6288e-05,-0.25252524,0.54426306,-46.582779,-0.13214408,-39.939713,-2224.6147,-0.14310892,-35.622242
1.6150379,-0.073388733,-0.10969948,-7.7461824,17383.094,26246.797,3.6304e-05,-0.25252524,0.53131348,-46.582779,-0.13217875,-39.946167,-2172.4407,-0.14390393,-35.628769
1.6183105,-0.073110096,-0.10927884,-7.665586,17411.957,26290.105,3.632e-05,-0.25252524,0.5183605,-46.582779,-0.13221258,-39.952168,-2120.2532,-0.14298227,-35.634834
1.6215724,-0.072830997,-0.10885751,-7.5851793,17440.703,26333.246,3.6336e-05,-0.25252524,0.50540429,-46.582779,-0.13224559,-39.957706,-2068.0522,-0.14349803,-35.640438
1.6248238,-0.072551437,-0.10843549,-7.5049615,17469.344,26376.223,3.6352e-05,-0.25252524,0.49244487,-46.582779,-0.13227774,-39.962788,-2015.8386,-0.14328136,-35.645576
1.6280645,-0.072271422,-0.10801279,-7.424931,17497.871,26419.031,3.6368e-05,-0.25252524,0.47948232,-46.582779,-0.13230906,-39.967407,-1963.6125,-0.14312418,-35.650246
1.6312946,-0.071990944,-0.1075894,-7.3450866,17526.291,26461.672,3.6384e-05,-0.25252524,0.46651676,-46.582779,-0.13233957,-39.971565,-1911.3741,-0.14347972,-35.654449
1.634514,-0.07171002,-0.10716533,-7.2654271,17554.596,26504.146,3.64e-05,-0.25252524,0.45354822,-46.582779,-0.13236922,-39.975254,-1859.1238,-0.14313486,-35.658184
1.6377225,-0.071428634,-0.10674059,-7.1859503,17582.793,26546.455,3.6416e-05,-0.25252524,0.44057685,-46.582779,-0.13239804,-39.978477,-1806.8621,-0.14353923,-35.661446
1.6409202,-0.071146809,-0.10631517,-7.1066556,17610.877,26588.594,3.6432e-05,-0.25252524,0.42760268,-46.582779,-0.13242602,-39.981236,-1754.589,-0.14303263,-35.664234
1.644107,-0.070864521,-0.10588908,-7.0275412,17638.852,26630.566,3.6448e-05,-0.25252524,0.41462582,-46.582779,-0.13245317,-39.983521,-1702.3051,-0.14346598,-35.666546
1.6472828,-0.070581794,-0.10546232,-6.9486051,17666.711,26672.369,3.6464e-05,-0.25252524,0.40164635,-46.582779,-0.13247947,-39.985332,-1650.0106,-0.14266945,-35.668381
1.6504477,-0.07029862,-0.1050349,-6.8698468,17694.463,26714.004,3.648e-05,-0.25252524,0.38866431,-46.582779,-0.13250495,-39.986668,-1597.7059,-0.14317149,-35.669739
1.6536015,-0.070015006,-0.10460681,-6.7912641,17722.098,26755.471,3.6496e-05,-0.25252524,0.37567982,-46.582779,-0.13252959,-39.98753,-1545.3914,-0.14318216,-35.670612
1.6567444,-0.069730937,-0.10417806,-6.7128553,17749.625,26796.768,3.6512e-05,-0.25252524,0.36269298,-46.582779,-0.13255338,-39.987915,-1493.0671,-0.14253822,-35.671009
1.659876,-0.069446445,-0.10374866,-6.6346197,17777.037,26837.895,3.6528e-05,-0.25252524,0.34970382,-46.582779,-0.13257635,-39.987816,-1440.7338,-0.14351481,-35.670918
1.6629966,-0.069161497,-0.10331859,-6.5565553,17804.34,26878.854,3.6544e-05,-0.25252524,0.33671248,-46.582779,-0.13259847,-39.98724,-1388.3915,-0.14246193,-35.670341
1.666106,-0.068876125,-0.10288788,-6.4786601,17831.525,26919.643,3.656e-05,-0.25252524,0.32371899,-46.582779,-0.13261975,-39.986179,-1336.0406,-0.14303415,-35.669277
1.6692041,-0.068590313,-0.10245652,-6.4009333,17858.604,26960.26,3.6576e-05,-0.25252524,0.31072345,-46.582779,-0.13264021,-39.984631,-1283.6815,-0.14336222,-35.667725
1.672291,-0.068304069,-0.1020245,-6.3233728,17885.562,27000.709,3.6592e-05,-0.25252524,0.29772598,-46.582779,-0.13265982,-39.982597,-1231.3146,-0.14307383,-35.665684
1.6753666,-0.068017386,-0.10159185,-6.2459774,17912.414,27040.986,3.6608e-05,-0.25252524,0.28472659,-46.582779,-0.1326786,-39.980072,-1178.9399,-0.14298837,-35.663147
1.6784309,-0.067730285,-0.10115855,-6.168745,17939.148,27081.094,3.6624e-05,-0.25252524,0.27172542,-46.582779,-0.13269652,-39.977058,-1126.5581,-0.1426542,-35.660118
1.6814837,-0.067442752,-0.10072462,-6.0916748,17965.771,27121.029,3.664e-05,-0.25252524,0.25872251,-46.582779,-0.13271363,-39.973553,-1074.1693,-0.14252907,-35.656597
1.6845254,-0.067154795,-0.10029005,-6.0147643,17992.279,27160.793,3.6656e-05,-0.25252524,0.245718,-46.582779,-0.13272989,-39.969551,-1021.774,-0.14332408,-35.652576
1.6875556,-0.066866405,-0.099854834,-5.9380121,18018.676,27200.387,3.6672e-05,-0.25252524,0.23271193,-46.582779,-0.13274531,-39.965057,-969.37238,-0.14360942,-35.64806
1.6905742,-0.066577606,-0.099418998,-5.8614168,18044.955,27239.809,3.6688e-05,-0.25252524,0.21970437,-46.582779,-0.13275988,-39.960064,-916.96484,-0.14279763,-35.64304
1.6935815,-0.066288374,-0.098982535,-5.7849765,18071.123,27279.057,3.6704e-05,-0.25252524,0.20669544,-46.582779,-0.13277364,-39.954571,-864.5517,-0.14300668,-35.637524
1.6965773,-0.065998733,-0.098545447,-5.7086902,18097.172,27318.133,3.672e-05,-0.25252524,0.19368519,-46.582779,-0.13278654,-39.948574,-812.1333,-0.14244972,-35.6315
1.6995616,-0.065708667,-0.098107733,-5.632555,18123.111,27357.037,3.6736e-05,-0.25252524,0.18067372,-46.582779,-0.13279861,-39.942078,-759.71002,-0.14329508,-35.624977
1.7025343,-0.065418191,-0.0976694,-5.5565705,18148.934,27395.77,3.6752e-05,-0.25252524,0.16766112,-46.582779,-0.13280983,-39.935078,-707.2821,-0.14307383,-35.617947
1.7054956,-0.065127298,-0.097230449,-5.4807339,18174.643,27434.328,3.6768e-05,-0.25252524,0.15464744,-46.582779,-0.13282022,-39.92757,-654.84991,-0.14301889,-35.610413
1.7084452,-0.064835995,-0.096790887,-5.4050446,18200.234,27472.713,3.6784e-05,-0.25252524,0.1416328,-46.582779,-0.13282977,-39.919559,-602.41376,-0.14349192,-35.602367
1.7113833,-0.064544283,-0.096350715,-5.3295002,18225.713,27510.924,3.68e-05,-0.25252524,0.12861726,-46.582779,-0.13283849,-39.911034,-549.974,-0.14317606,-35.593815
1.7143098,-0.064252168,-0.095909931,-5.2540994,18251.074,27548.963,3.6816e-05,-0.25252524,0.1156009,-46.582779,-0.13284636,-39.902,-497.53101,-0.1436201,-35.584751
1.7172247,-0.063959643,-0.095468543,-5.1788402,18276.324,27586.826,3.6832e-05,-0.25252524,0.10258381,-46.582779,-0.13285339,-39.892456,-445.08505,-0.14289224,-35.575176
1.7201281,-0.063666716,-0.095026545,-5.1037207,18301.453,27624.516,3.6848e-05,-0.25252524,0.089566074,-46.582779,-0.13285957,-39.882397,-392.63647,-0.14269845,-35.56509
1.7230198,-0.063373379,-0.094583958,-5.0287399,18326.471,27662.031,3.6864e-05,-0.25252524,0.076547772,-46.582779,-0.13286494,-39.871819,-340.18564,-0.14284647,-35.554489
1.7258998,-0.063079655,-0.094140768,-4.9538956,18351.369,27699.371,3.688e-05,-0.25252524,0.063528985,-46.582779,-0.13286945,-39.860729,-287.73282,-0.14273202,-35.543377
1.7287683,-0.062785521,-0.093696982,-4.8791862,18376.154,27736.535,3.6896e-05,-0.25252524,0.050509796,-46.582779,-0.13287312,-39.849117,-235.2784,-0.14252907,-35.531742
1.7316251,-0.062491,-0.093252607,-4.8046098,18400.82,27773.525,3.6912e-05,-0.25252524,0.037490286,-46.582779,-0.13287596,-39.836987,-182.82268,-0.14271981,-35.519596
1.7344702,-0.062196076,-0.092807636,-4.730165,18425.371,27810.342,3.6928e-05,-0.25252524,0.024470542,-46.582779,-0.13287796,-39.824333,-130.366,-0.14201941,-35.506927
1.7373037,-0.061900765,-0.092362083,-4.6558499,18449.805,27846.98,3.6944e-05,-0.25252524,0.01145064,-46.582779,-0.13287912,-39.811161,-77.908707,-0.14251687,-35.493744
1.7401257,-0.061605059,-0.09191595,-4.5816631,18474.123,27883.443,3.696e-05,-0.25252524,-0.0015693344,-46.582779,-0.13287944,-39.797462,-25.451111,-0.14233834,-35.480038
1.7429358,-0.061308969,-0.091469236,-4.5076022,18498.322,27919.73,3.6976e-05,-0.25252524,-0.014589299,-46.582779,-0.13287891,-39.783237,27.006445,-0.14169134,-35.465809
1.7457343,-0.061012484,-0.09102194,-4.4336662,18522.408,27955.84,3.6992e-05,-0.25252524,-0.027609173,-46.582779,-0.13287756,-39.768486,79.463631,-0.14209875,-35.451061
1.7485212,-0.060715619,-0.090574071,-4.3598528,18546.373,27991.775,3.7008e-05,-0.25252524,-0.040628873,-46.582779,-0.13287535,-39.753208,131.92012,-0.14206824,-35.435787
1.7512964,-0.060418367,-0.090125635,-4.2861609,18570.223,28027.531,3.7024e-05,-0.25252524,-0.053648319,-46.582779,-0.13287231,-39.737396,184.37558,-0.14244209,-35.419991
1.7540599,-0.060120739,-0.089676626,-4.2125883,18593.953,28063.113,3.704e-05,-0.25252524,-0.066667423,-46.582779,-0.13286844,-39.721058,236.82968,-0.14205603,-35.403671
1.7568119,-0.059822727,-0.089227051,-4.1391335,18617.568,28098.516,3.7056e-05,-0.25252524,-0.079686113,-46.582779,-0.13286372,-39.704185,289.28207,-0.14237648,-35.386822
1.759552,-0.059524342,-0.088776909,-4.0657945,18641.062,28133.74,3.7072e-05,-0.25252524,-0.092704296,-46.582779,-0.13285816,-39.686779,341.73245,-0.14193854,-35.36945
1.7622806,-0.059225574,-0.088326208,-3.9925702,18664.443,28168.789,3.7088e-05,-0.25252524,-0.10572189,-46.582779,-0.13285176,-39.668839,394.18048,-0.14156926,-35.351551
1.7649975,-0.058926437,-0.087874949,-3.9194582,18687.701,28203.658,3.7104e-05,-0.25252524,-0.11873882,-46.582779,-0.13284454,-39.65036,446.62579,-0.14145482,-35.333122
1.7677028,-0.058626924,-0.087423138,-3.8464572,18710.844,28238.35,3.712e-05,-0.25252524,-0.13175501,-46.582779,-0.13283646,-39.631344,499.06812,-0.14199957,-35.314167
1.7703964,-0.058327045,-0.086970769,-3.7735653,18733.867,28272.863,3.7136e-05,-0.25252524,-0.14477035,-46.582779,-0.13282755,-39.611794,551.50708,-0.14179967,-35.294682
1.7730783,-0.058026794,-0.086517856,-3.7007811,18756.771,28307.197,3.7152e-05,-0.25252524,-0.15778479,-46.582779,-0.13281779,-39.591698,603.94238,-0.14082919,-35.274666
1.7757487,-0.057726182,-0.086064391,-3.6281025,18779.557,28341.354,3.7168e-05,-0.25252524,-0.17079824,-46.582779,-0.13280721,-39.571064,656.37366,-0.14159825,-35.25412
1.7784075,-0.057425197,-0.08561039,-3.5555282,18802.227,28375.33,3.7184e-05,-0.25252524,-0.18381061,-46.582779,-0.13279578,-39.549889,708.80054,-0.14124882,-35.233044
1.7810545,-0.057123858,-0.085155837,-3.4830561,18824.773,28409.129,3.72e-05,-0.25252524,-0.19682181,-46.582779,-0.1327835,-39.528172,761.22284,-0.14041719,-35.211437
1.78369,-0.056822151,-0.084700756,-3.4106851,18847.203,28442.746,3.7216e-05,-0.25252524,-0.20983176,-46.582779,-0.1327704,-39.505909,813.64008,-0.1411649,-35.189297
1.7863138,-0.05652009,-0.084245138,-3.338413,18869.512,28476.186,3.7232e-05,-0.25252524,-0.2228404,-46.582779,-0.13275646,-39.483101,866.052,-0.14079714,-35.166622
1.7889261,-0.05621767,-0.083788984,-3.2662382,18891.705,28509.443,3.7248e-05,-0.25252524,-0.23584764,-46.582779,-0.13274166,-39.459747,918.45819,-0.14051485,-35.143417
1.7915267,-0.055914897,-0.083332308,-3.1941593,18913.773,28542.523,3.7264e-05,-0.25252524,-0.24885337,-46.582779,-0.13272604,-39.435848,970.85846,-0.14060183,-35.119678
1.7941158,-0.055611767,-0.082875103,-3.1221745,18935.727,28575.422,3.728e-05,-0.25252524,-0.26185754,-46.582779,-0.13270958,-39.411396,1023.2524,-0.1397763,-35.095409
1.7966932,-0.05530829,-0.082417369,-3.0502822,18957.557,28608.139,3.7296e-05,-0.25252524,-0.27486005,-46.582779,-0.13269228,-39.386398,1075.6396,-0.14032716,-35.070602
1.7992592,-0.055004459,-0.081959121,-2.9784808,18979.27,28640.676,3.7312e-05,-0.25252524,-0.28786084,-46.582779,-0.13267414,-39.360851,1128.0199,-0.14005402,-35.045261
1.8018135,-0.054700285,-0.081500351,-2.9067683,19000.859,28673.031,3.7328e-05,-0.25252524,-0.30085981,-46.582779,-0.13265517,-39.334751,1180.3928,-0.13996398,-35.019386
1.8043563,-0.054395761,-0.081041068,-2.8351438,19022.332,28705.207,3.7344e-05,-0.25252524,-0.31385687,-46.582779,-0.13263535,-39.308102,1232.7581,-0.13943449,-34.992977
1.8068875,-0.054090898,-0.08058127,-2.7636049,19043.682,28737.201,3.736e-05,-0.25252524,-0.32685193,-46.582779,-0.1326147,-39.280899,1285.1154,-0.13976562,-34.96603
1.8094072,-0.053785689,-0.080120966,-2.6921506,19064.914,28769.014,3.7376e-05,-0.25252524,-0.33984497,-46.582779,-0.13259321,-39.253143,1337.4644,-0.13978088,-34.938553
1.8119154,-0.053480148,-0.079660155,-2.6207788,19086.023,28800.645,3.7392e-05,-0.25252524,-0.35283583,-46.582779,-0.13257089,-39.224834,1389.8047,-0.13952909,-34.910538
1.814412,-0.053174261,-0.079198845,-2.5494885,19107.014,28832.092,3.7408e-05,-0.25252524,-0.36582449,-46.582779,-0.13254772,-39.195969,1442.1361,-0.13963896,-34.881985
1.8168972,-0.052868042,-0.078737028,-2.4782777,19127.879,28863.359,3.7424e-05,-0.25250137,-0.37881082,-46.578373,-0.13252373,-39.16655,1494.4581,-0.13942228,-34.852901
1.8193709,-0.052561488,-0.078274719,-2.4071448,19148.629,28894.443,3.744e-05,-0.25252524,-0.39179474,-46.582779,-0.13249889,-39.136574,1546.7705,-0.13945585,-34.823277
1.821833,-0.052254602,-0.077811912,-2.3360884,19169.254,28925.346,3.7456e-05,-0.25252524,-0.40477622,-46.582779,-0.13247322,-39.106041,1599.073,-0.13856776,-34.793121
1.8242836,-0.051947385,-0.07734862,-2.2651069,19189.76,28956.064,3.7472e-05,-0.2523981,-0.41775513,-46.559322,-0.13244671,-39.074951,1651.3651,-0.1385693,-34.762428
1.8267229,-0.051639844,-0.076884829,-2.1941991,19210.141,28986.6,3.7488e-05,-0.25250521,-0.43073142,-46.579082,-0.13241935,-39.043301,1703.6467,-0.13913083,-34.731201
1.8291507,-0.051331975,-0.07642056,-2.1233628,19230.404,29016.953,3.7504e-05,-0.25247052,-0.44370496,-46.572685,-0.13239117,-39.011097,1755.9172,-0.13724937,-34.69944
1.831567,-0.051023781,-0.075955808,-2.052597,19250.543,29047.123,3.752e-05,-0.25241196,-0.45667571,-46.561882,-0.13236214,-38.978329,1808.1765,-0.13819087,-34.667141
1.833972,-0.050715264,-0.075490572,-1.9819002,19270.562,29077.109,3.7536e-05,-0.25243971,-0.46964359,-46.567001,-0.13233228,-38.945004,1860.4242,-0.13755456,-34.634308
1.8363655,-0.05040643,-0.075024858,-1.9112707,19290.457,29106.912,3.7552e-05,-0.25231409,-0.48260847,-46.543827,-0.1323016,-38.911121,1912.6599,-0.13749352,-34.600941
1.8387476,-0.050097272,-0.074558675,-1.8407072,19310.232,29136.529,3.7568e-05,-0.25240812,-0.49557033,-46.561172,-0.13227007,-38.876675,1964.8833,-0.13751641,-34.567039
1.8411183,-0.049787801,-0.074092023,-1.7702081,19329.885,29165.965,3.7584e-05,-0.25229096,-0.50852907,-46.539562,-0.1322377,-38.841667,2017.0941,-0.13673513,-34.532604
1.8434777,-0.049478013,-0.073624894,-1.699772,19349.416,29195.215,3.76e-05,-0.25237575,-0.52148455,-46.555202,-0.1322045,-38.806103,2069.292,-0.13756065,-34.497635
1.8458258,-0.04916792,-0.07315731,-1.6293974,19368.822,29224.281,3.7616e-05,-0.25221312,-0.53443682,-46.525204,-0.13217047,-38.769974,2121.4766,-0.13726616,-34.462135
1.8481625,-0.048857506,-0.072689258,-1.5590831,19388.107,29253.162,3.7632e-05,-0.25203511,-0.54738563,-46.492363,-0.1321356,-38.733284,2173.6477,-0.13722342,-34.426098
1.8504879,-0.048546791,-0.07222075,-1.4888273,19407.268,29281.859,3.7648e-05,-0.25199196,-0.56033105,-46.484402,-0.1320999,-38.69603,2225.8047,-0.13728599,-34.38953
1.8528022,-0.048235767,-0.071751781,-1.4186291,19426.309,29310.371,3.7664e-05,-0.25189331,-0.57327288,-46.466206,-0.13206336,-38.658215,2277.9475,-0.13644062,-34.352432
1.855105,-0.04792444,-0.071282364,-1.3484868,19445.225,29338.697,3.768e-05,-0.25139469,-0.58621109,-46.374226,-0.13202599,-38.619839,2330.0757,-0.13614459,-34.3148
1.8573967,-0.047612805,-0.070812494,-1.2783991,19464.02,29366.838,3.7696e-05,-0.25124824,-0.59914565,-46.347214,-0.13198778,-38.580902,2382.1892,-0.13618274,-34.276638
1.8596772,-0.047300875,-0.070342176,-1.2083646,19482.688,29394.795,3.7712e-05,-0.25132301,-0.6120764,-46.361004,-0.13194874,-38.541401,2434.2871,-0.13553117,-34.237946
1.8619465,-0.046988644,-0.069871418,-1.1383821,19501.236,29422.564,3.7728e-05,-0.25065947,-0.62500328,-46.238602,-0.13190886,-38.501335,2486.3696,-0.13640553,-34.198723
1.8642045,-0.046676118,-0.069400214,-1.0684501,19519.658,29450.148,3.7744e-05,-0.25075194,-0.63792622,-46.255661,-0.13186815,-38.460709,2538.4363,-0.13533586,-34.158974
1.8664515,-0.046363294,-0.06892857,-0.99856752,19537.961,29477.547,3.776e-05,-0.25054386,-0.65084511,-46.217278,-0.13182661,-38.419518,2590.4866,-0.13558,-34.118694
1.8686873,-0.046050183,-0.068456493,-0.92873287,19556.135,29504.758,3.7776e-05,-0.24993965,-0.66375989,-46.10582,-0.13178425,-38.377766,2642.5205,-0.13571733,-34.077888
1.8709121,-0.045736775,-0.067983985,-0.85894501,19574.189,29531.783,3.7792e-05,-0.25002751,-0.67667049,-46.122028,-0.13174103,-38.335453,2694.5374,-0.13503373,-34.036556
1.8731258,-0.045423083,-0.067511052,-0.78920263,19592.117,29558.623,3.7808e-05,-0.24938016,-0.6895768,-46.002609,-0.131697,-38.292572,2746.5371,-0.13483077,-33.994694
1.8753284,-0.045109097,-0.067037687,-0.71950448,19609.924,29585.275,3.7824e-05,-0.24923681,-0.70247877,-45.97617,-0.13165213,-38.249134,2798.5193,-0.13486435,-33.952312
1.8775201,-0.044794835,-0.066563897,-0.64984936,19627.604,29611.74,3.784e-05,-0.24930848,-0.71537632,-45.989388,-0.13160643,-38.205132,2850.4836,-0.13420057,-33.909401
1.8797008,-0.044480283,-0.06608969,-0.58023602,19645.162,29638.02,3.7856e-05,-0.24894318,-0.72826934,-45.922005,-0.13155991,-38.160568,2902.4297,-0.13427229,-33.865971
1.8818705,-0.044165455,-0.065615065,-0.51066327,19662.592,29664.111,3.7872e-05,-0.24875437,-0.74115777,-45.887173,-0.13151254,-38.115444,2954.3572,-0.13437299,-33.822018
1.8840293,-0.043850344,-0.065140024,-0.44113004,19679.902,29690.014,3.7888e-05,-0.24871506,-0.75404149,-45.879925,-0.13146435,-38.069756,3006.2659,-0.1328837,-33.777542
1.8861773,-0.043534961,-0.064664572,-0.37163505,19697.084,29715.73,3.7904e-05,-0.24794824,-0.76692045,-45.738472,-0.13141532,-38.02351,3058.1555,-0.13325755,-33.732544
1.8883144,-0.043219294,-0.064188711,-0.30217722,19714.145,29741.26,3.792e-05,-0.24747583,-0.77979457,-45.651325,-0.13136546,-37.9767,3110.0254,-0.13339183,-33.687031
1.8904407,-0.042903364,-0.063712448,-0.23275544,19731.078,29766.6,3.7936e-05,-0.24716602,-0.79266381,-45.594173,-0.13131478,-37.929329,3161.8755,-0.13290659,-33.640999
1.8925562,-0.042587157,-0.063235775,-0.16336855,19747.889,29791.752,3.7952e-05,-0.24750973,-0.80552799,-45.657578,-0.13126327,-37.881401,3213.7056,-0.13270821,-33.594448
1.8946611,-0.042270686,-0.062758714,-0.094015494,19764.57,29816.717,3.7968e-05,-0.24721611,-0.81838715,-45.603416,-0.13121092,-37.832912,3265.5149,-0.13280281,-33.547382
1.8967551,-0.041953944,-0.062281247,-0.024695205,19781.131,29841.494,3.7984e-05,-0.24656336,-0.83124107,-45.483002,-0.13115776,-37.783867,3317.3037,-0.13233741,-33.499802
1.8988385,-0.04163694,-0.061803389,0.044593375,19797.564,29866.082,3.8e-05,-0.24632521,-0.84408975,-45.439072,-0.13110375,-37.734261,3369.071,-0.13129978,-33.45171
1.9009113,-0.041319668,-0.06132514,0.11385128,19813.875,29890.48,3.8016e-05,-0.24606936,-0.85693312,-45.391876,-0.13104893,-37.684097,3420.8171,-0.13204901,-33.403103
1.9029735,-0.041002139,-0.060846508,0.18307953,19830.057,29914.691,3.8032e-05,-0.24590597,-0.86977106,-45.361736,-0.13099328,-37.633377,3472.5415,-0.13128757,-33.353989
1.9050251,-0.04068435,-0.060367487,0.2522791,19846.117,29938.713,3.8048e-05,-0.2453534,-0.88260353,-45.259804,-0.13093679,-37.582104,3524.2434,-0.13086642,-33.304363
1.9070661,-0.040366307,-0.059888087,0.32145101,19862.049,29962.545,3.8064e-05,-0.2454952,-0.89543045,-45.285965,-0.13087948,-37.53027,3575.9231,-0.1305292,-33.25423
1.9090967,-0.040048003,-0.059408307,0.39059621,19877.855,29986.188,3.808e-05,-0.24509755,-0.90825164,-45.212608,-0.13082135,-37.477882,3627.5801,-0.13062686,-33.20359
1.9111167,-0.039729454,-0.058928154,0.45971563,19893.537,30009.641,3.8096e-05,-0.24471375,-0.92106712,-45.141808,-0.13076238,-37.424942,3679.2136,-0.13031861,-33.152447
1.9131263,-0.039410647,-0.058447625,0.5288102,19909.092,30032.904,3.8112e-05,-0.24437696,-0.93387681,-45.079685,-0.1307026,-37.371449,3730.824,-0.12956633,-33.1008
1.9151256,-0.039091595,-0.057966731,0.59788078,19924.521,30055.979,3.8128e-05,-0.24417582,-0.94668061,-45.04258,-0.13064198,-37.317402,3782.4106,-0.13012788,-33.048653
1.9171144,-0.038772292,-0.057485469,0.66692835,19939.826,30078.863,3.8144e-05,-0.24357855,-0.95947838,-44.932404,-0.13058054,-37.262802,3833.9729,-0.13000122,-32.996002
1.9190928,-0.038452752,-0.057003845,0.73595369,19955.002,30101.557,3.816e-05,-0.24352306,-0.97227013,-44.922165,-0.13051827,-37.207653,3885.511,-0.12967619,-32.942856
1.9210608,-0.038132962,-0.056521859,0.80495775,19970.053,30124.062,3.8176e-05,-0.2428626,-0.98505574,-44.800331,-0.1304552,-37.151955,3937.0244,-0.12881558,-32.88921
1.9230186,-0.037812933,-0.056039516,0.87394124,19984.977,30146.375,3.8192e-05,-0.24252428,-0.9978351,-44.737923,-0.13039127,-37.095711,3988.5125,-0.12836848,-32.835072
1.924966,-0.037492666,-0.055556823,0.94290507,19999.775,30168.5,3.8208e-05,-0.24211197,-1.0106082,-44.661865,-0.13032654,-37.038914,4039.9753,-0.1283578,-32.780437
1.9269031,-0.037172161,-0.055073775,1.01185,20014.447,30190.432,3.8224e-05,-0.24192162,-1.0233749,-44.626751,-0.13026097,-36.981575,4091.4124,-0.12783441,-32.725311
1.9288299,-0.036851421,-0.054590382,1.0807768,20028.992,30212.174,3.824e-05,-0.24170506,-1.0361351,-44.586803,-0.1301946,-36.923691,4142.8237,-0.12766503,-32.669697
1.9307464,-0.036530454,-0.054106642,1.1496862,20043.41,30233.727,3.8256e-05,-0.24125113,-1.0488888,-44.503067,-0.1301274,-36.865261,4194.208,-0.12733237,-32.613594
1.9326526,-0.036209248,-0.053622559,1.2185789,20057.701,30255.086,3.8272e-05,-0.24080029,-1.0616359,-44.419903,-0.13005936,-36.806286,4245.5664,-0.12710807,-32.557007
1.9345485,-0.035887819,-0.053138141,1.2874558,20071.865,30276.256,3.8288e-05,-0.24072862,-1.0743762,-44.406681,-0.12999052,-36.746773,4296.8975,-0.12659535,-32.499931
1.9364341,-0.035566159,-0.052653383,1.3563175,20085.904,30297.234,3.8304e-05,-0.24010438,-1.0871098,-44.291527,-0.12992086,-36.686722,4348.2012,-0.12618031,-32.442375
1.9383094,-0.035244279,-0.052168295,1.4251646,20099.814,30318.021,3.832e-05,-0.24012364,-1.0998365,-44.295082,-0.12985036,-36.626129,4399.4771,-0.12494735,-32.384342
1.9401745,-0.034922171,-0.051682878,1.4939978,20113.598,30338.617,3.8336e-05,-0.23909788,-1.1125562,-44.105862,-0.12977906,-36.564999,4450.7251,-0.12641376,-32.325829
1.942029,-0.034599848,-0.051197134,1.5628178,20127.254,30359.02,3.8352e-05,-0.23903546,-1.1252689,-44.094345,-0.12970692,-36.50333,4501.9448,-0.12523881,-32.266838
1.9438733,-0.034277305,-0.050711066,1.6316251,20140.783,30379.232,3.8368e-05,-0.23870099,-1.1379746,-44.032646,-0.12963398,-36.441132,4553.1357,-0.12507553,-32.207371
1.9457071,-0.033954546,-0.050224677,1.7004205,20154.184,30399.252,3.8384e-05,-0.23825708,-1.150673,-43.95076,-0.1295602,-36.378399,4604.2979,-0.12461165,-32.147434
1.9475304,-0.033631567,-0.049737971,1.7692044,20167.457,30419.08,3.84e-05,-0.23793417,-1.1633642,-43.891193,-0.12948562,-36.315132,4655.4307,-0.125103,-32.087029
1.9493432,-0.033308383,-0.049250953,1.8379774,20180.604,30438.715,3.8416e-05,-0.23744479,-1.176048,-43.800922,-0.12941021,-36.251339,4706.5337,-0.12422864,-32.026157
1.9511454,-0.032984983,-0.048763622,1.9067401,20193.623,30458.16,3.8432e-05,-0.23745866,-1.1887244,-43.803478,-0.12933399,-36.187016,4757.6069,-0.12363659,-31.964817
1.952937,-0.032661378,-0.048275981,1.975493,20206.512,30477.41,3.8448e-05,-0.23668723,-1.2013932,-43.661175,-0.12925695,-36.122169,4808.6504,-0.12281411,-31.903015
1.954718,-0.032337565,-0.047788039,2.0442367,20219.275,30496.469,3.8464e-05,-0.23650843,-1.2140546,-43.628193,-0.12917911,-36.056793,4859.6626,-0.12262337,-31.840752
1.956488,-0.03201355,-0.047299795,2.1129715,20231.91,30515.336,3.848e-05,-0.23612386,-1.2267082,-43.557251,-0.12910043,-35.990898,4910.644,-0.12281411,-31.778028
1.9582473,-0.031689331,-0.046811249,2.1816978,20244.418,30534.008,3.8496e-05,-0.23566069,-1.2393541,-43.471813,-0.12902094,-35.92448,4961.5947,-0.12248299,-31.714851
1.9599955,-0.031364914,-0.046322409,2.2504165,20256.797,30552.488,3.8512e-05,-0.2355081,-1.2519921,-43.443665,-0.12894064,-35.857544,5012.5137,-0.12269051,-31.651218
1.9617327,-0.031040298,-0.045833278,2.3191278,20269.049,30570.775,3.8528e-05,-0.23502026,-1.2646223,-43.353676,-0.12885952,-35.790089,5063.4004,-0.12142704,-31.587135
1.9634587,-0.030715486,-0.045343857,2.3878319,20281.17,30588.871,3.8544e-05,-0.2346357,-1.2772444,-43.282734,-0.12877759,-35.722118,5114.2554,-0.12046571,-31.522604
1.9651734,-0.030390479,-0.044854145,2.4565294,20293.164,30606.771,3.856e-05,-0.23419487,-1.2898586,-43.201416,-0.12869485,-35.653637,5165.0776,-0.12129429,-31.457624
1.9668765,-0.030065281,-0.044364154,2.5252206,20305.029,30624.479,3.8576e-05,-0.23395674,-1.3024645,-43.15749,-0.1286113,-35.584641,5215.8672,-0.12090518,-31.392202
1.9685681,-0.029739892,-0.043873884,2.5939059,20316.768,30641.994,3.8592e-05,-0.23307356,-1.3150622,-42.994568,-0.12852693,-35.515137,5266.6235,-0.11959136,-31.326338
1.970248,-0.029414317,-0.043383334,2.6625857,20328.375,30659.314,3.8608e-05,-0.23296566,-1.3276516,-42.974667,-0.12844175,-35.445126,5317.3462,-0.11998504,-31.260035
1.9719158,-0.029088553,-0.042892512,2.7312603,20339.857,30676.441,3.8624e-05,-0.23260731,-1.3402326,-42.908558,-0.12835576,-35.374607,5368.0352,-0.12026887,-31.193296
1.9735717,-0.028762611,-0.042401418,2.7999301,20351.207,30693.375,3.864e-05,-0.2320347,-1.3528053,-42.802933,-0.12826896,-35.303589,5418.6904,-0.11908017,-31.126123
1.9752152,-0.02843648,-0.041910056,2.8685949,20362.432,30710.115,3.8656e-05,-0.23183894,-1.3653692,-42.766823,-0.12818134,-35.232067,5469.3105,-0.11876583,-31.058519
1.9768463,-0.028110176,-0.041418429,2.9372556,20373.523,30726.66,3.8672e-05,-0.23099275,-1.3779246,-42.610725,-0.12809291,-35.160046,5519.8965,-0.11830501,-30.990488
1.9784647,-0.02778369,-0.040926542,3.0059121,20384.49,30743.012,3.8688e-05,-0.23070683,-1.3904713,-42.557983,-0.12800369,-35.087532,5570.4473,-0.11764427,-30.922029
1.9800702,-0.027457032,-0.040434394,3.0745647,20395.326,30759.168,3.8704e-05,-0.23024982,-1.4030092,-42.473682,-0.12791365,-35.014523,5620.9624,-0.1171453,-30.853149
1.9816626,-0.027130198,-0.039941993,3.1432135,20406.033,30775.131,3.872e-05,-0.2296595,-1.4155383,-42.364784,-0.1278228,-34.941017,5671.4424,-0.11762749,-30.78385
1.9832418,-0.026803195,-0.039449338,3.211859,20416.611,30790.9,3.8736e-05,-0.22923717,-1.4280584,-42.286877,-0.12773114,-34.867027,5721.8857,-0.11632588,-30.714132
1.9848073,-0.02647602,-0.038956434,3.2805011,20427.061,30806.475,3.8752e-05,-0.22897129,-1.4405695,-42.237831,-0.12763868,-34.792549,5772.293,-0.11630756,-30.644001
1.9863589,-0.026148681,-0.038463283,3.3491402,20437.379,30821.854,3.8768e-05,-0.22890963,-1.4530715,-42.22646,-0.12754542,-34.717587,5822.6636,-0.11649068,-30.573458
1.9878964,-0.025821174,-0.037969891,3.4177761,20447.57,30837.039,3.8784e-05,-0.22797404,-1.4655643,-42.053871,-0.12745135,-34.642143,5872.9976,-0.1162389,-30.502506
1.9894196,-0.025493506,-0.03747626,3.4864094,20457.631,30852.027,3.88e-05,-0.2273968,-1.4780478,-41.947392,-0.12735647,-34.566219,5923.2939,-0.11550798,-30.43115
1.9909281,-0.025165673,-0.036982391,3.5550396,20467.562,30866.824,3.8816e-05,-0.22747618,-1.490522,-41.962032,-0.12726077,-34.489819,5973.5527,-0.11528367,-30.35939
1.9924216,-0.024837688,-0.036488287,3.6236675,20477.363,30881.424,3.8832e-05,-0.22673558,-1.5029868,-41.825413,-0.12716429,-34.412945,6023.7734,-0.11497848,-30.287231
1.9938999,-0.02450954,-0.035993956,3.6922927,20487.037,30895.828,3.8848e-05,-0.22629321,-1.5154421,-41.743813,-0.127067,-34.335598,6073.9561,-0.11438338,-30.214674
1.9953626,-0.024181241,-0.035499394,3.7609153,20496.58,30910.039,3.8864e-05,-0.22583851,-1.5278879,-41.659935,-0.12696891,-34.257782,6124.1001,-0.11456648,-30.141726
1.9968096,-0.023852786,-0.035004608,3.8295355,20505.994,30924.053,3.888e-05,-0.22546628,-1.540324,-41.59127,-0.12687002,-34.179501,6174.2051,-0.11279488,-30.068384
1.9982404,-0.023524184,-0.034509603,3.8981531,20515.275,30937.873,3.8896e-05,-0.22506475,-1.5527503,-41.517204,-0.12677032,-34.100758,6224.271,-0.11267739,-29.994658
1.9996545,-0.023195431,-0.034014378,3.9667685,20524.43,30951.496,3.8912e-05,-0.22421086,-1.565167,-41.359688,-0.12666982,-34.021549,6274.2974,-0.11236458,-29.920546
2.0010519,-0.022866532,-0.03351894,4.0353813,20533.453,30964.926,3.8928e-05,-0.22426866,-1.5775735,-41.37035,-0.12656853,-33.941887,6324.2837,-0.11226691,-29.84605
2.0024321,-0.022537488,-0.03302329,4.103992,20542.348,30978.158,3.8944e-05,-0.22361128,-1.5899702,-41.249084,-0.12646642,-33.861771,6374.2305,-0.11158025,-29.771179
2.0037949,-0.022208305,-0.032527432,4.1725998,20551.111,30991.195,3.896e-05,-0.22310495,-1.6023569,-41.155682,-0.12636353,-33.7812,6424.1362,-0.11088748,-29.695932
2.0051398,-0.021878976,-0.032031365,4.2412052,20559.746,31004.037,3.8976e-05,-0.22247839,-1.6147335,-41.0401,-0.12625983,-33.700184,6474.0015,-0.1114246,-29.620316
2.0064666,-0.021549515,-0.0315351,4.3098083,20568.25,31016.682,3.8992e-05,-0.22245912,-1.6270999,-41.036549,-0.12615535,-33.618717,6523.8257,-0.11054415,-29.544329
2.0077748,-0.021219913,-0.031038633,4.3784084,20576.623,31029.131,3.9008e-05,-0.22196513,-1.6394559,-40.945419,-0.12605006,-33.536812,6573.6084,-0.10997193,-29.467976
2.0090642,-0.020890182,-0.030541971,4.4470057,20584.867,31041.385,3.9024e-05,-0.2209987,-1.6518016,-40.767147,-0.12594397,-33.454464,6623.3491,-0.1098239,-29.391262
2.0103343,-0.020560313,-0.030045116,4.5156002,20592.98,31053.443,3.904e-05,-0.22127075,-1.6641369,-40.817333,-0.1258371,-33.371681,6673.0483,-0.10913114,-29.314188
2.011585,-0.020230319,-0.029548071,4.5841918,20600.963,31065.305,3.9056e-05,-0.2200554,-1.6764617,-40.59314,-0.12572943,-33.288464,6722.7051,-0.10870846,-29.236761
2.0128157,-0.019900195,-0.02905084,4.6527801,20608.816,31076.969,3.9072e-05,-0.22000608,-1.6887758,-40.584042,-0.12562096,-33.204815,6772.3188,-0.10868099,-29.158979
2.0140262,-0.019569948,-0.028553424,4.7213655,20616.539,31088.438,3.9088e-05,-0.21911056,-1.7010794,-40.418846,-0.12551169,-33.120739,6821.8896,-0.10761284,-29.080851
2.0152161,-0.019239573,-0.028055828,4.789947,20624.131,31099.711,3.9104e-05,-0.21852717,-1.7133721,-40.31123,-0.12540163,-33.03624,6871.4175,-0.10775322,-29.002377
2.0163851,-0.018909082,-0.027558057,4.8585253,20631.592,31110.787,3.912e-05,-0.21859962,-1.725654,-40.324593,-0.1252908,-32.951321,6920.9014,-0.10682699,-28.923561
2.0175331,-0.018578466,-0.02706011,4.9270997,20638.924,31121.666,3.9136e-05,-0.21775727,-1.7379251,-40.169209,-0.12517916,-32.865982,6970.3418,-0.10727409,-28.844406
2.0186594,-0.018247737,-0.026561992,4.9956698,20646.123,31132.35,3.9152e-05,-0.21722628,-1.7501851,-40.071255,-0.12506673,-32.780228,7019.7378,-0.10658132,-28.764915
2.0197637,-0.01791689,-0.026063707,5.0642362,20653.193,31142.836,3.9168e-05,-0.21672688,-1.7624341,-39.979134,-0.1249535,-32.694065,7069.0889,-0.10582141,-28.685095
2.0208461,-0.017585931,-0.025565257,5.1327977,20660.131,31153.125,3.9184e-05,-0.21658123,-1.774672,-39.952267,-0.1248395,-32.607494,7118.3955,-0.10527818,-28.604944
2.0219061,-0.017254861,-0.025066646,5.201355,20666.941,31163.219,3.92e-05,-0.21577048,-1.7868987,-39.802708,-0.1247247,-32.520519,7167.6567,-0.10517289,-28.524469
2.0229435,-0.016923683,-0.024567876,5.269907,20673.617,31173.113,3.9216e-05,-0.21599552,-1.7991141,-39.844219,-0.12460911,-32.433144,7216.8726,-0.10413679,-28.443674
2.023958,-0.016592396,-0.02406895,5.3384538,20680.166,31182.812,3.9232e-05,-0.21457441,-1.8113182,-39.582069,-0.12449274,-32.345371,7266.043,-0.1043321,-28.362562
2.0249491,-0.016261006,-0.023569873,5.4069953,20686.58,31192.314,3.9248e-05,-0.21477479,-1.8235108,-39.619034,-0.12437558,-32.257202,7315.167,-0.10317545,-28.281134
2.0259171,-0.015929513,-0.023070646,5.4755306,20692.867,31201.621,3.9264e-05,-0.21355943,-1.8356918,-39.39484,-0.12425764,-32.168644,7364.2446,-0.10283975,-28.199396
2.0268612,-0.01559792,-0.022571275,5.5440602,20699.02,31210.729,3.928e-05,-0.21322727,-1.8478613,-39.333569,-0.12413891,-32.0797,7413.2754,-0.10275735,-28.117352
2.0277817,-0.015266226,-0.022071762,5.6125832,20705.045,31219.639,3.9296e-05,-0.21258299,-1.8600191,-39.214722,-0.1240194,-31.990376,7462.2593,-0.10284737,-28.035002
2.0286782,-0.014934438,-0.021572107,5.6810999,20710.936,31228.354,3.9312e-05,-0.21190403,-1.8721651,-39.089474,-0.1238991,-31.900667,7511.1958,-0.1012772,-27.952354
2.0295506,-0.014602554,-0.021072319,5.749609,20716.697,31236.869,3.9328e-05,-0.21151254,-1.8842994,-39.017254,-0.12377802,-31.810585,7560.085,-0.10197607,-27.86941
2.0303986,-0.01427058,-0.020572394,5.8181109,20722.328,31245.188,3.9344e-05,-0.21122277,-1.8964217,-38.963802,-0.12365616,-31.720131,7608.9258,-0.10068819,-27.786173
2.0312223,-0.013938514,-0.020072343,5.8866053,20727.828,31253.311,3.936e-05,-0.21052146,-1.908532,-38.834431,-0.12353352,-31.629307,7657.7183,-0.1009888,-27.702646
2.0320215,-0.013606362,-0.019572163,5.9550915,20733.195,31261.234,3.9376e-05,-0.21021165,-1.9206303,-38.777283,-0.1234101,-31.538118,7706.4624,-0.10002746,-27.618835
2.0327961,-0.013274122,-0.019071858,6.0235691,20738.432,31268.961,3.9392e-05,-0.20920746,-1.9327165,-38.592045,-0.1232859,-31.446569,7755.1577,-0.09958037,-27.534742
2.0335462,-0.0129418,-0.018571435,6.0920382,20743.537,31276.49,3.9408e-05,-0.20911036,-1.9447905,-38.574131,-0.12316092,-31.354662,7803.8037,-0.099058501,-27.450371
2.0342715,-0.012609394,-0.018070893,6.1604977,20748.512,31283.822,3.9424e-05,-0.20853159,-1.9568521,-38.467365,-0.12303516,-31.262402,7852.4004,-0.098315381,-27.365726
2.0349724,-0.012276911,-0.017570239,6.2289476,20753.355,31290.957,3.944e-05,-0.20839749,-1.9689014,-38.442631,-0.12290863,-31.169792,7900.9473,-0.097732477,-27.280809
2.0356486,-0.011944348,-0.017069472,6.2973876,20758.066,31297.893,3.9456e-05,-0.20736788,-1.9809383,-38.252697,-0.12278131,-31.076836,7949.4438,-0.097151101,-27.195627
2.0363002,-0.011611713,-0.016568597,6.3658171,20762.646,31304.631,3.9472e-05,-0.20696558,-1.9929626,-38.17849,-0.12265323,-30.983538,7997.8901,-0.097071752,-27.110182
2.0369275,-0.011279001,-0.016067619,6.4342356,20767.098,31311.172,3.9488e-05,-0.20617642,-2.0049744,-38.032913,-0.12252437,-30.889902,8046.2856,-0.096819974,-27.024477
2.0375304,-0.010946221,-0.015566539,6.5026426,20771.414,31317.516,3.9504e-05,-0.2058458,-2.0169735,-37.971924,-0.12239473,-30.795931,8094.6304,-0.096334726,-26.938515
2.0381088,-0.010613369,-0.015065361,6.5710378,20775.602,31323.662,3.952e-05,-0.20547204,-2.02896,-37.902977,-0.12226433,-30.70163,8142.9233,-0.095896788,-26.852303
2.0386634,-0.010280453,-0.014564087,6.639421,20779.656,31329.609,3.9536e-05,-0.2050027,-2.0409334,-37.816399,-0.12213314,-30.607002,8191.165,-0.095948666,-26.765842
2.0391939,-0.0099474685,-0.014062721,6.7077913,20783.58,31335.359,3.9552e-05,-0.20389755,-2.0528941,-37.612534,-0.12200119,-30.512053,8239.3545,-0.094502091,-26.679136
2.0397007,-0.0096144248,-0.013561266,6.7761488,20787.371,31340.91,3.9568e-05,-0.20398232,-2.0648417,-37.628174,-0.12186847,-30.416784,8287.4922,-0.093906976,-26.59219
2.0401843,-0.0092813177,-0.013059726,6.8444924,20791.031,31346.266,3.9584e-05,-0.20321243,-2.0767765,-37.486153,-0.12173497,-30.321201,8335.5771,-0.094366282,-26.505007
2.0406444,-0.0089481547,-0.012558104,6.9128218,20794.561,31351.42,3.96e-05,-0.20297121,-2.0886981,-37.441654,-0.12160071,-30.225307,8383.6094,-0.093145542,-26.417591
2.0410817,-0.0086149322,-0.012056401,6.9811368,20797.959,31356.379,3.9616e-05,-0.20224909,-2.1006064,-37.308449,-0.12146568,-30.129108,8431.5879,-0.092846461,-26.329947
2.0414963,-0.0082816584,-0.011554623,7.0494366,20801.225,31361.139,3.9632e-05,-0.20187686,-2.1125014,-37.23978,-0.12132988,-30.032606,8479.5127,-0.092944123,-26.242075
2.0418887,-0.0079483287,-0.011052772,7.1177211,20804.359,31365.699,3.9648e-05,-0.20129731,-2.1243832,-37.132874,-0.12119332,-29.935806,8527.3848,-0.092062138,-26.153984
2.042259,-0.0076149525,-0.010550851,7.1859889,20807.361,31370.062,3.9664e-05,-0.20043878,-2.1362514,-36.974503,-0.12105599,-29.838711,8575.2021,-0.091387674,-26.065674
2.0426078,-0.0072815255,-0.010048863,7.2542405,20810.232,31374.229,3.968e-05,-0.20003958,-2.1481063,-36.900864,-0.12091789,-29.741327,8622.9658,-0.090957366,-25.977148
2.0429356,-0.0069480552,-0.0095468126,7.322475,20812.971,31378.195,3.9696e-05,-0.19961572,-2.1599476,-36.822674,-0.12077904,-29.643656,8670.6738,-0.089657277,-25.888414
2.0432425,-0.0066145384,-0.0090447012,7.3906918,20815.58,31381.965,3.9712e-05,-0.19873561,-2.1717753,-36.660324,-0.12063942,-29.545704,8718.3281,-0.090466015,-25.799473
2.0435293,-0.0062809824,-0.0085425321,7.4588904,20818.055,31385.535,3.9728e-05,-0.19867472,-2.1835892,-36.64909,-0.12049904,-29.447475,8765.9258,-0.089208655,-25.710329
2.0437961,-0.0059473841,-0.0080403099,7.5270705,20820.4,31388.908,3.9744e-05,-0.19791716,-2.1953893,-36.509346,-0.12035789,-29.348972,8813.4688,-0.088978238,-25.620987
2.0440438,-0.0056137508,-0.0075380364,7.5952311,20822.611,31392.082,3.976e-05,-0.19706172,-2.2071755,-36.351543,-0.12021599,-29.2502,8860.9551,-0.088062689,-25.53145
2.0442724,-0.0052800798,-0.0070357155,7.663372,20824.693,31395.059,3.9776e-05,-0.19656849,-2.2189476,-36.260559,-0.12007333,-29.151161,8908.3867,-0.088146612,-25.441721
2.0444829,-0.0049463781,-0.0065333499,7.7314925,20826.643,31397.836,3.9792e-05,-0.19634962,-2.230706,-36.220184,-0.1199299,-29.051865,8955.7607,-0.087743767,-25.351807
2.0446758,-0.0046126423,-0.0060309432,7.7995925,20828.459,31400.416,3.9808e-05,-0.19588798,-2.2424502,-36.135029,-0.11978573,-28.952309,9003.0781,-0.085929438,-25.261707
2.0448513,-0.0042788801,-0.0055284989,7.867671,20830.145,31402.797,3.9824e-05,-0.19483294,-2.2541802,-35.940407,-0.11964079,-28.852501,9050.3379,-0.086016417,-25.171427
2.0450103,-0.0039450885,-0.0050260192,7.9357276,20831.699,31404.979,3.984e-05,-0.19443065,-2.2658961,-35.866196,-0.1194951,-28.752447,9097.541,-0.085360274,-25.080973
2.0451534,-0.0036112745,-0.0045235078,8.0037613,20833.121,31406.963,3.9856e-05,-0.19419096,-2.2775974,-35.821983,-0.11934865,-28.652147,9144.6865,-0.085731074,-24.990345
2.0452809,-0.0032774352,-0.0040209675,8.0717726,20834.412,31408.75,3.9872e-05,-0.19350508,-2.2892847,-35.695457,-0.11920145,-28.551609,9191.7744,-0.085399948,-24.899551
2.0453937,-0.0029435777,-0.0035184023,8.13976,20835.568,31410.336,3.9888e-05,-0.19299336,-2.3009572,-35.601063,-0.1190535,-28.450834,9238.8037,-0.084035769,-24.808592
2.0454922,-0.0026096993,-0.0030158146,8.2077227,20836.596,31411.727,3.9904e-05,-0.19190593,-2.3126154,-35.400467,-0.11890479,-28.349831,9285.7734,-0.083339944,-24.71747
2.045577,-0.0022758071,-0.002513208,8.2756615,20837.49,31412.916,3.992e-05,-0.19164237,-2.3242588,-35.351849,-0.11875534,-28.248598,9332.6855,-0.083422348,-24.626194
2.0456491,-0.0019418977,-0.0020105855,8.3435745,20838.254,31413.908,3.9936e-05,-0.19071448,-2.3358877,-35.180683,-0.11860513,-28.147144,9379.5381,-0.08292184,-24.534765
2.0457089,-0.0016079788,-0.0015079501,8.4114618,20838.885,31414.703,3.9952e-05,-0.19057499,-2.3475018,-35.154953,-0.11845417,-28.045473,9426.3311,-0.081904046,-24.443186
2.0457568,-0.0012740473,-0.0010053054,8.4793224,20839.385,31415.299,3.9968e-05,-0.18972494,-2.3591011,-34.998146,-0.11830247,-27.943586,9473.0645,-0.082000181,-24.351461
2.0457935,-0.0009401103,-0.00050265429,8.5471563,20839.752,31415.695,3.9984e-05,-0.18937659,-2.3706853,-34.933887,-0.11815003,-27.841492,9519.7383,-0.081206702,-24.259596
nan,nan,nan,nan,nan,nan,nan,nan,-2.3822546,-34.767269,-0.11799683,-27.739191,9566.3516,nan,-24.167591
nan,nan,nan,nan,nan,nan,nan,nan,-2.3938091,-34.781487,-0.11784288,-27.63669,9612.9033,nan,-24.075455
nan,nan,nan,nan,nan,nan,nan,nan,-2.4053481,-34.55687,-0.11768819,-27.533993,9659.3955,nan,-23.983187
nan,nan,nan,nan,nan,nan,nan,nan,-2.4168723,-34.587292,-0.11753277,-27.431105,9705.8252,nan,-23.890793
nan,nan,nan,nan,nan,nan,nan,nan,-2.428381,-34.378593,-0.1173766,-27.328028,9752.1943,nan,-23.798275
nan,nan,nan,nan,nan,nan,nan,nan,-2.4398744,-34.339642,-0.11721968,-27.224766,9798.501,nan,-23.705639
nan,nan,nan,nan,nan,nan,nan,nan,-2.4513524,-34.154118,-0.11706202,-27.121326,9844.7461,nan,-23.612888
nan,nan,nan,nan,nan,nan,nan,nan,-2.4628148,-34.080193,-0.11690363,-27.017714,9890.9287,nan,-23.520025
nan,nan,nan,nan,nan,nan,nan,nan,-2.4742618,-33.979401,-0.1167445,-26.913929,9937.0488,nan,-23.427055
nan,nan,nan,nan,nan,nan,nan,nan,-2.485693,-33.818329,-0.11658463,-26.809978,9983.1055,nan,-23.333982
nan,nan,nan,nan,nan,nan,nan,nan,-2.4971087,-33.661663,-0.11642402,-26.705868,10029.099,nan,-23.240807
nan,nan,nan,nan,nan,nan,nan,nan,-2.5085084,-33.669056,-0.11626268,-26.601599,10075.029,nan,-23.147537
nan,nan,nan,nan,nan,nan,nan,nan,-2.5198925,-33.575085,-0.11610061,-26.497177,10120.896,nan,-23.054173
nan,nan,nan,nan,nan,nan,nan,nan,-2.5312605,-33.437756,-0.1159378,-26.392607,10166.697,nan,-22.96072
nan,nan,nan,nan,nan,nan,nan,nan,-2.5426128,-33.359852,-0.11577426,-26.287893,10212.435,nan,-22.867182
nan,nan,nan,nan,nan,nan,nan,nan,-2.5539486,-33.302841,-0.11560998,-26.183039,10258.108,nan,-22.773561
nan,nan,nan,nan,nan,nan,nan,nan,-2.5652685,-33.162952,-0.11544498,-26.078051,10303.716,nan,-22.679863
nan,nan,nan,nan,nan,nan,nan,nan,-2.5765724,-33.032021,-0.11527925,-25.972929,10349.259,nan,-22.586088
nan,nan,nan,nan,nan,nan,nan,nan,-2.5878596,-32.913456,-0.11511279,-25.867682,10394.736,nan,-22.492245
nan,nan,nan,nan,nan,nan,nan,nan,-2.5991309,-32.785652,-0.1149456,-25.762312,10440.147,nan,-22.398333
nan,nan,nan,nan,nan,nan,nan,nan,-2.6103854,-32.81266,-0.11477768,-25.656826,10485.492,nan,-22.304358
nan,nan,nan,nan,nan,nan,nan,nan,-2.6216238,-32.604534,-0.11460905,-25.551224,10530.771,nan,-22.210321
nan,nan,nan,nan,nan,nan,nan,nan,-2.6328454,-32.466209,-0.11443969,-25.445513,10575.983,nan,-22.11623
nan,nan,nan,nan,nan,nan,nan,nan,-2.6440504,-32.430099,-0.1142696,-25.339697,10621.128,nan,-22.022083
nan,nan,nan,nan,nan,nan,nan,nan,-2.6552386,-32.305565,-0.11409879,-25.233782,10666.206,nan,-21.927889
nan,nan,nan,nan,nan,nan,nan,nan,-2.66641,-32.147476,-0.11392727,-25.127768,10711.216,nan,-21.833647
nan,nan,nan,nan,nan,nan,nan,nan,-2.6775649,-32.01228,-0.11375502,-25.021662,10756.158,nan,-21.739365
nan,nan,nan,nan,nan,nan,nan,nan,-2.6887026,-31.953283,-0.11358205,-24.915468,10801.032,nan,-21.645041
nan,nan,nan,nan,nan,nan,nan,nan,-2.6998234,-31.884192,-0.11340837,-24.809193,10845.838,nan,-21.550682
nan,nan,nan,nan,nan,nan,nan,nan,-2.710927,-31.811972,-0.11323397,-24.702835,10890.575,nan,-21.456291
nan,nan,nan,nan,nan,nan,nan,nan,-2.7220137,-31.563469,-0.11305886,-24.596403,10935.243,nan,-21.361872
nan,nan,nan,nan,nan,nan,nan,nan,-2.733083,-31.541719,-0.11288302,-24.489901,10979.842,nan,-21.267427
nan,nan,nan,nan,nan,nan,nan,nan,-2.7441351,-31.424007,-0.11270648,-24.383331,11024.371,nan,-21.17296
nan,nan,nan,nan,nan,nan,nan,nan,-2.7551701,-31.307148,-0.11252923,-24.276699,11068.83,nan,-21.078474
nan,nan,nan,nan,nan,nan,nan,nan,-2.7661874,-31.161573,-0.11235126,-24.170008,11113.22,nan,-20.983973
nan,nan,nan,nan,nan,nan,nan,nan,-2.7771873,-31.133709,-0.11217259,-24.063263,11157.538,nan,-20.88946
nan,nan,nan,nan,nan,nan,nan,nan,-2.7881699,-30.986427,-0.11199321,-23.956469,11201.787,nan,-20.794937
nan,nan,nan,nan,nan,nan,nan,nan,-2.7991345,-30.974342,-0.11181311,-23.849628,11245.964,nan,-20.700411
nan,nan,nan,nan,nan,nan,nan,nan,-2.8100817,-30.733091,-0.11163232,-23.742744,11290.07,nan,-20.605881
nan,nan,nan,nan,nan,nan,nan,nan,-2.8210111,-30.639263,-0.11145082,-23.635824,11334.104,nan,-20.511353
nan,nan,nan,nan,nan,nan,nan,nan,-2.8319225,-30.56477,-0.11126861,-23.52887,11378.067,nan,-20.416828
nan,nan,nan,nan,nan,nan,nan,nan,-2.8428161,-30.553965,-0.11108571,-23.421886,11421.958,nan,-20.322311
nan,nan,nan,nan,nan,nan,nan,nan,-2.8536918,-30.390192,-0.11090209,-23.314878,11465.776,nan,-20.227806
nan,nan,nan,nan,nan,nan,nan,nan,-2.8645496,-30.32892,-0.11071778,-23.207848,11509.521,nan,-20.133314
nan,nan,nan,nan,nan,nan,nan,nan,-2.8753891,-30.086531,-0.11053278,-23.1008,11553.194,nan,-20.038839
nan,nan,nan,nan,nan,nan,nan,nan,-2.8862104,-30.108994,-0.11034706,-22.993738,11596.794,nan,-19.944384
nan,nan,nan,nan,nan,nan,nan,nan,-2.8970137,-29.910532,-0.11016066,-22.886667,11640.32,nan,-19.849953
nan,nan,nan,nan,nan,nan,nan,nan,-2.9077985,-29.850397,-0.10997356,-22.779591,11683.772,nan,-19.755547
nan,nan,nan,nan,nan,nan,nan,nan,-2.918565,-29.75728,-0.10978577,-22.672514,11727.151,nan,-19.661169
nan,nan,nan,nan,nan,nan,nan,nan,-2.9293132,-29.620945,-0.10959727,-22.565437,11770.455,nan,-19.566826
nan,nan,nan,nan,nan,nan,nan,nan,-2.9400427,-29.478497,-0.10940809,-22.458368,11813.685,nan,-19.472517
nan,nan,nan,nan,nan,nan,nan,nan,-2.9507539,-29.452908,-0.10921822,-22.351309,11856.84,nan,-19.378244
nan,nan,nan,nan,nan,nan,nan,nan,-2.9614463,-29.300365,-0.10902765,-22.244265,11899.919,nan,-19.284016
nan,nan,nan,nan,nan,nan,nan,nan,-2.9721198,-29.207817,-0.1088364,-22.137238,11942.924,nan,-19.189829
nan,nan,nan,nan,nan,nan,nan,nan,-2.9827747,-29.116405,-0.10864446,-22.030231,11985.853,nan,-19.09569
nan,nan,nan,nan,nan,nan,nan,nan,-2.9934108,-28.990732,-0.10845184,-21.92325,12028.705,nan,-19.001602
nan,nan,nan,nan,nan,nan,nan,nan,-3.0040281,-28.895058,-0.10825853,-21.816299,12071.481,nan,-18.907564
nan,nan,nan,nan,nan,nan,nan,nan,-3.0146263,-28.79611,-0.10806454,-21.709381,12114.182,nan,-18.813583
nan,nan,nan,nan,nan,nan,nan,nan,-3.0252054,-28.655512,-0.10786986,-21.602499,12156.805,nan,-18.71966
nan,nan,nan,nan,nan,nan,nan,nan,-3.0357654,-28.564241,-0.1076745,-21.495657,12199.352,nan,-18.625797
nan,nan,nan,nan,nan,nan,nan,nan,-3.0463061,-28.462027,-0.10747847,-21.388861,12241.82,nan,-18.532
nan,nan,nan,nan,nan,nan,nan,nan,-3.0568278,-28.389523,-0.10728175,-21.28211,12284.212,nan,-18.438267
nan,nan,nan,nan,nan,nan,nan,nan,-3.0673301,-28.251055,-0.10708436,-21.175411,12326.526,nan,-18.344603
nan,nan,nan,nan,nan,nan,nan,nan,-3.0778131,-28.170164,-0.10688628,-21.068766,12368.762,nan,-18.251011
nan,nan,nan,nan,nan,nan,nan,nan,-3.0882766,-28.069511,-0.10668754,-20.962179,12410.92,nan,-18.157492
nan,nan,nan,nan,nan,nan,nan,nan,-3.0987206,-27.982792,-0.10648812,-20.855656,12452.998,nan,-18.064051
nan,nan,nan,nan,nan,nan,nan,nan,-3.1091449,-27.815182,-0.10628802,-20.749195,12494.998,nan,-17.97069
nan,nan,nan,nan,nan,nan,nan,nan,-3.1195498,-27.831104,-0.10608726,-20.642805,12536.919,nan,-17.877409
nan,nan,nan,nan,nan,nan,nan,nan,-3.1299348,-27.672022,-0.10588583,-20.536486,12578.761,nan,-17.784214
nan,nan,nan,nan,nan,nan,nan,nan,-3.1403,-27.557581,-0.10568373,-20.430243,12620.522,nan,-17.691105
nan,nan,nan,nan,nan,nan,nan,nan,-3.1506455,-27.392244,-0.10548095,-20.324078,12662.205,nan,-17.598083
nan,nan,nan,nan,nan,nan,nan,nan,-3.1609712,-27.323011,-0.10527752,-20.217995,12703.807,nan,-17.505156
nan,nan,nan,nan,nan,nan,nan,nan,-3.1712766,-27.148291,-0.10507341,-20.111998,12745.328,nan,-17.412321
nan,nan,nan,nan,nan,nan,nan,nan,-3.1815622,-27.111044,-0.10486865,-20.006088,12786.769,nan,-17.319582
nan,nan,nan,nan,nan,nan,nan,nan,-3.1918278,-27.0438,-0.10466322,-19.90027,12828.128,nan,-17.226942
nan,nan,nan,nan,nan,nan,nan,nan,-3.2020731,-26.878323,-0.10445714,-19.79455,12869.406,nan,-17.134403
nan,nan,nan,nan,nan,nan,nan,nan,-3.2122982,-26.78677,-0.10425039,-19.688927,12910.604,nan,-17.041967
nan,nan,nan,nan,nan,nan,nan,nan,-3.2225029,-26.639488,-0.10404298,-19.583403,12951.719,nan,-16.949636
nan,nan,nan,nan,nan,nan,nan,nan,-3.2326872,-26.644178,-0.10383492,-19.477985,12992.752,nan,-16.857414
nan,nan,nan,nan,nan,nan,nan,nan,-3.2428513,-26.599682,-0.1036262,-19.372675,13033.703,nan,-16.765301
nan,nan,nan,nan,nan,nan,nan,nan,-3.2529948,-26.405485,-0.10341682,-19.267475,13074.571,nan,-16.673298
nan,nan,nan,nan,nan,nan,nan,nan,-3.2631178,-26.26446,-0.1032068,-19.16239,13115.356,nan,-16.581409
nan,nan,nan,nan,nan,nan,nan,nan,-3.2732203,-26.195652,-0.10299612,-19.057419,13156.06,nan,-16.489637
nan,nan,nan,nan,nan,nan,nan,nan,-3.2833021,-26.086044,-0.10278478,-18.952568,13196.679,nan,-16.397984
nan,nan,nan,nan,nan,nan,nan,nan,-3.2933629,-25.959518,-0.10257281,-18.847841,13237.215,nan,-16.30645
nan,nan,nan,nan,nan,nan,nan,nan,-3.3034031,-25.889717,-0.10236018,-18.743238,13277.666,nan,-16.215036
nan,nan,nan,nan,nan,nan,nan,nan,-3.3134224,-25.811525,-0.1021469,-18.638762,13318.034,nan,-16.123749
nan,nan,nan,nan,nan,nan,nan,nan,-3.3234208,-25.693531,-0.10193299,-18.534418,13358.317,nan,-16.032585
nan,nan,nan,nan,nan,nan,nan,nan,-3.3333981,-25.600271,-0.10171842,-18.430206,13398.517,nan,-15.941549
nan,nan,nan,nan,nan,nan,nan,nan,-3.3433545,-25.512129,-0.10150322,-18.326132,13438.631,nan,-15.850643
nan,nan,nan,nan,nan,nan,nan,nan,-3.3532896,-25.387451,-0.10128737,-18.222197,13478.66,nan,-15.759868
nan,nan,nan,nan,nan,nan,nan,nan,-3.3632038,-25.276279,-0.10107088,-18.118401,13518.604,nan,-15.669226
nan,nan,nan,nan,nan,nan,nan,nan,-3.3730965,-25.15601,-0.10085376,-18.014751,13558.462,nan,-15.578718
nan,nan,nan,nan,nan,nan,nan,nan,-3.3829679,-25.121037,-0.100636,-17.911247,13598.234,nan,-15.488347
nan,nan,nan,nan,nan,nan,nan,nan,-3.392818,-24.972334,-0.1004176,-17.807892,13637.92,nan,-15.398114
nan,nan,nan,nan,nan,nan,nan,nan,-3.4026468,-24.861162,-0.10019857,-17.704689,13677.52,nan,-15.308021
nan,nan,nan,nan,nan,nan,nan,nan,-3.4124539,-24.8242,-0.099978901,-17.601639,13717.033,nan,-15.218069
nan,nan,nan,nan,nan,nan,nan,nan,-3.4222395,-24.628155,-0.099758603,-17.498747,13756.46,nan,-15.12826
nan,nan,nan,nan,nan,nan,nan,nan,-3.4320035,-24.6101,-0.099537678,-17.396011,13795.799,nan,-15.038594
nan,nan,nan,nan,nan,nan,nan,nan,-3.441746,-24.48983,-0.099316128,-17.29344,13835.051,nan,-14.949076
nan,nan,nan,nan,nan,nan,nan,nan,-3.4514666,-24.450878,-0.099093944,-17.191029,13874.215,nan,-14.859704
nan,nan,nan,nan,nan,nan,nan,nan,-3.4611654,-24.285257,-0.098871134,-17.088785,13913.292,nan,-14.770481
nan,nan,nan,nan,nan,nan,nan,nan,-3.4708424,-24.251564,-0.098647699,-16.98671,13952.28,nan,-14.681409
nan,nan,nan,nan,nan,nan,nan,nan,-3.4804974,-24.156599,-0.098423645,-16.884802,13991.181,nan,-14.592488
nan,nan,nan,nan,nan,nan,nan,nan,-3.4901302,-24.03377,-0.098198965,-16.783068,14029.992,nan,-14.50372
nan,nan,nan,nan,nan,nan,nan,nan,-3.4997413,-23.907528,-0.097973667,-16.681507,14068.715,nan,-14.415106
nan,nan,nan,nan,nan,nan,nan,nan,-3.5093303,-23.832039,-0.097747751,-16.580124,14107.349,nan,-14.326648
nan,nan,nan,nan,nan,nan,nan,nan,-3.5188968,-23.709494,-0.097521216,-16.478918,14145.893,nan,-14.238347
nan,nan,nan,nan,nan,nan,nan,nan,-3.5284414,-23.633009,-0.09729407,-16.377893,14184.348,nan,-14.150204
nan,nan,nan,nan,nan,nan,nan,nan,-3.5379636,-23.502645,-0.097066298,-16.27705,14222.713,nan,-14.062219
nan,nan,nan,nan,nan,nan,nan,nan,-3.5474634,-23.422892,-0.096837923,-16.17639,14260.987,nan,-13.974395
nan,nan,nan,nan,nan,nan,nan,nan,-3.5569408,-23.299494,-0.096608937,-16.075916,14299.172,nan,-13.886733
nan,nan,nan,nan,nan,nan,nan,nan,-3.5663958,-23.171547,-0.096379332,-15.97563,14337.267,nan,-13.799232
nan,nan,nan,nan,nan,nan,nan,nan,-3.5758283,-23.188463,-0.096149124,-15.875533,14375.27,nan,-13.711897
nan,nan,nan,nan,nan,nan,nan,nan,-3.5852382,-23.004646,-0.095918313,-15.775627,14413.183,nan,-13.624724
nan,nan,nan,nan,nan,nan,nan,nan,-3.5946255,-22.926313,-0.09568689,-15.675915,14451.004,nan,-13.537719
nan,nan,nan,nan,nan,nan,nan,nan,-3.6039898,-22.822107,-0.095454864,-15.576396,14488.733,nan,-13.450879
nan,nan,nan,nan,nan,nan,nan,nan,-3.6133316,-22.84585,-0.095222235,-15.477074,14526.371,nan,-13.364207
nan,nan,nan,nan,nan,nan,nan,nan,-3.6226506,-22.642128,-0.094989002,-15.377949,14563.917,nan,-13.277703
nan,nan,nan,nan,nan,nan,nan,nan,-3.6319466,-22.532236,-0.094755173,-15.279022,14601.371,nan,-13.191369
nan,nan,nan,nan,nan,nan,nan,nan,-3.6412196,-22.442389,-0.09452074,-15.180297,14638.732,nan,-13.105205
nan,nan,nan,nan,nan,nan,nan,nan,-3.6504698,-22.357658,-0.094285719,-15.081774,14676.001,nan,-13.019211
nan,nan,nan,nan,nan,nan,nan,nan,-3.6596968,-22.289421,-0.094050094,-14.983453,14713.177,nan,-12.933389
nan,nan,nan,nan,nan,nan,nan,nan,-3.6689007,-22.201422,-0.093813881,-14.885338,14750.26,nan,-12.847739
nan,nan,nan,nan,nan,nan,nan,nan,-3.6780815,-22.082857,-0.093577072,-14.787428,14787.249,nan,-12.762262
nan,nan,nan,nan,nan,nan,nan,nan,-3.6872392,-21.951214,-0.093339667,-14.689725,14824.145,nan,-12.67696
nan,nan,nan,nan,nan,nan,nan,nan,-3.6963732,-21.922922,-0.09310168,-14.592231,14860.947,nan,-12.591832
nan,nan,nan,nan,nan,nan,nan,nan,-3.7054842,-21.81303,-0.092863105,-14.494946,14897.654,nan,-12.506878
nan,nan,nan,nan,nan,nan,nan,nan,-3.7145717,-21.774929,-0.092623942,-14.397873,14934.269,nan,-12.422101
nan,nan,nan,nan,nan,nan,nan,nan,-3.7236357,-21.588268,-0.092384189,-14.301012,14970.787,nan,-12.337499
nan,nan,nan,nan,nan,nan,nan,nan,-3.7326763,-21.567371,-0.092143856,-14.204363,15007.212,nan,-12.253074
nan,nan,nan,nan,nan,nan,nan,nan,-3.741693,-21.421938,-0.091902941,-14.107928,15043.541,nan,-12.168826
nan,nan,nan,nan,nan,nan,nan,nan,-3.7506864,-21.385969,-0.091661446,-14.011708,15079.774,nan,-12.084756
nan,nan,nan,nan,nan,nan,nan,nan,-3.759656,-21.316025,-0.091419376,-13.915704,15115.913,nan,-12.000864
nan,nan,nan,nan,nan,nan,nan,nan,-3.7686019,-21.06212,-0.091176726,-13.819917,15151.956,nan,-11.91715
nan,nan,nan,nan,nan,nan,nan,nan,-3.777524,-21.189358,-0.090933494,-13.724347,15187.903,nan,-11.833615
nan,nan,nan,nan,nan,nan,nan,nan,-3.786422,-20.917826,-0.090689696,-13.628996,15223.754,nan,-11.750259
nan,nan,nan,nan,nan,nan,nan,nan,-3.7952964,-20.871479,-0.090445317,-13.533863,15259.509,nan,-11.667084
nan,nan,nan,nan,nan,nan,nan,nan,-3.8041468,-20.727753,-0.090200372,-13.438951,15295.167,nan,-11.584087
nan,nan,nan,nan,nan,nan,nan,nan,-3.812973,-20.665342,-0.089954861,-13.344259,15330.728,nan,-11.50127
nan,nan,nan,nan,nan,nan,nan,nan,-3.8217752,-20.585588,-0.089708775,-13.249789,15366.192,nan,-11.418634
nan,nan,nan,nan,nan,nan,nan,nan,-3.8305533,-20.444277,-0.089462124,-13.155541,15401.559,nan,-11.336179
nan,nan,nan,nan,nan,nan,nan,nan,-3.8393071,-20.421389,-0.089214906,-13.061515,15436.828,nan,-11.253904
nan,nan,nan,nan,nan,nan,nan,nan,-3.8480365,-20.356564,-0.08896713,-12.967712,15472,nan,-11.17181
nan,nan,nan,nan,nan,nan,nan,nan,-3.8567419,-20.192932,-0.088718787,-12.874133,15507.073,nan,-11.089896
nan,nan,nan,nan,nan,nan,nan,nan,-3.865423,-20.099388,-0.088469885,-12.780777,15542.049,nan,-11.008164
nan,nan,nan,nan,nan,nan,nan,nan,-3.8740795,-20.01466,-0.088220425,-12.687646,15576.926,nan,-10.926613
nan,nan,nan,nan,nan,nan,nan,nan,-3.8827114,-19.968172,-0.087970413,-12.59474,15611.705,nan,-10.845243
nan,nan,nan,nan,nan,nan,nan,nan,-3.891319,-19.827713,-0.087719835,-12.502059,15646.385,nan,-10.764054
nan,nan,nan,nan,nan,nan,nan,nan,-3.8999019,-19.740141,-0.087468714,-12.409603,15680.966,nan,-10.683046
nan,nan,nan,nan,nan,nan,nan,nan,-3.9084601,-19.6429,-0.087217033,-12.317372,15715.447,nan,-10.60222
nan,nan,nan,nan,nan,nan,nan,nan,-3.9169939,-19.513248,-0.086964801,-12.225368,15749.829,nan,-10.521573
nan,nan,nan,nan,nan,nan,nan,nan,-3.9255028,-19.458799,-0.086712018,-12.13359,15784.111,nan,-10.441109
nan,nan,nan,nan,nan,nan,nan,nan,-3.9339869,-19.465765,-0.08645869,-12.042038,15818.294,nan,-10.360825
nan,nan,nan,nan,nan,nan,nan,nan,-3.942446,-19.323032,-0.086204819,-11.950712,15852.376,nan,-10.280721
nan,nan,nan,nan,nan,nan,nan,nan,-3.9508803,-19.255079,-0.085950397,-11.859613,15886.358,nan,-10.200798
nan,nan,nan,nan,nan,nan,nan,nan,-3.9592898,-19.277113,-0.085695438,-11.768741,15920.239,nan,-10.121055
nan,nan,nan,nan,nan,nan,nan,nan,-3.9676743,-18.978285,-0.085439935,-11.678094,15954.021,nan,-10.041492
nan,nan,nan,nan,nan,nan,nan,nan,-3.9760334,-18.993923,-0.085183896,-11.587674,15987.7,nan,-9.9621096
nan,nan,nan,nan,nan,nan,nan,nan,-3.9843676,-18.89583,-0.084927313,-11.497481,16021.278,nan,-9.882906
nan,nan,nan,nan,nan,nan,nan,nan,-3.9926767,-18.784658,-0.084670201,-11.407514,16054.756,nan,-9.8038826
nan,nan,nan,nan,nan,nan,nan,nan,-4.0009604,-18.715425,-0.084412545,-11.317773,16088.132,nan,-9.7250376
nan,nan,nan,nan,nan,nan,nan,nan,-4.0092192,-18.594444,-0.08415436,-11.228258,16121.405,nan,-9.6463709
nan,nan,nan,nan,nan,nan,nan,nan,-4.0174522,-18.554779,-0.083895646,-11.138968,16154.577,nan,-9.5678825
nan,nan,nan,nan,nan,nan,nan,nan,-4.02566,-18.455833,-0.083636396,-11.049905,16187.646,nan,-9.4895725
nan,nan,nan,nan,nan,nan,nan,nan,-4.0338426,-18.3195,-0.083376624,-10.961066,16220.613,nan,-9.4114399
nan,nan,nan,nan,nan,nan,nan,nan,-4.0419993,-18.272728,-0.083116323,-10.872453,16253.478,nan,-9.3334837
nan,nan,nan,nan,nan,nan,nan,nan,-4.0501308,-18.190557,-0.0828555,-10.784063,16286.239,nan,-9.2557049
nan,nan,nan,nan,nan,nan,nan,nan,-4.0582366,-18.094881,-0.082594149,-10.695898,16318.897,nan,-9.1781025
nan,nan,nan,nan,nan,nan,nan,nan,-4.0663171,-18.036451,-0.082332276,-10.607957,16351.453,nan,-9.1006756
nan,nan,nan,nan,nan,nan,nan,nan,-4.0743713,-17.898411,-0.082069889,-10.52024,16383.904,nan,-9.0234232
nan,nan,nan,nan,nan,nan,nan,nan,-4.0824003,-17.811264,-0.081806973,-10.432745,16416.252,nan,-8.9463463
nan,nan,nan,nan,nan,nan,nan,nan,-4.0904031,-17.743877,-0.08154355,-10.345472,16448.496,nan,-8.8694429
nan,nan,nan,nan,nan,nan,nan,nan,-4.0983801,-17.597166,-0.081279606,-10.258421,16480.637,nan,-8.7927132
nan,nan,nan,nan,nan,nan,nan,nan,-4.1063313,-17.592615,-0.081015155,-10.171592,16512.672,nan,-8.716157
nan,nan,nan,nan,nan,nan,nan,nan,-4.1142569,-17.497934,-0.08075019,-10.084983,16544.604,nan,-8.6397724
nan,nan,nan,nan,nan,nan,nan,nan,-4.1221561,-17.378233,-0.080484711,-9.9985943,16576.43,nan,-8.5635595
nan,nan,nan,nan,nan,nan,nan,nan,-4.1300297,-17.272322,-0.080218725,-9.912425,16608.152,nan,-8.4875183
nan,nan,nan,nan,nan,nan,nan,nan,-4.1378765,-17.190435,-0.079952233,-9.8264742,16639.768,nan,-8.4116468
nan,nan,nan,nan,nan,nan,nan,nan,-4.1456976,-17.11125,-0.079685234,-9.7407408,16671.279,nan,-8.3359461
nan,nan,nan,nan,nan,nan,nan,nan,-4.1534925,-17.080542,-0.079417735,-9.6552258,16702.686,nan,-8.2604141
nan,nan,nan,nan,nan,nan,nan,nan,-4.1612616,-16.986004,-0.079149738,-9.5699263,16733.984,nan,-8.18505
nan,nan,nan,nan,nan,nan,nan,nan,-4.1690035,-16.851089,-0.078881234,-9.4848423,16765.18,nan,-8.1098537
nan,nan,nan,nan,nan,nan,nan,nan,-4.1767197,-16.779156,-0.078612231,-9.3999739,16796.268,nan,-8.0348244
nan,nan,nan,nan,nan,nan,nan,nan,-4.1844096,-16.752855,-0.078342736,-9.3153191,16827.248,nan,-7.9599609
nan,nan,nan,nan,nan,nan,nan,nan,-4.1920724,-16.58894,-0.078072742,-9.2308769,16858.123,nan,-7.8852634
nan,nan,nan,nan,nan,nan,nan,nan,-4.1997094,-16.578562,-0.077802263,-9.1466475,16888.893,nan,-7.81073
nan,nan,nan,nan,nan,nan,nan,nan,-4.2073197,-16.471655,-0.077531286,-9.0626287,16919.555,nan,-7.7363601
nan,nan,nan,nan,nan,nan,nan,nan,-4.2149034,-16.305325,-0.077259816,-8.9788198,16950.109,nan,-7.6621537
nan,nan,nan,nan,nan,nan,nan,nan,-4.2224603,-16.245472,-0.076987863,-8.8952208,16980.557,nan,-7.588109
nan,nan,nan,nan,nan,nan,nan,nan,-4.2299905,-16.242203,-0.076715425,-8.8118296,17010.896,nan,-7.5142255
nan,nan,nan,nan,nan,nan,nan,nan,-4.237494,-16.093216,-0.076442502,-8.7286453,17041.127,nan,-7.4405026
nan,nan,nan,nan,nan,nan,nan,nan,-4.2449713,-16.015594,-0.076169096,-8.645668,17071.252,nan,-7.3669391
nan,nan,nan,nan,nan,nan,nan,nan,-4.2524209,-15.984034,-0.075895205,-8.5628948,17101.268,nan,-7.2935343
nan,nan,nan,nan,nan,nan,nan,nan,-4.2598443,-15.921908,-0.075620838,-8.4803257,17131.176,nan,-7.2202868
nan,nan,nan,nan,nan,nan,nan,nan,-4.2672405,-15.809457,-0.075345993,-8.3979597,17160.977,nan,-7.1471968
nan,nan,nan,nan,nan,nan,nan,nan,-4.27461,-15.74989,-0.075070672,-8.3157949,17190.668,nan,-7.0742621
nan,nan,nan,nan,nan,nan,nan,nan,-4.2819524,-15.586402,-0.074794874,-8.2338305,17220.25,nan,-7.0014825
nan,nan,nan,nan,nan,nan,nan,nan,-4.2892675,-15.493426,-0.074518606,-8.1520653,17249.723,nan,-6.9288568
nan,nan,nan,nan,nan,nan,nan,nan,-4.296556,-15.456322,-0.074241869,-8.0704975,17279.088,nan,-6.8563838
nan,nan,nan,nan,nan,nan,nan,nan,-4.3038168,-15.408839,-0.073964663,-7.9891272,17308.342,nan,-6.7840633
nan,nan,nan,nan,nan,nan,nan,nan,-4.3110509,-15.258715,-0.073686987,-7.9079518,17337.488,nan,-6.7118936
nan,nan,nan,nan,nan,nan,nan,nan,-4.3182573,-15.258146,-0.073408842,-7.8269706,17366.523,nan,-6.639874
nan,nan,nan,nan,nan,nan,nan,nan,-4.3254366,-15.164744,-0.073130243,-7.7461824,17395.449,nan,-6.5680032
nan,nan,nan,nan,nan,nan,nan,nan,-4.3325887,-15.042199,-0.072851174,-7.665586,17424.264,nan,-6.4962807
nan,nan,nan,nan,nan,nan,nan,nan,-4.3397136,-14.934866,-0.07257165,-7.5851793,17452.971,nan,-6.424705
nan,nan,nan,nan,nan,nan,nan,nan,-4.3468108,-14.957328,-0.072291665,-7.5049615,17481.564,nan,-6.3532753
nan,nan,nan,nan,nan,nan,nan,nan,-4.3538804,-14.845729,-0.072011225,-7.424931,17510.049,nan,-6.2819905
nan,nan,nan,nan,nan,nan,nan,nan,-4.3609228,-14.666887,-0.071730323,-7.3450866,17538.422,nan,-6.2108498
nan,nan,nan,nan,nan,nan,nan,nan,-4.3679376,-14.620542,-0.071448974,-7.2654271,17566.686,nan,-6.1398516
nan,nan,nan,nan,nan,nan,nan,nan,-4.3749247,-14.569078,-0.071167178,-7.1859503,17594.836,nan,-6.0689955
nan,nan,nan,nan,nan,nan,nan,nan,-4.3818841,-14.497996,-0.070884928,-7.1066556,17622.877,nan,-5.9982796
nan,nan,nan,nan,nan,nan,nan,nan,-4.3888164,-14.358108,-0.070602231,-7.0275412,17650.805,nan,-5.9277034
nan,nan,nan,nan,nan,nan,nan,nan,-4.3957205,-14.226179,-0.070319086,-6.9486051,17678.621,nan,-5.8572659
nan,nan,nan,nan,nan,nan,nan,nan,-4.4025965,-14.208125,-0.070035495,-6.8698468,17706.326,nan,-5.7869658
nan,nan,nan,nan,nan,nan,nan,nan,-4.4094453,-14.139175,-0.069751464,-6.7912641,17733.92,nan,-5.7168021
nan,nan,nan,nan,nan,nan,nan,nan,-4.416266,-14.105909,-0.069466993,-6.7128553,17761.4,nan,-5.6467733
nan,nan,nan,nan,nan,nan,nan,nan,-4.4230585,-13.959338,-0.069182083,-6.6346197,17788.77,nan,-5.5768785
nan,nan,nan,nan,nan,nan,nan,nan,-4.4298234,-13.872903,-0.068896741,-6.5565553,17816.025,nan,-5.5071173
nan,nan,nan,nan,nan,nan,nan,nan,-4.4365606,-13.850583,-0.068610959,-6.4786601,17843.168,nan,-5.4374876
nan,nan,nan,nan,nan,nan,nan,nan,-4.4432693,-13.719082,-0.068324737,-6.4009333,17870.197,nan,-5.3679886
nan,nan,nan,nan,nan,nan,nan,nan,-4.4499502,-13.730312,-0.068038091,-6.3233728,17897.115,nan,-5.2986193
nan,nan,nan,nan,nan,nan,nan,nan,-4.4566031,-13.588717,-0.06775102,-6.2459774,17923.918,nan,-5.2293782
nan,nan,nan,nan,nan,nan,nan,nan,-4.4632273,-13.536544,-0.06746351,-6.168745,17950.609,nan,-5.1602645
nan,nan,nan,nan,nan,nan,nan,nan,-4.4698238,-13.434043,-0.067175582,-6.0916748,17977.186,nan,-5.0912771
nan,nan,nan,nan,nan,nan,nan,nan,-4.4763918,-13.361256,-0.06688723,-6.0147643,18003.648,nan,-5.0224152
nan,nan,nan,nan,nan,nan,nan,nan,-4.4829316,-13.25975,-0.066598453,-5.9380121,18029.998,nan,-4.9536767
nan,nan,nan,nan,nan,nan,nan,nan,-4.4894433,-13.199473,-0.066309251,-5.8614168,18056.232,nan,-4.8850608
nan,nan,nan,nan,nan,nan,nan,nan,-4.4959264,-13.157535,-0.066019632,-5.7849765,18082.354,nan,-4.8165669
nan,nan,nan,nan,nan,nan,nan,nan,-4.5023813,-13.054466,-0.065729603,-5.7086902,18108.359,nan,-4.7481933
nan,nan,nan,nan,nan,nan,nan,nan,-4.5088077,-12.927088,-0.06543915,-5.632555,18134.252,nan,-4.6799393
nan,nan,nan,nan,nan,nan,nan,nan,-4.5152054,-12.905905,-0.065148287,-5.5565705,18160.029,nan,-4.6118031
nan,nan,nan,nan,nan,nan,nan,nan,-4.521575,-12.789474,-0.064857014,-5.4807339,18185.691,nan,-4.5437841
nan,nan,nan,nan,nan,nan,nan,nan,-4.5279155,-12.725073,-0.064565331,-5.4050446,18211.238,nan,-4.4758806
nan,nan,nan,nan,nan,nan,nan,nan,-4.5342278,-12.6375,-0.064273238,-5.3295002,18236.67,nan,-4.408092
nan,nan,nan,nan,nan,nan,nan,nan,-4.5405116,-12.542677,-0.063980743,-5.2540994,18261.986,nan,-4.3404174
nan,nan,nan,nan,nan,nan,nan,nan,-4.5467663,-12.506709,-0.063687839,-5.1788402,18287.188,nan,-4.2728548
nan,nan,nan,nan,nan,nan,nan,nan,-4.5529923,-12.424397,-0.063394532,-5.1037207,18312.273,nan,-4.2054033
nan,nan,nan,nan,nan,nan,nan,nan,-4.5591898,-12.377198,-0.06310083,-5.0287399,18337.242,nan,-4.138062
nan,nan,nan,nan,nan,nan,nan,nan,-4.5653582,-12.311377,-0.062806726,-4.9538956,18362.096,nan,-4.0708294
nan,nan,nan,nan,nan,nan,nan,nan,-4.5714979,-12.161252,-0.062512226,-4.8791862,18386.832,nan,-4.003705
nan,nan,nan,nan,nan,nan,nan,nan,-4.5776091,-12.147604,-0.062217332,-4.8046098,18411.453,nan,-3.9366868
nan,nan,nan,nan,nan,nan,nan,nan,-4.5836911,-12.011269,-0.061922044,-4.730165,18435.957,nan,-3.8697743
nan,nan,nan,nan,nan,nan,nan,nan,-4.5897441,-11.89896,-0.061626367,-4.6558499,18460.346,nan,-3.8029661
nan,nan,nan,nan,nan,nan,nan,nan,-4.595768,-11.841383,-0.0613303,-4.5816631,18484.615,nan,-3.7362611
nan,nan,nan,nan,nan,nan,nan,nan,-4.6017632,-11.823755,-0.061033841,-4.5076022,18508.77,nan,-3.6696579
nan,nan,nan,nan,nan,nan,nan,nan,-4.607729,-11.712298,-0.060737003,-4.4336662,18532.807,nan,-3.6031559
nan,nan,nan,nan,nan,nan,nan,nan,-4.6136656,-11.674767,-0.060439777,-4.3598528,18556.727,nan,-3.5367537
nan,nan,nan,nan,nan,nan,nan,nan,-4.6195736,-11.606245,-0.060142171,-4.2861609,18580.529,nan,-3.4704499
nan,nan,nan,nan,nan,nan,nan,nan,-4.625452,-11.52578,-0.059844185,-4.2125883,18604.213,nan,-3.4042437
nan,nan,nan,nan,nan,nan,nan,nan,-4.6313014,-11.431525,-0.059545819,-4.1391335,18627.779,nan,-3.3381341
nan,nan,nan,nan,nan,nan,nan,nan,-4.6371212,-11.384327,-0.05924708,-4.0657945,18651.229,nan,-3.2721195
nan,nan,nan,nan,nan,nan,nan,nan,-4.6429119,-11.214157,-0.058947966,-3.9925702,18674.561,nan,-3.2061992
nan,nan,nan,nan,nan,nan,nan,nan,-4.6486735,-11.224677,-0.058648478,-3.9194582,18697.771,nan,-3.1403718
nan,nan,nan,nan,nan,nan,nan,nan,-4.6544056,-11.123315,-0.058348618,-3.8464572,18720.867,nan,-3.0746365
nan,nan,nan,nan,nan,nan,nan,nan,-4.6601081,-11.071709,-0.058048394,-3.7735653,18743.844,nan,-3.0089917
nan,nan,nan,nan,nan,nan,nan,nan,-4.6657815,-10.94362,-0.0577478,-3.7007811,18766.701,nan,-2.9434369
nan,nan,nan,nan,nan,nan,nan,nan,-4.6714249,-10.932104,-0.057446845,-3.6281025,18789.439,nan,-2.8779707
nan,nan,nan,nan,nan,nan,nan,nan,-4.6770391,-10.792357,-0.057145525,-3.5555282,18812.059,nan,-2.812592
nan,nan,nan,nan,nan,nan,nan,nan,-4.6826239,-10.767053,-0.056843843,-3.4830561,18834.561,nan,-2.7472999
nan,nan,nan,nan,nan,nan,nan,nan,-4.688179,-10.637826,-0.0565418,-3.4106851,18856.941,nan,-2.6820931
nan,nan,nan,nan,nan,nan,nan,nan,-4.6937046,-10.606123,-0.056239404,-3.338413,18879.203,nan,-2.6169708
nan,nan,nan,nan,nan,nan,nan,nan,-4.6992006,-10.560062,-0.055936653,-3.2662382,18901.346,nan,-2.5519316
nan,nan,nan,nan,nan,nan,nan,nan,-4.7046666,-10.441782,-0.055633545,-3.1941593,18923.369,nan,-2.4869745
nan,nan,nan,nan,nan,nan,nan,nan,-4.710103,-10.407804,-0.055330086,-3.1221745,18945.273,nan,-2.4220989
nan,nan,nan,nan,nan,nan,nan,nan,-4.7155099,-10.292084,-0.055026282,-3.0502822,18967.057,nan,-2.3573031
nan,nan,nan,nan,nan,nan,nan,nan,-4.7208867,-10.269053,-0.054722127,-2.9784808,18988.721,nan,-2.2925866
nan,nan,nan,nan,nan,nan,nan,nan,-4.726234,-10.164278,-0.054417625,-2.9067683,19010.264,nan,-2.2279482
nan,nan,nan,nan,nan,nan,nan,nan,-4.7315512,-10.121771,-0.054112781,-2.8351438,19031.688,nan,-2.1633868
nan,nan,nan,nan,nan,nan,nan,nan,-4.7368383,-10.052396,-0.053807598,-2.7636049,19052.99,nan,-2.0989013
nan,nan,nan,nan,nan,nan,nan,nan,-4.7420959,-9.9534492,-0.053502072,-2.6921506,19074.172,nan,-2.0344911
nan,nan,nan,nan,nan,nan,nan,nan,-4.7473235,-9.8647394,-0.053196207,-2.6207788,19095.234,nan,-1.9701548
nan,nan,nan,nan,nan,nan,nan,nan,-4.752521,-9.8051729,-0.052890006,-2.5494885,19116.176,nan,-1.9058915
nan,nan,nan,nan,nan,nan,nan,nan,-4.7576885,-9.690589,-0.052583475,-2.4782777,19136.994,nan,-1.8417003
nan,nan,nan,nan,nan,nan,nan,nan,-4.762826,-9.6183701,-0.052276608,-2.4071448,19157.693,nan,-1.7775803
nan,nan,nan,nan,nan,nan,nan,nan,-4.7679334,-9.5404634,-0.051969413,-2.3360884,19178.271,nan,-1.7135304
nan,nan,nan,nan,nan,nan,nan,nan,-4.7730103,-9.5221252,-0.051661886,-2.2651069,19198.727,nan,-1.6495496
nan,nan,nan,nan,nan,nan,nan,nan,-4.7780576,-9.4827452,-0.051354036,-2.1941991,19219.062,nan,-1.5856372
nan,nan,nan,nan,nan,nan,nan,nan,-4.7830744,-9.3647499,-0.051045861,-2.1233628,19239.275,nan,-1.5217921
nan,nan,nan,nan,nan,nan,nan,nan,-4.7880611,-9.3370275,-0.050737362,-2.052597,19259.367,nan,-1.4580133
nan,nan,nan,nan,nan,nan,nan,nan,-4.7930174,-9.2194586,-0.050428547,-1.9819002,19279.336,nan,-1.3943
nan,nan,nan,nan,nan,nan,nan,nan,-4.7979436,-9.1428318,-0.050119407,-1.9112707,19299.184,nan,-1.3306512
nan,nan,nan,nan,nan,nan,nan,nan,-4.8028398,-9.084403,-0.049809955,-1.8407072,19318.91,nan,-1.2670661
nan,nan,nan,nan,nan,nan,nan,nan,-4.8077054,-8.9760742,-0.04950019,-1.7702081,19338.514,nan,-1.2035439
nan,nan,nan,nan,nan,nan,nan,nan,-4.8125405,-8.8813934,-0.049190108,-1.699772,19357.994,nan,-1.1400834
nan,nan,nan,nan,nan,nan,nan,nan,-4.8173451,-8.8232479,-0.048879717,-1.6293974,19377.352,nan,-1.0766841
nan,nan,nan,nan,nan,nan,nan,nan,-4.8221197,-8.7211742,-0.048569016,-1.5590831,19396.588,nan,-1.0133449
nan,nan,nan,nan,nan,nan,nan,nan,-4.8268633,-8.7230225,-0.04825801,-1.4888273,19415.701,nan,-0.95006502
nan,nan,nan,nan,nan,nan,nan,nan,-4.8315768,-8.6323223,-0.047946699,-1.4186291,19434.691,nan,-0.88684368
nan,nan,nan,nan,nan,nan,nan,nan,-4.8362598,-8.5326653,-0.047635086,-1.3484868,19453.559,nan,-0.82367992
nan,nan,nan,nan,nan,nan,nan,nan,-4.8409119,-8.4934282,-0.047323167,-1.2783991,19472.303,nan,-0.76057309
nan,nan,nan,nan,nan,nan,nan,nan,-4.8455338,-8.4701138,-0.047010954,-1.2083646,19490.924,nan,-0.69752222
nan,nan,nan,nan,nan,nan,nan,nan,-4.8501248,-8.3401756,-0.046698444,-1.1383821,19509.422,nan,-0.63452661
nan,nan,nan,nan,nan,nan,nan,nan,-4.8546853,-8.3100367,-0.046385638,-1.0684501,19527.797,nan,-0.57158542
nan,nan,nan,nan,nan,nan,nan,nan,-4.8592153,-8.2021351,-0.046072539,-0.99856752,19546.047,nan,-0.50869793
nan,nan,nan,nan,nan,nan,nan,nan,-4.8637142,-8.1202488,-0.045759149,-0.92873287,19564.174,nan,-0.44586337
nan,nan,nan,nan,nan,nan,nan,nan,-4.8681827,-8.0085077,-0.045445468,-0.85894501,19582.178,nan,-0.38308096
nan,nan,nan,nan,nan,nan,nan,nan,-4.8726206,-7.9661431,-0.045131501,-0.78920263,19600.057,nan,-0.32034996
nan,nan,nan,nan,nan,nan,nan,nan,-4.8770275,-7.8919334,-0.04481725,-0.71950448,19617.812,nan,-0.25766963
nan,nan,nan,nan,nan,nan,nan,nan,-4.8814034,-7.8974781,-0.044502717,-0.64984936,19635.443,nan,-0.19503927
nan,nan,nan,nan,nan,nan,nan,nan,-4.8857489,-7.6966009,-0.0441879,-0.58023602,19652.951,nan,-0.13245817
nan,nan,nan,nan,nan,nan,nan,nan,-4.8900633,-7.7089691,-0.043872807,-0.51066327,19670.334,nan,-0.069925599
nan,nan,nan,nan,nan,nan,nan,nan,-4.8943467,-7.6009245,-0.043557435,-0.44113004,19687.592,nan,-0.0074409009
nan,nan,nan,nan,nan,nan,nan,nan,-4.8985991,-7.5426373,-0.043241788,-0.37163505,19704.727,nan,0.05499661
nan,nan,nan,nan,nan,nan,nan,nan,-4.9028211,-7.4517946,-0.042925868,-0.30217722,19721.734,nan,0.1173876
nan,nan,nan,nan,nan,nan,nan,nan,-4.9070115,-7.415401,-0.042609677,-0.23275544,19738.619,nan,0.17973273
nan,nan,nan,nan,nan,nan,nan,nan,-4.9111714,-7.3394856,-0.042293217,-0.16336855,19755.379,nan,0.24203262
nan,nan,nan,nan,nan,nan,nan,nan,-4.9152999,-7.242672,-0.041976489,-0.094015494,19772.014,nan,0.30428794
nan,nan,nan,nan,nan,nan,nan,nan,-4.9193978,-7.2725263,-0.041659497,-0.024695205,19788.523,nan,0.36649927
nan,nan,nan,nan,nan,nan,nan,nan,-4.9234643,-7.1543884,-0.04134224,0.044593375,19804.906,nan,0.42866725
nan,nan,nan,nan,nan,nan,nan,nan,-4.9274998,-7.0452065,-0.041024722,0.11385128,19821.166,nan,0.49079245
nan,nan,nan,nan,nan,nan,nan,nan,-4.9315038,-7.0095234,-0.040706947,0.18307953,19837.299,nan,0.55287546
nan,nan,nan,nan,nan,nan,nan,nan,-4.9354773,-6.9677272,-0.040388916,0.2522791,19853.307,nan,0.61491692
nan,nan,nan,nan,nan,nan,nan,nan,-4.9394193,-6.8436184,-0.040070627,0.32145101,19869.189,nan,0.67691725
nan,nan,nan,nan,nan,nan,nan,nan,-4.9433298,-6.7581782,-0.039752085,0.39059621,19884.947,nan,0.73887718
nan,nan,nan,nan,nan,nan,nan,nan,-4.9472094,-6.7300296,-0.039433293,0.45971563,19900.578,nan,0.80079716
nan,nan,nan,nan,nan,nan,nan,nan,-4.9510579,-6.6438785,-0.039114252,0.5288102,19916.082,nan,0.86267769
nan,nan,nan,nan,nan,nan,nan,nan,-4.954875,-6.5371137,-0.038794961,0.59788078,19931.461,nan,0.9245193
nan,nan,nan,nan,nan,nan,nan,nan,-4.9586606,-6.4586391,-0.038475428,0.66692835,19946.715,nan,0.98632258
nan,nan,nan,nan,nan,nan,nan,nan,-4.9624152,-6.4538054,-0.038155649,0.73595369,19961.84,nan,1.048088
nan,nan,nan,nan,nan,nan,nan,nan,-4.9661384,-6.3547177,-0.037835632,0.80495775,19976.842,nan,1.1098158
nan,nan,nan,nan,nan,nan,nan,nan,-4.96983,-6.2843466,-0.037515376,0.87394124,19991.715,nan,1.1715069
nan,nan,nan,nan,nan,nan,nan,nan,-4.9734902,-6.2601786,-0.037194882,0.94290507,20006.463,nan,1.2331614
nan,nan,nan,nan,nan,nan,nan,nan,-4.9771194,-6.1828418,-0.036874153,1.01185,20021.084,nan,1.2947799
nan,nan,nan,nan,nan,nan,nan,nan,-4.9807167,-6.0719538,-0.036553193,1.0807768,20035.578,nan,1.3563628
nan,nan,nan,nan,nan,nan,nan,nan,-4.984283,-6.0376925,-0.036231998,1.1496862,20049.945,nan,1.4179106
nan,nan,nan,nan,nan,nan,nan,nan,-4.9878173,-5.9144363,-0.035910577,1.2185789,20064.186,nan,1.4794236
nan,nan,nan,nan,nan,nan,nan,nan,-4.9913206,-5.9013577,-0.035588928,1.2874558,20078.301,nan,1.5409024
nan,nan,nan,nan,nan,nan,nan,nan,-4.994792,-5.7216625,-0.035267055,1.3563175,20092.287,nan,1.6023471
nan,nan,nan,nan,nan,nan,nan,nan,-4.9982319,-5.7250743,-0.034944959,1.4251646,20106.146,nan,1.6637583
nan,nan,nan,nan,nan,nan,nan,nan,-5.0016403,-5.6928034,-0.034622643,1.4939978,20119.879,nan,1.7251363
nan,nan,nan,nan,nan,nan,nan,nan,-5.0050173,-5.6315308,-0.034300108,1.5628178,20133.484,nan,1.7864815
nan,nan,nan,nan,nan,nan,nan,nan,-5.0083623,-5.5241971,-0.033977356,1.6316251,20146.961,nan,1.8477943
nan,nan,nan,nan,nan,nan,nan,nan,-5.0116758,-5.5000291,-0.033654392,1.7004205,20160.312,nan,1.9090749
nan,nan,nan,nan,nan,nan,nan,nan,-5.0149579,-5.4145889,-0.033331212,1.7692044,20173.535,nan,1.9703238
nan,nan,nan,nan,nan,nan,nan,nan,-5.018208,-5.3291488,-0.033007823,1.8379774,20186.631,nan,2.0315411
nan,nan,nan,nan,nan,nan,nan,nan,-5.0214262,-5.2102995,-0.032684222,1.9067401,20199.598,nan,2.0927272
nan,nan,nan,nan,nan,nan,nan,nan,-5.0246134,-5.1747589,-0.03236042,1.975493,20212.438,nan,2.1538825
nan,nan,nan,nan,nan,nan,nan,nan,-5.0277681,-5.0640135,-0.032036409,2.0442367,20225.148,nan,2.2150073
nan,nan,nan,nan,nan,nan,nan,nan,-5.0308914,-5.1316833,-0.031712197,2.1129715,20237.732,nan,2.2761018
nan,nan,nan,nan,nan,nan,nan,nan,-5.0339832,-4.9571061,-0.031387787,2.1816978,20250.189,nan,2.3371663
nan,nan,nan,nan,nan,nan,nan,nan,-5.0370431,-4.9255457,-0.031063177,2.2504165,20262.516,nan,2.398201
nan,nan,nan,nan,nan,nan,nan,nan,-5.040071,-4.8715234,-0.03073837,2.3191278,20274.717,nan,2.4592061
nan,nan,nan,nan,nan,nan,nan,nan,-5.043067,-4.7472725,-0.030413369,2.3878319,20286.787,nan,2.5201819
nan,nan,nan,nan,nan,nan,nan,nan,-5.046031,-4.6769013,-0.030088177,2.4565294,20298.73,nan,2.5811286
nan,nan,nan,nan,nan,nan,nan,nan,-5.0489635,-4.6163397,-0.029762795,2.5252206,20310.545,nan,2.6420465
nan,nan,nan,nan,nan,nan,nan,nan,-5.0518641,-4.5577683,-0.029437223,2.5939059,20322.23,nan,2.7029357
nan,nan,nan,nan,nan,nan,nan,nan,-5.0547323,-4.4717593,-0.029111467,2.6625857,20333.787,nan,2.7637966
nan,nan,nan,nan,nan,nan,nan,nan,-5.057569,-4.3695436,-0.028785527,2.7312603,20345.217,nan,2.8246293
nan,nan,nan,nan,nan,nan,nan,nan,-5.0603738,-4.4013882,-0.028459404,2.7999301,20356.518,nan,2.8854337
nan,nan,nan,nan,nan,nan,nan,nan,-5.0631466,-4.2039227,-0.028133102,2.8685949,20367.688,nan,2.9462104
nan,nan,nan,nan,nan,nan,nan,nan,-5.0658875,-4.1506114,-0.027806623,2.9372556,20378.73,nan,3.0069592
nan,nan,nan,nan,nan,nan,nan,nan,-5.0685959,-4.1122274,-0.027479967,3.0059121,20389.645,nan,3.0676806
nan,nan,nan,nan,nan,nan,nan,nan,-5.0712729,-4.0984373,-0.027153138,3.0745647,20400.43,nan,3.1283743
nan,nan,nan,nan,nan,nan,nan,nan,-5.0739174,-3.979162,-0.026826138,3.1432135,20411.084,nan,3.1890409
nan,nan,nan,nan,nan,nan,nan,nan,-5.07653,-3.8694117,-0.026498968,3.211859,20421.611,nan,3.2496803
nan,nan,nan,nan,nan,nan,nan,nan,-5.0791106,-3.8233507,-0.02617163,3.2805011,20432.008,nan,3.3102927
nan,nan,nan,nan,nan,nan,nan,nan,-5.0816593,-3.8226397,-0.025844129,3.3491402,20442.275,nan,3.370878
nan,nan,nan,nan,nan,nan,nan,nan,-5.0841756,-3.7878096,-0.025516462,3.4177761,20452.414,nan,3.4314363
nan,nan,nan,nan,nan,nan,nan,nan,-5.0866599,-3.6894324,-0.025188634,3.4864094,20462.424,nan,3.4919682
nan,nan,nan,nan,nan,nan,nan,nan,-5.0891118,-3.5168457,-0.024860648,3.5550396,20472.303,nan,3.5524731
nan,nan,nan,nan,nan,nan,nan,nan,-5.0915318,-3.5621958,-0.024532506,3.6236675,20482.053,nan,3.6129515
nan,nan,nan,nan,nan,nan,nan,nan,-5.0939198,-3.4521611,-0.024204208,3.6922927,20491.674,nan,3.6734033
nan,nan,nan,nan,nan,nan,nan,nan,-5.0962753,-3.4304101,-0.023875756,3.7609153,20501.166,nan,3.7338285
nan,nan,nan,nan,nan,nan,nan,nan,-5.098599,-3.2757361,-0.023547154,3.8295355,20510.527,nan,3.7942274
nan,nan,nan,nan,nan,nan,nan,nan,-5.1008902,-3.2423275,-0.023218405,3.8981531,20519.758,nan,3.8546
nan,nan,nan,nan,nan,nan,nan,nan,-5.1031494,-3.1931388,-0.022889506,3.9667685,20528.859,nan,3.9149461
nan,nan,nan,nan,nan,nan,nan,nan,-5.1053762,-3.134141,-0.022560464,4.0353813,20537.832,nan,3.9752657
nan,nan,nan,nan,nan,nan,nan,nan,-5.1075706,-3.0506909,-0.022231281,4.103992,20546.674,nan,4.0355592
nan,nan,nan,nan,nan,nan,nan,nan,-5.1097331,-2.9614122,-0.021901956,4.1725998,20555.385,nan,4.0958266
nan,nan,nan,nan,nan,nan,nan,nan,-5.1118631,-2.8926048,-0.021572491,4.2412052,20563.967,nan,4.1560674
nan,nan,nan,nan,nan,nan,nan,nan,-5.1139607,-2.7972131,-0.021242892,4.3098083,20572.42,nan,4.2162819
nan,nan,nan,nan,nan,nan,nan,nan,-5.1160264,-2.8065958,-0.020913159,4.3784084,20580.74,nan,4.2764702
nan,nan,nan,nan,nan,nan,nan,nan,-5.1180592,-2.6913011,-0.020583292,4.4470057,20588.932,nan,4.3366318
nan,nan,nan,nan,nan,nan,nan,nan,-5.12006,-2.5845361,-0.020253297,4.5156002,20596.994,nan,4.3967676
nan,nan,nan,nan,nan,nan,nan,nan,-5.1220288,-2.6021645,-0.019923173,4.5841918,20604.924,nan,4.4568768
nan,nan,nan,nan,nan,nan,nan,nan,-5.1239648,-2.503787,-0.019592924,4.6527801,20612.725,nan,4.5169597
nan,nan,nan,nan,nan,nan,nan,nan,-5.1258683,-2.4816096,-0.01926255,4.7213655,20620.396,nan,4.5770159
nan,nan,nan,nan,nan,nan,nan,nan,-5.1277399,-2.3597753,-0.018932056,4.789947,20627.936,nan,4.6370459
nan,nan,nan,nan,nan,nan,nan,nan,-5.1295791,-2.2943799,-0.018601442,4.8585253,20635.344,nan,4.6970491
nan,nan,nan,nan,nan,nan,nan,nan,-5.1313853,-2.2470396,-0.018270709,4.9270997,20642.623,nan,4.7570262
nan,nan,nan,nan,nan,nan,nan,nan,-5.1331596,-2.2143419,-0.017939862,4.9956698,20649.771,nan,4.8169761
nan,nan,nan,nan,nan,nan,nan,nan,-5.1349015,-2.1780901,-0.0176089,5.0642362,20656.789,nan,4.8768992
nan,nan,nan,nan,nan,nan,nan,nan,-5.1366105,-2.0784333,-0.017277827,5.1327977,20663.676,nan,4.9367962
nan,nan,nan,nan,nan,nan,nan,nan,-5.1382875,-1.9264604,-0.016946647,5.201355,20670.432,nan,4.9966655
nan,nan,nan,nan,nan,nan,nan,nan,-5.1399317,-1.9059888,-0.016615359,5.269907,20677.057,nan,5.0565085
nan,nan,nan,nan,nan,nan,nan,nan,-5.1415439,-1.8623445,-0.016283965,5.3384538,20683.553,nan,5.1163239
nan,nan,nan,nan,nan,nan,nan,nan,-5.1431231,-1.8078958,-0.01595247,5.4069953,20689.916,nan,5.1761127
nan,nan,nan,nan,nan,nan,nan,nan,-5.1446705,-1.702126,-0.015620872,5.4755306,20696.148,nan,5.2358737
nan,nan,nan,nan,nan,nan,nan,nan,-5.1461849,-1.6240782,-0.015289177,5.5440602,20702.25,nan,5.295608
nan,nan,nan,nan,nan,nan,nan,nan,-5.1476669,-1.5701981,-0.014957385,5.6125832,20708.221,nan,5.3553143
nan,nan,nan,nan,nan,nan,nan,nan,-5.149116,-1.5009644,-0.014625498,5.6810999,20714.061,nan,5.4149933
nan,nan,nan,nan,nan,nan,nan,nan,-5.1505332,-1.5026703,-0.014293519,5.749609,20719.77,nan,5.4746447
nan,nan,nan,nan,nan,nan,nan,nan,-5.1519175,-1.4590261,-0.01396145,5.8181109,20725.348,nan,5.5342679
nan,nan,nan,nan,nan,nan,nan,nan,-5.1532693,-1.2969594,-0.013629292,5.8866053,20730.795,nan,5.5938635
nan,nan,nan,nan,nan,nan,nan,nan,-5.1545887,-1.2862972,-0.013297048,5.9550915,20736.109,nan,5.6534309
nan,nan,nan,nan,nan,nan,nan,nan,-5.1558757,-1.2213284,-0.012964721,6.0235691,20741.295,nan,5.7129703
nan,nan,nan,nan,nan,nan,nan,nan,-5.1571298,-1.1587763,-0.012632311,6.0920382,20746.348,nan,5.7724814
nan,nan,nan,nan,nan,nan,nan,nan,-5.1583514,-1.045614,-0.012299822,6.1604977,20751.27,nan,5.831964
nan,nan,nan,nan,nan,nan,nan,nan,-5.1595402,-1.0133429,-0.011967255,6.2289476,20756.061,nan,5.891418
nan,nan,nan,nan,nan,nan,nan,nan,-5.160697,-0.92193162,-0.011634612,6.2973876,20760.719,nan,5.9508433
nan,nan,nan,nan,nan,nan,nan,nan,-5.1618204,-0.92577004,-0.011301897,6.3658171,20765.246,nan,6.0102396
nan,nan,nan,nan,nan,nan,nan,nan,-5.1629119,-0.76938999,-0.010969109,6.4342356,20769.645,nan,6.0696068
nan,nan,nan,nan,nan,nan,nan,nan,-5.1639705,-0.69162643,-0.010636252,6.5026426,20773.908,nan,6.1289449
nan,nan,nan,nan,nan,nan,nan,nan,-5.1649966,-0.63987881,-0.010303328,6.5710378,20778.043,nan,6.1882539
nan,nan,nan,nan,nan,nan,nan,nan,-5.1659899,-0.51449043,-0.009970339,6.639421,20782.045,nan,6.2475333
nan,nan,nan,nan,nan,nan,nan,nan,-5.1669507,-0.51704937,-0.0096372869,6.7077913,20785.916,nan,6.3067832
nan,nan,nan,nan,nan,nan,nan,nan,-5.1678786,-0.49572483,-0.0093041742,6.7761488,20789.656,nan,6.366003
nan,nan,nan,nan,nan,nan,nan,nan,-5.1687741,-0.37815544,-0.008971002,6.8444924,20793.264,nan,6.4251928
nan,nan,nan,nan,nan,nan,nan,nan,-5.1696372,-0.42052025,-0.0086377738,6.9128218,20796.74,nan,6.4843526
nan,nan,nan,nan,nan,nan,nan,nan,-5.1704674,-0.27394944,-0.0083044907,6.9811368,20800.084,nan,6.5434818
nan,nan,nan,nan,nan,nan,nan,nan,-5.1712646,-0.21552017,-0.0079711555,7.0494366,20803.297,nan,6.602581
nan,nan,nan,nan,nan,nan,nan,nan,-5.1720295,-0.057576299,-0.0076377694,7.1177211,20806.379,nan,6.6616492
nan,nan,nan,nan,nan,nan,nan,nan,-5.1727619,-0.071224011,-0.0073043355,7.1859889,20809.328,nan,6.7206869
nan,nan,nan,nan,nan,nan,nan,nan,-5.1734614,0.072219163,-0.0069708554,7.2542405,20812.146,nan,6.7796936
nan,nan,nan,nan,nan,nan,nan,nan,-5.1741281,0.096386991,-0.0066373311,7.322475,20814.834,nan,6.8386688
nan,nan,nan,nan,nan,nan,nan,nan,-5.1747622,0.19078369,-0.0063037649,7.3906918,20817.389,nan,6.897613
nan,nan,nan,nan,nan,nan,nan,nan,-5.1753635,0.22333917,-0.0059701591,7.4588904,20819.812,nan,6.9565258
nan,nan,nan,nan,nan,nan,nan,nan,-5.1759324,0.29314154,-0.0056365151,7.5270705,20822.104,nan,7.0154066
nan,nan,nan,nan,nan,nan,nan,nan,-5.1764684,0.36834615,-0.0053028362,7.5952311,20824.264,nan,7.0742555
nan,nan,nan,nan,nan,nan,nan,nan,-5.1769719,0.42705977,-0.0049691233,7.663372,20826.291,nan,7.1330729
nan,nan,nan,nan,nan,nan,nan,nan,-5.1774426,0.46558613,-0.0046353787,7.7314925,20828.188,nan,7.1918573
nan,nan,nan,nan,nan,nan,nan,nan,-5.1778808,0.49942109,-0.0043016053,7.7995925,20829.953,nan,7.2506099
nan,nan,nan,nan,nan,nan,nan,nan,-5.1782861,0.60064167,-0.0039678048,7.867671,20831.586,nan,7.3093295
nan,nan,nan,nan,nan,nan,nan,nan,-5.1786585,0.72332895,-0.003633979,7.9357276,20833.086,nan,7.3680167
nan,nan,nan,nan,nan,nan,nan,nan,-5.1789985,0.75645304,-0.0033001301,8.0037613,20834.457,nan,7.426671
nan,nan,nan,nan,nan,nan,nan,nan,-5.1793056,0.86591911,-0.0029662605,8.0717726,20835.693,nan,7.485292
nan,nan,nan,nan,nan,nan,nan,nan,-5.1795797,0.8753019,-0.0026323723,8.13976,20836.799,nan,7.5438795
nan,nan,nan,nan,nan,nan,nan,nan,-5.1798215,0.97581166,-0.0022984673,8.2077227,20837.773,nan,7.6024337
nan,nan,nan,nan,nan,nan,nan,nan,-5.1800303,1.0198824,-0.0019645479,8.2756615,20838.615,nan,7.6609545
nan,nan,nan,nan,nan,nan,nan,nan,-5.1802068,1.1297749,-0.0016306159,8.3435745,20839.326,nan,7.7194409
nan,nan,nan,nan,nan,nan,nan,nan,-5.1803503,1.1368831,-0.0012966738,8.4114618,20839.904,nan,7.777894
nan,nan,nan,nan,nan,nan,nan,nan,-5.1804614,1.2179165,-0.00096272334,8.4793224,20840.35,nan,7.8363123
nan,nan,nan,nan,nan,nan,nan,nan,-5.1805391,1.2916994,-0.00062876684,8.5471563,20840.664,nan,7.8946967
nan,nan,nan,nan,nan,nan,nan,nan,-5.1805849,1.3976114,-0.00029480635,8.6149626,20840.848,nan,7.9530463
nan,nan,nan,nan,nan,nan,nan,nan,-5.1805973,1.4321572,3.915601e-05,8.6827402,20840.898,nan,8.0113611
nan,nan,nan,nan,nan,nan,nan,nan,-5.1805773,1.4095531,0.00037311812,8.7504892,20840.818,nan,8.0696411
nan,nan,nan,nan,nan,nan,nan,nan,-5.1805243,1.605739,0.00070707791,8.8182096,20840.605,nan,8.1278868
nan,nan,nan,nan,nan,nan,nan,nan,-5.180439,1.6382945,0.0010410332,8.8858995,20840.262,nan,8.1860962
nan,nan,nan,nan,nan,nan,nan,nan,-5.1803207,1.6718452,0.0013749819,8.9535599,20839.785,nan,8.2442703
nan,nan,nan,nan,nan,nan,nan,nan,-5.1801701,1.7244457,0.001708922,9.0211887,20839.176,nan,8.3024092
nan,nan,nan,nan,nan,nan,nan,nan,-5.179986,1.799366,0.0020428514,9.0887852,20838.436,nan,8.3605127
nan,nan,nan,nan,nan,nan,nan,nan,-5.17977,1.8623445,0.0023767678,9.1563501,20837.564,nan,8.4185791
nan,nan,nan,nan,nan,nan,nan,nan,-5.1795206,1.8839533,0.0027106691,9.2238827,20836.561,nan,8.4766102
nan,nan,nan,nan,nan,nan,nan,nan,-5.1792388,2.0699036,0.0030445533,9.2913818,20835.426,nan,8.534605
nan,nan,nan,nan,nan,nan,nan,nan,-5.1789246,2.0964882,0.0033784185,9.3588467,20834.158,nan,8.5925636
nan,nan,nan,nan,nan,nan,nan,nan,-5.1785769,2.1203716,0.003712262,9.4262781,20832.76,nan,8.650486
nan,nan,nan,nan,nan,nan,nan,nan,-5.1781969,2.2029688,0.0040460825,9.4936733,20831.229,nan,8.7083712
nan,nan,nan,nan,nan,nan,nan,nan,-5.1777844,2.257844,0.0043798774,9.5610342,20829.566,nan,8.7662191
nan,nan,nan,nan,nan,nan,nan,nan,-5.1773391,2.3391616,0.0047136443,9.6283579,20827.771,nan,8.8240309
nan,nan,nan,nan,nan,nan,nan,nan,-5.1768608,2.3623343,0.0050473814,9.6956453,20825.846,nan,8.8818045
nan,nan,nan,nan,nan,nan,nan,nan,-5.1763501,2.3892031,0.0053810868,9.7628956,20823.787,nan,8.9395409
nan,nan,nan,nan,nan,nan,nan,nan,-5.1758065,2.5754375,0.0057147583,9.8301086,20821.598,nan,8.997241
nan,nan,nan,nan,nan,nan,nan,nan,-5.1752305,2.6149592,0.0060483939,9.8972826,20819.275,nan,9.0549021
nan,nan,nan,nan,nan,nan,nan,nan,-5.1746216,2.7033849,0.0063819909,9.9644175,20816.822,nan,9.1125259
nan,nan,nan,nan,nan,nan,nan,nan,-5.1739802,2.7837074,0.0067155478,10.031513,20814.238,nan,9.1701117
nan,nan,nan,nan,nan,nan,nan,nan,-5.173306,2.7738981,0.0070490623,10.09857,20811.521,nan,9.2276602
nan,nan,nan,nan,nan,nan,nan,nan,-5.1725993,2.8938844,0.0073825321,10.165586,20808.674,nan,9.2851696
nan,nan,nan,nan,nan,nan,nan,nan,-5.1718597,2.9264398,0.0077159554,10.23256,20805.693,nan,9.3426409
nan,nan,nan,nan,nan,nan,nan,nan,-5.1710873,3.0840993,0.0080493297,10.299493,20802.582,nan,9.4000731
nan,nan,nan,nan,nan,nan,nan,nan,-5.1702824,3.0666132,0.0083826538,10.366384,20799.34,nan,9.457468
nan,nan,nan,nan,nan,nan,nan,nan,-5.169445,3.1689711,0.0087159248,10.433232,20795.965,nan,9.514823
nan,nan,nan,nan,nan,nan,nan,nan,-5.1685748,3.1971195,0.0090491408,10.500037,20792.459,nan,9.5721397
nan,nan,nan,nan,nan,nan,nan,nan,-5.1676717,3.3057325,0.0093822991,10.566799,20788.822,nan,9.6294174
nan,nan,nan,nan,nan,nan,nan,nan,-5.1667361,3.3183851,0.0097153988,10.633516,20785.053,nan,9.686656
nan,nan,nan,nan,nan,nan,nan,nan,-5.1657681,3.3378615,0.010048437,10.70019,20781.152,nan,9.7438545
nan,nan,nan,nan,nan,nan,nan,nan,-5.1647673,3.4382291,0.010381411,10.766817,20777.119,nan,9.8010149
nan,nan,nan,nan,nan,nan,nan,nan,-5.163734,3.5533817,0.01071432,10.8334,20772.955,nan,9.8581352
nan,nan,nan,nan,nan,nan,nan,nan,-5.1626678,3.604845,0.011047161,10.899936,20768.66,nan,9.9152164
nan,nan,nan,nan,nan,nan,nan,nan,-5.1615691,3.6396751,0.011379933,10.966425,20764.234,nan,9.9722567
nan,nan,nan,nan,nan,nan,nan,nan,-5.1604381,3.635268,0.011712633,11.032868,20759.678,nan,10.029259
nan,nan,nan,nan,nan,nan,nan,nan,-5.1592741,3.7268214,0.012045259,11.099263,20754.988,nan,10.08622
nan,nan,nan,nan,nan,nan,nan,nan,-5.1580777,3.8078547,0.012377808,11.16561,20750.168,nan,10.143141
nan,nan,nan,nan,nan,nan,nan,nan,-5.1568489,3.8691273,0.01271028,11.231909,20745.217,nan,10.200023
nan,nan,nan,nan,nan,nan,nan,nan,-5.1555872,3.9467487,0.013042671,11.298158,20740.133,nan,10.256864
nan,nan,nan,nan,nan,nan,nan,nan,-5.1542931,4.0356011,0.01337498,11.364358,20734.92,nan,10.313664
nan,nan,nan,nan,nan,nan,nan,nan,-5.1529665,4.1329832,0.013707204,11.430509,20729.574,nan,10.370424
nan,nan,nan,nan,nan,nan,nan,nan,-5.1516075,4.1690927,0.014039341,11.496609,20724.098,nan,10.427144
nan,nan,nan,nan,nan,nan,nan,nan,-5.1502156,4.2778478,0.01437139,11.562658,20718.49,nan,10.483824
nan,nan,nan,nan,nan,nan,nan,nan,-5.1487913,4.2934861,0.014703349,11.628657,20712.752,nan,10.540462
nan,nan,nan,nan,nan,nan,nan,nan,-5.1473346,4.3981185,0.015035214,11.694604,20706.883,nan,10.59706
nan,nan,nan,nan,nan,nan,nan,nan,-5.1458449,4.4355073,0.015366985,11.760499,20700.881,nan,10.653617
nan,nan,nan,nan,nan,nan,nan,nan,-5.1443233,4.5128446,0.015698658,11.826342,20694.75,nan,10.710134
nan,nan,nan,nan,nan,nan,nan,nan,-5.1427689,4.5229383,0.016030233,11.892132,20688.488,nan,10.766608
nan,nan,nan,nan,nan,nan,nan,nan,-5.1411824,4.625154,0.016361706,11.957869,20682.094,nan,10.823043
nan,nan,nan,nan,nan,nan,nan,nan,-5.1395631,4.7431498,0.016693076,12.023552,20675.57,nan,10.879436
nan,nan,nan,nan,nan,nan,nan,nan,-5.1379113,4.7921963,0.01702434,12.089182,20668.916,nan,10.935787
nan,nan,nan,nan,nan,nan,nan,nan,-5.1362271,4.8155112,0.017355496,12.154757,20662.131,nan,10.992098
nan,nan,nan,nan,nan,nan,nan,nan,-5.1345105,4.9285312,0.017686544,12.220278,20655.213,nan,11.048367
nan,nan,nan,nan,nan,nan,nan,nan,-5.132761,4.9762983,0.018017478,12.285743,20648.166,nan,11.104595
nan,nan,nan,nan,nan,nan,nan,nan,-5.1309795,5.0844851,0.018348301,12.351153,20640.988,nan,11.160781
nan,nan,nan,nan,nan,nan,nan,nan,-5.1291656,4.9872451,0.018679006,12.416508,20633.68,nan,11.216926
nan,nan,nan,nan,nan,nan,nan,nan,-5.1273193,5.1544294,0.019009594,12.481807,20626.242,nan,11.273029
nan,nan,nan,nan,nan,nan,nan,nan,-5.1254406,5.2385902,0.019340063,12.547049,20618.672,nan,11.329091
nan,nan,nan,nan,nan,nan,nan,nan,-5.1235299,5.2946029,0.019670406,12.612234,20610.973,nan,11.385111
nan,nan,nan,nan,nan,nan,nan,nan,-5.1215863,5.3888574,0.020000629,12.677363,20603.143,nan,11.441089
nan,nan,nan,nan,nan,nan,nan,nan,-5.1196108,5.4204178,0.020330723,12.742435,20595.182,nan,11.497025
nan,nan,nan,nan,nan,nan,nan,nan,-5.1176023,5.4083338,0.020660691,12.807448,20587.092,nan,11.55292
nan,nan,nan,nan,nan,nan,nan,nan,-5.115562,5.574523,0.020990526,12.872404,20578.871,nan,11.608773
nan,nan,nan,nan,nan,nan,nan,nan,-5.1134892,5.6583996,0.021320229,12.937302,20570.52,nan,11.664584
nan,nan,nan,nan,nan,nan,nan,nan,-5.1113844,5.7159758,0.021649798,13.002141,20562.039,nan,11.720353
nan,nan,nan,nan,nan,nan,nan,nan,-5.1092467,5.6819987,0.021979231,13.066921,20553.428,nan,11.77608
nan,nan,nan,nan,nan,nan,nan,nan,-5.1070771,5.8122211,0.022308525,13.131642,20544.686,nan,11.831766
nan,nan,nan,nan,nan,nan,nan,nan,-5.1048756,5.8459134,0.022637676,13.196304,20535.814,nan,11.887409
nan,nan,nan,nan,nan,nan,nan,nan,-5.1026411,5.9576545,0.022966687,13.260907,20526.812,nan,11.94301
nan,nan,nan,nan,nan,nan,nan,nan,-5.1003747,6.017221,0.02329555,13.32545,20517.682,nan,11.998569
nan,nan,nan,nan,nan,nan,nan,nan,-5.0980763,6.0566001,0.023624267,13.389933,20508.42,nan,12.054086
nan,nan,nan,nan,nan,nan,nan,nan,-5.0957456,6.1578207,0.023952836,13.454355,20499.029,nan,12.10956
nan,nan,nan,nan,nan,nan,nan,nan,-5.0933828,6.2348733,0.024281252,13.518718,20489.51,nan,12.164993
nan,nan,nan,nan,nan,nan,nan,nan,-5.0909877,6.2542076,0.024609515,13.583019,20479.859,nan,12.220384
nan,nan,nan,nan,nan,nan,nan,nan,-5.0885601,6.3076615,0.024937624,13.64726,20470.08,nan,12.275731
nan,nan,nan,nan,nan,nan,nan,nan,-5.0861006,6.3918223,0.025265574,13.711439,20460.172,nan,12.331038
nan,nan,nan,nan,nan,nan,nan,nan,-5.0836091,6.4449916,0.025593365,13.775558,20450.133,nan,12.386301
nan,nan,nan,nan,nan,nan,nan,nan,-5.0810857,6.4782577,0.025920993,13.839614,20439.965,nan,12.441523
nan,nan,nan,nan,nan,nan,nan,nan,-5.0785298,6.6013713,0.026248459,13.903609,20429.668,nan,12.496701
nan,nan,nan,nan,nan,nan,nan,nan,-5.075942,6.6440206,0.026575759,13.967542,20419.242,nan,12.551839
nan,nan,nan,nan,nan,nan,nan,nan,-5.0733223,6.7119751,0.02690289,14.031413,20408.686,nan,12.606933
nan,nan,nan,nan,nan,nan,nan,nan,-5.0706701,6.8038125,0.027229853,14.095222,20398.002,nan,12.661985
nan,nan,nan,nan,nan,nan,nan,nan,-5.067986,6.8505845,0.027556643,14.158969,20387.188,nan,12.716995
nan,nan,nan,nan,nan,nan,nan,nan,-5.0652704,6.8632369,0.027883258,14.222653,20376.244,nan,12.771962
nan,nan,nan,nan,nan,nan,nan,nan,-5.0625224,7.00142,0.028209697,14.286275,20365.174,nan,12.826887
nan,nan,nan,nan,nan,nan,nan,nan,-5.0597425,6.9876304,0.02853596,14.349834,20353.973,nan,12.88177
nan,nan,nan,nan,nan,nan,nan,nan,-5.0569305,7.0122247,0.02886204,14.41333,20342.643,nan,12.93661
nan,nan,nan,nan,nan,nan,nan,nan,-5.0540867,7.1337748,0.02918794,14.476764,20331.186,nan,12.991408
nan,nan,nan,nan,nan,nan,nan,nan,-5.0512109,7.2838993,0.029513655,14.540133,20319.6,nan,13.046164
nan,nan,nan,nan,nan,nan,nan,nan,-5.0483031,7.3030915,0.029839182,14.60344,20307.885,nan,13.100877
nan,nan,nan,nan,nan,nan,nan,nan,-5.0453634,7.3546968,0.030164523,14.666684,20296.041,nan,13.155547
nan,nan,nan,nan,nan,nan,nan,nan,-5.0423923,7.3994784,0.030489672,14.729864,20284.068,nan,13.210176
nan,nan,nan,nan,nan,nan,nan,nan,-5.0393887,7.4800854,0.030814629,14.792981,20271.969,nan,13.264761
nan,nan,nan,nan,nan,nan,nan,nan,-5.0363536,7.512641,0.031139391,14.856034,20259.74,nan,13.319304
nan,nan,nan,nan,nan,nan,nan,nan,-5.0332866,7.5861397,0.031463955,14.919024,20247.383,nan,13.373805
nan,nan,nan,nan,nan,nan,nan,nan,-5.0301881,7.6590695,0.031788323,14.98195,20234.898,nan,13.428263
nan,nan,nan,nan,nan,nan,nan,nan,-5.0270576,7.701292,0.032112487,15.044811,20222.285,nan,13.482678
nan,nan,nan,nan,nan,nan,nan,nan,-5.0238953,7.7062678,0.032436453,15.10761,20209.545,nan,13.537051
nan,nan,nan,nan,nan,nan,nan,nan,-5.0207014,7.8853941,0.03276021,15.170343,20196.676,nan,13.591382
nan,nan,nan,nan,nan,nan,nan,nan,-5.0174756,7.884541,0.033083759,15.233014,20183.68,nan,13.64567
nan,nan,nan,nan,nan,nan,nan,nan,-5.0142183,8.0008307,0.033407103,15.29562,20170.555,nan,13.699916
nan,nan,nan,nan,nan,nan,nan,nan,-5.0109291,8.0645199,0.033730235,15.358162,20157.305,nan,13.754119
nan,nan,nan,nan,nan,nan,nan,nan,-5.0076084,8.1682997,0.034053151,15.42064,20143.924,nan,13.808279
nan,nan,nan,nan,nan,nan,nan,nan,-5.0042562,8.1533728,0.034375854,15.483054,20130.418,nan,13.862397
nan,nan,nan,nan,nan,nan,nan,nan,-5.0008721,8.1991491,0.034698341,15.545404,20116.783,nan,13.916471
nan,nan,nan,nan,nan,nan,nan,nan,-4.9974566,8.3292294,0.035020608,15.60769,20103.023,nan,13.970505
nan,nan,nan,nan,nan,nan,nan,nan,-4.9940095,8.3431616,0.035342652,15.669911,20089.135,nan,14.024494
nan,nan,nan,nan,nan,nan,nan,nan,-4.990531,8.390502,0.035664476,15.732069,20075.119,nan,14.078442
nan,nan,nan,nan,nan,nan,nan,nan,-4.9870205,8.4655638,0.035986073,15.794162,20060.977,nan,14.132346
nan,nan,nan,nan,nan,nan,nan,nan,-4.983479,8.5589657,0.036307443,15.856192,20046.707,nan,14.186208
nan,nan,nan,nan,nan,nan,nan,nan,-4.9799056,8.5979185,0.036628585,15.918156,20032.311,nan,14.240026
nan,nan,nan,nan,nan,nan,nan,nan,-4.9763012,8.6505194,0.036949493,15.980057,20017.787,nan,14.293803
nan,nan,nan,nan,nan,nan,nan,nan,-4.9726653,8.7329741,0.03727017,16.041893,20003.139,nan,14.347536
nan,nan,nan,nan,nan,nan,nan,nan,-4.9689975,8.7943888,0.037590608,16.103666,19988.361,nan,14.401227
nan,nan,nan,nan,nan,nan,nan,nan,-4.9652987,8.9054184,0.037910812,16.165373,19973.459,nan,14.454875
nan,nan,nan,nan,nan,nan,nan,nan,-4.9615688,8.891202,0.038230777,16.227018,19958.43,nan,14.508479
nan,nan,nan,nan,nan,nan,nan,nan,-4.9578071,8.9632797,0.038550496,16.288597,19943.275,nan,14.562041
nan,nan,nan,nan,nan,nan,nan,nan,-4.9540143,9.0529842,0.038869977,16.350115,19927.994,nan,14.615561
nan,nan,nan,nan,nan,nan,nan,nan,-4.9501901,9.1682796,0.039189208,16.411566,19912.586,nan,14.669036
nan,nan,nan,nan,nan,nan,nan,nan,-4.9463348,9.176383,0.039508194,16.472954,19897.053,nan,14.722469
nan,nan,nan,nan,nan,nan,nan,nan,-4.9424481,9.238224,0.03982693,16.534277,19881.393,nan,14.775859
nan,nan,nan,nan,nan,nan,nan,nan,-4.93853,9.2885494,0.040145416,16.595537,19865.607,nan,14.829206
nan,nan,nan,nan,nan,nan,nan,nan,-4.9345813,9.3122911,0.040463645,16.656734,19849.697,nan,14.882509
nan,nan,nan,nan,nan,nan,nan,nan,-4.9306006,9.39503,0.040781621,16.717867,19833.66,nan,14.935769
nan,nan,nan,nan,nan,nan,nan,nan,-4.9265895,9.4382486,0.04109934,16.778934,19817.498,nan,14.988986
nan,nan,nan,nan,nan,nan,nan,nan,-4.9225469,9.5768576,0.041416798,16.839941,19801.211,nan,15.04216
nan,nan,nan,nan,nan,nan,nan,nan,-4.9184732,9.5785637,0.041733995,16.900881,19784.799,nan,15.09529
nan,nan,nan,nan,nan,nan,nan,nan,-4.9143686,9.7011089,0.042050928,16.96176,19768.262,nan,15.148376
nan,nan,nan,nan,nan,nan,nan,nan,-4.910233,9.7625237,0.042367592,17.022573,19751.598,nan,15.20142
nan,nan,nan,nan,nan,nan,nan,nan,-4.9060664,9.772191,0.042683993,17.083324,19734.811,nan,15.254419
nan,nan,nan,nan,nan,nan,nan,nan,-4.9018683,9.8546457,0.043000124,17.144011,19717.898,nan,15.307375
nan,nan,nan,nan,nan,nan,nan,nan,-4.8976398,9.9321251,0.043315981,17.204634,19700.861,nan,15.360288
nan,nan,nan,nan,nan,nan,nan,nan,-4.8933802,9.9661016,0.043631565,17.265194,19683.699,nan,15.413156
nan,nan,nan,nan,nan,nan,nan,nan,-4.8890896,10.022541,0.043946877,17.325691,19666.412,nan,15.465981
nan,nan,nan,nan,nan,nan,nan,nan,-4.8847685,10.039885,0.044261906,17.386126,19649.002,nan,15.518761
nan,nan,nan,nan,nan,nan,nan,nan,-4.8804159,10.164989,0.04457666,17.446497,19631.465,nan,15.571497
nan,nan,nan,nan,nan,nan,nan,nan,-4.8760328,10.248866,0.04489113,17.506804,19613.807,nan,15.624188
nan,nan,nan,nan,nan,nan,nan,nan,-4.8716192,10.282416,0.045205317,17.567049,19596.023,nan,15.676837
nan,nan,nan,nan,nan,nan,nan,nan,-4.8671746,10.379941,0.045519218,17.62723,19578.115,nan,15.72944
nan,nan,nan,nan,nan,nan,nan,nan,-4.862699,10.450027,0.045832831,17.687349,19560.084,nan,15.781999
nan,nan,nan,nan,nan,nan,nan,nan,-4.8581929,10.479029,0.046146158,17.747404,19541.928,nan,15.834513
nan,nan,nan,nan,nan,nan,nan,nan,-4.8536563,10.599442,0.046459191,17.807398,19523.65,nan,15.886983
nan,nan,nan,nan,nan,nan,nan,nan,-4.8490887,10.545419,0.046771929,17.867329,19505.248,nan,15.939407
nan,nan,nan,nan,nan,nan,nan,nan,-4.8444905,10.624178,0.047084372,17.927197,19486.723,nan,15.991787
nan,nan,nan,nan,nan,nan,nan,nan,-4.8398619,10.735208,0.047396522,17.987001,19468.072,nan,16.044123
nan,nan,nan,nan,nan,nan,nan,nan,-4.8352027,10.792357,0.047708366,18.046743,19449.301,nan,16.096411
nan,nan,nan,nan,nan,nan,nan,nan,-4.830513,10.854341,0.048019912,18.106422,19430.406,nan,16.148655
nan,nan,nan,nan,nan,nan,nan,nan,-4.8257928,10.835433,0.048331156,18.16604,19411.387,nan,16.200853
nan,nan,nan,nan,nan,nan,nan,nan,-4.8210416,11.006883,0.048642095,18.225595,19392.246,nan,16.253008
nan,nan,nan,nan,nan,nan,nan,nan,-4.8162603,11.108245,0.048952725,18.285089,19372.982,nan,16.305115
nan,nan,nan,nan,nan,nan,nan,nan,-4.8114491,11.076259,0.049263045,18.344521,19353.596,nan,16.357176
nan,nan,nan,nan,nan,nan,nan,nan,-4.8066068,11.168949,0.049573056,18.403889,19334.088,nan,16.409191
nan,nan,nan,nan,nan,nan,nan,nan,-4.8017344,11.260361,0.049882751,18.463196,19314.457,nan,16.461161
nan,nan,nan,nan,nan,nan,nan,nan,-4.7968316,11.309834,0.050192133,18.52244,19294.703,nan,16.513083
nan,nan,nan,nan,nan,nan,nan,nan,-4.7918987,11.359022,0.050501198,18.581621,19274.828,nan,16.564959
nan,nan,nan,nan,nan,nan,nan,nan,-4.7869353,11.452423,0.050809942,18.640741,19254.83,nan,16.616789
nan,nan,nan,nan,nan,nan,nan,nan,-4.7819419,11.457115,0.05111837,18.6998,19234.711,nan,16.668571
nan,nan,nan,nan,nan,nan,nan,nan,-4.7769179,11.592455,0.05142647,18.758797,19214.471,nan,16.720306
nan,nan,nan,nan,nan,nan,nan,nan,-4.7718639,11.495642,0.051734246,18.817732,19194.109,nan,16.771994
nan,nan,nan,nan,nan,nan,nan,nan,-4.7667799,11.625437,0.052041698,18.876604,19173.625,nan,16.823635
nan,nan,nan,nan,nan,nan,nan,nan,-4.7616658,11.732202,0.052348819,18.935415,19153.02,nan,16.875227
nan,nan,nan,nan,nan,nan,nan,nan,-4.7565217,11.754806,0.052655611,18.994164,19132.293,nan,16.926773
nan,nan,nan,nan,nan,nan,nan,nan,-4.7513475,11.80371,0.052962068,19.052851,19111.447,nan,16.97827
nan,nan,nan,nan,nan,nan,nan,nan,-4.7461429,11.860718,0.05326819,19.111475,19090.479,nan,17.029718
nan,nan,nan,nan,nan,nan,nan,nan,-4.7409086,11.959237,0.053573981,19.17004,19069.389,nan,17.081118
nan,nan,nan,nan,nan,nan,nan,nan,-4.7356443,12.038423,0.053879429,19.22854,19048.18,nan,17.132469
nan,nan,nan,nan,nan,nan,nan,nan,-4.7303505,12.104244,0.054184537,19.286982,19026.85,nan,17.183771
nan,nan,nan,nan,nan,nan,nan,nan,-4.7250261,12.175895,0.054489303,19.34536,19005.398,nan,17.235023
nan,nan,nan,nan,nan,nan,nan,nan,-4.7196722,12.223519,0.054793727,19.403675,18983.828,nan,17.286228
nan,nan,nan,nan,nan,nan,nan,nan,-4.7142887,12.214421,0.055097803,19.461931,18962.137,nan,17.337381
nan,nan,nan,nan,nan,nan,nan,nan,-4.7088752,12.242285,0.05540153,19.520123,18940.326,nan,17.388485
nan,nan,nan,nan,nan,nan,nan,nan,-4.7034321,12.322608,0.055704907,19.578255,18918.396,nan,17.439539
nan,nan,nan,nan,nan,nan,nan,nan,-4.6979589,12.398096,0.056007933,19.636324,18896.346,nan,17.490541
nan,nan,nan,nan,nan,nan,nan,nan,-4.6924567,12.449844,0.056310605,19.694332,18874.176,nan,17.541494
nan,nan,nan,nan,nan,nan,nan,nan,-4.6869245,12.444868,0.056612924,19.752277,18851.885,nan,17.592394
nan,nan,nan,nan,nan,nan,nan,nan,-4.6813626,12.632382,0.056914885,19.810162,18829.477,nan,17.643244
nan,nan,nan,nan,nan,nan,nan,nan,-4.6757712,12.703749,0.057216484,19.867983,18806.949,nan,17.694042
nan,nan,nan,nan,nan,nan,nan,nan,-4.6701503,12.747108,0.057517722,19.925743,18784.303,nan,17.744789
nan,nan,nan,nan,nan,nan,nan,nan,-4.6644998,12.746398,0.057818595,19.98344,18761.537,nan,17.795483
nan,nan,nan,nan,nan,nan,nan,nan,-4.6588197,12.835392,0.058119107,20.041077,18738.652,nan,17.846125
nan,nan,nan,nan,nan,nan,nan,nan,-4.6531105,12.894106,0.05841925,20.09865,18715.65,nan,17.896713
nan,nan,nan,nan,nan,nan,nan,nan,-4.6473718,12.936044,0.058719024,20.15616,18692.527,nan,17.947248
nan,nan,nan,nan,nan,nan,nan,nan,-4.6416039,12.913582,0.059018426,20.21361,18669.289,nan,17.997732
nan,nan,nan,nan,nan,nan,nan,nan,-4.6358061,13.022337,0.059317455,20.270996,18645.932,nan,18.048161
nan,nan,nan,nan,nan,nan,nan,nan,-4.6299796,13.127397,0.059616111,20.328321,18622.455,nan,18.098534
nan,nan,nan,nan,nan,nan,nan,nan,-4.6241236,13.214116,0.059914391,20.385582,18598.861,nan,18.148855
nan,nan,nan,nan,nan,nan,nan,nan,-4.6182384,13.256907,0.060212292,20.442781,18575.15,nan,18.19912
nan,nan,nan,nan,nan,nan,nan,nan,-4.6123242,13.322161,0.060509812,20.499916,18551.322,nan,18.249331
nan,nan,nan,nan,nan,nan,nan,nan,-4.6063809,13.311783,0.060806949,20.55699,18527.375,nan,18.299484
nan,nan,nan,nan,nan,nan,nan,nan,-4.6004086,13.439445,0.061103702,20.614,18503.312,nan,18.349583
nan,nan,nan,nan,nan,nan,nan,nan,-4.5944066,13.468874,0.061400071,20.670948,18479.131,nan,18.399626
nan,nan,nan,nan,nan,nan,nan,nan,-4.588376,13.518205,0.061696053,20.727831,18454.834,nan,18.449612
nan,nan,nan,nan,nan,nan,nan,nan,-4.5823164,13.645441,0.061991639,20.784651,18430.42,nan,18.499542
nan,nan,nan,nan,nan,nan,nan,nan,-4.5762281,13.727612,0.062286839,20.841408,18405.889,nan,18.549414
nan,nan,nan,nan,nan,nan,nan,nan,-4.5701108,13.689369,0.062581643,20.898102,18381.242,nan,18.599228
nan,nan,nan,nan,nan,nan,nan,nan,-4.5639644,13.748936,0.062876053,20.954731,18356.479,nan,18.648983
nan,nan,nan,nan,nan,nan,nan,nan,-4.5577893,13.804665,0.063170068,21.011295,18331.6,nan,18.698681
nan,nan,nan,nan,nan,nan,nan,nan,-4.5515852,13.854706,0.06346368,21.067797,18306.604,nan,18.74832
nan,nan,nan,nan,nan,nan,nan,nan,-4.5453525,13.906453,0.063756898,21.124233,18281.492,nan,18.797899
nan,nan,nan,nan,nan,nan,nan,nan,-4.5390911,13.923228,0.064049706,21.180605,18256.264,nan,18.84742
nan,nan,nan,nan,nan,nan,nan,nan,-4.5328012,13.953367,0.064342111,21.236912,18230.922,nan,18.896879
nan,nan,nan,nan,nan,nan,nan,nan,-4.5264826,14.110458,0.064634115,21.293156,18205.463,nan,18.94628
nan,nan,nan,nan,nan,nan,nan,nan,-4.5201349,14.21239,0.0649257,21.349331,18179.891,nan,18.995617
nan,nan,nan,nan,nan,nan,nan,nan,-4.5137591,14.175,0.065216884,21.405443,18154.203,nan,19.044893
nan,nan,nan,nan,nan,nan,nan,nan,-4.5073547,14.235989,0.06550765,21.461489,18128.398,nan,19.094109
nan,nan,nan,nan,nan,nan,nan,nan,-4.5009222,14.391089,0.065798007,21.517469,18102.48,nan,19.143263
nan,nan,nan,nan,nan,nan,nan,nan,-4.4944611,14.398624,0.066087946,21.573383,18076.449,nan,19.192352
nan,nan,nan,nan,nan,nan,nan,nan,-4.4879713,14.464588,0.066377468,21.62923,18050.303,nan,19.241379
nan,nan,nan,nan,nan,nan,nan,nan,-4.4814534,14.475961,0.066666573,21.685011,18024.041,nan,19.290342
nan,nan,nan,nan,nan,nan,nan,nan,-4.4749069,14.514914,0.066955253,21.740726,17997.666,nan,19.339241
nan,nan,nan,nan,nan,nan,nan,nan,-4.4683323,14.666034,0.067243516,21.796373,17971.178,nan,19.388077
nan,nan,nan,nan,nan,nan,nan,nan,-4.4617295,14.688211,0.067531347,21.851952,17944.574,nan,19.436846
nan,nan,nan,nan,nan,nan,nan,nan,-4.4550986,14.716218,0.067818761,21.907463,17917.857,nan,19.48555
nan,nan,nan,nan,nan,nan,nan,nan,-4.4484396,14.765691,0.068105735,21.962908,17891.029,nan,19.534189
nan,nan,nan,nan,nan,nan,nan,nan,-4.4417524,14.821987,0.068392284,22.018282,17864.086,nan,19.582762
nan,nan,nan,nan,nan,nan,nan,nan,-4.4350371,14.841464,0.068678401,22.073589,17837.029,nan,19.631266
nan,nan,nan,nan,nan,nan,nan,nan,-4.4282937,14.882123,0.068964086,22.128826,17809.861,nan,19.679703
nan,nan,nan,nan,nan,nan,nan,nan,-4.4215226,15.029263,0.069249332,22.183994,17782.58,nan,19.728073
nan,nan,nan,nan,nan,nan,nan,nan,-4.4147234,15.117546,0.069534145,22.239094,17755.186,nan,19.776375
nan,nan,nan,nan,nan,nan,nan,nan,-4.4078965,15.162328,0.069818519,22.294121,17727.68,nan,19.824606
nan,nan,nan,nan,nan,nan,nan,nan,-4.4010415,15.173416,0.070102446,22.349079,17700.062,nan,19.87277
nan,nan,nan,nan,nan,nan,nan,nan,-4.3941588,15.216918,0.070385933,22.403967,17672.332,nan,19.920862
nan,nan,nan,nan,nan,nan,nan,nan,-4.3872485,15.194741,0.07066898,22.458784,17644.488,nan,19.968885
nan,nan,nan,nan,nan,nan,nan,nan,-4.3803101,15.28928,0.070951574,22.513529,17616.535,nan,20.016836
nan,nan,nan,nan,nan,nan,nan,nan,-4.3733444,15.37998,0.07123372,22.568201,17588.469,nan,20.064716
nan,nan,nan,nan,nan,nan,nan,nan,-4.3663511,15.390784,0.071515419,22.622803,17560.293,nan,20.112524
nan,nan,nan,nan,nan,nan,nan,nan,-4.3593302,15.467979,0.071796671,22.67733,17532.006,nan,20.160259
nan,nan,nan,nan,nan,nan,nan,nan,-4.3522816,15.473808,0.072077461,22.731785,17503.605,nan,20.20792
nan,nan,nan,nan,nan,nan,nan,nan,-4.3452053,15.635875,0.072357796,22.786167,17475.098,nan,20.255508
nan,nan,nan,nan,nan,nan,nan,nan,-4.3381019,15.657199,0.072637677,22.840473,17446.477,nan,20.303022
nan,nan,nan,nan,nan,nan,nan,nan,-4.3309708,15.717903,0.072917104,22.894707,17417.746,nan,20.350462
nan,nan,nan,nan,nan,nan,nan,nan,-4.3238125,15.729987,0.073196061,22.948866,17388.906,nan,20.397827
nan,nan,nan,nan,nan,nan,nan,nan,-4.316627,15.748753,0.073474564,23.002949,17359.955,nan,20.445114
nan,nan,nan,nan,nan,nan,nan,nan,-4.3094144,15.840022,0.073752597,23.056955,17330.895,nan,20.492327
nan,nan,nan,nan,nan,nan,nan,nan,-4.3021741,15.875989,0.074030168,23.110888,17301.725,nan,20.539461
nan,nan,nan,nan,nan,nan,nan,nan,-4.2949071,15.979485,0.07430727,23.164742,17272.443,nan,20.586519
nan,nan,nan,nan,nan,nan,nan,nan,-4.2876124,15.978489,0.074583903,23.218519,17243.055,nan,20.633497
nan,nan,nan,nan,nan,nan,nan,nan,-4.2802911,16.159037,0.074860066,23.272221,17213.557,nan,20.680397
nan,nan,nan,nan,nan,nan,nan,nan,-4.2729425,16.179651,0.075135753,23.325842,17183.949,nan,20.727219
nan,nan,nan,nan,nan,nan,nan,nan,-4.2655673,16.14283,0.075410962,23.379385,17154.234,nan,20.77396
nan,nan,nan,nan,nan,nan,nan,nan,-4.2581649,16.168705,0.075685702,23.432848,17124.41,nan,20.820621
nan,nan,nan,nan,nan,nan,nan,nan,-4.2507353,16.357782,0.075959966,23.486233,17094.477,nan,20.867201
nan,nan,nan,nan,nan,nan,nan,nan,-4.2432795,16.386215,0.076233745,23.539537,17064.436,nan,20.913698
nan,nan,nan,nan,nan,nan,nan,nan,-4.2357965,16.394033,0.076507039,23.592762,17034.287,nan,20.960114
nan,nan,nan,nan,nan,nan,nan,nan,-4.2282867,16.390337,0.076779857,23.645903,17004.029,nan,21.006447
nan,nan,nan,nan,nan,nan,nan,nan,-4.2207503,16.500372,0.077052183,23.698963,16973.666,nan,21.052698
nan,nan,nan,nan,nan,nan,nan,nan,-4.2131872,16.476772,0.077324025,23.751942,16943.193,nan,21.098864
nan,nan,nan,nan,nan,nan,nan,nan,-4.2055974,16.605715,0.077595383,23.804838,16912.615,nan,21.144945
nan,nan,nan,nan,nan,nan,nan,nan,-4.1979809,16.67168,0.077866249,23.857649,16881.93,nan,21.190941
nan,nan,nan,nan,nan,nan,nan,nan,-4.1903381,16.6441,0.078136623,23.910378,16851.137,nan,21.236851
nan,nan,nan,nan,nan,nan,nan,nan,-4.1826692,16.807304,0.078406498,23.96302,16820.236,nan,21.282675
nan,nan,nan,nan,nan,nan,nan,nan,-4.1749735,16.859762,0.078675881,24.015579,16789.23,nan,21.328413
nan,nan,nan,nan,nan,nan,nan,nan,-4.1672516,16.822231,0.078944772,24.06805,16758.119,nan,21.374062
nan,nan,nan,nan,nan,nan,nan,nan,-4.159503,16.904402,0.079213157,24.120436,16726.9,nan,21.419624
nan,nan,nan,nan,nan,nan,nan,nan,-4.1517282,17.002779,0.07948105,24.172735,16695.576,nan,21.465097
nan,nan,nan,nan,nan,nan,nan,nan,-4.1439276,17.016001,0.079748437,24.224947,16664.146,nan,21.510481
nan,nan,nan,nan,nan,nan,nan,nan,-4.1361003,17.082533,0.080015317,24.277069,16632.611,nan,21.555775
nan,nan,nan,nan,nan,nan,nan,nan,-4.1282473,17.204367,0.080281697,24.329103,16600.971,nan,21.600977
nan,nan,nan,nan,nan,nan,nan,nan,-4.120368,17.14608,0.080547564,24.381048,16569.225,nan,21.646088
nan,nan,nan,nan,nan,nan,nan,nan,-4.112463,17.207495,0.080812924,24.432901,16537.375,nan,21.691109
nan,nan,nan,nan,nan,nan,nan,nan,-4.1045318,17.233511,0.081077777,24.484665,16505.42,nan,21.736036
nan,nan,nan,nan,nan,nan,nan,nan,-4.0965743,17.396715,0.081342116,24.536337,16473.361,nan,21.78087
nan,nan,nan,nan,nan,nan,nan,nan,-4.0885916,17.340275,0.081605941,24.587917,16441.197,nan,21.825611
nan,nan,nan,nan,nan,nan,nan,nan,-4.0805826,17.428417,0.081869252,24.639404,16408.93,nan,21.870258
nan,nan,nan,nan,nan,nan,nan,nan,-4.0725479,17.464527,0.082132041,24.690798,16376.558,nan,21.91481
nan,nan,nan,nan,nan,nan,nan,nan,-4.0644875,17.554232,0.082394317,24.742098,16344.082,nan,21.959267
nan,nan,nan,nan,nan,nan,nan,nan,-4.0564013,17.511015,0.082656071,24.793303,16311.503,nan,22.003628
nan,nan,nan,nan,nan,nan,nan,nan,-4.0482898,17.720564,0.082917295,24.844412,16278.821,nan,22.047892
nan,nan,nan,nan,nan,nan,nan,nan,-4.0401525,17.686159,0.083178006,24.895426,16246.036,nan,22.092058
nan,nan,nan,nan,nan,nan,nan,nan,-4.0319896,17.715445,0.083438188,24.946342,16213.148,nan,22.136127
nan,nan,nan,nan,nan,nan,nan,nan,-4.0238013,17.732363,0.083697841,24.997162,16180.158,nan,22.180098
nan,nan,nan,nan,nan,nan,nan,nan,-4.0155878,17.83799,0.083956972,25.047882,16147.065,nan,22.223969
nan,nan,nan,nan,nan,nan,nan,nan,-4.007349,17.867134,0.084215567,25.098503,16113.87,nan,22.26774
nan,nan,nan,nan,nan,nan,nan,nan,-3.9990845,17.948593,0.084473625,25.149027,16080.573,nan,22.311411
nan,nan,nan,nan,nan,nan,nan,nan,-3.9907949,17.955986,0.084731162,25.199448,16047.175,nan,22.354982
nan,nan,nan,nan,nan,nan,nan,nan,-3.9824803,18.07057,0.084988154,25.249769,16013.674,nan,22.398451
nan,nan,nan,nan,nan,nan,nan,nan,-3.9741404,18.080948,0.085244611,25.299988,15980.072,nan,22.441818
nan,nan,nan,nan,nan,nan,nan,nan,-3.9657753,18.14677,0.085500531,25.350105,15946.37,nan,22.485083
nan,nan,nan,nan,nan,nan,nan,nan,-3.9573851,18.20989,0.085755914,25.400118,15912.565,nan,22.528244
nan,nan,nan,nan,nan,nan,nan,nan,-3.9489701,18.197807,0.086010747,25.450027,15878.661,nan,22.571301
nan,nan,nan,nan,nan,nan,nan,nan,-3.9405301,18.23093,0.086265042,25.499832,15844.656,nan,22.614252
nan,nan,nan,nan,nan,nan,nan,nan,-3.932065,18.325327,0.086518794,25.54953,15810.551,nan,22.657101
nan,nan,nan,nan,nan,nan,nan,nan,-3.9235754,18.39513,0.086772002,25.599123,15776.346,nan,22.699842
nan,nan,nan,nan,nan,nan,nan,nan,-3.9150608,18.347363,0.087024651,25.648609,15742.041,nan,22.742477
nan,nan,nan,nan,nan,nan,nan,nan,-3.9065216,18.487963,0.087276757,25.697989,15707.636,nan,22.785007
nan,nan,nan,nan,nan,nan,nan,nan,-3.8979576,18.539711,0.087528311,25.747259,15673.132,nan,22.827429
nan,nan,nan,nan,nan,nan,nan,nan,-3.889369,18.595154,0.087779313,25.796419,15638.528,nan,22.869741
nan,nan,nan,nan,nan,nan,nan,nan,-3.8807559,18.623871,0.088029765,25.84547,15603.826,nan,22.911947
nan,nan,nan,nan,nan,nan,nan,nan,-3.8721182,18.743004,0.088279657,25.894411,15569.024,nan,22.954042
nan,nan,nan,nan,nan,nan,nan,nan,-3.8634562,18.667942,0.088528991,25.943241,15534.125,nan,22.996029
nan,nan,nan,nan,nan,nan,nan,nan,-3.8547697,18.777977,0.088777766,25.991957,15499.127,nan,23.037903
nan,nan,nan,nan,nan,nan,nan,nan,-3.8460588,18.842661,0.089025974,26.040562,15464.031,nan,23.079668
nan,nan,nan,nan,nan,nan,nan,nan,-3.8373237,18.811954,0.089273624,26.089052,15428.837,nan,23.121323
nan,nan,nan,nan,nan,nan,nan,nan,-3.8285642,18.894266,0.089520715,26.137426,15393.545,nan,23.162863
nan,nan,nan,nan,nan,nan,nan,nan,-3.8197806,18.876497,0.08976724,26.185688,15358.156,nan,23.204292
nan,nan,nan,nan,nan,nan,nan,nan,-3.8109729,19.018091,0.090013191,26.233833,15322.67,nan,23.245607
nan,nan,nan,nan,nan,nan,nan,nan,-3.8021412,19.140636,0.090258576,26.28186,15287.087,nan,23.28681
nan,nan,nan,nan,nan,nan,nan,nan,-3.7932854,19.090311,0.090503395,26.329771,15251.406,nan,23.327898
nan,nan,nan,nan,nan,nan,nan,nan,-3.7844057,19.200203,0.09074764,26.377563,15215.63,nan,23.368872
nan,nan,nan,nan,nan,nan,nan,nan,-3.775502,19.213282,0.090991311,26.425236,15179.757,nan,23.409729
nan,nan,nan,nan,nan,nan,nan,nan,-3.7665744,19.237024,0.091234408,26.47279,15143.788,nan,23.45047
nan,nan,nan,nan,nan,nan,nan,nan,-3.7576232,19.26375,0.091476925,26.520222,15107.724,nan,23.491096
nan,nan,nan,nan,nan,nan,nan,nan,-3.7486482,19.331846,0.091718867,26.567533,15071.562,nan,23.531605
nan,nan,nan,nan,nan,nan,nan,nan,-3.7396495,19.369804,0.091960236,26.614723,15035.307,nan,23.571997
nan,nan,nan,nan,nan,nan,nan,nan,-3.7306271,19.400085,0.092201017,26.661791,14998.956,nan,23.61227
nan,nan,nan,nan,nan,nan,nan,nan,-3.7215812,19.461927,0.092441216,26.708733,14962.51,nan,23.652426
nan,nan,nan,nan,nan,nan,nan,nan,-3.7125118,19.586462,0.092680834,26.755552,14925.969,nan,23.692461
nan,nan,nan,nan,nan,nan,nan,nan,-3.703419,19.589163,0.092919864,26.802246,14889.334,nan,23.732378
nan,nan,nan,nan,nan,nan,nan,nan,-3.6943028,19.625273,0.093158305,26.848814,14852.604,nan,23.772173
nan,nan,nan,nan,nan,nan,nan,nan,-3.6851633,19.669485,0.093396164,26.895254,14815.781,nan,23.81185
nan,nan,nan,nan,nan,nan,nan,nan,-3.6760004,19.686687,0.093633428,26.941568,14778.864,nan,23.851404
nan,nan,nan,nan,nan,nan,nan,nan,-3.6668143,19.686544,0.093870103,26.987753,14741.854,nan,23.890839
nan,nan,nan,nan,nan,nan,nan,nan,-3.6576049,19.790751,0.094106182,27.03381,14704.749,nan,23.930151
nan,nan,nan,nan,nan,nan,nan,nan,-3.6483727,19.848755,0.094341673,27.079737,14667.552,nan,23.969339
nan,nan,nan,nan,nan,nan,nan,nan,-3.6391172,19.898512,0.09457656,27.125534,14630.262,nan,24.008406
nan,nan,nan,nan,nan,nan,nan,nan,-3.6298389,19.928366,0.094810858,27.171198,14592.879,nan,24.047348
nan,nan,nan,nan,nan,nan,nan,nan,-3.6205375,20.016506,0.095044553,27.216732,14555.404,nan,24.086168
nan,nan,nan,nan,nan,nan,nan,nan,-3.6112134,19.95097,0.095277645,27.262133,14517.837,nan,24.124863
nan,nan,nan,nan,nan,nan,nan,nan,-3.6018665,19.985231,0.09551014,27.3074,14480.178,nan,24.163433
nan,nan,nan,nan,nan,nan,nan,nan,-3.5924969,20.052048,0.095742024,27.352533,14442.428,nan,24.201878
nan,nan,nan,nan,nan,nan,nan,nan,-3.5831044,20.146587,0.095973313,27.397532,14404.585,nan,24.240196
nan,nan,nan,nan,nan,nan,nan,nan,-3.5736892,20.170755,0.09620399,27.442396,14366.651,nan,24.278389
nan,nan,nan,nan,nan,nan,nan,nan,-3.5642517,20.198761,0.096434057,27.487122,14328.628,nan,24.316456
nan,nan,nan,nan,nan,nan,nan,nan,-3.5547915,20.246954,0.09666352,27.531712,14290.513,nan,24.354395
nan,nan,nan,nan,nan,nan,nan,nan,-3.5453088,20.306948,0.096892372,27.576162,14252.308,nan,24.392208
nan,nan,nan,nan,nan,nan,nan,nan,-3.535804,20.409447,0.097120613,27.620476,14214.012,nan,24.429892
nan,nan,nan,nan,nan,nan,nan,nan,-3.5262766,20.434042,0.097348236,27.66465,14175.626,nan,24.467449
nan,nan,nan,nan,nan,nan,nan,nan,-3.516727,20.462616,0.097575247,27.708685,14137.15,nan,24.504875
nan,nan,nan,nan,nan,nan,nan,nan,-3.5071552,20.463327,0.097801641,27.752579,14098.586,nan,24.542175
nan,nan,nan,nan,nan,nan,nan,nan,-3.4975612,20.543365,0.098027416,27.796331,14059.932,nan,24.579344
nan,nan,nan,nan,nan,nan,nan,nan,-3.4879453,20.554596,0.098252572,27.839941,14021.188,nan,24.616383
nan,nan,nan,nan,nan,nan,nan,nan,-3.478307,20.566965,0.09847711,27.88341,13982.356,nan,24.653292
nan,nan,nan,nan,nan,nan,nan,nan,-3.468647,20.655817,0.098701023,27.926733,13943.436,nan,24.690071
nan,nan,nan,nan,nan,nan,nan,nan,-3.4589651,20.688799,0.098924316,27.969913,13904.427,nan,24.726719
nan,nan,nan,nan,nan,nan,nan,nan,-3.4492612,20.741684,0.099146985,28.012949,13865.33,nan,24.763235
nan,nan,nan,nan,nan,nan,nan,nan,-3.4395356,20.719933,0.099369027,28.05584,13826.146,nan,24.79962
nan,nan,nan,nan,nan,nan,nan,nan,-3.4297884,20.807364,0.099590436,28.098583,13786.874,nan,24.835873
nan,nan,nan,nan,nan,nan,nan,nan,-3.4200194,20.867357,0.099811219,28.141182,13747.515,nan,24.871992
nan,nan,nan,nan,nan,nan,nan,nan,-3.4102287,20.965734,0.10003138,28.183632,13708.068,nan,24.90798
nan,nan,nan,nan,nan,nan,nan,nan,-3.4004166,20.96019,0.10025089,28.225933,13668.535,nan,24.943834
nan,nan,nan,nan,nan,nan,nan,nan,-3.390583,21.020325,0.10046978,28.268087,13628.915,nan,24.979557
nan,nan,nan,nan,nan,nan,nan,nan,-3.380728,21.04364,0.10068803,28.310091,13589.209,nan,25.015144
nan,nan,nan,nan,nan,nan,nan,nan,-3.3708515,21.037811,0.10090565,28.351944,13549.417,nan,25.050598
nan,nan,nan,nan,nan,nan,nan,nan,-3.360954,21.118418,0.10112263,28.393648,13509.539,nan,25.085917
nan,nan,nan,nan,nan,nan,nan,nan,-3.3510351,21.188078,0.10133898,28.4352,13469.576,nan,25.121101
nan,nan,nan,nan,nan,nan,nan,nan,-3.341095,21.220491,0.10155468,28.476601,13429.527,nan,25.156151
nan,nan,nan,nan,nan,nan,nan,nan,-3.3311338,21.220776,0.10176974,28.517849,13389.394,nan,25.191067
nan,nan,nan,nan,nan,nan,nan,nan,-3.3211515,21.235418,0.10198415,28.558945,13349.175,nan,25.225845
nan,nan,nan,nan,nan,nan,nan,nan,-3.3111484,21.307779,0.10219792,28.599886,13308.872,nan,25.260489
nan,nan,nan,nan,nan,nan,nan,nan,-3.3011243,21.362087,0.10241105,28.640673,13268.485,nan,25.294996
nan,nan,nan,nan,nan,nan,nan,nan,-3.2910793,21.390236,0.10262353,28.681305,13228.014,nan,25.329367
nan,nan,nan,nan,nan,nan,nan,nan,-3.2810135,21.416534,0.10283536,28.721783,13187.459,nan,25.363602
nan,nan,nan,nan,nan,nan,nan,nan,-3.2709272,21.478661,0.10304654,28.762104,13146.82,nan,25.397699
nan,nan,nan,nan,nan,nan,nan,nan,-3.2608199,21.552301,0.10325708,28.802267,13106.099,nan,25.43166
nan,nan,nan,nan,nan,nan,nan,nan,-3.2506921,21.617697,0.10346696,28.842276,13065.294,nan,25.465485
nan,nan,nan,nan,nan,nan,nan,nan,-3.2405438,21.545477,0.10367619,28.882126,13024.406,nan,25.49917
nan,nan,nan,nan,nan,nan,nan,nan,-3.2303753,21.633051,0.10388476,28.921818,12983.437,nan,25.532719
nan,nan,nan,nan,nan,nan,nan,nan,-3.220186,21.673141,0.10409267,28.961351,12942.385,nan,25.566128
nan,nan,nan,nan,nan,nan,nan,nan,-3.2099767,21.802084,0.10429993,29.000725,12901.25,nan,25.5994
nan,nan,nan,nan,nan,nan,nan,nan,-3.1997468,21.729296,0.10450653,29.03994,12860.034,nan,25.632534
nan,nan,nan,nan,nan,nan,nan,nan,-3.189497,21.814735,0.10471246,29.078993,12818.737,nan,25.665529
nan,nan,nan,nan,nan,nan,nan,nan,-3.1792269,21.813599,0.10491774,29.117887,12777.358,nan,25.698385
nan,nan,nan,nan,nan,nan,nan,nan,-3.1689365,21.862787,0.10512236,29.15662,12735.899,nan,25.731102
nan,nan,nan,nan,nan,nan,nan,nan,-3.1586263,21.872028,0.10532631,29.19519,12694.359,nan,25.76368
nan,nan,nan,nan,nan,nan,nan,nan,-3.1482961,21.894205,0.10552959,29.233599,12652.739,nan,25.79612
nan,nan,nan,nan,nan,nan,nan,nan,-3.1379461,21.947802,0.10573221,29.271845,12611.039,nan,25.828419
nan,nan,nan,nan,nan,nan,nan,nan,-3.1275764,22.024996,0.10593417,29.309927,12569.259,nan,25.860577
nan,nan,nan,nan,nan,nan,nan,nan,-3.1171868,22.071341,0.10613544,29.347847,12527.398,nan,25.892597
nan,nan,nan,nan,nan,nan,nan,nan,-3.1067774,22.125221,0.10633606,29.385601,12485.46,nan,25.924477
nan,nan,nan,nan,nan,nan,nan,nan,-3.0963485,22.171566,0.10653599,29.423193,12443.441,nan,25.956217
nan,nan,nan,nan,nan,nan,nan,nan,-3.0858998,22.152517,0.10673526,29.460619,12401.344,nan,25.987816
nan,nan,nan,nan,nan,nan,nan,nan,-3.0754318,22.16844,0.10693385,29.497879,12359.169,nan,26.019274
nan,nan,nan,nan,nan,nan,nan,nan,-3.0649445,22.2027,0.10713177,29.534973,12316.915,nan,26.050592
nan,nan,nan,nan,nan,nan,nan,nan,-3.0544376,22.290274,0.10732901,29.571903,12274.583,nan,26.08177
nan,nan,nan,nan,nan,nan,nan,nan,-3.0439117,22.357374,0.10752557,29.608665,12232.173,nan,26.112806
nan,nan,nan,nan,nan,nan,nan,nan,-3.0333664,22.332781,0.10772146,29.64526,12189.687,nan,26.143702
nan,nan,nan,nan,nan,nan,nan,nan,-3.0228019,22.372444,0.10791666,29.681688,12147.122,nan,26.174458
nan,nan,nan,nan,nan,nan,nan,nan,-3.0122185,22.382111,0.10811118,29.717949,12104.48,nan,26.20507
nan,nan,nan,nan,nan,nan,nan,nan,-3.0016158,22.486601,0.10830502,29.754042,12061.763,nan,26.235542
nan,nan,nan,nan,nan,nan,nan,nan,-2.9909942,22.515177,0.10849817,29.789965,12018.969,nan,26.265873
nan,nan,nan,nan,nan,nan,nan,nan,-2.9803538,22.555267,0.10869064,29.82572,11976.098,nan,26.296062
nan,nan,nan,nan,nan,nan,nan,nan,-2.9696946,22.522995,0.10888243,29.861307,11933.152,nan,26.326111
nan,nan,nan,nan,nan,nan,nan,nan,-2.9590166,22.670561,0.10907352,29.896723,11890.13,nan,26.356018
nan,nan,nan,nan,nan,nan,nan,nan,-2.9483199,22.661463,0.10926393,29.931971,11847.033,nan,26.385782
nan,nan,nan,nan,nan,nan,nan,nan,-2.9376047,22.67639,0.10945364,29.967049,11803.861,nan,26.415405
nan,nan,nan,nan,nan,nan,nan,nan,-2.9268706,22.714064,0.10964266,30.001955,11760.614,nan,26.444887
nan,nan,nan,nan,nan,nan,nan,nan,-2.9161184,22.741074,0.109831,30.036692,11717.293,nan,26.474226
nan,nan,nan,nan,nan,nan,nan,nan,-2.9053476,22.766806,0.11001863,30.071257,11673.897,nan,26.503424
nan,nan,nan,nan,nan,nan,nan,nan,-2.8945584,22.817133,0.11020558,30.10565,11630.428,nan,26.53248
nan,nan,nan,nan,nan,nan,nan,nan,-2.8837509,22.84585,0.11039183,30.139872,11586.885,nan,26.561394
nan,nan,nan,nan,nan,nan,nan,nan,-2.8729253,22.855658,0.11057737,30.173923,11543.268,nan,26.590164
nan,nan,nan,nan,nan,nan,nan,nan,-2.8620815,22.851677,0.11076222,30.207802,11499.578,nan,26.618793
nan,nan,nan,nan,nan,nan,nan,nan,-2.8512197,22.983463,0.11094638,30.241508,11455.815,nan,26.647282
nan,nan,nan,nan,nan,nan,nan,nan,-2.8403399,22.929585,0.11112983,30.275043,11411.98,nan,26.675627
nan,nan,nan,nan,nan,nan,nan,nan,-2.829442,22.978914,0.11131258,30.308405,11368.073,nan,26.703831
nan,nan,nan,nan,nan,nan,nan,nan,-2.8185263,22.987871,0.11149462,30.341593,11324.094,nan,26.731892
nan,nan,nan,nan,nan,nan,nan,nan,-2.8075929,23.055967,0.11167596,30.374607,11280.043,nan,26.759809
nan,nan,nan,nan,nan,nan,nan,nan,-2.7966416,23.048717,0.1118566,30.40745,11235.92,nan,26.787586
nan,nan,nan,nan,nan,nan,nan,nan,-2.7856727,23.139702,0.11203653,30.440119,11191.727,nan,26.815222
nan,nan,nan,nan,nan,nan,nan,nan,-2.7746863,23.125343,0.11221575,30.472612,11147.462,nan,26.842712
nan,nan,nan,nan,nan,nan,nan,nan,-2.7636821,23.189602,0.11239427,30.504932,11103.126,nan,26.870064
nan,nan,nan,nan,nan,nan,nan,nan,-2.7526608,23.213058,0.11257207,30.537079,11058.721,nan,26.89727
nan,nan,nan,nan,nan,nan,nan,nan,-2.741622,23.225,0.11274916,30.569052,11014.245,nan,26.924337
nan,nan,nan,nan,nan,nan,nan,nan,-2.7305658,23.252153,0.11292554,30.600849,10969.699,nan,26.95126
nan,nan,nan,nan,nan,nan,nan,nan,-2.7194924,23.340721,0.11310121,30.632473,10925.085,nan,26.978041
nan,nan,nan,nan,nan,nan,nan,nan,-2.7084017,23.34655,0.11327616,30.663921,10880.4,nan,27.004681
nan,nan,nan,nan,nan,nan,nan,nan,-2.697294,23.384649,0.11345039,30.695194,10835.647,nan,27.031178
nan,nan,nan,nan,nan,nan,nan,nan,-2.6861694,23.448339,0.11362392,30.726292,10790.826,nan,27.057531
nan,nan,nan,nan,nan,nan,nan,nan,-2.6750276,23.43071,0.11379672,30.757215,10745.936,nan,27.083744
nan,nan,nan,nan,nan,nan,nan,nan,-2.6638689,23.498949,0.1139688,30.787964,10700.978,nan,27.109816
nan,nan,nan,nan,nan,nan,nan,nan,-2.6526935,23.496105,0.11414017,30.818535,10655.952,nan,27.135744
nan,nan,nan,nan,nan,nan,nan,nan,-2.6415014,23.509754,0.11431081,30.848932,10610.858,nan,27.161531
nan,nan,nan,nan,nan,nan,nan,nan,-2.6302924,23.605999,0.11448073,30.879154,10565.698,nan,27.187176
nan,nan,nan,nan,nan,nan,nan,nan,-2.619067,23.579271,0.11464993,30.909201,10520.471,nan,27.212679
nan,nan,nan,nan,nan,nan,nan,nan,-2.607825,23.657036,0.1148184,30.93907,10475.176,nan,27.238039
nan,nan,nan,nan,nan,nan,nan,nan,-2.5965664,23.678787,0.11498615,30.968763,10429.815,nan,27.263258
nan,nan,nan,nan,nan,nan,nan,nan,-2.5852916,23.691866,0.11515317,30.998281,10384.389,nan,27.288336
nan,nan,nan,nan,nan,nan,nan,nan,-2.5740004,23.747025,0.11531947,31.027624,10338.896,nan,27.313271
nan,nan,nan,nan,nan,nan,nan,nan,-2.5626929,23.787683,0.11548503,31.056791,10293.338,nan,27.338064
nan,nan,nan,nan,nan,nan,nan,nan,-2.5513692,23.814552,0.11564987,31.085781,10247.715,nan,27.362717
nan,nan,nan,nan,nan,nan,nan,nan,-2.5400293,23.833319,0.11581397,31.114595,10202.027,nan,27.387226
nan,nan,nan,nan,nan,nan,nan,nan,-2.5286736,23.890184,0.11597735,31.143232,10156.274,nan,27.411594
nan,nan,nan,nan,nan,nan,nan,nan,-2.5173018,23.935534,0.11613999,31.171694,10110.457,nan,27.435822
nan,nan,nan,nan,nan,nan,nan,nan,-2.505914,23.910797,0.1163019,31.19998,10064.576,nan,27.459908
nan,nan,nan,nan,nan,nan,nan,nan,-2.4945104,23.915489,0.11646307,31.228088,10018.631,nan,27.483852
nan,nan,nan,nan,nan,nan,nan,nan,-2.4830911,24.008179,0.11662351,31.256021,9972.6221,nan,27.507654
nan,nan,nan,nan,nan,nan,nan,nan,-2.4716561,24.02524,0.11678322,31.283777,9926.5508,nan,27.531317
nan,nan,nan,nan,nan,nan,nan,nan,-2.4602056,24.028082,0.11694217,31.311357,9880.416,nan,27.554836
nan,nan,nan,nan,nan,nan,nan,nan,-2.4487395,24.031637,0.1171004,31.338762,9834.2188,nan,27.578215
nan,nan,nan,nan,nan,nan,nan,nan,-2.4372578,24.032347,0.11725789,31.36599,9787.96,nan,27.601454
nan,nan,nan,nan,nan,nan,nan,nan,-2.425761,24.069452,0.11741464,31.393042,9741.6377,nan,27.62455
nan,nan,nan,nan,nan,nan,nan,nan,-2.4142485,24.108404,0.11757064,31.419916,9695.2549,nan,27.647505
nan,nan,nan,nan,nan,nan,nan,nan,-2.4027209,24.103998,0.1177259,31.446615,9648.8105,nan,27.670319
nan,nan,nan,nan,nan,nan,nan,nan,-2.3911781,24.157024,0.11788042,31.473137,9602.3047,nan,27.692993
nan,nan,nan,nan,nan,nan,nan,nan,-2.3796203,24.167971,0.11803419,31.499483,9555.7373,nan,27.715525
nan,nan,nan,nan,nan,nan,nan,nan,-2.3680475,24.233652,0.11818722,31.525654,9509.1104,nan,27.737917
nan,nan,nan,nan,nan,nan,nan,nan,-2.3564596,24.246019,0.11833949,31.551647,9462.4229,nan,27.760168
nan,nan,nan,nan,nan,nan,nan,nan,-2.344857,24.275589,0.11849103,31.577465,9415.6758,nan,27.782278
nan,nan,nan,nan,nan,nan,nan,nan,-2.3332393,24.316248,0.11864182,31.603107,9368.8682,nan,27.804247
nan,nan,nan,nan,nan,nan,nan,nan,-2.3216071,24.29862,0.11879185,31.628572,9322.002,nan,27.826075
nan,nan,nan,nan,nan,nan,nan,nan,-2.3099601,24.312551,0.11894114,31.653864,9275.0762,nan,27.847763
nan,nan,nan,nan,nan,nan,nan,nan,-2.2982986,24.380507,0.11908967,31.678976,9228.0918,nan,27.869308
nan,nan,nan,nan,nan,nan,nan,nan,-2.2866228,24.393728,0.11923745,31.703915,9181.0488,nan,27.890715
nan,nan,nan,nan,nan,nan,nan,nan,-2.2749321,24.438509,0.11938448,31.728678,9133.9482,nan,27.911982
nan,nan,nan,nan,nan,nan,nan,nan,-2.2632272,24.466799,0.11953075,31.753263,9086.7891,nan,27.933105
nan,nan,nan,nan,nan,nan,nan,nan,-2.2515082,24.433817,0.11967627,31.777674,9039.5723,nan,27.95409
nan,nan,nan,nan,nan,nan,nan,nan,-2.2397747,24.534185,0.11982103,31.801908,8992.2988,nan,27.974936
nan,nan,nan,nan,nan,nan,nan,nan,-2.2280273,24.511154,0.11996504,31.82597,8944.9678,nan,27.99564
nan,nan,nan,nan,nan,nan,nan,nan,-2.2162657,24.624458,0.12010829,31.849854,8897.5801,nan,28.016203
nan,nan,nan,nan,nan,nan,nan,nan,-2.2044902,24.586786,0.12025078,31.873562,8850.1357,nan,28.036625
nan,nan,nan,nan,nan,nan,nan,nan,-2.1927006,24.671658,0.12039251,31.897095,8802.6357,nan,28.056908
nan,nan,nan,nan,nan,nan,nan,nan,-2.1808972,24.617493,0.12053348,31.920452,8755.0801,nan,28.077049
nan,nan,nan,nan,nan,nan,nan,nan,-2.16908,24.767618,0.12067369,31.943636,8707.4688,nan,28.097052
nan,nan,nan,nan,nan,nan,nan,nan,-2.1572492,24.69739,0.12081314,31.966642,8659.8018,nan,28.116913
nan,nan,nan,nan,nan,nan,nan,nan,-2.1454048,24.76321,0.12095182,31.989475,8612.0811,nan,28.136633
nan,nan,nan,nan,nan,nan,nan,nan,-2.1335466,24.847372,0.12108974,32.012131,8564.3047,nan,28.156214
nan,nan,nan,nan,nan,nan,nan,nan,-2.1216753,24.790934,0.12122689,32.034615,8516.4746,nan,28.175655
nan,nan,nan,nan,nan,nan,nan,nan,-2.1097903,24.78553,0.12136328,32.056923,8468.5898,nan,28.194954
nan,nan,nan,nan,nan,nan,nan,nan,-2.097892,24.838415,0.12149891,32.079056,8420.6514,nan,28.214113
nan,nan,nan,nan,nan,nan,nan,nan,-2.0859807,24.823347,0.12163376,32.101013,8372.6602,nan,28.233133
nan,nan,nan,nan,nan,nan,nan,nan,-2.0740559,24.858887,0.12176785,32.122799,8324.6162,nan,28.252012
nan,nan,nan,nan,nan,nan,nan,nan,-2.0621181,24.94845,0.12190116,32.144405,8276.5186,nan,28.27075
nan,nan,nan,nan,nan,nan,nan,nan,-2.0501673,24.988968,0.12203372,32.16584,8228.3682,nan,28.289349
nan,nan,nan,nan,nan,nan,nan,nan,-2.0382037,24.92613,0.12216549,32.187103,8180.1665,nan,28.307806
nan,nan,nan,nan,nan,nan,nan,nan,-2.026227,24.91618,0.1222965,32.208187,8131.9126,nan,28.326122
nan,nan,nan,nan,nan,nan,nan,nan,-2.0142376,24.994795,0.12242673,32.229099,8083.6074,nan,28.344297
nan,nan,nan,nan,nan,nan,nan,nan,-2.0022354,24.965509,0.12255619,32.249836,8035.2505,nan,28.362333
nan,nan,nan,nan,nan,nan,nan,nan,-1.9902208,25.023939,0.12268487,32.270401,7986.8433,nan,28.380228
nan,nan,nan,nan,nan,nan,nan,nan,-1.9781934,25.043131,0.12281278,32.290791,7938.3848,nan,28.397984
nan,nan,nan,nan,nan,nan,nan,nan,-1.9661535,25.114498,0.12293991,32.311005,7889.876,nan,28.415596
nan,nan,nan,nan,nan,nan,nan,nan,-1.9541013,25.066162,0.12306628,32.331047,7841.3174,nan,28.433069
nan,nan,nan,nan,nan,nan,nan,nan,-1.9420367,25.089762,0.12319186,32.350914,7792.709,nan,28.450399
nan,nan,nan,nan,nan,nan,nan,nan,-1.9299598,25.108242,0.12331665,32.370609,7744.0513,nan,28.46759
nan,nan,nan,nan,nan,nan,nan,nan,-1.9178708,25.087486,0.12344068,32.390129,7695.3442,nan,28.48464
nan,nan,nan,nan,nan,nan,nan,nan,-1.9057696,25.200365,0.12356392,32.409477,7646.5884,nan,28.501549
nan,nan,nan,nan,nan,nan,nan,nan,-1.8936564,25.128145,0.12368639,32.42865,7597.7842,nan,28.518316
nan,nan,nan,nan,nan,nan,nan,nan,-1.8815312,25.223253,0.12380807,32.447647,7548.9321,nan,28.534941
nan,nan,nan,nan,nan,nan,nan,nan,-1.8693942,25.210316,0.12392897,32.466473,7500.0317,nan,28.551426
nan,nan,nan,nan,nan,nan,nan,nan,-1.8572453,25.166388,0.12404909,32.485126,7451.0835,nan,28.567768
nan,nan,nan,nan,nan,nan,nan,nan,-1.8450847,25.221405,0.12416842,32.503605,7402.0884,nan,28.583969
nan,nan,nan,nan,nan,nan,nan,nan,-1.8329124,25.314665,0.12428697,32.521912,7353.0464,nan,28.600027
nan,nan,nan,nan,nan,nan,nan,nan,-1.8207285,25.29661,0.12440474,32.540043,7303.9575,nan,28.615944
nan,nan,nan,nan,nan,nan,nan,nan,-1.8085332,25.374941,0.12452171,32.558002,7254.8228,nan,28.63172
nan,nan,nan,nan,nan,nan,nan,nan,-1.7963265,25.424841,0.1246379,32.57579,7205.6416,nan,28.647352
nan,nan,nan,nan,nan,nan,nan,nan,-1.7841084,25.362431,0.12475331,32.593403,7156.4146,nan,28.662842
nan,nan,nan,nan,nan,nan,nan,nan,-1.7718791,25.310968,0.12486792,32.61084,7107.1421,nan,28.678188
nan,nan,nan,nan,nan,nan,nan,nan,-1.7596384,25.421997,0.12498175,32.628105,7057.8252,nan,28.693394
nan,nan,nan,nan,nan,nan,nan,nan,-1.7473868,25.430527,0.12509479,32.645199,7008.4629,nan,28.708456
nan,nan,nan,nan,nan,nan,nan,nan,-1.7351241,25.453131,0.12520704,32.662117,6959.0562,nan,28.723373
nan,nan,nan,nan,nan,nan,nan,nan,-1.7228504,25.459244,0.1253185,32.678864,6909.6055,nan,28.73815
nan,nan,nan,nan,nan,nan,nan,nan,-1.7105658,25.441475,0.12542917,32.695438,6860.1108,nan,28.752781
nan,nan,nan,nan,nan,nan,nan,nan,-1.6982704,25.406645,0.12553903,32.711838,6810.5728,nan,28.767269
nan,nan,nan,nan,nan,nan,nan,nan,-1.6859643,25.514261,0.12564813,32.728062,6760.9912,nan,28.781614
nan,nan,nan,nan,nan,nan,nan,nan,-1.6736476,25.531036,0.12575641,32.744114,6711.3672,nan,28.795813
nan,nan,nan,nan,nan,nan,nan,nan,-1.6613203,25.579657,0.12586389,32.759995,6661.7002,nan,28.80987
nan,nan,nan,nan,nan,nan,nan,nan,-1.6489825,25.516962,0.1259706,32.7757,6611.9912,nan,28.82378
nan,nan,nan,nan,nan,nan,nan,nan,-1.6366343,25.606525,0.1260765,32.791233,6562.2402,nan,28.837545
nan,nan,nan,nan,nan,nan,nan,nan,-1.6242757,25.575392,0.1261816,32.806591,6512.4473,nan,28.851168
nan,nan,nan,nan,nan,nan,nan,nan,-1.6119069,25.580084,0.12628591,32.821777,6462.6133,nan,28.864643
nan,nan,nan,nan,nan,nan,nan,nan,-1.599528,25.57724,0.12638943,32.836788,6412.7383,nan,28.877972
nan,nan,nan,nan,nan,nan,nan,nan,-1.5871388,25.690687,0.12649214,32.851627,6362.8223,nan,28.891157
nan,nan,nan,nan,nan,nan,nan,nan,-1.5747397,25.624439,0.12659405,32.866291,6312.8662,nan,28.904194
nan,nan,nan,nan,nan,nan,nan,nan,-1.5623306,25.698221,0.12669517,32.880783,6262.8701,nan,28.917086
nan,nan,nan,nan,nan,nan,nan,nan,-1.5499116,25.670643,0.12679549,32.895096,6212.834,nan,28.929831
nan,nan,nan,nan,nan,nan,nan,nan,-1.537483,25.685711,0.126895,32.909241,6162.7583,nan,28.942427
nan,nan,nan,nan,nan,nan,nan,nan,-1.5250444,25.709026,0.1269937,32.923206,6112.6436,nan,28.954878
nan,nan,nan,nan,nan,nan,nan,nan,-1.5125964,25.671921,0.12709162,32.937,6062.4902,nan,28.96718
nan,nan,nan,nan,nan,nan,nan,nan,-1.5001388,25.688412,0.12718873,32.950619,6012.2983,nan,28.979334
nan,nan,nan,nan,nan,nan,nan,nan,-1.4876716,25.765039,0.12728503,32.964066,5962.0684,nan,28.991339
nan,nan,nan,nan,nan,nan,nan,nan,-1.4751952,25.68898,0.12738052,32.977333,5911.8003,nan,29.003197
nan,nan,nan,nan,nan,nan,nan,nan,-1.4627093,25.666519,0.12747522,32.990429,5861.4951,nan,29.014904
nan,nan,nan,nan,nan,nan,nan,nan,-1.4502143,25.775274,0.12756911,33.003349,5811.1523,nan,29.026463
nan,nan,nan,nan,nan,nan,nan,nan,-1.43771,25.769873,0.1276622,33.01609,5760.7725,nan,29.03787
nan,nan,nan,nan,nan,nan,nan,nan,-1.4251968,25.767313,0.12775446,33.02866,5710.3564,nan,29.049128
nan,nan,nan,nan,nan,nan,nan,nan,-1.4126744,25.82688,0.12784594,33.041054,5659.9038,nan,29.060236
nan,nan,nan,nan,nan,nan,nan,nan,-1.4001433,25.842661,0.1279366,33.053272,5609.4155,nan,29.071192
nan,nan,nan,nan,nan,nan,nan,nan,-1.3876032,25.898388,0.12802646,33.065311,5558.8916,nan,29.081997
nan,nan,nan,nan,nan,nan,nan,nan,-1.3750542,25.864126,0.1281155,33.077179,5508.332,nan,29.092649
nan,nan,nan,nan,nan,nan,nan,nan,-1.3624967,25.855597,0.12820375,33.088867,5457.7378,nan,29.103149
nan,nan,nan,nan,nan,nan,nan,nan,-1.3499306,25.959803,0.12829117,33.100376,5407.1084,nan,29.113499
nan,nan,nan,nan,nan,nan,nan,nan,-1.337356,25.882608,0.12837778,33.111713,5356.4453,nan,29.123693
nan,nan,nan,nan,nan,nan,nan,nan,-1.3247728,25.865406,0.1284636,33.122871,5305.7476,nan,29.133734
nan,nan,nan,nan,nan,nan,nan,nan,-1.3121814,25.89185,0.12854859,33.13385,5255.0166,nan,29.14362
nan,nan,nan,nan,nan,nan,nan,nan,-1.2995816,25.946724,0.12863277,33.144653,5204.252,nan,29.153353
nan,nan,nan,nan,nan,nan,nan,nan,-1.2869737,25.972597,0.12871614,33.155277,5153.4546,nan,29.16293
nan,nan,nan,nan,nan,nan,nan,nan,-1.2743576,26.05221,0.12879869,33.165722,5102.624,nan,29.172352
nan,nan,nan,nan,nan,nan,nan,nan,-1.2617334,25.883318,0.12888044,33.175987,5051.7612,nan,29.181616
nan,nan,nan,nan,nan,nan,nan,nan,-1.2491013,25.975014,0.12896137,33.186077,5000.8662,nan,29.190725
nan,nan,nan,nan,nan,nan,nan,nan,-1.2364613,25.986814,0.12904148,33.195988,4949.9395,nan,29.199677
nan,nan,nan,nan,nan,nan,nan,nan,-1.2238134,26.025198,0.12912078,33.205715,4898.9814,nan,29.208471
nan,nan,nan,nan,nan,nan,nan,nan,-1.2111579,26.009275,0.12919927,33.215263,4847.9922,nan,29.217108
nan,nan,nan,nan,nan,nan,nan,nan,-1.1984947,26.080927,0.12927693,33.224632,4796.9717,nan,29.225584
nan,nan,nan,nan,nan,nan,nan,nan,-1.1858239,26.015532,0.12935379,33.233822,4745.9214,nan,29.233902
nan,nan,nan,nan,nan,nan,nan,nan,-1.1731457,26.00629,0.12942982,33.242828,4694.8403,nan,29.242062
nan,nan,nan,nan,nan,nan,nan,nan,-1.16046,25.9517,0.12950504,33.251656,4643.7295,nan,29.250059
nan,nan,nan,nan,nan,nan,nan,nan,-1.1477671,26.08704,0.12957944,33.2603,4592.5894,nan,29.257896
nan,nan,nan,nan,nan,nan,nan,nan,-1.1350667,26.044674,0.12965302,33.268761,4541.4199,nan,29.265572
nan,nan,nan,nan,nan,nan,nan,nan,-1.1223594,26.071117,0.12972578,33.277039,4490.2217,nan,29.273085
nan,nan,nan,nan,nan,nan,nan,nan,-1.1096449,26.089314,0.12979773,33.285133,4438.9951,nan,29.280436
nan,nan,nan,nan,nan,nan,nan,nan,-1.0969234,26.048939,0.12986885,33.293045,4387.7397,nan,29.287622
nan,nan,nan,nan,nan,nan,nan,nan,-1.0841949,26.068417,0.12993914,33.300774,4336.4565,nan,29.294645
nan,nan,nan,nan,nan,nan,nan,nan,-1.0714595,26.119879,0.13000862,33.308319,4285.146,nan,29.301504
nan,nan,nan,nan,nan,nan,nan,nan,-1.0587175,26.080215,0.13007729,33.315678,4233.8081,nan,29.308197
nan,nan,nan,nan,nan,nan,nan,nan,-1.0459688,26.134521,0.13014513,33.322849,4182.4434,nan,29.314726
nan,nan,nan,nan,nan,nan,nan,nan,-1.0332134,26.100119,0.13021214,33.329838,4131.0518,nan,29.321087
nan,nan,nan,nan,nan,nan,nan,nan,-1.0204515,26.191387,0.13027833,33.336639,4079.6343,nan,29.32728
nan,nan,nan,nan,nan,nan,nan,nan,-1.0076832,26.135944,0.13034371,33.34325,4028.1904,nan,29.333307
nan,nan,nan,nan,nan,nan,nan,nan,-0.99490845,26.10083,0.13040826,33.349678,3976.7212,nan,29.339165
nan,nan,nan,nan,nan,nan,nan,nan,-0.98212749,26.10154,0.13047197,33.355915,3925.2263,nan,29.344852
nan,nan,nan,nan,nan,nan,nan,nan,-0.96934032,26.178308,0.13053487,33.361965,3873.7068,nan,29.350372
nan,nan,nan,nan,nan,nan,nan,nan,-0.95654702,26.150587,0.13059695,33.367825,3822.1624,nan,29.355721
nan,nan,nan,nan,nan,nan,nan,nan,-0.94374764,26.132957,0.13065821,33.373497,3770.5938,nan,29.360897
nan,nan,nan,nan,nan,nan,nan,nan,-0.93094236,26.161674,0.13071863,33.378979,3719.001,nan,29.365902
nan,nan,nan,nan,nan,nan,nan,nan,-0.91813117,26.155989,0.13077822,33.384266,3667.3845,nan,29.370735
nan,nan,nan,nan,nan,nan,nan,nan,-0.90531415,26.132389,0.13083701,33.389366,3615.7449,nan,29.375393
nan,nan,nan,nan,nan,nan,nan,nan,-0.89249146,26.17646,0.13089494,33.394272,3564.082,nan,29.379879
nan,nan,nan,nan,nan,nan,nan,nan,-0.87966311,26.213139,0.13095208,33.398987,3512.3965,nan,29.38419
nan,nan,nan,nan,nan,nan,nan,nan,-0.86682922,26.226217,0.13100836,33.403503,3460.6885,nan,29.388323
nan,nan,nan,nan,nan,nan,nan,nan,-0.85398984,26.192524,0.13106383,33.407833,3408.9587,nan,29.392281
nan,nan,nan,nan,nan,nan,nan,nan,-0.84114504,26.154852,0.13111846,33.411964,3357.207,nan,29.396063
nan,nan,nan,nan,nan,nan,nan,nan,-0.82829499,26.027899,0.13117227,33.415897,3305.4338,nan,29.399666
nan,nan,nan,nan,nan,nan,nan,nan,-0.81543964,26.253798,0.13122526,33.41964,3253.6396,nan,29.40309
nan,nan,nan,nan,nan,nan,nan,nan,-0.80257916,26.174044,0.13127741,33.423183,3201.8247,nan,29.406336
nan,nan,nan,nan,nan,nan,nan,nan,-0.78971362,26.161674,0.13132873,33.426529,3149.9893,nan,29.409401
nan,nan,nan,nan,nan,nan,nan,nan,-0.77684313,26.186411,0.13137923,33.429676,3098.1338,nan,29.412285
nan,nan,nan,nan,nan,nan,nan,nan,-0.76396769,26.191956,0.13142888,33.432625,3046.2585,nan,29.414986
nan,nan,nan,nan,nan,nan,nan,nan,-0.75108743,26.209869,0.13147773,33.435375,2994.364,nan,29.417505
nan,nan,nan,nan,nan,nan,nan,nan,-0.73820245,26.225222,0.13152573,33.437923,2942.4502,nan,29.419842
nan,nan,nan,nan,nan,nan,nan,nan,-0.72531277,26.179588,0.1315729,33.440273,2890.5176,nan,29.421995
nan,nan,nan,nan,nan,nan,nan,nan,-0.7124185,26.255219,0.13161924,33.442417,2838.5664,nan,29.423962
nan,nan,nan,nan,nan,nan,nan,nan,-0.69951975,26.170063,0.13166475,33.444363,2786.5974,nan,29.425743
nan,nan,nan,nan,nan,nan,nan,nan,-0.6866166,26.236027,0.13170943,33.446102,2734.6104,nan,29.427338
nan,nan,nan,nan,nan,nan,nan,nan,-0.67370909,26.228493,0.13175327,33.447639,2682.606,nan,29.428745
nan,nan,nan,nan,nan,nan,nan,nan,-0.66079736,26.246973,0.13179629,33.448971,2630.5842,nan,29.429964
nan,nan,nan,nan,nan,nan,nan,nan,-0.64788139,26.213566,0.13183847,33.450096,2578.5459,nan,29.430994
nan,nan,nan,nan,nan,nan,nan,nan,-0.63496137,26.209726,0.13187982,33.451015,2526.491,nan,29.431833
nan,nan,nan,nan,nan,nan,nan,nan,-0.62203735,26.282372,0.13192034,33.451729,2474.4199,nan,29.432482
nan,nan,nan,nan,nan,nan,nan,nan,-0.60910934,26.254366,0.13196002,33.452232,2422.333,nan,29.43294
nan,nan,nan,nan,nan,nan,nan,nan,-0.59617758,26.207453,0.13199887,33.452526,2370.2307,nan,29.433205
nan,nan,nan,nan,nan,nan,nan,nan,-0.583242,26.194658,0.13203688,33.45261,2318.113,nan,29.433275
nan,nan,nan,nan,nan,nan,nan,nan,-0.57030272,26.265171,0.13207406,33.452488,2265.9807,nan,29.433153
nan,nan,nan,nan,nan,nan,nan,nan,-0.55735987,26.284363,0.1321104,33.452148,2213.8337,nan,29.432835
nan,nan,nan,nan,nan,nan,nan,nan,-0.54441345,26.271568,0.13214591,33.451599,2161.6726,nan,29.43232
nan,nan,nan,nan,nan,nan,nan,nan,-0.53146362,26.182146,0.1321806,33.450836,2109.4978,nan,29.43161
nan,nan,nan,nan,nan,nan,nan,nan,-0.51851046,26.164946,0.13221444,33.44986,2057.3093,nan,29.4307
nan,nan,nan,nan,nan,nan,nan,nan,-0.50555402,26.205889,0.13224745,33.448666,2005.1075,nan,29.429594
nan,nan,nan,nan,nan,nan,nan,nan,-0.49259436,26.279955,0.13227962,33.447258,1952.8931,nan,29.428286
nan,nan,nan,nan,nan,nan,nan,nan,-0.47963157,26.155136,0.13231096,33.445633,1900.6659,nan,29.426779
nan,nan,nan,nan,nan,nan,nan,nan,-0.4666658,26.238443,0.13234146,33.44379,1848.4266,nan,29.42507
nan,nan,nan,nan,nan,nan,nan,nan,-0.45369706,26.197075,0.13237113,33.441727,1796.1755,nan,29.423161
nan,nan,nan,nan,nan,nan,nan,nan,-0.44072545,26.199492,0.13239995,33.439445,1743.9127,nan,29.421045
nan,nan,nan,nan,nan,nan,nan,nan,-0.42775106,26.149734,0.13242795,33.436943,1691.6388,nan,29.418728
nan,nan,nan,nan,nan,nan,nan,nan,-0.41477397,26.179873,0.1324551,33.434219,1639.354,nan,29.416206
nan,nan,nan,nan,nan,nan,nan,nan,-0.40179425,26.220531,0.13248143,33.431274,1587.0586,nan,29.413477
nan,nan,nan,nan,nan,nan,nan,nan,-0.38881201,26.213139,0.13250691,33.428104,1534.7531,nan,29.410542
nan,nan,nan,nan,nan,nan,nan,nan,-0.37582731,26.156841,0.13253155,33.424709,1482.4375,nan,29.4074
nan,nan,nan,nan,nan,nan,nan,nan,-0.36284021,26.18627,0.13255535,33.421089,1430.1124,nan,29.404049
nan,nan,nan,nan,nan,nan,nan,nan,-0.34985083,26.171768,0.13257833,33.417244,1377.7782,nan,29.400488
nan,nan,nan,nan,nan,nan,nan,nan,-0.33685926,26.149591,0.13260046,33.41317,1325.4349,nan,29.396717
nan,nan,nan,nan,nan,nan,nan,nan,-0.32386556,26.222095,0.13262177,33.408871,1273.0833,nan,29.392736
nan,nan,nan,nan,nan,nan,nan,nan,-0.31086981,26.125566,0.13264222,33.404339,1220.7233,nan,29.388542
nan,nan,nan,nan,nan,nan,nan,nan,-0.2978721,26.16395,0.13266183,33.399578,1168.3553,nan,29.384136
nan,nan,nan,nan,nan,nan,nan,nan,-0.28487247,26.241713,0.13268062,33.394585,1115.9797,nan,29.379515
nan,nan,nan,nan,nan,nan,nan,nan,-0.27187109,26.127131,0.13269857,33.389359,1063.597,nan,29.37468
nan,nan,nan,nan,nan,nan,nan,nan,-0.25886795,26.166367,0.13271567,33.3839,1011.2073,nan,29.369629
nan,nan,nan,nan,nan,nan,nan,nan,-0.24586321,26.153145,0.13273194,33.378208,958.8111,nan,29.364361
nan,nan,nan,nan,nan,nan,nan,nan,-0.2328569,26.108932,0.13274737,33.37228,906.40857,nan,29.358877
nan,nan,nan,nan,nan,nan,nan,nan,-0.21984912,26.163382,0.13276197,33.366116,854.00012,nan,29.353174
nan,nan,nan,nan,nan,nan,nan,nan,-0.20683996,26.064009,0.13277572,33.359715,801.58606,nan,29.34725
nan,nan,nan,nan,nan,nan,nan,nan,-0.19382949,26.096706,0.13278863,33.353073,749.16675,nan,29.341108
nan,nan,nan,nan,nan,nan,nan,nan,-0.1808178,26.11334,0.13280071,33.346195,696.74255,nan,29.334745
nan,nan,nan,nan,nan,nan,nan,nan,-0.16780496,26.138645,0.13281195,33.339073,644.31366,nan,29.328159
nan,nan,nan,nan,nan,nan,nan,nan,-0.15479106,26.071686,0.13282235,33.331711,591.88055,nan,29.32135
nan,nan,nan,nan,nan,nan,nan,nan,-0.14177617,26.089172,0.1328319,33.324108,539.44354,nan,29.31432
nan,nan,nan,nan,nan,nan,nan,nan,-0.12876041,26.141489,0.13284062,33.316261,487.00284,nan,29.307062
nan,nan,nan,nan,nan,nan,nan,nan,-0.11574382,26.035007,0.1328485,33.308167,434.5589,nan,29.299582
nan,nan,nan,nan,nan,nan,nan,nan,-0.1027265,26.060881,0.13285555,33.299828,382.11203,nan,29.291872
nan,nan,nan,nan,nan,nan,nan,nan,-0.089708537,26.086613,0.13286175,33.291245,329.66254,nan,29.283937
nan,nan,nan,nan,nan,nan,nan,nan,-0.076690011,26.040836,0.13286711,33.282413,277.21075,nan,29.275774
nan,nan,nan,nan,nan,nan,nan,nan,-0.063670993,26.023066,0.13287163,33.273331,224.757,nan,29.267382
nan,nan,nan,nan,nan,nan,nan,nan,-0.050651573,26.015673,0.13287532,33.264,172.30165,nan,29.258759
nan,nan,nan,nan,nan,nan,nan,nan,-0.037631832,26.032022,0.13287817,33.254417,119.84501,nan,29.249907
nan,nan,nan,nan,nan,nan,nan,nan,-0.024611855,26.014252,0.13288017,33.244583,67.387405,nan,29.240822
nan,nan,nan,nan,nan,nan,nan,nan,-0.011591721,25.921135,0.13288134,33.234497,14.929175,nan,29.231506
nan,nan,nan,nan,nan,nan,nan,nan,0.0014284845,25.935778,0.13288167,33.224155,-37.52935,nan,29.221956
nan,nan,nan,nan,nan,nan,nan,nan,0.014448682,25.93862,0.13288115,33.213562,-89.987839,nan,29.212173
nan,nan,nan,nan,nan,nan,nan,nan,0.027468788,25.94644,0.13287981,33.202709,-142.44597,nan,29.202154
nan,nan,nan,nan,nan,nan,nan,nan,0.04048872,25.998188,0.13287762,33.191601,-194.90338,nan,29.1919
nan,nan,nan,nan,nan,nan,nan,nan,0.053508397,25.954401,0.13287458,33.180233,-247.35979,nan,29.18141
nan,nan,nan,nan,nan,nan,nan,nan,0.066527739,25.882608,0.13287072,33.168606,-299.81482,nan,29.170683
nan,nan,nan,nan,nan,nan,nan,nan,0.079546653,25.827732,0.13286601,33.156719,-352.26816,nan,29.159718
nan,nan,nan,nan,nan,nan,nan,nan,0.092565075,25.873936,0.13286045,33.144573,-404.71948,nan,29.148512
nan,nan,nan,nan,nan,nan,nan,nan,0.1055829,25.876921,0.13285407,33.132164,-457.16843,nan,29.137068
nan,nan,nan,nan,nan,nan,nan,nan,0.11860007,25.847067,0.13284685,33.119492,-509.61472,nan,29.125383
nan,nan,nan,nan,nan,nan,nan,nan,0.13161649,25.925825,0.13283879,33.106552,-562.05798,nan,29.113457
nan,nan,nan,nan,nan,nan,nan,nan,0.14463207,25.769588,0.13282987,33.093353,-614.49786,nan,29.101288
nan,nan,nan,nan,nan,nan,nan,nan,0.15764675,25.82361,0.13282013,33.079884,-666.93408,nan,29.088877
nan,nan,nan,nan,nan,nan,nan,nan,0.17066042,25.750822,0.13280955,33.066147,-719.36633,nan,29.076223
nan,nan,nan,nan,nan,nan,nan,nan,0.18367301,25.828587,0.13279814,33.052143,-771.79419,nan,29.063324
nan,nan,nan,nan,nan,nan,nan,nan,0.19668445,25.774279,0.13278587,33.037872,-824.21741,nan,29.05018
nan,nan,nan,nan,nan,nan,nan,nan,0.20969465,25.763475,0.13277277,33.023327,-876.63556,nan,29.036791
nan,nan,nan,nan,nan,nan,nan,nan,0.22270352,25.736748,0.13275884,33.008514,-929.0484,nan,29.023155
nan,nan,nan,nan,nan,nan,nan,nan,0.23571098,25.772005,0.13274406,32.993427,-981.45563,nan,29.009272
nan,nan,nan,nan,nan,nan,nan,nan,0.24871697,25.68429,0.13272844,32.978065,-1033.8568,nan,28.99514
nan,nan,nan,nan,nan,nan,nan,nan,0.26172137,25.696516,0.13271199,32.962433,-1086.2517,nan,28.980761
nan,nan,nan,nan,nan,nan,nan,nan,0.27472413,25.699217,0.13269471,32.946522,-1138.6399,nan,28.966131
nan,nan,nan,nan,nan,nan,nan,nan,0.28772512,25.740587,0.13267657,32.93034,-1191.0211,nan,28.951252
nan,nan,nan,nan,nan,nan,nan,nan,0.30072433,25.605104,0.1326576,32.913876,-1243.395,nan,28.936121
nan,nan,nan,nan,nan,nan,nan,nan,0.31372163,25.650455,0.1326378,32.897137,-1295.7612,nan,28.92074
nan,nan,nan,nan,nan,nan,nan,nan,0.32671696,25.611645,0.13261716,32.880119,-1348.1195,nan,28.905106
nan,nan,nan,nan,nan,nan,nan,nan,0.33971021,25.570986,0.13259567,32.86282,-1400.4694,nan,28.889221
nan,nan,nan,nan,nan,nan,nan,nan,0.35270131,25.637945,0.13257337,32.845242,-1452.8107,nan,28.873081
nan,nan,nan,nan,nan,nan,nan,nan,0.3656902,25.57198,0.13255021,32.827381,-1505.1431,nan,28.856688
nan,nan,nan,nan,nan,nan,nan,nan,0.37867677,25.533028,0.13252622,32.809238,-1557.4661,nan,28.84004
nan,nan,nan,nan,nan,nan,nan,nan,0.39166096,25.562313,0.13250138,32.79081,-1609.7794,nan,28.823137
nan,nan,nan,nan,nan,nan,nan,nan,0.40464264,25.513124,0.13247572,32.772099,-1662.0828,nan,28.805979
nan,nan,nan,nan,nan,nan,nan,nan,0.41762179,25.465073,0.13244921,32.753105,-1714.376,nan,28.788563
nan,nan,nan,nan,nan,nan,nan,nan,0.43059832,25.536156,0.13242187,32.733822,-1766.6584,nan,28.770891
nan,nan,nan,nan,nan,nan,nan,nan,0.4435721,25.469622,0.1323937,32.714256,-1818.9299,nan,28.752962
nan,nan,nan,nan,nan,nan,nan,nan,0.45654309,25.481422,0.13236469,32.694401,-1871.1902,nan,28.734776
nan,nan,nan,nan,nan,nan,nan,nan,0.46951121,25.44062,0.13233483,32.674255,-1923.4388,nan,28.71633
nan,nan,nan,nan,nan,nan,nan,nan,0.48247635,25.392855,0.13230415,32.653824,-1975.6754,nan,28.697624
nan,nan,nan,nan,nan,nan,nan,nan,0.49543846,25.30983,0.13227263,32.633099,-2027.8999,nan,28.678661
nan,nan,nan,nan,nan,nan,nan,nan,0.5083974,25.389158,0.13224028,32.612087,-2080.1116,nan,28.659437
nan,nan,nan,nan,nan,nan,nan,nan,0.52135319,25.397972,0.13220708,32.590782,-2132.3105,nan,28.639952
nan,nan,nan,nan,nan,nan,nan,nan,0.53430563,25.330444,0.13217306,32.569183,-2184.4961,nan,28.620207
nan,nan,nan,nan,nan,nan,nan,nan,0.54725474,25.338406,0.13213819,32.547291,-2236.668,nan,28.600199
nan,nan,nan,nan,nan,nan,nan,nan,0.56020033,25.280544,0.1321025,32.525108,-2288.8262,nan,28.579929
nan,nan,nan,nan,nan,nan,nan,nan,0.57314241,25.242161,0.13206597,32.502628,-2340.97,nan,28.559399
nan,nan,nan,nan,nan,nan,nan,nan,0.58608091,25.283388,0.13202861,32.479855,-2393.0991,nan,28.538605
nan,nan,nan,nan,nan,nan,nan,nan,0.59901565,25.224533,0.1319904,32.456783,-2445.2134,nan,28.517548
nan,nan,nan,nan,nan,nan,nan,nan,0.61194664,25.118479,0.13195138,32.433418,-2497.3125,nan,28.496227
nan,nan,nan,nan,nan,nan,nan,nan,0.62487376,25.142361,0.13191152,32.409752,-2549.396,nan,28.474642
nan,nan,nan,nan,nan,nan,nan,nan,0.63779694,25.168661,0.13187082,32.385792,-2601.4636,nan,28.452793
nan,nan,nan,nan,nan,nan,nan,nan,0.65071613,25.056637,0.13182928,32.36153,-2653.5149,nan,28.430679
nan,nan,nan,nan,nan,nan,nan,nan,0.66363114,25.097296,0.13178691,32.336971,-2705.5498,nan,28.4083
nan,nan,nan,nan,nan,nan,nan,nan,0.67654198,25.030336,0.13174371,32.312111,-2757.5676,nan,28.385658
nan,nan,nan,nan,nan,nan,nan,nan,0.68944854,25.088766,0.1316997,32.286949,-2809.5684,nan,28.362747
nan,nan,nan,nan,nan,nan,nan,nan,0.70235074,24.923429,0.13165483,32.26149,-2861.5515,nan,28.339573
nan,nan,nan,nan,nan,nan,nan,nan,0.71524853,25.020811,0.13160914,32.235729,-2913.5166,nan,28.316132
nan,nan,nan,nan,nan,nan,nan,nan,0.72814178,24.955843,0.13156262,32.209663,-2965.4636,nan,28.292423
nan,nan,nan,nan,nan,nan,nan,nan,0.74103045,24.982712,0.13151526,32.183296,-3017.3923,nan,28.26845
nan,nan,nan,nan,nan,nan,nan,nan,0.75391442,24.936367,0.13146707,32.156624,-3069.302,nan,28.244207
nan,nan,nan,nan,nan,nan,nan,nan,0.76679367,24.87879,0.13141806,32.12965,-3121.1924,nan,28.2197
nan,nan,nan,nan,nan,nan,nan,nan,0.77966803,24.848652,0.13136822,32.102375,-3173.0635,nan,28.194923
nan,nan,nan,nan,nan,nan,nan,nan,0.79253751,24.840691,0.13131754,32.074791,-3224.9146,nan,28.169882
nan,nan,nan,nan,nan,nan,nan,nan,0.80540192,24.772736,0.13126604,32.046902,-3276.7456,nan,28.144569
nan,nan,nan,nan,nan,nan,nan,nan,0.81826127,24.730513,0.13121369,32.018711,-3328.5559,nan,28.118992
nan,nan,nan,nan,nan,nan,nan,nan,0.83111548,24.72369,0.13116054,31.990211,-3380.3457,nan,28.093145
nan,nan,nan,nan,nan,nan,nan,nan,0.8439644,24.685873,0.13110654,31.961407,-3432.114,nan,28.06703
nan,nan,nan,nan,nan,nan,nan,nan,0.85680801,24.663128,0.13105173,31.932295,-3483.8611,nan,28.040648
nan,nan,nan,nan,nan,nan,nan,nan,0.86964625,24.689854,0.13099608,31.902876,-3535.5864,nan,28.013996
nan,nan,nan,nan,nan,nan,nan,nan,0.88247895,24.545559,0.1309396,31.87315,-3587.2893,nan,27.987078
nan,nan,nan,nan,nan,nan,nan,nan,0.89530605,24.595316,0.13088231,31.843117,-3638.97,nan,27.959888
nan,nan,nan,nan,nan,nan,nan,nan,0.90812755,24.53717,0.13082418,31.812775,-3690.6279,nan,27.932432
nan,nan,nan,nan,nan,nan,nan,nan,0.92094326,24.524519,0.13076521,31.782125,-3742.2627,nan,27.904709
nan,nan,nan,nan,nan,nan,nan,nan,0.93375319,24.451019,0.13070545,31.751167,-3793.8738,nan,27.876715
nan,nan,nan,nan,nan,nan,nan,nan,0.94655722,24.398418,0.13064483,31.7199,-3845.4614,nan,27.848454
nan,nan,nan,nan,nan,nan,nan,nan,0.95935529,24.423439,0.13058341,31.688324,-3897.0249,nan,27.819923
nan,nan,nan,nan,nan,nan,nan,nan,0.97214729,24.395861,0.13052115,31.656439,-3948.564,nan,27.791124
nan,nan,nan,nan,nan,nan,nan,nan,0.98493308,24.402399,0.13045807,31.624245,-4000.0781,nan,27.762058
nan,nan,nan,nan,nan,nan,nan,nan,0.99771273,24.298193,0.13039416,31.591742,-4051.5674,nan,27.732723
nan,nan,nan,nan,nan,nan,nan,nan,1.010486,24.274736,0.13032943,31.558929,-4103.0312,nan,27.703119
nan,nan,nan,nan,nan,nan,nan,nan,1.023253,24.268908,0.13026388,31.525806,-4154.4692,nan,27.673248
nan,nan,nan,nan,nan,nan,nan,nan,1.0360135,24.239622,0.13019751,31.492373,-4205.8813,nan,27.643108
nan,nan,nan,nan,nan,nan,nan,nan,1.0487674,24.201239,0.13013031,31.45863,-4257.2671,nan,27.612701
nan,nan,nan,nan,nan,nan,nan,nan,1.0615147,24.154182,0.1300623,31.424578,-4308.626,nan,27.582027
nan,nan,nan,nan,nan,nan,nan,nan,1.0742553,24.118214,0.12999345,31.390215,-4359.958,nan,27.551085
nan,nan,nan,nan,nan,nan,nan,nan,1.0869892,24.086939,0.12992379,31.355543,-4411.2627,nan,27.519875
nan,nan,nan,nan,nan,nan,nan,nan,1.0997161,24.061918,0.12985331,31.32056,-4462.54,nan,27.4884
nan,nan,nan,nan,nan,nan,nan,nan,1.1124361,24.08964,0.12978201,31.285267,-4513.7891,nan,27.456656
nan,nan,nan,nan,nan,nan,nan,nan,1.125149,23.94051,0.12970988,31.249664,-4565.0098,nan,27.424646
nan,nan,nan,nan,nan,nan,nan,nan,1.1378549,23.902836,0.12963694,31.213753,-4616.2017,nan,27.39237
nan,nan,nan,nan,nan,nan,nan,nan,1.1505536,23.95558,0.12956318,31.17753,-4667.3647,nan,27.359827
nan,nan,nan,nan,nan,nan,nan,nan,1.1632451,23.872555,0.1294886,31.140999,-4718.4985,nan,27.327019
nan,nan,nan,nan,nan,nan,nan,nan,1.1759291,23.859903,0.1294132,31.104156,-4769.603,nan,27.293945
nan,nan,nan,nan,nan,nan,nan,nan,1.1886058,23.818676,0.129337,31.067007,-4820.6772,nan,27.260607
nan,nan,nan,nan,nan,nan,nan,nan,1.2012749,23.752712,0.12925996,31.029547,-4871.7212,nan,27.227005
nan,nan,nan,nan,nan,nan,nan,nan,1.2139364,23.737215,0.12918212,30.991777,-4922.7349,nan,27.193136
nan,nan,nan,nan,nan,nan,nan,nan,1.2265903,23.723425,0.12910345,30.953701,-4973.7173,nan,27.159006
nan,nan,nan,nan,nan,nan,nan,nan,1.2392365,23.673668,0.12902397,30.915316,-5024.6685,nan,27.124611
nan,nan,nan,nan,nan,nan,nan,nan,1.2518748,23.630735,0.12894368,30.876621,-5075.5884,nan,27.089952
nan,nan,nan,nan,nan,nan,nan,nan,1.2645051,23.525106,0.12886257,30.83762,-5126.4766,nan,27.055031
nan,nan,nan,nan,nan,nan,nan,nan,1.2771275,23.557379,0.12878065,30.798309,-5177.332,nan,27.019848
nan,nan,nan,nan,nan,nan,nan,nan,1.2897419,23.435829,0.12869792,30.758692,-5228.1558,nan,26.984404
nan,nan,nan,nan,nan,nan,nan,nan,1.3023481,23.467388,0.12861437,30.718769,-5278.9458,nan,26.948698
nan,nan,nan,nan,nan,nan,nan,nan,1.3149461,23.367874,0.12853001,30.678539,-5329.7031,nan,26.912731
nan,nan,nan,nan,nan,nan,nan,nan,1.3275357,23.359913,0.12844484,30.638002,-5380.4272,nan,26.876503
nan,nan,nan,nan,nan,nan,nan,nan,1.340117,23.294945,0.12835884,30.59716,-5431.1172,nan,26.840017
nan,nan,nan,nan,nan,nan,nan,nan,1.3526899,23.336882,0.12827206,30.556013,-5481.7734,nan,26.80327
nan,nan,nan,nan,nan,nan,nan,nan,1.365254,23.273905,0.12818445,30.514563,-5532.395,nan,26.766266
nan,nan,nan,nan,nan,nan,nan,nan,1.3778098,23.254995,0.12809603,30.472807,-5582.9814,nan,26.729004
nan,nan,nan,nan,nan,nan,nan,nan,1.3903567,23.097195,0.12800682,30.430746,-5633.5332,nan,26.691484
nan,nan,nan,nan,nan,nan,nan,nan,1.4028949,23.173679,0.12791678,30.388384,-5684.0498,nan,26.653708
nan,nan,nan,nan,nan,nan,nan,nan,1.4154241,23.149368,0.12782593,30.345718,-5734.5303,nan,26.615675
nan,nan,nan,nan,nan,nan,nan,nan,1.4279445,23.037485,0.12773429,30.302752,-5784.9751,nan,26.577385
nan,nan,nan,nan,nan,nan,nan,nan,1.4404559,22.982327,0.12764184,30.259481,-5835.3833,nan,26.538843
nan,nan,nan,nan,nan,nan,nan,nan,1.4529581,22.957022,0.12754858,30.215912,-5885.7549,nan,26.500046
nan,nan,nan,nan,nan,nan,nan,nan,1.4654511,22.869307,0.1274545,30.172043,-5936.0898,nan,26.460995
nan,nan,nan,nan,nan,nan,nan,nan,1.477935,22.923328,0.12735963,30.127874,-5986.3872,nan,26.421692
nan,nan,nan,nan,nan,nan,nan,nan,1.4904095,22.765526,0.12726396,30.083406,-6036.647,nan,26.382137
nan,nan,nan,nan,nan,nan,nan,nan,1.5028745,22.77363,0.12716748,30.038641,-6086.8687,nan,26.342333
nan,nan,nan,nan,nan,nan,nan,nan,1.5153301,22.722734,0.1270702,29.993578,-6137.0522,nan,26.302275
nan,nan,nan,nan,nan,nan,nan,nan,1.5277761,22.670561,0.12697211,29.948219,-6187.1973,nan,26.261971
nan,nan,nan,nan,nan,nan,nan,nan,1.5402124,22.668713,0.12687322,29.902565,-6237.3037,nan,26.221415
nan,nan,nan,nan,nan,nan,nan,nan,1.552639,22.570904,0.12677354,29.856615,-6287.3706,nan,26.180613
nan,nan,nan,nan,nan,nan,nan,nan,1.5650558,22.608009,0.12667304,29.810371,-6337.3979,nan,26.139563
nan,nan,nan,nan,nan,nan,nan,nan,1.5774628,22.474518,0.12657176,29.763836,-6387.3853,nan,26.098269
nan,nan,nan,nan,nan,nan,nan,nan,1.5898597,22.365335,0.12646967,29.717007,-6437.333,nan,26.056726
nan,nan,nan,nan,nan,nan,nan,nan,1.6022466,22.386375,0.12636678,29.669888,-6487.2397,nan,26.014942
nan,nan,nan,nan,nan,nan,nan,nan,1.6146234,22.351261,0.1262631,29.622477,-6537.106,nan,25.972912
nan,nan,nan,nan,nan,nan,nan,nan,1.6269901,22.24663,0.12615861,29.574778,-6586.9312,nan,25.930641
nan,nan,nan,nan,nan,nan,nan,nan,1.6393464,22.310177,0.12605333,29.526791,-6636.7148,nan,25.888128
nan,nan,nan,nan,nan,nan,nan,nan,1.6516924,22.264969,0.12594725,29.478516,-6686.457,nan,25.845375
nan,nan,nan,nan,nan,nan,nan,nan,1.6640279,22.092667,0.12584038,29.429953,-6736.1572,nan,25.802382
nan,nan,nan,nan,nan,nan,nan,nan,1.6763529,22.054281,0.1257327,29.381107,-6785.8145,nan,25.759148
nan,nan,nan,nan,nan,nan,nan,nan,1.6886673,22.097073,0.12562425,29.331976,-6835.4297,nan,25.715679
nan,nan,nan,nan,nan,nan,nan,nan,1.7009711,22.023148,0.125515,29.28256,-6885.0015,nan,25.671972
nan,nan,nan,nan,nan,nan,nan,nan,1.7132641,22.01277,0.12540494,29.232864,-6934.5303,nan,25.628029
nan,nan,nan,nan,nan,nan,nan,nan,1.7255464,21.951214,0.1252941,29.182888,-6984.0156,nan,25.583853
nan,nan,nan,nan,nan,nan,nan,nan,1.7378176,21.840611,0.12518248,29.132631,-7033.4565,nan,25.539442
nan,nan,nan,nan,nan,nan,nan,nan,1.750078,21.73683,0.12507005,29.082096,-7082.8535,nan,25.494799
nan,nan,nan,nan,nan,nan,nan,nan,1.7623272,21.782749,0.12495684,29.031282,-7132.2061,nan,25.449923
nan,nan,nan,nan,nan,nan,nan,nan,1.7745653,21.704844,0.12484284,28.980194,-7181.5137,nan,25.404818
nan,nan,nan,nan,nan,nan,nan,nan,1.7867923,21.638737,0.12472805,28.928831,-7230.7759,nan,25.359484
nan,nan,nan,nan,nan,nan,nan,nan,1.799008,21.622389,0.12461247,28.877193,-7279.9932,nan,25.313921
nan,nan,nan,nan,nan,nan,nan,nan,1.8112123,21.561684,0.1244961,28.825283,-7329.1641,nan,25.268131
nan,nan,nan,nan,nan,nan,nan,nan,1.8234051,21.478092,0.12437896,28.773102,-7378.2891,nan,25.222116
nan,nan,nan,nan,nan,nan,nan,nan,1.8355864,21.448523,0.12426101,28.720652,-7427.3682,nan,25.175877
nan,nan,nan,nan,nan,nan,nan,nan,1.8477561,21.457764,0.1241423,28.667933,-7476.3999,nan,25.129414
nan,nan,nan,nan,nan,nan,nan,nan,1.8599142,21.310196,0.12402279,28.614946,-7525.3848,nan,25.082727
nan,nan,nan,nan,nan,nan,nan,nan,1.8720605,21.297686,0.1239025,28.561695,-7574.3223,nan,25.035822
nan,nan,nan,nan,nan,nan,nan,nan,1.884195,21.149836,0.12378143,28.508179,-7623.2124,nan,24.988695
nan,nan,nan,nan,nan,nan,nan,nan,1.8963176,21.06212,0.12365957,28.454401,-7672.0542,nan,24.941349
nan,nan,nan,nan,nan,nan,nan,nan,1.9084282,21.123535,0.12353694,28.40036,-7720.8481,nan,24.893787
nan,nan,nan,nan,nan,nan,nan,nan,1.9205267,21.079182,0.12341353,28.34606,-7769.5933,nan,24.846008
nan,nan,nan,nan,nan,nan,nan,nan,1.9326131,20.977249,0.12328933,28.291502,-7818.2896,nan,24.798016
nan,nan,nan,nan,nan,nan,nan,nan,1.9446874,20.860392,0.12316436,28.236687,-7866.9365,nan,24.749807
nan,nan,nan,nan,nan,nan,nan,nan,1.9567493,20.901619,0.1230386,28.181616,-7915.5342,nan,24.701389
nan,nan,nan,nan,nan,nan,nan,nan,1.9687989,20.882568,0.12291208,28.126291,-7964.082,nan,24.65276
nan,nan,nan,nan,nan,nan,nan,nan,1.980836,20.765852,0.12278477,28.070715,-8012.5801,nan,24.603918
nan,nan,nan,nan,nan,nan,nan,nan,1.9928607,20.721212,0.1226567,28.014887,-8061.0273,nan,24.554871
nan,nan,nan,nan,nan,nan,nan,nan,2.0048728,20.686382,0.12252784,27.958809,-8109.4238,nan,24.505615
nan,nan,nan,nan,nan,nan,nan,nan,2.0168722,20.531282,0.12239821,27.902485,-8157.7695,nan,24.456154
nan,nan,nan,nan,nan,nan,nan,nan,2.0288587,20.51664,0.12226781,27.845913,-8206.0635,nan,24.406488
nan,nan,nan,nan,nan,nan,nan,nan,2.0408325,20.466455,0.12213663,27.789099,-8254.3066,nan,24.356621
nan,nan,nan,nan,nan,nan,nan,nan,2.0527935,20.437027,0.12200469,27.73204,-8302.4971,nan,24.306551
nan,nan,nan,nan,nan,nan,nan,nan,2.0647414,20.355568,0.12187197,27.674742,-8350.6357,nan,24.256281
nan,nan,nan,nan,nan,nan,nan,nan,2.0766764,20.326424,0.12173848,27.617205,-8398.7217,nan,24.205812
nan,nan,nan,nan,nan,nan,nan,nan,2.0885983,20.235582,0.12160423,27.559429,-8446.7549,nan,24.155148
nan,nan,nan,nan,nan,nan,nan,nan,2.1005068,20.297281,0.1214692,27.501417,-8494.7344,nan,24.104286
nan,nan,nan,nan,nan,nan,nan,nan,2.1124022,20.118011,0.12133341,27.443171,-8542.6611,nan,24.053228
nan,nan,nan,nan,nan,nan,nan,nan,2.124284,20.097967,0.12119685,27.384693,-8590.5332,nan,24.00198
nan,nan,nan,nan,nan,nan,nan,nan,2.1361527,20.024754,0.12105953,27.325983,-8638.3525,nan,23.950539
nan,nan,nan,nan,nan,nan,nan,nan,2.1480079,20.04039,0.12092145,27.267046,-8686.1162,nan,23.898907
nan,nan,nan,nan,nan,nan,nan,nan,2.1598494,19.922537,0.12078259,27.20788,-8733.8262,nan,23.847086
nan,nan,nan,nan,nan,nan,nan,nan,2.1716771,19.821884,0.12064298,27.148491,-8781.4805,nan,23.79508
nan,nan,nan,nan,nan,nan,nan,nan,2.1834912,19.828424,0.12050261,27.088877,-8829.0801,nan,23.742886
nan,nan,nan,nan,nan,nan,nan,nan,2.1952918,19.70787,0.12036146,27.029041,-8876.624,nan,23.690508
nan,nan,nan,nan,nan,nan,nan,nan,2.2070782,19.744974,0.12021957,26.968985,-8924.1113,nan,23.637949
nan,nan,nan,nan,nan,nan,nan,nan,2.2188509,19.64418,0.12007691,26.90871,-8971.543,nan,23.585207
nan,nan,nan,nan,nan,nan,nan,nan,2.2306094,19.528316,0.11993349,26.848221,-9018.9189,nan,23.532284
nan,nan,nan,nan,nan,nan,nan,nan,2.2423537,19.527464,0.11978932,26.787518,-9066.2373,nan,23.479185
nan,nan,nan,nan,nan,nan,nan,nan,2.2540841,19.388,0.1196444,26.726601,-9113.499,nan,23.425907
nan,nan,nan,nan,nan,nan,nan,nan,2.2658002,19.422546,0.11949871,26.665474,-9160.7031,nan,23.372456
nan,nan,nan,nan,nan,nan,nan,nan,2.2775018,19.318199,0.11935227,26.604139,-9207.8496,nan,23.31883
nan,nan,nan,nan,nan,nan,nan,nan,2.2891893,19.223944,0.11920507,26.542597,-9254.9375,nan,23.265032
nan,nan,nan,nan,nan,nan,nan,nan,2.3008621,19.10737,0.11905713,26.48085,-9301.9678,nan,23.211063
nan,nan,nan,nan,nan,nan,nan,nan,2.3125205,19.141773,0.11890843,26.418901,-9348.9395,nan,23.156925
nan,nan,nan,nan,nan,nan,nan,nan,2.3241644,19.156559,0.11875898,26.35675,-9395.8525,nan,23.102619
nan,nan,nan,nan,nan,nan,nan,nan,2.3357933,19.023779,0.11860878,26.294401,-9442.7061,nan,23.048147
nan,nan,nan,nan,nan,nan,nan,nan,2.3474076,18.972456,0.11845783,26.231855,-9489.5,nan,22.993511
nan,nan,nan,nan,nan,nan,nan,nan,2.3590071,18.860859,0.11830613,26.169115,-9536.2344,nan,22.938711
nan,nan,nan,nan,nan,nan,nan,nan,2.3705919,18.841524,0.11815368,26.106182,-9582.9092,nan,22.883751
nan,nan,nan,nan,nan,nan,nan,nan,2.3821614,18.77812,0.1180005,26.043056,-9629.5234,nan,22.82863
nan,nan,nan,nan,nan,nan,nan,nan,2.3937161,18.685854,0.11784656,25.979744,-9676.0771,nan,22.773352
nan,nan,nan,nan,nan,nan,nan,nan,2.4052556,18.58563,0.11769188,25.916243,-9722.5693,nan,22.717916
nan,nan,nan,nan,nan,nan,nan,nan,2.4167798,18.604538,0.11753646,25.852558,-9769.001,nan,22.662327
nan,nan,nan,nan,nan,nan,nan,nan,2.4282887,18.561178,0.11738029,25.788689,-9815.3711,nan,22.606583
nan,nan,nan,nan,nan,nan,nan,nan,2.4397824,18.400532,0.11722338,25.72464,-9861.6787,nan,22.550686
nan,nan,nan,nan,nan,nan,nan,nan,2.4512606,18.494503,0.11706574,25.660412,-9907.9248,nan,22.49464
nan,nan,nan,nan,nan,nan,nan,nan,2.4627235,18.326181,0.11690734,25.596008,-9954.1084,nan,22.438444
nan,nan,nan,nan,nan,nan,nan,nan,2.4741707,18.272158,0.11674822,25.531429,-10000.229,nan,22.382103
nan,nan,nan,nan,nan,nan,nan,nan,2.4856021,18.190271,0.11658835,25.466677,-10046.287,nan,22.325615
nan,nan,nan,nan,nan,nan,nan,nan,2.4970181,18.09417,0.11642776,25.401754,-10092.282,nan,22.268982
nan,nan,nan,nan,nan,nan,nan,nan,2.5084181,18.108244,0.11626641,25.336662,-10138.213,nan,22.212208
nan,nan,nan,nan,nan,nan,nan,nan,2.5198026,18.025789,0.11610435,25.271406,-10184.08,nan,22.155294
nan,nan,nan,nan,nan,nan,nan,nan,2.5311708,17.932245,0.11594155,25.205984,-10229.884,nan,22.09824
nan,nan,nan,nan,nan,nan,nan,nan,2.5425231,17.871683,0.11577801,25.1404,-10275.622,nan,22.041048
nan,nan,nan,nan,nan,nan,nan,nan,2.5538595,17.797901,0.11561374,25.074656,-10321.297,nan,21.983719
nan,nan,nan,nan,nan,nan,nan,nan,2.5651796,17.798326,0.11544874,25.008753,-10366.905,nan,21.926258
nan,nan,nan,nan,nan,nan,nan,nan,2.5764837,17.663839,0.11528302,24.942694,-10412.449,nan,21.868662
nan,nan,nan,nan,nan,nan,nan,nan,2.5877714,17.633417,0.11511657,24.876482,-10457.928,nan,21.810936
nan,nan,nan,nan,nan,nan,nan,nan,2.5990427,17.555368,0.11494938,24.810118,-10503.34,nan,21.75308
nan,nan,nan,nan,nan,nan,nan,nan,2.6102977,17.482298,0.11478148,24.743603,-10548.687,nan,21.695097
nan,nan,nan,nan,nan,nan,nan,nan,2.621536,17.391312,0.11461284,24.676941,-10593.966,nan,21.636986
nan,nan,nan,nan,nan,nan,nan,nan,2.6327579,17.357193,0.11444349,24.610134,-10639.179,nan,21.578751
nan,nan,nan,nan,nan,nan,nan,nan,2.6439631,17.273458,0.11427341,24.543182,-10684.325,nan,21.520391
nan,nan,nan,nan,nan,nan,nan,nan,2.6551518,17.200529,0.1141026,24.476089,-10729.404,nan,21.461912
nan,nan,nan,nan,nan,nan,nan,nan,2.6663234,17.133995,0.11393108,24.408859,-10774.415,nan,21.403313
nan,nan,nan,nan,nan,nan,nan,nan,2.6774786,17.047987,0.11375884,24.34149,-10819.358,nan,21.344593
nan,nan,nan,nan,nan,nan,nan,nan,2.6886165,16.981455,0.11358588,24.273985,-10864.233,nan,21.285757
nan,nan,nan,nan,nan,nan,nan,nan,2.6997375,16.930559,0.1134122,24.206348,-10909.041,nan,21.226807
nan,nan,nan,nan,nan,nan,nan,nan,2.7108417,16.870852,0.11323781,24.13858,-10953.778,nan,21.167742
nan,nan,nan,nan,nan,nan,nan,nan,2.7219284,16.839859,0.11306269,24.070683,-10998.448,nan,21.108566
nan,nan,nan,nan,nan,nan,nan,nan,2.7329981,16.77688,0.11288688,24.002659,-11043.048,nan,21.049278
nan,nan,nan,nan,nan,nan,nan,nan,2.7440505,16.651493,0.11271033,23.934509,-11087.578,nan,20.989882
nan,nan,nan,nan,nan,nan,nan,nan,2.7550857,16.54089,0.11253309,23.866238,-11132.038,nan,20.930378
nan,nan,nan,nan,nan,nan,nan,nan,2.7661033,16.605005,0.11235513,23.797846,-11176.429,nan,20.87077
nan,nan,nan,nan,nan,nan,nan,nan,2.7771034,16.492411,0.11217646,23.729334,-11220.749,nan,20.811054
nan,nan,nan,nan,nan,nan,nan,nan,2.7880862,16.436113,0.11199708,23.660707,-11264.998,nan,20.751238
nan,nan,nan,nan,nan,nan,nan,nan,2.7990513,16.380243,0.11181699,23.591965,-11309.176,nan,20.69132
nan,nan,nan,nan,nan,nan,nan,nan,2.8099985,16.275328,0.11163621,23.523111,-11353.283,nan,20.631302
nan,nan,nan,nan,nan,nan,nan,nan,2.8209283,16.26893,0.11145471,23.454145,-11397.319,nan,20.571186
nan,nan,nan,nan,nan,nan,nan,nan,2.83184,16.143541,0.11127251,23.385073,-11441.283,nan,20.510973
nan,nan,nan,nan,nan,nan,nan,nan,2.8427341,16.116673,0.11108961,23.315895,-11485.175,nan,20.450666
nan,nan,nan,nan,nan,nan,nan,nan,2.85361,15.922193,0.110906,23.246611,-11528.994,nan,20.390265
nan,nan,nan,nan,nan,nan,nan,nan,2.8644679,15.888499,0.1107217,23.177225,-11572.74,nan,20.329771
nan,nan,nan,nan,nan,nan,nan,nan,2.8753078,15.855659,0.11053669,23.10774,-11616.414,nan,20.269188
nan,nan,nan,nan,nan,nan,nan,nan,2.8861294,15.724016,0.11035099,23.038157,-11660.015,nan,20.208515
nan,nan,nan,nan,nan,nan,nan,nan,2.8969328,15.774911,0.11016459,22.968475,-11703.542,nan,20.147755
nan,nan,nan,nan,nan,nan,nan,nan,2.9077182,15.638291,0.10997749,22.898701,-11746.996,nan,20.086908
nan,nan,nan,nan,nan,nan,nan,nan,2.9184849,15.63488,0.1097897,22.828835,-11790.375,nan,20.025976
nan,nan,nan,nan,nan,nan,nan,nan,2.9292333,15.547733,0.10960121,22.758877,-11833.681,nan,19.964962
nan,nan,nan,nan,nan,nan,nan,nan,2.9399631,15.431301,0.10941204,22.688831,-11876.911,nan,19.903868
nan,nan,nan,nan,nan,nan,nan,nan,2.9506743,15.307761,0.10922217,22.6187,-11920.067,nan,19.842691
nan,nan,nan,nan,nan,nan,nan,nan,2.9613671,15.275774,0.10903162,22.548485,-11963.148,nan,19.781437
nan,nan,nan,nan,nan,nan,nan,nan,2.9720409,15.200569,0.10884037,22.478186,-12006.153,nan,19.720104
nan,nan,nan,nan,nan,nan,nan,nan,2.9826961,15.108305,0.10864843,22.407808,-12049.083,nan,19.658697
nan,nan,nan,nan,nan,nan,nan,nan,2.9933324,15.125507,0.10845581,22.337351,-12091.938,nan,19.597214
nan,nan,nan,nan,nan,nan,nan,nan,3.0039499,15.060112,0.10826251,22.266815,-12134.715,nan,19.53566
nan,nan,nan,nan,nan,nan,nan,nan,3.0145483,14.977799,0.10806853,22.196207,-12177.416,nan,19.474033
nan,nan,nan,nan,nan,nan,nan,nan,3.0251276,14.921644,0.10787385,22.125525,-12220.041,nan,19.412336
nan,nan,nan,nan,nan,nan,nan,nan,3.0356882,14.804359,0.1076785,22.054771,-12262.588,nan,19.350571
nan,nan,nan,nan,nan,nan,nan,nan,3.0462291,14.812889,0.10748247,21.98395,-12305.059,nan,19.288738
nan,nan,nan,nan,nan,nan,nan,nan,3.056751,14.725742,0.10728575,21.913061,-12347.451,nan,19.226839
nan,nan,nan,nan,nan,nan,nan,nan,3.0672536,14.642151,0.10708836,21.842106,-12389.767,nan,19.164875
nan,nan,nan,nan,nan,nan,nan,nan,3.0777369,14.511076,0.1068903,21.771088,-12432.003,nan,19.102848
nan,nan,nan,nan,nan,nan,nan,nan,3.0882006,14.450798,0.10669156,21.700006,-12474.162,nan,19.04076
nan,nan,nan,nan,nan,nan,nan,nan,3.098645,14.378579,0.10649215,21.628866,-12516.241,nan,18.978611
nan,nan,nan,nan,nan,nan,nan,nan,3.1090696,14.390521,0.10629205,21.557669,-12558.243,nan,18.916403
nan,nan,nan,nan,nan,nan,nan,nan,3.1194746,14.264421,0.1060913,21.486412,-12600.165,nan,18.854136
nan,nan,nan,nan,nan,nan,nan,nan,3.1298599,14.194051,0.10588987,21.415104,-12642.008,nan,18.791813
nan,nan,nan,nan,nan,nan,nan,nan,3.1402256,14.061696,0.10568777,21.34374,-12683.771,nan,18.729435
nan,nan,nan,nan,nan,nan,nan,nan,3.1505713,14.036249,0.10548501,21.272326,-12725.453,nan,18.667002
nan,nan,nan,nan,nan,nan,nan,nan,3.160897,13.999713,0.10528158,21.200863,-12767.057,nan,18.604517
nan,nan,nan,nan,nan,nan,nan,nan,3.1712029,13.925361,0.10507748,21.129351,-12808.579,nan,18.541981
nan,nan,nan,nan,nan,nan,nan,nan,3.1814888,13.757608,0.10487272,21.057793,-12850.021,nan,18.479395
nan,nan,nan,nan,nan,nan,nan,nan,3.1917546,13.704297,0.10466729,20.986191,-12891.382,nan,18.416759
nan,nan,nan,nan,nan,nan,nan,nan,3.2020001,13.66179,0.10446121,20.914545,-12932.661,nan,18.354076
nan,nan,nan,nan,nan,nan,nan,nan,3.2122254,13.620705,0.10425447,20.842859,-12973.859,nan,18.291348
nan,nan,nan,nan,nan,nan,nan,nan,3.2224307,13.543225,0.10404707,20.771133,-13014.976,nan,18.228571
nan,nan,nan,nan,nan,nan,nan,nan,3.2326152,13.479252,0.103839,20.699369,-13056.01,nan,18.165752
nan,nan,nan,nan,nan,nan,nan,nan,3.2427795,13.401203,0.10363029,20.627569,-13096.962,nan,18.102892
nan,nan,nan,nan,nan,nan,nan,nan,3.2529235,13.325004,0.10342092,20.555735,-13137.831,nan,18.039988
nan,nan,nan,nan,nan,nan,nan,nan,3.2630467,13.258614,0.1032109,20.483866,-13178.618,nan,17.977043
nan,nan,nan,nan,nan,nan,nan,nan,3.2731493,13.213406,0.10300022,20.411964,-13219.321,nan,17.914061
nan,nan,nan,nan,nan,nan,nan,nan,3.2832313,13.144456,0.1027889,20.340034,-13259.942,nan,17.85104
nan,nan,nan,nan,nan,nan,nan,nan,3.2932925,13.08034,0.10257692,20.268076,-13300.479,nan,17.787981
nan,nan,nan,nan,nan,nan,nan,nan,3.303333,13.038402,0.10236429,20.196089,-13340.932,nan,17.724886
nan,nan,nan,nan,nan,nan,nan,nan,3.3133526,12.843211,0.10215103,20.124077,-13381.301,nan,17.661758
nan,nan,nan,nan,nan,nan,nan,nan,3.3233511,12.814636,0.10193712,20.05204,-13421.586,nan,17.598595
nan,nan,nan,nan,nan,nan,nan,nan,3.333329,12.711425,0.10172255,19.979982,-13461.785,nan,17.535398
nan,nan,nan,nan,nan,nan,nan,nan,3.3432856,12.691523,0.10150735,19.907902,-13501.9,nan,17.472172
nan,nan,nan,nan,nan,nan,nan,nan,3.3532209,12.703465,0.10129151,19.8358,-13541.931,nan,17.408915
nan,nan,nan,nan,nan,nan,nan,nan,3.3631353,12.477139,0.10107503,19.763681,-13581.876,nan,17.345627
nan,nan,nan,nan,nan,nan,nan,nan,3.3730283,12.479698,0.10085791,19.691544,-13621.735,nan,17.282312
nan,nan,nan,nan,nan,nan,nan,nan,3.3829,12.4325,0.10064015,19.61939,-13661.509,nan,17.218969
nan,nan,nan,nan,nan,nan,nan,nan,3.3927505,12.296734,0.10042176,19.547222,-13701.195,nan,17.1556
nan,nan,nan,nan,nan,nan,nan,nan,3.4025795,12.271997,0.10020273,19.475042,-13740.797,nan,17.092205
nan,nan,nan,nan,nan,nan,nan,nan,3.4123869,12.181154,0.099983066,19.402849,-13780.312,nan,17.028786
nan,nan,nan,nan,nan,nan,nan,nan,3.4221728,12.146182,0.099762775,19.330645,-13819.738,nan,16.965343
nan,nan,nan,nan,nan,nan,nan,nan,3.4319372,12.059747,0.099541858,19.25843,-13859.079,nan,16.90188
nan,nan,nan,nan,nan,nan,nan,nan,3.4416797,12.028613,0.099320307,19.186209,-13898.332,nan,16.838392
nan,nan,nan,nan,nan,nan,nan,nan,3.4514005,11.862282,0.099098124,19.113979,-13937.498,nan,16.774885
nan,nan,nan,nan,nan,nan,nan,nan,3.4610996,11.903225,0.098875321,19.041744,-13976.575,nan,16.711359
nan,nan,nan,nan,nan,nan,nan,nan,3.4707768,11.783665,0.098651893,18.969505,-14015.564,nan,16.647814
nan,nan,nan,nan,nan,nan,nan,nan,3.4804323,11.618044,0.09842784,18.897261,-14054.466,nan,16.584251
nan,nan,nan,nan,nan,nan,nan,nan,3.4900656,11.598426,0.098203167,18.825014,-14093.279,nan,16.52067
nan,nan,nan,nan,nan,nan,nan,nan,3.4996767,11.581935,0.097977877,18.752766,-14132.003,nan,16.457075
nan,nan,nan,nan,nan,nan,nan,nan,3.5092659,11.528624,0.09775196,18.680517,-14170.638,nan,16.393463
nan,nan,nan,nan,nan,nan,nan,nan,3.5188329,11.400818,0.097525433,18.608271,-14209.183,nan,16.329838
nan,nan,nan,nan,nan,nan,nan,nan,3.5283778,11.313245,0.097298287,18.536024,-14247.639,nan,16.266197
nan,nan,nan,nan,nan,nan,nan,nan,3.5379002,11.258797,0.097070523,18.463781,-14286.005,nan,16.202545
nan,nan,nan,nan,nan,nan,nan,nan,3.5474002,11.227379,0.096842147,18.391541,-14324.281,nan,16.138882
nan,nan,nan,nan,nan,nan,nan,nan,3.5568781,11.098863,0.096613161,18.319305,-14362.467,nan,16.075205
nan,nan,nan,nan,nan,nan,nan,nan,3.5663333,11.016265,0.096383572,18.247076,-14400.562,nan,16.01152
nan,nan,nan,nan,nan,nan,nan,nan,3.5757661,10.962101,0.096153364,18.174854,-14438.567,nan,15.947824
nan,nan,nan,nan,nan,nan,nan,nan,3.5851762,10.927129,0.095922552,18.102638,-14476.48,nan,15.88412
nan,nan,nan,nan,nan,nan,nan,nan,3.5945637,10.824771,0.095691137,18.030432,-14514.303,nan,15.820407
nan,nan,nan,nan,nan,nan,nan,nan,3.6039286,10.745585,0.095459111,17.958233,-14552.034,nan,15.756687
nan,nan,nan,nan,nan,nan,nan,nan,3.6132705,10.661993,0.095226489,17.886045,-14589.673,nan,15.69296
nan,nan,nan,nan,nan,nan,nan,nan,3.6225896,10.621192,0.094993263,17.813869,-14627.22,nan,15.629228
nan,nan,nan,nan,nan,nan,nan,nan,3.631886,10.551959,0.094759434,17.741703,-14664.675,nan,15.565489
nan,nan,nan,nan,nan,nan,nan,nan,3.6411595,10.397569,0.094525009,17.66955,-14702.037,nan,15.501746
nan,nan,nan,nan,nan,nan,nan,nan,3.6504097,10.380225,0.094289988,17.597412,-14739.308,nan,15.438
nan,nan,nan,nan,nan,nan,nan,nan,3.6596372,10.282416,0.094054371,17.525286,-14776.484,nan,15.374249
nan,nan,nan,nan,nan,nan,nan,nan,3.6688414,10.294216,0.093818158,17.453175,-14813.568,nan,15.310496
nan,nan,nan,nan,nan,nan,nan,nan,3.6780224,10.14338,0.093581349,17.381081,-14850.559,nan,15.246741
nan,nan,nan,nan,nan,nan,nan,nan,3.6871803,10.080401,0.093343958,17.309002,-14887.456,nan,15.182984
nan,nan,nan,nan,nan,nan,nan,nan,3.6963148,10.063058,0.093105972,17.236938,-14924.259,nan,15.119226
nan,nan,nan,nan,nan,nan,nan,nan,3.705426,9.9577141,0.092867397,17.164894,-14960.968,nan,15.055469
nan,nan,nan,nan,nan,nan,nan,nan,3.7145135,9.9041185,0.092628233,17.092867,-14997.582,nan,14.991711
nan,nan,nan,nan,nan,nan,nan,nan,3.723578,9.8536501,0.092388488,17.020859,-15034.103,nan,14.927953
nan,nan,nan,nan,nan,nan,nan,nan,3.7326188,9.7372189,0.092148162,16.94887,-15070.528,nan,14.864197
nan,nan,nan,nan,nan,nan,nan,nan,3.741636,9.7089281,0.091907255,16.8769,-15106.858,nan,14.800443
nan,nan,nan,nan,nan,nan,nan,nan,3.7506294,9.6082764,0.09166576,16.804953,-15143.094,nan,14.736691
nan,nan,nan,nan,nan,nan,nan,nan,3.7595994,9.4744997,0.09142369,16.733025,-15179.233,nan,14.672942
nan,nan,nan,nan,nan,nan,nan,nan,3.7685456,9.4300032,0.09118104,16.661118,-15215.277,nan,14.609197
nan,nan,nan,nan,nan,nan,nan,nan,3.777468,9.3522396,0.090937816,16.589231,-15251.226,nan,14.545454
nan,nan,nan,nan,nan,nan,nan,nan,3.7863662,9.4017124,0.090694018,16.51737,-15287.077,nan,14.481716
nan,nan,nan,nan,nan,nan,nan,nan,3.7952409,9.265377,0.090449654,16.44553,-15322.833,nan,14.417983
nan,nan,nan,nan,nan,nan,nan,nan,3.8040915,9.131032,0.090204708,16.373713,-15358.492,nan,14.354255
nan,nan,nan,nan,nan,nan,nan,nan,3.8129179,9.1173849,0.089959197,16.30192,-15394.055,nan,14.290532
nan,nan,nan,nan,nan,nan,nan,nan,3.8217206,9.0201445,0.089713119,16.23015,-15429.52,nan,14.226815
nan,nan,nan,nan,nan,nan,nan,nan,3.8304989,8.9789171,0.089466467,16.158405,-15464.888,nan,14.163105
nan,nan,nan,nan,nan,nan,nan,nan,3.8392529,8.9263163,0.089219257,16.086683,-15500.158,nan,14.099401
nan,nan,nan,nan,nan,nan,nan,nan,3.8479829,8.7422152,0.088971481,16.014988,-15535.331,nan,14.035705
nan,nan,nan,nan,nan,nan,nan,nan,3.8566885,8.7638235,0.088723145,15.943317,-15570.406,nan,13.972015
nan,nan,nan,nan,nan,nan,nan,nan,3.8653696,8.6094341,0.088474244,15.871673,-15605.383,nan,13.908334
nan,nan,nan,nan,nan,nan,nan,nan,3.8740265,8.643837,0.088224791,15.800053,-15640.261,nan,13.844661
nan,nan,nan,nan,nan,nan,nan,nan,3.8826587,8.5258417,0.087974772,15.728459,-15675.041,nan,13.780996
nan,nan,nan,nan,nan,nan,nan,nan,3.8912666,8.4278908,0.087724209,15.656892,-15709.722,nan,13.71734
nan,nan,nan,nan,nan,nan,nan,nan,3.8998499,8.3155813,0.08747308,15.585351,-15744.304,nan,13.653693
nan,nan,nan,nan,nan,nan,nan,nan,3.9084084,8.3042088,0.087221406,15.513837,-15778.786,nan,13.590055
nan,nan,nan,nan,nan,nan,nan,nan,3.9169424,8.2511816,0.086969174,15.442349,-15813.169,nan,13.526427
nan,nan,nan,nan,nan,nan,nan,nan,3.9254515,8.177825,0.086716399,15.370889,-15847.453,nan,13.462809
nan,nan,nan,nan,nan,nan,nan,nan,3.9339359,8.0966492,0.086463079,15.299455,-15881.637,nan,13.3992
nan,nan,nan,nan,nan,nan,nan,nan,3.9423954,7.9900265,0.086209208,15.228047,-15915.72,nan,13.335603
nan,nan,nan,nan,nan,nan,nan,nan,3.95083,7.9182339,0.085954793,15.156668,-15949.703,nan,13.272016
nan,nan,nan,nan,nan,nan,nan,nan,3.9592397,7.874732,0.085699834,15.085316,-15983.586,nan,13.20844
nan,nan,nan,nan,nan,nan,nan,nan,3.9676244,7.7814722,0.085444331,15.013991,-16017.367,nan,13.144875
nan,nan,nan,nan,nan,nan,nan,nan,3.9759839,7.7347007,0.085188292,14.942694,-16051.049,nan,13.08132
nan,nan,nan,nan,nan,nan,nan,nan,3.9843185,7.6302104,0.084931716,14.871423,-16084.628,nan,13.017777
nan,nan,nan,nan,nan,nan,nan,nan,3.9926276,7.546618,0.084674604,14.80018,-16118.106,nan,12.954247
nan,nan,nan,nan,nan,nan,nan,nan,4.0009117,7.5275679,0.084416956,14.728965,-16151.483,nan,12.890728
nan,nan,nan,nan,nan,nan,nan,nan,4.0091705,7.4235044,0.084158778,14.657777,-16184.758,nan,12.82722
nan,nan,nan,nan,nan,nan,nan,nan,4.0174041,7.3856888,0.083900064,14.586616,-16217.931,nan,12.763725
nan,nan,nan,nan,nan,nan,nan,nan,4.0256124,7.2634277,0.083640821,14.515482,-16251.002,nan,12.700242
nan,nan,nan,nan,nan,nan,nan,nan,4.0337949,7.2128177,0.083381049,14.444375,-16283.97,nan,12.636772
nan,nan,nan,nan,nan,nan,nan,nan,4.0419521,7.1553836,0.083120748,14.373296,-16316.835,nan,12.573314
nan,nan,nan,nan,nan,nan,nan,nan,4.0500841,7.0682373,0.082859926,14.302243,-16349.598,nan,12.509869
nan,nan,nan,nan,nan,nan,nan,nan,4.0581899,6.9564962,0.082598582,14.231217,-16382.258,nan,12.446436
nan,nan,nan,nan,nan,nan,nan,nan,4.0662704,6.9819436,0.082336709,14.160218,-16414.814,nan,12.383016
nan,nan,nan,nan,nan,nan,nan,nan,4.0743251,6.8586879,0.082074322,14.089246,-16447.268,nan,12.319609
nan,nan,nan,nan,nan,nan,nan,nan,4.0823545,6.7800713,0.081811421,14.018299,-16479.615,nan,12.256214
nan,nan,nan,nan,nan,nan,nan,nan,4.0903578,6.6535454,0.08154799,13.947379,-16511.861,nan,12.192833
nan,nan,nan,nan,nan,nan,nan,nan,4.0983353,6.6030774,0.081284054,13.876485,-16544.002,nan,12.129464
nan,nan,nan,nan,nan,nan,nan,nan,4.1062865,6.5925574,0.081019603,13.805616,-16576.039,nan,12.06611
nan,nan,nan,nan,nan,nan,nan,nan,4.114212,6.514936,0.080754638,13.734773,-16607.971,nan,12.002768
nan,nan,nan,nan,nan,nan,nan,nan,4.1221118,6.4182649,0.080489166,13.663956,-16639.799,nan,11.939439
nan,nan,nan,nan,nan,nan,nan,nan,4.1299853,6.3940969,0.08022318,13.593163,-16671.521,nan,11.876122
nan,nan,nan,nan,nan,nan,nan,nan,4.1378331,6.3035388,0.079956695,13.522394,-16703.139,nan,11.81282
nan,nan,nan,nan,nan,nan,nan,nan,4.1456542,6.1596689,0.079689704,13.451651,-16734.652,nan,11.749531
nan,nan,nan,nan,nan,nan,nan,nan,4.1534495,6.1619434,0.079422206,13.380932,-16766.059,nan,11.686255
nan,nan,nan,nan,nan,nan,nan,nan,4.1612182,6.0840378,0.079154201,13.310236,-16797.359,nan,11.622992
nan,nan,nan,nan,nan,nan,nan,nan,4.168961,6.0153728,0.078885704,13.239564,-16828.555,nan,11.559741
nan,nan,nan,nan,nan,nan,nan,nan,4.1766772,5.9835281,0.078616709,13.168915,-16859.645,nan,11.496504
nan,nan,nan,nan,nan,nan,nan,nan,4.1843672,5.8887048,0.078347214,13.098289,-16890.627,nan,11.43328
nan,nan,nan,nan,nan,nan,nan,nan,4.1920309,5.8028378,0.078077227,13.027685,-16921.504,nan,11.37007
nan,nan,nan,nan,nan,nan,nan,nan,4.1996679,5.7520857,0.077806741,12.957104,-16952.273,nan,11.306871
nan,nan,nan,nan,nan,nan,nan,nan,4.2072783,5.6477375,0.077535771,12.886544,-16982.936,nan,11.243687
nan,nan,nan,nan,nan,nan,nan,nan,4.2148623,5.5688367,0.077264309,12.816007,-17013.492,nan,11.180514
nan,nan,nan,nan,nan,nan,nan,nan,4.2224197,5.4913573,0.076992355,12.745489,-17043.939,nan,11.117355
nan,nan,nan,nan,nan,nan,nan,nan,4.2299504,5.4471445,0.076719917,12.674993,-17074.281,nan,11.054209
nan,nan,nan,nan,nan,nan,nan,nan,4.2374539,5.3416591,0.076446995,12.604516,-17104.514,nan,10.991075
nan,nan,nan,nan,nan,nan,nan,nan,4.2449312,5.2970195,0.076173589,12.534059,-17134.641,nan,10.927953
nan,nan,nan,nan,nan,nan,nan,nan,4.2523818,5.232904,0.075899705,12.463621,-17164.656,nan,10.864844
nan,nan,nan,nan,nan,nan,nan,nan,4.2598052,5.0935831,0.075625338,12.393203,-17194.566,nan,10.801747
nan,nan,nan,nan,nan,nan,nan,nan,4.2672019,5.0604591,0.075350501,12.322803,-17224.367,nan,10.738663
nan,nan,nan,nan,nan,nan,nan,nan,4.2745714,5.0078588,0.075075179,12.252419,-17254.061,nan,10.675591
nan,nan,nan,nan,nan,nan,nan,nan,4.2819138,4.9659204,0.074799389,12.182055,-17283.643,nan,10.61253
nan,nan,nan,nan,nan,nan,nan,nan,4.2892294,4.8392525,0.074523121,12.111707,-17313.117,nan,10.549481
nan,nan,nan,nan,nan,nan,nan,nan,4.2965178,4.7899218,0.074246384,12.041375,-17342.482,nan,10.486444
nan,nan,nan,nan,nan,nan,nan,nan,4.3037791,4.6535869,0.073969178,11.97106,-17371.738,nan,10.423419
nan,nan,nan,nan,nan,nan,nan,nan,4.3110137,4.69453,0.073691502,11.90076,-17400.885,nan,10.360405
nan,nan,nan,nan,nan,nan,nan,nan,4.3182206,4.5658717,0.073413365,11.830475,-17429.922,nan,10.297402
nan,nan,nan,nan,nan,nan,nan,nan,4.3253999,4.5633125,0.073134765,11.760204,-17458.85,nan,10.234411
nan,nan,nan,nan,nan,nan,nan,nan,4.3325524,4.4198694,0.072855704,11.689947,-17487.666,nan,10.171431
nan,nan,nan,nan,nan,nan,nan,nan,4.3396773,4.3348556,0.07257618,11.619704,-17516.373,nan,10.10846
nan,nan,nan,nan,nan,nan,nan,nan,4.3467751,4.276,0.072296195,11.549474,-17544.969,nan,10.045502
nan,nan,nan,nan,nan,nan,nan,nan,4.3538451,4.2481356,0.072015755,11.479256,-17573.453,nan,9.9825535
nan,nan,nan,nan,nan,nan,nan,nan,4.3608875,4.171936,0.071734861,11.40905,-17601.828,nan,9.9196148
nan,nan,nan,nan,nan,nan,nan,nan,4.3679028,4.0495329,0.071453519,11.338855,-17630.092,nan,9.8566875
nan,nan,nan,nan,nan,nan,nan,nan,4.3748903,4.027782,0.071171716,11.26867,-17658.244,nan,9.7937689
nan,nan,nan,nan,nan,nan,nan,nan,4.3818498,3.8832016,0.070889473,11.198497,-17686.287,nan,9.7308607
nan,nan,nan,nan,nan,nan,nan,nan,4.388782,3.885334,0.070606776,11.128332,-17714.217,nan,9.6679621
nan,nan,nan,nan,nan,nan,nan,nan,4.3956866,3.8168111,0.070323631,11.058177,-17742.033,nan,9.605073
nan,nan,nan,nan,nan,nan,nan,nan,4.4025631,3.7198555,0.070040047,10.988029,-17769.74,nan,9.5421934
nan,nan,nan,nan,nan,nan,nan,nan,4.4094119,3.6122375,0.069756016,10.917891,-17797.334,nan,9.4793224
nan,nan,nan,nan,nan,nan,nan,nan,4.4162331,3.5158505,0.069471553,10.847759,-17824.816,nan,9.416461
nan,nan,nan,nan,nan,nan,nan,nan,4.4230261,3.4787457,0.069186643,10.777634,-17852.186,nan,9.3536072
nan,nan,nan,nan,nan,nan,nan,nan,4.4297915,3.3847756,0.0689013,10.707515,-17879.443,nan,9.2907629
nan,nan,nan,nan,nan,nan,nan,nan,4.4365287,3.3424108,0.068615519,10.637402,-17906.586,nan,9.2279263
nan,nan,nan,nan,nan,nan,nan,nan,4.4432378,3.2875357,0.068329304,10.567294,-17933.617,nan,9.1650972
nan,nan,nan,nan,nan,nan,nan,nan,4.4499187,3.214179,0.068042658,10.49719,-17960.535,nan,9.1022768
nan,nan,nan,nan,nan,nan,nan,nan,4.4565716,3.1298761,0.067755587,10.42709,-17987.342,nan,9.039463
nan,nan,nan,nan,nan,nan,nan,nan,4.4631968,3.0794079,0.067468084,10.356994,-18014.033,nan,8.9766579
nan,nan,nan,nan,nan,nan,nan,nan,4.4697933,3.0720155,0.067180157,10.2869,-18040.611,nan,8.9138594
nan,nan,nan,nan,nan,nan,nan,nan,4.4763618,3.0158608,0.066891797,10.216807,-18067.074,nan,8.8510675
nan,nan,nan,nan,nan,nan,nan,nan,4.4829021,2.8603337,0.066603027,10.146717,-18093.426,nan,8.7882824
nan,nan,nan,nan,nan,nan,nan,nan,4.4894137,2.7913842,0.066313826,10.076628,-18119.662,nan,8.7255049
nan,nan,nan,nan,nan,nan,nan,nan,4.4958973,2.7348032,0.066024214,10.006538,-18145.783,nan,8.6627331
nan,nan,nan,nan,nan,nan,nan,nan,4.5023522,2.689595,0.065734178,9.9364491,-18171.791,nan,8.599967
nan,nan,nan,nan,nan,nan,nan,nan,4.508779,2.6199348,0.065443732,9.8663588,-18197.684,nan,8.5372066
nan,nan,nan,nan,nan,nan,nan,nan,4.5151768,2.5485687,0.065152876,9.7962666,-18223.463,nan,8.474453
nan,nan,nan,nan,nan,nan,nan,nan,4.5215468,2.46455,0.064861603,9.7261734,-18249.125,nan,8.4117041
nan,nan,nan,nan,nan,nan,nan,nan,4.5278878,2.3421471,0.06456992,9.6560764,-18274.674,nan,8.3489609
nan,nan,nan,nan,nan,nan,nan,nan,4.5342002,2.2979341,0.064277828,9.5859776,-18300.107,nan,8.2862225
nan,nan,nan,nan,nan,nan,nan,nan,4.540484,2.1995568,0.063985333,9.5158739,-18325.424,nan,8.2234888
nan,nan,nan,nan,nan,nan,nan,nan,4.5467391,2.1670012,0.063692436,9.4457664,-18350.627,nan,8.160759
nan,nan,nan,nan,nan,nan,nan,nan,4.5529656,2.0487211,0.063399129,9.3756542,-18375.713,nan,8.0980349
nan,nan,nan,nan,nan,nan,nan,nan,4.5591631,2.0323722,0.063105427,9.3055363,-18400.684,nan,8.0353136
nan,nan,nan,nan,nan,nan,nan,nan,4.5653319,1.9523342,0.062811323,9.2354126,-18425.537,nan,7.9725971
nan,nan,nan,nan,nan,nan,nan,nan,4.5714722,1.9837523,0.062516831,9.1652822,-18450.275,nan,7.909884
nan,nan,nan,nan,nan,nan,nan,nan,4.5775833,1.7007043,0.062221933,9.0951443,-18474.898,nan,7.8471746
nan,nan,nan,nan,nan,nan,nan,nan,4.5836658,1.7909783,0.061926648,9.0249996,-18499.404,nan,7.7844682
nan,nan,nan,nan,nan,nan,nan,nan,4.5897188,1.6185337,0.061630972,8.9548454,-18523.793,nan,7.721765
nan,nan,nan,nan,nan,nan,nan,nan,4.5957432,1.6296226,0.061334904,8.8846836,-18548.064,nan,7.6590643
nan,nan,nan,nan,nan,nan,nan,nan,4.6017385,1.5653645,0.061038453,8.8145123,-18572.219,nan,7.5963669
nan,nan,nan,nan,nan,nan,nan,nan,4.6077046,1.4877431,0.060741611,8.7443304,-18596.258,nan,7.5336714
nan,nan,nan,nan,nan,nan,nan,nan,4.6136417,1.3768555,0.060444389,8.674139,-18620.178,nan,7.4709778
nan,nan,nan,nan,nan,nan,nan,nan,4.6195498,1.3202744,0.060146783,8.6039362,-18643.98,nan,7.4082866
nan,nan,nan,nan,nan,nan,nan,nan,4.6254287,1.2497611,0.0598488,8.5337219,-18667.666,nan,7.3455973
nan,nan,nan,nan,nan,nan,nan,nan,4.631278,1.2015676,0.059550438,8.4634962,-18691.234,nan,7.2829089
nan,nan,nan,nan,nan,nan,nan,nan,4.6370983,1.0286965,0.059251696,8.3932571,-18714.686,nan,7.2202225
nan,nan,nan,nan,nan,nan,nan,nan,4.6428895,0.96230608,0.058952585,8.3230057,-18738.018,nan,7.157537
nan,nan,nan,nan,nan,nan,nan,nan,4.6486511,0.87572843,0.058653098,8.2527409,-18761.23,nan,7.094852
nan,nan,nan,nan,nan,nan,nan,nan,4.6543837,0.91937268,0.058353242,8.1824617,-18784.326,nan,7.0321684
nan,nan,nan,nan,nan,nan,nan,nan,4.6600866,0.8396188,0.058053017,8.1121693,-18807.305,nan,6.9694848
nan,nan,nan,nan,nan,nan,nan,nan,4.66576,0.69404322,0.057752427,8.0418606,-18830.162,nan,6.9068017
nan,nan,nan,nan,nan,nan,nan,nan,4.6714039,0.63120681,0.057451472,7.9715376,-18852.902,nan,6.8441191
nan,nan,nan,nan,nan,nan,nan,nan,4.6770186,0.56424773,0.057150152,7.9011984,-18875.523,nan,6.781436
nan,nan,nan,nan,nan,nan,nan,nan,4.6826034,0.52131432,0.05684847,7.8308425,-18898.025,nan,6.7187529
nan,nan,nan,nan,nan,nan,nan,nan,4.688159,0.40374491,0.056546431,7.7604704,-18920.408,nan,6.6560693
nan,nan,nan,nan,nan,nan,nan,nan,4.6936846,0.42990303,0.056244034,7.6900811,-18942.672,nan,6.5933847
nan,nan,nan,nan,nan,nan,nan,nan,4.6991811,0.31318665,0.055941284,7.6196742,-18964.816,nan,6.5306997
nan,nan,nan,nan,nan,nan,nan,nan,4.7046475,0.27977815,0.055638179,7.5492492,-18986.84,nan,6.4680138
nan,nan,nan,nan,nan,nan,nan,nan,4.710084,0.10690711,0.055334724,7.478806,-19008.744,nan,6.4053264
nan,nan,nan,nan,nan,nan,nan,nan,4.7154913,0.10136272,0.055030916,7.4083438,-19030.529,nan,6.342638
nan,nan,nan,nan,nan,nan,nan,nan,4.7208686,-0.02032941,0.054726765,7.3378625,-19052.195,nan,6.2799478
nan,nan,nan,nan,nan,nan,nan,nan,4.7262158,-0.049757294,0.054422267,7.2673616,-19073.738,nan,6.2172561
nan,nan,nan,nan,nan,nan,nan,nan,4.7315335,-0.10449032,0.054117423,7.1968408,-19095.164,nan,6.1545625
nan,nan,nan,nan,nan,nan,nan,nan,4.7368212,-0.15069352,0.053812236,7.1262999,-19116.467,nan,6.091867
nan,nan,nan,nan,nan,nan,nan,nan,4.7420788,-0.22589812,0.053506713,7.055738,-19137.65,nan,6.0291691
nan,nan,nan,nan,nan,nan,nan,nan,4.7473063,-0.3242754,0.053200852,6.9851551,-19158.715,nan,5.9664688
nan,nan,nan,nan,nan,nan,nan,nan,4.7525043,-0.37758678,0.052894652,6.9145508,-19179.656,nan,5.9037666
nan,nan,nan,nan,nan,nan,nan,nan,4.7576718,-0.46075255,0.05258812,6.843925,-19200.477,nan,5.8410611
nan,nan,nan,nan,nan,nan,nan,nan,4.7628098,-0.54420263,0.052281253,6.7732768,-19221.178,nan,5.7783532
nan,nan,nan,nan,nan,nan,nan,nan,4.7679176,-0.61841208,0.051974058,6.7026067,-19241.756,nan,5.7156425
nan,nan,nan,nan,nan,nan,nan,nan,4.772995,-0.68181711,0.051666535,6.6319137,-19262.213,nan,5.6529288
nan,nan,nan,nan,nan,nan,nan,nan,4.7780423,-0.7172159,0.051358685,6.5611978,-19282.549,nan,5.5902119
nan,nan,nan,nan,nan,nan,nan,nan,4.7830596,-0.84985459,0.05105051,6.490459,-19302.764,nan,5.5274916
nan,nan,nan,nan,nan,nan,nan,nan,4.7880464,-0.93543714,0.050742015,6.4196963,-19322.855,nan,5.4647675
nan,nan,nan,nan,nan,nan,nan,nan,4.7930031,-0.95221245,0.0504332,6.3489099,-19342.826,nan,5.4020405
nan,nan,nan,nan,nan,nan,nan,nan,4.7979298,-0.97979224,0.050124064,6.2781,-19362.676,nan,5.3393092
nan,nan,nan,nan,nan,nan,nan,nan,4.8028259,-1.2007146,0.049814612,6.2072654,-19382.402,nan,5.2765746
nan,nan,nan,nan,nan,nan,nan,nan,4.8076916,-1.1818068,0.049504843,6.1364064,-19402.006,nan,5.2138362
nan,nan,nan,nan,nan,nan,nan,nan,4.8125272,-1.2827431,0.049194764,6.0655231,-19421.488,nan,5.1510935
nan,nan,nan,nan,nan,nan,nan,nan,4.8173323,-1.267958,0.048884373,5.9946146,-19440.848,nan,5.0883465
nan,nan,nan,nan,nan,nan,nan,nan,4.8221068,-1.4517758,0.048573673,5.9236813,-19460.086,nan,5.0255957
nan,nan,nan,nan,nan,nan,nan,nan,4.8268509,-1.429456,0.048262667,5.8527226,-19479.199,nan,4.9628401
nan,nan,nan,nan,nan,nan,nan,nan,4.8315649,-1.4667029,0.047951359,5.7817388,-19498.191,nan,4.9000807
nan,nan,nan,nan,nan,nan,nan,nan,4.8362479,-1.511911,0.047639742,5.7107291,-19517.061,nan,4.8373165
nan,nan,nan,nan,nan,nan,nan,nan,4.8409004,-1.6924589,0.047327831,5.6396937,-19535.805,nan,4.7745476
nan,nan,nan,nan,nan,nan,nan,nan,4.8455224,-1.7318382,0.047015615,5.5686326,-19554.428,nan,4.7117743
nan,nan,nan,nan,nan,nan,nan,nan,4.8501139,-1.7548687,0.046703108,5.4975452,-19572.926,nan,4.6489964
nan,nan,nan,nan,nan,nan,nan,nan,4.8546748,-1.8607807,0.046390299,5.4264321,-19591.303,nan,4.5862136
nan,nan,nan,nan,nan,nan,nan,nan,4.8592048,-1.9701046,0.046077203,5.3552928,-19609.555,nan,4.5234256
nan,nan,nan,nan,nan,nan,nan,nan,4.8637042,-2.0158813,0.045763813,5.2841272,-19627.682,nan,4.4606333
nan,nan,nan,nan,nan,nan,nan,nan,4.8681731,-2.0703299,0.045450132,5.212935,-19645.688,nan,4.3978357
nan,nan,nan,nan,nan,nan,nan,nan,4.872611,-2.1168175,0.045136169,5.1417165,-19663.566,nan,4.3350329
nan,nan,nan,nan,nan,nan,nan,nan,4.8770185,-2.2386518,0.044821918,5.0704718,-19681.324,nan,4.2722254
nan,nan,nan,nan,nan,nan,nan,nan,4.8813949,-2.3600597,0.044507384,4.9991999,-19698.957,nan,4.2094126
nan,nan,nan,nan,nan,nan,nan,nan,4.8857403,-2.395174,0.044192567,4.9279017,-19716.465,nan,4.1465945
nan,nan,nan,nan,nan,nan,nan,nan,4.8900547,-2.4800458,0.043877475,4.8565774,-19733.848,nan,4.0837712
nan,nan,nan,nan,nan,nan,nan,nan,4.8943386,-2.4754965,0.043562103,4.7852259,-19751.107,nan,4.0209427
nan,nan,nan,nan,nan,nan,nan,nan,4.8985915,-2.5832567,0.043246455,4.7138481,-19768.242,nan,3.9581091
nan,nan,nan,nan,nan,nan,nan,nan,4.9028134,-2.6908746,0.042930536,4.6424437,-19785.254,nan,3.8952701
nan,nan,nan,nan,nan,nan,nan,nan,4.9070044,-2.7126255,0.042614348,4.5710125,-19802.139,nan,3.8324261
nan,nan,nan,nan,nan,nan,nan,nan,4.9111648,-2.8159785,0.042297885,4.4995546,-19818.9,nan,3.7695763
nan,nan,nan,nan,nan,nan,nan,nan,4.9152937,-2.8945951,0.041981161,4.4280705,-19835.535,nan,3.7067215
nan,nan,nan,nan,nan,nan,nan,nan,4.9193916,-2.9628336,0.041664168,4.3565602,-19852.045,nan,3.6438613
nan,nan,nan,nan,nan,nan,nan,nan,4.9234581,-3.0317831,0.041346911,4.2850232,-19868.432,nan,3.5809958
nan,nan,nan,nan,nan,nan,nan,nan,4.927494,-3.1216307,0.041029394,4.21346,-19884.691,nan,3.5181248
nan,nan,nan,nan,nan,nan,nan,nan,4.9314985,-3.2050807,0.040711619,4.1418705,-19900.826,nan,3.4552486
nan,nan,nan,nan,nan,nan,nan,nan,4.935472,-3.2231355,0.040393587,4.0702553,-19916.836,nan,3.3923671
nan,nan,nan,nan,nan,nan,nan,nan,4.9394145,-3.3158262,0.040075298,3.9986136,-19932.719,nan,3.3294802
nan,nan,nan,nan,nan,nan,nan,nan,4.9433255,-3.375535,0.039756756,3.9269464,-19948.477,nan,3.266588
nan,nan,nan,nan,nan,nan,nan,nan,4.9472055,-3.4950945,0.039437965,3.8552532,-19964.109,nan,3.2036908
nan,nan,nan,nan,nan,nan,nan,nan,4.9510541,-3.5196888,0.039118923,3.7835348,-19979.615,nan,3.1407881
nan,nan,nan,nan,nan,nan,nan,nan,4.9548712,-3.5936141,0.038799636,3.7117906,-19994.994,nan,3.0778801
nan,nan,nan,nan,nan,nan,nan,nan,4.9586573,-3.6790545,0.038480103,3.6400213,-20010.248,nan,3.0149672
nan,nan,nan,nan,nan,nan,nan,nan,4.9624124,-3.7455871,0.038160324,3.5682271,-20025.377,nan,2.952049
nan,nan,nan,nan,nan,nan,nan,nan,4.9661355,-3.8385623,0.037840307,3.496408,-20040.379,nan,2.8891258
nan,nan,nan,nan,nan,nan,nan,nan,4.9698277,-3.92187,0.037520051,3.4245641,-20055.254,nan,2.8261974
nan,nan,nan,nan,nan,nan,nan,nan,4.9734883,-3.9154727,0.037199557,3.3526957,-20070.002,nan,2.7632642
nan,nan,nan,nan,nan,nan,nan,nan,4.9771175,-3.9733334,0.036878828,3.2808032,-20084.625,nan,2.700326
nan,nan,nan,nan,nan,nan,nan,nan,4.9807153,-4.0978689,0.036557868,3.2088866,-20099.119,nan,2.6373827
nan,nan,nan,nan,nan,nan,nan,nan,4.9842815,-4.0907607,0.036236674,3.1369464,-20113.488,nan,2.5744348
nan,nan,nan,nan,nan,nan,nan,nan,4.9878163,-4.2249632,0.035915252,3.0649827,-20127.73,nan,2.511482
nan,nan,nan,nan,nan,nan,nan,nan,4.9913197,-4.2697449,0.035593603,2.9929955,-20141.846,nan,2.4485247
nan,nan,nan,nan,nan,nan,nan,nan,4.9947915,-4.3863187,0.03527173,2.9209855,-20155.834,nan,2.3855627
nan,nan,nan,nan,nan,nan,nan,nan,4.9982319,-4.4612393,0.034949634,2.8489528,-20169.693,nan,2.3225961
nan,nan,nan,nan,nan,nan,nan,nan,5.0016403,-4.4241343,0.034627318,2.7768977,-20183.428,nan,2.259625
nan,nan,nan,nan,nan,nan,nan,nan,5.0050178,-4.6260071,0.034304783,2.7048206,-20197.033,nan,2.1966496
nan,nan,nan,nan,nan,nan,nan,nan,5.0083632,-4.6494637,0.033982031,2.6327217,-20210.514,nan,2.1336699
nan,nan,nan,nan,nan,nan,nan,nan,5.0116768,-4.7027755,0.033659067,2.5606012,-20223.865,nan,2.0706859
nan,nan,nan,nan,nan,nan,nan,nan,5.0149589,-4.8304381,0.033335887,2.4884598,-20237.088,nan,2.0076981
nan,nan,nan,nan,nan,nan,nan,nan,5.0182095,-4.9015203,0.033012494,2.4162977,-20250.186,nan,1.9447058
nan,nan,nan,nan,nan,nan,nan,nan,5.0214286,-4.9669156,0.032688897,2.344115,-20263.154,nan,1.8817099
nan,nan,nan,nan,nan,nan,nan,nan,5.0246153,-5.0433993,0.032365095,2.2719121,-20275.994,nan,1.8187102
nan,nan,nan,nan,nan,nan,nan,nan,5.027771,-5.0785141,0.032041084,2.1996899,-20288.707,nan,1.7557067
nan,nan,nan,nan,nan,nan,nan,nan,5.0308943,-5.1675086,0.031716872,2.1274481,-20301.293,nan,1.6926996
nan,nan,nan,nan,nan,nan,nan,nan,5.0339861,-5.2211041,0.031392459,2.0551872,-20313.75,nan,1.629689
nan,nan,nan,nan,nan,nan,nan,nan,5.0370464,-5.3072553,0.03106785,1.982908,-20326.078,nan,1.5666751
nan,nan,nan,nan,nan,nan,nan,nan,5.0400743,-5.3547382,0.030743044,1.9106107,-20338.279,nan,1.5036578
nan,nan,nan,nan,nan,nan,nan,nan,5.0430708,-5.4270992,0.030418042,1.8382956,-20350.352,nan,1.4406375
nan,nan,nan,nan,nan,nan,nan,nan,5.0460353,-5.5522032,0.03009285,1.7659631,-20362.295,nan,1.3776141
nan,nan,nan,nan,nan,nan,nan,nan,5.0489678,-5.6002545,0.029767467,1.6936138,-20374.111,nan,1.3145878
nan,nan,nan,nan,nan,nan,nan,nan,5.0518689,-5.6382122,0.029441897,1.621248,-20385.799,nan,1.2515589
nan,nan,nan,nan,nan,nan,nan,nan,5.0547376,-5.7471099,0.029116139,1.5488662,-20397.357,nan,1.1885272
nan,nan,nan,nan,nan,nan,nan,nan,5.0575747,-5.7825084,0.028790198,1.4764688,-20408.787,nan,1.125493
nan,nan,nan,nan,nan,nan,nan,nan,5.0603795,-5.896524,0.028464077,1.4040563,-20420.088,nan,1.0624566
nan,nan,nan,nan,nan,nan,nan,nan,5.0631528,-5.9006467,0.028137773,1.3316292,-20431.26,nan,0.9994179
nan,nan,nan,nan,nan,nan,nan,nan,5.0658937,-6.0234761,0.027811294,1.2591878,-20442.305,nan,0.93637705
nan,nan,nan,nan,nan,nan,nan,nan,5.0686026,-6.0894399,0.027484639,1.1867326,-20453.219,nan,0.87333435
nan,nan,nan,nan,nan,nan,nan,nan,5.0712795,-6.1561146,0.027157808,1.1142644,-20464.004,nan,0.8102898
nan,nan,nan,nan,nan,nan,nan,nan,5.0739245,-6.1807094,0.026830807,1.0417833,-20474.662,nan,0.74724364
nan,nan,nan,nan,nan,nan,nan,nan,5.0765376,-6.2923079,0.026503637,0.96928996,-20485.189,nan,0.68419594
nan,nan,nan,nan,nan,nan,nan,nan,5.0791183,-6.3440552,0.0261763,0.89678484,-20495.588,nan,0.62114692
nan,nan,nan,nan,nan,nan,nan,nan,5.0816674,-6.4437118,0.025848797,0.82426846,-20505.855,nan,0.55809665
nan,nan,nan,nan,nan,nan,nan,nan,5.0841837,-6.4739928,0.025521129,0.75174135,-20515.996,nan,0.49504539
nan,nan,nan,nan,nan,nan,nan,nan,5.0866685,-6.5257406,0.025193302,0.67920399,-20526.006,nan,0.43199325
nan,nan,nan,nan,nan,nan,nan,nan,5.0891209,-6.601656,0.024865314,0.60665685,-20535.887,nan,0.36894032
nan,nan,nan,nan,nan,nan,nan,nan,5.0915413,-6.7294612,0.024537172,0.53410053,-20545.639,nan,0.30588686
nan,nan,nan,nan,nan,nan,nan,nan,5.0939293,-6.7496481,0.024208872,0.46153557,-20555.26,nan,0.24283299
nan,nan,nan,nan,nan,nan,nan,nan,5.0962853,-6.8903904,0.02388042,0.38896242,-20564.752,nan,0.17977884
nan,nan,nan,nan,nan,nan,nan,nan,5.098609,-6.8885422,0.023551818,0.31638169,-20574.115,nan,0.11672463
nan,nan,nan,nan,nan,nan,nan,nan,5.1009007,-6.9928904,0.023223067,0.24379386,-20583.348,nan,0.053670473
nan,nan,nan,nan,nan,nan,nan,nan,5.1031599,-7.0115137,0.022894168,0.17119952,-20592.451,nan,-0.0093834372
nan,nan,nan,nan,nan,nan,nan,nan,5.1053872,-7.1721587,0.022565126,0.098599181,-20601.424,nan,-0.072436944
nan,nan,nan,nan,nan,nan,nan,nan,5.1075821,-7.1818261,0.022235941,0.025993409,-20610.268,nan,-0.13548988
nan,nan,nan,nan,nan,nan,nan,nan,5.1097445,-7.32797,0.021906616,-0.046617243,-20618.98,nan,-0.19854207
nan,nan,nan,nan,nan,nan,nan,nan,5.1118751,-7.340054,0.021577151,-0.11923222,-20627.562,nan,-0.26159334
nan,nan,nan,nan,nan,nan,nan,nan,5.1139731,-7.4913163,0.021247551,-0.19185098,-20636.016,nan,-0.32464355
nan,nan,nan,nan,nan,nan,nan,nan,5.1160388,-7.4409904,0.020917816,-0.26447293,-20644.34,nan,-0.38769251
nan,nan,nan,nan,nan,nan,nan,nan,5.118072,-7.622107,0.020587951,-0.33709753,-20652.531,nan,-0.45074004
nan,nan,nan,nan,nan,nan,nan,nan,5.1200733,-7.6149988,0.020257954,-0.40972424,-20660.594,nan,-0.51378602
nan,nan,nan,nan,nan,nan,nan,nan,5.1220422,-7.7445097,0.01992783,-0.48235244,-20668.527,nan,-0.57683021
nan,nan,nan,nan,nan,nan,nan,nan,5.1239781,-7.895061,0.019597579,-0.55498159,-20676.328,nan,-0.63987243
nan,nan,nan,nan,nan,nan,nan,nan,5.1258826,-7.8929286,0.019267205,-0.62761116,-20684,nan,-0.70291257
nan,nan,nan,nan,nan,nan,nan,nan,5.1277542,-7.9655743,0.018936709,-0.70024049,-20691.541,nan,-0.76595044
nan,nan,nan,nan,nan,nan,nan,nan,5.1295934,-7.9465246,0.018606093,-0.77286911,-20698.951,nan,-0.82898587
nan,nan,nan,nan,nan,nan,nan,nan,5.1314001,-8.0338125,0.01827536,-0.84549636,-20706.23,nan,-0.89201868
nan,nan,nan,nan,nan,nan,nan,nan,5.1331749,-8.1174049,0.017944511,-0.91812176,-20713.381,nan,-0.95504868
nan,nan,nan,nan,nan,nan,nan,nan,5.1349168,-8.2527447,0.017613549,-0.99074465,-20720.398,nan,-1.0180757
nan,nan,nan,nan,nan,nan,nan,nan,5.1366262,-8.2989483,0.017282477,-1.0633645,-20727.287,nan,-1.0810996
nan,nan,nan,nan,nan,nan,nan,nan,5.1383033,-8.3677559,0.016951295,-1.1359807,-20734.045,nan,-1.1441202
nan,nan,nan,nan,nan,nan,nan,nan,5.1399484,-8.3454361,0.016620005,-1.2085928,-20740.67,nan,-1.2071373
nan,nan,nan,nan,nan,nan,nan,nan,5.1415606,-8.4887371,0.01628861,-1.2812001,-20747.166,nan,-1.2701508
nan,nan,nan,nan,nan,nan,nan,nan,5.1431403,-8.5815697,0.015957113,-1.3538021,-20753.531,nan,-1.3331604
nan,nan,nan,nan,nan,nan,nan,nan,5.1446877,-8.6530781,0.015625516,-1.4263982,-20759.766,nan,-1.3961661
nan,nan,nan,nan,nan,nan,nan,nan,5.1462021,-8.7031193,0.015293819,-1.4989878,-20765.869,nan,-1.4591675
nan,nan,nan,nan,nan,nan,nan,nan,5.1476846,-8.7571421,0.014962025,-1.5715704,-20771.84,nan,-1.5221647
nan,nan,nan,nan,nan,nan,nan,nan,5.1491342,-8.8427248,0.014630138,-1.6441455,-20777.682,nan,-1.5851574
nan,nan,nan,nan,nan,nan,nan,nan,5.1505513,-8.9715252,0.014298158,-1.7167124,-20783.391,nan,-1.6481453
nan,nan,nan,nan,nan,nan,nan,nan,5.1519361,-9.0130367,0.013966087,-1.7892705,-20788.971,nan,-1.7111285
nan,nan,nan,nan,nan,nan,nan,nan,5.1532884,-9.0684805,0.013633928,-1.8618194,-20794.418,nan,-1.7741066
nan,nan,nan,nan,nan,nan,nan,nan,5.1546078,-9.1010361,0.013301684,-1.9343585,-20799.734,nan,-1.8370796
nan,nan,nan,nan,nan,nan,nan,nan,5.1558948,-9.2679358,0.012969354,-2.0068872,-20804.92,nan,-1.9000474
nan,nan,nan,nan,nan,nan,nan,nan,5.1571493,-9.3029079,0.012636944,-2.0794051,-20809.975,nan,-1.9630096
nan,nan,nan,nan,nan,nan,nan,nan,5.1583714,-9.3610535,0.012304453,-2.1519115,-20814.898,nan,-2.0259662
nan,nan,nan,nan,nan,nan,nan,nan,5.1595607,-9.4443617,0.011971884,-2.2244058,-20819.689,nan,-2.088917
nan,nan,nan,nan,nan,nan,nan,nan,5.1607175,-9.5118895,0.011639241,-2.2968876,-20824.35,nan,-2.1518619
nan,nan,nan,nan,nan,nan,nan,nan,5.1618414,-9.57899,0.011306523,-2.3693566,-20828.879,nan,-2.2148006
nan,nan,nan,nan,nan,nan,nan,nan,5.1629329,-9.6441011,0.010973735,-2.4418118,-20833.277,nan,-2.2777331
nan,nan,nan,nan,nan,nan,nan,nan,5.1639919,-9.6809216,0.010640876,-2.5142529,-20837.543,nan,-2.3406591
nan,nan,nan,nan,nan,nan,nan,nan,5.1650181,-9.8097219,0.010307951,-2.5866792,-20841.678,nan,-2.4035788
nan,nan,nan,nan,nan,nan,nan,nan,5.1660118,-9.7768822,0.0099749602,-2.6590905,-20845.682,nan,-2.4664915
nan,nan,nan,nan,nan,nan,nan,nan,5.1669731,-9.9895592,0.0096419072,-2.7314861,-20849.555,nan,-2.5293975
nan,nan,nan,nan,nan,nan,nan,nan,5.1679015,-9.9220314,0.0093087927,-2.8038657,-20853.295,nan,-2.5922964
nan,nan,nan,nan,nan,nan,nan,nan,5.168797,-10.076279,0.0089756195,-2.8762286,-20856.904,nan,-2.6551881
nan,nan,nan,nan,nan,nan,nan,nan,5.1696601,-10.120776,0.0086423894,-2.9485741,-20860.381,nan,-2.7180727
nan,nan,nan,nan,nan,nan,nan,nan,5.1704907,-10.197829,0.0083091045,-3.0209022,-20863.727,nan,-2.7809498
nan,nan,nan,nan,nan,nan,nan,nan,5.1712885,-10.256542,0.0079757683,-3.0932119,-20866.941,nan,-2.8438194
nan,nan,nan,nan,nan,nan,nan,nan,5.1720538,-10.304452,0.0076423804,-3.1655033,-20870.023,nan,-2.9066813
nan,nan,nan,nan,nan,nan,nan,nan,5.1727862,-10.403255,0.0073089451,-3.2377756,-20872.975,nan,-2.9695354
nan,nan,nan,nan,nan,nan,nan,nan,5.1734858,-10.495946,0.0069754631,-3.3100281,-20875.795,nan,-3.0323813
nan,nan,nan,nan,nan,nan,nan,nan,5.1741529,-10.576838,0.0066419374,-3.3822608,-20878.482,nan,-3.0952194
nan,nan,nan,nan,nan,nan,nan,nan,5.1747875,-10.657444,0.0063083698,-3.4544733,-20881.039,nan,-3.1580493
nan,nan,nan,nan,nan,nan,nan,nan,5.1753893,-10.707912,0.0059747621,-3.5266645,-20883.463,nan,-3.2208707
nan,nan,nan,nan,nan,nan,nan,nan,5.1759582,-10.802735,0.0056411168,-3.5988345,-20885.756,nan,-3.2836838
nan,nan,nan,nan,nan,nan,nan,nan,5.1764946,-10.906231,0.0053074355,-3.6709831,-20887.916,nan,-3.3464885
nan,nan,nan,nan,nan,nan,nan,nan,5.1769981,-10.960679,0.0049737212,-3.7431092,-20889.945,nan,-3.4092844
nan,nan,nan,nan,nan,nan,nan,nan,5.1774693,-10.958689,0.0046399753,-3.8152127,-20891.844,nan,-3.4720714
nan,nan,nan,nan,nan,nan,nan,nan,5.1779075,-11.012996,0.0043062,-3.8872933,-20893.609,nan,-3.5348496
nan,nan,nan,nan,nan,nan,nan,nan,5.1783133,-11.143217,0.0039723977,-3.9593506,-20895.244,nan,-3.5976188
nan,nan,nan,nan,nan,nan,nan,nan,5.1786861,-11.199372,0.00363857,-4.031384,-20896.746,nan,-3.6603789
nan,nan,nan,nan,nan,nan,nan,nan,5.1790261,-11.233207,0.0033047195,-4.1033936,-20898.117,nan,-3.72313
nan,nan,nan,nan,nan,nan,nan,nan,5.1793337,-11.411765,0.002970848,-4.1753783,-20899.355,nan,-3.7858715
nan,nan,nan,nan,nan,nan,nan,nan,5.1796083,-11.4338,0.0026369579,-4.2473388,-20900.461,nan,-3.8486037
nan,nan,nan,nan,nan,nan,nan,nan,5.1798501,-11.583356,0.0023030511,-4.3192735,-20901.438,nan,-3.9113266
nan,nan,nan,nan,nan,nan,nan,nan,5.1800594,-11.576248,0.0019691298,-4.3911824,-20902.279,nan,-3.9740398
nan,nan,nan,nan,nan,nan,nan,nan,5.1802363,-11.639795,0.0016351959,-4.4630661,-20902.992,nan,-4.0367436
nan,nan,nan,nan,nan,nan,nan,nan,5.1803799,-11.707181,0.0013012518,-4.5349231,-20903.57,nan,-4.0994372
nan,nan,nan,nan,nan,nan,nan,nan,5.180491,-11.825177,0.00096729951,-4.6067538,-20904.02,nan,-4.1621213
nan,nan,nan,nan,nan,nan,nan,nan,5.1805696,-11.88588,0.00063334109,-4.6785574,-20904.334,nan,-4.2247958
nan,nan,nan,nan,nan,nan,nan,nan,5.1806149,-11.948859,0.00029937862,-4.7503343,-20904.518,nan,-4.2874599
nan,nan,nan,nan,nan,nan,nan,nan,5.1806283,-12.04553,-3.4585701e-05,-4.8220835,-20904.57,nan,-4.3501143
nan,nan,nan,nan,nan,nan,nan,nan,5.1806083,-12.097563,-0.00036854981,-4.893805,-20904.49,nan,-4.4127584
nan,nan,nan,nan,nan,nan,nan,nan,5.1805558,-12.1894,-0.00070251158,-4.9654984,-20904.279,nan,-4.4753923
nan,nan,nan,nan,nan,nan,nan,nan,5.1804705,-12.171488,-0.0010364689,-5.0371642,-20903.936,nan,-4.5380163
nan,nan,nan,nan,nan,nan,nan,nan,5.1803527,-12.238731,-0.0013704197,-5.1088009,-20903.461,nan,-4.6006303
nan,nan,nan,nan,nan,nan,nan,nan,5.180202,-12.357295,-0.0017043619,-5.1804094,-20902.854,nan,-4.6632333
nan,nan,nan,nan,nan,nan,nan,nan,5.1800184,-12.527181,-0.0020382933,-5.2519884,-20902.115,nan,-4.7258263
nan,nan,nan,nan,nan,nan,nan,nan,5.1798024,-12.506141,-0.0023722118,-5.3235388,-20901.244,nan,-4.7884092
nan,nan,nan,nan,nan,nan,nan,nan,5.1795535,-12.629254,-0.0027061151,-5.3950596,-20900.242,nan,-4.8509812
nan,nan,nan,nan,nan,nan,nan,nan,5.1792722,-12.673468,-0.0030400017,-5.4665508,-20899.107,nan,-4.9135427
nan,nan,nan,nan,nan,nan,nan,nan,5.1789579,-12.777105,-0.0033738688,-5.5380125,-20897.842,nan,-4.9760942
nan,nan,nan,nan,nan,nan,nan,nan,5.1786108,-12.750663,-0.0037077148,-5.6094441,-20896.443,nan,-5.0386348
nan,nan,nan,nan,nan,nan,nan,nan,5.1782312,-12.844064,-0.0040415372,-5.6808462,-20894.914,nan,-5.1011648
nan,nan,nan,nan,nan,nan,nan,nan,5.1778188,-12.96206,-0.0043753344,-5.7522178,-20893.252,nan,-5.1636844
nan,nan,nan,nan,nan,nan,nan,nan,5.1773739,-13.016509,-0.0047091036,-5.8235588,-20891.459,nan,-5.2261934
nan,nan,nan,nan,nan,nan,nan,nan,5.1768961,-13.042382,-0.0050428431,-5.8948698,-20889.533,nan,-5.288692
nan,nan,nan,nan,nan,nan,nan,nan,5.1763854,-13.137632,-0.0053765508,-5.9661498,-20887.477,nan,-5.3511796
nan,nan,nan,nan,nan,nan,nan,nan,5.1758423,-13.186679,-0.0057102246,-6.0373998,-20885.289,nan,-5.4136567
nan,nan,nan,nan,nan,nan,nan,nan,5.1752667,-13.281786,-0.0060438621,-6.1086183,-20882.969,nan,-5.4761233
nan,nan,nan,nan,nan,nan,nan,nan,5.1746578,-13.384428,-0.0063774618,-6.1798062,-20880.518,nan,-5.538579
nan,nan,nan,nan,nan,nan,nan,nan,5.174017,-13.385139,-0.0067110211,-6.2509637,-20877.934,nan,-5.6010242
nan,nan,nan,nan,nan,nan,nan,nan,5.1733427,-13.505693,-0.0070445379,-6.3220897,-20875.219,nan,-5.6634588
nan,nan,nan,nan,nan,nan,nan,nan,5.172636,-13.597816,-0.0073780101,-6.3931851,-20872.371,nan,-5.7258825
nan,nan,nan,nan,nan,nan,nan,nan,5.1718969,-13.622126,-0.0077114357,-6.4642491,-20869.393,nan,-5.7882962
nan,nan,nan,nan,nan,nan,nan,nan,5.1711249,-13.695909,-0.0080448128,-6.5352821,-20866.281,nan,-5.8506989
nan,nan,nan,nan,nan,nan,nan,nan,5.1703205,-13.822008,-0.0083781388,-6.6062841,-20863.041,nan,-5.9130912
nan,nan,nan,nan,nan,nan,nan,nan,5.1694832,-13.845465,-0.0087114125,-6.6772552,-20859.668,nan,-5.9754729
nan,nan,nan,nan,nan,nan,nan,nan,5.168613,-13.897923,-0.0090446305,-6.7481952,-20856.162,nan,-6.0378437
nan,nan,nan,nan,nan,nan,nan,nan,5.1677108,-13.993742,-0.0093777915,-6.8191042,-20852.525,nan,-6.1002045
nan,nan,nan,nan,nan,nan,nan,nan,5.1667752,-14.133773,-0.009710894,-6.8899822,-20848.758,nan,-6.1625547
nan,nan,nan,nan,nan,nan,nan,nan,5.1658077,-14.151828,-0.010043934,-6.9608297,-20844.857,nan,-6.2248945
nan,nan,nan,nan,nan,nan,nan,nan,5.1648068,-14.196609,-0.010376912,-7.0316458,-20840.828,nan,-6.2872238
nan,nan,nan,nan,nan,nan,nan,nan,5.163774,-14.290296,-0.010709823,-7.1024313,-20836.664,nan,-6.3495431
nan,nan,nan,nan,nan,nan,nan,nan,5.1627083,-14.311762,-0.011042667,-7.1731863,-20832.371,nan,-6.4118519
nan,nan,nan,nan,nan,nan,nan,nan,5.1616101,-14.496148,-0.011375441,-7.2439103,-20827.945,nan,-6.4741507
nan,nan,nan,nan,nan,nan,nan,nan,5.1604791,-14.492879,-0.011708143,-7.3146043,-20823.389,nan,-6.5364389
nan,nan,nan,nan,nan,nan,nan,nan,5.1593156,-14.52316,-0.012040772,-7.3852677,-20818.701,nan,-6.5987177
nan,nan,nan,nan,nan,nan,nan,nan,5.1581192,-14.594667,-0.012373324,-7.4559007,-20813.883,nan,-6.6609859
nan,nan,nan,nan,nan,nan,nan,nan,5.1568909,-14.652245,-0.012705798,-7.5265036,-20808.932,nan,-6.7232442
nan,nan,nan,nan,nan,nan,nan,nan,5.1556292,-14.714938,-0.013038192,-7.5970769,-20803.85,nan,-6.7854929
nan,nan,nan,nan,nan,nan,nan,nan,5.1543355,-14.78204,-0.013370504,-7.6676202,-20798.637,nan,-6.8477316
nan,nan,nan,nan,nan,nan,nan,nan,5.1530089,-14.916669,-0.013702731,-7.7381344,-20793.293,nan,-6.9099603
nan,nan,nan,nan,nan,nan,nan,nan,5.1516504,-15.05869,-0.014034871,-7.8086185,-20787.818,nan,-6.9721794
nan,nan,nan,nan,nan,nan,nan,nan,5.1502585,-15.041062,-0.014366923,-7.8790741,-20782.213,nan,-7.034389
nan,nan,nan,nan,nan,nan,nan,nan,5.1488347,-15.14996,-0.014698884,-7.9495006,-20776.475,nan,-7.0965891
nan,nan,nan,nan,nan,nan,nan,nan,5.147378,-15.228149,-0.015030752,-8.0198984,-20770.605,nan,-7.1587801
nan,nan,nan,nan,nan,nan,nan,nan,5.1458893,-15.303923,-0.015362525,-8.0902672,-20764.607,nan,-7.2209616
nan,nan,nan,nan,nan,nan,nan,nan,5.1443677,-15.318281,-0.015694201,-8.1606083,-20758.477,nan,-7.2831335
nan,nan,nan,nan,nan,nan,nan,nan,5.1428137,-15.389079,-0.016025778,-8.2309208,-20752.215,nan,-7.3452964
nan,nan,nan,nan,nan,nan,nan,nan,5.1412272,-15.463857,-0.016357254,-8.3012066,-20745.824,nan,-7.4074507
nan,nan,nan,nan,nan,nan,nan,nan,5.1396079,-15.546881,-0.016688628,-8.3714638,-20739.301,nan,-7.4695959
nan,nan,nan,nan,nan,nan,nan,nan,5.1379566,-15.659189,-0.017019894,-8.4416952,-20732.646,nan,-7.5317321
nan,nan,nan,nan,nan,nan,nan,nan,5.1362724,-15.707099,-0.017351054,-8.511899,-20725.861,nan,-7.5938597
nan,nan,nan,nan,nan,nan,nan,nan,5.1345563,-15.772352,-0.017682103,-8.5820761,-20718.947,nan,-7.6559787
nan,nan,nan,nan,nan,nan,nan,nan,5.1328077,-15.834335,-0.018013043,-8.6522274,-20711.9,nan,-7.7180891
nan,nan,nan,nan,nan,nan,nan,nan,5.1310263,-15.883098,-0.018343868,-8.722353,-20704.725,nan,-7.7801914
nan,nan,nan,nan,nan,nan,nan,nan,5.1292129,-15.961572,-0.018674577,-8.7924528,-20697.418,nan,-7.8422852
nan,nan,nan,nan,nan,nan,nan,nan,5.1273665,-16.069901,-0.019005166,-8.8625278,-20689.98,nan,-7.9043713
nan,nan,nan,nan,nan,nan,nan,nan,5.1254883,-16.127762,-0.019335637,-8.9325781,-20682.412,nan,-7.9664488
nan,nan,nan,nan,nan,nan,nan,nan,5.1235776,-16.154772,-0.019665986,-9.0026035,-20674.713,nan,-8.0285187
nan,nan,nan,nan,nan,nan,nan,nan,5.1216345,-16.289118,-0.019996211,-9.0726061,-20666.885,nan,-8.0905809
nan,nan,nan,nan,nan,nan,nan,nan,5.1196589,-16.335035,-0.020326309,-9.1425838,-20658.924,nan,-8.1526365
nan,nan,nan,nan,nan,nan,nan,nan,5.117651,-16.4536,-0.020656278,-9.2125387,-20650.836,nan,-8.2146835
nan,nan,nan,nan,nan,nan,nan,nan,5.1156106,-16.481607,-0.020986117,-9.2824717,-20642.615,nan,-8.2767239
nan,nan,nan,nan,nan,nan,nan,nan,5.1135383,-16.507053,-0.021315824,-9.3523817,-20634.266,nan,-8.3387566
nan,nan,nan,nan,nan,nan,nan,nan,5.1114335,-16.683907,-0.021645397,-9.4222698,-20625.785,nan,-8.4007816
nan,nan,nan,nan,nan,nan,nan,nan,5.1092963,-16.693573,-0.021974832,-9.492136,-20617.176,nan,-8.462801
nan,nan,nan,nan,nan,nan,nan,nan,5.1071272,-16.767071,-0.022304129,-9.5619822,-20608.436,nan,-8.5248137
nan,nan,nan,nan,nan,nan,nan,nan,5.1049256,-16.868008,-0.022633284,-9.6318073,-20599.564,nan,-8.5868187
nan,nan,nan,nan,nan,nan,nan,nan,5.1026917,-16.96468,-0.022962296,-9.7016134,-20590.564,nan,-8.648818
nan,nan,nan,nan,nan,nan,nan,nan,5.1004257,-16.954727,-0.023291163,-9.7713985,-20581.434,nan,-8.7108116
nan,nan,nan,nan,nan,nan,nan,nan,5.0981274,-17.098455,-0.023619885,-9.8411655,-20572.174,nan,-8.7727985
nan,nan,nan,nan,nan,nan,nan,nan,5.0957971,-17.195553,-0.023948455,-9.9109144,-20562.785,nan,-8.8347797
nan,nan,nan,nan,nan,nan,nan,nan,5.0934343,-17.238628,-0.024276875,-9.9806442,-20553.266,nan,-8.8967543
nan,nan,nan,nan,nan,nan,nan,nan,5.0910397,-17.24403,-0.024605142,-10.050357,-20543.617,nan,-8.958724
nan,nan,nan,nan,nan,nan,nan,nan,5.0886126,-17.374111,-0.024933254,-10.120053,-20533.838,nan,-9.0206881
nan,nan,nan,nan,nan,nan,nan,nan,5.0861535,-17.396572,-0.025261207,-10.189733,-20523.932,nan,-9.0826473
nan,nan,nan,nan,nan,nan,nan,nan,5.083662,-17.498503,-0.025589002,-10.259397,-20513.893,nan,-9.1446009
nan,nan,nan,nan,nan,nan,nan,nan,5.0811386,-17.600151,-0.025916634,-10.329044,-20503.727,nan,-9.2065496
nan,nan,nan,nan,nan,nan,nan,nan,5.0785832,-17.63825,-0.026244104,-10.398678,-20493.432,nan,-9.2684937
nan,nan,nan,nan,nan,nan,nan,nan,5.0759954,-17.753687,-0.026571406,-10.468298,-20483.006,nan,-9.3304329
nan,nan,nan,nan,nan,nan,nan,nan,5.0733762,-17.815245,-0.026898542,-10.537904,-20472.451,nan,-9.3923683
nan,nan,nan,nan,nan,nan,nan,nan,5.0707245,-17.830883,-0.027225507,-10.607496,-20461.768,nan,-9.454299
nan,nan,nan,nan,nan,nan,nan,nan,5.0680408,-17.921299,-0.027552301,-10.677076,-20450.955,nan,-9.5162258
nan,nan,nan,nan,nan,nan,nan,nan,5.0653248,-17.985415,-0.02787892,-10.746645,-20440.014,nan,-9.5781488
nan,nan,nan,nan,nan,nan,nan,nan,5.0625772,-18.04953,-0.028205363,-10.816202,-20428.943,nan,-9.6400671
nan,nan,nan,nan,nan,nan,nan,nan,5.0597978,-18.125303,-0.028531628,-10.885749,-20417.744,nan,-9.7019825
nan,nan,nan,nan,nan,nan,nan,nan,5.0569859,-18.171648,-0.028857714,-10.955285,-20406.416,nan,-9.763895
nan,nan,nan,nan,nan,nan,nan,nan,5.0541425,-18.273581,-0.029183615,-11.024812,-20394.959,nan,-9.8258038
nan,nan,nan,nan,nan,nan,nan,nan,5.0512671,-18.356604,-0.029509334,-11.094331,-20383.373,nan,-9.8877096
nan,nan,nan,nan,nan,nan,nan,nan,5.0483594,-18.415602,-0.029834867,-11.16384,-20371.66,nan,-9.9496136
nan,nan,nan,nan,nan,nan,nan,nan,5.0454202,-18.509003,-0.030160209,-11.233343,-20359.816,nan,-10.011514
nan,nan,nan,nan,nan,nan,nan,nan,5.042449,-18.660692,-0.030485362,-11.302839,-20347.846,nan,-10.073412
nan,nan,nan,nan,nan,nan,nan,nan,5.0394459,-18.665668,-0.030810323,-11.372329,-20335.746,nan,-10.135307
nan,nan,nan,nan,nan,nan,nan,nan,5.0364113,-18.685997,-0.031135088,-11.441813,-20323.52,nan,-10.197201
nan,nan,nan,nan,nan,nan,nan,nan,5.0333447,-18.749687,-0.031459656,-11.511292,-20311.164,nan,-10.259093
nan,nan,nan,nan,nan,nan,nan,nan,5.0302463,-18.799585,-0.031784028,-11.580766,-20298.68,nan,-10.320983
nan,nan,nan,nan,nan,nan,nan,nan,5.0271158,-18.913317,-0.032108199,-11.650237,-20286.068,nan,-10.382872
nan,nan,nan,nan,nan,nan,nan,nan,5.0239539,-18.949568,-0.032432165,-11.719705,-20273.33,nan,-10.444758
nan,nan,nan,nan,nan,nan,nan,nan,5.0207601,-18.973026,-0.032755926,-11.789171,-20260.461,nan,-10.506644
nan,nan,nan,nan,nan,nan,nan,nan,5.0175347,-19.175894,-0.033079483,-11.858635,-20247.467,nan,-10.56853
nan,nan,nan,nan,nan,nan,nan,nan,5.0142779,-19.201624,-0.033402827,-11.928098,-20234.344,nan,-10.630414
nan,nan,nan,nan,nan,nan,nan,nan,5.0109892,-19.258205,-0.033725962,-11.997561,-20221.094,nan,-10.692298
nan,nan,nan,nan,nan,nan,nan,nan,5.0076685,-19.375206,-0.034048885,-12.067024,-20207.715,nan,-10.754181
nan,nan,nan,nan,nan,nan,nan,nan,5.0043163,-19.420984,-0.034371592,-12.136488,-20194.209,nan,-10.816064
nan,nan,nan,nan,nan,nan,nan,nan,5.0009327,-19.512537,-0.034694083,-12.205955,-20180.576,nan,-10.877947
nan,nan,nan,nan,nan,nan,nan,nan,4.9975176,-19.580492,-0.03501635,-12.275423,-20166.816,nan,-10.93983
nan,nan,nan,nan,nan,nan,nan,nan,4.9940705,-19.603237,-0.035338402,-12.344894,-20152.93,nan,-11.001713
nan,nan,nan,nan,nan,nan,nan,nan,4.9905925,-19.772982,-0.03566023,-12.41437,-20138.914,nan,-11.063597
nan,nan,nan,nan,nan,nan,nan,nan,4.9870825,-19.725355,-0.03598183,-12.48385,-20124.773,nan,-11.125482
nan,nan,nan,nan,nan,nan,nan,nan,4.983541,-19.94244,-0.036303204,-12.553335,-20110.506,nan,-11.187366
nan,nan,nan,nan,nan,nan,nan,nan,4.9799681,-19.962484,-0.036624346,-12.622826,-20096.109,nan,-11.249253
nan,nan,nan,nan,nan,nan,nan,nan,4.9763637,-19.97471,-0.036945261,-12.692323,-20081.588,nan,-11.311141
nan,nan,nan,nan,nan,nan,nan,nan,4.9727283,-20.028591,-0.037265942,-12.761827,-20066.939,nan,-11.37303
nan,nan,nan,nan,nan,nan,nan,nan,4.9690609,-20.130381,-0.037586384,-12.831341,-20052.164,nan,-11.43492
nan,nan,nan,nan,nan,nan,nan,nan,4.9653625,-20.261597,-0.037906591,-12.900862,-20037.264,nan,-11.496813
nan,nan,nan,nan,nan,nan,nan,nan,4.9616323,-20.307659,-0.03822656,-12.970392,-20022.234,nan,-11.558706
nan,nan,nan,nan,nan,nan,nan,nan,4.9578714,-20.355852,-0.038546287,-13.039932,-20007.08,nan,-11.620603
nan,nan,nan,nan,nan,nan,nan,nan,4.9540787,-20.405752,-0.038865767,-13.109484,-19991.801,nan,-11.682502
nan,nan,nan,nan,nan,nan,nan,nan,4.9502549,-20.484795,-0.039185006,-13.179046,-19976.395,nan,-11.744402
nan,nan,nan,nan,nan,nan,nan,nan,4.9463997,-20.574783,-0.039503995,-13.248621,-19960.861,nan,-11.806306
nan,nan,nan,nan,nan,nan,nan,nan,4.9425135,-20.653259,-0.039822735,-13.318208,-19945.203,nan,-11.868213
nan,nan,nan,nan,nan,nan,nan,nan,4.9385958,-20.66577,-0.040141225,-13.387808,-19929.42,nan,-11.930121
nan,nan,nan,nan,nan,nan,nan,nan,4.9346471,-20.785328,-0.040459458,-13.457423,-19913.51,nan,-11.992034
nan,nan,nan,nan,nan,nan,nan,nan,4.9306669,-20.884701,-0.040777437,-13.527052,-19897.475,nan,-12.053949
nan,nan,nan,nan,nan,nan,nan,nan,4.9266558,-20.913845,-0.04109516,-13.596697,-19881.314,nan,-12.115869
nan,nan,nan,nan,nan,nan,nan,nan,4.9226136,-20.98905,-0.041412622,-13.666357,-19865.027,nan,-12.177791
nan,nan,nan,nan,nan,nan,nan,nan,4.9185405,-21.115149,-0.041729823,-13.736035,-19848.617,nan,-12.239717
nan,nan,nan,nan,nan,nan,nan,nan,4.9144359,-21.104912,-0.042046759,-13.80573,-19832.08,nan,-12.301647
nan,nan,nan,nan,nan,nan,nan,nan,4.9103003,-21.151543,-0.042363431,-13.875443,-19815.418,nan,-12.363582
nan,nan,nan,nan,nan,nan,nan,nan,4.9061341,-21.2421,-0.042679835,-13.945174,-19798.631,nan,-12.42552
nan,nan,nan,nan,nan,nan,nan,nan,4.9019365,-21.340193,-0.042995971,-14.014925,-19781.721,nan,-12.487463
nan,nan,nan,nan,nan,nan,nan,nan,4.8977079,-21.457193,-0.043311834,-14.084696,-19764.684,nan,-12.54941
nan,nan,nan,nan,nan,nan,nan,nan,4.8934488,-21.459185,-0.043627422,-14.154487,-19747.523,nan,-12.611362
nan,nan,nan,nan,nan,nan,nan,nan,4.8891587,-21.558983,-0.043942738,-14.224299,-19730.238,nan,-12.673319
nan,nan,nan,nan,nan,nan,nan,nan,4.8848376,-21.621962,-0.044257771,-14.294133,-19712.828,nan,-12.73528
nan,nan,nan,nan,nan,nan,nan,nan,4.8804855,-21.685652,-0.044572528,-14.363991,-19695.293,nan,-12.797247
nan,nan,nan,nan,nan,nan,nan,nan,4.8761029,-21.725031,-0.044887003,-14.43387,-19677.635,nan,-12.859219
nan,nan,nan,nan,nan,nan,nan,nan,4.8716893,-21.844021,-0.045201197,-14.503774,-19659.854,nan,-12.921195
nan,nan,nan,nan,nan,nan,nan,nan,4.8672447,-21.926191,-0.045515101,-14.573702,-19641.945,nan,-12.983178
nan,nan,nan,nan,nan,nan,nan,nan,4.8627696,-22.009216,-0.045828719,-14.643655,-19623.916,nan,-13.045166
nan,nan,nan,nan,nan,nan,nan,nan,4.858264,-22.024,-0.046142049,-14.713633,-19605.762,nan,-13.10716
nan,nan,nan,nan,nan,nan,nan,nan,4.8537273,-22.079586,-0.046455085,-14.783637,-19587.484,nan,-13.169159
nan,nan,nan,nan,nan,nan,nan,nan,4.8491602,-22.247623,-0.046767831,-14.853667,-19569.082,nan,-13.231164
nan,nan,nan,nan,nan,nan,nan,nan,4.8445621,-22.218197,-0.047080278,-14.923725,-19550.559,nan,-13.293176
nan,nan,nan,nan,nan,nan,nan,nan,4.8399339,-22.401018,-0.047392432,-14.993811,-19531.91,nan,-13.355193
nan,nan,nan,nan,nan,nan,nan,nan,4.8352747,-22.383818,-0.047704283,-15.063925,-19513.139,nan,-13.417216
nan,nan,nan,nan,nan,nan,nan,nan,4.8305855,-22.50423,-0.048015833,-15.134068,-19494.246,nan,-13.479246
nan,nan,nan,nan,nan,nan,nan,nan,4.8258653,-22.560242,-0.048327081,-15.20424,-19475.229,nan,-13.541283
nan,nan,nan,nan,nan,nan,nan,nan,4.821115,-22.642128,-0.048638023,-15.274442,-19456.088,nan,-13.603326
nan,nan,nan,nan,nan,nan,nan,nan,4.8163338,-22.686911,-0.048948657,-15.344674,-19436.826,nan,-13.665376
nan,nan,nan,nan,nan,nan,nan,nan,4.8115225,-22.761404,-0.049258985,-15.414937,-19417.441,nan,-13.727432
nan,nan,nan,nan,nan,nan,nan,nan,4.8066807,-22.812868,-0.049569,-15.485232,-19397.934,nan,-13.789495
nan,nan,nan,nan,nan,nan,nan,nan,4.8018084,-22.919205,-0.049878702,-15.555558,-19378.303,nan,-13.851565
nan,nan,nan,nan,nan,nan,nan,nan,4.796906,-22.980335,-0.050188087,-15.625917,-19358.551,nan,-13.913642
nan,nan,nan,nan,nan,nan,nan,nan,4.7919731,-23.025829,-0.050497156,-15.696309,-19338.678,nan,-13.975726
nan,nan,nan,nan,nan,nan,nan,nan,4.7870102,-23.169415,-0.050805908,-15.766734,-19318.682,nan,-14.037817
nan,nan,nan,nan,nan,nan,nan,nan,4.7820172,-23.129608,-0.051114336,-15.837193,-19298.562,nan,-14.099916
nan,nan,nan,nan,nan,nan,nan,nan,4.7769938,-23.291248,-0.051422443,-15.907685,-19278.324,nan,-14.162021
nan,nan,nan,nan,nan,nan,nan,nan,4.7719398,-23.338161,-0.051730223,-15.978213,-19257.963,nan,-14.224133
nan,nan,nan,nan,nan,nan,nan,nan,4.7668562,-23.405121,-0.052037679,-16.048775,-19237.479,nan,-14.286254
nan,nan,nan,nan,nan,nan,nan,nan,4.7617421,-23.447771,-0.052344806,-16.119373,-19216.875,nan,-14.348381
nan,nan,nan,nan,nan,nan,nan,nan,4.756598,-23.539465,-0.052651603,-16.190006,-19196.15,nan,-14.410517
nan,nan,nan,nan,nan,nan,nan,nan,4.7514243,-23.571878,-0.052958064,-16.260675,-19175.305,nan,-14.472659
nan,nan,nan,nan,nan,nan,nan,nan,4.7462201,-23.744324,-0.053264193,-16.331383,-19154.338,nan,-14.534809
nan,nan,nan,nan,nan,nan,nan,nan,4.7409863,-23.820097,-0.053569987,-16.402126,-19133.25,nan,-14.596967
nan,nan,nan,nan,nan,nan,nan,nan,4.7357221,-23.842133,-0.053875439,-16.472906,-19112.041,nan,-14.659132
nan,nan,nan,nan,nan,nan,nan,nan,4.7304282,-23.979889,-0.054180555,-16.543724,-19090.711,nan,-14.721305
nan,nan,nan,nan,nan,nan,nan,nan,4.7251043,-23.999792,-0.054485325,-16.61458,-19069.262,nan,-14.783485
nan,nan,nan,nan,nan,nan,nan,nan,4.7197509,-23.972923,-0.054789752,-16.685474,-19047.693,nan,-14.845674
nan,nan,nan,nan,nan,nan,nan,nan,4.7143674,-24.13954,-0.055093832,-16.756407,-19026.002,nan,-14.907869
nan,nan,nan,nan,nan,nan,nan,nan,4.7089543,-24.237206,-0.055397566,-16.827377,-19004.193,nan,-14.970074
nan,nan,nan,nan,nan,nan,nan,nan,4.7035112,-24.265779,-0.05570095,-16.898388,-18982.264,nan,-15.032285
nan,nan,nan,nan,nan,nan,nan,nan,4.6980386,-24.326485,-0.05600398,-16.969439,-18960.213,nan,-15.094504
nan,nan,nan,nan,nan,nan,nan,nan,4.6925364,-24.401831,-0.05630666,-17.040527,-18938.045,nan,-15.156731
nan,nan,nan,nan,nan,nan,nan,nan,4.6870046,-24.408228,-0.056608982,-17.111656,-18915.756,nan,-15.218966
nan,nan,nan,nan,nan,nan,nan,nan,4.6814427,-24.501629,-0.056910947,-17.182825,-18893.35,nan,-15.281208
nan,nan,nan,nan,nan,nan,nan,nan,4.6758518,-24.593468,-0.05721255,-17.254034,-18870.822,nan,-15.343458
nan,nan,nan,nan,nan,nan,nan,nan,4.6702313,-24.666824,-0.057513796,-17.325285,-18848.176,nan,-15.405716
nan,nan,nan,nan,nan,nan,nan,nan,4.6645808,-24.737053,-0.057814676,-17.396574,-18825.412,nan,-15.467981
nan,nan,nan,nan,nan,nan,nan,nan,4.6589012,-24.831734,-0.058115192,-17.467905,-18802.529,nan,-15.530254
nan,nan,nan,nan,nan,nan,nan,nan,4.6531925,-24.911915,-0.058415338,-17.539276,-18779.527,nan,-15.592535
nan,nan,nan,nan,nan,nan,nan,nan,4.6474538,-24.996218,-0.058715116,-17.610689,-18756.406,nan,-15.654823
nan,nan,nan,nan,nan,nan,nan,nan,4.641686,-24.973471,-0.059014525,-17.682144,-18733.168,nan,-15.717119
nan,nan,nan,nan,nan,nan,nan,nan,4.6358891,-25.100424,-0.059313562,-17.753637,-18709.812,nan,-15.779422
nan,nan,nan,nan,nan,nan,nan,nan,4.6300626,-25.201643,-0.059612222,-17.825174,-18686.338,nan,-15.841733
nan,nan,nan,nan,nan,nan,nan,nan,4.624207,-25.177191,-0.059910506,-17.896751,-18662.744,nan,-15.904051
nan,nan,nan,nan,nan,nan,nan,nan,4.6183219,-25.301868,-0.06020841,-17.96837,-18639.035,nan,-15.966376
nan,nan,nan,nan,nan,nan,nan,nan,4.6124082,-25.359873,-0.060505938,-18.040031,-18615.207,nan,-16.028709
nan,nan,nan,nan,nan,nan,nan,nan,4.6064649,-25.446165,-0.060803082,-18.111734,-18591.262,nan,-16.091049
nan,nan,nan,nan,nan,nan,nan,nan,4.6004925,-25.499619,-0.061099838,-18.183477,-18567.199,nan,-16.153395
nan,nan,nan,nan,nan,nan,nan,nan,4.5944915,-25.608801,-0.061396215,-18.255262,-18543.02,nan,-16.21575
nan,nan,nan,nan,nan,nan,nan,nan,4.5884609,-25.647469,-0.061692201,-18.327089,-18518.725,nan,-16.278111
nan,nan,nan,nan,nan,nan,nan,nan,4.5824018,-25.755087,-0.061987795,-18.398956,-18494.311,nan,-16.340477
nan,nan,nan,nan,nan,nan,nan,nan,4.5763135,-25.740303,-0.062282998,-18.470865,-18469.781,nan,-16.402853
nan,nan,nan,nan,nan,nan,nan,nan,4.5701962,-25.878769,-0.062577814,-18.542816,-18445.135,nan,-16.465233
nan,nan,nan,nan,nan,nan,nan,nan,4.5640502,-25.907486,-0.062872224,-18.614809,-18420.373,nan,-16.527622
nan,nan,nan,nan,nan,nan,nan,nan,4.5578752,-26.0832,-0.063166246,-18.686842,-18395.494,nan,-16.590015
nan,nan,nan,nan,nan,nan,nan,nan,4.5516715,-26.078226,-0.063459866,-18.758915,-18370.5,nan,-16.652416
nan,nan,nan,nan,nan,nan,nan,nan,4.5454392,-26.133669,-0.063753083,-18.83103,-18345.389,nan,-16.714823
nan,nan,nan,nan,nan,nan,nan,nan,4.5391779,-26.178593,-0.064045899,-18.903185,-18320.162,nan,-16.777237
nan,nan,nan,nan,nan,nan,nan,nan,4.5328884,-26.29929,-0.064338312,-18.975382,-18294.822,nan,-16.839655
nan,nan,nan,nan,nan,nan,nan,nan,4.5265698,-26.362837,-0.064630315,-19.047619,-18269.365,nan,-16.902081
nan,nan,nan,nan,nan,nan,nan,nan,4.5202231,-26.409182,-0.064921916,-19.119896,-18243.793,nan,-16.964512
nan,nan,nan,nan,nan,nan,nan,nan,4.5138474,-26.505997,-0.065213099,-19.192213,-18218.105,nan,-17.026947
nan,nan,nan,nan,nan,nan,nan,nan,4.5074434,-26.606932,-0.065503873,-19.264568,-18192.303,nan,-17.08939
nan,nan,nan,nan,nan,nan,nan,nan,4.5010109,-26.62513,-0.065794237,-19.336966,-18166.387,nan,-17.151836
nan,nan,nan,nan,nan,nan,nan,nan,4.4945498,-26.768288,-0.066084184,-19.409401,-18140.355,nan,-17.214289
nan,nan,nan,nan,nan,nan,nan,nan,4.4880605,-26.858135,-0.066373706,-19.481874,-18114.209,nan,-17.276745
nan,nan,nan,nan,nan,nan,nan,nan,4.4815426,-26.829418,-0.066662818,-19.554388,-18087.949,nan,-17.339209
nan,nan,nan,nan,nan,nan,nan,nan,4.4749966,-26.992622,-0.066951506,-19.62694,-18061.576,nan,-17.401674
nan,nan,nan,nan,nan,nan,nan,nan,4.4684224,-27.034561,-0.067239769,-19.69953,-18035.088,nan,-17.464146
nan,nan,nan,nan,nan,nan,nan,nan,4.4618201,-27.163788,-0.067527607,-19.772156,-18008.486,nan,-17.526621
nan,nan,nan,nan,nan,nan,nan,nan,4.4551892,-27.148291,-0.067815021,-19.844822,-17981.771,nan,-17.589102
nan,nan,nan,nan,nan,nan,nan,nan,4.4485302,-27.303677,-0.06810201,-19.917522,-17954.941,nan,-17.651585
nan,nan,nan,nan,nan,nan,nan,nan,4.4418435,-27.320452,-0.068388566,-19.990261,-17928,nan,-17.714073
nan,nan,nan,nan,nan,nan,nan,nan,4.4351287,-27.364096,-0.068674691,-20.063036,-17900.945,nan,-17.776564
nan,nan,nan,nan,nan,nan,nan,nan,4.4283853,-27.42679,-0.068960376,-20.135847,-17873.777,nan,-17.839058
nan,nan,nan,nan,nan,nan,nan,nan,4.4216146,-27.52986,-0.069245629,-20.208693,-17846.498,nan,-17.901556
nan,nan,nan,nan,nan,nan,nan,nan,4.4148154,-27.620275,-0.06953045,-20.281572,-17819.105,nan,-17.964056
nan,nan,nan,nan,nan,nan,nan,nan,4.407989,-27.64032,-0.069814824,-20.354486,-17791.6,nan,-18.02656
nan,nan,nan,nan,nan,nan,nan,nan,4.401134,-27.733437,-0.070098758,-20.427437,-17763.982,nan,-18.089066
nan,nan,nan,nan,nan,nan,nan,nan,4.3942518,-27.766277,-0.070382252,-20.500418,-17736.254,nan,-18.151575
nan,nan,nan,nan,nan,nan,nan,nan,4.3873415,-27.891665,-0.0706653,-20.573433,-17708.412,nan,-18.214085
nan,nan,nan,nan,nan,nan,nan,nan,4.3804035,-27.942844,-0.070947908,-20.646481,-17680.459,nan,-18.276598
nan,nan,nan,nan,nan,nan,nan,nan,4.3734384,-28.045345,-0.071230061,-20.719561,-17652.395,nan,-18.339111
nan,nan,nan,nan,nan,nan,nan,nan,4.3664451,-28.079605,-0.071511768,-20.792671,-17624.219,nan,-18.401627
nan,nan,nan,nan,nan,nan,nan,nan,4.3594241,-28.206985,-0.07179302,-20.865812,-17595.934,nan,-18.464144
nan,nan,nan,nan,nan,nan,nan,nan,4.352376,-28.218784,-0.072073817,-20.938984,-17567.535,nan,-18.526661
nan,nan,nan,nan,nan,nan,nan,nan,4.3453002,-28.317446,-0.07235416,-21.012184,-17539.027,nan,-18.58918
nan,nan,nan,nan,nan,nan,nan,nan,4.3381968,-28.335928,-0.072634049,-21.085413,-17510.408,nan,-18.651697
nan,nan,nan,nan,nan,nan,nan,nan,4.3310661,-28.463448,-0.072913475,-21.15867,-17481.678,nan,-18.714216
nan,nan,nan,nan,nan,nan,nan,nan,4.3239083,-28.445961,-0.073192447,-21.231956,-17452.838,nan,-18.776735
nan,nan,nan,nan,nan,nan,nan,nan,4.3167229,-28.622955,-0.07347095,-21.305267,-17423.889,nan,-18.839252
nan,nan,nan,nan,nan,nan,nan,nan,4.3095102,-28.61997,-0.073748991,-21.378607,-17394.83,nan,-18.90177
nan,nan,nan,nan,nan,nan,nan,nan,4.3022704,-28.697592,-0.07402657,-21.451969,-17365.66,nan,-18.964287
nan,nan,nan,nan,nan,nan,nan,nan,4.2950034,-28.871031,-0.074303672,-21.525358,-17336.381,nan,-19.026802
nan,nan,nan,nan,nan,nan,nan,nan,4.2877092,-28.818289,-0.074580312,-21.59877,-17306.994,nan,-19.089315
nan,nan,nan,nan,nan,nan,nan,nan,4.2803884,-28.974953,-0.074856482,-21.672205,-17277.496,nan,-19.151829
nan,nan,nan,nan,nan,nan,nan,nan,4.2730398,-29.011063,-0.075132176,-21.745663,-17247.891,nan,-19.214338
nan,nan,nan,nan,nan,nan,nan,nan,4.2656651,-29.095934,-0.075407393,-21.819143,-17218.176,nan,-19.276846
nan,nan,nan,nan,nan,nan,nan,nan,4.2582626,-29.160761,-0.075682141,-21.892643,-17188.352,nan,-19.33935
nan,nan,nan,nan,nan,nan,nan,nan,4.2508335,-29.263971,-0.075956404,-21.966164,-17158.42,nan,-19.401852
nan,nan,nan,nan,nan,nan,nan,nan,4.2433777,-29.321264,-0.076230191,-22.039703,-17128.381,nan,-19.46435
nan,nan,nan,nan,nan,nan,nan,nan,4.2358952,-29.469398,-0.076503493,-22.11326,-17098.232,nan,-19.526844
nan,nan,nan,nan,nan,nan,nan,nan,4.2283854,-29.450491,-0.076776318,-22.186836,-17067.977,nan,-19.589334
nan,nan,nan,nan,nan,nan,nan,nan,4.2208495,-29.609715,-0.077048652,-22.260427,-17037.613,nan,-19.651821
nan,nan,nan,nan,nan,nan,nan,nan,4.2132864,-29.580286,-0.077320501,-22.334036,-17007.143,nan,-19.714304
nan,nan,nan,nan,nan,nan,nan,nan,4.2056971,-29.673262,-0.077591866,-22.407658,-16976.564,nan,-19.776779
nan,nan,nan,nan,nan,nan,nan,nan,4.198081,-29.761118,-0.077862732,-22.481295,-16945.881,nan,-19.839252
nan,nan,nan,nan,nan,nan,nan,nan,4.1904387,-29.787134,-0.078133114,-22.554943,-16915.088,nan,-19.901718
nan,nan,nan,nan,nan,nan,nan,nan,4.1827698,-29.863476,-0.078403004,-22.628605,-16884.189,nan,-19.964178
nan,nan,nan,nan,nan,nan,nan,nan,4.1750741,-29.934132,-0.078672394,-22.702276,-16853.186,nan,-20.02663
nan,nan,nan,nan,nan,nan,nan,nan,4.1673527,-30.086531,-0.078941286,-22.775959,-16822.074,nan,-20.089077
nan,nan,nan,nan,nan,nan,nan,nan,4.1596045,-30.042318,-0.079209678,-22.849651,-16790.857,nan,-20.151518
nan,nan,nan,nan,nan,nan,nan,nan,4.1518302,-30.170124,-0.079477578,-22.923351,-16759.533,nan,-20.213949
nan,nan,nan,nan,nan,nan,nan,nan,4.1440291,-30.293238,-0.079744965,-22.997059,-16728.105,nan,-20.276375
nan,nan,nan,nan,nan,nan,nan,nan,4.1362028,-30.305889,-0.08001186,-23.07077,-16696.57,nan,-20.338791
nan,nan,nan,nan,nan,nan,nan,nan,4.1283498,-30.341572,-0.08027824,-23.144489,-16664.932,nan,-20.401197
nan,nan,nan,nan,nan,nan,nan,nan,4.1204705,-30.529228,-0.080544114,-23.218212,-16633.188,nan,-20.463596
nan,nan,nan,nan,nan,nan,nan,nan,4.1125655,-30.513733,-0.080809481,-23.291937,-16601.338,nan,-20.525988
nan,nan,nan,nan,nan,nan,nan,nan,4.1046348,-30.576712,-0.081074342,-23.365664,-16569.383,nan,-20.588367
nan,nan,nan,nan,nan,nan,nan,nan,4.0966778,-30.637274,-0.081338689,-23.439392,-16537.326,nan,-20.650736
nan,nan,nan,nan,nan,nan,nan,nan,4.088695,-30.755552,-0.081602521,-23.513121,-16505.162,nan,-20.713097
nan,nan,nan,nan,nan,nan,nan,nan,4.0806866,-30.819811,-0.081865832,-23.586845,-16472.896,nan,-20.775444
nan,nan,nan,nan,nan,nan,nan,nan,4.0726519,-30.902266,-0.082128637,-23.66057,-16440.525,nan,-20.837782
nan,nan,nan,nan,nan,nan,nan,nan,4.0645919,-30.947474,-0.082390912,-23.734291,-16408.051,nan,-20.900108
nan,nan,nan,nan,nan,nan,nan,nan,4.0565062,-31.039881,-0.082652673,-23.808006,-16375.474,nan,-20.962421
nan,nan,nan,nan,nan,nan,nan,nan,4.0483947,-31.055803,-0.082913913,-23.881716,-16342.792,nan,-21.024723
nan,nan,nan,nan,nan,nan,nan,nan,4.0402579,-31.124611,-0.083174624,-23.955418,-16310.009,nan,-21.087011
nan,nan,nan,nan,nan,nan,nan,nan,4.0320954,-31.239052,-0.083434813,-24.029112,-16277.122,nan,-21.149286
nan,nan,nan,nan,nan,nan,nan,nan,4.0239072,-31.267912,-0.083694473,-24.102797,-16244.132,nan,-21.211546
nan,nan,nan,nan,nan,nan,nan,nan,4.0156941,-31.381216,-0.083953612,-24.176472,-16211.04,nan,-21.273794
nan,nan,nan,nan,nan,nan,nan,nan,4.0074553,-31.422159,-0.084212214,-24.250135,-16177.847,nan,-21.336027
nan,nan,nan,nan,nan,nan,nan,nan,3.999191,-31.524374,-0.08447028,-24.323784,-16144.551,nan,-21.398243
nan,nan,nan,nan,nan,nan,nan,nan,3.9909019,-31.551954,-0.084727816,-24.397419,-16111.152,nan,-21.460445
nan,nan,nan,nan,nan,nan,nan,nan,3.9825873,-31.699093,-0.084984824,-24.471039,-16077.653,nan,-21.522633
nan,nan,nan,nan,nan,nan,nan,nan,3.9742477,-31.775721,-0.085241288,-24.544643,-16044.053,nan,-21.584801
nan,nan,nan,nan,nan,nan,nan,nan,3.9658828,-31.697247,-0.085497215,-24.618229,-16010.352,nan,-21.646954
nan,nan,nan,nan,nan,nan,nan,nan,3.9574931,-31.887602,-0.085752599,-24.691793,-15976.549,nan,-21.709089
nan,nan,nan,nan,nan,nan,nan,nan,3.9490781,-31.929115,-0.086007446,-24.765339,-15942.645,nan,-21.771208
nan,nan,nan,nan,nan,nan,nan,nan,3.9406383,-31.938498,-0.086261749,-24.838863,-15908.641,nan,-21.833307
nan,nan,nan,nan,nan,nan,nan,nan,3.9321737,-32.127007,-0.086515509,-24.912365,-15874.537,nan,-21.89539
nan,nan,nan,nan,nan,nan,nan,nan,3.9236844,-32.1516,-0.086768717,-24.985842,-15840.333,nan,-21.957451
nan,nan,nan,nan,nan,nan,nan,nan,3.91517,-32.248981,-0.087021381,-25.059292,-15806.028,nan,-22.019493
nan,nan,nan,nan,nan,nan,nan,nan,3.906631,-32.325039,-0.087273493,-25.132717,-15771.625,nan,-22.081516
nan,nan,nan,nan,nan,nan,nan,nan,3.8980672,-32.277416,-0.087525055,-25.206112,-15737.121,nan,-22.143518
nan,nan,nan,nan,nan,nan,nan,nan,3.8894789,-32.463791,-0.087776065,-25.27948,-15702.52,nan,-22.205498
nan,nan,nan,nan,nan,nan,nan,nan,3.8808661,-32.470615,-0.088026516,-25.352816,-15667.817,nan,-22.267458
nan,nan,nan,nan,nan,nan,nan,nan,3.8722286,-32.592449,-0.088276416,-25.426119,-15633.018,nan,-22.329395
nan,nan,nan,nan,nan,nan,nan,nan,3.8635669,-32.655003,-0.088525757,-25.499388,-15598.119,nan,-22.39131
nan,nan,nan,nan,nan,nan,nan,nan,3.8548806,-32.685284,-0.08877454,-25.572622,-15563.122,nan,-22.453203
nan,nan,nan,nan,nan,nan,nan,nan,3.8461699,-32.842941,-0.089022756,-25.645823,-15528.027,nan,-22.51507
nan,nan,nan,nan,nan,nan,nan,nan,3.837435,-32.916866,-0.089270413,-25.718983,-15492.834,nan,-22.576916
nan,nan,nan,nan,nan,nan,nan,nan,3.828676,-32.952976,-0.089517511,-25.792105,-15457.543,nan,-22.638735
nan,nan,nan,nan,nan,nan,nan,nan,3.8198926,-33.011406,-0.089764036,-25.865189,-15422.155,nan,-22.700531
nan,nan,nan,nan,nan,nan,nan,nan,3.8110852,-33.092865,-0.090010002,-25.938229,-15386.67,nan,-22.7623
nan,nan,nan,nan,nan,nan,nan,nan,3.8022537,-33.150585,-0.090255395,-26.011225,-15351.088,nan,-22.824043
nan,nan,nan,nan,nan,nan,nan,nan,3.7933981,-33.227352,-0.090500221,-26.084179,-15315.408,nan,-22.885761
nan,nan,nan,nan,nan,nan,nan,nan,3.7845187,-33.271992,-0.090744473,-26.157085,-15279.633,nan,-22.947451
nan,nan,nan,nan,nan,nan,nan,nan,3.7756152,-33.329853,-0.090988152,-26.229944,-15243.761,nan,-23.009113
nan,nan,nan,nan,nan,nan,nan,nan,3.7666879,-33.440315,-0.091231257,-26.302757,-15207.793,nan,-23.070747
nan,nan,nan,nan,nan,nan,nan,nan,3.7577369,-33.549355,-0.091473781,-26.375517,-15171.729,nan,-23.132353
nan,nan,nan,nan,nan,nan,nan,nan,3.7487621,-33.611195,-0.091715731,-26.448227,-15135.57,nan,-23.19393
nan,nan,nan,nan,nan,nan,nan,nan,3.7397637,-33.62328,-0.0919571,-26.520884,-15099.315,nan,-23.255476
nan,nan,nan,nan,nan,nan,nan,nan,3.7307417,-33.719383,-0.092197895,-26.593487,-15062.965,nan,-23.316994
nan,nan,nan,nan,nan,nan,nan,nan,3.7216959,-33.787052,-0.092438102,-26.666035,-15026.521,nan,-23.378479
nan,nan,nan,nan,nan,nan,nan,nan,3.7126269,-33.951962,-0.09267772,-26.738523,-14989.98,nan,-23.439934
nan,nan,nan,nan,nan,nan,nan,nan,3.7035344,-33.966888,-0.092916764,-26.810955,-14953.347,nan,-23.501356
nan,nan,nan,nan,nan,nan,nan,nan,3.6944182,-33.996174,-0.093155213,-26.883327,-14916.618,nan,-23.562746
nan,nan,nan,nan,nan,nan,nan,nan,3.6852789,-34.134926,-0.093393072,-26.955637,-14879.796,nan,-23.624102
nan,nan,nan,nan,nan,nan,nan,nan,3.6761165,-34.09697,-0.093630351,-27.027885,-14842.879,nan,-23.685425
nan,nan,nan,nan,nan,nan,nan,nan,3.6669304,-34.241264,-0.093867034,-27.100067,-14805.869,nan,-23.746714
nan,nan,nan,nan,nan,nan,nan,nan,3.6577215,-34.306519,-0.09410312,-27.172186,-14768.767,nan,-23.807968
nan,nan,nan,nan,nan,nan,nan,nan,3.6484895,-34.365658,-0.094338611,-27.244236,-14731.57,nan,-23.869186
nan,nan,nan,nan,nan,nan,nan,nan,3.6392343,-34.415985,-0.094573513,-27.316217,-14694.281,nan,-23.93037
nan,nan,nan,nan,nan,nan,nan,nan,3.6299562,-34.493889,-0.094807811,-27.38813,-14656.899,nan,-23.991516
nan,nan,nan,nan,nan,nan,nan,nan,3.6206551,-34.542084,-0.095041513,-27.45997,-14619.426,nan,-24.052624
nan,nan,nan,nan,nan,nan,nan,nan,3.6113312,-34.622692,-0.09527462,-27.531738,-14581.859,nan,-24.113695
nan,nan,nan,nan,nan,nan,nan,nan,3.6019845,-34.704861,-0.095507115,-27.603432,-14544.201,nan,-24.174728
nan,nan,nan,nan,nan,nan,nan,nan,3.5926151,-34.862522,-0.095739014,-27.675049,-14506.452,nan,-24.235723
nan,nan,nan,nan,nan,nan,nan,nan,3.5832229,-34.76656,-0.095970303,-27.74659,-14468.61,nan,-24.296677
nan,nan,nan,nan,nan,nan,nan,nan,3.5738082,-34.931896,-0.096200995,-27.818052,-14430.679,nan,-24.357592
nan,nan,nan,nan,nan,nan,nan,nan,3.5643706,-35.036957,-0.096431069,-27.889435,-14392.655,nan,-24.418465
nan,nan,nan,nan,nan,nan,nan,nan,3.5549109,-35.092541,-0.09666054,-27.960735,-14354.541,nan,-24.479298
nan,nan,nan,nan,nan,nan,nan,nan,3.5454285,-35.098228,-0.096889399,-28.031952,-14316.337,nan,-24.540087
nan,nan,nan,nan,nan,nan,nan,nan,3.5359237,-35.11998,-0.097117648,-28.103085,-14278.042,nan,-24.600834
nan,nan,nan,nan,nan,nan,nan,nan,3.5263968,-35.289013,-0.097345278,-28.174133,-14239.657,nan,-24.661539
nan,nan,nan,nan,nan,nan,nan,nan,3.5168474,-35.410419,-0.097572297,-28.245092,-14201.183,nan,-24.722198
nan,nan,nan,nan,nan,nan,nan,nan,3.5072758,-35.391228,-0.097798698,-28.315964,-14162.619,nan,-24.782814
nan,nan,nan,nan,nan,nan,nan,nan,3.4976821,-35.51548,-0.09802448,-28.386745,-14123.966,nan,-24.843386
nan,nan,nan,nan,nan,nan,nan,nan,3.4880662,-35.539646,-0.098249644,-28.457436,-14085.224,nan,-24.90391
nan,nan,nan,nan,nan,nan,nan,nan,3.4784284,-35.539219,-0.09847419,-28.528032,-14046.393,nan,-24.964388
nan,nan,nan,nan,nan,nan,nan,nan,3.4687686,-35.655083,-0.098698117,-28.598534,-14007.474,nan,-25.024818
nan,nan,nan,nan,nan,nan,nan,nan,3.4590869,-35.849991,-0.098921411,-28.668941,-13968.466,nan,-25.085201
nan,nan,nan,nan,nan,nan,nan,nan,3.4493833,-35.857384,-0.099144086,-28.73925,-13929.37,nan,-25.145535
nan,nan,nan,nan,nan,nan,nan,nan,3.4396579,-35.901737,-0.099366136,-28.809462,-13890.187,nan,-25.20582
nan,nan,nan,nan,nan,nan,nan,nan,3.4299109,-35.9006,-0.09958756,-28.879572,-13850.915,nan,-25.266054
nan,nan,nan,nan,nan,nan,nan,nan,3.4201422,-36.024426,-0.09980835,-28.949579,-13811.557,nan,-25.326239
nan,nan,nan,nan,nan,nan,nan,nan,3.4103518,-36.166161,-0.10002851,-29.019485,-13772.111,nan,-25.386372
nan,nan,nan,nan,nan,nan,nan,nan,3.4005399,-36.122089,-0.10024804,-29.089287,-13732.579,nan,-25.446453
nan,nan,nan,nan,nan,nan,nan,nan,3.3907065,-36.272499,-0.10046694,-29.158981,-13692.961,nan,-25.506483
nan,nan,nan,nan,nan,nan,nan,nan,3.3808517,-36.325386,-0.10068519,-29.228571,-13653.256,nan,-25.566458
nan,nan,nan,nan,nan,nan,nan,nan,3.3709757,-36.404427,-0.10090282,-29.29805,-13613.465,nan,-25.626379
nan,nan,nan,nan,nan,nan,nan,nan,3.3610783,-36.482475,-0.10111981,-29.36742,-13573.588,nan,-25.686245
nan,nan,nan,nan,nan,nan,nan,nan,3.3511596,-36.567776,-0.10133616,-29.436678,-13533.625,nan,-25.746056
nan,nan,nan,nan,nan,nan,nan,nan,3.3412197,-36.552277,-0.10155187,-29.505823,-13493.578,nan,-25.805809
nan,nan,nan,nan,nan,nan,nan,nan,3.3312588,-36.662457,-0.10176694,-29.574854,-13453.445,nan,-25.865507
nan,nan,nan,nan,nan,nan,nan,nan,3.3212769,-36.788982,-0.10198136,-29.643768,-13413.228,nan,-25.925146
nan,nan,nan,nan,nan,nan,nan,nan,3.3112738,-36.838596,-0.10219514,-29.712566,-13372.926,nan,-25.984728
nan,nan,nan,nan,nan,nan,nan,nan,3.30125,-36.866318,-0.10240828,-29.781246,-13332.539,nan,-26.04425
nan,nan,nan,nan,nan,nan,nan,nan,3.2912052,-36.967682,-0.10262077,-29.849808,-13292.069,nan,-26.103712
nan,nan,nan,nan,nan,nan,nan,nan,3.2811399,-37.115387,-0.10283261,-29.918245,-13251.516,nan,-26.163113
nan,nan,nan,nan,nan,nan,nan,nan,3.2710536,-37.107002,-0.10304379,-29.986563,-13210.878,nan,-26.222452
nan,nan,nan,nan,nan,nan,nan,nan,3.2609468,-37.210354,-0.10325433,-30.054754,-13170.157,nan,-26.281731
nan,nan,nan,nan,nan,nan,nan,nan,3.2508192,-37.216042,-0.10346422,-30.122822,-13129.354,nan,-26.340944
nan,nan,nan,nan,nan,nan,nan,nan,3.2406712,-37.249023,-0.10367346,-30.190762,-13088.467,nan,-26.400095
nan,nan,nan,nan,nan,nan,nan,nan,3.2305026,-37.354935,-0.10388204,-30.258574,-13047.498,nan,-26.459181
nan,nan,nan,nan,nan,nan,nan,nan,3.2203138,-37.478046,-0.10408996,-30.326256,-13006.446,nan,-26.518202
nan,nan,nan,nan,nan,nan,nan,nan,3.2101045,-37.496956,-0.10429723,-30.393808,-12965.313,nan,-26.577156
nan,nan,nan,nan,nan,nan,nan,nan,3.1998751,-37.586094,-0.10450383,-30.461229,-12924.099,nan,-26.636042
nan,nan,nan,nan,nan,nan,nan,nan,3.1896253,-37.668262,-0.10470978,-30.528515,-12882.803,nan,-26.69486
nan,nan,nan,nan,nan,nan,nan,nan,3.1793554,-37.744888,-0.10491507,-30.595667,-12841.425,nan,-26.753613
nan,nan,nan,nan,nan,nan,nan,nan,3.1690655,-37.771473,-0.10511969,-30.662683,-12799.967,nan,-26.812292
nan,nan,nan,nan,nan,nan,nan,nan,3.1587555,-37.839996,-0.10532365,-30.729563,-12758.428,nan,-26.870903
nan,nan,nan,nan,nan,nan,nan,nan,3.1484256,-37.891743,-0.10552694,-30.796301,-12716.809,nan,-26.929443
nan,nan,nan,nan,nan,nan,nan,nan,3.1380758,-37.94207,-0.10572957,-30.862902,-12675.109,nan,-26.987909
nan,nan,nan,nan,nan,nan,nan,nan,3.1277061,-38.092621,-0.10593153,-30.929359,-12633.33,nan,-27.046305
nan,nan,nan,nan,nan,nan,nan,nan,3.1173167,-38.155174,-0.10613281,-30.995676,-12591.471,nan,-27.104626
nan,nan,nan,nan,nan,nan,nan,nan,3.1069076,-38.260517,-0.10633343,-31.061848,-12549.532,nan,-27.16287
nan,nan,nan,nan,nan,nan,nan,nan,3.0964789,-38.28767,-0.10653339,-31.127874,-12507.516,nan,-27.221041
nan,nan,nan,nan,nan,nan,nan,nan,3.0860307,-38.367992,-0.10673266,-31.193754,-12465.419,nan,-27.279135
nan,nan,nan,nan,nan,nan,nan,nan,3.075563,-38.357048,-0.10693126,-31.259485,-12423.244,nan,-27.337152
nan,nan,nan,nan,nan,nan,nan,nan,3.0650759,-38.448742,-0.10712919,-31.325069,-12380.991,nan,-27.39509
nan,nan,nan,nan,nan,nan,nan,nan,3.0545692,-38.557354,-0.10732643,-31.390501,-12338.661,nan,-27.45295
nan,nan,nan,nan,nan,nan,nan,nan,3.0440435,-38.619907,-0.107523,-31.455782,-12296.252,nan,-27.510729
nan,nan,nan,nan,nan,nan,nan,nan,3.0334985,-38.619766,-0.1077189,-31.52091,-12253.766,nan,-27.568428
nan,nan,nan,nan,nan,nan,nan,nan,3.0229342,-38.675491,-0.10791411,-31.585884,-12211.203,nan,-27.626043
nan,nan,nan,nan,nan,nan,nan,nan,3.0123508,-38.796047,-0.10810864,-31.650703,-12168.562,nan,-27.683578
nan,nan,nan,nan,nan,nan,nan,nan,3.0017486,-38.880493,-0.10830248,-31.715364,-12125.846,nan,-27.741028
nan,nan,nan,nan,nan,nan,nan,nan,2.9911273,-38.930107,-0.10849565,-31.779869,-12083.053,nan,-27.798393
nan,nan,nan,nan,nan,nan,nan,nan,2.9804871,-39.032749,-0.10868812,-31.844213,-12040.183,nan,-27.855673
nan,nan,nan,nan,nan,nan,nan,nan,2.9698281,-39.033176,-0.10887992,-31.908398,-11997.237,nan,-27.912867
nan,nan,nan,nan,nan,nan,nan,nan,2.9591503,-39.122597,-0.10907102,-31.972422,-11954.217,nan,-27.969971
nan,nan,nan,nan,nan,nan,nan,nan,2.9484539,-39.206902,-0.10926143,-32.036282,-11911.121,nan,-28.026989
nan,nan,nan,nan,nan,nan,nan,nan,2.9377387,-39.262913,-0.10945116,-32.099976,-11867.949,nan,-28.083916
nan,nan,nan,nan,nan,nan,nan,nan,2.9270051,-39.286938,-0.10964019,-32.163509,-11824.703,nan,-28.140753
nan,nan,nan,nan,nan,nan,nan,nan,2.9162531,-39.383469,-0.10982853,-32.226871,-11781.383,nan,-28.197496
nan,nan,nan,nan,nan,nan,nan,nan,2.9054825,-39.416592,-0.11001617,-32.29007,-11737.988,nan,-28.254148
nan,nan,nan,nan,nan,nan,nan,nan,2.8946936,-39.546955,-0.11020313,-32.353096,-11694.52,nan,-28.310709
nan,nan,nan,nan,nan,nan,nan,nan,2.8838863,-39.661823,-0.11038938,-32.415955,-11650.978,nan,-28.367172
nan,nan,nan,nan,nan,nan,nan,nan,2.8730609,-39.605103,-0.11057495,-32.478642,-11607.362,nan,-28.42354
nan,nan,nan,nan,nan,nan,nan,nan,2.8622174,-39.69907,-0.1107598,-32.541153,-11563.673,nan,-28.479813
nan,nan,nan,nan,nan,nan,nan,nan,2.8513558,-39.777405,-0.11094397,-32.603493,-11519.912,nan,-28.535986
nan,nan,nan,nan,nan,nan,nan,nan,2.840476,-39.868671,-0.11112742,-32.665661,-11476.077,nan,-28.59206
nan,nan,nan,nan,nan,nan,nan,nan,2.8295786,-39.937763,-0.11131018,-32.72765,-11432.171,nan,-28.648035
nan,nan,nan,nan,nan,nan,nan,nan,2.8186631,-39.956104,-0.11149223,-32.789463,-11388.192,nan,-28.703909
nan,nan,nan,nan,nan,nan,nan,nan,2.80773,-40.112625,-0.11167359,-32.851097,-11344.143,nan,-28.759682
nan,nan,nan,nan,nan,nan,nan,nan,2.7967789,-40.122578,-0.11185423,-32.912552,-11300.021,nan,-28.81535
nan,nan,nan,nan,nan,nan,nan,nan,2.7858102,-40.176601,-0.11203417,-32.973827,-11255.828,nan,-28.870913
nan,nan,nan,nan,nan,nan,nan,nan,2.7748239,-40.168068,-0.1122134,-33.03492,-11211.564,nan,-28.926371
nan,nan,nan,nan,nan,nan,nan,nan,2.7638202,-40.368237,-0.11239192,-33.095829,-11167.23,nan,-28.981724
nan,nan,nan,nan,nan,nan,nan,nan,2.752799,-40.333263,-0.11256973,-33.156555,-11122.825,nan,-29.036966
nan,nan,nan,nan,nan,nan,nan,nan,2.7417603,-40.44017,-0.11274683,-33.217094,-11078.351,nan,-29.092102
nan,nan,nan,nan,nan,nan,nan,nan,2.7307043,-40.456379,-0.11292322,-33.277451,-11033.807,nan,-29.147127
nan,nan,nan,nan,nan,nan,nan,nan,2.7196312,-40.602238,-0.1130989,-33.337616,-10989.192,nan,-29.20204
nan,nan,nan,nan,nan,nan,nan,nan,2.7085409,-40.549778,-0.11327386,-33.397594,-10944.509,nan,-29.256842
nan,nan,nan,nan,nan,nan,nan,nan,2.6974335,-40.684834,-0.11344811,-33.457386,-10899.757,nan,-29.311529
nan,nan,nan,nan,nan,nan,nan,nan,2.6863089,-40.727058,-0.11362164,-33.516983,-10854.937,nan,-29.3661
nan,nan,nan,nan,nan,nan,nan,nan,2.6751673,-40.795296,-0.11379445,-33.576389,-10810.047,nan,-29.420557
nan,nan,nan,nan,nan,nan,nan,nan,2.6640091,-40.869362,-0.11396654,-33.635605,-10765.09,nan,-29.474895
nan,nan,nan,nan,nan,nan,nan,nan,2.6528339,-40.932484,-0.11413791,-33.694622,-10720.065,nan,-29.529116
nan,nan,nan,nan,nan,nan,nan,nan,2.6416419,-41.056736,-0.11430857,-33.753448,-10674.973,nan,-29.583218
nan,nan,nan,nan,nan,nan,nan,nan,2.6304333,-41.113316,-0.11447849,-33.812077,-10629.812,nan,-29.637196
nan,nan,nan,nan,nan,nan,nan,nan,2.6192081,-41.135494,-0.1146477,-33.870506,-10584.586,nan,-29.691053
nan,nan,nan,nan,nan,nan,nan,nan,2.6079662,-41.22065,-0.11481618,-33.928741,-10539.293,nan,-29.744787
nan,nan,nan,nan,nan,nan,nan,nan,2.5967078,-41.31604,-0.11498394,-33.986774,-10493.934,nan,-29.798395
nan,nan,nan,nan,nan,nan,nan,nan,2.5854332,-41.327129,-0.11515097,-34.044605,-10448.508,nan,-29.851877
nan,nan,nan,nan,nan,nan,nan,nan,2.5741422,-41.395794,-0.11531728,-34.102238,-10403.016,nan,-29.905233
nan,nan,nan,nan,nan,nan,nan,nan,2.562835,-41.389397,-0.11548285,-34.159664,-10357.459,nan,-29.95846
nan,nan,nan,nan,nan,nan,nan,nan,2.5515115,-41.47356,-0.1156477,-34.216888,-10311.837,nan,-30.011555
nan,nan,nan,nan,nan,nan,nan,nan,2.5401719,-41.587574,-0.11581181,-34.273911,-10266.149,nan,-30.06452
nan,nan,nan,nan,nan,nan,nan,nan,2.5288165,-41.605347,-0.11597519,-34.330723,-10220.397,nan,-30.117352
nan,nan,nan,nan,nan,nan,nan,nan,2.5174448,-41.679272,-0.11613785,-34.387329,-10174.581,nan,-30.170048
nan,nan,nan,nan,nan,nan,nan,nan,2.5060573,-41.755043,-0.11629976,-34.443729,-10128.701,nan,-30.22261
nan,nan,nan,nan,nan,nan,nan,nan,2.4946539,-41.774235,-0.11646095,-34.49992,-10082.757,nan,-30.275034
nan,nan,nan,nan,nan,nan,nan,nan,2.4832349,-41.918247,-0.1166214,-34.555897,-10036.749,nan,-30.327322
nan,nan,nan,nan,nan,nan,nan,nan,2.4718001,-41.887398,-0.11678111,-34.611664,-9990.6787,nan,-30.379467
nan,nan,nan,nan,nan,nan,nan,nan,2.4603498,-41.95578,-0.11694008,-34.667221,-9944.5449,nan,-30.431473
nan,nan,nan,nan,nan,nan,nan,nan,2.448884,-42.032261,-0.11709832,-34.722565,-9898.3486,nan,-30.483335
nan,nan,nan,nan,nan,nan,nan,nan,2.4374025,-42.094532,-0.11725581,-34.777691,-9852.0908,nan,-30.535055
nan,nan,nan,nan,nan,nan,nan,nan,2.4259057,-42.163906,-0.11741257,-34.832603,-9805.7695,nan,-30.586628
nan,nan,nan,nan,nan,nan,nan,nan,2.4143937,-42.198166,-0.11756858,-34.887299,-9759.3877,nan,-30.638054
nan,nan,nan,nan,nan,nan,nan,nan,2.4028664,-42.269817,-0.11772385,-34.941776,-9712.9434,nan,-30.689331
nan,nan,nan,nan,nan,nan,nan,nan,2.3913238,-42.357674,-0.11787838,-34.996037,-9666.4385,nan,-30.740459
nan,nan,nan,nan,nan,nan,nan,nan,2.3797662,-42.450508,-0.11803216,-35.050076,-9619.873,nan,-30.791435
nan,nan,nan,nan,nan,nan,nan,nan,2.3681936,-42.410275,-0.11818519,-35.103893,-9573.2471,nan,-30.842258
nan,nan,nan,nan,nan,nan,nan,nan,2.356606,-42.520737,-0.11833748,-35.157494,-9526.5605,nan,-30.892929
nan,nan,nan,nan,nan,nan,nan,nan,2.3450034,-42.529552,-0.11848903,-35.210865,-9479.8135,nan,-30.943441
nan,nan,nan,nan,nan,nan,nan,nan,2.3333862,-42.611012,-0.11863982,-35.264015,-9433.0078,nan,-30.993797
nan,nan,nan,nan,nan,nan,nan,nan,2.321754,-42.621674,-0.11878987,-35.31694,-9386.1416,nan,-31.043993
nan,nan,nan,nan,nan,nan,nan,nan,2.3101075,-42.790279,-0.11893916,-35.36964,-9339.2168,nan,-31.094028
nan,nan,nan,nan,nan,nan,nan,nan,2.2984462,-42.748341,-0.1190877,-35.422112,-9292.2334,nan,-31.143902
nan,nan,nan,nan,nan,nan,nan,nan,2.2867703,-42.841316,-0.11923549,-35.474354,-9245.1914,nan,-31.193611
nan,nan,nan,nan,nan,nan,nan,nan,2.27508,-42.931446,-0.11938253,-35.526371,-9198.0918,nan,-31.243155
nan,nan,nan,nan,nan,nan,nan,nan,2.2633753,-42.976231,-0.11952882,-35.578156,-9150.9336,nan,-31.292532
nan,nan,nan,nan,nan,nan,nan,nan,2.2516565,-43.046032,-0.11967435,-35.629707,-9103.7178,nan,-31.34174
nan,nan,nan,nan,nan,nan,nan,nan,2.2399232,-43.120098,-0.11981912,-35.681026,-9056.4443,nan,-31.390778
nan,nan,nan,nan,nan,nan,nan,nan,2.2281759,-43.157345,-0.11996313,-35.732113,-9009.1152,nan,-31.439644
nan,nan,nan,nan,nan,nan,nan,nan,2.2164147,-43.150948,-0.12010639,-35.782963,-8961.7285,nan,-31.488337
nan,nan,nan,nan,nan,nan,nan,nan,2.2046392,-43.251175,-0.12024889,-35.83358,-8914.2852,nan,-31.536854
nan,nan,nan,nan,nan,nan,nan,nan,2.1928499,-43.326946,-0.12039063,-35.883961,-8866.7861,nan,-31.585194
nan,nan,nan,nan,nan,nan,nan,nan,2.1810467,-43.414661,-0.12053161,-35.934101,-8819.2305,nan,-31.633356
nan,nan,nan,nan,nan,nan,nan,nan,2.16923,-43.396038,-0.12067183,-35.984005,-8771.6201,nan,-31.681337
nan,nan,nan,nan,nan,nan,nan,nan,2.1573992,-43.428738,-0.12081128,-36.033665,-8723.9551,nan,-31.729136
nan,nan,nan,nan,nan,nan,nan,nan,2.145555,-43.549858,-0.12094998,-36.083088,-8676.2344,nan,-31.776751
nan,nan,nan,nan,nan,nan,nan,nan,2.1336973,-43.588528,-0.12108791,-36.132267,-8628.459,nan,-31.824181
nan,nan,nan,nan,nan,nan,nan,nan,2.1218259,-43.64397,-0.12122507,-36.181202,-8580.6299,nan,-31.871424
nan,nan,nan,nan,nan,nan,nan,nan,2.1099412,-43.670555,-0.12136147,-36.229893,-8532.7461,nan,-31.918476
nan,nan,nan,nan,nan,nan,nan,nan,2.0980432,-43.836037,-0.1214971,-36.278339,-8484.8086,nan,-31.965338
nan,nan,nan,nan,nan,nan,nan,nan,2.086132,-43.77718,-0.12163197,-36.326538,-8436.8184,nan,-32.012009
nan,nan,nan,nan,nan,nan,nan,nan,2.0742075,-43.817837,-0.12176607,-36.374489,-8388.7744,nan,-32.058483
nan,nan,nan,nan,nan,nan,nan,nan,2.0622699,-43.953037,-0.12189939,-36.422192,-8340.6777,nan,-32.104763
nan,nan,nan,nan,nan,nan,nan,nan,2.0503194,-43.980049,-0.12203195,-36.469643,-8292.5293,nan,-32.150845
nan,nan,nan,nan,nan,nan,nan,nan,2.0383558,-44.040894,-0.12216374,-36.516846,-8244.3281,nan,-32.196724
nan,nan,nan,nan,nan,nan,nan,nan,2.0263796,-44.077003,-0.12229475,-36.563793,-8196.0752,nan,-32.242405
nan,nan,nan,nan,nan,nan,nan,nan,2.0143905,-44.092072,-0.12242499,-36.610489,-8147.7705,nan,-32.28788
nan,nan,nan,nan,nan,nan,nan,nan,2.0023885,-44.151356,-0.12255447,-36.656929,-8099.4146,nan,-32.333149
nan,nan,nan,nan,nan,nan,nan,nan,1.9903738,-44.243904,-0.12268316,-36.703117,-8051.0078,nan,-32.378212
nan,nan,nan,nan,nan,nan,nan,nan,1.9783468,-44.249306,-0.12281108,-36.749046,-8002.5508,nan,-32.423069
nan,nan,nan,nan,nan,nan,nan,nan,1.9663072,-44.329201,-0.12293822,-36.794716,-7954.043,nan,-32.467709
nan,nan,nan,nan,nan,nan,nan,nan,1.9542551,-44.370285,-0.12306459,-36.840126,-7905.4849,nan,-32.512138
nan,nan,nan,nan,nan,nan,nan,nan,1.9421908,-44.4762,-0.12319018,-36.885277,-7856.8774,nan,-32.556355
nan,nan,nan,nan,nan,nan,nan,nan,1.930114,-44.471367,-0.12331499,-36.930168,-7808.2207,nan,-32.600353
nan,nan,nan,nan,nan,nan,nan,nan,1.9180253,-44.49596,-0.12343903,-36.974792,-7759.5146,nan,-32.644131
nan,nan,nan,nan,nan,nan,nan,nan,1.9059243,-44.602581,-0.12356228,-37.019157,-7710.7598,nan,-32.687691
nan,nan,nan,nan,nan,nan,nan,nan,1.8938112,-44.620922,-0.12368476,-37.063255,-7661.9565,nan,-32.731026
nan,nan,nan,nan,nan,nan,nan,nan,1.8816863,-44.624191,-0.12380645,-37.107086,-7613.105,nan,-32.774136
nan,nan,nan,nan,nan,nan,nan,nan,1.8695495,-44.719299,-0.12392735,-37.15065,-7564.2056,nan,-32.81702
nan,nan,nan,nan,nan,nan,nan,nan,1.8574008,-44.704941,-0.12404748,-37.193947,-7515.2583,nan,-32.859676
nan,nan,nan,nan,nan,nan,nan,nan,1.8452405,-44.868996,-0.12416682,-37.236973,-7466.2642,nan,-32.902103
nan,nan,nan,nan,nan,nan,nan,nan,1.8330684,-44.84824,-0.12428539,-37.279724,-7417.2227,nan,-32.944294
nan,nan,nan,nan,nan,nan,nan,nan,1.8208848,-44.880371,-0.12440316,-37.322208,-7368.1348,nan,-32.986252
nan,nan,nan,nan,nan,nan,nan,nan,1.8086897,-44.988129,-0.12452015,-37.364414,-7319.0005,nan,-33.027973
nan,nan,nan,nan,nan,nan,nan,nan,1.7964832,-45.009171,-0.12463635,-37.406349,-7269.8203,nan,-33.069454
nan,nan,nan,nan,nan,nan,nan,nan,1.7842653,-45.060776,-0.12475177,-37.448006,-7220.5942,nan,-33.110695
nan,nan,nan,nan,nan,nan,nan,nan,1.7720361,-45.099445,-0.1248664,-37.489388,-7171.3232,nan,-33.151695
nan,nan,nan,nan,nan,nan,nan,nan,1.7597958,-45.109539,-0.12498023,-37.530487,-7122.0063,nan,-33.192448
nan,nan,nan,nan,nan,nan,nan,nan,1.7475443,-45.163277,-0.12509328,-37.571308,-7072.6455,nan,-33.232956
nan,nan,nan,nan,nan,nan,nan,nan,1.7352817,-45.203365,-0.12520555,-37.611847,-7023.2397,nan,-33.273212
nan,nan,nan,nan,nan,nan,nan,nan,1.7230083,-45.240898,-0.12531701,-37.652103,-6973.7896,nan,-33.313217
nan,nan,nan,nan,nan,nan,nan,nan,1.710724,-45.298046,-0.12542768,-37.692078,-6924.2959,nan,-33.35297
nan,nan,nan,nan,nan,nan,nan,nan,1.6984288,-45.364296,-0.12553757,-37.731766,-6874.7588,nan,-33.392471
nan,nan,nan,nan,nan,nan,nan,nan,1.6861229,-45.394009,-0.12564667,-37.771168,-6825.1782,nan,-33.431709
nan,nan,nan,nan,nan,nan,nan,nan,1.6738064,-45.453289,-0.12575495,-37.81028,-6775.5547,nan,-33.470692
nan,nan,nan,nan,nan,nan,nan,nan,1.6614794,-45.529491,-0.12586246,-37.849106,-6725.8887,nan,-33.509407
nan,nan,nan,nan,nan,nan,nan,nan,1.6491417,-45.567875,-0.12596917,-37.887638,-6676.1807,nan,-33.547863
nan,nan,nan,nan,nan,nan,nan,nan,1.6367937,-45.602135,-0.12607507,-37.92588,-6626.4302,nan,-33.586052
nan,nan,nan,nan,nan,nan,nan,nan,1.6244353,-45.604553,-0.1261802,-37.963829,-6576.6382,nan,-33.623974
nan,nan,nan,nan,nan,nan,nan,nan,1.6120667,-45.70023,-0.12628451,-38.001484,-6526.8052,nan,-33.661621
nan,nan,nan,nan,nan,nan,nan,nan,1.5996879,-45.706059,-0.12638804,-38.038841,-6476.9312,nan,-33.698997
nan,nan,nan,nan,nan,nan,nan,nan,1.5872991,-45.763916,-0.12649076,-38.075901,-6427.0161,nan,-33.736103
nan,nan,nan,nan,nan,nan,nan,nan,1.5749002,-45.782257,-0.12659268,-38.112663,-6377.0605,nan,-33.772926
nan,nan,nan,nan,nan,nan,nan,nan,1.5624913,-45.847935,-0.12669381,-38.149124,-6327.0654,nan,-33.809475
nan,nan,nan,nan,nan,nan,nan,nan,1.5500726,-45.915607,-0.12679413,-38.18528,-6277.0298,nan,-33.845737
nan,nan,nan,nan,nan,nan,nan,nan,1.537644,-45.948303,-0.12689365,-38.221138,-6226.9556,nan,-33.881721
nan,nan,nan,nan,nan,nan,nan,nan,1.5252057,-45.944893,-0.12699237,-38.256687,-6176.8418,nan,-33.917416
nan,nan,nan,nan,nan,nan,nan,nan,1.5127579,-45.922005,-0.12709031,-38.291935,-6126.689,nan,-33.952824
nan,nan,nan,nan,nan,nan,nan,nan,1.5003005,-45.984272,-0.12718742,-38.32687,-6076.498,nan,-33.987942
nan,nan,nan,nan,nan,nan,nan,nan,1.4878336,-46.046822,-0.12728372,-38.3615,-6026.2686,nan,-34.022766
nan,nan,nan,nan,nan,nan,nan,nan,1.4753573,-46.142498,-0.12737924,-38.395817,-5976.0015,nan,-34.057293
nan,nan,nan,nan,nan,nan,nan,nan,1.4628717,-46.116199,-0.12747395,-38.429825,-5925.6968,nan,-34.091526
nan,nan,nan,nan,nan,nan,nan,nan,1.4503769,-46.155437,-0.12756784,-38.463516,-5875.355,nan,-34.125462
nan,nan,nan,nan,nan,nan,nan,nan,1.4378728,-46.214577,-0.12766095,-38.496895,-5824.9761,nan,-34.159092
nan,nan,nan,nan,nan,nan,nan,nan,1.4253597,-46.234055,-0.12775323,-38.529953,-5774.561,nan,-34.192421
nan,nan,nan,nan,nan,nan,nan,nan,1.4128376,-46.289497,-0.12784471,-38.562695,-5724.1094,nan,-34.225445
nan,nan,nan,nan,nan,nan,nan,nan,1.4003066,-46.304283,-0.12793538,-38.595119,-5673.6216,nan,-34.25816
nan,nan,nan,nan,nan,nan,nan,nan,1.3877667,-46.347214,-0.12802525,-38.62722,-5623.0986,nan,-34.290562
nan,nan,nan,nan,nan,nan,nan,nan,1.375218,-46.350201,-0.1281143,-38.659,-5572.54,nan,-34.322651
nan,nan,nan,nan,nan,nan,nan,nan,1.3626608,-46.390148,-0.12820256,-38.690453,-5521.9463,nan,-34.354427
nan,nan,nan,nan,nan,nan,nan,nan,1.3500948,-46.437775,-0.12828998,-38.721581,-5471.3179,nan,-34.385887
nan,nan,nan,nan,nan,nan,nan,nan,1.3375204,-46.497055,-0.12837662,-38.752384,-5420.6553,nan,-34.417023
nan,nan,nan,nan,nan,nan,nan,nan,1.3249375,-46.438343,-0.12846243,-38.782856,-5369.959,nan,-34.447842
nan,nan,nan,nan,nan,nan,nan,nan,1.3123462,-46.489807,-0.12854743,-38.812996,-5319.2285,nan,-34.478333
nan,nan,nan,nan,nan,nan,nan,nan,1.2997466,-46.527905,-0.12863164,-38.842804,-5268.4648,nan,-34.508499
nan,nan,nan,nan,nan,nan,nan,nan,1.2871389,-46.515965,-0.12871501,-38.87228,-5217.668,nan,-34.538334
nan,nan,nan,nan,nan,nan,nan,nan,1.274523,-46.545818,-0.12879758,-38.901417,-5166.8384,nan,-34.567841
nan,nan,nan,nan,nan,nan,nan,nan,1.2618991,-46.532455,-0.12887934,-38.930218,-5115.9766,nan,-34.597012
nan,nan,nan,nan,nan,nan,nan,nan,1.2492671,-46.547382,-0.12896027,-38.958679,-5065.0825,nan,-34.625847
nan,nan,nan,nan,nan,nan,nan,nan,1.2366273,-46.552925,-0.12904041,-38.986801,-5014.1562,nan,-34.654346
nan,nan,nan,nan,nan,nan,nan,nan,1.2239797,-46.574108,-0.12911971,-39.01458,-4963.1992,nan,-34.682503
nan,nan,nan,nan,nan,nan,nan,nan,1.2113243,-46.565578,-0.12919821,-39.042015,-4912.2104,nan,-34.710316
nan,nan,nan,nan,nan,nan,nan,nan,1.1986613,-46.561314,-0.12927589,-39.069103,-4861.1914,nan,-34.737785
nan,nan,nan,nan,nan,nan,nan,nan,1.1859908,-46.564442,-0.12935275,-39.095848,-4810.1416,nan,-34.764908
nan,nan,nan,nan,nan,nan,nan,nan,1.1733128,-46.573826,-0.12942879,-39.122238,-4759.0615,nan,-34.791683
nan,nan,nan,nan,nan,nan,nan,nan,1.1606272,-46.568138,-0.12950402,-39.148281,-4707.9517,nan,-34.818104
nan,nan,nan,nan,nan,nan,nan,nan,1.1479344,-46.567001,-0.12957843,-39.173969,-4656.812,nan,-34.84417
nan,nan,nan,nan,nan,nan,nan,nan,1.1352345,-46.582779,-0.12965202,-39.199303,-4605.6436,nan,-34.869877
nan,nan,nan,nan,nan,nan,nan,nan,1.1225272,-46.582779,-0.12972479,-39.224281,-4554.4463,nan,-34.895229
nan,nan,nan,nan,nan,nan,nan,nan,1.1098129,-46.582779,-0.12979674,-39.248901,-4503.2202,nan,-34.920219
nan,nan,nan,nan,nan,nan,nan,nan,1.0970916,-46.582779,-0.12986788,-39.273163,-4451.9658,nan,-34.944843
nan,nan,nan,nan,nan,nan,nan,nan,1.0843633,-46.582779,-0.12993819,-39.297062,-4400.6836,nan,-34.969105
nan,nan,nan,nan,nan,nan,nan,nan,1.0716282,-46.582779,-0.13000768,-39.320595,-4349.3735,nan,-34.992996
nan,nan,nan,nan,nan,nan,nan,nan,1.0588864,-46.582779,-0.13007635,-39.343765,-4298.0366,nan,-35.016518
nan,nan,nan,nan,nan,nan,nan,nan,1.0461378,-46.582779,-0.13014421,-39.36657,-4246.6724,nan,-35.039669
nan,nan,nan,nan,nan,nan,nan,nan,1.0333827,-46.582779,-0.13021123,-39.389004,-4195.2817,nan,-35.062443
nan,nan,nan,nan,nan,nan,nan,nan,1.0206209,-46.582779,-0.13027744,-39.411068,-4143.8647,nan,-35.084839
nan,nan,nan,nan,nan,nan,nan,nan,1.0078528,-46.582779,-0.13034281,-39.432758,-4092.4221,nan,-35.106853
nan,nan,nan,nan,nan,nan,nan,nan,0.99507833,-46.582779,-0.13040738,-39.454079,-4040.9534,nan,-35.12849
nan,nan,nan,nan,nan,nan,nan,nan,0.98229754,-46.582779,-0.13047111,-39.475018,-3989.4595,nan,-35.149742
nan,nan,nan,nan,nan,nan,nan,nan,0.96951056,-46.582779,-0.13053402,-39.495583,-3937.9407,nan,-35.170605
nan,nan,nan,nan,nan,nan,nan,nan,0.95671749,-46.582779,-0.1305961,-39.515766,-3886.3972,nan,-35.191082
nan,nan,nan,nan,nan,nan,nan,nan,0.94391835,-46.582779,-0.13065737,-39.535564,-3834.8293,nan,-35.211166
nan,nan,nan,nan,nan,nan,nan,nan,0.93111318,-46.582779,-0.1307178,-39.554985,-3783.2373,nan,-35.230858
nan,nan,nan,nan,nan,nan,nan,nan,0.91830224,-46.582779,-0.13077742,-39.574017,-3731.6218,nan,-35.250156
nan,nan,nan,nan,nan,nan,nan,nan,0.90548539,-46.582779,-0.1308362,-39.592663,-3679.9827,nan,-35.269054
nan,nan,nan,nan,nan,nan,nan,nan,0.89266288,-46.582779,-0.13089415,-39.610916,-3628.3208,nan,-35.287552
nan,nan,nan,nan,nan,nan,nan,nan,0.87983477,-46.582779,-0.13095129,-39.62878,-3576.636,nan,-35.305649
nan,nan,nan,nan,nan,nan,nan,nan,0.86700106,-46.582779,-0.1310076,-39.646252,-3524.929,nan,-35.323341
nan,nan,nan,nan,nan,nan,nan,nan,0.85416186,-46.582779,-0.13106307,-39.66333,-3473.1997,nan,-35.34063
nan,nan,nan,nan,nan,nan,nan,nan,0.8413173,-46.582779,-0.13111772,-39.680008,-3421.4487,nan,-35.357506
nan,nan,nan,nan,nan,nan,nan,nan,0.82846737,-46.582779,-0.13117154,-39.696289,-3369.6765,nan,-35.37397
nan,nan,nan,nan,nan,nan,nan,nan,0.81561226,-46.582779,-0.13122453,-39.71217,-3317.8831,nan,-35.390026
nan,nan,nan,nan,nan,nan,nan,nan,0.80275202,-46.582779,-0.1312767,-39.727646,-3266.0688,nan,-35.405663
nan,nan,nan,nan,nan,nan,nan,nan,0.78988665,-46.582779,-0.13132803,-39.742722,-3214.2344,nan,-35.420883
nan,nan,nan,nan,nan,nan,nan,nan,0.77701634,-46.582779,-0.13137853,-39.757385,-3162.3796,nan,-35.43568
nan,nan,nan,nan,nan,nan,nan,nan,0.76414108,-46.582779,-0.13142821,-39.771645,-3110.5051,nan,-35.450062
nan,nan,nan,nan,nan,nan,nan,nan,0.751261,-46.582779,-0.13147706,-39.785492,-3058.6113,nan,-35.464016
nan,nan,nan,nan,nan,nan,nan,nan,0.7383762,-46.582779,-0.13152507,-39.798923,-3006.6982,nan,-35.477543
nan,nan,nan,nan,nan,nan,nan,nan,0.72548676,-46.582779,-0.13157225,-39.811947,-2954.7664,nan,-35.490643
nan,nan,nan,nan,nan,nan,nan,nan,0.71259266,-46.582779,-0.1316186,-39.824551,-2902.8162,nan,-35.503311
nan,nan,nan,nan,nan,nan,nan,nan,0.6996941,-46.582779,-0.13166413,-39.836735,-2850.8479,nan,-35.515549
nan,nan,nan,nan,nan,nan,nan,nan,0.68679112,-46.582779,-0.13170882,-39.848499,-2798.8616,nan,-35.527351
nan,nan,nan,nan,nan,nan,nan,nan,0.67388386,-46.582779,-0.13175267,-39.859844,-2746.8579,nan,-35.538719
nan,nan,nan,nan,nan,nan,nan,nan,0.6609723,-46.582779,-0.13179569,-39.870762,-2694.8372,nan,-35.549644
nan,nan,nan,nan,nan,nan,nan,nan,0.64805651,-46.582779,-0.13183789,-39.881256,-2642.7996,nan,-35.560131
nan,nan,nan,nan,nan,nan,nan,nan,0.63513666,-46.582779,-0.13187924,-39.891319,-2590.7454,nan,-35.570175
nan,nan,nan,nan,nan,nan,nan,nan,0.62221283,-46.582779,-0.13191977,-39.900955,-2538.675,nan,-35.579773
nan,nan,nan,nan,nan,nan,nan,nan,0.60928506,-46.582779,-0.13195947,-39.910156,-2486.5889,nan,-35.588928
nan,nan,nan,nan,nan,nan,nan,nan,0.59635347,-46.582779,-0.13199833,-39.918926,-2434.4873,nan,-35.59763
nan,nan,nan,nan,nan,nan,nan,nan,0.58341807,-46.582779,-0.13203636,-39.927258,-2382.3706,nan,-35.605881
nan,nan,nan,nan,nan,nan,nan,nan,0.57047898,-46.582779,-0.13207355,-39.93515,-2330.2388,nan,-35.613682
nan,nan,nan,nan,nan,nan,nan,nan,0.5575363,-46.582779,-0.13210991,-39.942604,-2278.0928,nan,-35.621025
nan,nan,nan,nan,nan,nan,nan,nan,0.54459012,-46.582779,-0.13214543,-39.949619,-2225.9324,nan,-35.627914
nan,nan,nan,nan,nan,nan,nan,nan,0.53164047,-46.582779,-0.13218012,-39.956188,-2173.7581,nan,-35.634346
nan,nan,nan,nan,nan,nan,nan,nan,0.51868749,-46.582779,-0.13221398,-39.962311,-2121.5706,nan,-35.640312
nan,nan,nan,nan,nan,nan,nan,nan,0.50573123,-46.582779,-0.13224699,-39.967983,-2069.3696,nan,-35.645821
nan,nan,nan,nan,nan,nan,nan,nan,0.49277174,-46.582779,-0.13227917,-39.973209,-2017.1558,nan,-35.650864
nan,nan,nan,nan,nan,nan,nan,nan,0.47980917,-46.582779,-0.13231052,-39.977982,-1964.9294,nan,-35.655441
nan,nan,nan,nan,nan,nan,nan,nan,0.46684358,-46.582779,-0.13234104,-39.9823,-1912.6909,nan,-35.65955
nan,nan,nan,nan,nan,nan,nan,nan,0.45387501,-46.582779,-0.13237071,-39.986164,-1860.4404,nan,-35.663185
nan,nan,nan,nan,nan,nan,nan,nan,0.4409036,-46.582779,-0.13239956,-39.989571,-1808.1785,nan,-35.666355
nan,nan,nan,nan,nan,nan,nan,nan,0.4279294,-46.582779,-0.13242756,-39.992519,-1755.9053,nan,-35.669048
nan,nan,nan,nan,nan,nan,nan,nan,0.41495249,-46.582779,-0.13245472,-39.995003,-1703.6212,nan,-35.671268
nan,nan,nan,nan,nan,nan,nan,nan,0.40197298,-46.582779,-0.13248105,-39.997025,-1651.3267,nan,-35.673008
nan,nan,nan,nan,nan,nan,nan,nan,0.38899091,-46.582779,-0.13250655,-39.998581,-1599.0217,nan,-35.674271
nan,nan,nan,nan,nan,nan,nan,nan,0.37600639,-46.582779,-0.13253121,-39.999672,-1546.707,nan,-35.675056
nan,nan,nan,nan,nan,nan,nan,nan,0.3630195,-46.582779,-0.13255502,-40.00029,-1494.3827,nan,-35.675354
nan,nan,nan,nan,nan,nan,nan,nan,0.3500303,-46.582779,-0.13257802,-40.000439,-1442.0492,nan,-35.675175
nan,nan,nan,nan,nan,nan,nan,nan,0.3370389,-46.582779,-0.13260016,-40.000114,-1389.7067,nan,-35.674503
nan,nan,nan,nan,nan,nan,nan,nan,0.32404539,-46.582779,-0.13262147,-39.999317,-1337.3557,nan,-35.673351
nan,nan,nan,nan,nan,nan,nan,nan,0.31104982,-46.582779,-0.13264194,-39.998039,-1284.9965,nan,-35.671707
nan,nan,nan,nan,nan,nan,nan,nan,0.29805228,-46.582779,-0.13266157,-39.996284,-1232.6293,nan,-35.669575
nan,nan,nan,nan,nan,nan,nan,nan,0.28505287,-46.582779,-0.13268036,-39.994049,-1180.2544,nan,-35.666946
nan,nan,nan,nan,nan,nan,nan,nan,0.27205163,-46.582779,-0.13269833,-39.991333,-1127.8724,nan,-35.66383
nan,nan,nan,nan,nan,nan,nan,nan,0.2590487,-46.582779,-0.13271543,-39.988129,-1075.4835,nan,-35.660217
nan,nan,nan,nan,nan,nan,nan,nan,0.24604413,-46.582779,-0.13273172,-39.98444,-1023.088,nan,-35.656109
nan,nan,nan,nan,nan,nan,nan,nan,0.23303801,-46.582779,-0.13274716,-39.980267,-970.68616,nan,-35.651501
nan,nan,nan,nan,nan,nan,nan,nan,0.22003041,-46.582779,-0.13276176,-39.975601,-918.27844,nan,-35.646397
nan,nan,nan,nan,nan,nan,nan,nan,0.20702143,-46.582779,-0.13277553,-39.970444,-865.86517,nan,-35.640789
nan,nan,nan,nan,nan,nan,nan,nan,0.19401114,-46.582779,-0.13278845,-39.96479,-813.44659,nan,-35.634682
nan,nan,nan,nan,nan,nan,nan,nan,0.18099962,-46.582779,-0.13280055,-39.958645,-761.02307,nan,-35.628067
nan,nan,nan,nan,nan,nan,nan,nan,0.16798697,-46.582779,-0.13281178,-39.952003,-708.59497,nan,-35.620953
nan,nan,nan,nan,nan,nan,nan,nan,0.15497325,-46.582779,-0.1328222,-39.944862,-656.1626,nan,-35.613331
nan,nan,nan,nan,nan,nan,nan,nan,0.14195855,-46.582779,-0.13283177,-39.937218,-603.72626,nan,-35.605202
nan,nan,nan,nan,nan,nan,nan,nan,0.12894297,-46.582779,-0.1328405,-39.929073,-551.28632,nan,-35.596561
nan,nan,nan,nan,nan,nan,nan,nan,0.11592656,-46.582779,-0.1328484,-39.920425,-498.84308,nan,-35.587414
nan,nan,nan,nan,nan,nan,nan,nan,0.10290942,-46.582779,-0.13285545,-39.91127,-446.39694,nan,-35.577755
nan,nan,nan,nan,nan,nan,nan,nan,0.089891627,-46.582779,-0.13286166,-39.901611,-393.94815,nan,-35.567585
nan,nan,nan,nan,nan,nan,nan,nan,0.07687328,-46.582779,-0.13286704,-39.891438,-341.4971,nan,-35.5569
nan,nan,nan,nan,nan,nan,nan,nan,0.063854441,-46.582779,-0.13287157,-39.880756,-289.04407,nan,-35.5457
nan,nan,nan,nan,nan,nan,nan,nan,0.050835196,-46.582779,-0.13287528,-39.869564,-236.58943,nan,-35.533989
nan,nan,nan,nan,nan,nan,nan,nan,0.037815634,-46.582779,-0.13287812,-39.857857,-184.1335,nan,-35.521755
nan,nan,nan,nan,nan,nan,nan,nan,0.024795836,-46.582779,-0.13288015,-39.845634,-131.67662,nan,-35.509007
nan,nan,nan,nan,nan,nan,nan,nan,0.011775881,-46.582779,-0.13288133,-39.832893,-79.219101,nan,-35.495743
nan,nan,nan,nan,nan,nan,nan,nan,-0.0012441478,-46.582779,-0.13288167,-39.819633,-26.761292,nan,-35.481953
nan,nan,nan,nan,nan,nan,nan,nan,-0.014264168,-46.582779,-0.13288116,-39.805851,25.696486,nan,-35.467648
nan,nan,nan,nan,nan,nan,nan,nan,-0.027284097,-46.582779,-0.13287982,-39.79155,78.1539,nan,-35.452816
nan,nan,nan,nan,nan,nan,nan,nan,-0.040303852,-46.582779,-0.13287765,-39.776726,130.61061,nan,-35.437466
nan,nan,nan,nan,nan,nan,nan,nan,-0.053323355,-46.582779,-0.13287462,-39.761375,183.0663,nan,-35.421589
nan,nan,nan,nan,nan,nan,nan,nan,-0.066342518,-46.582779,-0.13287078,-39.745499,235.52061,nan,-35.40519
nan,nan,nan,nan,nan,nan,nan,nan,-0.07936126,-46.582779,-0.13286607,-39.729092,287.97327,nan,-35.388268
nan,nan,nan,nan,nan,nan,nan,nan,-0.092379503,-46.582779,-0.13286054,-39.712158,340.42386,nan,-35.370815
nan,nan,nan,nan,nan,nan,nan,nan,-0.10539716,-46.582779,-0.13285416,-39.694695,392.87213,nan,-35.352837
nan,nan,nan,nan,nan,nan,nan,nan,-0.11841415,-46.582779,-0.13284695,-39.676697,445.31769,nan,-35.334335
nan,nan,nan,nan,nan,nan,nan,nan,-0.13143039,-46.582779,-0.1328389,-39.658165,497.76025,nan,-35.3153
nan,nan,nan,nan,nan,nan,nan,nan,-0.14444581,-46.582779,-0.13283001,-39.639099,550.19946,nan,-35.295742
nan,nan,nan,nan,nan,nan,nan,nan,-0.1574603,-46.582779,-0.13282028,-39.619499,602.63501,nan,-35.27565
nan,nan,nan,nan,nan,nan,nan,nan,-0.1704738,-46.582779,-0.13280971,-39.599358,655.06647,nan,-35.255032
nan,nan,nan,nan,nan,nan,nan,nan,-0.18348622,-46.582779,-0.1327983,-39.578678,707.49365,nan,-35.233879
nan,nan,nan,nan,nan,nan,nan,nan,-0.1964975,-46.582779,-0.13278605,-39.557461,759.9162,nan,-35.212196
nan,nan,nan,nan,nan,nan,nan,nan,-0.20950752,-46.582779,-0.13277297,-39.535702,812.33368,nan,-35.189983
nan,nan,nan,nan,nan,nan,nan,nan,-0.22251622,-46.582779,-0.13275903,-39.513397,864.74585,nan,-35.16724
nan,nan,nan,nan,nan,nan,nan,nan,-0.23552351,-46.582779,-0.13274427,-39.490551,917.15234,nan,-35.143959
nan,nan,nan,nan,nan,nan,nan,nan,-0.24852931,-46.582779,-0.13272867,-39.467159,969.55286,nan,-35.120152
nan,nan,nan,nan,nan,nan,nan,nan,-0.26153356,-46.582779,-0.13271223,-39.443218,1021.947,nan,-35.095806
nan,nan,nan,nan,nan,nan,nan,nan,-0.27453613,-46.582779,-0.13269496,-39.418736,1074.3345,nan,-35.07093
nan,nan,nan,nan,nan,nan,nan,nan,-0.28753698,-46.582779,-0.13267684,-39.3937,1126.7151,nan,-35.045517
nan,nan,nan,nan,nan,nan,nan,nan,-0.30053601,-46.582779,-0.13265789,-39.368114,1179.0883,nan,-35.019573
nan,nan,nan,nan,nan,nan,nan,nan,-0.31353313,-46.582779,-0.1326381,-39.341984,1231.4539,nan,-34.993092
nan,nan,nan,nan,nan,nan,nan,nan,-0.32652828,-46.582779,-0.13261746,-39.315296,1283.8114,nan,-34.96608
nan,nan,nan,nan,nan,nan,nan,nan,-0.33952138,-46.582779,-0.13259599,-39.288059,1336.1606,nan,-34.93853
nan,nan,nan,nan,nan,nan,nan,nan,-0.3525123,-46.582779,-0.13257368,-39.260265,1388.5012,nan,-34.910446
nan,nan,nan,nan,nan,nan,nan,nan,-0.36550102,-46.582779,-0.13255054,-39.231922,1440.8329,nan,-34.881828
nan,nan,nan,nan,nan,nan,nan,nan,-0.37848744,-46.582779,-0.13252656,-39.203018,1493.1552,nan,-34.852673
nan,nan,nan,nan,nan,nan,nan,nan,-0.39147145,-46.582779,-0.13250175,-39.173561,1545.4679,nan,-34.822987
nan,nan,nan,nan,nan,nan,nan,nan,-0.40445298,-46.582779,-0.13247609,-39.143547,1597.7706,nan,-34.792763
nan,nan,nan,nan,nan,nan,nan,nan,-0.41743195,-46.582779,-0.1324496,-39.112976,1650.0631,nan,-34.762005
nan,nan,nan,nan,nan,nan,nan,nan,-0.4304083,-46.582779,-0.13242227,-39.081844,1702.3448,nan,-34.730709
nan,nan,nan,nan,nan,nan,nan,nan,-0.44338194,-46.577236,-0.13239411,-39.050156,1754.6157,nan,-34.698883
nan,nan,nan,nan,nan,nan,nan,nan,-0.45635274,-46.580791,-0.13236511,-39.017906,1806.8752,nan,-34.666519
nan,nan,nan,nan,nan,nan,nan,nan,-0.46932068,-46.582779,-0.13233528,-38.985092,1859.1233,nan,-34.633621
nan,nan,nan,nan,nan,nan,nan,nan,-0.48228568,-46.567142,-0.13230459,-38.951721,1911.3593,nan,-34.600189
nan,nan,nan,nan,nan,nan,nan,nan,-0.4952476,-46.580505,-0.13227309,-38.917789,1963.583,nan,-34.566223
nan,nan,nan,nan,nan,nan,nan,nan,-0.50820637,-46.570839,-0.13224074,-38.883289,2015.7941,nan,-34.531727
nan,nan,nan,nan,nan,nan,nan,nan,-0.52116197,-46.522789,-0.13220757,-38.848232,2067.9922,nan,-34.496693
nan,nan,nan,nan,nan,nan,nan,nan,-0.5341143,-46.528618,-0.13217355,-38.812607,2120.1772,nan,-34.461128
nan,nan,nan,nan,nan,nan,nan,nan,-0.54706317,-46.510986,-0.1321387,-38.776421,2172.3486,nan,-34.42503
nan,nan,nan,nan,nan,nan,nan,nan,-0.56000865,-46.458385,-0.13210303,-38.73967,2224.5059,nan,-34.388397
nan,nan,nan,nan,nan,nan,nan,nan,-0.5729506,-46.479427,-0.1320665,-38.702351,2276.6489,nan,-34.351238
nan,nan,nan,nan,nan,nan,nan,nan,-0.58588892,-46.466774,-0.13202916,-38.664471,2328.7776,nan,-34.313545
nan,nan,nan,nan,nan,nan,nan,nan,-0.59882349,-46.413891,-0.13199097,-38.626022,2380.8914,nan,-34.275322
nan,nan,nan,nan,nan,nan,nan,nan,-0.61175436,-46.434929,-0.13195194,-38.587009,2432.9897,nan,-34.236568
nan,nan,nan,nan,nan,nan,nan,nan,-0.62468129,-46.367828,-0.1319121,-38.547428,2485.0725,nan,-34.197285
nan,nan,nan,nan,nan,nan,nan,nan,-0.6376043,-46.299591,-0.1318714,-38.507282,2537.1394,nan,-34.157471
nan,nan,nan,nan,nan,nan,nan,nan,-0.6505233,-46.281109,-0.13182989,-38.466568,2589.1902,nan,-34.117134
nan,nan,nan,nan,nan,nan,nan,nan,-0.66343814,-46.276276,-0.13178754,-38.425289,2641.2241,nan,-34.076267
nan,nan,nan,nan,nan,nan,nan,nan,-0.67634881,-46.212303,-0.13174435,-38.383442,2693.2415,nan,-34.034874
nan,nan,nan,nan,nan,nan,nan,nan,-0.68925524,-46.142498,-0.13170034,-38.34103,2745.2415,nan,-33.992954
nan,nan,nan,nan,nan,nan,nan,nan,-0.70215732,-46.103973,-0.13165548,-38.29805,2797.2239,nan,-33.950508
nan,nan,nan,nan,nan,nan,nan,nan,-0.71505493,-45.98555,-0.13160981,-38.254501,2849.1887,nan,-33.907543
nan,nan,nan,nan,nan,nan,nan,nan,-0.72794801,-46.034172,-0.13156331,-38.210388,2901.135,nan,-33.864052
nan,nan,nan,nan,nan,nan,nan,nan,-0.7408365,-45.904659,-0.13151596,-38.165707,2953.063,nan,-33.820038
nan,nan,nan,nan,nan,nan,nan,nan,-0.75372034,-45.856182,-0.13146779,-38.120457,3004.9719,nan,-33.775505
nan,nan,nan,nan,nan,nan,nan,nan,-0.76659942,-45.84296,-0.13141878,-38.074642,3056.8618,nan,-33.73045
nan,nan,nan,nan,nan,nan,nan,nan,-0.7794736,-45.833721,-0.13136895,-38.028259,3108.7322,nan,-33.684875
nan,nan,nan,nan,nan,nan,nan,nan,-0.7923429,-45.740887,-0.13131829,-37.981312,3160.5825,nan,-33.638786
nan,nan,nan,nan,nan,nan,nan,nan,-0.80520719,-45.688286,-0.13126679,-37.9338,3212.4128,nan,-33.592178
nan,nan,nan,nan,nan,nan,nan,nan,-0.81806642,-45.62289,-0.13121447,-37.885719,3264.2229,nan,-33.545055
nan,nan,nan,nan,nan,nan,nan,nan,-0.8309204,-45.592609,-0.13116132,-37.837074,3316.0117,nan,-33.497417
nan,nan,nan,nan,nan,nan,nan,nan,-0.84376919,-45.470634,-0.13110735,-37.787865,3367.7795,nan,-33.449265
nan,nan,nan,nan,nan,nan,nan,nan,-0.85661268,-45.491673,-0.13105254,-37.738091,3419.5261,nan,-33.4006
nan,nan,nan,nan,nan,nan,nan,nan,-0.86945069,-45.426422,-0.1309969,-37.687756,3471.2505,nan,-33.351429
nan,nan,nan,nan,nan,nan,nan,nan,-0.88228327,-45.368843,-0.13094044,-37.636852,3522.9531,nan,-33.301746
nan,nan,nan,nan,nan,nan,nan,nan,-0.89511025,-45.349651,-0.13088316,-37.585388,3574.6331,nan,-33.251556
nan,nan,nan,nan,nan,nan,nan,nan,-0.90793157,-45.210476,-0.13082503,-37.53336,3626.2903,nan,-33.200859
nan,nan,nan,nan,nan,nan,nan,nan,-0.9207471,-45.204788,-0.13076609,-37.48077,3677.9243,nan,-33.149658
nan,nan,nan,nan,nan,nan,nan,nan,-0.93355691,-45.149769,-0.13070633,-37.427624,3729.5349,nan,-33.097954
nan,nan,nan,nan,nan,nan,nan,nan,-0.94636077,-45.104988,-0.13064574,-37.373913,3781.1218,nan,-33.04575
nan,nan,nan,nan,nan,nan,nan,nan,-0.95915866,-45.041157,-0.13058431,-37.319641,3832.6848,nan,-32.993042
nan,nan,nan,nan,nan,nan,nan,nan,-0.97195047,-44.94804,-0.13052207,-37.264812,3884.2231,nan,-32.939838
nan,nan,nan,nan,nan,nan,nan,nan,-0.98473614,-44.891884,-0.130459,-37.209427,3935.7368,nan,-32.886135
nan,nan,nan,nan,nan,nan,nan,nan,-0.99751562,-44.762234,-0.13039511,-37.153484,3987.2253,nan,-32.83194
nan,nan,nan,nan,nan,nan,nan,nan,-1.0102888,-44.805164,-0.1303304,-37.096985,4038.6887,nan,-32.777248
nan,nan,nan,nan,nan,nan,nan,nan,-1.0230556,-44.766922,-0.13026485,-37.039932,4090.1262,nan,-32.722065
nan,nan,nan,nan,nan,nan,nan,nan,-1.035816,-44.681198,-0.13019849,-36.982323,4141.5376,nan,-32.666393
nan,nan,nan,nan,nan,nan,nan,nan,-1.0485697,-44.672955,-0.1301313,-36.92416,4192.9229,nan,-32.610233
nan,nan,nan,nan,nan,nan,nan,nan,-1.0613168,-44.477192,-0.1300633,-36.865448,4244.2812,nan,-32.553589
nan,nan,nan,nan,nan,nan,nan,nan,-1.0740573,-44.49852,-0.12999448,-36.806183,4295.6123,nan,-32.496456
nan,nan,nan,nan,nan,nan,nan,nan,-1.0867909,-44.403553,-0.12992482,-36.746368,4346.9165,nan,-32.438847
nan,nan,nan,nan,nan,nan,nan,nan,-1.0995178,-44.311005,-0.12985435,-36.686005,4398.1929,nan,-32.380753
nan,nan,nan,nan,nan,nan,nan,nan,-1.1122377,-44.292664,-0.12978306,-36.625095,4449.4414,nan,-32.322178
nan,nan,nan,nan,nan,nan,nan,nan,-1.1249504,-44.196419,-0.12971096,-36.563641,4500.6616,nan,-32.26313
nan,nan,nan,nan,nan,nan,nan,nan,-1.1376562,-44.1124,-0.12963803,-36.50164,4551.853,nan,-32.203609
nan,nan,nan,nan,nan,nan,nan,nan,-1.1503547,-44.050987,-0.12956429,-36.439098,4603.0156,nan,-32.143616
nan,nan,nan,nan,nan,nan,nan,nan,-1.163046,-43.981754,-0.12948972,-36.376011,4654.1484,nan,-32.083149
nan,nan,nan,nan,nan,nan,nan,nan,-1.1757299,-43.820541,-0.12941433,-36.312389,4705.2524,nan,-32.022217
nan,nan,nan,nan,nan,nan,nan,nan,-1.1884063,-43.875557,-0.12933813,-36.248226,4756.3262,nan,-31.960819
nan,nan,nan,nan,nan,nan,nan,nan,-1.2010754,-43.68264,-0.12926112,-36.183525,4807.3696,nan,-31.898958
nan,nan,nan,nan,nan,nan,nan,nan,-1.2137368,-43.733536,-0.12918328,-36.11829,4858.3823,nan,-31.836636
nan,nan,nan,nan,nan,nan,nan,nan,-1.2263905,-43.616676,-0.12910463,-36.052521,4909.3643,nan,-31.773855
nan,nan,nan,nan,nan,nan,nan,nan,-1.2390366,-43.589241,-0.12902516,-35.986217,4960.3149,nan,-31.710617
nan,nan,nan,nan,nan,nan,nan,nan,-1.2516747,-43.493847,-0.12894489,-35.919388,5011.2344,nan,-31.646925
nan,nan,nan,nan,nan,nan,nan,nan,-1.2643049,-43.467548,-0.12886378,-35.852028,5062.1216,nan,-31.582781
nan,nan,nan,nan,nan,nan,nan,nan,-1.2769271,-43.276337,-0.12878188,-35.784142,5112.9771,nan,-31.518188
nan,nan,nan,nan,nan,nan,nan,nan,-1.2895414,-43.265675,-0.12869915,-35.715729,5163.7998,nan,-31.45315
nan,nan,nan,nan,nan,nan,nan,nan,-1.3021474,-43.22715,-0.12861562,-35.646797,5214.5894,nan,-31.387665
nan,nan,nan,nan,nan,nan,nan,nan,-1.3147452,-43.164455,-0.12853128,-35.577339,5265.3462,nan,-31.321741
nan,nan,nan,nan,nan,nan,nan,nan,-1.3273348,-42.970402,-0.12844612,-35.507366,5316.0693,nan,-31.255375
nan,nan,nan,nan,nan,nan,nan,nan,-1.3399159,-42.899605,-0.12836014,-35.436878,5366.7593,nan,-31.188574
nan,nan,nan,nan,nan,nan,nan,nan,-1.3524885,-42.882401,-0.12827335,-35.365871,5417.4146,nan,-31.12134
nan,nan,nan,nan,nan,nan,nan,nan,-1.3650527,-42.862926,-0.12818576,-35.294353,5468.0356,nan,-31.053673
nan,nan,nan,nan,nan,nan,nan,nan,-1.3776082,-42.720905,-0.12809737,-35.222324,5518.6216,nan,-30.985579
nan,nan,nan,nan,nan,nan,nan,nan,-1.390155,-42.700573,-0.12800816,-35.149788,5569.1729,nan,-30.917059
nan,nan,nan,nan,nan,nan,nan,nan,-1.402693,-42.62011,-0.12791814,-35.076748,5619.6885,nan,-30.848114
nan,nan,nan,nan,nan,nan,nan,nan,-1.4152222,-42.527134,-0.1278273,-35.003201,5670.1689,nan,-30.778749
nan,nan,nan,nan,nan,nan,nan,nan,-1.4277424,-42.396484,-0.12773567,-34.929153,5720.6128,nan,-30.708969
nan,nan,nan,nan,nan,nan,nan,nan,-1.4402536,-42.345592,-0.12764323,-34.85461,5771.0205,nan,-30.638773
nan,nan,nan,nan,nan,nan,nan,nan,-1.4527557,-42.266689,-0.12754999,-34.779568,5821.3916,nan,-30.568165
nan,nan,nan,nan,nan,nan,nan,nan,-1.4652486,-42.137035,-0.12745593,-34.704029,5871.7256,nan,-30.497147
nan,nan,nan,nan,nan,nan,nan,nan,-1.4777323,-42.083725,-0.12736107,-34.628002,5922.0225,nan,-30.425724
nan,nan,nan,nan,nan,nan,nan,nan,-1.4902066,-42.020748,-0.12726541,-34.551487,5972.2817,nan,-30.353897
nan,nan,nan,nan,nan,nan,nan,nan,-1.5026715,-41.871902,-0.12716894,-34.474483,6022.5029,nan,-30.281672
nan,nan,nan,nan,nan,nan,nan,nan,-1.5151269,-41.821148,-0.12707168,-34.396996,6072.686,nan,-30.209047
nan,nan,nan,nan,nan,nan,nan,nan,-1.5275729,-41.719929,-0.1269736,-34.319031,6122.8306,nan,-30.13603
nan,nan,nan,nan,nan,nan,nan,nan,-1.540009,-41.675148,-0.12687473,-34.240582,6172.936,nan,-30.062622
nan,nan,nan,nan,nan,nan,nan,nan,-1.5524355,-41.53014,-0.12677506,-34.161663,6223.0024,nan,-29.988825
nan,nan,nan,nan,nan,nan,nan,nan,-1.5648521,-41.534691,-0.12667458,-34.082268,6273.0293,nan,-29.914644
nan,nan,nan,nan,nan,nan,nan,nan,-1.5772589,-41.369637,-0.12657329,-34.002403,6323.0161,nan,-29.84008
nan,nan,nan,nan,nan,nan,nan,nan,-1.5896558,-41.27652,-0.12647122,-33.922073,6372.9634,nan,-29.765139
nan,nan,nan,nan,nan,nan,nan,nan,-1.6020426,-41.282917,-0.12636834,-33.841278,6422.8696,nan,-29.689821
nan,nan,nan,nan,nan,nan,nan,nan,-1.6144192,-41.115589,-0.12626468,-33.760021,6472.7354,nan,-29.614132
nan,nan,nan,nan,nan,nan,nan,nan,-1.6267856,-41.01693,-0.1261602,-33.678307,6522.5601,nan,-29.538073
nan,nan,nan,nan,nan,nan,nan,nan,-1.6391419,-40.975845,-0.12605493,-33.596138,6572.3433,nan,-29.461649
nan,nan,nan,nan,nan,nan,nan,nan,-1.6514877,-40.908459,-0.12594888,-33.513515,6622.0845,nan,-29.384861
nan,nan,nan,nan,nan,nan,nan,nan,-1.6638231,-40.839081,-0.12584201,-33.430447,6671.7842,nan,-29.307714
nan,nan,nan,nan,nan,nan,nan,nan,-1.6761479,-40.72123,-0.12573436,-33.346928,6721.4409,nan,-29.230213
nan,nan,nan,nan,nan,nan,nan,nan,-1.6884623,-40.619156,-0.12562591,-33.26297,6771.0557,nan,-29.152357
nan,nan,nan,nan,nan,nan,nan,nan,-1.700766,-40.49931,-0.12551667,-33.17857,6820.627,nan,-29.074154
nan,nan,nan,nan,nan,nan,nan,nan,-1.7130588,-40.422684,-0.12540664,-33.093735,6870.1553,nan,-28.995604
nan,nan,nan,nan,nan,nan,nan,nan,-1.7253408,-40.363972,-0.1252958,-33.008469,6919.6396,nan,-28.91671
nan,nan,nan,nan,nan,nan,nan,nan,-1.737612,-40.236023,-0.12518419,-32.922771,6969.0806,nan,-28.837479
nan,nan,nan,nan,nan,nan,nan,nan,-1.7498722,-40.146889,-0.12507178,-32.836647,7018.4766,nan,-28.757912
nan,nan,nan,nan,nan,nan,nan,nan,-1.7621213,-40.054764,-0.12495858,-32.750103,7067.8286,nan,-28.678011
nan,nan,nan,nan,nan,nan,nan,nan,-1.7743593,-39.968044,-0.12484459,-32.663136,7117.1357,nan,-28.597784
nan,nan,nan,nan,nan,nan,nan,nan,-1.7865862,-39.858009,-0.12472981,-32.575752,7166.3975,nan,-28.517229
nan,nan,nan,nan,nan,nan,nan,nan,-1.7988017,-39.769444,-0.12461425,-32.487957,7215.6138,nan,-28.436354
nan,nan,nan,nan,nan,nan,nan,nan,-1.8110058,-39.706322,-0.1244979,-32.399754,7264.7847,nan,-28.35516
nan,nan,nan,nan,nan,nan,nan,nan,-1.8231986,-39.590176,-0.12438076,-32.311146,7313.9092,nan,-28.273651
nan,nan,nan,nan,nan,nan,nan,nan,-1.8353797,-39.534588,-0.12426284,-32.222134,7362.9873,nan,-28.191832
nan,nan,nan,nan,nan,nan,nan,nan,-1.8475493,-39.365414,-0.12414413,-32.132725,7412.0186,nan,-28.109705
nan,nan,nan,nan,nan,nan,nan,nan,-1.8597072,-39.323193,-0.12402464,-32.042923,7461.0029,nan,-28.027273
nan,nan,nan,nan,nan,nan,nan,nan,-1.8718535,-39.27116,-0.12390436,-31.952728,7509.9404,nan,-27.944542
nan,nan,nan,nan,nan,nan,nan,nan,-1.8839878,-39.147903,-0.12378331,-31.862146,7558.8296,nan,-27.861513
nan,nan,nan,nan,nan,nan,nan,nan,-1.8961103,-39.08194,-0.12366146,-31.771181,7607.6709,nan,-27.778191
nan,nan,nan,nan,nan,nan,nan,nan,-1.9082208,-38.932384,-0.12353884,-31.679836,7656.4644,nan,-27.69458
nan,nan,nan,nan,nan,nan,nan,nan,-1.9203192,-38.862011,-0.12341544,-31.588116,7705.209,nan,-27.610682
nan,nan,nan,nan,nan,nan,nan,nan,-1.9324055,-38.748993,-0.12329125,-31.496023,7753.9048,nan,-27.526503
nan,nan,nan,nan,nan,nan,nan,nan,-1.9444796,-38.600288,-0.1231663,-31.403563,7802.5513,nan,-27.442043
nan,nan,nan,nan,nan,nan,nan,nan,-1.9565413,-38.546978,-0.12304056,-31.310738,7851.1484,nan,-27.357311
nan,nan,nan,nan,nan,nan,nan,nan,-1.9685909,-38.394718,-0.12291405,-31.217552,7899.6958,nan,-27.272306
nan,nan,nan,nan,nan,nan,nan,nan,-1.9806278,-38.30658,-0.12278675,-31.124008,7948.1929,nan,-27.187035
nan,nan,nan,nan,nan,nan,nan,nan,-1.9926523,-38.26009,-0.12265868,-31.030115,7996.6396,nan,-27.1015
nan,nan,nan,nan,nan,nan,nan,nan,-2.0046642,-38.240047,-0.12252984,-30.935871,8045.0361,nan,-27.015703
nan,nan,nan,nan,nan,nan,nan,nan,-2.0166636,-38.033768,-0.12240023,-30.841284,8093.3809,nan,-26.929651
nan,nan,nan,nan,nan,nan,nan,nan,-2.02865,-37.932686,-0.12226984,-30.746355,8141.6748,nan,-26.843348
nan,nan,nan,nan,nan,nan,nan,nan,-2.0406237,-37.857769,-0.12213868,-30.651091,8189.917,nan,-26.756794
nan,nan,nan,nan,nan,nan,nan,nan,-2.0525844,-37.766499,-0.12200674,-30.555494,8238.1074,nan,-26.669994
nan,nan,nan,nan,nan,nan,nan,nan,-2.0645323,-37.614243,-0.12187404,-30.459568,8286.2451,nan,-26.582956
nan,nan,nan,nan,nan,nan,nan,nan,-2.076467,-37.572018,-0.12174057,-30.363319,8334.3301,nan,-26.495678
nan,nan,nan,nan,nan,nan,nan,nan,-2.0883887,-37.423031,-0.12160633,-30.26675,8382.3633,nan,-26.408167
nan,nan,nan,nan,nan,nan,nan,nan,-2.1002972,-37.349106,-0.12147132,-30.169865,8430.3428,nan,-26.320427
nan,nan,nan,nan,nan,nan,nan,nan,-2.1121924,-37.280582,-0.12133554,-30.07267,8478.2686,nan,-26.23246
nan,nan,nan,nan,nan,nan,nan,nan,-2.1240745,-37.164291,-0.121199,-29.975164,8526.1406,nan,-26.144272
nan,nan,nan,nan,nan,nan,nan,nan,-2.1359427,-37.064209,-0.12106169,-29.877359,8573.959,nan,-26.055864
nan,nan,nan,nan,nan,nan,nan,nan,-2.1477978,-36.969814,-0.12092362,-29.779253,8621.7227,nan,-25.967241
nan,nan,nan,nan,nan,nan,nan,nan,-2.1596391,-36.85537,-0.12078477,-29.680853,8669.4316,nan,-25.878408
nan,nan,nan,nan,nan,nan,nan,nan,-2.1714668,-36.775192,-0.12064517,-29.582163,8717.0859,nan,-25.78937
nan,nan,nan,nan,nan,nan,nan,nan,-2.1832809,-36.678947,-0.12050481,-29.483185,8764.6846,nan,-25.700127
nan,nan,nan,nan,nan,nan,nan,nan,-2.1950812,-36.589241,-0.12036369,-29.383928,8812.2275,nan,-25.610683
nan,nan,nan,nan,nan,nan,nan,nan,-2.2068677,-36.44466,-0.12022181,-29.284391,8859.7148,nan,-25.521046
nan,nan,nan,nan,nan,nan,nan,nan,-2.2186401,-36.274349,-0.12007916,-29.184584,8907.1465,nan,-25.431215
nan,nan,nan,nan,nan,nan,nan,nan,-2.2303984,-36.296101,-0.11993576,-29.084507,8954.5215,nan,-25.341198
nan,nan,nan,nan,nan,nan,nan,nan,-2.2421429,-36.134033,-0.1197916,-28.984167,9001.8389,nan,-25.250996
nan,nan,nan,nan,nan,nan,nan,nan,-2.2538729,-36.06295,-0.11964668,-28.883566,9049.1006,nan,-25.160614
nan,nan,nan,nan,nan,nan,nan,nan,-2.265589,-35.911404,-0.11950102,-28.782709,9096.3037,nan,-25.070057
nan,nan,nan,nan,nan,nan,nan,nan,-2.2772906,-35.802223,-0.11935458,-28.681602,9143.4502,nan,-24.979324
nan,nan,nan,nan,nan,nan,nan,nan,-2.2889779,-35.713512,-0.1192074,-28.58025,9190.5381,nan,-24.888426
nan,nan,nan,nan,nan,nan,nan,nan,-2.3006506,-35.622528,-0.11905947,-28.478653,9237.5674,nan,-24.797361
nan,nan,nan,nan,nan,nan,nan,nan,-2.3123088,-35.475674,-0.11891079,-28.37682,9284.5391,nan,-24.706135
nan,nan,nan,nan,nan,nan,nan,nan,-2.3239524,-35.405869,-0.11876135,-28.274754,9331.4512,nan,-24.614752
nan,nan,nan,nan,nan,nan,nan,nan,-2.3355813,-35.348579,-0.11861116,-28.172461,9378.3047,nan,-24.523216
nan,nan,nan,nan,nan,nan,nan,nan,-2.3471956,-35.209541,-0.11846023,-28.069941,9425.0977,nan,-24.43153
nan,nan,nan,nan,nan,nan,nan,nan,-2.3587949,-35.159218,-0.11830854,-27.967203,9471.832,nan,-24.339699
nan,nan,nan,nan,nan,nan,nan,nan,-2.3703794,-34.953506,-0.11815611,-27.864248,9518.5059,nan,-24.247725
