entree,ChampB,ChampBdes,ChampH2,derivChampB,derivChampBdes,timeC,ih,v2_for_integration,ChampH23,ChampB_brut,ChampH2_brut,derivChampB_brut,ih_probe,ChampH2_probe_brut
1.3397123,-0.00050654414,0,2.3478167,13470.939,15707.946,0,-0.1010101,-1.201483,-18.633112,-0.08039923,-14.604524,4793.0088,-0.048531145,-19.371826
1.3397262,-0.00029020634,0.00025132715,2.3962348,13466.775,15707.946,1.6e-08,-0.1010101,-1.2019416,-18.633112,-0.080321759,-14.6105,4794.8564,-0.048788112,-19.334555
1.3397402,-7.3952586e-05,0.00050265272,2.4445961,13464.62,15707.848,3.2e-08,-0.1010101,-1.2032181,-18.633112,-0.080244236,-14.61653,4799.9995,-0.04852321,-19.297085
1.3397541,0.00014226903,0.00075397507,2.4929018,13464.68,15707.649,4.8e-08,-0.1010101,-1.2050437,-18.633112,-0.080166616,-14.62261,4807.355,-0.04883999,-19.259417
1.3397681,0.00035845966,0.0010052928,2.5411527,13465.808,15707.352,6.4e-08,-0.1010101,-1.2076285,-18.633112,-0.080088854,-14.628738,4817.769,-0.048067871,-19.221552
1.3397818,0.00057467737,0.001256604,2.5893502,13467.69,15706.954,8e-08,-0.1010101,-1.2106901,-18.633112,-0.080010906,-14.634912,4830.1045,-0.0482754,-19.183491
1.3397952,0.0007909034,0.0015079073,2.6374955,13468.451,15706.458,9.6e-08,-0.1010101,-1.2141714,-18.633112,-0.079932742,-14.64113,4844.1304,-0.047921386,-19.145235
1.3398085,0.0010071659,0.0017592012,2.6855893,13468.567,15705.863,1.12e-07,-0.1010101,-1.2180806,-18.633112,-0.079854347,-14.64739,4859.8809,-0.046985075,-19.106785
1.3398211,0.0012234185,0.0020104838,2.7336328,13467.94,15705.169,1.28e-07,-0.1010101,-1.2227099,-18.633112,-0.079775676,-14.653689,4878.5322,-0.047524035,-19.06814
1.3398334,0.0014396823,0.0022617539,2.7816274,13466.775,15704.375,1.44e-07,-0.1010101,-1.2282935,-18.633112,-0.079696678,-14.660025,4901.0283,-0.047323223,-19.029305
1.3398449,0.0016559152,0.0025130096,2.8295739,13463.812,15703.482,1.6e-07,-0.1010101,-1.234351,-18.633112,-0.079617299,-14.666394,4925.4346,-0.047119357,-18.990276
1.3398558,0.0018721292,0.0027642495,2.8774736,13460.391,15702.49,1.76e-07,-0.1010101,-1.2408693,-18.633112,-0.079537518,-14.672796,4951.6963,-0.04704123,-18.951057
1.3398657,0.0020882762,0.0030154716,2.9253273,13459.428,15701.398,1.92e-07,-0.1010101,-1.2473867,-18.633112,-0.079457313,-14.679228,4977.9556,-0.046727501,-18.91165
1.3398747,0.0023044054,0.0032666749,2.9731362,13457.878,15700.208,2.08e-07,-0.1010101,-1.2544832,-18.633112,-0.079376675,-14.685686,5006.5474,-0.04675924,-18.872051
1.3398826,0.0025204993,0.0035178578,3.0209012,13457.475,15698.919,2.24e-07,-0.1010101,-1.262326,-18.633112,-0.079295553,-14.692169,5038.146,-0.045964539,-18.832266
1.3398893,0.0027365936,0.0037690182,3.0686238,13456.699,15697.529,2.4e-07,-0.1010101,-1.2701093,-18.633112,-0.079213925,-14.698673,5069.5049,-0.046524245,-18.792294
1.3398945,0.0029526632,0.0040201549,3.1163046,13456.714,15696.042,2.56e-07,-0.1010101,-1.2785211,-18.633112,-0.079131782,-14.705197,5103.396,-0.046104923,-18.752134
1.3398983,0.0031687422,0.0042712661,3.1639447,13455.076,15694.455,2.72e-07,-0.1010101,-1.286744,-18.633112,-0.079049096,-14.711738,5136.5259,-0.045624562,-18.71179
1.3399005,0.0033847918,0.0045223506,3.2115455,13453.667,15692.769,2.88e-07,-0.1010101,-1.2954639,-18.633112,-0.078965865,-14.718292,5171.6587,-0.045529343,-18.671263
1.3399009,0.0036008325,0.0047734063,3.2591076,13452.627,15690.983,3.04e-07,-0.1010101,-1.3044825,-18.633112,-0.078882068,-14.724857,5207.9946,-0.045048371,-18.63055
1.3398993,0.0038168381,0.0050244317,3.3066323,13450.509,15689.099,3.2e-07,-0.1010101,-1.3135138,-18.633112,-0.078797683,-14.731432,5244.3818,-0.044793848,-18.589657
1.3398956,0.0040328335,0.0052754255,3.3541205,13448.596,15687.115,3.36e-07,-0.1010101,-1.3222624,-18.633112,-0.078712724,-14.738011,5279.6304,-0.043877073,-18.548582
1.3398898,0.0042487807,0.0055263862,3.4015732,13446.322,15685.032,3.52e-07,-0.1010101,-1.3310695,-18.633112,-0.078627199,-14.744595,5315.1143,-0.044621725,-18.507326
1.3398815,0.0044647101,0.0057773115,3.4489913,13444.76,15682.851,3.68e-07,-0.1010101,-1.3395114,-18.633112,-0.078541122,-14.751177,5349.1265,-0.044531997,-18.465891
1.3398707,0.004680594,0.0060282005,3.496376,13443.477,15680.57,3.84e-07,-0.1010101,-1.3480804,-18.633112,-0.078454494,-14.757757,5383.6509,-0.043613393,-18.424278
1.3398572,0.0048964703,0.0062790518,3.5437284,13441.993,15678.19,4e-07,-0.1010101,-1.3557622,-18.633112,-0.078367345,-14.764333,5414.6011,-0.044069339,-18.382488
1.3398409,0.0051123095,0.006529863,3.591049,13440.614,15675.711,4.16e-07,-0.1010101,-1.3633387,-18.633112,-0.078279704,-14.770899,5445.127,-0.043023773,-18.340521
1.3398215,0.0053281407,0.0067806332,3.6383388,13438.387,15673.134,4.32e-07,-0.1010101,-1.3704032,-18.633112,-0.078191593,-14.777453,5473.5898,-0.044232916,-18.29838
1.3397988,0.0055439272,0.0070313606,3.6855993,13436.322,15670.456,4.48e-07,-0.1010101,-1.3779428,-18.633112,-0.078103006,-14.783994,5503.9673,-0.042844325,-18.256063
1.3397728,0.0057596946,0.0072820433,3.732831,13433.684,15667.681,4.64e-07,-0.1010101,-1.3855081,-18.633112,-0.078013934,-14.790517,5534.4473,-0.043009736,-18.213573
1.3397434,0.0059754089,0.0075326804,3.7800348,13431.046,15664.806,4.8e-07,-0.1010101,-1.3931237,-18.633112,-0.077924371,-14.79702,5565.1313,-0.041966002,-18.170914
1.3397101,0.0061910958,0.0077832695,3.8272119,13428.619,15661.832,4.96e-07,-0.1010101,-1.4004605,-18.633112,-0.07783433,-14.803499,5594.6909,-0.042723473,-18.12808
1.339673,0.0064067277,0.0080338093,3.8743627,13426.464,15658.76,5.12e-07,-0.1010101,-1.4079577,-18.633112,-0.077743806,-14.809953,5624.8975,-0.042326123,-18.085079
1.3396319,0.0066223382,0.0082842987,3.9214888,13424.905,15655.588,5.28e-07,-0.1010101,-1.4155012,-18.633112,-0.077652805,-14.816377,5655.2905,-0.041878108,-18.041908
1.3395865,0.0068379045,0.008534736,3.9685905,13423.438,15652.317,5.44e-07,-0.1010101,-1.4233927,-18.633112,-0.077561297,-14.822767,5687.085,-0.041756034,-17.998569
1.3395368,0.0070534614,0.0087851193,4.0156689,13421.354,15648.948,5.6e-07,-0.1010101,-1.4307781,-18.633112,-0.077469304,-14.829123,5716.8413,-0.041607104,-17.955063
1.3394825,0.0072689746,0.0090354467,4.0627246,13419.036,15645.479,5.76e-07,-0.1010101,-1.4381628,-18.633112,-0.077376835,-14.83544,5746.5942,-0.040457167,-17.911392
1.3394235,0.0074844668,0.0092857173,4.1097589,13416.719,15641.912,5.92e-07,-0.1010101,-1.4455612,-18.633112,-0.077283882,-14.841715,5776.4019,-0.040505387,-17.867558
1.3393595,0.0076999078,0.0095359292,4.1567721,13415.001,15638.247,6.08e-07,-0.1010101,-1.4530489,-18.633112,-0.077190459,-14.847944,5806.5703,-0.040673237,-17.823559
1.3392906,0.0079153311,0.0097860815,4.2037654,13413.094,15634.482,6.24e-07,-0.1010101,-1.4604853,-18.633112,-0.077096544,-14.854125,5836.5317,-0.040910672,-17.779398
1.3392164,0.0081307115,0.010036171,4.2507396,13411.198,15630.618,6.4e-07,-0.1010101,-1.4678011,-18.633112,-0.07700216,-14.860254,5866.0068,-0.039868161,-17.735075
1.3391367,0.0083460752,0.010286197,4.2976956,13407.915,15626.656,6.56e-07,-0.1010101,-1.475413,-18.633112,-0.076907292,-14.866329,5896.6753,-0.040326547,-17.690594
1.3390516,0.0085613821,0.010536159,4.3446336,13404.684,15622.596,6.72e-07,-0.1010101,-1.482589,-18.633112,-0.076811954,-14.872346,5925.5874,-0.039621569,-17.645952
1.3389608,0.0087766508,0.010786054,4.3915544,13401.834,15618.437,6.88e-07,-0.1010101,-1.4902942,-18.633112,-0.076716132,-14.878302,5956.6318,-0.039793085,-17.601154
1.338864,0.0089918571,0.011035881,4.4384594,13398.474,15614.178,7.04e-07,-0.1010101,-1.4976066,-18.633112,-0.076619826,-14.884192,5986.0938,-0.038565021,-17.5562
1.3387612,0.009207028,0.011285638,4.4853492,13395.056,15609.821,7.2e-07,-0.1010101,-1.5048822,-18.633112,-0.076523051,-14.890016,6015.4072,-0.039343853,-17.511089
1.3386523,0.00942213,0.011535323,4.5322237,13391.006,15605.366,7.36e-07,-0.1010101,-1.5118964,-18.633112,-0.076425813,-14.895767,6043.6675,-0.038692586,-17.465824
1.3385369,0.0096371854,0.011784936,4.5790844,13388.017,15600.812,7.52e-07,-0.1010101,-1.5192204,-18.633112,-0.076328114,-14.901444,6073.1758,-0.038638264,-17.420408
1.3384151,0.0098521719,0.012034475,4.6259322,13383.91,15596.159,7.68e-07,-0.1010101,-1.5266145,-18.633112,-0.076229937,-14.907043,6102.9668,-0.038602252,-17.374838
1.3382866,0.010067115,0.012283938,4.6727667,13381.589,15591.408,7.84e-07,-0.1010101,-1.5340954,-18.633112,-0.076131284,-14.912561,6133.1074,-0.037504196,-17.329119
1.3381515,0.010281993,0.012533323,4.7195892,13378.848,15586.559,8e-07,-0.1010101,-1.5413519,-18.633112,-0.076032154,-14.917995,6162.3438,-0.037689749,-17.283249
1.3380094,0.010496845,0.012782629,4.7664008,13374.973,15581.611,8.16e-07,-0.1010101,-1.5490408,-18.633112,-0.075932547,-14.923341,6193.3223,-0.037546311,-17.237232
1.3378602,0.010711629,0.013031853,4.813201,13370.983,15576.564,8.32e-07,-0.1010101,-1.55659,-18.633112,-0.075832449,-14.928595,6223.7383,-0.037021395,-17.191069
1.3377039,0.010926364,0.013280996,4.8599916,13366.559,15571.42,8.48e-07,-0.1010101,-1.563972,-18.633112,-0.075731866,-14.933754,6253.4805,-0.037020173,-17.144758
1.3375404,0.011141017,0.013530055,4.9067721,13360.953,15566.177,8.64e-07,-0.1010101,-1.5714266,-18.633112,-0.075630806,-14.938815,6283.5151,-0.035746939,-17.098303
1.3373693,0.011355603,0.013779028,4.9535437,13355.547,15560.835,8.8e-07,-0.1010101,-1.5786692,-18.633112,-0.07552927,-14.943775,6312.6953,-0.035978273,-17.051704
1.3371907,0.011570087,0.014027914,5.0003066,13350.688,15555.396,8.96e-07,-0.1010101,-1.5857605,-18.633112,-0.075427271,-14.948629,6341.2661,-0.036534928,-17.004965
1.3370045,0.011784503,0.014276712,5.0470619,13345.997,15549.857,9.12e-07,-0.1010101,-1.5930641,-18.633112,-0.075324811,-14.953375,6370.6924,-0.036343884,-16.958084
1.3368105,0.011998829,0.01452542,5.0938096,13340.872,15544.222,9.28e-07,-0.1010101,-1.6005723,-18.633112,-0.075221874,-14.95801,6400.9434,-0.036183964,-16.911062
1.3366086,0.01221309,0.014774036,5.1405501,13335.154,15538.487,9.44e-07,-0.1010101,-1.6081463,-18.633112,-0.075118452,-14.962528,6431.459,-0.03624317,-16.863903
1.3363987,0.01242725,0.015022558,5.1872845,13329.023,15532.654,9.6e-07,-0.1010101,-1.6155109,-18.633112,-0.075014547,-14.966928,6461.1313,-0.035279397,-16.816607
1.3361808,0.012641328,0.015270986,5.2340126,13324,15526.724,9.76e-07,-0.1010101,-1.6226929,-18.633112,-0.074910171,-14.971207,6490.0674,-0.035929441,-16.769175
1.3359547,0.012855304,0.015519316,5.2807355,13318.589,15520.695,9.92e-07,-0.1010101,-1.6299345,-18.633112,-0.074805334,-14.975359,6519.2441,-0.034585405,-16.721607
1.3357203,0.013069211,0.01576755,5.3274531,13313.336,15514.568,1.008e-06,-0.1010101,-1.6373444,-18.633112,-0.07470002,-14.979382,6549.0981,-0.034853358,-16.673906
1.3354776,0.013283018,0.016015682,5.374166,13309.003,15508.344,1.024e-06,-0.1010101,-1.6446109,-18.633112,-0.074594237,-14.983273,6578.375,-0.033810236,-16.626072
1.3352265,0.013496763,0.016263716,5.4208741,13303.824,15502.021,1.04e-06,-0.1010101,-1.6518072,-18.633112,-0.074487992,-14.987027,6607.3691,-0.033828545,-16.578108
1.3349669,0.013710419,0.016511645,5.4675789,13298.957,15495.6,1.056e-06,-0.1010101,-1.659094,-18.633112,-0.07438127,-14.990642,6636.7275,-0.033057038,-16.530014
1.3346987,0.013924006,0.01675947,5.5142798,13292.979,15489.081,1.072e-06,-0.1010101,-1.6663166,-18.633112,-0.074274085,-14.994114,6665.8276,-0.033431806,-16.481792
1.3344218,0.014137493,0.017007189,5.5609775,13288.276,15482.465,1.088e-06,-0.1010101,-1.6739298,-18.633112,-0.074166425,-14.997439,6696.501,-0.033268839,-16.433443
1.3341362,0.01435091,0.017254801,5.6076722,13280.858,15475.751,1.104e-06,-0.1010101,-1.6810244,-18.633112,-0.074058287,-15.000615,6725.0854,-0.032121342,-16.384968
1.3338419,0.014564213,0.017502304,5.6543641,13274.537,15468.939,1.12e-06,-0.1010101,-1.6878583,-18.633112,-0.073949702,-15.003637,6752.6191,-0.031445052,-16.336369
1.3335388,0.01477742,0.017749697,5.7010541,13267.59,15462.029,1.136e-06,-0.1010101,-1.694787,-18.633112,-0.07384067,-15.006503,6780.5352,-0.032554705,-16.287643
1.3332267,0.014990508,0.017996978,5.7477417,13261.916,15455.022,1.152e-06,-0.1010101,-1.7018158,-18.633112,-0.073731191,-15.009208,6808.8545,-0.031863157,-16.238798
1.3329058,0.015203509,0.018244144,5.7944274,13255.724,15447.917,1.168e-06,-0.1010101,-1.7089379,-18.633112,-0.073621258,-15.01175,6837.5488,-0.03111423,-16.189833
1.3325759,0.015416401,0.018491196,5.8411117,13249.233,15440.715,1.184e-06,-0.1010101,-1.7158633,-18.633112,-0.07351087,-15.014124,6865.4517,-0.031136815,-16.140747
1.332237,0.015629206,0.01873813,5.8877945,13243.56,15433.415,1.2e-06,-0.1010101,-1.7226303,-18.633112,-0.073400036,-15.016328,6892.7158,-0.031039765,-16.091543
1.331889,0.015841899,0.018984945,5.9344759,13238.76,15426.018,1.216e-06,-0.1010101,-1.7294246,-18.633112,-0.073288769,-15.018358,6920.0903,-0.031584214,-16.042223
1.331532,0.016054524,0.019231642,5.9811563,13232.684,15418.522,1.232e-06,-0.1010101,-1.7363002,-18.633112,-0.073177062,-15.020211,6947.792,-0.030381786,-15.992786
1.331166,0.016267046,0.019478217,6.0278363,13226.543,15410.93,1.248e-06,-0.1010101,-1.7433619,-18.633112,-0.073064908,-15.021883,6976.2437,-0.030640583,-15.943235
1.3307908,0.016479485,0.019724669,6.0745149,13220.782,15403.24,1.264e-06,-0.1010101,-1.7502526,-18.633112,-0.0729523,-15.023371,7004.0063,-0.030212713,-15.893572
1.3304064,0.016691815,0.019970996,6.1211934,13213.809,15395.453,1.28e-06,-0.1010101,-1.7571042,-18.633112,-0.072839253,-15.024671,7031.6113,-0.03015656,-15.843796
1.330013,0.016904056,0.020217197,6.167871,13205.841,15387.569,1.296e-06,-0.1010101,-1.7638851,-18.633112,-0.072725758,-15.02578,7058.9321,-0.029435102,-15.79391
1.3296103,0.017116163,0.020463271,6.2145481,13198.922,15379.588,1.312e-06,-0.1010101,-1.7707964,-18.633112,-0.072611831,-15.026694,7086.7778,-0.029707938,-15.743915
1.3291986,0.017328165,0.020709215,6.2612252,13191.657,15371.509,1.328e-06,-0.1010101,-1.7779342,-18.633112,-0.07249745,-15.027411,7115.5361,-0.029632252,-15.693811
1.3287777,0.017540039,0.020955028,6.3079019,13184.595,15363.333,1.344e-06,-0.1010101,-1.7848257,-18.633112,-0.072382614,-15.027927,7143.3018,-0.028536027,-15.643602
1.3283474,0.017751813,0.021200709,6.354578,13178.029,15355.061,1.36e-06,-0.1010101,-1.7909456,-18.633112,-0.072267361,-15.028239,7167.9595,-0.028437758,-15.593287
1.3279082,0.017963465,0.021446256,6.4012537,13170.737,15346.69,1.376e-06,-0.1010101,-1.7976574,-18.633112,-0.072151691,-15.028343,7195.001,-0.028495133,-15.542869
1.3274597,0.018175019,0.021691667,6.4479294,13163.121,15338.225,1.392e-06,-0.1010101,-1.8046787,-18.633112,-0.072035581,-15.028236,7223.2896,-0.02816309,-15.492347
1.327002,0.01838644,0.021936942,6.4946046,13156.145,15329.661,1.408e-06,-0.1010101,-1.811579,-18.633112,-0.071919024,-15.027916,7251.0908,-0.027894529,-15.441724
1.3265352,0.018597757,0.022182077,6.5412793,13147.689,15321,1.424e-06,-0.1010101,-1.8187842,-18.633112,-0.071802005,-15.027377,7280.1206,-0.027610095,-15.391001
1.3260592,0.018808937,0.022427073,6.5879536,13140.35,15312.243,1.44e-06,-0.1010101,-1.8258222,-18.633112,-0.071684532,-15.026617,7308.4771,-0.027271951,-15.340179
1.3255742,0.019020004,0.022671929,6.6346273,13131.355,15303.39,1.456e-06,-0.1010101,-1.8325374,-18.633112,-0.071566619,-15.025634,7335.5327,-0.027377544,-15.289261
1.3250799,0.019230926,0.022916639,6.6813006,13124.568,15294.438,1.472e-06,-0.1010101,-1.8393475,-18.633112,-0.071448267,-15.024424,7362.9702,-0.026624959,-15.238245
1.3245766,0.019441737,0.023161205,6.727973,13116.165,15285.392,1.488e-06,-0.1010101,-1.8462223,-18.633112,-0.071329467,-15.022983,7390.6694,-0.027213356,-15.187136
1.3240643,0.019652413,0.023405625,6.7746449,13107.611,15276.248,1.504e-06,-0.1010101,-1.8527731,-18.633112,-0.071210243,-15.021308,7417.0625,-0.026062196,-15.135932
1.3235428,0.019862965,0.023649897,6.8213153,13099.46,15267.008,1.52e-06,-0.1010101,-1.8595446,-18.633112,-0.071090586,-15.019397,7444.3452,-0.025940733,-15.084636
1.3230124,0.020073371,0.023894019,6.8679843,13091.124,15257.671,1.536e-06,-0.1010101,-1.8663312,-18.633112,-0.070970498,-15.017245,7471.6885,-0.026068911,-15.03325
1.3224728,0.020283658,0.024137991,6.9146519,13083.612,15248.238,1.552e-06,-0.1010101,-1.8733122,-18.633112,-0.070849963,-15.014852,7499.8149,-0.025770441,-14.981773
1.3219243,0.020493805,0.024381811,6.9613185,13075.352,15238.709,1.568e-06,-0.1010101,-1.8802326,-18.633112,-0.070728973,-15.012211,7527.6973,-0.025147863,-14.930208
1.3213669,0.020703839,0.024625476,7.0079827,13067.545,15229.083,1.584e-06,-0.1010101,-1.8871331,-18.633112,-0.070607543,-15.009322,7555.4995,-0.024406262,-14.878557
1.3208005,0.020913731,0.024868986,7.0546451,13058.303,15219.361,1.6e-06,-0.1010101,-1.8940696,-18.633112,-0.070485666,-15.00618,7583.4463,-0.024582049,-14.826819
1.3202252,0.021123501,0.025112338,7.101305,13049.074,15209.544,1.616e-06,-0.1010101,-1.9011849,-18.633112,-0.070363343,-15.002784,7612.1138,-0.023832515,-14.774998
1.3196411,0.021333108,0.025355533,7.1479621,13041.657,15199.63,1.632e-06,-0.1010101,-1.9080133,-18.633112,-0.070240565,-14.999128,7639.626,-0.023935057,-14.723093
1.319048,0.021542596,0.025598567,7.1946163,13031.88,15189.62,1.648e-06,-0.1010101,-1.9146034,-18.633112,-0.070117354,-14.995213,7666.1772,-0.024028443,-14.671106
1.3184463,0.021751933,0.025841439,7.2412677,13022.455,15179.514,1.664e-06,-0.1010101,-1.9211768,-18.633112,-0.069993719,-14.991033,7692.6616,-0.02290231,-14.619039
1.3178357,0.021961128,0.026084147,7.2879152,13013.676,15169.312,1.68e-06,-0.1010101,-1.9279006,-18.633112,-0.069869652,-14.986586,7719.7515,-0.023641469,-14.566893
1.3172164,0.022170166,0.026326692,7.334559,13005.019,15159.015,1.696e-06,-0.1010101,-1.9345595,-18.633112,-0.069745161,-14.981869,7746.5806,-0.022470169,-14.514668
1.3165884,0.022379078,0.02656907,7.3811989,12996.217,15148.621,1.712e-06,-0.1010101,-1.9416991,-18.633112,-0.069620214,-14.976878,7775.3467,-0.022663655,-14.462366
1.3159517,0.022587836,0.026811279,7.4278336,12986.989,15138.132,1.728e-06,-0.1010101,-1.9485538,-18.633112,-0.069494829,-14.971613,7802.9634,-0.022086855,-14.409989
1.3153064,0.022796463,0.027053321,7.4744635,12977.496,15127.548,1.744e-06,-0.1010101,-1.955156,-18.633112,-0.069369003,-14.966069,7829.564,-0.021989807,-14.357539
1.3146526,0.023004927,0.027295191,7.5210881,12968.429,15116.867,1.76e-06,-0.1010101,-1.9618909,-18.633112,-0.069242746,-14.960245,7856.6992,-0.021827448,-14.305016
1.31399,0.023213256,0.027536888,7.5677066,12960.726,15106.092,1.776e-06,-0.1010101,-1.9684526,-18.633112,-0.069116063,-14.954136,7883.1362,-0.021773735,-14.25242
1.313319,0.023421438,0.027778411,7.6143193,12951.853,15095.221,1.792e-06,-0.1010101,-1.9750528,-18.633112,-0.068988957,-14.947741,7909.7285,-0.020916777,-14.199755
1.3126395,0.023629501,0.028019758,7.6609249,12944.12,15084.254,1.808e-06,-0.1010101,-1.9817388,-18.633112,-0.068861417,-14.941056,7936.6665,-0.020604266,-14.14702
1.3119515,0.023837419,0.02826093,7.7075238,12935.294,15073.192,1.824e-06,-0.1010101,-1.9884037,-18.633112,-0.068733454,-14.93408,7963.5195,-0.020726951,-14.094218
1.3112551,0.024045214,0.028501922,7.7541146,12925.792,15062.035,1.84e-06,-0.1010101,-1.9955635,-18.633112,-0.068605043,-14.926809,7992.3662,-0.020463271,-14.041349
1.3105502,0.024252852,0.028742734,7.8006973,12916.689,15050.783,1.856e-06,-0.1010101,-2.0023263,-18.633112,-0.068476185,-14.919241,8019.6133,-0.02059206,-13.988415
1.3098371,0.024460353,0.028983366,7.8472719,12906.051,15039.437,1.872e-06,-0.1010101,-2.0093286,-18.633112,-0.06834688,-14.911374,8047.8262,-0.01952208,-13.935417
1.3091155,0.024667682,0.029223813,7.893837,12896.072,15027.994,1.888e-06,-0.1010101,-2.0161703,-18.633112,-0.068217129,-14.903204,8075.3911,-0.019517196,-13.882357
1.3083857,0.024874859,0.029464077,7.940392,12884.337,15016.457,1.904e-06,-0.1010101,-2.0224824,-18.633112,-0.068086952,-14.89473,8100.8232,-0.018913541,-13.829234
1.3076477,0.025081849,0.029704154,7.986937,12875.935,15004.825,1.92e-06,-0.1010101,-2.0291741,-18.633112,-0.067956358,-14.885949,8127.7832,-0.018669393,-13.776052
1.3069013,0.025288692,0.029944044,8.0334711,12866.552,14993.099,1.936e-06,-0.1010101,-2.0359972,-18.633112,-0.067825332,-14.876859,8155.2734,-0.018276924,-13.722811
1.3061469,0.02549538,0.030183744,8.0799942,12858.578,14981.276,1.952e-06,-0.1010101,-2.042649,-18.633112,-0.067693867,-14.867455,8182.0742,-0.018372754,-13.669511
1.3053842,0.025701944,0.030423254,8.1265049,12848.299,14969.36,1.968e-06,-0.1010101,-2.049166,-18.633112,-0.067561984,-14.857739,8208.3311,-0.017611012,-13.616156
1.3046132,0.025908347,0.03066257,8.1730042,12838.435,14957.351,1.984e-06,-0.1010101,-2.0553625,-18.633112,-0.067429684,-14.847707,8233.2969,-0.017853329,-13.562744
1.3038343,0.0261146,0.030901695,8.2194891,12828.988,14945.245,2e-06,-0.1010101,-2.0619025,-18.633112,-0.067296974,-14.837356,8259.6465,-0.017951598,-13.509279
1.3030472,0.026320688,0.031140624,8.2659607,12818.049,14933.046,2.016e-06,-0.1010101,-2.0682285,-18.633112,-0.067163855,-14.826683,8285.1338,-0.016818751,-13.455761
1.3022521,0.026526622,0.031379357,8.312417,12806.767,14920.752,2.032e-06,-0.1010101,-2.0745625,-18.633112,-0.067030326,-14.815688,8310.6543,-0.017071445,-13.402192
1.3014488,0.026732368,0.031617887,8.3588591,12795.387,14908.363,2.048e-06,-0.1010101,-2.0808775,-18.633112,-0.066896386,-14.804368,8336.0967,-0.017059848,-13.348572
1.3006376,0.026937945,0.031856224,8.4052849,12784.369,14895.882,2.064e-06,-0.1010101,-2.087254,-18.633112,-0.066762038,-14.79272,8361.7881,-0.016663717,-13.294903
1.2998184,0.027143329,0.032094356,8.4516945,12771.971,14883.305,2.08e-06,-0.1010101,-2.0936444,-18.633112,-0.066627279,-14.780744,8387.5352,-0.015674306,-13.241185
1.2989912,0.027348537,0.032332286,8.4980869,12760.013,14870.635,2.096e-06,-0.1010101,-2.1000841,-18.633112,-0.066492103,-14.768435,8413.4805,-0.015587633,-13.187421
1.298156,0.02755354,0.032570012,8.5444613,12749.517,14857.87,2.112e-06,-0.1010101,-2.1066761,-18.633112,-0.06635651,-14.755795,8440.04,-0.015549791,-13.133612
1.297313,0.027758375,0.032807533,8.5908175,12738.68,14845.013,2.128e-06,-0.1010101,-2.1133513,-18.633112,-0.066220492,-14.742818,8466.9346,-0.015158543,-13.079757
1.2964619,0.027963027,0.033044845,8.6371546,12726.919,14832.061,2.144e-06,-0.1010101,-2.1198108,-18.633112,-0.06608405,-14.729505,8492.96,-0.014562822,-13.02586
1.295603,0.02816751,0.033281948,8.6834717,12715.643,14819.015,2.16e-06,-0.1010101,-2.1262689,-18.633112,-0.06594719,-14.715853,8518.9795,-0.014302805,-12.97192
1.2947363,0.028371796,0.033518843,8.7297678,12703.185,14805.876,2.176e-06,-0.1010101,-2.1332109,-18.633112,-0.065809898,-14.701859,8546.9492,-0.013398236,-12.917939
1.2938615,0.028575905,0.033755526,8.776042,12691.613,14792.643,2.192e-06,-0.1010101,-2.1397259,-18.633112,-0.065672174,-14.687525,8573.1982,-0.013979308,-12.863919
1.292979,0.02877981,0.033991992,8.8222942,12679.764,14779.317,2.208e-06,-0.1010101,-2.1463685,-18.633112,-0.065534025,-14.672845,8599.9609,-0.013741874,-12.80986
1.2920886,0.028983539,0.034228247,8.8685236,12667.475,14765.897,2.224e-06,-0.1010101,-2.1528926,-18.633112,-0.065395445,-14.657821,8626.2471,-0.01363567,-12.755764
1.2911904,0.029187063,0.034464285,8.9147301,12656.402,14752.385,2.24e-06,-0.1010101,-2.159364,-18.633112,-0.065256454,-14.642448,8652.3193,-0.013406171,-12.701632
1.2902844,0.029390411,0.034700107,8.9609108,12644.538,14738.778,2.256e-06,-0.1010101,-2.1655195,-18.633112,-0.065117054,-14.626727,8677.1201,-0.012026735,-12.647464
1.2893705,0.029593566,0.034935709,9.0070667,12633.353,14725.08,2.272e-06,-0.1010101,-2.1721346,-18.633112,-0.064977244,-14.610655,8703.7734,-0.012146977,-12.593262
1.2884489,0.029796546,0.035171088,9.0531969,12620.547,14711.288,2.288e-06,-0.1010101,-2.1784012,-18.633112,-0.064837016,-14.594232,8729.0215,-0.012050538,-12.539027
1.2875195,0.029999323,0.035406247,9.0992994,12608.448,14697.402,2.304e-06,-0.1010101,-2.1847792,-18.633112,-0.064696379,-14.577455,8754.7178,-0.012359996,-12.48476
1.2865824,0.030201912,0.035641182,9.1453743,12596.213,14683.425,2.32e-06,-0.1010101,-2.1910808,-18.633112,-0.06455534,-14.560323,8780.1064,-0.011379742,-12.430463
1.2856374,0.030404296,0.03587589,9.1914206,12584.651,14669.354,2.336e-06,-0.1010101,-2.1975496,-18.633112,-0.064413883,-14.542835,8806.1699,-0.01159032,-12.376136
1.2846847,0.030606501,0.036110375,9.2374382,12572.973,14655.191,2.352e-06,-0.1010101,-2.203908,-18.633112,-0.064272016,-14.524989,8831.7881,-0.010872524,-12.32178
1.2837241,0.030808508,0.036344629,9.2834244,12561.162,14640.936,2.368e-06,-0.1010101,-2.2102959,-18.633112,-0.06412974,-14.506785,8857.5254,-0.010872524,-12.267398
1.2827559,0.031010339,0.036578655,9.32938,12549.126,14626.587,2.384e-06,-0.1010101,-2.2166948,-18.633112,-0.063987046,-14.488222,8883.3066,-0.010845668,-12.212989
1.2817799,0.031211967,0.036812447,9.3753042,12535.623,14612.146,2.4e-06,-0.1010101,-2.2230473,-18.633112,-0.063843943,-14.469297,8908.9004,-0.010276803,-12.158554
1.2807961,0.031413402,0.037046012,9.421195,12523.943,14597.613,2.416e-06,-0.1010101,-2.2292783,-18.633112,-0.063700438,-14.45001,8934.0059,-0.0088619646,-12.104095
1.2798046,0.031614624,0.037279338,9.4670525,12511.92,14582.988,2.432e-06,-0.1010101,-2.2356589,-18.633112,-0.063556522,-14.430361,8959.7129,-0.0097268596,-12.049614
1.2788054,0.031815667,0.037512429,9.5128756,12498.921,14568.271,2.448e-06,-0.1010101,-2.2417791,-18.633112,-0.063412204,-14.410347,8984.3711,-0.00908414,-11.995111
1.2777984,0.032016501,0.037745286,9.5586624,12487.277,14553.462,2.464e-06,-0.1010101,-2.248255,-18.633112,-0.063267484,-14.389968,9010.4619,-0.0094070258,-11.940586
1.2767837,0.032217149,0.037977904,9.604414,12474.461,14538.561,2.48e-06,-0.1010101,-2.2547779,-18.633112,-0.06312234,-14.369223,9036.7441,-0.0085518965,-11.886041
1.2757612,0.032417588,0.03821028,9.6501284,12462.433,14523.567,2.496e-06,-0.1010101,-2.2612176,-18.633112,-0.062976778,-14.348111,9062.6895,-0.0086965542,-11.831477
1.274731,0.032617841,0.038442414,9.6958036,12449.614,14508.482,2.512e-06,-0.1010101,-2.2675402,-18.633112,-0.062830806,-14.326632,9088.1631,-0.0081734676,-11.776896
1.2736931,0.032817882,0.03867431,9.7414408,12437.011,14493.306,2.528e-06,-0.1010101,-2.2733505,-18.633112,-0.062684447,-14.304783,9111.5723,-0.0074214912,-11.722298
1.2726474,0.033017732,0.038905956,9.7870388,12425.886,14478.038,2.544e-06,-0.1010101,-2.2793241,-18.633112,-0.062537707,-14.282566,9135.6396,-0.0065163122,-11.667684
1.2715939,0.033217382,0.03913736,9.8325949,12413.658,14462.679,2.56e-06,-0.1010101,-2.2857594,-18.633112,-0.062390562,-14.259979,9161.5684,-0.0076400037,-11.613054
1.2705327,0.033416856,0.039368514,9.8781099,12401.687,14447.228,2.576e-06,-0.1010101,-2.2920556,-18.633112,-0.062243011,-14.237021,9186.9355,-0.0066518141,-11.558412
1.2694639,0.033616126,0.039599422,9.9235821,12388.464,14431.686,2.592e-06,-0.1010101,-2.2984788,-18.633112,-0.062095046,-14.213693,9212.8145,-0.0065572071,-11.503757
1.2683872,0.033815201,0.039830077,9.9690113,12375.489,14416.053,2.608e-06,-0.1010101,-2.3048003,-18.633112,-0.061946675,-14.189993,9238.2832,-0.0060396129,-11.449088
1.2673028,0.034014057,0.040060483,10.014397,12361.215,14400.328,2.624e-06,-0.1010101,-2.3112271,-18.633112,-0.061797891,-14.165921,9264.1777,-0.0058748131,-11.39441
1.2662106,0.034212708,0.040290635,10.059736,12347.165,14384.513,2.64e-06,-0.1010101,-2.3172863,-18.633112,-0.061648704,-14.141477,9288.5898,-0.0052674948,-11.339722
1.2651107,0.034411117,0.040520534,10.105029,12333.7,14368.606,2.656e-06,-0.1010101,-2.3232892,-18.633112,-0.06149913,-14.11666,9312.7764,-0.0052699363,-11.285024
1.264003,0.034609322,0.040750176,10.150276,12319.033,14352.61,2.672e-06,-0.1010101,-2.3290522,-18.633112,-0.061349176,-14.09147,9335.9951,-0.0046491898,-11.230318
1.2628876,0.034807287,0.04097956,10.195475,12305.933,14336.522,2.688e-06,-0.1010101,-2.335021,-18.633112,-0.061198842,-14.065907,9360.0439,-0.0049031037,-11.175606
1.2617644,0.03500504,0.041208684,10.240624,12292.906,14320.345,2.704e-06,-0.1010101,-2.3406453,-18.633112,-0.061048135,-14.039969,9382.7041,-0.0041999575,-11.120887
1.2606333,0.035202578,0.041437551,10.285724,12280.052,14304.076,2.72e-06,-0.1010101,-2.346616,-18.633112,-0.060897056,-14.013659,9406.7598,-0.0037543871,-11.066162
1.2594947,0.035399918,0.041666154,10.330773,12265.629,14287.717,2.736e-06,-0.1010101,-2.3523865,-18.633112,-0.060745597,-13.986975,9430.0098,-0.0042103333,-11.011434
1.2583481,0.035597026,0.041894492,10.375771,12251.6,14271.268,2.752e-06,-0.1010101,-2.3581967,-18.633112,-0.060593765,-13.959917,9453.4189,-0.0036170539,-10.956702
1.2571938,0.035793919,0.042122569,10.420715,12235.564,14254.729,2.768e-06,-0.1010101,-2.3639288,-18.633112,-0.060441561,-13.932485,9476.5137,-0.0034168523,-10.901967
1.2560318,0.035990559,0.042350378,10.465608,12221.21,14238.1,2.784e-06,-0.1010101,-2.3698518,-18.633112,-0.060288981,-13.904678,9500.377,-0.0033771782,-10.847231
1.254862,0.036186967,0.042577919,10.510445,12207.587,14221.38,2.8e-06,-0.1010101,-2.3759139,-18.633112,-0.060136016,-13.876499,9524.8008,-0.0031220436,-10.792494
1.2536843,0.036383145,0.042805195,10.555226,12193.369,14204.571,2.816e-06,-0.1010101,-2.3817866,-18.633112,-0.059982665,-13.847946,9548.4619,-0.0024707785,-10.737757
1.2524989,0.036579106,0.043032195,10.599953,12179.737,14187.672,2.832e-06,-0.1010101,-2.3876374,-18.633112,-0.059828937,-13.819019,9572.0352,-0.001904355,-10.683022
1.2513057,0.036774836,0.043258928,10.644621,12164.683,14170.684,2.848e-06,-0.1010101,-2.393944,-18.633112,-0.059674814,-13.78972,9597.4443,-0.0018799402,-10.628287
1.2501047,0.036970343,0.043485384,10.689232,12149.29,14153.605,2.864e-06,-0.10098976,-2.3998182,-18.629358,-0.059520304,-13.760047,9621.1113,-0.0012549211,-10.573555
1.2488959,0.037165601,0.043711569,10.733784,12132.674,14136.438,2.88e-06,-0.10096478,-2.405803,-18.624752,-0.059365407,-13.730001,9645.2246,-0.0010711997,-10.518827
1.2476794,0.037360609,0.043937474,10.778275,12118.115,14119.182,2.896e-06,-0.1010101,-2.4116547,-18.633112,-0.059210133,-13.699584,9668.8018,-0.0011151463,-10.464104
1.246455,0.037555359,0.044163104,10.822707,12102.889,14101.836,2.912e-06,-0.1009543,-2.417377,-18.62282,-0.059054483,-13.668795,9691.8574,-0.0011059907,-10.409385
1.2452228,0.037749879,0.044388454,10.867077,12087.926,14084.401,2.928e-06,-0.10077027,-2.423249,-18.588871,-0.058898456,-13.637634,9715.5146,-0.00050050358,-10.354672
1.2439828,0.037944149,0.044613525,10.911384,12073.319,14066.877,2.944e-06,-0.10069197,-2.4290216,-18.574427,-0.058742058,-13.606103,9738.7725,-0.00022766808,-10.299966
1.242735,0.038138196,0.044838313,10.955628,12059.19,14049.265,2.96e-06,-0.10019134,-2.4346244,-18.482077,-0.058585294,-13.574202,9761.3467,-0.00022095401,-10.245267
1.2414795,0.038331997,0.045062818,10.999807,12043.534,14031.563,2.976e-06,-0.09987352,-2.4405317,-18.423449,-0.058428157,-13.541931,9785.1475,0.0008880886,-10.190578
1.2402161,0.038525574,0.045287035,11.043922,12028.306,14013.773,2.992e-06,-0.09991236,-2.4465029,-18.430614,-0.058270637,-13.509292,9809.2051,0.0011029389,-10.135896
1.238945,0.03871889,0.04551097,11.087971,12012.607,13995.895,3.008e-06,-0.099774875,-2.4526322,-18.405252,-0.058112729,-13.476284,9833.9004,0.0012030397,-10.081224
1.2376661,0.038911972,0.045734618,11.131952,11996.777,13977.928,3.024e-06,-0.09907911,-2.4582727,-18.276907,-0.057954442,-13.442909,9856.626,0.00040650656,-10.026564
1.2363794,0.039104789,0.045957975,11.175866,11981.048,13959.872,3.04e-06,-0.098585576,-2.4639657,-18.185865,-0.057795785,-13.409168,9879.5625,0.0021057772,-9.9719143
1.2350849,0.039297365,0.046181042,11.21971,11964.557,13941.729,3.056e-06,-0.098319538,-2.4694948,-18.136789,-0.057636771,-13.375061,9901.8398,0.0020264289,-9.9172764
1.2337825,0.039489672,0.046403818,11.263486,11949.097,13923.497,3.072e-06,-0.097969346,-2.475204,-18.072191,-0.057477392,-13.34059,9924.8428,0.0026392406,-9.8626518
1.2324724,0.039681733,0.046626303,11.307192,11933.104,13905.178,3.088e-06,-0.09712778,-2.4807692,-17.916948,-0.057317652,-13.305755,9947.2646,0.0029621266,-9.8080406
1.2311546,0.039873533,0.046848491,11.350825,11916.756,13886.771,3.104e-06,-0.097540855,-2.4865396,-17.993149,-0.057157546,-13.270557,9970.5137,0.0028876613,-9.7534437
1.229829,0.040065087,0.047070384,11.394387,11900.834,13868.275,3.12e-06,-0.097399056,-2.49242,-17.96699,-0.056997065,-13.234998,9994.2051,0.0026899015,-9.6988611
1.2284955,0.04025637,0.047291979,11.437877,11884.88,13849.692,3.136e-06,-0.097034991,-2.4984825,-17.899832,-0.056836195,-13.199079,10018.631,0.0034833828,-9.6442947
1.2271544,0.040447406,0.047513273,11.481292,11867.477,13831.022,3.152e-06,-0.09639287,-2.5043159,-17.781382,-0.056674946,-13.162799,10042.134,0.00410535,-9.5897446
1.2258054,0.040638167,0.047734272,11.524632,11851.441,13812.266,3.168e-06,-0.096060865,-2.510257,-17.720137,-0.056513317,-13.126162,10066.071,0.0041212197,-9.5352106
1.2244487,0.040828671,0.047954965,11.567898,11834.361,13793.421,3.184e-06,-0.095761538,-2.5161548,-17.664921,-0.056351304,-13.089168,10089.833,0.004730369,-9.4806948
1.2230842,0.0410189,0.048175357,11.611087,11817.469,13774.488,3.2e-06,-0.09514346,-2.5217566,-17.550905,-0.056188922,-13.051819,10112.403,0.0045838803,-9.4261971
1.221712,0.041208867,0.048395444,11.654199,11801.457,13755.47,3.216e-06,-0.095111087,-2.5275838,-17.544935,-0.056026172,-13.014114,10135.881,0.0046650595,-9.3717184
1.220332,0.041398559,0.048615225,11.697233,11785.11,13736.364,3.232e-06,-0.09478309,-2.5329738,-17.48443,-0.055863056,-12.976058,10157.597,0.0058290353,-9.3172598
1.2189443,0.041588005,0.0488347,11.740189,11768.525,13717.172,3.248e-06,-0.09452723,-2.5384567,-17.437231,-0.055699594,-12.937651,10179.688,0.0057991273,-9.2628202
1.2175488,0.041777175,0.049053866,11.783065,11751.271,13697.893,3.264e-06,-0.094146214,-2.543951,-17.366945,-0.055535778,-12.898892,10201.824,0.0054853968,-9.2084017
1.2161456,0.041966084,0.049272723,11.825861,11733.735,13678.526,3.28e-06,-0.093675487,-2.5492287,-17.280111,-0.055371616,-12.859787,10223.088,0.0059321877,-9.1540051
1.2147348,0.042154707,0.049491268,11.868576,11716.947,13659.074,3.296e-06,-0.093164071,-2.5544615,-17.185772,-0.055207111,-12.820333,10244.172,0.006190985,-9.0996294
1.2133162,0.042343061,0.049709499,11.911209,11699.28,13639.536,3.312e-06,-0.09319675,-2.559715,-17.191799,-0.055042271,-12.780536,10265.338,0.0070821252,-9.0452766
1.2118899,0.042531133,0.049927417,11.95376,11682.896,13619.912,3.328e-06,-0.092942119,-2.5651715,-17.144829,-0.054877087,-12.740394,10287.322,0.0066072573,-8.9909477
1.2104559,0.042718943,0.050145023,11.996227,11666.268,13600.201,3.344e-06,-0.092224777,-2.5707228,-17.012503,-0.054711547,-12.699911,10309.688,0.0079519032,-8.9366417
1.2090143,0.042906478,0.050362308,12.038611,11647.949,13580.405,3.36e-06,-0.092029028,-2.5760686,-16.976393,-0.054545656,-12.659087,10331.227,0.0071980958,-8.8823595
1.2075649,0.043093745,0.050579276,12.080911,11629.445,13560.522,3.376e-06,-0.091737404,-2.5814095,-16.922598,-0.054379418,-12.617926,10352.744,0.0080849631,-8.8281031
1.206108,0.043280702,0.050795924,12.123124,11612.002,13540.555,3.392e-06,-0.091349296,-2.5864663,-16.851006,-0.054212846,-12.576427,10373.119,0.0084682759,-8.7738714
1.2046432,0.043467384,0.051012252,12.165252,11594.205,13520.501,3.408e-06,-0.091348991,-2.5916998,-16.850948,-0.054045945,-12.534595,10394.205,0.0090530105,-8.7196655
1.203171,0.043653775,0.051228259,12.207293,11575.796,13500.362,3.424e-06,-0.090531155,-2.5969586,-16.700085,-0.053878702,-12.492429,10415.393,0.0084426403,-8.6654854
1.201691,0.043839887,0.051443942,12.249246,11558.355,13480.139,3.44e-06,-0.090409696,-2.6016896,-16.677679,-0.053711139,-12.449932,10434.453,0.0091946162,-8.6113329
1.2002035,0.044025701,0.051659297,12.291111,11541.745,13459.829,3.456e-06,-0.090216108,-2.6069589,-16.641968,-0.053543255,-12.407107,10455.684,0.0090023503,-8.5572081
1.1987083,0.044211254,0.051874328,12.332887,11523.869,13439.435,3.472e-06,-0.089876086,-2.6115947,-16.579245,-0.05337505,-12.363955,10474.361,0.0098782312,-8.5031099
1.1972055,0.04439652,0.052089032,12.374574,11506.232,13418.956,3.488e-06,-0.089106344,-2.6166968,-16.437252,-0.053206529,-12.320478,10494.918,0.010361034,-8.4490414
1.1956952,0.04458151,0.052303407,12.41617,11487.387,13398.392,3.504e-06,-0.089020953,-2.6214647,-16.421499,-0.053037692,-12.276679,10514.128,0.0097860657,-8.3950014
1.1941773,0.044766199,0.052517451,12.457676,11469.31,13377.743,3.52e-06,-0.088987656,-2.6265504,-16.415358,-0.052868538,-12.23256,10534.618,0.010224922,-8.3409901
1.1926517,0.044950601,0.05273116,12.49909,11451.885,13357.01,3.536e-06,-0.088332899,-2.6317267,-16.294577,-0.052699056,-12.188122,10555.474,0.010810877,-8.2870083
1.1911187,0.045134712,0.052944541,12.540412,11435.45,13336.192,3.552e-06,-0.088050835,-2.6370585,-16.242544,-0.052529231,-12.143368,10576.956,0.011349834,-8.233057
1.1895781,0.045318563,0.053157587,12.581641,11417.104,13315.291,3.568e-06,-0.087864332,-2.6424146,-16.208141,-0.052359063,-12.0983,10598.535,0.012044435,-8.1791363
1.1880299,0.045502126,0.053370293,12.622778,11400.392,13294.306,3.584e-06,-0.087665804,-2.6476867,-16.171518,-0.052188549,-12.05292,10619.776,0.011841792,-8.125247
1.1864742,0.045685414,0.053582665,12.663819,11383.551,13273.235,3.6e-06,-0.086784467,-2.6527305,-16.008942,-0.052017707,-12.007232,10640.098,0.011819208,-8.0713892
1.184911,0.04586843,0.053794701,12.704767,11365.372,13252.082,3.616e-06,-0.086834408,-2.6576593,-16.018152,-0.051846541,-11.961236,10659.956,0.012001709,-8.0175629
1.1833403,0.046051171,0.054006394,12.74562,11347.898,13230.845,3.632e-06,-0.086386494,-2.6625853,-15.935528,-0.051675059,-11.914936,10679.803,0.012944121,-7.9637685
1.1817622,0.046233617,0.054217745,12.786377,11330.079,13209.524,3.648e-06,-0.086224347,-2.6678605,-15.905616,-0.051503249,-11.868335,10701.057,0.012669454,-7.910007
1.1801766,0.046415791,0.054428753,12.827038,11312.92,13188.12,3.664e-06,-0.085335918,-2.6725473,-15.74173,-0.051331118,-11.821433,10719.94,0.013575854,-7.8562789
1.1785835,0.046597678,0.054639421,12.867602,11295.029,13166.632,3.68e-06,-0.085661449,-2.6771283,-15.80178,-0.051158685,-11.774234,10738.397,0.013774224,-7.8025837
1.176983,0.046779294,0.05484974,12.90807,11277.447,13145.062,3.696e-06,-0.085130304,-2.6821611,-15.7038,-0.050985944,-11.726741,10758.674,0.014190497,-7.7489223
1.175375,0.046960615,0.055059716,12.948439,11258.836,13123.407,3.712e-06,-0.085060328,-2.6873209,-15.690892,-0.050812874,-11.678955,10779.463,0.013666188,-7.6952953
1.1737596,0.047141653,0.055269342,12.988709,11241.069,13101.671,3.728e-06,-0.084564939,-2.6924102,-15.599509,-0.050639477,-11.63088,10799.968,0.014599444,-7.6417027
1.1721368,0.047322392,0.055478621,13.028882,11222.91,13079.852,3.744e-06,-0.084187619,-2.6975529,-15.529906,-0.050465744,-11.58252,10820.688,0.01465926,-7.5881448
1.1705066,0.047502857,0.055687547,13.068955,11203.433,13057.949,3.76e-06,-0.083581872,-2.7027791,-15.418165,-0.05029168,-11.533874,10841.744,0.015024262,-7.5346222
1.168869,0.047683004,0.055896122,13.108929,11184.871,13035.965,3.776e-06,-0.083640449,-2.7079964,-15.428969,-0.05011728,-11.484946,10862.764,0.01559801,-7.4811349
1.167224,0.047862861,0.056104343,13.148802,11166.681,13013.897,3.792e-06,-0.082864538,-2.7129643,-15.285839,-0.049942553,-11.43574,10882.781,0.015791498,-7.4276834
1.1655718,0.048042413,0.056312211,13.188575,11147.67,12991.749,3.808e-06,-0.083011888,-2.7174852,-15.313021,-0.049767517,-11.386257,10900.995,0.016111331,-7.3742681
1.1639122,0.048221678,0.056519724,13.228247,11128.989,12969.518,3.824e-06,-0.082737841,-2.7219288,-15.262467,-0.049592193,-11.336502,10918.898,0.016555071,-7.320889
1.1622452,0.048400633,0.05672688,13.267817,11110.272,12947.204,3.84e-06,-0.081916302,-2.7267947,-15.110921,-0.049416572,-11.286475,10938.503,0.016131474,-7.2675467
1.1605709,0.048579294,0.056933675,13.307285,11089.835,12924.81,3.856e-06,-0.082004465,-2.7316663,-15.127185,-0.049240634,-11.236181,10958.131,0.016393933,-7.2142415
1.1588893,0.048757635,0.057140112,13.346651,11070.305,12902.333,3.872e-06,-0.081576899,-2.7368386,-15.048312,-0.049064372,-11.185623,10978.97,0.016987212,-7.1609731
1.1572005,0.048935663,0.057346191,13.385915,11050.192,12879.775,3.888e-06,-0.081124984,-2.7422962,-14.964948,-0.048887767,-11.134802,11000.959,0.017446822,-7.1077423
1.1555043,0.049113367,0.057551906,13.425076,11030.842,12857.136,3.904e-06,-0.08053989,-2.7473874,-14.857017,-0.048710823,-11.083722,11021.472,0.017913144,-7.0545497
1.1538008,0.049290765,0.057757255,13.464132,11011.983,12834.415,3.92e-06,-0.080572873,-2.7525182,-14.863101,-0.048533551,-11.032386,11042.144,0.017570727,-7.0013947
1.1520902,0.049467847,0.057962239,13.503086,10993.611,12811.613,3.936e-06,-0.08014746,-2.7573755,-14.784627,-0.048355956,-10.980796,11061.713,0.018701743,-6.948278
1.1503724,0.049644642,0.058166858,13.541935,10974.164,12788.731,3.952e-06,-0.079836115,-2.7620559,-14.727193,-0.048178051,-10.928956,11080.57,0.01891171,-6.8951998
1.1486473,0.049821123,0.058371112,13.58068,10954.572,12765.768,3.968e-06,-0.079525068,-2.7665148,-14.669816,-0.047999855,-10.876868,11098.535,0.0188464,-6.8421597
1.146915,0.0499973,0.058574997,13.61932,10933.401,12742.724,3.984e-06,-0.079311438,-2.7710698,-14.630408,-0.047821369,-10.824537,11116.888,0.018930022,-6.7891593
1.1451755,0.050173141,0.058778509,13.657855,10914.008,12719.6,4e-06,-0.079147138,-2.7758057,-14.600099,-0.047642581,-10.771964,11135.97,0.019208349,-6.7361975
1.1434288,0.050348669,0.05898165,13.696284,10894.328,12696.395,4.016e-06,-0.078220174,-2.7806017,-14.429104,-0.047463484,-10.719152,11155.292,0.019662466,-6.6832752
1.1416749,0.050523877,0.059184421,13.734609,10874.547,12673.109,4.032e-06,-0.078291386,-2.7851233,-14.44224,-0.047284089,-10.666105,11173.51,0.019451888,-6.6303926
1.1399139,0.050698776,0.059386816,13.772827,10854.354,12649.744,4.048e-06,-0.078037679,-2.7900739,-14.39544,-0.047104392,-10.612826,11193.456,0.020010987,-6.5775495
1.1381457,0.050873347,0.059588838,13.81094,10834.218,12626.3,4.064e-06,-0.077521637,-2.7946739,-14.300247,-0.046924382,-10.559319,11211.989,0.020412,-6.5247464
1.1363704,0.051047601,0.059790481,13.848946,10814.008,12602.774,4.08e-06,-0.077143393,-2.7993145,-14.230473,-0.046744078,-10.505584,11230.686,0.02085574,-6.471983
1.134588,0.051221527,0.059991747,13.886845,10793.341,12579.17,4.096e-06,-0.077031799,-2.8043103,-14.209888,-0.046563461,-10.451627,11250.814,0.020949125,-6.41926
1.1327986,0.051395133,0.060192633,13.924637,10773.255,12555.486,4.112e-06,-0.076343134,-2.8091486,-14.08285,-0.046382528,-10.39745,11270.308,0.021130405,-6.3665776
1.1310019,0.051568404,0.060393143,13.962322,10754.394,12531.724,4.128e-06,-0.076655716,-2.8138266,-14.140512,-0.046201285,-10.343058,11289.155,0.021560106,-6.3139353
1.1291983,0.051741373,0.06059327,13.9999,10734.419,12507.881,4.144e-06,-0.075895831,-2.8180218,-14.000339,-0.046019759,-10.28845,11306.058,0.021942809,-6.2613339
1.1273875,0.051914021,0.060793012,14.037371,10713.327,12483.96,4.16e-06,-0.075659081,-2.8227439,-13.956666,-0.045837946,-10.233634,11325.083,0.021926939,-6.2087731
1.1255697,0.052086353,0.060992371,14.074734,10692.805,12459.96,4.176e-06,-0.07523337,-2.8275609,-13.878135,-0.045655824,-10.17861,11344.491,0.022470778,-6.1562533
1.1237448,0.052258339,0.061191346,14.111989,10672.982,12435.881,4.192e-06,-0.075158767,-2.8321636,-13.864373,-0.045473401,-10.123382,11363.035,0.022343211,-6.1037745
1.1219131,0.052430015,0.061389934,14.149137,10651.684,12411.724,4.208e-06,-0.075020969,-2.8367512,-13.838954,-0.045290679,-10.067953,11381.52,0.023127537,-6.0513372
1.1200742,0.052601349,0.061588131,14.186175,10630.799,12387.488,4.224e-06,-0.074374221,-2.8410766,-13.71965,-0.045107674,-10.012328,11398.946,0.023409529,-5.9989409
1.1182283,0.052772354,0.061785944,14.223106,10610.698,12363.174,4.24e-06,-0.073865891,-2.8454957,-13.625879,-0.044924382,-9.9565077,11416.751,0.023960693,-5.9465857
1.1163754,0.052943025,0.061983362,14.25993,10589.96,12338.782,4.256e-06,-0.073638082,-2.8501904,-13.583856,-0.0447408,-9.9004974,11435.666,0.023419904,-5.8942723
1.1145155,0.053113379,0.062180392,14.296643,10569.289,12314.312,4.272e-06,-0.07337328,-2.8543077,-13.535008,-0.044556931,-9.8442993,11452.254,0.023697013,-5.8420005
1.1126488,0.05328339,0.062377028,14.333249,10548.187,12289.764,4.288e-06,-0.073146082,-2.858849,-13.493098,-0.044372782,-9.7879171,11470.551,0.024742577,-5.7897701
1.110775,0.053453077,0.062573269,14.369746,10527.252,12265.139,4.304e-06,-0.072762601,-2.8635116,-13.422358,-0.044188339,-9.7313538,11489.337,0.024233527,-5.7375813
1.1088943,0.053622421,0.062769115,14.406135,10507.05,12240.436,4.32e-06,-0.072309449,-2.8682551,-13.338765,-0.044003595,-9.674612,11508.448,0.025492111,-5.6854348
1.1070067,0.053791441,0.062964566,14.442415,10486.297,12215.655,4.336e-06,-0.071890511,-2.8728242,-13.261485,-0.043818548,-9.6176968,11526.857,0.02527665,-5.6333294
1.1051122,0.053960126,0.063159622,14.478586,10465.134,12190.798,4.352e-06,-0.071807586,-2.8773777,-13.246188,-0.043633208,-9.5606098,11545.203,0.025518358,-5.5812664
1.1032107,0.054128483,0.063354276,14.514647,10442.585,12165.863,4.368e-06,-0.071073294,-2.88168,-13.110735,-0.04344758,-9.503356,11562.538,0.025780816,-5.5292454
1.1013024,0.054296482,0.063548528,14.550601,10421.332,12140.853,4.384e-06,-0.071233593,-2.8857758,-13.140305,-0.043261681,-9.4459372,11579.04,0.025742363,-5.4772663
1.099387,0.054464139,0.063742377,14.586446,10399.655,12115.765,4.4e-06,-0.070650965,-2.8902712,-13.032829,-0.043075509,-9.3883572,11597.151,0.025970642,-5.4253292
1.097465,0.054631446,0.063935831,14.622181,10378.172,12090.6,4.416e-06,-0.070098549,-2.8945625,-12.930926,-0.042889051,-9.3306189,11614.441,0.026511429,-5.3734341
1.095536,0.054798413,0.064128876,14.657807,10356.72,12065.359,4.432e-06,-0.069926232,-2.8989072,-12.899138,-0.042702317,-9.2727261,11631.946,0.026980193,-5.3215814
1.0936002,0.05496503,0.064321518,14.693325,10335.282,12040.042,4.448e-06,-0.069876909,-2.9030905,-12.890039,-0.042515304,-9.2146826,11648.801,0.027685171,-5.2697706
1.0916575,0.055131312,0.06451375,14.728734,10312.927,12014.649,4.464e-06,-0.069351926,-2.9072292,-12.793198,-0.042328026,-9.1564913,11665.476,0.027445296,-5.2180018
1.0897081,0.055297233,0.064705573,14.764034,10289.642,11989.18,4.48e-06,-0.069232933,-2.9116175,-12.771248,-0.042140473,-9.098155,11683.155,0.027984252,-5.1662755
1.0877517,0.0554628,0.064896993,14.799226,10266.402,11963.636,4.496e-06,-0.068924978,-2.9165356,-12.714439,-0.041952621,-9.0396776,11702.972,0.028380994,-5.1145911
1.0857887,0.055627983,0.065088004,14.834308,10243.923,11938.015,4.512e-06,-0.068341732,-2.9211104,-12.60685,-0.041764461,-8.9810629,11721.402,0.028569598,-5.0629487
1.0838188,0.055792812,0.065278597,14.869282,10220.718,11912.319,4.528e-06,-0.067962565,-2.9255481,-12.536905,-0.041576009,-8.9223127,11739.282,0.028786888,-5.0113487
1.0818422,0.055957265,0.065468781,14.904147,10198.062,11886.549,4.544e-06,-0.06777668,-2.9296834,-12.502615,-0.041387286,-8.8634319,11755.943,0.029289834,-4.9597912
1.0798588,0.056121361,0.065658554,14.938904,10174.082,11860.702,4.56e-06,-0.067644119,-2.9336226,-12.478163,-0.041198298,-8.8044233,11771.815,0.029659718,-4.9082751
1.0778686,0.056285072,0.065847911,14.973552,10151.589,11834.781,4.576e-06,-0.067261867,-2.9374661,-12.40765,-0.041009061,-8.7452898,11787.3,0.028816797,-4.856802
1.0758716,0.056448422,0.06603685,15.008091,10129.185,11808.786,4.592e-06,-0.067320131,-2.9416406,-12.418398,-0.040819563,-8.6860352,11804.119,0.029657276,-4.8053703
1.0738679,0.056611404,0.066225372,15.042522,10106.409,11782.716,4.608e-06,-0.066615433,-2.945471,-12.288403,-0.040629812,-8.6266623,11819.552,0.029917905,-4.7539811
1.0718576,0.056774035,0.066413477,15.076846,10083.723,11756.57,4.624e-06,-0.0664801,-2.9495032,-12.263439,-0.040439803,-8.5671749,11835.798,0.030144963,-4.7026339
1.0698404,0.05693629,0.066601165,15.111062,10059.236,11730.352,4.64e-06,-0.066346623,-2.9536564,-12.238816,-0.040249534,-8.507576,11852.531,0.030660115,-4.6513286
1.0678166,0.057098176,0.066788428,15.145169,10034.938,11704.059,4.656e-06,-0.065740258,-2.9575288,-12.126962,-0.040059004,-8.4478693,11868.133,0.031499986,-4.6000652
1.0657861,0.057259668,0.066975273,15.179169,10012.449,11677.691,4.672e-06,-0.065181062,-2.9614463,-12.023808,-0.039868221,-8.3880577,11883.917,0.031352274,-4.5488434
1.0637488,0.05742079,0.067161694,15.213061,9989.3359,11651.251,4.688e-06,-0.064952947,-2.9653139,-11.981728,-0.039677192,-8.3281441,11899.499,0.032161627,-4.497664
1.061705,0.05758154,0.06734769,15.246846,9966.3477,11624.736,4.704e-06,-0.064992093,-2.9693327,-11.98895,-0.039485905,-8.2681332,11915.69,0.032262336,-4.4465265
1.0596545,0.057741929,0.067533262,15.280523,9943.7949,11598.148,4.72e-06,-0.064524449,-2.9734087,-11.902684,-0.039294358,-8.2080269,11932.113,0.031537216,-4.3954306
1.0575974,0.057901949,0.067718402,15.314094,9920.5283,11571.487,4.736e-06,-0.064237766,-2.9770615,-11.849799,-0.039102562,-8.1478291,11946.83,0.032646872,-4.3443761
1.0555335,0.058061607,0.067903116,15.347557,9896.2734,11544.754,4.752e-06,-0.063952617,-2.9809446,-11.797199,-0.038910523,-8.0875425,11962.476,0.033169348,-4.2933636
1.0534631,0.058220878,0.068087406,15.380914,9872.3916,11517.946,4.768e-06,-0.0633182,-2.984797,-11.68017,-0.038718235,-8.0271702,11977.997,0.032939848,-4.2423925
1.0513861,0.058379769,0.068271264,15.414164,9850.1025,11491.066,4.784e-06,-0.063214004,-2.9889705,-11.66095,-0.038525686,-7.9667163,11994.812,0.033429977,-4.191463
1.0493025,0.058538288,0.06845469,15.447308,9828.0918,11464.114,4.8e-06,-0.063029356,-2.9928238,-11.626886,-0.038332883,-7.9061837,12010.337,0.033183385,-4.1405749
1.0472121,0.058696456,0.068637684,15.480345,9804.4619,11437.09,4.816e-06,-0.062276255,-2.9963791,-11.487965,-0.038139839,-7.8455753,12024.661,0.034163639,-4.0897284
1.0451154,0.058854252,0.068820238,15.513277,9780.4473,11409.992,4.832e-06,-0.062317871,-3.0001411,-11.495642,-0.037946556,-7.7848949,12039.818,0.034000061,-4.0389228
1.0430119,0.059011675,0.069002368,15.546103,9756.9639,11382.823,4.848e-06,-0.062111642,-3.0038347,-11.457599,-0.037753038,-7.7241449,12054.7,0.033953674,-3.9881587
1.040902,0.059168711,0.069184057,15.578823,9733.2422,11355.582,4.864e-06,-0.061659411,-3.0074627,-11.374177,-0.037559278,-7.6633286,12069.317,0.035074923,-3.9374354
1.0387855,0.059325375,0.069365308,15.611438,9709.7207,11328.27,4.88e-06,-0.061385054,-3.0112381,-11.323566,-0.037365284,-7.6024494,12084.528,0.034393139,-3.8867533
1.0366625,0.059481654,0.069546118,15.643949,9686.1592,11300.886,4.896e-06,-0.060861923,-3.0150077,-11.227066,-0.037171047,-7.5415106,12099.716,0.035479598,-3.836112
1.0345329,0.059637565,0.069726497,15.676353,9663.9316,11273.43,4.912e-06,-0.060573693,-3.0181963,-11.173897,-0.036976583,-7.480515,12112.562,0.035602283,-3.7855117
1.0323968,0.059793103,0.069906428,15.708654,9640.6455,11245.902,4.928e-06,-0.060290702,-3.0219581,-11.121694,-0.036781896,-7.4194655,12127.719,0.035853755,-3.734952
1.0302542,0.059948284,0.07008592,15.740851,9615.792,11218.305,4.944e-06,-0.060049947,-3.0257614,-11.077282,-0.036586966,-7.3583655,12143.043,0.035456404,-3.684433
1.0281051,0.06010307,0.070264973,15.772944,9592.0615,11190.636,4.96e-06,-0.059555791,-3.0297253,-10.986127,-0.036391787,-7.2972183,12159.014,0.036451917,-3.6339543
1.0259496,0.060257476,0.070443578,15.804933,9568.6152,11162.896,4.976e-06,-0.05957583,-3.033319,-10.989822,-0.036196362,-7.2360263,12173.492,0.035690788,-3.5835161
1.0237876,0.060411498,0.070621744,15.836819,9544.3096,11135.087,4.992e-06,-0.059081677,-3.0367842,-10.898667,-0.03600071,-7.1747928,12187.454,0.036652118,-3.5331182
1.0216191,0.060565144,0.070799455,15.868601,9520.2637,11107.206,5.008e-06,-0.058651336,-3.0401173,-10.819283,-0.035804838,-7.1135211,12200.883,0.036876127,-3.4827604
1.0194442,0.060718395,0.070976727,15.90028,9496.542,11079.256,5.024e-06,-0.058326419,-3.0437319,-10.759347,-0.035608742,-7.0522137,12215.446,0.036991484,-3.4324427
1.0172628,0.060871273,0.071153544,15.931856,9471.4541,11051.235,5.04e-06,-0.058203731,-3.0471876,-10.736714,-0.03541242,-6.9908738,12229.369,0.037632983,-3.382165
1.0150751,0.061023753,0.071329914,15.963331,9447.4033,11023.145,5.056e-06,-0.057783563,-3.0506308,-10.659207,-0.035215873,-6.9295044,12243.242,0.038062073,-3.3319271
1.0128809,0.061175846,0.07150583,15.994703,9422.8623,10994.985,5.072e-06,-0.057876967,-3.0539553,-10.676437,-0.035019111,-6.8681083,12256.636,0.037662283,-3.2817287
1.0106803,0.061327543,0.071681298,16.025974,9397.1338,10966.756,5.088e-06,-0.056921646,-3.057524,-10.500211,-0.034822125,-6.8066883,12271.015,0.038841516,-3.2315702
1.0084734,0.061478842,0.071856312,16.057142,9372.0059,10938.457,5.104e-06,-0.056974668,-3.0608957,-10.509992,-0.034624916,-6.7452478,12284.599,0.038329415,-3.1814511
1.00626,0.061629731,0.07203088,16.088211,9347.4307,10910.089,5.12e-06,-0.056752715,-3.0640397,-10.469049,-0.034427498,-6.6837893,12297.267,0.038743857,-3.1313713
1.0040404,0.061780229,0.072204985,16.119177,9324.5029,10881.652,5.136e-06,-0.056474656,-3.0671532,-10.417756,-0.034229875,-6.6223154,12309.811,0.039751578,-3.0813305
1.0018144,0.06193034,0.072378635,16.150043,9300.6953,10853.147,5.152e-06,-0.056133714,-3.0706449,-10.354863,-0.034032043,-6.5608292,12323.879,0.039108861,-3.0313289
0.99958199,0.062080085,0.072551824,16.180811,9275.2012,10824.573,5.168e-06,-0.055395104,-3.0736802,-10.218614,-0.033833999,-6.4993334,12336.108,0.04003235,-2.9813662
0.9973433,0.062229428,0.072724558,16.211477,9250.5439,10795.931,5.184e-06,-0.055491898,-3.0768332,-10.236469,-0.033635754,-6.4378304,12348.812,0.040103763,-2.9314423
0.99509829,0.062378373,0.072896838,16.242043,9224.6582,10767.221,5.2e-06,-0.05520891,-3.0804017,-10.184266,-0.033437293,-6.3763237,12363.189,0.040054932,-2.881557
0.99284703,0.062526911,0.073068649,16.272511,9200.0264,10738.442,5.216e-06,-0.05483868,-3.0835075,-10.115971,-0.03323862,-6.3148155,12375.702,0.040340587,-2.8317103
0.9905895,0.062675051,0.073240004,16.302879,9174.585,10709.596,5.232e-06,-0.05444872,-3.0869646,-10.044036,-0.03303973,-6.2533088,12389.631,0.0402942,-2.7819021
0.98832566,0.062822782,0.073410898,16.333149,9149.7891,10680.682,5.248e-06,-0.054189775,-3.0907085,-9.9962692,-0.032840613,-6.1918058,12404.715,0.041528367,-2.732132
0.98605561,0.062970117,0.073581323,16.363319,9124.2832,10651.7,5.264e-06,-0.054130279,-3.0945728,-9.9852943,-0.032641247,-6.1303096,12420.285,0.041176792,-2.6824
0.98377931,0.063117042,0.073751286,16.393393,9099.3604,10622.651,5.28e-06,-0.053308439,-3.0979741,-9.8336906,-0.03244165,-6.0688229,12433.988,0.042156439,-2.6327062
0.98149675,0.063263573,0.073920779,16.423368,9074.3564,10593.536,5.296e-06,-0.05313519,-3.1011143,-9.8017321,-0.03224184,-6.0073476,12446.64,0.041670583,-2.58305
0.97920799,0.063409701,0.07408981,16.453247,9049.999,10564.354,5.312e-06,-0.053151529,-3.1040964,-9.8047466,-0.032041833,-5.9458866,12458.654,0.042194892,-2.5334315
0.97691309,0.063555434,0.074258372,16.483028,9024.9375,10535.104,5.328e-06,-0.052656453,-3.1067302,-9.7134199,-0.031841643,-5.8844423,12469.267,0.042194892,-2.4838507
0.97461194,0.063700773,0.074426465,16.512712,9001.0732,10505.788,5.344e-06,-0.052546401,-3.1097376,-9.693119,-0.031641275,-5.8230181,12481.384,0.042631306,-2.4343071
0.97230464,0.063845724,0.074594088,16.542301,8976.2383,10476.405,5.36e-06,-0.052467793,-3.1132014,-9.6786184,-0.031440698,-5.7616153,12495.34,0.04326304,-2.3848009
0.96999121,0.063990273,0.074761242,16.571795,8951.459,10446.957,5.376e-06,-0.051849097,-3.1168027,-9.5644894,-0.031239891,-5.7002363,12509.85,0.043038424,-2.3353319
0.96767163,0.064134441,0.074927919,16.601191,8927.3848,10417.442,5.392e-06,-0.051401187,-3.1202719,-9.481864,-0.031038856,-5.6388845,12523.827,0.043325298,-2.2858996
0.96534592,0.064278208,0.075094126,16.630491,8901.9287,10387.862,5.408e-06,-0.051063631,-3.1232927,-9.4195967,-0.030837614,-5.5775619,12535.997,0.044683371,-2.2365043
0.96301407,0.064421579,0.075259857,16.659697,8876.5547,10358.216,5.424e-06,-0.051004443,-3.1264238,-9.4086781,-0.030636173,-5.5162706,12548.613,0.043746453,-2.1871457
0.96067619,0.064564541,0.075425111,16.688808,8851.3604,10328.505,5.44e-06,-0.050697103,-3.1296515,-9.3519831,-0.030434527,-5.4550128,12561.617,0.043964963,-2.1378236
0.95833218,0.064707108,0.075589888,16.717825,8827.7295,10298.728,5.456e-06,-0.050489947,-3.1326201,-9.3137693,-0.030232681,-5.3937912,12573.578,0.044753563,-2.0885379
0.95598215,0.06484928,0.075754188,16.746748,8803.1025,10268.886,5.472e-06,-0.050080568,-3.1357725,-9.2382526,-0.030030636,-5.3326077,12586.278,0.044893339,-2.0392885
0.95362604,0.064991064,0.075918011,16.775576,8778.5967,10238.979,5.488e-06,-0.049476054,-3.1392159,-9.1267395,-0.029828381,-5.2714648,12600.152,0.045131993,-1.9900751
0.95126384,0.065132454,0.076081358,16.804312,8754.3096,10209.009,5.504e-06,-0.049066674,-3.1424129,-9.0512218,-0.029625911,-5.2103648,12613.033,0.045145422,-1.9408976
0.94889569,0.065273456,0.07624422,16.832954,8729.9131,10178.973,5.52e-06,-0.049038928,-3.1455843,-9.0461035,-0.029423237,-5.1493096,12625.81,0.045501266,-1.8917561
0.94652152,0.065414071,0.076406606,16.861504,8703.2109,10148.873,5.536e-06,-0.048776284,-3.1486666,-8.9976549,-0.029220359,-5.0883017,12638.229,0.045662403,-1.8426501
0.94414139,0.065554276,0.076568507,16.889959,8677.7178,10118.709,5.552e-06,-0.048516724,-3.1517582,-8.9497738,-0.029017285,-5.0273423,12650.685,0.046009094,-1.7935797
0.94175524,0.065694056,0.076729916,16.918324,8652.0166,10088.48,5.568e-06,-0.048197668,-3.1547055,-8.8909178,-0.028814014,-4.9664345,12662.56,0.046250191,-1.7445446
0.93936312,0.065833434,0.076890849,16.946596,8627.3516,10058.188,5.584e-06,-0.048146185,-3.1576128,-8.8814211,-0.028610554,-4.90558,12674.273,0.046553545,-1.6955448
0.93696511,0.065972403,0.077051297,16.974777,8601.5449,10027.834,5.6e-06,-0.047151405,-3.160284,-8.697917,-0.028406914,-4.8447804,12685.036,0.047345806,-1.6465801
0.93456113,0.066110976,0.077211253,17.002869,8575.5127,9997.415,5.616e-06,-0.046990797,-3.163202,-8.6682892,-0.028203096,-4.7840381,12696.792,0.046858121,-1.5976503
0.93215126,0.066249125,0.077370726,17.030867,8549.5996,9966.9336,5.632e-06,-0.046949491,-3.1662107,-8.6606693,-0.027999086,-4.7233548,12708.914,0.047771845,-1.5487553
0.92973548,0.066386864,0.077529706,17.058775,8524.0293,9936.3887,5.648e-06,-0.046684071,-3.1690536,-8.6117086,-0.027794888,-4.6627331,12720.368,0.048001952,-1.499895
0.92731386,0.066524193,0.077688202,17.086592,8497.8486,9905.7812,5.664e-06,-0.046546891,-3.1717827,-8.5864029,-0.02759051,-4.6021738,12731.364,0.047741935,-1.4510691
0.92488635,0.066661105,0.077846199,17.114321,8472.291,9875.1113,5.68e-06,-0.046212424,-3.1746492,-8.524704,-0.02738595,-4.5416794,12742.913,0.048254646,-1.4022777
0.92245299,0.066797599,0.078003712,17.141958,8446.6025,9844.3789,5.696e-06,-0.045892749,-3.1773627,-8.4657345,-0.027181212,-4.4812517,12753.846,0.048427381,-1.3535205
0.92001379,0.066933692,0.078160726,17.169506,8419.332,9813.584,5.712e-06,-0.04558849,-3.1801426,-8.4096088,-0.026976297,-4.4208918,12765.046,0.048337046,-1.3047975
0.91756874,0.067069352,0.078317247,17.196964,8392.2412,9782.7275,5.728e-06,-0.045191746,-3.1831377,-8.3364229,-0.026771195,-4.3606024,12777.113,0.048994415,-1.2561084
0.91511792,0.067204587,0.078473277,17.224335,8365.7324,9751.8086,5.744e-06,-0.045053028,-3.1857483,-8.310833,-0.026565913,-4.300385,12787.632,0.049416181,-1.2074531
0.91266131,0.067339383,0.078628816,17.251616,8338.7803,9720.8291,5.76e-06,-0.044645805,-3.188143,-8.235714,-0.026360469,-4.2402406,12797.279,0.049690846,-1.1588315
0.91019893,0.067473754,0.078783847,17.278809,8310.3994,9689.7881,5.776e-06,-0.044222247,-3.1905596,-8.1575804,-0.02615487,-4.1801715,12807.017,0.050034486,-1.1102434
0.90773076,0.067607686,0.078938387,17.305914,8283.1934,9658.6846,5.792e-06,-0.043998752,-3.1930182,-8.116353,-0.025949113,-4.1201792,12816.922,0.050075382,-1.0616889
0.90525687,0.067741171,0.079092428,17.33293,8255.9492,9627.5215,5.808e-06,-0.043695107,-3.1957431,-8.0603409,-0.02574319,-4.0602646,12827.9,0.05066622,-1.0131676
0.90277731,0.067874216,0.07924597,17.359859,8229.2695,9596.2969,5.824e-06,-0.043265074,-3.1980138,-7.9810133,-0.025537107,-4.0004301,12837.049,0.050798059,-0.96467948
0.90029198,0.068006836,0.079399012,17.3867,8200.8516,9565.0117,5.84e-06,-0.042949099,-3.2004716,-7.9227262,-0.025330871,-3.9406769,12846.952,0.051354717,-0.91622436
0.89780092,0.068139009,0.079551548,17.413454,8173.3413,9533.667,5.856e-06,-0.042260122,-3.203001,-7.7956319,-0.025124473,-3.8810065,12857.144,0.050722372,-0.8678022
0.89530426,0.068270743,0.079703584,17.440123,8144.666,9502.2607,5.872e-06,-0.042292796,-3.2054732,-7.8016596,-0.024917915,-3.82142,12867.104,0.052176274,-0.81941283
0.89280188,0.068402015,0.079855114,17.466703,8116.5474,9470.7949,5.888e-06,-0.042025838,-3.2077901,-7.7524142,-0.024711203,-3.7619193,12876.438,0.051579945,-0.77105606
0.8902939,0.068532847,0.080006145,17.493196,8089.1689,9439.2695,5.904e-06,-0.04168551,-3.2102282,-7.6896348,-0.024504336,-3.7025054,12886.261,0.051763054,-0.72273189
0.88778025,0.068663225,0.080156669,17.519604,8062.0469,9407.6846,5.92e-06,-0.041561279,-3.2122469,-7.666718,-0.024297327,-3.6431794,12894.395,0.051772211,-0.67444015
0.885261,0.06879317,0.080306686,17.545925,8034.377,9376.04,5.936e-06,-0.041025199,-3.2147422,-7.5678287,-0.024090171,-3.5839434,12904.448,0.052225105,-0.62618065
0.88273615,0.068922676,0.08045619,17.572163,8007.5005,9344.3359,5.952e-06,-0.041163612,-3.2171104,-7.5933614,-0.023882858,-3.5247977,12913.99,0.05226966,-0.5779534
0.88020569,0.06905175,0.080605194,17.598312,7978.4844,9312.5732,5.968e-06,-0.04050022,-3.2192032,-7.4709868,-0.023675404,-3.4657443,12922.422,0.05238197,-0.52975816
0.87766963,0.069180369,0.080753684,17.624376,7950.9077,9280.752,5.984e-06,-0.040568657,-3.221746,-7.4836111,-0.023467798,-3.4067838,12932.666,0.052560199,-0.48159489
0.87512809,0.069308542,0.080901667,17.650356,7922.1191,9248.8711,6e-06,-0.040134922,-3.2246065,-7.4036012,-0.02326002,-3.3479178,12944.191,0.053351238,-0.43346348
0.87258095,0.06943626,0.081049137,17.67625,7895.2021,9216.9326,6.016e-06,-0.039646935,-3.2269342,-7.3135834,-0.023052072,-3.2891469,12953.569,0.053570971,-0.38536379
0.87002826,0.069563538,0.0811961,17.702059,7866.5771,9184.9355,6.032e-06,-0.039096676,-3.2296433,-7.2120786,-0.022843964,-3.2304728,12964.485,0.054185614,-0.33729571
0.86747009,0.069690362,0.081342541,17.727783,7838.5767,9152.8809,6.048e-06,-0.039145999,-3.2319999,-7.2211766,-0.022635691,-3.171896,12973.979,0.054300364,-0.28925914
0.86490643,0.069816738,0.081488475,17.753424,7810.4741,9120.7686,6.064e-06,-0.038709186,-3.234122,-7.1405983,-0.022427276,-3.1134176,12982.53,0.053969543,-0.241254
0.86233729,0.069942661,0.081633888,17.778978,7781.7661,9088.5977,6.08e-06,-0.038878731,-3.2362347,-7.1718745,-0.022218723,-3.0550389,12991.041,0.054013491,-0.19328016
0.85976267,0.070068136,0.081778795,17.804451,7753.0747,9056.3701,6.096e-06,-0.038136732,-3.2384865,-7.0349994,-0.022010028,-2.9967606,13000.114,0.055771966,-0.14533752
0.85718256,0.070193149,0.081923179,17.829838,7725.2769,9024.085,6.112e-06,-0.037743382,-3.2408099,-6.9624391,-0.021801187,-2.9385836,13009.475,0.055409405,-0.09742599
0.85459703,0.070317715,0.08206705,17.855141,7696.2852,8991.7432,6.128e-06,-0.037498925,-3.2433109,-6.9173446,-0.02159219,-2.8805087,13019.551,0.055446029,-0.049545478
0.85200608,0.07044182,0.082210399,17.880358,7669.0122,8959.3447,6.144e-06,-0.037204839,-3.2457242,-6.8630948,-0.021383036,-2.8225369,13029.275,0.055287331,-0.0016958764
0.84940976,0.070565477,0.082353227,17.905493,7640.1694,8926.8887,6.16e-06,-0.036865745,-3.247956,-6.8005428,-0.02117373,-2.7646687,13038.268,0.055743888,0.046122897
0.84680796,0.07068868,0.082495533,17.930544,7611.418,8894.377,6.176e-06,-0.036695886,-3.2504091,-6.7692099,-0.020964274,-2.7069054,13048.15,0.056782737,0.09391094
0.84420085,0.070811436,0.082637325,17.955513,7583.7695,8861.8096,6.192e-06,-0.036152102,-3.2527125,-6.6688991,-0.020754665,-2.6492472,13057.431,0.057033602,0.14166833
0.84158832,0.070933729,0.082778588,17.980396,7554.2603,8829.1855,6.208e-06,-0.036326583,-3.2547719,-6.7010851,-0.020544916,-2.5916951,13065.729,0.05675222,0.18939516
0.83897048,0.071055569,0.082919337,18.005198,7525.4731,8796.5059,6.224e-06,-0.035687543,-3.2569268,-6.5832028,-0.020335032,-2.5342495,13074.41,0.057524338,0.23709151
0.83634728,0.071176939,0.083059557,18.029915,7497.4678,8763.7705,6.24e-06,-0.035631441,-3.2591352,-6.5728536,-0.020125005,-2.4769111,13083.309,0.057634816,0.28475747
0.83371878,0.071297862,0.083199248,18.054548,7468.7427,8730.9805,6.256e-06,-0.035121255,-3.2612255,-6.4787412,-0.019914839,-2.4196808,13091.729,0.057349771,0.33239311
0.83108491,0.071418323,0.083338425,18.079098,7440.1172,8698.1348,6.272e-06,-0.034534313,-3.2633872,-6.3704691,-0.019704537,-2.3625588,13100.439,0.058024231,0.37999851
0.82844579,0.071538329,0.083477065,18.103565,7412.7573,8665.2334,6.288e-06,-0.034621555,-3.2655244,-6.3865623,-0.019494098,-2.3055458,13109.05,0.058975797,0.42757374
0.82580137,0.071657881,0.083615184,18.127951,7385.228,8632.2783,6.304e-06,-0.034379255,-3.2674618,-6.341866,-0.019283526,-2.2486422,13116.855,0.058529008,0.47511888
0.82315171,0.071777008,0.083752766,18.15225,7357.3188,8599.2686,6.32e-06,-0.034211557,-3.2695346,-6.3109312,-0.019072825,-2.1918485,13125.207,0.058473464,0.52263397
0.8204968,0.071895681,0.083889827,18.17647,7328.415,8566.2041,6.336e-06,-0.033667158,-3.2713826,-6.2105064,-0.018861998,-2.1351652,13132.653,0.058725547,0.57011914
0.81783664,0.0720139,0.084026359,18.200603,7299.9692,8533.0859,6.352e-06,-0.033614751,-3.2732878,-6.2008395,-0.01865105,-2.0785925,13140.328,0.060160529,0.61757433
0.81517124,0.072131656,0.084162354,18.224655,7271.3213,8499.9131,6.368e-06,-0.03352258,-3.2752242,-6.1838369,-0.018439978,-2.022131,13148.131,0.059970092,0.66499978
0.81250066,0.072248966,0.084297821,18.248623,7242.9321,8466.6875,6.384e-06,-0.032737423,-3.276989,-6.0390005,-0.018228786,-1.9657807,13155.24,0.058954436,0.71239543
0.80982488,0.072365813,0.084432758,18.272509,7213.9072,8433.4082,6.4e-06,-0.032696422,-3.2787814,-6.0314374,-0.01801748,-1.9095422,13162.463,0.059790645,0.75976133
0.80714393,0.072482206,0.084567159,18.29631,7184.7979,8400.0752,6.416e-06,-0.032174215,-3.2806537,-5.9351072,-0.017806055,-1.8534157,13170.006,0.059792474,0.80709761
0.80445778,0.072598122,0.084701024,18.32003,7155.8105,8366.6895,6.432e-06,-0.032270089,-3.2821434,-5.9527922,-0.017594524,-1.7974014,13176.008,0.060890529,0.85440427
0.80176651,0.072713584,0.08483436,18.343666,7127.9492,8333.251,6.448e-06,-0.031852692,-3.2839301,-5.8757963,-0.017382884,-1.7414995,13183.206,0.06066164,0.9016813
0.79907012,0.072828591,0.084967151,18.367218,7099.7417,8299.7598,6.464e-06,-0.031449478,-3.2855275,-5.8014164,-0.017171137,-1.6857102,13189.643,0.060536515,0.94892889
0.79636866,0.072943151,0.085099414,18.390688,7071.2505,8266.2158,6.48e-06,-0.031300586,-3.2871759,-5.7739506,-0.016959285,-1.6300336,13196.284,0.061101109,0.99614698
0.79366201,0.073057249,0.085231133,18.414072,7041.7085,8232.6201,6.496e-06,-0.031161865,-3.2885563,-5.7483611,-0.016747337,-1.5744698,13201.846,0.061521653,1.0433357
0.79095036,0.073170885,0.085362315,18.437374,7012.2021,8198.9727,6.512e-06,-0.030531149,-3.2902296,-5.6320143,-0.01653529,-1.519019,13208.587,0.061723076,1.090495
0.78823358,0.073284052,0.085492961,18.460594,6984.4834,8165.2729,6.528e-06,-0.030494157,-3.2915518,-5.6251903,-0.016323144,-1.463681,13213.915,0.062087465,1.1376249
0.78551179,0.073396765,0.085623063,18.483728,6955.1367,8131.5215,6.544e-06,-0.02977466,-3.29321,-5.4924664,-0.016110905,-1.4084561,13220.596,0.063113496,1.1847255
0.78278494,0.073509008,0.085752629,18.506779,6925.6636,8097.7188,6.56e-06,-0.029500918,-3.2946436,-5.4419699,-0.015898563,-1.3533441,13226.371,0.061851252,1.2317969
0.78005308,0.073620789,0.08588165,18.529747,6897.0044,8063.8652,6.576e-06,-0.029245364,-3.2962608,-5.3948283,-0.015686125,-1.298345,13232.887,0.06308908,1.2788389
0.77731621,0.073732108,0.086010128,18.552629,6868.7539,8029.9604,6.592e-06,-0.029016938,-3.2975805,-5.3526907,-0.015473592,-1.2434587,13238.205,0.062722251,1.3258518
0.7745744,0.073842965,0.086138062,18.575428,6838.71,7996.0049,6.608e-06,-0.028781729,-3.298877,-5.3093023,-0.015260975,-1.1886852,13243.428,0.062923066,1.3728354
0.77182758,0.07395336,0.08626546,18.598143,6810.8789,7961.999,6.624e-06,-0.028543746,-3.2998886,-5.2654023,-0.015048282,-1.1340244,13247.504,0.062428664,1.4197898
0.76907581,0.074063294,0.086392306,18.620773,6781.3657,7927.9429,6.64e-06,-0.028348614,-3.3014107,-5.2294064,-0.014835509,-1.079476,13253.637,0.06448561,1.4667151
0.7663191,0.074172765,0.086518608,18.64332,6752.3525,7893.8364,6.656e-06,-0.027862474,-3.3028855,-5.1397295,-0.014622639,-1.0250399,13259.579,0.064489275,1.5136113
0.76355749,0.074281767,0.086644359,18.665779,6723.6748,7859.6807,6.672e-06,-0.027479606,-3.3039603,-5.0691028,-0.014409686,-0.97071588,13263.909,0.064116947,1.5604783
0.760791,0.074390307,0.086769566,18.688156,6694.3931,7825.4746,6.688e-06,-0.027363697,-3.3050139,-5.0477214,-0.014196666,-0.91650373,13268.153,0.06536027,1.6073161
0.75801957,0.074498385,0.086894229,18.710445,6665.2607,7791.2192,6.704e-06,-0.026944146,-3.3058517,-4.9703274,-0.013983584,-0.86240315,13271.528,0.064900056,1.654125
0.7552433,0.074605994,0.087018333,18.732651,6634.6504,7756.915,6.72e-06,-0.026601659,-3.3065844,-4.9071498,-0.013770451,-0.80841392,13274.481,0.065106355,1.7009046
0.75246221,0.074713133,0.087141901,18.754772,6605.7827,7722.5615,6.736e-06,-0.026695682,-3.3077743,-4.9244938,-0.013557257,-0.75453568,13279.275,0.065157019,1.7476552
0.74967629,0.074819788,0.08726491,18.776806,6576.998,7688.1592,6.752e-06,-0.026370768,-3.3086798,-4.8645577,-0.013343995,-0.70076805,13282.923,0.066223331,1.7943766
0.74688554,0.074925981,0.087387368,18.798754,6546.3193,7653.7085,6.768e-06,-0.025984507,-3.3096898,-4.7933049,-0.013130671,-0.6471107,13286.992,0.066230662,1.841069
0.74409002,0.075031698,0.087509274,18.820614,6517.5674,7619.2095,6.784e-06,-0.025701826,-3.3108616,-4.7411594,-0.012917276,-0.59356332,13291.714,0.065990172,1.8877321
0.74128973,0.075136952,0.08763063,18.84239,6487.4897,7584.6621,6.8e-06,-0.025526421,-3.3121738,-4.7088032,-0.012703802,-0.54012537,13297.001,0.066208072,1.9343663
0.73848468,0.075241722,0.087751433,18.864079,6458.1421,7550.0669,6.816e-06,-0.02488769,-3.3130958,-4.5909777,-0.012490257,-0.48679647,13300.715,0.067016818,1.9809713
0.73567492,0.075346023,0.087871678,18.885679,6427.7188,7515.4243,6.832e-06,-0.025118275,-3.3138037,-4.633513,-0.012276658,-0.43357614,13303.567,0.066978976,2.0275471
0.73286039,0.075449839,0.087991364,18.907194,6397.749,7480.7339,6.848e-06,-0.024245877,-3.3142834,-4.4725838,-0.012063021,-0.38046393,13305.501,0.067066252,2.0740938
0.73004121,0.075553179,0.088110507,18.928619,6366.6182,7445.9961,6.864e-06,-0.024027316,-3.3151495,-4.4322662,-0.011849341,-0.32745931,13308.99,0.067386702,2.1206114
0.72721738,0.075656019,0.088229083,18.949959,6335.7954,7411.2114,6.88e-06,-0.024073556,-3.3156948,-4.4407959,-0.011635615,-0.27456176,13311.187,0.067959838,2.1670997
0.72438884,0.075758375,0.088347107,18.971209,6305.4731,7376.3804,6.896e-06,-0.024130894,-3.3159854,-4.4513731,-0.011421862,-0.2217707,13312.357,0.068568379,2.2135589
0.72155571,0.075860232,0.088464566,18.992371,6275.269,7341.502,6.912e-06,-0.023579402,-3.3166313,-4.3496408,-0.011208079,-0.16908559,13314.96,0.068388931,2.2599888
0.71871793,0.07596162,0.088581473,19.013443,6245.4404,7306.5776,6.928e-06,-0.023271443,-3.3169231,-4.2928319,-0.010994266,-0.11650582,13316.136,0.068150274,2.3063896
0.71587557,0.076062515,0.088697821,19.034428,6216.2349,7271.6074,6.944e-06,-0.022788079,-3.3167698,-4.2036672,-0.010780448,-0.064030781,13315.519,0.068625748,2.352761
0.71302867,0.076162942,0.088813603,19.055323,6185.5864,7236.5908,6.96e-06,-0.022628088,-3.3165538,-4.1741538,-0.010566643,-0.011659821,13314.648,0.068663597,2.3991029
0.71017718,0.076262884,0.088928826,19.076126,6154.4517,7201.5288,6.976e-06,-0.022458849,-3.3163648,-4.1429348,-0.01035285,0.040607706,13313.887,0.069251992,2.4454157
0.70732123,0.076362342,0.089043491,19.096842,6123.4321,7166.4209,6.992e-06,-0.021905817,-3.3161447,-4.0409179,-0.01013907,0.092772484,13313,0.069702446,2.491699
0.70446068,0.076461293,0.089157589,19.117464,6093.6416,7131.2681,7.008e-06,-0.021765554,-3.3164773,-4.0150442,-0.0099252872,0.1448352,13314.34,0.06984283,2.5379529
0.70159566,0.076559767,0.089271128,19.137999,6064.6108,7096.0698,7.024e-06,-0.021523256,-3.3172326,-3.9703479,-0.0097114686,0.19679657,13317.383,0.070829801,2.5841775
0.69872624,0.076657765,0.089384101,19.15844,6035.1475,7060.8271,7.04e-06,-0.021523872,-3.3181555,-3.9704616,-0.0094975969,0.24865733,13321.102,0.069947205,2.6303725
0.69585234,0.0767553,0.089496508,19.178789,6004.7051,7025.5396,7.056e-06,-0.020950494,-3.3192017,-3.8646917,-0.0092836609,0.30041823,13325.316,0.070827357,2.6765378
0.69297397,0.076852344,0.089608356,19.199047,5975.1504,6990.208,7.072e-06,-0.021100622,-3.3206098,-3.8923852,-0.0090696458,0.35208005,13330.989,0.071094088,2.7226737
0.69009125,0.076948918,0.089719631,19.219213,5945.6743,6954.832,7.088e-06,-0.0200633,-3.321995,-3.7010329,-0.0088555412,0.40364358,13336.57,0.070730917,2.76878
0.68720412,0.077045016,0.089830339,19.239286,5914.6265,6919.4121,7.104e-06,-0.019958798,-3.323077,-3.6817555,-0.0086413566,0.45510957,13340.93,0.070906095,2.8148563
0.68431264,0.077140637,0.089940481,19.259266,5882.3535,6883.9487,7.12e-06,-0.019877722,-3.3245203,-3.6668,-0.0084270909,0.50647891,13346.745,0.070950039,2.860903
0.68141687,0.077235736,0.090050057,19.279152,5850.002,6848.4414,7.136e-06,-0.019619087,-3.3257492,-3.6190898,-0.0082127387,0.55775237,13351.696,0.071593985,2.90692
0.67851675,0.077330329,0.090159066,19.298943,5818.8159,6812.8911,7.152e-06,-0.019823467,-3.3271024,-3.6567917,-0.0079983035,0.60893089,13357.148,0.071366921,2.9529071
0.67561233,0.077424407,0.090267502,19.31864,5788.334,6777.2979,7.168e-06,-0.018865988,-3.3284256,-3.4801674,-0.0077837822,0.66001523,13362.479,0.072240971,2.9988642
0.67270362,0.077518001,0.090375364,19.338242,5756.3223,6741.6616,7.184e-06,-0.018918086,-3.3300297,-3.4897778,-0.0075691664,0.71100634,13368.943,0.072554097,3.0447915
0.66979069,0.077611089,0.09048266,19.357748,5724.855,6705.9829,7.2e-06,-0.018528435,-3.3315067,-3.4178998,-0.0073544513,0.76190507,13374.893,0.072488785,3.0906887
0.66687351,0.07770367,0.090589389,19.377159,5693.1167,6670.2617,7.216e-06,-0.01810395,-3.3330028,-3.339596,-0.0071396404,0.81271237,13380.922,0.072323985,3.1365557
0.66395217,0.077795744,0.090695538,19.396473,5662.4668,6634.4985,7.232e-06,-0.017616887,-3.3346658,-3.2497485,-0.0069247275,0.86342913,13387.621,0.073043615,3.1823924
0.6610266,0.077887319,0.09080112,19.415689,5631.5859,6598.6934,7.248e-06,-0.017579895,-3.3365226,-3.2429247,-0.0067097014,0.9140563,13395.103,0.073409222,3.228199
0.65809691,0.077978402,0.090906121,19.434809,5599.3525,6562.8467,7.264e-06,-0.01721059,-3.3381746,-3.1747999,-0.0064945617,0.96459484,13401.759,0.072704248,3.2739754
0.65516305,0.078068987,0.091010556,19.453831,5567.8047,6526.9585,7.28e-06,-0.016460882,-3.3397779,-3.0365028,-0.0062793177,1.0150456,13408.219,0.073655203,3.3197212
0.65222514,0.078159049,0.091114409,19.472754,5536.415,6491.0288,7.296e-06,-0.016607001,-3.341367,-3.0634573,-0.0060639703,1.0654098,13414.621,0.074315012,3.3654366
0.64928305,0.07824862,0.091217689,19.491579,5505.3687,6455.0586,7.312e-06,-0.01629596,-3.3429577,-3.0060799,-0.0058485209,1.1156881,13421.03,0.074818566,3.4111216
0.64633691,0.078337684,0.091320395,19.510303,5474.3779,6419.0474,7.328e-06,-0.016275615,-3.3444517,-3.0023267,-0.0056329719,1.1658818,13427.049,0.074688561,3.4567757
0.64338678,0.078426257,0.091422521,19.528929,5442.1494,6382.9951,7.344e-06,-0.015530222,-3.3460469,-2.864826,-0.0054173232,1.2159916,13433.476,0.074441358,3.5023992
0.64043254,0.078514315,0.091524072,19.547453,5411.0806,6346.9033,7.36e-06,-0.015490764,-3.3473599,-2.8575473,-0.0052015809,1.2660187,13438.767,0.075818352,3.547992
0.63747436,0.078601874,0.091625042,19.565876,5379.2559,6310.771,7.376e-06,-0.015056415,-3.3487875,-2.7774239,-0.0049857502,1.3159641,13444.519,0.075166479,3.593554
0.63451213,0.078688927,0.091725439,19.584198,5347.436,6274.5986,7.392e-06,-0.015184037,-3.3498824,-2.800966,-0.0047698379,1.3658288,13448.929,0.075351417,3.6390848
0.63154602,0.078775473,0.091825254,19.602417,5316.4004,6238.3872,7.408e-06,-0.014643952,-3.351191,-2.7013378,-0.0045538484,1.4156138,13454.202,0.07578478,3.6845849
0.62857592,0.078861512,0.091924489,19.620535,5285.8413,6202.1357,7.424e-06,-0.014681561,-3.3524554,-2.7082753,-0.0043377765,1.4653202,13459.296,0.076370127,3.7300534
0.62560189,0.078947067,0.092023142,19.638548,5253.9321,6165.8457,7.44e-06,-0.014601103,-3.3536749,-2.6934335,-0.0041216239,1.5149491,13464.21,0.07680288,3.775491
0.62262392,0.079032116,0.092121214,19.656458,5222.2896,6129.5166,7.456e-06,-0.014247828,-3.3547797,-2.6282656,-0.0039053964,1.5645014,13468.66,0.076596573,3.8208971
0.61964214,0.079116657,0.092218705,19.674263,5190.314,6093.1484,7.472e-06,-0.013454347,-3.3555083,-2.481894,-0.0036891098,1.6139783,13471.596,0.07706473,3.866272
0.61665648,0.079200685,0.092315614,19.691965,5157.8989,6056.7422,7.488e-06,-0.013021847,-3.3564789,-2.4021115,-0.0034727687,1.6633809,13475.506,0.077308878,3.9116154
0.61366701,0.079284206,0.092411935,19.70956,5125.3164,6020.2974,7.504e-06,-0.012976532,-3.3570316,-2.3937523,-0.0032563782,1.71271,13477.733,0.076852322,3.9569271
0.61067367,0.079367198,0.092507675,19.727049,5094.0215,5983.8145,7.52e-06,-0.012817157,-3.357779,-2.3643529,-0.0030399461,1.7619671,13480.745,0.077084869,4.0022068
0.60767657,0.079449683,0.092602834,19.744431,5064.3901,5947.2939,7.536e-06,-0.012242546,-3.3583753,-2.2583556,-0.0028234704,1.8111529,13483.147,0.077627487,4.0474553
0.60467571,0.079531685,0.092697404,19.761707,5033.6978,5910.7358,7.552e-06,-0.012410861,-3.3591557,-2.2894042,-0.0026069505,1.8602687,13486.291,0.078408152,4.0926714
0.60167104,0.079613201,0.092791393,19.778873,5002.4761,5874.1406,7.568e-06,-0.012021827,-3.3598642,-2.2176399,-0.0023903826,1.9093157,13489.146,0.078057803,4.1378555
0.59866267,0.079694219,0.092884786,19.795933,4970.917,5837.5078,7.584e-06,-0.011706777,-3.3603945,-2.1595235,-0.0021737749,1.9582947,13491.282,0.079206519,4.1830077
0.59565061,0.079774745,0.092977606,19.812881,4939.646,5800.8384,7.6e-06,-0.011492223,-3.360491,-2.119945,-0.0019571467,2.0072069,13491.671,0.078832358,4.2281275
0.5926348,0.079854757,0.093069829,19.829721,4907.5742,5764.1323,7.616e-06,-0.011134632,-3.3601642,-2.0539811,-0.0017405261,2.0560536,13490.354,0.078981295,4.2732153
0.58961535,0.079934269,0.093161464,19.846453,4875.2451,5727.3896,7.632e-06,-0.010731418,-3.359709,-1.9796011,-0.0015239307,2.1048357,13488.521,0.079151586,4.3182707
0.5865922,0.08001326,0.093252517,19.863071,4842.5698,5690.6113,7.648e-06,-0.010409586,-3.359282,-1.9202336,-0.0013073636,2.1535544,13486.801,0.079812616,4.3632932
0.58356547,0.08009173,0.093342975,19.879578,4810.9214,5653.7969,7.664e-06,-0.010468157,-3.3587632,-1.931038,-0.0010908272,2.2022107,13484.71,0.079483628,4.4082832
0.58053511,0.080169693,0.093432851,19.895973,4781.1904,5616.9463,7.68e-06,-0.0097202994,-3.3579504,-1.7930824,-0.00087433355,2.2508059,13481.436,0.079924926,4.4532404
0.57750112,0.080247164,0.093522131,19.912254,4750.9658,5580.0605,7.696e-06,-0.0097680809,-3.3568206,-1.8018965,-0.00065790256,2.2993407,13476.883,0.080476701,4.4981647
0.57446355,0.080324151,0.093610816,19.928423,4720.7183,5543.1396,7.712e-06,-0.0095485942,-3.3561134,-1.7614083,-0.00044153084,2.3478167,13474.034,0.080341808,4.543056
0.57142246,0.080400661,0.093698919,19.944477,4689.1958,5506.1836,7.728e-06,-0.0092113493,-3.3548865,-1.6991974,-0.0002252214,2.3962348,13469.091,0.081254922,4.5879145
0.56837773,0.080476664,0.093786426,19.960419,4657.4536,5469.1929,7.744e-06,-0.0085347015,-3.3540819,-1.5743777,-8.977463e-06,2.4445961,13465.849,0.08079043,4.6327395
0.56532955,0.080552176,0.093873337,19.976242,4624.8481,5432.1675,7.76e-06,-0.0086980835,-3.3537006,-1.6045164,0.00020722827,2.4929018,13464.313,0.080809347,4.6775312
0.56227785,0.080627158,0.093959659,19.991951,4592.9609,5395.1074,7.776e-06,-0.008295794,-3.3538985,-1.5303069,0.00042342808,2.5411527,13465.11,0.080996126,4.7222896
0.55922264,0.080701634,0.094045386,20.007542,4561.7891,5358.0137,7.792e-06,-0.0076135974,-3.3542099,-1.4044636,0.00063964428,2.5893502,13466.364,0.08190985,4.767014
0.55616397,0.080775604,0.094130524,20.023016,4532.0054,5320.8862,7.808e-06,-0.0077797538,-3.3546829,-1.4351141,0.0008558858,2.6374955,13468.271,0.082240671,4.8117051
0.55310184,0.080849089,0.094215065,20.038372,4500.2295,5283.7251,7.824e-06,-0.007328758,-3.3547125,-1.3519199,0.0010721436,2.6855893,13468.39,0.082055725,4.8563623
0.55003625,0.080922075,0.094299003,20.05361,4467.5513,5246.5303,7.84e-06,-0.0075500943,-3.3547609,-1.3927493,0.0012884038,2.7336328,13468.585,0.082551345,4.9009857
0.54696727,0.080994546,0.094382353,20.068729,4435.9775,5209.3027,7.856e-06,-0.0068204245,-3.3544743,-1.2581488,0.0015046563,2.7816274,13467.431,0.082216866,4.9455748
0.54389489,0.081066504,0.094465107,20.083727,4405.0684,5172.042,7.872e-06,-0.0068737548,-3.3541555,-1.2679865,0.0017208894,2.8295739,13466.146,0.082832731,4.9901299
0.54081905,0.08113797,0.094547264,20.098606,4372.2134,5134.7485,7.888e-06,-0.0064884201,-3.3531675,-1.1969047,0.0019370803,2.8774736,13462.165,0.082711264,5.0346508
0.53773987,0.081208915,0.094628826,20.113361,4338.499,5097.4229,7.904e-06,-0.006178611,-3.3526435,-1.1397549,0.0021532224,2.9253273,13460.054,0.083268531,5.0791373
0.53465736,0.08127933,0.094709784,20.127996,4305.6323,5060.0649,7.92e-06,-0.0059572747,-3.3523266,-1.0989255,0.0023693375,2.9731362,13458.777,0.083436996,5.123589
0.53157145,0.081349216,0.094790146,20.142508,4273.1631,5022.6753,7.936e-06,-0.0057405625,-3.3520629,-1.058949,0.0025854339,3.0209012,13457.714,0.084447764,5.1680059
0.52848226,0.081418574,0.094869912,20.156897,4241.2734,4985.2534,7.952e-06,-0.0052636722,-3.3519211,-0.97097808,0.0028015173,3.0686238,13457.143,0.084496595,5.2123885
0.52538973,0.081487417,0.094949074,20.171162,4208.6826,4947.8003,7.968e-06,-0.005081486,-3.3518164,-0.9373706,0.0030175925,3.1163046,13456.721,0.084171273,5.2567363
0.52229393,0.081555754,0.09502764,20.185301,4176.21,4910.3159,7.984e-06,-0.0044504618,-3.3517172,-0.82096696,0.0032336612,3.1639447,13456.321,0.084436782,5.3010483
0.51919484,0.081623562,0.095105603,20.199316,4144.646,4872.8008,8e-06,-0.0045081079,-3.351238,-0.83160079,0.0034497115,3.2115455,13454.392,0.085279092,5.3453259
0.51609248,0.081690863,0.09518297,20.213205,4112.6934,4835.2544,8.016e-06,-0.0040774578,-3.3509879,-0.75215971,0.003665738,3.2591076,13453.384,0.085544601,5.3895679
0.51298684,0.08175765,0.095259733,20.226967,4079.5452,4797.6777,8.032e-06,-0.0040728338,-3.3506272,-0.75130671,0.003881745,3.3066323,13451.93,0.084718771,5.4337745
0.50987804,0.081823915,0.095335893,20.240602,4046.1155,4760.0708,8.048e-06,-0.0037355889,-3.3500879,-0.68909591,0.0040977229,3.3541205,13449.757,0.085758232,5.4779453
0.50676596,0.081889652,0.09541145,20.254108,4013.4717,4722.4336,8.064e-06,-0.0038225204,-3.349612,-0.70513195,0.0043136682,3.4015732,13447.84,0.085259557,5.5220809
0.50365067,0.081954859,0.095486403,20.267487,3981.395,4684.7666,8.08e-06,-0.0030977828,-3.3490465,-0.57144123,0.0045295795,3.4489913,13445.561,0.08640217,5.5661802
0.50053221,0.082019545,0.095560759,20.280735,3949.1824,4647.0703,8.096e-06,-0.0034125242,-3.3487597,-0.62950087,0.0047454638,3.496376,13444.405,0.08658956,5.6102438
0.49741054,0.082083724,0.095634505,20.293854,3916.9771,4609.3442,8.112e-06,-0.0026372308,-3.3483698,-0.4864842,0.0049613263,3.5437284,13442.835,0.086941741,5.6542716
0.49428573,0.082147382,0.095707655,20.306843,3883.9792,4571.5894,8.128e-06,-0.0025811261,-3.3480661,-0.47613466,0.0051771663,3.591049,13441.611,0.086115912,5.6982632
0.49115777,0.082210518,0.095780194,20.3197,3851.2866,4533.8057,8.144e-06,-0.0019960338,-3.3476162,-0.368204,0.0053929817,3.6383388,13439.799,0.087162696,5.742218
0.48802668,0.082273133,0.095852129,20.332424,3817.7048,4495.9932,8.16e-06,-0.0019966504,-3.3470871,-0.36831772,0.0056087659,3.6855993,13437.667,0.086890467,5.7861366
0.48489243,0.082335211,0.095923461,20.345016,3784.6558,4458.1523,8.176e-06,-0.0014846176,-3.3465233,-0.27386415,0.0058245151,3.732831,13435.395,0.087719962,5.830019
0.48175511,0.082396761,0.095994182,20.357475,3752.9246,4420.2832,8.192e-06,-0.0013477467,-3.3458571,-0.24861588,0.0060402243,3.7800348,13432.711,0.087486804,5.8738642
0.47861469,0.082457796,0.096064299,20.369801,3720.2041,4382.3862,8.208e-06,-0.0007709777,-3.345211,-0.14222057,0.0062558912,3.8272119,13430.108,0.086950287,5.9176726
0.4754712,0.082518309,0.096133813,20.38199,3686.3704,4344.4614,8.224e-06,-0.0010974333,-3.3446422,-0.20244111,0.0064715189,3.8743627,13427.816,0.088606827,5.9614444
0.47232461,0.082578294,0.096202716,20.394047,3654.7769,4306.5093,8.24e-06,-0.00085945055,-3.3441367,-0.15854096,0.0066871122,3.9214888,13425.78,0.088233896,6.0051789
0.46917498,0.08263775,0.096271016,20.405966,3622.7637,4268.5303,8.256e-06,-0.00029562879,-3.3438103,-0.054533996,0.0069026789,3.9685905,13424.465,0.087804802,6.0488758
0.46602234,0.082696699,0.096338704,20.417747,3589.2341,4230.5239,8.272e-06,0.00033847801,-3.343369,0.062438298,0.0071182204,4.0156689,13422.688,0.088937037,6.092536
0.46286663,0.082755126,0.096405782,20.429394,3555.3667,4192.4912,8.288e-06,4.5931898e-05,-3.3428447,0.0084729567,0.0073337308,4.0627246,13420.574,0.089314863,6.1361585
0.45970795,0.08281301,0.096472256,20.440901,3522.3589,4154.4316,8.304e-06,0.00089305174,-3.3422294,0.1647393,0.0075492044,4.1097589,13418.096,0.088921778,6.1797433
0.45654625,0.082870364,0.096538112,20.452269,3491.7898,4116.3457,8.32e-06,0.00077313557,-3.341733,0.14261863,0.0077646426,4.1567721,13416.095,0.089414351,6.2232904
0.45338157,0.082927212,0.096603364,20.463499,3458.3538,4078.2341,8.336e-06,0.00072350446,-3.341284,0.13346328,0.0079800496,4.2037654,13414.286,0.090139471,6.2667994
0.45021391,0.082983539,0.096668005,20.474588,3426.6531,4040.0967,8.352e-06,0.0017346228,-3.3408344,0.31998205,0.0081954282,4.2507396,13412.475,0.090120547,6.3102708
0.44704333,0.083039351,0.096732035,20.485537,3393.418,4001.9336,8.368e-06,0.0017990507,-3.3402593,0.33186695,0.0084107742,4.2976956,13410.157,0.089676812,6.353704
0.44386977,0.083094642,0.096795455,20.496346,3361.0015,3963.7454,8.384e-06,0.0021165665,-3.3393781,0.39043838,0.0086260727,4.3446336,13406.607,0.090149842,6.3970985
0.44069329,0.083149403,0.096858263,20.507011,3328.8662,3925.5322,8.4e-06,0.0023018355,-3.3386571,0.42461455,0.008841319,4.3915544,13403.702,0.090782188,6.440455
0.43751389,0.083203651,0.09692046,20.517534,3295.5632,3887.2939,8.416e-06,0.0027309442,-3.3378875,0.50377131,0.0090565179,4.4384594,13400.603,0.090233468,6.4837732
0.4343316,0.083257385,0.096982047,20.527916,3263.835,3849.0315,8.432e-06,0.0024741571,-3.3370695,0.45640236,0.0092716664,4.4853492,13397.306,0.090617999,6.5270524
0.43114641,0.083310589,0.097043015,20.538153,3230.7637,3810.7444,8.448e-06,0.0033141868,-3.3361328,0.61136079,0.0094867572,4.5322237,13393.531,0.091542713,6.5702929
0.42795837,0.083363272,0.09710338,20.548246,3198.1187,3772.4333,8.464e-06,0.0033715246,-3.335223,0.62193775,0.0097017884,4.5790844,13389.866,0.091280863,6.6134944
0.42476746,0.083415434,0.097163118,20.558193,3165.1904,3734.0986,8.48e-06,0.0031853309,-3.3344183,0.58759099,0.0099167647,4.6259322,13386.624,0.091644645,6.6566572
0.4215737,0.083467074,0.097222254,20.567995,3132.2456,3695.7402,8.496e-06,0.0038690688,-3.3334508,0.71371865,0.010131684,4.6727667,13382.727,0.091879636,6.6997805
0.4183771,0.083518177,0.097280771,20.577652,3099.9014,3657.3584,8.512e-06,0.0042843055,-3.3330002,0.79031646,0.010346558,4.7195892,13380.91,0.092433244,6.7428646
0.4151777,0.083568767,0.097338676,20.587162,3068.0862,3618.9534,8.528e-06,0.004617543,-3.3321195,0.85178804,0.010561388,4.7664008,13377.362,0.092703633,6.7859097
0.4119755,0.083618842,0.097395964,20.596523,3036.0071,3580.5256,8.544e-06,0.0044692662,-3.3311923,0.82443577,0.010776161,4.813201,13373.626,0.092623062,6.8289151
0.4087705,0.083668403,0.097452633,20.605738,3003.1848,3542.0754,8.56e-06,0.0049865395,-3.3301349,0.91985601,0.010990869,4.8599916,13369.366,0.093710132,6.8718805
0.40556276,0.08371745,0.097508691,20.614803,2969.3025,3503.6025,8.576e-06,0.0050922753,-3.3289816,0.93936086,0.011205507,4.9067721,13364.72,0.093346968,6.9148064
0.40235221,0.083765961,0.097564131,20.62372,2935.9768,3465.1077,8.592e-06,0.005711277,-3.3275032,1.0535468,0.011420058,4.9535437,13358.763,0.093790703,6.9576926
0.39913896,0.083813928,0.09761896,20.632488,2902.2854,3426.5911,8.608e-06,0.0063173315,-3.3262839,1.1653444,0.011634524,5.0003066,13353.851,0.093903013,7.0005383
0.39592299,0.083861366,0.09767317,20.641104,2867.303,3388.0525,8.624e-06,0.0065411339,-3.3250439,1.2066287,0.01184891,5.0470619,13348.854,0.094141059,7.043344
0.39270428,0.083908252,0.097726762,20.64957,2834.1223,3349.4929,8.64e-06,0.006209746,-3.3239179,1.1454983,0.01206322,5.0938096,13344.317,0.09429121,7.0861096
0.38948289,0.083954588,0.097779736,20.657885,2800.7349,3310.9119,8.656e-06,0.0063466169,-3.32253,1.1707466,0.012277449,5.1405501,13338.727,0.094694659,7.1288347
0.38625881,0.084000401,0.097832091,20.666046,2766.751,3272.3101,8.672e-06,0.0069412654,-3.3211138,1.2804401,0.012491587,5.1872845,13333.021,0.094145939,7.1715193
0.38303205,0.084045671,0.097883828,20.674057,2732.218,3233.6875,8.688e-06,0.0072294958,-3.3195941,1.3336092,0.012705631,5.2340126,13326.897,0.09501633,7.2141633
0.37980267,0.084090389,0.097934954,20.681913,2698.6074,3195.0444,8.704e-06,0.0071434891,-3.3184619,1.3177438,0.012919589,5.2807355,13322.336,0.095947139,7.2567668
0.37657064,0.084134564,0.097985454,20.689617,2664.6809,3156.3813,8.72e-06,0.0072782021,-3.3169639,1.342594,0.013133463,5.3274531,13316.3,0.095901363,7.2993293
0.37333602,0.084178194,0.098035336,20.697166,2630.8735,3117.6982,8.736e-06,0.0077162506,-3.3158953,1.4233998,0.013347253,5.374166,13311.995,0.095494248,7.3418503
0.37009877,0.084221289,0.098084599,20.704561,2596.2979,3078.9954,8.752e-06,0.0081549156,-3.3146353,1.5043194,0.013560969,5.4208741,13306.918,0.09583056,7.3843307
0.36685896,0.084263839,0.098133244,20.7118,2562.4788,3040.2732,8.768e-06,0.0081623141,-3.3134921,1.5056843,0.013774607,5.4675789,13302.312,0.09579882,7.4267697
0.36361659,0.084305838,0.09818127,20.718884,2528.6162,3001.5317,8.784e-06,0.0086524598,-3.3120639,1.5961003,0.013988162,5.5142798,13296.559,0.095996581,7.4691677
0.36037165,0.084347293,0.098228671,20.725809,2494.6729,2962.7715,8.8e-06,0.0091996351,-3.3107934,1.6970365,0.014201631,5.5609775,13291.439,0.096871242,7.5115237
0.35712421,0.084388211,0.098275453,20.73258,2459.8625,2923.9924,8.816e-06,0.009057832,-3.309366,1.6708784,0.014415013,5.6076722,13285.688,0.096169926,7.5538383
0.35387424,0.084428571,0.098321617,20.739193,2424.438,2885.1948,8.832e-06,0.0094419336,-3.3075674,1.7417328,0.01462829,5.6543641,13278.441,0.096904814,7.5961113
0.35062176,0.084468372,0.098367162,20.745647,2391.7869,2846.3789,8.848e-06,0.0095825037,-3.3059769,1.7676635,0.014841458,5.7010541,13272.033,0.097398601,7.6383424
0.34736681,0.084507637,0.098412082,20.751945,2358.6538,2807.5452,8.864e-06,0.0099068014,-3.3043194,1.8274859,0.015054522,5.7477417,13265.355,0.097444378,7.680532
0.34410942,0.084546365,0.098456383,20.758083,2325.6982,2768.6936,8.88e-06,0.010497751,-3.3029406,1.9364971,0.015267488,5.7944274,13259.8,0.097579271,7.7226791
0.34084958,0.084584571,0.098500058,20.764061,2290.8621,2729.8247,8.896e-06,0.010368278,-3.3013291,1.9126136,0.015480357,5.8411117,13253.308,0.098599203,7.7647839
0.33758733,0.084622234,0.098543115,20.76988,2256.3274,2690.9385,8.912e-06,0.01069535,-3.2997615,1.9729478,0.015693124,5.8877945,13246.992,0.097748347,7.8068466
0.33432266,0.084659338,0.098585546,20.775539,2221.8501,2652.0352,8.928e-06,0.010888634,-3.2984824,2.0086026,0.015905799,5.9344759,13241.839,0.098208562,7.8488669
0.33105561,0.084695891,0.098627351,20.781036,2188.3267,2613.1152,8.944e-06,0.011339322,-3.2972014,2.0917399,0.01611839,5.9811563,13236.677,0.098723717,7.8908453
0.32778621,0.084731899,0.098668538,20.786373,2155.1982,2574.1787,8.96e-06,0.011851971,-3.2956359,2.1863072,0.016330892,6.0278363,13230.37,0.098898284,7.9327803
0.32451445,0.084767379,0.098709106,20.791548,2122.8201,2535.2258,8.976e-06,0.011719724,-3.2941604,2.161912,0.016543295,6.0745149,13224.425,0.098561965,7.9746728
0.32124037,0.084802337,0.098749042,20.796562,2089.9102,2496.2571,8.992e-06,0.011899136,-3.2926886,2.1950076,0.016755603,6.1211934,13218.495,0.09914121,8.0165224
0.31796399,0.084836766,0.098788358,20.801413,2057.1965,2457.2727,9.008e-06,0.012130337,-3.2907794,2.2376566,0.016967801,6.167871,13210.803,0.09916196,8.0583296
0.31468534,0.084870674,0.098827049,20.806099,2024.0837,2418.2725,9.024e-06,0.012841511,-3.2889102,2.3688452,0.017179878,6.2145481,13203.271,0.099783927,8.1000938
0.31140441,0.084904052,0.098865122,20.810623,1991.4878,2379.2573,9.04e-06,0.012364312,-3.2871759,2.2808175,0.01739184,6.2612252,13196.284,0.099996336,8.1418142
0.30812126,0.084936909,0.098902561,20.814983,1956.8813,2340.2268,9.056e-06,0.013114636,-3.2853792,2.4192281,0.017603686,6.3079019,13189.045,0.099982299,8.1834917
0.30483589,0.084969223,0.098939382,20.81918,1921.7899,2301.1816,9.072e-06,0.013658728,-3.2836568,2.5195956,0.01781542,6.354578,13182.106,0.099468365,8.2251253
0.3015483,0.085000977,0.098975576,20.823212,1888.0204,2262.1221,9.088e-06,0.013737645,-3.282042,2.5341532,0.018027047,6.4012537,13175.6,0.10019593,8.266716
0.29825854,0.085032187,0.099011146,20.827078,1855.1556,2223.0481,9.104e-06,0.013759532,-3.2800899,2.5381908,0.018238558,6.4479294,13167.734,0.10107608,8.3082628
0.29496664,0.085062861,0.099046089,20.83078,1820.8816,2183.96,9.12e-06,0.014669847,-3.2783611,2.7061145,0.018449949,6.4946046,13160.769,0.10151189,8.3497667
0.29167262,0.085092999,0.099080406,20.834316,1786.9752,2144.8582,9.136e-06,0.01412113,-3.2764285,2.6048939,0.018661223,6.5412793,13152.982,0.10129399,8.3912258
0.28837645,0.085122593,0.099114098,20.837685,1754.4889,2105.7429,9.152e-06,0.014802402,-3.274462,2.7305667,0.018872373,6.5879536,13145.06,0.10234687,8.432642
0.28507823,0.08515165,0.099147163,20.840887,1720.3414,2066.6143,9.168e-06,0.014795928,-3.2724857,2.7293725,0.019083394,6.6346273,13137.097,0.1022663,8.4740133
0.28177792,0.085180178,0.099179603,20.843924,1687.7286,2027.4725,9.184e-06,0.01487392,-3.2703824,2.7437594,0.019294284,6.6813006,13128.622,0.1022303,8.5153418
0.27847558,0.085208178,0.099211417,20.846792,1654.8295,1988.318,9.2e-06,0.015788859,-3.2687068,2.9125361,0.019505054,6.727973,13121.872,0.10276192,8.5566244
0.27517122,0.085235648,0.099242598,20.849493,1621.1436,1949.151,9.216e-06,0.015823694,-3.2664537,2.918962,0.019715695,6.7746449,13112.794,0.10241829,8.5978642
0.27186486,0.085262582,0.09927316,20.852026,1586.1791,1909.9716,9.232e-06,0.015756492,-3.2644618,2.9065654,0.0199262,6.8213153,13104.769,0.10291879,8.6390591
0.26855657,0.085288964,0.099303089,20.854391,1550.4624,1870.7802,9.248e-06,0.016272223,-3.262352,3.0017014,0.020136572,6.8679843,13096.268,0.10232429,8.6802092
0.2652463,0.085314788,0.0993324,20.856588,1516.5846,1831.5768,9.264e-06,0.016232148,-3.2603993,2.9943087,0.020346815,6.9146519,13088.401,0.10329966,8.7213154
0.2619341,0.085340053,0.099361077,20.858616,1485.3987,1792.3621,9.28e-06,0.016620565,-3.2584715,3.0659592,0.02055693,6.9613185,13080.634,0.10302988,8.7623758
0.25862002,0.085364804,0.099389128,20.860474,1455.2025,1753.1359,9.296e-06,0.016907871,-3.2564383,3.118958,0.020766919,7.0079827,13072.441,0.10353526,8.8033924
0.25530407,0.085389055,0.099416547,20.862162,1421.5469,1713.8986,9.312e-06,0.017437167,-3.254457,3.2165959,0.02097678,7.0546451,13064.46,0.10358714,8.8443642
0.25198624,0.0854128,0.099443339,20.863682,1386.6522,1674.6505,9.328e-06,0.017284267,-3.2520125,3.1883907,0.021186497,7.101305,13054.61,0.10414563,8.8852901
0.24866661,0.085435994,0.099469505,20.86503,1351.1124,1635.392,9.344e-06,0.017538896,-3.24998,3.2353616,0.021396069,7.1479621,13046.422,0.10404004,8.9261723
0.24534519,0.085458621,0.099495046,20.866209,1315.1021,1596.1229,9.36e-06,0.01772663,-3.2479715,3.2699926,0.021605512,7.1946163,13038.33,0.10453078,8.9670086
0.24202198,0.085480683,0.099519953,20.867216,1279.9027,1556.8439,9.376e-06,0.018138168,-3.2454662,3.3459079,0.021814808,7.2412677,13028.235,0.10449354,9.0077991
0.23869704,0.08550217,0.099544235,20.868053,1247.21,1517.5551,9.392e-06,0.018373992,-3.2432373,3.38941,0.022023953,7.2879152,13019.255,0.10470656,9.0485449
0.23537037,0.085523114,0.09956789,20.868717,1213.739,1478.2566,9.408e-06,0.018512405,-3.2410562,3.4149427,0.022232955,7.334559,13010.468,0.10538835,9.0892448
0.232042,0.085543536,0.099590912,20.869211,1180.938,1438.9487,9.424e-06,0.018992994,-3.23892,3.5035961,0.022441817,7.3811989,13001.86,0.10550798,9.1299
0.22871196,0.085563421,0.099613301,20.869534,1148.2947,1399.6318,9.44e-06,0.019315751,-3.2366872,3.5631342,0.02265054,7.4278336,12992.864,0.10560442,9.1705093
0.22538027,0.085582785,0.099635072,20.869684,1114.2628,1360.3062,9.456e-06,0.019273518,-3.2343762,3.5553436,0.022859117,7.4744635,12983.554,0.10553667,9.2110729
0.22204697,0.085601613,0.099656202,20.869663,1079.5984,1320.9718,9.472e-06,0.019819768,-3.2320082,3.6561093,0.023067541,7.5210881,12974.013,0.10565203,9.2515898
0.21871209,0.085619889,0.099676713,20.869469,1044.6079,1281.6292,9.488e-06,0.019597199,-3.2299109,3.6150525,0.023275822,7.5677066,12965.562,0.10644368,9.2920618
0.21537563,0.085637614,0.099696584,20.869101,1009.0637,1242.2783,9.504e-06,0.020066075,-3.2279415,3.7015448,0.023483973,7.6143193,12957.628,0.10673665,9.3324871
0.21203762,0.085654773,0.099715836,20.868561,974.43182,1202.9198,9.52e-06,0.020012744,-3.2257404,3.6917071,0.023691988,7.6609249,12948.76,0.10687216,9.3728676
0.20869812,0.085671365,0.099734448,20.867847,940.64368,1163.5536,9.536e-06,0.020547897,-3.2238913,3.7904255,0.023899872,7.7075238,12941.31,0.1067922,9.4132004
0.20535712,0.085687414,0.099752434,20.866961,907.26611,1124.1799,9.552e-06,0.020708505,-3.2214646,3.8200524,0.02410762,7.7541146,12931.532,0.10700278,9.4534883
0.20201467,0.085702926,0.099769793,20.865902,874.7157,1084.7993,9.568e-06,0.021191869,-3.2192893,3.9092176,0.024315219,7.8006973,12922.769,0.10751305,9.4937286
0.19867077,0.085717916,0.09978652,20.864668,841.12732,1045.4117,9.584e-06,0.021280957,-3.216778,3.9256516,0.024522666,7.8472719,12912.65,0.10752037,9.5339231
0.19532549,0.085732371,0.099802613,20.86326,806.70514,1006.0177,9.6e-06,0.02142461,-3.2142904,3.9521508,0.024729954,7.893837,12902.628,0.10787072,9.5740709
0.19197881,0.085746281,0.099818081,20.861679,772.84485,966.61719,9.616e-06,0.021911673,-3.2115626,4.0419984,0.024937071,7.940392,12891.638,0.10855617,9.6141729
0.18863079,0.085759647,0.099832915,20.859924,738.72607,927.21063,9.632e-06,0.021901809,-3.2089252,4.0401788,0.025144018,7.986937,12881.012,0.1076223,9.6542273
0.18528144,0.08577247,0.099847123,20.857994,705.74152,887.79822,9.648e-06,0.022694366,-3.2068458,4.1863799,0.025350811,8.0334711,12872.633,0.10816431,9.6942348
0.18193078,0.085784748,0.099860698,20.855888,671.46429,848.38013,9.664e-06,0.022782221,-3.2045691,4.2025867,0.025557464,8.0799942,12863.461,0.1086404,9.7341957
0.17857887,0.085796498,0.09987364,20.853609,636.82349,808.95673,9.68e-06,0.023333097,-3.2025313,4.3042049,0.025763979,8.1265049,12855.251,0.10778161,9.7741098
0.1752257,0.085807689,0.099885948,20.851156,601.80176,769.52826,9.696e-06,0.022713786,-3.1998169,4.1899624,0.02597034,8.1730042,12844.313,0.10866848,9.8139772
0.17187132,0.085818328,0.099897631,20.848528,567.58997,730.09485,9.712e-06,0.023589266,-3.1975653,4.3514605,0.02617654,8.2194891,12835.242,0.10865749,9.853797
0.16851574,0.085828409,0.09990868,20.845722,533.44116,690.65692,9.728e-06,0.023970595,-3.1950223,4.421803,0.026382586,8.2659607,12824.997,0.10963469,9.8935699
0.16515899,0.085837953,0.099919103,20.842743,499.69693,651.21454,9.744e-06,0.023629034,-3.1923006,4.3587961,0.026588462,8.312417,12814.03,0.10985382,9.9332952
0.16180111,0.085846946,0.099928886,20.83959,467.01379,611.76807,9.76e-06,0.023945933,-3.1894348,4.4172535,0.02679416,8.3588591,12802.484,0.10971099,9.9729729
0.15844212,0.08585541,0.099938042,20.83626,432.54111,572.31775,9.776e-06,0.024656182,-3.1866968,4.5482717,0.026999675,8.4052849,12791.452,0.11043061,10.012604
0.15508205,0.085863329,0.099946573,20.832754,398.57556,532.86383,9.792e-06,0.02493054,-3.1838417,4.5988822,0.027205011,8.4516945,12779.949,0.11031038,10.052186
0.15172091,0.085870713,0.099954464,20.829073,364.82407,493.40652,9.808e-06,0.024892315,-3.1807323,4.5918307,0.027410155,8.4980869,12767.422,0.11136875,10.091722
0.14835875,0.085877545,0.099961728,20.825216,329.71484,453.94611,9.824e-06,0.024990035,-3.1779087,4.6098571,0.027615108,8.5444613,12756.045,0.11141026,10.131209
0.14499557,0.085883833,0.099968359,20.821184,294.75302,414.48282,9.84e-06,0.02538955,-3.1753457,4.6835546,0.027819885,8.5908175,12745.719,0.11111728,10.170649
0.14163142,0.085889556,0.099974364,20.816975,259.61066,375.01691,9.856e-06,0.025722479,-3.1725266,4.7449694,0.028024491,8.6371546,12734.36,0.11113376,10.210041
0.13826631,0.085894719,0.099979728,20.812592,225.78096,335.54865,9.872e-06,0.025953373,-3.1696568,4.7875619,0.028228913,8.6834717,12722.799,0.11143345,10.249385
0.13490029,0.085899323,0.099984467,20.808031,192.05324,296.07825,9.888e-06,0.026203994,-3.1667831,4.8337932,0.028433148,8.7297678,12711.221,0.11162389,10.28868
0.13153335,0.085903399,0.099988572,20.803293,157.60944,256.60599,9.904e-06,0.026609983,-3.1636791,4.9086852,0.028637193,8.776042,12698.715,0.11121678,10.327928
0.12816554,0.085906923,0.099992044,20.798382,124.69452,217.1321,9.92e-06,0.026366452,-3.1609039,4.8637614,0.028841047,8.8222942,12687.533,0.11172765,10.367127
0.12479688,0.085909911,0.09999489,20.793293,92.150505,177.65683,9.936e-06,0.026898829,-3.1578064,4.9619679,0.029044712,8.8685236,12675.053,0.11229591,10.406279
0.1214274,0.085912377,0.099997096,20.788027,58.66534,138.18045,9.952e-06,0.027257653,-3.1549344,5.0281596,0.029248185,8.9147301,12663.481,0.1126896,10.445381
0.11805712,0.085914314,0.099998675,20.782585,24.039038,98.703201,9.968e-06,0.02720494,-3.1520901,5.0184355,0.029451473,8.9609108,12652.021,0.11298379,10.484435
0.11468606,0.0859157,0.099999622,20.776968,-10.736721,59.22533,9.984e-06,0.027604455,-3.1492276,5.092133,0.029654577,9.0070667,12640.489,0.11247169,10.52344
0.11131425,0.085916542,0.099999942,20.771173,-45.755142,19.747082,1e-05,0.027708033,-3.1463277,5.1112399,0.029857496,9.0531969,12628.806,0.11374798,10.562397
0.10794172,0.08591681,0.099999622,20.765203,-80.852058,-19.731291,1.0016e-05,0.02819602,-3.1431417,5.2012582,0.030060219,9.0992994,12615.969,0.11313517,10.601306
0.1045685,0.085916527,0.099998675,20.759056,-115.31274,-59.209541,1.0032e-05,0.02847901,-3.1401825,5.2534604,0.030262744,9.1453743,12604.047,0.1137431,10.640164
0.1011946,0.085915685,0.099997096,20.752733,-148.2634,-98.687416,1.0048e-05,0.02850922,-3.1371486,5.2590332,0.030465076,9.1914206,12591.823,0.11369182,10.678975
0.097820044,0.085914306,0.09999489,20.746233,-180.97411,-138.16467,1.0064e-05,0.02869603,-3.1343415,5.2934937,0.030667217,9.2374382,12580.513,0.11413251,10.717736
0.094444863,0.085912406,0.099992044,20.739557,-214.28279,-177.64105,1.008e-05,0.029144561,-3.131371,5.3762331,0.030869175,9.2834244,12568.545,0.11398175,10.756449
0.091069087,0.08590997,0.099988572,20.732704,-248.91141,-217.1163,1.0096e-05,0.029239815,-3.1284943,5.3938046,0.031070944,9.32938,12556.954,0.11488571,10.795112
0.08769273,0.08590699,0.099984467,20.725676,-284.95078,-256.59018,1.0112e-05,0.029356956,-3.1253276,5.4154134,0.031272516,9.3753042,12544.196,0.11542223,10.833725
0.084315814,0.085903451,0.099979728,20.71847,-319.63379,-296.06244,1.0128e-05,0.0298209,-3.1220703,5.5009961,0.031473882,9.421195,12531.072,0.11436384,10.87229
0.080938376,0.085899338,0.099974357,20.711088,-353.68665,-335.53284,1.0144e-05,0.030099882,-3.1192794,5.5524592,0.031675056,9.4670525,12519.828,0.11481246,10.910804
0.077560425,0.085894682,0.099968359,20.703529,-387.18185,-375.00113,1.016e-05,0.030442368,-3.1161017,5.6156368,0.031876035,9.5128756,12507.024,0.11512558,10.949269
0.074181996,0.085889488,0.099961728,20.695795,-419.36728,-414.46701,1.0176e-05,0.030143965,-3.1130283,5.5605912,0.032076813,9.5586624,12494.642,0.11597339,10.987685
0.070803106,0.085883766,0.099954464,20.687883,-452.82367,-453.9303,1.0192e-05,0.030425105,-3.1100638,5.6124525,0.032277394,9.604414,12482.697,0.11554735,11.026051
0.067423776,0.085877515,0.099946573,20.679796,-487.00272,-493.39075,1.0208e-05,0.030971356,-3.1068888,5.7132182,0.032477781,9.6501284,12469.905,0.11513352,11.064367
0.064044036,0.085870728,0.099938042,20.671534,-521.79871,-532.84802,1.0224e-05,0.031347442,-3.1039281,5.7825937,0.032677967,9.6958036,12457.978,0.11653432,11.102633
0.060663898,0.085863382,0.099928886,20.663094,-556.14648,-572.302,1.024e-05,0.031701025,-3.1006379,5.8478184,0.032877956,9.7414408,12444.721,0.11674062,11.140849
0.057283394,0.085855484,0.099919096,20.654476,-590.65411,-611.75232,1.0256e-05,0.031705957,-3.0977235,5.8487287,0.033077739,9.7870388,12432.979,0.11677419,11.179015
0.053902544,0.085847043,0.09990868,20.645683,-625.44019,-651.19873,1.0272e-05,0.031870574,-3.0948677,5.8790946,0.03327734,9.8325949,12421.473,0.11625538,11.217131
0.05052137,0.085838042,0.099897631,20.636715,-659.15161,-690.64111,1.0288e-05,0.032249432,-3.0918422,5.9489822,0.033476751,9.8781099,12409.283,0.11714469,11.255197
0.047139894,0.085828491,0.099885948,20.627571,-692.7392,-730.0791,1.0304e-05,0.032483101,-3.0887928,5.9920864,0.033675965,9.9235821,12396.997,0.11687429,11.293212
0.043758135,0.08581841,0.099873632,20.61825,-726.29272,-769.51245,1.032e-05,0.03273249,-3.0854743,6.0380907,0.033874974,9.9690113,12383.626,0.11744377,11.331176
0.040376116,0.085807785,0.099860691,20.608753,-760.13483,-808.94098,1.0336e-05,0.032636311,-3.0822277,6.0203485,0.034073774,10.014397,12370.546,0.11764275,11.36909
0.036993865,0.085796624,0.099847116,20.599081,-793.91913,-848.36438,1.0352e-05,0.033286754,-3.0785627,6.1403346,0.034272347,10.059736,12355.78,0.11810419,11.406954
0.033611394,0.08578492,0.099832915,20.589233,-827.70862,-887.78241,1.0368e-05,0.033582382,-3.0752554,6.1948686,0.0344707,10.105029,12342.454,0.11864376,11.444766
0.030228728,0.085772671,0.099818081,20.579208,-862.23273,-927.19482,1.0384e-05,0.033518881,-3.071727,6.1831546,0.034668829,10.150276,12328.238,0.11804499,11.482528
0.026845891,0.085759878,0.099802613,20.569008,-896.47821,-966.60144,1.04e-05,0.034182273,-3.0682271,6.3055286,0.034866732,10.195475,12314.138,0.11850215,11.520239
0.023462903,0.085746542,0.099786513,20.558632,-930.60431,-1006.0019,1.0416e-05,0.034033686,-3.064996,6.2781196,0.035064418,10.240624,12301.12,0.11828486,11.557899
0.020079782,0.085732654,0.099769786,20.548082,-964.698,-1045.396,1.0432e-05,0.03442087,-3.0618181,6.3495426,0.035261899,10.285724,12288.315,0.1190704,11.595507
0.01669655,0.085718222,0.099752434,20.537355,-998.17035,-1084.7836,1.0448e-05,0.03407253,-3.0584772,6.2852845,0.035459168,10.330773,12274.854,0.11864009,11.633064
0.01331323,0.085703246,0.099734448,20.526453,-1032.2037,-1124.1642,1.0464e-05,0.035009354,-3.0549164,6.4580989,0.035656214,10.375771,12260.508,0.11901426,11.670569
0.0099298414,0.085687734,0.099715829,20.515375,-1066.877,-1163.5377,1.048e-05,0.034883581,-3.051306,6.4348979,0.035853032,10.420715,12245.963,0.11938109,11.708024
0.0065464047,0.085671663,0.099696584,20.504122,-1100.6149,-1202.9039,1.0496e-05,0.035260901,-3.0473111,6.5045013,0.036049601,10.465608,12229.867,0.11937742,11.745427
0.00316294,0.085655056,0.099676706,20.492695,-1135.0465,-1242.2626,1.0512e-05,0.035479464,-3.0439827,6.5448189,0.036245938,10.510445,12216.457,0.12003601,11.782778
-0.00022053195,0.085637897,0.099656202,20.481092,-1167.0111,-1281.6133,1.0528e-05,0.035597529,-3.0404477,6.5665984,0.036442053,10.555226,12202.214,0.11986938,11.820077
-0.0036039911,0.08562021,0.099635065,20.469315,-1200.7151,-1320.9561,1.0544e-05,0.035989646,-3.0370495,6.6389313,0.03663794,10.599953,12188.522,0.11998169,11.857325
-0.0069874171,0.085602,0.099613301,20.457361,-1235.1722,-1360.2903,1.056e-05,0.035762761,-3.0335121,6.5970783,0.036833607,10.644621,12174.271,0.12068728,11.89452
-0.01037079,0.08558324,0.099590905,20.445232,-1269.3058,-1399.6161,1.0576e-05,0.036649957,-3.0297737,6.7607369,0.037029039,10.689232,12159.208,0.12116825,11.931663
-0.013754089,0.085563935,0.099567883,20.43293,-1303.1276,-1438.933,1.0592e-05,0.036720548,-3.0257907,6.7737594,0.037224222,10.733784,12143.161,0.12053286,11.968754
-0.017137296,0.08554408,0.099544227,20.420454,-1337.9617,-1478.2407,1.0608e-05,0.036762781,-3.0218134,6.7815499,0.037419152,10.778275,12127.137,0.12085391,12.005793
-0.020520389,0.08552368,0.099519953,20.407803,-1372.99,-1517.5392,1.0624e-05,0.036846321,-3.0182362,6.7969604,0.037613835,10.822707,12112.723,0.12175054,12.042779
-0.023903351,0.085502721,0.099495038,20.394976,-1407.8368,-1556.8281,1.064e-05,0.037282828,-3.0143988,6.8774819,0.037808277,10.867077,12097.263,0.12114993,12.079712
-0.027286159,0.085481204,0.099469505,20.381975,-1441.6544,-1596.1072,1.0656e-05,0.037600037,-3.0107551,6.9359965,0.03800248,10.911384,12082.582,0.12171148,12.116593
-0.030668795,0.085459135,0.099443339,20.368801,-1474.259,-1635.3761,1.0672e-05,0.037467174,-3.0071657,6.9114876,0.038196452,10.955628,12068.121,0.12165288,12.153421
-0.034051239,0.085436538,0.099416539,20.355452,-1508.1033,-1674.6348,1.0688e-05,0.038223356,-3.0035853,7.0509787,0.038390189,10.999807,12053.695,0.12219612,12.190196
-0.037433475,0.085413411,0.099389121,20.34193,-1541.2437,-1713.8828,1.0704e-05,0.038582485,-2.9996262,7.1172266,0.038583685,11.043922,12037.744,0.12192511,12.226918
-0.040815476,0.085389741,0.09936107,20.328234,-1574.6395,-1753.1201,1.072e-05,0.038623795,-2.9959211,7.1248469,0.038776934,11.087971,12022.816,0.12265633,12.263588
-0.044197228,0.085365549,0.099332392,20.314363,-1609.8007,-1792.3462,1.0736e-05,0.039331269,-2.9918957,7.255353,0.038969934,11.131952,12006.598,0.12252327,12.300203
-0.047578715,0.085340798,0.099303089,20.300318,-1645.8259,-1831.561,1.0752e-05,0.03864599,-2.988085,7.1289411,0.039162681,11.175866,11991.244,0.12232612,12.336765
-0.050959907,0.085315481,0.099273153,20.2861,-1681.7166,-1870.7643,1.0768e-05,0.039114248,-2.9840212,7.2153196,0.039355174,11.21971,11974.871,0.12297128,12.373274
-0.054340798,0.085289583,0.099242598,20.271709,-1716.3214,-1909.9558,1.0784e-05,0.039239407,-2.9800599,7.2384071,0.03954741,11.263486,11958.911,0.12350292,12.409729
-0.057721358,0.085263133,0.09921141,20.257145,-1750.6913,-1949.1351,1.08e-05,0.039577268,-2.9761758,7.3007317,0.039739393,11.307192,11943.263,0.12329051,12.446131
-0.061101574,0.085236125,0.099179596,20.242407,-1784.2085,-1988.3022,1.0816e-05,0.039884917,-2.9721901,7.3574834,0.039931118,11.350825,11927.204,0.12394116,12.482478
-0.064481422,0.085208572,0.099147156,20.227497,-1817.5712,-2027.4568,1.0832e-05,0.039893549,-2.9681034,7.3590755,0.040122587,11.394387,11910.737,0.12434828,12.518771
-0.067860894,0.085180484,0.09911409,20.212412,-1851.4606,-2066.5984,1.0848e-05,0.04017438,-2.9642575,7.4108801,0.040313799,11.437877,11895.243,0.12388256,12.555011
-0.071239956,0.085151866,0.099080399,20.197155,-1885.7909,-2105.7271,1.0864e-05,0.040683024,-2.9600887,7.5047083,0.040504754,11.481292,11878.446,0.12522355,12.591196
-0.074618608,0.085122697,0.099046081,20.181726,-1918.5917,-2144.8425,1.088e-05,0.040728647,-2.9558926,7.513124,0.04069544,11.524632,11861.54,0.12386303,12.627326
-0.077996813,0.085092992,0.099011138,20.166122,-1951.3184,-2183.9443,1.0896e-05,0.040943511,-2.9518721,7.5527596,0.040885858,11.567898,11845.342,0.12417432,12.663403
-0.081374556,0.085062757,0.098975569,20.150349,-1984.3716,-2223.0322,1.0912e-05,0.041289385,-2.9475789,7.6165624,0.041076008,11.611087,11828.044,0.12401807,12.699424
-0.08475183,0.085032001,0.098939374,20.134401,-2018.4778,-2262.1062,1.0928e-05,0.041649751,-2.9434857,7.6830382,0.04126589,11.654199,11811.553,0.12490554,12.73539
-0.088128604,0.085000709,0.098902553,20.11828,-2052.3682,-2301.166,1.0944e-05,0.041531067,-2.9395185,7.6611452,0.041455511,11.697233,11795.569,0.12481827,12.771301
-0.091504872,0.084968872,0.098865114,20.101988,-2085.6833,-2340.2112,1.096e-05,0.041944765,-2.9354072,7.7374587,0.041644875,11.740189,11779.005,0.12516862,12.807158
-0.094880603,0.0849365,0.098827042,20.085524,-2121.1948,-2379.2415,1.0976e-05,0.042108454,-2.9312837,7.7676539,0.041833971,11.783065,11762.391,0.12526749,12.842959
-0.098255783,0.084903568,0.098788351,20.068888,-2155.7517,-2418.2568,1.0992e-05,0.042393602,-2.926892,7.8202548,0.042022791,11.825861,11744.696,0.12582232,12.878705
-0.1016304,0.084870078,0.098749034,20.052078,-2188.6011,-2457.2568,1.1008e-05,0.042476218,-2.9226654,7.8354945,0.042211335,11.868576,11727.668,0.12576129,12.914395
-0.10500444,0.084836058,0.098709099,20.035099,-2222.7947,-2496.2415,1.1024e-05,0.042912725,-2.9183958,7.9160161,0.042399604,11.911209,11710.466,0.1259627,12.950029
-0.10837787,0.084801495,0.098668531,20.017946,-2256.1853,-2535.2102,1.104e-05,0.042654086,-2.9140928,7.8683062,0.042587597,11.95376,11693.129,0.12657246,12.985608
-0.11175068,0.084766388,0.098627344,20.000624,-2289.4836,-2574.1628,1.1056e-05,0.043039113,-2.9100807,7.9393311,0.042775322,11.996227,11676.964,0.12667562,13.021131
-0.11512285,0.084730752,0.098585539,19.983128,-2322.9548,-2613.0994,1.1072e-05,0.042779554,-2.9058099,7.8914504,0.042962778,12.038611,11659.757,0.12589617,13.056598
-0.11849437,0.084694587,0.0985431,19.965462,-2356.8743,-2652.0193,1.1088e-05,0.043836601,-2.9011617,8.086442,0.043149952,12.080911,11641.029,0.12713401,13.092008
-0.12186521,0.084657878,0.098500051,19.947624,-2391.0386,-2690.9226,1.1104e-05,0.043771867,-2.8966935,8.0745001,0.043336827,12.123124,11623.027,0.12660238,13.127362
-0.12523538,0.084620617,0.098456368,19.929615,-2424.4958,-2729.8088,1.112e-05,0.044021871,-2.892354,8.1206179,0.04352342,12.165252,11605.544,0.12748009,13.16266
-0.12860483,0.084582828,0.098412074,19.911436,-2456.8223,-2768.678,1.1136e-05,0.043924768,-2.8878851,8.102706,0.043709729,12.207293,11587.537,0.12694174,13.1979
-0.13197355,0.084544502,0.098367155,19.893084,-2490.0173,-2807.5293,1.1152e-05,0.044452522,-2.8833172,8.2000589,0.043895748,12.249246,11569.134,0.12777184,13.233084
-0.13534155,0.084505662,0.098321609,19.874563,-2523.2212,-2846.363,1.1168e-05,0.044641182,-2.8791692,8.2348614,0.044081483,12.291111,11552.422,0.1282638,13.26821
-0.13870879,0.084466286,0.098275445,19.855869,-2557.1597,-2885.179,1.1184e-05,0.045467954,-2.874896,8.3873739,0.04426695,12.332887,11535.204,0.12792626,13.30328
-0.14207526,0.084426373,0.098228663,19.837008,-2589.2971,-2923.9766,1.12e-05,0.044863444,-2.8705001,8.2758608,0.044452135,12.374574,11517.493,0.12739463,13.338292
-0.14544094,0.084385931,0.098181255,19.817972,-2621.5054,-2962.7556,1.1216e-05,0.045218568,-2.8660052,8.3413696,0.044637036,12.41617,11499.384,0.12785608,13.373246
-0.14880581,0.084344976,0.098133236,19.798769,-2653.2856,-3001.5161,1.1232e-05,0.045646749,-2.8613598,8.4203558,0.044821639,12.457676,11480.668,0.12842678,13.408143
-0.15216987,0.084303506,0.098084591,19.779394,-2687.3411,-3040.2573,1.1248e-05,0.045987386,-2.8569224,8.4831924,0.045005951,12.49909,11462.788,0.12832484,13.442982
-0.15553309,0.084261507,0.098035328,19.75985,-2721.4109,-3078.9797,1.1264e-05,0.04610052,-2.8527348,8.5040617,0.045189984,12.540412,11445.917,0.12899503,13.477763
-0.15889548,0.084218971,0.097985439,19.740133,-2754.2002,-3117.6824,1.128e-05,0.046746649,-2.8485129,8.6232519,0.045373749,12.581641,11428.907,0.12906522,13.512486
-0.16225699,0.084175892,0.097934939,19.720247,-2787.9329,-3156.3655,1.1296e-05,0.046536412,-2.8439765,8.5844698,0.045557231,12.622778,11410.63,0.12866116,13.547151
-0.16561761,0.084132284,0.097883821,19.700193,-2821.1106,-3195.0286,1.1312e-05,0.046818785,-2.8399832,8.6365585,0.045740437,12.663819,11394.541,0.12952422,13.581757
-0.16897736,0.084088139,0.097832084,19.679968,-2854.6455,-3233.6716,1.1328e-05,0.046587583,-2.8355854,8.5939093,0.045923371,12.704767,11376.822,0.1296176,13.616303
-0.17233621,0.084043466,0.097779721,19.659573,-2890.1689,-3272.2942,1.1344e-05,0.047018852,-2.8311601,8.6734648,0.046106022,12.74562,11358.992,0.13018402,13.650791
-0.17569411,0.083998233,0.097726747,19.639008,-2924.4473,-3310.896,1.136e-05,0.04742299,-2.8267784,8.7480154,0.04628839,12.786377,11341.338,0.13015045,13.685221
-0.1790511,0.083952442,0.097673155,19.618273,-2957.616,-3349.4771,1.1376e-05,0.047814183,-2.8224208,8.8201771,0.046470474,12.827038,11323.781,0.13066073,13.719591
-0.18240713,0.083906122,0.097618952,19.59737,-2991.3833,-3388.0369,1.1392e-05,0.047875218,-2.8181169,8.8314371,0.04665228,12.867602,11306.441,0.13074556,13.753901
-0.1857622,0.083859257,0.097564124,19.576296,-3024.7163,-3426.5752,1.1408e-05,0.048163142,-2.813678,8.8845491,0.046833806,12.90807,11288.557,0.13024567,13.788152
-0.1891163,0.083811857,0.097508684,19.555054,-3057.4795,-3465.092,1.1424e-05,0.048134163,-2.8092675,8.8792038,0.047015045,12.948439,11270.787,0.13035128,13.822343
-0.1924694,0.083763927,0.097452626,19.533642,-3090.9919,-3503.5869,1.144e-05,0.048325289,-2.8046262,8.9144602,0.04719599,12.988709,11252.088,0.13077548,13.856474
-0.19582151,0.083715469,0.097395949,19.51206,-3123.1326,-3542.0596,1.1456e-05,0.048579302,-2.8003161,8.9613171,0.047376651,13.028882,11234.722,0.13168004,13.890545
-0.1991726,0.083666489,0.097338662,19.490309,-3157.1365,-3580.51,1.1472e-05,0.048809271,-2.7955987,9.0037394,0.047557019,13.068955,11215.715,0.1309122,13.924556
-0.20252268,0.083616972,0.097280763,19.46839,-3192.2188,-3618.9377,1.1488e-05,0.049095649,-2.7908478,9.0565672,0.047737081,13.108929,11196.574,0.13217932,13.958506
-0.2058717,0.083566904,0.097222239,19.446301,-3226.3142,-3657.3425,1.1504e-05,0.049466804,-2.7862806,9.1250334,0.047916844,13.148802,11178.173,0.13188085,13.992395
-0.20921969,0.083516285,0.097163111,19.424044,-3261.1731,-3695.7244,1.152e-05,0.049305581,-2.7817464,9.0952921,0.04809631,13.188575,11159.904,0.13210058,14.026224
-0.21256661,0.083465114,0.097103365,19.401617,-3296.1541,-3734.0828,1.1536e-05,0.049552504,-2.7769535,9.1408415,0.048275482,13.228247,11140.593,0.13193701,14.059991
-0.21591248,0.083413385,0.097043008,19.379023,-3329.8521,-3772.4177,1.1552e-05,0.050167806,-2.7724464,9.2543449,0.048454348,13.267817,11122.435,0.13242836,14.093698
-0.21925725,0.083361104,0.096982032,19.356258,-3362.6023,-3810.7288,1.1568e-05,0.050085191,-2.7675593,9.2391052,0.048632916,13.307285,11102.744,0.13269632,14.127342
-0.22260092,0.083308294,0.096920453,19.333326,-3395.1038,-3849.0156,1.1584e-05,0.050180446,-2.7625825,9.2566767,0.048811164,13.346651,11082.693,0.13273354,14.160925
-0.22594351,0.083254963,0.096858256,19.310225,-3427.8416,-3887.2783,1.16e-05,0.050294504,-2.7576764,9.2777166,0.048989091,13.385915,11062.926,0.13335185,14.194446
-0.22928496,0.08320111,0.096795447,19.286957,-3459.7878,-3925.5164,1.1616e-05,0.050897475,-2.752744,9.3889456,0.049166705,13.425076,11043.053,0.13293618,14.227904
-0.23262529,0.083146743,0.096732028,19.263517,-3492.9229,-3963.7297,1.1632e-05,0.050767388,-2.7479668,9.3649483,0.049344003,13.464132,11023.806,0.13321818,14.261301
-0.23596449,0.083091848,0.096667998,19.239912,-3525.6409,-4001.918,1.1648e-05,0.051100008,-2.7433891,9.4263067,0.049521003,13.503086,11005.362,0.13335063,14.294635
-0.23930256,0.08303643,0.096603349,19.216137,-3558.1306,-4040.0808,1.1664e-05,0.051561486,-2.738709,9.5114346,0.049697701,13.541935,10986.506,0.13347086,14.327907
-0.24263945,0.082980491,0.096538104,19.192194,-3591.7737,-4078.2183,1.168e-05,0.051650882,-2.7339044,9.5279255,0.049874093,13.58068,10967.148,0.1334727,14.361115
-0.2459752,0.082924023,0.096472241,19.168083,-3625.8508,-4116.3301,1.1696e-05,0.051872835,-2.7288644,9.5688686,0.050050169,13.61932,10946.842,0.13417341,14.39426
-0.24930975,0.082867004,0.096405767,19.143805,-3659.7141,-4154.4155,1.1712e-05,0.051979803,-2.7237117,9.5886002,0.050225917,13.657855,10926.082,0.13441512,14.427342
-0.25264314,0.082809448,0.096338689,19.119358,-3693.7744,-4192.4751,1.1728e-05,0.052324448,-2.7189615,9.6521759,0.050401349,13.696284,10906.943,0.13374493,14.460361
-0.25597531,0.082751356,0.096271001,19.094744,-3726.8484,-4230.5083,1.1744e-05,0.052198365,-2.7140212,9.6289177,0.050576463,13.734609,10887.038,0.13398786,14.493315
-0.25930628,0.08269272,0.096202701,19.06996,-3760.4692,-4268.5146,1.176e-05,0.052421242,-2.7091074,9.6700315,0.050751261,13.772827,10867.241,0.13479842,14.526206
-0.26263607,0.082633547,0.096133798,19.04501,-3794.9302,-4306.4937,1.1776e-05,0.052829698,-2.7040639,9.7453785,0.050925739,13.81094,10846.921,0.13518967,14.559032
-0.2659646,0.082573831,0.096064292,19.019892,-3827.6631,-4344.4458,1.1792e-05,0.052799795,-2.69909,9.7398624,0.051099896,13.848946,10826.881,0.13501206,14.591795
-0.26929191,0.082513578,0.095994167,18.994604,-3860.6128,-4382.3706,1.1808e-05,0.053670961,-2.6940248,9.9005642,0.051273726,13.886845,10806.473,0.13489486,14.624492
-0.27261797,0.082452804,0.095923446,18.969151,-3895.1091,-4420.2676,1.1824e-05,0.053545803,-2.6888978,9.8774776,0.051447228,13.924637,10785.816,0.13515671,14.657125
-0.27594277,0.082391486,0.095852114,18.943529,-3928.2385,-4458.1362,1.184e-05,0.053448085,-2.6840565,9.8594513,0.051620409,13.962322,10766.311,0.13538133,14.689692
-0.27926633,0.082329631,0.095780179,18.91774,-3961.1562,-4495.9775,1.1856e-05,0.054014679,-2.6793349,9.9639692,0.051793285,13.9999,10747.287,0.13647634,14.722195
-0.2825886,0.082267247,0.09570764,18.891783,-3994.3828,-4533.79,1.1872e-05,0.054100685,-2.6742375,9.9798355,0.05196584,14.037371,10726.75,0.136115,14.754632
-0.28590959,0.082204334,0.09563449,18.865658,-4027.3911,-4571.5737,1.1888e-05,0.054306917,-2.6689997,10.017879,0.052138064,14.074734,10705.646,0.13605335,14.787003
-0.2892293,0.082140885,0.095560744,18.839367,-4060.4922,-4609.3286,1.1904e-05,0.054263145,-2.6640277,10.009803,0.05230996,14.111989,10685.615,0.13560839,14.819308
-0.29254767,0.082076915,0.095486388,18.812908,-4092.6155,-4647.0547,1.192e-05,0.054486331,-2.6589947,10.050974,0.052481532,14.149137,10665.336,0.13576464,14.851547
-0.29586476,0.082012415,0.095411435,18.786282,-4125.7383,-4684.751,1.1936e-05,0.054435465,-2.6536651,10.041591,0.052652769,14.186175,10643.863,0.1374688,14.88372
-0.29918051,0.081947401,0.095335878,18.759487,-4159.7837,-4722.418,1.1952e-05,0.05479398,-2.6485984,10.107725,0.05282367,14.223106,10623.45,0.13640858,14.915826
-0.30249488,0.081881844,0.095259719,18.732527,-4192.7861,-4760.0552,1.1968e-05,0.055520568,-2.643568,10.241757,0.052994248,14.25993,10603.183,0.13691764,14.947865
-0.30580795,0.081815757,0.095182955,18.705399,-4224.811,-4797.6621,1.1984e-05,0.055287518,-2.6383946,10.198767,0.053164497,14.296643,10582.338,0.13713676,14.979837
-0.30911961,0.081749149,0.095105588,18.678102,-4255.7109,-4835.2388,1.2e-05,0.055976804,-2.6332698,10.325918,0.053334415,14.333249,10561.69,0.13773003,15.011743
-0.3124299,0.081682034,0.095027626,18.65064,-4287.5664,-4872.7847,1.2016e-05,0.05593827,-2.6279728,10.31881,0.053503994,14.369746,10540.349,0.13723259,15.04358
-0.31573883,0.08161442,0.094949059,18.623011,-4320.2188,-4910.3003,1.2032e-05,0.055876926,-2.6229024,10.307494,0.053673241,14.406135,10519.92,0.13772453,15.07535
-0.31904632,0.081546284,0.094869897,18.595215,-4354.2524,-4947.7847,1.2048e-05,0.056268118,-2.6178172,10.379656,0.053842161,14.442415,10499.432,0.13774468,15.107051
-0.32235238,0.08147762,0.094790131,18.567251,-4385.9941,-4985.2378,1.2064e-05,0.056566522,-2.6126826,10.434702,0.054010749,14.478586,10478.744,0.13769037,15.138684
-0.32565701,0.081408426,0.094709769,18.53912,-4417.4346,-5022.6592,1.208e-05,0.056619544,-2.6072524,10.444483,0.054179002,14.514647,10456.866,0.13846309,15.17025
-0.32896018,0.081338733,0.094628803,18.510822,-4450.9292,-5060.0493,1.2096e-05,0.057179663,-2.6017475,10.547808,0.054346897,14.550601,10434.687,0.1382989,15.201746
-0.33226189,0.081268512,0.094547249,18.482359,-4481.9824,-5097.4072,1.2112e-05,0.056856908,-2.5964849,10.488269,0.054514445,14.586446,10413.483,0.13834162,15.233173
-0.33556208,0.081197783,0.094465092,18.453728,-4514.6743,-5134.7329,1.2128e-05,0.057023682,-2.5910852,10.519033,0.054681651,14.622181,10391.729,0.13855343,15.264531
-0.33886078,0.081126541,0.094382338,18.424931,-4546.7139,-5172.0264,1.2144e-05,0.057387747,-2.585773,10.586192,0.054848514,14.657807,10370.325,0.13907163,15.29582
-0.34215796,0.081054777,0.094298989,18.395966,-4578.8955,-5209.2871,1.216e-05,0.05762573,-2.5804563,10.630092,0.055015031,14.693325,10348.904,0.13909543,15.327039
-0.34545356,0.080982506,0.094215043,18.366835,-4610.5674,-5246.5146,1.2176e-05,0.057600759,-2.5750754,10.625485,0.055181205,14.728734,10327.225,0.13869259,15.358189
-0.34874761,0.080909722,0.094130509,18.337538,-4642.6934,-5283.709,1.2192e-05,0.057925671,-2.5694358,10.685422,0.055347025,14.764034,10304.503,0.13894895,15.389267
-0.35204005,0.080836423,0.094045371,18.308075,-4675.4795,-5320.8706,1.2208e-05,0.058216371,-2.5636024,10.739046,0.055512473,14.799226,10281,0.13960387,15.420276
-0.35533088,0.08076261,0.093959644,18.278444,-4708.8037,-5357.998,1.2224e-05,0.058355398,-2.5579474,10.764692,0.055677552,14.834308,10258.216,0.13910642,15.451214
-0.35862005,0.080688268,0.093873322,18.248648,-4741.2129,-5395.0918,1.224e-05,0.058822732,-2.55229,10.850901,0.055842265,14.869282,10235.422,0.13991882,15.482081
-0.36190757,0.080613397,0.093786411,18.218685,-4772.9941,-5432.1514,1.2256e-05,0.058668599,-2.5465872,10.822468,0.05600661,14.904147,10212.446,0.14029725,15.512877
-0.3651934,0.080538012,0.093698904,18.188555,-4805.6382,-5469.1768,1.2272e-05,0.058915213,-2.5408645,10.86796,0.05617059,14.938904,10189.389,0.13952819,15.543602
-0.36847746,0.080462113,0.093610801,18.15826,-4837.8135,-5506.1675,1.2288e-05,0.059141174,-2.5349507,10.909642,0.056334194,14.973552,10165.562,0.14017946,15.574256
-0.37175983,0.080385692,0.093522109,18.127798,-4869.2305,-5543.1235,1.2304e-05,0.059423853,-2.5294919,10.961788,0.056497432,15.008091,10143.568,0.14063844,15.604837
-0.37504038,0.080308773,0.093432829,18.097172,-4900.3311,-5580.0449,1.232e-05,0.059377924,-2.5238266,10.953315,0.056660309,15.042522,10120.743,0.14026551,15.635346
-0.37831911,0.080231346,0.09334296,18.066378,-4932.4478,-5616.9307,1.2336e-05,0.059766956,-2.5182407,11.02508,0.056822825,15.076846,10098.237,0.14057192,15.665783
-0.38159603,0.080153413,0.093252502,18.035418,-4963.9453,-5653.7808,1.2352e-05,0.059776206,-2.5124605,11.026786,0.056984976,15.111062,10074.949,0.1413013,15.696148
-0.38487107,0.080074973,0.093161449,18.004292,-4996.1777,-5690.5952,1.2368e-05,0.05988194,-2.5063,11.04629,0.057146743,15.145169,10050.128,0.14180975,15.726439
-0.38814417,0.079996027,0.093069814,17.973001,-5027.6782,-5727.374,1.2384e-05,0.06033941,-2.5004597,11.130679,0.057308119,15.179169,10026.598,0.1410712,15.756658
-0.39141533,0.079916567,0.092977583,17.941544,-5058.627,-5764.1167,1.24e-05,0.060510807,-2.4948816,11.162296,0.05746913,15.213061,10004.124,0.14106998,15.786803
-0.39468449,0.079836607,0.092884772,17.909922,-5089.4912,-5800.8228,1.2416e-05,0.060644902,-2.4890919,11.187033,0.057629775,15.246846,9980.7969,0.14165899,15.816875
-0.39795163,0.079756156,0.092791371,17.878134,-5120.8486,-5837.4922,1.2432e-05,0.061000027,-2.4834645,11.252542,0.057790048,15.280523,9958.124,0.14178899,15.846872
-0.40121672,0.079675205,0.092697389,17.84618,-5151.5278,-5874.1245,1.2448e-05,0.060755569,-2.4778209,11.207447,0.057949964,15.314094,9935.3857,0.14187017,15.876797
-0.40447971,0.079593755,0.092602812,17.81406,-5183.0601,-5910.7202,1.2464e-05,0.061083261,-2.4719517,11.267895,0.058109503,15.347557,9911.7393,0.14121892,15.906646
-0.40774053,0.079511806,0.09250766,17.781776,-5215.3271,-5947.2783,1.248e-05,0.061501272,-2.4659038,11.345005,0.058268663,15.380914,9887.3711,0.14190252,15.936421
-0.41099915,0.079429351,0.09241192,17.749327,-5245.8955,-5983.7988,1.2496e-05,0.061749425,-2.460119,11.390781,0.058427438,15.414164,9864.0645,0.14299692,15.966122
-0.41425556,0.079346396,0.092315592,17.716711,-5277.2627,-6020.2812,1.2512e-05,0.061525006,-2.4546781,11.349383,0.058585852,15.447308,9842.1426,0.14284982,15.995747
-0.41750968,0.079262942,0.092218682,17.683931,-5309.1885,-6056.7261,1.2528e-05,0.061796591,-2.4490929,11.399482,0.058743909,15.480345,9819.6406,0.14236458,16.025297
-0.42076147,0.079178981,0.092121191,17.650988,-5341.4067,-6093.1328,1.2544e-05,0.06219025,-2.4431224,11.472099,0.058901597,15.513277,9795.585,0.14266182,16.054771
-0.42401087,0.079094507,0.092023119,17.617878,-5374.8486,-6129.5005,1.256e-05,0.062349007,-2.4372318,11.501385,0.059058901,15.546103,9771.8516,0.14227729,16.084169
-0.42725784,0.079009511,0.091924466,17.584602,-5405.9614,-6165.8301,1.2576e-05,0.06295722,-2.4313817,11.613581,0.059215825,15.578823,9748.2822,0.14320993,16.113491
-0.43050236,0.078923993,0.091825232,17.551165,-5437.3003,-6202.1201,1.2592e-05,0.062993906,-2.4255099,11.620347,0.059372373,15.611438,9724.625,0.14323191,16.142738
-0.43374434,0.078837976,0.091725424,17.517561,-5467.2666,-6238.3711,1.2608e-05,0.062627062,-2.4196577,11.552677,0.059528545,15.643949,9701.0459,0.14303903,16.171907
-0.43698373,0.078751475,0.091625027,17.483791,-5498.7339,-6274.583,1.2624e-05,0.062863506,-2.4139032,11.596293,0.05968434,15.676353,9677.8604,0.14371043,16.201
-0.44022048,0.078664474,0.091524057,17.44986,-5528.8833,-6310.7554,1.264e-05,0.06334009,-2.4084134,11.684207,0.05983977,15.708654,9655.7422,0.14357005,16.230017
-0.44345456,0.078576989,0.091422506,17.415764,-5558.6704,-6346.8872,1.2656e-05,0.063566357,-2.4024,11.725946,0.059994835,15.740851,9631.5137,0.14414442,16.258955
-0.44668588,0.07848902,0.091320373,17.381502,-5588.542,-6382.9795,1.2672e-05,0.063621536,-2.3963106,11.736125,0.060149506,15.772944,9606.9805,0.1434547,16.287815
-0.44991443,0.078400575,0.091217674,17.347078,-5619.4858,-6419.0312,1.2688e-05,0.063870922,-2.3904848,11.782129,0.060303796,15.804933,9583.5078,0.14419141,16.316599
-0.45314011,0.078311644,0.091114394,17.31249,-5650.1509,-6455.0425,1.2704e-05,0.063708775,-2.3846118,11.752218,0.060457706,15.836819,9559.8457,0.14475173,16.345304
-0.4563629,0.078222223,0.091010533,17.277739,-5680.6602,-6491.0132,1.272e-05,0.064125553,-2.3785279,11.829101,0.060611233,15.868601,9535.333,0.1449739,16.37393
-0.45958272,0.078132309,0.090906106,17.242823,-5712.1035,-6526.9429,1.2736e-05,0.064369701,-2.3726704,11.874138,0.060764372,15.90028,9511.7334,0.14458022,16.402479
-0.46279949,0.078041896,0.090801097,17.207745,-5743.0977,-6562.8311,1.2752e-05,0.064374946,-2.3666279,11.875105,0.060917132,15.931856,9487.3887,0.14434095,16.430948
-0.46601322,0.077950984,0.090695515,17.172503,-5772.7495,-6598.6777,1.2768e-05,0.064984389,-2.3604534,11.987528,0.061069496,15.963331,9462.5107,0.14595905,16.459339
-0.4692238,0.077859588,0.090589367,17.137098,-5802.2437,-6634.4829,1.2784e-05,0.06476213,-2.354521,11.946527,0.061221469,15.994703,9438.6094,0.1454152,16.48765
-0.47243118,0.077767722,0.090482645,17.10153,-5832.6123,-6670.2461,1.28e-05,0.065308377,-2.3482852,12.047294,0.061373048,16.025974,9413.4854,0.14483657,16.515882
-0.47563535,0.07767538,0.090375349,17.0658,-5863.5552,-6705.9673,1.2816e-05,0.065515839,-2.3419144,12.085564,0.061524224,16.057142,9387.8174,0.14545061,16.544033
-0.47883618,0.077582538,0.090267479,17.029907,-5894.0645,-6741.646,1.2832e-05,0.065436617,-2.335742,12.07095,0.061674993,16.088211,9362.9482,0.14575823,16.572105
-0.48203367,0.077489212,0.090159044,16.993853,-5924.7192,-6777.2822,1.2848e-05,0.065803766,-2.3297462,12.138677,0.061825372,16.119177,9338.792,0.14586687,16.600098
-0.48522773,0.077395394,0.090050042,16.957634,-5954.3564,-6812.8755,1.2864e-05,0.065664425,-2.3241365,12.112973,0.061975379,16.150043,9316.1895,0.14630696,16.628008
-0.48841834,0.077301092,0.089940466,16.921255,-5984.3047,-6848.4258,1.288e-05,0.065935083,-2.3179457,12.162901,0.062125001,16.180811,9291.2471,0.14601642,16.65584
-0.49160543,0.077206321,0.089830317,16.884714,-6013.6885,-6883.9331,1.2896e-05,0.066158272,-2.3117478,12.204071,0.062274225,16.211477,9266.2754,0.14625141,16.683588
-0.49478894,0.077111065,0.089719608,16.848013,-6042.9336,-6919.3965,1.2912e-05,0.066251062,-2.3054867,12.221188,0.062423047,16.242043,9241.0488,0.14635944,16.711256
-0.49796882,0.077015348,0.089608334,16.811148,-6073.27,-6954.8164,1.2928e-05,0.066272333,-2.2991629,12.225112,0.062571466,16.272511,9215.5713,0.1464919,16.738844
-0.50114501,0.076919153,0.089496486,16.774124,-6104.1216,-6990.1924,1.2944e-05,0.066755384,-2.293011,12.314219,0.062719479,16.302879,9190.7842,0.14711875,16.766348
-0.50431746,0.076822467,0.089384079,16.736938,-6135.4668,-7025.5239,1.296e-05,0.066117272,-2.2867198,12.196508,0.062867098,16.333149,9165.4375,0.14678487,16.793772
-0.50748616,0.076725282,0.089271106,16.699593,-6167.0674,-7060.8115,1.2976e-05,0.066905208,-2.2805412,12.341857,0.063014306,16.363319,9140.5439,0.14782372,16.821112
-0.51065105,0.07662759,0.089157574,16.662085,-6197.6831,-7096.0542,1.2992e-05,0.067079991,-2.2742133,12.3741,0.06316112,16.393393,9115.0488,0.14649434,16.848372
-0.51381201,0.076529406,0.089043468,16.624418,-6228.8521,-7131.2524,1.3008e-05,0.067120686,-2.2680538,12.381605,0.063307524,16.423368,9090.2324,0.14752038,16.875547
-0.51696908,0.076430723,0.088928811,16.586592,-6259.0483,-7166.4053,1.3024e-05,0.067248926,-2.2618835,12.405262,0.063453533,16.453247,9065.3721,0.14771141,16.902639
-0.52012217,0.076331556,0.088813581,16.548605,-6289.2339,-7201.5127,1.304e-05,0.067813359,-2.2558126,12.509382,0.063599147,16.483028,9040.9121,0.14801782,16.929649
-0.52327126,0.076231904,0.088697799,16.510458,-6319.3413,-7236.5752,1.3056e-05,0.067911699,-2.2496257,12.527522,0.063744366,16.512712,9015.9844,0.14726402,16.956575
-0.5264163,0.076131761,0.08858145,16.472155,-6350.627,-7271.5913,1.3072e-05,0.068104677,-2.243746,12.56312,0.063889198,16.542301,8992.2959,0.14843898,16.983418
-0.52955723,0.076031134,0.088464551,16.433691,-6382.3325,-7306.562,1.3088e-05,0.06775263,-2.2374358,12.498179,0.064033635,16.571795,8966.8721,0.14752464,17.010178
-0.53269404,0.075930007,0.088347085,16.395067,-6412.9746,-7341.4863,1.3104e-05,0.068608075,-2.2314711,12.655981,0.064177677,16.601191,8942.8398,0.14796899,17.036852
-0.53582668,0.075828373,0.08822906,16.356287,-6443.6016,-7376.3643,1.312e-05,0.068767756,-2.225323,12.685438,0.064321332,16.630491,8918.0693,0.14860865,17.063442
-0.53895509,0.075726256,0.088110484,16.317348,-6473.8145,-7411.1958,1.3136e-05,0.068447158,-2.2190287,12.626298,0.064464577,16.659697,8892.71,0.14807214,17.089947
-0.54207927,0.075623646,0.087991349,16.278254,-6504.6211,-7445.9805,1.3152e-05,0.068515599,-2.2126806,12.638922,0.064607427,16.688808,8867.1328,0.14921781,17.116369
-0.54519922,0.075520553,0.087871656,16.238998,-6534.0811,-7480.7183,1.3168e-05,0.068791807,-2.2066123,12.689874,0.064749867,16.717825,8842.6836,0.14816736,17.142704
-0.54831481,0.075416975,0.087751411,16.199589,-6563.5615,-7515.4082,1.3184e-05,0.069248043,-2.2006874,12.774035,0.064891919,16.746748,8818.8125,0.14891812,17.168955
-0.55142605,0.075312927,0.087630607,16.160021,-6592.3037,-7550.0513,1.32e-05,0.069102846,-2.1945529,12.747251,0.065033592,16.775576,8794.0967,0.14865993,17.19512
-0.55453295,0.075208418,0.087509252,16.120298,-6622.8042,-7584.6465,1.3216e-05,0.069413885,-2.1884801,12.804627,0.065174863,16.804312,8769.6289,0.14947782,17.221201
-0.55763543,0.075103424,0.087387346,16.08042,-6652.042,-7619.1938,1.3232e-05,0.069653414,-2.1825104,12.848812,0.065315753,16.832954,8745.5771,0.14985625,17.247194
-0.5607335,0.074997962,0.087264888,16.040384,-6682.1035,-7653.6929,1.3248e-05,0.069402173,-2.1762292,12.802467,0.065456241,16.861504,8720.2705,0.14941679,17.273102
-0.56382716,0.074892022,0.087141879,16.000195,-6711.3315,-7688.1436,1.3264e-05,0.069532573,-2.1696298,12.826521,0.06559632,16.889959,8693.6807,0.1499936,17.298922
-0.56691629,0.074785605,0.087018311,15.959848,-6741.292,-7722.5459,1.328e-05,0.069879375,-2.163353,12.890494,0.065735981,16.918324,8668.3916,0.14966704,17.324657
-0.57000095,0.074678719,0.086894207,15.919349,-6770.4458,-7756.8994,1.3296e-05,0.06996014,-2.1570041,12.905394,0.065875232,16.946596,8642.8115,0.15021881,17.350304
-0.57308108,0.074571356,0.086769544,15.878695,-6800.5869,-7791.2036,1.3312e-05,0.070683949,-2.1508958,13.038914,0.066014089,16.974777,8618.2021,0.14982451,17.375866
-0.57615674,0.074463524,0.086644337,15.837888,-6829.373,-7825.459,1.3328e-05,0.070712313,-2.1443529,13.044146,0.066152528,17.002869,8591.8398,0.15017243,17.401339
-0.57922775,0.074355215,0.086518586,15.796927,-6857.8853,-7859.6646,1.3344e-05,0.07059209,-2.1379735,13.021968,0.066290557,17.030867,8566.1367,0.15057161,17.426723
-0.58229423,0.074246451,0.086392283,15.755815,-6886.999,-7893.8208,1.336e-05,0.070912994,-2.1315103,13.081164,0.06642817,17.058775,8540.0967,0.15081088,17.452023
-0.58535618,0.074137233,0.086265437,15.714548,-6914.75,-7927.9272,1.3376e-05,0.070941664,-2.125195,13.086453,0.066565372,17.086592,8514.6533,0.15092929,17.477232
-0.58841348,0.074027553,0.08613804,15.67313,-6943.439,-7961.9834,1.3392e-05,0.070876621,-2.1186285,13.074454,0.066702165,17.114321,8488.1963,0.1499411,17.502356
-0.59146613,0.073917419,0.086010106,15.631561,-6970.5005,-7995.9893,1.3408e-05,0.071512267,-2.1124287,13.191711,0.06683854,17.141958,8463.2168,0.15038972,17.52739
-0.59451419,0.073806845,0.085881628,15.589841,-6998.9062,-8029.9448,1.3424e-05,0.071626939,-2.1058142,13.212865,0.066974498,17.169506,8436.5674,0.15069674,17.552334
-0.5975576,0.073695824,0.085752606,15.54797,-7025.4224,-8063.8496,1.344e-05,0.072053581,-2.0990946,13.291567,0.067110032,17.196964,8409.4941,0.15134801,17.57719
-0.60059637,0.073584363,0.085623041,15.505948,-7053.5015,-8097.7031,1.3456e-05,0.071943536,-2.0923471,13.271266,0.067245133,17.224335,8382.3086,0.15088412,17.601957
-0.60363048,0.07347247,0.085492939,15.463778,-7080.9805,-8131.5059,1.3472e-05,0.072103217,-2.0858731,13.300722,0.067379802,17.251616,8356.2246,0.15080844,17.626637
-0.60665995,0.07336013,0.085362293,15.421457,-7109.9185,-8165.2568,1.3488e-05,0.071930587,-2.0789261,13.268878,0.067514047,17.278809,8328.2344,0.15170568,17.651226
-0.60968471,0.073247336,0.08523111,15.378988,-7139.0469,-8198.957,1.3504e-05,0.072112158,-2.0720391,13.302371,0.067647837,17.305914,8300.4873,0.15207556,17.675726
-0.61270475,0.07313408,0.085099392,15.336371,-7167.9736,-8232.6045,1.352e-05,0.072423503,-2.0652266,13.359805,0.067781195,17.33293,8273.0391,0.15206763,17.700134
-0.61572015,0.073020354,0.084967129,15.293607,-7197.4087,-8266.2002,1.3536e-05,0.072904095,-2.05861,13.448459,0.067914113,17.359859,8246.3809,0.15214576,17.724455
-0.61873084,0.072906166,0.08483433,15.250695,-7225.2769,-8299.7441,1.3552e-05,0.072615556,-2.0517783,13.395233,0.0680466,17.3867,8218.8564,0.15175451,17.748684
-0.62173682,0.072791517,0.084701002,15.207637,-7252.7549,-8333.2354,1.3568e-05,0.072813153,-2.0448129,13.431684,0.068178639,17.413454,8190.792,0.15269814,17.772823
-0.6247381,0.072676428,0.084567137,15.164433,-7280.7163,-8366.6738,1.3584e-05,0.073039114,-2.0378935,13.473366,0.068310231,17.440123,8162.9141,0.1525785,17.796871
-0.62773472,0.072560899,0.084432736,15.121083,-7308.229,-8400.0596,1.36e-05,0.073106013,-2.0307903,13.485705,0.068441376,17.466703,8134.2959,0.15214209,17.820829
-0.63072658,0.072444923,0.084297799,15.077588,-7334.3643,-8433.3926,1.3616e-05,0.07322038,-2.0238583,13.506803,0.068572067,17.493196,8106.3657,0.1528196,17.844696
-0.63371372,0.072328515,0.084162332,15.03395,-7361.4067,-8466.6719,1.3632e-05,0.073391162,-2.0171669,13.538306,0.068702318,17.519604,8079.4062,0.15265481,17.868473
-0.63669616,0.07221169,0.084026329,14.990167,-7389.5435,-8499.8975,1.3648e-05,0.07364548,-2.0103002,13.58522,0.068832129,17.545925,8051.7407,0.15288125,17.892157
-0.63967389,0.072094418,0.083889805,14.946241,-7416.8228,-8533.0703,1.3664e-05,0.073820882,-2.0035965,13.617577,0.068961509,17.572163,8024.731,0.15308267,17.915751
-0.64264685,0.071976699,0.083752744,14.902173,-7444.022,-8566.1885,1.368e-05,0.073934019,-1.9966879,13.638447,0.069090441,17.598312,7996.8965,0.15292154,17.939251
-0.64561516,0.071858548,0.083615154,14.857963,-7472.2896,-8599.2529,1.3696e-05,0.073960841,-1.9895991,13.643394,0.069218926,17.624376,7968.3359,0.15348308,17.96266
-0.6485787,0.071739949,0.083477043,14.813612,-7501.5381,-8632.2627,1.3712e-05,0.073881306,-1.9826676,13.628722,0.069346964,17.650356,7940.4082,0.15308817,17.985977
-0.65153754,0.071620896,0.083338395,14.769119,-7530.4028,-8665.2178,1.3728e-05,0.074440807,-1.9756382,13.731934,0.069474548,17.67625,7912.0869,0.15375164,18.009203
-0.65449166,0.071501374,0.083199225,14.724487,-7559.4292,-8698.1191,1.3744e-05,0.074001834,-1.9689199,13.650957,0.069601692,17.702059,7885.019,0.15360515,18.032335
-0.65744102,0.07138139,0.083059527,14.679716,-7587.5864,-8730.9648,1.376e-05,0.074687734,-1.9617347,13.777482,0.069728382,17.727783,7856.0693,0.15313944,18.055374
-0.66038573,0.071260951,0.082919307,14.634807,-7616.481,-8763.7549,1.3776e-05,0.074568436,-1.9548854,13.755476,0.069854625,17.753424,7828.4736,0.15368266,18.078321
-0.66332567,0.071140051,0.082778566,14.589759,-7644.0591,-8796.4902,1.3792e-05,0.075072758,-1.9478068,13.848508,0.069980413,17.778978,7799.9541,0.154055,18.101175
-0.6662609,0.071018703,0.082637303,14.544574,-7673.0596,-8829.1699,1.3808e-05,0.074909374,-1.9406717,13.818369,0.070105746,17.804451,7771.2065,0.15385723,18.123936
-0.66919142,0.070896901,0.082495511,14.499252,-7701.6206,-8861.7939,1.3824e-05,0.0750928,-1.9336405,13.852203,0.070230626,17.829838,7742.8779,0.15419964,18.146605
-0.67211717,0.070774637,0.082353204,14.453794,-7729.9526,-8894.3613,1.384e-05,0.075212099,-1.9266605,13.87421,0.07035505,17.855141,7714.7559,0.15420514,18.169178
-0.67503828,0.070651919,0.082210369,14.408202,-7758.2861,-8926.873,1.3856e-05,0.075386882,-1.919533,13.906453,0.07047902,17.880358,7686.0391,0.1546849,18.191658
-0.67795461,0.070528746,0.08206702,14.362475,-7787.4907,-8959.3291,1.3872e-05,0.075738311,-1.9127926,13.97128,0.070602544,17.905493,7658.8813,0.15474838,18.214045
-0.6808663,0.070405111,0.081923157,14.316614,-7816.4561,-8991.7275,1.3888e-05,0.07564953,-1.90544,13.954903,0.070725612,17.930544,7629.2578,0.15434919,18.236338
-0.68377322,0.070281014,0.081778765,14.27062,-7843.4185,-9024.0693,1.3904e-05,0.075858228,-1.8985517,13.993401,0.070848227,17.955513,7601.5049,0.15469466,18.258535
-0.68667543,0.07015647,0.081633866,14.224495,-7871.2319,-9056.3545,1.392e-05,0.076215819,-1.8914843,14.059364,0.070970386,17.980396,7573.0298,0.15471908,18.28064
-0.68957293,0.070031494,0.081488445,14.178238,-7898.1479,-9088.582,1.3936e-05,0.076194547,-1.8841777,14.055441,0.071092084,18.005198,7543.5918,0.15438154,18.302649
-0.69246572,0.069906071,0.081342518,14.13185,-7926.7075,-9120.7529,1.3952e-05,0.076151699,-1.877124,14.047537,0.07121332,18.029915,7515.1724,0.15490708,18.324564
-0.69535381,0.069780208,0.08119607,14.085333,-7953.3105,-9152.8652,1.3968e-05,0.076398313,-1.8701601,14.093029,0.071334101,18.054548,7487.1152,0.15551256,18.346384
-0.69823724,0.069653906,0.081049114,14.038687,-7980.5195,-9184.9199,1.3984e-05,0.076883525,-1.8629514,14.182535,0.071454428,18.079098,7458.0708,0.15557726,18.368109
-0.70111591,0.069527172,0.080901638,13.991912,-8008.1802,-9216.917,1.4e-05,0.0772442,-1.8560011,14.249068,0.071574301,18.103565,7430.0684,0.1552092,18.389738
-0.70398986,0.069399998,0.080753662,13.945009,-8036.0293,-9248.8555,1.4016e-05,0.077035189,-1.8492033,14.210513,0.071693726,18.127951,7402.6802,0.15541063,18.411274
-0.70685911,0.069272377,0.080605164,13.897981,-8063.3452,-9280.7363,1.4032e-05,0.077335134,-1.8423672,14.265843,0.071812712,18.15225,7375.1367,0.15507004,18.432713
-0.70972365,0.069144316,0.080456167,13.850826,-8090.499,-9312.5576,1.4048e-05,0.077291667,-1.835325,14.257825,0.07193125,18.17647,7346.7642,0.15566394,18.454056
-0.71258354,0.069015823,0.080306657,13.803548,-8117.6729,-9344.3203,1.4064e-05,0.076961823,-1.8281742,14.19698,0.072049335,18.200603,7317.9536,0.15627736,18.475304
-0.71543866,0.068886891,0.080156639,13.756145,-8146.272,-9376.0244,1.408e-05,0.077058621,-1.8211136,14.214835,0.072166957,18.224655,7289.5059,0.15620166,18.496456
-0.71828914,0.068757519,0.080006115,13.708618,-8172.6284,-9407.6689,1.4096e-05,0.077748522,-1.8140142,14.3421,0.072284125,18.248623,7260.9023,0.15602283,18.517511
-0.72113484,0.0686277,0.079855092,13.66097,-8198.5449,-9439.2539,1.4112e-05,0.077537358,-1.8069431,14.303147,0.072400838,18.272509,7232.4126,0.15599597,18.538471
-0.7239759,0.068497472,0.079703555,13.613199,-8224.8584,-9470.7793,1.4128e-05,0.077761166,-1.7996933,14.344431,0.072517082,18.29631,7203.2036,0.15639088,18.559336
-0.72681224,0.068366818,0.079551518,13.56531,-8251.502,-9502.2451,1.4144e-05,0.077732183,-1.7924849,14.339086,0.072632872,18.32003,7174.1606,0.15658192,18.580101
-0.72964382,0.06823574,0.079398982,13.5173,-8279.1758,-9533.6504,1.416e-05,0.078202605,-1.7853584,14.425862,0.072748192,18.343666,7145.4482,0.15743889,18.600773
-0.73247075,0.068104237,0.07924594,13.469171,-8305.252,-9564.9961,1.4176e-05,0.078158826,-1.7784945,14.417788,0.072863057,18.367218,7117.7935,0.15726493,18.621346
-0.73529297,0.067972295,0.079092398,13.420924,-8331.4238,-9596.2812,1.4192e-05,0.078283057,-1.7714067,14.440704,0.072977483,18.390688,7089.2363,0.15708914,18.641823
-0.73811048,0.067839943,0.078938365,13.372561,-8357.2793,-9627.5059,1.4208e-05,0.078383863,-1.764329,14.4593,0.073091447,18.414072,7060.7202,0.15744743,18.662201
-0.74092323,0.067707166,0.078783825,13.324082,-8384.2607,-9658.6689,1.4224e-05,0.078809276,-1.7568479,14.537774,0.073204942,18.437374,7030.5786,0.15668812,18.682484
-0.74373132,0.067573972,0.078628786,13.275489,-8410.5537,-9689.7715,1.424e-05,0.078747928,-1.7497842,14.526458,0.073317967,18.460594,7002.1196,0.15782586,18.702669
-0.74653465,0.067440346,0.078473255,13.226781,-8437.6572,-9720.8135,1.4256e-05,0.079238385,-1.742771,14.616931,0.073430538,18.483728,6973.8633,0.15793389,18.722757
-0.74933326,0.067306302,0.078317225,13.177959,-8463.4541,-9751.793,1.4272e-05,0.078847803,-1.7354451,14.544882,0.073542647,18.506779,6944.3467,0.15676016,18.742748
-0.75212717,0.067171827,0.078160703,13.129027,-8490.418,-9782.7119,1.4288e-05,0.079393752,-1.7281467,14.645591,0.073654287,18.529747,6914.9414,0.15765007,18.76264
-0.75491637,0.067036934,0.078003682,13.079984,-8517.2207,-9813.5684,1.4304e-05,0.079015195,-1.7211864,14.57576,0.073765464,18.552629,6886.8984,0.15846492,18.782434
-0.75770086,0.066901609,0.077846177,13.030829,-8542.6465,-9844.3633,1.432e-05,0.079539254,-1.7139394,14.672431,0.073876187,18.575428,6857.7002,0.15749077,18.802132
-0.76048058,0.066765867,0.077688172,12.981566,-8569.1494,-9875.0957,1.4336e-05,0.079475746,-1.7066561,14.660717,0.073986441,18.598143,6828.356,0.15788507,18.82173
-0.7632556,0.066629708,0.077529676,12.932196,-8593.4766,-9905.7656,1.4352e-05,0.079598129,-1.6997097,14.683292,0.074096233,18.620773,6800.3682,0.15796502,18.84123
-0.76602584,0.066493146,0.077370696,12.882718,-8619.0977,-9936.373,1.4368e-05,0.079591967,-1.6922904,14.682156,0.074205562,18.64332,6770.4761,0.15834102,18.860632
-0.76879132,0.066356182,0.077211224,12.833135,-8644.9268,-9966.918,1.4384e-05,0.079944931,-1.6852255,14.747267,0.07431443,18.665779,6742.0117,0.15781182,18.879936
-0.77155209,0.066218808,0.077051267,12.783446,-8670.4131,-9997.3994,1.44e-05,0.080047891,-1.6779987,14.766259,0.074422836,18.688156,6712.895,0.15797846,18.899141
-0.77430815,0.066081025,0.076890826,12.733653,-8696.3145,-10027.818,1.4416e-05,0.080292039,-1.6707838,14.811296,0.074530773,18.710445,6683.8262,0.15865169,18.918247
-0.77705938,0.065942824,0.076729894,12.683758,-8723.916,-10058.173,1.4432e-05,0.080314547,-1.6634223,14.815448,0.07463824,18.732651,6654.1665,0.15858455,18.937256
-0.7798059,0.065804198,0.076568477,12.633761,-8749.5283,-10088.465,1.4448e-05,0.080453575,-1.6558584,14.841094,0.07474523,18.754772,6623.6914,0.1582159,18.956165
-0.78254759,0.065665148,0.076406576,12.583663,-8774.9141,-10118.693,1.4464e-05,0.080869116,-1.6488913,14.917749,0.074851744,18.776806,6595.6206,0.15865962,18.974974
-0.78528452,0.065525696,0.076244198,12.533465,-8800.3252,-10148.857,1.448e-05,0.080694638,-1.6414502,14.885563,0.074957803,18.798754,6565.6401,0.1586816,18.993685
-0.78801668,0.065385826,0.076081336,12.48317,-8827.0488,-10178.957,1.4496e-05,0.080803148,-1.6340289,14.90558,0.075063378,18.820614,6535.7402,0.15918455,19.012297
-0.79074407,0.065245546,0.075917989,12.432776,-8853.5645,-10208.993,1.4512e-05,0.080561161,-1.6268119,14.860941,0.075168483,18.84239,6506.6626,0.1592053,19.030807
-0.79346663,0.065104835,0.075754166,12.382286,-8879.5332,-10238.964,1.4528e-05,0.081038669,-1.6193684,14.949025,0.075273111,18.864079,6476.6729,0.15844172,19.049221
-0.79618442,0.064963713,0.075589865,12.3317,-8903.6797,-10268.87,1.4544e-05,0.081031576,-1.612039,14.947718,0.075377263,18.885679,6447.1426,0.15932554,19.067533
-0.79889739,0.064822182,0.075425081,12.281021,-8929.7871,-10298.712,1.456e-05,0.081213765,-1.6044735,14.981325,0.075480938,18.907194,6416.6611,0.15956359,19.085747
-0.80160546,0.064680256,0.075259827,12.230248,-8955.8848,-10328.489,1.4576e-05,0.081714079,-1.5970027,15.073617,0.075584128,18.928619,6386.5615,0.15981628,19.103859
-0.80430877,0.064537905,0.075094096,12.179384,-8982.4102,-10358.2,1.4592e-05,0.081308402,-1.5892051,14.998782,0.075686827,18.949959,6355.1445,0.15914121,19.121872
-0.80700725,0.064395137,0.074927889,12.128429,-9008.6533,-10387.847,1.4608e-05,0.08132042,-1.5816574,15.001,0.075789034,18.971209,6324.7349,0.15917721,19.139786
-0.80970085,0.064251944,0.074761212,12.077384,-9033.8525,-10417.427,1.4624e-05,0.081586152,-1.574118,15.050018,0.07589075,18.992371,6294.3584,0.15963499,19.157598
-0.81238955,0.064108342,0.074594058,12.02625,-9058.1211,-10446.941,1.464e-05,0.08166568,-1.5666537,15.06469,0.075991981,19.013443,6264.2852,0.15984558,19.175312
-0.81507343,0.063964345,0.074426435,11.975029,-9083.4854,-10476.39,1.4656e-05,0.081792377,-1.5593215,15.088061,0.076092742,19.034428,6234.7437,0.15978149,19.192924
-0.81775242,0.063819945,0.074258342,11.923721,-9109.4053,-10505.772,1.4672e-05,0.082211621,-1.5519981,15.165399,0.076193027,19.055323,6205.2373,0.15983093,19.210436
-0.82042646,0.063675143,0.07408978,11.872329,-9135.3203,-10535.088,1.4688e-05,0.082350656,-1.5442792,15.191045,0.07629282,19.076126,6174.1382,0.15978149,19.227848
-0.82309568,0.063529924,0.073920757,11.820852,-9160.2588,-10564.338,1.4704e-05,0.082280986,-1.5365703,15.178193,0.076392129,19.096842,6143.0786,0.1604535,19.245159
-0.82575989,0.063384295,0.073751256,11.769293,-9186.5342,-10593.521,1.472e-05,0.082261875,-1.5289347,15.174667,0.076490931,19.117464,6112.3145,0.16013977,19.262369
-0.82841921,0.063238256,0.073581293,11.717652,-9210.6211,-10622.636,1.4736e-05,0.082501091,-1.521665,15.218795,0.076589257,19.137999,6083.0249,0.16075502,19.279478
-0.83107352,0.063091822,0.073410869,11.665931,-9236.4502,-10651.685,1.4752e-05,0.082472108,-1.5144396,15.213449,0.07668712,19.15844,6053.9136,0.16102114,19.296486
-0.83372289,0.062944978,0.073239975,11.614129,-9261.5059,-10680.666,1.4768e-05,0.082436353,-1.5070319,15.206853,0.076784506,19.178789,6024.0684,0.16031861,19.313393
-0.83636731,0.062797733,0.073068626,11.56225,-9286.8193,-10709.58,1.4784e-05,0.082919098,-1.4994941,15.295904,0.076881416,19.199047,5993.6982,0.16061158,19.330198
-0.83900672,0.062650084,0.072896808,11.510294,-9311.8154,-10738.427,1.48e-05,0.083056584,-1.4922488,15.321266,0.076977842,19.219213,5964.5068,0.16094118,19.346903
-0.84164107,0.062502034,0.072724536,11.458261,-9336.3311,-10767.205,1.4816e-05,0.083266519,-1.484797,15.359992,0.077073805,19.239286,5934.4834,0.16035707,19.363506
-0.84427041,0.062353589,0.072551802,11.406156,-9361.9336,-10795.916,1.4832e-05,0.082848504,-1.4769599,15.282883,0.077169262,19.259266,5902.9077,0.16122989,19.380009
-0.84689468,0.062204741,0.072378606,11.353975,-9386.4219,-10824.558,1.4848e-05,0.083481997,-1.4689037,15.399741,0.07726422,19.279152,5870.4492,0.16146305,19.396408
-0.84951389,0.062055491,0.072204955,11.301723,-9411.6865,-10853.132,1.4864e-05,0.082970887,-1.4609454,15.305458,0.077358648,19.298943,5838.3848,0.16104129,19.412706
-0.85212803,0.061905846,0.07203085,11.249399,-9435.5146,-10881.637,1.488e-05,0.08333125,-1.4533414,15.371934,0.077452585,19.31864,5807.7485,0.1611414,19.428904
-0.85473704,0.061755806,0.07185629,11.197006,-9459.085,-10910.074,1.4896e-05,0.083272994,-1.4456422,15.361186,0.077546023,19.338242,5776.7285,0.16166691,19.444998
-0.85734093,0.06160539,0.071681276,11.144544,-9485.2451,-10938.441,1.4912e-05,0.083579406,-1.4376915,15.41771,0.077638961,19.357748,5744.6948,0.16112553,19.460991
-0.85993963,0.061454572,0.071505807,11.092014,-9510.7568,-10966.74,1.4928e-05,0.083357453,-1.4298987,15.376767,0.077731386,19.377159,5713.2979,0.1611951,19.476881
-0.86253321,0.061303344,0.071329884,11.039418,-9534.1328,-10994.97,1.4944e-05,0.083805367,-1.4220496,15.459393,0.077823311,19.396473,5681.6738,0.16175421,19.49267
-0.86512154,0.061151721,0.071153514,10.986757,-9559.3574,-11023.129,1.496e-05,0.083637364,-1.4145355,15.428401,0.077914745,19.415689,5651.3994,0.16175909,19.508356
-0.86770469,0.060999714,0.070976697,10.934032,-9583.5859,-11051.22,1.4976e-05,0.083991252,-1.4066913,15.493683,0.078005679,19.434809,5619.7949,0.16210395,19.523939
-0.87028259,0.060847308,0.070799425,10.881246,-9607.9736,-11079.24,1.4992e-05,0.084306613,-1.398728,15.551856,0.078096099,19.453831,5587.7109,0.16161443,19.539421
-0.87285519,0.060694516,0.070621714,10.828397,-9632.3652,-11107.19,1.5008e-05,0.084287807,-1.3909408,15.548388,0.07818602,19.472754,5556.3359,0.1617658,19.5548
-0.87542248,0.060541332,0.070443548,10.775487,-9656.3799,-11135.071,1.5024e-05,0.084167585,-1.3831484,15.52621,0.078275435,19.491579,5524.9404,0.16291085,19.570076
-0.87798446,0.06038776,0.070264943,10.722519,-9680.2363,-11162.881,1.504e-05,0.085072346,-1.3755096,15.69311,0.07836435,19.510303,5494.1636,0.16192938,19.585249
-0.88054115,0.060233805,0.070085898,10.669493,-9703.4922,-11190.62,1.5056e-05,0.084449343,-1.3676744,15.578185,0.078452766,19.528929,5462.5957,0.16244759,19.600319
-0.8830924,0.060079478,0.069906399,10.61641,-9727.4209,-11218.289,1.5072e-05,0.084629059,-1.3597448,15.611338,0.078540675,19.547453,5430.647,0.16224189,19.615288
-0.88563824,0.059924766,0.069726467,10.563272,-9751.6162,-11245.887,1.5088e-05,0.084787816,-1.3520403,15.640623,0.078628086,19.565876,5399.6055,0.1630256,19.630152
-0.88817871,0.059769675,0.069546096,10.510079,-9776.0117,-11273.414,1.5104e-05,0.084855944,-1.3440672,15.653191,0.078714989,19.584198,5367.4819,0.16207525,19.644913
-0.89071363,0.059614193,0.069365278,10.456834,-9799.083,-11300.87,1.512e-05,0.084790282,-1.3362535,15.641078,0.078801379,19.602417,5336.0005,0.16232063,19.659571
-0.89324313,0.059458334,0.069184028,10.403536,-9822.8828,-11328.254,1.5136e-05,0.084803849,-1.3286164,15.64358,0.078887269,19.620535,5305.2305,0.16236824,19.674126
-0.89576709,0.059302095,0.069002338,10.350188,-9846.2939,-11355.566,1.5152e-05,0.085089304,-1.3209479,15.696238,0.078972675,19.638548,5274.334,0.16306771,19.688576
-0.89828551,0.059145484,0.068820216,10.29679,-9870.3691,-11382.808,1.5168e-05,0.085257001,-1.312974,15.727172,0.079057567,19.656458,5242.207,0.16277596,19.702923
-0.90079826,0.058988489,0.068637654,10.243344,-9895.1406,-11409.977,1.5184e-05,0.08512599,-1.3051662,15.703005,0.07914196,19.674263,5210.7495,0.16301768,19.717167
-0.90330547,0.058831103,0.06845466,10.189852,-9918.624,-11437.074,1.52e-05,0.085409597,-1.2971359,15.755321,0.079225838,19.691965,5178.3955,0.1630488,19.731308
-0.90580702,0.058673333,0.068271235,10.136313,-9942.1299,-11464.099,1.5216e-05,0.085374452,-1.289104,15.748838,0.079309195,19.70956,5146.0347,0.16270882,19.745344
-0.90830284,0.058515187,0.068087377,10.082729,-9965.7549,-11491.051,1.5232e-05,0.085418224,-1.2810333,15.756913,0.079392038,19.727049,5113.5176,0.16294992,19.759275
-0.91079301,0.058356661,0.067903087,10.029103,-9988.1113,-11517.931,1.5248e-05,0.085388325,-1.2735074,15.751397,0.079474375,19.744431,5083.1953,0.16330943,19.773104
-0.91327739,0.058197774,0.067718372,9.9754333,-10011.521,-11544.738,1.5264e-05,0.085752077,-1.2660779,15.818499,0.079556234,19.761707,5053.2622,0.16304453,19.786827
-0.91575599,0.058038514,0.067533232,9.9217234,-10034.913,-11571.473,1.528e-05,0.085598253,-1.2584,15.790122,0.079637602,19.778873,5022.3281,0.16364208,19.800447
-0.91822875,0.057878885,0.067347661,9.8679733,-10059.19,-11598.134,1.5296e-05,0.086117066,-1.2506006,15.885827,0.079718471,19.795933,4990.9038,0.16297738,19.813963
-0.92069566,0.057718869,0.067161664,9.8141842,-10082.394,-11624.721,1.5312e-05,0.086089328,-1.2427999,15.880709,0.07979884,19.812881,4959.4746,0.16331737,19.827374
-0.92315668,0.057558477,0.066975243,9.7603579,-10104.951,-11651.235,1.5328e-05,0.086052023,-1.2349926,15.873829,0.079878703,19.829721,4928.0195,0.16280587,19.840679
-0.92561173,0.057397719,0.066788405,9.7064943,-10127.114,-11677.676,1.5344e-05,0.085896038,-1.2269752,15.845055,0.079958059,19.846453,4895.7173,0.16240303,19.85388
-0.92806089,0.057236604,0.066601135,9.6525965,-10151.561,-11704.043,1.536e-05,0.086099803,-1.2189426,15.882643,0.080036893,19.863071,4863.354,0.1636256,19.866978
-0.93050396,0.057075113,0.066413455,9.5986643,-10173.854,-11730.336,1.5376e-05,0.086336248,-1.210832,15.926258,0.080115207,19.879578,4830.6763,0.16344981,19.879969
-0.93294108,0.056913253,0.06622535,9.5446987,-10196.754,-11756.556,1.5392e-05,0.08645092,-1.2032154,15.947412,0.08019302,19.895973,4799.9888,0.16351023,19.892855
-0.93537205,0.056751028,0.06603682,9.4907017,-10217.377,-11782.7,1.5408e-05,0.086557582,-1.1958114,15.967088,0.080270343,19.912254,4770.1582,0.16352794,19.905636
-0.93779689,0.056588456,0.065847881,9.4366741,-10239.142,-11808.771,1.5424e-05,0.086427495,-1.1883156,15.94309,0.080347188,19.928423,4739.957,0.16373363,19.918312
-0.94021565,0.056425545,0.065658525,9.382616,-10262.396,-11834.766,1.544e-05,0.08655265,-1.1807058,15.966178,0.080423549,19.944477,4709.2974,0.16392529,19.930883
-0.94262815,0.056262273,0.065468758,9.3285303,-10286.289,-11860.687,1.5456e-05,0.086313434,-1.1728394,15.92205,0.080499411,19.960419,4677.604,0.16435194,19.943348
-0.94503444,0.056098621,0.065278567,9.2744169,-10308.857,-11886.533,1.5472e-05,0.086711101,-1.1648924,15.995407,0.080574758,19.976242,4645.585,0.1641847,19.955708
-0.94743448,0.055934604,0.065087974,9.2202778,-10332.009,-11912.304,1.5488e-05,0.086846739,-1.1568137,16.020428,0.080649592,19.991951,4613.0361,0.16422926,19.967962
-0.94982827,0.055770215,0.064896964,9.1661139,-10354.093,-11938,1.5504e-05,0.086492538,-1.1489718,15.95509,0.080723912,20.007542,4581.4409,0.164156,19.98011
-0.95221567,0.055605467,0.064705551,9.1119251,-10374.729,-11963.62,1.552e-05,0.086966962,-1.1413666,16.042604,0.080797732,20.023016,4550.7993,0.16403516,19.992151
-0.95459664,0.055440381,0.064513721,9.0577145,-10395.665,-11989.165,1.5536e-05,0.087023996,-1.1339104,16.053125,0.080871075,20.038372,4520.7583,0.16491409,20.004087
-0.95697129,0.05527496,0.064321488,9.0034809,-10417.739,-12014.634,1.5552e-05,0.087136507,-1.1258119,16.073881,0.080943905,20.05361,4488.1299,0.16433729,20.015917
-0.95933944,0.055109192,0.064128846,8.9492273,-10438.334,-12040.026,1.5568e-05,0.087174736,-1.1178124,16.080933,0.081016228,20.068729,4455.8994,0.16530168,20.027639
-0.9617011,0.054943088,0.063935801,8.8949537,-10459.242,-12065.344,1.5584e-05,0.087374493,-1.1100551,16.117781,0.081088036,20.083727,4424.645,0.16455886,20.039257
-0.96405625,0.05477665,0.063742355,8.840662,-10479.961,-12090.585,1.56e-05,0.087366477,-1.1023,16.116302,0.081159338,20.098606,4393.3999,0.16394483,20.050766
-0.96640486,0.05460988,0.063548498,8.7863522,-10501.289,-12115.749,1.5616e-05,0.087370485,-1.0939423,16.117043,0.081230134,20.113361,4359.7266,0.16394421,20.06217
-0.96874684,0.054442771,0.063354246,8.7320271,-10522.554,-12140.837,1.5632e-05,0.08773578,-1.0856874,16.184427,0.081300385,20.127996,4326.4673,0.16527909,20.073465
-0.97108221,0.054275323,0.063159592,8.6776857,-10543.799,-12165.849,1.5648e-05,0.087795898,-1.0775323,16.195517,0.081370108,20.142508,4293.6104,0.16467604,20.084656
-0.9734109,0.054107532,0.062964536,8.6233292,-10565.153,-12190.782,1.5664e-05,0.087644227,-1.0695707,16.167538,0.081439316,20.156897,4261.5327,0.16520952,20.095737
-0.97573292,0.053939406,0.062769085,8.5689602,-10587.13,-12215.64,1.568e-05,0.087801754,-1.0615939,16.196596,0.081508011,20.171162,4229.394,0.1653444,20.106712
-0.97804821,0.053770926,0.062573239,8.5145788,-10608.521,-12240.42,1.5696e-05,0.087846145,-1.0534867,16.204786,0.081576183,20.185301,4196.7305,0.16497573,20.11758
-0.98035675,0.053602103,0.062376998,8.460186,-10629.712,-12265.123,1.5712e-05,0.087959893,-1.0454978,16.225769,0.081643835,20.199316,4164.5435,0.16500686,20.12834
-0.98265851,0.053432941,0.062180363,8.4057827,-10648.38,-12289.749,1.5728e-05,0.088131905,-1.037699,16.2575,0.081710979,20.213205,4133.1216,0.16516739,20.138992
-0.9849534,0.053263459,0.061983336,8.3513699,-10668.85,-12314.297,1.5744e-05,0.087913342,-1.0296336,16.217182,0.081777617,20.226967,4100.6265,0.16501603,20.149536
-0.98724151,0.053093664,0.061785914,8.2969484,-10689.687,-12338.767,1.576e-05,0.088149481,-1.0213655,16.26074,0.081843726,20.240602,4067.3137,0.16557939,20.159973
-0.9895227,0.052923542,0.061588105,8.2425203,-10709.212,-12363.158,1.5776e-05,0.088227779,-1.0130961,16.275185,0.081909299,20.254108,4033.9963,0.16396679,20.170301
-0.99179703,0.052753091,0.061389904,8.1880846,-10729.802,-12387.473,1.5792e-05,0.08788868,-1.0050982,16.212633,0.08197435,20.267487,4001.7727,0.16527542,20.180521
-0.99406439,0.052582324,0.061191317,8.1336441,-10750.488,-12411.708,1.5808e-05,0.088471308,-0.99709976,16.320108,0.082038887,20.280735,3969.5469,0.16538346,20.190634
-0.99632484,0.052411221,0.060992341,8.0791988,-10770.998,-12435.866,1.5824e-05,0.08821144,-0.98914278,16.272171,0.082102902,20.293854,3937.4883,0.16510391,20.200636
-0.99857825,0.052239794,0.060792983,8.0247498,-10791.927,-12459.944,1.584e-05,0.088570267,-0.98105603,16.338362,0.082166411,20.306843,3904.9067,0.16510697,20.210529
-1.0008247,0.052068032,0.06059324,7.9702973,-10811.87,-12483.944,1.5856e-05,0.088412121,-0.97289234,16.309191,0.082229391,20.3197,3872.0149,0.16510697,20.220316
-1.0030642,0.051895946,0.060393114,7.9158435,-10832.228,-12507.866,1.5872e-05,0.088493198,-0.96472394,16.324146,0.082291842,20.332424,3839.1045,0.1658095,20.229992
-1.0052965,0.051723536,0.060192607,7.8613882,-10852.407,-12531.708,1.5888e-05,0.088615268,-0.95636046,16.346664,0.082353763,20.345016,3805.408,0.16530168,20.239559
-1.0075217,0.051550806,0.059991721,7.8069324,-10871.56,-12555.472,1.5904e-05,0.088715769,-0.94831103,16.365204,0.082415156,20.357475,3772.9768,0.16618244,20.249016
-1.00974,0.051377755,0.059790455,7.7524776,-10891.952,-12579.155,1.592e-05,0.088955909,-0.94042015,16.409502,0.082476035,20.369801,3741.1843,0.16617267,20.258364
-1.0119511,0.051204391,0.059588809,7.6980243,-10912.646,-12602.76,1.5936e-05,0.088871442,-0.93212324,16.393921,0.082536384,20.38199,3707.7561,0.16596636,20.267603
-1.0141551,0.051030695,0.05938679,7.6435733,-10933.525,-12626.284,1.5952e-05,0.088528343,-0.9238708,16.330629,0.082596213,20.394047,3674.5068,0.16564471,20.27673
-1.0163519,0.050856669,0.059184391,7.5891252,-10953.831,-12649.729,1.5968e-05,0.088666447,-0.91614139,16.356104,0.082655519,20.405966,3643.365,0.16594806,20.285748
-1.0185417,0.050682314,0.058981624,7.5346813,-10974.703,-12673.094,1.5984e-05,0.088689253,-0.90798002,16.360313,0.082714312,20.417747,3610.4829,0.1657332,20.294657
-1.0207243,0.050507627,0.05877848,7.4802418,-10994.566,-12696.379,1.6e-05,0.089031741,-0.89966273,16.423491,0.082772575,20.429394,3576.9724,0.16563372,20.303453
-1.0228996,0.050332617,0.058574967,7.4258075,-11013.996,-12719.584,1.6016e-05,0.089178473,-0.8911978,16.450558,0.082830302,20.440901,3542.8669,0.16584246,20.312141
-1.0250678,0.050157294,0.058371082,7.3713799,-11033.549,-12742.708,1.6032e-05,0.088786356,-0.88335127,16.378225,0.082887501,20.452269,3511.2532,0.16631123,20.320717
-1.027229,0.049981654,0.058166832,7.3169589,-11052.286,-12765.752,1.6048e-05,0.089235194,-0.87553489,16.461021,0.082944192,20.463499,3479.7612,0.16605915,20.329182
-1.0293827,0.049805716,0.057962213,7.2625456,-11071.487,-12788.716,1.6064e-05,0.089102641,-0.86727059,16.436569,0.083000362,20.474588,3446.4641,0.16593646,20.337536
-1.0315294,0.049629468,0.057757225,7.2081409,-11092.229,-12811.599,1.608e-05,0.089254312,-0.8594293,16.464546,0.083056018,20.485537,3414.8716,0.16584124,20.345779
-1.0336689,0.049452901,0.057551876,7.1537452,-11111.923,-12834.4,1.6096e-05,0.089434952,-0.85105103,16.497869,0.083111152,20.496346,3381.1155,0.16622394,20.35391
-1.0358011,0.049276009,0.057346161,7.099359,-11131.364,-12857.12,1.6112e-05,0.089223795,-0.84322804,16.458918,0.083165765,20.507011,3349.5967,0.1657857,20.361929
-1.0379262,0.049098812,0.057140086,7.0449834,-11149.574,-12879.76,1.6128e-05,0.089330144,-0.83500415,16.478537,0.083219856,20.517534,3316.4624,0.16637653,20.369837
-1.040044,0.048921306,0.056933649,6.9906192,-11168.851,-12902.318,1.6144e-05,0.089709625,-0.82694215,16.548538,0.083273426,20.527916,3283.9805,0.16644612,20.377632
-1.0421547,0.048743505,0.056726851,6.9362664,-11187.017,-12924.794,1.616e-05,0.089669235,-0.81895959,16.541088,0.083326474,20.538153,3251.8186,0.16680868,20.385315
-1.0442581,0.048565403,0.056519698,6.8819256,-11206.529,-12947.189,1.6176e-05,0.089578919,-0.81075037,16.524426,0.083379,20.548246,3218.7437,0.16642232,20.392885
-1.0463543,0.048386998,0.056312185,6.8275986,-11225.751,-12969.502,1.6192e-05,0.089130081,-0.80265558,16.441629,0.083431005,20.558193,3186.1296,0.16629231,20.400343
-1.0484434,0.048208281,0.056104317,6.7732844,-11244.346,-12991.733,1.6208e-05,0.089575216,-0.79445368,16.523745,0.083482482,20.567995,3153.084,0.16691001,20.407686
-1.0505253,0.04802927,0.055896096,6.7189846,-11264.619,-13013.883,1.6224e-05,0.08982861,-0.78631949,16.570488,0.083533436,20.577652,3120.3115,0.16686057,20.414919
-1.0526,0.047849938,0.055687521,6.6646996,-11283.675,-13035.949,1.624e-05,0.089836933,-0.77835876,16.572023,0.083583869,20.587162,3088.2375,0.16594379,20.422037
-1.0546676,0.047670297,0.055478591,6.6104298,-11302.742,-13057.934,1.6256e-05,0.089760177,-0.77045465,16.557863,0.083633788,20.596523,3056.3918,0.16612628,20.429041
-1.0567279,0.047490351,0.055269316,6.5561757,-11322.12,-13079.836,1.6272e-05,0.089264482,-0.76244444,16.466423,0.0836832,20.605738,3024.1187,0.16649006,20.43593
-1.0587811,0.047310095,0.055059686,6.5019379,-11343.131,-13101.655,1.6288e-05,0.089603886,-0.75418693,16.529032,0.083732083,20.614803,2990.8489,0.16745323,20.442707
-1.0608274,0.047129516,0.054849714,6.4477167,-11360.683,-13123.393,1.6304e-05,0.089783914,-0.74577647,16.562243,0.08378043,20.62372,2956.9634,0.16633381,20.449369
-1.0628663,0.046948634,0.054639392,6.3935127,-11378.246,-13145.046,1.632e-05,0.089802407,-0.73756218,16.565655,0.083828241,20.632488,2923.8677,0.16669148,20.455917
-1.0648983,0.046767466,0.054428726,6.3393269,-11395.947,-13166.617,1.6336e-05,0.09020593,-0.72901571,16.640091,0.083875515,20.641104,2889.4338,0.16746299,20.462351
-1.0669231,0.046586018,0.054217719,6.2851591,-11413.979,-13188.104,1.6352e-05,0.089740142,-0.72045696,16.554167,0.08392223,20.64957,2854.9507,0.16675985,20.468668
-1.0689409,0.046404283,0.054006364,6.2310095,-11432.595,-13209.509,1.6368e-05,0.090099886,-0.71228826,16.620529,0.083968408,20.657885,2822.0391,0.16769372,20.474871
-1.0709516,0.046222258,0.053794671,6.1768789,-11451.915,-13230.83,1.6384e-05,0.090222269,-0.70392156,16.643105,0.084014058,20.666046,2788.3293,0.16688009,20.480959
-1.0729554,0.046039924,0.053582639,6.1227679,-11470.722,-13252.067,1.64e-05,0.090256177,-0.6954338,16.649361,0.084059164,20.674057,2754.1323,0.16658406,20.486931
-1.074952,0.045857288,0.053370267,6.0686769,-11490.795,-13273.221,1.6416e-05,0.090150446,-0.68690652,16.629854,0.084103718,20.681913,2719.7759,0.16669637,20.492786
-1.0769417,0.045674339,0.053157557,6.014606,-11510.291,-13294.29,1.6432e-05,0.090497248,-0.67859858,16.693829,0.084147729,20.689617,2686.303,0.16687582,20.498526
-1.0789244,0.045491077,0.052944515,5.9605551,-11529.275,-13315.276,1.6448e-05,0.090198226,-0.67014229,16.63867,0.084191203,20.697166,2652.2324,0.16741356,20.504148
-1.0809002,0.045307502,0.052731134,5.9065251,-11547.893,-13336.178,1.6464e-05,0.090218261,-0.66173792,16.642365,0.084234133,20.704561,2618.3711,0.16739525,20.509655
-1.0828691,0.045123633,0.052517422,5.8525167,-11565.492,-13356.995,1.648e-05,0.09015476,-0.65312552,16.630651,0.084276512,20.7118,2583.6716,0.1665273,20.515045
-1.084831,0.04493947,0.052303378,5.7985291,-11583.217,-13377.729,1.6496e-05,0.090918958,-0.64483917,16.77162,0.084318347,20.718884,2550.2859,0.16705161,20.520317
-1.086786,0.044755027,0.052089006,5.7445636,-11600.634,-13398.377,1.6512e-05,0.090619013,-0.63633358,16.716291,0.084359646,20.725809,2516.0168,0.16617939,20.525471
-1.0887343,0.044570301,0.051874302,5.6906199,-11617.53,-13418.94,1.6528e-05,0.090468884,-0.62796581,16.688597,0.084400393,20.73258,2482.3032,0.16662191,20.530508
-1.0906756,0.044385303,0.051659271,5.6366982,-11634.897,-13439.42,1.6544e-05,0.090867475,-0.61909312,16.762125,0.084440589,20.739193,2446.5549,0.16733116,20.535427
-1.0926102,0.044200029,0.051443912,5.582799,-11652.229,-13459.814,1.656e-05,0.090477519,-0.61061591,16.690189,0.084480226,20.745647,2412.4001,0.1674868,20.540228
-1.094538,0.04401448,0.051228233,5.5289221,-11670.518,-13480.123,1.6576e-05,0.090484917,-0.60248631,16.691553,0.084519327,20.751945,2379.646,0.16694234,20.54491
-1.0964589,0.04382864,0.051012225,5.4750686,-11689.357,-13500.348,1.6592e-05,0.090709947,-0.59431118,16.733067,0.084557906,20.758083,2346.7083,0.16692282,20.549475
-1.0983732,0.04364251,0.050795898,5.4212375,-11706.703,-13520.486,1.6608e-05,0.090463951,-0.58596545,16.687687,0.084595948,20.764061,2313.0833,0.16699545,20.553919
-1.1002806,0.043456085,0.05057925,5.3674297,-11723.415,-13540.54,1.6624e-05,0.090477519,-0.57729518,16.690189,0.08463344,20.76988,2278.1509,0.16754906,20.558243
-1.1021814,0.043269392,0.050362282,5.3136449,-11739.673,-13560.508,1.664e-05,0.090707794,-0.56873631,16.732668,0.08467038,20.775539,2243.667,0.16727439,20.562449
-1.1040756,0.043082431,0.050144996,5.2598834,-11756.347,-13580.39,1.6656e-05,0.090431891,-0.5602507,16.681772,0.084706768,20.781036,2209.4783,0.1673574,20.566534
-1.105963,0.042895213,0.049927391,5.2061458,-11773.214,-13600.187,1.6672e-05,0.09050218,-0.55197287,16.694738,0.084742621,20.786373,2176.1267,0.16719139,20.570499
-1.1078438,0.042707723,0.049709473,5.152431,-11790.601,-13619.896,1.6688e-05,0.09095595,-0.54383045,16.778444,0.084777936,20.791548,2143.321,0.16749901,20.574345
-1.109718,0.042519961,0.049491242,5.0987401,-11807.167,-13639.521,1.6704e-05,0.090891212,-0.53576273,16.766502,0.084812738,20.796562,2110.8162,0.16772363,20.578068
-1.1115855,0.042331923,0.049272697,5.045073,-11825.644,-13659.06,1.672e-05,0.091211811,-0.52759987,16.825644,0.084847011,20.801413,2077.9277,0.16699973,20.581671
-1.1134465,0.042143606,0.04905384,4.9914293,-11842.212,-13678.512,1.6736e-05,0.091114394,-0.51944619,16.807673,0.084880762,20.806099,2045.0767,0.16787194,20.585154
-1.1153009,0.041955009,0.048834674,4.9378095,-11857.605,-13697.877,1.6752e-05,0.090863161,-0.51127386,16.761328,0.084913984,20.810623,2012.1501,0.16726401,20.588512
-1.1171488,0.041766159,0.048615199,4.884213,-11873.353,-13717.156,1.6768e-05,0.090694845,-0.50308055,16.73028,0.084946677,20.814983,1979.1392,0.16737816,20.591751
-1.1189901,0.04157706,0.048395418,4.8306403,-11889.942,-13736.349,1.6784e-05,0.09089306,-0.49432865,16.766844,0.084978826,20.81918,1943.8777,0.1678866,20.594866
-1.1208248,0.0413877,0.048175331,4.777091,-11906.643,-13755.455,1.68e-05,0.090780236,-0.48574588,16.746031,0.085010417,20.823212,1909.2976,0.16712546,20.597858
-1.1226531,0.041198075,0.047954939,4.7235656,-11922.362,-13774.474,1.6816e-05,0.090623327,-0.47746828,16.717087,0.085041463,20.827078,1875.9473,0.1674044,20.600729
-1.1244749,0.041008189,0.047734246,4.670063,-11938.298,-13793.405,1.6832e-05,0.090984926,-0.46925861,16.783791,0.085071974,20.83078,1842.8702,0.16689779,20.603476
-1.1262901,0.040818051,0.047513247,4.6165843,-11955.051,-13812.25,1.6848e-05,0.090982459,-0.46063939,16.783335,0.085101947,20.834316,1808.1434,0.16767479,20.606098
-1.1280988,0.040627655,0.047291953,4.5631285,-11971.344,-13831.008,1.6864e-05,0.090772837,-0.45246089,16.744667,0.085131377,20.837685,1775.1923,0.16750084,20.608599
-1.1299012,0.040436987,0.047070358,4.5096955,-11987.422,-13849.678,1.688e-05,0.090859458,-0.44423595,16.760645,0.085160278,20.840887,1742.0538,0.16757835,20.610973
-1.1316969,0.040246066,0.046848465,4.456286,-12001.836,-13868.261,1.6896e-05,0.091347143,-0.43582517,16.850607,0.08518865,20.843924,1708.1667,0.1680343,20.613224
-1.1334864,0.040054899,0.046626277,4.4028988,-12015.784,-13886.756,1.6912e-05,0.090762354,-0.42781198,16.742733,0.085216485,20.846792,1675.8815,0.16790918,20.615351
-1.1352693,0.039863512,0.046403795,4.349534,-12032.003,-13905.163,1.6928e-05,0.091198243,-0.41952795,16.823141,0.085243799,20.849493,1642.505,0.16767846,20.61735
-1.1370456,0.039671876,0.046181019,4.2961922,-12048.935,-13923.482,1.6944e-05,0.090945467,-0.41111445,16.77651,0.085270569,20.852026,1608.6069,0.16850063,20.619226
-1.1388156,0.039479975,0.045957949,4.2428722,-12064.185,-13941.714,1.696e-05,0.091133513,-0.40227112,16.811199,0.085296787,20.854391,1572.9772,0.16769066,20.620975
-1.1405791,0.039287817,0.045734592,4.1895742,-12081.239,-13959.857,1.6976e-05,0.090978451,-0.39354718,16.782597,0.08532244,20.856588,1537.8282,0.1675045,20.622599
-1.1423361,0.039095402,0.045510948,4.1362977,-12095.993,-13977.913,1.6992e-05,0.090873331,-0.38534361,16.763205,0.085347541,20.858616,1504.7761,0.16737938,20.624096
-1.1440866,0.03890273,0.045287013,4.0830426,-12112.221,-13995.88,1.7008e-05,0.091369338,-0.37784684,16.854702,0.085372142,20.860474,1474.5715,0.16741173,20.625465
-1.1458306,0.038709816,0.045062792,4.029809,-12128.008,-14013.758,1.7024e-05,0.09092512,-0.37007198,16.772758,0.085396245,20.862162,1443.2466,0.16708884,20.626707
-1.1475681,0.038516637,0.044838287,3.9765959,-12143.922,-14031.549,1.704e-05,0.091229074,-0.36152425,16.828827,0.085419826,20.863682,1408.8077,0.16797999,20.627823
-1.1492991,0.038323212,0.044613499,3.9234035,-12159.632,-14049.25,1.7056e-05,0.090559512,-0.35281587,16.705315,0.085442856,20.86503,1373.7216,0.16776025,20.628811
-1.1510236,0.038129531,0.044388428,3.8702312,-12175.171,-14066.862,1.7072e-05,0.090978757,-0.34394309,16.782652,0.085465312,20.866209,1337.973,0.16745567,20.629669
-1.1527416,0.037935603,0.044163078,3.8170786,-12189.715,-14084.387,1.7088e-05,0.091050275,-0.33499965,16.795845,0.085487194,20.867216,1301.9398,0.16750328,20.6304
-1.1544529,0.03774143,0.043937448,3.7639456,-12203.429,-14101.821,1.7104e-05,0.091174513,-0.32652062,16.818762,0.085508518,20.868053,1267.7777,0.16829188,20.631002
-1.1561577,0.037547037,0.043711543,3.7108316,-12218.715,-14119.167,1.712e-05,0.091255277,-0.3184129,16.83366,0.085529305,20.868717,1235.1117,0.16781518,20.631475
-1.1578559,0.037352405,0.043485358,3.6577365,-12234.066,-14136.424,1.7136e-05,0.091305219,-0.31007448,16.842873,0.085549563,20.869211,1201.516,0.16791284,20.631819
-1.1595474,0.037157536,0.043258902,3.6046596,-12250.562,-14153.591,1.7152e-05,0.091039799,-0.30204052,16.793911,0.085569292,20.869534,1169.1472,0.16808619,20.63203
-1.1612322,0.036962401,0.043032173,3.5516005,-12266.183,-14170.669,1.7168e-05,0.090978451,-0.29380068,16.782597,0.0855885,20.869684,1135.9489,0.16809411,20.632114
-1.1629105,0.036767017,0.042805169,3.4985588,-12281.203,-14187.657,1.7184e-05,0.091615334,-0.28527984,16.90008,0.085607164,20.869663,1101.6183,0.16753747,20.632065
-1.1645819,0.036571387,0.042577896,3.4455342,-12296.264,-14204.557,1.72e-05,0.091055825,-0.27664724,16.796869,0.085625276,20.869469,1066.8374,0.1680398,20.631887
-1.1662467,0.036375519,0.042350356,3.3925261,-12310.904,-14221.365,1.7216e-05,0.091290422,-0.26790732,16.840143,0.08564283,20.869101,1031.6243,0.16833583,20.631577
-1.1679046,0.036179405,0.042122547,3.339534,-12324.682,-14238.085,1.7232e-05,0.090992019,-0.25911421,16.785097,0.085659817,20.868561,996.19672,0.16739525,20.631134
-1.1695558,0.035983074,0.041894469,3.2865574,-12338.658,-14254.714,1.7248e-05,0.091072783,-0.25063807,16.799997,0.085676245,20.867847,962.04626,0.16791528,20.63056
-1.1712,0.035786513,0.041666128,3.2335958,-12353.123,-14271.253,1.7264e-05,0.091217048,-0.24226607,16.826609,0.08569213,20.866961,928.31543,0.1675863,20.629854
-1.1728374,0.035589732,0.041437525,3.1806488,-12366.804,-14287.702,1.728e-05,0.091009282,-0.23407517,16.788282,0.085707486,20.865902,895.31421,0.16747276,20.629013
-1.1744679,0.03539272,0.041208662,3.1277158,-12381.069,-14304.062,1.7296e-05,0.091039486,-0.22596462,16.793856,0.085722312,20.864668,862.63672,0.16769859,20.62804
-1.1760913,0.035195488,0.040979534,3.0747962,-12394.641,-14320.33,1.7312e-05,0.090529308,-0.21748444,16.699743,0.08573661,20.86326,828.46997,0.16789269,20.626934
-1.1777078,0.034998029,0.04075015,3.0218894,-12408.033,-14336.508,1.7328e-05,0.091296278,-0.20900813,16.841225,0.085750356,20.861679,794.31885,0.16719443,20.625694
-1.1793172,0.034800362,0.040520512,2.9689949,-12422.697,-14352.596,1.7344e-05,0.091212116,-0.20056383,16.825699,0.085763551,20.859924,760.29669,0.16708761,20.624319
-1.1809195,0.034602463,0.040290613,2.9161122,-12437.135,-14368.592,1.736e-05,0.091368407,-0.19219539,16.85453,0.085776217,20.857994,726.58014,0.16821192,20.62281
-1.1825147,0.034404337,0.040060461,2.8632405,-12450.879,-14384.498,1.7376e-05,0.091076478,-0.18396431,16.800678,0.085788339,20.855888,693.41711,0.1681515,20.621166
-1.1841025,0.034205981,0.039830055,2.8103795,-12464.179,-14400.313,1.7392e-05,0.090751566,-0.17535304,16.740742,0.085799918,20.853609,658.72217,0.16724937,20.619387
-1.1856833,0.034007411,0.0395994,2.7575283,-12477.399,-14416.038,1.7408e-05,0.091197938,-0.16675627,16.823084,0.085810944,20.851156,624.08575,0.16752404,20.61747
-1.1872566,0.033808626,0.039368492,2.7046862,-12491.75,-14431.671,1.7424e-05,0.091166183,-0.15806627,16.817226,0.08582142,20.848528,589.07361,0.16756126,20.615417
-1.1888226,0.033609625,0.039137337,2.6518528,-12506.907,-14447.213,1.744e-05,0.090990163,-0.14966717,16.784756,0.085831337,20.845722,555.23364,0.16837001,20.61323
-1.1903813,0.033410382,0.038905933,2.5990274,-12522.146,-14462.664,1.7456e-05,0.091281481,-0.1411283,16.838495,0.08584071,20.842743,520.83044,0.16767663,20.610905
-1.1919324,0.033210903,0.038674284,2.5462091,-12535.705,-14478.023,1.7472e-05,0.091082953,-0.13293931,16.801872,0.085849538,20.83959,487.83688,0.16730186,20.608442
-1.1934761,0.033011187,0.038442392,2.4933975,-12549.114,-14493.291,1.7488e-05,0.090902001,-0.12467571,16.768494,0.085857846,20.83626,454.54276,0.16760339,20.605841
-1.1950121,0.032811262,0.038210258,2.4405918,-12563.181,-14508.468,1.7504e-05,0.090839423,-0.11608674,16.756948,0.085865609,20.832754,419.93771,0.16772424,20.603102
-1.1965406,0.032611109,0.037977882,2.3877914,-12576.544,-14523.553,1.752e-05,0.091186225,-0.10774868,16.820923,0.085872822,20.829073,386.34363,0.16731223,20.600225
-1.1980613,0.032410745,0.037745263,2.3349955,-12589.074,-14538.546,1.7536e-05,0.091261752,-0.099242337,16.834854,0.08587949,20.825216,352.0715,0.16734153,20.59721
-1.1995745,0.032210167,0.037512407,2.2822034,-12601.772,-14553.447,1.7552e-05,0.090920806,-0.090503171,16.771961,0.085885607,20.821184,316.86133,0.16713706,20.594053
-1.2010797,0.032009397,0.037279315,2.2294142,-12615.89,-14568.256,1.7568e-05,0.091064148,-0.081828177,16.798405,0.085891165,20.816975,281.9097,0.16780175,20.590759
-1.2025772,0.031808402,0.037045989,2.1766276,-12630.332,-14582.974,1.7584e-05,0.090866856,-0.073157646,16.762011,0.085896157,20.812592,246.97604,0.16712546,20.587324
-1.2040668,0.031607185,0.036812428,2.1238425,-12642.74,-14597.599,1.76e-05,0.091328949,-0.064881541,16.847252,0.085900605,20.808031,213.63153,0.16724692,20.583748
-1.2055484,0.031405747,0.036578633,2.0710583,-12653.693,-14612.132,1.7616e-05,0.090861,-0.056369338,16.760929,0.085904516,20.803293,179.3358,0.16716635,20.580032
-1.2070221,0.031204131,0.036344606,2.0182741,-12665.69,-14626.572,1.7632e-05,0.090944849,-0.047949769,16.776398,0.085907876,20.798382,145.41327,0.16777124,20.576174
-1.2084877,0.031002326,0.036110353,1.9654894,-12678.329,-14640.921,1.7648e-05,0.090968587,-0.039854597,16.780775,0.085910708,20.793293,112.79776,0.16708823,20.572176
-1.2099452,0.030800328,0.035875868,1.9127032,-12689.221,-14655.177,1.7664e-05,0.090773143,-0.031733029,16.744722,0.085913017,20.788027,80.07589,0.167698,20.568035
-1.2113947,0.030598138,0.03564116,1.8599148,-12701.539,-14669.34,1.768e-05,0.091058291,-0.02328418,16.797323,0.085914791,20.782585,46.035404,0.16728111,20.563751
-1.2128358,0.030395765,0.035406224,1.8071233,-12713.877,-14683.41,1.7696e-05,0.09037178,-0.014671541,16.670685,0.085916013,20.776968,11.335003,0.16666463,20.559326
-1.2142688,0.030193191,0.035171065,1.7543281,-12725.955,-14697.388,1.7712e-05,0.090867169,-0.0060129878,16.762068,0.085916676,20.771173,-23.550383,0.16748497,20.554756
-1.2156935,0.029990425,0.034935687,1.7015284,-12739.019,-14711.273,1.7728e-05,0.090981223,0.0026840325,16.783108,0.085916787,20.765203,-58.590755,0.16717735,20.550045
-1.2171098,0.029787455,0.034700084,1.6487232,-12749.803,-14725.065,1.7744e-05,0.090625174,0.011383515,16.717428,0.085916333,20.759056,-93.641045,0.16731834,20.545187
-1.2185179,0.0295843,0.034464266,1.595912,-12760.837,-14738.765,1.776e-05,0.090386577,0.019788086,16.673414,0.085915327,20.752733,-127.50314,0.16774681,20.540188
-1.2199174,0.029380964,0.034228228,1.5430937,-12771.393,-14752.37,1.7776e-05,0.090695769,0.027905095,16.73045,0.085913792,20.746233,-160.20665,0.16679403,20.535042
-1.2213086,0.029177463,0.033991974,1.4902676,-12781.582,-14765.883,1.7792e-05,0.090527147,0.036061961,16.699345,0.085911728,20.739557,-193.07072,0.16815576,20.529751
-1.2226913,0.02897379,0.033755504,1.4374329,-12792.808,-14779.303,1.7808e-05,0.090432815,0.044422895,16.681944,0.085909136,20.732704,-226.757,0.16724814,20.524317
-1.2240654,0.028769951,0.033518821,1.3845887,-12802.415,-14792.629,1.7824e-05,0.090192676,0.053182635,16.637646,0.085905991,20.725676,-262.05008,0.16776879,20.518734
-1.2254311,0.02856594,0.03328193,1.3317343,-12814.231,-14805.861,1.784e-05,0.090449773,0.062083814,16.685072,0.085902274,20.71847,-297.91299,0.16710715,20.513006
-1.226788,0.028361762,0.033044826,1.2788688,-12824.651,-14819.001,1.7856e-05,0.090370238,0.07054922,16.670401,0.085897997,20.711088,-332.0202,0.16601215,20.507133
-1.2281365,0.028157402,0.03280751,1.2259915,-12836.126,-14832.046,1.7872e-05,0.0906187,0.079030372,16.716234,0.085893176,20.703529,-366.19086,0.16653645,20.501112
-1.2294763,0.02795287,0.032569993,1.1731013,-12847.12,-14844.998,1.7888e-05,0.089947604,0.087158069,16.592438,0.08588782,20.695795,-398.93741,0.16657124,20.494944
-1.2308074,0.027748154,0.032332268,1.1201975,-12857.768,-14857.856,1.7904e-05,0.090461485,0.095232844,16.687233,0.085881941,20.687883,-431.47073,0.1665273,20.488628
-1.2321299,0.027543271,0.032094337,1.0672793,-12868.177,-14870.62,1.792e-05,0.089809805,0.10361935,16.567019,0.085875534,20.679796,-465.26004,0.16644917,20.482164
-1.2334436,0.027338214,0.031856202,1.0143459,-12878.305,-14883.291,1.7936e-05,0.090304576,0.11217283,16.658287,0.085868575,20.671534,-499.72211,0.16682455,20.475552
-1.2347487,0.027132999,0.031617869,0.96139634,-12889.202,-14895.867,1.7952e-05,0.090212099,0.12079069,16.641228,0.085861064,20.663094,-534.44354,0.16664448,20.46879
-1.2360451,0.026927609,0.031379335,0.90842986,-12899.53,-14908.35,1.7968e-05,0.090173259,0.12929282,16.634064,0.08585301,20.654476,-568.69867,0.16715415,20.46188
-1.2373327,0.026722057,0.031140603,0.85544562,-12910.409,-14920.737,1.7984e-05,0.090445459,0.13791564,16.684275,0.085844398,20.645683,-603.44012,0.16608967,20.454821
-1.2386116,0.026516328,0.030901676,0.80244279,-12920.898,-14933.031,1.8e-05,0.090240456,0.14647268,16.64646,0.085835226,20.636715,-637.9165,0.16681905,20.447611
-1.2398818,0.026310433,0.030662552,0.74942052,-12931.943,-14945.23,1.8016e-05,0.089665845,0.15478097,16.540462,0.085825518,20.627571,-671.39062,0.16664998,20.44025
-1.2411431,0.026104361,0.030423233,0.69637799,-12941.979,-14957.336,1.8032e-05,0.089871772,0.16314133,16.578449,0.085815273,20.61825,-705.07465,0.16604754,20.432741
-1.2423958,0.025898125,0.030183725,0.64331436,-12952.388,-14969.347,1.8048e-05,0.090119928,0.17145894,16.624226,0.085804485,20.608753,-738.58643,0.16699545,20.425079
-1.2436397,0.025691722,0.029944025,0.59022874,-12962.121,-14981.263,1.8064e-05,0.089850806,0.17990318,16.574581,0.08579316,20.599081,-772.60828,0.16700949,20.417267
-1.244875,0.025485162,0.029704135,0.5371204,-12971.234,-14993.084,1.808e-05,0.090037003,0.18823202,16.608929,0.085781299,20.589233,-806.16522,0.16539018,20.409302
-1.2461014,0.025278447,0.029464059,0.48398846,-12981.504,-15004.811,1.8096e-05,0.089961171,0.19671878,16.59494,0.085768886,20.579208,-840.35852,0.16598895,20.401186
-1.2473192,0.025071582,0.029223794,0.43083209,-12991.711,-15016.442,1.8112e-05,0.089969493,0.20526157,16.596476,0.085755929,20.569008,-874.77747,0.1659981,20.392918
-1.2485282,0.024864547,0.028983347,0.37765053,-13001.84,-15027.979,1.8128e-05,0.089789465,0.21375877,16.563265,0.085742421,20.558632,-909.01276,0.1665621,20.384495
-1.2497287,0.024657356,0.028742716,0.32444289,-13012.638,-15039.422,1.8144e-05,0.090123937,0.22221002,16.624964,0.08572837,20.548082,-943.06293,0.16671163,20.375921
-1.2509205,0.024449989,0.028501904,0.27120844,-13023.293,-15050.77,1.816e-05,0.089821212,0.23065673,16.569122,0.085713774,20.537355,-977.09473,0.16655476,20.367193
-1.2521037,0.024242459,0.028260911,0.21794631,-13033.614,-15062.021,1.8176e-05,0.08960142,0.23891617,16.528578,0.085698642,20.526453,-1010.3721,0.16646138,20.358311
-1.2532783,0.024034753,0.028019741,0.16465572,-13042.562,-15073.178,1.8192e-05,0.089709312,0.24753036,16.548481,0.085682958,20.515375,-1045.0787,0.16671652,20.349276
-1.2544442,0.023826903,0.027778393,0.11133588,-13052.564,-15084.24,1.8208e-05,0.089513257,0.25598022,16.512314,0.085666731,20.504122,-1079.1234,0.16613361,20.340084
-1.2556016,0.023618892,0.027536869,0.057986014,-13062.782,-15095.206,1.8224e-05,0.089713015,0.26447946,16.549164,0.08564996,20.492695,-1113.3668,0.16647603,20.33074
-1.2567506,0.023410726,0.027295172,0.0046053268,-13071.76,-15106.077,1.824e-05,0.089097708,0.27280676,16.435659,0.085632637,20.481092,-1146.9176,0.16503251,20.321239
-1.2578912,0.023202401,0.027053302,-0.048806954,-13081.004,-15116.854,1.8256e-05,0.089446053,0.28077158,16.499918,0.085614793,20.469315,-1179.0081,0.16558734,20.311584
-1.2590232,0.022993937,0.026811263,-0.10225159,-13089.55,-15127.533,1.8272e-05,0.089190498,0.28931129,16.452776,0.08559642,20.457361,-1213.4146,0.1660628,20.301773
-1.260147,0.022785325,0.026569052,-0.15572935,-13098.97,-15138.118,1.8288e-05,0.088987045,0.29781595,16.415245,0.085577495,20.445232,-1247.6799,0.16590045,20.291805
-1.2612623,0.022576574,0.026326675,-0.20924097,-13107.88,-15148.607,1.8304e-05,0.089393027,0.30625996,16.490137,0.085558027,20.43293,-1281.7009,0.16558854,20.281681
-1.2623694,0.022367671,0.026084131,-0.26278722,-13116.054,-15159.001,1.832e-05,0.089271881,0.31470188,16.467789,0.085538015,20.420454,-1315.7135,0.16509293,20.2714
-1.2634681,0.02215864,0.025841421,-0.31636882,-13125.16,-15169.298,1.8336e-05,0.089314729,0.32342693,16.475693,0.085517444,20.407803,-1350.8667,0.16531022,20.260962
-1.2645588,0.021949461,0.02559855,-0.36998647,-13134.18,-15179.5,1.8352e-05,0.088768788,0.33207932,16.374985,0.085496314,20.394976,-1385.7272,0.16559893,20.250368
-1.2656412,0.021740144,0.025355516,-0.42364094,-13142.569,-15189.605,1.8368e-05,0.089218862,0.34070271,16.458008,0.085474633,20.381975,-1420.4711,0.16650777,20.239614
-1.2667156,0.021530682,0.025112322,-0.47733286,-13152.175,-15199.616,1.8384e-05,0.088979647,0.34891385,16.413879,0.0854524,20.368801,-1453.5537,0.16440322,20.228704
-1.267782,0.021321082,0.024868969,-0.53106302,-13160.042,-15209.53,1.84e-05,0.08882428,0.35710013,16.38522,0.085429646,20.355452,-1486.5364,0.1652559,20.217634
-1.2688402,0.021111337,0.02462546,-0.58483201,-13168.902,-15219.348,1.8416e-05,0.089096479,0.36550871,16.435432,0.085406356,20.34193,-1520.4147,0.16554277,20.206408
-1.2698905,0.020901464,0.024381794,-0.63864052,-13177.571,-15229.069,1.8432e-05,0.088750906,0.37365896,16.371685,0.085382529,20.328234,-1553.252,0.1645204,20.195021
-1.270933,0.020691445,0.024137976,-0.69248933,-13185.87,-15238.695,1.8448e-05,0.088530496,0.38213015,16.331026,0.085358165,20.314363,-1587.3824,0.16474685,20.183475
-1.2719676,0.020481296,0.023894005,-0.7463789,-13193.533,-15248.225,1.8464e-05,0.088724397,0.3909429,16.366795,0.08533325,20.300318,-1622.8892,0.16527726,20.17177
-1.2729945,0.020271014,0.023649881,-0.80031002,-13201.276,-15257.657,1.848e-05,0.088696964,0.39993525,16.361734,0.085307762,20.2861,-1659.1194,0.16595843,20.159906
-1.2740136,0.020060616,0.02340561,-0.85428321,-13208.071,-15266.994,1.8496e-05,0.088679388,0.40870634,16.358494,0.085281692,20.271709,-1694.4583,0.16458938,20.147881
-1.2750251,0.019850094,0.02316119,-0.90829915,-13215.069,-15276.234,1.8512e-05,0.08836773,0.41727081,16.301003,0.085255072,20.257145,-1728.9646,0.16543534,20.135696
-1.2760289,0.01963947,0.022916622,-0.96235847,-13222.039,-15285.378,1.8528e-05,0.088520326,0.42572913,16.329151,0.085227899,20.242407,-1763.0432,0.16524918,20.12335
-1.2770251,0.019428726,0.022671912,-1.0164616,-13228.829,-15294.425,1.8544e-05,0.08798147,0.43401238,16.22975,0.085200191,20.227497,-1796.4165,0.16522904,20.110846
-1.2780138,0.01921788,0.022427058,-1.0706093,-13235.991,-15303.375,1.856e-05,0.088322416,0.44231135,16.292643,0.085171945,20.212412,-1829.8531,0.16472365,20.098177
-1.278995,0.019006915,0.022182062,-1.124802,-13242.474,-15312.229,1.8576e-05,0.088007987,0.45081571,16.23464,0.085143156,20.197155,-1864.1172,0.16472243,20.085348
-1.2799689,0.018795848,0.021936927,-1.1790402,-13251.164,-15320.986,1.8592e-05,0.088187702,0.45921424,16.267792,0.085113823,20.181726,-1897.955,0.16455825,20.072359
-1.2809353,0.018584652,0.021691652,-1.2333245,-13258.727,-15329.646,1.8608e-05,0.087596141,0.46729553,16.158669,0.085083961,20.166122,-1930.5145,0.16451064,20.059208
-1.2818944,0.018373333,0.021446241,-1.2876555,-13265.82,-15338.21,1.8624e-05,0.088065319,0.4754501,16.245216,0.085053571,20.150349,-1963.3695,0.16405225,20.045893
-1.2828462,0.018161889,0.021200694,-1.3420335,-13273.785,-15346.677,1.864e-05,0.087515682,0.48372826,16.143826,0.085022658,20.134401,-1996.7222,0.1647023,20.032417
-1.2837908,0.017950332,0.020955013,-1.3964591,-13280.113,-15355.047,1.8656e-05,0.087717593,0.4922477,16.181072,0.084991202,20.11828,-2031.0471,0.16432874,20.018778
-1.2847283,0.017738655,0.0207092,-1.4509327,-13287.812,-15363.319,1.8672e-05,0.087258279,0.50054216,16.096344,0.084959202,20.101988,-2064.4656,0.16388318,20.004976
-1.2856585,0.017526872,0.020463256,-1.5054549,-13293.896,-15371.495,1.8688e-05,0.087538183,0.50897169,16.147978,0.084926665,20.085524,-2098.4282,0.16455702,19.991013
-1.2865815,0.017314972,0.020217184,-1.5600259,-13300.802,-15379.573,1.8704e-05,0.087203093,0.51786047,16.086164,0.084893562,20.068888,-2134.2412,0.16382396,19.976885
-1.2874976,0.017102975,0.019970981,-1.6146462,-13306.907,-15387.555,1.872e-05,0.086821772,0.5261637,16.015821,0.084859915,20.052078,-2167.6951,0.1639906,19.962595
-1.2884065,0.016890869,0.019724656,-1.6693162,-13313.495,-15395.439,1.8736e-05,0.087250262,0.5344457,16.094864,0.084825724,20.035099,-2201.0632,0.16414075,19.948139
-1.2893084,0.016678667,0.019478204,-1.7240362,-13319.709,-15403.227,1.8752e-05,0.08722344,0.54290199,16.089918,0.084791005,20.017946,-2235.1338,0.16497634,19.933521
-1.2902033,0.016466355,0.019231629,-1.7788066,-13326.797,-15410.916,1.8768e-05,0.086757652,0.55114609,16.003994,0.084755741,20.000624,-2268.3494,0.16356029,19.918739
-1.2910913,0.016253943,0.018984932,-1.8336278,-13333.507,-15418.509,1.8784e-05,0.086851977,0.55942339,16.021395,0.084719941,19.983128,-2301.6987,0.16395947,19.903793
-1.2919723,0.016041415,0.018738117,-1.8885,-13339.823,-15426.003,1.88e-05,0.086764738,0.56777358,16.005301,0.084683612,19.965462,-2335.3416,0.16352671,19.888681
-1.2928462,0.01582879,0.018491182,-1.9434235,-13344.831,-15433.401,1.8816e-05,0.086750865,0.57621324,16.002743,0.084646739,19.947624,-2369.345,0.16348155,19.873405
-1.2937133,0.015616069,0.018244131,-1.9983987,-13349.987,-15440.701,1.8832e-05,0.087278314,0.584692,16.100039,0.084609322,19.929615,-2403.5059,0.16356273,19.857965
-1.2945734,0.015403272,0.017996965,-2.0534256,-13355.708,-15447.903,1.8848e-05,0.086811908,0.59282953,16.014002,0.084571369,19.911436,-2436.2922,0.16338207,19.842361
-1.2954266,0.015190382,0.017749684,-2.1085048,-13360.253,-15455.009,1.8864e-05,0.086582243,0.60093355,15.971637,0.084532887,19.893084,-2468.9434,0.16311593,19.826591
-1.2962729,0.014977417,0.017502293,-2.163636,-13365.986,-15462.016,1.888e-05,0.086021505,0.60916138,15.868198,0.084493883,19.874563,-2502.0935,0.16312082,19.810656
-1.2971122,0.014764362,0.017254788,-2.2188199,-13372.794,-15468.926,1.8896e-05,0.086357825,0.61750251,15.930239,0.08445435,19.855869,-2535.7,0.16338389,19.794556
-1.2979447,0.014551212,0.017007178,-2.2740564,-13378.529,-15475.737,1.8912e-05,0.086170398,0.62579501,15.895665,0.084414274,19.837008,-2569.1106,0.16269478,19.77829
-1.2987701,0.014337957,0.016759459,-2.3293457,-13383.523,-15482.451,1.8928e-05,0.086113058,0.63372022,15.885088,0.084373675,19.817972,-2601.0413,0.16295481,19.761858
-1.2995887,0.014124623,0.016511634,-2.3846877,-13389.42,-15489.067,1.8944e-05,0.08566422,0.64168984,15.802292,0.08433257,19.798769,-2633.1509,0.16280954,19.74526
-1.3004001,0.013911194,0.016263703,-2.4400828,-13395.003,-15495.586,1.896e-05,0.085876003,0.64969045,15.841358,0.084290944,19.779394,-2665.3853,0.16324595,19.728497
-1.3012047,0.013697681,0.016015671,-2.4955311,-13400.038,-15502.007,1.8976e-05,0.086177491,0.65830785,15.896973,0.084248781,19.75985,-2700.105,0.16203497,19.711567
-1.3020023,0.013484077,0.015767539,-2.5510323,-13405.271,-15508.33,1.8992e-05,0.085822053,0.66656166,15.831407,0.084206082,19.740133,-2733.3596,0.16224433,19.694471
-1.3027928,0.013270396,0.015519305,-2.6065867,-13412.245,-15514.555,1.9008e-05,0.08552365,0.67478573,15.776361,0.084162846,19.720247,-2766.4944,0.16247444,19.67721
-1.3035761,0.01305661,0.015270974,-2.6621945,-13417.255,-15520.682,1.9024e-05,0.085294299,0.68315119,15.734053,0.084119074,19.700193,-2800.199,0.16278817,19.659782
-1.3043525,0.012842736,0.015022547,-2.717855,-13422.347,-15526.71,1.904e-05,0.085438877,0.69133556,15.760723,0.084074773,19.679968,-2833.1738,0.16256355,19.642187
-1.3051217,0.012628775,0.014774024,-2.7735689,-13428.438,-15532.641,1.9056e-05,0.085352562,0.69986308,15.744801,0.084029935,19.659573,-2867.5312,0.16252144,19.624426
-1.3058836,0.01241473,0.014525409,-2.8293357,-13432.608,-15538.474,1.9072e-05,0.084964149,0.70866758,15.67315,0.083984531,19.639008,-2903.0046,0.16227913,19.606499
-1.3066385,0.012200599,0.014276702,-2.8851552,-13438.202,-15544.208,1.9088e-05,0.084900647,0.71699798,15.661436,0.083938584,19.618273,-2936.5679,0.16244514,19.588406
-1.3073859,0.011986394,0.014027905,-2.9410276,-13443.177,-15549.844,1.9104e-05,0.084735721,0.72527593,15.631013,0.083892092,19.59737,-2969.9199,0.16229621,19.570143
-1.3081262,0.011772099,0.013779018,-2.9969528,-13448.925,-15555.382,1.912e-05,0.085077278,0.73366833,15.694019,0.083845071,19.576296,-3003.7329,0.1615479,19.551716
-1.308859,0.011557723,0.013530045,-3.0529304,-13454.985,-15560.822,1.9136e-05,0.084617347,0.74183649,15.609177,0.083797507,19.555054,-3036.6426,0.16190557,19.533121
-1.3095845,0.011343247,0.013280987,-3.1089602,-13459.603,-15566.163,1.9152e-05,0.08425051,0.75005984,15.541507,0.083749421,19.533642,-3069.7744,0.16179083,19.514359
-1.3103025,0.011128694,0.013031844,-3.1650419,-13464.177,-15571.406,1.9168e-05,0.084207043,0.75827652,15.533488,0.083700806,19.51206,-3102.8796,0.16144596,19.49543
-1.311013,0.010914059,0.012782619,-3.2211757,-13469.805,-15576.551,1.9184e-05,0.084232934,0.76629406,15.538265,0.083651669,19.490309,-3135.1824,0.16110538,19.476336
-1.3117158,0.010699349,0.012533314,-3.2773607,-13474.411,-15581.598,1.92e-05,0.084158339,0.77496493,15.524504,0.083601989,19.46839,-3170.1172,0.16112003,19.457071
-1.3124112,0.010484552,0.012283929,-3.3335972,-13478.522,-15586.546,1.9216e-05,0.083777621,0.78355074,15.454275,0.083551757,19.446301,-3204.7095,0.16076845,19.437641
-1.3130988,0.010269692,0.012034466,-3.3898842,-13482.522,-15591.396,1.9232e-05,0.083905861,0.79205298,15.477931,0.083500966,19.424044,-3238.9653,0.16071536,19.418045
-1.3137786,0.010054761,0.011784928,-3.4462221,-13487.115,-15596.146,1.9248e-05,0.084197178,0.80076486,15.531669,0.083449632,19.401617,-3274.0654,0.1609882,19.398281
-1.3144507,0.0098397667,0.011535315,-3.5026097,-13491.494,-15600.799,1.9264e-05,0.083845139,0.80934983,15.466728,0.083397731,19.379023,-3308.6543,0.16189826,19.378349
-1.315115,0.0096246935,0.011285629,-3.5590475,-13495.288,-15605.353,1.928e-05,0.082885496,0.81760699,15.289706,0.083345294,19.356258,-3341.9226,0.16116397,19.358252
-1.3157713,0.0094095636,0.011035873,-3.6155341,-13498.777,-15609.808,1.9296e-05,0.083339885,0.82568431,15.373526,0.083292328,19.333326,-3374.4663,0.16151921,19.337986
-1.3164196,0.0091943685,0.010786046,-3.6720698,-13501.82,-15614.165,1.9312e-05,0.083465353,0.83379334,15.39667,0.08323884,19.310225,-3407.1375,0.16014038,19.317554
-1.31706,0.0089791277,0.010536151,-3.7286537,-13505.23,-15618.423,1.9328e-05,0.083252952,0.84184247,15.35749,0.083184831,19.286957,-3439.5676,0.16008057,19.296955
-1.3176923,0.0087638292,0.01028619,-3.7852855,-13507.862,-15622.583,1.9344e-05,0.082916327,0.84982854,15.295393,0.0831303,19.263517,-3471.7437,0.16053896,19.27619
-1.3183163,0.0085484888,0.010036164,-3.8419642,-13512.16,-15626.644,1.936e-05,0.082708247,0.8581056,15.257009,0.083075248,19.239912,-3505.0918,0.16011903,19.255257
-1.3189323,0.008333086,0.009786074,-3.89869,-13515.688,-15630.605,1.9376e-05,0.082845114,0.86612558,15.282257,0.083019674,19.216137,-3537.4043,0.15976195,19.234156
-1.31954,0.0081176274,0.0095359227,-3.9554615,-13519.546,-15634.469,1.9392e-05,0.08303038,0.87430406,15.316433,0.082963578,19.192194,-3570.3555,0.15983643,19.212889
-1.3201394,0.0079021025,0.0092857108,-4.0122786,-13521.497,-15638.233,1.9408e-05,0.082377784,0.88271379,15.196049,0.082906947,19.168083,-3604.2385,0.1594757,19.191456
-1.3207304,0.0076865396,0.0090354402,-4.0691404,-13524.406,-15641.899,1.9424e-05,0.082590483,0.89116079,15.235286,0.082849771,19.143805,-3638.2715,0.15926695,19.169855
-1.3213131,0.0074709305,0.0087851128,-4.1260462,-13526.955,-15645.467,1.944e-05,0.082180798,0.89957601,15.159712,0.082792051,19.119358,-3672.1765,0.15951964,19.148087
-1.3218874,0.0072552846,0.0085347295,-4.1829948,-13530.324,-15648.935,1.9456e-05,0.0823038,0.90798157,15.182401,0.082733788,19.094744,-3706.0425,0.15919188,19.126154
-1.3224531,0.0070395838,0.0082842931,-4.2399869,-13533.099,-15652.304,1.9472e-05,0.082388259,0.91614151,15.197982,0.082674995,19.06996,-3738.9189,0.15977599,19.104053
-1.3230104,0.0068238419,0.0080338037,-4.29702,-13534.728,-15655.574,1.9488e-05,0.081754155,0.92464691,15.08101,0.082615659,19.04501,-3773.1875,0.1596466,19.081787
-1.323559,0.0066080578,0.0077832639,-4.3540945,-13537.464,-15658.746,1.9504e-05,0.081575051,0.93306464,15.047971,0.082555786,19.019892,-3807.1025,0.15953551,19.059355
-1.3240991,0.0063922461,0.0075326748,-4.4112086,-13538.912,-15661.819,1.952e-05,0.081548847,0.94111186,15.043138,0.082495376,18.994604,-3839.5247,0.15904477,19.036757
-1.3246305,0.0061763939,0.0072820378,-4.4683623,-13541.21,-15664.793,1.9536e-05,0.081498295,0.94946718,15.033812,0.082434438,18.969151,-3873.1885,0.15870662,19.01399
-1.3251532,0.005960519,0.0070313551,-4.5255547,-13542.497,-15667.668,1.9552e-05,0.081299461,0.95797807,14.997133,0.082372956,18.943529,-3907.479,0.15880428,18.99106
-1.3256673,0.0057446081,0.0067806281,-4.5827842,-13545.271,-15670.443,1.9568e-05,0.081207596,0.96608829,14.980187,0.082310937,18.91774,-3940.155,0.15932249,18.967964
-1.3261725,0.0055286717,0.0065298583,-4.6400499,-13546.654,-15673.12,1.9584e-05,0.080870353,0.97434014,14.917976,0.082248397,18.891783,-3973.4019,0.15878902,18.944702
-1.326669,0.0053126952,0.0062790471,-4.6973515,-13548.455,-15675.698,1.96e-05,0.081176773,0.98253173,14.974501,0.082185321,18.865658,-4006.4058,0.15919614,18.921274
-1.3271567,0.005096701,0.0060281963,-4.7546873,-13550.325,-15678.178,1.9616e-05,0.080599695,0.99077147,14.868049,0.082121722,18.839367,-4039.6038,0.15858455,18.897682
-1.3276355,0.0048806691,0.0057773073,-4.8120565,-13553.635,-15680.557,1.9632e-05,0.080900252,0.99888778,14.923492,0.082057588,18.812908,-4072.3044,0.15861385,18.873924
-1.3281056,0.0046646022,0.005526382,-4.8694577,-13555.579,-15682.838,1.9648e-05,0.08059106,1.0068859,14.866456,0.081992939,18.786282,-4104.5288,0.1585229,18.85
-1.3285668,0.0044484874,0.0052754213,-4.9268909,-13556.725,-15685.02,1.9664e-05,0.080269538,1.015251,14.807146,0.081927761,18.759487,-4138.2319,0.15741508,18.825912
-1.329019,0.0042323554,0.005024428,-4.9843535,-13558.716,-15687.103,1.968e-05,0.080459736,1.0236338,14.842232,0.08186204,18.732527,-4172.0068,0.15789728,18.801661
-1.3294624,0.0040161908,0.0047734026,-5.0418453,-13560.237,-15689.086,1.9696e-05,0.080123417,1.0317341,14.780191,0.081795797,18.705399,-4204.6426,0.15737602,18.777245
-1.3298968,0.0038000057,0.0045223469,-5.0993648,-13561.644,-15690.971,1.9712e-05,0.080191545,1.0395625,14.792759,0.081729032,18.678102,-4236.1831,0.15716483,18.752663
-1.3303224,0.0035837898,0.0042712628,-5.1569109,-13563.795,-15692.756,1.9728e-05,0.079548806,1.0472598,14.674194,0.081661768,18.65064,-4267.1958,0.15716971,18.727919
-1.3307389,0.0033675521,0.0040201517,-5.2144818,-13566.846,-15694.442,1.9744e-05,0.07975781,1.0552646,14.712749,0.081593998,18.623011,-4299.4468,0.15804194,18.703011
-1.3311466,0.003151265,0.0037690152,-5.2720771,-13568.188,-15696.029,1.976e-05,0.079666257,1.0634816,14.69586,0.081525706,18.595215,-4332.5537,0.15746269,18.677938
-1.3315452,0.0029349511,0.003517855,-5.3296947,-13570.065,-15697.517,1.9776e-05,0.079244241,1.0718777,14.618011,0.081456885,18.567251,-4366.3813,0.15815485,18.652704
-1.3319349,0.0027186042,0.0032666726,-5.3873339,-13570.714,-15698.906,1.9792e-05,0.07878276,1.0794945,14.532884,0.081387542,18.53912,-4397.0698,0.1571746,18.627306
-1.3323158,0.0025022449,0.0030154693,-5.444993,-13572.255,-15700.195,1.9808e-05,0.07916563,1.0876347,14.603511,0.081317686,18.510822,-4429.8667,0.1566802,18.601744
-1.3326876,0.0022858607,0.0027642471,-5.5026708,-13572.343,-15701.386,1.9824e-05,0.079022594,1.0957078,14.577125,0.081247315,18.482359,-4462.3931,0.15677358,18.576021
-1.3330504,0.0020694716,0.0025130075,-5.5603657,-13573.295,-15702.478,1.984e-05,0.078779064,1.1034909,14.532201,0.08117643,18.453728,-4493.7515,0.1557854,18.550135
-1.3334043,0.0018530664,0.002261752,-5.6180758,-13573.974,-15703.47,1.9856e-05,0.078616917,1.1116382,14.50229,0.081105031,18.424931,-4526.5771,0.15648793,18.524088
-1.3337493,0.0016366557,0.0020104821,-5.6758003,-13575.35,-15704.362,1.9872e-05,0.078438118,1.1195371,14.469308,0.081033118,18.395966,-4558.4014,0.15594897,18.497877
-1.3340852,0.0014202202,0.0017591998,-5.7335377,-13577.162,-15705.156,1.9888e-05,0.078055866,1.1275344,14.398795,0.080960691,18.366835,-4590.6226,0.15700674,18.471508
-1.3344123,0.0012037667,0.0015079061,-5.791286,-13578.15,-15705.851,1.9904e-05,0.07798589,1.1353602,14.385886,0.08088775,18.337538,-4622.1533,0.15596119,18.444975
-1.3347304,0.00098728342,0.001256603,-5.8490438,-13580.088,-15706.446,1.992e-05,0.077679783,1.1434385,14.329419,0.080814302,18.308075,-4654.7002,0.15518051,18.418283
-1.3350396,0.00077078398,0.0010052919,-5.9068093,-13581.543,-15706.942,1.9936e-05,0.077697657,1.1516016,14.332717,0.080740325,18.278444,-4687.5894,0.15638417,18.39143
-1.3353399,0.00055425003,0.00075397448,-5.9645815,-13582.032,-15707.339,1.9952e-05,0.077463992,1.1598758,14.289613,0.080665819,18.248648,-4720.9263,0.1553264,18.364416
-1.3356313,0.00033770895,0.00050265231,-6.0223584,-13583.388,-15707.637,1.9968e-05,0.077194877,1.1677662,14.239969,0.080590799,18.218685,-4752.7173,0.15524949,18.337242
-1.3359137,0.00012114498,0.00025132694,-6.0801382,-13583.783,-15707.835,1.9984e-05,0.077202275,1.175769,14.241334,0.080515258,18.188555,-4784.9604,0.15426862,18.30991
-1.3361872,-9.5424562e-05,1.2251485e-17,-6.1379189,-13583.676,-15707.935,2e-05,0.076782413,1.1838335,14.163883,0.080439202,18.15826,-4817.4521,0.15474899,18.282417
-1.3364519,-0.0003120036,-0.00025132694,-6.1956997,-13583.369,-15707.935,2.0016e-05,0.076824643,1.1917827,14.171674,0.080362633,18.127798,-4849.48,0.15464522,18.254768
-1.3367077,-0.00052857137,-0.00050265231,-6.2534781,-13583.338,-15707.835,2.0032e-05,0.076897085,1.1994773,14.185038,0.080285557,18.097172,-4880.4814,0.15483932,18.226959
-1.3369547,-0.00074514444,-0.00075397448,-6.3112526,-13583.179,-15707.637,2.0048e-05,0.076100834,1.2073253,14.038154,0.080207981,18.066378,-4912.1016,0.15516098,18.198992
-1.3371929,-0.00096170796,-0.0010052919,-6.3690209,-13582.684,-15707.339,2.0064e-05,0.076361321,1.2152393,14.086205,0.080129899,18.035418,-4943.9863,0.15446639,18.170866
-1.3374223,-0.0011782739,-0.001256603,-6.4267817,-13582.553,-15706.942,2.008e-05,0.076121487,1.2231078,14.041964,0.080051303,18.004292,-4975.689,0.15399517,18.142584
-1.3376428,-0.0013948274,-0.0015079061,-6.4845328,-13582.952,-15706.446,2.0096e-05,0.076358855,1.2310901,14.085751,0.0799722,17.973001,-5007.8496,0.15413252,18.114145
-1.3378545,-0.0016113912,-0.0017591998,-6.5422726,-13582.9,-15705.851,2.0112e-05,0.075987391,1.238831,14.017227,0.079892591,17.941544,-5039.0381,0.15372235,18.085548
-1.3380575,-0.0018279498,-0.0020104821,-6.599999,-13583.241,-15705.156,2.0128e-05,0.075737998,1.2464886,13.971223,0.079812482,17.909922,-5069.8901,0.15312235,18.056797
-1.3382517,-0.0020445182,-0.002261752,-6.6577101,-13581.551,-15704.362,2.0144e-05,0.075382873,1.2542008,13.905714,0.079731882,17.878134,-5100.9629,0.15343791,18.027889
-1.3384371,-0.002261067,-0.0025130075,-6.715404,-13581.502,-15703.47,2.016e-05,0.075450696,1.2619447,13.918224,0.079650782,17.84618,-5132.1631,0.15338908,17.998825
-1.3386139,-0.0024776105,-0.0027642471,-6.7730789,-13580.261,-15702.478,2.0176e-05,0.074782372,1.2695615,13.79494,0.079569183,17.81406,-5162.8516,0.15279397,17.969608
-1.338782,-0.0026941351,-0.0030154693,-6.8307319,-13578.892,-15701.387,2.0192e-05,0.074891806,1.2775331,13.815127,0.079487085,17.781776,-5194.9688,0.15296549,17.940235
-1.3389412,-0.0029106464,-0.0032666726,-6.8883619,-13577.587,-15700.196,2.0208e-05,0.074604809,1.2854071,13.762186,0.079404481,17.749327,-5226.6929,0.15307291,17.910707
-1.3390919,-0.0031271286,-0.003517855,-6.9459662,-13576.605,-15698.906,2.0224e-05,0.074722566,1.2929581,13.783908,0.07932137,17.716711,-5257.1167,0.15262002,17.881027
-1.3392339,-0.0033436008,-0.0037690152,-7.0035434,-13576.896,-15697.518,2.024e-05,0.073911205,1.3008937,13.634238,0.079237767,17.683931,-5289.0889,0.15277871,17.851194
-1.3393672,-0.0035600604,-0.0040201517,-7.0610905,-13575.906,-15696.029,2.0256e-05,0.074180014,1.3087419,13.683825,0.079153657,17.650988,-5320.7095,0.15270546,17.821209
-1.3394918,-0.0037765212,-0.0042712628,-7.1186061,-13573.374,-15694.442,2.0272e-05,0.073881611,1.3169569,13.628779,0.079069018,17.617878,-5353.8076,0.15226477,17.791071
-1.339608,-0.0039929445,-0.0045223469,-7.1760879,-13571.455,-15692.757,2.0288e-05,0.073968545,1.3250417,13.644815,0.078983866,17.584602,-5386.3813,0.15195777,17.76078
-1.3397155,-0.0042093406,-0.0047734026,-7.2335334,-13568.186,-15690.971,2.0304e-05,0.073682472,1.3327566,13.592044,0.078898199,17.551165,-5417.4653,0.15259926,17.730339
-1.3398143,-0.0044256859,-0.005024428,-7.2909403,-13565.653,-15689.087,2.032e-05,0.07355947,1.3404219,13.569355,0.078812033,17.517561,-5448.3486,0.15199195,17.699747
-1.3399047,-0.0046419939,-0.0052754213,-7.3483071,-13563.603,-15687.104,2.0336e-05,0.073093683,1.3479298,13.483431,0.078725383,17.483791,-5478.5981,0.15199317,17.669004
-1.3399863,-0.0048582572,-0.005526382,-7.4056306,-13562.311,-15685.021,2.0352e-05,0.072928451,1.3557436,13.452951,0.078638241,17.44986,-5510.0801,0.15140477,17.638111
-1.3400595,-0.0050745029,-0.0057773073,-7.4629092,-13561.141,-15682.839,2.0368e-05,0.072780788,1.3630866,13.425713,0.078550607,17.415764,-5539.6646,0.15008821,17.607069
-1.3401242,-0.0052907206,-0.0060281963,-7.5201406,-13559.696,-15680.558,2.0384e-05,0.072448164,1.3705297,13.364355,0.078462496,17.381502,-5569.6533,0.15155369,17.575878
-1.3401803,-0.0055069253,-0.0062790471,-7.5773225,-13557.027,-15678.178,2.04e-05,0.072305441,1.3779789,13.338026,0.078373909,17.347078,-5599.666,0.15083835,17.54454
-1.340228,-0.0057230876,-0.0065298583,-7.6344519,-13554.036,-15675.699,2.0416e-05,0.072650701,1.3857353,13.401715,0.078284822,17.31249,-5630.9165,0.1506473,17.513054
-1.3402671,-0.0059392131,-0.0067806281,-7.6915269,-13550.793,-15673.121,2.0432e-05,0.072114624,1.393241,13.302826,0.078195252,17.277739,-5661.1572,0.15086642,17.481421
-1.3402977,-0.006155279,-0.0070313551,-7.7485456,-13546.333,-15670.444,2.0448e-05,0.071953401,1.4009377,13.273086,0.078105189,17.242823,-5692.167,0.15022859,17.449638
-1.3403198,-0.0063712918,-0.0072820378,-7.8055048,-13542.998,-15667.669,2.0464e-05,0.071908392,1.408725,13.264783,0.078014627,17.207745,-5723.5425,0.14958586,17.417713
-1.3403335,-0.0065872339,-0.0075326748,-7.8624024,-13540.081,-15664.794,2.048e-05,0.071359985,1.4163164,13.16362,0.077923574,17.172503,-5754.1279,0.15061983,17.385639
-1.3403387,-0.0068031354,-0.0077832639,-7.9192362,-13537.086,-15661.82,2.0496e-05,0.071265653,1.4235927,13.146218,0.077832036,17.137098,-5783.4443,0.15052828,17.353422
-1.3403354,-0.007018981,-0.0080338037,-7.9760032,-13533.745,-15658.747,2.0512e-05,0.071405917,1.4309973,13.172092,0.077740029,17.10153,-5813.2773,0.14938261,17.32106
-1.3403237,-0.0072347838,-0.0082842931,-8.0327015,-13530.82,-15655.576,2.0528e-05,0.071110286,1.4386029,13.117558,0.077647537,17.0658,-5843.9209,0.1496176,17.288555
-1.3403035,-0.0074505284,-0.0085347295,-8.0893288,-13527.217,-15652.306,2.0544e-05,0.070657745,1.4462621,13.034081,0.077554546,17.029907,-5874.7798,0.14934111,17.255905
-1.340275,-0.0076662293,-0.0087851128,-8.1458817,-13524.023,-15648.937,2.056e-05,0.069908656,1.4538323,12.895897,0.077461071,16.993853,-5905.2803,0.14881741,17.223114
-1.3402381,-0.0078818668,-0.0090354402,-8.2023582,-13521.41,-15645.468,2.0576e-05,0.070181474,1.4613869,12.946223,0.077367112,16.957634,-5935.7178,0.14927335,17.19018
-1.3401927,-0.008097467,-0.0092857108,-8.2587557,-13518.227,-15641.9,2.0592e-05,0.069710135,1.4687032,12.859276,0.077272668,16.921255,-5965.1948,0.14870632,17.157104
-1.3401389,-0.0083130123,-0.0095359227,-8.3150721,-13515.039,-15638.235,2.0608e-05,0.069684856,1.4761661,12.854612,0.077177748,16.884714,-5995.2632,0.14814906,17.123888
-1.3400767,-0.0085285148,-0.009786074,-8.3713045,-13509.928,-15634.471,2.0624e-05,0.069482632,1.4833571,12.817308,0.077082358,16.848013,-6024.2354,0.14861354,17.09053
-1.3400061,-0.0087439409,-0.010036164,-8.4274502,-13506.671,-15630.607,2.064e-05,0.069534115,1.4907416,12.826805,0.076986492,16.811148,-6053.9878,0.14862087,17.057034
-1.3399272,-0.0089593101,-0.01028619,-8.4835072,-13503.938,-15626.645,2.0656e-05,0.068970904,1.4983107,12.722912,0.076890148,16.774124,-6084.4839,0.14815821,17.023397
-1.3398398,-0.0091746235,-0.010536151,-8.5394716,-13502.042,-15622.584,2.0672e-05,0.068881817,1.5060229,12.706478,0.076793313,16.736938,-6115.5562,0.14823145,16.989622
-1.3397441,-0.009389909,-0.010786046,-8.5953417,-13497.729,-15618.425,2.0688e-05,0.068702094,1.5138428,12.673326,0.076695979,16.699593,-6147.063,0.14727195,16.955709
-1.33964,-0.0096051339,-0.011035873,-8.6511154,-13494.562,-15614.167,2.0704e-05,0.068556592,1.5216156,12.646485,0.076598138,16.662085,-6178.3799,0.14786889,16.921659
-1.3395276,-0.0098203085,-0.011285629,-8.706789,-13490.391,-15609.81,2.072e-05,0.068359919,1.5292116,12.610205,0.076499805,16.624418,-6208.9839,0.1470809,16.887472
-1.3394067,-0.010035415,-0.011535315,-8.7623596,-13485.83,-15605.354,2.0736e-05,0.068504192,1.5369444,12.636818,0.07640098,16.586592,-6240.1396,0.14681661,16.853149
-1.3392775,-0.01025046,-0.011784928,-8.8178263,-13481.333,-15600.801,2.0752e-05,0.068132415,1.5443418,12.568238,0.076301664,16.548605,-6269.9438,0.14699118,16.818693
-1.3391401,-0.010465424,-0.012034466,-8.8731852,-13476.147,-15596.148,2.0768e-05,0.067779757,1.5518966,12.503184,0.076201864,16.510458,-6300.3818,0.14713156,16.7841
-1.3389941,-0.010680318,-0.012283929,-8.9284334,-13470.658,-15591.397,2.0784e-05,0.067273892,1.5593606,12.409867,0.076101579,16.472155,-6330.4546,0.14599933,16.749372
-1.3388399,-0.010895118,-0.012533314,-8.9835691,-13467.137,-15586.548,2.08e-05,0.067359589,1.5673116,12.425676,0.076000802,16.433691,-6362.4893,0.14637348,16.714512
-1.3386773,-0.011109857,-0.012782619,-9.0385885,-13464.189,-15581.6,2.0816e-05,0.066773571,1.5749992,12.317575,0.075899519,16.395067,-6393.4624,0.14623432,16.67952
-1.3385063,-0.011324535,-0.013031844,-9.0934896,-13459.952,-15576.554,2.0832e-05,0.066605568,1.5826694,12.286583,0.075797737,16.356287,-6424.3657,0.14594501,16.644394
-1.3383271,-0.011539164,-0.013280987,-9.1482697,-13454.902,-15571.408,2.0848e-05,0.066636086,1.5901476,12.292213,0.07569547,16.317348,-6454.4956,0.14575884,16.609137
-1.3381394,-0.011753709,-0.013530045,-9.2029266,-13450.924,-15566.165,2.0864e-05,0.066360496,1.5977813,12.241375,0.075592719,16.278254,-6485.252,0.14594744,16.57375
-1.3379436,-0.011968192,-0.013779018,-9.2574558,-13447.317,-15560.824,2.088e-05,0.066218689,1.6052662,12.215217,0.075489476,16.238998,-6515.4082,0.14544205,16.538233
-1.3377392,-0.012182605,-0.014027905,-9.3118563,-13443.062,-15555.384,2.0896e-05,0.066013999,1.6126144,12.177459,0.075385757,16.199589,-6545.0146,0.14537676,16.502586
-1.3375266,-0.012396963,-0.014276702,-9.3661251,-13437.963,-15549.847,2.0912e-05,0.065575957,1.619797,12.096653,0.075281575,16.160021,-6573.9531,0.14518327,16.46681
-1.3373057,-0.012611237,-0.014525409,-9.4202585,-13432.575,-15544.21,2.0928e-05,0.065458193,1.6271113,12.07493,0.075176917,16.120298,-6603.4229,0.14545792,16.430906
-1.3370764,-0.012825436,-0.014774024,-9.4742556,-13426.899,-15538.476,2.0944e-05,0.065282173,1.6346055,12.042459,0.075071789,16.08042,-6633.6167,0.14465834,16.394876
-1.3368388,-0.013039537,-0.015022547,-9.5281115,-13421.923,-15532.644,2.096e-05,0.065091357,1.6418858,12.00726,0.074966177,16.040384,-6662.9492,0.14447401,16.358719
-1.3365929,-0.013253562,-0.015270974,-9.5818243,-13416.709,-15526.713,2.0976e-05,0.064736232,1.6493257,11.941751,0.074860096,16.000195,-6692.9248,0.14458205,16.322435
-1.3363386,-0.013467496,-0.015519305,-9.6353912,-13411.43,-15520.684,2.0992e-05,0.064463109,1.6565853,11.891368,0.074753538,15.959848,-6722.1738,0.14425673,16.286026
-1.336076,-0.013681356,-0.015767539,-9.6888103,-13405.602,-15514.557,2.1008e-05,0.064419642,1.664019,11.88335,0.07464651,15.919349,-6752.124,0.14432265,16.249495
-1.3358052,-0.013895118,-0.016015671,-9.7420778,-13400.818,-15508.332,2.1024e-05,0.06428308,1.6712489,11.858159,0.074539006,15.878695,-6781.2534,0.14325449,16.212837
-1.335526,-0.014108804,-0.016263703,-9.7951908,-13396.126,-15502.01,2.104e-05,0.064174257,1.6787672,11.838085,0.074431032,15.837888,-6811.5449,0.14352183,16.176058
-1.3352385,-0.014322406,-0.016511634,-9.8481474,-13389.61,-15495.589,2.1056e-05,0.063990533,1.6857011,11.804193,0.074322581,15.796927,-6839.4814,0.14359386,16.139156
-1.3349427,-0.014535924,-0.016759459,-9.9009447,-13383.58,-15489.07,2.1072e-05,0.063353032,1.6929858,11.686596,0.074213684,15.755815,-6868.8315,0.14322336,16.102133
-1.3346386,-0.014749335,-0.017007178,-9.9535799,-13377.397,-15482.454,2.1088e-05,0.062953211,1.6999815,11.612841,0.074104324,15.714548,-6897.0171,0.14332347,16.064987
-1.3343261,-0.014962656,-0.017254788,-10.006049,-13370.781,-15475.74,2.1104e-05,0.063081145,1.7070258,11.63644,0.073994502,15.67313,-6925.3984,0.14230354,16.027723
-1.3340054,-0.015175866,-0.017502293,-10.058351,-13365.774,-15468.928,2.112e-05,0.062877685,1.7139579,11.598909,0.073884241,15.631561,-6953.3286,0.14253914,15.99034
-1.3336763,-0.015388993,-0.017749684,-10.110482,-13359.567,-15462.019,2.1136e-05,0.06264957,1.7207984,11.556828,0.073773533,15.589841,-6980.8887,0.14289437,15.952838
-1.333339,-0.015602021,-0.017996965,-10.16244,-13353.387,-15455.012,2.1152e-05,0.061872117,1.7277198,11.413414,0.073662378,15.54797,-7008.7754,0.14202704,15.915217
-1.3329934,-0.015814958,-0.018244131,-10.214222,-13346.569,-15447.906,2.1168e-05,0.062109791,1.7343398,11.457257,0.073550791,15.505948,-7035.4478,0.14247628,15.87748
-1.3326395,-0.016027782,-0.018491182,-10.265825,-13340.218,-15440.704,2.1184e-05,0.061863177,1.7413645,11.411765,0.073438756,15.463778,-7063.75,0.14186041,15.839626
-1.3322773,-0.016240509,-0.018738117,-10.317246,-13332.119,-15433.404,2.12e-05,0.061687466,1.7481798,11.379352,0.073326282,15.421457,-7091.209,0.14075808,15.801657
-1.3319068,-0.01645311,-0.018984932,-10.368484,-13325.435,-15426.007,2.1216e-05,0.061315693,1.7555319,11.310772,0.073213354,15.378988,-7120.8306,0.14158025,15.763573
-1.3315279,-0.016665604,-0.019231629,-10.419534,-13318.197,-15418.512,2.1232e-05,0.061089426,1.7626299,11.269032,0.073099956,15.336371,-7149.4282,0.14078921,15.725374
-1.331141,-0.016877975,-0.019478204,-10.470394,-13310.973,-15410.919,2.1248e-05,0.061166491,1.7699473,11.283249,0.072986096,15.293607,-7178.9102,0.14101565,15.687062
-1.3307456,-0.017090242,-0.019724656,-10.521062,-13304.513,-15403.229,2.1264e-05,0.060680661,1.7770988,11.193628,0.072871767,15.250695,-7207.7236,0.14091372,15.648638
-1.3303421,-0.01730239,-0.019970981,-10.571534,-13297.04,-15395.442,2.128e-05,0.060055494,1.7839566,11.078305,0.072756983,15.207637,-7235.354,0.13988402,15.610102
-1.3299302,-0.017514436,-0.020217184,-10.621809,-13289.612,-15387.559,2.1296e-05,0.060208395,1.7907916,11.106511,0.07264176,15.164433,-7262.8921,0.14004456,15.571455
-1.32951,-0.017726351,-0.020463256,-10.671884,-13281.854,-15379.577,2.1312e-05,0.060008638,1.7977663,11.069662,0.072526097,15.121083,-7290.9932,0.13986145,15.532698
-1.3290817,-0.017938156,-0.0207092,-10.721755,-13274.969,-15371.498,2.1328e-05,0.059772812,1.8044311,11.02616,0.072409987,15.077588,-7317.8452,0.1400122,15.493831
-1.328645,-0.018149832,-0.020955013,-10.77142,-13267.977,-15363.322,2.1344e-05,0.059701603,1.8109407,11.013024,0.07229346,15.03395,-7344.0732,0.13987121,15.454855
-1.3282001,-0.01836141,-0.021200694,-10.820877,-13260.324,-15355.05,2.136e-05,0.059292533,1.8177942,10.937564,0.072176494,14.990167,-7371.6855,0.1392584,15.415771
-1.327747,-0.018572859,-0.021446241,-10.870122,-13252.964,-15346.681,2.1376e-05,0.059034821,1.8247402,10.890024,0.072059087,14.946241,-7399.6709,0.13942747,15.37658
-1.3272856,-0.018784197,-0.021691652,-10.919154,-13244.841,-15338.214,2.1392e-05,0.058593996,1.8314463,10.808706,0.071941242,14.902173,-7426.6899,0.13876705,15.337283
-1.326816,-0.018995402,-0.021936927,-10.967969,-13237.012,-15329.65,2.1408e-05,0.058790982,1.8382801,10.845043,0.071822964,14.857963,-7454.2236,0.13930784,15.29788
-1.3263382,-0.019206489,-0.022182062,-11.016565,-13229.102,-15320.99,2.1424e-05,0.058237638,1.8454137,10.74297,0.071704231,14.813612,-7482.9648,0.1379046,15.258372
-1.325852,-0.019417441,-0.022427058,-11.064939,-13222.508,-15312.232,2.144e-05,0.057808224,1.8526554,10.663756,0.071585029,14.769119,-7512.1421,0.13830256,15.21876
-1.3253578,-0.019628286,-0.022671912,-11.11309,-13213.868,-15303.379,2.1456e-05,0.057679366,1.8598304,10.639986,0.071465373,14.724487,-7541.0498,0.13858394,15.179046
-1.3248553,-0.019839,-0.022916622,-11.161013,-13205.12,-15294.429,2.1472e-05,0.057470977,1.8669654,10.601545,0.071345247,14.679716,-7569.7969,0.13724357,15.139228
-1.3243445,-0.020049583,-0.02316119,-11.208707,-13196.434,-15285.382,2.1488e-05,0.057385281,1.8739896,10.585736,0.071224667,14.634807,-7598.0977,0.13717704,15.099308
-1.3238256,-0.020260017,-0.02340561,-11.256169,-13188.461,-15276.238,2.1504e-05,0.057020292,1.8811047,10.518408,0.071103632,14.589759,-7626.7646,0.1378753,15.059288
-1.3232986,-0.020470329,-0.023649881,-11.303397,-13180.079,-15266.998,2.152e-05,0.057038788,1.8879507,10.52182,0.070982151,14.544574,-7654.3467,0.13713798,15.019168
-1.3227632,-0.020680498,-0.023894005,-11.350388,-13172.715,-15257.661,2.1536e-05,0.056457084,1.8952689,10.414515,0.070860207,14.499252,-7683.832,0.13759148,14.978948
-1.3222197,-0.020890553,-0.024137976,-11.39714,-13164.093,-15248.229,2.1552e-05,0.056569912,1.9022046,10.435328,0.070737809,14.453794,-7711.7764,0.13673696,14.938629
-1.321668,-0.021100469,-0.024381794,-11.443648,-13155.895,-15238.699,2.1568e-05,0.055777356,1.9093388,10.289126,0.070614956,14.408202,-7740.5195,0.13695425,14.898213
-1.3211081,-0.021310262,-0.02462546,-11.489914,-13148.736,-15229.073,2.1584e-05,0.055962931,1.9163127,10.323359,0.070491649,14.362475,-7768.6177,0.13607104,14.8577
-1.3205401,-0.021519922,-0.024868969,-11.535933,-13140.941,-15219.352,2.16e-05,0.055821747,1.9237409,10.297315,0.070367873,14.316614,-7798.5459,0.13597521,14.817091
-1.3199639,-0.021729471,-0.025112322,-11.581702,-13132.107,-15209.534,2.1616e-05,0.055211376,1.9306014,10.184721,0.070243642,14.27062,-7826.1865,0.13617848,14.776386
-1.3193796,-0.021938877,-0.025355516,-11.627219,-13122.572,-15199.62,2.1632e-05,0.055192571,1.9374433,10.181252,0.070118964,14.224495,-7853.7524,0.13540025,14.735586
-1.318787,-0.022148145,-0.02559855,-11.672483,-13113.859,-15189.61,2.1648e-05,0.054715682,1.94419,10.093282,0.069993854,14.178238,-7880.9355,0.13557054,14.694694
-1.3181864,-0.022357257,-0.025841421,-11.717491,-13105.902,-15179.504,2.1664e-05,0.054364562,1.9510623,10.028512,0.069868296,14.13185,-7908.624,0.13498032,14.653707
-1.3175776,-0.022566248,-0.026084131,-11.76224,-13097.077,-15169.303,2.168e-05,0.054826658,1.9580138,10.113753,0.0697423,14.085333,-7936.6318,0.13518235,14.612628
-1.3169606,-0.022775093,-0.026326675,-11.806728,-13086.929,-15159.005,2.1696e-05,0.053815845,1.9645875,9.9272909,0.069615871,14.038687,-7963.1172,0.13487594,14.571458
-1.3163356,-0.022983795,-0.026569052,-11.850954,-13077.99,-15148.611,2.1712e-05,0.053924356,1.9714156,9.9473076,0.069489002,13.991912,-7990.6279,0.13475692,14.530197
-1.3157023,-0.023192335,-0.026811263,-11.894914,-13068.184,-15138.122,2.1728e-05,0.053646915,1.9783099,9.8961287,0.069361694,13.945009,-8018.4048,0.13429792,14.488847
-1.315061,-0.023400735,-0.027053302,-11.938606,-13059.092,-15127.538,2.1744e-05,0.053073537,1.9851743,9.7903595,0.069233947,13.897981,-8046.062,0.13376446,14.447407
-1.3144115,-0.023608975,-0.027295172,-11.982028,-13049.834,-15116.857,2.176e-05,0.05333649,1.9919475,9.8388653,0.069105752,13.850826,-8073.3511,0.13389874,14.405879
-1.313754,-0.023817077,-0.027536869,-12.025179,-13040.334,-15106.082,2.1776e-05,0.052970577,1.9986367,9.7713661,0.068977125,13.803548,-8100.3018,0.13353923,14.364264
-1.3130882,-0.024025019,-0.027778393,-12.068054,-13030.51,-15095.211,2.1792e-05,0.05247334,2.0055418,9.6796417,0.068848066,13.756145,-8128.1226,0.133137,14.322561
-1.3124144,-0.024232816,-0.028019741,-12.110655,-13020.534,-15084.244,2.1808e-05,0.052228577,2.0125287,9.634491,0.068718553,13.708618,-8156.2729,0.13304605,14.280773
-1.3117325,-0.024440445,-0.028260911,-12.152976,-13011.519,-15073.183,2.1824e-05,0.05193603,2.018903,9.5805254,0.068588614,13.66097,-8181.9551,0.13344584,14.238899
-1.3110425,-0.024647932,-0.028501904,-12.195017,-13001.765,-15062.025,2.184e-05,0.051940344,2.0254326,9.5813217,0.068458259,13.613199,-8208.2627,0.13261697,14.196941
-1.3103445,-0.024855258,-0.028742716,-12.236776,-12991.52,-15050.773,2.1856e-05,0.051684484,2.0319233,9.5341234,0.068327479,13.56531,-8234.4131,0.13309366,14.1549
-1.3096383,-0.025062434,-0.028983347,-12.27825,-12981.973,-15039.427,2.1872e-05,0.051102784,2.0386968,9.4268179,0.068196274,13.5173,-8261.7041,0.13187537,14.112776
-1.3089241,-0.025269443,-0.029223794,-12.319438,-12971.555,-15027.984,2.1888e-05,0.051305007,2.0454381,9.4641218,0.068064637,13.469171,-8288.8652,0.13160436,14.070569
-1.3082018,-0.025476301,-0.029464059,-12.360337,-12961.907,-15016.447,2.1904e-05,0.050661035,2.0518746,9.3453302,0.067932568,13.420924,-8314.7979,0.13224524,14.028281
-1.3074714,-0.025682988,-0.029704135,-12.400946,-12951.447,-15004.815,2.192e-05,0.050503511,2.0583518,9.3162718,0.06780009,13.372561,-8340.8936,0.1318949,13.985913
-1.3067329,-0.025889525,-0.029944025,-12.441262,-12939.945,-14993.089,2.1936e-05,0.050433841,2.0648398,9.3034201,0.067667186,13.324082,-8367.0342,0.13121006,13.943465
-1.3059863,-0.026095875,-0.030183725,-12.481285,-12928.919,-14981.268,2.1952e-05,0.050216205,2.0715373,9.2632732,0.067533866,13.275489,-8394.0186,0.13115939,13.900938
-1.3052317,-0.026302055,-0.030423233,-12.521011,-12917.557,-14969.352,2.1968e-05,0.049650226,2.078064,9.1588678,0.067400113,13.226781,-8420.3145,0.13088839,13.858334
-1.3044691,-0.026508044,-0.030662552,-12.56044,-12906.928,-14957.341,2.1984e-05,0.049300648,2.0847874,9.0943823,0.067265935,13.177959,-8447.4033,0.13052279,13.815651
-1.3036983,-0.02671387,-0.030901676,-12.599569,-12895.571,-14945.235,2.2e-05,0.049115378,2.0911119,9.0602064,0.067131341,13.129027,-8472.8848,0.13086887,13.772892
-1.3029196,-0.026919508,-0.031140603,-12.638397,-12886.087,-14933.036,2.2016e-05,0.048856128,2.0980139,9.0123825,0.066996314,13.079984,-8500.6934,0.13055634,13.730057
-1.3021327,-0.027124994,-0.031379335,-12.676923,-12876.442,-14920.742,2.2032e-05,0.048782144,2.1043615,8.9987345,0.066860862,13.030829,-8526.2676,0.13014984,13.687146
-1.3013378,-0.027330313,-0.031617869,-12.715143,-12865.951,-14908.354,2.2048e-05,0.048489287,2.1108904,8.9447126,0.066725001,12.981566,-8552.5732,0.12968902,13.644162
-1.300535,-0.027535481,-0.031856202,-12.753057,-12853.227,-14895.872,2.2064e-05,0.048000067,2.1172233,8.8544674,0.066588715,12.932196,-8578.0889,0.13009919,13.601104
-1.299724,-0.027740452,-0.032094337,-12.790664,-12841.24,-14883.296,2.208e-05,0.047985885,2.1233408,8.8518515,0.066452034,12.882718,-8602.7354,0.12897488,13.557973
-1.298905,-0.027945237,-0.032332268,-12.82796,-12828.567,-14870.625,2.2096e-05,0.047744203,2.1297426,8.8072691,0.066314951,12.833135,-8628.5283,0.12916349,13.514771
-1.2980779,-0.028149812,-0.032569993,-12.864946,-12816.102,-14857.861,2.2112e-05,0.047344074,2.1361639,8.7334576,0.06617745,12.783446,-8654.4004,0.12889859,13.471496
-1.2972429,-0.028354198,-0.03280751,-12.90162,-12804.192,-14845.003,2.2128e-05,0.047165278,2.1424167,8.7004757,0.06603954,12.733653,-8679.5928,0.12850612,13.428151
-1.2963997,-0.028558377,-0.033044826,-12.937979,-12793.283,-14832.052,2.2144e-05,0.046518531,2.1490955,8.581172,0.06590122,12.683758,-8706.502,0.12889309,13.384736
-1.2955486,-0.028762387,-0.03328193,-12.974023,-12783.012,-14819.006,2.216e-05,0.046571862,2.155786,8.5910091,0.06576246,12.633761,-8733.457,0.12792322,13.341252
-1.2946894,-0.028966216,-0.033518821,-13.00975,-12772.627,-14805.866,2.2176e-05,0.046357308,2.1620886,8.5514307,0.065623291,12.583663,-8758.8506,0.12822717,13.2977
-1.2938222,-0.029169891,-0.033755504,-13.04516,-12760.917,-14792.634,2.2192e-05,0.046255272,2.1683533,8.532609,0.065483712,12.533465,-8784.0908,0.12834132,13.254081
-1.2929469,-0.029373378,-0.033991974,-13.08025,-12749.606,-14779.308,2.2208e-05,0.045733064,2.1747985,8.4362783,0.065343723,12.48317,-8810.0596,0.12735496,13.210394
-1.2920637,-0.029576691,-0.034228228,-13.115019,-12736.849,-14765.889,2.2224e-05,0.045467649,2.1814215,8.3873177,0.065203309,12.432776,-8836.7432,0.12746727,13.166641
-1.2911724,-0.029779799,-0.034464266,-13.149467,-12724.9,-14752.376,2.224e-05,0.045545947,2.1880164,8.4017611,0.065062478,12.382286,-8863.3145,0.12694113,13.122823
-1.2902731,-0.029982721,-0.034700084,-13.183591,-12712.537,-14738.77,2.2256e-05,0.044870533,2.1942356,8.2771692,0.064921223,12.3317,-8888.3711,0.12652668,13.078939
-1.2893656,-0.030185439,-0.034935687,-13.217391,-12701.537,-14725.07,2.2272e-05,0.045119923,2.2003527,8.3231726,0.06477958,12.281021,-8913.0176,0.12661397,13.034993
-1.2884504,-0.030387981,-0.035171065,-13.250866,-12690.716,-14711.278,2.2288e-05,0.044404123,2.2069042,8.1911316,0.064637527,12.230248,-8939.4131,0.12613422,12.990983
-1.287527,-0.030590337,-0.035406224,-13.284014,-12678.811,-14697.394,2.2304e-05,0.044394258,2.2133832,8.189312,0.064495049,12.179384,-8965.5166,0.12573992,12.94691
-1.2865956,-0.030792523,-0.03564116,-13.316834,-12667.219,-14683.416,2.232e-05,0.044137165,2.2199836,8.1418858,0.064352155,12.128429,-8992.1104,0.12589739,12.902776
-1.2856562,-0.030994508,-0.035875868,-13.349326,-12654.547,-14669.346,2.2336e-05,0.043578889,2.2264233,8.0389023,0.064208835,12.077384,-9018.0557,0.12576251,12.85858
-1.2847087,-0.031196311,-0.036110353,-13.38149,-12641.361,-14655.183,2.2352e-05,0.043655034,2.2325413,8.052948,0.064065114,12.02625,-9042.7061,0.12559953,12.814324
-1.2837533,-0.031397894,-0.036344606,-13.413321,-12628.133,-14640.927,2.2368e-05,0.042902242,2.2386456,7.9140825,0.063920997,11.975029,-9067.2998,0.12498917,12.770008
-1.2827898,-0.031599276,-0.036578633,-13.444822,-12615.414,-14626.578,2.2384e-05,0.042659327,2.2449958,7.8692727,0.063776478,11.923721,-9092.8848,0.1250325,12.725634
-1.2818184,-0.031800441,-0.036812428,-13.475992,-12602.405,-14612.138,2.24e-05,0.042541876,2.2514923,7.8476071,0.063631549,11.872329,-9119.0586,0.12413221,12.681201
-1.280839,-0.032001413,-0.037045989,-13.506828,-12590.572,-14597.604,2.2416e-05,0.041937366,2.257771,7.736094,0.063486211,11.820852,-9144.3564,0.1237025,12.63671
-1.2798514,-0.032202173,-0.037279315,-13.537331,-12576.981,-14582.979,2.2432e-05,0.041793097,2.2641125,7.7094808,0.063340455,11.769293,-9169.9053,0.12508133,12.592163
-1.278856,-0.032402739,-0.037512407,-13.567498,-12564.176,-14568.262,2.2448e-05,0.041882802,2.2704749,7.7260284,0.063194297,11.717652,-9195.541,0.12394422,12.547559
-1.2778525,-0.032603085,-0.037745263,-13.597331,-12551.882,-14553.453,2.2464e-05,0.041425947,2.2764874,7.6417542,0.063047744,11.665931,-9219.7646,0.12380993,12.5029
-1.276841,-0.032803245,-0.037977882,-13.626829,-12538.952,-14538.552,2.248e-05,0.041091479,2.2829809,7.5800548,0.062900782,11.614129,-9245.9268,0.12348887,12.458185
-1.2758216,-0.033003185,-0.038210258,-13.655991,-12526.527,-14523.559,2.2496e-05,0.040923163,2.2890835,7.5490065,0.062753409,11.56225,-9270.5146,0.12171941,12.413417
-1.2747941,-0.033202939,-0.038442392,-13.684814,-12515.271,-14508.474,2.2512e-05,0.040449355,2.295476,7.4616041,0.062605642,11.510294,-9296.2695,0.12266915,12.368595
-1.2737586,-0.033402491,-0.038674284,-13.713302,-12500.904,-14493.298,2.2528e-05,0.040782902,2.3015053,7.5231323,0.062457472,11.458261,-9320.5615,0.12293954,12.323721
-1.2727151,-0.033601847,-0.038905933,-13.741451,-12487.021,-14478.029,2.2544e-05,0.039904647,2.3077705,7.3611226,0.062308908,11.406156,-9345.8047,0.12220465,12.278793
-1.2716637,-0.033800963,-0.039137337,-13.769262,-12472.125,-14462.67,2.256e-05,0.039969075,2.3140008,7.3730078,0.062159937,11.353975,-9370.9062,0.12204962,12.233815
-1.2706043,-0.033999864,-0.039368492,-13.796735,-12458.94,-14447.22,2.2576e-05,0.039345756,2.3201385,7.2580256,0.062010568,11.301723,-9395.6357,0.12229438,12.188786
-1.2695369,-0.034198526,-0.0395994,-13.823869,-12445.642,-14431.678,2.2592e-05,0.039237864,2.3263512,7.2381229,0.061860804,11.249399,-9420.666,0.12215827,12.143706
-1.2684615,-0.034396991,-0.039830055,-13.850664,-12431.544,-14416.044,2.2608e-05,0.038994025,2.3321292,7.1931419,0.061710652,11.197006,-9443.9463,0.12112125,12.098577
-1.2673781,-0.034595225,-0.040060461,-13.877119,-12418.071,-14400.32,2.2624e-05,0.03828809,2.3381958,7.0629201,0.061560117,11.144544,-9468.3877,0.12133121,12.053398
-1.2662867,-0.03479325,-0.040290613,-13.903234,-12403.91,-14384.505,2.264e-05,0.038302273,2.3447897,7.065536,0.061409175,11.092014,-9494.9561,0.120777,12.008172
-1.2651874,-0.034991041,-0.040520512,-13.929011,-12390.423,-14368.599,2.2656e-05,0.038124401,2.350832,7.0327249,0.061257824,11.039418,-9519.2998,0.12063234,11.962897
-1.26408,-0.035188623,-0.04075015,-13.954448,-12377.364,-14352.602,2.2672e-05,0.037771434,2.35676,6.9676137,0.06110609,10.986757,-9543.1836,0.12040101,11.917576
-1.2629648,-0.035385977,-0.040979534,-13.979544,-12362.511,-14336.515,2.2688e-05,0.03746995,2.3630366,6.9119992,0.06095396,10.934032,-9568.4717,0.12027345,11.872208
-1.2618417,-0.035583124,-0.041208662,-14.0043,-12348.806,-14320.336,2.2704e-05,0.03737716,2.3689556,6.8948827,0.060801439,10.881246,-9592.3193,0.12075381,11.826795
-1.2607105,-0.035780031,-0.041437525,-14.028717,-12333.971,-14304.067,2.272e-05,0.036983501,2.3751011,6.8222656,0.060648527,10.828397,-9617.0801,0.12003113,11.781335
-1.2595713,-0.035976719,-0.041666128,-14.052794,-12319.379,-14287.709,2.2736e-05,0.037029434,2.3810515,6.8307385,0.060495228,10.775487,-9641.0547,0.11963439,11.735831
-1.2584243,-0.036173161,-0.041894469,-14.07653,-12304.867,-14271.26,2.2752e-05,0.036176763,2.3870664,6.6734486,0.060341541,10.722519,-9665.2881,0.1191113,11.690284
-1.2572693,-0.03636938,-0.042122547,-14.099928,-12290.656,-14254.721,2.2768e-05,0.036170293,2.3928661,6.6722546,0.060187474,10.669493,-9688.6562,0.11968139,11.644692
-1.2561063,-0.03656536,-0.042350356,-14.122987,-12277.052,-14238.091,2.2784e-05,0.035659801,2.3987272,6.5780849,0.060033031,10.61641,-9712.2695,0.11813654,11.599059
-1.2549354,-0.036761127,-0.042577896,-14.145705,-12264.115,-14221.372,2.28e-05,0.035866648,2.4046533,6.6162419,0.059878208,10.563272,-9736.1455,0.11897702,11.553383
-1.2537566,-0.036956672,-0.042805169,-14.168086,-12250.486,-14204.562,2.2816e-05,0.034962807,2.4107502,6.4495125,0.059722997,10.510079,-9760.7109,0.11767388,11.507665
-1.2525699,-0.037152018,-0.043032173,-14.190128,-12235.146,-14187.664,2.2832e-05,0.035091046,2.4166479,6.4731684,0.059567399,10.456834,-9784.4727,0.11752434,11.461905
-1.2513753,-0.037347116,-0.043258902,-14.211832,-12218.514,-14170.676,2.2848e-05,0.034191519,2.4224255,6.3072348,0.059411425,10.403536,-9807.751,0.11719657,11.416106
-1.2501727,-0.037541971,-0.043485358,-14.233198,-12202.163,-14153.598,2.2864e-05,0.034483451,2.4283183,6.3610864,0.059255078,10.350188,-9831.4922,0.11759637,11.370267
-1.2489623,-0.037736546,-0.043711543,-14.254227,-12186.993,-14136.431,2.288e-05,0.034069754,2.4341462,6.2847729,0.059098348,10.29679,-9854.9736,0.1167864,11.324388
-1.247744,-0.037930887,-0.043937448,-14.27492,-12171.989,-14119.174,2.2896e-05,0.033921171,2.4402177,6.2573638,0.058941238,10.243344,-9879.4355,0.11687246,11.27847
-1.2465178,-0.038124971,-0.044163078,-14.295276,-12158.29,-14101.828,2.2912e-05,0.03379447,2.4463067,6.2339921,0.058783736,10.189852,-9903.9678,0.11697257,11.232514
-1.2452837,-0.038318839,-0.044388428,-14.315296,-12144.137,-14084.394,2.2928e-05,0.033353958,2.4520288,6.1527314,0.058625851,10.136313,-9927.0225,0.11722892,11.186521
-1.2440417,-0.038512476,-0.044613499,-14.334982,-12130.702,-14066.869,2.2944e-05,0.032952901,2.4579849,6.0787492,0.058467593,10.082729,-9951.0195,0.11680899,11.14049
-1.2427919,-0.0387059,-0.044838287,-14.354334,-12116.52,-14049.257,2.296e-05,0.032642782,2.4636543,6.0215425,0.058308959,10.029103,-9973.8613,0.11503708,11.094421
-1.2415342,-0.038899094,-0.045062792,-14.373352,-12101.661,-14031.556,2.2976e-05,0.032435626,2.469317,5.9833288,0.05814996,9.9754333,-9996.6768,0.11619373,11.048318
-1.2402687,-0.039092064,-0.045287013,-14.392037,-12085.446,-14013.766,2.2992e-05,0.032495122,2.4750977,5.9943042,0.057990588,9.9217234,-10019.967,0.11553514,11.002178
-1.2389953,-0.039284773,-0.045510948,-14.410391,-12069.794,-13995.887,2.3008e-05,0.031966444,2.4810262,5.89678,0.057830844,9.8679733,-10043.854,0.11545213,10.956004
-1.2377141,-0.03947724,-0.045734592,-14.428414,-12053.477,-13977.92,2.3024e-05,0.032105472,2.4869556,5.9224262,0.057670716,9.8141842,-10067.743,0.11490341,10.909795
-1.236425,-0.039669439,-0.045957949,-14.446107,-12038.856,-13959.864,2.304e-05,0.031501267,2.4926913,5.8109698,0.057510212,9.7603579,-10090.852,0.1148027,10.863552
-1.2351283,-0.039861403,-0.046181019,-14.46347,-12023.069,-13941.721,2.3056e-05,0.031184984,2.4981413,5.7526259,0.057349347,9.7064943,-10112.811,0.11468185,10.817275
-1.2338235,-0.040053114,-0.046403795,-14.480506,-12008.026,-13923.489,2.3072e-05,0.030788861,2.5039136,5.6795535,0.05718812,9.6525965,-10136.066,0.11397931,10.770966
-1.2325112,-0.040244587,-0.046626277,-14.497214,-11992.022,-13905.17,2.3088e-05,0.030503713,2.509829,5.6269531,0.057026517,9.5986643,-10159.9,0.11446638,10.724624
-1.2311909,-0.040435802,-0.046848465,-14.513597,-11976.065,-13886.763,2.3104e-05,0.029807337,2.5153651,5.4984941,0.056864545,9.5446987,-10182.205,0.11389019,10.678249
-1.2298629,-0.040626772,-0.047070358,-14.529655,-11959.98,-13868.268,2.312e-05,0.029916771,2.5209231,5.518681,0.056702215,9.4907017,-10204.599,0.11268777,10.631844
-1.2285271,-0.040817469,-0.047291953,-14.545388,-11943.19,-13849.686,2.3136e-05,0.029607886,2.5259831,5.4617019,0.056539543,9.4366741,-10224.985,0.11334391,10.585406
-1.2271836,-0.041007921,-0.047513247,-14.560801,-11927.557,-13831.016,2.3152e-05,0.029247213,2.5315962,5.3951693,0.056376524,9.382616,-10247.601,0.11293496,10.538939
-1.2258322,-0.041198101,-0.047734246,-14.575891,-11911.233,-13812.258,2.3168e-05,0.029070267,2.537437,5.3625288,0.05621314,9.3285303,-10271.133,0.11259438,10.49244
-1.2244732,-0.041388035,-0.047954939,-14.590661,-11895.594,-13793.413,2.3184e-05,0.02888469,2.5432904,5.3282957,0.056049377,9.2744169,-10294.717,0.11268044,10.445913
-1.2231065,-0.041577701,-0.048175331,-14.605112,-11879.406,-13774.481,2.32e-05,0.028370192,2.5488667,5.233387,0.055885248,9.2202778,-10317.184,0.1125132,10.399357
-1.221732,-0.041767128,-0.048395418,-14.619246,-11863.499,-13755.463,2.3216e-05,0.027840279,2.5546286,5.1356354,0.05572075,9.1661139,-10340.398,0.11197546,10.352771
-1.2203498,-0.041956283,-0.048615199,-14.633065,-11846.351,-13736.356,2.3232e-05,0.027720055,2.5599134,5.1134577,0.055555899,9.1119251,-10361.69,0.11210486,10.306157
-1.2189599,-0.042145185,-0.048834674,-14.64657,-11831.067,-13717.164,2.3248e-05,0.027310675,2.565022,5.0379405,0.055390712,9.0577145,-10382.272,0.11136936,10.259516
-1.2175623,-0.042333819,-0.04905384,-14.659761,-11813.957,-13697.885,2.3264e-05,0.027260119,2.5703459,5.0286145,0.055225186,9.0034809,-10403.723,0.11063631,10.212846
-1.2161571,-0.042522203,-0.049272697,-14.672642,-11796.058,-13678.52,2.328e-05,0.027155617,2.5757456,5.0093369,0.055059317,8.9492273,-10425.479,0.11061739,10.16615
-1.2147442,-0.042710293,-0.049491242,-14.685212,-11778.715,-13659.067,2.3296e-05,0.026990077,2.580802,4.9788003,0.05489311,8.8949537,-10445.851,0.1105533,10.119427
-1.2133236,-0.042898115,-0.049709473,-14.697474,-11760.896,-13639.529,2.3312e-05,0.026589638,2.5860317,4.904932,0.054726575,8.840662,-10466.921,0.11079378,10.072679
-1.2118955,-0.043085642,-0.049927391,-14.70943,-11742.357,-13619.904,2.3328e-05,0.026325451,2.5911686,4.8561983,0.0545597,8.7863522,-10487.618,0.10985503,10.025904
-1.2104596,-0.04327289,-0.050144996,-14.721081,-11725.001,-13600.194,2.3344e-05,0.026085619,2.5965202,4.8119569,0.054392491,8.7320271,-10509.18,0.10975921,9.9791031
-1.2090161,-0.04345984,-0.050362282,-14.732429,-11708.345,-13580.397,2.336e-05,0.02548234,2.6017551,4.7006712,0.054224942,8.6776857,-10530.271,0.10949492,9.9322786
-1.2075651,-0.043646533,-0.05057925,-14.743476,-11691.496,-13560.516,2.3376e-05,0.025601638,2.6070509,4.7226782,0.05405705,8.6233292,-10551.608,0.11025239,9.8854284
-1.2061064,-0.043832939,-0.050795898,-14.754223,-11673.049,-13540.548,2.3392e-05,0.025011307,2.612397,4.613781,0.053888816,8.5689602,-10573.147,0.10948515,9.8385553
-1.2046402,-0.044019081,-0.051012225,-14.764672,-11655.849,-13520.494,2.3408e-05,0.024842683,2.6178322,4.5826755,0.053720236,8.5145788,-10595.046,0.10852748,9.7916574
-1.2031662,-0.044204921,-0.051228233,-14.774826,-11639.063,-13500.355,2.3424e-05,0.02464046,2.6231263,4.5453715,0.053551309,8.460186,-10616.376,0.10834071,9.7447367
-1.2016848,-0.044390507,-0.051443912,-14.784687,-11620.5,-13480.132,2.344e-05,0.024126885,2.6282005,4.4506335,0.053382047,8.4057827,-10636.82,0.10866603,9.697793
-1.2001959,-0.044575792,-0.051659271,-14.794255,-11603.139,-13459.822,2.3456e-05,0.023957955,2.6328113,4.4194713,0.053212475,8.3513699,-10655.396,0.10776574,9.6508265
-1.1986995,-0.044760805,-0.051874302,-14.803534,-11584.701,-13439.428,2.3472e-05,0.023399374,2.6381276,4.316431,0.053042579,8.2969484,-10676.815,0.10767479,9.603838
-1.1971954,-0.044945516,-0.052089006,-14.812524,-11566.503,-13418.949,2.3488e-05,0.023290247,2.6430686,4.2963009,0.052872356,8.2425203,-10696.724,0.10882107,9.5568266
-1.1956838,-0.045129951,-0.052303378,-14.821229,-11547.949,-13398.385,2.3504e-05,0.023244316,2.6480305,4.287828,0.052701812,8.1880846,-10716.716,0.10771324,9.5097952
-1.1941648,-0.045314074,-0.052517422,-14.82965,-11528.547,-13377.736,2.352e-05,0.02277174,2.6531529,4.2006531,0.052530944,8.1336441,-10737.354,0.10660116,9.4627419
-1.1926383,-0.045497909,-0.052731134,-14.83779,-11509.165,-13357.003,2.3536e-05,0.022018027,2.6582866,4.0616169,0.052359749,8.0791988,-10758.036,0.10675619,9.4156675
-1.1911042,-0.045681421,-0.052944515,-14.845651,-11490.293,-13336.186,2.3552e-05,0.022353422,2.6633878,4.1234865,0.052188218,8.0247498,-10778.59,0.10648824,9.3685732
-1.1895627,-0.045864638,-0.053157557,-14.853233,-11472.324,-13315.284,2.3568e-05,0.021604331,2.6685629,3.9853034,0.052016359,7.9702973,-10799.44,0.10684164,9.3214579
-1.1880138,-0.04604755,-0.053370267,-14.860542,-11454.432,-13294.299,2.3584e-05,0.021478865,2.6734383,3.9621592,0.051844176,7.9158435,-10819.083,0.10669149,9.2743235
-1.1864573,-0.046230186,-0.053582639,-14.867578,-11436.643,-13273.229,2.36e-05,0.020963442,2.6786051,3.8670802,0.051671669,7.8613882,-10839.9,0.10611591,9.22717
-1.1848935,-0.046412524,-0.053794671,-14.874343,-11416.597,-13252.075,2.3616e-05,0.021648413,2.6834176,3.9934354,0.051498838,7.8069324,-10859.29,0.10537187,9.1799965
-1.1833222,-0.046594571,-0.054006364,-14.88084,-11396.702,-13230.838,2.3632e-05,0.020981938,2.6883059,3.870492,0.051325697,7.7524776,-10878.984,0.10537553,9.1328049
-1.1817435,-0.046776287,-0.054217719,-14.887072,-11376.913,-13209.518,2.3648e-05,0.020410102,2.6933801,3.7650065,0.051152233,7.6980243,-10899.43,0.10529679,9.0855942
-1.1801574,-0.046957698,-0.054428726,-14.89304,-11357.674,-13188.113,2.3664e-05,0.020435996,2.698585,3.7697833,0.050978441,7.6435733,-10920.399,0.10507645,9.0383654
-1.1785638,-0.04713878,-0.054639392,-14.898747,-11338.665,-13166.625,2.368e-05,0.020097209,2.7036743,3.7072883,0.050804313,7.5891252,-10940.904,0.10403638,8.9911194
-1.176963,-0.047319576,-0.054849714,-14.904197,-11320.494,-13145.055,2.3696e-05,0.019715266,2.7087853,3.6368318,0.050629858,7.5346813,-10961.497,0.10426343,8.9438553
-1.1753547,-0.047500059,-0.055059686,-14.909389,-11300.89,-13123.401,2.3712e-05,0.019414704,2.7138987,3.581388,0.050455075,7.4802418,-10982.099,0.10423658,8.896574
-1.1737391,-0.047680251,-0.055269316,-14.91433,-11281.248,-13101.664,2.3728e-05,0.018891575,2.7187607,3.4848874,0.050279967,7.4258075,-11001.688,0.10471206,8.8492756
-1.1721162,-0.047860116,-0.055478591,-14.919019,-11262.805,-13079.845,2.3744e-05,0.018629547,2.7235892,3.4365516,0.050104551,7.3713799,-11021.142,0.10413037,8.80196
-1.1704859,-0.04803969,-0.055687521,-14.923459,-11243.586,-13057.942,2.376e-05,0.018782448,2.7284124,3.464757,0.049928822,7.3169589,-11040.574,0.10360485,8.7546282
-1.1688483,-0.048218951,-0.055896096,-14.927654,-11224.203,-13035.958,2.3776e-05,0.018105492,2.732995,3.3398802,0.049752787,7.2625456,-11059.038,0.1038197,8.7072802
-1.1672033,-0.048397914,-0.056104317,-14.931606,-11204.381,-13013.892,2.3792e-05,0.017897103,2.7379777,3.3014393,0.049576446,7.2081409,-11079.113,0.1028956,8.6599169
-1.1655511,-0.048576552,-0.056312185,-14.935317,-11185.043,-12991.742,2.3808e-05,0.01728889,2.7430387,3.1892436,0.049399782,7.1537452,-11099.504,0.10176458,8.6125374
-1.1638916,-0.04875489,-0.056519698,-14.938791,-11165.088,-12969.512,2.3824e-05,0.017257139,2.7479155,3.1833866,0.049222797,7.099359,-11119.152,0.10255928,8.5651426
-1.1622248,-0.048932899,-0.056726851,-14.94203,-11145.742,-12947.198,2.384e-05,0.017429769,2.752609,3.2152312,0.049045507,7.0449834,-11138.062,0.10180181,8.5177336
-1.1605506,-0.049110606,-0.056933649,-14.945036,-11124.915,-12924.804,2.3856e-05,0.016434681,2.7571945,3.0316694,0.048867911,6.9906192,-11156.537,0.10198493,8.4703083
-1.1588693,-0.049287979,-0.057140086,-14.947812,-11104.639,-12902.327,2.3872e-05,0.016560761,2.7619441,3.0549273,0.048690021,6.9362664,-11175.674,0.1014655,8.4228697
-1.1571807,-0.049465038,-0.057346161,-14.950361,-11083.997,-12879.769,2.3888e-05,0.015859144,2.7664502,2.9255016,0.048511829,6.8819256,-11193.829,0.10117618,8.3754158
-1.1554849,-0.049641754,-0.057551876,-14.952687,-11064.964,-12857.13,2.3904e-05,0.015782693,2.7714334,2.9113989,0.048333332,6.8275986,-11213.907,0.10048769,8.3279476
-1.1537819,-0.049818166,-0.057757225,-14.954791,-11045.287,-12834.409,2.392e-05,0.015729364,2.7759979,2.9015613,0.048154525,6.7732844,-11232.297,0.1003534,8.2804661
-1.1520716,-0.049994256,-0.057962213,-14.956677,-11025.791,-12811.607,2.3936e-05,0.015069362,2.7808409,2.7798121,0.047975417,6.7189846,-11251.81,0.10047548,8.2329712
-1.1503541,-0.050170049,-0.058166832,-14.958347,-11006.722,-12788.725,2.3952e-05,0.014892108,2.7857683,2.7471144,0.047795992,6.6646996,-11271.662,0.099921875,8.185462
-1.1486294,-0.050345518,-0.058371082,-14.959805,-10986.883,-12765.762,2.3968e-05,0.014573975,2.7904947,2.6884294,0.047616258,6.6104298,-11290.705,0.09957274,8.1379404
-1.1468977,-0.050520688,-0.058574967,-14.961053,-10966.968,-12742.718,2.3984e-05,0.014460225,2.795186,2.6674459,0.047436222,6.5561757,-11309.605,0.099612415,8.0904055
-1.1451586,-0.050695524,-0.05877848,-14.962093,-10946.688,-12719.593,2.4e-05,0.014239197,2.8002205,2.6266735,0.04725587,6.5019379,-11329.89,0.099282816,8.0428581
-1.1434125,-0.050870057,-0.058981624,-14.96293,-10925.809,-12696.389,2.4016e-05,0.013287266,2.8052063,2.4510729,0.047075193,6.4477167,-11349.978,0.098997772,7.9952979
-1.1416591,-0.051044241,-0.059184391,-14.963566,-10904.555,-12673.104,2.4032e-05,0.013677225,2.8094044,2.5230076,0.046894226,6.3935127,-11366.892,0.098508865,7.9477253
-1.1398987,-0.051218107,-0.05938679,-14.964004,-10883.703,-12649.738,2.4048e-05,0.013029246,2.8138595,2.4034765,0.046712976,6.3393269,-11384.842,0.09825068,7.9001408
-1.1381311,-0.051391616,-0.059588809,-14.964246,-10862.451,-12626.294,2.4064e-05,0.012683061,2.8182187,2.3396165,0.046531443,6.2851591,-11402.405,0.098323315,7.8525438
-1.1363565,-0.051564809,-0.059790455,-14.964296,-10842.082,-12602.769,2.408e-05,0.012303275,2.8227766,2.2695582,0.046349619,6.2310095,-11420.769,0.098245189,7.8049359
-1.1345747,-0.051737651,-0.059991721,-14.964157,-10822.392,-12579.164,2.4096e-05,0.012329478,2.8274508,2.2743919,0.0461675,6.1768789,-11439.601,0.097924128,7.7573156
-1.1327858,-0.051910188,-0.060192607,-14.963832,-10802.668,-12555.48,2.4112e-05,0.011786927,2.8322339,2.1743085,0.04598508,6.1227679,-11458.872,0.097464524,7.7096844
-1.1309898,-0.052082397,-0.060393114,-14.963325,-10782.718,-12531.718,2.4128e-05,0.011570831,2.8369412,2.1344459,0.045802351,6.0686769,-11477.838,0.09717948,7.6620421
-1.1291867,-0.052254301,-0.06059324,-14.962636,-10762.627,-12507.876,2.4144e-05,0.011380013,2.841996,2.099246,0.045619305,6.014606,-11498.204,0.097087316,7.6143885
-1.1273767,-0.052425873,-0.060792983,-14.961771,-10742.392,-12483.954,2.416e-05,0.011050783,2.8466897,2.0385137,0.045435946,5.9605551,-11517.115,0.096758932,7.5667243
-1.1255594,-0.052597135,-0.060992341,-14.960732,-10720.689,-12459.954,2.4176e-05,0.010675313,2.8514557,1.9692516,0.045252286,5.9065251,-11536.317,0.096425675,7.5190496
-1.1237353,-0.052768044,-0.061191317,-14.959522,-10700.499,-12435.875,2.4192e-05,0.010274257,2.8559196,1.8952696,0.045068324,5.8525167,-11554.303,0.096586809,7.471364
-1.1219041,-0.052938636,-0.061389904,-14.958145,-10680.084,-12411.718,2.4208e-05,0.010026101,2.860321,1.8494929,0.044884078,5.7985291,-11572.036,0.095744498,7.4236684
-1.1200658,-0.053108886,-0.061588105,-14.956603,-10659.759,-12387.482,2.4224e-05,0.0097776372,2.8646801,1.8036593,0.04469955,5.7445636,-11589.599,0.095414288,7.3759627
-1.1182206,-0.053278826,-0.061785914,-14.9549,-10638.556,-12363.168,2.424e-05,0.0094810836,2.8689764,1.7489548,0.044514742,5.6906199,-11606.908,0.095804922,7.3282466
-1.1163684,-0.05344842,-0.061983336,-14.953037,-10617.805,-12338.776,2.4256e-05,0.0095128352,2.8731551,1.7548119,0.044329662,5.6366982,-11623.744,0.095005952,7.2805209
-1.1145091,-0.05361769,-0.062180363,-14.95102,-10597.164,-12314.307,2.4272e-05,0.0090442682,2.8775253,1.6683763,0.044144303,5.582799,-11641.352,0.095202491,7.2327857
-1.112643,-0.053786617,-0.062376998,-14.948851,-10575.789,-12289.759,2.4288e-05,0.0084826043,2.881813,1.5647675,0.043958668,5.5289221,-11658.627,0.094939418,7.185041
-1.1107697,-0.05395522,-0.062573239,-14.946532,-10553.417,-12265.133,2.4304e-05,0.0085587464,2.8865273,1.5788132,0.043772742,5.4750686,-11677.621,0.094294868,7.1372867
-1.1088897,-0.054123461,-0.062769085,-14.944068,-10531.273,-12240.431,2.432e-05,0.0077304309,2.8910279,1.4260156,0.043586522,5.4212375,-11695.754,0.094498731,7.0895228
-1.1070026,-0.054291356,-0.062964536,-14.941462,-10508.867,-12215.65,2.4336e-05,0.0077304309,2.8953049,1.4260156,0.043400016,5.3674297,-11712.985,0.094419993,7.0417504
-1.1051086,-0.054458883,-0.063159592,-14.938715,-10487.292,-12190.793,2.4352e-05,0.0071854135,2.8993449,1.3254775,0.043213241,5.3136449,-11729.263,0.094075136,6.993969
-1.1032078,-0.054626074,-0.063354246,-14.935832,-10465.646,-12165.858,2.4368e-05,0.0071237599,2.9034619,1.3141044,0.043026205,5.2598834,-11745.851,0.093409225,6.9461784
-1.1013,-0.0547929,-0.063548498,-14.932817,-10444.125,-12140.847,2.4384e-05,0.0073703742,2.9075551,1.3595967,0.042838905,5.2061458,-11762.342,0.09312357,6.8983793
-1.0993853,-0.054959401,-0.063742355,-14.92967,-10422.387,-12115.759,2.44e-05,0.0065358933,2.9118724,1.2056619,0.042651333,5.152431,-11779.736,0.093148597,6.8505716
-1.0974637,-0.055125538,-0.063935801,-14.926397,-10401.043,-12090.595,2.4416e-05,0.0061943326,2.9160416,1.142655,0.042463485,5.0987401,-11796.534,0.092812888,6.8027558
-1.0955353,-0.055291347,-0.064128846,-14.923,-10379.474,-12065.354,2.4432e-05,0.0058509223,2.9203382,1.0793068,0.042275365,5.045073,-11813.845,0.092504047,6.7549314
-1.0935999,-0.055456795,-0.064321488,-14.919483,-10357.065,-12040.037,2.4448e-05,0.005706653,2.9248555,1.0526937,0.042086966,4.9914293,-11832.045,0.093028963,6.707099
-1.0916578,-0.055621907,-0.064513721,-14.915849,-10334.857,-12014.644,2.4464e-05,0.0056745932,2.9287765,1.0467798,0.041898292,4.9378095,-11847.844,0.091874748,6.6592584
-1.0897087,-0.055786647,-0.064705551,-14.9121,-10313.801,-11989.175,2.448e-05,0.0049415324,2.9326122,0.91155368,0.041709363,4.884213,-11863.297,0.091666006,6.6114097
-1.0877528,-0.055951055,-0.064896964,-14.908239,-10290.99,-11963.63,2.4496e-05,0.0051157037,2.936594,0.94368267,0.041520189,4.8306403,-11879.34,0.091603138,6.5635533
-1.0857902,-0.056115098,-0.065087974,-14.904272,-10268.521,-11938.01,2.4512e-05,0.0042500878,2.9407558,0.78400439,0.041330751,4.777091,-11896.108,0.091534778,6.5156889
-1.0838207,-0.056278795,-0.065278567,-14.900199,-10247.396,-11912.314,2.4528e-05,0.0041495925,2.944833,0.76546621,0.041141044,4.7235656,-11912.535,0.091406599,6.4678173
-1.0818443,-0.056442127,-0.065468758,-14.896026,-10225.023,-11886.543,2.4544e-05,0.0039991578,2.9486773,0.7377159,0.040951084,4.670063,-11928.024,0.090633258,6.4199381
-1.0798613,-0.056605127,-0.065658525,-14.891752,-10201.729,-11860.697,2.456e-05,0.003109497,2.9527597,0.57360208,0.040760867,4.6165843,-11944.472,0.090052798,6.3720512
-1.0778714,-0.056767743,-0.065847881,-14.887384,-10179.828,-11834.776,2.4576e-05,0.0032232478,2.9568639,0.59458548,0.040570389,4.5631285,-11961.008,0.090279855,6.3241572
-1.0758748,-0.056930017,-0.06603682,-14.882925,-10156.759,-11808.78,2.4592e-05,0.0030879183,2.9609227,0.5696215,0.040379647,4.5096955,-11977.361,0.089841001,6.2762561
-1.0738714,-0.057091914,-0.06622535,-14.878376,-10133.893,-11782.71,2.4608e-05,0.0029081982,2.9647725,0.53646892,0.040188652,4.456286,-11992.871,0.088765524,6.2283478
-1.0718613,-0.057253458,-0.066413455,-14.873741,-10111.552,-11756.565,2.4624e-05,0.0025472166,2.9682527,0.46987948,0.039997417,4.4028988,-12006.894,0.089921564,6.1804323
-1.0698445,-0.057414625,-0.066601135,-14.869023,-10088.226,-11730.347,2.464e-05,0.002281798,2.9718313,0.42091829,0.039805956,4.349534,-12021.312,0.088961452,6.1325102
-1.0678209,-0.057575442,-0.066788405,-14.864225,-10065.339,-11704.054,2.4656e-05,0.0014775274,2.9760957,0.27255625,0.039614242,4.2961922,-12038.493,0.088405408,6.0845809
-1.0657905,-0.057735875,-0.066975243,-14.859351,-10042.364,-11677.687,2.4672e-05,0.0013822727,2.9800448,0.25498483,0.039422262,4.2428722,-12054.403,0.08842738,6.0366454
-1.0637536,-0.057895955,-0.067161664,-14.854404,-10020.877,-11651.246,2.4688e-05,0.0019266736,2.9840207,0.35540926,0.039230026,4.1895742,-12070.423,0.088995025,5.9887028
-1.0617099,-0.058055665,-0.067347661,-14.849386,-9998.6875,-11624.731,2.4704e-05,0.0010447195,2.988101,0.19271712,0.039037533,4.1362977,-12086.862,0.087483749,5.9407535
-1.0596595,-0.058215044,-0.067533232,-14.844301,-9975.2363,-11598.144,2.472e-05,0.00072566234,2.9917681,0.13386135,0.03884479,4.0830426,-12101.637,0.087608874,5.8927979
-1.0576025,-0.05837404,-0.067718372,-14.839151,-9952.7109,-11571.483,2.4736e-05,0.00052066427,2.9958885,0.0960458,0.038651794,4.029809,-12118.237,0.087316506,5.8448362
-1.0555388,-0.058532681,-0.067903087,-14.833941,-9929.5713,-11544.749,2.4752e-05,0.00024260674,2.9997151,0.044753134,0.038458545,3.9765959,-12133.656,0.087066256,5.7968678
-1.0534685,-0.058690943,-0.068087377,-14.828671,-9904.7236,-11517.941,2.4768e-05,8.3232298e-06,3.0037346,0.001535368,0.038265042,3.9234035,-12149.851,0.086690269,5.7488933
-1.0513915,-0.058848836,-0.068271235,-14.823347,-9880.1748,-11491.062,2.4784e-05,-0.00021732878,3.0075493,-0.040090162,0.038071286,3.8702312,-12165.22,0.086559646,5.700913
-1.0493079,-0.059006315,-0.06845466,-14.817971,-9856.083,-11464.109,2.48e-05,-0.00080766156,3.0114183,-0.14898756,0.03787728,3.8170786,-12180.808,0.086569414,5.652926
-1.0472177,-0.059163425,-0.068637654,-14.812546,-9831.5137,-11437.085,2.4816e-05,-0.00096087065,3.014832,-0.1772497,0.037683044,3.7639456,-12194.562,0.087089449,5.6049333
-1.045121,-0.059320126,-0.068820216,-14.807074,-9807.6992,-11409.988,2.4832e-05,-0.0011652522,3.0184073,-0.21495152,0.03748858,3.7108316,-12208.967,0.086918548,5.5569348
-1.0430176,-0.059476458,-0.069002338,-14.801558,-9783.8662,-11382.818,2.4848e-05,-0.0017833291,3.0222034,-0.3289668,0.037293877,3.6577365,-12224.261,0.085751519,5.5089302
-1.0409076,-0.059632394,-0.069184028,-14.796003,-9761.1826,-11355.578,2.4864e-05,-0.0021846937,3.0261168,-0.40300566,0.037098929,3.6046596,-12240.028,0.084961697,5.4609199
-1.0387912,-0.059787974,-0.069365278,-14.79041,-9738.1914,-11328.265,2.488e-05,-0.0020675519,3.0301964,-0.38139677,0.03690372,3.5516005,-12256.465,0.084665671,5.4129038
-1.0366681,-0.059943173,-0.069546096,-14.784782,-9714.0391,-11300.881,2.4896e-05,-0.0024436386,3.0339677,-0.45077267,0.036708262,3.4985588,-12271.66,0.084650412,5.364882
-1.0345385,-0.060098007,-0.069726467,-14.779123,-9688.8779,-11273.425,2.4912e-05,-0.0025539985,3.0377121,-0.47113052,0.036512557,3.4455342,-12286.746,0.085254066,5.316855
-1.0324024,-0.060252432,-0.069906399,-14.773436,-9665.9277,-11245.898,2.4928e-05,-0.0032938411,3.0414217,-0.60760766,0.036316615,3.3925261,-12301.691,0.084531389,5.2688222
-1.0302597,-0.060406491,-0.070085898,-14.767722,-9641.3174,-11218.3,2.4944e-05,-0.0031714588,3.0449862,-0.58503205,0.036120437,3.339534,-12316.053,0.084269539,5.2207837
-1.0281106,-0.060560152,-0.070264943,-14.761986,-9616.8789,-11190.632,2.496e-05,-0.0037540849,3.0483649,-0.6925078,0.035924036,3.2865574,-12329.666,0.083733022,5.17274
-1.025955,-0.060713433,-0.070443548,-14.756228,-9592.6016,-11162.892,2.4976e-05,-0.0037608668,3.0519276,-0.69375885,0.035727412,3.2335958,-12344.021,0.084118776,5.1246915
-1.0237929,-0.060866311,-0.070621714,-14.750454,-9568.6465,-11135.082,2.4992e-05,-0.0041240063,3.0554366,-0.76074642,0.035530556,3.1806488,-12358.158,0.082688071,5.0766373
-1.0216243,-0.061018821,-0.070799425,-14.744665,-9543.9375,-11107.202,2.5008e-05,-0.004366613,3.0588622,-0.80549955,0.035333481,3.1277158,-12371.96,0.08252205,5.0285778
-1.0194492,-0.061170921,-0.070976697,-14.738863,-9519.5654,-11079.251,2.5024e-05,-0.0050916588,3.0623968,-0.93924713,0.035136178,3.0747962,-12386.201,0.082421951,4.9805131
-1.0172678,-0.061322648,-0.071153514,-14.733053,-9493.5713,-11051.23,2.504e-05,-0.0051795151,3.0656781,-0.95545381,0.03493866,3.0218894,-12399.421,0.082465284,4.9324436
-1.0150799,-0.061473954,-0.071329884,-14.727236,-9468.5996,-11023.141,2.5056e-05,-0.0055189179,3.0691228,-1.0180627,0.034740921,2.9689949,-12413.3,0.08168523,4.8843689
-1.0128856,-0.06162487,-0.071505807,-14.721415,-9443.4707,-10994.98,2.5072e-05,-0.0061067846,3.0727942,-1.1265051,0.034542955,2.9161122,-12428.092,0.082175359,4.8362894
-1.0106848,-0.061775368,-0.071681276,-14.715592,-9418.0674,-10966.751,2.5088e-05,-0.005944944,3.076298,-1.0966508,0.034344759,2.8632405,-12442.209,0.081785336,4.7882051
-1.0084778,-0.061925475,-0.07185629,-14.709771,-9393.2256,-10938.453,2.5104e-05,-0.0066077197,3.0796766,-1.2189115,0.034146339,2.8103795,-12455.821,0.081987366,4.7401161
-1.0062643,-0.062075168,-0.07203085,-14.703954,-9369.0811,-10910.085,2.512e-05,-0.0064927358,3.0829329,-1.1977007,0.033947702,2.7575283,-12468.94,0.081324503,4.6920218
-1.0040444,-0.062224485,-0.072204955,-14.698144,-9344.9014,-10881.648,2.5136e-05,-0.0071773985,3.0863044,-1.323999,0.033748858,2.7046862,-12482.524,0.081291541,4.6439233
-1.0018183,-0.062373396,-0.072378606,-14.692342,-9321.0352,-10853.144,2.5152e-05,-0.0070707379,3.0899513,-1.3043236,0.033549782,2.6518528,-12497.218,0.081181675,4.59582
-0.99958575,-0.062521942,-0.072551802,-14.686552,-9297.0586,-10824.569,2.5168e-05,-0.0079548499,3.0937657,-1.4674138,0.033350468,2.5990274,-12512.586,0.079920039,4.5477118
-0.99734688,-0.062670089,-0.072724536,-14.680777,-9272.7344,-10795.927,2.5184e-05,-0.0077982498,3.0974202,-1.438526,0.033150915,2.5462091,-12527.311,0.080598161,4.4995995
-0.99510175,-0.062817872,-0.072896808,-14.675016,-9247.5566,-10767.217,2.52e-05,-0.0081653967,3.1006932,-1.5062529,0.032951135,2.4933975,-12540.497,0.080440074,4.4514823
-0.9928503,-0.062965229,-0.073068626,-14.669276,-9223.0332,-10738.438,2.5216e-05,-0.0082720574,3.1041107,-1.5259283,0.032751143,2.4405918,-12554.266,0.079428084,4.4033608
-0.99059254,-0.063112214,-0.073239975,-14.663557,-9197.2715,-10709.592,2.5232e-05,-0.0086592417,3.107568,-1.5973513,0.032550927,2.3877914,-12568.196,0.080245979,4.3552351
-0.98832858,-0.063258775,-0.073410869,-14.657862,-9171.8545,-10680.678,2.5248e-05,-0.00914538,3.1107938,-1.6870282,0.032350495,2.3349955,-12581.192,0.079790644,4.3071051
-0.98605835,-0.063404948,-0.073581293,-14.652192,-9148.374,-10651.696,2.5264e-05,-0.0094795423,3.1138804,-1.7486705,0.032149862,2.2822034,-12593.629,0.079110689,4.2589707
-0.98378181,-0.063550711,-0.073751256,-14.646551,-9124.5195,-10622.647,2.528e-05,-0.0097985994,3.1171374,-1.8075262,0.031949025,2.2294142,-12606.751,0.078508869,4.2108326
-0.98149914,-0.063696116,-0.073920757,-14.640941,-9098.2471,-10593.532,2.5296e-05,-0.010215994,3.1207492,-1.8845221,0.031747963,2.1766276,-12621.304,0.077844784,4.1626897
-0.9792102,-0.063841097,-0.07408978,-14.635363,-9074.0508,-10564.35,2.5312e-05,-0.010354406,3.1241851,-1.9100547,0.031546678,2.1238425,-12635.146,0.077891171,4.114543
-0.97691512,-0.06398569,-0.074258342,-14.62982,-9048.2861,-10535.1,2.5328e-05,-0.010639246,3.1270797,-1.9625983,0.031345185,2.0710583,-12646.809,0.078112125,4.0663924
-0.97461379,-0.064129867,-0.074426435,-14.624314,-9022.4395,-10505.784,2.5344e-05,-0.010535359,3.1298182,-1.9434347,0.031143513,2.0182741,-12657.842,0.077781305,4.0182376
-0.97230637,-0.064273655,-0.074594058,-14.618849,-8996.3564,-10476.401,2.536e-05,-0.010654351,3.132952,-1.9653847,0.03094165,1.9654894,-12670.468,0.07706473,3.9700789
-0.96999276,-0.064417005,-0.074761212,-14.613424,-8971.2422,-10446.953,2.5376e-05,-0.011504553,3.1359158,-2.1222198,0.030739592,1.9127032,-12682.409,0.077275917,3.9219165
-0.967673,-0.064559959,-0.074927889,-14.608044,-8945.417,-10417.438,2.5392e-05,-0.011616454,3.1386614,-2.1428618,0.03053735,1.8599148,-12693.471,0.077059239,3.8737502
-0.96534711,-0.064702496,-0.075094096,-14.602709,-8919.5938,-10387.858,2.5408e-05,-0.012109991,3.1418324,-2.2339036,0.030334916,1.8071233,-12706.247,0.076378673,3.8255804
-0.96301514,-0.064844631,-0.075259827,-14.597421,-8893.5215,-10358.212,2.5424e-05,-0.012264125,3.1447816,-2.2623363,0.030132286,1.7543281,-12718.129,0.076543473,3.7774067
-0.96067709,-0.064986333,-0.075425081,-14.592183,-8868.5947,-10328.501,2.544e-05,-0.012575167,3.147929,-2.3197136,0.029929459,1.7015284,-12730.811,0.075374618,3.7292295
-0.9583329,-0.065127648,-0.075589865,-14.586997,-8844.749,-10298.725,2.5456e-05,-0.012954028,3.1510136,-2.3896012,0.029726431,1.6487232,-12743.239,0.075448468,3.6810486
-0.95598269,-0.065268561,-0.075754166,-14.581864,-8819.4561,-10268.883,2.5472e-05,-0.013204958,3.1535957,-2.4358897,0.02952322,1.595912,-12753.642,0.075386211,3.6328642
-0.95362645,-0.065409094,-0.075917989,-14.576787,-8793.291,-10238.976,2.5488e-05,-0.013691097,3.15641,-2.5255666,0.029319836,1.5430937,-12764.98,0.074884489,3.5846765
-0.9512642,-0.065549195,-0.076081336,-14.571767,-8767.3945,-10209.005,2.5504e-05,-0.014034815,3.1588655,-2.5889716,0.02911628,1.4902676,-12774.874,0.074754477,3.5364854
-0.94889587,-0.065688893,-0.076244198,-14.566806,-8741.377,-10178.969,2.552e-05,-0.014111882,3.1615927,-2.603188,0.028912559,1.4374329,-12785.862,0.075081028,3.488291
-0.94652158,-0.065828167,-0.076406576,-14.561906,-8715.6162,-10148.869,2.5536e-05,-0.014219776,3.1641786,-2.623091,0.028708667,1.3845887,-12796.281,0.074977264,3.4400933
-0.94414127,-0.065967038,-0.076568477,-14.557068,-8688.5039,-10118.705,2.5552e-05,-0.01425276,3.1667323,-2.6291754,0.028504608,1.3317343,-12806.569,0.073868833,3.3918927
-0.94175506,-0.06610547,-0.076729894,-14.552295,-8662.3271,-10088.478,2.5568e-05,-0.01513379,3.1696382,-2.791697,0.028300375,1.2788688,-12818.276,0.073654592,3.3436887
-0.93936282,-0.066243492,-0.076890826,-14.547587,-8635.9844,-10058.186,2.5584e-05,-0.01543805,3.1721935,-2.8478234,0.028095964,1.2259915,-12828.572,0.07388714,3.2954817
-0.93696469,-0.066381074,-0.077051267,-14.542947,-8609.5752,-10027.83,2.56e-05,-0.015772212,3.1751366,-2.9094656,0.027891375,1.1731013,-12840.431,0.073766291,3.2472718
-0.9345606,-0.066518262,-0.077211224,-14.538376,-8582.2646,-9997.4111,2.5616e-05,-0.015989849,3.1777251,-2.9496126,0.027686611,1.1201975,-12850.858,0.072899565,3.1990588
-0.93215066,-0.066654995,-0.077370696,-14.533875,-8555.5947,-9966.9297,2.5632e-05,-0.016101135,3.1804388,-2.9701409,0.027481673,1.0672793,-12861.793,0.072750024,3.1508431
-0.92973477,-0.066791311,-0.077529676,-14.529448,-8529.3115,-9936.3848,2.5648e-05,-0.016569085,3.1828983,-3.0564628,0.02727657,1.0143459,-12871.702,0.072590105,3.1026244
-0.92731303,-0.066927187,-0.077688172,-14.525093,-8502.5762,-9905.7773,2.5664e-05,-0.016654167,3.185549,-3.0721576,0.027071301,0.96139634,-12882.382,0.072742701,3.0544033
-0.92488545,-0.067062661,-0.077846177,-14.520813,-8475.1299,-9875.1074,2.568e-05,-0.017021313,3.1881664,-3.1398845,0.026865864,0.90842986,-12892.928,0.072596207,3.0061793
-0.92245197,-0.06719768,-0.078003682,-14.51661,-8447.0371,-9844.375,2.5696e-05,-0.017262071,3.1908007,-3.1842964,0.026660256,0.85544562,-12903.541,0.07230445,2.957953
-0.92001271,-0.067332275,-0.078160703,-14.512485,-8420.4072,-9813.5811,2.5712e-05,-0.017683165,3.1934505,-3.2619746,0.026454479,0.80244279,-12914.217,0.071261331,2.909724
-0.91756761,-0.067466408,-0.078317225,-14.508438,-8393.9561,-9782.7236,2.5728e-05,-0.017783351,3.1961153,-3.2804558,0.02624853,0.74942052,-12924.954,0.071280248,2.8614926
-0.91511673,-0.067600146,-0.078473255,-14.504473,-8364.5869,-9751.8057,2.5744e-05,-0.018300317,3.1987882,-3.3758192,0.026042409,0.69637799,-12935.723,0.070777915,2.8132589
-0.91266006,-0.067733407,-0.078628786,-14.500588,-8336.2949,-9720.8262,2.576e-05,-0.01896001,3.2012637,-3.4975114,0.025836121,0.64331436,-12945.696,0.071073338,2.7650228
-0.91019762,-0.067866229,-0.078783825,-14.496787,-8307.8857,-9689.7842,2.5776e-05,-0.019010566,3.2038586,-3.5068374,0.025629671,0.59022874,-12956.151,0.070216984,2.7167845
-0.90772945,-0.067998581,-0.078938365,-14.49307,-8280.3398,-9658.6816,2.5792e-05,-0.019408232,3.2061481,-3.5801938,0.025423063,0.5371204,-12965.376,0.070325635,2.6685441
-0.9052555,-0.068130501,-0.079092398,-14.489437,-8252.5303,-9627.5186,2.5808e-05,-0.019615078,3.2085087,-3.6183505,0.025216306,0.48398846,-12974.888,0.069796443,2.6203017
-0.90277588,-0.068261959,-0.07924594,-14.485891,-8224.8906,-9596.2939,2.5824e-05,-0.019567914,3.2110972,-3.6096501,0.025009388,0.43083209,-12985.315,0.070408031,2.5720572
-0.90029055,-0.068392999,-0.079398982,-14.482431,-8196.5,-9565.0088,2.584e-05,-0.019889129,3.2135878,-3.6689041,0.024802309,0.37765053,-12995.351,0.06982208,2.5238109
-0.89779949,-0.068523563,-0.079551518,-14.479061,-8169.6348,-9533.6631,2.5856e-05,-0.020066692,3.2161698,-3.7016585,0.024595063,0.32444289,-13005.754,0.069529712,2.4755628
-0.89530277,-0.06865371,-0.079703555,-14.47578,-8141.9541,-9502.2578,2.5872e-05,-0.020564543,3.2188535,-3.7934961,0.024387648,0.27120844,-13016.566,0.068624534,2.4273129
-0.89280039,-0.068783395,-0.079855092,-14.472588,-8114.563,-9470.792,2.5888e-05,-0.020751663,3.2214849,-3.8280137,0.024180064,0.21794631,-13027.168,0.068555556,2.3790615
-0.89029235,-0.06891267,-0.080006115,-14.469487,-8086.6338,-9439.2666,2.5904e-05,-0.021197109,3.2239292,-3.9101841,0.023972314,0.16465572,-13037.016,0.068114258,2.3308084
-0.8877787,-0.069041476,-0.080156639,-14.466478,-8059.4707,-9407.6816,2.592e-05,-0.021356175,3.2261481,-3.9395268,0.023764415,0.11133588,-13045.956,0.06823878,2.2825537
-0.88525945,-0.069169857,-0.080306657,-14.463562,-8032.3735,-9376.0371,2.5936e-05,-0.021887321,3.2287705,-4.0375061,0.023556359,0.057986014,-13056.521,0.067981198,2.2342978
-0.8827346,-0.069297791,-0.080456167,-14.460738,-8005.5815,-9344.333,2.5952e-05,-0.021569496,3.2311363,-3.9788778,0.023348143,0.0046053268,-13066.054,0.067574084,2.1860406
-0.88020414,-0.069425315,-0.080605164,-14.45801,-7978.2627,-9312.5703,2.5968e-05,-0.022365753,3.2334075,-4.125761,0.023139779,-0.048806954,-13075.204,0.067641221,2.1377821
-0.87766814,-0.069552377,-0.080753662,-14.455376,-7950.2856,-9280.749,2.5984e-05,-0.022762185,3.2356229,-4.1988902,0.022931268,-0.10225159,-13084.13,0.067368388,2.0895224
-0.87512654,-0.069679022,-0.080901638,-14.452836,-7922.0039,-9248.8682,2.6e-05,-0.022928957,3.2378018,-4.2296543,0.022722617,-0.15572935,-13092.908,0.066945404,2.0412617
-0.87257946,-0.069805197,-0.081049114,-14.450394,-7893.9434,-9216.9297,2.6016e-05,-0.023194993,3.2401519,-4.2787294,0.022513818,-0.20924097,-13102.377,0.06611225,1.9930001
-0.87002677,-0.069930941,-0.08119607,-14.448047,-7865.1118,-9184.9326,2.6032e-05,-0.02352299,3.2422628,-4.3392344,0.022304876,-0.26278722,-13110.882,0.066600546,1.9447377
-0.86746866,-0.070056207,-0.081342518,-14.445797,-7835.9897,-9152.8779,2.6048e-05,-0.023810603,3.2443309,-4.3922896,0.022095799,-0.31636882,-13119.214,0.066043884,1.8964745
-0.864905,-0.070181035,-0.081488445,-14.443645,-7807.9839,-9120.7656,2.6064e-05,-0.024100991,3.2466748,-4.445857,0.021886582,-0.36998647,-13128.658,0.065945618,1.8482107
-0.86233586,-0.070305385,-0.081633866,-14.441591,-7778.9897,-9088.5947,2.608e-05,-0.024847308,3.2487717,-4.5835285,0.02167722,-0.42364094,-13137.106,0.066372879,1.7999462
-0.85976124,-0.070429295,-0.081778765,-14.439635,-7749.9316,-9056.3672,2.6096e-05,-0.024541507,3.2510104,-4.5271177,0.021467719,-0.47733286,-13146.126,0.065468915,1.7516813
-0.85718119,-0.070552722,-0.081923157,-14.437778,-7721.5171,-9024.082,2.6112e-05,-0.025075117,3.253263,-4.6255522,0.021258073,-0.53106302,-13155.202,0.065060578,1.703416
-0.85459572,-0.070675708,-0.08206702,-14.436021,-7692.8433,-8991.7402,2.6128e-05,-0.025318341,3.2552209,-4.6704187,0.021048291,-0.58483201,-13163.09,0.064787135,1.6551505
-0.85200483,-0.070798218,-0.082210369,-14.434361,-7665.3281,-8959.3418,2.6144e-05,-0.0253131,3.2574861,-4.6694522,0.020838372,-0.63864052,-13172.217,0.064280525,1.6068848
-0.84940851,-0.070920296,-0.082353204,-14.432802,-7636.4619,-8926.8867,2.616e-05,-0.025699051,3.2595685,-4.7406478,0.020628314,-0.69248933,-13180.606,0.06445387,1.558619
-0.84680676,-0.071041904,-0.082495511,-14.431343,-7609.2598,-8894.375,2.6176e-05,-0.026239136,3.2615938,-4.8402762,0.020418124,-0.7463789,-13188.768,0.063507795,1.5103533
-0.84419966,-0.071163088,-0.082637303,-14.429983,-7581.1904,-8861.8066,2.6192e-05,-0.026546787,3.2634723,-4.897028,0.020207807,-0.80031002,-13196.336,0.063583486,1.4620878
-0.84158719,-0.07128381,-0.082778566,-14.428723,-7552.8779,-8829.1826,2.6208e-05,-0.026826695,3.265358,-4.9486618,0.019997369,-0.85428321,-13203.934,0.063606068,1.4138225
-0.83896941,-0.071404099,-0.082919307,-14.427564,-7525.2876,-8796.5029,2.6224e-05,-0.027086256,3.266983,-4.9965425,0.019786818,-0.90829915,-13210.48,0.063092135,1.3655576
-0.83634621,-0.07152392,-0.083059527,-14.426504,-7497.5708,-8763.7686,2.624e-05,-0.027524613,3.2687914,-5.077405,0.019576157,-0.96235847,-13217.767,0.063466296,1.3172932
-0.83371776,-0.071643323,-0.083199225,-14.425545,-7469.2192,-8730.9775,2.6256e-05,-0.027819933,3.2704372,-5.1318822,0.019365383,-1.0164616,-13224.397,0.06308908,1.2690293
-0.83108395,-0.071762249,-0.083338395,-14.424685,-7440.5757,-8698.1318,2.6272e-05,-0.027941084,3.2722156,-5.1542301,0.0191545,-1.0706093,-13231.562,0.062117986,1.2207662
-0.8284449,-0.071880743,-0.083477043,-14.423925,-7411.042,-8665.2314,2.6288e-05,-0.028492883,3.2738831,-5.2560196,0.018943507,-1.124802,-13238.281,0.061798152,1.1725038
-0.82580054,-0.071998753,-0.083615154,-14.423266,-7384.3076,-8632.2754,2.6304e-05,-0.028749362,3.2756541,-5.3033319,0.018732401,-1.1790402,-13245.416,0.062315743,1.1242424
-0.82315087,-0.07211633,-0.083752744,-14.422707,-7354.9927,-8599.2656,2.632e-05,-0.029069344,3.277858,-5.3623581,0.018521167,-1.2333245,-13254.296,0.062059388,1.0759821
-0.82049602,-0.072233438,-0.083889805,-14.422246,-7326.7031,-8566.2021,2.6336e-05,-0.029373912,3.2795377,-5.418541,0.018309809,-1.2876555,-13261.063,0.061569873,1.027723
-0.81783587,-0.072350115,-0.084026329,-14.421885,-7298.6055,-8533.083,2.6352e-05,-0.029506158,3.2814903,-5.4429364,0.018098334,-1.3420335,-13268.93,0.060468763,0.97946507
-0.81517059,-0.072466306,-0.084162332,-14.421623,-7270.8379,-8499.9111,2.6368e-05,-0.030140266,3.283263,-5.5599089,0.017886739,-1.3964591,-13276.072,0.061109044,0.93120855
-0.8125,-0.072582081,-0.084297799,-14.421459,-7241.291,-8466.6855,2.6384e-05,-0.030015416,3.2849567,-5.5368781,0.017675031,-1.4509327,-13282.896,0.061058991,0.88295364
-0.80982429,-0.072697371,-0.084432736,-14.421394,-7213.1978,-8433.4062,2.64e-05,-0.030372083,3.2867711,-5.6026716,0.017463211,-1.5054549,-13290.206,0.060362559,0.83470035
-0.80714339,-0.072812222,-0.084567137,-14.421428,-7184.165,-8400.0732,2.6416e-05,-0.030314129,3.2882774,-5.5919809,0.017251283,-1.5600259,-13296.275,0.060086671,0.78644884
-0.80445731,-0.072926596,-0.084701002,-14.421558,-7155.5781,-8366.6875,2.6432e-05,-0.031308293,3.2899978,-5.775372,0.017039252,-1.6146462,-13303.207,0.059807122,0.73819929
-0.8017661,-0.07304053,-0.08483433,-14.421787,-7127.7407,-8333.249,2.6448e-05,-0.03094916,3.2914779,-5.7091236,0.016827118,-1.6693162,-13309.171,0.060468152,0.68995172
-0.79906976,-0.073153995,-0.084967129,-14.422112,-7098.8643,-8299.7578,2.6464e-05,-0.031800903,3.2931454,-5.8662429,0.016614882,-1.7240362,-13315.89,0.059085056,0.64170629
-0.7963683,-0.07326702,-0.085099392,-14.422532,-7069.9678,-8266.2139,2.648e-05,-0.03203303,3.2946863,-5.9090629,0.016402543,-1.7788066,-13322.097,0.058955658,0.59346318
-0.79366171,-0.073379569,-0.08523111,-14.423049,-7040.9077,-8232.6182,2.6496e-05,-0.032403875,3.296514,-5.9774718,0.016190095,-1.8336278,-13329.461,0.058771934,0.54522252
-0.79095006,-0.07349167,-0.085362293,-14.423661,-7012.4976,-8198.9697,2.6512e-05,-0.032462448,3.2980783,-5.9882765,0.015977537,-1.8885,-13335.764,0.05909238,0.49698436
-0.7882334,-0.073603295,-0.085492939,-14.424367,-6983.4419,-8165.2705,2.6528e-05,-0.032983109,3.2996118,-6.084322,0.015764879,-1.9434235,-13341.941,0.057918638,0.44874889
-0.78551161,-0.07371448,-0.085623041,-14.425167,-6953.8862,-8131.5195,2.6544e-05,-0.0332288,3.3007288,-6.1296439,0.015552137,-1.9983987,-13346.442,0.058053531,0.40051627
-0.78278482,-0.073825166,-0.085752606,-14.42606,-6925.4351,-8097.7168,2.656e-05,-0.033636022,3.3021767,-6.2047634,0.015339311,-2.0534256,-13352.276,0.057545703,0.35228658
-0.78005296,-0.073935419,-0.085881628,-14.427045,-6896.665,-8063.8628,2.6576e-05,-0.03358639,3.3034334,-6.1956077,0.015126399,-2.1085048,-13357.339,0.057913754,0.30405998
-0.77731615,-0.074045189,-0.086010106,-14.428123,-6868.0059,-8029.9585,2.6592e-05,-0.033833005,3.3046396,-6.2411003,0.014913407,-2.163636,-13362.199,0.057876524,0.25583664
-0.77457434,-0.074154526,-0.08613804,-14.42929,-6838.4316,-7996.0029,2.6608e-05,-0.034581788,3.3061781,-6.3792267,0.014700327,-2.2188199,-13368.397,0.057684254,0.20761664
-0.77182758,-0.074263372,-0.086265437,-14.430549,-6810.5234,-7961.9971,2.6624e-05,-0.034808982,3.3078582,-6.4211364,0.014487143,-2.2740564,-13375.167,0.056585588,0.15940015
-0.76907587,-0.074371777,-0.086392283,-14.431895,-6780.8345,-7927.9409,2.664e-05,-0.035231926,3.3091156,-6.499156,0.014273864,-2.3293457,-13380.233,0.05671804,0.11118732
-0.76631916,-0.074479699,-0.086518586,-14.433331,-6752.4102,-7893.8345,2.6656e-05,-0.035061453,3.310468,-6.4677091,0.014060501,-2.3846877,-13385.682,0.056110721,0.062978268
-0.76355761,-0.074587189,-0.086644337,-14.434854,-6723.7295,-7859.6782,2.6672e-05,-0.035431989,3.3119071,-6.5360613,0.013847048,-2.4400828,-13391.479,0.05559618,0.014773158
-0.76079112,-0.074694186,-0.086769544,-14.436463,-6694.1895,-7825.4727,2.6688e-05,-0.03585216,3.3132706,-6.6135693,0.013633505,-2.4955311,-13396.974,0.055676747,-0.033427875
-0.75801975,-0.074800752,-0.086894207,-14.438158,-6664.3647,-7791.2173,2.6704e-05,-0.036177691,3.3144522,-6.6736193,0.01341988,-2.5510323,-13401.734,0.055346537,-0.081624687
-0.75524354,-0.074906811,-0.087018311,-14.439938,-6636.1045,-7756.9131,2.672e-05,-0.036350936,3.3159547,-6.7055774,0.013206168,-2.6065867,-13407.788,0.055140842,-0.12981713
-0.75246245,-0.075012431,-0.087141879,-14.441801,-6606.6377,-7722.5596,2.6736e-05,-0.037098795,3.3175948,-6.843533,0.012992355,-2.6621945,-13414.396,0.055294655,-0.17800505
-0.74967653,-0.075117566,-0.087264888,-14.443747,-6577.2534,-7688.1572,2.6752e-05,-0.036719009,3.3186982,-6.7734747,0.012778454,-2.717855,-13418.842,0.054844204,-0.22618832
-0.74688584,-0.075222254,-0.087387346,-14.445773,-6546.5439,-7653.7065,2.6768e-05,-0.037336469,3.3201592,-6.8873763,0.012564469,-2.7735689,-13424.728,0.054579303,-0.27436677
-0.74409032,-0.075326435,-0.087509252,-14.447881,-6516.4766,-7619.2075,2.6784e-05,-0.037736908,3.3214805,-6.9612446,0.012350395,-2.8293357,-13430.052,0.054248482,-0.32254025
-0.74129003,-0.075430155,-0.087630607,-14.450067,-6484.9341,-7584.6602,2.68e-05,-0.037690051,3.3225732,-6.952601,0.012136244,-2.8851552,-13434.454,0.053498335,-0.37070861
-0.73848498,-0.07553336,-0.087751411,-14.452332,-6453.9653,-7550.0649,2.6816e-05,-0.038021747,3.3240027,-7.0137882,0.011922011,-2.9410276,-13440.214,0.052775659,-0.4188717
-0.73567522,-0.075636081,-0.087871656,-14.454673,-6424.0029,-7515.4224,2.6832e-05,-0.038412321,3.3251917,-7.0858369,0.011707693,-2.9969528,-13445.004,0.053132724,-0.46702939
-0.73286074,-0.075738296,-0.087991349,-14.457089,-6394.0132,-7480.7319,2.6848e-05,-0.038337722,3.3267653,-7.0720754,0.011493287,-3.0529304,-13451.343,0.053685721,-0.51518148
-0.73004156,-0.075840056,-0.088110484,-14.45958,-6364.3696,-7445.9946,2.6864e-05,-0.039043963,3.3281074,-7.2023544,0.011278787,-3.1089602,-13456.751,0.0525309,-0.56332785
-0.72721773,-0.075941317,-0.08822906,-14.462145,-6333.813,-7411.21,2.688e-05,-0.039268691,3.3292179,-7.2438092,0.011064207,-3.1650419,-13461.225,0.052195195,-0.61146837
-0.72438926,-0.076042123,-0.088347085,-14.464781,-6303.0874,-7376.3784,2.6896e-05,-0.039226148,3.3304346,-7.2359619,0.010849553,-3.2211757,-13466.127,0.053249307,-0.65960282
-0.72155607,-0.076142408,-0.088464551,-14.467487,-6272.6641,-7341.5005,2.6912e-05,-0.039993118,3.3318281,-7.3774433,0.010634814,-3.2773607,-13471.742,0.05208838,-0.70773107
-0.71871835,-0.076242231,-0.08858145,-14.470263,-6242.7983,-7306.5762,2.6928e-05,-0.04030817,3.3328407,-7.4355597,0.010419998,-3.3335972,-13475.821,0.051670887,-0.75585294
-0.71587598,-0.07634154,-0.088697799,-14.473106,-6211.23,-7271.6055,2.6944e-05,-0.040314026,3.3338993,-7.4366403,0.010205116,-3.3898842,-13480.087,0.051593982,-0.80396831
-0.71302909,-0.076440394,-0.088813581,-14.476016,-6178.2749,-7236.5889,2.696e-05,-0.040560026,3.3348727,-7.4820189,0.0099901678,-3.4462221,-13484.008,0.050821252,-0.85207707
-0.7101776,-0.076538697,-0.088928811,-14.478992,-6147.396,-7201.5269,2.6976e-05,-0.041099183,3.336098,-7.5814767,0.0097751487,-3.5026097,-13488.945,0.051871698,-0.90017891
-0.70732164,-0.076636516,-0.089043468,-14.48203,-6116.4458,-7166.4194,2.6992e-05,-0.041527368,3.3370476,-7.6604629,0.0095600588,-3.5590475,-13492.771,0.050167546,-0.94827378
-0.7044611,-0.07673382,-0.089157574,-14.48513,-6086.1484,-7131.2661,2.7008e-05,-0.042005185,3.3380439,-7.7486043,0.0093449065,-3.6155341,-13496.785,0.050276805,-0.99636149
-0.70159608,-0.076830655,-0.089271106,-14.488293,-6055.3096,-7096.0684,2.7024e-05,-0.042241625,3.3387718,-7.7922201,0.0091296993,-3.6720698,-13499.718,0.049490646,-1.0444419
-0.69872665,-0.076926976,-0.089384079,-14.491513,-6026.3491,-7060.8257,2.704e-05,-0.042068377,3.3396506,-7.7602615,0.0089144399,-3.7286537,-13503.259,0.049465623,-1.0925149
-0.69585276,-0.077022851,-0.089496486,-14.494792,-5996.2817,-7025.5381,2.7056e-05,-0.04225149,3.3403394,-7.7940397,0.0086991303,-3.7852855,-13506.034,0.04972503,-1.1405802
-0.69297439,-0.077118218,-0.089608334,-14.498127,-5964.4702,-6990.2065,2.7072e-05,-0.042998731,3.3411767,-7.9318814,0.0084837712,-3.8419642,-13509.408,0.049273964,-1.1886376
-0.69009167,-0.077213123,-0.089719608,-14.501516,-5933.4883,-6954.8306,2.7088e-05,-0.043501515,3.342185,-8.0246296,0.0082683526,-3.89869,-13513.47,0.048684347,-1.2366871
-0.68720454,-0.077307492,-0.089830317,-14.504959,-5902.832,-6919.4106,2.7104e-05,-0.043352313,3.3431056,-7.9971066,0.0080528716,-3.9554615,-13517.179,0.048628192,-1.2847285
-0.68431306,-0.0774014,-0.089940466,-14.508454,-5870.3291,-6883.9473,2.712e-05,-0.043463908,3.3439102,-8.0176916,0.0078373356,-4.0122786,-13520.421,0.048491471,-1.3327615
-0.68141723,-0.077494778,-0.090050042,-14.511998,-5838.7832,-6848.4399,2.7136e-05,-0.043654725,3.344394,-8.0528917,0.0076217572,-4.0691404,-13522.37,0.048485365,-1.3807862
-0.6785171,-0.077587664,-0.090159044,-14.515592,-5806.564,-6812.8896,2.7152e-05,-0.044336922,3.3451676,-8.1787348,0.0074061388,-4.1260462,-13525.486,0.047950681,-1.4288021
-0.67561269,-0.077680014,-0.090267479,-14.519232,-5776.3535,-6777.2964,2.7168e-05,-0.044741675,3.3457782,-8.2533989,0.0071904757,-4.1829948,-13527.947,0.048000734,-1.4768093
-0.67270398,-0.077771895,-0.090375349,-14.522917,-5744.8511,-6741.6602,2.7184e-05,-0.045078304,3.3467064,-8.3154964,0.0069747632,-4.2399869,-13531.687,0.047585681,-1.5248075
-0.66979104,-0.077863254,-0.090482645,-14.526646,-5713.8657,-6705.9814,2.72e-05,-0.045145199,3.3471637,-8.327836,0.0067590061,-4.29702,-13533.528,0.047415387,-1.5727965
-0.66687387,-0.077954143,-0.090589367,-14.530416,-5683.1797,-6670.2603,2.7216e-05,-0.04586377,3.3477299,-8.4603891,0.0065432158,-4.3540945,-13535.811,0.04674276,-1.6207763
-0.66395253,-0.078044504,-0.090695515,-14.534227,-5652.082,-6634.4971,2.7232e-05,-0.045660008,3.3482769,-8.422801,0.0063273893,-4.4112086,-13538.014,0.046674397,-1.6687465
-0.66102695,-0.078134403,-0.090801097,-14.538077,-5620.2031,-6598.6919,2.7248e-05,-0.046004649,3.3487043,-8.4863768,0.006111532,-4.4683623,-13539.736,0.046524245,-1.7167071
-0.65809727,-0.078223772,-0.090906106,-14.541965,-5588.8989,-6562.8452,2.7264e-05,-0.046652935,3.3491986,-8.6059647,0.0058956444,-4.5255547,-13541.728,0.046728112,-1.764658
-0.65516341,-0.078312658,-0.091010533,-14.545886,-5557.2505,-6526.957,2.728e-05,-0.047050294,3.3496013,-8.679265,0.0056797285,-4.5827842,-13543.35,0.045547653,-1.8125988
-0.65222543,-0.078401022,-0.091114394,-14.549842,-5526.5625,-6491.0273,2.7296e-05,-0.046995729,3.3502717,-8.669199,0.0054637776,-4.6400499,-13546.052,0.046216011,-1.8605295
-0.64928335,-0.078488909,-0.091217674,-14.553829,-5495.417,-6455.0571,2.7312e-05,-0.047176685,3.3505304,-8.7025795,0.0052477969,-4.6973515,-13547.093,0.045652639,-1.9084499
-0.64633721,-0.078576274,-0.091320373,-14.557847,-5464.1343,-6419.0459,2.7328e-05,-0.047303382,3.3510609,-8.7259512,0.0050317906,-4.7546873,-13549.23,0.04501297,-1.9563599
-0.64338702,-0.078663163,-0.091422506,-14.561893,-5433.668,-6382.9941,2.7344e-05,-0.047816955,3.3515635,-8.8206892,0.0048157512,-4.8120565,-13551.256,0.04517838,-2.0042591
-0.64043283,-0.078749537,-0.091524057,-14.565967,-5403.9209,-6346.9019,2.736e-05,-0.047966775,3.3524475,-8.8483257,0.0045996672,-4.8694577,-13554.817,0.044994049,-2.0521474
-0.6374746,-0.078835458,-0.091625027,-14.570065,-5373.0181,-6310.7695,2.7376e-05,-0.048281822,3.3526721,-8.9064426,0.0043835472,-4.9268909,-13555.723,0.043969236,-2.1000249
-0.63451236,-0.078920864,-0.091725424,-14.574186,-5342.0742,-6274.5977,2.7392e-05,-0.048412528,3.3531406,-8.9305534,0.004167405,-4.9843535,-13557.609,0.045127109,-2.1478913
-0.6315462,-0.0790058,-0.091825232,-14.578328,-5310.79,-6238.3857,2.7408e-05,-0.049202003,3.3535244,-9.0761852,0.0039512352,-5.0418453,-13559.156,0.044237189,-2.1957462
-0.6285761,-0.079090208,-0.091924466,-14.582491,-5280.6548,-6202.1348,2.7424e-05,-0.049426731,3.3539631,-9.1176405,0.0037350392,-5.0993648,-13560.924,0.043793451,-2.2435894
-0.62560207,-0.079174161,-0.092023119,-14.586672,-5247.7168,-6165.8442,2.744e-05,-0.049833644,3.3542457,-9.1927032,0.0035188196,-5.1569109,-13562.062,0.043098237,-2.2914212
-0.6226241,-0.07925757,-0.092121191,-14.590868,-5216.897,-6129.5151,2.7456e-05,-0.050030626,3.3550189,-9.2290401,0.0033025662,-5.2144818,-13565.178,0.042718589,-2.339241
-0.61964232,-0.07934051,-0.092218682,-14.595079,-5184.7725,-6093.147,2.7472e-05,-0.050234083,3.35554,-9.266571,0.003086271,-5.2720771,-13567.277,0.043153174,-2.387049
-0.61665666,-0.079422906,-0.092315592,-14.599303,-5152.9976,-6056.7407,2.7488e-05,-0.050364174,3.3559692,-9.2905684,0.002869945,-5.3296947,-13569.006,0.042727135,-2.4348447
-0.61366713,-0.079504825,-0.09241192,-14.603539,-5122.5601,-6020.2959,2.7504e-05,-0.050881445,3.3562813,-9.3859892,0.0026535953,-5.3873339,-13570.264,0.043336894,-2.4826281
-0.61067379,-0.079586223,-0.09250766,-14.607782,-5093.0254,-5983.8135,2.752e-05,-0.050818868,3.3565423,-9.374445,0.0024372272,-5.444993,-13571.315,0.042001404,-2.5303988
-0.60767668,-0.079667166,-0.092602812,-14.612035,-5062.3667,-5947.293,2.7536e-05,-0.051618207,3.356807,-9.5218973,0.0022208421,-5.5026708,-13572.382,0.04162908,-2.5781569
-0.60467577,-0.079747595,-0.092697389,-14.616292,-5031.3101,-5910.7349,2.7552e-05,-0.051944971,3.356853,-9.5821743,0.0020044469,-5.5603657,-13572.567,0.041825619,-2.6259022
-0.60167116,-0.079827562,-0.092791371,-14.620553,-4999.3892,-5874.1392,2.7568e-05,-0.051648725,3.3571134,-9.5275269,0.0017880418,-5.6180758,-13573.616,0.041479539,-2.6736343
-0.59866273,-0.079906993,-0.092884772,-14.624817,-4968.4004,-5837.5068,2.7584e-05,-0.052422784,3.3572855,-9.6703167,0.0015716228,-5.6758003,-13574.31,0.040598162,-2.7213533
-0.59565067,-0.079985954,-0.092977583,-14.62908,-4935.8052,-5800.8374,2.76e-05,-0.052772362,3.3577256,-9.7348013,0.0013551841,-5.7335377,-13576.083,0.040614031,-2.7690589
-0.59263486,-0.080064379,-0.093069814,-14.633343,-4904.5308,-5764.1313,2.7616e-05,-0.053106524,3.3580956,-9.7964439,0.0011387193,-5.791286,-13577.573,0.040769067,-2.816751
-0.5896154,-0.080142319,-0.093161449,-14.637602,-4873.4971,-5727.3887,2.7632e-05,-0.052683886,3.3583691,-9.7184811,0.00092223374,-5.8490438,-13578.676,0.040932037,-2.8644295
-0.58659226,-0.080219731,-0.093252502,-14.641856,-4841.3716,-5690.6104,2.7648e-05,-0.053445,3.3589177,-9.858882,0.00070572167,-5.9068093,-13580.887,0.040260017,-2.9120939
-0.58356547,-0.080296665,-0.09334296,-14.646105,-4809.9653,-5653.7954,2.7664e-05,-0.0538738,3.3590987,-9.9379816,0.00048918609,-5.9645815,-13581.615,0.040095218,-2.9597445
-0.58053511,-0.080373064,-0.093432829,-14.650344,-4779.7676,-5616.9453,2.768e-05,-0.054166038,3.3593323,-9.9918909,0.00027263712,-6.0223584,-13582.557,0.038853113,-3.0073805
-0.57750112,-0.080449,-0.093522109,-14.654573,-4748.7627,-5580.0596,2.7696e-05,-0.054469373,3.359597,-10.047846,5.6072116e-05,-6.0801382,-13583.623,0.039092992,-3.0550025
-0.57446355,-0.080524415,-0.093610801,-14.658792,-4717.7456,-5543.1387,2.7712e-05,-0.054804463,3.3596458,-10.109659,-0.000160503,-6.1379189,-13583.819,0.039036836,-3.1026096
-0.5714224,-0.080599368,-0.093698904,-14.662996,-4686.8281,-5506.1826,2.7728e-05,-0.055000521,3.3595681,-10.145825,-0.00037707717,-6.1956997,-13583.506,0.038576007,-3.1502023
-0.56837773,-0.080673791,-0.093786411,-14.667185,-4654.4521,-5469.1919,2.7744e-05,-0.054602854,3.3595397,-10.072469,-0.00059364794,-6.2534781,-13583.392,0.038535111,-3.1977799
-0.56532955,-0.080747738,-0.093873322,-14.671357,-4623.0059,-5432.1665,2.776e-05,-0.055706453,3.359504,-10.276048,-0.00081021659,-6.3112526,-13583.248,0.037895445,-3.2453427
-0.56227779,-0.080821142,-0.093959644,-14.675511,-4592.853,-5395.1064,2.7776e-05,-0.055502687,3.3594699,-10.23846,-0.001026783,-6.3690209,-13583.11,0.038238473,-3.2928901
-0.55922258,-0.08089409,-0.094045371,-14.679645,-4560.1572,-5358.0127,2.7792e-05,-0.055841476,3.3593004,-10.300955,-0.0012433429,-6.4267817,-13582.428,0.037758719,-3.3404222
-0.55616391,-0.080966502,-0.094130509,-14.683756,-4528.0142,-5320.8853,2.7808e-05,-0.056359671,3.3594036,-10.396545,-0.0014599006,-6.4845328,-13582.844,0.037898496,-3.3879387
-0.55310178,-0.081038423,-0.094215043,-14.687843,-4495.2383,-5283.7241,2.7824e-05,-0.056517199,3.3593893,-10.425604,-0.0016764613,-6.5422726,-13582.786,0.037701957,-3.4354396
-0.55003619,-0.081109792,-0.094298989,-14.691906,-4464.4785,-5246.5293,2.784e-05,-0.057209566,3.3595011,-10.553324,-0.001893025,-6.599999,-13583.236,0.037090365,-3.4829245
-0.54696721,-0.081180692,-0.094382338,-14.695942,-4432.5986,-5209.3018,2.7856e-05,-0.057098281,3.3593554,-10.532795,-0.0021095877,-6.6577101,-13582.65,0.036401868,-3.5303934
-0.54389477,-0.081251055,-0.094465092,-14.699949,-4399.9663,-5172.041,2.7872e-05,-0.057643607,3.3590407,-10.63339,-0.0023261355,-6.715404,-13581.382,0.036591694,-3.5778461
-0.54081899,-0.081320934,-0.094547249,-14.703926,-4367.4917,-5134.748,2.7888e-05,-0.058067784,3.3590162,-10.711637,-0.0025426724,-6.7730789,-13581.282,0.036484268,-3.6252825
-0.53773981,-0.081390254,-0.094628803,-14.707871,-4333.7856,-5097.4224,2.7904e-05,-0.058096763,3.3586106,-10.716982,-0.0027591954,-6.8307319,-13579.649,0.035500962,-3.6727023
-0.53465724,-0.081459083,-0.094709769,-14.711783,-4298.9722,-5060.064,2.792e-05,-0.058441404,3.35832,-10.780558,-0.002975696,-6.8883619,-13578.478,0.036074098,-3.7201056
-0.53157139,-0.08152733,-0.094790131,-14.715661,-4266.2251,-5022.6743,2.7936e-05,-0.058763236,3.357975,-10.839926,-0.0031921761,-6.9459662,-13577.088,0.03473739,-3.7674921
-0.5284822,-0.081595063,-0.094869897,-14.719501,-4234.313,-4985.2529,2.7952e-05,-0.059086919,3.3578587,-10.899634,-0.0034086413,-7.0035434,-13576.619,0.035626087,-3.8148613
-0.52538967,-0.08166226,-0.094949059,-14.723305,-4203.8477,-4947.7998,2.7968e-05,-0.05955302,3.3579204,-10.985615,-0.0036251049,-7.0610905,-13576.868,0.034714803,-3.8622136
-0.52229381,-0.08172898,-0.095027626,-14.727068,-4171.5005,-4910.3154,2.7984e-05,-0.059495371,3.3574402,-10.974981,-0.0038415547,-7.1186061,-13574.934,0.034779504,-3.9095485
-0.51919472,-0.081795171,-0.095105588,-14.73079,-4140.2188,-4872.7998,2.8e-05,-0.059772812,3.3568921,-11.02616,-0.0040579718,-7.1760879,-13572.725,0.034546342,-3.956866
-0.51609236,-0.081860885,-0.095182955,-14.73447,-4108.4448,-4835.2539,2.8016e-05,-0.060417093,3.3563056,-11.145009,-0.004274352,-7.2335334,-13570.361,0.033823665,-4.0041656
-0.51298678,-0.081926055,-0.095259719,-14.738106,-4075.9585,-4797.6772,2.8032e-05,-0.060600512,3.3554983,-11.178843,-0.004490687,-7.2909403,-13567.109,0.033536792,-4.0514479
-0.50987792,-0.081990749,-0.095335878,-14.741696,-4042.2341,-4760.0698,2.8048e-05,-0.060607295,3.354944,-11.180095,-0.0047069788,-7.3483071,-13564.876,0.033365276,-4.098712
-0.50676584,-0.082054883,-0.095411435,-14.74524,-4010.6538,-4722.4331,2.8064e-05,-0.060996328,3.354486,-11.251859,-0.0049232375,-7.4056306,-13563.031,0.033375651,-4.1459579
-0.50365055,-0.082118519,-0.095486388,-14.748735,-3977.863,-4684.7661,2.808e-05,-0.061142754,3.3542085,-11.27887,-0.0051394724,-7.4629092,-13561.912,0.033271279,-4.1931858
-0.50053209,-0.082181618,-0.095560744,-14.752181,-3946.0017,-4647.0693,2.8096e-05,-0.062048756,3.3539016,-11.445998,-0.0053556887,-7.5201406,-13560.676,0.032759789,-4.2403951
-0.49741042,-0.082244225,-0.09563449,-14.755576,-3913.5698,-4609.3438,2.8112e-05,-0.062151715,3.3534563,-11.464991,-0.0055718808,-7.5773225,-13558.882,0.03254433,-4.2875862
-0.49428561,-0.082306288,-0.09570764,-14.758919,-3882.0464,-4571.5889,2.8128e-05,-0.062248819,3.35271,-11.482903,-0.0057880348,-7.6344519,-13555.875,0.032746971,-4.3347583
-0.49115765,-0.082367867,-0.095780179,-14.762207,-3849.3484,-4533.8047,2.8144e-05,-0.062642783,3.3519948,-11.555577,-0.0060041412,-7.6915269,-13552.993,0.032342296,-4.3819118
-0.48802656,-0.082428902,-0.095852114,-14.765441,-3816.8799,-4495.9927,2.816e-05,-0.062656969,3.3510549,-11.558193,-0.006220194,-7.7485456,-13549.207,0.031346783,-4.4290462
-0.48489234,-0.082489453,-0.095923446,-14.768619,-3783.8867,-4458.1514,2.8176e-05,-0.063162833,3.3499887,-11.651509,-0.0064361827,-7.8055048,-13544.911,0.031177709,-4.4761615
-0.48175499,-0.082549445,-0.095994167,-14.771738,-3751.3882,-4420.2827,2.8192e-05,-0.063308954,3.3492639,-11.678464,-0.0066521135,-7.8624024,-13541.99,0.031533554,-4.5232573
-0.47861457,-0.082608946,-0.096064292,-14.774799,-3718.1958,-4382.3857,2.8208e-05,-0.063837633,3.34851,-11.775989,-0.0068679969,-7.9192362,-13538.954,0.030758385,-4.570334
-0.47547108,-0.082667887,-0.096133798,-14.777801,-3685.4238,-4344.4609,2.8224e-05,-0.064027831,3.3477614,-11.811074,-0.0070838314,-7.9760032,-13535.937,0.031429183,-4.6173906
-0.47232452,-0.08272633,-0.096202701,-14.780741,-3650.9939,-4306.5088,2.824e-05,-0.064032763,3.3469236,-11.811984,-0.0072996151,-8.0327015,-13532.562,0.030182807,-4.6644278
-0.46917489,-0.082784206,-0.096271001,-14.783618,-3618.209,-4268.5298,2.8256e-05,-0.064477593,3.346216,-11.894041,-0.0075153485,-8.0893288,-13529.711,0.030404981,-4.7114453
-0.46602222,-0.082841575,-0.096338689,-14.786431,-3585.3889,-4230.5234,2.8272e-05,-0.064716808,3.345237,-11.938169,-0.0077310279,-8.1458817,-13525.766,0.029907528,-4.7584429
-0.46286654,-0.082898393,-0.096405767,-14.789181,-3554.8057,-4192.4902,2.8288e-05,-0.06498716,3.344615,-11.98804,-0.0079466561,-8.2023582,-13523.261,0.029851375,-4.8054199
-0.45970786,-0.082954735,-0.096472241,-14.791864,-3523.123,-4154.4312,2.8304e-05,-0.065434769,3.3438277,-12.070608,-0.0081622386,-8.2587557,-13520.088,0.03020661,-4.8523769
-0.45654616,-0.083010539,-0.096538104,-14.794481,-3490.6169,-4116.3452,2.832e-05,-0.066017702,3.3431478,-12.178141,-0.0083777737,-8.3150721,-13517.349,0.029241005,-4.8993134
-0.45338148,-0.083065867,-0.096603349,-14.797029,-3456.9995,-4078.2336,2.8336e-05,-0.065775715,3.342097,-12.133501,-0.0085932529,-8.3713045,-13513.115,0.028559221,-4.946229
-0.45021382,-0.083120637,-0.096667998,-14.79951,-3423.9224,-4040.0962,2.8352e-05,-0.066340767,3.3409743,-12.237736,-0.0088086622,-8.4274502,-13508.592,0.028645894,-4.9931245
-0.44704324,-0.083174899,-0.096732028,-14.80192,-3391.7554,-4001.9331,2.8368e-05,-0.066649958,3.340214,-12.294772,-0.00902401,-8.4835072,-13505.528,0.029033478,-5.0399985
-0.44386968,-0.08322861,-0.096795447,-14.804258,-3359.1694,-3963.7449,2.8384e-05,-0.066751689,3.3396788,-12.313538,-0.0092393169,-8.5394716,-13503.372,0.028806422,-5.0868521
-0.4406932,-0.083281837,-0.096858256,-14.806526,-3325.2454,-3925.5317,2.84e-05,-0.067044847,3.338999,-12.367617,-0.0094545847,-8.5953417,-13500.634,0.028278451,-5.1336842
-0.43751383,-0.083334491,-0.096920453,-14.808721,-3292.6982,-3887.2935,2.8416e-05,-0.067845114,3.3379438,-12.51524,-0.0096697966,-8.6511154,-13496.382,0.027726065,-5.1804953
-0.43433154,-0.083386652,-0.096982032,-14.810842,-3261.2451,-3849.031,2.8432e-05,-0.06767156,3.3371773,-12.483224,-0.0098849498,-8.706789,-13493.294,0.026883755,-5.2272849
-0.43114635,-0.08343827,-0.097043008,-14.812888,-3230.0771,-3810.7439,2.8448e-05,-0.06839969,3.3360178,-12.61754,-0.010100041,-8.7623596,-13488.622,0.027415387,-5.2740531
-0.42795831,-0.083489425,-0.097103365,-14.814859,-3198.9221,-3772.4329,2.8464e-05,-0.068010345,3.3349342,-12.545719,-0.010315059,-8.8178263,-13484.257,0.026405836,-5.3207994
-0.4247674,-0.083540037,-0.097163111,-14.816755,-3165.6643,-3734.0981,2.848e-05,-0.068688534,3.3337598,-12.670823,-0.010530004,-8.8731852,-13479.524,0.026551103,-5.3675241
-0.42157364,-0.083590172,-0.097222239,-14.818573,-3132.3701,-3695.7397,2.8496e-05,-0.06892097,3.3324037,-12.7137,-0.010744869,-8.9284334,-13474.061,0.027405621,-5.414227
-0.41837704,-0.083639741,-0.097280763,-14.820314,-3099.3477,-3657.3579,2.8512e-05,-0.068895996,3.3311732,-12.709094,-0.010959649,-8.9835691,-13469.103,0.025896177,-5.4609075
-0.41517764,-0.083688818,-0.097338662,-14.821977,-3066.6201,-3618.9531,2.8528e-05,-0.069574803,3.33044,-12.834311,-0.011174368,-9.0385885,-13466.149,0.02583758,-5.507566
-0.41197544,-0.083737329,-0.097395949,-14.823561,-3033.7815,-3580.5254,2.8544e-05,-0.069535039,3.3296125,-12.826976,-0.011389035,-9.0934896,-13462.814,0.02624836,-5.5542026
-0.40877047,-0.083785348,-0.097452626,-14.825065,-3000.0789,-3542.075,2.856e-05,-0.070175618,3.328438,-12.945143,-0.011603638,-9.1482697,-13458.083,0.025830867,-5.6008162
-0.4055627,-0.0838328,-0.097508684,-14.826488,-2966.4485,-3503.6023,2.8576e-05,-0.070213534,3.3272512,-12.952137,-0.011818164,-9.2029266,-13453.301,0.025982238,-5.6474075
-0.40235218,-0.083879754,-0.097564124,-14.827832,-2932.6799,-3465.1074,2.8592e-05,-0.070644803,3.3263402,-13.031692,-0.012032623,-9.2574558,-13449.631,0.025467696,-5.6939759
-0.39913893,-0.083926126,-0.097618952,-14.829094,-2901.5969,-3426.5906,2.8608e-05,-0.070977114,3.3254089,-13.092993,-0.012247023,-9.3118563,-13445.879,0.0242378,-5.7405219
-0.39592296,-0.083972022,-0.097673155,-14.830274,-2869.6157,-3388.0522,2.8624e-05,-0.07143458,3.3242576,-13.177382,-0.012461355,-9.3661251,-13441.24,0.024176152,-5.787045
-0.39270425,-0.084017374,-0.097726747,-14.831371,-2838.1665,-3349.4924,2.864e-05,-0.071699999,3.3229704,-13.226342,-0.012675609,-9.4202585,-13436.054,0.024423962,-5.8335447
-0.38948286,-0.084062256,-0.097779721,-14.832386,-2804.4077,-3310.9114,2.8656e-05,-0.07212048,3.3215797,-13.303906,-0.012889776,-9.4742556,-13430.451,0.024581438,-5.8800211
-0.38625878,-0.084106579,-0.097832084,-14.833318,-2770.0693,-3272.3096,2.8672e-05,-0.072206482,3.320236,-13.319772,-0.013103857,-9.5281115,-13425.037,0.023734855,-5.9264746
-0.38303205,-0.084150396,-0.097883821,-14.834166,-2737.1589,-3233.687,2.8688e-05,-0.072593667,3.3189962,-13.391195,-0.013317852,-9.5818243,-13420.042,0.023466293,-5.9729047
-0.37980267,-0.084193632,-0.097934939,-14.834929,-2703.8848,-3195.0442,2.8704e-05,-0.072525851,3.317699,-13.378685,-0.013531767,-9.6353912,-13414.815,0.023236183,-6.0193114
-0.37657064,-0.084236383,-0.097985439,-14.835608,-2671.3325,-3156.3811,2.872e-05,-0.073059157,3.3163328,-13.477062,-0.013745596,-9.6888103,-13409.312,0.023230689,-6.0656939
-0.37333602,-0.084278569,-0.098035328,-14.836204,-2639.6331,-3117.698,2.8736e-05,-0.073347382,3.3149331,-13.530231,-0.013959335,-9.7420778,-13403.671,0.021718193,-6.1120529
-0.37009877,-0.084320277,-0.098084591,-14.836713,-2607.1433,-3078.9951,2.8752e-05,-0.07390134,3.3138375,-13.632419,-0.014172994,-9.7951908,-13399.258,0.022583697,-6.1583881
-0.36685896,-0.084361434,-0.098133236,-14.837138,-2573.8245,-3040.2729,2.8768e-05,-0.073461749,3.3125098,-13.551329,-0.014386575,-9.8481474,-13393.908,0.022399975,-6.2046995
-0.36361659,-0.084402099,-0.098181255,-14.837478,-2540.7605,-3001.5315,2.8784e-05,-0.073918298,3.310847,-13.635547,-0.014600059,-9.9009447,-13387.209,0.022473831,-6.2509866
-0.36037165,-0.084442198,-0.098228663,-14.837731,-2507.718,-2962.7712,2.88e-05,-0.074136548,3.3094401,-13.675807,-0.014813445,-9.9535799,-13381.54,0.021705985,-6.2972498
-0.35712421,-0.084481806,-0.098275445,-14.837899,-2473.489,-2923.9919,2.8816e-05,-0.074775591,3.3077588,-13.793689,-0.01502673,-10.006049,-13374.767,0.021068757,-6.3434882
-0.35387424,-0.084520832,-0.098321609,-14.837982,-2439.6692,-2885.1946,2.8832e-05,-0.074983671,3.3063159,-13.832073,-0.015239916,-10.058351,-13368.953,0.021192053,-6.3897023
-0.35062176,-0.084559359,-0.098367155,-14.837978,-2405.6321,-2846.3787,2.8848e-05,-0.075178497,3.3049858,-13.868012,-0.015453013,-10.110482,-13363.594,0.021160925,-6.4358921
-0.34736684,-0.084597304,-0.098412074,-14.837889,-2373.2361,-2807.5449,2.8864e-05,-0.075420797,3.3034337,-13.912708,-0.015666015,-10.16244,-13357.34,0.020155644,-6.4820571
-0.34410945,-0.084634759,-0.098456368,-14.837713,-2339.373,-2768.6934,2.888e-05,-0.075733066,3.3018298,-13.970313,-0.015878916,-10.214222,-13350.879,0.020300303,-6.5281973
-0.34084961,-0.084671639,-0.098500051,-14.837452,-2305.6379,-2729.8245,2.8896e-05,-0.07604935,3.3001986,-14.028657,-0.016091714,-10.265825,-13344.307,0.019315165,-6.5743127
-0.33758733,-0.08470802,-0.0985431,-14.837106,-2271.594,-2690.9382,2.8912e-05,-0.076680377,3.2984815,-14.145061,-0.016304404,-10.317246,-13337.388,0.019542223,-6.6204028
-0.33432269,-0.084743813,-0.098585539,-14.836673,-2238.3428,-2652.0349,2.8928e-05,-0.07662458,3.2965028,-14.134768,-0.016516972,-10.368484,-13329.416,0.019525742,-6.6664681
-0.33105564,-0.084779114,-0.098627344,-14.836154,-2204.0864,-2613.115,2.8944e-05,-0.07732527,3.29492,-14.264024,-0.016729428,-10.419534,-13323.038,0.01909421,-6.7125082
-0.32778624,-0.084813833,-0.098668531,-14.83555,-2172.1189,-2574.1785,2.896e-05,-0.077006213,3.2930064,-14.205168,-0.016941771,-10.470394,-13315.328,0.018621175,-6.758523
-0.32451448,-0.084848061,-0.098709099,-14.834861,-2138.0132,-2535.2258,2.8976e-05,-0.077783972,3.2913623,-14.348639,-0.017153999,-10.521062,-13308.704,0.018515579,-6.8045125
-0.3212404,-0.084881723,-0.098749034,-14.834087,-2104.0259,-2496.2571,2.8992e-05,-0.077623062,3.2896554,-14.318955,-0.017366119,-10.571534,-13301.828,0.018135319,-6.8504763
-0.31796402,-0.084914885,-0.098788351,-14.833228,-2069.8774,-2457.2725,2.9008e-05,-0.077959687,3.2877932,-14.381053,-0.017578123,-10.621809,-13294.324,0.018079165,-6.8964143
-0.31468537,-0.084947452,-0.098827042,-14.832285,-2036.5541,-2418.2725,2.9024e-05,-0.078395575,3.2859228,-14.46146,-0.017790006,-10.671884,-13286.789,0.018153019,-6.942327
-0.31140447,-0.084979527,-0.098865114,-14.831257,-2003.4258,-2379.2571,2.904e-05,-0.078562967,3.2840328,-14.492338,-0.018001771,-10.721755,-13279.174,0.017860042,-6.9882135
-0.30812129,-0.085011028,-0.098902553,-14.830145,-1970.6964,-2340.2268,2.9056e-05,-0.078706622,3.2823951,-14.518838,-0.018213421,-10.77142,-13272.576,0.018023621,-7.0340743
-0.30483592,-0.085042037,-0.098939374,-14.82895,-1937.8574,-2301.1816,2.9072e-05,-0.079484381,3.2805417,-14.66231,-0.018424958,-10.820877,-13265.108,0.0182519,-7.0799093
-0.30154833,-0.085072488,-0.098975569,-14.827672,-1906.051,-2262.1218,2.9088e-05,-0.079272598,3.2787063,-14.623242,-0.018636376,-10.870122,-13257.713,0.017233802,-7.1257181
-0.2982586,-0.085102461,-0.099011138,-14.826311,-1871.0082,-2223.0479,2.9104e-05,-0.079747021,3.2767875,-14.710759,-0.018847672,-10.919154,-13249.983,0.017085481,-7.1715002
-0.2949667,-0.085131854,-0.099046081,-14.824869,-1836.554,-2183.96,2.912e-05,-0.080011211,3.2748096,-14.759493,-0.019058844,-10.967969,-13242.014,0.01635487,-7.2172565
-0.29167265,-0.08516074,-0.099080399,-14.823344,-1801.8638,-2144.8582,2.9136e-05,-0.080612637,3.2728164,-14.870437,-0.019269887,-11.016565,-13233.982,0.015649281,-7.2629862
-0.28837651,-0.085189022,-0.09911409,-14.821739,-1768.4031,-2105.7427,2.9152e-05,-0.080810241,3.2710068,-14.906888,-0.01948081,-11.064939,-13226.692,0.016163824,-7.3086896
-0.28507826,-0.085216805,-0.099147156,-14.820053,-1733.8265,-2066.614,2.9168e-05,-0.080865726,3.2692475,-14.917124,-0.019691614,-11.11309,-13219.604,0.016360363,-7.3543658
-0.28177798,-0.085244,-0.099179596,-14.818287,-1699.4077,-2027.4724,2.9184e-05,-0.080817021,3.267005,-14.908139,-0.019902291,-11.161013,-13210.568,0.015249489,-7.4000158
-0.27847561,-0.085270688,-0.09921141,-14.816442,-1665.306,-1988.3179,2.92e-05,-0.08148627,3.264864,-15.031593,-0.020112827,-11.208707,-13201.943,0.015383771,-7.4456391
-0.27517128,-0.085296787,-0.099242598,-14.814518,-1632.3356,-1949.1509,2.9216e-05,-0.081690654,3.2627547,-15.069296,-0.020323226,-11.256169,-13193.444,0.015094454,-7.4912353
-0.27186492,-0.085322388,-0.099273153,-14.812516,-1599.6996,-1909.9714,2.9232e-05,-0.082316436,3.2607663,-15.184732,-0.020533493,-11.303397,-13185.433,0.015229957,-7.5368042
-0.26855659,-0.085347421,-0.099303089,-14.810437,-1566.2065,-1870.78,2.9248e-05,-0.082428336,3.2587357,-15.205375,-0.020743629,-11.350388,-13177.252,0.014320506,-7.5823464
-0.26524633,-0.085371979,-0.099332392,-14.808282,-1531.7855,-1831.5768,2.9264e-05,-0.0824866,3.2568944,-15.216123,-0.020953642,-11.39714,-13169.833,0.014232612,-7.627861
-0.26193413,-0.085395932,-0.09936107,-14.806051,-1497.0306,-1792.3619,2.928e-05,-0.083276995,3.2546506,-15.361925,-0.021163523,-11.443648,-13160.793,0.014232001,-7.6733489
-0.25862005,-0.085419387,-0.099389121,-14.803745,-1463.5798,-1753.1357,2.9296e-05,-0.082837097,3.2528045,-15.280778,-0.021373272,-11.489914,-13153.354,0.013880429,-7.7188087
-0.2553041,-0.085442252,-0.099416539,-14.801366,-1430.0594,-1713.8986,2.9312e-05,-0.083481684,3.2509556,-15.399684,-0.021582901,-11.535933,-13145.906,0.0137669,-7.7642417
-0.25198629,-0.085464627,-0.099443339,-14.798913,-1396.4479,-1674.6505,2.9328e-05,-0.083959192,3.2489741,-15.487769,-0.021792406,-11.581702,-13137.922,0.013639943,-7.8096466
-0.24866666,-0.085486412,-0.099469505,-14.796388,-1361.5294,-1635.3918,2.9344e-05,-0.083947785,3.2466455,-15.485664,-0.022001775,-11.627219,-13128.54,0.013465988,-7.8550243
-0.24534522,-0.085507698,-0.099495038,-14.793792,-1326.0515,-1596.1229,2.936e-05,-0.084306613,3.2443564,-15.551856,-0.022210993,-11.672483,-13119.317,0.012916654,-7.9003739
-0.24202202,-0.085528374,-0.099519953,-14.791125,-1292.2557,-1556.8439,2.9376e-05,-0.084800765,3.2422526,-15.643011,-0.022420069,-11.717491,-13110.842,0.01315775,-7.9456959
-0.23869707,-0.085548542,-0.099544227,-14.788389,-1258.724,-1517.5549,2.9392e-05,-0.084863342,3.2402978,-15.654555,-0.022629015,-11.76224,-13102.966,0.012145757,-7.9909897
-0.2353704,-0.08556813,-0.099567883,-14.785585,-1224.9545,-1478.2565,2.9408e-05,-0.084893554,3.2378945,-15.660128,-0.022837821,-11.806728,-13093.282,0.012870266,-8.0362558
-0.23204203,-0.085587218,-0.099590905,-14.782714,-1189.7467,-1438.9487,2.9424e-05,-0.085201204,3.2354953,-15.71688,-0.023046471,-11.850954,-13083.616,0.011834468,-8.0814934
-0.22871199,-0.085605711,-0.099613301,-14.779777,-1155.8763,-1399.6318,2.944e-05,-0.085505158,3.2332301,-15.772949,-0.023254972,-11.894914,-13074.489,0.012125004,-8.1267023
-0.2253803,-0.085623704,-0.099635065,-14.776773,-1122.3402,-1360.306,2.9456e-05,-0.086249009,3.2308035,-15.910166,-0.023463322,-11.938606,-13064.713,0.011028779,-8.1718836
-0.222047,-0.085641101,-0.099656202,-14.773707,-1089.1238,-1320.9718,2.9472e-05,-0.086509801,3.2285967,-15.958274,-0.023671521,-11.982028,-13055.821,0.0111948,-8.2170362
-0.21871211,-0.085658021,-0.099676706,-14.770577,-1055.9651,-1281.629,2.9488e-05,-0.086249627,3.2262363,-15.910279,-0.023879575,-12.025179,-13046.312,0.011230811,-8.2621613
-0.21537565,-0.08567436,-0.099696584,-14.767386,-1022.2411,-1242.2783,2.9504e-05,-0.086813442,3.2238882,-16.014286,-0.024087476,-12.068054,-13036.851,0.011177709,-8.3072567
-0.21203765,-0.085690208,-0.099715829,-14.764135,-988.84717,-1202.9197,2.952e-05,-0.087395452,3.2213819,-16.121649,-0.024295218,-12.110655,-13026.753,0.010901212,-8.3523235
-0.20869814,-0.085705474,-0.099734448,-14.760825,-954.05908,-1163.5535,2.9536e-05,-0.08722683,3.2190075,-16.090542,-0.024502806,-12.152976,-13017.187,0.010110172,-8.3973618
-0.20535715,-0.085720241,-0.099752434,-14.757456,-920.3335,-1124.1799,2.9552e-05,-0.087797433,3.2167532,-16.195801,-0.024710244,-12.195017,-13008.104,0.0093520917,-8.4423714
-0.20201468,-0.085734412,-0.099769786,-14.754031,-886.83618,-1084.7993,2.9568e-05,-0.087990105,3.2142339,-16.231342,-0.024917528,-12.236776,-12997.953,0.01050325,-8.4873514
-0.1986708,-0.085748091,-0.099786513,-14.75055,-854.97229,-1045.4117,2.9584e-05,-0.088376977,3.2117653,-16.302708,-0.025124652,-12.27825,-12988.008,0.0093203532,-8.5323029
-0.19532551,-0.085761204,-0.099802613,-14.747016,-821.57648,-1006.0176,2.96e-05,-0.088581055,3.2093472,-16.340353,-0.025331616,-12.319438,-12978.266,0.0091726435,-8.5772247
-0.19197883,-0.085773841,-0.099818081,-14.743428,-787.10645,-966.61719,2.9616e-05,-0.088553004,3.2067599,-16.335178,-0.025538422,-12.360337,-12967.841,0.0089480272,-8.622118
-0.1886308,-0.085785888,-0.099832915,-14.73979,-753.5238,-927.21063,2.9632e-05,-0.088786975,3.2044153,-16.37834,-0.025745068,-12.400946,-12958.395,0.0088979769,-8.6669807
-0.18528144,-0.085797437,-0.099847116,-14.736101,-719.96643,-887.79816,2.9648e-05,-0.089219473,3.2016168,-16.45812,-0.025951548,-12.441262,-12947.119,0.0092171999,-8.7118149
-0.1819308,-0.085808396,-0.099860691,-14.732364,-686.47864,-848.38013,2.9664e-05,-0.089445435,3.1988595,-16.499804,-0.026157847,-12.481285,-12936.01,0.0084627829,-8.7566195
-0.17857887,-0.085818879,-0.099873632,-14.72858,-653.67511,-808.95673,2.968e-05,-0.089974426,3.1960359,-16.597385,-0.026363969,-12.521011,-12924.633,0.0084231086,-8.8013945
-0.1752257,-0.085828774,-0.099885948,-14.72475,-621.48694,-769.52826,2.9696e-05,-0.090047173,3.1933339,-16.610806,-0.02656991,-12.56044,-12913.747,0.0080025634,-8.8461399
-0.17187132,-0.085838206,-0.099897631,-14.720876,-588.10577,-730.09485,2.9712e-05,-0.090465188,3.1905894,-16.687914,-0.026775679,-12.599569,-12902.689,0.0074916836,-8.8908548
-0.16851574,-0.08584705,-0.09990868,-14.716959,-556.3042,-690.65686,2.9728e-05,-0.090529613,3.1879191,-16.699799,-0.02698127,-12.638397,-12891.931,0.0076229135,-8.9355402
-0.16515899,-0.085855439,-0.099919096,-14.713,-523.08667,-651.21454,2.9744e-05,-0.09123832,3.1856103,-16.830534,-0.027186703,-12.676923,-12882.629,0.0073207798,-8.980196
-0.16180111,-0.085863248,-0.099928886,-14.709003,-490.75986,-611.76807,2.976e-05,-0.091174819,3.1831739,-16.818819,-0.027391981,-12.715143,-12872.812,0.0075753042,-9.0248213
-0.15844212,-0.085870586,-0.099938042,-14.704967,-456.33737,-572.31775,2.9776e-05,-0.09162119,3.1803503,-16.901159,-0.02759709,-12.753057,-12861.437,0.0067720572,-9.069416
-0.15508205,-0.085877337,-0.099946573,-14.700895,-423.29495,-532.86383,2.9792e-05,-0.092272252,3.177191,-17.021259,-0.027802007,-12.790664,-12848.708,0.0061543626,-9.1139812
-0.1517209,-0.085883602,-0.099954464,-14.696788,-390.53561,-493.40652,2.9808e-05,-0.092254683,3.174226,-17.018019,-0.028006727,-12.82796,-12836.762,0.0067867059,-9.158515
-0.14835873,-0.085889287,-0.099961728,-14.692647,-357.72626,-453.94611,2.9824e-05,-0.092439026,3.171026,-17.052025,-0.028211247,-12.864946,-12823.868,0.0055269022,-9.2030191
-0.14499556,-0.085894503,-0.099968359,-14.688475,-324.05695,-414.48282,2.984e-05,-0.092602096,3.1680074,-17.082106,-0.028415568,-12.90162,-12811.707,0.0057167271,-9.2474928
-0.14163141,-0.085899122,-0.099974357,-14.684272,-290.23465,-375.01691,2.9856e-05,-0.092901118,3.1651137,-17.137266,-0.028619697,-12.937979,-12800.048,0.0058949552,-9.291935
-0.1382663,-0.085903272,-0.099979728,-14.680041,-256.34076,-335.54865,2.9872e-05,-0.093196131,3.162493,-17.191687,-0.02882365,-12.974023,-12789.488,0.005848567,-9.3363466
-0.13490027,-0.085906811,-0.099984467,-14.675783,-223.04985,-296.07825,2.9888e-05,-0.093481891,3.1599681,-17.2444,-0.029027436,-13.00975,-12779.316,0.0046864222,-9.3807278
-0.13153332,-0.085909881,-0.099988572,-14.6715,-187.57376,-256.60599,2.9904e-05,-0.093857057,3.1572638,-17.313606,-0.029231053,-13.04516,-12768.42,0.0047779777,-9.4250774
-0.12816551,-0.085912332,-0.099992044,-14.667194,-154.27396,-217.1321,2.992e-05,-0.094245784,3.1543691,-17.385313,-0.029434489,-13.08025,-12756.758,0.0040992461,-9.4693956
-0.12479686,-0.085914299,-0.09999489,-14.662866,-119.95525,-177.65685,2.9936e-05,-0.094345041,3.1514802,-17.403624,-0.029637741,-13.115019,-12745.118,0.0046870327,-9.5136833
-0.12142737,-0.085915662,-0.099997096,-14.658518,-84.82914,-138.18047,2.9952e-05,-0.094367236,3.1482906,-17.407719,-0.029840795,-13.149467,-12732.268,0.0037092196,-9.5579395
-0.11805709,-0.085916527,-0.099998675,-14.654151,-51.465965,-98.703209,2.9968e-05,-0.095029704,3.145381,-17.529922,-0.030043652,-13.183591,-12720.545,0.0045246743,-9.6021643
-0.11468603,-0.085916787,-0.099999622,-14.649768,-18.502998,-59.225338,2.9984e-05,-0.095192164,3.1423004,-17.559891,-0.030246317,-13.217391,-12708.133,0.0037720879,-9.6463575
-0.11131422,-0.085916579,-0.099999942,-14.64537,15.467501,-19.747089,3e-05,-0.095824726,3.139756,-17.676579,-0.030448802,-13.250866,-12697.881,0.0026306955,-9.6905193
-0.10794169,-0.085915774,-0.099999622,-14.640959,48.5284,19.731283,3.0016e-05,-0.095275089,3.1368647,-17.575188,-0.030651111,-13.284014,-12686.232,0.0036439099,-9.7346487
-0.10456846,-0.085914493,-0.099998675,-14.636537,82.361038,59.209534,3.0032e-05,-0.095853396,3.1340058,-17.681866,-0.030853234,-13.316834,-12674.714,0.0031385235,-9.7787466
-0.10119456,-0.085912615,-0.099997096,-14.632105,115.80515,98.687408,3.0048e-05,-0.096320115,3.1309984,-17.767962,-0.031055167,-13.349326,-12662.597,0.0032575456,-9.822813
-0.097820006,-0.085910261,-0.09999489,-14.627665,150.71236,138.16466,3.0064e-05,-0.096841395,3.1278389,-17.86412,-0.031256903,-13.38149,-12649.867,0.0023078097,-9.866847
-0.094444826,-0.085907295,-0.099992044,-14.623219,184.78252,177.64104,3.008e-05,-0.096613891,3.1244822,-17.822153,-0.031458426,-13.413321,-12636.344,0.0020435194,-9.9108486
-0.091069043,-0.085903846,-0.099988572,-14.61877,219.72681,217.1163,3.0096e-05,-0.097414158,3.121321,-17.969776,-0.031659745,-13.444822,-12623.607,0.0017511521,-9.9548178
-0.087692685,-0.08589977,-0.099984467,-14.614317,253.60226,256.59018,3.0112e-05,-0.097315207,3.1180613,-17.951523,-0.031860851,-13.475992,-12610.473,0.0020630513,-9.9987545
-0.084315769,-0.085895218,-0.099979728,-14.609864,288.31049,296.06244,3.0128e-05,-0.097923107,3.1150022,-18.063662,-0.032061756,-13.506828,-12598.147,0.0011468856,-10.04266
-0.080938332,-0.085890047,-0.099974364,-14.605412,322.56238,335.53284,3.0144e-05,-0.097789012,3.1119187,-18.038925,-0.032262463,-13.537331,-12585.725,0.0013263344,-10.086531
-0.07756038,-0.085884392,-0.099968359,-14.600964,357.24283,375.00113,3.016e-05,-0.098252028,3.1085441,-18.124336,-0.032462962,-13.567498,-12572.128,0.00068971829,-10.13037
-0.074181952,-0.085878126,-0.099961728,-14.596519,389.966,414.46701,3.0176e-05,-0.098198697,3.105454,-18.114498,-0.032663252,-13.597331,-12559.678,0.0014429152,-10.174176
-0.070803061,-0.085871384,-0.099954464,-14.592083,423.76233,453.9303,3.0192e-05,-0.098549813,3.1023777,-18.179268,-0.032863341,-13.626829,-12547.284,0.00019531845,-10.21795
-0.067423731,-0.085864037,-0.099946573,-14.587654,457.47467,493.39075,3.0208e-05,-0.099067703,3.0991085,-18.274803,-0.033063229,-13.655991,-12534.112,8.4841457e-05,-10.261689
-0.064043984,-0.085856222,-0.099938042,-14.583236,491.42612,532.84802,3.0224e-05,-0.099086821,3.0962505,-18.278328,-0.03326292,-13.684814,-12522.598,-0.00087771233,-10.305396
-0.060663849,-0.085847795,-0.099928886,-14.578829,523.24353,572.302,3.024e-05,-0.099745281,3.0931866,-18.399794,-0.033462416,-13.713302,-12510.253,-8.9114044e-05,-10.34907
-0.057283346,-0.085838914,-0.099919103,-14.574437,556.78876,611.75232,3.0256e-05,-0.09960594,3.0895798,-18.37409,-0.033661701,-13.741451,-12495.722,-0.00061281165,-10.39271
-0.053902496,-0.085829437,-0.09990868,-14.570061,590.04877,651.19879,3.0272e-05,-0.099727094,3.0861001,-18.396439,-0.033860754,-13.769262,-12481.701,-0.0009314249,-10.436316
-0.050521322,-0.085819498,-0.099897631,-14.565701,622.87335,690.64111,3.0288e-05,-0.10004307,3.0824394,-18.454725,-0.03405958,-13.796735,-12466.953,-0.00066469313,-10.479889
-0.047139842,-0.085808963,-0.099885948,-14.561362,656.41644,730.0791,3.0304e-05,-0.10059518,3.0793114,-18.556572,-0.034258187,-13.823869,-12454.35,-0.001507004,-10.523427
-0.043758083,-0.085797966,-0.09987364,-14.557044,689.58093,769.51245,3.032e-05,-0.10057452,3.0758405,-18.552761,-0.034456577,-13.850664,-12440.365,-0.0016931669,-10.566932
-0.040376067,-0.085786365,-0.099860698,-14.55275,723.02509,808.94098,3.0336e-05,-0.10066546,3.0724363,-18.569536,-0.034654751,-13.877119,-12426.649,-0.0016888944,-10.610403
-0.036993813,-0.085774295,-0.099847123,-14.548479,756.12439,848.36438,3.0352e-05,-0.10083007,3.0690331,-18.599903,-0.034852702,-13.903234,-12412.938,-0.0013409833,-10.653839
-0.033611346,-0.085761629,-0.099832915,-14.544236,788.36841,887.78241,3.0368e-05,-0.10100209,3.0655224,-18.631634,-0.035050433,-13.929011,-12398.794,-0.0019135105,-10.697241
-0.03022868,-0.085748509,-0.099818081,-14.540021,822.35052,927.19489,3.0384e-05,-0.1010101,3.0622945,-18.633112,-0.035247944,-13.954448,-12385.788,-0.0030121768,-10.740608
-0.026845844,-0.085734785,-0.099802613,-14.535836,855.90479,966.60144,3.04e-05,-0.10097465,3.0588768,-18.626574,-0.035445243,-13.979544,-12372.019,-0.0028839991,-10.783941
-0.023462854,-0.085720599,-0.09978652,-14.531684,889.19427,1006.0019,3.0416e-05,-0.1010101,3.0552328,-18.633112,-0.035642315,-14.0043,-12357.337,-0.0028284555,-10.827239
-0.020079736,-0.085705802,-0.099769793,-14.527566,921.13098,1045.396,3.0432e-05,-0.1010101,3.0518301,-18.633112,-0.035839155,-14.028717,-12343.627,-0.0029633474,-10.870502
-0.016696505,-0.085690558,-0.099752434,-14.523483,953.32312,1084.7836,3.0448e-05,-0.1010101,3.0480559,-18.633112,-0.036035769,-14.052794,-12328.421,-0.0029676198,-10.91373
-0.013313187,-0.085674725,-0.099734448,-14.519438,985.92407,1124.1642,3.0464e-05,-0.1010101,3.044528,-18.633112,-0.036232144,-14.07653,-12314.207,-0.0035828729,-10.956923
-0.0099297995,-0.085658453,-0.099715836,-14.515431,1017.5966,1163.5378,3.048e-05,-0.1010101,3.0408719,-18.633112,-0.036428291,-14.099928,-12299.477,-0.0041572312,-11.00008
-0.0065463642,-0.085641585,-0.099696584,-14.511467,1050.0682,1202.9041,3.0496e-05,-0.1010101,3.0374553,-18.633112,-0.036624208,-14.122987,-12285.712,-0.0043177586,-11.043201
-0.0031629012,-0.085624285,-0.099676713,-14.507545,1083.974,1242.2626,3.0512e-05,-0.1010101,3.0340905,-18.633112,-0.036819905,-14.145705,-12272.154,-0.0036707663,-11.086287
0.00022056905,-0.085606374,-0.099656202,-14.503667,1115.8976,1281.6134,3.0528e-05,-0.1010101,3.03093,-18.633112,-0.037015393,-14.168086,-12259.421,-0.0047553941,-11.129338
0.0036040263,-0.085588016,-0.099635072,-14.499836,1150.1182,1320.9561,3.0544e-05,-0.1010101,3.0273366,-18.633112,-0.037210666,-14.190128,-12244.942,-0.004756615,-11.172353
0.0069874502,-0.085569046,-0.099613301,-14.496052,1182.2205,1360.2904,3.056e-05,-0.1010101,3.0234497,-18.633112,-0.037405692,-14.211832,-12229.282,-0.0047907955,-11.215331
0.010370821,-0.08554963,-0.099590912,-14.492318,1216.6317,1399.6161,3.0576e-05,-0.1010101,3.0192211,-18.633112,-0.037600461,-14.233198,-12212.245,-0.0056031984,-11.258273
0.013754118,-0.085529603,-0.09956789,-14.488636,1249.2997,1438.933,3.0592e-05,-0.1010101,3.0153592,-18.633112,-0.03779497,-14.254227,-12196.686,-0.0048274179,-11.301178
0.017137323,-0.085509114,-0.099544235,-14.485006,1281.6792,1478.2408,3.0608e-05,-0.1010101,3.0115368,-18.633112,-0.037989229,-14.27492,-12181.285,-0.006253853,-11.344048
0.020520413,-0.085488029,-0.099519953,-14.481432,1314.5217,1517.5393,3.0624e-05,-0.1010101,3.007993,-18.633112,-0.03818325,-14.295276,-12167.008,-0.0061091953,-11.38688
0.02390337,-0.085466504,-0.099495046,-14.477913,1348.2561,1556.8282,3.064e-05,-0.1010101,3.0045269,-18.633112,-0.038377047,-14.315296,-12153.042,-0.0059767449,-11.429675
0.027286176,-0.085444354,-0.099469505,-14.474453,1380.3411,1596.1073,3.0656e-05,-0.1010101,3.0011015,-18.633112,-0.03857062,-14.334982,-12139.241,-0.0065089879,-11.472433
0.03066881,-0.085421771,-0.099443339,-14.471052,1413.389,1635.3762,3.0672e-05,-0.1010101,2.9977036,-18.633112,-0.038763974,-14.354334,-12125.551,-0.0064296396,-11.515154
0.034051251,-0.085398577,-0.099416547,-14.467712,1445.8115,1674.6349,3.0688e-05,-0.1010101,2.9941607,-18.633112,-0.038957104,-14.373352,-12111.276,-0.0067909788,-11.557837
0.037433479,-0.085374951,-0.099389128,-14.464436,1480.1053,1713.8829,3.0704e-05,-0.1010101,2.9902992,-18.633112,-0.039149996,-14.392037,-12095.719,-0.0064809108,-11.600484
0.04081548,-0.0853507,-0.099361077,-14.461223,1513.557,1753.1201,3.072e-05,-0.1010101,2.9863353,-18.633112,-0.039342634,-14.410391,-12079.748,-0.0077254553,-11.643092
0.044197228,-0.085325994,-0.0993324,-14.458076,1548.8936,1792.3463,3.0736e-05,-0.1010101,2.9823689,-18.633112,-0.03953502,-14.428414,-12063.768,-0.0070839566,-11.685663
0.047578711,-0.085300647,-0.099303089,-14.454996,1582.0354,1831.5612,3.0752e-05,-0.1010101,2.9784544,-18.633112,-0.039727148,-14.446107,-12047.996,-0.0073592332,-11.728195
0.0509599,-0.085274853,-0.09927316,-14.451986,1614.8019,1870.7644,3.0768e-05,-0.1010101,2.974797,-18.633112,-0.039919034,-14.46347,-12033.261,-0.0075002289,-11.770689
0.054340784,-0.085248426,-0.099242598,-14.449046,1648.7209,1909.9559,3.0784e-05,-0.1010101,2.970854,-18.633112,-0.040110674,-14.480506,-12017.374,-0.007903073,-11.813146
0.057721343,-0.085221566,-0.099211417,-14.446178,1682.5719,1949.1353,3.08e-05,-0.1010101,2.9671502,-18.633112,-0.040302068,-14.497214,-12002.451,-0.0086965542,-11.855562
0.061101552,-0.085194066,-0.099179603,-14.443383,1715.8807,1988.3024,3.0816e-05,-0.1010101,2.9630539,-18.633112,-0.040493213,-14.513597,-11985.948,-0.0090536214,-11.897941
0.0644814,-0.085166134,-0.099147163,-14.440663,1750.9686,2027.4569,3.0832e-05,-0.1010101,2.9592059,-18.633112,-0.040684097,-14.529655,-11970.443,-0.0083907591,-11.94028
0.067860864,-0.085137546,-0.099114098,-14.43802,1784.7611,2066.5986,3.0848e-05,-0.1010101,2.9550376,-18.633112,-0.040874727,-14.545388,-11953.649,-0.0094491411,-11.98258
0.071239926,-0.085108511,-0.099080406,-14.435453,1819.6814,2105.7273,3.0864e-05,-0.1010101,2.9510341,-18.633112,-0.041065089,-14.560801,-11937.52,-0.010061952,-12.024841
0.074618563,-0.085078821,-0.099046089,-14.432965,1851.8259,2144.8425,3.088e-05,-0.1010101,2.9470682,-18.633112,-0.041255198,-14.575891,-11921.541,-0.00957915,-12.067062
0.077996768,-0.085048705,-0.099011146,-14.430558,1885.4541,2183.9443,3.0896e-05,-0.1010101,2.9430923,-18.633112,-0.04144505,-14.590661,-11905.521,-0.0094314404,-12.109244
0.081374511,-0.085017957,-0.098975576,-14.428232,1918.0092,2223.0325,3.0912e-05,-0.1010101,2.939153,-18.633112,-0.041634649,-14.605112,-11889.65,-0.010351268,-12.151386
0.084751777,-0.084986784,-0.098939382,-14.425989,1951.5217,2262.1064,3.0928e-05,-0.1010101,2.9351871,-18.633112,-0.041823991,-14.619246,-11873.672,-0.0098336739,-12.193488
0.088128552,-0.08495497,-0.098902561,-14.423831,1984.8164,2301.166,3.0944e-05,-0.1010101,2.9311051,-18.633112,-0.042013071,-14.633065,-11857.226,-0.010837733,-12.23555
0.091504805,-0.084922738,-0.098865122,-14.421757,2019.5504,2340.2112,3.096e-05,-0.1010101,2.9269693,-18.633112,-0.042201892,-14.64657,-11840.562,-0.010589923,-12.277571
0.094880536,-0.084889844,-0.098827049,-14.41977,2052.6521,2379.2417,3.0976e-05,-0.1010101,2.9231603,-18.633112,-0.042390451,-14.659761,-11825.216,-0.010708335,-12.319551
0.098255716,-0.084856525,-0.098788358,-14.417871,2086.7617,2418.2571,3.0992e-05,-0.1010101,2.9186988,-18.633112,-0.042578749,-14.672642,-11807.24,-0.011217994,-12.36149
0.10163033,-0.08482255,-0.098749042,-14.416059,2119.4285,2457.2571,3.1008e-05,-0.1010101,2.9143615,-18.633112,-0.042766761,-14.685212,-11789.765,-0.011286356,-12.403388
0.10500436,-0.084788159,-0.098709106,-14.414339,2153.3296,2496.2415,3.1024e-05,-0.1010101,2.9100113,-18.633112,-0.04295449,-14.697474,-11772.238,-0.011237525,-12.445246
0.10837778,-0.084753118,-0.098668538,-14.412709,2185.0522,2535.2104,3.104e-05,-0.1010101,2.9055259,-18.633112,-0.043141939,-14.70943,-11754.167,-0.011744743,-12.487061
0.11175059,-0.084717676,-0.098627351,-14.411172,2217.8511,2574.1631,3.1056e-05,-0.1010101,2.9009569,-18.633112,-0.043329094,-14.721081,-11735.758,-0.012220222,-12.528835
0.11512275,-0.084681593,-0.098585546,-14.409727,2249.936,2613.0996,3.1072e-05,-0.1010101,2.8967843,-18.633112,-0.043515965,-14.732429,-11718.946,-0.012757958,-12.570567
0.11849426,-0.084645115,-0.098543115,-14.408377,2283.262,2652.0195,3.1088e-05,-0.1010101,2.8926308,-18.633112,-0.043702573,-14.743476,-11702.212,-0.012193365,-12.612256
0.12186511,-0.084607989,-0.098500058,-14.407121,2315.6794,2690.9229,3.1104e-05,-0.1010101,2.8883495,-18.633112,-0.043888904,-14.754223,-11684.962,-0.013332927,-12.653904
0.12523526,-0.08457046,-0.098456383,-14.405962,2348.5571,2729.8091,3.112e-05,-0.1010101,2.8837299,-18.633112,-0.044074949,-14.764672,-11666.351,-0.013113803,-12.695509
0.12860471,-0.084532283,-0.098412082,-14.4049,2381.0732,2768.6782,3.1136e-05,-0.1010101,2.879679,-18.633112,-0.044260718,-14.774826,-11650.028,-0.013554491,-12.737071
0.13197345,-0.084493712,-0.098367162,-14.403934,2414.1587,2807.5295,3.1152e-05,-0.1010101,2.8752534,-18.633112,-0.044446211,-14.784687,-11632.198,-0.01314127,-12.77859
0.13534142,-0.084454484,-0.098321617,-14.403069,2445.5305,2846.3635,3.1168e-05,-0.1010101,2.8707674,-18.633112,-0.044631414,-14.794255,-11614.124,-0.013962219,-12.820065
0.13870867,-0.084414877,-0.098275453,-14.402302,2479.604,2885.1792,3.1184e-05,-0.1010101,2.8663936,-18.633112,-0.044816338,-14.803534,-11596.502,-0.013611255,-12.861498
0.14207512,-0.084374607,-0.098228671,-14.401635,2509.8086,2923.9768,3.12e-05,-0.1010101,2.8617921,-18.633112,-0.045000967,-14.812524,-11577.962,-0.014478591,-12.902887
0.1454408,-0.084333964,-0.09818127,-14.401069,2542.5952,2962.7559,3.1216e-05,-0.1010101,2.8572929,-18.633112,-0.045185305,-14.821229,-11559.835,-0.014547563,-12.944232
0.14880568,-0.08429268,-0.098133244,-14.400605,2573.728,3001.5164,3.1232e-05,-0.1010101,2.852592,-18.633112,-0.045369346,-14.82965,-11540.896,-0.01475631,-12.985533
0.15216973,-0.084251016,-0.098084599,-14.400244,2606.7993,3040.2578,3.1248e-05,-0.1010101,2.8477585,-18.633112,-0.045553081,-14.83779,-11521.421,-0.015136571,-13.026789
0.15553296,-0.084208705,-0.098035336,-14.399984,2638.1946,3078.98,3.1264e-05,-0.1010101,2.8429761,-18.633112,-0.045736507,-14.845651,-11502.152,-0.014357738,-13.068001
0.15889533,-0.08416602,-0.097985454,-14.399829,2669.7104,3117.6829,3.128e-05,-0.1010101,2.8383846,-18.633112,-0.045919627,-14.853233,-11483.653,-0.015106662,-13.109168
0.16225684,-0.084122688,-0.097934954,-14.399778,2702.4827,3156.366,3.1296e-05,-0.1010101,2.833941,-18.633112,-0.046102457,-14.860542,-11465.75,-0.015059053,-13.15029
0.16561747,-0.084078982,-0.097883828,-14.399832,2736.1899,3195.0291,3.1312e-05,-0.1010101,2.8295381,-18.633112,-0.046285003,-14.867578,-11448.011,-0.015439924,-13.191366
0.16897722,-0.084034599,-0.097832091,-14.39999,2767.9587,3233.6719,3.1328e-05,-0.1010101,2.8249621,-18.633112,-0.04646726,-14.874343,-11429.574,-0.015843378,-13.232397
0.17233604,-0.083989844,-0.097779736,-14.400254,2801.1763,3272.2944,3.1344e-05,-0.1010101,2.8198888,-18.633112,-0.046649206,-14.88084,-11409.134,-0.01561388,-13.273382
0.17569396,-0.083944418,-0.097726762,-14.400624,2833.4043,3310.8965,3.136e-05,-0.1010101,2.8150284,-18.633112,-0.046830829,-14.887072,-11389.551,-0.016235847,-13.314322
0.17905094,-0.083898619,-0.09767317,-14.4011,2867.2249,3349.4773,3.1376e-05,-0.1010101,2.810102,-18.633112,-0.047012139,-14.89304,-11369.702,-0.01729667,-13.355215
0.18240698,-0.083852135,-0.09761896,-14.401683,2898.2927,3388.0371,3.1392e-05,-0.1010101,2.8054025,-18.633112,-0.04719314,-14.898747,-11350.769,-0.016974395,-13.396061
0.18576205,-0.083805293,-0.097564131,-14.402373,2930.6145,3426.5757,3.1408e-05,-0.1010101,2.8007081,-18.633112,-0.047373835,-14.904197,-11331.854,-0.016801661,-13.436861
0.18911614,-0.08375778,-0.097508691,-14.403171,2961.9766,3465.0923,3.1424e-05,-0.1010101,2.7962012,-18.633112,-0.047554236,-14.909389,-11313.696,-0.016819971,-13.477613
0.19246925,-0.083709925,-0.097452633,-14.404075,2994.5215,3503.5872,3.144e-05,-0.1010101,2.791152,-18.633112,-0.047734328,-14.91433,-11293.354,-0.017338786,-13.518319
0.19582136,-0.083661392,-0.097395964,-14.405087,3025.092,3542.0601,3.1456e-05,-0.1010101,2.7865086,-18.633112,-0.047914106,-14.919019,-11274.645,-0.017012848,-13.558976
0.19917245,-0.083612524,-0.097338676,-14.406207,3059.8789,3580.5103,3.1472e-05,-0.1010101,2.7818048,-18.633112,-0.048093587,-14.923459,-11255.692,-0.017710501,-13.599586
0.20252253,-0.083562955,-0.097280771,-14.407435,3092.0022,3618.938,3.1488e-05,-0.1010101,2.7770844,-18.633112,-0.048272759,-14.927654,-11236.674,-0.018313548,-13.640148
0.20587157,-0.083513029,-0.097222254,-14.408772,3125.1826,3657.343,3.1504e-05,-0.1010101,2.7721484,-18.633112,-0.048451625,-14.931606,-11216.787,-0.01795648,-13.680662
0.20921955,-0.083462402,-0.097163118,-14.410215,3156.9424,3695.7249,3.152e-05,-0.1010101,2.7673485,-18.633112,-0.048630174,-14.935317,-11197.449,-0.019021576,-13.721127
0.21256648,-0.08341144,-0.09710338,-14.411767,3190.2322,3734.0833,3.1536e-05,-0.1010101,2.7624242,-18.633112,-0.048808411,-14.938791,-11177.608,-0.01833613,-13.761543
0.21591234,-0.08335977,-0.097043015,-14.413426,3220.7537,3772.4182,3.1552e-05,-0.1010101,2.7575927,-18.633112,-0.048986331,-14.94203,-11158.142,-0.020045167,-13.80191
0.21925712,-0.08330778,-0.096982047,-14.415195,3253.3835,3810.7292,3.1568e-05,-0.1010101,2.7526295,-18.633112,-0.049163938,-14.945036,-11138.146,-0.018814661,-13.842228
0.2226008,-0.08325509,-0.09692046,-14.417069,3283.9204,3849.0161,3.1584e-05,-0.1010101,2.7475047,-18.633112,-0.049341217,-14.947812,-11117.497,-0.01920774,-13.882496
0.22594339,-0.083202101,-0.096858263,-14.419052,3318.0544,3887.2788,3.16e-05,-0.1010101,2.7424202,-18.633112,-0.049518168,-14.950361,-11097.013,-0.01940733,-13.922714
0.22928485,-0.083148375,-0.096795455,-14.421142,3350.3228,3925.5168,3.1616e-05,-0.1010101,2.737426,-18.633112,-0.049694795,-14.952687,-11076.891,-0.020367444,-13.962882
0.23262519,-0.083094344,-0.096732035,-14.423338,3384.0278,3963.7302,3.1632e-05,-0.1010101,2.7327147,-18.633112,-0.049871109,-14.954791,-11057.908,-0.019899288,-14.002999
0.2359644,-0.083039552,-0.096668005,-14.425642,3415.4392,4001.9185,3.1648e-05,-0.1010101,2.7277772,-18.633112,-0.050047111,-14.956677,-11038.015,-0.020502334,-14.043066
0.23930247,-0.082984477,-0.096603364,-14.428051,3447.7966,4040.0813,3.1664e-05,-0.1010101,2.723022,-18.633112,-0.050222803,-14.958347,-11018.856,-0.020089114,-14.083081
0.24263938,-0.082928658,-0.096538112,-14.430567,3477.3396,4078.2188,3.168e-05,-0.1010101,2.7182279,-18.633112,-0.050398186,-14.959805,-10999.54,-0.02044557,-14.123046
0.24597512,-0.082872577,-0.096472256,-14.433188,3510.0127,4116.3306,3.1696e-05,-0.1010101,2.7132688,-18.633112,-0.050573256,-14.961053,-10979.561,-0.020388806,-14.162958
0.24930969,-0.082815759,-0.096405782,-14.435914,3540.1157,4154.4165,3.1712e-05,-0.1010101,2.7083256,-18.633112,-0.050748002,-14.962093,-10959.646,-0.021055941,-14.202819
0.25264308,-0.082758687,-0.096338704,-14.438745,3572.9824,4192.4756,3.1728e-05,-0.1010101,2.7032211,-18.633112,-0.050922427,-14.96293,-10939.078,-0.021702323,-14.242628
0.25597528,-0.082700849,-0.096271016,-14.441679,3603.3218,4230.5088,3.1744e-05,-0.1010101,2.6980042,-18.633112,-0.051096521,-14.963566,-10918.06,-0.021871395,-14.282384
0.25930625,-0.082642779,-0.096202716,-14.444717,3636.8521,4268.5151,3.176e-05,-0.1010101,2.6927385,-18.633112,-0.051270276,-14.964004,-10896.844,-0.022048403,-14.322087
0.26263604,-0.082583919,-0.096133813,-14.447858,3667.2844,4306.4941,3.1776e-05,-0.1010101,2.6875715,-18.633112,-0.051443696,-14.964246,-10876.026,-0.022022767,-14.361737
0.2659646,-0.082524836,-0.096064299,-14.4511,3699.9202,4344.4463,3.1792e-05,-0.1010101,2.6822872,-18.633112,-0.051616777,-14.964296,-10854.736,-0.021970276,-14.401335
0.26929191,-0.082464948,-0.095994182,-14.454444,3729.6257,4382.3711,3.1808e-05,-0.1010101,2.6773815,-18.633112,-0.05178953,-14.964157,-10834.971,-0.022285836,-14.440878
0.272618,-0.082404867,-0.095923461,-14.457889,3761.7617,4420.2681,3.1824e-05,-0.1010101,2.6724386,-18.633112,-0.051961966,-14.963832,-10815.056,-0.02271981,-14.480368
0.2759428,-0.082343981,-0.095852129,-14.461432,3790.0425,4458.1372,3.184e-05,-0.1010101,2.6675954,-18.633112,-0.052134085,-14.963325,-10795.542,-0.02280526,-14.519803
0.27926639,-0.082282938,-0.095780194,-14.465075,3823.2292,4495.978,3.1856e-05,-0.1010101,2.6625435,-18.633112,-0.052305888,-14.962636,-10775.188,-0.023206886,-14.559184
0.28258866,-0.082221061,-0.095707655,-14.468816,3853.1924,4533.7905,3.1872e-05,-0.1010101,2.6576562,-18.633112,-0.052477367,-14.961771,-10755.497,-0.023236183,-14.59851
0.28590968,-0.082159035,-0.095634505,-14.472652,3885.9883,4571.5742,3.1888e-05,-0.1010101,2.6524091,-18.633112,-0.052648522,-14.960732,-10734.356,-0.023548692,-14.637781
0.28922939,-0.082096137,-0.095560759,-14.476586,3915.9761,4609.3291,3.1904e-05,-0.1010101,2.6471629,-18.633112,-0.052819338,-14.959522,-10713.22,-0.023795282,-14.676997
0.29254779,-0.082033113,-0.095486403,-14.480615,3949.8647,4647.0552,3.192e-05,-0.1010101,2.6421497,-18.633112,-0.052989826,-14.958145,-10693.021,-0.02344493,-14.716157
0.29586488,-0.081969187,-0.09541145,-14.484736,3978.3103,4684.7515,3.1936e-05,-0.1010101,2.6371098,-18.633112,-0.053159986,-14.956603,-10672.716,-0.02474807,-14.75526
0.29918063,-0.081905179,-0.095335893,-14.488952,4010.4211,4722.4185,3.1952e-05,-0.1010101,2.6319745,-18.633112,-0.053329818,-14.9549,-10652.025,-0.023648182,-14.794308
0.30249503,-0.081840254,-0.095259733,-14.493258,4038.521,4760.0557,3.1968e-05,-0.1010101,2.6267331,-18.633112,-0.053499319,-14.953037,-10630.907,-0.025357829,-14.833299
0.3058081,-0.081775293,-0.09518297,-14.497655,4072.6421,4797.6626,3.1984e-05,-0.1010101,2.621603,-18.633112,-0.053668484,-14.95102,-10610.238,-0.024702292,-14.872233
0.30911979,-0.081709363,-0.095105603,-14.502141,4100.6841,4835.2393,3.2e-05,-0.1010101,2.6164629,-18.633112,-0.053837318,-14.948851,-10589.529,-0.024941556,-14.91111
0.31243011,-0.08164344,-0.09502764,-14.506715,4135.5127,4872.7856,3.2016e-05,-0.1010101,2.6110148,-18.633112,-0.054005809,-14.946532,-10567.579,-0.025304727,-14.949929
0.31573904,-0.081576474,-0.094949074,-14.511374,4164.666,4910.3008,3.2032e-05,-0.1010101,2.6054997,-18.633112,-0.054173946,-14.944068,-10545.358,-0.025742363,-14.98869
0.31904656,-0.081509568,-0.094869912,-14.51612,4199.7393,4947.7852,3.2048e-05,-0.1010101,2.599951,-18.633112,-0.05434173,-14.941462,-10523.003,-0.025229041,-15.027393
0.32235265,-0.081441544,-0.094790146,-14.520949,4228.2983,4985.2383,3.2064e-05,-0.1010101,2.5944724,-18.633112,-0.054509159,-14.938715,-10500.929,-0.025462814,-15.066038
0.32565728,-0.081373662,-0.094709784,-14.52586,4263.0396,5022.6602,3.208e-05,-0.1010101,2.5891168,-18.633112,-0.054676235,-14.935832,-10479.352,-0.026041444,-15.104624
0.32896048,-0.081304565,-0.094628826,-14.530852,4291.0981,5060.0503,3.2096e-05,-0.1010101,2.5837674,-18.633112,-0.054842968,-14.932817,-10457.799,-0.025893124,-15.14315
0.33226219,-0.081235737,-0.094547264,-14.535923,4327.1802,5097.4082,3.2112e-05,-0.1010101,2.5783899,-18.633112,-0.055009354,-14.92967,-10436.132,-0.026621906,-15.181618
0.33556241,-0.081165552,-0.094465107,-14.541072,4354.5269,5134.7339,3.2128e-05,-0.1010101,2.5730367,-18.633112,-0.055175398,-14.926397,-10414.564,-0.026193427,-15.220026
0.33886114,-0.081095785,-0.094382353,-14.546297,4392.0889,5172.0269,3.2144e-05,-0.1010101,2.5677285,-18.633112,-0.055341095,-14.923,-10393.178,-0.026656697,-15.258373
0.34215832,-0.081024468,-0.094299003,-14.551596,4418.5132,5209.2876,3.216e-05,-0.1010101,2.5623286,-18.633112,-0.055506445,-14.919483,-10371.422,-0.026942961,-15.29666
0.34545395,-0.080953807,-0.094215065,-14.556968,4456.6553,5246.5156,3.2176e-05,-0.1010101,2.5566931,-18.633112,-0.055671442,-14.915849,-10348.716,-0.027066866,-15.334887
0.348748,-0.08088129,-0.094130524,-14.56241,4478.4092,5283.71,3.2192e-05,-0.1010101,2.5513563,-18.633112,-0.055836085,-14.9121,-10327.214,-0.026855068,-15.373052
0.35204044,-0.080809861,-0.094045386,-14.567923,4520.0601,5320.8711,3.2208e-05,-0.1010101,2.5459993,-18.633112,-0.056000385,-14.908239,-10305.63,-0.028009888,-15.411156
0.3553313,-0.080736026,-0.093959659,-14.573502,4538.7041,5357.999,3.2224e-05,-0.1010101,2.5402782,-18.633112,-0.056164324,-14.904272,-10282.58,-0.027719961,-15.449198
0.35862049,-0.080664128,-0.093873337,-14.579145,4589.2124,5395.0928,3.224e-05,-0.1010101,2.5348492,-18.633112,-0.056327909,-14.900199,-10260.707,-0.027489852,-15.487179
0.36190802,-0.080588348,-0.093786426,-14.584853,4588.4995,5432.1523,3.2256e-05,-0.1010101,2.5295877,-18.633112,-0.056491144,-14.896026,-10239.508,-0.028692283,-15.525096
0.36519384,-0.080517597,-0.093698919,-14.590623,4736.0322,5469.1777,3.2272e-05,-0.1010101,2.5238409,-18.633112,-0.056654029,-14.891752,-10216.354,-0.029046297,-15.562952
0.36847794,-0.080427088,-0.093610816,-14.596452,4811.8213,5506.1685,3.2288e-05,-0.1010101,2.5182118,-18.633112,-0.056816544,-14.887384,-10193.675,-0.028692892,-15.600744
0.37176031,-0.080343403,-0.093522131,-14.602339,4787.5781,5543.1245,3.2304e-05,-0.1010101,2.5127194,-18.633112,-0.056978699,-14.882925,-10171.545,-0.029913632,-15.638473
0.37504089,-0.08026851,-0.093432851,-14.60828,4811.436,5580.0459,3.232e-05,-0.1010101,2.5069342,-18.633112,-0.057140496,-14.878376,-10148.236,-0.029480269,-15.676138
0.37831962,-0.080189273,-0.093342975,-14.614276,4808.2441,5616.9316,3.2336e-05,-0.1010101,2.501359,-18.633112,-0.057301924,-14.873741,-10125.774,-0.029601123,-15.713739
0.38159654,-0.080112763,-0.093252517,-14.620322,4829.7671,5653.7817,3.2352e-05,-0.1010101,2.4957283,-18.633112,-0.057462987,-14.869023,-10103.088,-0.029273964,-15.751276
0.38487157,-0.080033921,-0.093161464,-14.626418,4835.1519,5690.5967,3.2368e-05,-0.1010101,2.4899373,-18.633112,-0.057623688,-14.864225,-10079.757,-0.029100008,-15.788749
0.3881447,-0.079956613,-0.093069829,-14.632561,4857.0093,5727.375,3.2384e-05,-0.1010101,2.484277,-18.633112,-0.057784017,-14.859351,-10056.95,-0.030243233,-15.826156
0.39141586,-0.079877622,-0.092977606,-14.638748,4868.502,5764.1177,3.24e-05,-0.1010101,2.4786394,-18.633112,-0.057943981,-14.854404,-10034.237,-0.030447096,-15.863498
0.39468503,-0.079799622,-0.092884786,-14.644978,4894.8818,5800.8237,3.2416e-05,-0.1010101,2.4733953,-18.633112,-0.058103595,-14.849386,-10013.108,-0.030168157,-15.900774
0.3979522,-0.079720207,-0.092791393,-14.651248,4914.1455,5837.4932,3.2432e-05,-0.1010101,2.4676554,-18.633112,-0.058262855,-14.844301,-9989.9824,-0.030619832,-15.937984
0.40121728,-0.079641409,-0.092697404,-14.657555,4943.8867,5874.126,3.2448e-05,-0.1010101,2.4619501,-18.633112,-0.058421746,-14.839151,-9966.9951,-0.030448318,-15.975129
0.40448025,-0.07956133,-0.092602834,-14.663898,4966.604,5910.7212,3.2464e-05,-0.1010101,2.4563248,-18.633112,-0.058580272,-14.833941,-9944.332,-0.031084932,-16.012205
0.40774107,-0.079481646,-0.092507675,-14.670273,4997.1157,5947.2793,3.248e-05,-0.1010101,2.4504654,-18.633112,-0.058738429,-14.828671,-9920.7236,-0.030768761,-16.049217
0.41099972,-0.079400785,-0.092411935,-14.676679,5025.1362,5983.7998,3.2496e-05,-0.1010101,2.4441962,-18.633112,-0.058896195,-14.823347,-9895.4648,-0.031514022,-16.086159
0.41425613,-0.07932014,-0.092315614,-14.683113,5059.1719,6020.2827,3.2512e-05,-0.1010101,2.4382608,-18.633112,-0.059053566,-14.817971,-9871.5508,-0.031660512,-16.123035
0.41751021,-0.079238363,-0.092218705,-14.689572,5089.606,6056.7275,3.2528e-05,-0.1010101,2.4321468,-18.633112,-0.05921055,-14.812546,-9846.917,-0.031749625,-16.159842
0.420762,-0.07915666,-0.092121214,-14.696054,5125.627,6093.1338,3.2544e-05,-0.1010101,2.4261823,-18.633112,-0.059367143,-14.807074,-9822.8867,-0.031649526,-16.196581
0.42401141,-0.079073869,-0.092023142,-14.702557,5157.3301,6129.502,3.256e-05,-0.1010101,2.4202003,-18.633112,-0.059523351,-14.801558,-9798.7852,-0.032482069,-16.233252
0.42725837,-0.078991055,-0.091924489,-14.709076,5195.7461,6165.8311,3.2576e-05,-0.1010101,2.4144437,-18.633112,-0.059679184,-14.796003,-9775.5918,-0.032481462,-16.269854
0.43050286,-0.078907192,-0.091825254,-14.715611,5230.144,6202.1216,3.2592e-05,-0.1010101,2.408767,-18.633112,-0.059834644,-14.79041,-9752.7207,-0.032523576,-16.306385
0.43374485,-0.078823209,-0.091725439,-14.722157,5267.7036,6238.3726,3.2608e-05,-0.1010101,2.403055,-18.633112,-0.059989739,-14.784782,-9729.707,-0.032540057,-16.342848
0.43698421,-0.078738205,-0.091625042,-14.728715,5301.3174,6274.5845,3.2624e-05,-0.1010101,2.3968163,-18.633112,-0.060144451,-14.779123,-9704.5703,-0.033464156,-16.37924
0.44022095,-0.07865306,-0.091524072,-14.735278,5337.5537,6310.7563,3.264e-05,-0.1010101,2.3908341,-18.633112,-0.060298767,-14.773436,-9680.4678,-0.033334147,-16.415562
0.44345501,-0.078566954,-0.091422521,-14.741845,5370.3472,6346.8887,3.2656e-05,-0.1010101,2.3850248,-18.633112,-0.0604527,-14.767722,-9657.0625,-0.033220619,-16.451813
0.44668633,-0.078480676,-0.091320395,-14.748414,5404.4165,6382.981,3.2672e-05,-0.1010101,2.3788869,-18.633112,-0.060606252,-14.761986,-9632.333,-0.033813898,-16.487993
0.44991484,-0.078393497,-0.091217689,-14.754982,5433.1948,6419.0327,3.2688e-05,-0.1010101,2.372824,-18.633112,-0.06075941,-14.756228,-9607.9062,-0.034546953,-16.524101
0.45314053,-0.078306176,-0.091114409,-14.761544,5464.0884,6455.0439,3.2704e-05,-0.1010101,2.366873,-18.633112,-0.060912181,-14.750454,-9583.9287,-0.033834651,-16.560139
0.45636326,-0.078218035,-0.091010556,-14.7681,5491.7446,6491.0146,3.272e-05,-0.1010101,2.3608229,-18.633112,-0.061064564,-14.744665,-9559.5527,-0.03410016,-16.596102
0.45958304,-0.078129753,-0.090906121,-14.774645,5524.1924,6526.9438,3.2736e-05,-0.1010101,2.3547611,-18.633112,-0.061216556,-14.738863,-9535.1299,-0.034227729,-16.631994
0.46279982,-0.078040674,-0.09080112,-14.781177,5553.1045,6562.8325,3.2752e-05,-0.1010101,2.3485548,-18.633112,-0.061368152,-14.733053,-9510.125,-0.034810632,-16.667814
0.46601349,-0.077951409,-0.090695538,-14.787693,5584.7427,6598.6792,3.2768e-05,-0.1010101,2.3421409,-18.633112,-0.061519343,-14.727236,-9484.2832,-0.034830775,-16.703562
0.46922407,-0.077861361,-0.090589389,-14.794189,5612.9624,6634.4844,3.2784e-05,-0.1010101,2.3359866,-18.633112,-0.061670132,-14.721415,-9459.4873,-0.03429487,-16.739233
0.47243142,-0.077771127,-0.09048266,-14.800664,5644.8345,6670.2476,3.28e-05,-0.1010101,2.3297026,-18.633112,-0.061820515,-14.715592,-9434.1699,-0.03429731,-16.774834
0.47563553,-0.077680133,-0.090375364,-14.807114,5674.6704,6705.9688,3.2816e-05,-0.1010101,2.3234143,-18.633112,-0.061970495,-14.709771,-9408.833,-0.035532702,-16.810358
0.47883633,-0.077588916,-0.090267502,-14.813534,5706.9873,6741.6475,3.2832e-05,-0.1010101,2.3173506,-18.633112,-0.062120076,-14.703954,-9384.4023,-0.036349986,-16.845808
0.48203379,-0.077496931,-0.090159066,-14.819924,5734.7666,6777.2837,3.2848e-05,-0.1010101,2.3113337,-18.633112,-0.062269267,-14.698144,-9360.1611,-0.035566881,-16.881184
0.48522782,-0.07740473,-0.090050057,-14.82628,5766.3521,6812.877,3.2864e-05,-0.1010101,2.3053887,-18.633112,-0.062418073,-14.692342,-9336.208,-0.036041141,-16.916485
0.48841837,-0.077311799,-0.089940481,-14.832597,5794.6133,6848.4272,3.288e-05,-0.1010101,2.2994277,-18.633112,-0.062566496,-14.686552,-9312.1914,-0.036395766,-16.95171
0.4916054,-0.077218637,-0.089830339,-14.838874,5826.5371,6883.9346,3.2896e-05,-0.1010101,2.2935088,-18.633112,-0.062714539,-14.680777,-9288.3438,-0.036225472,-16.986858
0.49478886,-0.07712476,-0.089719631,-14.845107,5854.2437,6919.3979,3.2912e-05,-0.1010101,2.2873254,-18.633112,-0.062862188,-14.675016,-9263.4307,-0.03624317,-17.021931
0.4979687,-0.077030629,-0.089608356,-14.851293,5886.3447,6954.8179,3.2928e-05,-0.1010101,2.2811732,-18.633112,-0.063009441,-14.669276,-9238.6436,-0.036342662,-17.056927
0.50114483,-0.076935798,-0.089496508,-14.857429,5914.2334,6990.1938,3.2944e-05,-0.1010101,2.2749791,-18.633112,-0.063156292,-14.663557,-9213.6875,-0.03721305,-17.091846
0.50431728,-0.076840706,-0.089384101,-14.863511,5945.8252,7025.5259,3.296e-05,-0.1010101,2.2685688,-18.633112,-0.06330274,-14.657862,-9187.8604,-0.037073273,-17.12669
0.50748593,-0.076744922,-0.089271128,-14.869536,5974.9009,7060.813,3.2976e-05,-0.1010101,2.2623847,-18.633112,-0.063448787,-14.652192,-9162.9443,-0.036553241,-17.161453
0.51065069,-0.076648861,-0.089157589,-14.875502,6005.2651,7096.0562,3.2992e-05,-0.1010101,2.256707,-18.633112,-0.063594446,-14.646551,-9140.0693,-0.036957916,-17.19614
0.51381165,-0.076552123,-0.089043491,-14.881404,6032.813,7131.2539,3.3008e-05,-0.1010101,2.2504387,-18.633112,-0.063739717,-14.640941,-9114.8145,-0.037452314,-17.230749
0.51696861,-0.076455124,-0.088928826,-14.887239,6062.7207,7166.4067,3.3024e-05,-0.1010101,2.2441051,-18.633112,-0.063884586,-14.635363,-9089.2969,-0.037858821,-17.265278
0.52012169,-0.076357469,-0.088813603,-14.893005,6091.5571,7201.5146,3.304e-05,-0.1010101,2.2380304,-18.633112,-0.064029053,-14.62982,-9064.8213,-0.037517015,-17.299728
0.52327067,-0.076259531,-0.088697821,-14.898698,6122.5996,7236.5767,3.3056e-05,-0.1010101,2.2315693,-18.633112,-0.064173117,-14.624314,-9038.7891,-0.038676716,-17.334101
0.52641565,-0.07616093,-0.088581473,-14.904313,6151.1577,7271.5933,3.3072e-05,-0.1010101,2.2251353,-18.633112,-0.064316772,-14.618849,-9012.8662,-0.038093202,-17.368393
0.52955657,-0.076062039,-0.088464566,-14.909849,6182.2178,7306.564,3.3088e-05,-0.1010101,2.2187376,-18.633112,-0.064460002,-14.613424,-8987.0898,-0.038541216,-17.402603
0.53269327,-0.075962484,-0.088347107,-14.915302,6212.4253,7341.4883,3.3104e-05,-0.1010101,2.2124848,-18.633112,-0.06460283,-14.608044,-8961.8975,-0.038293406,-17.436735
0.53582585,-0.075862616,-0.088229083,-14.920669,6242.9043,7376.3662,3.312e-05,-0.1010101,2.2060404,-18.633112,-0.064745247,-14.602709,-8935.9336,-0.038690757,-17.470785
0.5389542,-0.075762093,-0.088110507,-14.925944,6272.1875,7411.1978,3.3136e-05,-0.1010101,2.1996193,-18.633112,-0.064887255,-14.597421,-8910.0625,-0.039191868,-17.504755
0.54207838,-0.075661264,-0.087991364,-14.931127,6302.5142,7445.9824,3.3152e-05,-0.1010101,2.1931939,-18.633112,-0.065028839,-14.592183,-8884.1748,-0.039106417,-17.538645
0.5451982,-0.075559787,-0.087871678,-14.936213,6330.4062,7480.7197,3.3168e-05,-0.1010101,2.1871586,-18.633112,-0.065170027,-14.586997,-8859.8584,-0.039425641,-17.572451
0.54831374,-0.075458013,-0.087751433,-14.941198,6360.1455,7515.4102,3.3184e-05,-0.1010101,2.1811769,-18.633112,-0.065310828,-14.581864,-8835.7578,-0.039877314,-17.606174
0.55142492,-0.075355612,-0.08763063,-14.94608,6389.4526,7550.0532,3.32e-05,-0.1010101,2.1747341,-18.633112,-0.065451227,-14.576787,-8809.7998,-0.03983276,-17.639818
0.55453175,-0.075252898,-0.087509274,-14.950855,6420.6646,7584.6484,3.3216e-05,-0.1010101,2.1683028,-18.633112,-0.065591216,-14.571767,-8783.8877,-0.039900512,-17.673376
0.55763417,-0.075149544,-0.087387368,-14.95552,6450.0669,7619.1958,3.3232e-05,-0.1010101,2.1618156,-18.633112,-0.065730788,-14.566806,-8757.751,-0.039450057,-17.706854
0.56073219,-0.075045854,-0.08726491,-14.960071,6479.8193,7653.6948,3.3248e-05,-0.1010101,2.1554487,-18.633112,-0.065869942,-14.561906,-8732.0986,-0.039926756,-17.740246
0.56382579,-0.074941546,-0.087141901,-14.964503,6508.1582,7688.1455,3.3264e-05,-0.1010101,2.1488967,-18.633112,-0.06600868,-14.557068,-8705.7012,-0.040734276,-17.773556
0.56691486,-0.074836925,-0.087018333,-14.968816,6538.4521,7722.5479,3.328e-05,-0.1010101,2.1422303,-18.633112,-0.066146992,-14.552295,-8678.8418,-0.04013123,-17.80678
0.56999946,-0.074731678,-0.086894229,-14.973004,6567.4854,7756.9014,3.3296e-05,-0.1010101,2.1357412,-18.633112,-0.06628488,-14.547587,-8652.6973,-0.040509049,-17.839922
0.57307953,-0.07462611,-0.086769566,-14.977064,6596.9521,7791.2056,3.3312e-05,-0.1010101,2.1292117,-18.633112,-0.066422343,-14.542947,-8626.3896,-0.042106386,-17.872978
0.57615513,-0.074519932,-0.086644359,-14.980993,6625.77,7825.4609,3.3328e-05,-0.1010101,2.1225665,-18.633112,-0.066559389,-14.538376,-8599.6162,-0.04107181,-17.905949
0.57922614,-0.074413419,-0.086518608,-14.984788,6655.3066,7859.667,3.3344e-05,-0.1010101,2.1158104,-18.633112,-0.066696003,-14.533875,-8572.3955,-0.041951355,-17.938833
0.58229256,-0.074306309,-0.086392306,-14.988444,6684.9722,7893.8228,3.336e-05,-0.1010101,2.1092491,-18.633112,-0.066832185,-14.529448,-8545.96,-0.041024812,-17.971634
0.58535439,-0.074198857,-0.08626546,-14.99196,6715.2617,7927.9292,3.3376e-05,-0.1010101,2.1027155,-18.633112,-0.066967942,-14.525093,-8519.6357,-0.041628469,-18.004347
0.58841163,-0.074090794,-0.086138062,-14.995329,6742.1562,7961.9854,3.3392e-05,-0.1010101,2.0959971,-18.633112,-0.067103274,-14.520813,-8492.5674,-0.041791435,-18.036974
0.59146428,-0.07398241,-0.086010128,-14.99855,6770.6123,7995.9917,3.3408e-05,-0.1010101,2.0891371,-18.633112,-0.067238174,-14.51661,-8464.9287,-0.042128362,-18.069513
0.59451234,-0.073873445,-0.08588165,-15.00162,6798.0928,8029.9468,3.3424e-05,-0.1010101,2.0821838,-18.633112,-0.06737262,-14.512485,-8436.9141,-0.042753991,-18.101967
0.5975557,-0.073764168,-0.085752629,-15.004534,6827.3779,8063.8516,3.344e-05,-0.1010101,2.0757811,-18.633112,-0.067506641,-14.508438,-8411.1172,-0.042878505,-18.134333
0.60059446,-0.073654309,-0.085623063,-15.00729,6855.0674,8097.7056,3.3456e-05,-0.1010101,2.0688667,-18.633112,-0.06764023,-14.504473,-8383.2598,-0.042920012,-18.166609
0.60362852,-0.073544115,-0.085492961,-15.009883,6883.022,8131.5078,3.3472e-05,-0.1010101,2.0616429,-18.633112,-0.067773364,-14.500588,-8354.1543,-0.042877894,-18.198799
0.60665792,-0.073433354,-0.085362315,-15.01231,6909.7788,8165.2593,3.3488e-05,-0.1010101,2.0546155,-18.633112,-0.067906044,-14.496787,-8325.8408,-0.042862635,-18.2309
0.60968268,-0.073322281,-0.085231133,-15.014568,6937.8213,8198.959,3.3504e-05,-0.1010101,2.0476506,-18.633112,-0.06803827,-14.49307,-8297.7793,-0.042355418,-18.262913
0.61270273,-0.073210649,-0.085099414,-15.016654,6965.5596,8232.6064,3.352e-05,-0.1010101,2.040786,-18.633112,-0.068170048,-14.489437,-8270.1221,-0.043218482,-18.294836
0.61571813,-0.073098682,-0.084967151,-15.018563,6994.1958,8266.2031,3.3536e-05,-0.1010101,2.0339341,-18.633112,-0.06830138,-14.485891,-8242.5156,-0.043079317,-18.32667
0.61872882,-0.072986156,-0.08483436,-15.020293,7021.2324,8299.7461,3.3552e-05,-0.1010101,2.0269592,-18.633112,-0.068432271,-14.482431,-8214.4131,-0.043502305,-18.358412
0.6217348,-0.072873294,-0.084701024,-15.021841,7049.2178,8333.2373,3.3568e-05,-0.1010101,2.020052,-18.633112,-0.068562716,-14.479061,-8186.584,-0.043245949,-18.390066
0.62473607,-0.072759882,-0.084567159,-15.023202,7076.1899,8366.6768,3.3584e-05,-0.1010101,2.0133526,-18.633112,-0.068692721,-14.47578,-8159.5923,-0.044051636,-18.421629
0.62773269,-0.072646141,-0.084432758,-15.024374,7105.2065,8400.0625,3.36e-05,-0.1010101,2.0064783,-18.633112,-0.068822287,-14.472588,-8131.8955,-0.043535873,-18.453102
0.63072455,-0.072531842,-0.084297821,-15.025352,7133.2603,8433.3945,3.3616e-05,-0.1010101,1.9996479,-18.633112,-0.068951413,-14.469487,-8104.3755,-0.044776756,-18.484482
0.63371176,-0.072417192,-0.084162354,-15.026135,7159.2788,8466.6738,3.3632e-05,-0.1010101,1.9927487,-18.633112,-0.069080099,-14.466478,-8076.5791,-0.044806056,-18.515772
0.63669419,-0.072302006,-0.084026359,-15.026718,7184.3657,8499.9004,3.3648e-05,-0.1010101,1.986044,-18.633112,-0.069208346,-14.463562,-8049.5659,-0.045321207,-18.546968
0.63967192,-0.072186515,-0.083889827,-15.027099,7213.3838,8533.0723,3.3664e-05,-0.1010101,1.9793354,-18.633112,-0.069336154,-14.460738,-8022.5366,-0.044652242,-18.578075
0.642645,-0.072070487,-0.083752766,-15.027272,7240.4824,8566.1914,3.368e-05,-0.1010101,1.9726686,-18.633112,-0.069463536,-14.45801,-7995.6763,-0.04442152,-18.609087
0.64561331,-0.071954116,-0.083615184,-15.027236,7269.7363,8599.2549,3.3696e-05,-0.1010101,1.9658226,-18.633112,-0.069590479,-14.455376,-7968.0933,-0.044931792,-18.640007
0.64857692,-0.071837187,-0.083477065,-15.026987,7297.9824,8632.2656,3.3712e-05,-0.1010101,1.9588259,-18.633112,-0.069716983,-14.452836,-7939.9038,-0.044751734,-18.670834
0.65153581,-0.071719907,-0.083338425,-15.026523,7325.9937,8665.2207,3.3728e-05,-0.1010101,1.9518396,-18.633112,-0.069843031,-14.450394,-7911.7559,-0.045050815,-18.701569
0.65448999,-0.071602069,-0.083199248,-15.025838,7352.481,8698.1211,3.3744e-05,-0.1010101,1.9448243,-18.633112,-0.069968626,-14.448047,-7883.4912,-0.046170842,-18.732208
0.65743947,-0.071483895,-0.083059557,-15.024931,7380.9849,8730.9668,3.376e-05,-0.1010101,1.9376047,-18.633112,-0.070093766,-14.445797,-7854.4028,-0.045984071,-18.762753
0.66038418,-0.071365185,-0.082919337,-15.023798,7407.1113,8763.7578,3.3776e-05,-0.1010101,1.9304568,-18.633112,-0.070218444,-14.443645,-7825.6045,-0.046127506,-18.793203
0.66332424,-0.07124614,-0.082778588,-15.022437,7434.5488,8796.4932,3.3792e-05,-0.1010101,1.9235172,-18.633112,-0.070342667,-14.441591,-7797.645,-0.046448562,-18.823559
0.66625953,-0.071126565,-0.082637325,-15.020843,7461.3833,8829.1729,3.3808e-05,-0.1010101,1.9161832,-18.633112,-0.070466429,-14.439635,-7768.0962,-0.045996886,-18.853821
0.66919017,-0.071006648,-0.082495533,-15.019013,7489.709,8861.7969,3.3824e-05,-0.1010101,1.9091359,-18.633112,-0.070589721,-14.437778,-7739.7021,-0.046535846,-18.883986
0.67211604,-0.070886202,-0.082353227,-15.016945,7517.2979,8894.3643,3.384e-05,-0.1010101,1.9019588,-18.633112,-0.070712566,-14.436021,-7710.7856,-0.046435744,-18.914055
0.67503726,-0.070765398,-0.082210399,-15.014636,7545.5586,8926.876,3.3856e-05,-0.1010101,1.8950388,-18.633112,-0.07083495,-14.434361,-7682.9048,-0.047211524,-18.944029
0.67795372,-0.070644058,-0.08206705,-15.012081,7572.8906,8959.3311,3.3872e-05,-0.1010101,1.8880411,-18.633112,-0.070956886,-14.432802,-7654.7114,-0.04715842,-18.973906
0.68086553,-0.070522361,-0.081923179,-15.009279,7601.8677,8991.7305,3.3888e-05,-0.1010101,1.8810123,-18.633112,-0.071078368,-14.431343,-7626.3921,-0.047563706,-19.003685
0.68377256,-0.070400126,-0.081778795,-15.006227,7629.5049,9024.0723,3.3904e-05,-0.1010101,1.8742448,-18.633112,-0.07119941,-14.429983,-7599.126,-0.047032684,-19.033367
0.68667495,-0.07027752,-0.081633888,-15.002919,7656.7388,9056.3574,3.392e-05,-0.1010101,1.8672146,-18.633112,-0.071320005,-14.428723,-7570.8008,-0.047663197,-19.062954
0.68957263,-0.070154399,-0.081488475,-14.999355,7682.6553,9088.585,3.3936e-05,-0.1010101,1.8602219,-18.633112,-0.071440145,-14.427564,-7542.6274,-0.046858732,-19.092442
0.69246554,-0.070030935,-0.081342541,-14.995532,7710.0874,9120.7549,3.3952e-05,-0.1010101,1.8534492,-18.633112,-0.071559846,-14.426504,-7515.3403,-0.048623919,-19.12183
0.69535381,-0.069906957,-0.0811961,-14.991446,7736.4199,9152.8682,3.3968e-05,-0.1010101,1.8464307,-18.633112,-0.0716791,-14.425545,-7487.062,-0.047920164,-19.151121
0.69823736,-0.06978263,-0.081049137,-14.987093,7764.8784,9184.9229,3.3984e-05,-0.1010101,1.8394746,-18.633112,-0.071797907,-14.424685,-7459.0361,-0.048643451,-19.180313
0.7011162,-0.069657788,-0.080901667,-14.982472,7792.9653,9216.9199,3.4e-05,-0.1010101,1.8321342,-18.633112,-0.071916252,-14.423925,-7429.4619,-0.048403576,-19.209406
0.7039904,-0.069532573,-0.080753684,-14.97758,7819.9189,9248.8584,3.4016e-05,-0.1010101,1.8251305,-18.633112,-0.072034128,-14.423266,-7401.2437,-0.048650775,-19.2384
0.70685983,-0.069406837,-0.080605194,-14.972414,7846.6099,9280.7393,3.4032e-05,-0.1010101,1.8183217,-18.633112,-0.072151564,-14.422707,-7373.811,-0.04928251,-19.267294
0.70972461,-0.069280751,-0.08045619,-14.966969,7873.7241,9312.5605,3.4048e-05,-0.1010101,1.8110286,-18.633112,-0.072268546,-14.422246,-7344.4272,-0.04859218,-19.296087
0.71258461,-0.069154151,-0.080306686,-14.961246,7899.6846,9344.3232,3.4064e-05,-0.1010101,1.804077,-18.633112,-0.072385073,-14.421885,-7316.4189,-0.048876613,-19.32478
0.71543998,-0.069027215,-0.080156669,-14.95524,7927.0869,9376.0273,3.408e-05,-0.1010101,1.7971506,-18.633112,-0.072501145,-14.421623,-7288.5122,-0.048961457,-19.353373
0.71829063,-0.068899766,-0.080006145,-14.948949,7953.2852,9407.6719,3.4096e-05,-0.1010101,1.7901076,-18.633112,-0.072616771,-14.421459,-7260.1362,-0.048702046,-19.381863
0.72113663,-0.068771973,-0.079855114,-14.942369,7981.9629,9439.2568,3.4112e-05,-0.1010101,1.7828237,-18.633112,-0.072731934,-14.421394,-7230.7891,-0.049150061,-19.410254
0.72397786,-0.068643659,-0.079703584,-14.935498,8009.6382,9470.7822,3.4128e-05,-0.1010101,1.7758818,-18.633112,-0.072846636,-14.421428,-7202.8203,-0.049703665,-19.438541
0.72681439,-0.068514965,-0.079551548,-14.928335,8037.4048,9502.248,3.4144e-05,-0.1010101,1.7685874,-18.633112,-0.072960883,-14.421558,-7173.4312,-0.049670704,-19.466726
0.72964627,-0.068385758,-0.079399012,-14.920876,8065.5518,9533.6543,3.416e-05,-0.1010101,1.7616531,-18.633112,-0.073074669,-14.421787,-7145.4927,-0.050197456,-19.49481
0.73247337,-0.068256184,-0.07924597,-14.913117,8091.6113,9564.999,3.4176e-05,-0.1010101,1.7546393,-18.633112,-0.073188007,-14.422112,-7117.2339,-0.050430007,-19.522791
0.73529583,-0.068126097,-0.079092428,-14.905059,8117.5605,9596.2842,3.4192e-05,-0.1010101,1.74745,-18.633112,-0.073300891,-14.422532,-7088.2681,-0.050696738,-19.550667
0.73811352,-0.067995667,-0.078938387,-14.896696,8145.4463,9627.5088,3.4208e-05,-0.1010101,1.7402728,-18.633112,-0.073413305,-14.423049,-7059.3511,-0.051201515,-19.578442
0.74092656,-0.067864731,-0.078783847,-14.888028,8172.1382,9658.6729,3.4224e-05,-0.1010101,1.7330812,-18.633112,-0.073525257,-14.423661,-7030.3765,-0.050372019,-19.606112
0.74373484,-0.067733437,-0.078628816,-14.879052,8199.041,9689.7754,3.424e-05,-0.1010101,1.7260659,-18.633112,-0.073636755,-14.424367,-7002.1113,-0.050738242,-19.633678
0.74653846,-0.067601636,-0.078473277,-14.869765,8223.9814,9720.8164,3.4256e-05,-0.1010101,1.7186992,-18.633112,-0.073747784,-14.425167,-6972.4312,-0.05073275,-19.661139
0.74933732,-0.0674695,-0.078317247,-14.860165,8250.0205,9751.7969,3.4272e-05,-0.1010101,1.7115237,-18.633112,-0.073858351,-14.42606,-6943.5205,-0.050426345,-19.688496
0.75213146,-0.06733688,-0.078160726,-14.850249,8275.8623,9782.7148,3.4288e-05,-0.1010101,1.704396,-18.633112,-0.073968448,-14.427045,-6914.8032,-0.051945556,-19.715748
0.75492084,-0.067203917,-0.078003712,-14.840016,8301.3018,9813.5713,3.4304e-05,-0.1010101,1.6973369,-18.633112,-0.074078098,-14.428123,-6886.3623,-0.051155735,-19.742893
0.75770557,-0.067070469,-0.077846199,-14.829464,8326.7715,9844.3662,3.432e-05,-0.1010101,1.690055,-18.633112,-0.074187279,-14.42929,-6857.0234,-0.051160008,-19.769934
0.76048547,-0.066936694,-0.077688202,-14.818589,8352.3564,9875.0986,3.4336e-05,-0.1010101,1.6829083,-18.633112,-0.074295998,-14.430549,-6828.229,-0.051083714,-19.796869
0.76326072,-0.066802435,-0.077529706,-14.807391,8378.1104,9905.7686,3.4352e-05,-0.1010101,1.6758466,-18.633112,-0.074404255,-14.431895,-6799.7778,-0.051605579,-19.823696
0.76603115,-0.066667832,-0.077370726,-14.795866,8403.9189,9936.376,3.4368e-05,-0.1010101,1.6685133,-18.633112,-0.07451205,-14.433331,-6770.2319,-0.051448103,-19.850418
0.76879692,-0.066532746,-0.077211253,-14.784013,8430.252,9966.9209,3.4384e-05,-0.1010101,1.6615156,-18.633112,-0.074619383,-14.434854,-6742.0381,-0.05223792,-19.877031
0.77155787,-0.066397317,-0.077051297,-14.771831,8457.0908,9997.4033,3.44e-05,-0.1010101,1.6543175,-18.633112,-0.074726261,-14.436463,-6713.0366,-0.052859891,-19.903538
0.77431405,-0.066261396,-0.076890849,-14.759315,8483.6221,10027.821,3.4416e-05,-0.1010101,1.6468928,-18.633112,-0.074832663,-14.438158,-6683.1226,-0.052046876,-19.929937
0.77706552,-0.06612511,-0.076729916,-14.746465,8509.1553,10058.177,3.4432e-05,-0.1010101,1.6396599,-18.633112,-0.074938595,-14.439938,-6653.981,-0.052972808,-19.956228
0.77981216,-0.065988339,-0.076568507,-14.733279,8536.7734,10088.469,3.4448e-05,-0.1010101,1.6325742,-18.633112,-0.075044066,-14.441801,-6625.4326,-0.05279763,-19.98241
0.78255409,-0.065851212,-0.076406606,-14.719756,8563.7002,10118.696,3.4464e-05,-0.1010101,1.6252459,-18.633112,-0.075149074,-14.443747,-6595.9072,-0.052560806,-20.008484
0.78529119,-0.065713584,-0.07624422,-14.705894,8590.0898,10148.86,3.448e-05,-0.1010101,1.6178521,-18.633112,-0.075253606,-14.445773,-6566.1172,-0.053074129,-20.034447
0.78802347,-0.065575592,-0.076081358,-14.691689,8616.6865,10178.961,3.4496e-05,-0.1010101,1.6102433,-18.633112,-0.075357653,-14.447881,-6535.4614,-0.052704245,-20.060301
0.79075098,-0.065437116,-0.075918011,-14.677141,8642.8965,10208.996,3.4512e-05,-0.1010101,1.6027255,-18.633112,-0.075461216,-14.450067,-6505.1719,-0.05238197,-20.086046
0.79347372,-0.065298282,-0.075754188,-14.662249,8667.9922,10238.968,3.4528e-05,-0.1010101,1.5948204,-18.633112,-0.07556428,-14.452332,-6473.3223,-0.053355511,-20.111681
0.79619157,-0.065158971,-0.075589888,-14.647009,8693.8906,10268.874,3.4544e-05,-0.1010101,1.5873023,-18.633112,-0.075666845,-14.454673,-6443.0322,-0.053292643,-20.137205
0.7989046,-0.065019317,-0.075425111,-14.631422,8720.0098,10298.716,3.456e-05,-0.1010101,1.5798378,-18.633112,-0.075768925,-14.457089,-6412.957,-0.053480636,-20.162619
0.80161285,-0.064879179,-0.075259857,-14.615485,8745.1221,10328.492,3.4576e-05,-0.1010101,1.5724485,-18.633112,-0.075870536,-14.45958,-6383.186,-0.053906675,-20.18792
0.80431622,-0.064738698,-0.075094126,-14.599197,8770.9473,10358.204,3.4592e-05,-0.1010101,1.5650334,-18.633112,-0.075971663,-14.462145,-6353.3105,-0.053423259,-20.21311
0.8070147,-0.064597748,-0.074927919,-14.582558,8796.4473,10387.85,3.4608e-05,-0.1010101,1.5573854,-18.633112,-0.076072305,-14.464781,-6322.4966,-0.053119909,-20.23819
0.80970836,-0.064456448,-0.074761242,-14.565563,8822.6025,10417.431,3.4624e-05,-0.1010101,1.5498024,-18.633112,-0.076172456,-14.467487,-6291.9443,-0.054025088,-20.263155
0.81239706,-0.064314671,-0.074594088,-14.548214,8847.9346,10446.945,3.464e-05,-0.1010101,1.5422814,-18.633112,-0.076272115,-14.470263,-6261.6421,-0.054634236,-20.28801
0.81508094,-0.064172551,-0.074426465,-14.530508,8873.9863,10476.394,3.4656e-05,-0.1010101,1.5348445,-18.633112,-0.076371297,-14.473106,-6231.6787,-0.054610431,-20.31275
0.81775987,-0.064029954,-0.074258372,-14.512444,8899.5049,10505.776,3.4672e-05,-0.1010101,1.526723,-18.633112,-0.07646998,-14.476016,-6198.957,-0.05439619,-20.337378
0.82043391,-0.063887,-0.07408981,-14.494021,8924.8574,10535.092,3.4688e-05,-0.1010101,1.5187646,-18.633112,-0.076568142,-14.478992,-6166.8931,-0.054761194,-20.361891
0.82310301,-0.063743584,-0.073920779,-14.475239,8950.2529,10564.342,3.4704e-05,-0.1010101,1.5110946,-18.633112,-0.076665804,-14.48203,-6135.9902,-0.055111546,-20.38629
0.82576716,-0.063599825,-0.073751286,-14.456094,8975.4658,10593.524,3.472e-05,-0.1010101,1.5035044,-18.633112,-0.076762967,-14.48513,-6105.4092,-0.054334544,-20.410576
0.82842636,-0.063455597,-0.073581323,-14.436587,9000.584,10622.64,3.4736e-05,-0.1010101,1.4958978,-18.633112,-0.076859646,-14.488293,-6074.7622,-0.054991912,-20.434746
0.83108056,-0.063311026,-0.073410898,-14.416717,9027.3555,10651.688,3.4752e-05,-0.1010101,1.4884015,-18.633112,-0.076955833,-14.491513,-6044.5596,-0.054521926,-20.458801
0.8337298,-0.063165985,-0.073240004,-14.396482,9053.0391,10680.67,3.4768e-05,-0.1010101,1.4812156,-18.633112,-0.07705155,-14.494792,-6015.6074,-0.054766685,-20.482742
0.83637404,-0.06302058,-0.073068649,-14.375882,9079.1465,10709.584,3.4784e-05,-0.1010101,1.4735595,-18.633112,-0.077146791,-14.498127,-5984.7607,-0.054453567,-20.506565
0.83901322,-0.062874697,-0.072896838,-14.354917,9103.0752,10738.431,3.48e-05,-0.1010101,1.4656386,-18.633112,-0.077241525,-14.501516,-5952.8477,-0.055214699,-20.530273
0.84164733,-0.06272848,-0.072724558,-14.333583,9126.5859,10767.209,3.4816e-05,-0.1010101,1.4581161,-18.633112,-0.077335767,-14.504959,-5922.5396,-0.055664539,-20.553865
0.84427643,-0.062581822,-0.072551824,-14.311882,9152.0146,10795.92,3.4832e-05,-0.1010101,1.450262,-18.633112,-0.077429511,-14.508454,-5890.895,-0.056219365,-20.577339
0.84690046,-0.062434833,-0.072378635,-14.289813,9177.7021,10824.562,3.4848e-05,-0.1010101,1.442299,-18.633112,-0.07752274,-14.511998,-5858.8125,-0.056128424,-20.600697
0.84951937,-0.062287375,-0.072204985,-14.267375,9203.2842,10853.136,3.4864e-05,-0.1010101,1.434376,-18.633112,-0.077615462,-14.515592,-5826.8901,-0.055748161,-20.623938
0.85213315,-0.062139563,-0.07203088,-14.244566,9228.9893,10881.642,3.488e-05,-0.1010101,1.4265559,-18.633112,-0.077707678,-14.519232,-5795.3828,-0.056086306,-20.647058
0.85474181,-0.061991286,-0.071856312,-14.221388,9254.7158,10910.078,3.4896e-05,-0.1010101,1.419016,-18.633112,-0.077799395,-14.522917,-5765.0044,-0.055803705,-20.670063
0.85734528,-0.061842654,-0.071681298,-14.197838,9279.8252,10938.445,3.4912e-05,-0.1010101,1.4111586,-18.633112,-0.07789062,-14.526646,-5733.3472,-0.055981934,-20.692947
0.85994363,-0.06169356,-0.07150583,-14.173917,9303.9365,10966.744,3.4928e-05,-0.1010101,1.4035407,-18.633112,-0.077981345,-14.530416,-5702.6548,-0.056387831,-20.715712
0.86253673,-0.061544128,-0.071329914,-14.149624,9327.5361,10994.974,3.4944e-05,-0.1010101,1.3959091,-18.633112,-0.078071572,-14.534227,-5671.9067,-0.056348156,-20.738359
0.86512464,-0.061394259,-0.071153544,-14.124959,9351.207,11023.134,3.496e-05,-0.1010101,1.388087,-18.633112,-0.078161307,-14.538077,-5640.3916,-0.057120882,-20.760885
0.86770725,-0.061244067,-0.070976727,-14.099921,9374.5312,11051.224,3.4976e-05,-0.1010101,1.3802315,-18.633112,-0.078250535,-14.541965,-5608.7417,-0.056561783,-20.783291
0.87028468,-0.061093446,-0.070799455,-14.074511,9397.7168,11079.244,3.4992e-05,-0.1010101,1.3724209,-18.633112,-0.078339264,-14.545886,-5577.2729,-0.057169713,-20.805576
0.87285674,-0.060942505,-0.070621744,-14.048728,9421.7637,11107.195,3.5008e-05,-0.1010101,1.3646475,-18.633112,-0.078427479,-14.549842,-5545.9536,-0.057336345,-20.827742
0.87542349,-0.060791131,-0.070443578,-14.022571,9444.6484,11135.075,3.5024e-05,-0.1010101,1.3570206,-18.633112,-0.078515209,-14.553829,-5515.2246,-0.056884669,-20.849783
0.87798488,-0.060639437,-0.070264973,-13.996041,9468.2354,11162.886,3.504e-05,-0.1010101,1.3492638,-18.633112,-0.078602433,-14.557847,-5483.9727,-0.05789056,-20.871706
0.88054091,-0.060487323,-0.07008592,-13.969138,9491.3438,11190.625,3.5056e-05,-0.1010101,1.3415163,-18.633112,-0.078689165,-14.561893,-5452.7578,-0.057054352,-20.893505
0.88309157,-0.06033488,-0.069906428,-13.941861,9516.0225,11218.294,3.5072e-05,-0.1010101,1.3341086,-18.633112,-0.078775406,-14.565967,-5422.9121,-0.058312938,-20.91518
0.88563675,-0.060182005,-0.069726497,-13.91421,9539.8193,11245.892,3.5088e-05,-0.1010101,1.3265848,-18.633112,-0.07886117,-14.570065,-5392.5986,-0.057625048,-20.936735
0.8881765,-0.060028795,-0.069546118,-13.886188,9563.29,11273.419,3.5104e-05,-0.1010101,1.3189491,-18.633112,-0.078946434,-14.574186,-5361.8345,-0.057354655,-20.958166
0.89071077,-0.059875157,-0.069365308,-13.857791,9588.0449,11300.874,3.512e-05,-0.1010101,1.3111483,-18.633112,-0.079031214,-14.578328,-5330.4048,-0.057175208,-20.979471
0.8932395,-0.059721179,-0.069184057,-13.829021,9612.7383,11328.259,3.5136e-05,-0.1010101,1.3035889,-18.633112,-0.079115488,-14.582491,-5299.9482,-0.05739494,-21.000654
0.89576274,-0.059566759,-0.069002368,-13.799878,9636.1357,11355.571,3.5152e-05,-0.1010101,1.2958342,-18.633112,-0.079199277,-14.586672,-5268.7041,-0.058096256,-21.021713
0.89828038,-0.059412003,-0.068820238,-13.770363,9660.4912,11382.812,3.5168e-05,-0.1010101,1.2877634,-18.633112,-0.079282552,-14.590868,-5236.187,-0.058206733,-21.042646
0.90079242,-0.059256814,-0.068637684,-13.740476,9683.208,11409.981,3.5184e-05,-0.1010101,1.2801272,-18.633112,-0.079365321,-14.595079,-5205.4204,-0.057891171,-21.063454
0.9032988,-0.059101302,-0.06845469,-13.710217,9706.9434,11437.079,3.52e-05,-0.1010101,1.2720572,-18.633112,-0.079447582,-14.599303,-5172.9067,-0.058547929,-21.084137
0.90579957,-0.058945369,-0.068271264,-13.679586,9730.2861,11464.104,3.5216e-05,-0.1010101,1.2643185,-18.633112,-0.07952933,-14.603539,-5141.7275,-0.059047822,-21.104692
0.90829456,-0.058789104,-0.068087406,-13.648585,9753.1045,11491.056,3.5232e-05,-0.1010101,1.2568771,-18.633112,-0.079610594,-14.607782,-5111.7456,-0.059042938,-21.125122
0.91078389,-0.058632426,-0.067903116,-13.617213,9776.2441,11517.936,3.5248e-05,-0.1010101,1.2494757,-18.633112,-0.07969138,-14.612035,-5081.9253,-0.059267554,-21.145426
0.91326743,-0.058475424,-0.067718402,-13.585472,9800.415,11544.743,3.5264e-05,-0.1010101,1.2418185,-18.633112,-0.079771683,-14.616292,-5051.0747,-0.058914762,-21.1656
0.9157452,-0.058318,-0.067533262,-13.553361,9824.8594,11571.478,3.528e-05,-0.1010101,1.2340095,-18.633112,-0.079851478,-14.620553,-5019.6123,-0.058221381,-21.185648
0.91821712,-0.058160231,-0.06734769,-13.520882,9848.5703,11598.138,3.5296e-05,-0.1010101,1.2261695,-18.633112,-0.079930775,-14.624817,-4988.0244,-0.059181493,-21.205568
0.92068315,-0.058002029,-0.067161694,-13.488034,9871.002,11624.726,3.5312e-05,-0.1010101,1.2183803,-18.633112,-0.080009572,-14.62908,-4956.6416,-0.059428085,-21.225359
0.92314333,-0.05784351,-0.066975273,-13.45482,9893.8604,11651.24,3.5328e-05,-0.1010101,1.2102908,-18.633112,-0.080087848,-14.633343,-4924.0493,-0.059386577,-21.24502
0.92559755,-0.057684578,-0.066788428,-13.42124,9916.2109,11677.681,3.5344e-05,-0.1010101,1.2026724,-18.633112,-0.080165625,-14.637602,-4893.354,-0.059063692,-21.264553
0.92804587,-0.057525333,-0.066601165,-13.387294,9939.2705,11704.048,3.536e-05,-0.1010101,1.1948324,-18.633112,-0.080242902,-14.641856,-4861.7671,-0.059916988,-21.283957
0.93048811,-0.057365678,-0.066413477,-13.352983,9961.6855,11730.341,3.5376e-05,-0.1010101,1.1868715,-18.633112,-0.080319673,-14.646105,-4829.6924,-0.059608143,-21.303228
0.93292433,-0.057205703,-0.066225372,-13.31831,9985.6689,11756.561,3.5392e-05,-0.1010101,1.1792237,-18.633112,-0.080395937,-14.650344,-4798.8794,-0.059807122,-21.322371
0.93535453,-0.057045314,-0.06603685,-13.283273,10009.48,11782.705,3.5408e-05,-0.1010101,1.1716903,-18.633112,-0.080471709,-14.654573,-4768.5278,-0.060485855,-21.341381
0.93777859,-0.056884583,-0.065847911,-13.247875,10033.847,11808.775,3.5424e-05,-0.1010101,1.1639512,-18.633112,-0.08054699,-14.658792,-4737.3462,-0.060088504,-21.36026
0.94019651,-0.056723427,-0.065658554,-13.212117,10056.941,11834.771,3.544e-05,-0.1010101,1.1562898,-18.633112,-0.080621779,-14.662996,-4706.4785,-0.059767447,-21.379007
0.94260824,-0.056561932,-0.065468781,-13.176,10081.573,11860.692,3.5456e-05,-0.1010101,1.1485238,-18.633112,-0.080696069,-14.667185,-4675.1895,-0.060524307,-21.397621
0.94501382,-0.056400012,-0.065278597,-13.139524,10103.854,11886.538,3.5472e-05,-0.1010101,1.1404189,-18.633112,-0.080769844,-14.671357,-4642.5347,-0.059336528,-21.416103
0.94741315,-0.056237765,-0.065088004,-13.102693,10127.529,11912.309,3.5488e-05,-0.1010101,1.1328907,-18.633112,-0.080843121,-14.675511,-4612.2031,-0.060361948,-21.434452
0.94980615,-0.0560751,-0.064896993,-13.065505,10149.652,11938.005,3.5504e-05,-0.1010101,1.1251407,-18.633112,-0.080915898,-14.679645,-4580.9785,-0.06011536,-21.452667
0.95219284,-0.055912118,-0.064705573,-13.027964,10171.583,11963.625,3.552e-05,-0.1010101,1.1170535,-18.633112,-0.080988169,-14.683756,-4548.3955,-0.060670797,-21.470747
0.95457321,-0.055748738,-0.06451375,-12.990069,10193.731,11989.17,3.5536e-05,-0.1010101,1.1090007,-18.633112,-0.081059918,-14.687843,-4515.9507,-0.060002442,-21.488693
0.95694721,-0.055585049,-0.064321518,-12.951824,10215.456,12014.639,3.5552e-05,-0.1010101,1.1010211,-18.633112,-0.081131153,-14.691906,-4483.8003,-0.060943633,-21.506504
0.95931482,-0.055420969,-0.064128876,-12.913229,10236.356,12040.032,3.5568e-05,-0.1010101,1.0933908,-18.633112,-0.081201881,-14.695942,-4453.0581,-0.061246987,-21.524179
0.96167594,-0.055256587,-0.063935831,-12.874285,10257.637,12065.349,3.5584e-05,-0.1010101,1.085343,-18.633112,-0.08127211,-14.699949,-4420.6338,-0.06062746,-21.541719
0.96403062,-0.055091828,-0.063742377,-12.834994,10279.056,12090.59,3.56e-05,-0.1010101,1.0772582,-18.633112,-0.081341811,-14.703926,-4388.0601,-0.061134677,-21.559122
0.96637875,-0.054926768,-0.063548528,-12.795359,10301.661,12115.755,3.5616e-05,-0.1010101,1.0691669,-18.633112,-0.081410997,-14.707871,-4355.4595,-0.061800592,-21.576387
0.96872038,-0.054761313,-0.063354276,-12.755379,10323.312,12140.843,3.5632e-05,-0.1010101,1.0605837,-18.633112,-0.081479646,-14.711783,-4320.8779,-0.060811792,-21.593515
0.97105539,-0.054595549,-0.063159622,-12.715058,10344.965,12165.854,3.5648e-05,-0.1010101,1.0521392,-18.633112,-0.081547745,-14.715661,-4286.855,-0.061218299,-21.610506
0.97338384,-0.054429393,-0.062964566,-12.674397,10365.751,12190.788,3.5664e-05,-0.1010101,1.0440629,-18.633112,-0.081615306,-14.719501,-4254.3154,-0.061708428,-21.627357
0.97570562,-0.054262944,-0.062769115,-12.633397,10386.236,12215.646,3.568e-05,-0.1010101,1.0363492,-18.633112,-0.081682362,-14.723305,-4223.2368,-0.062283397,-21.644072
0.97802079,-0.054096121,-0.062573269,-12.592061,10408.001,12240.426,3.5696e-05,-0.1010101,1.0286216,-18.633112,-0.081748918,-14.727068,-4192.1021,-0.061226845,-21.660645
0.98032922,-0.053929001,-0.062377028,-12.550389,10427.306,12265.129,3.5712e-05,-0.1010101,1.0206366,-18.633112,-0.081814975,-14.73079,-4159.9302,-0.061700493,-21.67708
0.98263091,-0.053761512,-0.062180392,-12.508386,10447.955,12289.754,3.5728e-05,-0.1010101,1.0128756,-18.633112,-0.081880517,-14.73447,-4128.6611,-0.061538745,-21.693375
0.98492593,-0.053593744,-0.061983362,-12.466051,10467.683,12314.302,3.5744e-05,-0.1010101,1.0049564,-18.633112,-0.081945553,-14.738106,-4096.7549,-0.061543625,-21.709528
0.98721409,-0.053425614,-0.061785944,-12.423388,10487.132,12338.772,3.576e-05,-0.1010101,0.99670398,-18.633112,-0.082010075,-14.741696,-4063.5059,-0.062002625,-21.725538
0.98949552,-0.053257212,-0.061588131,-12.380398,10507.396,12363.164,3.5776e-05,-0.1010101,0.98852611,-18.633112,-0.082074061,-14.74524,-4030.5574,-0.061105993,-21.741409
0.99177003,-0.053088449,-0.061389934,-12.337082,10526.694,12387.479,3.5792e-05,-0.1010101,0.9806366,-18.633112,-0.082137533,-14.748735,-3998.7703,-0.062102117,-21.757137
0.99403775,-0.05291941,-0.061191346,-12.293445,10548.072,12411.714,3.5808e-05,-0.1010101,0.97252291,-18.633112,-0.082200482,-14.752181,-3966.0803,-0.062122256,-21.772724
0.99629861,-0.052750006,-0.060992371,-12.249486,10568.783,12435.871,3.5824e-05,-0.1010101,0.96460629,-18.633112,-0.082262926,-14.755576,-3934.1841,-0.062256537,-21.788166
0.99855256,-0.052580304,-0.060793012,-12.205209,10590.877,12459.95,3.584e-05,-0.1010101,0.95660567,-18.633112,-0.082324848,-14.758919,-3901.9495,-0.062656939,-21.803465
1.0007997,-0.052410219,-0.06059327,-12.160615,10611.883,12483.95,3.5856e-05,-0.1010101,0.94873464,-18.633112,-0.082386263,-14.762207,-3870.2371,-0.062715538,-21.818619
1.0030397,-0.052239832,-0.060393143,-12.115708,10632.929,12507.872,3.5872e-05,-0.1010101,0.94058394,-18.633112,-0.082447156,-14.765441,-3837.3979,-0.062178411,-21.833628
1.0052729,-0.052069068,-0.060192633,-12.070489,10652.567,12531.714,3.5888e-05,-0.1010101,0.93250543,-18.633112,-0.082507528,-14.768619,-3804.8494,-0.062752768,-21.848494
1.007499,-0.051898018,-0.059991747,-12.024961,10672.554,12555.478,3.5904e-05,-0.1010101,0.92434341,-18.633112,-0.082567379,-14.771738,-3771.9644,-0.062426832,-21.863213
1.0097182,-0.051726609,-0.059790481,-11.979125,10693.127,12579.161,3.592e-05,-0.1010101,0.91622722,-18.633112,-0.082626708,-14.774799,-3739.2644,-0.062501296,-21.877785
1.0119303,-0.051554918,-0.059588838,-11.932984,10713.563,12602.766,3.5936e-05,-0.1010101,0.90803313,-18.633112,-0.082685508,-14.777801,-3706.2502,-0.063165992,-21.89221
1.0141355,-0.051382862,-0.059386816,-11.886541,10731.201,12626.29,3.5952e-05,-0.1010101,0.89975888,-18.633112,-0.082743779,-14.780741,-3672.9131,-0.063067719,-21.90649
1.0163336,-0.051210538,-0.059184421,-11.839799,10751.321,12649.735,3.5968e-05,-0.1010101,0.89128315,-18.633112,-0.082801506,-14.783618,-3638.7644,-0.062464673,-21.92062
1.0185246,-0.051037874,-0.05898165,-11.792759,10771.665,12673.101,3.5984e-05,-0.1010101,0.88320178,-18.633112,-0.082858697,-14.786431,-3606.2046,-0.062409133,-21.934603
1.0207087,-0.050864924,-0.058778509,-11.745424,10792.679,12696.385,3.6e-05,-0.1010101,0.87518233,-18.633112,-0.082915373,-14.789181,-3573.894,-0.062926725,-21.948437
1.0228856,-0.050691605,-0.058574997,-11.697798,10812.846,12719.59,3.6016e-05,-0.1010101,0.8676523,-18.633112,-0.082971551,-14.791864,-3543.5557,-0.064298838,-21.962122
1.0250554,-0.050517991,-0.058371112,-11.64988,10834.212,12742.715,3.6032e-05,-0.1010101,0.85961276,-18.633112,-0.083027221,-14.794481,-3511.1643,-0.063221537,-21.975657
1.0272182,-0.050344009,-0.058166858,-11.601677,10854.921,12765.759,3.6048e-05,-0.1010101,0.85151267,-18.633112,-0.083082378,-14.797029,-3478.5288,-0.063141577,-21.98904
1.0293739,-0.050169729,-0.057962239,-11.553188,10875.84,12788.722,3.6064e-05,-0.1010101,0.84309763,-18.633112,-0.083136998,-14.79951,-3444.6245,-0.063076876,-22.002274
1.0315224,-0.04999508,-0.057757255,-11.504417,10894.318,12811.604,3.608e-05,-0.1010101,0.83504653,-18.633112,-0.083191089,-14.80192,-3412.1865,-0.063580431,-22.015356
1.0336639,-0.049820151,-0.057551906,-11.455368,10912.369,12834.406,3.6096e-05,-0.1010101,0.82703179,-18.633112,-0.083244659,-14.804258,-3379.8953,-0.064293347,-22.028286
1.0357982,-0.049644895,-0.057346191,-11.406042,10931.009,12857.127,3.6112e-05,-0.1010101,0.81883836,-18.633112,-0.083297707,-14.806526,-3346.8838,-0.063477278,-22.041063
1.0379255,-0.049469382,-0.057140112,-11.356442,10951.174,12879.767,3.6128e-05,-0.1010101,0.81042582,-18.633112,-0.083350226,-14.808721,-3312.9895,-0.063753776,-22.053688
1.0400456,-0.049293522,-0.056933675,-11.306572,10970.84,12902.324,3.6144e-05,-0.1010101,0.80254591,-18.633112,-0.083402216,-14.810842,-3281.2415,-0.063609727,-22.06616
1.0421586,-0.049117379,-0.05672688,-11.256433,10993.246,12924.801,3.616e-05,-0.1010101,0.79471427,-18.633112,-0.0834537,-14.812888,-3249.6877,-0.064072393,-22.078476
1.0442646,-0.04894086,-0.056519724,-11.20603,11013.828,12947.195,3.6176e-05,-0.1010101,0.78706276,-18.633112,-0.083504684,-14.814859,-3218.8596,-0.063975342,-22.090639
1.0463632,-0.048764035,-0.056312211,-11.155363,11034.786,12969.509,3.6192e-05,-0.1010101,0.77913785,-18.633112,-0.083555162,-14.816755,-3186.9299,-0.063759267,-22.102646
1.048455,-0.048586842,-0.056104343,-11.104437,11054.515,12991.74,3.6208e-05,-0.1010101,0.77080911,-18.633112,-0.083605118,-14.818573,-3153.3735,-0.064337291,-22.114496
1.0505395,-0.048409361,-0.055896122,-11.053254,11073.919,13013.889,3.6224e-05,-0.1010101,0.76260328,-18.633112,-0.083654545,-14.820314,-3120.3123,-0.064324476,-22.12619
1.052617,-0.048231531,-0.055687547,-11.001818,11091.843,13035.956,3.624e-05,-0.1010101,0.75439894,-18.633112,-0.083703443,-14.821977,-3087.2568,-0.064420909,-22.137728
1.0546873,-0.04805344,-0.055478621,-10.95013,11110.233,13057.94,3.6256e-05,-0.1010101,0.74633282,-18.633112,-0.083751813,-14.823561,-3054.7585,-0.064776756,-22.149109
1.0567505,-0.047875021,-0.055269342,-10.898195,11128.724,13079.843,3.6272e-05,-0.1010101,0.7380538,-18.633112,-0.08379966,-14.825065,-3021.4021,-0.064385511,-22.160332
1.0588068,-0.047696341,-0.055059716,-10.846016,11148.507,13101.662,3.6288e-05,-0.1010101,0.72973508,-18.633112,-0.083846971,-14.826488,-2987.8857,-0.063832514,-22.171394
1.0608559,-0.047517322,-0.05484974,-10.793594,11166.632,13123.398,3.6304e-05,-0.1010101,0.72128808,-18.633112,-0.083893739,-14.827832,-2953.853,-0.064093143,-22.182299
1.0628979,-0.047338035,-0.054639421,-10.740933,11186.164,13145.053,3.632e-05,-0.1010101,0.71316981,-18.633112,-0.083939977,-14.829094,-2921.144,-0.065163732,-22.193043
1.0649328,-0.047158409,-0.054428753,-10.688037,11205.38,13166.623,3.6336e-05,-0.1010101,0.70544231,-18.633112,-0.083985701,-14.830274,-2890.01,-0.064309821,-22.203629
1.0669608,-0.046978511,-0.054217745,-10.634908,11223.626,13188.111,3.6352e-05,-0.1010101,0.69750923,-18.633112,-0.084030919,-14.831371,-2858.0476,-0.064723045,-22.214052
1.0689816,-0.046798278,-0.054006394,-10.58155,11243.422,13209.516,3.6368e-05,-0.1010101,0.68960905,-18.633112,-0.08407563,-14.832386,-2826.2178,-0.064932398,-22.224314
1.0709955,-0.046617772,-0.053794701,-10.527965,11263.259,13230.836,3.6384e-05,-0.1010101,0.68102086,-18.633112,-0.084119804,-14.833318,-2791.6157,-0.064239018,-22.234413
1.0730023,-0.046436917,-0.053582665,-10.474156,11282.427,13252.073,3.64e-05,-0.1010101,0.67267221,-18.633112,-0.084163442,-14.834166,-2757.9792,-0.064781643,-22.24435
1.0750022,-0.046255786,-0.053370293,-10.420127,11299.944,13273.228,3.6416e-05,-0.1010101,0.66449261,-18.633112,-0.084206536,-14.834929,-2725.0234,-0.065179601,-22.254126
1.076995,-0.046074327,-0.053157587,-10.365881,11317.717,13294.297,3.6432e-05,-0.1010101,0.65624142,-18.633112,-0.084249109,-14.835608,-2691.7793,-0.064871974,-22.263735
1.0789808,-0.045892619,-0.052944541,-10.311421,11337.667,13315.283,3.6448e-05,-0.1010101,0.64829296,-18.633112,-0.084291153,-14.836204,-2659.7549,-0.064565569,-22.273182
1.0809597,-0.045710575,-0.05273116,-10.256751,11356.131,13336.185,3.6464e-05,-0.1010101,0.64036852,-18.633112,-0.08433269,-14.836713,-2627.8271,-0.064677268,-22.282463
1.0829315,-0.045528255,-0.052517451,-10.201873,11374.927,13357.002,3.648e-05,-0.1010101,0.63223428,-18.633112,-0.084373713,-14.837138,-2595.0542,-0.064627215,-22.291578
1.0848966,-0.045345608,-0.052303407,-10.146791,11392.592,13377.735,3.6496e-05,-0.1010101,0.62391931,-18.633112,-0.084414199,-14.837478,-2561.553,-0.065486006,-22.300528
1.0868546,-0.0451627,-0.052089032,-10.091507,11410.072,13398.384,3.6512e-05,-0.1010101,0.61580831,-18.633112,-0.084454156,-14.837731,-2528.874,-0.065102085,-22.309311
1.0888057,-0.044979479,-0.051874328,-10.036026,11428.827,13418.947,3.6528e-05,-0.1010101,0.6074335,-18.633112,-0.084493585,-14.837899,-2495.1316,-0.064538099,-22.317926
1.0907499,-0.044796001,-0.051659297,-9.9803495,11446.377,13439.427,3.6544e-05,-0.1010101,0.59901154,-18.633112,-0.08453247,-14.837982,-2461.1997,-0.064817652,-22.326374
1.0926871,-0.044612199,-0.051443942,-9.9244823,11463.44,13459.821,3.656e-05,-0.1010101,0.59052753,-18.633112,-0.08457081,-14.837978,-2427.0173,-0.065574512,-22.334654
1.0946176,-0.044428155,-0.051228259,-9.8684263,11482.671,13480.13,3.6576e-05,-0.1010101,0.58227885,-18.633112,-0.084608614,-14.837889,-2393.7834,-0.065324873,-22.342764
1.0965412,-0.044243786,-0.051012252,-9.8121862,11501.236,13500.354,3.6592e-05,-0.1010101,0.57412797,-18.633112,-0.08464589,-14.837713,-2360.9434,-0.065160066,-22.350704
1.0984578,-0.044059146,-0.050795924,-9.755764,11520.429,13520.493,3.6608e-05,-0.1010101,0.56571531,-18.633112,-0.084682629,-14.837452,-2327.0488,-0.065562911,-22.358473
1.1003677,-0.043874174,-0.050579276,-9.6991634,11538.24,13540.547,3.6624e-05,-0.1010101,0.55728346,-18.633112,-0.084718823,-14.837106,-2293.0769,-0.065792412,-22.366074
1.1022706,-0.043688934,-0.050362308,-9.6423874,11556.668,13560.515,3.664e-05,-0.1010101,0.54895204,-18.633112,-0.084754482,-14.836673,-2259.5095,-0.065256506,-22.373501
1.1041667,-0.043503378,-0.050145023,-9.5854406,11572.605,13580.396,3.6656e-05,-0.1010101,0.54056078,-18.633112,-0.084789596,-14.836154,-2225.7009,-0.065205239,-22.380756
1.1060561,-0.043317575,-0.049927417,-9.5283251,11590.702,13600.193,3.6672e-05,-0.1010101,0.5322606,-18.633112,-0.084824175,-14.83555,-2192.2593,-0.064684592,-22.387838
1.1079386,-0.043131471,-0.049709499,-9.4710445,11607.987,13619.904,3.6688e-05,-0.1010101,0.52424055,-18.633112,-0.084858231,-14.834861,-2159.9465,-0.06472671,-22.394749
1.1098144,-0.042945117,-0.049491268,-9.4136019,11625.707,13639.528,3.6704e-05,-0.1010101,0.51567167,-18.633112,-0.084891751,-14.834087,-2125.4226,-0.066005431,-22.401485
1.1116834,-0.042758446,-0.049272723,-9.3560009,11642.544,13659.066,3.672e-05,-0.1010101,0.50727236,-18.633112,-0.08492472,-14.833228,-2091.5815,-0.065966368,-22.408047
1.1135455,-0.042571533,-0.049053866,-9.2982445,11659.519,13678.519,3.6736e-05,-0.1010101,0.49882364,-18.633112,-0.084957153,-14.832285,-2057.5417,-0.066290475,-22.414433
1.1154009,-0.042384319,-0.0488347,-9.2403364,11676.225,13697.885,3.6752e-05,-0.1010101,0.49060184,-18.633112,-0.084989041,-14.831257,-2024.4159,-0.065971859,-22.420643
1.1172495,-0.042196866,-0.048615225,-9.1822796,11695.856,13717.164,3.6768e-05,-0.1010101,0.48242044,-18.633112,-0.085020401,-14.830145,-1991.453,-0.065817438,-22.426678
1.1190913,-0.042009089,-0.048395444,-9.1240778,11714.688,13736.356,3.6784e-05,-0.1010101,0.47425461,-18.633112,-0.085051239,-14.82895,-1958.5527,-0.066175729,-22.432535
1.1209264,-0.041821036,-0.048175357,-9.0657339,11732.927,13755.462,3.68e-05,-0.1010101,0.46625295,-18.633112,-0.085081555,-14.827672,-1926.314,-0.065713063,-22.438213
1.1227547,-0.041632656,-0.047954965,-9.0072517,11749.862,13774.481,3.6816e-05,-0.1010101,0.4581227,-18.633112,-0.08511135,-14.826311,-1893.5573,-0.065369427,-22.443716
1.1245762,-0.04144403,-0.047734272,-8.9486341,11766.22,13793.413,3.6832e-05,-0.1010101,0.44934171,-18.633112,-0.085140601,-14.824869,-1858.1785,-0.065596484,-22.449039
1.1263911,-0.041255102,-0.047513273,-8.8898849,11781.395,13812.258,3.6848e-05,-0.1010101,0.44084552,-18.633112,-0.085169293,-14.823344,-1823.9473,-0.066275828,-22.454182
1.128199,-0.041065957,-0.047291979,-8.831007,11798.061,13831.016,3.6864e-05,-0.1010101,0.43227369,-18.633112,-0.085197434,-14.821739,-1789.4113,-0.066185489,-22.459146
1.1300002,-0.040876523,-0.047070384,-8.7720032,11813.957,13849.686,3.688e-05,-0.1010101,0.4239887,-18.633112,-0.085225031,-14.820053,-1756.031,-0.065758839,-22.463928
1.1317947,-0.040686861,-0.046848491,-8.7128782,11829.686,13868.268,3.6896e-05,-0.1010101,0.41529554,-18.633112,-0.085252084,-14.818287,-1721.0062,-0.06537614,-22.468531
1.1335825,-0.040496916,-0.046626303,-8.6536341,11846.486,13886.763,3.6912e-05,-0.1010101,0.40685594,-18.633112,-0.085278586,-14.816442,-1687.0029,-0.066080511,-22.47295
1.1353633,-0.04030674,-0.046403818,-8.5942745,11862.53,13905.171,3.6928e-05,-0.1010101,0.39840555,-18.633112,-0.085304536,-14.814518,-1652.9563,-0.066270337,-22.477188
1.1371375,-0.040116273,-0.046181042,-8.5348034,11878.033,13923.49,3.6944e-05,-0.1010101,0.39036468,-18.633112,-0.085329965,-14.812516,-1620.5596,-0.066315502,-22.481243
1.1389048,-0.039925583,-0.045957975,-8.4752226,11893.91,13941.722,3.696e-05,-0.1010101,0.38214493,-18.633112,-0.085354865,-14.810437,-1587.4421,-0.065814994,-22.485113
1.1406654,-0.039734609,-0.045734618,-8.4155369,11909.506,13959.865,3.6976e-05,-0.1010101,0.37379706,-18.633112,-0.085379228,-14.808282,-1553.8085,-0.066380806,-22.4888
1.1424191,-0.039543416,-0.04551097,-8.3557491,11926.396,13977.92,3.6992e-05,-0.1010101,0.36513528,-18.633112,-0.085403048,-14.806051,-1518.91,-0.066116519,-22.492302
1.1441661,-0.039351933,-0.045287035,-8.2958622,11941.378,13995.888,3.7008e-05,-0.1010101,0.35664749,-18.633112,-0.085426308,-14.803745,-1484.7126,-0.066195257,-22.495619
1.1459061,-0.039160226,-0.045062818,-8.2358789,11956.737,14013.766,3.7024e-05,-0.1010101,0.34836161,-18.633112,-0.085449032,-14.801366,-1451.3287,-0.06580279,-22.498749
1.1476394,-0.038968246,-0.044838313,-8.1758041,11972.223,14031.557,3.704e-05,-0.1010101,0.34003675,-18.633112,-0.08547122,-14.798913,-1417.7878,-0.066173285,-22.501692
1.1493657,-0.038776048,-0.044613525,-8.1156397,11988.588,14049.258,3.7056e-05,-0.1010101,0.33162346,-18.633112,-0.085492872,-14.796388,-1383.8906,-0.065750904,-22.504448
1.1510853,-0.038583566,-0.044388454,-8.0553894,12004.958,14066.87,3.7072e-05,-0.1010101,0.32281643,-18.633112,-0.085513964,-14.793792,-1348.407,-0.066349074,-22.507015
1.1527978,-0.038390849,-0.044163104,-7.9950557,12019.332,14084.395,3.7088e-05,-0.1010101,0.31416142,-18.633112,-0.085534498,-14.791125,-1313.5359,-0.06645833,-22.509396
1.1545035,-0.03819786,-0.043937474,-7.9346428,12034.242,14101.829,3.7104e-05,-0.1010101,0.30583113,-18.633112,-0.085554481,-14.788389,-1279.9731,-0.066174507,-22.511587
1.1562022,-0.038004667,-0.043711569,-7.8741536,12049.3,14119.175,3.712e-05,-0.1010101,0.29751906,-18.633112,-0.085573927,-14.785585,-1246.4838,-0.065599538,-22.513588
1.1578939,-0.037811205,-0.043485384,-7.813591,12063.981,14136.432,3.7136e-05,-0.1010101,0.28899533,-18.633112,-0.085592829,-14.782714,-1212.1415,-0.06626118,-22.515398
1.1595787,-0.037617531,-0.043258928,-7.7529583,12078.785,14153.599,3.7152e-05,-0.1010101,0.2802988,-18.633112,-0.085611179,-14.779777,-1177.103,-0.066295967,-22.517017
1.1612566,-0.037423596,-0.043032195,-7.6922588,12094.472,14170.677,3.7168e-05,-0.1010101,0.27200523,-18.633112,-0.085628986,-14.776773,-1143.6882,-0.066410109,-22.518446
1.1629273,-0.037229441,-0.042805195,-7.6314955,12107.819,14187.665,3.7184e-05,-0.1010101,0.26365247,-18.633112,-0.085646249,-14.773707,-1110.0349,-0.066175118,-22.519682
1.1645911,-0.037035033,-0.042577919,-7.5706716,12121.915,14204.564,3.72e-05,-0.1010101,0.25548339,-18.633112,-0.085662983,-14.770577,-1077.1217,-0.066125676,-22.520723
1.1662477,-0.036840428,-0.042350378,-7.5097899,12137.491,14221.373,3.7216e-05,-0.1010101,0.24715088,-18.633112,-0.085679181,-14.767386,-1043.5498,-0.065650195,-22.521574
1.1678972,-0.036645558,-0.042122569,-7.448854,12153.113,14238.093,3.7232e-05,-0.1010101,0.23885037,-18.633112,-0.085694849,-14.764135,-1010.107,-0.066088445,-22.52223
1.1695397,-0.036450468,-0.041894492,-7.387867,12168.453,14254.722,3.7248e-05,-0.1010101,0.23043261,-18.633112,-0.085709974,-14.760825,-976.19183,-0.065728933,-22.522692
1.171175,-0.036255099,-0.041666154,-7.3268313,12182.293,14271.262,3.7264e-05,-0.1010101,0.22183026,-18.633112,-0.085724548,-14.757456,-941.53284,-0.066642657,-22.522957
1.172803,-0.036059529,-0.041437551,-7.2657499,12196.018,14287.711,3.728e-05,-0.1010101,0.21352562,-18.633112,-0.085738584,-14.754031,-908.07336,-0.066459544,-22.523027
1.1744239,-0.035863709,-0.041208684,-7.204627,12209.942,14304.069,3.7296e-05,-0.1010101,0.20529954,-18.633112,-0.085752085,-14.75055,-874.93042,-0.06663961,-22.522902
1.1760377,-0.035667695,-0.04097956,-7.1434641,12224.479,14320.338,3.7312e-05,-0.1010101,0.19742635,-18.633112,-0.085765064,-14.747016,-843.20929,-0.066127509,-22.522579
1.177644,-0.035471428,-0.040750176,-7.0822654,12238.054,14336.516,3.7328e-05,-0.1010101,0.18887018,-18.633112,-0.085777514,-14.743428,-808.73633,-0.066013366,-22.522058
1.1792432,-0.035274964,-0.040520534,-7.0210333,12251.841,14352.604,3.7344e-05,-0.1010101,0.18047333,-18.633112,-0.08578942,-14.73979,-774.9054,-0.065875426,-22.521339
1.180835,-0.03507825,-0.040290635,-6.9597707,12265.537,14368.601,3.736e-05,-0.1010101,0.17207766,-18.633112,-0.085800782,-14.736101,-741.07916,-0.066220894,-22.520424
1.1824195,-0.034881346,-0.040060483,-6.8984804,12279.951,14384.507,3.7376e-05,-0.1010101,0.1638357,-18.633112,-0.085811608,-14.732364,-707.87231,-0.066900238,-22.519306
1.1839966,-0.034684189,-0.039830077,-6.8371658,12292.544,14400.322,3.7392e-05,-0.1010101,0.15545656,-18.633112,-0.085821904,-14.72858,-674.11267,-0.066025577,-22.51799
1.1855663,-0.034486845,-0.039599422,-6.7758293,12305.237,14416.046,3.7408e-05,-0.1010101,0.14753529,-18.633112,-0.085831665,-14.72475,-642.19781,-0.066437572,-22.516474
1.1871285,-0.034289271,-0.039368514,-6.7144737,12318.532,14431.68,3.7424e-05,-0.1010101,0.13930534,-18.633112,-0.085840911,-14.720876,-609.03918,-0.066344187,-22.514757
1.1886834,-0.034091517,-0.03913736,-6.6531024,12332.101,14447.222,3.744e-05,-0.1010101,0.13124703,-18.633112,-0.085849635,-14.716959,-576.5722,-0.065613575,-22.512836
1.1902307,-0.033893522,-0.038905956,-6.5917177,12343.576,14462.673,3.7456e-05,-0.1010101,0.12318611,-18.633112,-0.085857831,-14.713,-544.09473,-0.066038392,-22.510715
1.1917706,-0.033695351,-0.03867431,-6.530323,12358.286,14478.032,3.7472e-05,-0.1010101,0.11505944,-18.633112,-0.085865512,-14.709003,-511.35229,-0.065910213,-22.508392
1.1933029,-0.033496942,-0.038442414,-6.4689202,12370.982,14493.3,3.7488e-05,-0.1010101,0.10684704,-18.633112,-0.085872665,-14.704967,-478.26443,-0.066013366,-22.505865
1.1948277,-0.033298343,-0.03821028,-6.4075122,12384.461,14508.477,3.7504e-05,-0.1010101,0.098353669,-18.633112,-0.085879281,-14.700895,-444.04459,-0.065486006,-22.503134
1.1963449,-0.03309951,-0.037977904,-6.3461022,12398.95,14523.562,3.752e-05,-0.1010101,0.090226777,-18.633112,-0.085885361,-14.696788,-411.30127,-0.066109195,-22.500198
1.1978544,-0.032900475,-0.037745286,-6.2846928,12414.807,14538.555,3.7536e-05,-0.1010101,0.082113795,-18.633112,-0.085890912,-14.692647,-378.61395,-0.066126287,-22.497059
1.1993563,-0.032701172,-0.037512429,-6.2232866,12429.099,14553.456,3.7552e-05,-0.1010101,0.073872238,-18.633112,-0.085895941,-14.688475,-345.40869,-0.066335641,-22.493713
1.2008507,-0.032501653,-0.037279338,-6.1618857,12442.134,14568.265,3.7568e-05,-0.1010101,0.06552738,-18.633112,-0.085900433,-14.684272,-311.78717,-0.065731987,-22.490162
1.2023373,-0.032301892,-0.037046012,-6.1004934,12454.323,14582.982,3.7584e-05,-0.1010101,0.057050079,-18.633112,-0.085904382,-14.680041,-277.63205,-0.065321207,-22.486403
1.2038163,-0.032101955,-0.036812447,-6.0391116,12465.527,14597.607,3.76e-05,-0.1010101,0.04879516,-18.633112,-0.085907795,-14.675783,-244.37289,-0.066344187,-22.482437
1.2052876,-0.03190181,-0.036578655,-5.9777436,12476.499,14612.141,3.7616e-05,-0.1010101,0.040282708,-18.633112,-0.08591067,-14.6715,-210.07616,-0.065979183,-22.478264
1.2067511,-0.031701509,-0.036344629,-5.9163918,12490.282,14626.581,3.7632e-05,-0.1010101,0.03161497,-18.633112,-0.085912988,-14.667194,-175.15376,-0.065796077,-22.473883
1.2082069,-0.031500984,-0.036110375,-5.8550582,12504.348,14640.93,3.7648e-05,-0.1010101,0.023382092,-18.633112,-0.085914761,-14.662866,-141.98341,-0.06560991,-22.469294
1.209655,-0.031300258,-0.03587589,-5.7937455,12519.072,14655.186,3.7664e-05,-0.1010101,0.014707277,-18.633112,-0.085915983,-14.658518,-107.03251,-0.065455489,-22.464495
1.2110953,-0.03109928,-0.035641182,-5.7324562,12531.491,14669.349,3.768e-05,-0.1010101,0.0060914098,-18.633112,-0.085916653,-14.654151,-72.319107,-0.065840021,-22.459486
1.212528,-0.030898111,-0.035406247,-5.6711926,12543.991,14683.419,3.7696e-05,-0.1010101,-0.002024387,-18.633112,-0.085916787,-14.649768,-39.620491,-0.065927304,-22.454268
1.2139528,-0.030696716,-0.035171088,-5.6099572,12556.805,14697.397,3.7712e-05,-0.1010101,-0.010383202,-18.633112,-0.085916385,-14.64537,-5.9427514,-0.065406047,-22.448837
1.2153698,-0.030495144,-0.034935709,-5.5487523,12569.419,14711.282,3.7728e-05,-0.1010101,-0.018681865,-18.633112,-0.085915446,-14.640959,27.49264,-0.066006042,-22.443195
1.2167791,-0.030293345,-0.034700107,-5.4875803,12581.237,14725.074,3.7744e-05,-0.1010101,-0.026995013,-18.633112,-0.085913979,-14.636537,60.986385,-0.065095372,-22.437344
1.2181805,-0.030091375,-0.034464285,-5.4264431,12595.284,14738.773,3.776e-05,-0.1010101,-0.035301499,-18.633112,-0.085911967,-14.632105,94.453293,-0.065667897,-22.431278
1.2195742,-0.029889172,-0.034228247,-5.3653436,12608.238,14752.379,3.7776e-05,-0.1010101,-0.043777581,-18.633112,-0.085909419,-14.627665,128.6035,-0.065878473,-22.424999
1.2209601,-0.029686777,-0.033991992,-5.3042836,12621.297,14765.892,3.7792e-05,-0.1010101,-0.052352376,-18.633112,-0.085906319,-14.623219,163.15143,-0.065510422,-22.418509
1.2223383,-0.029484151,-0.033755526,-5.2432656,12633.546,14779.312,3.7808e-05,-0.1010101,-0.060905684,-18.633112,-0.085902669,-14.61877,197.61278,-0.065600149,-22.411804
1.2237087,-0.029281346,-0.033518843,-5.1822915,12646.311,14792.638,3.7824e-05,-0.1010101,-0.069475263,-18.633112,-0.085898466,-14.614317,232.13968,-0.065504931,-22.404886
1.2250713,-0.029078318,-0.033281948,-5.1213632,12658.097,14805.87,3.784e-05,-0.1010101,-0.077953264,-18.633112,-0.08589372,-14.609864,266.29761,-0.065334633,-22.397751
1.2264261,-0.028875118,-0.033044845,-5.060483,12670.214,14819.01,3.7856e-05,-0.1010101,-0.086517453,-18.633112,-0.085888416,-14.605412,300.80283,-0.065310217,-22.390404
1.2277733,-0.028671702,-0.032807533,-4.9996533,12680.977,14832.056,3.7872e-05,-0.1010101,-0.095102809,-18.633112,-0.085882559,-14.600964,335.39331,-0.065763116,-22.382839
1.2291126,-0.028468128,-0.032570012,-4.9388762,12692.456,14845.007,3.7888e-05,-0.1010101,-0.10352158,-18.633112,-0.085876159,-14.596519,369.31259,-0.06616962,-22.375057
1.2304443,-0.028264353,-0.032332286,-4.8781528,12704.413,14857.865,3.7904e-05,-0.1010101,-0.11169076,-18.633112,-0.085869223,-14.592083,402.22629,-0.064999543,-22.367062
1.2317683,-0.028060414,-0.032094356,-4.8174858,12716.396,14870.63,3.792e-05,-0.1010101,-0.12009334,-18.633112,-0.08586175,-14.587654,436.08035,-0.065780208,-22.358847
1.2330846,-0.027856259,-0.031856224,-4.7568774,12727.172,14883.3,3.7936e-05,-0.1010101,-0.12852265,-18.633112,-0.085853741,-14.583236,470.04214,-0.065601364,-22.350416
1.2343931,-0.027651945,-0.031617887,-4.6963286,12738.798,14895.876,3.7952e-05,-0.1010101,-0.13675098,-18.633112,-0.085845187,-14.578829,503.19415,-0.064915918,-22.341766
1.2356941,-0.027447429,-0.031379357,-4.6358423,12749.811,14908.358,3.7968e-05,-0.1010101,-0.14470778,-18.633112,-0.08583612,-14.574437,535.2522,-0.065383464,-22.332899
1.2369874,-0.027242756,-0.031140624,-4.5754194,12760.911,14920.747,3.7984e-05,-0.1010101,-0.15312631,-18.633112,-0.085826516,-14.570061,569.17053,-0.064797513,-22.323812
1.238273,-0.027037883,-0.030901695,-4.5150623,12772.61,14933.041,3.8e-05,-0.1010101,-0.16127171,-18.633112,-0.085816383,-14.565701,601.98834,-0.065268718,-22.314507
1.2395512,-0.026832849,-0.03066257,-4.4547725,12784.164,14945.24,3.8016e-05,-0.1010101,-0.16949005,-18.633112,-0.085805722,-14.561362,635.10016,-0.064654075,-22.304983
1.2408217,-0.026627608,-0.030423254,-4.3945518,12793.543,14957.346,3.8032e-05,-0.1010101,-0.17782162,-18.633112,-0.085794531,-14.557044,668.66815,-0.064640641,-22.295238
1.2420846,-0.026422223,-0.030183744,-4.3344016,12803.681,14969.356,3.8048e-05,-0.1010101,-0.18601152,-18.633112,-0.085782804,-14.55275,701.66528,-0.065106355,-22.285273
1.2433401,-0.026216658,-0.029944044,-4.2743244,12812.939,14981.272,3.8064e-05,-0.1010101,-0.19438837,-18.633112,-0.08577054,-14.548479,735.41571,-0.065101475,-22.275087
1.2445881,-0.026010962,-0.029704154,-4.2143211,12824.159,14993.094,3.808e-05,-0.1010101,-0.20241186,-18.633112,-0.085757747,-14.544236,767.74243,-0.064773098,-22.264679
1.2458286,-0.025805078,-0.029464077,-4.1543937,12833.648,15004.82,3.8096e-05,-0.1010101,-0.21061088,-18.633112,-0.085744433,-14.540021,800.77637,-0.06437391,-22.254051
1.2470617,-0.025599053,-0.029223813,-4.0945435,12843.326,15016.452,3.8112e-05,-0.1010101,-0.21901156,-18.633112,-0.08573059,-14.535836,834.62274,-0.064862207,-22.2432
1.2482874,-0.025392851,-0.028983366,-4.0347719,12853.288,15027.989,3.8128e-05,-0.1010101,-0.22736284,-18.633112,-0.085716203,-14.531684,868.27014,-0.06530717,-22.232128
1.2495058,-0.025186514,-0.028742734,-3.9750805,12863.697,15039.432,3.8144e-05,-0.1010101,-0.23546368,-18.633112,-0.085701287,-14.527566,900.90851,-0.064403825,-22.220833
1.2507167,-0.024979992,-0.028501922,-3.9154711,12872.812,15050.778,3.816e-05,-0.1010101,-0.24341162,-18.633112,-0.085685849,-14.523483,932.93079,-0.06453383,-22.209316
1.2519202,-0.024773337,-0.02826093,-3.8559449,12882.935,15062.031,3.8176e-05,-0.1010101,-0.25140527,-18.633112,-0.085669897,-14.519438,965.13733,-0.064232916,-22.197575
1.2531166,-0.024566505,-0.028019758,-3.7965033,12891.302,15073.188,3.8192e-05,-0.1010101,-0.25952095,-18.633112,-0.085653432,-14.515431,997.83545,-0.064565569,-22.18561
1.2543056,-0.024359548,-0.027778411,-3.7371476,12900.642,15084.25,3.8208e-05,-0.1010101,-0.26724556,-18.633112,-0.085636452,-14.511467,1028.958,-0.064906158,-22.17342
1.2554873,-0.024152428,-0.027536888,-3.6778791,12910.668,15095.216,3.8224e-05,-0.1010101,-0.27565977,-18.633112,-0.08561895,-14.507545,1062.8589,-0.064588152,-22.161007
1.2566618,-0.023945173,-0.027295191,-3.6186993,12919.368,15106.087,3.824e-05,-0.1010101,-0.28374204,-18.633112,-0.08560092,-14.503667,1095.4225,-0.063761711,-22.148371
1.257829,-0.023737749,-0.027053321,-3.5596092,12928.469,15116.863,3.8256e-05,-0.1010101,-0.29195824,-18.633112,-0.085582368,-14.499836,1128.5256,-0.063914306,-22.135508
1.258989,-0.023530202,-0.026811279,-3.5006099,12940.284,15127.543,3.8272e-05,-0.1010101,-0.30023137,-18.633112,-0.08556328,-14.496052,1161.858,-0.063703112,-22.122419
1.2601418,-0.023322465,-0.02656907,-3.4417028,12950.063,15138.128,3.8288e-05,-0.1010101,-0.30837932,-18.633112,-0.085543662,-14.492318,1194.6863,-0.063587755,-22.109106
1.2612875,-0.023114579,-0.026326692,-3.3828893,12960.445,15148.617,3.8304e-05,-0.1010101,-0.31685287,-18.633112,-0.085523508,-14.488636,1228.8263,-0.063803829,-22.095568
1.2624259,-0.022906508,-0.026084147,-3.3241701,12970.738,15159.011,3.832e-05,-0.1010101,-0.32487786,-18.633112,-0.085502826,-14.485006,1261.1589,-0.063832514,-22.081802
1.2635572,-0.022698294,-0.025841439,-3.2655463,12979.423,15169.309,3.8336e-05,-0.1010101,-0.33290163,-18.633112,-0.085481621,-14.481432,1293.4868,-0.063763544,-22.067812
1.2646813,-0.022489909,-0.025598567,-3.2070191,12987.872,15179.51,3.8352e-05,-0.1010101,-0.34123275,-18.633112,-0.085459895,-14.477913,1327.053,-0.064243905,-22.053593
1.2657983,-0.022281408,-0.025355533,-3.1485896,12996.76,15189.616,3.8368e-05,-0.1010101,-0.34940159,-18.633112,-0.085437633,-14.474453,1359.9653,-0.063762322,-22.039148
1.2669082,-0.022072745,-0.025112338,-3.0902586,13005.968,15199.626,3.8384e-05,-0.1010101,-0.35747758,-18.633112,-0.085414849,-14.471052,1392.5037,-0.063726313,-22.024477
1.2680107,-0.021863962,-0.024868986,-3.0320268,13015.828,15209.54,3.84e-05,-0.1010101,-0.36556876,-18.633112,-0.085391544,-14.467712,1425.1029,-0.063510239,-22.009579
1.2691061,-0.021655001,-0.024625476,-2.9738955,13025.825,15219.357,3.8416e-05,-0.1010101,-0.37382403,-18.633112,-0.085367717,-14.464436,1458.3635,-0.0631373,-21.994452
1.2701944,-0.021445904,-0.024381811,-2.9158654,13034.972,15229.08,3.8432e-05,-0.1010101,-0.38223892,-18.633112,-0.085343346,-14.461223,1492.2672,-0.063142188,-21.979097
1.2712754,-0.021236632,-0.024137991,-2.8579376,13044.406,15238.705,3.8448e-05,-0.1010101,-0.39072165,-18.633112,-0.085318431,-14.458076,1526.4442,-0.063415632,-21.963514
1.2723491,-0.021027233,-0.023894019,-2.8001122,13054.284,15248.234,3.8464e-05,-0.1010101,-0.39937627,-18.633112,-0.085292965,-14.454996,1561.3138,-0.063205056,-21.947704
1.2734157,-0.02081766,-0.023649897,-2.7423909,13062.618,15257.668,3.848e-05,-0.1010101,-0.40748143,-18.633112,-0.085266955,-14.451986,1593.9696,-0.062869348,-21.931665
1.2744749,-0.020607961,-0.023405625,-2.6847737,13071.247,15267.004,3.8496e-05,-0.1010101,-0.41567838,-18.633112,-0.085240424,-14.449046,1626.9951,-0.063090913,-21.915398
1.2755268,-0.020398106,-0.023161205,-2.6272614,13079.995,15276.244,3.8512e-05,-0.1010101,-0.42422009,-18.633112,-0.085213356,-14.446178,1661.4098,-0.062075257,-21.898903
1.2765712,-0.020188132,-0.022916639,-2.569855,13088.781,15285.388,3.8528e-05,-0.1010101,-0.43241957,-18.633112,-0.085185744,-14.443383,1694.4454,-0.06318552,-21.882177
1.2776082,-0.019977998,-0.022671929,-2.5125549,13097.059,15294.436,3.8544e-05,-0.1010101,-0.4409686,-18.633112,-0.085157588,-14.440663,1728.8896,-0.063085422,-21.865223
1.2786378,-0.01976775,-0.022427073,-2.4553616,13106.152,15303.386,3.856e-05,-0.1010101,-0.44948053,-18.633112,-0.085128888,-14.43802,1763.1843,-0.062672809,-21.84804
1.2796597,-0.01955734,-0.022182077,-2.3982759,13113.838,15312.239,3.8576e-05,-0.1010101,-0.45806381,-18.633112,-0.085099638,-14.435453,1797.7664,-0.062741786,-21.830627
1.2806741,-0.019346816,-0.021936942,-2.3412981,13122.295,15320.997,3.8592e-05,-0.1010101,-0.46643722,-18.633112,-0.085069835,-14.432965,1831.5029,-0.063002408,-21.812986
1.2816807,-0.019136144,-0.021691667,-2.2844288,13129.892,15329.657,3.8608e-05,-0.1010101,-0.47452751,-18.633112,-0.085039511,-14.430558,1864.0988,-0.062564164,-21.795115
1.2826797,-0.018925365,-0.021446256,-2.2276685,13137.555,15338.221,3.8624e-05,-0.1010101,-0.48278686,-18.633112,-0.085008651,-14.428232,1897.3759,-0.062795497,-21.777014
1.2836707,-0.018714443,-0.021200709,-2.1710176,13145.204,15346.688,3.864e-05,-0.1010101,-0.49095824,-18.633112,-0.084977269,-14.425989,1930.2983,-0.062898651,-21.758682
1.2846538,-0.018503418,-0.020955028,-2.1144767,13152.86,15355.058,3.8656e-05,-0.1010101,-0.49920431,-18.633112,-0.084945351,-14.423831,1963.5219,-0.06249214,-21.740122
1.2856289,-0.018292252,-0.020709215,-2.0580456,13159.53,15363.33,3.8672e-05,-0.1010101,-0.50767511,-18.633112,-0.084912896,-14.421757,1997.6509,-0.062019713,-21.721333
1.2865958,-0.018080991,-0.020463271,-2.0017252,13167.585,15371.506,3.8688e-05,-0.1010101,-0.51610917,-18.633112,-0.084879898,-14.41977,2031.6316,-0.062263861,-21.702311
1.2875545,-0.017869592,-0.020217197,-1.9455155,13173.629,15379.584,3.8704e-05,-0.1010101,-0.52445179,-18.633112,-0.084846362,-14.417871,2065.2441,-0.061796319,-21.68306
1.2885048,-0.0176581,-0.019970996,-1.8894168,13180.675,15387.565,3.872e-05,-0.1010101,-0.53274417,-18.633112,-0.084812284,-14.416059,2098.6543,-0.062110052,-21.66358
1.2894467,-0.017446484,-0.019724669,-1.8334295,13187.191,15395.45,3.8736e-05,-0.1010101,-0.54100668,-18.633112,-0.084777676,-14.414339,2131.9441,-0.061621144,-21.643869
1.2903799,-0.01723478,-0.019478217,-1.7775536,13194.064,15403.237,3.8752e-05,-0.1010101,-0.54921442,-18.633112,-0.084742539,-14.412709,2165.0129,-0.060755637,-21.623928
1.2913043,-0.017022949,-0.019231642,-1.7217892,13199.643,15410.927,3.8768e-05,-0.1010101,-0.55716515,-18.633112,-0.084706873,-14.411172,2197.0464,-0.061558276,-21.603756
1.29222,-0.016811037,-0.018984945,-1.6661369,13206.253,15418.52,3.8784e-05,-0.1010101,-0.5652265,-18.633112,-0.0846707,-14.409727,2229.5259,-0.061778009,-21.583355
1.2931266,-0.016599011,-0.01873813,-1.6105963,13211.903,15426.014,3.88e-05,-0.1010101,-0.57332873,-18.633112,-0.084633999,-14.408377,2262.1697,-0.060678121,-21.562723
1.294024,-0.016386904,-0.018491196,-1.5551678,13218.137,15433.412,3.8816e-05,-0.1010101,-0.58149695,-18.633112,-0.084596775,-14.407121,2295.0796,-0.061196327,-21.541861
1.294912,-0.016174683,-0.018244144,-1.4998513,13224.271,15440.712,3.8832e-05,-0.1010101,-0.5896337,-18.633112,-0.084559031,-14.405962,2327.8628,-0.060127567,-21.520769
1.2957906,-0.015962383,-0.017996978,-1.444647,13230.508,15447.914,3.8848e-05,-0.1010101,-0.5976615,-18.633112,-0.084520757,-14.4049,2360.2065,-0.060573138,-21.499445
1.2966596,-0.015749963,-0.017749697,-1.3895546,13236.362,15455.02,3.8864e-05,-0.1010101,-0.60593933,-18.633112,-0.084481962,-14.403934,2393.5581,-0.061099887,-21.477894
1.2975186,-0.015537468,-0.017502304,-1.3345743,13241.588,15462.026,3.888e-05,-0.1010101,-0.61382073,-18.633112,-0.084442653,-14.403069,2425.3125,-0.060303964,-21.45611
1.2983677,-0.015324865,-0.017254801,-1.279706,13246.003,15468.937,3.8896e-05,-0.1010101,-0.6219855,-18.633112,-0.084402815,-14.402302,2458.2085,-0.060303353,-21.434097
1.2992067,-0.015112204,-0.017007189,-1.2249495,13251.103,15475.748,3.8912e-05,-0.1010101,-0.63006991,-18.633112,-0.084362462,-14.401635,2490.7805,-0.059570298,-21.411856
1.3000354,-0.014899448,-0.01675947,-1.1703048,13257.695,15482.463,3.8928e-05,-0.1010101,-0.63772947,-18.633112,-0.084321596,-14.401069,2521.6409,-0.059728384,-21.389381
1.3008534,-0.014686616,-0.016511645,-1.1157718,13262.361,15489.079,3.8944e-05,-0.1010101,-0.64578593,-18.633112,-0.08428023,-14.400605,2554.1003,-0.060161136,-21.36668
1.3016608,-0.014473677,-0.016263716,-1.0613501,13266.615,15495.598,3.896e-05,-0.1010101,-0.65362191,-18.633112,-0.084238343,-14.400244,2585.6716,-0.059619129,-21.343748
1.3024572,-0.014260686,-0.016015682,-1.0070397,13270.488,15502.019,3.8976e-05,-0.1010101,-0.66177756,-18.633112,-0.084195949,-14.399984,2618.5308,-0.060286876,-21.320585
1.3032426,-0.014047611,-0.01576755,-0.95284021,13273.186,15508.341,3.8992e-05,-0.1010101,-0.66950393,-18.633112,-0.084153034,-14.399829,2649.6604,-0.059937131,-21.297195
1.3040166,-0.013834503,-0.015519316,-0.8987515,13277.5,15514.565,3.9008e-05,-0.1010101,-0.67737794,-18.633112,-0.084109627,-14.399778,2681.385,-0.059871212,-21.273575
1.3047793,-0.01362132,-0.015270986,-0.84477329,13281.709,15520.692,3.9024e-05,-0.1010101,-0.68574923,-18.633112,-0.084065691,-14.399832,2715.113,-0.059011199,-21.249725
1.3055302,-0.013408087,-0.015022558,-0.79090524,13285.369,15526.722,3.904e-05,-0.1010101,-0.69383335,-18.633112,-0.084021218,-14.39999,2747.6838,-0.059353009,-21.225647
1.3062693,-0.013194772,-0.014774036,-0.73714697,13289.909,15532.652,3.9056e-05,-0.1010101,-0.70191717,-18.633112,-0.083976232,-14.400254,2780.2537,-0.05932615,-21.201338
1.3069963,-0.01298141,-0.01452542,-0.6834982,13295.124,15538.484,3.9072e-05,-0.1010101,-0.70998192,-18.633112,-0.083930723,-14.400624,2812.7466,-0.059312113,-21.176802
1.3077112,-0.012767951,-0.014276712,-0.62995851,13299.551,15544.219,3.9088e-05,-0.1010101,-0.71823949,-18.633112,-0.083884686,-14.4011,2846.0166,-0.059173558,-21.152039
1.3084136,-0.012554434,-0.014027914,-0.57652748,13302.611,15549.855,3.9104e-05,-0.1010101,-0.72632492,-18.633112,-0.083838128,-14.401683,2878.5928,-0.058748741,-21.127045
1.3091035,-0.012340839,-0.013779028,-0.52320468,13304.776,15555.394,3.912e-05,-0.1010101,-0.73417771,-18.633112,-0.083791055,-14.402373,2910.2317,-0.058988005,-21.101824
1.3097806,-0.012127223,-0.013530055,-0.46998972,13307.54,15560.833,3.9136e-05,-0.1010101,-0.74203134,-18.633112,-0.083743475,-14.403171,2941.8743,-0.058471631,-21.076374
1.3104447,-0.011913547,-0.013280996,-0.41688204,13310.78,15566.175,3.9152e-05,-0.1010101,-0.75005788,-18.633112,-0.083695382,-14.404075,2974.2131,-0.058990449,-21.050699
1.3110957,-0.011699843,-0.013031853,-0.36388117,13311.698,15571.418,3.9168e-05,-0.1010101,-0.75779343,-18.633112,-0.083646774,-14.405087,3005.3796,-0.05825007,-21.024794
1.3117335,-0.011486088,-0.012782629,-0.31098658,13314.043,15576.562,3.9184e-05,-0.1010101,-0.76583308,-18.633112,-0.083597668,-14.406207,3037.7715,-0.057802059,-20.998663
1.3123578,-0.011272325,-0.012533323,-0.25819772,13315.948,15581.609,3.92e-05,-0.1010101,-0.77426767,-18.633112,-0.083548024,-14.407435,3071.7544,-0.05816767,-20.972305
1.3129686,-0.011058509,-0.012283938,-0.20551406,13315.883,15586.557,3.9216e-05,-0.1010101,-0.7823301,-18.633112,-0.083497852,-14.408772,3104.238,-0.058310494,-20.945721
1.3135656,-0.010844699,-0.012034475,-0.15293498,13314.895,15591.406,3.9232e-05,-0.1010101,-0.79037529,-18.633112,-0.083447166,-14.410215,3136.6523,-0.057143468,-20.918911
1.3141488,-0.01063088,-0.011784936,-0.10045987,13314.244,15596.157,3.9248e-05,-0.1010101,-0.79849654,-18.633112,-0.08339595,-14.411767,3169.373,-0.057305828,-20.891874
1.314718,-0.010417093,-0.011535323,-0.048088126,13313.183,15600.811,3.9264e-05,-0.1010101,-0.80642372,-18.633112,-0.083344221,-14.413426,3201.3115,-0.056994539,-20.864611
1.315273,-0.010203301,-0.011285638,0.0041809236,13313.542,15605.364,3.928e-05,-0.1010101,-0.81424689,-18.633112,-0.083291985,-14.415195,3232.8311,-0.057062898,-20.837124
1.315814,-0.0099895308,-0.011035881,0.05634794,13316.186,15609.819,3.9296e-05,-0.1010101,-0.82207751,-18.633112,-0.083239242,-14.417069,3264.3809,-0.057003692,-20.80941
1.3163407,-0.0097757168,-0.010786054,0.10841361,13319.665,15614.177,3.9312e-05,-0.1010101,-0.83000994,-18.633112,-0.083185993,-14.419052,3296.3406,-0.057145908,-20.781473
1.3168529,-0.0095618712,-0.010536159,0.16037863,13323.698,15618.435,3.9328e-05,-0.1010101,-0.83832669,-18.633112,-0.083132215,-14.421142,3329.8489,-0.056297496,-20.753311
1.3173507,-0.0093479464,-0.010286197,0.21224375,13328.694,15622.594,3.9344e-05,-0.1010101,-0.84651011,-18.633112,-0.083077915,-14.423338,3362.8198,-0.056486711,-20.724926
1.317834,-0.0091339666,-0.010036171,0.26400968,13334.811,15626.655,3.936e-05,-0.1010101,-0.85460651,-18.633112,-0.083023079,-14.425642,3395.4404,-0.05642201,-20.696316
1.3183028,-0.0089198789,-0.0097860815,0.3156772,13339.18,15630.617,3.9376e-05,-0.1010101,-0.86259621,-18.633112,-0.082967728,-14.428051,3427.6311,-0.05647511,-20.667482
1.3187569,-0.0087057268,-0.0095359292,0.3672471,13344.616,15634.48,3.9392e-05,-0.1010101,-0.87022847,-18.633112,-0.082911879,-14.430567,3458.3813,-0.056481827,-20.638428
1.3191965,-0.0084914779,-0.0092857173,0.41872013,13349.928,15638.245,3.9408e-05,-0.1010101,-0.87793434,-18.633112,-0.08285553,-14.433188,3489.4285,-0.055493638,-20.60915
1.3196214,-0.0082771601,-0.0090354467,0.47009712,13355.107,15641.911,3.9424e-05,-0.1010101,-0.8857398,-18.633112,-0.082798682,-14.435914,3520.8767,-0.055415511,-20.579649
1.3200318,-0.0080627408,-0.0087851193,0.52137893,13360.485,15645.479,3.944e-05,-0.1010101,-0.89353788,-18.633112,-0.082741335,-14.438745,3552.2952,-0.055063326,-20.549929
1.3204277,-0.0078482553,-0.008534736,0.57256633,13366.48,15648.946,3.9456e-05,-0.1010101,-0.90137964,-18.633112,-0.082683481,-14.441679,3583.8899,-0.055266578,-20.519985
1.3208089,-0.0076336595,-0.0082842987,0.62366027,13372.841,15652.315,3.9472e-05,-0.1010101,-0.90928215,-18.633112,-0.082625121,-14.444717,3615.7292,-0.054761194,-20.489822
1.3211756,-0.0074189832,-0.0080338093,0.67466152,13378.603,15655.586,3.9488e-05,-0.1010101,-0.91726863,-18.633112,-0.082566246,-14.447858,3647.9067,-0.054832608,-20.45944
1.321528,-0.0072041918,-0.0077832695,0.72557104,13385.09,15658.758,3.9504e-05,-0.1010101,-0.92510176,-18.633112,-0.082506865,-14.4511,3679.4663,-0.055350199,-20.428837
1.3218659,-0.0069893203,-0.0075326804,0.77638966,13392.342,15661.831,3.952e-05,-0.1010101,-0.9328239,-18.633112,-0.082446977,-14.454444,3710.5791,-0.054225288,-20.398014
1.3221897,-0.0067743198,-0.0072820433,0.82711834,13399.457,15664.805,3.9536e-05,-0.1010101,-0.94056273,-18.633112,-0.082386598,-14.457889,3741.7588,-0.053940855,-20.366974
1.3224994,-0.0065592225,-0.0070313606,0.87775797,13405.804,15667.68,3.9552e-05,-0.1010101,-0.94802922,-18.633112,-0.082325719,-14.461432,3771.8413,-0.053879209,-20.335714
1.322795,-0.0063440003,-0.0067806332,0.9283095,13412.307,15670.455,3.9568e-05,-0.1010101,-0.95556724,-18.633112,-0.082264364,-14.465075,3802.2119,-0.054316234,-20.304237
1.3230768,-0.006128693,-0.006529863,0.97877389,13418.7,15673.133,3.9584e-05,-0.1010101,-0.96347791,-18.633112,-0.082202509,-14.468816,3834.0842,-0.053821832,-20.272543
1.3233449,-0.005913265,-0.0062790518,1.029152,13424.84,15675.71,3.96e-05,-0.1010101,-0.97126228,-18.633112,-0.082140148,-14.472652,3865.4475,-0.053499557,-20.240633
1.3235996,-0.0056977547,-0.0060282005,1.079445,13431.15,15678.189,3.9616e-05,-0.1010101,-0.97898543,-18.633112,-0.082077287,-14.476586,3896.5642,-0.053494673,-20.208508
1.3238409,-0.005482127,-0.0057773115,1.1296538,13436.924,15680.569,3.9632e-05,-0.1010101,-0.98698461,-18.633112,-0.08201392,-14.480615,3928.7932,-0.052804954,-20.176165
1.324069,-0.0052664205,-0.0055263862,1.1797792,13442.363,15682.85,3.9648e-05,-0.1010101,-0.99475944,-18.633112,-0.081950046,-14.484736,3960.1179,-0.053724784,-20.143608
1.3242842,-0.0050506075,-0.0052754255,1.2298224,13447.517,15685.031,3.9664e-05,-0.1010101,-1.0022796,-18.633112,-0.081885681,-14.488952,3990.4165,-0.052755516,-20.110836
1.3244869,-0.0048347274,-0.0050244317,1.2797843,13451.98,15687.114,3.968e-05,-0.1010101,-1.0096747,-18.633112,-0.081820831,-14.493258,4020.2117,-0.052009642,-20.077852
1.324677,-0.0046187532,-0.0047734063,1.329666,13457.721,15689.098,3.9696e-05,-0.1010101,-1.0174007,-18.633112,-0.081755489,-14.497655,4051.3398,-0.05310709,-20.044653
1.324855,-0.0044027143,-0.0045223506,1.3794684,13462.161,15690.982,3.9712e-05,-0.1010101,-1.0251709,-18.633112,-0.081689656,-14.502141,4082.6458,-0.052747581,-20.011244
1.325021,-0.0041865772,-0.0042712661,1.4291927,13467.458,15692.768,3.9728e-05,-0.1010101,-1.0328373,-18.633112,-0.081623323,-14.506715,4113.5337,-0.053083286,-19.977621
1.3251755,-0.0039703795,-0.0040201549,1.4788399,13470.284,15694.454,3.9744e-05,-0.1010101,-1.0408928,-18.633112,-0.081556484,-14.511374,4145.9897,-0.052252572,-19.943787
1.3253187,-0.0037541008,-0.0037690182,1.5284108,13474.293,15696.041,3.976e-05,-0.1010101,-1.0487803,-18.633112,-0.081489123,-14.51612,4177.7686,-0.052146368,-19.909742
1.3254508,-0.0035377846,-0.0035178578,1.5779067,13476.879,15697.529,3.9776e-05,-0.1010101,-1.0567667,-18.633112,-0.081421264,-14.520949,4209.9458,-0.05203284,-19.875488
1.3255723,-0.0033213992,-0.0032666749,1.6273288,13479.671,15698.918,3.9792e-05,-0.1010101,-1.0645752,-18.633112,-0.081352882,-14.52586,4241.4062,-0.052100588,-19.841026
1.3256834,-0.003104988,-0.0030154716,1.6766777,13482.24,15700.208,3.9808e-05,-0.1010101,-1.0723648,-18.633112,-0.081284009,-14.530852,4272.7905,-0.051735587,-19.806355
1.3257843,-0.002888517,-0.0027642495,1.7259549,13485.104,15701.398,3.9824e-05,-0.1010101,-1.0803206,-18.633112,-0.081214622,-14.535923,4304.8442,-0.051565904,-19.771475
1.3258756,-0.0026720194,-0.0025130096,1.7751613,13488.149,15702.489,3.984e-05,-0.1010101,-1.0881985,-18.633112,-0.081144728,-14.541072,4336.585,-0.051827755,-19.736387
1.3259575,-0.0024554573,-0.0022617539,1.8242979,13490.675,15703.481,3.9856e-05,-0.1010101,-1.0962137,-18.633112,-0.08107432,-14.546297,4368.8779,-0.050209664,-19.701096
1.3260305,-0.0022388683,-0.0020104838,1.8733659,13491.722,15704.375,3.9872e-05,-0.1010101,-1.1042098,-18.633112,-0.08100339,-14.551596,4401.0942,-0.050827358,-19.665596
1.3260949,-0.0020222352,-0.0017592012,1.9223663,13491.031,15705.168,3.9888e-05,-0.1010101,-1.1122481,-18.633112,-0.080931954,-14.556968,4433.4805,-0.051016573,-19.629892
1.3261509,-0.0018056179,-0.0015079073,1.9713001,13489.095,15705.863,3.9904e-05,-0.1010101,-1.1197613,-18.633112,-0.080860011,-14.56241,4463.7515,-0.050310984,-19.593985
1.3261989,-0.0015890059,-0.001256604,2.0201688,13487.547,15706.458,3.992e-05,-0.1010101,-1.1273659,-18.633112,-0.080787577,-14.567923,4494.3906,-0.050412916,-19.557873
1.3262396,-0.0013724385,-0.0010052928,2.0689728,13485.42,15706.954,3.9936e-05,-0.1010101,-1.1352015,-18.633112,-0.08071465,-14.573502,4525.96,-0.049817804,-19.521559
1.326273,-0.0011558841,-0.00075397507,2.1177139,13483.025,15707.352,3.9952e-05,-0.1010101,-1.1431623,-18.633112,-0.080641218,-14.579145,4558.0342,-0.04995941,-19.485044
1.3262995,-0.0009393834,-0.00050265272,2.1663928,13478.271,15707.649,3.9968e-05,-0.1010101,-1.1509476,-18.633112,-0.080567271,-14.584853,4589.4014,-0.048968781,-19.448326
1.3263197,-0.00072292465,-0.00025132715,2.2150106,13475.236,15707.848,3.9984e-05,-0.1010101,-1.1588384,-18.633112,-0.080492824,-14.590623,4621.1934,-0.049319744,-19.411409
nan,nan,nan,nan,nan,nan,nan,nan,-1.1668668,-18.633112,-0.080417864,-14.596452,4653.5396,nan,-19.374292
nan,nan,nan,nan,nan,nan,nan,nan,-1.1744169,-18.633112,-0.080342397,-14.602339,4683.959,nan,-19.336977
nan,nan,nan,nan,nan,nan,nan,nan,-1.1823834,-18.633112,-0.080266431,-14.60828,4716.0566,nan,-19.299463
nan,nan,nan,nan,nan,nan,nan,nan,-1.19036,-18.633112,-0.080189951,-14.614276,4748.1938,nan,-19.261753
nan,nan,nan,nan,nan,nan,nan,nan,-1.198181,-18.633112,-0.080112964,-14.620322,4779.7051,nan,-19.223848
nan,nan,nan,nan,nan,nan,nan,nan,-1.2060987,-18.633112,-0.08003547,-14.626418,4811.6055,nan,-19.185745
nan,nan,nan,nan,nan,nan,nan,nan,-1.2140352,-18.633112,-0.079957463,-14.632561,4843.582,nan,-19.147449
nan,nan,nan,nan,nan,nan,nan,nan,-1.2222654,-18.633112,-0.079878941,-14.638748,4876.7412,nan,-19.108959
nan,nan,nan,nan,nan,nan,nan,nan,-1.2300813,-18.633112,-0.079799898,-14.644978,4908.2319,nan,-19.070278
nan,nan,nan,nan,nan,nan,nan,nan,-1.2376873,-18.633112,-0.079720356,-14.651248,4938.8765,nan,-19.031404
nan,nan,nan,nan,nan,nan,nan,nan,-1.2453257,-18.633112,-0.079640321,-14.657555,4969.6519,nan,-18.992338
nan,nan,nan,nan,nan,nan,nan,nan,-1.2527047,-18.633112,-0.079559803,-14.663898,4999.3818,nan,-18.953083
nan,nan,nan,nan,nan,nan,nan,nan,-1.2599572,-18.633112,-0.079478815,-14.670273,5028.6021,nan,-18.913639
nan,nan,nan,nan,nan,nan,nan,nan,-1.2674505,-18.633112,-0.079397351,-14.676679,5058.7925,nan,-18.874008
nan,nan,nan,nan,nan,nan,nan,nan,-1.2750101,-18.633112,-0.079315402,-14.683113,5089.2505,nan,-18.834188
nan,nan,nan,nan,nan,nan,nan,nan,-1.2827339,-18.633112,-0.079232961,-14.689572,5120.3691,nan,-18.794184
nan,nan,nan,nan,nan,nan,nan,nan,-1.2904985,-18.633112,-0.079150021,-14.696054,5151.6533,nan,-18.753992
nan,nan,nan,nan,nan,nan,nan,nan,-1.2983069,-18.633112,-0.079066582,-14.702557,5183.1133,nan,-18.713617
nan,nan,nan,nan,nan,nan,nan,nan,-1.3058988,-18.633112,-0.078982636,-14.709076,5213.7012,nan,-18.673059
nan,nan,nan,nan,nan,nan,nan,nan,-1.3131486,-18.633112,-0.078898221,-14.715611,5242.9106,nan,-18.632318
nan,nan,nan,nan,nan,nan,nan,nan,-1.3204695,-18.633112,-0.078813337,-14.722157,5272.4062,nan,-18.591396
nan,nan,nan,nan,nan,nan,nan,nan,-1.3278012,-18.633112,-0.078727975,-14.728715,5301.9463,nan,-18.550295
nan,nan,nan,nan,nan,nan,nan,nan,-1.3353816,-18.633112,-0.078642137,-14.735278,5332.4878,nan,-18.509014
nan,nan,nan,nan,nan,nan,nan,nan,-1.3430498,-18.633112,-0.078555807,-14.741845,5363.3828,nan,-18.467554
nan,nan,nan,nan,nan,nan,nan,nan,-1.3505751,-18.633112,-0.078468986,-14.748414,5393.7021,nan,-18.425917
nan,nan,nan,nan,nan,nan,nan,nan,-1.3578372,-18.633112,-0.078381687,-14.754982,5422.9614,nan,-18.384104
nan,nan,nan,nan,nan,nan,nan,nan,-1.3652536,-18.633112,-0.078293912,-14.761544,5452.8418,nan,-18.342115
nan,nan,nan,nan,nan,nan,nan,nan,-1.3725876,-18.633112,-0.078205667,-14.7681,5482.3906,nan,-18.299952
nan,nan,nan,nan,nan,nan,nan,nan,-1.3796825,-18.633112,-0.078116961,-14.774645,5510.9766,nan,-18.257616
nan,nan,nan,nan,nan,nan,nan,nan,-1.3867149,-18.633112,-0.078027792,-14.781177,5539.3101,nan,-18.215109
nan,nan,nan,nan,nan,nan,nan,nan,-1.3942789,-18.633112,-0.077938154,-14.787693,5569.7852,nan,-18.17243
nan,nan,nan,nan,nan,nan,nan,nan,-1.4019504,-18.633112,-0.077848025,-14.794189,5600.6934,nan,-18.129581
nan,nan,nan,nan,nan,nan,nan,nan,-1.4094948,-18.633112,-0.077757403,-14.800664,5631.0903,nan,-18.086563
nan,nan,nan,nan,nan,nan,nan,nan,-1.4170041,-18.633112,-0.077666305,-14.807114,5661.3452,nan,-18.043379
nan,nan,nan,nan,nan,nan,nan,nan,-1.4246967,-18.633112,-0.077574708,-14.813534,5692.3389,nan,-18.000027
nan,nan,nan,nan,nan,nan,nan,nan,-1.4318835,-18.633112,-0.077482633,-14.819924,5721.2944,nan,-17.956509
nan,nan,nan,nan,nan,nan,nan,nan,-1.4387921,-18.633112,-0.077390105,-14.82628,5749.1294,nan,-17.912827
nan,nan,nan,nan,nan,nan,nan,nan,-1.4457947,-18.633112,-0.077297129,-14.832597,5777.3428,nan,-17.868982
nan,nan,nan,nan,nan,nan,nan,nan,-1.4528633,-18.633112,-0.077203698,-14.838874,5805.8228,nan,-17.824976
nan,nan,nan,nan,nan,nan,nan,nan,-1.4608709,-18.633112,-0.077109784,-14.845107,5838.085,nan,-17.780807
nan,nan,nan,nan,nan,nan,nan,nan,-1.4685946,-18.633112,-0.077015363,-14.851293,5869.2036,nan,-17.736479
nan,nan,nan,nan,nan,nan,nan,nan,-1.4762896,-18.633112,-0.076920442,-14.857429,5900.207,nan,-17.691992
nan,nan,nan,nan,nan,nan,nan,nan,-1.4836777,-18.633112,-0.076825038,-14.863511,5929.9741,nan,-17.647348
nan,nan,nan,nan,nan,nan,nan,nan,-1.4907367,-18.633112,-0.076729164,-14.869536,5958.4146,nan,-17.602547
nan,nan,nan,nan,nan,nan,nan,nan,-1.497625,-18.633112,-0.076632842,-14.875502,5986.1675,nan,-17.55759
nan,nan,nan,nan,nan,nan,nan,nan,-1.5050186,-18.633112,-0.076536067,-14.881404,6015.9565,nan,-17.512482
nan,nan,nan,nan,nan,nan,nan,nan,-1.5124457,-18.633112,-0.076438807,-14.887239,6045.8804,nan,-17.467218
nan,nan,nan,nan,nan,nan,nan,nan,-1.5198139,-18.633112,-0.07634107,-14.893005,6075.5669,nan,-17.421803
nan,nan,nan,nan,nan,nan,nan,nan,-1.5271091,-18.633112,-0.076242857,-14.898698,6104.9595,nan,-17.376238
nan,nan,nan,nan,nan,nan,nan,nan,-1.534845,-18.633112,-0.076144166,-14.904313,6136.1274,nan,-17.330524
nan,nan,nan,nan,nan,nan,nan,nan,-1.5422747,-18.633112,-0.076044984,-14.909849,6166.0615,nan,-17.28466
nan,nan,nan,nan,nan,nan,nan,nan,-1.5494456,-18.633112,-0.075945333,-14.915302,6194.9531,nan,-17.238651
nan,nan,nan,nan,nan,nan,nan,nan,-1.5565289,-18.633112,-0.075845219,-14.920669,6223.4922,nan,-17.192495
nan,nan,nan,nan,nan,nan,nan,nan,-1.5634553,-18.633112,-0.075744659,-14.925944,6251.3984,nan,-17.146194
nan,nan,nan,nan,nan,nan,nan,nan,-1.5704719,-18.633112,-0.075643644,-14.931127,6279.6685,nan,-17.099752
nan,nan,nan,nan,nan,nan,nan,nan,-1.577795,-18.633112,-0.075542167,-14.936213,6309.1733,nan,-17.053165
nan,nan,nan,nan,nan,nan,nan,nan,-1.5849087,-18.633112,-0.075440228,-14.941198,6337.8345,nan,-17.006439
nan,nan,nan,nan,nan,nan,nan,nan,-1.5921706,-18.633112,-0.075337827,-14.94608,6367.0928,nan,-16.959574
nan,nan,nan,nan,nan,nan,nan,nan,-1.5993623,-18.633112,-0.075234957,-14.950855,6396.0679,nan,-16.912569
nan,nan,nan,nan,nan,nan,nan,nan,-1.6066176,-18.633112,-0.075131617,-14.95552,6425.2993,nan,-16.865427
nan,nan,nan,nan,nan,nan,nan,nan,-1.6140628,-18.633112,-0.075027809,-14.960071,6455.2969,nan,-16.81815
nan,nan,nan,nan,nan,nan,nan,nan,-1.6212729,-18.633112,-0.07492353,-14.964503,6484.3462,nan,-16.770737
nan,nan,nan,nan,nan,nan,nan,nan,-1.6284543,-18.633112,-0.074818783,-14.968816,6513.2803,nan,-16.72319
nan,nan,nan,nan,nan,nan,nan,nan,-1.635512,-18.633112,-0.07471358,-14.973004,6541.7153,nan,-16.675512
nan,nan,nan,nan,nan,nan,nan,nan,-1.6426986,-18.633112,-0.074607916,-14.977064,6570.6709,nan,-16.627703
nan,nan,nan,nan,nan,nan,nan,nan,-1.6499993,-18.633112,-0.074501783,-14.980993,6600.085,nan,-16.579765
nan,nan,nan,nan,nan,nan,nan,nan,-1.6574875,-18.633112,-0.07439518,-14.984788,6630.2549,nan,-16.531696
nan,nan,nan,nan,nan,nan,nan,nan,-1.6648937,-18.633112,-0.074288093,-14.988444,6660.0947,nan,-16.483503
nan,nan,nan,nan,nan,nan,nan,nan,-1.6723616,-18.633112,-0.074180521,-14.99196,6690.1831,nan,-16.435183
nan,nan,nan,nan,nan,nan,nan,nan,-1.6796488,-18.633112,-0.07407248,-14.995329,6719.543,nan,-16.386736
nan,nan,nan,nan,nan,nan,nan,nan,-1.6870964,-18.633112,-0.073963962,-14.99855,6749.5493,nan,-16.338167
nan,nan,nan,nan,nan,nan,nan,nan,-1.6941175,-18.633112,-0.073854983,-15.00162,6777.8379,nan,-16.289476
nan,nan,nan,nan,nan,nan,nan,nan,-1.7012582,-18.633112,-0.073745541,-15.004534,6806.6074,nan,-16.240665
nan,nan,nan,nan,nan,nan,nan,nan,-1.7084312,-18.633112,-0.073635638,-15.00729,6835.5078,nan,-16.191734
nan,nan,nan,nan,nan,nan,nan,nan,-1.71533,-18.633112,-0.073525287,-15.009883,6863.3027,nan,-16.142685
nan,nan,nan,nan,nan,nan,nan,nan,-1.7223055,-18.633112,-0.073414482,-15.01231,6891.4077,nan,-16.093517
nan,nan,nan,nan,nan,nan,nan,nan,-1.7292832,-18.633112,-0.07330323,-15.014568,6919.521,nan,-16.044235
nan,nan,nan,nan,nan,nan,nan,nan,-1.7363185,-18.633112,-0.073191524,-15.016654,6947.8657,nan,-15.994839
nan,nan,nan,nan,nan,nan,nan,nan,-1.7433223,-18.633112,-0.07307937,-15.018563,6976.084,nan,-15.945329
nan,nan,nan,nan,nan,nan,nan,nan,-1.7504833,-18.633112,-0.072966754,-15.020293,7004.9355,nan,-15.895707
nan,nan,nan,nan,nan,nan,nan,nan,-1.7579138,-18.633112,-0.072853677,-15.021841,7034.8735,nan,-15.845975
nan,nan,nan,nan,nan,nan,nan,nan,-1.7649632,-18.633112,-0.072740123,-15.023202,7063.2754,nan,-15.796133
nan,nan,nan,nan,nan,nan,nan,nan,-1.772258,-18.633112,-0.072626114,-15.024374,7092.6665,nan,-15.746182
nan,nan,nan,nan,nan,nan,nan,nan,-1.7792728,-18.633112,-0.072511643,-15.025352,7120.9287,nan,-15.696126
nan,nan,nan,nan,nan,nan,nan,nan,-1.7858529,-18.633112,-0.072396725,-15.026135,7147.4404,nan,-15.645964
nan,nan,nan,nan,nan,nan,nan,nan,-1.7923218,-18.633112,-0.072281398,-15.026718,7173.5034,nan,-15.595697
nan,nan,nan,nan,nan,nan,nan,nan,-1.7991515,-18.633112,-0.072165638,-15.027099,7201.0205,nan,-15.545328
nan,nan,nan,nan,nan,nan,nan,nan,-1.8062376,-18.633112,-0.072049424,-15.027272,7229.5708,nan,-15.494858
nan,nan,nan,nan,nan,nan,nan,nan,-1.8136743,-18.633112,-0.071932748,-15.027236,7259.5332,nan,-15.444286
nan,nan,nan,nan,nan,nan,nan,nan,-1.8209944,-18.633112,-0.071815595,-15.026987,7289.0259,nan,-15.393616
nan,nan,nan,nan,nan,nan,nan,nan,-1.8278472,-18.633112,-0.071697988,-15.026523,7316.6357,nan,-15.342848
nan,nan,nan,nan,nan,nan,nan,nan,-1.8346038,-18.633112,-0.071579941,-15.025838,7343.8579,nan,-15.291984
nan,nan,nan,nan,nan,nan,nan,nan,-1.8412026,-18.633112,-0.071461461,-15.024931,7370.4448,nan,-15.241024
nan,nan,nan,nan,nan,nan,nan,nan,-1.847906,-18.633112,-0.07134255,-15.023798,7397.4526,nan,-15.189971
nan,nan,nan,nan,nan,nan,nan,nan,-1.8547902,-18.633112,-0.071223207,-15.022437,7425.1895,nan,-15.138825
nan,nan,nan,nan,nan,nan,nan,nan,-1.8615161,-18.633112,-0.071103424,-15.020843,7452.2881,nan,-15.087588
nan,nan,nan,nan,nan,nan,nan,nan,-1.8683091,-18.633112,-0.070983201,-15.019013,7479.6577,nan,-15.036261
nan,nan,nan,nan,nan,nan,nan,nan,-1.8752394,-18.633112,-0.070862539,-15.016945,7507.5796,nan,-14.984845
nan,nan,nan,nan,nan,nan,nan,nan,-1.8818792,-18.633112,-0.070741437,-15.014636,7534.3315,nan,-14.933341
nan,nan,nan,nan,nan,nan,nan,nan,-1.8886479,-18.633112,-0.070619911,-15.012081,7561.6025,nan,-14.881752
nan,nan,nan,nan,nan,nan,nan,nan,-1.8952212,-18.633112,-0.070497945,-15.009279,7588.0864,nan,-14.830077
nan,nan,nan,nan,nan,nan,nan,nan,-1.9020053,-18.633112,-0.070375554,-15.006227,7615.4194,nan,-14.778319
nan,nan,nan,nan,nan,nan,nan,nan,-1.9085462,-18.633112,-0.070252731,-15.002919,7641.7729,nan,-14.72648
nan,nan,nan,nan,nan,nan,nan,nan,-1.9152828,-18.633112,-0.070129484,-14.999355,7668.9146,nan,-14.674558
nan,nan,nan,nan,nan,nan,nan,nan,-1.9224648,-18.633112,-0.070005782,-14.995532,7697.8511,nan,-14.622557
nan,nan,nan,nan,nan,nan,nan,nan,-1.9293152,-18.633112,-0.069881633,-14.991446,7725.4512,nan,-14.570477
nan,nan,nan,nan,nan,nan,nan,nan,-1.9360291,-18.633112,-0.069757044,-14.987093,7752.5015,nan,-14.51832
nan,nan,nan,nan,nan,nan,nan,nan,-1.9428467,-18.633112,-0.069632024,-14.982472,7779.9697,nan,-14.466087
nan,nan,nan,nan,nan,nan,nan,nan,-1.9496639,-18.633112,-0.069506556,-14.97758,7807.4365,nan,-14.413779
nan,nan,nan,nan,nan,nan,nan,nan,-1.9563075,-18.633112,-0.069380656,-14.972414,7834.2036,nan,-14.361399
nan,nan,nan,nan,nan,nan,nan,nan,-1.9630179,-18.633112,-0.069254331,-14.966969,7861.2397,nan,-14.308945
nan,nan,nan,nan,nan,nan,nan,nan,-1.9693825,-18.633112,-0.069127582,-14.961246,7886.8828,nan,-14.256421
nan,nan,nan,nan,nan,nan,nan,nan,-1.9760514,-18.633112,-0.069000416,-14.95524,7913.752,nan,-14.203827
nan,nan,nan,nan,nan,nan,nan,nan,-1.9829141,-18.633112,-0.068872809,-14.948949,7941.4019,nan,-14.151165
nan,nan,nan,nan,nan,nan,nan,nan,-1.9897866,-18.633112,-0.068744756,-14.942369,7969.0908,nan,-14.098435
nan,nan,nan,nan,nan,nan,nan,nan,-1.9968953,-18.633112,-0.068616256,-14.935498,7997.7319,nan,-14.04564
nan,nan,nan,nan,nan,nan,nan,nan,-2.0039926,-18.633112,-0.068487301,-14.928335,8026.3271,nan,-13.99278
nan,nan,nan,nan,nan,nan,nan,nan,-2.0106142,-18.633112,-0.068357907,-14.920876,8053.0054,nan,-13.939856
nan,nan,nan,nan,nan,nan,nan,nan,-2.0171933,-18.633112,-0.068228081,-14.913117,8079.5132,nan,-13.88687
nan,nan,nan,nan,nan,nan,nan,nan,-2.0233181,-18.633112,-0.068097845,-14.905059,8104.1895,nan,-13.833823
nan,nan,nan,nan,nan,nan,nan,nan,-2.0297208,-18.633112,-0.067967206,-14.896696,8129.9868,nan,-13.780716
nan,nan,nan,nan,nan,nan,nan,nan,-2.0361903,-18.633112,-0.067836158,-14.888028,8156.0518,nan,-13.727551
nan,nan,nan,nan,nan,nan,nan,nan,-2.0431609,-18.633112,-0.06770467,-14.879052,8184.1372,nan,-13.674328
nan,nan,nan,nan,nan,nan,nan,nan,-2.0497241,-18.633112,-0.067572743,-14.869765,8210.5801,nan,-13.621049
nan,nan,nan,nan,nan,nan,nan,nan,-2.0561059,-18.633112,-0.067440405,-14.860165,8236.292,nan,-13.567716
nan,nan,nan,nan,nan,nan,nan,nan,-2.0626976,-18.633112,-0.067307651,-14.850249,8262.8506,nan,-13.514328
nan,nan,nan,nan,nan,nan,nan,nan,-2.069375,-18.633112,-0.067174464,-14.840016,8289.7529,nan,-13.460888
nan,nan,nan,nan,nan,nan,nan,nan,-2.0762553,-18.633112,-0.067040838,-14.829464,8317.4736,nan,-13.407396
nan,nan,nan,nan,nan,nan,nan,nan,-2.0831437,-18.633112,-0.066906773,-14.818589,8345.2275,nan,-13.353854
nan,nan,nan,nan,nan,nan,nan,nan,-2.0897496,-18.633112,-0.066772275,-14.807391,8371.8428,nan,-13.300263
nan,nan,nan,nan,nan,nan,nan,nan,-2.0963423,-18.633112,-0.066637345,-14.795866,8398.4053,nan,-13.246625
nan,nan,nan,nan,nan,nan,nan,nan,-2.1028135,-18.633112,-0.066501997,-14.784013,8424.4775,nan,-13.19294
nan,nan,nan,nan,nan,nan,nan,nan,-2.1095171,-18.633112,-0.066366225,-14.771831,8451.4863,nan,-13.139209
nan,nan,nan,nan,nan,nan,nan,nan,-2.1157463,-18.633112,-0.066230036,-14.759315,8476.584,nan,-13.085434
nan,nan,nan,nan,nan,nan,nan,nan,-2.1220963,-18.633112,-0.066093445,-14.746465,8502.168,nan,-13.031615
nan,nan,nan,nan,nan,nan,nan,nan,-2.1285655,-18.633112,-0.065956436,-14.733279,8528.2324,nan,-12.977756
nan,nan,nan,nan,nan,nan,nan,nan,-2.1350513,-18.633112,-0.06581901,-14.719756,8554.3633,nan,-12.923854
nan,nan,nan,nan,nan,nan,nan,nan,-2.1416955,-18.633112,-0.065681167,-14.705894,8581.1328,nan,-12.869913
nan,nan,nan,nan,nan,nan,nan,nan,-2.1481688,-18.633112,-0.065542892,-14.691689,8607.2148,nan,-12.815934
nan,nan,nan,nan,nan,nan,nan,nan,-2.1544724,-18.633112,-0.065404207,-14.677141,8632.6113,nan,-12.761917
nan,nan,nan,nan,nan,nan,nan,nan,-2.1611321,-18.633112,-0.065265112,-14.662249,8659.4443,nan,-12.707864
nan,nan,nan,nan,nan,nan,nan,nan,-2.1676116,-18.633112,-0.065125585,-14.647009,8685.5498,nan,-12.653774
nan,nan,nan,nan,nan,nan,nan,nan,-2.1738958,-18.633112,-0.064985648,-14.631422,8710.8682,nan,-12.599652
nan,nan,nan,nan,nan,nan,nan,nan,-2.1802413,-18.633112,-0.064845309,-14.615485,8736.4355,nan,-12.545496
nan,nan,nan,nan,nan,nan,nan,nan,-2.1863749,-18.633112,-0.06470456,-14.599197,8761.1475,nan,-12.491308
nan,nan,nan,nan,nan,nan,nan,nan,-2.1927288,-18.633112,-0.064563416,-14.582558,8786.7461,nan,-12.43709
nan,nan,nan,nan,nan,nan,nan,nan,-2.1992075,-18.633112,-0.064421855,-14.565563,8812.8496,nan,-12.382841
nan,nan,nan,nan,nan,nan,nan,nan,-2.2055151,-18.633112,-0.064279877,-14.548214,8838.2637,nan,-12.328564
nan,nan,nan,nan,nan,nan,nan,nan,-2.211921,-18.633112,-0.064137496,-14.530508,8864.0723,nan,-12.27426
nan,nan,nan,nan,nan,nan,nan,nan,-2.2183375,-18.633112,-0.063994698,-14.512444,8889.9248,nan,-12.219928
nan,nan,nan,nan,nan,nan,nan,nan,-2.2243559,-18.633112,-0.063851506,-14.494021,8914.1729,nan,-12.165571
nan,nan,nan,nan,nan,nan,nan,nan,-2.2303805,-18.633112,-0.063707918,-14.475239,8938.4463,nan,-12.11119
nan,nan,nan,nan,nan,nan,nan,nan,-2.2364545,-18.633112,-0.063563943,-14.456094,8962.918,nan,-12.056785
nan,nan,nan,nan,nan,nan,nan,nan,-2.2426772,-18.633112,-0.063419573,-14.436587,8987.9893,nan,-12.002357
nan,nan,nan,nan,nan,nan,nan,nan,-2.248806,-18.633112,-0.063274801,-14.416717,9012.6826,nan,-11.947908
nan,nan,nan,nan,nan,nan,nan,nan,-2.2546904,-18.633112,-0.063129641,-14.396482,9036.3906,nan,-11.893439
nan,nan,nan,nan,nan,nan,nan,nan,-2.2607896,-18.633112,-0.062984101,-14.375882,9060.9648,nan,-11.838951
nan,nan,nan,nan,nan,nan,nan,nan,-2.2667143,-18.633112,-0.062838167,-14.354917,9084.835,nan,-11.784445
nan,nan,nan,nan,nan,nan,nan,nan,-2.2726326,-18.633112,-0.062691852,-14.333583,9108.6807,nan,-11.72992
nan,nan,nan,nan,nan,nan,nan,nan,-2.2785182,-18.633112,-0.062545165,-14.311882,9132.3936,nan,-11.67538
nan,nan,nan,nan,nan,nan,nan,nan,-2.2846463,-18.633112,-0.062398084,-14.289813,9157.083,nan,-11.620824
nan,nan,nan,nan,nan,nan,nan,nan,-2.2908556,-18.633112,-0.062250607,-14.267375,9182.1006,nan,-11.566254
nan,nan,nan,nan,nan,nan,nan,nan,-2.2972488,-18.633112,-0.06210272,-14.244566,9207.8594,nan,-11.51167
nan,nan,nan,nan,nan,nan,nan,nan,-2.3038228,-18.633112,-0.06195442,-14.221388,9234.3457,nan,-11.457073
nan,nan,nan,nan,nan,nan,nan,nan,-2.3100255,-18.633112,-0.061805706,-14.197838,9259.3359,nan,-11.402466
nan,nan,nan,nan,nan,nan,nan,nan,-2.3165901,-18.633112,-0.061656579,-14.173917,9285.7852,nan,-11.347847
nan,nan,nan,nan,nan,nan,nan,nan,-2.3224239,-18.633112,-0.061507054,-14.149624,9309.29,nan,-11.29322
nan,nan,nan,nan,nan,nan,nan,nan,-2.3280725,-18.633112,-0.061357159,-14.124959,9332.0488,nan,-11.238583
nan,nan,nan,nan,nan,nan,nan,nan,-2.3339942,-18.633112,-0.061206892,-14.099921,9355.9062,nan,-11.183938
nan,nan,nan,nan,nan,nan,nan,nan,-2.3397965,-18.633112,-0.061056245,-14.074511,9379.2842,nan,-11.129287
nan,nan,nan,nan,nan,nan,nan,nan,-2.3459485,-18.633112,-0.060905214,-14.048728,9404.0703,nan,-11.074629
nan,nan,nan,nan,nan,nan,nan,nan,-2.3520939,-18.633112,-0.060753785,-14.022571,9428.8301,nan,-11.019966
nan,nan,nan,nan,nan,nan,nan,nan,-2.3580627,-18.633112,-0.060601968,-13.996041,9452.8789,nan,-10.965299
nan,nan,nan,nan,nan,nan,nan,nan,-2.3640003,-18.633112,-0.060449768,-13.969138,9476.8008,nan,-10.910628
nan,nan,nan,nan,nan,nan,nan,nan,-2.3700683,-18.633112,-0.060297176,-13.941861,9501.25,nan,-10.855956
nan,nan,nan,nan,nan,nan,nan,nan,-2.3762856,-18.633112,-0.060144193,-13.91421,9526.2988,nan,-10.801281
nan,nan,nan,nan,nan,nan,nan,nan,-2.3825366,-18.633112,-0.059990805,-13.886188,9551.4854,nan,-10.746606
nan,nan,nan,nan,nan,nan,nan,nan,-2.3883166,-18.633112,-0.059837032,-13.857791,9574.7715,nan,-10.691931
nan,nan,nan,nan,nan,nan,nan,nan,-2.3940351,-18.633112,-0.059682887,-13.829021,9597.8115,nan,-10.637257
nan,nan,nan,nan,nan,nan,nan,nan,-2.3997421,-18.633112,-0.059528373,-13.799878,9620.8047,nan,-10.582583
nan,nan,nan,nan,nan,nan,nan,nan,-2.4057271,-18.633112,-0.059373483,-13.770363,9644.9189,nan,-10.527914
nan,nan,nan,nan,nan,nan,nan,nan,-2.4116197,-18.633112,-0.059218209,-13.740476,9668.6602,nan,-10.473247
nan,nan,nan,nan,nan,nan,nan,nan,-2.4172781,-18.612982,-0.059062563,-13.710217,9691.458,nan,-10.418585
nan,nan,nan,nan,nan,nan,nan,nan,-2.4228342,-18.61628,-0.058906559,-13.679586,9713.8438,nan,-10.363927
nan,nan,nan,nan,nan,nan,nan,nan,-2.428607,-18.594046,-0.058750186,-13.648585,9737.1025,nan,-10.309275
nan,nan,nan,nan,nan,nan,nan,nan,-2.4343836,-18.593477,-0.058593441,-13.617213,9760.377,nan,-10.254629
nan,nan,nan,nan,nan,nan,nan,nan,-2.4401772,-18.571869,-0.058436323,-13.585472,9783.7188,nan,-10.199991
nan,nan,nan,nan,nan,nan,nan,nan,-2.4458454,-18.449209,-0.058278836,-13.553361,9806.5557,nan,-10.145361
nan,nan,nan,nan,nan,nan,nan,nan,-2.4515057,-18.433571,-0.058120985,-13.520882,9829.3613,nan,-10.090739
nan,nan,nan,nan,nan,nan,nan,nan,-2.4575064,-18.338095,-0.057962757,-13.488034,9853.5381,nan,-10.036127
nan,nan,nan,nan,nan,nan,nan,nan,-2.4633517,-18.242332,-0.057804149,-13.45482,9877.0889,nan,-9.9815254
nan,nan,nan,nan,nan,nan,nan,nan,-2.469095,-18.255299,-0.057645164,-13.42124,9900.2285,nan,-9.9269342
nan,nan,nan,nan,nan,nan,nan,nan,-2.4747372,-18.17108,-0.057485815,-13.387294,9922.9609,nan,-9.8723545
nan,nan,nan,nan,nan,nan,nan,nan,-2.4805908,-18.175117,-0.057326097,-13.352983,9946.5459,nan,-9.8177881
nan,nan,nan,nan,nan,nan,nan,nan,-2.4860606,-18.023172,-0.05716601,-13.31831,9968.583,nan,-9.7632341
nan,nan,nan,nan,nan,nan,nan,nan,-2.4914291,-17.986097,-0.057005577,-13.283273,9990.2129,nan,-9.7086935
nan,nan,nan,nan,nan,nan,nan,nan,-2.4967251,-17.925194,-0.056844797,-13.247875,10011.551,nan,-9.6541681
nan,nan,nan,nan,nan,nan,nan,nan,-2.50228,-17.886581,-0.056683667,-13.212117,10033.932,nan,-9.5996571
nan,nan,nan,nan,nan,nan,nan,nan,-2.507735,-17.762331,-0.056522187,-13.176,10055.91,nan,-9.5451622
nan,nan,nan,nan,nan,nan,nan,nan,-2.5131774,-17.790821,-0.056360349,-13.139524,10077.837,nan,-9.4906836
nan,nan,nan,nan,nan,nan,nan,nan,-2.5184996,-17.70484,-0.056198169,-13.102693,10099.281,nan,-9.4362221
nan,nan,nan,nan,nan,nan,nan,nan,-2.5242636,-17.629721,-0.05603563,-13.065505,10122.504,nan,-9.3817778
nan,nan,nan,nan,nan,nan,nan,nan,-2.5299218,-17.581841,-0.055872723,-13.027964,10145.301,nan,-9.3273525
nan,nan,nan,nan,nan,nan,nan,nan,-2.5353026,-17.550449,-0.055709463,-12.990069,10166.98,nan,-9.2729454
nan,nan,nan,nan,nan,nan,nan,nan,-2.5408146,-17.424322,-0.055545848,-12.951824,10189.188,nan,-9.2185583
nan,nan,nan,nan,nan,nan,nan,nan,-2.5463057,-17.404989,-0.055381879,-12.913229,10211.312,nan,-9.1641903
nan,nan,nan,nan,nan,nan,nan,nan,-2.5515556,-17.322079,-0.055217564,-12.874285,10232.464,nan,-9.1098442
nan,nan,nan,nan,nan,nan,nan,nan,-2.5571344,-17.302517,-0.055052899,-12.834994,10254.94,nan,-9.0555182
nan,nan,nan,nan,nan,nan,nan,nan,-2.5627279,-17.122026,-0.054887876,-12.795359,10277.478,nan,-9.001215
nan,nan,nan,nan,nan,nan,nan,nan,-2.5686328,-17.069937,-0.054722484,-12.755379,10301.268,nan,-8.9469337
nan,nan,nan,nan,nan,nan,nan,nan,-2.5740883,-17.031553,-0.054556724,-12.715058,10323.248,nan,-8.8926754
nan,nan,nan,nan,nan,nan,nan,nan,-2.5795515,-17.014208,-0.054390609,-12.674397,10345.259,nan,-8.8384409
nan,nan,nan,nan,nan,nan,nan,nan,-2.585254,-16.897577,-0.054224137,-12.633397,10368.234,nan,-8.7842293
nan,nan,nan,nan,nan,nan,nan,nan,-2.5909779,-16.957798,-0.054057296,-12.592061,10391.296,nan,-8.7300434
nan,nan,nan,nan,nan,nan,nan,nan,-2.5962505,-16.825985,-0.053890102,-12.550389,10412.54,nan,-8.6758823
nan,nan,nan,nan,nan,nan,nan,nan,-2.6014414,-16.752514,-0.053722568,-12.508386,10433.454,nan,-8.6217461
nan,nan,nan,nan,nan,nan,nan,nan,-2.6063967,-16.697639,-0.05355471,-12.466051,10453.418,nan,-8.5676365
nan,nan,nan,nan,nan,nan,nan,nan,-2.61166,-16.638783,-0.053386521,-12.423388,10474.625,nan,-8.5135536
nan,nan,nan,nan,nan,nan,nan,nan,-2.6169002,-16.600683,-0.053217992,-12.380398,10495.737,nan,-8.4594975
nan,nan,nan,nan,nan,nan,nan,nan,-2.622201,-16.507481,-0.053049125,-12.337082,10517.095,nan,-8.4054689
nan,nan,nan,nan,nan,nan,nan,nan,-2.6275787,-16.476376,-0.052879915,-12.293445,10538.761,nan,-8.3514681
nan,nan,nan,nan,nan,nan,nan,nan,-2.6328449,-16.359404,-0.052710362,-12.249486,10559.979,nan,-8.2974958
nan,nan,nan,nan,nan,nan,nan,nan,-2.6381152,-16.335974,-0.052540466,-12.205209,10581.213,nan,-8.2435522
nan,nan,nan,nan,nan,nan,nan,nan,-2.6433742,-16.333643,-0.052370232,-12.160615,10602.401,nan,-8.1896372
nan,nan,nan,nan,nan,nan,nan,nan,-2.6486511,-16.221903,-0.052199662,-12.115708,10623.662,nan,-8.1357527
nan,nan,nan,nan,nan,nan,nan,nan,-2.6537204,-16.139675,-0.052028753,-12.070489,10644.086,nan,-8.0818987
nan,nan,nan,nan,nan,nan,nan,nan,-2.6587355,-16.027933,-0.051857524,-12.024961,10664.292,nan,-8.0280752
nan,nan,nan,nan,nan,nan,nan,nan,-2.6635809,-15.989834,-0.051685974,-11.979125,10683.814,nan,-7.9742818
nan,nan,nan,nan,nan,nan,nan,nan,-2.6685526,-15.852901,-0.051514108,-11.932984,10703.845,nan,-7.9205203
nan,nan,nan,nan,nan,nan,nan,nan,-2.6735971,-15.946104,-0.051341917,-11.886541,10724.17,nan,-7.8667903
nan,nan,nan,nan,nan,nan,nan,nan,-2.6784842,-15.753103,-0.05116941,-11.839799,10743.859,nan,-7.8130927
nan,nan,nan,nan,nan,nan,nan,nan,-2.6834133,-15.800017,-0.050996587,-11.792759,10763.72,nan,-7.7594275
nan,nan,nan,nan,nan,nan,nan,nan,-2.6885743,-15.727513,-0.050823435,-11.745424,10784.513,nan,-7.7057953
nan,nan,nan,nan,nan,nan,nan,nan,-2.693821,-15.689357,-0.050649948,-11.697798,10805.651,nan,-7.6521959
nan,nan,nan,nan,nan,nan,nan,nan,-2.69924,-15.59496,-0.050476119,-11.64988,10827.485,nan,-7.5986304
nan,nan,nan,nan,nan,nan,nan,nan,-2.7043824,-15.506364,-0.05030195,-11.601677,10848.204,nan,-7.5450983
nan,nan,nan,nan,nan,nan,nan,nan,-2.7095618,-15.476851,-0.050127447,-11.553188,10869.071,nan,-7.491601
nan,nan,nan,nan,nan,nan,nan,nan,-2.7146025,-15.435965,-0.049952615,-11.504417,10889.38,nan,-7.438138
nan,nan,nan,nan,nan,nan,nan,nan,-2.719907,-15.323711,-0.049777448,-11.455368,10910.753,nan,-7.3847098
nan,nan,nan,nan,nan,nan,nan,nan,-2.7250338,-15.317059,-0.049601946,-11.406042,10931.408,nan,-7.3313165
nan,nan,nan,nan,nan,nan,nan,nan,-2.7301605,-15.217203,-0.049426116,-11.356442,10952.063,nan,-7.2779589
nan,nan,nan,nan,nan,nan,nan,nan,-2.735188,-15.131108,-0.049249955,-11.306572,10972.32,nan,-7.224637
nan,nan,nan,nan,nan,nan,nan,nan,-2.7400537,-15.128208,-0.049073476,-11.256433,10991.924,nan,-7.1713514
nan,nan,nan,nan,nan,nan,nan,nan,-2.7447877,-15.082887,-0.048896689,-11.20603,11010.997,nan,-7.1181016
nan,nan,nan,nan,nan,nan,nan,nan,-2.7495077,-14.980187,-0.048719596,-11.155363,11030.014,nan,-7.0648885
nan,nan,nan,nan,nan,nan,nan,nan,-2.7543986,-14.925141,-0.048542194,-11.104437,11049.72,nan,-7.0117126
nan,nan,nan,nan,nan,nan,nan,nan,-2.7592542,-14.916896,-0.048364479,-11.053254,11069.283,nan,-6.9585733
nan,nan,nan,nan,nan,nan,nan,nan,-2.7641382,-14.797194,-0.048186447,-11.001818,11088.961,nan,-6.9054718
nan,nan,nan,nan,nan,nan,nan,nan,-2.7690983,-14.766829,-0.048008099,-10.95013,11108.944,nan,-6.8524075
nan,nan,nan,nan,nan,nan,nan,nan,-2.7742746,-14.674308,-0.047829427,-10.898195,11129.801,nan,-6.7993808
nan,nan,nan,nan,nan,nan,nan,nan,-2.7789931,-14.60243,-0.047650434,-10.846016,11148.811,nan,-6.7463927
nan,nan,nan,nan,nan,nan,nan,nan,-2.7839632,-14.573088,-0.047471128,-10.793594,11168.836,nan,-6.6934423
nan,nan,nan,nan,nan,nan,nan,nan,-2.7887135,-14.526344,-0.04729151,-10.740933,11187.975,nan,-6.6405306
nan,nan,nan,nan,nan,nan,nan,nan,-2.7934096,-14.415058,-0.047111586,-10.688037,11206.896,nan,-6.5876575
nan,nan,nan,nan,nan,nan,nan,nan,-2.7981689,-14.415627,-0.046931356,-10.634908,11226.071,nan,-6.5348234
nan,nan,nan,nan,nan,nan,nan,nan,-2.8025432,-14.288077,-0.046750836,-10.58155,11243.694,nan,-6.482028
nan,nan,nan,nan,nan,nan,nan,nan,-2.8068597,-14.306729,-0.046570033,-10.527965,11261.086,nan,-6.4292717
nan,nan,nan,nan,nan,nan,nan,nan,-2.8117464,-14.150122,-0.046388932,-10.474156,11280.774,nan,-6.376555
nan,nan,nan,nan,nan,nan,nan,nan,-2.8163676,-14.182649,-0.046207525,-10.420127,11299.394,nan,-6.3238778
nan,nan,nan,nan,nan,nan,nan,nan,-2.8211455,-14.105027,-0.046025816,-10.365881,11318.644,nan,-6.2712407
nan,nan,nan,nan,nan,nan,nan,nan,-2.825608,-14.077106,-0.04584381,-10.311421,11336.623,nan,-6.2186427
nan,nan,nan,nan,nan,nan,nan,nan,-2.830364,-13.936649,-0.045661509,-10.256751,11355.785,nan,-6.1660852
nan,nan,nan,nan,nan,nan,nan,nan,-2.8351576,-13.981516,-0.045478895,-10.201873,11375.098,nan,-6.1135678
nan,nan,nan,nan,nan,nan,nan,nan,-2.8394477,-13.847996,-0.045295991,-10.146791,11392.383,nan,-6.0610905
nan,nan,nan,nan,nan,nan,nan,nan,-2.8433616,-13.753428,-0.045112822,-10.091507,11408.152,nan,-6.0086536
nan,nan,nan,nan,nan,nan,nan,nan,-2.8475363,-13.791073,-0.044929393,-10.036026,11424.973,nan,-5.9562573
nan,nan,nan,nan,nan,nan,nan,nan,-2.8520434,-13.677855,-0.044745684,-9.9803495,11443.132,nan,-5.9039021
nan,nan,nan,nan,nan,nan,nan,nan,-2.8563509,-13.600404,-0.044561692,-9.9244823,11460.486,nan,-5.8515873
nan,nan,nan,nan,nan,nan,nan,nan,-2.8608742,-13.586472,-0.044377413,-9.8684263,11478.71,nan,-5.7993131
nan,nan,nan,nan,nan,nan,nan,nan,-2.86536,-13.478825,-0.044192843,-9.8121862,11496.784,nan,-5.7470798
nan,nan,nan,nan,nan,nan,nan,nan,-2.869637,-13.427816,-0.044007994,-9.755764,11514.017,nan,-5.6948881
nan,nan,nan,nan,nan,nan,nan,nan,-2.873769,-13.389148,-0.043822873,-9.6991634,11530.665,nan,-5.6427369
nan,nan,nan,nan,nan,nan,nan,nan,-2.8778462,-13.34866,-0.043637484,-9.6423874,11547.092,nan,-5.5906272
nan,nan,nan,nan,nan,nan,nan,nan,-2.8819232,-13.245051,-0.043451834,-9.5854406,11563.518,nan,-5.538559
nan,nan,nan,nan,nan,nan,nan,nan,-2.8861847,-13.237146,-0.043265916,-9.5283251,11580.688,nan,-5.4865317
nan,nan,nan,nan,nan,nan,nan,nan,-2.890342,-13.089694,-0.04307973,-9.4710445,11597.438,nan,-5.4345465
nan,nan,nan,nan,nan,nan,nan,nan,-2.8945127,-13.067574,-0.042893272,-9.4136019,11614.24,nan,-5.3826022
nan,nan,nan,nan,nan,nan,nan,nan,-2.8988516,-13.048581,-0.042706538,-9.3560009,11631.722,nan,-5.3306994
nan,nan,nan,nan,nan,nan,nan,nan,-2.9033108,-12.992057,-0.042519525,-9.2982445,11649.688,nan,-5.2788382
nan,nan,nan,nan,nan,nan,nan,nan,-2.9076512,-12.936214,-0.042332225,-9.2403364,11667.176,nan,-5.2270188
nan,nan,nan,nan,nan,nan,nan,nan,-2.9118922,-12.838463,-0.042144649,-9.1822796,11684.263,nan,-5.175241
nan,nan,nan,nan,nan,nan,nan,nan,-2.9162898,-12.83107,-0.041956794,-9.1240778,11701.98,nan,-5.1235051
nan,nan,nan,nan,nan,nan,nan,nan,-2.9206185,-12.809348,-0.041768659,-9.0657339,11719.421,nan,-5.0718107
nan,nan,nan,nan,nan,nan,nan,nan,-2.9249115,-12.671449,-0.041580245,-9.0072517,11736.718,nan,-5.0201578
nan,nan,nan,nan,nan,nan,nan,nan,-2.9290087,-12.588539,-0.041391559,-8.9486341,11753.226,nan,-4.9685469
nan,nan,nan,nan,nan,nan,nan,nan,-2.9332106,-12.562778,-0.041202608,-8.8898849,11770.155,nan,-4.9169779
nan,nan,nan,nan,nan,nan,nan,nan,-2.93752,-12.512908,-0.041013382,-8.831007,11787.518,nan,-4.8654504
nan,nan,nan,nan,nan,nan,nan,nan,-2.9417305,-12.415668,-0.040823884,-8.7720032,11804.481,nan,-4.8139648
nan,nan,nan,nan,nan,nan,nan,nan,-2.9461195,-12.338786,-0.040634103,-8.7128782,11822.165,nan,-4.7625208
nan,nan,nan,nan,nan,nan,nan,nan,-2.9502907,-12.279532,-0.04044405,-8.6536341,11838.971,nan,-4.7111187
nan,nan,nan,nan,nan,nan,nan,nan,-2.9541948,-12.231423,-0.040253736,-8.5942745,11854.7,nan,-4.6597586
nan,nan,nan,nan,nan,nan,nan,nan,-2.9580817,-12.267021,-0.040063173,-8.5348034,11870.36,nan,-4.6084399
nan,nan,nan,nan,nan,nan,nan,nan,-2.9619005,-12.136401,-0.039872359,-8.4752226,11885.746,nan,-4.5571628
nan,nan,nan,nan,nan,nan,nan,nan,-2.965996,-12.182633,-0.039681289,-8.4155369,11902.248,nan,-4.5059276
nan,nan,nan,nan,nan,nan,nan,nan,-2.9701161,-11.945788,-0.039489958,-8.3557491,11918.848,nan,-4.4547343
nan,nan,nan,nan,nan,nan,nan,nan,-2.9743552,-11.938282,-0.039298356,-8.2958622,11935.927,nan,-4.4035821
nan,nan,nan,nan,nan,nan,nan,nan,-2.978338,-11.888297,-0.039106488,-8.2358789,11951.973,nan,-4.3524723
nan,nan,nan,nan,nan,nan,nan,nan,-2.9825251,-11.867656,-0.038914356,-8.1758041,11968.844,nan,-4.3014035
nan,nan,nan,nan,nan,nan,nan,nan,-2.9865129,-11.818239,-0.038721964,-8.1156397,11984.91,nan,-4.2503762
nan,nan,nan,nan,nan,nan,nan,nan,-2.9901607,-11.776273,-0.038529322,-8.0553894,11999.606,nan,-4.1993904
nan,nan,nan,nan,nan,nan,nan,nan,-2.9935749,-11.65549,-0.038336452,-7.9950557,12013.363,nan,-4.1484466
nan,nan,nan,nan,nan,nan,nan,nan,-2.9972889,-11.635473,-0.038143355,-7.9346428,12028.327,nan,-4.0975437
nan,nan,nan,nan,nan,nan,nan,nan,-3.0010402,-11.53829,-0.037950017,-7.8741536,12043.441,nan,-4.0466819
nan,nan,nan,nan,nan,nan,nan,nan,-3.0049536,-11.483813,-0.037756432,-7.813591,12059.208,nan,-3.9958618
nan,nan,nan,nan,nan,nan,nan,nan,-3.0084851,-11.479036,-0.037562605,-7.7529583,12073.437,nan,-3.9450827
nan,nan,nan,nan,nan,nan,nan,nan,-3.0122368,-11.422683,-0.037368547,-7.6922588,12088.553,nan,-3.8943448
nan,nan,nan,nan,nan,nan,nan,nan,-3.016083,-11.339205,-0.03717424,-7.6314955,12104.048,nan,-3.843648
nan,nan,nan,nan,nan,nan,nan,nan,-3.020154,-11.272217,-0.036979679,-7.5706716,12120.45,nan,-3.7929924
nan,nan,nan,nan,nan,nan,nan,nan,-3.0239208,-11.210575,-0.036784865,-7.5097899,12135.627,nan,-3.7423773
nan,nan,nan,nan,nan,nan,nan,nan,-3.0277126,-11.157861,-0.036589809,-7.448854,12150.904,nan,-3.6918035
nan,nan,nan,nan,nan,nan,nan,nan,-3.0311723,-11.076998,-0.036394518,-7.387867,12164.844,nan,-3.6412702
nan,nan,nan,nan,nan,nan,nan,nan,-3.0342898,-11.046632,-0.036199018,-7.3268313,12177.404,nan,-3.5907776
nan,nan,nan,nan,nan,nan,nan,nan,-3.0379906,-10.999035,-0.036003295,-7.2657499,12192.314,nan,-3.5403256
nan,nan,nan,nan,nan,nan,nan,nan,-3.0414567,-10.951324,-0.035807341,-7.204627,12206.279,nan,-3.4899142
nan,nan,nan,nan,nan,nan,nan,nan,-3.0450737,-10.916523,-0.03561116,-7.1434641,12220.853,nan,-3.4395432
nan,nan,nan,nan,nan,nan,nan,nan,-3.0491154,-10.866652,-0.035414733,-7.0822654,12237.136,nan,-3.3892126
nan,nan,nan,nan,nan,nan,nan,nan,-3.0528617,-10.817065,-0.035218053,-7.0210333,12252.23,nan,-3.3389223
nan,nan,nan,nan,nan,nan,nan,nan,-3.0563762,-10.747292,-0.035021137,-6.9597707,12266.39,nan,-3.288672
nan,nan,nan,nan,nan,nan,nan,nan,-3.0597682,-10.644195,-0.034824003,-6.8984804,12280.057,nan,-3.2384617
nan,nan,nan,nan,nan,nan,nan,nan,-3.0628386,-10.594039,-0.034626659,-6.8371658,12292.427,nan,-3.1882915
nan,nan,nan,nan,nan,nan,nan,nan,-3.0659409,-10.547125,-0.034429114,-6.7758293,12304.927,nan,-3.1381612
nan,nan,nan,nan,nan,nan,nan,nan,-3.0695326,-10.447042,-0.034231357,-6.7144737,12319.397,nan,-3.0880706
nan,nan,nan,nan,nan,nan,nan,nan,-3.0729182,-10.421282,-0.034033373,-6.6531024,12333.037,nan,-3.0380194
nan,nan,nan,nan,nan,nan,nan,nan,-3.076488,-10.298566,-0.033835165,-6.5917177,12347.421,nan,-2.988008
nan,nan,nan,nan,nan,nan,nan,nan,-3.0800154,-10.338088,-0.033636726,-6.530323,12361.633,nan,-2.938036
nan,nan,nan,nan,nan,nan,nan,nan,-3.0836775,-10.2976,-0.03343806,-6.4689202,12376.388,nan,-2.8881032
nan,nan,nan,nan,nan,nan,nan,nan,-3.0870721,-10.150374,-0.033239163,-6.4075122,12390.064,nan,-2.8382099
nan,nan,nan,nan,nan,nan,nan,nan,-3.0908403,-10.196379,-0.033040036,-6.3461022,12405.247,nan,-2.7883554
nan,nan,nan,nan,nan,nan,nan,nan,-3.0937555,-9.9922886,-0.032840695,-6.2846928,12416.991,nan,-2.7385399
nan,nan,nan,nan,nan,nan,nan,nan,-3.0967035,-10.037951,-0.032641161,-6.2232866,12428.869,nan,-2.6887634
nan,nan,nan,nan,nan,nan,nan,nan,-3.0996158,-10.005367,-0.032441441,-6.1618857,12440.604,nan,-2.6390254
nan,nan,nan,nan,nan,nan,nan,nan,-3.1028478,-9.8570061,-0.032241523,-6.1004934,12453.624,nan,-2.5893261
nan,nan,nan,nan,nan,nan,nan,nan,-3.1059299,-9.8704824,-0.032041401,-6.0391116,12466.042,nan,-2.5396655
nan,nan,nan,nan,nan,nan,nan,nan,-3.1093371,-9.8528547,-0.031841073,-5.9777436,12479.77,nan,-2.4900432
nan,nan,nan,nan,nan,nan,nan,nan,-3.1126077,-9.7550459,-0.031640526,-5.9163918,12492.947,nan,-2.440459
nan,nan,nan,nan,nan,nan,nan,nan,-3.1159947,-9.6683264,-0.031439766,-5.8550582,12506.594,nan,-2.3909132
nan,nan,nan,nan,nan,nan,nan,nan,-3.1191282,-9.6182842,-0.031238794,-5.7937455,12519.219,nan,-2.3414052
nan,nan,nan,nan,nan,nan,nan,nan,-3.1221309,-9.5721664,-0.031037625,-5.7324562,12531.316,nan,-2.2919352
nan,nan,nan,nan,nan,nan,nan,nan,-3.1251509,-9.5353746,-0.030836262,-5.6711926,12543.484,nan,-2.2425029
nan,nan,nan,nan,nan,nan,nan,nan,-3.1281767,-9.4337559,-0.030634705,-5.6099572,12555.675,nan,-2.1931083
nan,nan,nan,nan,nan,nan,nan,nan,-3.131321,-9.4228945,-0.030432947,-5.5487523,12568.343,nan,-2.1437511
nan,nan,nan,nan,nan,nan,nan,nan,-3.1344976,-9.3220148,-0.030230988,-5.4875803,12581.143,nan,-2.0944314
nan,nan,nan,nan,nan,nan,nan,nan,-3.1377873,-9.3405533,-0.030028818,-5.4264431,12594.396,nan,-2.0451491
nan,nan,nan,nan,nan,nan,nan,nan,-3.1410892,-9.2890329,-0.029826438,-5.3653436,12607.699,nan,-1.9959037
nan,nan,nan,nan,nan,nan,nan,nan,-3.1439781,-9.2133455,-0.029623857,-5.3042836,12619.339,nan,-1.9466954
nan,nan,nan,nan,nan,nan,nan,nan,-3.1469653,-9.1496563,-0.029421087,-5.2432656,12631.374,nan,-1.897524
nan,nan,nan,nan,nan,nan,nan,nan,-3.1497653,-9.0141459,-0.02921813,-5.1822915,12642.655,nan,-1.8483894
nan,nan,nan,nan,nan,nan,nan,nan,-3.1525927,-9.023756,-0.029014992,-5.1213632,12654.048,nan,-1.7992913
nan,nan,nan,nan,nan,nan,nan,nan,-3.1554272,-8.9720078,-0.028811671,-5.060483,12665.467,nan,-1.7502298
nan,nan,nan,nan,nan,nan,nan,nan,-3.1582847,-8.8814211,-0.028608168,-4.9996533,12676.98,nan,-1.7012047
nan,nan,nan,nan,nan,nan,nan,nan,-3.1611276,-8.895524,-0.02840448,-4.9388762,12688.435,nan,-1.6522157
nan,nan,nan,nan,nan,nan,nan,nan,-3.164191,-8.8190966,-0.028200602,-4.8781528,12700.776,nan,-1.6032629
nan,nan,nan,nan,nan,nan,nan,nan,-3.1670027,-8.6630583,-0.027996534,-4.8174858,12712.105,nan,-1.5543462
nan,nan,nan,nan,nan,nan,nan,nan,-3.1697001,-8.6286545,-0.02779229,-4.7568774,12722.974,nan,-1.5054653
nan,nan,nan,nan,nan,nan,nan,nan,-3.1723638,-8.5750875,-0.027587872,-4.6963286,12733.705,nan,-1.4566201
nan,nan,nan,nan,nan,nan,nan,nan,-3.1751759,-8.6076145,-0.027383277,-4.6358423,12745.035,nan,-1.4078104
nan,nan,nan,nan,nan,nan,nan,nan,-3.1778009,-8.5705376,-0.027178507,-4.5754194,12755.61,nan,-1.3590364
nan,nan,nan,nan,nan,nan,nan,nan,-3.1805782,-8.4938259,-0.026973564,-4.5150623,12766.801,nan,-1.3102977
nan,nan,nan,nan,nan,nan,nan,nan,-3.1830969,-8.4221754,-0.02676845,-4.4547725,12776.949,nan,-1.2615942
nan,nan,nan,nan,nan,nan,nan,nan,-3.1855834,-8.2926359,-0.026563173,-4.3945518,12786.967,nan,-1.2129259
nan,nan,nan,nan,nan,nan,nan,nan,-3.1880701,-8.3259029,-0.026357736,-4.3344016,12796.985,nan,-1.1642925
nan,nan,nan,nan,nan,nan,nan,nan,-3.1905341,-8.2955933,-0.026152141,-4.2743244,12806.914,nan,-1.115694
nan,nan,nan,nan,nan,nan,nan,nan,-3.1935112,-8.2126837,-0.025946371,-4.2143211,12818.908,nan,-1.0671303
nan,nan,nan,nan,nan,nan,nan,nan,-3.1958137,-8.0817223,-0.02574043,-4.1543937,12828.185,nan,-1.0186012
nan,nan,nan,nan,nan,nan,nan,nan,-3.1983106,-8.097929,-0.025534334,-4.0945435,12838.245,nan,-0.97010654
nan,nan,nan,nan,nan,nan,nan,nan,-3.2008491,-8.0039873,-0.025328076,-4.0347719,12848.473,nan,-0.9216463
nan,nan,nan,nan,nan,nan,nan,nan,-3.2031403,-7.9788523,-0.025121661,-3.9750805,12857.703,nan,-0.87322032
nan,nan,nan,nan,nan,nan,nan,nan,-3.205503,-7.905951,-0.024915097,-3.9154711,12867.224,nan,-0.82482857
nan,nan,nan,nan,nan,nan,nan,nan,-3.2076831,-7.8613687,-0.024708388,-3.8559449,12876.007,nan,-0.77647078
nan,nan,nan,nan,nan,nan,nan,nan,-3.2100222,-7.8199701,-0.024501532,-3.7965033,12885.432,nan,-0.72814691
nan,nan,nan,nan,nan,nan,nan,nan,-3.2126122,-7.7509923,-0.024294516,-3.7371476,12895.866,nan,-0.67985684
nan,nan,nan,nan,nan,nan,nan,nan,-3.2150974,-7.6750202,-0.024087338,-3.6778791,12905.88,nan,-0.6316005
nan,nan,nan,nan,nan,nan,nan,nan,-3.2174346,-7.6392517,-0.023880005,-3.6186993,12915.296,nan,-0.58337772
nan,nan,nan,nan,nan,nan,nan,nan,-3.220022,-7.5623698,-0.023672512,-3.5596092,12925.72,nan,-0.53518838
nan,nan,nan,nan,nan,nan,nan,nan,-3.2224796,-7.549973,-0.023464857,-3.5006099,12935.622,nan,-0.48703244
nan,nan,nan,nan,nan,nan,nan,nan,-3.2250638,-7.522109,-0.023257039,-3.4417028,12946.033,nan,-0.43890974
nan,nan,nan,nan,nan,nan,nan,nan,-3.2273362,-7.4271436,-0.023049066,-3.3828893,12955.189,nan,-0.39082018
nan,nan,nan,nan,nan,nan,nan,nan,-3.229495,-7.322113,-0.022840949,-3.3241701,12963.887,nan,-0.34276363
nan,nan,nan,nan,nan,nan,nan,nan,-3.2314191,-7.2543292,-0.022632699,-3.2655463,12971.64,nan,-0.29474005
nan,nan,nan,nan,nan,nan,nan,nan,-3.2337532,-7.2195277,-0.022424314,-3.2070191,12981.044,nan,-0.24674928
nan,nan,nan,nan,nan,nan,nan,nan,-3.23581,-7.1773334,-0.022215785,-3.1485896,12989.331,nan,-0.19879124
nan,nan,nan,nan,nan,nan,nan,nan,-3.2384501,-7.1790962,-0.022007108,-3.0902586,12999.968,nan,-0.15086582
nan,nan,nan,nan,nan,nan,nan,nan,-3.2404695,-7.0429034,-0.021798277,-3.0320268,13008.104,nan,-0.10297294
nan,nan,nan,nan,nan,nan,nan,nan,-3.242867,-7.0223751,-0.021589307,-2.9738955,13017.764,nan,-0.055112485
nan,nan,nan,nan,nan,nan,nan,nan,-3.2451065,-6.9473128,-0.021380186,-2.9158654,13026.786,nan,-0.0072843703
nan,nan,nan,nan,nan,nan,nan,nan,-3.2474706,-6.9574347,-0.021170916,-2.8579376,13036.312,nan,0.040511504
nan,nan,nan,nan,nan,nan,nan,nan,-3.2502041,-6.8683834,-0.020961484,-2.8001122,13047.324,nan,0.088275224
nan,nan,nan,nan,nan,nan,nan,nan,-3.2527695,-6.8160105,-0.020751879,-2.7423909,13057.66,nan,0.13600689
nan,nan,nan,nan,nan,nan,nan,nan,-3.255116,-6.7908187,-0.020542117,-2.6847737,13067.114,nan,0.18370658
nan,nan,nan,nan,nan,nan,nan,nan,-3.2572122,-6.6890864,-0.02033221,-2.6272614,13075.561,nan,0.23137438
nan,nan,nan,nan,nan,nan,nan,nan,-3.2596896,-6.6421723,-0.020122157,-2.569855,13085.541,nan,0.27901039
nan,nan,nan,nan,nan,nan,nan,nan,-3.2620993,-6.6186304,-0.019911947,-2.5125549,13095.25,nan,0.32661468
nan,nan,nan,nan,nan,nan,nan,nan,-3.2645595,-6.5606842,-0.01970158,-2.4553616,13105.162,nan,0.37418735
nan,nan,nan,nan,nan,nan,nan,nan,-3.2667143,-6.5228119,-0.019491062,-2.3982759,13113.845,nan,0.42172843
nan,nan,nan,nan,nan,nan,nan,nan,-3.2688982,-6.4679937,-0.019280406,-2.3412981,13122.644,nan,0.46923807
nan,nan,nan,nan,nan,nan,nan,nan,-3.2709894,-6.4641266,-0.019069612,-2.2844288,13131.068,nan,0.5167163
nan,nan,nan,nan,nan,nan,nan,nan,-3.2730803,-6.3241239,-0.018858682,-2.2276685,13139.493,nan,0.56416321
nan,nan,nan,nan,nan,nan,nan,nan,-3.2751501,-6.2512221,-0.01864762,-2.1710176,13147.832,nan,0.61157888
nan,nan,nan,nan,nan,nan,nan,nan,-3.2769716,-6.235641,-0.018436432,-2.1144767,13155.171,nan,0.65896332
nan,nan,nan,nan,nan,nan,nan,nan,-3.2786641,-6.2102222,-0.01822513,-2.0580456,13161.99,nan,0.70631671
nan,nan,nan,nan,nan,nan,nan,nan,-3.2804289,-6.1228771,-0.018013716,-2.0017252,13169.101,nan,0.75363898
nan,nan,nan,nan,nan,nan,nan,nan,-3.2822857,-6.0663528,-0.017802186,-1.9455155,13176.582,nan,0.80093032
nan,nan,nan,nan,nan,nan,nan,nan,-3.284152,-5.9840117,-0.017590538,-1.8894168,13184.102,nan,0.84819072
nan,nan,nan,nan,nan,nan,nan,nan,-3.2860503,-5.9108825,-0.017378766,-1.8334295,13191.749,nan,0.89542031
nan,nan,nan,nan,nan,nan,nan,nan,-3.2874565,-5.9889588,-0.017166888,-1.7775536,13197.415,nan,0.94261903
nan,nan,nan,nan,nan,nan,nan,nan,-3.2890415,-5.8934245,-0.016954914,-1.7217892,13203.801,nan,0.98978704
nan,nan,nan,nan,nan,nan,nan,nan,-3.2909141,-5.8001084,-0.016742827,-1.6661369,13211.345,nan,1.0369244
nan,nan,nan,nan,nan,nan,nan,nan,-3.2924831,-5.7096925,-0.016530631,-1.6105963,13217.666,nan,1.0840311
nan,nan,nan,nan,nan,nan,nan,nan,-3.2940464,-5.6564093,-0.016318334,-1.5551678,13223.965,nan,1.1311072
nan,nan,nan,nan,nan,nan,nan,nan,-3.2956383,-5.6513486,-0.016105935,-1.4998513,13230.38,nan,1.1781528
nan,nan,nan,nan,nan,nan,nan,nan,-3.297214,-5.6121678,-0.015893433,-1.444647,13236.728,nan,1.2251679
nan,nan,nan,nan,nan,nan,nan,nan,-3.2983539,-5.5390959,-0.015680844,-1.3895546,13241.32,nan,1.2721525
nan,nan,nan,nan,nan,nan,nan,nan,-3.299675,-5.43543,-0.015468176,-1.3345743,13246.644,nan,1.3191067
nan,nan,nan,nan,nan,nan,nan,nan,-3.3008261,-5.3697505,-0.015255429,-1.279706,13251.28,nan,1.3660306
nan,nan,nan,nan,nan,nan,nan,nan,-3.3022892,-5.3497338,-0.015042596,-1.2249495,13257.176,nan,1.4129242
nan,nan,nan,nan,nan,nan,nan,nan,-3.3036523,-5.3029337,-0.014829674,-1.1703048,13262.668,nan,1.4597875
nan,nan,nan,nan,nan,nan,nan,nan,-3.3048136,-5.3056064,-0.014616669,-1.1157718,13267.347,nan,1.5066205
nan,nan,nan,nan,nan,nan,nan,nan,-3.3060248,-5.1577559,-0.014403588,-1.0613501,13272.227,nan,1.5534233
nan,nan,nan,nan,nan,nan,nan,nan,-3.3070509,-5.1124344,-0.014190434,-1.0070397,13276.361,nan,1.6001959
nan,nan,nan,nan,nan,nan,nan,nan,-3.3080804,-5.1219878,-0.013977216,-0.95284021,13280.509,nan,1.6469383
nan,nan,nan,nan,nan,nan,nan,nan,-3.3091142,-5.0685339,-0.01376393,-0.8987515,13284.674,nan,1.6936507
nan,nan,nan,nan,nan,nan,nan,nan,-3.3099563,-4.9918227,-0.013550583,-0.84477329,13288.066,nan,1.7403328
nan,nan,nan,nan,nan,nan,nan,nan,-3.3110397,-4.9748197,-0.013337174,-0.79090524,13292.432,nan,1.786985
nan,nan,nan,nan,nan,nan,nan,nan,-3.3116238,-4.8994732,-0.013123713,-0.73714697,13294.785,nan,1.8336071
nan,nan,nan,nan,nan,nan,nan,nan,-3.3123767,-4.8340206,-0.012910208,-0.6834982,13297.818,nan,1.8801991
nan,nan,nan,nan,nan,nan,nan,nan,-3.3131206,-4.8144021,-0.012696654,-0.62995851,13300.815,nan,1.926761
nan,nan,nan,nan,nan,nan,nan,nan,-3.313921,-4.6600695,-0.012483051,-0.57652748,13304.04,nan,1.9732929
nan,nan,nan,nan,nan,nan,nan,nan,-3.3146501,-4.623107,-0.012269398,-0.52320468,13306.978,nan,2.0197947
nan,nan,nan,nan,nan,nan,nan,nan,-3.3152831,-4.5942192,-0.012055702,-0.46998972,13309.527,nan,2.0662668
nan,nan,nan,nan,nan,nan,nan,nan,-3.3156164,-4.6395979,-0.011841974,-0.41688204,13310.871,nan,2.1127086
nan,nan,nan,nan,nan,nan,nan,nan,-3.3162301,-4.5094895,-0.011628216,-0.36388117,13313.344,nan,2.1591206
nan,nan,nan,nan,nan,nan,nan,nan,-3.3166072,-4.4617224,-0.011414425,-0.31098658,13314.863,nan,2.2055025
nan,nan,nan,nan,nan,nan,nan,nan,-3.3169296,-4.3467975,-0.011200613,-0.25819772,13316.162,nan,2.2518544
nan,nan,nan,nan,nan,nan,nan,nan,-3.3172724,-4.3568625,-0.010986779,-0.20551406,13317.543,nan,2.2981763
nan,nan,nan,nan,nan,nan,nan,nan,-3.3172584,-4.241312,-0.010772934,-0.15293498,13317.486,nan,2.3444684
nan,nan,nan,nan,nan,nan,nan,nan,-3.3169565,-4.2299957,-0.0105591,-0.10045987,13316.271,nan,2.3907304
nan,nan,nan,nan,nan,nan,nan,nan,-3.3162978,-4.1544213,-0.010345296,-0.048088126,13313.616,nan,2.4369621
nan,nan,nan,nan,nan,nan,nan,nan,-3.3159699,-4.1619844,-0.010131525,0.0041809236,13312.295,nan,2.4831641
nan,nan,nan,nan,nan,nan,nan,nan,-3.3163297,-4.0904479,-0.0099177519,0.05634794,13313.745,nan,2.529336
nan,nan,nan,nan,nan,nan,nan,nan,-3.3175154,-4.0707154,-0.0097039295,0.10841361,13318.521,nan,2.5754778
nan,nan,nan,nan,nan,nan,nan,nan,-3.3188376,-3.9523215,-0.0094900262,0.16037863,13323.85,nan,2.6215897
nan,nan,nan,nan,nan,nan,nan,nan,-3.3200707,-3.909843,-0.0092760399,0.21224375,13328.818,nan,2.6676714
nan,nan,nan,nan,nan,nan,nan,nan,-3.3209126,-3.9321911,-0.0090619875,0.26400968,13332.21,nan,2.7137232
nan,nan,nan,nan,nan,nan,nan,nan,-3.3219616,-3.8937502,-0.0088478737,0.3156772,13336.437,nan,2.7597446
nan,nan,nan,nan,nan,nan,nan,nan,-3.3228085,-3.8298333,-0.0086336993,0.3672471,13339.848,nan,2.8057361
nan,nan,nan,nan,nan,nan,nan,nan,-3.3239532,-3.7046723,-0.0084194606,0.41872013,13344.46,nan,2.8516972
nan,nan,nan,nan,nan,nan,nan,nan,-3.3249764,-3.7044449,-0.0082051512,0.47009712,13348.583,nan,2.8976283
nan,nan,nan,nan,nan,nan,nan,nan,-3.3260539,-3.63342,-0.0079907747,0.52137893,13352.924,nan,2.9435291
nan,nan,nan,nan,nan,nan,nan,nan,-3.3272531,-3.5059843,-0.0077763251,0.57256633,13357.755,nan,2.9893997
nan,nan,nan,nan,nan,nan,nan,nan,-3.3292866,-3.5337348,-0.0075617712,0.62366027,13365.948,nan,3.0352399
nan,nan,nan,nan,nan,nan,nan,nan,-3.3310504,-3.5022881,-0.0073470948,0.67466152,13373.056,nan,3.0810499
nan,nan,nan,nan,nan,nan,nan,nan,-3.3330812,-3.4521897,-0.007132296,0.72557104,13381.237,nan,3.1268296
nan,nan,nan,nan,nan,nan,nan,nan,-3.3349044,-3.3853726,-0.0069173728,0.77638966,13388.583,nan,3.1725788
nan,nan,nan,nan,nan,nan,nan,nan,-3.3361957,-3.3049648,-0.0067023495,0.82711834,13393.785,nan,3.2182977
nan,nan,nan,nan,nan,nan,nan,nan,-3.3373809,-3.2885308,-0.0064872466,0.87775797,13398.561,nan,3.2639859
nan,nan,nan,nan,nan,nan,nan,nan,-3.3391252,-3.2159705,-0.0062720487,0.9283095,13405.588,nan,3.3096437
nan,nan,nan,nan,nan,nan,nan,nan,-3.3406937,-3.1268623,-0.0060567446,0.97877389,13411.907,nan,3.3552711
nan,nan,nan,nan,nan,nan,nan,nan,-3.3419805,-3.0847816,-0.0058413479,1.029152,13417.092,nan,3.4008677
nan,nan,nan,nan,nan,nan,nan,nan,-3.3435886,-3.0619786,-0.0056258584,1.079445,13423.571,nan,3.4464335
nan,nan,nan,nan,nan,nan,nan,nan,-3.3450778,-2.9392061,-0.0054102689,1.1296538,13429.57,nan,3.4919689
nan,nan,nan,nan,nan,nan,nan,nan,-3.346633,-2.9224308,-0.0051945811,1.1797792,13435.837,nan,3.5374734
nan,nan,nan,nan,nan,nan,nan,nan,-3.3480632,-2.8722186,-0.0049787969,1.2298224,13441.6,nan,3.582947
nan,nan,nan,nan,nan,nan,nan,nan,-3.3495045,-2.8112018,-0.0047629206,1.2797843,13447.406,nan,3.6283898
nan,nan,nan,nan,nan,nan,nan,nan,-3.3508265,-2.8190494,-0.0045469552,1.329666,13452.732,nan,3.6738019
nan,nan,nan,nan,nan,nan,nan,nan,-3.352319,-2.7874322,-0.0043308986,1.3794684,13458.746,nan,3.7191827
nan,nan,nan,nan,nan,nan,nan,nan,-3.3535435,-2.7668469,-0.004114755,1.4291927,13463.681,nan,3.7645326
nan,nan,nan,nan,nan,nan,nan,nan,-3.3543749,-2.7060008,-0.0038985449,1.4788399,13467.029,nan,3.8098514
nan,nan,nan,nan,nan,nan,nan,nan,-3.3551657,-2.5525777,-0.0036822825,1.5284108,13470.216,nan,3.8551388
nan,nan,nan,nan,nan,nan,nan,nan,-3.3555646,-2.6265597,-0.0034659817,1.5779067,13471.822,nan,3.9003952
nan,nan,nan,nan,nan,nan,nan,nan,-3.3563988,-2.4808702,-0.0032496413,1.6273288,13475.184,nan,3.9456203
nan,nan,nan,nan,nan,nan,nan,nan,-3.3571949,-2.4393017,-0.0030332482,1.6766777,13478.391,nan,3.990814
nan,nan,nan,nan,nan,nan,nan,nan,-3.3578227,-2.4065471,-0.0028168093,1.7259549,13480.921,nan,4.0359759
nan,nan,nan,nan,nan,nan,nan,nan,-3.3584902,-2.319088,-0.0026003288,1.7751613,13483.609,nan,4.0811067
nan,nan,nan,nan,nan,nan,nan,nan,-3.3586986,-2.3495679,-0.0023838198,1.8242979,13484.45,nan,4.1262059
nan,nan,nan,nan,nan,nan,nan,nan,-3.3589876,-2.1250062,-0.0021672947,1.8733659,13485.614,nan,4.1712737
nan,nan,nan,nan,nan,nan,nan,nan,-3.3592057,-2.1634471,-0.0019507535,1.9223663,13486.493,nan,4.2163091
nan,nan,nan,nan,nan,nan,nan,nan,-3.3590751,-2.1128368,-0.0017342095,1.9713001,13485.967,nan,4.261313
nan,nan,nan,nan,nan,nan,nan,nan,-3.3583944,-2.0789452,-0.0015176915,2.0201688,13483.224,nan,4.3062854
nan,nan,nan,nan,nan,nan,nan,nan,-3.3577619,-2.0216248,-0.0013012158,2.0689728,13480.675,nan,4.3512254
nan,nan,nan,nan,nan,nan,nan,nan,-3.3569441,-1.9677162,-0.001084787,2.1177139,13477.381,nan,4.3961334
nan,nan,nan,nan,nan,nan,nan,nan,-3.3563077,-1.915002,-0.00086840498,2.1663928,13474.816,nan,4.441009
nan,nan,nan,nan,nan,nan,nan,nan,-3.3553243,-1.8979423,-0.00065207522,2.2150106,13470.854,nan,4.4858527
nan,nan,nan,nan,nan,nan,nan,nan,-3.354629,-1.8906066,-0.00043579951,2.2635686,13468.053,nan,4.5306644
nan,nan,nan,nan,nan,nan,nan,nan,-3.3536479,-1.7587925,-0.00021957785,2.3120677,13464.101,nan,4.5754433
nan,nan,nan,nan,nan,nan,nan,nan,-3.352983,-1.71802,-3.4092357e-06,2.3605092,13461.422,nan,4.6201901
nan,nan,nan,nan,nan,nan,nan,nan,-3.3523409,-1.7209201,0.00021271725,2.4088938,13458.835,nan,4.6649041
nan,nan,nan,nan,nan,nan,nan,nan,-3.3520658,-1.6008202,0.00042881415,2.4572229,13457.727,nan,4.7095852
nan,nan,nan,nan,nan,nan,nan,nan,-3.35252,-1.586092,0.00064491684,2.5054977,13459.556,nan,4.7542338
nan,nan,nan,nan,nan,nan,nan,nan,-3.3526804,-1.6269214,0.00086103933,2.5537188,13460.202,nan,4.7988496
nan,nan,nan,nan,nan,nan,nan,nan,-3.3526385,-1.5661891,0.0010771657,2.6018877,13460.034,nan,4.8434324
nan,nan,nan,nan,nan,nan,nan,nan,-3.3524151,-1.4321003,0.0012932834,2.6500053,13459.133,nan,4.8879824
nan,nan,nan,nan,nan,nan,nan,nan,-3.3522365,-1.3217813,0.0015093882,2.6980729,13458.414,nan,4.9324994
nan,nan,nan,nan,nan,nan,nan,nan,-3.3519979,-1.3478256,0.0017254796,2.7460914,13457.452,nan,4.9769831
nan,nan,nan,nan,nan,nan,nan,nan,-3.3517549,-1.2409185,0.0019415554,2.7940617,13456.474,nan,5.0214334
nan,nan,nan,nan,nan,nan,nan,nan,-3.3514886,-1.1788783,0.0021576148,2.8419852,13455.401,nan,5.0658503
nan,nan,nan,nan,nan,nan,nan,nan,-3.3514621,-1.0848228,0.0023736649,2.8898625,13455.294,nan,5.1102338
nan,nan,nan,nan,nan,nan,nan,nan,-3.3510962,-1.1019393,0.0025897021,2.9376953,13453.819,nan,5.1545835
nan,nan,nan,nan,nan,nan,nan,nan,-3.3511608,-1.0337007,0.0028057299,2.9854841,13454.08,nan,5.1988997
nan,nan,nan,nan,nan,nan,nan,nan,-3.3514478,-1.0011168,0.0030217688,3.0332301,13455.236,nan,5.2431817
nan,nan,nan,nan,nan,nan,nan,nan,-3.3516743,-1.001003,0.0032378242,3.0809345,13456.149,nan,5.2874303
nan,nan,nan,nan,nan,nan,nan,nan,-3.3513558,-0.88567984,0.0034538768,3.1285982,13454.865,nan,5.331645
nan,nan,nan,nan,nan,nan,nan,nan,-3.3512661,-0.8592943,0.0036699162,3.1762221,13454.504,nan,5.3758254
nan,nan,nan,nan,nan,nan,nan,nan,-3.3508918,-0.78275335,0.0038859406,3.2238073,13452.996,nan,5.4199715
nan,nan,nan,nan,nan,nan,nan,nan,-3.3505416,-0.73691976,0.0041019418,3.2713549,13451.585,nan,5.4640832
nan,nan,nan,nan,nan,nan,nan,nan,-3.3502674,-0.72992533,0.0043179225,3.3188658,13450.48,nan,5.5081611
nan,nan,nan,nan,nan,nan,nan,nan,-3.3502533,-0.616763,0.0045338944,3.3663409,13450.424,nan,5.5522041
nan,nan,nan,nan,nan,nan,nan,nan,-3.3500023,-0.60294467,0.0047498574,3.4137814,13449.412,nan,5.5962124
nan,nan,nan,nan,nan,nan,nan,nan,-3.3495557,-0.59850919,0.004965798,3.4611881,13447.613,nan,5.6401858
nan,nan,nan,nan,nan,nan,nan,nan,-3.3493752,-0.47505423,0.0051817186,3.5085621,13446.886,nan,5.6841249
nan,nan,nan,nan,nan,nan,nan,nan,-3.3491886,-0.43217766,0.0053976271,3.5559042,13446.134,nan,5.7280288
nan,nan,nan,nan,nan,nan,nan,nan,-3.3488672,-0.37980455,0.0056135193,3.6032152,13444.839,nan,5.7718973
nan,nan,nan,nan,nan,nan,nan,nan,-3.3483152,-0.33613187,0.0058293832,3.6504965,13442.615,nan,5.815731
nan,nan,nan,nan,nan,nan,nan,nan,-3.3477864,-0.32464504,0.0060452125,3.6977484,13440.484,nan,5.8595295
nan,nan,nan,nan,nan,nan,nan,nan,-3.3472629,-0.27818593,0.0062610079,3.7449725,13438.375,nan,5.9032927
nan,nan,nan,nan,nan,nan,nan,nan,-3.3468664,-0.23013461,0.0064767734,3.7921693,13436.777,nan,5.9470201
nan,nan,nan,nan,nan,nan,nan,nan,-3.3459764,-0.1550153,0.0066924975,3.8393395,13433.191,nan,5.9907122
nan,nan,nan,nan,nan,nan,nan,nan,-3.3449905,-0.12106661,0.0069081616,3.8864844,13429.22,nan,6.034368
nan,nan,nan,nan,nan,nan,nan,nan,-3.3442883,-0.02001665,0.0071237707,3.9336045,13426.391,nan,6.0779886
nan,nan,nan,nan,nan,nan,nan,nan,-3.3436913,-0.0094965352,0.0073393383,3.980701,13423.985,nan,6.121573
nan,nan,nan,nan,nan,nan,nan,nan,-3.3437088,0.062210836,0.0075548869,4.0277743,13424.055,nan,6.1651216
nan,nan,nan,nan,nan,nan,nan,nan,-3.3429892,0.093828045,0.0077704131,4.0748258,13421.156,nan,6.2086334
nan,nan,nan,nan,nan,nan,nan,nan,-3.3422577,0.092690736,0.0079858927,4.1218557,13418.209,nan,6.2521095
nan,nan,nan,nan,nan,nan,nan,nan,-3.3415058,0.12095287,0.0082013234,4.1688647,13415.18,nan,6.2955489
nan,nan,nan,nan,nan,nan,nan,nan,-3.34056,0.24639814,0.0084167011,4.2158546,13411.368,nan,6.3389521
nan,nan,nan,nan,nan,nan,nan,nan,-3.339684,0.25026497,0.0086320192,4.262825,13407.84,nan,6.3823185
nan,nan,nan,nan,nan,nan,nan,nan,-3.3386931,0.36479205,0.0088472767,4.3097773,13403.848,nan,6.4256477
nan,nan,nan,nan,nan,nan,nan,nan,-3.3372941,0.38378513,0.0090624578,4.3567123,13398.211,nan,6.4689407
nan,nan,nan,nan,nan,nan,nan,nan,-3.3361411,0.38884616,0.0092775561,4.4036303,13393.564,nan,6.5121965
nan,nan,nan,nan,nan,nan,nan,nan,-3.3354728,0.42592245,0.0094925966,4.450532,13390.873,nan,6.5554152
nan,nan,nan,nan,nan,nan,nan,nan,-3.3347065,0.53345507,0.0097075896,4.4974189,13387.786,nan,6.5985966
nan,nan,nan,nan,nan,nan,nan,nan,-3.3340385,0.57769644,0.009922537,4.5442905,13385.094,nan,6.6417408
nan,nan,nan,nan,nan,nan,nan,nan,-3.3329148,0.62762433,0.010137427,4.5911484,13380.567,nan,6.6848474
nan,nan,nan,nan,nan,nan,nan,nan,-3.3318179,0.63882679,0.010352246,4.6379924,13376.147,nan,6.7279167
nan,nan,nan,nan,nan,nan,nan,nan,-3.3306091,0.69785321,0.010566989,4.684824,13371.276,nan,6.7709479
nan,nan,nan,nan,nan,nan,nan,nan,-3.3293867,0.75972283,0.010781654,4.7316437,13366.352,nan,6.8139415
nan,nan,nan,nan,nan,nan,nan,nan,-3.3280082,0.77530396,0.010996236,4.7784514,13360.798,nan,6.8568974
nan,nan,nan,nan,nan,nan,nan,nan,-3.3269746,0.86572009,0.01121074,4.8252482,13356.634,nan,6.8998151
nan,nan,nan,nan,nan,nan,nan,nan,-3.3260148,0.87618333,0.011425179,4.8720345,13352.767,nan,6.9426942
nan,nan,nan,nan,nan,nan,nan,nan,-3.3250439,0.99150652,0.011639557,4.9188108,13348.854,nan,6.9855356
nan,nan,nan,nan,nan,nan,nan,nan,-3.3240666,0.95818335,0.011853872,4.9655781,13344.918,nan,7.0283384
nan,nan,nan,nan,nan,nan,nan,nan,-3.3232148,1.0595176,0.012068127,5.0123363,13341.485,nan,7.0711026
nan,nan,nan,nan,nan,nan,nan,nan,-3.3221669,1.1901376,0.012282321,5.0590863,13337.264,nan,7.1138282
nan,nan,nan,nan,nan,nan,nan,nan,-3.3210001,1.1435648,0.012496444,5.1058283,13332.562,nan,7.1565151
nan,nan,nan,nan,nan,nan,nan,nan,-3.3196454,1.3266717,0.012710487,5.1525631,13327.104,nan,7.199163
nan,nan,nan,nan,nan,nan,nan,nan,-3.3184764,1.2209587,0.012924447,5.1992908,13322.394,nan,7.2417722
nan,nan,nan,nan,nan,nan,nan,nan,-3.3171389,1.3207576,0.013138327,5.2460122,13317.006,nan,7.2843418
nan,nan,nan,nan,nan,nan,nan,nan,-3.3158684,1.2938035,0.013352122,5.292727,13311.887,nan,7.3268728
nan,nan,nan,nan,nan,nan,nan,nan,-3.3146293,1.3892806,0.013565836,5.3394365,13306.894,nan,7.3693638
nan,nan,nan,nan,nan,nan,nan,nan,-3.3135285,1.4409713,0.013779476,5.3861408,13302.459,nan,7.4118156
nan,nan,nan,nan,nan,nan,nan,nan,-3.3123386,1.4582584,0.013993042,5.4328399,13297.665,nan,7.4542279
nan,nan,nan,nan,nan,nan,nan,nan,-3.310961,1.6061655,0.014206524,5.4795341,13292.115,nan,7.4966006
nan,nan,nan,nan,nan,nan,nan,nan,-3.309823,1.6119089,0.014419925,5.5262241,13287.529,nan,7.5389328
nan,nan,nan,nan,nan,nan,nan,nan,-3.3084092,1.6998798,0.014633245,5.5729103,13281.833,nan,7.5812259
nan,nan,nan,nan,nan,nan,nan,nan,-3.3068628,1.6388063,0.014846469,5.6195922,13275.603,nan,7.6234784
nan,nan,nan,nan,nan,nan,nan,nan,-3.3051357,1.7546982,0.015059588,5.6662712,13268.645,nan,7.6656909
nan,nan,nan,nan,nan,nan,nan,nan,-3.3036568,1.837608,0.015272602,5.7129469,13262.686,nan,7.7078629
nan,nan,nan,nan,nan,nan,nan,nan,-3.3020349,1.9080644,0.015485518,5.7596192,13256.15,nan,7.7499943
nan,nan,nan,nan,nan,nan,nan,nan,-3.3005512,1.9261476,0.015698332,5.8062892,13250.174,nan,7.7920856
nan,nan,nan,nan,nan,nan,nan,nan,-3.2992239,1.8944167,0.015911058,5.8529563,13244.825,nan,7.834136
nan,nan,nan,nan,nan,nan,nan,nan,-3.2977571,1.9615179,0.016123692,5.899621,13238.916,nan,7.8761454
nan,nan,nan,nan,nan,nan,nan,nan,-3.2961755,2.0624542,0.016336227,5.9462833,13232.544,nan,7.9181142
nan,nan,nan,nan,nan,nan,nan,nan,-3.2941945,2.0850298,0.016548648,5.9929438,13224.562,nan,7.9600415
nan,nan,nan,nan,nan,nan,nan,nan,-3.2926965,2.1431463,0.016760958,6.0396023,13218.526,nan,8.0019283
nan,nan,nan,nan,nan,nan,nan,nan,-3.2910082,2.0910575,0.016973164,6.0862589,13211.725,nan,8.0437737
nan,nan,nan,nan,nan,nan,nan,nan,-3.2892828,2.1667454,0.017185261,6.1329131,13204.773,nan,8.085577
nan,nan,nan,nan,nan,nan,nan,nan,-3.2873158,2.2811587,0.017397238,6.1795664,13196.848,nan,8.1273394
nan,nan,nan,nan,nan,nan,nan,nan,-3.2859082,2.3277316,0.017609106,6.2262173,13191.177,nan,8.1690598
nan,nan,nan,nan,nan,nan,nan,nan,-3.2843521,2.3856776,0.01782088,6.2728667,13184.907,nan,8.2107382
nan,nan,nan,nan,nan,nan,nan,nan,-3.2827272,2.4863293,0.018032551,6.3195148,13178.36,nan,8.2523756
nan,nan,nan,nan,nan,nan,nan,nan,-3.2810082,2.4097884,0.018244114,6.3661609,13171.435,nan,8.2939701
nan,nan,nan,nan,nan,nan,nan,nan,-3.278944,2.4659715,0.018455554,6.4128056,13163.118,nan,8.3355236
nan,nan,nan,nan,nan,nan,nan,nan,-3.2770884,2.5356886,0.018666869,6.4594483,13155.642,nan,8.3770342
nan,nan,nan,nan,nan,nan,nan,nan,-3.2750897,2.6160395,0.018878059,6.5060892,13147.589,nan,8.4185019
nan,nan,nan,nan,nan,nan,nan,nan,-3.2728639,2.6708012,0.019089112,6.5527282,13138.62,nan,8.4599276
nan,nan,nan,nan,nan,nan,nan,nan,-3.2709484,2.686439,0.019300034,6.5993652,13130.904,nan,8.5013103
nan,nan,nan,nan,nan,nan,nan,nan,-3.2690482,2.7621269,0.019510832,6.6460004,13123.247,nan,8.5426512
nan,nan,nan,nan,nan,nan,nan,nan,-3.267087,2.8623807,0.019721504,6.6926332,13115.346,nan,8.5839491
nan,nan,nan,nan,nan,nan,nan,nan,-3.2656124,2.8301382,0.019932067,6.7392635,13109.404,nan,8.6252031
nan,nan,nan,nan,nan,nan,nan,nan,-3.2641127,2.8833075,0.020142533,6.7858915,13103.362,nan,8.6664143
nan,nan,nan,nan,nan,nan,nan,nan,-3.2621498,2.8932588,0.020352889,6.8325167,13095.454,nan,8.7075834
nan,nan,nan,nan,nan,nan,nan,nan,-3.260061,2.9883947,0.020563113,6.8791389,13087.037,nan,8.7487078
nan,nan,nan,nan,nan,nan,nan,nan,-3.2578928,3.049582,0.0207732,6.9257579,13078.303,nan,8.7897892
nan,nan,nan,nan,nan,nan,nan,nan,-3.2558804,3.0633435,0.020983152,6.9723735,13070.194,nan,8.8308277
nan,nan,nan,nan,nan,nan,nan,nan,-3.2537591,3.102808,0.021192972,7.0189857,13061.647,nan,8.8718214
nan,nan,nan,nan,nan,nan,nan,nan,-3.2518885,3.1849217,0.021402663,7.0655942,13054.111,nan,8.9127722
nan,nan,nan,nan,nan,nan,nan,nan,-3.2498989,3.2490094,0.021612227,7.1121984,13046.095,nan,8.9536781
nan,nan,nan,nan,nan,nan,nan,nan,-3.2479382,3.329417,0.021821667,7.1587977,13038.194,nan,8.9945412
nan,nan,nan,nan,nan,nan,nan,nan,-3.2455082,3.2955253,0.022030964,7.2053924,13028.404,nan,9.0353594
nan,nan,nan,nan,nan,nan,nan,nan,-3.2431118,3.3811646,0.022240106,7.2519822,13018.749,nan,9.0761337
nan,nan,nan,nan,nan,nan,nan,nan,-3.2404876,3.3310094,0.022449085,7.2985663,13008.177,nan,9.1168633
nan,nan,nan,nan,nan,nan,nan,nan,-3.2381124,3.4188664,0.022657905,7.3451447,12998.607,nan,9.157548
nan,nan,nan,nan,nan,nan,nan,nan,-3.23546,3.4576488,0.02286656,7.391717,12987.92,nan,9.1981888
nan,nan,nan,nan,nan,nan,nan,nan,-3.2328932,3.5263991,0.02307505,7.4382825,12977.579,nan,9.2387848
nan,nan,nan,nan,nan,nan,nan,nan,-3.2307425,3.538682,0.023283385,7.4848409,12968.913,nan,9.279335
nan,nan,nan,nan,nan,nan,nan,nan,-3.2283123,3.6174977,0.023491574,7.5313921,12959.122,nan,9.3198414
nan,nan,nan,nan,nan,nan,nan,nan,-3.2258823,3.6372867,0.023699606,7.5779352,12949.332,nan,9.360302
nan,nan,nan,nan,nan,nan,nan,nan,-3.223485,3.7346973,0.023907483,7.6244698,12939.673,nan,9.4007168
nan,nan,nan,nan,nan,nan,nan,nan,-3.2205157,3.7730246,0.024115186,7.6709957,12927.71,nan,9.4410877
nan,nan,nan,nan,nan,nan,nan,nan,-3.2178249,3.8082244,0.024322707,7.7175126,12916.868,nan,9.4814119
nan,nan,nan,nan,nan,nan,nan,nan,-3.2152629,3.8788514,0.024530059,7.7640195,12906.546,nan,9.5216913
nan,nan,nan,nan,nan,nan,nan,nan,-3.2128215,3.9358873,0.02473725,7.8105159,12896.709,nan,9.561924
nan,nan,nan,nan,nan,nan,nan,nan,-3.2104008,3.9464643,0.024944283,7.8570018,12886.957,nan,9.6021118
nan,nan,nan,nan,nan,nan,nan,nan,-3.2078562,4.0469456,0.025151158,7.9034758,12876.704,nan,9.6422539
nan,nan,nan,nan,nan,nan,nan,nan,-3.205385,4.0433064,0.025357869,7.9499383,12866.748,nan,9.6823492
nan,nan,nan,nan,nan,nan,nan,nan,-3.2029059,4.1147294,0.025564421,7.996388,12856.76,nan,9.7223978
nan,nan,nan,nan,nan,nan,nan,nan,-3.2004392,4.195251,0.025770815,8.0428247,12846.82,nan,9.7624016
nan,nan,nan,nan,nan,nan,nan,nan,-3.1976891,4.229825,0.02597704,8.0892477,12835.741,nan,9.8023577
nan,nan,nan,nan,nan,nan,nan,nan,-3.1950233,4.2537084,0.026183089,8.1356564,12825,nan,9.842268
nan,nan,nan,nan,nan,nan,nan,nan,-3.1925116,4.3044896,0.026388973,8.1820507,12814.881,nan,9.8821306
nan,nan,nan,nan,nan,nan,nan,nan,-3.1900339,4.2906713,0.026594697,8.2284288,12804.898,nan,9.9219475
nan,nan,nan,nan,nan,nan,nan,nan,-3.1871371,4.4095769,0.026800245,8.2747908,12793.227,nan,9.9617167
nan,nan,nan,nan,nan,nan,nan,nan,-3.1841745,4.4064493,0.027005605,8.3211365,12781.291,nan,10.001439
nan,nan,nan,nan,nan,nan,nan,nan,-3.1817319,4.5089207,0.027210793,8.3674641,12771.449,nan,10.041115
nan,nan,nan,nan,nan,nan,nan,nan,-3.1788511,4.4695702,0.027415806,8.4137735,12759.843,nan,10.080743
nan,nan,nan,nan,nan,nan,nan,nan,-3.1758137,4.5496364,0.02762063,8.4600639,12747.604,nan,10.120323
nan,nan,nan,nan,nan,nan,nan,nan,-3.1731825,4.679688,0.027825272,8.5063353,12737.004,nan,10.159857
nan,nan,nan,nan,nan,nan,nan,nan,-3.1704557,4.6366405,0.028029742,8.5525866,12726.018,nan,10.199342
nan,nan,nan,nan,nan,nan,nan,nan,-3.1678746,4.6579652,0.028234039,8.5988159,12715.618,nan,10.23878
nan,nan,nan,nan,nan,nan,nan,nan,-3.1652277,4.7562289,0.028438168,8.6450243,12704.953,nan,10.27817
nan,nan,nan,nan,nan,nan,nan,nan,-3.1625237,4.8361816,0.028642124,8.6912107,12694.06,nan,10.317512
nan,nan,nan,nan,nan,nan,nan,nan,-3.1598825,4.8339071,0.028845908,8.7373734,12683.418,nan,10.356805
nan,nan,nan,nan,nan,nan,nan,nan,-3.1569049,4.8815603,0.029049512,8.7835121,12671.421,nan,10.39605
nan,nan,nan,nan,nan,nan,nan,nan,-3.1542888,4.9308057,0.029252933,8.8296261,12660.881,nan,10.435247
nan,nan,nan,nan,nan,nan,nan,nan,-3.1513896,4.9886379,0.02945618,8.8757143,12649.2,nan,10.474396
nan,nan,nan,nan,nan,nan,nan,nan,-3.1491103,5.0162745,0.029659258,8.9217768,12640.017,nan,10.513495
nan,nan,nan,nan,nan,nan,nan,nan,-3.1460979,5.0899153,0.029862165,8.9678116,12627.879,nan,10.552547
nan,nan,nan,nan,nan,nan,nan,nan,-3.1431336,5.0617104,0.030064881,9.0138187,12615.937,nan,10.591549
nan,nan,nan,nan,nan,nan,nan,nan,-3.1404681,5.1608267,0.030267414,9.0597973,12605.197,nan,10.630502
nan,nan,nan,nan,nan,nan,nan,nan,-3.137527,5.1605992,0.030469766,9.1057472,12593.348,nan,10.669406
nan,nan,nan,nan,nan,nan,nan,nan,-3.134208,5.2633553,0.030671917,9.1516657,12579.975,nan,10.708261
nan,nan,nan,nan,nan,nan,nan,nan,-3.1314015,5.2852483,0.03087387,9.1975536,12568.668,nan,10.747066
nan,nan,nan,nan,nan,nan,nan,nan,-3.128494,5.3663955,0.03107564,9.2434092,12556.953,nan,10.785822
nan,nan,nan,nan,nan,nan,nan,nan,-3.125551,5.3604245,0.031277221,9.2892323,12545.096,nan,10.824528
nan,nan,nan,nan,nan,nan,nan,nan,-3.1225426,5.3339252,0.03147861,9.335022,12532.976,nan,10.863184
nan,nan,nan,nan,nan,nan,nan,nan,-3.1197956,5.4256492,0.031679813,9.3807774,12521.907,nan,10.901791
nan,nan,nan,nan,nan,nan,nan,nan,-3.1169264,5.5425076,0.031880837,9.4264965,12510.348,nan,10.940347
nan,nan,nan,nan,nan,nan,nan,nan,-3.1137681,5.5409722,0.032081664,9.4721804,12497.622,nan,10.978853
nan,nan,nan,nan,nan,nan,nan,nan,-3.1104536,5.6266117,0.032282285,9.517827,12484.269,nan,11.017309
nan,nan,nan,nan,nan,nan,nan,nan,-3.1074376,5.6063676,0.032482699,9.5634356,12472.117,nan,11.055715
nan,nan,nan,nan,nan,nan,nan,nan,-3.1044207,5.6413403,0.032682922,9.609005,12459.962,nan,11.094069
nan,nan,nan,nan,nan,nan,nan,nan,-3.1012063,5.7262402,0.03288294,9.6545353,12447.012,nan,11.132374
nan,nan,nan,nan,nan,nan,nan,nan,-3.0978596,5.7284012,0.03308275,9.7000246,12433.527,nan,11.170628
nan,nan,nan,nan,nan,nan,nan,nan,-3.0947967,5.8006201,0.033282351,9.7454729,12421.187,nan,11.208831
nan,nan,nan,nan,nan,nan,nan,nan,-3.0914562,5.8698826,0.033481747,9.7908792,12407.728,nan,11.246982
nan,nan,nan,nan,nan,nan,nan,nan,-3.0878975,5.8117089,0.03368092,9.8362417,12393.39,nan,11.285082
nan,nan,nan,nan,nan,nan,nan,nan,-3.0845082,5.9769602,0.033879869,9.8815603,12379.734,nan,11.323132
nan,nan,nan,nan,nan,nan,nan,nan,-3.0808461,5.9654164,0.034078591,9.9268341,12364.979,nan,11.361129
nan,nan,nan,nan,nan,nan,nan,nan,-3.0773301,6.0639644,0.034277081,9.9720621,12350.813,nan,11.399075
nan,nan,nan,nan,nan,nan,nan,nan,-3.0742395,6.1071253,0.03447536,10.017242,12338.361,nan,11.436969
nan,nan,nan,nan,nan,nan,nan,nan,-3.071085,6.0842652,0.034673437,10.062376,12325.652,nan,11.474811
nan,nan,nan,nan,nan,nan,nan,nan,-3.0676336,6.1455665,0.034871303,10.107461,12311.746,nan,11.512601
nan,nan,nan,nan,nan,nan,nan,nan,-3.0644224,6.20192,0.035068952,10.152496,12298.809,nan,11.55034
nan,nan,nan,nan,nan,nan,nan,nan,-3.0611224,6.2181835,0.035266388,10.197481,12285.513,nan,11.588025
nan,nan,nan,nan,nan,nan,nan,nan,-3.0576055,6.3085427,0.035463609,10.242415,12271.344,nan,11.625658
nan,nan,nan,nan,nan,nan,nan,nan,-3.0542121,6.3415246,0.035660606,10.287296,12257.671,nan,11.663239
nan,nan,nan,nan,nan,nan,nan,nan,-3.0501904,6.3912253,0.035857361,10.332125,12241.468,nan,11.700768
nan,nan,nan,nan,nan,nan,nan,nan,-3.0464747,6.3923054,0.03605387,10.3769,12226.496,nan,11.738242
nan,nan,nan,nan,nan,nan,nan,nan,-3.0426927,6.4901142,0.036250137,10.421619,12211.259,nan,11.775665
nan,nan,nan,nan,nan,nan,nan,nan,-3.0391347,6.5031934,0.036446165,10.466283,12196.925,nan,11.813034
nan,nan,nan,nan,nan,nan,nan,nan,-3.0354166,6.50035,0.036641963,10.51089,12181.943,nan,11.85035
nan,nan,nan,nan,nan,nan,nan,nan,-3.0316329,6.6338701,0.036837514,10.55544,12166.699,nan,11.887612
nan,nan,nan,nan,nan,nan,nan,nan,-3.0282202,6.6485415,0.037032839,10.599931,12152.949,nan,11.924821
nan,nan,nan,nan,nan,nan,nan,nan,-3.0245512,6.6947732,0.037227932,10.644362,12138.166,nan,11.961977
nan,nan,nan,nan,nan,nan,nan,nan,-3.0207748,6.7027912,0.037422784,10.688734,12122.952,nan,11.999078
nan,nan,nan,nan,nan,nan,nan,nan,-3.0167284,6.7326455,0.037617385,10.733045,12106.649,nan,12.036125
nan,nan,nan,nan,nan,nan,nan,nan,-3.0130043,6.7977567,0.037811738,10.777293,12091.645,nan,12.073118
nan,nan,nan,nan,nan,nan,nan,nan,-3.0090508,6.8470588,0.03800584,10.821479,12075.716,nan,12.110058
nan,nan,nan,nan,nan,nan,nan,nan,-3.0054634,6.9570365,0.0381997,10.865601,12061.262,nan,12.146942
nan,nan,nan,nan,nan,nan,nan,nan,-3.0014179,6.963747,0.038393315,10.909658,12044.963,nan,12.183772
nan,nan,nan,nan,nan,nan,nan,nan,-2.997396,6.9703999,0.038586669,10.95365,12028.758,nan,12.220548
nan,nan,nan,nan,nan,nan,nan,nan,-2.9935462,7.0300522,0.038779769,10.997575,12013.247,nan,12.257268
nan,nan,nan,nan,nan,nan,nan,nan,-2.9897578,6.9877439,0.038972624,11.041433,11997.983,nan,12.293933
nan,nan,nan,nan,nan,nan,nan,nan,-2.9861178,7.1487303,0.039165236,11.085223,11983.318,nan,12.330544
nan,nan,nan,nan,nan,nan,nan,nan,-2.981909,7.131557,0.039357599,11.128944,11966.361,nan,12.367099
nan,nan,nan,nan,nan,nan,nan,nan,-2.9780192,7.0843587,0.039549701,11.172596,11950.689,nan,12.403598
nan,nan,nan,nan,nan,nan,nan,nan,-2.9736528,7.1927443,0.039741535,11.216176,11933.097,nan,12.440042
nan,nan,nan,nan,nan,nan,nan,nan,-2.9697101,7.2925997,0.0399331,11.259686,11917.212,nan,12.47643
nan,nan,nan,nan,nan,nan,nan,nan,-2.9658446,7.2748008,0.040124416,11.303123,11901.638,nan,12.512762
nan,nan,nan,nan,nan,nan,nan,nan,-2.962064,7.3876791,0.040315486,11.346486,11886.405,nan,12.549038
nan,nan,nan,nan,nan,nan,nan,nan,-2.9580367,7.4329438,0.040506303,11.389775,11870.179,nan,12.585258
nan,nan,nan,nan,nan,nan,nan,nan,-2.954335,7.4364128,0.040696871,11.432991,11855.265,nan,12.621421
nan,nan,nan,nan,nan,nan,nan,nan,-2.9505439,7.4261198,0.040887196,11.47613,11839.99,nan,12.657528
nan,nan,nan,nan,nan,nan,nan,nan,-2.9467742,7.5130672,0.041077279,11.519193,11824.803,nan,12.693578
nan,nan,nan,nan,nan,nan,nan,nan,-2.9428349,7.5306954,0.041267116,11.562179,11808.931,nan,12.729571
nan,nan,nan,nan,nan,nan,nan,nan,-2.939116,7.5620284,0.041456703,11.605087,11793.947,nan,12.765508
nan,nan,nan,nan,nan,nan,nan,nan,-2.93521,7.6263433,0.041646045,11.647916,11778.21,nan,12.801386
nan,nan,nan,nan,nan,nan,nan,nan,-2.9309714,7.7122669,0.041835122,11.690666,11761.133,nan,12.837208
nan,nan,nan,nan,nan,nan,nan,nan,-2.9267266,7.7262559,0.042023927,11.733335,11744.03,nan,12.872972
nan,nan,nan,nan,nan,nan,nan,nan,-2.9225562,7.7289286,0.042212464,11.775924,11727.228,nan,12.908678
nan,nan,nan,nan,nan,nan,nan,nan,-2.9181964,7.7942104,0.042400721,11.818431,11709.663,nan,12.944327
nan,nan,nan,nan,nan,nan,nan,nan,-2.9138217,7.785965,0.0425887,11.860855,11692.037,nan,12.979918
nan,nan,nan,nan,nan,nan,nan,nan,-2.9096134,7.8527818,0.042776402,11.903196,11675.081,nan,13.01545
nan,nan,nan,nan,nan,nan,nan,nan,-2.9055037,7.8514738,0.042963836,11.945453,11658.523,nan,13.050924
nan,nan,nan,nan,nan,nan,nan,nan,-2.9013758,8.0081949,0.043151002,11.987625,11641.892,nan,13.086339
nan,nan,nan,nan,nan,nan,nan,nan,-2.8971145,7.948657,0.0433379,12.029712,11624.724,nan,13.121696
nan,nan,nan,nan,nan,nan,nan,nan,-2.8928487,7.9981298,0.043524522,12.071713,11607.536,nan,13.156994
nan,nan,nan,nan,nan,nan,nan,nan,-2.8884277,8.0773439,0.043710865,12.113627,11589.725,nan,13.192233
nan,nan,nan,nan,nan,nan,nan,nan,-2.8842137,8.1013975,0.043896928,12.155454,11572.745,nan,13.227413
nan,nan,nan,nan,nan,nan,nan,nan,-2.879822,8.1828289,0.044082716,12.197192,11555.052,nan,13.262533
nan,nan,nan,nan,nan,nan,nan,nan,-2.8756828,8.1712284,0.044268228,12.238842,11538.375,nan,13.297594
nan,nan,nan,nan,nan,nan,nan,nan,-2.8713756,8.2191658,0.044453468,12.280403,11521.021,nan,13.332596
nan,nan,nan,nan,nan,nan,nan,nan,-2.8669314,8.2764864,0.044638425,12.321873,11503.115,nan,13.367537
nan,nan,nan,nan,nan,nan,nan,nan,-2.8622265,8.3381853,0.044823088,12.363253,11484.159,nan,13.402418
nan,nan,nan,nan,nan,nan,nan,nan,-2.8577757,8.3502407,0.045007456,12.404541,11466.227,nan,13.437239
nan,nan,nan,nan,nan,nan,nan,nan,-2.8537519,8.4133615,0.045191549,12.445738,11450.015,nan,13.471999
nan,nan,nan,nan,nan,nan,nan,nan,-2.8490944,8.3995438,0.045375366,12.486841,11431.25,nan,13.5067
nan,nan,nan,nan,nan,nan,nan,nan,-2.8450053,8.4279757,0.045558896,12.527852,11414.775,nan,13.541339
nan,nan,nan,nan,nan,nan,nan,nan,-2.8405025,8.5186195,0.045742154,12.568769,11396.633,nan,13.575917
nan,nan,nan,nan,nan,nan,nan,nan,-2.8362489,8.5793524,0.045925125,12.609592,11379.495,nan,13.610435
nan,nan,nan,nan,nan,nan,nan,nan,-2.8315706,8.6151772,0.04610781,12.650321,11360.646,nan,13.64489
nan,nan,nan,nan,nan,nan,nan,nan,-2.8266783,8.69695,0.046290189,12.690953,11340.935,nan,13.679285
nan,nan,nan,nan,nan,nan,nan,nan,-2.8216741,8.6821079,0.046472248,12.73149,11320.773,nan,13.713617
nan,nan,nan,nan,nan,nan,nan,nan,-2.8167188,8.7555208,0.046653982,12.771931,11300.809,nan,13.747889
nan,nan,nan,nan,nan,nan,nan,nan,-2.8121374,8.775197,0.046835415,12.812275,11282.35,nan,13.782098
nan,nan,nan,nan,nan,nan,nan,nan,-2.8073571,8.804369,0.047016542,12.852521,11263.09,nan,13.816244
nan,nan,nan,nan,nan,nan,nan,nan,-2.803005,8.8144341,0.047197375,12.892669,11245.555,nan,13.850328
nan,nan,nan,nan,nan,nan,nan,nan,-2.798434,8.8746548,0.047377922,12.932719,11227.139,nan,13.88435
nan,nan,nan,nan,nan,nan,nan,nan,-2.7937098,8.8618031,0.047558166,12.972671,11208.104,nan,13.918309
nan,nan,nan,nan,nan,nan,nan,nan,-2.788893,8.9800835,0.047738105,13.012522,11188.697,nan,13.952206
nan,nan,nan,nan,nan,nan,nan,nan,-2.7841847,8.9255495,0.047917739,13.052274,11169.729,nan,13.986038
nan,nan,nan,nan,nan,nan,nan,nan,-2.7794721,8.984746,0.048097067,13.091926,11150.741,nan,14.019808
nan,nan,nan,nan,nan,nan,nan,nan,-2.7748387,9.0602064,0.048276093,13.131477,11132.072,nan,14.053514
nan,nan,nan,nan,nan,nan,nan,nan,-2.7702286,9.1378279,0.048454821,13.170927,11113.498,nan,14.087156
nan,nan,nan,nan,nan,nan,nan,nan,-2.7656794,9.1506796,0.048633255,13.210277,11095.17,nan,14.120735
nan,nan,nan,nan,nan,nan,nan,nan,-2.7611456,9.1836615,0.048811398,13.249523,11076.903,nan,14.154249
nan,nan,nan,nan,nan,nan,nan,nan,-2.7566953,9.3042736,0.048989248,13.288669,11058.974,nan,14.187699
nan,nan,nan,nan,nan,nan,nan,nan,-2.7519672,9.2312012,0.049166802,13.327711,11039.923,nan,14.221086
nan,nan,nan,nan,nan,nan,nan,nan,-2.7472076,9.298871,0.049344055,13.366651,11020.747,nan,14.254406
nan,nan,nan,nan,nan,nan,nan,nan,-2.7423489,9.2937527,0.049520995,13.405486,11001.171,nan,14.287663
nan,nan,nan,nan,nan,nan,nan,nan,-2.73737,9.4137392,0.049697615,13.444219,10981.111,nan,14.320853
nan,nan,nan,nan,nan,nan,nan,nan,-2.7328112,9.4761772,0.049873933,13.482848,10962.743,nan,14.353979
nan,nan,nan,nan,nan,nan,nan,nan,-2.7282193,9.4887447,0.050049953,13.521373,10944.243,nan,14.38704
nan,nan,nan,nan,nan,nan,nan,nan,-2.7234006,9.5005159,0.050225668,13.559793,10924.829,nan,14.420035
nan,nan,nan,nan,nan,nan,nan,nan,-2.7183163,9.5887709,0.050401065,13.598108,10904.344,nan,14.452964
nan,nan,nan,nan,nan,nan,nan,nan,-2.7135606,9.5970736,0.050576147,13.636319,10885.184,nan,14.485827
nan,nan,nan,nan,nan,nan,nan,nan,-2.7086525,9.5594854,0.050750915,13.674424,10865.408,nan,14.518623
nan,nan,nan,nan,nan,nan,nan,nan,-2.7035606,9.6104937,0.050925363,13.712424,10844.893,nan,14.551354
nan,nan,nan,nan,nan,nan,nan,nan,-2.6985736,9.7202444,0.051099487,13.750318,10824.8,nan,14.584018
nan,nan,nan,nan,nan,nan,nan,nan,-2.6937482,9.6862383,0.05127329,13.788106,10805.359,nan,14.616615
nan,nan,nan,nan,nan,nan,nan,nan,-2.688647,9.743104,0.051446777,13.825788,10784.807,nan,14.649145
nan,nan,nan,nan,nan,nan,nan,nan,-2.6836703,9.765111,0.05161994,13.863363,10764.755,nan,14.681608
nan,nan,nan,nan,nan,nan,nan,nan,-2.6782558,9.8022442,0.051792763,13.900832,10742.939,nan,14.714004
nan,nan,nan,nan,nan,nan,nan,nan,-2.6729758,9.8418798,0.051965244,13.938194,10721.666,nan,14.746331
nan,nan,nan,nan,nan,nan,nan,nan,-2.6679473,9.9610128,0.052137394,13.97545,10701.406,nan,14.778591
nan,nan,nan,nan,nan,nan,nan,nan,-2.6625431,9.9422474,0.052309208,14.012598,10679.633,nan,14.810782
nan,nan,nan,nan,nan,nan,nan,nan,-2.657666,9.907218,0.052480686,14.049639,10659.983,nan,14.842907
nan,nan,nan,nan,nan,nan,nan,nan,-2.6525073,10.009689,0.052651845,14.086573,10639.199,nan,14.874962
nan,nan,nan,nan,nan,nan,nan,nan,-2.6475439,10.038861,0.052822679,14.123399,10619.201,nan,14.906949
nan,nan,nan,nan,nan,nan,nan,nan,-2.6426623,10.151568,0.052993193,14.160117,10599.533,nan,14.938867
nan,nan,nan,nan,nan,nan,nan,nan,-2.6374202,10.058537,0.053163379,14.196729,10578.413,nan,14.970716
nan,nan,nan,nan,nan,nan,nan,nan,-2.6319454,10.175623,0.053333223,14.233232,10556.354,nan,15.002495
nan,nan,nan,nan,nan,nan,nan,nan,-2.6263297,10.180798,0.053502709,14.269628,10533.729,nan,15.034205
nan,nan,nan,nan,nan,nan,nan,nan,-2.6214242,10.226119,0.053671852,14.305915,10513.964,nan,15.065846
nan,nan,nan,nan,nan,nan,nan,nan,-2.6164737,10.233625,0.053840682,14.342095,10494.019,nan,15.097417
nan,nan,nan,nan,nan,nan,nan,nan,-2.6114352,10.340817,0.054009188,14.378167,10473.718,nan,15.128918
nan,nan,nan,nan,nan,nan,nan,nan,-2.6055908,10.251766,0.054177344,14.41413,10450.172,nan,15.160348
nan,nan,nan,nan,nan,nan,nan,nan,-2.6001925,10.405246,0.054345138,14.449986,10428.422,nan,15.191708
nan,nan,nan,nan,nan,nan,nan,nan,-2.5945106,10.416562,0.054512572,14.485734,10405.529,nan,15.222998
nan,nan,nan,nan,nan,nan,nan,nan,-2.5890338,10.466035,0.054679651,14.521374,10383.464,nan,15.254216
nan,nan,nan,nan,nan,nan,nan,nan,-2.5833645,10.466376,0.054846365,14.556906,10360.621,nan,15.285363
nan,nan,nan,nan,nan,nan,nan,nan,-2.5779955,10.537856,0.055012729,14.592329,10338.99,nan,15.31644
nan,nan,nan,nan,nan,nan,nan,nan,-2.5726001,10.586874,0.055178743,14.627645,10317.252,nan,15.347445
nan,nan,nan,nan,nan,nan,nan,nan,-2.5673959,10.652554,0.055344414,14.662853,10296.284,nan,15.378377
nan,nan,nan,nan,nan,nan,nan,nan,-2.5622101,10.607061,0.055509754,14.697953,10275.391,nan,15.409239
nan,nan,nan,nan,nan,nan,nan,nan,-2.5566976,10.667793,0.055674747,14.732945,10253.181,nan,15.440027
nan,nan,nan,nan,nan,nan,nan,nan,-2.5511239,10.683887,0.055839382,14.76783,10230.725,nan,15.470744
nan,nan,nan,nan,nan,nan,nan,nan,-2.5453842,10.801371,0.056003653,14.802607,10207.599,nan,15.501389
nan,nan,nan,nan,nan,nan,nan,nan,-2.5397108,10.769469,0.056167554,14.837276,10184.74,nan,15.53196
nan,nan,nan,nan,nan,nan,nan,nan,-2.5342124,10.806829,0.056331098,14.871837,10162.587,nan,15.562458
nan,nan,nan,nan,nan,nan,nan,nan,-2.5288255,10.856018,0.056494292,14.906291,10140.884,nan,15.592884
nan,nan,nan,nan,nan,nan,nan,nan,-2.5235686,10.860568,0.056657139,14.940638,10119.703,nan,15.623236
nan,nan,nan,nan,nan,nan,nan,nan,-2.5182087,10.902989,0.056819648,14.974877,10098.109,nan,15.653515
nan,nan,nan,nan,nan,nan,nan,nan,-2.5127349,10.892185,0.056981806,15.00901,10076.055,nan,15.68372
nan,nan,nan,nan,nan,nan,nan,nan,-2.5070212,10.968498,0.057143603,15.043036,10053.034,nan,15.71385
nan,nan,nan,nan,nan,nan,nan,nan,-2.5011575,11.062497,0.057305027,15.076955,10029.409,nan,15.743907
nan,nan,nan,nan,nan,nan,nan,nan,-2.4953732,11.047826,0.057466075,15.110767,10006.104,nan,15.77389
nan,nan,nan,nan,nan,nan,nan,nan,-2.489553,11.098208,0.05762675,15.144474,9982.6543,nan,15.803797
nan,nan,nan,nan,nan,nan,nan,nan,-2.483953,11.115893,0.057787053,15.178074,9960.0928,nan,15.83363
nan,nan,nan,nan,nan,nan,nan,nan,-2.4783154,11.139209,0.057946999,15.211567,9937.3779,nan,15.863388
nan,nan,nan,nan,nan,nan,nan,nan,-2.4725394,11.176001,0.058106575,15.244955,9914.1064,nan,15.89307
nan,nan,nan,nan,nan,nan,nan,nan,-2.4667053,11.266189,0.058265779,15.278237,9890.6006,nan,15.922678
nan,nan,nan,nan,nan,nan,nan,nan,-2.4609721,11.242647,0.058424607,15.311414,9867.502,nan,15.952209
nan,nan,nan,nan,nan,nan,nan,nan,-2.4551806,11.263516,0.058583066,15.344484,9844.168,nan,15.981666
nan,nan,nan,nan,nan,nan,nan,nan,-2.4495628,11.343299,0.058741156,15.377451,9821.5332,nan,16.011045
nan,nan,nan,nan,nan,nan,nan,nan,-2.4439049,11.371617,0.058898881,15.410312,9798.7373,nan,16.04035
nan,nan,nan,nan,nan,nan,nan,nan,-2.437933,11.401301,0.059056234,15.443069,9774.6768,nan,16.069576
nan,nan,nan,nan,nan,nan,nan,nan,-2.432137,11.475625,0.059213206,15.47572,9751.3242,nan,16.098728
nan,nan,nan,nan,nan,nan,nan,nan,-2.4263484,11.496949,0.059369806,15.508268,9728.002,nan,16.127802
nan,nan,nan,nan,nan,nan,nan,nan,-2.4203484,11.482562,0.059526023,15.540712,9703.8281,nan,16.156797
nan,nan,nan,nan,nan,nan,nan,nan,-2.414211,11.480515,0.059681851,15.573052,9679.1006,nan,16.185717
nan,nan,nan,nan,nan,nan,nan,nan,-2.4083605,11.532945,0.059837293,15.605289,9655.5293,nan,16.21456
nan,nan,nan,nan,nan,nan,nan,nan,-2.4022892,11.570306,0.059992351,15.637424,9631.0674,nan,16.243324
nan,nan,nan,nan,nan,nan,nan,nan,-2.39658,11.719236,0.060147028,15.669454,9608.0654,nan,16.272011
nan,nan,nan,nan,nan,nan,nan,nan,-2.3909385,11.631095,0.060301337,15.701382,9585.3359,nan,16.300619
nan,nan,nan,nan,nan,nan,nan,nan,-2.3850734,11.692737,0.060455281,15.733208,9561.7051,nan,16.329149
nan,nan,nan,nan,nan,nan,nan,nan,-2.3794425,11.737831,0.060608849,15.764931,9539.0176,nan,16.357601
nan,nan,nan,nan,nan,nan,nan,nan,-2.373379,11.744883,0.060762044,15.796553,9514.5879,nan,16.385975
nan,nan,nan,nan,nan,nan,nan,nan,-2.3672512,11.788612,0.060914844,15.828073,9489.8994,nan,16.414268
nan,nan,nan,nan,nan,nan,nan,nan,-2.3610654,11.801578,0.061067246,15.859491,9464.9766,nan,16.442484
nan,nan,nan,nan,nan,nan,nan,nan,-2.3546047,11.889776,0.061219241,15.890809,9438.9463,nan,16.470619
nan,nan,nan,nan,nan,nan,nan,nan,-2.3486953,11.876242,0.061370838,15.922027,9415.1377,nan,16.498676
nan,nan,nan,nan,nan,nan,nan,nan,-2.3426592,11.963076,0.061522052,15.953143,9390.8184,nan,16.526653
nan,nan,nan,nan,nan,nan,nan,nan,-2.3372877,11.966488,0.061672896,15.984159,9369.1758,nan,16.55455
nan,nan,nan,nan,nan,nan,nan,nan,-2.3314278,11.927478,0.061823379,16.015076,9345.5664,nan,16.582367
nan,nan,nan,nan,nan,nan,nan,nan,-2.3252015,12.009762,0.061973471,16.045895,9320.4805,nan,16.610104
nan,nan,nan,nan,nan,nan,nan,nan,-2.3190136,12.078341,0.062123165,16.076612,9295.5488,nan,16.63776
nan,nan,nan,nan,nan,nan,nan,nan,-2.3126955,12.105808,0.062272456,16.107231,9270.0938,nan,16.665335
nan,nan,nan,nan,nan,nan,nan,nan,-2.3062229,12.127132,0.062421333,16.137753,9244.0156,nan,16.692831
nan,nan,nan,nan,nan,nan,nan,nan,-2.3000069,12.061908,0.062569797,16.168175,9218.9707,nan,16.720243
nan,nan,nan,nan,nan,nan,nan,nan,-2.2937472,12.2569,0.062717862,16.1985,9193.751,nan,16.747576
nan,nan,nan,nan,nan,nan,nan,nan,-2.2876801,12.162105,0.062865533,16.228727,9169.3066,nan,16.774828
nan,nan,nan,nan,nan,nan,nan,nan,-2.2814467,12.231026,0.063012809,16.258856,9144.1924,nan,16.801996
nan,nan,nan,nan,nan,nan,nan,nan,-2.2753408,12.276631,0.063159682,16.288889,9119.5918,nan,16.829084
nan,nan,nan,nan,nan,nan,nan,nan,-2.2692058,12.3505,0.06330616,16.318825,9094.873,nan,16.856091
nan,nan,nan,nan,nan,nan,nan,nan,-2.2629237,12.308249,0.063452244,16.348665,9069.5635,nan,16.883015
nan,nan,nan,nan,nan,nan,nan,nan,-2.2563634,12.418568,0.06359791,16.378408,9043.1309,nan,16.909855
nan,nan,nan,nan,nan,nan,nan,nan,-2.2497282,12.421298,0.063743152,16.408058,9016.3975,nan,16.936613
nan,nan,nan,nan,nan,nan,nan,nan,-2.2432292,12.419932,0.063887969,16.437611,8990.2129,nan,16.963289
nan,nan,nan,nan,nan,nan,nan,nan,-2.2367597,12.467074,0.064032368,16.467068,8964.1484,nan,16.989882
nan,nan,nan,nan,nan,nan,nan,nan,-2.2307382,12.464743,0.064176358,16.496431,8939.8877,nan,17.016392
nan,nan,nan,nan,nan,nan,nan,nan,-2.2246332,12.506937,0.064319968,16.5257,8915.29,nan,17.042818
nan,nan,nan,nan,nan,nan,nan,nan,-2.2180862,12.607247,0.064463168,16.554874,8888.9121,nan,17.06916
nan,nan,nan,nan,nan,nan,nan,nan,-2.2117386,12.578701,0.064605951,16.583956,8863.3379,nan,17.095421
nan,nan,nan,nan,nan,nan,nan,nan,-2.2053149,12.602073,0.064748317,16.612944,8837.4561,nan,17.121595
nan,nan,nan,nan,nan,nan,nan,nan,-2.1990252,12.65729,0.06489028,16.641838,8812.1152,nan,17.147686
nan,nan,nan,nan,nan,nan,nan,nan,-2.1926889,12.665762,0.065031834,16.670639,8786.5869,nan,17.173693
nan,nan,nan,nan,nan,nan,nan,nan,-2.1867077,12.684755,0.065172993,16.699348,8762.4883,nan,17.199615
nan,nan,nan,nan,nan,nan,nan,nan,-2.1801331,12.749127,0.065313742,16.727964,8735.998,nan,17.225454
nan,nan,nan,nan,nan,nan,nan,nan,-2.1736124,12.754131,0.065454073,16.756491,8709.7266,nan,17.251207
nan,nan,nan,nan,nan,nan,nan,nan,-2.1669846,12.836075,0.06559398,16.784924,8683.0234,nan,17.276876
nan,nan,nan,nan,nan,nan,nan,nan,-2.1604903,12.745943,0.065733463,16.813265,8656.8584,nan,17.302458
nan,nan,nan,nan,nan,nan,nan,nan,-2.1540456,12.868773,0.065872528,16.841516,8630.8926,nan,17.327957
nan,nan,nan,nan,nan,nan,nan,nan,-2.1475632,12.921657,0.066011183,16.869677,8604.7744,nan,17.353369
nan,nan,nan,nan,nan,nan,nan,nan,-2.140749,12.946337,0.066149399,16.897747,8577.3193,nan,17.378695
nan,nan,nan,nan,nan,nan,nan,nan,-2.1339428,12.850973,0.066287182,16.925728,8549.8975,nan,17.403936
nan,nan,nan,nan,nan,nan,nan,nan,-2.1273847,12.998823,0.066424534,16.953619,8523.4746,nan,17.42909
nan,nan,nan,nan,nan,nan,nan,nan,-2.1211555,12.982958,0.066561475,16.981419,8498.3779,nan,17.454159
nan,nan,nan,nan,nan,nan,nan,nan,-2.1146164,13.019807,0.066698,17.00913,8472.0312,nan,17.479141
nan,nan,nan,nan,nan,nan,nan,nan,-2.1083424,13.042382,0.066834114,17.036753,8446.7539,nan,17.504038
nan,nan,nan,nan,nan,nan,nan,nan,-2.1018586,13.061034,0.066969819,17.064287,8420.6299,nan,17.528847
nan,nan,nan,nan,nan,nan,nan,nan,-2.095253,13.116591,0.0671051,17.091732,8394.0166,nan,17.553568
nan,nan,nan,nan,nan,nan,nan,nan,-2.0882185,13.135813,0.06723994,17.119091,8365.6738,nan,17.578203
nan,nan,nan,nan,nan,nan,nan,nan,-2.0816529,13.175106,0.067374349,17.14636,8339.2207,nan,17.602751
nan,nan,nan,nan,nan,nan,nan,nan,-2.0750105,13.252898,0.067508325,17.173542,8312.459,nan,17.627211
nan,nan,nan,nan,nan,nan,nan,nan,-2.0682483,13.190403,0.067641869,17.200636,8285.2139,nan,17.651585
nan,nan,nan,nan,nan,nan,nan,nan,-2.0614688,13.213149,0.067774981,17.227644,8257.8994,nan,17.675869
nan,nan,nan,nan,nan,nan,nan,nan,-2.0546629,13.286506,0.067907654,17.254564,8230.4785,nan,17.700066
nan,nan,nan,nan,nan,nan,nan,nan,-2.0479534,13.267627,0.068039887,17.281399,8203.4453,nan,17.724174
nan,nan,nan,nan,nan,nan,nan,nan,-2.0415146,13.308741,0.068171702,17.308146,8177.5039,nan,17.748196
nan,nan,nan,nan,nan,nan,nan,nan,-2.0348725,13.336206,0.068303086,17.334806,8150.7422,nan,17.772129
nan,nan,nan,nan,nan,nan,nan,nan,-2.0284114,13.392958,0.06843406,17.361383,8124.7109,nan,17.795973
nan,nan,nan,nan,nan,nan,nan,nan,-2.0215349,13.447322,0.068564594,17.387873,8097.0049,nan,17.819729
nan,nan,nan,nan,nan,nan,nan,nan,-2.0145178,13.453008,0.068694688,17.414276,8068.7329,nan,17.843395
nan,nan,nan,nan,nan,nan,nan,nan,-2.007232,13.505096,0.068824314,17.440594,8039.3784,nan,17.866972
nan,nan,nan,nan,nan,nan,nan,nan,-2.0004239,13.48417,0.068953492,17.466827,8011.9487,nan,17.890461
nan,nan,nan,nan,nan,nan,nan,nan,-1.9938157,13.588689,0.06908223,17.492977,7985.3242,nan,17.913858
nan,nan,nan,nan,nan,nan,nan,nan,-1.9870443,13.536942,0.069210544,17.519039,7958.0425,nan,17.937168
nan,nan,nan,nan,nan,nan,nan,nan,-1.9805576,13.593921,0.069338426,17.545019,7931.9072,nan,17.960388
nan,nan,nan,nan,nan,nan,nan,nan,-1.9737918,13.666709,0.069465883,17.570913,7904.6479,nan,17.983519
nan,nan,nan,nan,nan,nan,nan,nan,-1.9671017,13.584368,0.069592908,17.596724,7877.6934,nan,18.006557
nan,nan,nan,nan,nan,nan,nan,nan,-1.9602554,13.659657,0.069719493,17.62245,7850.1094,nan,18.029509
nan,nan,nan,nan,nan,nan,nan,nan,-1.9532844,13.676888,0.069845639,17.648092,7822.0229,nan,18.052368
nan,nan,nan,nan,nan,nan,nan,nan,-1.9461184,13.730114,0.069971323,17.673649,7793.1514,nan,18.075136
nan,nan,nan,nan,nan,nan,nan,nan,-1.9390861,13.733355,0.070096552,17.699123,7764.8184,nan,18.097816
nan,nan,nan,nan,nan,nan,nan,nan,-1.9320232,13.775435,0.070221327,17.724514,7736.3618,nan,18.120403
nan,nan,nan,nan,nan,nan,nan,nan,-1.9247847,13.84737,0.07034564,17.749821,7707.1978,nan,18.1429
nan,nan,nan,nan,nan,nan,nan,nan,-1.9178791,13.807792,0.070469491,17.775045,7679.375,nan,18.165306
nan,nan,nan,nan,nan,nan,nan,nan,-1.9110571,13.906282,0.07059291,17.800186,7651.8892,nan,18.187622
nan,nan,nan,nan,nan,nan,nan,nan,-1.9042814,13.931815,0.070715882,17.825243,7624.5898,nan,18.209846
nan,nan,nan,nan,nan,nan,nan,nan,-1.8976353,13.876656,0.070838429,17.850216,7597.813,nan,18.231977
nan,nan,nan,nan,nan,nan,nan,nan,-1.8904585,13.905942,0.070960529,17.875107,7568.897,nan,18.254019
nan,nan,nan,nan,nan,nan,nan,nan,-1.8830178,13.956381,0.071082152,17.899916,7538.9185,nan,18.275967
nan,nan,nan,nan,nan,nan,nan,nan,-1.8758959,13.947169,0.071203314,17.924641,7510.2246,nan,18.297825
nan,nan,nan,nan,nan,nan,nan,nan,-1.8690065,13.982938,0.071324021,17.949282,7482.4668,nan,18.31959
nan,nan,nan,nan,nan,nan,nan,nan,-1.8621315,13.964229,0.07144428,17.973841,7454.7676,nan,18.341263
nan,nan,nan,nan,nan,nan,nan,nan,-1.855154,14.054303,0.071564093,17.998318,7426.6553,nan,18.362843
nan,nan,nan,nan,nan,nan,nan,nan,-1.8480984,14.116117,0.071683459,18.022711,7398.228,nan,18.384331
nan,nan,nan,nan,nan,nan,nan,nan,-1.840796,14.148131,0.071802363,18.047022,7368.8066,nan,18.405725
nan,nan,nan,nan,nan,nan,nan,nan,-1.8337181,14.104857,0.071920797,18.071249,7340.2896,nan,18.427029
nan,nan,nan,nan,nan,nan,nan,nan,-1.8265914,14.122144,0.072038777,18.095394,7311.5757,nan,18.448238
nan,nan,nan,nan,nan,nan,nan,nan,-1.8195287,14.15416,0.072156295,18.119457,7283.1201,nan,18.469357
nan,nan,nan,nan,nan,nan,nan,nan,-1.8122736,14.169058,0.072273359,18.143436,7253.8896,nan,18.490379
nan,nan,nan,nan,nan,nan,nan,nan,-1.8051058,14.259872,0.072389953,18.167332,7225.0107,nan,18.511311
nan,nan,nan,nan,nan,nan,nan,nan,-1.7979974,14.195558,0.072506092,18.191145,7196.3706,nan,18.532146
nan,nan,nan,nan,nan,nan,nan,nan,-1.7912832,14.314804,0.072621778,18.214876,7169.3193,nan,18.552891
nan,nan,nan,nan,nan,nan,nan,nan,-1.784471,14.291035,0.072737031,18.238523,7141.873,nan,18.57354
nan,nan,nan,nan,nan,nan,nan,nan,-1.7776515,14.317761,0.072851852,18.262089,7114.397,nan,18.594097
nan,nan,nan,nan,nan,nan,nan,nan,-1.7705524,14.296778,0.072966218,18.28557,7085.7944,nan,18.614559
nan,nan,nan,nan,nan,nan,nan,nan,-1.7634685,14.41648,0.073080122,18.308968,7057.2539,nan,18.634926
nan,nan,nan,nan,nan,nan,nan,nan,-1.7560278,14.353757,0.073193565,18.332281,7027.2749,nan,18.655201
nan,nan,nan,nan,nan,nan,nan,nan,-1.7488004,14.373376,0.073306531,18.355513,6998.1558,nan,18.675381
nan,nan,nan,nan,nan,nan,nan,nan,-1.741635,14.432971,0.073419034,18.37866,6969.2856,nan,18.695465
nan,nan,nan,nan,nan,nan,nan,nan,-1.7343863,14.506839,0.073531076,18.401724,6940.0815,nan,18.715456
nan,nan,nan,nan,nan,nan,nan,nan,-1.7270344,14.501551,0.073642641,18.424706,6910.4604,nan,18.735352
nan,nan,nan,nan,nan,nan,nan,nan,-1.7198066,14.466863,0.073753744,18.447601,6881.3389,nan,18.755152
nan,nan,nan,nan,nan,nan,nan,nan,-1.7128038,14.520373,0.073864385,18.470413,6853.1255,nan,18.774857
nan,nan,nan,nan,nan,nan,nan,nan,-1.7058097,14.573088,0.073974572,18.493141,6824.9458,nan,18.794468
nan,nan,nan,nan,nan,nan,nan,nan,-1.6987954,14.566605,0.074084312,18.515783,6796.6851,nan,18.813984
nan,nan,nan,nan,nan,nan,nan,nan,-1.691546,14.591967,0.074193589,18.538342,6767.4766,nan,18.833403
nan,nan,nan,nan,nan,nan,nan,nan,-1.6841736,14.623186,0.07430239,18.560816,6737.7734,nan,18.852728
nan,nan,nan,nan,nan,nan,nan,nan,-1.6770179,14.639961,0.074410729,18.583204,6708.9434,nan,18.871956
nan,nan,nan,nan,nan,nan,nan,nan,-1.6695085,14.716047,0.074518599,18.605509,6678.6875,nan,18.89109
nan,nan,nan,nan,nan,nan,nan,nan,-1.6621923,14.654348,0.074625984,18.627726,6649.2109,nan,18.910128
nan,nan,nan,nan,nan,nan,nan,nan,-1.6549599,14.715934,0.0747329,18.649858,6620.0713,nan,18.929068
nan,nan,nan,nan,nan,nan,nan,nan,-1.6479563,14.789575,0.074839361,18.671906,6591.8535,nan,18.947912
nan,nan,nan,nan,nan,nan,nan,nan,-1.6406385,14.733505,0.07494536,18.693865,6562.3706,nan,18.966661
nan,nan,nan,nan,nan,nan,nan,nan,-1.6336533,14.794465,0.075050898,18.715738,6534.2271,nan,18.985313
nan,nan,nan,nan,nan,nan,nan,nan,-1.626156,14.803051,0.075155966,18.737526,6504.02,nan,19.00387
nan,nan,nan,nan,nan,nan,nan,nan,-1.6186079,14.866058,0.075260557,18.759226,6473.6084,nan,19.022327
nan,nan,nan,nan,nan,nan,nan,nan,-1.6112723,14.828698,0.075364657,18.78084,6444.0537,nan,19.040691
nan,nan,nan,nan,nan,nan,nan,nan,-1.6033988,14.849909,0.075468279,18.802364,6412.3311,nan,19.058956
nan,nan,nan,nan,nan,nan,nan,nan,-1.5959618,14.893695,0.075571395,18.823801,6382.3677,nan,19.077124
nan,nan,nan,nan,nan,nan,nan,nan,-1.5884202,14.965004,0.075674035,18.845152,6351.9824,nan,19.095196
nan,nan,nan,nan,nan,nan,nan,nan,-1.5808986,14.871461,0.07577619,18.866413,6321.6777,nan,19.113169
nan,nan,nan,nan,nan,nan,nan,nan,-1.5735061,14.958123,0.07587786,18.887585,6291.8931,nan,19.131044
nan,nan,nan,nan,nan,nan,nan,nan,-1.5658797,14.982462,0.075979054,18.908669,6261.1665,nan,19.148825
nan,nan,nan,nan,nan,nan,nan,nan,-1.558301,15.041545,0.076079749,18.929661,6230.6313,nan,19.166506
nan,nan,nan,nan,nan,nan,nan,nan,-1.55058,15.011578,0.076179959,18.950565,6199.5239,nan,19.184088
nan,nan,nan,nan,nan,nan,nan,nan,-1.5430511,15.042341,0.07627967,18.971378,6169.1899,nan,19.201574
nan,nan,nan,nan,nan,nan,nan,nan,-1.5352222,15.12002,0.076378889,18.992102,6137.647,nan,19.218962
nan,nan,nan,nan,nan,nan,nan,nan,-1.5273278,15.103415,0.076477602,19.012733,6105.8403,nan,19.23625
nan,nan,nan,nan,nan,nan,nan,nan,-1.5197012,15.079987,0.076575816,19.033276,6075.1133,nan,19.253441
nan,nan,nan,nan,nan,nan,nan,nan,-1.5123804,15.151011,0.076673545,19.053724,6045.6172,nan,19.270533
nan,nan,nan,nan,nan,nan,nan,nan,-1.5052689,15.127469,0.076770812,19.074081,6016.9648,nan,19.287527
nan,nan,nan,nan,nan,nan,nan,nan,-1.4976375,15.186439,0.076867603,19.094345,5986.2183,nan,19.304422
nan,nan,nan,nan,nan,nan,nan,nan,-1.4903727,15.239608,0.076963909,19.114517,5956.9482,nan,19.321218
nan,nan,nan,nan,nan,nan,nan,nan,-1.4827316,15.13816,0.077059738,19.134596,5926.1621,nan,19.337915
nan,nan,nan,nan,nan,nan,nan,nan,-1.4750533,15.215781,0.077155076,19.154579,5895.2261,nan,19.354513
nan,nan,nan,nan,nan,nan,nan,nan,-1.467391,15.223288,0.077249914,19.174469,5864.3545,nan,19.371012
nan,nan,nan,nan,nan,nan,nan,nan,-1.4597844,15.263321,0.077344261,19.194265,5833.707,nan,19.387411
nan,nan,nan,nan,nan,nan,nan,nan,-1.4522592,15.315694,0.077438124,19.213964,5803.3887,nan,19.403711
nan,nan,nan,nan,nan,nan,nan,nan,-1.4444695,15.334573,0.077531494,19.23357,5772.0034,nan,19.419912
nan,nan,nan,nan,nan,nan,nan,nan,-1.4370004,15.278049,0.077624366,19.253078,5741.9106,nan,19.436012
nan,nan,nan,nan,nan,nan,nan,nan,-1.4296849,15.31177,0.077716768,19.27249,5712.436,nan,19.452015
nan,nan,nan,nan,nan,nan,nan,nan,-1.4219139,15.359082,0.077808678,19.291805,5681.127,nan,19.467915
nan,nan,nan,nan,nan,nan,nan,nan,-1.4145606,15.337189,0.077900104,19.311022,5651.5005,nan,19.483715
nan,nan,nan,nan,nan,nan,nan,nan,-1.4071023,15.32792,0.077991053,19.330141,5621.4512,nan,19.499416
nan,nan,nan,nan,nan,nan,nan,nan,-1.3992925,15.387629,0.078081511,19.349163,5589.9854,nan,19.515017
nan,nan,nan,nan,nan,nan,nan,nan,-1.3915172,15.431188,0.078171462,19.368084,5558.6582,nan,19.530516
nan,nan,nan,nan,nan,nan,nan,nan,-1.3836867,15.420895,0.078260913,19.386906,5527.1094,nan,19.545914
nan,nan,nan,nan,nan,nan,nan,nan,-1.3758531,15.482651,0.078349859,19.405628,5495.5474,nan,19.561213
nan,nan,nan,nan,nan,nan,nan,nan,-1.3678153,15.424307,0.078438297,19.42425,5463.1631,nan,19.576408
nan,nan,nan,nan,nan,nan,nan,nan,-1.3598839,15.4433,0.078526214,19.442768,5431.2075,nan,19.591505
nan,nan,nan,nan,nan,nan,nan,nan,-1.3524954,15.550434,0.078613639,19.461187,5401.439,nan,19.606499
nan,nan,nan,nan,nan,nan,nan,nan,-1.3450483,15.514381,0.078700587,19.479502,5371.4346,nan,19.621391
nan,nan,nan,nan,nan,nan,nan,nan,-1.3374538,15.554358,0.078787051,19.497715,5340.8364,nan,19.636183
nan,nan,nan,nan,nan,nan,nan,nan,-1.3297635,15.569882,0.078873016,19.515825,5309.8525,nan,19.650873
nan,nan,nan,nan,nan,nan,nan,nan,-1.3221811,15.586999,0.078958496,19.533831,5279.3027,nan,19.665462
nan,nan,nan,nan,nan,nan,nan,nan,-1.3142078,15.580061,0.07904347,19.551731,5247.1782,nan,19.679947
nan,nan,nan,nan,nan,nan,nan,nan,-1.3065532,15.636984,0.079127945,19.569527,5216.3379,nan,19.694332
nan,nan,nan,nan,nan,nan,nan,nan,-1.2987216,15.6218,0.07921192,19.587217,5184.7842,nan,19.708614
nan,nan,nan,nan,nan,nan,nan,nan,-1.2908556,15.636472,0.079295389,19.604801,5153.0923,nan,19.722794
nan,nan,nan,nan,nan,nan,nan,nan,-1.28295,15.715003,0.079378344,19.622278,5121.2402,nan,19.73687
nan,nan,nan,nan,nan,nan,nan,nan,-1.2750938,15.671273,0.0794608,19.639647,5089.5874,nan,19.750845
nan,nan,nan,nan,nan,nan,nan,nan,-1.2675301,15.658024,0.079542749,19.656908,5059.1133,nan,19.764715
nan,nan,nan,nan,nan,nan,nan,nan,-1.260271,15.776646,0.079624228,19.674061,5029.8662,nan,19.778484
nan,nan,nan,nan,nan,nan,nan,nan,-1.2525113,15.798822,0.079705216,19.691103,4998.6021,nan,19.792149
nan,nan,nan,nan,nan,nan,nan,nan,-1.2442272,15.768627,0.079785697,19.708036,4965.2256,nan,19.80571
nan,nan,nan,nan,nan,nan,nan,nan,-1.2362218,15.762201,0.079865642,19.724857,4932.9717,nan,19.81917
nan,nan,nan,nan,nan,nan,nan,nan,-1.2282875,15.750487,0.07994508,19.74157,4901.0044,nan,19.832523
nan,nan,nan,nan,nan,nan,nan,nan,-1.2203161,15.798653,0.080024004,19.758169,4868.8872,nan,19.845776
nan,nan,nan,nan,nan,nan,nan,nan,-1.2129563,15.759358,0.080102436,19.774654,4839.2349,nan,19.858921
nan,nan,nan,nan,nan,nan,nan,nan,-1.2051696,15.867289,0.080180377,19.791029,4807.8618,nan,19.871965
nan,nan,nan,nan,nan,nan,nan,nan,-1.1974368,15.802463,0.080257818,19.807289,4776.7065,nan,19.884903
nan,nan,nan,nan,nan,nan,nan,nan,-1.1896377,15.863137,0.080334753,19.823433,4745.2837,nan,19.897738
nan,nan,nan,nan,nan,nan,nan,nan,-1.1816127,15.876615,0.080411188,19.839464,4712.9512,nan,19.910467
nan,nan,nan,nan,nan,nan,nan,nan,-1.1738379,15.855803,0.08048711,19.855379,4681.6265,nan,19.923092
nan,nan,nan,nan,nan,nan,nan,nan,-1.1660525,15.939849,0.080562524,19.871178,4650.2588,nan,19.935612
nan,nan,nan,nan,nan,nan,nan,nan,-1.1582061,15.946218,0.08063744,19.886858,4618.6455,nan,19.948027
nan,nan,nan,nan,nan,nan,nan,nan,-1.1502563,15.918582,0.080711849,19.902422,4586.6157,nan,19.960337
nan,nan,nan,nan,nan,nan,nan,nan,-1.1426349,15.950142,0.080785751,19.917868,4555.9092,nan,19.972542
nan,nan,nan,nan,nan,nan,nan,nan,-1.1352712,15.93439,0.080859177,19.933193,4526.2412,nan,19.98464
nan,nan,nan,nan,nan,nan,nan,nan,-1.1274531,15.947355,0.080932111,19.9484,4494.7417,nan,19.996634
nan,nan,nan,nan,nan,nan,nan,nan,-1.1196641,16.019291,0.081004538,19.963486,4463.3599,nan,20.00852
nan,nan,nan,nan,nan,nan,nan,nan,-1.1115807,16.003937,0.081076458,19.978451,4430.7915,nan,20.0203
nan,nan,nan,nan,nan,nan,nan,nan,-1.1039304,16.041752,0.081147864,19.993296,4399.9688,nan,20.031975
nan,nan,nan,nan,nan,nan,nan,nan,-1.0959127,16.068024,0.081218772,20.008017,4367.6655,nan,20.043543
nan,nan,nan,nan,nan,nan,nan,nan,-1.0881739,16.031118,0.081289165,20.022615,4336.4854,nan,20.055004
nan,nan,nan,nan,nan,nan,nan,nan,-1.080372,16.029299,0.081359066,20.037088,4305.0513,nan,20.066359
nan,nan,nan,nan,nan,nan,nan,nan,-1.072265,15.999217,0.081428446,20.051439,4272.3887,nan,20.077606
nan,nan,nan,nan,nan,nan,nan,nan,-1.0641835,16.078487,0.081497312,20.065664,4239.8281,nan,20.088745
nan,nan,nan,nan,nan,nan,nan,nan,-1.055986,16.136889,0.081565648,20.079765,4206.8003,nan,20.099779
nan,nan,nan,nan,nan,nan,nan,nan,-1.0481409,16.057959,0.081633471,20.093739,4175.1924,nan,20.110704
nan,nan,nan,nan,nan,nan,nan,nan,-1.0403126,16.145645,0.081700787,20.107584,4143.6519,nan,20.121521
nan,nan,nan,nan,nan,nan,nan,nan,-1.032403,16.098959,0.081767589,20.121304,4111.7842,nan,20.132231
nan,nan,nan,nan,nan,nan,nan,nan,-1.0244931,16.154062,0.081833892,20.134893,4079.915,nan,20.142832
nan,nan,nan,nan,nan,nan,nan,nan,-1.0162314,16.136433,0.081899665,20.148355,4046.6284,nan,20.153324
nan,nan,nan,nan,nan,nan,nan,nan,-1.0079722,16.200861,0.08196491,20.161686,4013.3523,nan,20.163708
nan,nan,nan,nan,nan,nan,nan,nan,-0.99984968,16.185509,0.082029626,20.174889,3980.6265,nan,20.173983
nan,nan,nan,nan,nan,nan,nan,nan,-0.99170864,16.224688,0.08209382,20.187958,3947.8262,nan,20.184149
nan,nan,nan,nan,nan,nan,nan,nan,-0.9837389,16.23646,0.082157493,20.200897,3915.7161,nan,20.194206
nan,nan,nan,nan,nan,nan,nan,nan,-0.97561997,16.25659,0.082220644,20.213703,3883.0046,nan,20.204153
nan,nan,nan,nan,nan,nan,nan,nan,-0.96751869,16.224176,0.082283281,20.226376,3850.3645,nan,20.213991
nan,nan,nan,nan,nan,nan,nan,nan,-0.95942461,16.289118,0.082345389,20.238916,3817.7537,nan,20.223719
nan,nan,nan,nan,nan,nan,nan,nan,-0.95149845,16.151503,0.082406983,20.251322,3785.8188,nan,20.233335
nan,nan,nan,nan,nan,nan,nan,nan,-0.94329995,16.210587,0.082468055,20.263592,3752.7871,nan,20.242844
nan,nan,nan,nan,nan,nan,nan,nan,-0.93522674,16.287979,0.082528599,20.275726,3720.26,nan,20.252241
nan,nan,nan,nan,nan,nan,nan,nan,-0.9269259,16.305096,0.08258862,20.287724,3686.8159,nan,20.261528
nan,nan,nan,nan,nan,nan,nan,nan,-0.91845948,16.304926,0.082648106,20.299585,3652.7046,nan,20.270702
nan,nan,nan,nan,nan,nan,nan,nan,-0.91037655,16.235323,0.082707047,20.31131,3620.1384,nan,20.279766
nan,nan,nan,nan,nan,nan,nan,nan,-0.90210164,16.293211,0.082765467,20.322895,3586.7988,nan,20.288719
nan,nan,nan,nan,nan,nan,nan,nan,-0.89365238,16.315048,0.082823351,20.334341,3552.7566,nan,20.29756
nan,nan,nan,nan,nan,nan,nan,nan,-0.88524604,16.32045,0.082880691,20.345648,3518.8875,nan,20.30629
nan,nan,nan,nan,nan,nan,nan,nan,-0.8769716,16.32045,0.082937486,20.356813,3485.5496,nan,20.314907
nan,nan,nan,nan,nan,nan,nan,nan,-0.86874056,16.356388,0.082993761,20.36784,3452.3867,nan,20.323412
nan,nan,nan,nan,nan,nan,nan,nan,-0.86053389,16.315958,0.083049498,20.378723,3419.322,nan,20.331804
nan,nan,nan,nan,nan,nan,nan,nan,-0.85185665,16.391191,0.083104692,20.389465,3384.3611,nan,20.340082
nan,nan,nan,nan,nan,nan,nan,nan,-0.84363031,16.381638,0.083159335,20.400066,3351.2173,nan,20.348249
nan,nan,nan,nan,nan,nan,nan,nan,-0.8354547,16.321871,0.083213456,20.410522,3318.2776,nan,20.356302
nan,nan,nan,nan,nan,nan,nan,nan,-0.82749832,16.464491,0.083267055,20.420834,3286.2212,nan,20.364243
nan,nan,nan,nan,nan,nan,nan,nan,-0.81926745,16.338249,0.083320141,20.431002,3253.0591,nan,20.372066
nan,nan,nan,nan,nan,nan,nan,nan,-0.81115162,16.430086,0.08337269,20.441023,3220.3604,nan,20.37978
nan,nan,nan,nan,nan,nan,nan,nan,-0.8026861,16.427813,0.08342471,20.450899,3186.2524,nan,20.387377
nan,nan,nan,nan,nan,nan,nan,nan,-0.79439086,16.423319,0.083476186,20.46063,3152.8311,nan,20.394859
nan,nan,nan,nan,nan,nan,nan,nan,-0.78604275,16.480982,0.083527125,20.470213,3119.1965,nan,20.402227
nan,nan,nan,nan,nan,nan,nan,nan,-0.77785587,16.406374,0.083577536,20.479649,3086.2114,nan,20.409479
nan,nan,nan,nan,nan,nan,nan,nan,-0.76994562,16.487179,0.083627418,20.488935,3054.3408,nan,20.416618
nan,nan,nan,nan,nan,nan,nan,nan,-0.76174998,16.502022,0.083676793,20.498074,3021.3208,nan,20.423639
nan,nan,nan,nan,nan,nan,nan,nan,-0.75332266,16.555986,0.083725624,20.507061,2987.3669,nan,20.430546
nan,nan,nan,nan,nan,nan,nan,nan,-0.74475056,16.394886,0.083773911,20.5159,2952.8298,nan,20.437336
nan,nan,nan,nan,nan,nan,nan,nan,-0.73618078,16.480925,0.083821647,20.52459,2918.3022,nan,20.44401
nan,nan,nan,nan,nan,nan,nan,nan,-0.72788191,16.495369,0.083868831,20.533125,2884.866,nan,20.450567
nan,nan,nan,nan,nan,nan,nan,nan,-0.71927613,16.508163,0.083915479,20.541512,2850.1934,nan,20.457006
nan,nan,nan,nan,nan,nan,nan,nan,-0.71068418,16.472507,0.083961569,20.549744,2815.5759,nan,20.463329
nan,nan,nan,nan,nan,nan,nan,nan,-0.70216817,16.495596,0.084007107,20.557825,2781.2651,nan,20.469534
nan,nan,nan,nan,nan,nan,nan,nan,-0.69399095,16.454596,0.084052108,20.565752,2748.3188,nan,20.475622
nan,nan,nan,nan,nan,nan,nan,nan,-0.68552232,16.500885,0.084096573,20.573524,2714.1987,nan,20.481592
nan,nan,nan,nan,nan,nan,nan,nan,-0.67722827,16.53887,0.084140502,20.581144,2680.7817,nan,20.487444
nan,nan,nan,nan,nan,nan,nan,nan,-0.66863346,16.521696,0.084183879,20.588608,2646.1533,nan,20.493176
nan,nan,nan,nan,nan,nan,nan,nan,-0.66029173,16.599602,0.084226713,20.595915,2612.5444,nan,20.498791
nan,nan,nan,nan,nan,nan,nan,nan,-0.65201646,16.533583,0.08426901,20.603067,2579.2034,nan,20.504284
nan,nan,nan,nan,nan,nan,nan,nan,-0.64371639,16.596476,0.084310777,20.610064,2545.7622,nan,20.509659
nan,nan,nan,nan,nan,nan,nan,nan,-0.63558275,16.606882,0.084352009,20.616901,2512.9917,nan,20.514915
nan,nan,nan,nan,nan,nan,nan,nan,-0.62737823,16.606142,0.084392719,20.623583,2479.9355,nan,20.52005
nan,nan,nan,nan,nan,nan,nan,nan,-0.61936802,16.595451,0.0844329,20.630106,2447.6624,nan,20.525064
nan,nan,nan,nan,nan,nan,nan,nan,-0.61080343,16.645777,0.084472552,20.636471,2413.1555,nan,20.529961
nan,nan,nan,nan,nan,nan,nan,nan,-0.60236502,16.558147,0.08451166,20.642677,2379.1572,nan,20.534733
nan,nan,nan,nan,nan,nan,nan,nan,-0.59410846,16.568611,0.084550224,20.648724,2345.8916,nan,20.539385
nan,nan,nan,nan,nan,nan,nan,nan,-0.58549434,16.527952,0.084588245,20.65461,2311.1853,nan,20.543917
nan,nan,nan,nan,nan,nan,nan,nan,-0.57717431,16.540236,0.084625721,20.660336,2277.6636,nan,20.548325
nan,nan,nan,nan,nan,nan,nan,nan,-0.56876224,16.617628,0.084662654,20.665901,2243.7712,nan,20.55261
nan,nan,nan,nan,nan,nan,nan,nan,-0.56039262,16.636621,0.08469905,20.671305,2210.05,nan,20.556776
nan,nan,nan,nan,nan,nan,nan,nan,-0.55214858,16.721352,0.084734909,20.676546,2176.8347,nan,20.560816
nan,nan,nan,nan,nan,nan,nan,nan,-0.5438199,16.541542,0.084770232,20.681625,2143.2783,nan,20.564735
nan,nan,nan,nan,nan,nan,nan,nan,-0.53572702,16.557123,0.084805027,20.686543,2110.6721,nan,20.568529
nan,nan,nan,nan,nan,nan,nan,nan,-0.52740008,16.69326,0.084839299,20.691298,2077.1228,nan,20.572201
nan,nan,nan,nan,nan,nan,nan,nan,-0.51898402,16.653341,0.084873021,20.695889,2043.2144,nan,20.575747
nan,nan,nan,nan,nan,nan,nan,nan,-0.51049018,16.713505,0.084906206,20.700315,2008.9926,nan,20.57917
nan,nan,nan,nan,nan,nan,nan,nan,-0.50233513,16.600058,0.084938854,20.704576,1976.1359,nan,20.582468
nan,nan,nan,nan,nan,nan,nan,nan,-0.49410176,16.639009,0.084970966,20.708675,1942.9636,nan,20.58564
nan,nan,nan,nan,nan,nan,nan,nan,-0.48570231,16.642536,0.085002549,20.712608,1909.1221,nan,20.588688
nan,nan,nan,nan,nan,nan,nan,nan,-0.47744998,16.677849,0.085033596,20.716375,1875.8735,nan,20.59161
nan,nan,nan,nan,nan,nan,nan,nan,-0.46933106,16.742619,0.085064113,20.719976,1843.1621,nan,20.594406
nan,nan,nan,nan,nan,nan,nan,nan,-0.46090698,16.651806,0.085094094,20.723412,1809.2216,nan,20.597075
nan,nan,nan,nan,nan,nan,nan,nan,-0.45259118,16.653397,0.085123539,20.726681,1775.7172,nan,20.599617
nan,nan,nan,nan,nan,nan,nan,nan,-0.44424048,16.723627,0.085152447,20.729784,1742.072,nan,20.602034
nan,nan,nan,nan,nan,nan,nan,nan,-0.43602905,16.63611,0.085180819,20.732718,1708.9882,nan,20.604322
nan,nan,nan,nan,nan,nan,nan,nan,-0.42765984,16.70196,0.085208654,20.735485,1675.2686,nan,20.606483
nan,nan,nan,nan,nan,nan,nan,nan,-0.41945255,16.632414,0.085235961,20.738085,1642.2012,nan,20.608515
nan,nan,nan,nan,nan,nan,nan,nan,-0.41104025,16.684504,0.085262731,20.740515,1608.308,nan,20.61042
nan,nan,nan,nan,nan,nan,nan,nan,-0.40272057,16.606825,0.085288957,20.742779,1574.7881,nan,20.612196
nan,nan,nan,nan,nan,nan,nan,nan,-0.39446452,16.724138,0.085314654,20.744871,1541.5243,nan,20.613842
nan,nan,nan,nan,nan,nan,nan,nan,-0.38617015,16.729996,0.085339814,20.746796,1508.1062,nan,20.61536
nan,nan,nan,nan,nan,nan,nan,nan,-0.37804613,16.68854,0.085364446,20.74855,1475.3744,nan,20.616749
nan,nan,nan,nan,nan,nan,nan,nan,-0.36973804,16.698492,0.085388549,20.750137,1441.9011,nan,20.618006
nan,nan,nan,nan,nan,nan,nan,nan,-0.36138898,16.68581,0.085412115,20.751553,1408.2627,nan,20.619133
nan,nan,nan,nan,nan,nan,nan,nan,-0.35278612,16.708385,0.085435137,20.752796,1373.6017,nan,20.620129
nan,nan,nan,nan,nan,nan,nan,nan,-0.34421527,16.709352,0.085457601,20.753872,1339.0696,nan,20.620995
nan,nan,nan,nan,nan,nan,nan,nan,-0.33538386,16.772758,0.085479505,20.754774,1303.4878,nan,20.621729
nan,nan,nan,nan,nan,nan,nan,nan,-0.32651737,16.720669,0.085500836,20.755507,1267.7645,nan,20.622332
nan,nan,nan,nan,nan,nan,nan,nan,-0.31817511,16.729824,0.085521616,20.756069,1234.1536,nan,20.622801
nan,nan,nan,nan,nan,nan,nan,nan,-0.30985957,16.702358,0.085541859,20.756458,1200.6501,nan,20.623138
nan,nan,nan,nan,nan,nan,nan,nan,-0.30089608,16.70594,0.085561551,20.756676,1164.5361,nan,20.623343
nan,nan,nan,nan,nan,nan,nan,nan,-0.29226294,16.702358,0.085580669,20.756721,1129.7532,nan,20.623415
nan,nan,nan,nan,nan,nan,nan,nan,-0.28386357,16.72772,0.085599236,20.756596,1095.9121,nan,20.623352
nan,nan,nan,nan,nan,nan,nan,nan,-0.27551544,16.748703,0.085617267,20.756296,1062.2773,nan,20.623158
nan,nan,nan,nan,nan,nan,nan,nan,-0.26695454,16.755413,0.085634753,20.755825,1027.7855,nan,20.622828
nan,nan,nan,nan,nan,nan,nan,nan,-0.25852981,16.726128,0.085651688,20.75518,993.8421,nan,20.622362
nan,nan,nan,nan,nan,nan,nan,nan,-0.25016552,16.695194,0.085668087,20.754362,960.1424,nan,20.621761
nan,nan,nan,nan,nan,nan,nan,nan,-0.24155414,16.668922,0.085683934,20.753372,925.44702,nan,20.621027
nan,nan,nan,nan,nan,nan,nan,nan,-0.23303492,16.651522,0.08569923,20.752207,891.12299,nan,20.620155
nan,nan,nan,nan,nan,nan,nan,nan,-0.22436477,16.674835,0.085713975,20.75087,856.19092,nan,20.61915
nan,nan,nan,nan,nan,nan,nan,nan,-0.21603942,16.701334,0.085728168,20.749359,822.64795,nan,20.618006
nan,nan,nan,nan,nan,nan,nan,nan,-0.20771296,16.695591,0.085741825,20.747673,789.10059,nan,20.616726
nan,nan,nan,nan,nan,nan,nan,nan,-0.19917876,16.683594,0.085754946,20.745813,754.71619,nan,20.615309
nan,nan,nan,nan,nan,nan,nan,nan,-0.18986033,16.810118,0.085767485,20.74378,717.17218,nan,20.613754
nan,nan,nan,nan,nan,nan,nan,nan,-0.18123664,16.676201,0.085779443,20.741573,682.42725,nan,20.612062
nan,nan,nan,nan,nan,nan,nan,nan,-0.17271735,16.676939,0.08579085,20.739191,648.10297,nan,20.610231
nan,nan,nan,nan,nan,nan,nan,nan,-0.16415991,16.659311,0.085801713,20.736633,613.62494,nan,20.608263
nan,nan,nan,nan,nan,nan,nan,nan,-0.15603687,16.669603,0.085812032,20.733902,580.89716,nan,20.606153
nan,nan,nan,nan,nan,nan,nan,nan,-0.14789702,16.67239,0.08582183,20.730995,548.10162,nan,20.603907
nan,nan,nan,nan,nan,nan,nan,nan,-0.13959849,16.692408,0.085831091,20.727915,514.66681,nan,20.601521
nan,nan,nan,nan,nan,nan,nan,nan,-0.13128692,16.691099,0.085839823,20.724659,481.17941,nan,20.598993
nan,nan,nan,nan,nan,nan,nan,nan,-0.12260448,16.704178,0.085848011,20.721228,446.19778,nan,20.596325
nan,nan,nan,nan,nan,nan,nan,nan,-0.11431003,16.60944,0.085855648,20.717621,412.77939,nan,20.593517
nan,nan,nan,nan,nan,nan,nan,nan,-0.10573036,16.708784,0.085862741,20.713839,378.21179,nan,20.590569
nan,nan,nan,nan,nan,nan,nan,nan,-0.09698078,16.705259,0.085869268,20.709881,342.95966,nan,20.587477
nan,nan,nan,nan,nan,nan,nan,nan,-0.088470608,16.645493,0.08587525,20.70575,308.67209,nan,20.584246
nan,nan,nan,nan,nan,nan,nan,nan,-0.080308288,16.678589,0.085880689,20.701441,275.78604,nan,20.58087
nan,nan,nan,nan,nan,nan,nan,nan,-0.072082318,16.687061,0.085885599,20.696957,242.64354,nan,20.577354
nan,nan,nan,nan,nan,nan,nan,nan,-0.063865222,16.675119,0.08588998,20.692299,209.53677,nan,20.573694
nan,nan,nan,nan,nan,nan,nan,nan,-0.055557337,16.653341,0.085893832,20.687464,176.06424,nan,20.569891
nan,nan,nan,nan,nan,nan,nan,nan,-0.046864465,16.697069,0.085897133,20.682453,141.04057,nan,20.565945
nan,nan,nan,nan,nan,nan,nan,nan,-0.038257781,16.57822,0.085899875,20.677267,106.36418,nan,20.561853
nan,nan,nan,nan,nan,nan,nan,nan,-0.029843789,16.674438,0.085902072,20.671906,72.464127,nan,20.557619
nan,nan,nan,nan,nan,nan,nan,nan,-0.021452112,16.636793,0.085903727,20.666367,38.653984,nan,20.553238
nan,nan,nan,nan,nan,nan,nan,nan,-0.013296633,16.644241,0.085904844,20.660654,5.7954893,nan,20.548714
nan,nan,nan,nan,nan,nan,nan,nan,-0.0045877905,16.60745,0.085905418,20.654764,-29.292515,nan,20.544044
nan,nan,nan,nan,nan,nan,nan,nan,0.0033671795,16.627638,0.085905463,20.648699,-61.343159,nan,20.539228
nan,nan,nan,nan,nan,nan,nan,nan,0.011555362,16.565029,0.085904978,20.642458,-94.33342,nan,20.534267
nan,nan,nan,nan,nan,nan,nan,nan,0.019481808,16.583736,0.08590398,20.636042,-126.26914,nan,20.52916
nan,nan,nan,nan,nan,nan,nan,nan,0.027792783,16.599033,0.085902452,20.62945,-159.75414,nan,20.523905
nan,nan,nan,nan,nan,nan,nan,nan,0.035989568,16.586069,0.085900396,20.622681,-192.77905,nan,20.518503
nan,nan,nan,nan,nan,nan,nan,nan,0.04454482,16.626955,0.085897803,20.615736,-227.24825,nan,20.512955
nan,nan,nan,nan,nan,nan,nan,nan,0.053112108,16.625477,0.085894659,20.608616,-261.7659,nan,20.507257
nan,nan,nan,nan,nan,nan,nan,nan,0.061963063,16.571795,0.085890949,20.60132,-297.42648,nan,20.501411
nan,nan,nan,nan,nan,nan,nan,nan,0.070591368,16.549107,0.085886672,20.593849,-332.19,nan,20.495419
nan,nan,nan,nan,nan,nan,nan,nan,0.079012007,16.577368,0.085881852,20.586203,-366.11685,nan,20.489277
nan,nan,nan,nan,nan,nan,nan,nan,0.087851554,16.51186,0.085876472,20.578379,-401.73145,nan,20.482985
nan,nan,nan,nan,nan,nan,nan,nan,0.096489184,16.52346,0.085870534,20.570381,-436.53253,nan,20.476545
nan,nan,nan,nan,nan,nan,nan,nan,0.10484342,16.500486,0.085864045,20.562206,-470.19183,nan,20.469954
nan,nan,nan,nan,nan,nan,nan,nan,0.11341833,16.540974,0.085857011,20.553858,-504.7402,nan,20.463213
nan,nan,nan,nan,nan,nan,nan,nan,0.12208844,16.528351,0.085849419,20.545332,-539.67218,nan,20.456322
nan,nan,nan,nan,nan,nan,nan,nan,0.13036393,16.525393,0.085841283,20.536631,-573.01416,nan,20.449282
nan,nan,nan,nan,nan,nan,nan,nan,0.1389764,16.491274,0.085832596,20.527756,-607.71387,nan,20.442087
nan,nan,nan,nan,nan,nan,nan,nan,0.14750704,16.46995,0.085823365,20.518703,-642.08392,nan,20.434744
nan,nan,nan,nan,nan,nan,nan,nan,0.15574926,16.562014,0.085813589,20.509478,-675.29193,nan,20.427248
nan,nan,nan,nan,nan,nan,nan,nan,0.16399363,16.50441,0.085803285,20.500076,-708.50854,nan,20.4196
nan,nan,nan,nan,nan,nan,nan,nan,0.17219099,16.482801,0.085792452,20.490499,-741.53583,nan,20.411798
nan,nan,nan,nan,nan,nan,nan,nan,0.18115845,16.506514,0.08578106,20.480747,-777.66577,nan,20.403847
nan,nan,nan,nan,nan,nan,nan,nan,0.18966876,16.451694,0.085769109,20.470819,-811.95386,nan,20.395741
nan,nan,nan,nan,nan,nan,nan,nan,0.19807388,16.438105,0.085756607,20.460718,-845.81818,nan,20.38748
nan,nan,nan,nan,nan,nan,nan,nan,0.20629822,16.45141,0.085743576,20.450441,-878.9541,nan,20.379068
nan,nan,nan,nan,nan,nan,nan,nan,0.21476667,16.396194,0.085730001,20.439989,-913.07361,nan,20.370501
nan,nan,nan,nan,nan,nan,nan,nan,0.22330175,16.40626,0.085715882,20.429363,-947.46155,nan,20.36178
nan,nan,nan,nan,nan,nan,nan,nan,0.23176876,16.400118,0.085701212,20.418562,-981.57513,nan,20.352903
nan,nan,nan,nan,nan,nan,nan,nan,0.23980887,16.359118,0.085686013,20.407587,-1013.9689,nan,20.343874
nan,nan,nan,nan,nan,nan,nan,nan,0.24809419,16.397446,0.085670292,20.396437,-1047.3505,nan,20.334688
nan,nan,nan,nan,nan,nan,nan,nan,0.25619262,16.411093,0.085654035,20.385113,-1079.979,nan,20.325348
nan,nan,nan,nan,nan,nan,nan,nan,0.26445115,16.375154,0.085637257,20.373613,-1113.2528,nan,20.315851
nan,nan,nan,nan,nan,nan,nan,nan,0.27282226,16.314535,0.085619934,20.361942,-1146.9801,nan,20.306198
nan,nan,nan,nan,nan,nan,nan,nan,0.28135705,16.413027,0.085602075,20.350094,-1181.3668,nan,20.296391
nan,nan,nan,nan,nan,nan,nan,nan,0.2898224,16.38431,0.085583664,20.338074,-1215.4739,nan,20.286425
nan,nan,nan,nan,nan,nan,nan,nan,0.29828084,16.32716,0.08556471,20.32588,-1249.553,nan,20.276302
nan,nan,nan,nan,nan,nan,nan,nan,0.30663401,16.328411,0.085545212,20.313511,-1283.2079,nan,20.266024
nan,nan,nan,nan,nan,nan,nan,nan,0.31509307,16.338476,0.08552517,20.30097,-1317.2894,nan,20.255589
nan,nan,nan,nan,nan,nan,nan,nan,0.32353565,16.310385,0.085504584,20.288254,-1351.3048,nan,20.244993
nan,nan,nan,nan,nan,nan,nan,nan,0.331763,16.268133,0.085483462,20.275364,-1384.4528,nan,20.234243
nan,nan,nan,nan,nan,nan,nan,nan,0.33978984,16.269611,0.085461818,20.262302,-1416.7931,nan,20.223333
nan,nan,nan,nan,nan,nan,nan,nan,0.34813917,16.221447,0.085439645,20.249067,-1450.4325,nan,20.212265
nan,nan,nan,nan,nan,nan,nan,nan,0.35649046,16.279449,0.085416935,20.235659,-1484.08,nan,20.201038
nan,nan,nan,nan,nan,nan,nan,nan,0.36510709,16.219513,0.085393675,20.222076,-1518.7965,nan,20.189653
nan,nan,nan,nan,nan,nan,nan,nan,0.3736127,16.223152,0.085369863,20.208323,-1553.0657,nan,20.178108
nan,nan,nan,nan,nan,nan,nan,nan,0.3819809,16.185225,0.085345514,20.194395,-1586.7811,nan,20.166405
nan,nan,nan,nan,nan,nan,nan,nan,0.39053062,16.189148,0.085320614,20.180294,-1621.2281,nan,20.154541
nan,nan,nan,nan,nan,nan,nan,nan,0.39890659,16.144962,0.085295163,20.166021,-1654.975,nan,20.142517
nan,nan,nan,nan,nan,nan,nan,nan,0.40740326,16.255795,0.085269175,20.151577,-1689.2081,nan,20.130335
nan,nan,nan,nan,nan,nan,nan,nan,0.41579628,16.187498,0.085242644,20.136959,-1723.0237,nan,20.11799
nan,nan,nan,nan,nan,nan,nan,nan,0.42376113,16.087643,0.085215583,20.122169,-1755.1141,nan,20.105488
nan,nan,nan,nan,nan,nan,nan,nan,0.43227053,16.170269,0.085187994,20.107208,-1789.3986,nan,20.092823
nan,nan,nan,nan,nan,nan,nan,nan,0.4409706,16.173737,0.085159846,20.092073,-1824.4512,nan,20.079998
nan,nan,nan,nan,nan,nan,nan,nan,0.44996667,16.159863,0.085131131,20.076767,-1860.6964,nan,20.067011
nan,nan,nan,nan,nan,nan,nan,nan,0.4586736,16.032938,0.085101843,20.061289,-1895.7767,nan,20.053864
nan,nan,nan,nan,nan,nan,nan,nan,0.46734411,16.03561,0.085071996,20.045641,-1930.7103,nan,20.040554
nan,nan,nan,nan,nan,nan,nan,nan,0.47530723,16.099358,0.085041612,20.029819,-1962.7938,nan,20.027082
nan,nan,nan,nan,nan,nan,nan,nan,0.48347801,16.077805,0.085010707,20.013826,-1995.714,nan,20.013451
nan,nan,nan,nan,nan,nan,nan,nan,0.49149469,16.00769,0.084979281,19.997663,-2028.0133,nan,19.999657
nan,nan,nan,nan,nan,nan,nan,nan,0.50028819,16.01531,0.08494731,19.981327,-2063.4424,nan,19.985699
nan,nan,nan,nan,nan,nan,nan,nan,0.50924093,15.989265,0.084914774,19.964821,-2099.5129,nan,19.971581
nan,nan,nan,nan,nan,nan,nan,nan,0.51789629,16.067966,0.084881671,19.948143,-2134.3855,nan,19.957298
nan,nan,nan,nan,nan,nan,nan,nan,0.52643317,16.01622,0.084848009,19.931295,-2168.7808,nan,19.942854
nan,nan,nan,nan,nan,nan,nan,nan,0.53484702,15.980452,0.084813796,19.914276,-2202.6802,nan,19.928247
nan,nan,nan,nan,nan,nan,nan,nan,0.54319936,15.985456,0.084779054,19.897087,-2236.3318,nan,19.913477
nan,nan,nan,nan,nan,nan,nan,nan,0.55127734,15.903001,0.084743775,19.879726,-2268.8779,nan,19.898542
nan,nan,nan,nan,nan,nan,nan,nan,0.55961007,15.936551,0.084707968,19.862194,-2302.4507,nan,19.883446
nan,nan,nan,nan,nan,nan,nan,nan,0.56779891,15.890092,0.084671631,19.844494,-2335.4436,nan,19.868187
nan,nan,nan,nan,nan,nan,nan,nan,0.57593215,15.854722,0.084634766,19.826622,-2368.2124,nan,19.852762
nan,nan,nan,nan,nan,nan,nan,nan,0.58451074,15.858248,0.084597364,19.80858,-2402.7756,nan,19.837175
nan,nan,nan,nan,nan,nan,nan,nan,0.59338826,15.828052,0.084559396,19.790367,-2438.5432,nan,19.821424
nan,nan,nan,nan,nan,nan,nan,nan,0.60191041,15.811618,0.084520869,19.771986,-2472.8792,nan,19.80551
nan,nan,nan,nan,nan,nan,nan,nan,0.61011022,15.815314,0.084481806,19.753433,-2505.9163,nan,19.789431
nan,nan,nan,nan,nan,nan,nan,nan,0.61829239,15.753501,0.084442206,19.734711,-2538.8823,nan,19.773188
nan,nan,nan,nan,nan,nan,nan,nan,0.62677461,15.819465,0.084402077,19.715818,-2573.0571,nan,19.756781
nan,nan,nan,nan,nan,nan,nan,nan,0.63511157,15.747359,0.084361404,19.696758,-2606.647,nan,19.740208
nan,nan,nan,nan,nan,nan,nan,nan,0.64322543,15.743265,0.084320202,19.677526,-2639.3376,nan,19.723473
nan,nan,nan,nan,nan,nan,nan,nan,0.65140384,15.7274,0.084278472,19.658127,-2672.2886,nan,19.706572
nan,nan,nan,nan,nan,nan,nan,nan,0.6598469,15.761746,0.084236205,19.638557,-2706.3059,nan,19.689507
nan,nan,nan,nan,nan,nan,nan,nan,0.66820168,15.645514,0.084193401,19.618818,-2739.9673,nan,19.672276
nan,nan,nan,nan,nan,nan,nan,nan,0.676539,15.634936,0.084150061,19.598909,-2773.5583,nan,19.654882
nan,nan,nan,nan,nan,nan,nan,nan,0.68513906,15.63579,0.08410617,19.578833,-2808.208,nan,19.637321
nan,nan,nan,nan,nan,nan,nan,nan,0.69356877,15.620038,0.084061727,19.558586,-2842.1714,nan,19.619598
nan,nan,nan,nan,nan,nan,nan,nan,0.7021026,15.589558,0.084016748,19.53817,-2876.5544,nan,19.601709
nan,nan,nan,nan,nan,nan,nan,nan,0.71052784,15.56232,0.08397121,19.517586,-2910.4998,nan,19.583654
nan,nan,nan,nan,nan,nan,nan,nan,0.71868163,15.606106,0.083925143,19.496832,-2943.3513,nan,19.565435
nan,nan,nan,nan,nan,nan,nan,nan,0.72696388,15.63289,0.083878547,19.47591,-2976.7207,nan,19.547052
nan,nan,nan,nan,nan,nan,nan,nan,0.73522186,15.510345,0.083831422,19.454821,-3009.9919,nan,19.528503
nan,nan,nan,nan,nan,nan,nan,nan,0.74317366,15.596951,0.083783768,19.433561,-3042.03,nan,19.509789
nan,nan,nan,nan,nan,nan,nan,nan,0.75136375,15.470367,0.0837356,19.412132,-3075.0281,nan,19.49091
nan,nan,nan,nan,nan,nan,nan,nan,0.75941336,15.454389,0.083686903,19.390537,-3107.46,nan,19.471867
nan,nan,nan,nan,nan,nan,nan,nan,0.76781207,15.447394,0.083637677,19.368773,-3141.2983,nan,19.452658
nan,nan,nan,nan,nan,nan,nan,nan,0.77621436,15.36784,0.083587907,19.34684,-3175.1514,nan,19.433283
nan,nan,nan,nan,nan,nan,nan,nan,0.78492266,15.402641,0.083537593,19.324739,-3210.2371,nan,19.413744
nan,nan,nan,nan,nan,nan,nan,nan,0.7935068,15.414924,0.083486713,19.302469,-3244.8228,nan,19.394039
nan,nan,nan,nan,nan,nan,nan,nan,0.80191922,15.397751,0.08343529,19.280033,-3278.7166,nan,19.37417
nan,nan,nan,nan,nan,nan,nan,nan,0.80981022,15.340033,0.083383344,19.257427,-3310.5095,nan,19.354137
nan,nan,nan,nan,nan,nan,nan,nan,0.81766558,15.305514,0.083330885,19.234653,-3342.1587,nan,19.333939
nan,nan,nan,nan,nan,nan,nan,nan,0.82576972,15.29818,0.083277911,19.211712,-3374.8103,nan,19.313574
nan,nan,nan,nan,nan,nan,nan,nan,0.83356732,15.244328,0.083224431,19.188602,-3406.2271,nan,19.293045
nan,nan,nan,nan,nan,nan,nan,nan,0.84179384,15.240063,0.083170429,19.165327,-3439.3716,nan,19.272352
nan,nan,nan,nan,nan,nan,nan,nan,0.85007823,15.219705,0.083115898,19.141882,-3472.7495,nan,19.251493
nan,nan,nan,nan,nan,nan,nan,nan,0.85837787,15.18786,0.083060831,19.118269,-3506.189,nan,19.230471
nan,nan,nan,nan,nan,nan,nan,nan,0.8666048,15.131563,0.083005227,19.094488,-3539.3352,nan,19.209284
nan,nan,nan,nan,nan,nan,nan,nan,0.87478602,15.228576,0.082949102,19.070541,-3572.2974,nan,19.187931
nan,nan,nan,nan,nan,nan,nan,nan,0.88277715,15.102221,0.082892448,19.046425,-3604.4939,nan,19.166416
nan,nan,nan,nan,nan,nan,nan,nan,0.89085621,15.075892,0.082835279,19.022142,-3637.0444,nan,19.144735
nan,nan,nan,nan,nan,nan,nan,nan,0.89926147,15.111604,0.082777582,18.997692,-3670.9092,nan,19.12289
nan,nan,nan,nan,nan,nan,nan,nan,0.90758938,15.079588,0.082719341,18.973074,-3704.4624,nan,19.100882
nan,nan,nan,nan,nan,nan,nan,nan,0.9161914,15.00953,0.082660563,18.94829,-3739.1201,nan,19.078709
nan,nan,nan,nan,nan,nan,nan,nan,0.92428613,14.940438,0.082601234,18.923336,-3771.7336,nan,19.056372
nan,nan,nan,nan,nan,nan,nan,nan,0.93201685,14.971999,0.082541406,18.898216,-3802.8809,nan,19.033873
nan,nan,nan,nan,nan,nan,nan,nan,0.94013923,14.961763,0.082481064,18.872931,-3835.606,nan,19.011208
nan,nan,nan,nan,nan,nan,nan,nan,0.94811004,14.905637,0.0824202,18.847475,-3867.7207,nan,18.98838
nan,nan,nan,nan,nan,nan,nan,nan,0.95620459,14.860941,0.082358822,18.821854,-3900.3335,nan,18.965389
nan,nan,nan,nan,nan,nan,nan,nan,0.96425343,14.862135,0.082296923,18.796064,-3932.7625,nan,18.942236
nan,nan,nan,nan,nan,nan,nan,nan,0.97244591,14.797365,0.082234494,18.770109,-3965.77,nan,18.918921
nan,nan,nan,nan,nan,nan,nan,nan,0.98057926,14.828243,0.082171544,18.743986,-3998.5393,nan,18.895441
nan,nan,nan,nan,nan,nan,nan,nan,0.98882467,14.7873,0.082108065,18.717695,-4031.76,nan,18.871798
nan,nan,nan,nan,nan,nan,nan,nan,0.99720073,14.804417,0.082044058,18.691238,-4065.5073,nan,18.847994
nan,nan,nan,nan,nan,nan,nan,nan,1.0053896,14.724748,0.081979506,18.664614,-4098.5,nan,18.824026
nan,nan,nan,nan,nan,nan,nan,nan,1.0133525,14.710531,0.08191444,18.637823,-4130.583,nan,18.799898
nan,nan,nan,nan,nan,nan,nan,nan,1.0216861,14.65867,0.081848845,18.610865,-4164.1592,nan,18.775606
nan,nan,nan,nan,nan,nan,nan,nan,1.0298829,14.570983,0.081782721,18.58374,-4197.1841,nan,18.751154
nan,nan,nan,nan,nan,nan,nan,nan,1.0379986,14.618238,0.081716068,18.556448,-4229.8823,nan,18.72654
nan,nan,nan,nan,nan,nan,nan,nan,1.0460708,14.570244,0.081648894,18.52899,-4262.4053,nan,18.701765
nan,nan,nan,nan,nan,nan,nan,nan,1.054045,14.548066,0.081581198,18.501364,-4294.5332,nan,18.676828
nan,nan,nan,nan,nan,nan,nan,nan,1.0624906,14.563136,0.08151298,18.473572,-4328.5605,nan,18.651731
nan,nan,nan,nan,nan,nan,nan,nan,1.0708448,14.53567,0.081444219,18.445614,-4362.2202,nan,18.626474
nan,nan,nan,nan,nan,nan,nan,nan,1.0790128,14.436155,0.081374921,18.417488,-4395.1289,nan,18.601057
nan,nan,nan,nan,nan,nan,nan,nan,1.0872245,14.414091,0.081305102,18.389196,-4428.2139,nan,18.57548
nan,nan,nan,nan,nan,nan,nan,nan,1.0953102,14.470673,0.081234753,18.360737,-4460.791,nan,18.549742
nan,nan,nan,nan,nan,nan,nan,nan,1.1029576,14.333456,0.081163898,18.332111,-4491.603,nan,18.523846
nan,nan,nan,nan,nan,nan,nan,nan,1.1108091,14.382588,0.081092544,18.303318,-4523.2363,nan,18.497789
nan,nan,nan,nan,nan,nan,nan,nan,1.1185224,14.288647,0.081020691,18.274361,-4554.3135,nan,18.471575
nan,nan,nan,nan,nan,nan,nan,nan,1.1264046,14.342327,0.08094833,18.245235,-4586.0713,nan,18.4452
nan,nan,nan,nan,nan,nan,nan,nan,1.1344486,14.285234,0.080875456,18.215944,-4618.4805,nan,18.418669
nan,nan,nan,nan,nan,nan,nan,nan,1.1425397,14.228937,0.080802068,18.186485,-4651.0796,nan,18.391977
nan,nan,nan,nan,nan,nan,nan,nan,1.1503265,14.198799,0.080728166,18.15686,-4682.4521,nan,18.365129
nan,nan,nan,nan,nan,nan,nan,nan,1.1585249,14.217052,0.080653742,18.127069,-4715.4834,nan,18.338125
nan,nan,nan,nan,nan,nan,nan,nan,1.1663965,14.087741,0.080578804,18.097113,-4747.1987,nan,18.310963
nan,nan,nan,nan,nan,nan,nan,nan,1.174491,14.097919,0.080503352,18.06699,-4779.8115,nan,18.283644
nan,nan,nan,nan,nan,nan,nan,nan,1.1826172,14.031842,0.080427378,18.036699,-4812.5518,nan,18.256168
nan,nan,nan,nan,nan,nan,nan,nan,1.1906263,14.032752,0.080350883,18.006245,-4844.8208,nan,18.228537
nan,nan,nan,nan,nan,nan,nan,nan,1.1984884,14.037073,0.080273882,17.975622,-4876.4966,nan,18.200748
nan,nan,nan,nan,nan,nan,nan,nan,1.2059515,13.993003,0.080196381,17.944834,-4906.5659,nan,18.172806
nan,nan,nan,nan,nan,nan,nan,nan,1.213703,13.937104,0.080118388,17.913879,-4937.7969,nan,18.144709
nan,nan,nan,nan,nan,nan,nan,nan,1.2216341,13.931872,0.080039896,17.882761,-4969.7515,nan,18.116455
nan,nan,nan,nan,nan,nan,nan,nan,1.2294024,13.910832,0.07996089,17.851475,-5001.0503,nan,18.088049
nan,nan,nan,nan,nan,nan,nan,nan,1.2371478,13.798694,0.079881392,17.820023,-5032.2563,nan,18.059488
nan,nan,nan,nan,nan,nan,nan,nan,1.2451526,13.784363,0.079801381,17.788404,-5064.5073,nan,18.030773
nan,nan,nan,nan,nan,nan,nan,nan,1.2533077,13.840944,0.079720847,17.756622,-5097.3643,nan,18.001905
nan,nan,nan,nan,nan,nan,nan,nan,1.2611053,13.792723,0.079639807,17.724672,-5128.7812,nan,17.972885
nan,nan,nan,nan,nan,nan,nan,nan,1.2689708,13.684905,0.079558253,17.692558,-5160.4717,nan,17.943714
nan,nan,nan,nan,nan,nan,nan,nan,1.2768797,13.647147,0.0794762,17.660278,-5192.3364,nan,17.914389
nan,nan,nan,nan,nan,nan,nan,nan,1.2844517,13.697416,0.07939364,17.627832,-5222.8442,nan,17.884912
nan,nan,nan,nan,nan,nan,nan,nan,1.2921772,13.627131,0.079310589,17.595221,-5253.9702,nan,17.855286
nan,nan,nan,nan,nan,nan,nan,nan,1.2998255,13.613482,0.079227045,17.562445,-5284.7856,nan,17.825508
nan,nan,nan,nan,nan,nan,nan,nan,1.3075218,13.586642,0.079143003,17.529503,-5315.7939,nan,17.79558
nan,nan,nan,nan,nan,nan,nan,nan,1.3154764,13.502879,0.079058461,17.496395,-5347.8428,nan,17.765503
nan,nan,nan,nan,nan,nan,nan,nan,1.3231097,13.501969,0.078973413,17.463123,-5378.5977,nan,17.735275
nan,nan,nan,nan,nan,nan,nan,nan,1.3308274,13.49287,0.078887872,17.429688,-5409.6924,nan,17.704899
nan,nan,nan,nan,nan,nan,nan,nan,1.3387514,13.428897,0.078801826,17.396086,-5441.6182,nan,17.674376
nan,nan,nan,nan,nan,nan,nan,nan,1.346366,13.382722,0.07871528,17.36232,-5472.2974,nan,17.643702
nan,nan,nan,nan,nan,nan,nan,nan,1.3540529,13.338538,0.078628235,17.328388,-5503.2676,nan,17.612883
nan,nan,nan,nan,nan,nan,nan,nan,1.3619338,13.383063,0.078540698,17.294292,-5535.02,nan,17.581915
nan,nan,nan,nan,nan,nan,nan,nan,1.369877,13.210648,0.078452647,17.260033,-5567.0229,nan,17.550802
nan,nan,nan,nan,nan,nan,nan,nan,1.3778372,13.278829,0.078364082,17.225609,-5599.0952,nan,17.519543
nan,nan,nan,nan,nan,nan,nan,nan,1.3857948,13.10482,0.078275003,17.191019,-5631.1558,nan,17.488138
nan,nan,nan,nan,nan,nan,nan,nan,1.3934909,13.207349,0.078185417,17.156267,-5662.1641,nan,17.456587
nan,nan,nan,nan,nan,nan,nan,nan,1.4010808,13.094755,0.078095347,17.121351,-5692.7441,nan,17.424892
nan,nan,nan,nan,nan,nan,nan,nan,1.4088479,13.073602,0.078004777,17.086271,-5724.0376,nan,17.393053
nan,nan,nan,nan,nan,nan,nan,nan,1.4165274,13.117217,0.077913709,17.051027,-5754.978,nan,17.361071
nan,nan,nan,nan,nan,nan,nan,nan,1.4241505,13.026745,0.077822149,17.015619,-5785.6919,nan,17.328947
nan,nan,nan,nan,nan,nan,nan,nan,1.4316463,12.954014,0.077730097,16.980049,-5815.8926,nan,17.296679
nan,nan,nan,nan,nan,nan,nan,nan,1.4391563,12.948838,0.077637568,16.944315,-5846.1499,nan,17.264269
nan,nan,nan,nan,nan,nan,nan,nan,1.4463615,12.878155,0.077544563,16.908419,-5875.1802,nan,17.231718
nan,nan,nan,nan,nan,nan,nan,nan,1.4542307,12.896068,0.077451065,16.872358,-5906.8853,nan,17.199026
nan,nan,nan,nan,nan,nan,nan,nan,1.4614577,12.805481,0.077357091,16.836136,-5936.0029,nan,17.166193
nan,nan,nan,nan,nan,nan,nan,nan,1.4688354,12.802524,0.07726264,16.799751,-5965.7275,nan,17.133221
nan,nan,nan,nan,nan,nan,nan,nan,1.4760226,12.760386,0.07716772,16.763205,-5994.6851,nan,17.100109
nan,nan,nan,nan,nan,nan,nan,nan,1.4831768,12.701815,0.077072337,16.726496,-6023.5093,nan,17.06686
nan,nan,nan,nan,nan,nan,nan,nan,1.490316,12.653252,0.0769765,16.689625,-6052.2734,nan,17.033472
nan,nan,nan,nan,nan,nan,nan,nan,1.498197,12.623625,0.076880172,16.652592,-6084.0254,nan,16.999947
nan,nan,nan,nan,nan,nan,nan,nan,1.5057909,12.593372,0.076783344,16.615398,-6114.6221,nan,16.966284
nan,nan,nan,nan,nan,nan,nan,nan,1.5133699,12.596386,0.076686032,16.578043,-6145.1577,nan,16.932486
nan,nan,nan,nan,nan,nan,nan,nan,1.5206918,12.503411,0.076588236,16.540525,-6174.6572,nan,16.89855
nan,nan,nan,nan,nan,nan,nan,nan,1.5278583,12.419763,0.076489978,16.50285,-6203.5312,nan,16.864481
nan,nan,nan,nan,nan,nan,nan,nan,1.5351089,12.411517,0.07639125,16.465012,-6232.7441,nan,16.830276
nan,nan,nan,nan,nan,nan,nan,nan,1.5425742,12.425676,0.076292053,16.427013,-6262.8218,nan,16.795938
nan,nan,nan,nan,nan,nan,nan,nan,1.5500162,12.359087,0.076192372,16.388855,-6292.8052,nan,16.761467
nan,nan,nan,nan,nan,nan,nan,nan,1.5576957,12.313253,0.076092206,16.350538,-6323.7466,nan,16.726862
nan,nan,nan,nan,nan,nan,nan,nan,1.5653311,12.28755,0.075991541,16.312061,-6354.5098,nan,16.692125
nan,nan,nan,nan,nan,nan,nan,nan,1.5725793,12.274073,0.0758904,16.273424,-6383.7124,nan,16.657257
nan,nan,nan,nan,nan,nan,nan,nan,1.5796478,12.185534,0.075788796,16.234629,-6412.1919,nan,16.622257
nan,nan,nan,nan,nan,nan,nan,nan,1.5868102,12.091022,0.075686738,16.195675,-6441.0493,nan,16.587128
nan,nan,nan,nan,nan,nan,nan,nan,1.5940473,12.041834,0.07558421,16.156563,-6470.2075,nan,16.551868
nan,nan,nan,nan,nan,nan,nan,nan,1.6011355,12.097619,0.075481221,16.117294,-6498.7656,nan,16.516481
nan,nan,nan,nan,nan,nan,nan,nan,1.6084557,12.007601,0.07537777,16.077866,-6528.2588,nan,16.480965
nan,nan,nan,nan,nan,nan,nan,nan,1.615703,12.001915,0.075273849,16.03828,-6557.4585,nan,16.44532
nan,nan,nan,nan,nan,nan,nan,nan,1.6233848,11.957957,0.075169452,15.998539,-6588.4087,nan,16.40955
nan,nan,nan,nan,nan,nan,nan,nan,1.6308819,11.940841,0.075064555,15.958641,-6618.6143,nan,16.373652
nan,nan,nan,nan,nan,nan,nan,nan,1.63824,11.851164,0.074959189,15.918586,-6648.2598,nan,16.337627
nan,nan,nan,nan,nan,nan,nan,nan,1.6454108,11.838028,0.074853346,15.878375,-6677.1514,nan,16.301479
nan,nan,nan,nan,nan,nan,nan,nan,1.6527851,11.778547,0.074747041,15.838009,-6706.8628,nan,16.265205
nan,nan,nan,nan,nan,nan,nan,nan,1.6601236,11.814429,0.074640259,15.797488,-6736.4292,nan,16.228809
nan,nan,nan,nan,nan,nan,nan,nan,1.6674892,11.792309,0.074533001,15.756811,-6766.1055,nan,16.192289
nan,nan,nan,nan,nan,nan,nan,nan,1.674827,11.709853,0.074425273,15.715981,-6795.6694,nan,16.155647
nan,nan,nan,nan,nan,nan,nan,nan,1.6821134,11.577868,0.074317068,15.674996,-6825.0264,nan,16.118883
nan,nan,nan,nan,nan,nan,nan,nan,1.6896187,11.579348,0.074208394,15.633859,-6855.2656,nan,16.081997
nan,nan,nan,nan,nan,nan,nan,nan,1.6971096,11.573377,0.074099228,15.592567,-6885.4463,nan,16.044991
nan,nan,nan,nan,nan,nan,nan,nan,1.7047043,11.454983,0.073989585,15.551124,-6916.0454,nan,16.007866
nan,nan,nan,nan,nan,nan,nan,nan,1.7121283,11.546877,0.073879451,15.509528,-6945.9565,nan,15.97062
nan,nan,nan,nan,nan,nan,nan,nan,1.7192016,11.474545,0.073768854,15.46778,-6974.4551,nan,15.933257
nan,nan,nan,nan,nan,nan,nan,nan,1.7262924,11.397833,0.073657796,15.425881,-7003.0239,nan,15.895777
nan,nan,nan,nan,nan,nan,nan,nan,1.7335838,11.345631,0.073546275,15.383832,-7032.4014,nan,15.858179
nan,nan,nan,nan,nan,nan,nan,nan,1.7406523,11.31316,0.073434293,15.341632,-7060.8804,nan,15.820464
nan,nan,nan,nan,nan,nan,nan,nan,1.7478262,11.197495,0.073321857,15.299282,-7089.7837,nan,15.782635
nan,nan,nan,nan,nan,nan,nan,nan,1.7547978,11.113903,0.073208958,15.256783,-7117.8726,nan,15.74469
nan,nan,nan,nan,nan,nan,nan,nan,1.7616172,11.198292,0.07309562,15.214134,-7145.3477,nan,15.706632
nan,nan,nan,nan,nan,nan,nan,nan,1.7689481,11.090191,0.07298182,15.171338,-7174.8843,nan,15.668459
nan,nan,nan,nan,nan,nan,nan,nan,1.776346,11.160078,0.07286755,15.128394,-7204.6904,nan,15.630174
nan,nan,nan,nan,nan,nan,nan,nan,1.7834049,11.098266,0.072752811,15.085303,-7233.1313,nan,15.591777
nan,nan,nan,nan,nan,nan,nan,nan,1.7903178,10.98334,0.072637625,15.042065,-7260.9829,nan,15.553268
nan,nan,nan,nan,nan,nan,nan,nan,1.7969986,10.986298,0.072521992,14.998681,-7287.8999,nan,15.514649
nan,nan,nan,nan,nan,nan,nan,nan,1.8037702,10.888375,0.072405934,14.955152,-7315.1831,nan,15.475921
nan,nan,nan,nan,nan,nan,nan,nan,1.8105986,10.784595,0.072289437,14.911477,-7342.6943,nan,15.437082
nan,nan,nan,nan,nan,nan,nan,nan,1.8176377,10.768844,0.072172493,14.867659,-7371.0552,nan,15.398135
nan,nan,nan,nan,nan,nan,nan,nan,1.8243721,10.771118,0.072055101,14.823696,-7398.188,nan,15.359081
nan,nan,nan,nan,nan,nan,nan,nan,1.8314917,10.757641,0.071937263,14.779592,-7426.873,nan,15.31992
nan,nan,nan,nan,nan,nan,nan,nan,1.8386968,10.691905,0.07181897,14.735343,-7455.9023,nan,15.280652
nan,nan,nan,nan,nan,nan,nan,nan,1.8457916,10.622301,0.071700208,14.690953,-7484.4873,nan,15.241279
nan,nan,nan,nan,nan,nan,nan,nan,1.8528394,10.589262,0.071580991,14.646423,-7512.8828,nan,15.2018
nan,nan,nan,nan,nan,nan,nan,nan,1.8599993,10.537344,0.07146132,14.601751,-7541.7305,nan,15.162218
nan,nan,nan,nan,nan,nan,nan,nan,1.866637,10.456822,0.071341202,14.55694,-7568.4741,nan,15.122533
nan,nan,nan,nan,nan,nan,nan,nan,1.8735744,10.436295,0.071220651,14.511991,-7596.4243,nan,15.082745
nan,nan,nan,nan,nan,nan,nan,nan,1.8802644,10.396545,0.071099654,14.466902,-7623.3789,nan,15.042854
nan,nan,nan,nan,nan,nan,nan,nan,1.887149,10.355318,0.070978224,14.421675,-7651.1167,nan,15.002863
nan,nan,nan,nan,nan,nan,nan,nan,1.8939751,10.273488,0.070856348,14.376311,-7678.6191,nan,14.96277
nan,nan,nan,nan,nan,nan,nan,nan,1.9011021,10.27309,0.070734024,14.330812,-7707.334,nan,14.922579
nan,nan,nan,nan,nan,nan,nan,nan,1.9080058,10.187621,0.070611253,14.285176,-7735.1489,nan,14.882289
nan,nan,nan,nan,nan,nan,nan,nan,1.9150509,10.223447,0.070488028,14.239406,-7763.5337,nan,14.8419
nan,nan,nan,nan,nan,nan,nan,nan,1.9218156,10.18421,0.070364356,14.193501,-7790.7886,nan,14.801414
nan,nan,nan,nan,nan,nan,nan,nan,1.9287199,10.049609,0.070240244,14.147464,-7818.6064,nan,14.760831
nan,nan,nan,nan,nan,nan,nan,nan,1.935838,10.058025,0.070115685,14.101294,-7847.2852,nan,14.720152
nan,nan,nan,nan,nan,nan,nan,nan,1.943084,10.054386,0.069990657,14.054992,-7876.479,nan,14.679378
nan,nan,nan,nan,nan,nan,nan,nan,1.9501537,9.9101744,0.069865167,14.008558,-7904.9634,nan,14.638509
nan,nan,nan,nan,nan,nan,nan,nan,1.9570186,9.9108,0.069739237,13.961995,-7932.6221,nan,14.597547
nan,nan,nan,nan,nan,nan,nan,nan,1.9638312,9.854845,0.069612861,13.915303,-7960.0698,nan,14.556491
nan,nan,nan,nan,nan,nan,nan,nan,1.9706781,9.7623243,0.069486037,13.868482,-7987.6562,nan,14.515343
nan,nan,nan,nan,nan,nan,nan,nan,1.9777949,9.7145004,0.069358774,13.821533,-8016.3301,nan,14.474104
nan,nan,nan,nan,nan,nan,nan,nan,1.9846902,9.7392368,0.069231056,13.774458,-8044.1113,nan,14.432774
nan,nan,nan,nan,nan,nan,nan,nan,1.9914865,9.6617861,0.069102891,13.727256,-8071.4941,nan,14.391354
nan,nan,nan,nan,nan,nan,nan,nan,1.9982985,9.6283493,0.068974294,13.67993,-8098.9395,nan,14.349844
nan,nan,nan,nan,nan,nan,nan,nan,2.0053856,9.574214,0.06884525,13.632479,-8127.4937,nan,14.308246
nan,nan,nan,nan,nan,nan,nan,nan,2.01247,9.5091591,0.068715744,13.584905,-8156.0361,nan,14.26656
nan,nan,nan,nan,nan,nan,nan,nan,2.0194395,9.5010843,0.068585783,13.537208,-8184.1162,nan,14.224787
nan,nan,nan,nan,nan,nan,nan,nan,2.0262849,9.4015131,0.068455383,13.489389,-8211.6973,nan,14.182927
nan,nan,nan,nan,nan,nan,nan,nan,2.032985,9.3695545,0.068324544,13.44145,-8238.6914,nan,14.140982
nan,nan,nan,nan,nan,nan,nan,nan,2.0398829,9.3112679,0.068193272,13.393392,-8266.4824,nan,14.098952
nan,nan,nan,nan,nan,nan,nan,nan,2.0464463,9.3332748,0.06806156,13.345214,-8292.9268,nan,14.056838
nan,nan,nan,nan,nan,nan,nan,nan,2.0531428,9.3014297,0.067929417,13.296919,-8319.9072,nan,14.01464
nan,nan,nan,nan,nan,nan,nan,nan,2.0597117,9.1891203,0.067796856,13.248507,-8346.373,nan,13.97236
nan,nan,nan,nan,nan,nan,nan,nan,2.0664442,9.1668863,0.067663856,13.199979,-8373.499,nan,13.929997
nan,nan,nan,nan,nan,nan,nan,nan,2.0731983,9.153409,0.067530431,13.151336,-8400.7109,nan,13.887554
nan,nan,nan,nan,nan,nan,nan,nan,2.0800383,9.107234,0.067396559,13.102578,-8428.2695,nan,13.845031
nan,nan,nan,nan,nan,nan,nan,nan,2.0865672,8.9984503,0.067262262,13.053708,-8454.5742,nan,13.802427
nan,nan,nan,nan,nan,nan,nan,nan,2.0929723,8.9236155,0.067127548,13.004726,-8480.3809,nan,13.759745
nan,nan,nan,nan,nan,nan,nan,nan,2.0994172,8.9458504,0.066992417,12.955633,-8506.3477,nan,13.716984
nan,nan,nan,nan,nan,nan,nan,nan,2.106004,8.9201469,0.066856869,12.90643,-8532.8857,nan,13.674146
nan,nan,nan,nan,nan,nan,nan,nan,2.1128592,8.8310957,0.066720888,12.857119,-8560.5059,nan,13.63123
nan,nan,nan,nan,nan,nan,nan,nan,2.1193087,8.7367554,0.066584475,12.807698,-8586.4902,nan,13.588239
nan,nan,nan,nan,nan,nan,nan,nan,2.1255429,8.7477875,0.066447653,12.758172,-8611.6074,nan,13.545172
nan,nan,nan,nan,nan,nan,nan,nan,2.131917,8.6743746,0.066310428,12.708539,-8637.2891,nan,13.50203
nan,nan,nan,nan,nan,nan,nan,nan,2.1384647,8.6071024,0.066172786,12.658802,-8663.6699,nan,13.458816
nan,nan,nan,nan,nan,nan,nan,nan,2.1449633,8.5759974,0.066034719,12.608961,-8689.8535,nan,13.415527
nan,nan,nan,nan,nan,nan,nan,nan,2.1511834,8.4949064,0.06589625,12.559017,-8714.9141,nan,13.372167
nan,nan,nan,nan,nan,nan,nan,nan,2.1576462,8.5216904,0.065757364,12.508971,-8740.9521,nan,13.328733
nan,nan,nan,nan,nan,nan,nan,nan,2.1643777,8.3467722,0.065618061,12.458826,-8768.0742,nan,13.28523
nan,nan,nan,nan,nan,nan,nan,nan,2.1704905,8.3398914,0.065478332,12.408581,-8792.7021,nan,13.241655
nan,nan,nan,nan,nan,nan,nan,nan,2.1768134,8.4133615,0.065338217,12.358237,-8818.1768,nan,13.198012
nan,nan,nan,nan,nan,nan,nan,nan,2.1830668,8.317771,0.065197684,12.307796,-8843.3721,nan,13.154299
nan,nan,nan,nan,nan,nan,nan,nan,2.189467,8.2413435,0.065056749,12.257259,-8869.1582,nan,13.110518
nan,nan,nan,nan,nan,nan,nan,nan,2.1955426,8.1865253,0.064915411,12.206628,-8893.6367,nan,13.066669
nan,nan,nan,nan,nan,nan,nan,nan,2.2017722,8.156785,0.064773679,12.155903,-8918.7373,nan,13.022755
nan,nan,nan,nan,nan,nan,nan,nan,2.2080894,8.062274,0.064631537,12.105084,-8944.1875,nan,12.978773
nan,nan,nan,nan,nan,nan,nan,nan,2.2141407,8.0556211,0.064489,12.054174,-8968.5693,nan,12.934727
nan,nan,nan,nan,nan,nan,nan,nan,2.220418,7.9568458,0.064346068,12.003175,-8993.8604,nan,12.890615
nan,nan,nan,nan,nan,nan,nan,nan,2.2267954,7.8685336,0.064202726,11.952085,-9019.5547,nan,12.846439
nan,nan,nan,nan,nan,nan,nan,nan,2.2332263,7.9135709,0.064058967,11.900908,-9045.4648,nan,12.8022
nan,nan,nan,nan,nan,nan,nan,nan,2.2392998,7.8775182,0.063914806,11.849643,-9069.9355,nan,12.757899
nan,nan,nan,nan,nan,nan,nan,nan,2.2455578,7.7065239,0.063770249,11.798293,-9095.1494,nan,12.713535
nan,nan,nan,nan,nan,nan,nan,nan,2.2517171,7.6751342,0.063625298,11.746858,-9119.9648,nan,12.66911
nan,nan,nan,nan,nan,nan,nan,nan,2.2579577,7.6001854,0.063479938,11.695339,-9145.1084,nan,12.624625
nan,nan,nan,nan,nan,nan,nan,nan,2.2641869,7.6042228,0.063334182,11.643739,-9170.2061,nan,12.580079
nan,nan,nan,nan,nan,nan,nan,nan,2.2702661,7.5695915,0.063188024,11.592057,-9194.6982,nan,12.535475
nan,nan,nan,nan,nan,nan,nan,nan,2.2765751,7.4677458,0.063041471,11.540296,-9220.1182,nan,12.490811
nan,nan,nan,nan,nan,nan,nan,nan,2.2825587,7.4275985,0.062894523,11.488456,-9244.2266,nan,12.44609
nan,nan,nan,nan,nan,nan,nan,nan,2.2886791,7.4862838,0.06274718,11.436539,-9268.8848,nan,12.401311
nan,nan,nan,nan,nan,nan,nan,nan,2.2948656,7.4008718,0.062599443,11.384544,-9293.8105,nan,12.356476
nan,nan,nan,nan,nan,nan,nan,nan,2.3008306,7.2626319,0.062451314,11.332476,-9317.8438,nan,12.311584
nan,nan,nan,nan,nan,nan,nan,nan,2.3071797,7.2508039,0.062302791,11.280333,-9343.4238,nan,12.266638
nan,nan,nan,nan,nan,nan,nan,nan,2.3133006,7.2189589,0.062153861,11.228117,-9368.0859,nan,12.221637
nan,nan,nan,nan,nan,nan,nan,nan,2.3195832,7.1292253,0.062004533,11.17583,-9393.3975,nan,12.176581
nan,nan,nan,nan,nan,nan,nan,nan,2.3257303,7.1775041,0.061854806,11.123472,-9418.165,nan,12.131474
nan,nan,nan,nan,nan,nan,nan,nan,2.3319278,6.9905305,0.06170468,11.071046,-9443.1338,nan,12.086311
nan,nan,nan,nan,nan,nan,nan,nan,2.3380449,7.043643,0.061554156,11.018552,-9467.7803,nan,12.041099
nan,nan,nan,nan,nan,nan,nan,nan,2.344069,6.9503832,0.061403245,10.965992,-9492.0518,nan,11.995833
nan,nan,nan,nan,nan,nan,nan,nan,2.3503153,6.8767428,0.061251935,10.913365,-9517.2188,nan,11.950518
nan,nan,nan,nan,nan,nan,nan,nan,2.3565257,6.8439879,0.061100222,10.860676,-9542.2393,nan,11.905151
nan,nan,nan,nan,nan,nan,nan,nan,2.3625796,6.7760906,0.060948115,10.807922,-9566.6309,nan,11.859735
nan,nan,nan,nan,nan,nan,nan,nan,2.3688788,6.773077,0.060795613,10.755108,-9592.0098,nan,11.814271
nan,nan,nan,nan,nan,nan,nan,nan,2.3748927,6.702507,0.060642708,10.702232,-9616.2402,nan,11.768758
nan,nan,nan,nan,nan,nan,nan,nan,2.3809834,6.6757231,0.060489416,10.649298,-9640.7793,nan,11.723197
nan,nan,nan,nan,nan,nan,nan,nan,2.3869352,6.5814972,0.060335737,10.596306,-9664.7607,nan,11.677589
nan,nan,nan,nan,nan,nan,nan,nan,2.3928044,6.5499368,0.060181677,10.543256,-9688.4072,nan,11.631934
nan,nan,nan,nan,nan,nan,nan,nan,2.3989236,6.4525828,0.060027231,10.490151,-9713.0605,nan,11.586234
nan,nan,nan,nan,nan,nan,nan,nan,2.4047432,6.4406981,0.059872396,10.436993,-9736.5078,nan,11.540488
nan,nan,nan,nan,nan,nan,nan,nan,2.4109931,6.4374566,0.059717175,10.38378,-9761.6895,nan,11.494698
nan,nan,nan,nan,nan,nan,nan,nan,2.4169874,6.3030834,0.059561562,10.330516,-9785.8408,nan,11.448863
nan,nan,nan,nan,nan,nan,nan,nan,2.4229231,6.3021169,0.059405562,10.277202,-9809.7559,nan,11.402985
nan,nan,nan,nan,nan,nan,nan,nan,2.4287765,6.2486067,0.059249181,10.223837,-9833.3389,nan,11.357063
nan,nan,nan,nan,nan,nan,nan,nan,2.434736,6.1399364,0.059092417,10.170424,-9857.3496,nan,11.311099
nan,nan,nan,nan,nan,nan,nan,nan,2.4407187,6.1056466,0.058935273,10.116965,-9881.4541,nan,11.265094
nan,nan,nan,nan,nan,nan,nan,nan,2.4466832,6.1890683,0.058777742,10.06346,-9905.4844,nan,11.219047
nan,nan,nan,nan,nan,nan,nan,nan,2.4524493,5.9540434,0.058619834,10.009911,-9928.7168,nan,11.172958
nan,nan,nan,nan,nan,nan,nan,nan,2.4585109,5.9629712,0.058461543,9.9563179,-9953.1387,nan,11.12683
nan,nan,nan,nan,nan,nan,nan,nan,2.4643424,5.9472194,0.058302868,9.9026823,-9976.6338,nan,11.080663
nan,nan,nan,nan,nan,nan,nan,nan,2.4700372,5.8491836,0.058143824,9.8490057,-9999.5791,nan,11.034456
nan,nan,nan,nan,nan,nan,nan,nan,2.4757028,5.8048282,0.057984412,9.79529,-10022.405,nan,10.988211
nan,nan,nan,nan,nan,nan,nan,nan,2.4817874,5.7713914,0.057824623,9.7415361,-10046.921,nan,10.941928
nan,nan,nan,nan,nan,nan,nan,nan,2.4875479,5.7010489,0.05766445,9.6877441,-10070.13,nan,10.895607
nan,nan,nan,nan,nan,nan,nan,nan,2.4931655,5.6170015,0.057503913,9.6339159,-10092.763,nan,10.849249
nan,nan,nan,nan,nan,nan,nan,nan,2.4985149,5.6773357,0.057343017,9.5800533,-10114.315,nan,10.802855
nan,nan,nan,nan,nan,nan,nan,nan,2.5043955,5.5712247,0.057181764,9.5261564,-10138.008,nan,10.756425
nan,nan,nan,nan,nan,nan,nan,nan,2.5100725,5.494627,0.057020139,9.4722271,-10160.881,nan,10.70996
nan,nan,nan,nan,nan,nan,nan,nan,2.5155151,5.4728475,0.056858152,9.4182663,-10182.809,nan,10.66346
nan,nan,nan,nan,nan,nan,nan,nan,2.5209861,5.3972735,0.056695815,9.364275,-10204.853,nan,10.616925
nan,nan,nan,nan,nan,nan,nan,nan,2.5266833,5.3206186,0.056533121,9.3102551,-10227.806,nan,10.570357
nan,nan,nan,nan,nan,nan,nan,nan,2.5322502,5.2981567,0.056370061,9.2562065,-10250.235,nan,10.523755
nan,nan,nan,nan,nan,nan,nan,nan,2.5379608,5.1867003,0.056206636,9.2021313,-10273.243,nan,10.47712
nan,nan,nan,nan,nan,nan,nan,nan,2.5435607,5.2442484,0.056042846,9.1480303,-10295.806,nan,10.430454
nan,nan,nan,nan,nan,nan,nan,nan,2.5492256,5.1130028,0.055878695,9.0939045,-10318.629,nan,10.383756
nan,nan,nan,nan,nan,nan,nan,nan,2.5549364,5.0782013,0.055714179,9.0397558,-10341.638,nan,10.337026
nan,nan,nan,nan,nan,nan,nan,nan,2.560432,5.0244632,0.055549301,8.9855852,-10363.78,nan,10.290264
nan,nan,nan,nan,nan,nan,nan,nan,2.5660374,4.963788,0.055384062,8.9313927,-10386.364,nan,10.243473
nan,nan,nan,nan,nan,nan,nan,nan,2.5715234,4.9220486,0.055218469,8.8771801,-10408.468,nan,10.196651
nan,nan,nan,nan,nan,nan,nan,nan,2.5766587,4.8118434,0.055052534,8.8229485,-10429.157,nan,10.149801
nan,nan,nan,nan,nan,nan,nan,nan,2.5816743,4.8685951,0.05488627,8.7686987,-10449.365,nan,10.102921
nan,nan,nan,nan,nan,nan,nan,nan,2.5868556,4.7763591,0.054719675,8.7144318,-10470.241,nan,10.056013
nan,nan,nan,nan,nan,nan,nan,nan,2.5920568,4.6599555,0.054552749,8.6601496,-10491.197,nan,10.009077
nan,nan,nan,nan,nan,nan,nan,nan,2.5977004,4.6621165,0.054385472,8.6058531,-10513.935,nan,9.9621124
nan,nan,nan,nan,nan,nan,nan,nan,2.6028612,4.6330581,0.054217849,8.5515423,-10534.728,nan,9.915122
nan,nan,nan,nan,nan,nan,nan,nan,2.6080322,4.5627723,0.05404989,8.4972181,-10555.562,nan,9.868104
nan,nan,nan,nan,nan,nan,nan,nan,2.6132367,4.4648499,0.053881597,8.4428835,-10576.53,nan,9.8210592
nan,nan,nan,nan,nan,nan,nan,nan,2.6184814,4.4491553,0.053712968,8.3885374,-10597.662,nan,9.7739887
nan,nan,nan,nan,nan,nan,nan,nan,2.6236961,4.414638,0.053544004,8.3341827,-10618.672,nan,9.7268934
nan,nan,nan,nan,nan,nan,nan,nan,2.6291697,4.2792411,0.053374693,8.2798185,-10640.725,nan,9.6797724
nan,nan,nan,nan,nan,nan,nan,nan,2.6344664,4.2997127,0.053205032,8.2254477,-10662.065,nan,9.6326275
nan,nan,nan,nan,nan,nan,nan,nan,2.6392593,4.2400041,0.053035051,8.1710691,-10681.376,nan,9.5854578
nan,nan,nan,nan,nan,nan,nan,nan,2.6443346,4.127183,0.052864749,8.1166849,-10701.824,nan,9.5382643
nan,nan,nan,nan,nan,nan,nan,nan,2.6493468,4.2470555,0.052694123,8.0622969,-10722.019,nan,9.4910479
nan,nan,nan,nan,nan,nan,nan,nan,2.6543152,4.0853868,0.052523173,8.0079041,-10742.036,nan,9.4438076
nan,nan,nan,nan,nan,nan,nan,nan,2.6591043,3.9815505,0.052351914,7.9535089,-10761.332,nan,9.3965454
nan,nan,nan,nan,nan,nan,nan,nan,2.6642985,3.9288929,0.052180327,7.8991117,-10782.26,nan,9.3492603
nan,nan,nan,nan,nan,nan,nan,nan,2.6695335,3.881979,0.052008409,7.8447137,-10803.351,nan,9.3019533
nan,nan,nan,nan,nan,nan,nan,nan,2.6746035,3.8155601,0.051836155,7.7903156,-10823.778,nan,9.2546253
nan,nan,nan,nan,nan,nan,nan,nan,2.6792891,3.7751286,0.051663589,7.735918,-10842.656,nan,9.2072763
nan,nan,nan,nan,nan,nan,nan,nan,2.6843395,3.7823505,0.051490705,7.6815219,-10863.004,nan,9.1599064
nan,nan,nan,nan,nan,nan,nan,nan,2.6890361,3.6530385,0.051317513,7.6271286,-10881.927,nan,9.1125164
nan,nan,nan,nan,nan,nan,nan,nan,2.6937153,3.6529815,0.051144015,7.5727382,-10900.78,nan,9.0651064
nan,nan,nan,nan,nan,nan,nan,nan,2.6985395,3.575474,0.050970212,7.518352,-10920.216,nan,9.0176764
nan,nan,nan,nan,nan,nan,nan,nan,2.703408,3.5151966,0.050796095,7.4639711,-10939.831,nan,8.9702272
nan,nan,nan,nan,nan,nan,nan,nan,2.7083876,3.4778929,0.050621662,7.409596,-10959.895,nan,8.92276
nan,nan,nan,nan,nan,nan,nan,nan,2.7133052,3.4374614,0.050446909,7.355227,-10979.708,nan,8.8752728
nan,nan,nan,nan,nan,nan,nan,nan,2.7180669,3.318897,0.050271846,7.3008657,-10998.893,nan,8.8277683
nan,nan,nan,nan,nan,nan,nan,nan,2.7229018,3.29018,0.050096471,7.2465119,-11018.373,nan,8.7802458
nan,nan,nan,nan,nan,nan,nan,nan,2.7273309,3.2479289,0.049920801,7.1921673,-11036.218,nan,8.7327051
nan,nan,nan,nan,nan,nan,nan,nan,2.732167,3.2181313,0.04974483,7.1378326,-11055.702,nan,8.6851473
nan,nan,nan,nan,nan,nan,nan,nan,2.737083,3.1289093,0.049568545,7.0835075,-11075.508,nan,8.6375732
nan,nan,nan,nan,nan,nan,nan,nan,2.741924,3.0984294,0.049391944,7.0291939,-11095.014,nan,8.589982
nan,nan,nan,nan,nan,nan,nan,nan,2.7466238,3.0514016,0.049215037,6.9748917,-11113.947,nan,8.5423746
nan,nan,nan,nan,nan,nan,nan,nan,2.7513416,3.043611,0.049037825,6.9206014,-11132.956,nan,8.494751
nan,nan,nan,nan,nan,nan,nan,nan,2.7560382,2.9377277,0.048860312,6.8663244,-11151.879,nan,8.4471121
nan,nan,nan,nan,nan,nan,nan,nan,2.7609577,2.8731854,0.048682489,6.8120613,-11171.7,nan,8.3994579
nan,nan,nan,nan,nan,nan,nan,nan,2.7655983,2.819618,0.048504356,6.757812,-11190.396,nan,8.3517885
nan,nan,nan,nan,nan,nan,nan,nan,2.770304,2.7587152,0.048325922,6.7035775,-11209.356,nan,8.3041048
nan,nan,nan,nan,nan,nan,nan,nan,2.7753761,2.7820868,0.048147172,6.6493587,-11229.791,nan,8.2564058
nan,nan,nan,nan,nan,nan,nan,nan,2.7805316,2.6862116,0.047968093,6.5951557,-11250.563,nan,8.2086935
nan,nan,nan,nan,nan,nan,nan,nan,2.7854939,2.6909883,0.047788691,6.5409694,-11270.556,nan,8.1609669
nan,nan,nan,nan,nan,nan,nan,nan,2.7900105,2.4970202,0.047608979,6.4867997,-11288.753,nan,8.1132259
nan,nan,nan,nan,nan,nan,nan,nan,2.7944393,2.5527482,0.04742898,6.4326477,-11306.598,nan,8.0654726
nan,nan,nan,nan,nan,nan,nan,nan,2.7993009,2.383801,0.047248684,6.3785143,-11326.185,nan,8.0177059
nan,nan,nan,nan,nan,nan,nan,nan,2.8041549,2.4025097,0.047068071,6.324399,-11345.741,nan,7.9699259
nan,nan,nan,nan,nan,nan,nan,nan,2.8087676,2.3445637,0.046887156,6.2703028,-11364.326,nan,7.9221339
nan,nan,nan,nan,nan,nan,nan,nan,2.8136551,2.3492837,0.046705935,6.2162261,-11384.019,nan,7.8743296
nan,nan,nan,nan,nan,nan,nan,nan,2.8180237,2.1882975,0.046524413,6.1621695,-11401.619,nan,7.8265128
nan,nan,nan,nan,nan,nan,nan,nan,2.8223965,2.2295249,0.046342611,6.1081333,-11419.237,nan,7.7786846
nan,nan,nan,nan,nan,nan,nan,nan,2.8267713,2.1147704,0.046160527,6.0541177,-11436.863,nan,7.730845
nan,nan,nan,nan,nan,nan,nan,nan,2.8314235,2.0868495,0.045978151,6.0001235,-11455.607,nan,7.6829939
nan,nan,nan,nan,nan,nan,nan,nan,2.8358922,2.0248661,0.045795482,5.9461503,-11473.611,nan,7.6351318
nan,nan,nan,nan,nan,nan,nan,nan,2.8404212,1.9546372,0.045612521,5.8921995,-11491.859,nan,7.5872588
nan,nan,nan,nan,nan,nan,nan,nan,2.8450773,1.8306136,0.045429267,5.8382707,-11510.618,nan,7.5393753
nan,nan,nan,nan,nan,nan,nan,nan,2.849715,1.871443,0.045245711,5.7843642,-11529.304,nan,7.4914813
nan,nan,nan,nan,nan,nan,nan,nan,2.8544788,1.7948452,0.045061853,5.7304807,-11548.497,nan,7.4435773
nan,nan,nan,nan,nan,nan,nan,nan,2.8589587,1.7921157,0.044877697,5.67662,-11566.547,nan,7.3956633
nan,nan,nan,nan,nan,nan,nan,nan,2.8633265,1.6986288,0.044693258,5.6227832,-11584.146,nan,7.3477397
nan,nan,nan,nan,nan,nan,nan,nan,2.8679094,1.6236233,0.044508528,5.5689697,-11602.609,nan,7.2998066
nan,nan,nan,nan,nan,nan,nan,nan,2.872071,1.6045732,0.044323515,5.5151796,-11619.376,nan,7.2518644
nan,nan,nan,nan,nan,nan,nan,nan,2.876442,1.53116,0.04413823,5.4614139,-11636.987,nan,7.2039132
nan,nan,nan,nan,nan,nan,nan,nan,2.881036,1.4674706,0.043952655,5.4076724,-11655.496,nan,7.1559529
nan,nan,nan,nan,nan,nan,nan,nan,2.885458,1.387802,0.043766789,5.3539553,-11673.312,nan,7.1079841
nan,nan,nan,nan,nan,nan,nan,nan,2.8901105,1.3772819,0.043580629,5.3002625,-11692.058,nan,7.0600066
nan,nan,nan,nan,nan,nan,nan,nan,2.8945506,1.2774261,0.043394178,5.2465944,-11709.946,nan,7.0120211
nan,nan,nan,nan,nan,nan,nan,nan,2.899076,1.2925524,0.043207437,5.1929512,-11728.18,nan,6.9640274
nan,nan,nan,nan,nan,nan,nan,nan,2.9028931,1.2053776,0.043020427,5.1393328,-11743.559,nan,6.9160261
nan,nan,nan,nan,nan,nan,nan,nan,2.9067945,1.1064317,0.042833168,5.0857396,-11759.277,nan,6.8680167
nan,nan,nan,nan,nan,nan,nan,nan,2.9111943,1.1465787,0.042645644,5.0321708,-11777.005,nan,6.8200002
nan,nan,nan,nan,nan,nan,nan,nan,2.9158742,1.086017,0.042457826,4.9786277,-11795.86,nan,6.771976
nan,nan,nan,nan,nan,nan,nan,nan,2.9202247,1.0616217,0.042269714,4.9251094,-11813.388,nan,6.7239447
nan,nan,nan,nan,nan,nan,nan,nan,2.9247491,0.94675338,0.042081319,4.8716159,-11831.617,nan,6.6759067
nan,nan,nan,nan,nan,nan,nan,nan,2.9291651,0.89477837,0.041892637,4.8181477,-11849.409,nan,6.627862
nan,nan,nan,nan,nan,nan,nan,nan,2.9332507,0.82056892,0.041703679,4.7647042,-11865.87,nan,6.5798101
nan,nan,nan,nan,nan,nan,nan,nan,2.9371688,0.80549955,0.041514464,4.7112861,-11881.655,nan,6.5317521
nan,nan,nan,nan,nan,nan,nan,nan,2.9408979,0.77274501,0.041324999,4.6578927,-11896.681,nan,6.4836879
nan,nan,nan,nan,nan,nan,nan,nan,2.9448447,0.72008759,0.041135293,4.6045246,-11912.582,nan,6.4356174
nan,nan,nan,nan,nan,nan,nan,nan,2.9490068,0.64405847,0.040945321,4.5511808,-11929.352,nan,6.3875413
nan,nan,nan,nan,nan,nan,nan,nan,2.9529967,0.58616936,0.040755086,4.4978614,-11945.427,nan,6.3394589
nan,nan,nan,nan,nan,nan,nan,nan,2.9572036,0.56103486,0.040564589,4.4445667,-11962.377,nan,6.2913709
nan,nan,nan,nan,nan,nan,nan,nan,2.9614661,0.41125116,0.040373817,4.3912964,-11979.55,nan,6.2432775
nan,nan,nan,nan,nan,nan,nan,nan,2.9655304,0.40829414,0.040182777,4.3380504,-11995.925,nan,6.1951785
nan,nan,nan,nan,nan,nan,nan,nan,2.9693599,0.31861728,0.039991483,4.2848282,-12011.354,nan,6.1470747
nan,nan,nan,nan,nan,nan,nan,nan,2.973314,0.37008056,0.03979994,4.2316298,-12027.285,nan,6.0989652
nan,nan,nan,nan,nan,nan,nan,nan,2.9771671,0.21768107,0.039608143,4.1784549,-12042.81,nan,6.0508513
nan,nan,nan,nan,nan,nan,nan,nan,2.9809964,0.15478784,0.039416097,4.1253033,-12058.237,nan,6.0027323
nan,nan,nan,nan,nan,nan,nan,nan,2.9848056,0.13209851,0.039223809,4.0721745,-12073.585,nan,5.9546084
nan,nan,nan,nan,nan,nan,nan,nan,2.9889741,0.075005569,0.03903126,4.0190687,-12090.38,nan,5.9064803
nan,nan,nan,nan,nan,nan,nan,nan,2.9929886,-0.051804453,0.03883845,3.9659855,-12106.555,nan,5.8583479
nan,nan,nan,nan,nan,nan,nan,nan,2.996783,-0.007563109,0.038645387,3.9129243,-12121.842,nan,5.8102107
nan,nan,nan,nan,nan,nan,nan,nan,3.000648,-0.12430794,0.038452078,3.859885,-12137.414,nan,5.7620697
nan,nan,nan,nan,nan,nan,nan,nan,3.0043843,-0.14404026,0.038258523,3.8068671,-12152.468,nan,5.7139244
nan,nan,nan,nan,nan,nan,nan,nan,3.0083418,-0.18867967,0.038064722,3.7538705,-12168.412,nan,5.6657753
nan,nan,nan,nan,nan,nan,nan,nan,3.0122373,-0.23127191,0.037870664,3.7008946,-12184.108,nan,5.6176224
nan,nan,nan,nan,nan,nan,nan,nan,3.0159624,-0.29285723,0.037676364,3.6479392,-12199.116,nan,5.5694661
nan,nan,nan,nan,nan,nan,nan,nan,3.0196769,-0.28637457,0.037481822,3.5950036,-12214.082,nan,5.5213056
nan,nan,nan,nan,nan,nan,nan,nan,3.0232797,-0.45697102,0.037287045,3.5420876,-12228.598,nan,5.4731421
nan,nan,nan,nan,nan,nan,nan,nan,3.0267789,-0.50832051,0.037092041,3.4891908,-12242.695,nan,5.4249749
nan,nan,nan,nan,nan,nan,nan,nan,3.0306244,-0.51730525,0.036896795,3.4363127,-12258.189,nan,5.3768048
nan,nan,nan,nan,nan,nan,nan,nan,3.0343044,-0.61369228,0.03670131,3.3834527,-12273.016,nan,5.3286314
nan,nan,nan,nan,nan,nan,nan,nan,3.0378606,-0.58736354,0.036505595,3.3306105,-12287.344,nan,5.2804551
nan,nan,nan,nan,nan,nan,nan,nan,3.0413432,-0.74357301,0.036309648,3.2777858,-12301.376,nan,5.232276
nan,nan,nan,nan,nan,nan,nan,nan,3.0450971,-0.73737466,0.036113471,3.2249775,-12316.5,nan,5.1840935
nan,nan,nan,nan,nan,nan,nan,nan,3.0489235,-0.83853841,0.035917047,3.1721857,-12331.917,nan,5.1359086
nan,nan,nan,nan,nan,nan,nan,nan,3.0524418,-0.87265766,0.035720386,3.1194093,-12346.093,nan,5.0877213
nan,nan,nan,nan,nan,nan,nan,nan,3.0559294,-0.91621661,0.0355235,3.0666482,-12360.144,nan,5.0395312
nan,nan,nan,nan,nan,nan,nan,nan,3.0590484,-0.97598225,0.035326403,3.0139017,-12372.71,nan,4.9913387
nan,nan,nan,nan,nan,nan,nan,nan,3.0625191,-1.0388186,0.035129093,2.961169,-12386.693,nan,4.9431438
nan,nan,nan,nan,nan,nan,nan,nan,3.0660379,-1.1123457,0.034931555,2.9084499,-12400.87,nan,4.8949471
nan,nan,nan,nan,nan,nan,nan,nan,3.0697343,-1.151526,0.034733787,2.8557436,-12415.764,nan,4.8467479
nan,nan,nan,nan,nan,nan,nan,nan,3.0735166,-1.1755233,0.034535777,2.8030496,-12431.003,nan,4.7985468
nan,nan,nan,nan,nan,nan,nan,nan,3.0771143,-1.2201626,0.034337532,2.7503669,-12445.497,nan,4.7503433
nan,nan,nan,nan,nan,nan,nan,nan,3.080548,-1.3204165,0.034139056,2.6976953,-12459.332,nan,4.7021384
nan,nan,nan,nan,nan,nan,nan,nan,3.0838583,-1.3313915,0.033940364,2.6450341,-12472.669,nan,4.6539316
nan,nan,nan,nan,nan,nan,nan,nan,3.0869942,-1.3225774,0.033741463,2.5923824,-12485.304,nan,4.6057229
nan,nan,nan,nan,nan,nan,nan,nan,3.0901387,-1.4263569,0.033542365,2.5397396,-12497.973,nan,4.5575128
nan,nan,nan,nan,nan,nan,nan,nan,3.0932887,-1.5036939,0.033343058,2.4871051,-12510.664,nan,4.5093012
nan,nan,nan,nan,nan,nan,nan,nan,3.096765,-1.5447508,0.033143539,2.4344783,-12524.671,nan,4.4610882
nan,nan,nan,nan,nan,nan,nan,nan,3.1001191,-1.6522266,0.0329438,2.3818583,-12538.185,nan,4.4128737
nan,nan,nan,nan,nan,nan,nan,nan,3.1032267,-1.7130727,0.032743856,2.3292444,-12550.704,nan,4.3646579
nan,nan,nan,nan,nan,nan,nan,nan,3.1060462,-1.7432113,0.032543719,2.2766359,-12562.064,nan,4.3164406
nan,nan,nan,nan,nan,nan,nan,nan,3.1092255,-1.7466233,0.032343388,2.2240324,-12574.874,nan,4.2682223
nan,nan,nan,nan,nan,nan,nan,nan,3.1120863,-1.8142931,0.032142859,2.1714325,-12586.399,nan,4.2200031
nan,nan,nan,nan,nan,nan,nan,nan,3.1149063,-1.8903792,0.031942151,2.1188362,-12597.763,nan,4.171783
nan,nan,nan,nan,nan,nan,nan,nan,3.1178696,-1.8776982,0.031741258,2.066242,-12609.701,nan,4.1235619
nan,nan,nan,nan,nan,nan,nan,nan,3.1209099,-2.0499437,0.031540167,2.0136497,-12621.95,nan,4.0753403
nan,nan,nan,nan,nan,nan,nan,nan,3.1237826,-2.0498869,0.031338889,1.9610581,-12633.525,nan,4.0271173
nan,nan,nan,nan,nan,nan,nan,nan,3.1268117,-2.0842335,0.031137418,1.9084668,-12645.729,nan,3.978894
nan,nan,nan,nan,nan,nan,nan,nan,3.1295722,-2.1285887,0.030935762,1.8558749,-12656.851,nan,3.9306703
nan,nan,nan,nan,nan,nan,nan,nan,3.132699,-2.2400451,0.030733917,1.8032814,-12669.449,nan,3.8824458
nan,nan,nan,nan,nan,nan,nan,nan,3.1356721,-2.3172114,0.030531874,1.7506857,-12681.428,nan,3.8342206
nan,nan,nan,nan,nan,nan,nan,nan,3.1385031,-2.3329632,0.030329645,1.698087,-12692.834,nan,3.7859955
nan,nan,nan,nan,nan,nan,nan,nan,3.1413331,-2.3379104,0.030127233,1.6454843,-12704.236,nan,3.7377698
nan,nan,nan,nan,nan,nan,nan,nan,3.1440527,-2.4340131,0.02992464,1.592877,-12715.193,nan,3.689544
nan,nan,nan,nan,nan,nan,nan,nan,3.1467283,-2.4820645,0.029721877,1.5402641,-12725.974,nan,3.6413178
nan,nan,nan,nan,nan,nan,nan,nan,3.1497934,-2.5839674,0.029518927,1.4876449,-12738.322,nan,3.5930917
nan,nan,nan,nan,nan,nan,nan,nan,3.1528237,-2.6207025,0.029315779,1.4350185,-12750.531,nan,3.5448656
nan,nan,nan,nan,nan,nan,nan,nan,3.1558135,-2.6267302,0.02911244,1.3823842,-12762.577,nan,3.4966395
nan,nan,nan,nan,nan,nan,nan,nan,3.1586316,-2.7044654,0.028908912,1.3297409,-12773.931,nan,3.4484134
nan,nan,nan,nan,nan,nan,nan,nan,3.1615393,-2.7543364,0.0287052,1.2770878,-12785.646,nan,3.4001875
nan,nan,nan,nan,nan,nan,nan,nan,3.1646194,-2.7778218,0.028501295,1.2244242,-12798.057,nan,3.3519621
nan,nan,nan,nan,nan,nan,nan,nan,3.1672509,-2.8801796,0.028297205,1.1717492,-12808.658,nan,3.3037367
nan,nan,nan,nan,nan,nan,nan,nan,3.1700025,-2.9863477,0.028092943,1.1190619,-12819.744,nan,3.2555118
nan,nan,nan,nan,nan,nan,nan,nan,3.1728768,-3.0312145,0.027888497,1.0663615,-12831.326,nan,3.2072873
nan,nan,nan,nan,nan,nan,nan,nan,3.1757534,-3.0052838,0.027683869,1.0136472,-12842.915,nan,3.1590633
nan,nan,nan,nan,nan,nan,nan,nan,3.1786995,-2.962976,0.027479051,0.96091795,-12854.785,nan,3.1108401
nan,nan,nan,nan,nan,nan,nan,nan,3.1815817,-3.1351645,0.027274046,0.90817302,-12866.397,nan,3.0626173
nan,nan,nan,nan,nan,nan,nan,nan,3.1847148,-3.2301867,0.027068848,0.85541153,-12879.021,nan,3.0143952
nan,nan,nan,nan,nan,nan,nan,nan,3.1876872,-3.2992215,0.026863452,0.80263269,-12890.997,nan,2.9661741
nan,nan,nan,nan,nan,nan,nan,nan,3.1903207,-3.3588164,0.026657876,0.74983549,-12901.607,nan,2.9179537
nan,nan,nan,nan,nan,nan,nan,nan,3.1929679,-3.3526182,0.026452128,0.69701922,-12912.272,nan,2.8697343
nan,nan,nan,nan,nan,nan,nan,nan,3.1957521,-3.3921397,0.026246207,0.64418292,-12923.49,nan,2.821516
nan,nan,nan,nan,nan,nan,nan,nan,3.1985335,-3.5153673,0.026040105,0.59132582,-12934.696,nan,2.7732985
nan,nan,nan,nan,nan,nan,nan,nan,3.2012122,-3.5150828,0.025833828,0.53844696,-12945.489,nan,2.7250824
nan,nan,nan,nan,nan,nan,nan,nan,3.2037575,-3.5725169,0.025627384,0.48554561,-12955.744,nan,2.6768672
nan,nan,nan,nan,nan,nan,nan,nan,3.2064564,-3.5812743,0.025420768,0.43262085,-12966.618,nan,2.6286535
nan,nan,nan,nan,nan,nan,nan,nan,3.2090023,-3.6694157,0.025213985,0.37967184,-12976.876,nan,2.5804412
nan,nan,nan,nan,nan,nan,nan,nan,3.2119255,-3.8275018,0.025007026,0.3266978,-12988.652,nan,2.5322301
nan,nan,nan,nan,nan,nan,nan,nan,3.2147043,-3.8348374,0.024799882,0.27369782,-12999.849,nan,2.4840205
nan,nan,nan,nan,nan,nan,nan,nan,3.21734,-3.810499,0.024592564,0.22067109,-13010.468,nan,2.4358125
nan,nan,nan,nan,nan,nan,nan,nan,3.2197266,-3.8870969,0.024385083,0.1676168,-13020.083,nan,2.3876061
nan,nan,nan,nan,nan,nan,nan,nan,3.2217853,-3.9788208,0.02417746,0.11453412,-13028.378,nan,2.3394015
nan,nan,nan,nan,nan,nan,nan,nan,3.2240179,-4.0343218,0.023969699,0.061422233,-13037.373,nan,2.2911985
nan,nan,nan,nan,nan,nan,nan,nan,3.2263265,-4.0729332,0.023761792,0.0082803303,-13046.675,nan,2.2429974
nan,nan,nan,nan,nan,nan,nan,nan,3.2287774,-4.1182551,0.023553729,-0.044892393,-13056.55,nan,2.1947982
nan,nan,nan,nan,nan,nan,nan,nan,3.2308643,-4.196559,0.023345523,-0.098096728,-13064.958,nan,2.146601
nan,nan,nan,nan,nan,nan,nan,nan,3.2329741,-4.2199306,0.02313718,-0.15133347,-13073.457,nan,2.0984056
nan,nan,nan,nan,nan,nan,nan,nan,3.2353513,-4.3093801,0.022928692,-0.2046034,-13083.036,nan,2.0502126
nan,nan,nan,nan,nan,nan,nan,nan,3.2377863,-4.3593078,0.02272005,-0.25790727,-13092.846,nan,2.0020216
nan,nan,nan,nan,nan,nan,nan,nan,3.2400761,-4.3533368,0.022511255,-0.31124589,-13102.071,nan,1.953833
nan,nan,nan,nan,nan,nan,nan,nan,3.2423961,-4.4421606,0.022302311,-0.36461997,-13111.419,nan,1.9056466
nan,nan,nan,nan,nan,nan,nan,nan,3.2444575,-4.5052814,0.022093225,-0.41803029,-13119.725,nan,1.8574626
nan,nan,nan,nan,nan,nan,nan,nan,3.2462146,-4.6008725,0.021884019,-0.47147757,-13126.804,nan,1.8092812
nan,nan,nan,nan,nan,nan,nan,nan,3.2478642,-4.6136103,0.0216747,-0.52496254,-13133.451,nan,1.7611023
nan,nan,nan,nan,nan,nan,nan,nan,3.2493813,-4.740932,0.021465281,-0.57848591,-13139.562,nan,1.712926
nan,nan,nan,nan,nan,nan,nan,nan,3.2509794,-4.7478127,0.021255761,-0.63204837,-13146.002,nan,1.6647525
nan,nan,nan,nan,nan,nan,nan,nan,3.2528331,-4.7798281,0.02104613,-0.68565065,-13153.47,nan,1.6165818
nan,nan,nan,nan,nan,nan,nan,nan,3.2551785,-4.8654103,0.020836363,-0.7392934,-13162.92,nan,1.5684139
nan,nan,nan,nan,nan,nan,nan,nan,3.2572753,-4.9533248,0.020626454,-0.79297727,-13171.367,nan,1.5202489
nan,nan,nan,nan,nan,nan,nan,nan,3.2594676,-4.9396768,0.020416405,-0.84670299,-13180.2,nan,1.4720869
nan,nan,nan,nan,nan,nan,nan,nan,3.2613358,-5.0213356,0.020206226,-0.90047121,-13187.729,nan,1.4239281
nan,nan,nan,nan,nan,nan,nan,nan,3.2628682,-5.0777464,0.019995937,-0.95428246,-13193.901,nan,1.3757725
nan,nan,nan,nan,nan,nan,nan,nan,3.2643168,-5.0903702,0.019785553,-1.0081375,-13199.738,nan,1.32762
nan,nan,nan,nan,nan,nan,nan,nan,3.2655823,-5.2192845,0.01957508,-1.0620366,-13204.837,nan,1.279471
nan,nan,nan,nan,nan,nan,nan,nan,3.2672102,-5.2733068,0.019364515,-1.1159809,-13211.396,nan,1.2313254
nan,nan,nan,nan,nan,nan,nan,nan,3.2690732,-5.2994647,0.019153837,-1.1699705,-13218.901,nan,1.1831833
nan,nan,nan,nan,nan,nan,nan,nan,3.270745,-5.2895703,0.018943045,-1.2240062,-13225.638,nan,1.1350448
nan,nan,nan,nan,nan,nan,nan,nan,3.2727122,-5.3308544,0.018732136,-1.2780883,-13233.563,nan,1.08691
nan,nan,nan,nan,nan,nan,nan,nan,3.2748778,-5.3468904,0.018521093,-1.3322177,-13242.288,nan,1.0387789
nan,nan,nan,nan,nan,nan,nan,nan,3.2769876,-5.5074787,0.018309914,-1.3863946,-13250.788,nan,0.99065167
nan,nan,nan,nan,nan,nan,nan,nan,3.2785842,-5.552516,0.018098613,-1.4406196,-13257.222,nan,0.94252837
nan,nan,nan,nan,nan,nan,nan,nan,3.2802379,-5.6162624,0.017887209,-1.4948932,-13263.885,nan,0.89440912
nan,nan,nan,nan,nan,nan,nan,nan,3.2821264,-5.6201859,0.01767569,-1.5492158,-13271.493,nan,0.84629393
nan,nan,nan,nan,nan,nan,nan,nan,3.283987,-5.6871738,0.017464051,-1.6035879,-13278.99,nan,0.79818296
nan,nan,nan,nan,nan,nan,nan,nan,3.2860408,-5.795218,0.017252285,-1.6580099,-13287.264,nan,0.75007629
nan,nan,nan,nan,nan,nan,nan,nan,3.2879424,-5.7845273,0.017040392,-1.7124822,-13294.926,nan,0.70197397
nan,nan,nan,nan,nan,nan,nan,nan,3.2897139,-5.8524814,0.016828381,-1.7670051,-13302.062,nan,0.65387619
nan,nan,nan,nan,nan,nan,nan,nan,3.2913387,-5.9431252,0.016616261,-1.8215792,-13308.61,nan,0.60578287
nan,nan,nan,nan,nan,nan,nan,nan,3.292778,-5.9838977,0.01640404,-1.8762046,-13314.409,nan,0.55769426
nan,nan,nan,nan,nan,nan,nan,nan,3.2941401,-6.034451,0.01619173,-1.9308817,-13319.896,nan,0.50961041
nan,nan,nan,nan,nan,nan,nan,nan,3.2957113,-6.1441445,0.015979325,-1.985611,-13326.227,nan,0.46153134
nan,nan,nan,nan,nan,nan,nan,nan,3.2974062,-6.1112761,0.015766816,-2.0403924,-13333.056,nan,0.41345724
nan,nan,nan,nan,nan,nan,nan,nan,3.2991645,-6.2012944,0.015554195,-2.0952265,-13340.141,nan,0.36538818
nan,nan,nan,nan,nan,nan,nan,nan,3.3007581,-6.2785177,0.015341465,-2.1501133,-13346.561,nan,0.31732422
nan,nan,nan,nan,nan,nan,nan,nan,3.3025246,-6.3019462,0.015128628,-2.2050533,-13353.678,nan,0.2692655
nan,nan,nan,nan,nan,nan,nan,nan,3.3042243,-6.371891,0.014915679,-2.2600465,-13360.525,nan,0.22121209
nan,nan,nan,nan,nan,nan,nan,nan,3.3057404,-6.4247189,0.014702627,-2.315093,-13366.634,nan,0.1731641
nan,nan,nan,nan,nan,nan,nan,nan,3.3076227,-6.4420061,0.014489464,-2.3701932,-13374.218,nan,0.12512162
nan,nan,nan,nan,nan,nan,nan,nan,3.3088861,-6.5705791,0.0142762,-2.4253471,-13379.309,nan,0.077084765
nan,nan,nan,nan,nan,nan,nan,nan,3.3103621,-6.5907092,0.014062848,-2.4805548,-13385.255,nan,0.029053627
nan,nan,nan,nan,nan,nan,nan,nan,3.3117406,-6.5760946,0.013849404,-2.5358164,-13390.81,nan,-0.018971695
nan,nan,nan,nan,nan,nan,nan,nan,3.3134272,-6.6518397,0.013635861,-2.5911319,-13397.604,nan,-0.066991091
nan,nan,nan,nan,nan,nan,nan,nan,3.3150694,-6.7026772,0.013422211,-2.6465015,-13404.221,nan,-0.11500446
nan,nan,nan,nan,nan,nan,nan,nan,3.3164768,-6.8083334,0.013208462,-2.701925,-13409.891,nan,-0.16301171
nan,nan,nan,nan,nan,nan,nan,nan,3.3179743,-6.9090991,0.01299462,-2.7574027,-13415.925,nan,-0.21101272
nan,nan,nan,nan,nan,nan,nan,nan,3.3191314,-6.8042393,0.012780692,-2.8129344,-13420.587,nan,-0.25900739
nan,nan,nan,nan,nan,nan,nan,nan,3.3205554,-7.0239673,0.012566682,-2.8685198,-13426.324,nan,-0.30699563
nan,nan,nan,nan,nan,nan,nan,nan,3.3219655,-6.9981503,0.012352579,-2.924159,-13432.005,nan,-0.35497731
nan,nan,nan,nan,nan,nan,nan,nan,3.3233125,-7.1089244,0.012138388,-2.979852,-13437.432,nan,-0.40295234
nan,nan,nan,nan,nan,nan,nan,nan,3.3245246,-7.1634583,0.011924115,-3.0355985,-13442.316,nan,-0.45092061
nan,nan,nan,nan,nan,nan,nan,nan,3.3257315,-7.1262684,0.011709764,-3.0913985,-13447.179,nan,-0.498882
nan,nan,nan,nan,nan,nan,nan,nan,3.3267155,-7.2428427,0.011495342,-3.1472516,-13451.143,nan,-0.54683638
nan,nan,nan,nan,nan,nan,nan,nan,3.3278608,-7.3316665,0.011280851,-3.2031579,-13455.758,nan,-0.59478372
nan,nan,nan,nan,nan,nan,nan,nan,3.3289726,-7.3501477,0.011066287,-3.2591169,-13460.236,nan,-0.6427238
nan,nan,nan,nan,nan,nan,nan,nan,3.3301356,-7.4303279,0.01085165,-3.3151283,-13464.923,nan,-0.6906566
nan,nan,nan,nan,nan,nan,nan,nan,3.3315818,-7.3948441,0.010636929,-3.371192,-13470.749,nan,-0.73858196
nan,nan,nan,nan,nan,nan,nan,nan,3.3328922,-7.4997039,0.010422119,-3.4273074,-13476.028,nan,-0.7864998
nan,nan,nan,nan,nan,nan,nan,nan,3.3337128,-7.6092839,0.01020724,-3.4834743,-13479.335,nan,-0.83440995
nan,nan,nan,nan,nan,nan,nan,nan,3.3344297,-7.6242394,0.0099923126,-3.5396924,-13482.224,nan,-0.8823123
nan,nan,nan,nan,nan,nan,nan,nan,3.3353019,-7.6510797,0.0097773336,-3.5959613,-13485.737,nan,-0.93020684
nan,nan,nan,nan,nan,nan,nan,nan,3.3360627,-7.7303505,0.0095623014,-3.6522806,-13488.803,nan,-0.97809333
nan,nan,nan,nan,nan,nan,nan,nan,3.3366184,-7.8089385,0.0093472274,-3.7086494,-13491.042,nan,-1.0259718
nan,nan,nan,nan,nan,nan,nan,nan,3.3375375,-7.7881827,0.0091321059,-3.7650678,-13494.745,nan,-1.0738419
nan,nan,nan,nan,nan,nan,nan,nan,3.3383946,-7.8449912,0.0089169266,-3.8215349,-13498.198,nan,-1.1217037
nan,nan,nan,nan,nan,nan,nan,nan,3.3397398,-7.9222145,0.0087016765,-3.8780503,-13503.618,nan,-1.169557
nan,nan,nan,nan,nan,nan,nan,nan,3.3407698,-8.0033617,0.0084863491,-3.9346135,-13507.768,nan,-1.2174017
nan,nan,nan,nan,nan,nan,nan,nan,3.3418889,-8.0334435,0.0082709538,-3.9912236,-13512.276,nan,-1.2652378
nan,nan,nan,nan,nan,nan,nan,nan,3.342948,-8.1577511,0.0080554876,-4.0478802,-13516.544,nan,-1.3130651
nan,nan,nan,nan,nan,nan,nan,nan,3.3435528,-8.2096691,0.0078399675,-4.1045828,-13518.981,nan,-1.3608834
nan,nan,nan,nan,nan,nan,nan,nan,3.3441899,-8.1791325,0.0076244078,-4.1613302,-13521.548,nan,-1.4086925
nan,nan,nan,nan,nan,nan,nan,nan,3.344805,-8.3171453,0.0074088075,-4.218122,-13524.026,nan,-1.4564925
nan,nan,nan,nan,nan,nan,nan,nan,3.345804,-8.3539944,0.0071931556,-4.2749577,-13528.051,nan,-1.5042833
nan,nan,nan,nan,nan,nan,nan,nan,3.3465624,-8.2855844,0.0069774468,-4.3318357,-13531.106,nan,-1.5520645
nan,nan,nan,nan,nan,nan,nan,nan,3.3473141,-8.3866348,0.0067616892,-4.3887563,-13534.135,nan,-1.5998362
nan,nan,nan,nan,nan,nan,nan,nan,3.3480287,-8.444581,0.0065458845,-4.4457178,-13537.014,nan,-1.6475983
nan,nan,nan,nan,nan,nan,nan,nan,3.3483186,-8.5231686,0.0063300473,-4.5027199,-13538.182,nan,-1.6953505
nan,nan,nan,nan,nan,nan,nan,nan,3.3490512,-8.5373287,0.0061141774,-4.559761,-13541.134,nan,-1.7430929
nan,nan,nan,nan,nan,nan,nan,nan,3.3498385,-8.5883932,0.0058982582,-4.6168408,-13544.306,nan,-1.7908251
nan,nan,nan,nan,nan,nan,nan,nan,3.3502731,-8.7285099,0.0056822998,-4.6739578,-13546.057,nan,-1.8385472
nan,nan,nan,nan,nan,nan,nan,nan,3.3505695,-8.7900391,0.0054663178,-4.7311115,-13547.251,nan,-1.886259
nan,nan,nan,nan,nan,nan,nan,nan,3.3511415,-8.8778954,0.0052503077,-4.788301,-13549.556,nan,-1.9339603
nan,nan,nan,nan,nan,nan,nan,nan,3.3517246,-8.8760757,0.0050342605,-4.8455248,-13551.905,nan,-1.9816511
nan,nan,nan,nan,nan,nan,nan,nan,3.3521121,-8.991684,0.004818182,-4.902782,-13553.467,nan,-2.0293312
nan,nan,nan,nan,nan,nan,nan,nan,3.3522875,-8.9722357,0.0046020853,-4.9600716,-13554.174,nan,-2.0770006
nan,nan,nan,nan,nan,nan,nan,nan,3.3529243,-9.059638,0.0043859622,-5.0173922,-13556.738,nan,-2.1246588
nan,nan,nan,nan,nan,nan,nan,nan,3.3534422,-9.1104755,0.0041698022,-5.0747423,-13558.825,nan,-2.1723063
nan,nan,nan,nan,nan,nan,nan,nan,3.3539672,-9.0750484,0.0039536087,-5.1321216,-13560.94,nan,-2.2199423
nan,nan,nan,nan,nan,nan,nan,nan,3.3542829,-9.1804771,0.0037373877,-5.1895285,-13562.212,nan,-2.2675672
nan,nan,nan,nan,nan,nan,nan,nan,3.3543613,-9.2700968,0.0035211542,-5.2469616,-13562.528,nan,-2.3151803
nan,nan,nan,nan,nan,nan,nan,nan,3.3547001,-9.278286,0.0033049074,-5.30442,-13563.894,nan,-2.3627822
nan,nan,nan,nan,nan,nan,nan,nan,3.3548114,-9.3768339,0.0030886459,-5.3619018,-13564.342,nan,-2.4103723
nan,nan,nan,nan,nan,nan,nan,nan,3.3552225,-9.3595467,0.0028723676,-5.4194059,-13565.998,nan,-2.4579504
nan,nan,nan,nan,nan,nan,nan,nan,3.3553112,-9.4418879,0.0026560731,-5.4769311,-13566.355,nan,-2.5055165
nan,nan,nan,nan,nan,nan,nan,nan,3.3557897,-9.4546824,0.0024397604,-5.5344753,-13568.283,nan,-2.5530708
nan,nan,nan,nan,nan,nan,nan,nan,3.3561096,-9.6676435,0.0022234221,-5.5920382,-13569.572,nan,-2.6006126
nan,nan,nan,nan,nan,nan,nan,nan,3.3562603,-9.6169767,0.0020070684,-5.6496177,-13570.18,nan,-2.6481421
nan,nan,nan,nan,nan,nan,nan,nan,3.3564274,-9.7051182,0.0017907047,-5.7072124,-13570.853,nan,-2.6956592
nan,nan,nan,nan,nan,nan,nan,nan,3.356601,-9.6360836,0.0015743298,-5.7648206,-13571.552,nan,-2.7431636
nan,nan,nan,nan,nan,nan,nan,nan,3.3568854,-9.8425617,0.0013579403,-5.8224406,-13572.698,nan,-2.7906554
nan,nan,nan,nan,nan,nan,nan,nan,3.3568578,-9.8812304,0.0011415423,-5.8800716,-13572.587,nan,-2.8381341
nan,nan,nan,nan,nan,nan,nan,nan,3.3570764,-9.873497,0.00092513842,-5.9377112,-13573.468,nan,-2.8855999
nan,nan,nan,nan,nan,nan,nan,nan,3.3570116,-9.8271513,0.00070872944,-5.9953585,-13573.206,nan,-2.9330523
nan,nan,nan,nan,nan,nan,nan,nan,3.3573132,-10.018106,0.00049231283,-6.0530109,-13574.421,nan,-2.9804916
nan,nan,nan,nan,nan,nan,nan,nan,3.3575509,-9.9982595,0.00027587888,-6.1106677,-13575.379,nan,-3.0279176
nan,nan,nan,nan,nan,nan,nan,nan,3.3574708,-10.06792,5.9439815e-05,-6.1683264,-13575.056,nan,-3.07533
nan,nan,nan,nan,nan,nan,nan,nan,3.3571727,-10.157084,-0.00015698705,-6.2259855,-13573.855,nan,-3.1227286
nan,nan,nan,nan,nan,nan,nan,nan,3.35673,-10.194673,-0.00037339004,-6.2836437,-13572.071,nan,-3.1701136
nan,nan,nan,nan,nan,nan,nan,nan,3.3565302,-10.345253,-0.0005897723,-6.3412986,-13571.267,nan,-3.2174845
nan,nan,nan,nan,nan,nan,nan,nan,3.3566213,-10.291913,-0.00080615107,-6.3989482,-13571.634,nan,-3.2648413
nan,nan,nan,nan,nan,nan,nan,nan,3.3565164,-10.407975,-0.0010225294,-6.4565911,-13571.211,nan,-3.3121839
nan,nan,nan,nan,nan,nan,nan,nan,3.3562658,-10.424865,-0.0012388963,-6.5142255,-13570.201,nan,-3.3595121
nan,nan,nan,nan,nan,nan,nan,nan,3.3560245,-10.528985,-0.0014552473,-6.5718493,-13569.229,nan,-3.406826
nan,nan,nan,nan,nan,nan,nan,nan,3.3560722,-10.481616,-0.0016715921,-6.6294608,-13569.421,nan,-3.4541252
nan,nan,nan,nan,nan,nan,nan,nan,3.3560097,-10.634072,-0.0018879364,-6.6870575,-13569.17,nan,-3.5014095
nan,nan,nan,nan,nan,nan,nan,nan,3.3557897,-10.629523,-0.0021042717,-6.7446375,-13568.283,nan,-3.5486791
nan,nan,nan,nan,nan,nan,nan,nan,3.3553934,-10.704813,-0.0023205869,-6.8021994,-13566.687,nan,-3.5959339
nan,nan,nan,nan,nan,nan,nan,nan,3.3551764,-10.733644,-0.0025368824,-6.8597407,-13565.812,nan,-3.6431732
nan,nan,nan,nan,nan,nan,nan,nan,3.355006,-10.827984,-0.0027531656,-6.9172597,-13565.126,nan,-3.6903975
nan,nan,nan,nan,nan,nan,nan,nan,3.3546674,-10.831396,-0.0029694322,-6.9747539,-13563.762,nan,-3.7376063
nan,nan,nan,nan,nan,nan,nan,nan,3.3548956,-10.917377,-0.0031856953,-7.0322208,-13564.681,nan,-3.7847993
nan,nan,nan,nan,nan,nan,nan,nan,3.354774,-11.010238,-0.0034019619,-7.0896597,-13564.191,nan,-3.8319771
nan,nan,nan,nan,nan,nan,nan,nan,3.354564,-11.089565,-0.0036182178,-7.1470671,-13563.345,nan,-3.8791387
nan,nan,nan,nan,nan,nan,nan,nan,3.3542352,-11.002902,-0.0038344562,-7.2044411,-13562.02,nan,-3.9262846
nan,nan,nan,nan,nan,nan,nan,nan,3.3536069,-11.196472,-0.0040506637,-7.2617798,-13559.488,nan,-3.9734144
nan,nan,nan,nan,nan,nan,nan,nan,3.3532534,-11.168608,-0.0042668399,-7.3190808,-13558.063,nan,-4.0205278
nan,nan,nan,nan,nan,nan,nan,nan,3.352901,-11.231502,-0.0044829929,-7.3763423,-13556.645,nan,-4.067625
nan,nan,nan,nan,nan,nan,nan,nan,3.352664,-11.308667,-0.0046991273,-7.4335613,-13555.689,nan,-4.114706
nan,nan,nan,nan,nan,nan,nan,nan,3.3521497,-11.393852,-0.0049152374,-7.490736,-13553.617,nan,-4.1617703
nan,nan,nan,nan,nan,nan,nan,nan,3.3512344,-11.37503,-0.0051313015,-7.547864,-13549.93,nan,-4.208818
nan,nan,nan,nan,nan,nan,nan,nan,3.350683,-11.392488,-0.005347318,-7.6049428,-13547.708,nan,-4.2558484
nan,nan,nan,nan,nan,nan,nan,nan,3.3501773,-11.438605,-0.0055633006,-7.6619701,-13545.67,nan,-4.3028622
nan,nan,nan,nan,nan,nan,nan,nan,3.3496823,-11.583328,-0.005779251,-7.7189436,-13543.676,nan,-4.3498588
nan,nan,nan,nan,nan,nan,nan,nan,3.34919,-11.595724,-0.0059951693,-7.7758608,-13541.693,nan,-4.3968377
nan,nan,nan,nan,nan,nan,nan,nan,3.3487651,-11.693249,-0.0062110582,-7.8327198,-13539.981,nan,-4.4438
nan,nan,nan,nan,nan,nan,nan,nan,3.3485303,-11.698082,-0.0064269262,-7.8895173,-13539.035,nan,-4.4907441
nan,nan,nan,nan,nan,nan,nan,nan,3.3479433,-11.789522,-0.0066427672,-7.9462519,-13536.671,nan,-4.5376711
nan,nan,nan,nan,nan,nan,nan,nan,3.3471816,-11.835356,-0.0068585649,-8.0029202,-13533.602,nan,-4.5845799
nan,nan,nan,nan,nan,nan,nan,nan,3.3460343,-11.91292,-0.0070743011,-8.0595198,-13528.979,nan,-4.6314712
nan,nan,nan,nan,nan,nan,nan,nan,3.3453,-11.957333,-0.0072899768,-8.1160488,-13526.02,nan,-4.6783442
nan,nan,nan,nan,nan,nan,nan,nan,3.3444238,-11.962393,-0.0075056003,-8.1725044,-13522.489,nan,-4.7251992
nan,nan,nan,nan,nan,nan,nan,nan,3.3435357,-11.898761,-0.0077211671,-8.2288847,-13518.911,nan,-4.7720356
nan,nan,nan,nan,nan,nan,nan,nan,3.3427942,-12.131568,-0.0079366816,-8.2851858,-13515.924,nan,-4.8188539
nan,nan,nan,nan,nan,nan,nan,nan,3.3420529,-12.131284,-0.0081521478,-8.3414059,-13512.938,nan,-4.865654
nan,nan,nan,nan,nan,nan,nan,nan,3.3411994,-12.24928,-0.0083675627,-8.397542,-13509.498,nan,-4.9124351
nan,nan,nan,nan,nan,nan,nan,nan,3.3403146,-12.236826,-0.0085829217,-8.4535923,-13505.934,nan,-4.959197
nan,nan,nan,nan,nan,nan,nan,nan,3.3396766,-12.365342,-0.0087982323,-8.5095539,-13503.363,nan,-5.0059404
nan,nan,nan,nan,nan,nan,nan,nan,3.3387902,-12.351638,-0.0090134926,-8.565424,-13499.792,nan,-5.0526648
nan,nan,nan,nan,nan,nan,nan,nan,3.3380928,-12.42488,-0.0092287026,-8.6211996,-13496.982,nan,-5.09937
nan,nan,nan,nan,nan,nan,nan,nan,3.3372405,-12.420047,-0.0094438624,-8.6768789,-13493.548,nan,-5.1460557
nan,nan,nan,nan,nan,nan,nan,nan,3.3361583,-12.534858,-0.0096589597,-8.7324581,-13489.188,nan,-5.1927223
nan,nan,nan,nan,nan,nan,nan,nan,3.3352964,-12.543103,-0.0098739946,-8.7879362,-13485.716,nan,-5.2393689
nan,nan,nan,nan,nan,nan,nan,nan,3.3343649,-12.718363,-0.010088972,-8.8433094,-13481.963,nan,-5.2859964
nan,nan,nan,nan,nan,nan,nan,nan,3.3338447,-12.690613,-0.010303902,-8.8985748,-13479.867,nan,-5.3326035
nan,nan,nan,nan,nan,nan,nan,nan,3.3327525,-12.782166,-0.01051878,-8.9537306,-13475.467,nan,-5.3791909
nan,nan,nan,nan,nan,nan,nan,nan,3.3313553,-12.844377,-0.010733578,-9.0087729,-13469.837,nan,-5.4257584
nan,nan,nan,nan,nan,nan,nan,nan,3.3301139,-12.874174,-0.010948291,-9.0637007,-13464.835,nan,-5.4723058
nan,nan,nan,nan,nan,nan,nan,nan,3.3292282,-12.911251,-0.011162936,-9.1185093,-13461.267,nan,-5.5188327
nan,nan,nan,nan,nan,nan,nan,nan,3.3283095,-12.947928,-0.011377522,-9.1731977,-13457.565,nan,-5.5653391
nan,nan,nan,nan,nan,nan,nan,nan,3.3272715,-12.996492,-0.011592044,-9.2277622,-13453.383,nan,-5.611825
nan,nan,nan,nan,nan,nan,nan,nan,3.3259592,-13.080767,-0.011806493,-9.2821999,-13448.097,nan,-5.6582904
nan,nan,nan,nan,nan,nan,nan,nan,3.3246531,-13.114943,-0.012020855,-9.3365088,-13442.834,nan,-5.7047348
nan,nan,nan,nan,nan,nan,nan,nan,3.3234117,-13.154009,-0.012235136,-9.390686,-13437.831,nan,-5.7511587
nan,nan,nan,nan,nan,nan,nan,nan,3.3223813,-13.272404,-0.012449344,-9.4447279,-13433.681,nan,-5.7975612
nan,nan,nan,nan,nan,nan,nan,nan,3.320905,-13.291225,-0.012663471,-9.4986324,-13427.732,nan,-5.8439426
nan,nan,nan,nan,nan,nan,nan,nan,3.3195207,-13.341722,-0.012877505,-9.5523968,-13422.155,nan,-5.8903027
nan,nan,nan,nan,nan,nan,nan,nan,3.3185892,-13.443113,-0.013091465,-9.606019,-13418.401,nan,-5.9366412
nan,nan,nan,nan,nan,nan,nan,nan,3.3176715,-13.40797,-0.013305366,-9.6594944,-13414.705,nan,-5.9829583
nan,nan,nan,nan,nan,nan,nan,nan,3.3168731,-13.402682,-0.013519211,-9.712822,-13411.487,nan,-6.029254
nan,nan,nan,nan,nan,nan,nan,nan,3.3156674,-13.48798,-0.013732991,-9.7659979,-13406.63,nan,-6.0755277
nan,nan,nan,nan,nan,nan,nan,nan,3.3148491,-13.626561,-0.013946706,-9.8190193,-13403.334,nan,-6.1217799
nan,nan,nan,nan,nan,nan,nan,nan,3.3133829,-13.564066,-0.014160348,-9.8718843,-13397.426,nan,-6.1680098
nan,nan,nan,nan,nan,nan,nan,nan,3.3120813,-13.713566,-0.014373901,-9.9245901,-13392.182,nan,-6.2142172
nan,nan,nan,nan,nan,nan,nan,nan,3.310312,-13.727043,-0.014587354,-9.9771328,-13385.053,nan,-6.2604032
nan,nan,nan,nan,nan,nan,nan,nan,3.3090839,-13.755646,-0.014800712,-10.02951,-13380.104,nan,-6.3065662
nan,nan,nan,nan,nan,nan,nan,nan,3.3077998,-13.888427,-0.015013987,-10.08172,-13374.932,nan,-6.3527069
nan,nan,nan,nan,nan,nan,nan,nan,3.3064892,-13.846347,-0.015227179,-10.133759,-13369.651,nan,-6.3988247
nan,nan,nan,nan,nan,nan,nan,nan,3.3047345,-13.93608,-0.015440273,-10.185625,-13362.581,nan,-6.4449205
nan,nan,nan,nan,nan,nan,nan,nan,3.3034019,-13.934659,-0.015653268,-10.237314,-13357.213,nan,-6.490993
nan,nan,nan,nan,nan,nan,nan,nan,3.3016009,-14.07233,-0.01586616,-10.288824,-13349.956,nan,-6.5370426
nan,nan,nan,nan,nan,nan,nan,nan,3.3001454,-14.154672,-0.016078947,-10.340153,-13344.092,nan,-6.5830688
nan,nan,nan,nan,nan,nan,nan,nan,3.29847,-14.149667,-0.016291635,-10.391297,-13337.342,nan,-6.6290722
nan,nan,nan,nan,nan,nan,nan,nan,3.2970471,-14.195955,-0.016504223,-10.442254,-13331.608,nan,-6.6750526
nan,nan,nan,nan,nan,nan,nan,nan,3.2954731,-14.261976,-0.016716713,-10.49302,-13325.267,nan,-6.7210093
nan,nan,nan,nan,nan,nan,nan,nan,3.2936962,-14.361946,-0.016929096,-10.543594,-13318.107,nan,-6.766942
nan,nan,nan,nan,nan,nan,nan,nan,3.2917409,-14.45566,-0.017141357,-10.593973,-13310.229,nan,-6.8128519
nan,nan,nan,nan,nan,nan,nan,nan,3.289557,-14.436213,-0.017353486,-10.644154,-13301.431,nan,-6.8587375
nan,nan,nan,nan,nan,nan,nan,nan,3.2876103,-14.46436,-0.017565481,-10.694133,-13293.588,nan,-6.9045992
nan,nan,nan,nan,nan,nan,nan,nan,3.2856879,-14.551877,-0.017777354,-10.743909,-13285.843,nan,-6.9504371
nan,nan,nan,nan,nan,nan,nan,nan,3.2839751,-14.584972,-0.017989106,-10.793479,-13278.941,nan,-6.9962506
nan,nan,nan,nan,nan,nan,nan,nan,3.281812,-14.641497,-0.018200735,-10.84284,-13270.227,nan,-7.0420403
nan,nan,nan,nan,nan,nan,nan,nan,3.2797143,-14.688979,-0.018412227,-10.89199,-13261.775,nan,-7.0878053
nan,nan,nan,nan,nan,nan,nan,nan,3.2778537,-14.704731,-0.01862359,-10.940925,-13254.278,nan,-7.1335459
nan,nan,nan,nan,nan,nan,nan,nan,3.2757816,-14.813685,-0.018834827,-10.989643,-13245.931,nan,-7.1792622
nan,nan,nan,nan,nan,nan,nan,nan,3.2740698,-14.858723,-0.019045943,-11.038141,-13239.033,nan,-7.2249537
nan,nan,nan,nan,nan,nan,nan,nan,3.2722678,-14.908423,-0.019256946,-11.086418,-13231.772,nan,-7.2706199
nan,nan,nan,nan,nan,nan,nan,nan,3.2701588,-14.959261,-0.019467821,-11.134471,-13223.275,nan,-7.3162618
nan,nan,nan,nan,nan,nan,nan,nan,3.2681165,-14.994006,-0.019678563,-11.182296,-13215.047,nan,-7.3618784
nan,nan,nan,nan,nan,nan,nan,nan,3.2660286,-15.113537,-0.019889172,-11.229891,-13206.635,nan,-7.4074697
nan,nan,nan,nan,nan,nan,nan,nan,3.2639401,-15.137818,-0.020099647,-11.277253,-13198.221,nan,-7.4530363
nan,nan,nan,nan,nan,nan,nan,nan,3.2619278,-15.180525,-0.02030999,-11.324381,-13190.113,nan,-7.4985771
nan,nan,nan,nan,nan,nan,nan,nan,3.2602367,-15.261842,-0.020520212,-11.371272,-13183.3,nan,-7.5440927
nan,nan,nan,nan,nan,nan,nan,nan,3.2583835,-15.278561,-0.02073032,-11.417922,-13175.833,nan,-7.5895824
nan,nan,nan,nan,nan,nan,nan,nan,3.2562587,-15.341795,-0.020940302,-11.464331,-13167.271,nan,-7.6350465
nan,nan,nan,nan,nan,nan,nan,nan,3.253844,-15.351178,-0.021150135,-11.510494,-13157.543,nan,-7.6804848
nan,nan,nan,nan,nan,nan,nan,nan,3.2516737,-15.371763,-0.021359822,-11.55641,-13148.799,nan,-7.7258968
nan,nan,nan,nan,nan,nan,nan,nan,3.2493875,-15.459393,-0.021569364,-11.602077,-13139.587,nan,-7.7712831
nan,nan,nan,nan,nan,nan,nan,nan,3.2472484,-15.55214,-0.021778764,-11.647491,-13130.97,nan,-7.8166432
nan,nan,nan,nan,nan,nan,nan,nan,3.2448306,-15.578071,-0.021988017,-11.692652,-13121.228,nan,-7.8619771
nan,nan,nan,nan,nan,nan,nan,nan,3.2424343,-15.58717,-0.022197116,-11.737555,-13111.572,nan,-7.9072843
nan,nan,nan,nan,nan,nan,nan,nan,3.2398624,-15.607755,-0.022406053,-11.782199,-13101.211,nan,-7.9525652
nan,nan,nan,nan,nan,nan,nan,nan,3.23774,-15.763282,-0.02261484,-11.826582,-13092.659,nan,-7.9978194
nan,nan,nan,nan,nan,nan,nan,nan,3.235523,-15.810309,-0.022823486,-11.870701,-13083.728,nan,-8.043047
nan,nan,nan,nan,nan,nan,nan,nan,3.2331927,-15.860237,-0.023031987,-11.914554,-13074.339,nan,-8.0882473
nan,nan,nan,nan,nan,nan,nan,nan,3.2309346,-15.920686,-0.023240339,-11.958138,-13065.241,nan,-8.1334209
nan,nan,nan,nan,nan,nan,nan,nan,3.2288039,-15.9618,-0.023448549,-12.001453,-13056.656,nan,-8.1785679
nan,nan,nan,nan,nan,nan,nan,nan,3.2271187,-16.032995,-0.023656636,-12.044495,-13049.867,nan,-8.2236872
nan,nan,nan,nan,nan,nan,nan,nan,3.2250323,-15.977836,-0.023864603,-12.087262,-13041.46,nan,-8.2687798
nan,nan,nan,nan,nan,nan,nan,nan,3.2229235,-16.122559,-0.024072435,-12.129752,-13032.964,nan,-8.3138437
nan,nan,nan,nan,nan,nan,nan,nan,3.2203195,-16.173794,-0.024280114,-12.171964,-13022.473,nan,-8.358881
nan,nan,nan,nan,nan,nan,nan,nan,3.2181549,-16.180162,-0.024487639,-12.213894,-13013.751,nan,-8.4038906
nan,nan,nan,nan,nan,nan,nan,nan,3.2157099,-16.246809,-0.024695016,-12.255541,-13003.9,nan,-8.4488726
nan,nan,nan,nan,nan,nan,nan,nan,3.2129612,-16.31118,-0.024902225,-12.296904,-12992.825,nan,-8.4938259
nan,nan,nan,nan,nan,nan,nan,nan,3.2104065,-16.315502,-0.025109263,-12.337978,-12982.532,nan,-8.5387516
nan,nan,nan,nan,nan,nan,nan,nan,3.2082739,-16.404612,-0.025316151,-12.378764,-12973.94,nan,-8.5836496
nan,nan,nan,nan,nan,nan,nan,nan,3.2057934,-16.408421,-0.02552289,-12.419259,-12963.947,nan,-8.6285181
nan,nan,nan,nan,nan,nan,nan,nan,3.2035694,-16.517715,-0.025729477,-12.459461,-12954.986,nan,-8.6733599
nan,nan,nan,nan,nan,nan,nan,nan,3.2009768,-16.54052,-0.025935909,-12.499369,-12944.541,nan,-8.7181721
nan,nan,nan,nan,nan,nan,nan,nan,3.1989973,-16.645208,-0.026142193,-12.538979,-12936.565,nan,-8.7629557
nan,nan,nan,nan,nan,nan,nan,nan,3.1961114,-16.648109,-0.026348321,-12.578291,-12924.938,nan,-8.8077106
nan,nan,nan,nan,nan,nan,nan,nan,3.1936698,-16.714926,-0.026554277,-12.617303,-12915.101,nan,-8.852437
nan,nan,nan,nan,nan,nan,nan,nan,3.1911347,-16.781061,-0.026760072,-12.656013,-12904.887,nan,-8.8971348
nan,nan,nan,nan,nan,nan,nan,nan,3.1885095,-16.833321,-0.0269657,-12.69442,-12894.31,nan,-8.941803
nan,nan,nan,nan,nan,nan,nan,nan,3.1857266,-16.825756,-0.027171155,-12.732521,-12883.098,nan,-8.9864426
nan,nan,nan,nan,nan,nan,nan,nan,3.1830611,-16.902582,-0.027376436,-12.770316,-12872.358,nan,-9.0310516
nan,nan,nan,nan,nan,nan,nan,nan,3.180177,-16.988562,-0.027581535,-12.807801,-12860.738,nan,-9.0756321
nan,nan,nan,nan,nan,nan,nan,nan,3.1775315,-17.055721,-0.027786458,-12.844977,-12850.079,nan,-9.120183
nan,nan,nan,nan,nan,nan,nan,nan,3.1748166,-16.987652,-0.027991207,-12.881842,-12839.142,nan,-9.1647043
nan,nan,nan,nan,nan,nan,nan,nan,3.171942,-17.156544,-0.028195776,-12.918393,-12827.56,nan,-9.2091951
nan,nan,nan,nan,nan,nan,nan,nan,3.1689274,-17.152391,-0.028400155,-12.954629,-12815.413,nan,-9.2536564
nan,nan,nan,nan,nan,nan,nan,nan,3.1660755,-17.141644,-0.028604345,-12.99055,-12803.924,nan,-9.2980881
nan,nan,nan,nan,nan,nan,nan,nan,3.1634011,-17.220858,-0.028808357,-13.026153,-12793.148,nan,-9.3424892
nan,nan,nan,nan,nan,nan,nan,nan,3.1608689,-17.413803,-0.029012201,-13.061438,-12782.945,nan,-9.3868599
nan,nan,nan,nan,nan,nan,nan,nan,3.1581099,-17.384062,-0.029215876,-13.096402,-12771.829,nan,-9.4312
nan,nan,nan,nan,nan,nan,nan,nan,3.1555402,-17.381844,-0.029419377,-13.131045,-12761.476,nan,-9.4755096
nan,nan,nan,nan,nan,nan,nan,nan,3.1524625,-17.404648,-0.029622698,-13.165366,-12749.076,nan,-9.5197887
nan,nan,nan,nan,nan,nan,nan,nan,3.1493182,-17.50746,-0.029825818,-13.199363,-12736.408,nan,-9.5640373
nan,nan,nan,nan,nan,nan,nan,nan,3.1465387,-17.645643,-0.030028746,-13.233035,-12725.21,nan,-9.6082544
nan,nan,nan,nan,nan,nan,nan,nan,3.1433675,-17.645416,-0.030231483,-13.266381,-12712.433,nan,-9.652441
nan,nan,nan,nan,nan,nan,nan,nan,3.1407187,-17.66873,-0.030434031,-13.2994,-12701.761,nan,-9.6965961
nan,nan,nan,nan,nan,nan,nan,nan,3.1378603,-17.702566,-0.030636404,-13.332091,-12690.244,nan,-9.7407198
nan,nan,nan,nan,nan,nan,nan,nan,3.1351535,-17.735832,-0.030838596,-13.364453,-12679.338,nan,-9.784812
nan,nan,nan,nan,nan,nan,nan,nan,3.1318734,-17.797644,-0.031040594,-13.396484,-12666.123,nan,-9.8288727
nan,nan,nan,nan,nan,nan,nan,nan,3.128705,-17.848482,-0.031242386,-13.428185,-12653.357,nan,-9.872901
nan,nan,nan,nan,nan,nan,nan,nan,3.1253264,-17.904665,-0.031443965,-13.459555,-12639.744,nan,-9.9168987
nan,nan,nan,nan,nan,nan,nan,nan,3.1220143,-18.006454,-0.031645332,-13.490591,-12626.399,nan,-9.9608631
nan,nan,nan,nan,nan,nan,nan,nan,3.1185126,-18.00617,-0.031846475,-13.521295,-12612.292,nan,-10.004796
nan,nan,nan,nan,nan,nan,nan,nan,3.115335,-18.053425,-0.032047406,-13.551663,-12599.489,nan,-10.048697
nan,nan,nan,nan,nan,nan,nan,nan,3.1123481,-18.081915,-0.032248136,-13.581697,-12587.454,nan,-10.092566
nan,nan,nan,nan,nan,nan,nan,nan,3.1091723,-18.237614,-0.032448668,-13.611395,-12574.659,nan,-10.136401
nan,nan,nan,nan,nan,nan,nan,nan,3.1062729,-18.251204,-0.032649007,-13.640758,-12562.978,nan,-10.180203
nan,nan,nan,nan,nan,nan,nan,nan,3.1032541,-18.296469,-0.032849152,-13.669783,-12550.814,nan,-10.223974
nan,nan,nan,nan,nan,nan,nan,nan,3.0998404,-18.302326,-0.033049092,-13.698471,-12537.062,nan,-10.267711
nan,nan,nan,nan,nan,nan,nan,nan,3.0965507,-18.351856,-0.033248812,-13.726822,-12523.807,nan,-10.311415
nan,nan,nan,nan,nan,nan,nan,nan,3.0935471,-18.484238,-0.033448335,-13.754834,-12511.705,nan,-10.355086
nan,nan,nan,nan,nan,nan,nan,nan,3.0903542,-18.472866,-0.033647653,-13.782507,-12498.842,nan,-10.398724
nan,nan,nan,nan,nan,nan,nan,nan,3.0874169,-18.538715,-0.033846777,-13.809842,-12487.007,nan,-10.442327
nan,nan,nan,nan,nan,nan,nan,nan,3.0835261,-18.567432,-0.034045678,-13.836838,-12471.331,nan,-10.485897
nan,nan,nan,nan,nan,nan,nan,nan,3.0801747,-18.570902,-0.034244347,-13.863493,-12457.828,nan,-10.529433
nan,nan,nan,nan,nan,nan,nan,nan,3.0766907,-18.614801,-0.034442794,-13.889809,-12443.791,nan,-10.572936
nan,nan,nan,nan,nan,nan,nan,nan,3.0736482,-18.614347,-0.034641035,-13.915785,-12431.533,nan,-10.616405
nan,nan,nan,nan,nan,nan,nan,nan,3.0702496,-18.627028,-0.034839064,-13.941421,-12417.84,nan,-10.659838
nan,nan,nan,nan,nan,nan,nan,nan,3.0665152,-18.631178,-0.035036866,-13.966717,-12402.794,nan,-10.703238
nan,nan,nan,nan,nan,nan,nan,nan,3.0634382,-18.615938,-0.035234444,-13.991673,-12390.396,nan,-10.746602
nan,nan,nan,nan,nan,nan,nan,nan,3.0602317,-18.633112,-0.035431825,-14.016288,-12377.478,nan,-10.789932
nan,nan,nan,nan,nan,nan,nan,nan,3.0568745,-18.633112,-0.035628989,-14.040563,-12363.951,nan,-10.833227
nan,nan,nan,nan,nan,nan,nan,nan,3.0533342,-18.633112,-0.035825934,-14.064497,-12349.688,nan,-10.876488
nan,nan,nan,nan,nan,nan,nan,nan,3.0494714,-18.633112,-0.036022641,-14.088092,-12334.124,nan,-10.919713
nan,nan,nan,nan,nan,nan,nan,nan,3.0462153,-18.633112,-0.03621912,-14.111347,-12321.005,nan,-10.962902
nan,nan,nan,nan,nan,nan,nan,nan,3.042403,-18.633112,-0.036415368,-14.134262,-12305.646,nan,-11.006056
nan,nan,nan,nan,nan,nan,nan,nan,3.0390744,-18.633112,-0.036611386,-14.156838,-12292.234,nan,-11.049174
nan,nan,nan,nan,nan,nan,nan,nan,3.0355432,-18.633112,-0.036807183,-14.179075,-12278.008,nan,-11.092257
nan,nan,nan,nan,nan,nan,nan,nan,3.0315051,-18.633112,-0.037002739,-14.200974,-12261.737,nan,-11.135303
nan,nan,nan,nan,nan,nan,nan,nan,3.0279648,-18.633112,-0.037198044,-14.222533,-12247.475,nan,-11.178313
nan,nan,nan,nan,nan,nan,nan,nan,3.0243504,-18.633112,-0.037393123,-14.243755,-12232.911,nan,-11.221288
nan,nan,nan,nan,nan,nan,nan,nan,3.0204139,-18.633112,-0.037587959,-14.264641,-12217.051,nan,-11.264225
nan,nan,nan,nan,nan,nan,nan,nan,3.0168381,-18.633112,-0.037782554,-14.285189,-12202.644,nan,-11.307125
nan,nan,nan,nan,nan,nan,nan,nan,3.0129449,-18.633112,-0.037976906,-14.3054,-12186.959,nan,-11.349989
nan,nan,nan,nan,nan,nan,nan,nan,3.0091941,-18.633112,-0.038171012,-14.325276,-12171.847,nan,-11.392816
nan,nan,nan,nan,nan,nan,nan,nan,3.0054042,-18.633112,-0.038364876,-14.344817,-12156.577,nan,-11.435605
nan,nan,nan,nan,nan,nan,nan,nan,3.0016565,-18.633112,-0.038558494,-14.364023,-12141.478,nan,-11.478357
nan,nan,nan,nan,nan,nan,nan,nan,2.9978943,-18.633112,-0.038751874,-14.382896,-12126.319,nan,-11.521071
nan,nan,nan,nan,nan,nan,nan,nan,2.9941907,-18.633112,-0.038945008,-14.401438,-12111.397,nan,-11.563748
nan,nan,nan,nan,nan,nan,nan,nan,2.9902484,-18.633112,-0.0391379,-14.419646,-12095.515,nan,-11.606387
nan,nan,nan,nan,nan,nan,nan,nan,2.9862733,-18.633112,-0.039330535,-14.437524,-12079.498,nan,-11.648989
nan,nan,nan,nan,nan,nan,nan,nan,2.9820788,-18.633112,-0.039522909,-14.455071,-12062.599,nan,-11.691551
nan,nan,nan,nan,nan,nan,nan,nan,2.9780345,-18.633112,-0.039715014,-14.472289,-12046.305,nan,-11.734075
nan,nan,nan,nan,nan,nan,nan,nan,2.9744024,-18.633112,-0.039906874,-14.48918,-12031.671,nan,-11.77656
nan,nan,nan,nan,nan,nan,nan,nan,2.9705672,-18.633112,-0.040098492,-14.505743,-12016.219,nan,-11.819007
nan,nan,nan,nan,nan,nan,nan,nan,2.9669435,-18.633112,-0.040289871,-14.52198,-12001.618,nan,-11.861414
nan,nan,nan,nan,nan,nan,nan,nan,2.9629867,-18.633112,-0.040481005,-14.537893,-11985.677,nan,-11.903783
nan,nan,nan,nan,nan,nan,nan,nan,2.9589438,-18.633112,-0.040671881,-14.553482,-11969.388,nan,-11.946112
nan,nan,nan,nan,nan,nan,nan,nan,2.9547648,-18.633112,-0.040862493,-14.568748,-11952.551,nan,-11.9884
nan,nan,nan,nan,nan,nan,nan,nan,2.9504905,-18.633112,-0.041052833,-14.583694,-11935.329,nan,-12.03065
nan,nan,nan,nan,nan,nan,nan,nan,2.9460242,-18.633112,-0.04124289,-14.59832,-11917.334,nan,-12.07286
nan,nan,nan,nan,nan,nan,nan,nan,2.9421453,-18.633112,-0.041432675,-14.612627,-11901.706,nan,-12.115029
nan,nan,nan,nan,nan,nan,nan,nan,2.9382622,-18.633112,-0.041622214,-14.626617,-11886.062,nan,-12.157158
nan,nan,nan,nan,nan,nan,nan,nan,2.9342554,-18.633112,-0.041811496,-14.640292,-11869.917,nan,-12.199246
nan,nan,nan,nan,nan,nan,nan,nan,2.93028,-18.633112,-0.042000525,-14.653653,-11853.9,nan,-12.241295
nan,nan,nan,nan,nan,nan,nan,nan,2.9260225,-18.633112,-0.042189285,-14.6667,-11836.748,nan,-12.283301
nan,nan,nan,nan,nan,nan,nan,nan,2.9221554,-18.633112,-0.042377785,-14.679438,-11821.166,nan,-12.325267
nan,nan,nan,nan,nan,nan,nan,nan,2.9179423,-18.633112,-0.04256602,-14.691865,-11804.192,nan,-12.36719
nan,nan,nan,nan,nan,nan,nan,nan,2.9136748,-18.633112,-0.042753987,-14.703984,-11786.998,nan,-12.409073
nan,nan,nan,nan,nan,nan,nan,nan,2.9094818,-18.633112,-0.042941678,-14.715798,-11770.104,nan,-12.450913
nan,nan,nan,nan,nan,nan,nan,nan,2.9052544,-18.633112,-0.043129101,-14.727307,-11753.072,nan,-12.492712
nan,nan,nan,nan,nan,nan,nan,nan,2.900943,-18.633112,-0.043316245,-14.738514,-11735.702,nan,-12.534469
nan,nan,nan,nan,nan,nan,nan,nan,2.8964157,-18.633112,-0.043503106,-14.749419,-11717.462,nan,-12.576183
nan,nan,nan,nan,nan,nan,nan,nan,2.8917572,-18.633112,-0.043689672,-14.760026,-11698.692,nan,-12.617854
nan,nan,nan,nan,nan,nan,nan,nan,2.8875721,-18.633112,-0.043875951,-14.770335,-11681.83,nan,-12.659483
nan,nan,nan,nan,nan,nan,nan,nan,2.8832402,-18.633112,-0.044061955,-14.780349,-11664.377,nan,-12.701068
nan,nan,nan,nan,nan,nan,nan,nan,2.8790359,-18.633112,-0.044247687,-14.79007,-11647.438,nan,-12.74261
nan,nan,nan,nan,nan,nan,nan,nan,2.8744063,-18.633112,-0.044433132,-14.799499,-11628.785,nan,-12.784109
nan,nan,nan,nan,nan,nan,nan,nan,2.8697586,-18.633112,-0.044618279,-14.808639,-11610.06,nan,-12.825563
nan,nan,nan,nan,nan,nan,nan,nan,2.865437,-18.633112,-0.044803135,-14.817492,-11592.648,nan,-12.866975
nan,nan,nan,nan,nan,nan,nan,nan,2.8606434,-18.633112,-0.044987697,-14.826059,-11573.334,nan,-12.908341
nan,nan,nan,nan,nan,nan,nan,nan,2.8561294,-18.633112,-0.045171961,-14.834343,-11555.147,nan,-12.949663
nan,nan,nan,nan,nan,nan,nan,nan,2.8514373,-18.633112,-0.045355927,-14.842347,-11536.243,nan,-12.990941
nan,nan,nan,nan,nan,nan,nan,nan,2.8466845,-18.633112,-0.045539591,-14.850072,-11517.094,nan,-13.032173
nan,nan,nan,nan,nan,nan,nan,nan,2.8423162,-18.633112,-0.045722961,-14.85752,-11499.494,nan,-13.073361
nan,nan,nan,nan,nan,nan,nan,nan,2.8377414,-18.633112,-0.045906041,-14.864694,-11481.062,nan,-13.114503
nan,nan,nan,nan,nan,nan,nan,nan,2.8331556,-18.633112,-0.046088826,-14.871595,-11462.586,nan,-13.1556
nan,nan,nan,nan,nan,nan,nan,nan,2.828563,-18.633112,-0.046271313,-14.878228,-11444.082,nan,-13.196651
nan,nan,nan,nan,nan,nan,nan,nan,2.8237774,-18.633112,-0.046453498,-14.884593,-11424.802,nan,-13.237656
nan,nan,nan,nan,nan,nan,nan,nan,2.8191462,-18.633112,-0.046635382,-14.890693,-11406.142,nan,-13.278614
nan,nan,nan,nan,nan,nan,nan,nan,2.814429,-18.633112,-0.046816964,-14.89653,-11387.136,nan,-13.319526
nan,nan,nan,nan,nan,nan,nan,nan,2.8095748,-18.633112,-0.046998236,-14.902108,-11367.578,nan,-13.360391
nan,nan,nan,nan,nan,nan,nan,nan,2.8048773,-18.633112,-0.047179203,-14.907428,-11348.651,nan,-13.401209
nan,nan,nan,nan,nan,nan,nan,nan,2.8000295,-18.633112,-0.047359861,-14.912493,-11329.121,nan,-13.441979
nan,nan,nan,nan,nan,nan,nan,nan,2.7954473,-18.633112,-0.047540214,-14.917305,-11310.659,nan,-13.482702
nan,nan,nan,nan,nan,nan,nan,nan,2.7907305,-18.633112,-0.047720268,-14.921866,-11291.654,nan,-13.523378
nan,nan,nan,nan,nan,nan,nan,nan,2.7862151,-18.633112,-0.047900025,-14.926182,-11273.462,nan,-13.564006
nan,nan,nan,nan,nan,nan,nan,nan,2.7816002,-18.633112,-0.048079487,-14.930251,-11254.869,nan,-13.604585
nan,nan,nan,nan,nan,nan,nan,nan,2.7770607,-18.633112,-0.048258655,-14.934079,-11236.579,nan,-13.645116
nan,nan,nan,nan,nan,nan,nan,nan,2.7721274,-18.633112,-0.048437517,-14.937667,-11216.703,nan,-13.685597
nan,nan,nan,nan,nan,nan,nan,nan,2.7670214,-18.633112,-0.048616055,-14.941018,-11196.131,nan,-13.72603
nan,nan,nan,nan,nan,nan,nan,nan,2.7620516,-18.633112,-0.04879427,-14.944136,-11176.107,nan,-13.766414
nan,nan,nan,nan,nan,nan,nan,nan,2.7574024,-18.633112,-0.048972171,-14.947021,-11157.376,nan,-13.806747
nan,nan,nan,nan,nan,nan,nan,nan,2.7525506,-18.633112,-0.04914977,-14.949678,-11137.828,nan,-13.847032
nan,nan,nan,nan,nan,nan,nan,nan,2.747565,-18.633112,-0.049327049,-14.952109,-11117.741,nan,-13.887266
nan,nan,nan,nan,nan,nan,nan,nan,2.7426112,-18.633112,-0.049504008,-14.954318,-11097.782,nan,-13.92745
nan,nan,nan,nan,nan,nan,nan,nan,2.7377055,-18.633112,-0.04968065,-14.956306,-11078.017,nan,-13.967583
nan,nan,nan,nan,nan,nan,nan,nan,2.7326245,-18.633112,-0.049856972,-14.958076,-11057.546,nan,-14.007666
nan,nan,nan,nan,nan,nan,nan,nan,2.7277553,-18.633112,-0.05003297,-14.959632,-11037.927,nan,-14.047696
nan,nan,nan,nan,nan,nan,nan,nan,2.7225239,-18.633112,-0.050208643,-14.960977,-11016.85,nan,-14.087676
nan,nan,nan,nan,nan,nan,nan,nan,2.7175102,-18.633112,-0.050383989,-14.962112,-10996.649,nan,-14.127604
nan,nan,nan,nan,nan,nan,nan,nan,2.7125306,-18.633112,-0.05055901,-14.963042,-10976.587,nan,-14.16748
nan,nan,nan,nan,nan,nan,nan,nan,2.70751,-18.633112,-0.050733708,-14.963769,-10956.358,nan,-14.207304
nan,nan,nan,nan,nan,nan,nan,nan,2.7025321,-18.633112,-0.050908085,-14.964296,-10936.302,nan,-14.247075
nan,nan,nan,nan,nan,nan,nan,nan,2.697793,-18.633112,-0.051082149,-14.964626,-10917.208,nan,-14.286794
nan,nan,nan,nan,nan,nan,nan,nan,2.6928439,-18.633112,-0.0512559,-14.964763,-10897.269,nan,-14.32646
nan,nan,nan,nan,nan,nan,nan,nan,2.6878624,-18.633112,-0.051429331,-14.964707,-10877.198,nan,-14.366072
nan,nan,nan,nan,nan,nan,nan,nan,2.6827126,-18.633112,-0.051602438,-14.964465,-10856.449,nan,-14.40563
nan,nan,nan,nan,nan,nan,nan,nan,2.6774366,-18.633112,-0.051775206,-14.964037,-10835.192,nan,-14.445135
nan,nan,nan,nan,nan,nan,nan,nan,2.6721995,-18.633112,-0.051947635,-14.963428,-10814.093,nan,-14.484586
nan,nan,nan,nan,nan,nan,nan,nan,2.6669133,-18.633112,-0.052119724,-14.96264,-10792.794,nan,-14.523981
nan,nan,nan,nan,nan,nan,nan,nan,2.6617739,-18.633112,-0.052291479,-14.961676,-10772.088,nan,-14.563323
nan,nan,nan,nan,nan,nan,nan,nan,2.6563587,-18.633112,-0.052462894,-14.96054,-10750.27,nan,-14.602609
nan,nan,nan,nan,nan,nan,nan,nan,2.6511538,-18.633112,-0.052633967,-14.959233,-10729.3,nan,-14.64184
nan,nan,nan,nan,nan,nan,nan,nan,2.6460345,-18.633112,-0.052804705,-14.957762,-10708.673,nan,-14.681015
nan,nan,nan,nan,nan,nan,nan,nan,2.6411815,-18.633112,-0.052975126,-14.956125,-10689.12,nan,-14.720135
nan,nan,nan,nan,nan,nan,nan,nan,2.6361103,-18.633112,-0.053145222,-14.954329,-10668.688,nan,-14.759197
nan,nan,nan,nan,nan,nan,nan,nan,2.6305656,-18.633112,-0.053314976,-14.952377,-10646.35,nan,-14.798204
nan,nan,nan,nan,nan,nan,nan,nan,2.6250796,-18.633112,-0.053484377,-14.950271,-10624.246,nan,-14.837154
nan,nan,nan,nan,nan,nan,nan,nan,2.6196792,-18.633112,-0.053653426,-14.948012,-10602.487,nan,-14.876047
nan,nan,nan,nan,nan,nan,nan,nan,2.6142383,-18.633112,-0.053822126,-14.945607,-10580.566,nan,-14.914883
nan,nan,nan,nan,nan,nan,nan,nan,2.6094234,-18.633112,-0.053990498,-14.943058,-10561.167,nan,-14.95366
nan,nan,nan,nan,nan,nan,nan,nan,2.6040864,-18.633112,-0.054158539,-14.940367,-10539.664,nan,-14.99238
nan,nan,nan,nan,nan,nan,nan,nan,2.5988972,-18.633112,-0.054326244,-14.937538,-10518.757,nan,-15.031041
nan,nan,nan,nan,nan,nan,nan,nan,2.5937998,-18.633112,-0.054493614,-14.934574,-10498.22,nan,-15.069645
nan,nan,nan,nan,nan,nan,nan,nan,2.5886476,-18.633112,-0.054660656,-14.931479,-10477.461,nan,-15.108189
nan,nan,nan,nan,nan,nan,nan,nan,2.5832713,-18.633112,-0.054827355,-14.928254,-10455.8,nan,-15.146673
nan,nan,nan,nan,nan,nan,nan,nan,2.5781152,-18.633112,-0.054993719,-14.924905,-10435.026,nan,-15.185099
nan,nan,nan,nan,nan,nan,nan,nan,2.572628,-18.633112,-0.055159736,-14.921432,-10412.918,nan,-15.223465
nan,nan,nan,nan,nan,nan,nan,nan,2.567498,-18.633112,-0.055325415,-14.917841,-10392.248,nan,-15.26177
nan,nan,nan,nan,nan,nan,nan,nan,2.562263,-18.633112,-0.055490758,-14.914134,-10371.157,nan,-15.300015
nan,nan,nan,nan,nan,nan,nan,nan,2.5571656,-18.633112,-0.055655766,-14.910315,-10350.619,nan,-15.3382
nan,nan,nan,nan,nan,nan,nan,nan,2.5516648,-18.633112,-0.055820435,-14.906385,-10328.457,nan,-15.376323
nan,nan,nan,nan,nan,nan,nan,nan,2.5461345,-18.633112,-0.055984747,-14.902349,-10306.176,nan,-15.414385
nan,nan,nan,nan,nan,nan,nan,nan,2.5407181,-18.633112,-0.056148708,-14.898211,-10284.352,nan,-15.452386
nan,nan,nan,nan,nan,nan,nan,nan,2.5354102,-18.633112,-0.056312323,-14.893971,-10262.967,nan,-15.490324
nan,nan,nan,nan,nan,nan,nan,nan,2.5301301,-18.633112,-0.056475595,-14.889635,-10241.694,nan,-15.5282
nan,nan,nan,nan,nan,nan,nan,nan,2.5245466,-18.633112,-0.056638516,-14.885205,-10219.197,nan,-15.566014
nan,nan,nan,nan,nan,nan,nan,nan,2.5190516,-18.633112,-0.056801084,-14.880685,-10197.058,nan,-15.603765
nan,nan,nan,nan,nan,nan,nan,nan,2.513248,-18.633112,-0.056963284,-14.876077,-10173.675,nan,-15.641452
nan,nan,nan,nan,nan,nan,nan,nan,2.5077236,-18.633112,-0.057125121,-14.871385,-10151.418,nan,-15.679076
nan,nan,nan,nan,nan,nan,nan,nan,2.5023165,-18.633112,-0.057286605,-14.866611,-10129.632,nan,-15.716637
nan,nan,nan,nan,nan,nan,nan,nan,2.4967906,-18.633112,-0.057447735,-14.861759,-10107.369,nan,-15.754132
nan,nan,nan,nan,nan,nan,nan,nan,2.4911613,-18.633112,-0.057608508,-14.856833,-10084.688,nan,-15.791564
nan,nan,nan,nan,nan,nan,nan,nan,2.4855025,-18.633112,-0.057768915,-14.851834,-10061.888,nan,-15.828931
nan,nan,nan,nan,nan,nan,nan,nan,2.4799099,-18.633112,-0.057928961,-14.846766,-10039.355,nan,-15.866232
nan,nan,nan,nan,nan,nan,nan,nan,2.4742155,-18.633112,-0.058088645,-14.841634,-10016.413,nan,-15.903468
nan,nan,nan,nan,nan,nan,nan,nan,2.4684241,-18.633112,-0.058247954,-14.836437,-9993.0791,nan,-15.940639
nan,nan,nan,nan,nan,nan,nan,nan,2.4624264,-18.633112,-0.058406886,-14.831182,-9968.9141,nan,-15.977743
nan,nan,nan,nan,nan,nan,nan,nan,2.4562223,-18.633112,-0.058565427,-14.82587,-9943.9189,nan,-16.01478
nan,nan,nan,nan,nan,nan,nan,nan,2.450114,-18.633112,-0.058723565,-14.820503,-9919.3076,nan,-16.051752
nan,nan,nan,nan,nan,nan,nan,nan,2.4441073,-18.633112,-0.058881316,-14.815086,-9895.1064,nan,-16.088655
nan,nan,nan,nan,nan,nan,nan,nan,2.4385366,-18.633112,-0.059038695,-14.809622,-9872.6621,nan,-16.125492
nan,nan,nan,nan,nan,nan,nan,nan,2.4326108,-18.633112,-0.059195701,-14.804113,-9848.7871,nan,-16.162262
nan,nan,nan,nan,nan,nan,nan,nan,2.4265683,-18.633112,-0.059352323,-14.798562,-9824.4424,nan,-16.198963
nan,nan,nan,nan,nan,nan,nan,nan,2.4205773,-18.633112,-0.059508558,-14.792973,-9800.3037,nan,-16.235596
nan,nan,nan,nan,nan,nan,nan,nan,2.4146168,-18.633112,-0.059664406,-14.787348,-9776.2891,nan,-16.27216
nan,nan,nan,nan,nan,nan,nan,nan,2.4087226,-18.633112,-0.059819873,-14.781689,-9752.541,nan,-16.308655
nan,nan,nan,nan,nan,nan,nan,nan,2.4026921,-18.633112,-0.059974954,-14.776001,-9728.2441,nan,-16.345079
nan,nan,nan,nan,nan,nan,nan,nan,2.3965428,-18.633112,-0.060129642,-14.770285,-9703.4697,nan,-16.381435
nan,nan,nan,nan,nan,nan,nan,nan,2.3904393,-18.633112,-0.060283937,-14.764544,-9678.8779,nan,-16.417721
nan,nan,nan,nan,nan,nan,nan,nan,2.3843701,-18.633112,-0.060437839,-14.758783,-9654.4248,nan,-16.453938
nan,nan,nan,nan,nan,nan,nan,nan,2.3781502,-18.633112,-0.060591344,-14.753003,-9629.3652,nan,-16.490082
nan,nan,nan,nan,nan,nan,nan,nan,2.3719864,-18.633112,-0.060744453,-14.747207,-9604.5312,nan,-16.526155
nan,nan,nan,nan,nan,nan,nan,nan,2.3658929,-18.633112,-0.060897164,-14.741397,-9579.9805,nan,-16.562159
nan,nan,nan,nan,nan,nan,nan,nan,2.3597965,-18.633112,-0.061049484,-14.735577,-9555.418,nan,-16.598089
nan,nan,nan,nan,nan,nan,nan,nan,2.3536737,-18.633112,-0.061201409,-14.729749,-9530.749,nan,-16.633947
nan,nan,nan,nan,nan,nan,nan,nan,2.3474724,-18.633112,-0.061352935,-14.723916,-9505.7646,nan,-16.669735
nan,nan,nan,nan,nan,nan,nan,nan,2.3413656,-18.633112,-0.061504066,-14.718081,-9481.1592,nan,-16.705448
nan,nan,nan,nan,nan,nan,nan,nan,2.3353837,-18.633112,-0.061654806,-14.712246,-9457.0576,nan,-16.741089
nan,nan,nan,nan,nan,nan,nan,nan,2.3293827,-18.633112,-0.061805163,-14.706413,-9432.8799,nan,-16.776657
nan,nan,nan,nan,nan,nan,nan,nan,2.3233919,-18.633112,-0.061955132,-14.700586,-9408.7432,nan,-16.812151
nan,nan,nan,nan,nan,nan,nan,nan,2.3172011,-18.633112,-0.062104706,-14.694767,-9383.8008,nan,-16.84757
nan,nan,nan,nan,nan,nan,nan,nan,2.3111935,-18.633112,-0.062253889,-14.688959,-9359.5957,nan,-16.882915
nan,nan,nan,nan,nan,nan,nan,nan,2.3050978,-18.633112,-0.062402681,-14.683164,-9335.0361,nan,-16.918186
nan,nan,nan,nan,nan,nan,nan,nan,2.2989953,-18.633112,-0.062551081,-14.677383,-9310.4492,nan,-16.953382
nan,nan,nan,nan,nan,nan,nan,nan,2.2928197,-18.633112,-0.062699087,-14.671621,-9285.5674,nan,-16.988503
nan,nan,nan,nan,nan,nan,nan,nan,2.2865558,-18.633112,-0.06284669,-14.665879,-9260.3301,nan,-17.023548
nan,nan,nan,nan,nan,nan,nan,nan,2.280479,-18.633112,-0.062993892,-14.660161,-9235.8467,nan,-17.058517
nan,nan,nan,nan,nan,nan,nan,nan,2.2740042,-18.633112,-0.06314069,-14.654467,-9209.7598,nan,-17.093409
nan,nan,nan,nan,nan,nan,nan,nan,2.2676117,-18.633112,-0.063287079,-14.6488,-9184.0049,nan,-17.128225
nan,nan,nan,nan,nan,nan,nan,nan,2.2615244,-18.633112,-0.063433066,-14.643164,-9159.4785,nan,-17.162964
nan,nan,nan,nan,nan,nan,nan,nan,2.2550447,-18.633112,-0.063578643,-14.637559,-9133.3721,nan,-17.197624
nan,nan,nan,nan,nan,nan,nan,nan,2.2489491,-18.633112,-0.063723817,-14.631988,-9108.8125,nan,-17.232208
nan,nan,nan,nan,nan,nan,nan,nan,2.242943,-18.633112,-0.063868597,-14.626453,-9084.6143,nan,-17.266714
nan,nan,nan,nan,nan,nan,nan,nan,2.2368727,-18.633112,-0.064012989,-14.620958,-9060.1562,nan,-17.301142
nan,nan,nan,nan,nan,nan,nan,nan,2.230463,-18.633112,-0.064156979,-14.615503,-9034.332,nan,-17.335489
nan,nan,nan,nan,nan,nan,nan,nan,2.2240286,-18.633112,-0.064300559,-14.610091,-9008.4072,nan,-17.369759
nan,nan,nan,nan,nan,nan,nan,nan,2.2174597,-18.633112,-0.064443715,-14.604724,-8981.9414,nan,-17.40395
nan,nan,nan,nan,nan,nan,nan,nan,2.2111671,-18.633112,-0.064586461,-14.599404,-8956.5879,nan,-17.438061
nan,nan,nan,nan,nan,nan,nan,nan,2.2047124,-18.633112,-0.064728796,-14.594132,-8930.583,nan,-17.47209
nan,nan,nan,nan,nan,nan,nan,nan,2.198452,-18.633112,-0.064870715,-14.588912,-8905.3584,nan,-17.506041
nan,nan,nan,nan,nan,nan,nan,nan,2.1921649,-18.633112,-0.065012239,-14.583745,-8880.0283,nan,-17.539909
nan,nan,nan,nan,nan,nan,nan,nan,2.1858416,-18.633112,-0.065153345,-14.578632,-8854.5518,nan,-17.573698
nan,nan,nan,nan,nan,nan,nan,nan,2.1793942,-18.633112,-0.06529405,-14.573576,-8828.5752,nan,-17.607403
nan,nan,nan,nan,nan,nan,nan,nan,2.1731496,-18.633112,-0.065434344,-14.568578,-8803.416,nan,-17.641029
nan,nan,nan,nan,nan,nan,nan,nan,2.1667876,-18.633112,-0.065574229,-14.563641,-8777.7832,nan,-17.674572
nan,nan,nan,nan,nan,nan,nan,nan,2.1601603,-18.633112,-0.065713689,-14.558764,-8751.0811,nan,-17.708031
nan,nan,nan,nan,nan,nan,nan,nan,2.1533456,-18.633112,-0.065852724,-14.553952,-8723.625,nan,-17.741409
nan,nan,nan,nan,nan,nan,nan,nan,2.146951,-18.633112,-0.065991335,-14.549206,-8697.8613,nan,-17.774704
nan,nan,nan,nan,nan,nan,nan,nan,2.1405463,-18.633112,-0.066129528,-14.544526,-8672.0576,nan,-17.807915
nan,nan,nan,nan,nan,nan,nan,nan,2.1339769,-18.633112,-0.066267304,-14.539915,-8645.5889,nan,-17.841042
nan,nan,nan,nan,nan,nan,nan,nan,2.1278164,-18.633112,-0.06640467,-14.535375,-8620.7676,nan,-17.874084
nan,nan,nan,nan,nan,nan,nan,nan,2.1211827,-18.633112,-0.066541627,-14.530906,-8594.04,nan,-17.907043
nan,nan,nan,nan,nan,nan,nan,nan,2.1146882,-18.633112,-0.066678159,-14.526509,-8567.874,nan,-17.939917
nan,nan,nan,nan,nan,nan,nan,nan,2.1081924,-18.633112,-0.066814266,-14.522188,-8541.7021,nan,-17.972704
nan,nan,nan,nan,nan,nan,nan,nan,2.1015804,-18.633112,-0.066949956,-14.517942,-8515.0625,nan,-18.005407
nan,nan,nan,nan,nan,nan,nan,nan,2.0948813,-18.633112,-0.067085221,-14.513775,-8488.0713,nan,-18.038025
nan,nan,nan,nan,nan,nan,nan,nan,2.0883527,-18.633112,-0.067220055,-14.509686,-8461.7686,nan,-18.070557
nan,nan,nan,nan,nan,nan,nan,nan,2.0816293,-18.633112,-0.067354463,-14.505676,-8434.6797,nan,-18.103001
nan,nan,nan,nan,nan,nan,nan,nan,2.074882,-18.633112,-0.067488432,-14.501748,-8407.4951,nan,-18.135357
nan,nan,nan,nan,nan,nan,nan,nan,2.0679092,-18.633112,-0.067621961,-14.497903,-8379.4014,nan,-18.167627
nan,nan,nan,nan,nan,nan,nan,nan,2.0611515,-18.633112,-0.067755051,-14.494142,-8352.1738,nan,-18.19981
nan,nan,nan,nan,nan,nan,nan,nan,2.0544877,-18.633112,-0.067887709,-14.490464,-8325.3262,nan,-18.231905
nan,nan,nan,nan,nan,nan,nan,nan,2.0477822,-18.633112,-0.068019934,-14.486874,-8298.3086,nan,-18.263912
nan,nan,nan,nan,nan,nan,nan,nan,2.0411925,-18.633112,-0.068151727,-14.48337,-8271.7598,nan,-18.29583
nan,nan,nan,nan,nan,nan,nan,nan,2.0346057,-18.633112,-0.068283103,-14.479954,-8245.2217,nan,-18.32766
nan,nan,nan,nan,nan,nan,nan,nan,2.0277858,-18.633112,-0.06841404,-14.476627,-8217.7432,nan,-18.3594
nan,nan,nan,nan,nan,nan,nan,nan,2.0211711,-18.633112,-0.068544544,-14.47339,-8191.0933,nan,-18.39105
nan,nan,nan,nan,nan,nan,nan,nan,2.0144916,-18.633112,-0.068674624,-14.470243,-8164.1812,nan,-18.422611
nan,nan,nan,nan,nan,nan,nan,nan,2.0077767,-18.633112,-0.068804272,-14.467189,-8137.1274,nan,-18.454081
nan,nan,nan,nan,nan,nan,nan,nan,2.0009305,-18.633112,-0.068933479,-14.464227,-8109.5439,nan,-18.48546
nan,nan,nan,nan,nan,nan,nan,nan,1.9941193,-18.633112,-0.069062248,-14.461358,-8082.1011,nan,-18.516748
nan,nan,nan,nan,nan,nan,nan,nan,1.9873364,-18.633112,-0.069190577,-14.458583,-8054.7725,nan,-18.547947
nan,nan,nan,nan,nan,nan,nan,nan,1.9804523,-18.633112,-0.069318466,-14.455903,-8027.0366,nan,-18.579052
nan,nan,nan,nan,nan,nan,nan,nan,1.9736472,-18.633112,-0.069445916,-14.453319,-7999.6187,nan,-18.610065
nan,nan,nan,nan,nan,nan,nan,nan,1.9667406,-18.633112,-0.069572926,-14.45083,-7971.7925,nan,-18.640987
nan,nan,nan,nan,nan,nan,nan,nan,1.9600451,-18.633112,-0.069699489,-14.448437,-7944.8159,nan,-18.671816
nan,nan,nan,nan,nan,nan,nan,nan,1.9531024,-18.633112,-0.069825619,-14.446141,-7916.8433,nan,-18.702553
nan,nan,nan,nan,nan,nan,nan,nan,1.9457458,-18.633112,-0.069951288,-14.443944,-7887.2041,nan,-18.733194
nan,nan,nan,nan,nan,nan,nan,nan,1.9390417,-18.633112,-0.070076503,-14.441844,-7860.1929,nan,-18.763744
nan,nan,nan,nan,nan,nan,nan,nan,1.9322436,-18.633112,-0.070201285,-14.439842,-7832.8037,nan,-18.794199
nan,nan,nan,nan,nan,nan,nan,nan,1.9254774,-18.633112,-0.070325628,-14.43794,-7805.542,nan,-18.824558
nan,nan,nan,nan,nan,nan,nan,nan,1.9185067,-18.633112,-0.070449524,-14.436136,-7777.4575,nan,-18.854824
nan,nan,nan,nan,nan,nan,nan,nan,1.9116971,-18.633112,-0.07057298,-14.434433,-7750.0215,nan,-18.884996
nan,nan,nan,nan,nan,nan,nan,nan,1.9048148,-18.633112,-0.070695996,-14.432828,-7722.293,nan,-18.915071
nan,nan,nan,nan,nan,nan,nan,nan,1.8979701,-18.633112,-0.070818566,-14.431324,-7694.7148,nan,-18.945051
nan,nan,nan,nan,nan,nan,nan,nan,1.8913685,-18.633112,-0.070940703,-14.429919,-7668.1172,nan,-18.974934
nan,nan,nan,nan,nan,nan,nan,nan,1.8844097,-18.633112,-0.071062408,-14.428615,-7640.0801,nan,-19.004723
nan,nan,nan,nan,nan,nan,nan,nan,1.8778653,-18.633112,-0.071183674,-14.427411,-7613.7129,nan,-19.034412
nan,nan,nan,nan,nan,nan,nan,nan,1.8708113,-18.633112,-0.0713045,-14.426308,-7585.2925,nan,-19.064005
nan,nan,nan,nan,nan,nan,nan,nan,1.8639333,-18.633112,-0.071424879,-14.425303,-7557.5806,nan,-19.093502
nan,nan,nan,nan,nan,nan,nan,nan,1.8568579,-18.633112,-0.071544804,-14.424401,-7529.0737,nan,-19.1229
nan,nan,nan,nan,nan,nan,nan,nan,1.8497105,-18.633112,-0.071664274,-14.423598,-7500.2764,nan,-19.152201
nan,nan,nan,nan,nan,nan,nan,nan,1.8424946,-18.633112,-0.071783282,-14.422895,-7471.2041,nan,-19.181402
nan,nan,nan,nan,nan,nan,nan,nan,1.8355559,-18.633112,-0.071901836,-14.422294,-7443.2476,nan,-19.210505
nan,nan,nan,nan,nan,nan,nan,nan,1.8284342,-18.633112,-0.072019935,-14.421791,-7414.5547,nan,-19.23951
nan,nan,nan,nan,nan,nan,nan,nan,1.8213022,-18.633112,-0.072137572,-14.421388,-7385.8193,nan,-19.268414
nan,nan,nan,nan,nan,nan,nan,nan,1.8142524,-18.633112,-0.072254755,-14.421084,-7357.4155,nan,-19.297218
nan,nan,nan,nan,nan,nan,nan,nan,1.8071899,-18.633112,-0.072371483,-14.42088,-7328.9609,nan,-19.325922
nan,nan,nan,nan,nan,nan,nan,nan,1.7999531,-18.633112,-0.072487742,-14.420774,-7299.8037,nan,-19.354527
nan,nan,nan,nan,nan,nan,nan,nan,1.7928139,-18.633112,-0.072603546,-14.420767,-7271.0396,nan,-19.38303
nan,nan,nan,nan,nan,nan,nan,nan,1.7856706,-18.633112,-0.072718889,-14.420858,-7242.2598,nan,-19.41143
nan,nan,nan,nan,nan,nan,nan,nan,1.7780919,-18.633112,-0.072833754,-14.421046,-7211.7246,nan,-19.439732
nan,nan,nan,nan,nan,nan,nan,nan,1.7705826,-18.633112,-0.072948135,-14.421332,-7181.4697,nan,-19.46793
nan,nan,nan,nan,nan,nan,nan,nan,1.7633914,-18.633112,-0.073062047,-14.421715,-7152.4966,nan,-19.496027
nan,nan,nan,nan,nan,nan,nan,nan,1.7563348,-18.633112,-0.07317549,-14.422194,-7124.0649,nan,-19.524019
nan,nan,nan,nan,nan,nan,nan,nan,1.7489954,-18.633112,-0.073288478,-14.422768,-7094.4951,nan,-19.55191
nan,nan,nan,nan,nan,nan,nan,nan,1.7418058,-18.633112,-0.073400997,-14.423436,-7065.5278,nan,-19.579699
nan,nan,nan,nan,nan,nan,nan,nan,1.7343252,-18.633112,-0.073513038,-14.4242,-7035.3882,nan,-19.607382
nan,nan,nan,nan,nan,nan,nan,nan,1.7268015,-18.633112,-0.073624596,-14.425056,-7005.0752,nan,-19.634962
nan,nan,nan,nan,nan,nan,nan,nan,1.7193111,-18.633112,-0.073735669,-14.426007,-6974.8965,nan,-19.662437
nan,nan,nan,nan,nan,nan,nan,nan,1.7120036,-18.633112,-0.073846266,-14.427049,-6945.4546,nan,-19.689808
nan,nan,nan,nan,nan,nan,nan,nan,1.7046328,-18.633112,-0.073956393,-14.428183,-6915.7568,nan,-19.717075
nan,nan,nan,nan,nan,nan,nan,nan,1.6971135,-18.633112,-0.074066043,-14.429407,-6885.4624,nan,-19.744236
nan,nan,nan,nan,nan,nan,nan,nan,1.6898205,-18.633112,-0.074175209,-14.430721,-6856.0786,nan,-19.77129
nan,nan,nan,nan,nan,nan,nan,nan,1.6823965,-18.633112,-0.074283898,-14.432124,-6826.167,nan,-19.798239
nan,nan,nan,nan,nan,nan,nan,nan,1.6751428,-18.633112,-0.074392125,-14.433615,-6796.9419,nan,-19.825081
nan,nan,nan,nan,nan,nan,nan,nan,1.6678232,-18.633112,-0.074499875,-14.435193,-6767.4512,nan,-19.851818
nan,nan,nan,nan,nan,nan,nan,nan,1.6602627,-18.633112,-0.074607141,-14.436857,-6736.9902,nan,-19.878447
nan,nan,nan,nan,nan,nan,nan,nan,1.6527677,-18.633112,-0.07471393,-14.438607,-6706.792,nan,-19.904966
nan,nan,nan,nan,nan,nan,nan,nan,1.6450955,-18.633112,-0.074820228,-14.44044,-6675.8809,nan,-19.931381
nan,nan,nan,nan,nan,nan,nan,nan,1.6379588,-18.633112,-0.074926049,-14.442357,-6647.127,nan,-19.957685
nan,nan,nan,nan,nan,nan,nan,nan,1.6305441,-18.633112,-0.0750314,-14.444356,-6617.2534,nan,-19.983883
nan,nan,nan,nan,nan,nan,nan,nan,1.6229422,-18.633112,-0.075136267,-14.446436,-6586.6255,nan,-20.00997
nan,nan,nan,nan,nan,nan,nan,nan,1.6154753,-18.633112,-0.075240642,-14.448595,-6556.5415,nan,-20.03595
nan,nan,nan,nan,nan,nan,nan,nan,1.6077957,-18.633112,-0.07534454,-14.450834,-6525.5996,nan,-20.061817
nan,nan,nan,nan,nan,nan,nan,nan,1.6003424,-18.633112,-0.075447939,-14.45315,-6495.5703,nan,-20.087578
nan,nan,nan,nan,nan,nan,nan,nan,1.5925822,-18.633112,-0.075550854,-14.455542,-6464.3047,nan,-20.113226
nan,nan,nan,nan,nan,nan,nan,nan,1.5852263,-18.633112,-0.075653285,-14.458009,-6434.6675,nan,-20.138763
nan,nan,nan,nan,nan,nan,nan,nan,1.5781511,-18.633112,-0.075755246,-14.46055,-6406.1616,nan,-20.164192
nan,nan,nan,nan,nan,nan,nan,nan,1.5710565,-18.633112,-0.075856753,-14.463163,-6377.5771,nan,-20.189507
nan,nan,nan,nan,nan,nan,nan,nan,1.5634807,-18.633112,-0.075957783,-14.465848,-6347.0547,nan,-20.21471
nan,nan,nan,nan,nan,nan,nan,nan,1.5559129,-18.633112,-0.076058328,-14.468603,-6316.5635,nan,-20.239803
nan,nan,nan,nan,nan,nan,nan,nan,1.54854,-18.633112,-0.076158389,-14.471426,-6286.8579,nan,-20.264782
nan,nan,nan,nan,nan,nan,nan,nan,1.5410918,-18.633112,-0.076257974,-14.474317,-6256.8491,nan,-20.28965
nan,nan,nan,nan,nan,nan,nan,nan,1.5335791,-18.633112,-0.076357082,-14.477273,-6226.5806,nan,-20.314404
nan,nan,nan,nan,nan,nan,nan,nan,1.5259868,-18.633112,-0.076455697,-14.480294,-6195.9912,nan,-20.339043
nan,nan,nan,nan,nan,nan,nan,nan,1.5180519,-18.633112,-0.076553814,-14.483377,-6164.021,nan,-20.363569
nan,nan,nan,nan,nan,nan,nan,nan,1.5105884,-18.633112,-0.076651432,-14.486523,-6133.9507,nan,-20.38798
nan,nan,nan,nan,nan,nan,nan,nan,1.5026766,-18.633112,-0.076748557,-14.489728,-6102.0742,nan,-20.412277
nan,nan,nan,nan,nan,nan,nan,nan,1.4951712,-18.633112,-0.076845184,-14.492991,-6071.8345,nan,-20.436459
nan,nan,nan,nan,nan,nan,nan,nan,1.4876156,-18.633112,-0.076941326,-14.496313,-6041.3931,nan,-20.460526
nan,nan,nan,nan,nan,nan,nan,nan,1.4799592,-18.633112,-0.077036977,-14.499689,-6010.5454,nan,-20.484476
nan,nan,nan,nan,nan,nan,nan,nan,1.4723378,-18.633112,-0.077132136,-14.503119,-5979.8389,nan,-20.50831
nan,nan,nan,nan,nan,nan,nan,nan,1.4647765,-18.633112,-0.077226803,-14.506602,-5949.374,nan,-20.532028
nan,nan,nan,nan,nan,nan,nan,nan,1.4572645,-18.633112,-0.077320985,-14.510137,-5919.1084,nan,-20.55563
nan,nan,nan,nan,nan,nan,nan,nan,1.4497895,-18.633112,-0.077414684,-14.51372,-5888.9917,nan,-20.579115
nan,nan,nan,nan,nan,nan,nan,nan,1.441946,-18.633112,-0.077507891,-14.51735,-5857.3901,nan,-20.60248
nan,nan,nan,nan,nan,nan,nan,nan,1.4342659,-18.633112,-0.077600598,-14.521027,-5826.4468,nan,-20.625729
nan,nan,nan,nan,nan,nan,nan,nan,1.4266472,-18.633112,-0.077692814,-14.524748,-5795.751,nan,-20.648859
nan,nan,nan,nan,nan,nan,nan,nan,1.4189029,-18.633112,-0.077784531,-14.528512,-5764.5488,nan,-20.671869
nan,nan,nan,nan,nan,nan,nan,nan,1.4112052,-18.633112,-0.077875748,-14.532317,-5733.5352,nan,-20.694761
nan,nan,nan,nan,nan,nan,nan,nan,1.403589,-18.633112,-0.077966474,-14.536161,-5702.8491,nan,-20.717533
nan,nan,nan,nan,nan,nan,nan,nan,1.3962231,-18.633112,-0.078056723,-14.540044,-5673.1719,nan,-20.740185
nan,nan,nan,nan,nan,nan,nan,nan,1.3889291,-18.633112,-0.078146495,-14.543962,-5643.7847,nan,-20.762716
nan,nan,nan,nan,nan,nan,nan,nan,1.3812219,-18.633112,-0.078235783,-14.547915,-5612.7319,nan,-20.785128
nan,nan,nan,nan,nan,nan,nan,nan,1.3734133,-18.633112,-0.078324564,-14.551901,-5581.2715,nan,-20.807419
nan,nan,nan,nan,nan,nan,nan,nan,1.3659059,-18.633112,-0.078412861,-14.555918,-5551.0234,nan,-20.829586
nan,nan,nan,nan,nan,nan,nan,nan,1.3581132,-18.633112,-0.078500658,-14.559963,-5519.627,nan,-20.851633
nan,nan,nan,nan,nan,nan,nan,nan,1.3501093,-18.633112,-0.078587949,-14.564037,-5487.3794,nan,-20.873556
nan,nan,nan,nan,nan,nan,nan,nan,1.3425167,-18.633112,-0.078674741,-14.568136,-5456.7886,nan,-20.895359
nan,nan,nan,nan,nan,nan,nan,nan,1.3348111,-18.633112,-0.078761041,-14.57226,-5425.7427,nan,-20.917036
nan,nan,nan,nan,nan,nan,nan,nan,1.327258,-18.633112,-0.078846842,-14.576406,-5395.311,nan,-20.938591
nan,nan,nan,nan,nan,nan,nan,nan,1.3195559,-18.633112,-0.078932151,-14.580571,-5364.2793,nan,-20.960022
nan,nan,nan,nan,nan,nan,nan,nan,1.3119988,-18.633112,-0.079016976,-14.584757,-5333.832,nan,-20.981329
nan,nan,nan,nan,nan,nan,nan,nan,1.3042209,-18.633112,-0.079101302,-14.588959,-5302.4946,nan,-21.00251
nan,nan,nan,nan,nan,nan,nan,nan,1.2966862,-18.633112,-0.079185136,-14.593176,-5272.1367,nan,-21.023567
nan,nan,nan,nan,nan,nan,nan,nan,1.2889327,-18.633112,-0.07926847,-14.597406,-5240.8979,nan,-21.044498
nan,nan,nan,nan,nan,nan,nan,nan,1.2810607,-18.633112,-0.079351306,-14.601649,-5209.1816,nan,-21.065304
nan,nan,nan,nan,nan,nan,nan,nan,1.2730744,-18.633112,-0.079433635,-14.605902,-5177.0049,nan,-21.085983
nan,nan,nan,nan,nan,nan,nan,nan,1.2653176,-18.633112,-0.07951545,-14.610163,-5145.7524,nan,-21.106535
nan,nan,nan,nan,nan,nan,nan,nan,1.2578459,-18.633112,-0.07959678,-14.614429,-5115.6489,nan,-21.126959
nan,nan,nan,nan,nan,nan,nan,nan,1.250044,-18.633112,-0.079677612,-14.618702,-5084.2148,nan,-21.147257
nan,nan,nan,nan,nan,nan,nan,nan,1.2421379,-18.633112,-0.079757944,-14.622977,-5052.3613,nan,-21.167425
nan,nan,nan,nan,nan,nan,nan,nan,1.2342777,-18.633112,-0.079837762,-14.627253,-5020.6929,nan,-21.187468
nan,nan,nan,nan,nan,nan,nan,nan,1.2264187,-18.633112,-0.079917073,-14.631528,-4989.0288,nan,-21.207378
nan,nan,nan,nan,nan,nan,nan,nan,1.2186491,-18.633112,-0.079995885,-14.635801,-4957.7246,nan,-21.227161
nan,nan,nan,nan,nan,nan,nan,nan,1.2109596,-18.633112,-0.080074199,-14.640071,-4926.7437,nan,-21.246815
nan,nan,nan,nan,nan,nan,nan,nan,1.2035038,-18.633112,-0.08015202,-14.644334,-4896.7046,nan,-21.266336
nan,nan,nan,nan,nan,nan,nan,nan,1.195834,-18.633112,-0.080229357,-14.648589,-4865.8027,nan,-21.285728
nan,nan,nan,nan,nan,nan,nan,nan,1.187911,-18.633112,-0.080306187,-14.652836,-4833.8809,nan,-21.304989
nan,nan,nan,nan,nan,nan,nan,nan,1.179846,-18.633112,-0.080382504,-14.657071,-4801.3867,nan,-21.32412
nan,nan,nan,nan,nan,nan,nan,nan,1.1721058,-18.633112,-0.080458313,-14.661293,-4770.2012,nan,-21.343117
nan,nan,nan,nan,nan,nan,nan,nan,1.1643658,-18.633112,-0.080533624,-14.665501,-4739.0166,nan,-21.361982
nan,nan,nan,nan,nan,nan,nan,nan,1.1564602,-18.633112,-0.080608428,-14.669693,-4707.165,nan,-21.380714
nan,nan,nan,nan,nan,nan,nan,nan,1.148367,-18.633112,-0.080682717,-14.673866,-4674.5576,nan,-21.399313
nan,nan,nan,nan,nan,nan,nan,nan,1.1402677,-18.633112,-0.080756485,-14.67802,-4641.9253,nan,-21.41778
nan,nan,nan,nan,nan,nan,nan,nan,1.1324192,-18.633112,-0.08082974,-14.682154,-4610.3042,nan,-21.43611
nan,nan,nan,nan,nan,nan,nan,nan,1.1245638,-18.633112,-0.080902487,-14.686264,-4578.6543,nan,-21.454308
nan,nan,nan,nan,nan,nan,nan,nan,1.1165111,-18.633112,-0.08097472,-14.69035,-4546.21,nan,-21.472368
nan,nan,nan,nan,nan,nan,nan,nan,1.1085914,-18.633112,-0.08104644,-14.694408,-4514.3013,nan,-21.490295
nan,nan,nan,nan,nan,nan,nan,nan,1.1004293,-18.633112,-0.081117637,-14.69844,-4481.4165,nan,-21.508085
nan,nan,nan,nan,nan,nan,nan,nan,1.0925163,-18.633112,-0.081188321,-14.702441,-4449.5347,nan,-21.52574
nan,nan,nan,nan,nan,nan,nan,nan,1.0846533,-18.633112,-0.081258498,-14.706412,-4417.8545,nan,-21.543257
nan,nan,nan,nan,nan,nan,nan,nan,1.0766764,-18.633112,-0.081328161,-14.71035,-4385.7153,nan,-21.560637
nan,nan,nan,nan,nan,nan,nan,nan,1.0688944,-18.633112,-0.081397317,-14.714254,-4354.3618,nan,-21.577879
nan,nan,nan,nan,nan,nan,nan,nan,1.0609033,-18.633112,-0.081465967,-14.718122,-4322.1655,nan,-21.594982
nan,nan,nan,nan,nan,nan,nan,nan,1.0527575,-18.633112,-0.081534095,-14.721952,-4289.3462,nan,-21.611948
nan,nan,nan,nan,nan,nan,nan,nan,1.0448098,-18.633112,-0.081601702,-14.725744,-4257.3247,nan,-21.628775
nan,nan,nan,nan,nan,nan,nan,nan,1.0370387,-18.633112,-0.081668809,-14.729496,-4226.0146,nan,-21.64546
nan,nan,nan,nan,nan,nan,nan,nan,1.029309,-18.633112,-0.08173541,-14.733205,-4194.8716,nan,-21.662006
nan,nan,nan,nan,nan,nan,nan,nan,1.0214952,-18.633112,-0.081801511,-14.736871,-4163.3901,nan,-21.678411
nan,nan,nan,nan,nan,nan,nan,nan,1.013371,-18.633112,-0.081867099,-14.740492,-4130.6572,nan,-21.694677
nan,nan,nan,nan,nan,nan,nan,nan,1.0055796,-18.633112,-0.081932172,-14.744066,-4099.2656,nan,-21.7108
nan,nan,nan,nan,nan,nan,nan,nan,0.99755043,-18.633112,-0.081996739,-14.747593,-4066.9163,nan,-21.72678
nan,nan,nan,nan,nan,nan,nan,nan,0.98959506,-18.633112,-0.082060784,-14.751071,-4034.864,nan,-21.742619
nan,nan,nan,nan,nan,nan,nan,nan,0.98175377,-18.633112,-0.08212433,-14.754498,-4003.2712,nan,-21.758314
nan,nan,nan,nan,nan,nan,nan,nan,0.97383708,-18.633112,-0.082187362,-14.757874,-3971.375,nan,-21.773867
nan,nan,nan,nan,nan,nan,nan,nan,0.96554142,-18.633112,-0.082249872,-14.761195,-3937.9517,nan,-21.789274
nan,nan,nan,nan,nan,nan,nan,nan,0.95756006,-18.633112,-0.082311854,-14.764463,-3905.7949,nan,-21.804537
nan,nan,nan,nan,nan,nan,nan,nan,0.9495762,-18.633112,-0.082373329,-14.767674,-3873.6277,nan,-21.819656
nan,nan,nan,nan,nan,nan,nan,nan,0.94176793,-18.633112,-0.082434289,-14.770829,-3842.168,nan,-21.834629
nan,nan,nan,nan,nan,nan,nan,nan,0.9338727,-18.633112,-0.082494743,-14.773926,-3810.3582,nan,-21.849455
nan,nan,nan,nan,nan,nan,nan,nan,0.92586857,-18.633112,-0.082554691,-14.776962,-3778.1094,nan,-21.864136
nan,nan,nan,nan,nan,nan,nan,nan,0.91779292,-18.633112,-0.082614116,-14.779938,-3745.5725,nan,-21.878668
nan,nan,nan,nan,nan,nan,nan,nan,0.90945899,-18.633112,-0.082673013,-14.782851,-3711.9951,nan,-21.893055
nan,nan,nan,nan,nan,nan,nan,nan,0.90142298,-18.633112,-0.082731381,-14.785702,-3679.6179,nan,-21.907291
nan,nan,nan,nan,nan,nan,nan,nan,0.89334071,-18.633112,-0.082789227,-14.788487,-3647.0544,nan,-21.921381
nan,nan,nan,nan,nan,nan,nan,nan,0.8851037,-18.633112,-0.082846552,-14.791208,-3613.8674,nan,-21.935322
nan,nan,nan,nan,nan,nan,nan,nan,0.87713891,-18.633112,-0.082903348,-14.793862,-3581.7771,nan,-21.949112
nan,nan,nan,nan,nan,nan,nan,nan,0.86952597,-18.633112,-0.082959652,-14.796449,-3551.1045,nan,-21.962753
nan,nan,nan,nan,nan,nan,nan,nan,0.86153394,-18.633112,-0.083015442,-14.798966,-3518.9045,nan,-21.976242
nan,nan,nan,nan,nan,nan,nan,nan,0.85335439,-18.633112,-0.083070718,-14.801415,-3485.9492,nan,-21.989582
nan,nan,nan,nan,nan,nan,nan,nan,0.84517878,-18.633112,-0.083125465,-14.803793,-3453.0095,nan,-22.002768
nan,nan,nan,nan,nan,nan,nan,nan,0.83747882,-18.633112,-0.083179705,-14.806099,-3421.9863,nan,-22.015802
nan,nan,nan,nan,nan,nan,nan,nan,0.82939124,-18.633112,-0.083233431,-14.808332,-3389.4014,nan,-22.028685
nan,nan,nan,nan,nan,nan,nan,nan,0.82128143,-18.633112,-0.083286636,-14.810493,-3356.7268,nan,-22.041414
nan,nan,nan,nan,nan,nan,nan,nan,0.81310147,-18.633112,-0.083339311,-14.812579,-3323.77,nan,-22.053989
nan,nan,nan,nan,nan,nan,nan,nan,0.80492741,-18.633112,-0.083391465,-14.81459,-3290.8364,nan,-22.06641
nan,nan,nan,nan,nan,nan,nan,nan,0.79672039,-18.633112,-0.08344309,-14.816525,-3257.7703,nan,-22.078676
nan,nan,nan,nan,nan,nan,nan,nan,0.78843796,-18.633112,-0.083494186,-14.818384,-3224.4001,nan,-22.090788
nan,nan,nan,nan,nan,nan,nan,nan,0.78042328,-18.633112,-0.083544753,-14.820165,-3192.1091,nan,-22.102741
nan,nan,nan,nan,nan,nan,nan,nan,0.77237064,-18.633112,-0.083594799,-14.821868,-3159.6648,nan,-22.11454
nan,nan,nan,nan,nan,nan,nan,nan,0.7640534,-18.633112,-0.083644323,-14.823492,-3126.1548,nan,-22.126181
nan,nan,nan,nan,nan,nan,nan,nan,0.75541669,-18.633112,-0.083693296,-14.825037,-3091.3572,nan,-22.137665
nan,nan,nan,nan,nan,nan,nan,nan,0.74695855,-18.633112,-0.083741724,-14.826501,-3057.2795,nan,-22.148991
nan,nan,nan,nan,nan,nan,nan,nan,0.73863143,-18.633112,-0.083789609,-14.827885,-3023.7292,nan,-22.160158
nan,nan,nan,nan,nan,nan,nan,nan,0.73063612,-18.633112,-0.083836965,-14.829187,-2991.5164,nan,-22.171165
nan,nan,nan,nan,nan,nan,nan,nan,0.72199273,-18.633112,-0.083883785,-14.830408,-2956.6919,nan,-22.182013
nan,nan,nan,nan,nan,nan,nan,nan,0.71343678,-18.633112,-0.083930053,-14.831547,-2922.22,nan,-22.192701
nan,nan,nan,nan,nan,nan,nan,nan,0.70516467,-18.633112,-0.083975777,-14.832602,-2888.8916,nan,-22.203228
nan,nan,nan,nan,nan,nan,nan,nan,0.69706839,-18.633112,-0.084020972,-14.833574,-2856.2715,nan,-22.213593
nan,nan,nan,nan,nan,nan,nan,nan,0.6888628,-18.633112,-0.084065646,-14.834463,-2823.2109,nan,-22.223797
nan,nan,nan,nan,nan,nan,nan,nan,0.68039811,-18.633112,-0.084109776,-14.835267,-2789.1067,nan,-22.233837
nan,nan,nan,nan,nan,nan,nan,nan,0.67190921,-18.633112,-0.084153369,-14.835987,-2754.9048,nan,-22.243715
nan,nan,nan,nan,nan,nan,nan,nan,0.66352165,-18.633112,-0.084196411,-14.836623,-2721.1113,nan,-22.253429
nan,nan,nan,nan,nan,nan,nan,nan,0.65506101,-18.633112,-0.084238909,-14.837173,-2687.0234,nan,-22.262978
nan,nan,nan,nan,nan,nan,nan,nan,0.64661241,-18.633112,-0.084280863,-14.837638,-2652.9836,nan,-22.272364
nan,nan,nan,nan,nan,nan,nan,nan,0.63844156,-18.633112,-0.084322289,-14.838018,-2620.0635,nan,-22.281584
nan,nan,nan,nan,nan,nan,nan,nan,0.63038033,-18.633112,-0.084363185,-14.838312,-2587.5847,nan,-22.290636
nan,nan,nan,nan,nan,nan,nan,nan,0.62213457,-18.633112,-0.084403552,-14.83852,-2554.3625,nan,-22.299522
nan,nan,nan,nan,nan,nan,nan,nan,0.61358762,-18.633112,-0.084443383,-14.838642,-2519.9265,nan,-22.308243
nan,nan,nan,nan,nan,nan,nan,nan,0.60502034,-18.633112,-0.084482662,-14.838678,-2485.4092,nan,-22.316795
nan,nan,nan,nan,nan,nan,nan,nan,0.59685099,-18.633112,-0.084521398,-14.838629,-2452.4949,nan,-22.32518
nan,nan,nan,nan,nan,nan,nan,nan,0.58827865,-18.633112,-0.084559597,-14.838492,-2417.9565,nan,-22.333395
nan,nan,nan,nan,nan,nan,nan,nan,0.57982409,-18.633112,-0.084597252,-14.838271,-2383.8931,nan,-22.34144
nan,nan,nan,nan,nan,nan,nan,nan,0.57139146,-18.633112,-0.084634356,-14.837962,-2349.918,nan,-22.349316
nan,nan,nan,nan,nan,nan,nan,nan,0.56279701,-18.633112,-0.084670916,-14.837568,-2315.291,nan,-22.357021
nan,nan,nan,nan,nan,nan,nan,nan,0.55432433,-18.633112,-0.084706925,-14.837089,-2281.1545,nan,-22.364555
nan,nan,nan,nan,nan,nan,nan,nan,0.54604208,-18.633112,-0.08474239,-14.836523,-2247.7852,nan,-22.371918
nan,nan,nan,nan,nan,nan,nan,nan,0.5376808,-18.633112,-0.084777318,-14.835872,-2214.0974,nan,-22.379107
nan,nan,nan,nan,nan,nan,nan,nan,0.52947211,-18.633112,-0.084811717,-14.835135,-2181.0247,nan,-22.386124
nan,nan,nan,nan,nan,nan,nan,nan,0.52095264,-18.633112,-0.084845573,-14.834312,-2146.6997,nan,-22.392967
nan,nan,nan,nan,nan,nan,nan,nan,0.51268148,-18.633112,-0.084878892,-14.833406,-2113.375,nan,-22.399635
nan,nan,nan,nan,nan,nan,nan,nan,0.50424272,-18.633112,-0.084911667,-14.832415,-2079.375,nan,-22.406132
nan,nan,nan,nan,nan,nan,nan,nan,0.49581841,-18.633112,-0.084943898,-14.83134,-2045.4335,nan,-22.412451
nan,nan,nan,nan,nan,nan,nan,nan,0.48774996,-18.633112,-0.0849756,-14.83018,-2012.9258,nan,-22.418594
nan,nan,nan,nan,nan,nan,nan,nan,0.4797608,-18.633112,-0.085006788,-14.828938,-1980.7372,nan,-22.424561
nan,nan,nan,nan,nan,nan,nan,nan,0.47155428,-18.633112,-0.085037448,-14.827612,-1947.6731,nan,-22.430351
nan,nan,nan,nan,nan,nan,nan,nan,0.46363929,-18.633112,-0.085067593,-14.826203,-1915.7836,nan,-22.435963
nan,nan,nan,nan,nan,nan,nan,nan,0.45534557,-18.633112,-0.085097216,-14.824714,-1882.368,nan,-22.441397
nan,nan,nan,nan,nan,nan,nan,nan,0.4467954,-18.633112,-0.085126296,-14.823142,-1847.9194,nan,-22.446653
nan,nan,nan,nan,nan,nan,nan,nan,0.43854368,-18.633112,-0.085154831,-14.821489,-1814.6732,nan,-22.451729
nan,nan,nan,nan,nan,nan,nan,nan,0.43045357,-18.633112,-0.085182838,-14.819756,-1782.078,nan,-22.456625
nan,nan,nan,nan,nan,nan,nan,nan,0.42234889,-18.633112,-0.085210323,-14.817943,-1749.4242,nan,-22.46134
nan,nan,nan,nan,nan,nan,nan,nan,0.41379321,-18.633112,-0.08523728,-14.816051,-1714.9532,nan,-22.465874
nan,nan,nan,nan,nan,nan,nan,nan,0.40585759,-18.633112,-0.085263699,-14.81408,-1682.9806,nan,-22.470226
nan,nan,nan,nan,nan,nan,nan,nan,0.39788058,-18.633112,-0.085289605,-14.812033,-1650.8412,nan,-22.474398
nan,nan,nan,nan,nan,nan,nan,nan,0.39008012,-18.633112,-0.085314997,-14.809907,-1619.4131,nan,-22.478384
nan,nan,nan,nan,nan,nan,nan,nan,0.38199675,-18.633112,-0.085339889,-14.807706,-1586.8451,nan,-22.482187
nan,nan,nan,nan,nan,nan,nan,nan,0.37372199,-18.633112,-0.085364245,-14.805429,-1553.506,nan,-22.485807
nan,nan,nan,nan,nan,nan,nan,nan,0.3653979,-18.633112,-0.085388064,-14.803079,-1519.9681,nan,-22.489243
nan,nan,nan,nan,nan,nan,nan,nan,0.35679328,-18.633112,-0.085411347,-14.800653,-1485.3,nan,-22.492491
nan,nan,nan,nan,nan,nan,nan,nan,0.34846252,-18.633112,-0.085434079,-14.798156,-1451.7354,nan,-22.495554
nan,nan,nan,nan,nan,nan,nan,nan,0.33980098,-18.633112,-0.08545626,-14.795587,-1416.8379,nan,-22.498432
nan,nan,nan,nan,nan,nan,nan,nan,0.33163032,-18.633112,-0.085477903,-14.792946,-1383.9182,nan,-22.501122
nan,nan,nan,nan,nan,nan,nan,nan,0.32327738,-18.633112,-0.085499011,-14.790236,-1350.2643,nan,-22.503624
nan,nan,nan,nan,nan,nan,nan,nan,0.31504098,-18.633112,-0.085519589,-14.787457,-1317.0796,nan,-22.505938
nan,nan,nan,nan,nan,nan,nan,nan,0.30655211,-18.633112,-0.085539624,-14.78461,-1282.8779,nan,-22.508062
nan,nan,nan,nan,nan,nan,nan,nan,0.29797584,-18.633112,-0.085559107,-14.781695,-1248.3241,nan,-22.509998
nan,nan,nan,nan,nan,nan,nan,nan,0.28975558,-18.633112,-0.085578047,-14.778716,-1215.2046,nan,-22.511744
nan,nan,nan,nan,nan,nan,nan,nan,0.28166017,-18.633112,-0.085596465,-14.775671,-1182.588,nan,-22.513298
nan,nan,nan,nan,nan,nan,nan,nan,0.27339709,-18.633112,-0.085614361,-14.772564,-1149.296,nan,-22.514662
nan,nan,nan,nan,nan,nan,nan,nan,0.26523241,-18.633112,-0.085631721,-14.769393,-1116.4005,nan,-22.515835
nan,nan,nan,nan,nan,nan,nan,nan,0.25660869,-18.633112,-0.085648537,-14.766162,-1081.6554,nan,-22.516813
nan,nan,nan,nan,nan,nan,nan,nan,0.24793525,-18.633112,-0.085664801,-14.762871,-1046.7101,nan,-22.517601
nan,nan,nan,nan,nan,nan,nan,nan,0.23962332,-18.633112,-0.085680515,-14.759521,-1013.2213,nan,-22.518194
nan,nan,nan,nan,nan,nan,nan,nan,0.23144467,-18.633112,-0.085695699,-14.756114,-980.26941,nan,-22.518593
nan,nan,nan,nan,nan,nan,nan,nan,0.22345412,-18.633112,-0.085710362,-14.75265,-948.07538,nan,-22.518797
nan,nan,nan,nan,nan,nan,nan,nan,0.21497118,-18.633112,-0.085724495,-14.749132,-913.89758,nan,-22.518806
nan,nan,nan,nan,nan,nan,nan,nan,0.20637676,-18.633112,-0.085738078,-14.74556,-879.27057,nan,-22.51862
nan,nan,nan,nan,nan,nan,nan,nan,0.19776447,-18.633112,-0.085751101,-14.741937,-844.57159,nan,-22.518236
nan,nan,nan,nan,nan,nan,nan,nan,0.18917151,-18.633112,-0.085763574,-14.738262,-809.95044,nan,-22.517656
nan,nan,nan,nan,nan,nan,nan,nan,0.18051645,-18.633112,-0.085775487,-14.734538,-775.0791,nan,-22.516878
nan,nan,nan,nan,nan,nan,nan,nan,0.17173404,-18.633112,-0.085786842,-14.730766,-739.69476,nan,-22.515903
nan,nan,nan,nan,nan,nan,nan,nan,0.16315421,-18.633112,-0.085797638,-14.726948,-705.12659,nan,-22.514729
nan,nan,nan,nan,nan,nan,nan,nan,0.15470339,-18.633112,-0.085807882,-14.723084,-671.07812,nan,-22.513355
nan,nan,nan,nan,nan,nan,nan,nan,0.14636879,-18.633112,-0.08581759,-14.719177,-637.49786,nan,-22.511782
nan,nan,nan,nan,nan,nan,nan,nan,0.13828619,-18.633112,-0.085826762,-14.715229,-604.93304,nan,-22.510008
nan,nan,nan,nan,nan,nan,nan,nan,0.13002305,-18.633112,-0.085835412,-14.71124,-571.64075,nan,-22.508034
nan,nan,nan,nan,nan,nan,nan,nan,0.12159282,-18.633112,-0.085843518,-14.707211,-537.67529,nan,-22.505857
nan,nan,nan,nan,nan,nan,nan,nan,0.11285637,-18.633112,-0.085851073,-14.703146,-502.47607,nan,-22.503479
nan,nan,nan,nan,nan,nan,nan,nan,0.10431302,-18.633112,-0.085858077,-14.699044,-468.05487,nan,-22.500898
nan,nan,nan,nan,nan,nan,nan,nan,0.095742546,-18.633112,-0.085864522,-14.694908,-433.52432,nan,-22.498114
nan,nan,nan,nan,nan,nan,nan,nan,0.087092482,-18.633112,-0.085870415,-14.690741,-398.67313,nan,-22.495127
nan,nan,nan,nan,nan,nan,nan,nan,0.078653544,-18.633112,-0.085875757,-14.686541,-364.67261,nan,-22.491936
nan,nan,nan,nan,nan,nan,nan,nan,0.070521504,-18.633112,-0.08588057,-14.682312,-331.90854,nan,-22.488539
nan,nan,nan,nan,nan,nan,nan,nan,0.062186968,-18.633112,-0.085884847,-14.678056,-298.32861,nan,-22.484938
nan,nan,nan,nan,nan,nan,nan,nan,0.053993259,-18.633112,-0.085888594,-14.673774,-265.31607,nan,-22.481131
nan,nan,nan,nan,nan,nan,nan,nan,0.045673415,-18.633112,-0.085891806,-14.669467,-231.79536,nan,-22.477118
nan,nan,nan,nan,nan,nan,nan,nan,0.037114736,-18.633112,-0.085894473,-14.665137,-197.31236,nan,-22.472897
nan,nan,nan,nan,nan,nan,nan,nan,0.028669124,-18.633112,-0.085896589,-14.660788,-163.28491,nan,-22.46847
nan,nan,nan,nan,nan,nan,nan,nan,0.020557586,-18.633112,-0.085898176,-14.656418,-130.60345,nan,-22.463835
nan,nan,nan,nan,nan,nan,nan,nan,0.012439594,-18.633112,-0.085899241,-14.652031,-97.895996,nan,-22.45899
nan,nan,nan,nan,nan,nan,nan,nan,0.0039846771,-18.633112,-0.08589977,-14.647628,-63.831062,nan,-22.453938
nan,nan,nan,nan,nan,nan,nan,nan,-0.0042256587,-18.633112,-0.085899763,-14.643211,-30.751547,nan,-22.448675
nan,nan,nan,nan,nan,nan,nan,nan,-0.01257286,-18.633112,-0.085899219,-14.638783,2.8794026,nan,-22.443205
nan,nan,nan,nan,nan,nan,nan,nan,-0.021053491,-18.633112,-0.085898139,-14.634343,37.047939,nan,-22.437521
nan,nan,nan,nan,nan,nan,nan,nan,-0.029519506,-18.633112,-0.085896507,-14.629895,71.157585,nan,-22.431629
nan,nan,nan,nan,nan,nan,nan,nan,-0.037838697,-18.633112,-0.085894339,-14.62544,104.67569,nan,-22.425524
nan,nan,nan,nan,nan,nan,nan,nan,-0.046122089,-18.633112,-0.085891634,-14.620979,138.04955,nan,-22.419209
nan,nan,nan,nan,nan,nan,nan,nan,-0.054467659,-18.633112,-0.085888386,-14.616516,171.67392,nan,-22.41268
nan,nan,nan,nan,nan,nan,nan,nan,-0.062497955,-18.633112,-0.085884616,-14.612051,204.02805,nan,-22.405939
nan,nan,nan,nan,nan,nan,nan,nan,-0.07053826,-18.633112,-0.085880332,-14.607587,236.4225,nan,-22.398985
nan,nan,nan,nan,nan,nan,nan,nan,-0.078980699,-18.633112,-0.085875511,-14.603124,270.43716,nan,-22.391817
nan,nan,nan,nan,nan,nan,nan,nan,-0.08728832,-18.633112,-0.085870154,-14.598665,303.90866,nan,-22.384434
nan,nan,nan,nan,nan,nan,nan,nan,-0.095814735,-18.633112,-0.085864253,-14.594213,338.26166,nan,-22.376839
nan,nan,nan,nan,nan,nan,nan,nan,-0.10422266,-18.633112,-0.085857801,-14.589767,372.13727,nan,-22.369026
nan,nan,nan,nan,nan,nan,nan,nan,-0.11278278,-18.633112,-0.085850805,-14.585331,406.62604,nan,-22.360998
nan,nan,nan,nan,nan,nan,nan,nan,-0.12102174,-18.633112,-0.085843273,-14.580907,439.82089,nan,-22.352757
nan,nan,nan,nan,nan,nan,nan,nan,-0.12878866,-18.633112,-0.085835218,-14.576495,471.11389,nan,-22.344296
nan,nan,nan,nan,nan,nan,nan,nan,-0.13659008,-18.633112,-0.085826665,-14.572099,502.54587,nan,-22.335619
nan,nan,nan,nan,nan,nan,nan,nan,-0.14506397,-18.633112,-0.08581759,-14.567719,536.68726,nan,-22.326727
nan,nan,nan,nan,nan,nan,nan,nan,-0.15360023,-18.633112,-0.085807964,-14.563357,571.07996,nan,-22.317616
nan,nan,nan,nan,nan,nan,nan,nan,-0.16220902,-18.633112,-0.085797779,-14.559016,605.76483,nan,-22.308287
nan,nan,nan,nan,nan,nan,nan,nan,-0.17023073,-18.633112,-0.085787065,-14.554698,638.08435,nan,-22.298738
nan,nan,nan,nan,nan,nan,nan,nan,-0.17832612,-18.633112,-0.08577583,-14.550403,670.70074,nan,-22.288973
nan,nan,nan,nan,nan,nan,nan,nan,-0.18658288,-18.633112,-0.085764073,-14.546134,703.96729,nan,-22.278986
nan,nan,nan,nan,nan,nan,nan,nan,-0.19486773,-18.633112,-0.085751779,-14.541893,737.34705,nan,-22.268782
nan,nan,nan,nan,nan,nan,nan,nan,-0.20320994,-18.633112,-0.085738942,-14.537682,770.95789,nan,-22.258356
nan,nan,nan,nan,nan,nan,nan,nan,-0.2112838,-18.633112,-0.085725583,-14.533501,803.48755,nan,-22.247709
nan,nan,nan,nan,nan,nan,nan,nan,-0.21935764,-18.633112,-0.085711703,-14.529353,836.01709,nan,-22.236843
nan,nan,nan,nan,nan,nan,nan,nan,-0.22779492,-18.633112,-0.085697293,-14.525241,870.01093,nan,-22.225756
nan,nan,nan,nan,nan,nan,nan,nan,-0.23599148,-18.633112,-0.08568234,-14.521165,903.03503,nan,-22.214447
nan,nan,nan,nan,nan,nan,nan,nan,-0.24399234,-18.633112,-0.085666873,-14.517128,935.27051,nan,-22.202917
nan,nan,nan,nan,nan,nan,nan,nan,-0.25193393,-18.633112,-0.085650891,-14.51313,967.26727,nan,-22.191164
nan,nan,nan,nan,nan,nan,nan,nan,-0.2600092,-18.633112,-0.085634388,-14.509175,999.80267,nan,-22.179188
nan,nan,nan,nan,nan,nan,nan,nan,-0.26804587,-18.633112,-0.085617363,-14.505263,1032.1825,nan,-22.16699
nan,nan,nan,nan,nan,nan,nan,nan,-0.27645904,-18.633112,-0.085599817,-14.501397,1066.0791,nan,-22.15457
nan,nan,nan,nan,nan,nan,nan,nan,-0.28510278,-18.633112,-0.085581712,-14.497579,1100.9049,nan,-22.141924
nan,nan,nan,nan,nan,nan,nan,nan,-0.29349503,-18.633112,-0.085563064,-14.493808,1134.7173,nan,-22.129055
nan,nan,nan,nan,nan,nan,nan,nan,-0.30170676,-18.633112,-0.085543878,-14.490088,1167.8025,nan,-22.115963
nan,nan,nan,nan,nan,nan,nan,nan,-0.30971047,-18.633112,-0.085524172,-14.486421,1200.0494,nan,-22.102646
nan,nan,nan,nan,nan,nan,nan,nan,-0.31780916,-18.633112,-0.085503951,-14.482808,1232.6792,nan,-22.089106
nan,nan,nan,nan,nan,nan,nan,nan,-0.32616296,-18.633112,-0.085483193,-14.47925,1266.3367,nan,-22.075338
nan,nan,nan,nan,nan,nan,nan,nan,-0.33427608,-18.633112,-0.085461907,-14.475749,1299.0245,nan,-22.061346
nan,nan,nan,nan,nan,nan,nan,nan,-0.34245446,-18.633112,-0.085440092,-14.472307,1331.9753,nan,-22.047131
nan,nan,nan,nan,nan,nan,nan,nan,-0.35106015,-18.633112,-0.08541774,-14.468926,1366.6477,nan,-22.032686
nan,nan,nan,nan,nan,nan,nan,nan,-0.359108,-18.633112,-0.085394852,-14.465607,1399.0726,nan,-22.018019
nan,nan,nan,nan,nan,nan,nan,nan,-0.36749163,-18.633112,-0.085371427,-14.462351,1432.8503,nan,-22.003124
nan,nan,nan,nan,nan,nan,nan,nan,-0.37607321,-18.633112,-0.085347459,-14.459161,1467.4255,nan,-21.988003
nan,nan,nan,nan,nan,nan,nan,nan,-0.38469297,-18.633112,-0.085322939,-14.456038,1502.1547,nan,-21.972654
nan,nan,nan,nan,nan,nan,nan,nan,-0.39289942,-18.633112,-0.085297875,-14.452982,1535.2185,nan,-21.957081
nan,nan,nan,nan,nan,nan,nan,nan,-0.40109378,-18.633112,-0.085272282,-14.449996,1568.2336,nan,-21.941278
nan,nan,nan,nan,nan,nan,nan,nan,-0.40944591,-18.633112,-0.085246161,-14.447082,1601.8845,nan,-21.925249
nan,nan,nan,nan,nan,nan,nan,nan,-0.41733429,-18.633112,-0.08521951,-14.44424,1633.6667,nan,-21.908993
nan,nan,nan,nan,nan,nan,nan,nan,-0.42554006,-18.633112,-0.085192345,-14.441472,1666.7279,nan,-21.892509
nan,nan,nan,nan,nan,nan,nan,nan,-0.43365929,-18.633112,-0.085164651,-14.43878,1699.4403,nan,-21.875797
nan,nan,nan,nan,nan,nan,nan,nan,-0.44171399,-18.633112,-0.085136436,-14.436165,1731.8928,nan,-21.858858
nan,nan,nan,nan,nan,nan,nan,nan,-0.44994086,-18.633112,-0.085107692,-14.433628,1765.0389,nan,-21.84169
nan,nan,nan,nan,nan,nan,nan,nan,-0.45816168,-18.633112,-0.085078426,-14.431171,1798.1608,nan,-21.824293
nan,nan,nan,nan,nan,nan,nan,nan,-0.46638474,-18.633112,-0.085048623,-14.428795,1831.2915,nan,-21.806669
nan,nan,nan,nan,nan,nan,nan,nan,-0.47452176,-18.633112,-0.0850183,-14.426501,1864.0756,nan,-21.788816
nan,nan,nan,nan,nan,nan,nan,nan,-0.48280707,-18.633112,-0.084987439,-14.424291,1897.4573,nan,-21.770735
nan,nan,nan,nan,nan,nan,nan,nan,-0.49114427,-18.633112,-0.08495605,-14.422165,1931.0479,nan,-21.752424
nan,nan,nan,nan,nan,nan,nan,nan,-0.49931115,-18.633112,-0.084924124,-14.420125,1963.9524,nan,-21.733885
nan,nan,nan,nan,nan,nan,nan,nan,-0.50741303,-18.633112,-0.084891677,-14.418173,1996.5948,nan,-21.715117
nan,nan,nan,nan,nan,nan,nan,nan,-0.51550043,-18.633112,-0.084858701,-14.416309,2029.179,nan,-21.696119
nan,nan,nan,nan,nan,nan,nan,nan,-0.52357125,-18.633112,-0.08482521,-14.414535,2061.6963,nan,-21.676893
nan,nan,nan,nan,nan,nan,nan,nan,-0.53170586,-18.633112,-0.084791198,-14.41285,2094.4709,nan,-21.657438
nan,nan,nan,nan,nan,nan,nan,nan,-0.53995311,-18.633112,-0.084756657,-14.411258,2127.699,nan,-21.637753
nan,nan,nan,nan,nan,nan,nan,nan,-0.54801673,-18.633112,-0.084721588,-14.409759,2160.1875,nan,-21.61784
nan,nan,nan,nan,nan,nan,nan,nan,-0.55621797,-18.633112,-0.084685996,-14.408353,2193.2302,nan,-21.597696
nan,nan,nan,nan,nan,nan,nan,nan,-0.56420279,-18.633112,-0.084649883,-14.407042,2225.4011,nan,-21.577324
nan,nan,nan,nan,nan,nan,nan,nan,-0.57220978,-18.633112,-0.084613256,-14.405826,2257.6616,nan,-21.556723
nan,nan,nan,nan,nan,nan,nan,nan,-0.58013523,-18.633112,-0.084576115,-14.404707,2289.593,nan,-21.535891
nan,nan,nan,nan,nan,nan,nan,nan,-0.58811283,-18.633112,-0.08453846,-14.403686,2321.7351,nan,-21.51483
nan,nan,nan,nan,nan,nan,nan,nan,-0.59591341,-18.633112,-0.084500298,-14.402762,2353.1636,nan,-21.49354
nan,nan,nan,nan,nan,nan,nan,nan,-0.6038785,-18.633112,-0.084461622,-14.401938,2385.2551,nan,-21.472021
nan,nan,nan,nan,nan,nan,nan,nan,-0.61183858,-18.633112,-0.084422439,-14.401215,2417.3262,nan,-21.450274
nan,nan,nan,nan,nan,nan,nan,nan,-0.61985785,-18.633112,-0.084382735,-14.400591,2449.6362,nan,-21.428295
nan,nan,nan,nan,nan,nan,nan,nan,-0.62823981,-18.633112,-0.08434251,-14.400069,2483.407,nan,-21.40609
nan,nan,nan,nan,nan,nan,nan,nan,-0.63628668,-18.633112,-0.084301747,-14.39965,2515.8279,nan,-21.383654
nan,nan,nan,nan,nan,nan,nan,nan,-0.6443373,-18.633112,-0.084260471,-14.399332,2548.2639,nan,-21.360989
nan,nan,nan,nan,nan,nan,nan,nan,-0.6523875,-18.633112,-0.084218673,-14.399118,2580.6982,nan,-21.338095
nan,nan,nan,nan,nan,nan,nan,nan,-0.6603449,-18.633112,-0.084176362,-14.399009,2612.7588,nan,-21.314972
nan,nan,nan,nan,nan,nan,nan,nan,-0.6687187,-18.633112,-0.084133528,-14.399004,2646.4968,nan,-21.29162
nan,nan,nan,nan,nan,nan,nan,nan,-0.67671722,-18.633112,-0.084090158,-14.399103,2678.7229,nan,-21.268042
nan,nan,nan,nan,nan,nan,nan,nan,-0.68501681,-18.633112,-0.084046267,-14.399308,2712.1621,nan,-21.244232
nan,nan,nan,nan,nan,nan,nan,nan,-0.69323891,-18.633112,-0.084001847,-14.39962,2745.2891,nan,-21.220196
nan,nan,nan,nan,nan,nan,nan,nan,-0.70110434,-18.633112,-0.083956905,-14.400038,2776.9788,nan,-21.19593
nan,nan,nan,nan,nan,nan,nan,nan,-0.70933193,-18.633112,-0.083911441,-14.400561,2810.1277,nan,-21.171438
nan,nan,nan,nan,nan,nan,nan,nan,-0.71741456,-18.633112,-0.083865456,-14.401193,2842.6929,nan,-21.146717
nan,nan,nan,nan,nan,nan,nan,nan,-0.72562265,-18.633112,-0.083818942,-14.401931,2875.7632,nan,-21.121769
nan,nan,nan,nan,nan,nan,nan,nan,-0.73387021,-18.633112,-0.083771899,-14.402777,2908.9927,nan,-21.096594
nan,nan,nan,nan,nan,nan,nan,nan,-0.74175048,-18.633112,-0.083724335,-14.403731,2940.7427,nan,-21.07119
nan,nan,nan,nan,nan,nan,nan,nan,-0.75001389,-18.633112,-0.083676256,-14.404793,2974.0359,nan,-21.045561
nan,nan,nan,nan,nan,nan,nan,nan,-0.75813293,-18.633112,-0.083627641,-14.405962,3006.7476,nan,-21.019703
nan,nan,nan,nan,nan,nan,nan,nan,-0.76581144,-18.633112,-0.083578527,-14.40724,3037.6843,nan,-20.99362
nan,nan,nan,nan,nan,nan,nan,nan,-0.77388769,-18.633112,-0.083528899,-14.408626,3070.2236,nan,-20.967308
nan,nan,nan,nan,nan,nan,nan,nan,-0.78232646,-18.633112,-0.083478734,-14.41012,3104.2236,nan,-20.940773
nan,nan,nan,nan,nan,nan,nan,nan,-0.79062444,-18.633112,-0.08342804,-14.411721,3137.6562,nan,-20.914011
nan,nan,nan,nan,nan,nan,nan,nan,-0.79840904,-18.633112,-0.083376817,-14.413432,3169.0203,nan,-20.887022
nan,nan,nan,nan,nan,nan,nan,nan,-0.80628705,-18.633112,-0.083325095,-14.41525,3200.761,nan,-20.85981
nan,nan,nan,nan,nan,nan,nan,nan,-0.81425166,-18.633112,-0.083272859,-14.417175,3232.8503,nan,-20.832373
nan,nan,nan,nan,nan,nan,nan,nan,-0.82208562,-18.633112,-0.083220117,-14.419209,3264.4136,nan,-20.80471
nan,nan,nan,nan,nan,nan,nan,nan,-0.8302418,-18.633112,-0.08316686,-14.42135,3297.2749,nan,-20.776823
nan,nan,nan,nan,nan,nan,nan,nan,-0.83848494,-18.633112,-0.083113074,-14.423597,3330.4866,nan,-20.748711
nan,nan,nan,nan,nan,nan,nan,nan,-0.84641093,-18.633112,-0.083058767,-14.425951,3362.4204,nan,-20.720377
nan,nan,nan,nan,nan,nan,nan,nan,-0.85433966,-18.633112,-0.083003953,-14.428411,3394.3652,nan,-20.691818
nan,nan,nan,nan,nan,nan,nan,nan,-0.86191493,-18.633112,-0.082948633,-14.430979,3424.8862,nan,-20.663038
nan,nan,nan,nan,nan,nan,nan,nan,-0.8696692,-18.633112,-0.08289282,-14.43365,3456.1282,nan,-20.634035
nan,nan,nan,nan,nan,nan,nan,nan,-0.87725371,-18.633112,-0.082836509,-14.436427,3486.6863,nan,-20.604809
nan,nan,nan,nan,nan,nan,nan,nan,-0.88519317,-18.633112,-0.082779706,-14.439309,3518.6743,nan,-20.575361
nan,nan,nan,nan,nan,nan,nan,nan,-0.89330071,-18.633112,-0.082722381,-14.442294,3551.3396,nan,-20.545692
nan,nan,nan,nan,nan,nan,nan,nan,-0.90139043,-18.633112,-0.082664534,-14.445382,3583.9333,nan,-20.515802
nan,nan,nan,nan,nan,nan,nan,nan,-0.9096368,-18.633112,-0.082606159,-14.448573,3617.158,nan,-20.485693
nan,nan,nan,nan,nan,nan,nan,nan,-0.91778111,-18.633112,-0.082547255,-14.451866,3649.9714,nan,-20.455362
nan,nan,nan,nan,nan,nan,nan,nan,-0.92574775,-18.633112,-0.082487836,-14.45526,3682.0691,nan,-20.424812
nan,nan,nan,nan,nan,nan,nan,nan,-0.93371934,-18.633112,-0.082427904,-14.458755,3714.1868,nan,-20.394043
nan,nan,nan,nan,nan,nan,nan,nan,-0.9414047,-18.633112,-0.082367465,-14.462348,3745.1511,nan,-20.363056
nan,nan,nan,nan,nan,nan,nan,nan,-0.94889867,-18.633112,-0.082306534,-14.46604,3775.3445,nan,-20.33185
nan,nan,nan,nan,nan,nan,nan,nan,-0.95660239,-18.633112,-0.082245119,-14.46983,3806.3828,nan,-20.300426
nan,nan,nan,nan,nan,nan,nan,nan,-0.96416539,-18.633112,-0.082183205,-14.473717,3836.8542,nan,-20.268785
nan,nan,nan,nan,nan,nan,nan,nan,-0.97232127,-18.633112,-0.082120791,-14.477698,3869.7144,nan,-20.236927
nan,nan,nan,nan,nan,nan,nan,nan,-0.98067278,-18.633112,-0.082057841,-14.481775,3903.3625,nan,-20.204853
nan,nan,nan,nan,nan,nan,nan,nan,-0.98961306,-18.633112,-0.081994332,-14.485946,3939.3831,nan,-20.172565
nan,nan,nan,nan,nan,nan,nan,nan,-0.99878854,-18.633112,-0.081930242,-14.490209,3976.3511,nan,-20.14006
nan,nan,nan,nan,nan,nan,nan,nan,-1.0078981,-18.633112,-0.081865564,-14.494562,4013.0537,nan,-20.107342
nan,nan,nan,nan,nan,nan,nan,nan,-1.0169675,-18.633112,-0.081800297,-14.499006,4049.5942,nan,-20.074409
nan,nan,nan,nan,nan,nan,nan,nan,-1.0258141,-18.633112,-0.081734456,-14.503539,4085.2371,nan,-20.041264
nan,nan,nan,nan,nan,nan,nan,nan,-1.0346776,-18.633112,-0.081668042,-14.508159,4120.9482,nan,-20.007904
nan,nan,nan,nan,nan,nan,nan,nan,-1.0431032,-18.633112,-0.081601068,-14.512865,4154.8955,nan,-19.974335
nan,nan,nan,nan,nan,nan,nan,nan,-1.051519,-18.633112,-0.081533559,-14.517655,4188.8027,nan,-19.940552
nan,nan,nan,nan,nan,nan,nan,nan,-1.0591367,-18.633112,-0.081465527,-14.52253,4219.4946,nan,-19.906559
nan,nan,nan,nan,nan,nan,nan,nan,-1.0668044,-18.633112,-0.081397004,-14.527485,4250.3877,nan,-19.872356
nan,nan,nan,nan,nan,nan,nan,nan,-1.0741408,-18.633112,-0.081327997,-14.532521,4279.9458,nan,-19.837944
nan,nan,nan,nan,nan,nan,nan,nan,-1.0809159,-18.633112,-0.081258535,-14.537636,4307.2427,nan,-19.803322
nan,nan,nan,nan,nan,nan,nan,nan,-1.0873652,-18.633112,-0.081188649,-14.542827,4333.2271,nan,-19.768492
nan,nan,nan,nan,nan,nan,nan,nan,-1.0933273,-18.633112,-0.08111836,-14.548094,4357.2485,nan,-19.733454
nan,nan,nan,nan,nan,nan,nan,nan,-1.0985619,-18.633112,-0.081047706,-14.553435,4378.3389,nan,-19.69821
nan,nan,nan,nan,nan,nan,nan,nan,-1.1032436,-18.633112,-0.08097674,-14.558847,4397.2012,nan,-19.66276
nan,nan,nan,nan,nan,nan,nan,nan,-1.1073606,-18.633112,-0.08090549,-14.564331,4413.7886,nan,-19.627104
nan,nan,nan,nan,nan,nan,nan,nan,-1.1111394,-18.633112,-0.080833979,-14.569882,4429.0137,nan,-19.591244
nan,nan,nan,nan,nan,nan,nan,nan,-1.1140989,-18.633112,-0.08076226,-14.5755,4440.9375,nan,-19.55518
nan,nan,nan,nan,nan,nan,nan,nan,-1.1166308,-18.633112,-0.080690354,-14.581183,4451.1387,nan,-19.518913
nan,nan,nan,nan,nan,nan,nan,nan,-1.1184816,-18.633112,-0.080618314,-14.586929,4458.5957,nan,-19.482443
nan,nan,nan,nan,nan,nan,nan,nan,-1.1192007,-18.633112,-0.080546185,-14.592736,4461.4927,nan,-19.445772
nan,nan,nan,nan,nan,nan,nan,nan,-1.1193465,-18.633112,-0.080474034,-14.598601,4462.0801,nan,-19.408899
