entree,ChampB,ChampBdes,ChampH2,derivChampB,derivChampBdes,timeC,ih,v2_for_integration,ChampH23,ChampB_brut,ChampH2_brut,derivChampB_brut,ih_probe,ChampH2_probe_brut
1.5255433,-0.00050367223,0,6.0014801,15351.6,15707.946,0,-0.17666672,-1.207044,-32.589321,-0.093509361,-25.772442,4817.1987,-0.066960663,-22.595762
1.5255446,-0.00025732504,0.00025132715,6.0567369,15351.136,15707.946,1.6e-08,-0.17616579,-1.2074704,-32.496918,-0.09343154,-25.724529,4818.9165,-0.06711936,-22.55368
1.5255433,-1.0956685e-05,0.00050265272,6.1119547,15351.562,15707.848,3.2e-08,-0.17614961,-1.2087276,-32.493931,-0.093353659,-25.676327,4823.9819,-0.067344584,-22.511341
1.525539,0.0002353926,0.00075397507,6.1671343,15352.844,15707.649,4.8e-08,-0.17615654,-1.2104483,-32.495209,-0.093275681,-25.627834,4830.9146,-0.067001559,-22.468748
1.5255316,0.00048178498,0.0010052928,6.2222753,15354.7,15707.352,6.4e-08,-0.17585751,-1.212882,-32.440052,-0.093197577,-25.579054,4840.7202,-0.066295356,-22.4259
1.5255208,0.00072818011,0.001256604,6.2773771,15355.947,15706.954,8e-08,-0.1753404,-1.2161568,-32.344658,-0.093119279,-25.529985,4853.9146,-0.06637837,-22.382799
1.5255064,0.00097462162,0.0015079073,6.3324404,15357.27,15706.458,9.6e-08,-0.17499514,-1.220256,-32.280972,-0.093040749,-25.480633,4870.4297,-0.065767385,-22.339447
1.5254881,0.001221059,0.0017592012,6.387465,15357.885,15705.863,1.12e-07,-0.1747254,-1.2253219,-32.231213,-0.092961922,-25.430996,4890.8403,-0.066025577,-22.295845
1.525466,0.0014675299,0.0020104838,6.44245,15357.34,15705.169,1.28e-07,-0.17438477,-1.2309829,-32.168377,-0.092882752,-25.381075,4913.6484,-0.065265052,-22.251993
1.5254394,0.0017139734,0.0022617539,6.497396,15357.188,15704.375,1.44e-07,-0.17430384,-1.2372888,-32.15345,-0.092803195,-25.330873,4939.0552,-0.065610521,-22.207893
1.5254083,0.0019604359,0.0025130096,6.5523028,15356.898,15703.482,1.6e-07,-0.17428227,-1.2440134,-32.149467,-0.092723221,-25.280392,4966.1489,-0.06488052,-22.163548
1.5253725,0.0022068697,0.0027642495,6.6071701,15355.815,15702.49,1.76e-07,-0.17393084,-1.2508584,-32.084641,-0.092642806,-25.229631,4993.7275,-0.064903714,-22.118956
1.5253317,0.0024533127,0.0030154716,6.6619983,15355.479,15701.398,1.92e-07,-0.17355244,-1.2586046,-32.014839,-0.092561916,-25.178593,5024.9365,-0.065034941,-22.074118
1.5252857,0.0026997284,0.0032666749,6.7167864,15356.826,15700.208,2.08e-07,-0.17348617,-1.2670408,-32.002613,-0.09248051,-25.127279,5058.9263,-0.063746452,-22.029037
1.5252342,0.0029461798,0.0035178578,6.7715354,15356.821,15698.919,2.24e-07,-0.17259836,-1.276222,-31.83884,-0.092398539,-25.075691,5095.9175,-0.063938111,-21.983715
1.525177,0.0031926143,0.0037690182,6.8262444,15356.714,15697.529,2.4e-07,-0.17279488,-1.2858081,-31.875092,-0.092315957,-25.02383,5134.54,-0.063739128,-21.938152
1.5251138,0.0034390667,0.0040201549,6.8809133,15355.675,15696.042,2.56e-07,-0.17196795,-1.295458,-31.722551,-0.092232756,-24.971697,5173.4194,-0.064401992,-21.892349
1.5250446,0.0036854872,0.0042712661,6.9355426,15356.159,15694.455,2.72e-07,-0.17172673,-1.3056821,-31.678053,-0.092148915,-24.919294,5214.6123,-0.06311655,-21.846308
1.5249689,0.0039319289,0.0045223506,6.9901314,15355.235,15692.769,2.88e-07,-0.17160727,-1.3159603,-31.656017,-0.092064418,-24.866621,5256.0234,-0.06314341,-21.800028
1.5248865,0.0041783405,0.0047734063,7.0446801,15354.91,15690.983,3.04e-07,-0.17127435,-1.3262968,-31.594603,-0.09197925,-24.813683,5297.6694,-0.063666493,-21.753513
1.5247973,0.0044247648,0.0050244317,7.0991888,15353.767,15689.099,3.2e-07,-0.17122425,-1.3366764,-31.585363,-0.09189342,-24.760479,5339.4883,-0.062886439,-21.706766
1.524701,0.0046711513,0.0052754255,7.153657,15352.452,15687.115,3.36e-07,-0.17117107,-1.3466352,-31.575554,-0.091806926,-24.70701,5379.6128,-0.062235177,-21.659782
1.5245974,0.0049175411,0.0055263862,7.2080846,15352.146,15685.032,3.52e-07,-0.17055839,-1.3568479,-31.462534,-0.091719791,-24.653278,5420.7598,-0.062050235,-21.61257
1.5244863,0.005163902,0.0057773115,7.2624717,15352.306,15682.851,3.68e-07,-0.17029098,-1.3665111,-31.413202,-0.091632009,-24.599287,5459.6929,-0.06229011,-21.565125
1.5243675,0.0054102819,0.0060282005,7.3168182,15350.583,15680.57,3.84e-07,-0.17017229,-1.3762145,-31.39131,-0.091543607,-24.545036,5498.7881,-0.061721243,-21.51745
1.5242406,0.0056566191,0.0062790518,7.3711238,15348.622,15678.19,4e-07,-0.16981162,-1.3855754,-31.324778,-0.091454588,-24.490528,5536.5029,-0.0610535,-21.469549
1.5241055,0.0059029469,0.006529863,7.4253888,15346.779,15675.711,4.16e-07,-0.1694124,-1.3944669,-31.251137,-0.09136498,-24.435762,5572.3271,-0.061625417,-21.421421
1.5239621,0.0061492231,0.0067806332,7.4796124,15344.919,15673.134,4.32e-07,-0.16942783,-1.403475,-31.253979,-0.091274798,-24.380743,5608.6211,-0.060703147,-21.373068
1.5238101,0.0063954904,0.0070313606,7.5337949,15342.557,15670.456,4.48e-07,-0.16901474,-1.4123795,-31.17778,-0.091184035,-24.32547,5644.4971,-0.060358286,-21.324492
1.5236493,0.0066417013,0.0072820433,7.5879364,15340.935,15667.681,4.64e-07,-0.16840899,-1.4208102,-31.066038,-0.091092721,-24.269947,5678.4644,-0.060258187,-21.275692
1.5234796,0.0068879039,0.0075326804,7.6420369,15338.744,15664.806,4.8e-07,-0.16838048,-1.4292332,-31.06078,-0.091000855,-24.214174,5712.4009,-0.059871212,-21.226671
1.5233008,0.0071340529,0.0077832695,7.6960955,15337.021,15661.832,4.96e-07,-0.16811152,-1.4374564,-31.011164,-0.090908453,-24.158154,5745.5322,-0.059859004,-21.177433
1.5231125,0.0073801954,0.0080338093,7.750113,15335.925,15658.76,5.12e-07,-0.16774699,-1.4459733,-30.94392,-0.090815514,-24.101887,5779.8472,-0.059799798,-21.127975
1.5229148,0.0076262974,0.0082842987,7.8040886,15335.187,15655.588,5.28e-07,-0.16728844,-1.4545599,-30.859333,-0.090722024,-24.045374,5814.4424,-0.059072237,-21.078302
1.5227073,0.0078724073,0.008534736,7.8580227,15334.083,15652.317,5.44e-07,-0.16706648,-1.4634008,-30.81839,-0.090627976,-23.988621,5850.0625,-0.059233375,-21.028414
1.5224901,0.0081184795,0.0087851193,7.9119148,15332.227,15648.948,5.6e-07,-0.16708575,-1.472271,-30.821943,-0.090533353,-23.931625,5885.8003,-0.058416698,-20.978312
1.5222629,0.0083645396,0.0090354467,7.9657655,15327.846,15645.479,5.76e-07,-0.1662727,-1.4810517,-30.671961,-0.090438165,-23.87439,5921.1782,-0.058214057,-20.927996
1.5220256,0.0086105196,0.0092857173,8.0195732,15324.441,15641.912,5.92e-07,-0.1666064,-1.4900216,-30.733519,-0.090342395,-23.816917,5957.3179,-0.057869807,-20.877472
1.521778,0.0088564623,0.0095359292,8.0733404,15321.225,15638.247,6.08e-07,-0.16608311,-1.4988102,-30.63699,-0.090246059,-23.759211,5992.7271,-0.058337353,-20.826738
1.5215199,0.0091023324,0.0097860815,8.1270638,15318.515,15634.482,6.24e-07,-0.16561763,-1.5075414,-30.551123,-0.090149157,-23.701267,6027.9053,-0.057604298,-20.775797
1.5212513,0.0093481801,0.010036171,8.1807461,15316.333,15630.618,6.4e-07,-0.16519839,-1.5160754,-30.473785,-0.090051703,-23.643093,6062.2886,-0.056952421,-20.724649
1.520972,0.0095939664,0.010286197,8.2343855,15312.694,15626.656,6.56e-07,-0.16482846,-1.5243704,-30.405546,-0.089953706,-23.584688,6095.7095,-0.056986604,-20.673298
1.5206819,0.0098397266,0.010536159,8.287982,15311.082,15622.596,6.72e-07,-0.16428514,-1.5329077,-30.305321,-0.089855157,-23.526056,6130.1064,-0.056939606,-20.621742
1.520381,0.010085428,0.010786054,8.3415365,15308.238,15618.437,6.88e-07,-0.16425741,-1.54162,-30.300203,-0.089756064,-23.467196,6165.2085,-0.055730462,-20.569986
1.520069,0.010331113,0.011035881,8.3950491,15306.229,15614.178,7.04e-07,-0.16352835,-1.5501673,-30.165716,-0.089656405,-23.40811,6199.6455,-0.055589464,-20.51803
1.5197459,0.01057674,0.011285638,8.4485178,15303.873,15609.821,7.2e-07,-0.16335957,-1.5589566,-30.134583,-0.089556195,-23.348801,6235.0581,-0.055696279,-20.465876
1.5194117,0.01082235,0.011535323,8.5019436,15299.948,15605.366,7.36e-07,-0.1632771,-1.5677607,-30.119371,-0.089455411,-23.289272,6270.5293,-0.054750815,-20.413525
1.5190661,0.011067878,0.011784936,8.5553274,15295.146,15600.812,7.52e-07,-0.16305207,-1.576154,-30.077858,-0.089354075,-23.229523,6304.3462,-0.055875119,-20.360979
1.5187093,0.011313358,0.012034475,8.6086674,15292.54,15596.159,7.68e-07,-0.16248254,-1.584492,-29.972799,-0.089252204,-23.169556,6337.9395,-0.055233009,-20.308241
1.5183411,0.011558766,0.012283938,8.6619644,15289.205,15591.408,7.84e-07,-0.16238698,-1.592627,-29.955172,-0.089149795,-23.109373,6370.7163,-0.05429548,-20.255308
1.5179613,0.011804144,0.012533323,8.7152185,15284.75,15586.559,8e-07,-0.16213036,-1.6012851,-29.907831,-0.089046851,-23.048975,6405.5996,-0.053976256,-20.202188
1.51757,0.012049432,0.012782629,8.7684288,15280.453,15581.611,8.16e-07,-0.16154233,-1.6098236,-29.79936,-0.088943355,-22.988367,6440.001,-0.054835048,-20.148878
1.5171671,0.012294672,0.013031853,8.8215961,15275.966,15576.564,8.32e-07,-0.16133656,-1.618412,-29.761402,-0.0888393,-22.927547,6474.604,-0.054195378,-20.095381
1.5167526,0.012539817,0.013280996,8.8747196,15270.094,15571.42,8.48e-07,-0.16082639,-1.6269325,-29.66729,-0.088734694,-22.866522,6508.9331,-0.053283487,-20.041698
1.5163264,0.012784895,0.013530055,8.9278002,15264.497,15566.177,8.64e-07,-0.1600742,-1.6354526,-29.528538,-0.088629544,-22.805288,6543.2607,-0.052549209,-19.987833
1.5158886,0.013029861,0.013779028,8.9808359,15259.244,15560.835,8.8e-07,-0.16042794,-1.6441511,-29.593792,-0.088523835,-22.743851,6578.3071,-0.053226721,-19.933786
1.515439,0.013274763,0.014027914,9.0338287,15253.85,15555.396,8.96e-07,-0.15984377,-1.6528249,-29.486031,-0.088417567,-22.682209,6613.2534,-0.053083897,-19.879557
1.5149778,0.013519559,0.014276712,9.0867777,15249.454,15549.857,9.12e-07,-0.15978444,-1.66167,-29.475084,-0.088310733,-22.620369,6648.8906,-0.052701194,-19.825151
1.5145047,0.013764304,0.01452542,9.1396828,15245.394,15544.222,9.28e-07,-0.15922031,-1.6702772,-29.371021,-0.088203333,-22.558331,6683.5698,-0.05240028,-19.770567
1.51402,0.014008961,0.014774036,9.192543,15240.934,15538.487,9.44e-07,-0.15913554,-1.6788504,-29.355383,-0.088095389,-22.496094,6718.1108,-0.051767327,-19.715809
1.5135233,0.014253569,0.015022558,9.2453604,15236.059,15532.654,9.6e-07,-0.15849356,-1.6871775,-29.236961,-0.087986894,-22.433662,6751.6606,-0.051760003,-19.660875
1.513015,0.014498076,0.015270986,9.2981329,15229.771,15526.724,9.76e-07,-0.15839723,-1.6959932,-29.219191,-0.087877847,-22.37104,6787.1792,-0.051882688,-19.60577
1.512495,0.014742508,0.015519316,9.3508606,15222.933,15520.695,9.92e-07,-0.15790939,-1.7049224,-29.1292,-0.087768227,-22.308226,6823.1553,-0.051243018,-19.550497
1.5119632,0.01498681,0.01576755,9.4035444,15216.086,15514.568,1.008e-06,-0.15758649,-1.713608,-29.069633,-0.08765804,-22.245224,6858.1494,-0.050763879,-19.495052
1.5114197,0.015231023,0.016015682,9.4561844,15208.585,15508.344,1.024e-06,-0.157363,-1.7221264,-29.028406,-0.087547302,-22.182034,6892.4697,-0.050675984,-19.439444
1.5108645,0.015475098,0.016263716,9.5087795,15201.819,15502.021,1.04e-06,-0.15665475,-1.7304848,-28.897758,-0.087436013,-22.11866,6926.1465,-0.049986266,-19.383667
1.5102977,0.015719084,0.016511645,9.5613298,15195.827,15495.6,1.056e-06,-0.156506,-1.73913,-28.870321,-0.08732418,-22.055101,6960.9775,-0.049549241,-19.32773
1.5097191,0.015962953,0.01675947,9.6138353,15190.021,15489.081,1.072e-06,-0.15598658,-1.7479004,-28.774502,-0.087211788,-21.991364,6996.3135,-0.049736015,-19.271629
1.509129,0.016206745,0.017007189,9.666296,15182.507,15482.465,1.088e-06,-0.15567985,-1.7565706,-28.71792,-0.087098829,-21.927446,7031.2461,-0.048673972,-19.215368
1.5085274,0.016450405,0.017254801,9.7187119,15176.129,15475.751,1.104e-06,-0.15533304,-1.7650815,-28.653948,-0.08698532,-21.863354,7065.5371,-0.048441421,-19.158951
1.5079143,0.016693978,0.017502304,9.7710829,15169.781,15468.939,1.12e-06,-0.15525752,-1.7731851,-28.640015,-0.086871274,-21.799086,7098.1865,-0.048424941,-19.102377
1.5072896,0.016937429,0.017749697,9.8234091,15163.291,15462.029,1.136e-06,-0.15523209,-1.7814677,-28.635324,-0.086756706,-21.734644,7131.5571,-0.04836024,-19.045647
1.5066535,0.017180797,0.017996978,9.8756895,15156.66,15455.022,1.152e-06,-0.15428108,-1.7902937,-28.459894,-0.08664158,-21.670031,7167.1167,-0.047926266,-18.988766
1.5060061,0.01742404,0.018244144,9.9279251,15149.829,15447.917,1.168e-06,-0.15382563,-1.7983989,-28.375875,-0.08652591,-21.605251,7199.7725,-0.04737144,-18.931732
1.5053475,0.017667191,0.018491196,9.9801149,15141.706,15440.715,1.184e-06,-0.15387262,-1.8066,-28.384546,-0.08640971,-21.540302,7232.8149,-0.047364727,-18.87455
1.5046774,0.017910197,0.01873813,10.03226,15134.114,15433.415,1.2e-06,-0.15309502,-1.8148942,-28.241104,-0.086292982,-21.475191,7266.2324,-0.047378764,-18.817219
1.5039963,0.018153101,0.018984945,10.08436,15127.168,15426.018,1.216e-06,-0.1534688,-1.8231485,-28.310053,-0.086175717,-21.409916,7299.4888,-0.047249366,-18.759743
1.503304,0.018395875,0.019231642,10.136414,15121.365,15418.522,1.232e-06,-0.1525702,-1.8311003,-28.144291,-0.086057939,-21.344481,7331.5273,-0.046132389,-18.702122
1.5026007,0.018638566,0.019478217,10.188422,15113.839,15410.93,1.248e-06,-0.1522049,-1.8391727,-28.076904,-0.085939638,-21.278887,7364.0513,-0.045893125,-18.64436
1.5018862,0.018881127,0.019724669,10.240385,15106.323,15403.24,1.264e-06,-0.15207851,-1.8476043,-28.053591,-0.085820802,-21.213135,7398.0215,-0.045609914,-18.586456
1.501161,0.019123584,0.019970996,10.292302,15098.509,15395.453,1.28e-06,-0.15141959,-1.8557287,-27.932039,-0.085701436,-21.14723,7430.7554,-0.045122836,-18.528414
1.5004249,0.019365899,0.020217197,10.344173,15091.077,15387.569,1.296e-06,-0.15093483,-1.8638902,-27.842619,-0.085581549,-21.081173,7463.6377,-0.045320597,-18.470236
1.4996779,0.01960811,0.020463271,10.395999,15083.241,15379.588,1.312e-06,-0.1508439,-1.8724785,-27.825844,-0.085461117,-21.014965,7498.2402,-0.044712666,-18.411921
1.4989202,0.019850181,0.020709215,10.447778,15075.392,15371.509,1.328e-06,-0.15033294,-1.8809901,-27.731588,-0.085340135,-20.948608,7532.5337,-0.044583268,-18.353474
1.4981519,0.020092143,0.020955028,10.499511,15066.103,15363.333,1.344e-06,-0.14981352,-1.889177,-27.635771,-0.085218616,-20.882105,7565.5186,-0.04372631,-18.294893
1.4973731,0.020333942,0.021200709,10.551198,15057.35,15355.061,1.36e-06,-0.14949061,-1.8971853,-27.576204,-0.085096568,-20.815456,7597.7842,-0.04417371,-18.236185
1.4965837,0.020575617,0.021446256,10.602839,15048.687,15346.69,1.376e-06,-0.14958693,-1.9054415,-27.593975,-0.084974006,-20.748669,7631.0488,-0.043375958,-18.177347
1.4957839,0.020817138,0.021691667,10.654433,15041.721,15338.225,1.392e-06,-0.14918773,-1.9135987,-27.520334,-0.084850907,-20.681738,7663.9136,-0.042718589,-18.118383
1.4949738,0.021058561,0.021936942,10.705981,15034.524,15329.661,1.408e-06,-0.14872995,-1.9214236,-27.435888,-0.084727295,-20.61467,7695.4404,-0.043064669,-18.059296
1.4941534,0.02129985,0.022182077,10.757483,15027.243,15321,1.424e-06,-0.14853035,-1.9294077,-27.399069,-0.084603176,-20.547466,7727.6084,-0.041966002,-18.000084
1.4933227,0.02154104,0.022427073,10.808939,15018.898,15312.243,1.44e-06,-0.14808644,-1.9374659,-27.317183,-0.084478542,-20.480127,7760.0752,-0.042040467,-17.940752
1.4924819,0.021782085,0.022671929,10.860347,15011.802,15303.39,1.456e-06,-0.14766103,-1.9455154,-27.238708,-0.08435338,-20.412659,7792.5063,-0.041837826,-17.8813
1.4916312,0.022023028,0.022916639,10.911709,15004.439,15294.438,1.472e-06,-0.14718014,-1.9536971,-27.149998,-0.084227704,-20.345058,7825.4707,-0.04073916,-17.821732
1.4907703,0.022263834,0.023161205,10.963024,14995.273,15285.392,1.488e-06,-0.14672159,-1.961868,-27.065411,-0.084101498,-20.27733,7858.3916,-0.041509446,-17.762047
1.4898996,0.022504518,0.023405625,11.014293,14985.793,15276.248,1.504e-06,-0.14682949,-1.9699043,-27.085314,-0.083974771,-20.209476,7890.7695,-0.040745262,-17.70225
1.4890192,0.022745032,0.023649897,11.065514,14976.749,15267.008,1.52e-06,-0.14636862,-1.9780436,-27.000299,-0.083847515,-20.141499,7923.5625,-0.041234169,-17.64234
1.4881288,0.022985417,0.023894019,11.116688,14967.038,15257.671,1.536e-06,-0.14571355,-1.9860685,-26.879459,-0.083719745,-20.073399,7955.895,-0.040717185,-17.582319
1.4872288,0.02322563,0.024137991,11.167815,14956.845,15248.238,1.552e-06,-0.14557251,-1.9938635,-26.853443,-0.083591461,-20.005178,7987.3013,-0.040187996,-17.52219
1.4863192,0.023465702,0.024381811,11.218896,14947.745,15238.709,1.568e-06,-0.14491205,-2.0018146,-26.731609,-0.083462678,-19.936842,8019.3359,-0.039069794,-17.461954
1.4854,0.023705604,0.024625476,11.269929,14937.122,15229.083,1.584e-06,-0.14484887,-2.0097594,-26.719952,-0.083333373,-19.868389,8051.3467,-0.039333474,-17.401615
1.4844712,0.02394536,0.024868986,11.320914,14927.428,15219.361,1.6e-06,-0.14453828,-2.0179412,-26.662661,-0.083203554,-19.799824,8084.311,-0.03846309,-17.341171
1.4835331,0.024184942,0.025112338,11.371853,14918.961,15209.544,1.616e-06,-0.14396568,-2.026032,-26.557034,-0.083073206,-19.731146,8116.9082,-0.038739584,-17.280626
1.4825855,0.0244244,0.025355533,11.422743,14908.964,15199.63,1.632e-06,-0.1436497,-2.0343285,-26.498745,-0.082942337,-19.662357,8150.335,-0.038132876,-17.219982
1.4816288,0.024663687,0.025598567,11.473586,14899.671,15189.62,1.648e-06,-0.14323893,-2.0423739,-26.422972,-0.082810931,-19.593462,8182.7505,-0.038009584,-17.159239
1.4806627,0.024902843,0.025841439,11.524382,14891.734,15179.514,1.664e-06,-0.14306477,-2.0507085,-26.390842,-0.082679003,-19.524462,8216.3311,-0.037727591,-17.0984
1.4796875,0.025141846,0.026084147,11.57513,14882.935,15169.312,1.68e-06,-0.14238812,-2.059149,-26.266024,-0.082546532,-19.455357,8250.3369,-0.037448041,-17.037468
1.478703,0.025380731,0.026326692,11.62583,14873.464,15159.015,1.696e-06,-0.14245054,-2.0670443,-26.277538,-0.082413539,-19.38615,8282.1475,-0.037340008,-16.976442
1.4777095,0.025619447,0.02656907,11.676482,14863.727,15148.621,1.712e-06,-0.14153729,-2.0748909,-26.109076,-0.082280032,-19.316845,8313.7617,-0.037430342,-16.915327
1.476707,0.025858022,0.026811279,11.727086,14851.862,15138.132,1.728e-06,-0.14132304,-2.0826502,-26.069553,-0.082146026,-19.247442,8345.0234,-0.037253335,-16.854122
1.4756955,0.026096398,0.027053321,11.777643,14840.138,15127.548,1.744e-06,-0.14089763,-2.0907099,-25.991079,-0.082011513,-19.177944,8377.4971,-0.036035035,-16.79283
1.4746749,0.026334604,0.027295191,11.828151,14829.443,15116.867,1.76e-06,-0.14040595,-2.098881,-25.900379,-0.081876472,-19.108353,8410.418,-0.035596181,-16.731453
1.4736456,0.026572615,0.027536888,11.878611,14817.475,15106.092,1.776e-06,-0.14009692,-2.1069574,-25.84337,-0.081740908,-19.03867,8442.958,-0.035659049,-16.669991
1.4726074,0.02681046,0.027778411,11.929023,14806.128,15095.221,1.792e-06,-0.13996822,-2.1145997,-25.81963,-0.081604846,-18.968895,8473.749,-0.034842372,-16.608448
1.4715605,0.027048104,0.028019758,11.979386,14795.441,15084.254,1.808e-06,-0.13933626,-2.1223109,-25.703054,-0.081468277,-18.899035,8504.8174,-0.03419904,-16.546825
1.4705046,0.027285587,0.02826093,12.0297,14783.598,15073.192,1.824e-06,-0.1388492,-2.1303,-25.613207,-0.081331208,-18.829088,8537.0049,-0.03382061,-16.485123
1.4694402,0.027522873,0.028501922,12.079967,14772.915,15062.035,1.84e-06,-0.13871588,-2.138515,-25.588614,-0.081193611,-18.759058,8570.1035,-0.034739219,-16.423344
1.468367,0.027760001,0.028742734,12.130185,14762.691,15050.783,1.856e-06,-0.13845,-2.1469216,-25.539566,-0.081055485,-18.688948,8603.9746,-0.033598438,-16.36149
1.4672852,0.027996944,0.028983366,12.180354,14751.328,15039.437,1.872e-06,-0.13829508,-2.1553073,-25.510992,-0.080916815,-18.618755,8637.7598,-0.033432417,-16.299562
1.4661947,0.028233726,0.029223813,12.230474,14739.587,15027.994,1.888e-06,-0.13749744,-2.1633842,-25.363853,-0.080777615,-18.548487,8670.3018,-0.033461716,-16.237564
1.4650956,0.028470306,0.029464077,12.280545,14728.604,15016.457,1.904e-06,-0.13721693,-2.1711915,-25.312105,-0.080637902,-18.478142,8701.7578,-0.032916654,-16.175495
1.4639881,0.028706724,0.029704154,12.330567,14716.98,15004.825,1.92e-06,-0.13710903,-2.1789081,-25.292202,-0.08049769,-18.407722,8732.8477,-0.032352671,-16.113358
1.4628719,0.028942939,0.029944044,12.380541,14704.598,14993.099,1.936e-06,-0.1366474,-2.1869652,-25.207047,-0.08035697,-18.337231,8765.3096,-0.032143924,-16.051155
1.4617472,0.029178975,0.030183744,12.430465,14692.649,14981.276,1.952e-06,-0.13627671,-2.1948397,-25.138666,-0.080215737,-18.26667,8797.0361,-0.031999879,-15.988887
1.4606141,0.029414803,0.030423254,12.48034,14680.501,14969.36,1.968e-06,-0.13567173,-2.202424,-25.027067,-0.080074005,-18.196041,8827.5938,-0.031551257,-15.926555
1.4594724,0.029650453,0.03066257,12.530166,14668.645,14957.351,1.984e-06,-0.13497582,-2.2103081,-24.898693,-0.079931773,-18.125345,8859.3584,-0.030912809,-15.864162
1.4583224,0.029885897,0.030901695,12.579942,14657.168,14945.245,2e-06,-0.13518852,-2.2184498,-24.937931,-0.07978902,-18.054585,8892.1611,-0.029999085,-15.801709
1.4571638,0.030121176,0.031140624,12.629668,14646.888,14933.046,2.016e-06,-0.13469607,-2.2264001,-24.847088,-0.079645753,-17.983763,8924.1934,-0.030148625,-15.739199
1.455997,0.030356267,0.031379357,12.679345,14635.783,14920.752,2.032e-06,-0.13406566,-2.2341118,-24.730797,-0.079501987,-17.91288,8955.2637,-0.02994171,-15.676632
1.4548216,0.030591199,0.031617887,12.728971,14623.284,14908.363,2.048e-06,-0.13367878,-2.2418556,-24.659431,-0.079357713,-17.841938,8986.4639,-0.029286783,-15.61401
1.453638,0.030825919,0.031856224,12.778549,14611.916,14895.882,2.064e-06,-0.1335285,-2.2495399,-24.63171,-0.079212949,-17.770941,9017.4238,-0.029026765,-15.551334
1.4524457,0.03106047,0.032094356,12.828076,14600.463,14883.305,2.08e-06,-0.13285725,-2.2570415,-24.507885,-0.079067692,-17.699886,9047.6484,-0.028888822,-15.488608
1.4512453,0.031294823,0.032332286,12.877554,14587.958,14870.635,2.096e-06,-0.13265379,-2.2647734,-24.470354,-0.078921944,-17.62878,9078.7998,-0.028816188,-15.425832
1.4500365,0.031528991,0.032570012,12.926981,14574.154,14857.87,2.112e-06,-0.13224533,-2.2725289,-24.395006,-0.078775696,-17.557621,9110.0469,-0.028234504,-15.363007
1.4488193,0.031762924,0.032807533,12.976357,14560.383,14845.013,2.128e-06,-0.13207501,-2.2802739,-24.363588,-0.07862895,-17.486414,9141.251,-0.027641224,-15.300136
1.4475938,0.031996656,0.033044845,13.025684,14546.947,14832.061,2.144e-06,-0.13145694,-2.2880836,-24.249573,-0.078481704,-17.415159,9172.7168,-0.028173467,-15.237219
1.4463599,0.032230157,0.033281948,13.074961,14534.897,14819.015,2.16e-06,-0.13107546,-2.2959824,-24.179203,-0.078333952,-17.343857,9204.541,-0.027250588,-15.174259
1.4451177,0.032463476,0.033518843,13.124186,14523.218,14805.876,2.176e-06,-0.13041653,-2.3037508,-24.057653,-0.078185692,-17.272512,9235.8398,-0.026538286,-15.111258
1.4438671,0.032696597,0.033755526,13.173361,14512.637,14792.643,2.192e-06,-0.13001424,-2.3115144,-23.983442,-0.078036934,-17.201124,9267.1191,-0.027509384,-15.048216
1.4426082,0.032929555,0.033991992,13.222485,14500.182,14779.317,2.208e-06,-0.12940387,-2.318913,-23.87085,-0.077887684,-17.129696,9296.9287,-0.026105532,-14.985136
1.4413409,0.033162303,0.034228247,13.271558,14487.349,14765.897,2.224e-06,-0.12944549,-2.3262775,-23.878527,-0.077737957,-17.058229,9326.6006,-0.025392011,-14.922018
1.4400654,0.033394862,0.034464285,13.32058,14473.284,14752.385,2.24e-06,-0.1286124,-2.3339472,-23.724848,-0.077587754,-16.986725,9357.502,-0.025418866,-14.858865
1.4387814,0.033627186,0.034700107,13.369551,14460.019,14738.778,2.256e-06,-0.12894225,-2.3416142,-23.785694,-0.077437043,-16.915186,9388.3926,-0.025129551,-14.795678
1.437489,0.033859305,0.034935709,13.41847,14444.938,14725.08,2.272e-06,-0.12802052,-2.3493261,-23.615665,-0.077285849,-16.843613,9419.4639,-0.024884792,-14.732459
1.4361885,0.034091175,0.035171088,13.467339,14429.501,14711.288,2.288e-06,-0.12810221,-2.3567321,-23.630735,-0.077134162,-16.772009,9449.3018,-0.02459853,-14.669209
1.4348794,0.034322813,0.035406247,13.516155,14414.291,14697.402,2.304e-06,-0.12734619,-2.3641503,-23.491272,-0.076981999,-16.700375,9479.1895,-0.024026001,-14.605928
1.433562,0.034554198,0.035641182,13.56492,14400.831,14683.425,2.32e-06,-0.12715891,-2.3716493,-23.456726,-0.076829351,-16.628712,9509.4033,-0.023633534,-14.542622
1.4322362,0.034785371,0.03587589,13.613634,14386.744,14669.354,2.336e-06,-0.12711267,-2.3789375,-23.448196,-0.076676235,-16.557022,9538.7686,-0.022504959,-14.479287
1.4309021,0.035016313,0.036110375,13.662295,14373.466,14655.191,2.352e-06,-0.12637977,-2.3863487,-23.313,-0.076522641,-16.485306,9568.6279,-0.023115329,-14.415929
1.4295596,0.03524705,0.036344629,13.710905,14359.525,14640.936,2.368e-06,-0.12614703,-2.3937898,-23.270065,-0.076368563,-16.413568,9598.6074,-0.022747276,-14.352547
1.4282086,0.035477549,0.036578655,13.759462,14345.66,14626.587,2.384e-06,-0.12591736,-2.4012759,-23.227701,-0.076214008,-16.341808,9628.7695,-0.022260811,-14.289143
1.4268492,0.035707846,0.036812447,13.807967,14331.891,14612.146,2.4e-06,-0.12509738,-2.4088306,-23.076439,-0.076058969,-16.270029,9659.208,-0.021782892,-14.225718
1.4254816,0.035937905,0.037046012,13.85642,14317.792,14597.613,2.416e-06,-0.12490856,-2.416507,-23.041609,-0.075903438,-16.198231,9690.1357,-0.021619923,-14.162274
1.4241053,0.036167752,0.037279338,13.904819,14303.113,14582.988,2.432e-06,-0.12424887,-2.4239213,-22.919916,-0.075747423,-16.126415,9720.0088,-0.021134067,-14.098814
1.4227207,0.036397353,0.037512429,13.953167,14288.633,14568.271,2.448e-06,-0.12421034,-2.4310813,-22.912807,-0.075590931,-16.054585,9748.8555,-0.020899076,-14.035336
1.4213276,0.036626734,0.037745286,14.001461,14273.059,14553.462,2.464e-06,-0.12388896,-2.4383397,-22.853525,-0.075433984,-15.98274,9778.0996,-0.02090518,-13.971845
1.419926,0.036855854,0.037977904,14.049703,14257.689,14538.561,2.48e-06,-0.12322696,-2.4454088,-22.731407,-0.075276569,-15.910884,9806.5811,-0.021028474,-13.90834
1.4185162,0.037084743,0.03821028,14.097891,14241.847,14523.567,2.496e-06,-0.12251718,-2.4521768,-22.600475,-0.075118713,-15.839017,9833.8496,-0.019642934,-13.844823
1.4170976,0.037313368,0.038442414,14.146026,14226.63,14508.482,2.512e-06,-0.12241699,-2.459424,-22.581993,-0.074960396,-15.767141,9863.0488,-0.019926755,-13.781296
1.4156706,0.037541758,0.03867431,14.194107,14211.609,14493.306,2.528e-06,-0.12210333,-2.4666963,-22.524132,-0.074801624,-15.695258,9892.3486,-0.019097263,-13.717759
1.4142352,0.037769899,0.038905956,14.242135,14197.403,14478.038,2.544e-06,-0.12189832,-2.4741673,-22.486317,-0.074642368,-15.623369,9922.4502,-0.01907834,-13.654216
1.4127913,0.037997819,0.03913736,14.29011,14181.977,14462.679,2.56e-06,-0.12127408,-2.4815626,-22.371164,-0.074482635,-15.551476,9952.2451,-0.018222602,-13.590665
1.4113387,0.038225479,0.039368514,14.33803,14166.22,14447.228,2.576e-06,-0.12107217,-2.4886305,-22.333918,-0.074322432,-15.47958,9980.7227,-0.018095035,-13.527109
1.4098777,0.038452908,0.039599422,14.385896,14151.551,14431.686,2.592e-06,-0.12044176,-2.4960477,-22.217628,-0.074161768,-15.407682,10010.606,-0.018245185,-13.463551
1.4084082,0.03868008,0.039830077,14.433708,14135.922,14416.053,2.608e-06,-0.12032153,-2.5034997,-22.19545,-0.074000619,-15.335785,10040.63,-0.017778253,-13.399989
1.40693,0.038907025,0.040060483,14.481465,14121.091,14400.328,2.624e-06,-0.12005334,-2.5108724,-22.145977,-0.073838994,-15.263888,10070.335,-0.016922513,-13.336426
1.4054433,0.039133713,0.040290635,14.529168,14106.565,14384.513,2.64e-06,-0.11960713,-2.5180972,-22.063665,-0.073676907,-15.191996,10099.443,-0.016865749,-13.272864
1.4039481,0.03936018,0.040520534,14.576817,14090.59,14368.606,2.656e-06,-0.11904068,-2.5256019,-21.959173,-0.073514335,-15.120107,10129.68,-0.016230354,-13.209303
1.4024441,0.03958638,0.040750176,14.624411,14072.706,14352.61,2.672e-06,-0.11856287,-2.5330307,-21.871033,-0.073351286,-15.048224,10159.61,-0.016123539,-13.145745
1.4009317,0.039812315,0.04097956,14.671948,14056.561,14336.522,2.688e-06,-0.11838716,-2.5401177,-21.838619,-0.073187768,-14.976349,10188.164,-0.016573992,-13.082191
1.3994107,0.040037975,0.041208684,14.719432,14041.886,14320.345,2.704e-06,-0.11810432,-2.5473242,-21.786446,-0.073023789,-14.904482,10217.199,-0.015270242,-13.018642
1.397881,0.040263411,0.041437551,14.766859,14027.627,14304.076,2.72e-06,-0.11745079,-2.5545485,-21.66589,-0.072859339,-14.832625,10246.307,-0.015159154,-12.955101
1.3963428,0.040488601,0.041666154,14.814231,14011.775,14287.717,2.736e-06,-0.11701999,-2.5616338,-21.58642,-0.072694436,-14.760779,10274.853,-0.014703208,-12.891567
1.3947959,0.04071356,0.041894492,14.861547,13996.391,14271.268,2.752e-06,-0.11655758,-2.5688467,-21.501123,-0.07252907,-14.688947,10303.914,-0.014698325,-12.828042
1.3932403,0.040938247,0.042122569,14.908808,13980,14254.729,2.768e-06,-0.11635876,-2.5761313,-21.464445,-0.072363235,-14.617127,10333.264,-0.014144109,-12.764527
1.3916762,0.041162699,0.042350378,14.956012,13964.918,14238.1,2.784e-06,-0.11633332,-2.5833333,-21.459753,-0.072196938,-14.545324,10362.28,-0.013939634,-12.701023
1.3901035,0.041386887,0.042577919,15.00316,13948.969,14221.38,2.8e-06,-0.11552643,-2.5905876,-21.310907,-0.072030172,-14.473537,10391.508,-0.013765069,-12.637532
1.388522,0.041610841,0.042805195,15.05025,13934.012,14204.571,2.816e-06,-0.11525592,-2.5975721,-21.261007,-0.071862943,-14.401769,10419.648,-0.01327311,-12.574056
1.3869319,0.041834533,0.043032195,15.097285,13918.065,14187.672,2.832e-06,-0.1148151,-2.60481,-21.179691,-0.071695261,-14.330019,10448.81,-0.01282693,-12.510593
1.3853332,0.042057987,0.043258928,15.144262,13901.498,14170.684,2.848e-06,-0.11434653,-2.6119945,-21.093254,-0.071527116,-14.25829,10477.757,-0.012524186,-12.447147
1.3837258,0.042281166,0.043485384,15.191182,13885.086,14153.605,2.864e-06,-0.11375004,-2.6192665,-20.983221,-0.071358502,-14.186583,10507.056,-0.012233039,-12.383718
1.3821096,0.042504095,0.043711569,15.238046,13868.009,14136.438,2.88e-06,-0.11390186,-2.6265824,-21.011227,-0.071189418,-14.114898,10536.531,-0.011811273,-12.320308
1.3804848,0.042726737,0.043937474,15.284851,13850.827,14119.182,2.896e-06,-0.11314891,-2.6335726,-20.872334,-0.071019873,-14.043238,10564.694,-0.011335185,-12.256916
1.3788514,0.042949118,0.044163104,15.331598,13833.969,14101.836,2.912e-06,-0.11274432,-2.6409473,-20.797697,-0.070849858,-13.971602,10594.408,-0.010974456,-12.193545
1.3772093,0.043171216,0.044388454,15.378287,13818.024,14084.401,2.928e-06,-0.11237362,-2.6484296,-20.729317,-0.070679374,-13.899994,10624.554,-0.010715049,-12.130196
1.3755586,0.043393072,0.044613525,15.424919,13801.311,14066.877,2.944e-06,-0.11195592,-2.6556797,-20.652264,-0.070508413,-13.828413,10653.765,-0.010563066,-12.06687
1.3738991,0.043614648,0.044838313,15.471492,13785.551,14049.265,2.96e-06,-0.11187962,-2.6626954,-20.638189,-0.07033699,-13.756861,10682.03,-0.0096841333,-12.003567
1.372231,0.043835983,0.045062818,15.518006,13770.129,14031.563,2.976e-06,-0.11116599,-2.6695662,-20.506546,-0.07016512,-13.685339,10709.714,-0.010202338,-11.940289
1.3705543,0.044057056,0.045287035,15.564462,13753.724,14013.773,2.992e-06,-0.11104422,-2.6765709,-20.484083,-0.069992803,-13.613848,10737.936,-0.0088772243,-11.877036
1.3688688,0.04427788,0.04551097,15.610858,13735.846,13995.895,3.008e-06,-0.11066813,-2.6831162,-20.414707,-0.069820046,-13.542389,10764.307,-0.0092251347,-11.81381
1.3671747,0.044498414,0.045734618,15.657195,13719.393,13977.928,3.024e-06,-0.11000458,-2.6901426,-20.292305,-0.069646858,-13.470963,10792.616,-0.0085488446,-11.750612
1.365472,0.044718686,0.045957975,15.703472,13701.327,13959.872,3.04e-06,-0.10983041,-2.6973155,-20.260176,-0.069473207,-13.399572,10821.515,-0.0085995058,-11.687443
1.3637606,0.044938665,0.046181042,15.74969,13683.931,13941.729,3.056e-06,-0.10913835,-2.7044225,-20.132513,-0.069299102,-13.328217,10850.149,-0.0083199563,-11.624303
1.3620404,0.045158379,0.046403818,15.795848,13666.729,13923.497,3.072e-06,-0.10907053,-2.7112195,-20.120003,-0.069124542,-13.256898,10877.535,-0.0068654437,-11.561194
1.3603117,0.045377798,0.046626303,15.841945,13648.928,13905.178,3.088e-06,-0.10849484,-2.7181256,-20.013805,-0.068949543,-13.185616,10905.359,-0.0075588245,-11.498116
1.3585744,0.04559695,0.046848491,15.887981,13630.365,13886.771,3.104e-06,-0.10823435,-2.7251976,-19.965755,-0.068774097,-13.114373,10933.854,-0.0070479447,-11.435072
1.3568283,0.045815796,0.047070384,15.933958,13613.264,13868.275,3.12e-06,-0.10821047,-2.7321367,-19.961348,-0.068598196,-13.043169,10961.811,-0.0067567979,-11.37206
1.3550737,0.046034373,0.047291979,15.979873,13594.979,13849.692,3.136e-06,-0.10728797,-2.738565,-19.791178,-0.068421863,-12.972006,10987.71,-0.0064412365,-11.309083
1.3533105,0.046252649,0.047513273,16.025726,13575.951,13831.022,3.152e-06,-0.1073188,-2.7453229,-19.796864,-0.068245105,-12.900885,11014.938,-0.0061696218,-11.246141
1.3515387,0.046470635,0.047734272,16.07152,13556.828,13812.266,3.168e-06,-0.10672924,-2.7518878,-19.688108,-0.068067916,-12.829805,11041.389,-0.0052003539,-11.183235
1.3497581,0.046688303,0.047954965,16.11725,13539.401,13793.421,3.184e-06,-0.10615046,-2.7584651,-19.581345,-0.067890309,-12.758769,11067.888,-0.0058265938,-11.120367
1.3479691,0.0469057,0.048175357,16.162918,13519.983,13774.488,3.2e-06,-0.10590924,-2.7651145,-19.536846,-0.06771227,-12.687778,11094.679,-0.0053260904,-11.057535
1.3461714,0.04712278,0.048395444,16.208525,13501.167,13755.47,3.216e-06,-0.10574432,-2.7717285,-19.506424,-0.067533806,-12.616831,11121.326,-0.0047663809,-10.994743
1.3443652,0.04733957,0.048615225,16.254068,13482.897,13736.364,3.232e-06,-0.10509619,-2.7783921,-19.386864,-0.067354918,-12.545931,11148.174,-0.0042786952,-10.931991
1.3425504,0.04755605,0.0488347,16.299549,13463.78,13717.172,3.248e-06,-0.10467849,-2.7851782,-19.309811,-0.06717559,-12.475077,11175.515,-0.004258553,-10.869278
1.3407271,0.047772244,0.049053866,16.344967,13444.389,13697.893,3.264e-06,-0.10439565,-2.791749,-19.257637,-0.066995829,-12.404271,11201.989,-0.0033094271,-10.806606
1.3388952,0.047988109,0.049272723,16.390322,13425.267,13678.526,3.28e-06,-0.10459834,-2.7985373,-19.295027,-0.066815645,-12.333514,11229.339,-0.0032142093,-10.743977
1.3370548,0.048203684,0.049491268,16.435612,13406.207,13659.074,3.296e-06,-0.10382228,-2.8050299,-19.151867,-0.066635035,-12.262807,11255.497,-0.0034760581,-10.68139
1.3352059,0.048418943,0.049709499,16.480839,13387.812,13639.536,3.312e-06,-0.10312019,-2.8118083,-19.022356,-0.066453993,-12.192149,11282.808,-0.0029627369,-10.618846
1.3333486,0.048633918,0.049927417,16.526001,13368.019,13619.912,3.328e-06,-0.10280884,-2.8183935,-18.964922,-0.06627252,-12.121543,11309.34,-0.0016187017,-10.556346
1.3314826,0.048848562,0.050145023,16.5711,13347.413,13600.201,3.344e-06,-0.10258304,-2.8247948,-18.923267,-0.066090629,-12.050988,11335.131,-0.0016516617,-10.493892
1.3296083,0.049062893,0.050362308,16.616135,13326.64,13580.405,3.36e-06,-0.10208904,-2.8311677,-18.832142,-0.06590832,-11.980487,11360.808,-0.0014874721,-10.431482
1.3277255,0.049276885,0.050579276,16.661102,13307.55,13560.522,3.376e-06,-0.10185552,-2.8375306,-18.789066,-0.06572561,-11.910038,11386.444,-0.001607715,-10.36912
1.3258343,0.049490571,0.050795924,16.706005,13286.74,13540.555,3.392e-06,-0.101696,-2.8440578,-18.759638,-0.065542482,-11.839643,11412.741,-0.00083193457,-10.306804
1.3239347,0.049703918,0.051012252,16.750843,13265.073,13520.501,3.408e-06,-0.10069721,-2.8503442,-18.575394,-0.065358937,-11.769304,11438.069,-0.00032898952,-10.244535
1.3220266,0.049916938,0.051228259,16.795614,13244.672,13500.362,3.424e-06,-0.10069489,-2.8567986,-18.574966,-0.065174982,-11.69902,11464.075,-0.00027771844,-10.182315
1.3201102,0.050129615,0.051443942,16.840321,13225.126,13480.139,3.44e-06,-0.099844076,-2.8633974,-18.418018,-0.06499061,-11.628793,11490.661,0.00023071993,-10.120144
1.3181853,0.050341986,0.051659297,16.88496,13205.159,13459.829,3.456e-06,-0.099573575,-2.8700156,-18.368118,-0.064805806,-11.558622,11517.326,3.4180732e-05,-10.058022
1.3162521,0.05055403,0.051874328,16.929531,13185.921,13439.435,3.472e-06,-0.099521168,-2.8763163,-18.358452,-0.064620592,-11.488508,11542.711,0.0011597034,-9.9959507
1.3143107,0.050765775,0.052089032,16.974037,13167.535,13418.956,3.488e-06,-0.099300757,-2.882257,-18.317793,-0.064434983,-11.418453,11566.646,0.0012518693,-9.9339304
1.3123608,0.050977211,0.052303407,17.018475,13148.295,13398.392,3.504e-06,-0.098228753,-2.888418,-18.120043,-0.064248979,-11.348457,11591.469,0.0014935759,-9.8719616
1.3104028,0.051188353,0.052517451,17.062845,13126.852,13377.743,3.52e-06,-0.098521613,-2.8940847,-18.174065,-0.064062603,-11.278521,11614.301,0.0013165685,-9.8100443
1.3084363,0.051399142,0.05273116,17.107147,13104.494,13357.01,3.536e-06,-0.097837254,-2.9000325,-18.047825,-0.063875847,-11.208644,11638.264,0.0017090365,-9.7481794
1.3064616,0.051609594,0.052944541,17.151381,13083.389,13336.192,3.552e-06,-0.097844958,-2.9065382,-18.049246,-0.063688688,-11.138827,11664.477,0.002893765,-9.686368
1.3044786,0.051819686,0.053157587,17.195545,13062.404,13315.291,3.568e-06,-0.097300097,-2.9128642,-17.948736,-0.063501112,-11.069073,11689.963,0.0026508376,-9.6246099
1.3024875,0.052029461,0.053370293,17.239641,13041.989,13294.306,3.584e-06,-0.096929409,-2.9189723,-17.880356,-0.063313141,-10.99938,11714.572,0.0029975281,-9.5629063
1.3004882,0.052238893,0.053582665,17.283667,13021.299,13273.235,3.6e-06,-0.096275881,-2.9253523,-17.7598,-0.063124768,-10.929749,11740.277,0.0034235665,-9.5012569
1.2984806,0.052448008,0.053794701,17.327623,13002.596,13252.082,3.616e-06,-0.096235037,-2.9316814,-17.752266,-0.062935986,-10.860181,11765.778,0.0046278266,-9.4396629
1.2964649,0.052656803,0.054006394,17.371511,12982.535,13230.845,3.632e-06,-0.095875904,-2.9377406,-17.686018,-0.0627468,-10.790676,11790.19,0.0036030153,-9.3781252
1.2944411,0.052865297,0.054217745,17.415327,12961.454,13209.524,3.648e-06,-0.095433541,-2.9437289,-17.604416,-0.062557228,-10.721235,11814.318,0.0040400401,-9.3166428
1.2924091,0.053073443,0.054428753,17.459074,12941.243,13188.12,3.664e-06,-0.09490563,-2.9498053,-17.507034,-0.062367268,-10.651859,11838.799,0.0049684132,-9.2552176
1.290369,0.05328127,0.054639421,17.502748,12919.138,13166.632,3.68e-06,-0.094589651,-2.9560332,-17.448746,-0.062176909,-10.582547,11863.892,0.0047706533,-9.1938486
1.2883208,0.053488743,0.05484974,17.546352,12898.03,13145.062,3.696e-06,-0.094242081,-2.9621017,-17.38463,-0.061986156,-10.513301,11888.342,0.0055336161,-9.1325378
1.2862645,0.05369588,0.055059716,17.589886,12875.03,13123.407,3.712e-06,-0.09349145,-2.9682426,-17.246162,-0.061795007,-10.44412,11913.084,0.0054890593,-9.0712852
1.2842003,0.053902648,0.055269342,17.633345,12853.562,13101.671,3.728e-06,-0.09333732,-2.9745176,-17.21773,-0.06160346,-10.375006,11938.365,0.0068709371,-9.0100908
1.282128,0.054109082,0.055478621,17.676733,12833.494,13079.852,3.744e-06,-0.092911907,-2.9806423,-17.139256,-0.061411515,-10.305958,11963.042,0.0072396006,-8.9489546
1.2800475,0.054315176,0.055687547,17.720049,12813.142,13057.949,3.76e-06,-0.092987433,-2.9867482,-17.153189,-0.061219171,-10.236977,11987.643,0.0070223091,-8.8878784
1.2779592,0.054520957,0.055896122,17.76329,12791.247,13035.965,3.776e-06,-0.091797516,-2.992749,-16.933687,-0.061026439,-10.168062,12011.819,0.0072701192,-8.8268604
1.2758629,0.054726377,0.056104343,17.806459,12769.163,13013.897,3.792e-06,-0.091916971,-2.998801,-16.955723,-0.06083332,-10.099216,12036.203,0.0076277964,-8.7659035
1.2737586,0.054931462,0.056312211,17.849554,12747.876,12991.749,3.808e-06,-0.09130121,-3.0045614,-16.842134,-0.060639821,-10.030438,12059.412,0.0074410229,-8.7050066
1.2716465,0.055136189,0.056519724,17.892576,12725.405,12969.518,3.824e-06,-0.091377504,-3.0104933,-16.856209,-0.060445942,-9.9617281,12083.312,0.0076589249,-8.6441698
1.2695264,0.055340569,0.05672688,17.935522,12702.41,12947.204,3.84e-06,-0.090795651,-3.0161138,-16.748875,-0.06025169,-9.8930874,12105.957,0.0085079502,-8.5833941
1.2673984,0.05554457,0.056933675,17.978395,12679.494,12924.81,3.856e-06,-0.09055905,-3.0220981,-16.705231,-0.060057066,-9.8245153,12130.067,0.0091775265,-8.5226803
1.2652625,0.055748221,0.057140112,18.021193,12656.575,12902.333,3.872e-06,-0.090051949,-3.0280161,-16.611687,-0.059862059,-9.7560129,12153.912,0.0091103856,-8.4620275
1.2631187,0.055951487,0.057346191,18.063913,12633.131,12879.775,3.888e-06,-0.089914776,-3.0340462,-16.586382,-0.059666667,-9.6875801,12178.207,0.0096365241,-8.4014368
1.2609671,0.0561544,0.057551906,18.10656,12611.312,12857.136,3.904e-06,-0.089227334,-3.0398815,-16.459572,-0.059470892,-9.6192169,12201.717,0.0098867761,-8.3409081
1.2588078,0.05635694,0.057757255,18.149128,12589.266,12834.415,3.92e-06,-0.089017712,-3.0457067,-16.420902,-0.059274741,-9.5509243,12225.187,0.010791956,-8.2804413
1.2566406,0.056559145,0.057962239,18.191622,12566.791,12811.613,3.936e-06,-0.088477477,-3.0515625,-16.321245,-0.059078213,-9.4827023,12248.78,0.010274362,-8.2200375
1.2544656,0.056760974,0.058166858,18.234037,12542.883,12788.731,3.952e-06,-0.088123739,-3.0573103,-16.255993,-0.058881313,-9.4145508,12271.938,0.010354931,-8.1596966
1.2522829,0.056962438,0.058371112,18.276377,12520.112,12765.768,3.968e-06,-0.088003516,-3.0632818,-16.233816,-0.058684032,-9.3464699,12295.997,0.01099826,-8.0994186
1.2500924,0.057163525,0.058574997,18.318638,12497.492,12742.724,3.984e-06,-0.0874101,-3.0694432,-16.12435,-0.058486361,-9.2784605,12320.821,0.011287576,-8.0392046
1.2478942,0.057364259,0.058778509,18.360821,12473.356,12719.6,4e-06,-0.087541111,-3.0753975,-16.148518,-0.058288302,-9.2105217,12344.812,0.011797235,-7.9790535
1.2456883,0.057564601,0.05898165,18.402925,12451.124,12696.395,4.016e-06,-0.086556196,-3.0812967,-15.966832,-0.05808986,-9.1426554,12368.579,0.01262917,-7.9189663
1.2434746,0.057764594,0.059184421,18.444952,12428.877,12673.109,4.032e-06,-0.086192437,-3.087178,-15.899731,-0.057891034,-9.0748606,12392.275,0.012248298,-7.858943
1.2412534,0.057964217,0.059386816,18.486898,12406.228,12649.744,4.048e-06,-0.086121537,-3.0928411,-15.886652,-0.057691842,-9.0071373,12415.092,0.012439955,-7.7989841
1.2390244,0.05816349,0.059588838,18.528767,12382.207,12626.3,4.064e-06,-0.085527353,-3.098552,-15.777043,-0.057492279,-8.9394865,12438.102,0.01300943,-7.7390895
1.2367878,0.058362372,0.059790481,18.570555,12358.559,12602.774,4.08e-06,-0.085776277,-3.1044712,-15.822962,-0.057292342,-8.8719072,12461.949,0.012937406,-7.6792593
1.2345436,0.058560889,0.059991747,18.612261,12336.716,12579.17,4.096e-06,-0.08444456,-3.1098475,-15.577303,-0.057092041,-8.8044014,12483.611,0.013592944,-7.619494
1.2322918,0.058759037,0.060192633,18.653889,12314.213,12555.486,4.112e-06,-0.084645703,-3.1154482,-15.614408,-0.056891389,-8.7369671,12506.177,0.013186438,-7.559793
1.2300323,0.058956839,0.060393143,18.695435,12291.22,12531.724,4.128e-06,-0.084048435,-3.1207609,-15.504231,-0.056690384,-8.6696053,12527.581,0.013708915,-7.5001574
1.2277653,0.059154265,0.06059327,18.736898,12267.416,12507.881,4.144e-06,-0.083869644,-3.1261635,-15.47125,-0.056489032,-8.6023169,12549.348,0.014824061,-7.4405866
1.2254908,0.059351321,0.060793012,18.778282,12244.411,12483.96,4.16e-06,-0.083561376,-3.1317501,-15.414384,-0.056287326,-8.5351009,12571.857,0.014568316,-7.3810806
1.2232087,0.059547998,0.060992371,18.819582,12221.932,12459.96,4.176e-06,-0.083530545,-3.1374171,-15.408697,-0.056085259,-8.4679575,12594.689,0.015314188,-7.3216405
1.2209191,0.059744321,0.061191346,18.8608,12198.01,12435.881,4.192e-06,-0.082339093,-3.1430688,-15.188912,-0.055882823,-8.4008875,12617.46,0.015525986,-7.2622652
1.218622,0.059940256,0.061389934,18.901936,12175.18,12411.724,4.208e-06,-0.082096331,-3.1484499,-15.144131,-0.055680037,-8.33389,12639.141,0.015585192,-7.2029557
1.2163173,0.060135834,0.061588131,18.942987,12152.401,12387.488,4.224e-06,-0.082248926,-3.1538589,-15.172279,-0.0554769,-8.2669659,12660.933,0.015854366,-7.1437111
1.2140051,0.060331039,0.061785944,18.983955,12129.94,12363.174,4.24e-06,-0.081936032,-3.1592741,-15.11456,-0.055273414,-8.2001143,12682.751,0.016168095,-7.0845327
1.2116855,0.060525887,0.061983362,19.024839,12105.547,12338.782,4.256e-06,-0.081235491,-3.1644175,-14.985333,-0.055069588,-8.1333361,12703.475,0.016392102,-7.0254192
1.2093585,0.060720343,0.062180392,19.065639,12080.907,12314.312,4.272e-06,-0.080490254,-3.1697633,-14.847861,-0.054865424,-8.0666304,12725.013,0.017477339,-6.966372
1.207024,0.06091442,0.062377028,19.106356,12056.803,12289.764,4.288e-06,-0.080570407,-3.1751852,-14.862646,-0.054660913,-7.9999986,12746.857,0.017791681,-6.9073901
1.204682,0.061108094,0.062573269,19.146984,12032.646,12265.139,4.304e-06,-0.080173515,-3.1806619,-14.789433,-0.054456051,-7.9334393,12768.922,0.017695243,-6.848474
1.2023326,0.061301395,0.062769115,19.187529,12009.327,12240.436,4.32e-06,-0.079627104,-3.185822,-14.688638,-0.054250848,-7.8669534,12789.713,0.017615283,-6.7896237
1.1999758,0.061494306,0.062964566,19.227987,11986.151,12215.655,4.336e-06,-0.079766601,-3.1916456,-14.71437,-0.054045286,-7.8005404,12813.176,0.018590044,-6.7308388
1.1976117,0.061686862,0.063159622,19.268358,11963.735,12190.798,4.352e-06,-0.079065286,-3.197412,-14.585001,-0.053839356,-7.7342005,12836.408,0.018856777,-6.6721196
1.19524,0.061879046,0.063354276,19.308643,11941.552,12165.863,4.368e-06,-0.078605972,-3.2029333,-14.500271,-0.053633057,-7.6679335,12858.654,0.019871822,-6.6134663
1.1928612,0.062070888,0.063548528,19.348843,11918.582,12140.853,4.384e-06,-0.078534298,-3.2081912,-14.48705,-0.053426415,-7.6017394,12879.839,0.019252297,-6.5548787
1.1904749,0.062262345,0.063742377,19.388952,11894.901,12115.765,4.4e-06,-0.077822968,-3.2136824,-14.355833,-0.053219423,-7.5356183,12901.963,0.019253517,-6.496357
1.1880813,0.062453441,0.063935831,19.428976,11871.231,12090.6,4.416e-06,-0.077953987,-3.2189946,-14.380001,-0.053012084,-7.4695697,12923.365,0.019486679,-6.4379005
1.1856803,0.062644146,0.064128876,19.46891,11845.941,12065.359,4.432e-06,-0.077342071,-3.2243259,-14.267122,-0.052804403,-7.403594,12944.846,0.020372326,-6.3795094
1.183272,0.062834457,0.064321518,19.508755,11820.167,12040.042,4.448e-06,-0.07712166,-3.2297149,-14.226464,-0.052596375,-7.3376908,12966.558,0.020476699,-6.3211842
1.1808563,0.06302435,0.06451375,19.548512,11794.686,12014.649,4.464e-06,-0.076667733,-3.2351372,-14.14273,-0.052388001,-7.2718601,12988.404,0.020804469,-6.2629242
1.1784334,0.063213848,0.064705573,19.588179,11769.606,11989.18,4.48e-06,-0.076204561,-3.2403214,-14.057289,-0.052179284,-7.2061019,13009.291,0.021316569,-6.20473
1.1760032,0.063402928,0.064896993,19.627756,11745.23,11963.636,4.496e-06,-0.075680509,-3.2453618,-13.960618,-0.051970236,-7.1404161,13029.6,0.02133549,-6.1466007
1.1735657,0.063591629,0.065088004,19.667244,11719.871,11938.015,4.512e-06,-0.07547012,-3.2501097,-13.921807,-0.051760875,-7.0748024,13048.729,0.021644948,-6.0885367
1.171121,0.063779913,0.065278597,19.70664,11695.93,11912.319,4.528e-06,-0.075077847,-3.2556129,-13.849445,-0.051551182,-7.0092607,13070.9,0.02176458,-6.0305381
1.168669,0.063967831,0.065468781,19.745945,11671.71,11886.549,4.544e-06,-0.07475879,-3.2605376,-13.79059,-0.051341154,-6.9437909,13090.742,0.022415236,-5.9726043
1.1662097,0.06415534,0.065658554,19.78516,11645.066,11860.702,4.56e-06,-0.074565351,-3.2655418,-13.754907,-0.051130805,-6.8783932,13110.904,0.02265328,-5.9147358
1.1637431,0.064342439,0.065847911,19.824282,11619.391,11834.781,4.576e-06,-0.074274041,-3.2704818,-13.701169,-0.050920133,-6.813067,13130.809,0.023314921,-5.8569317
1.1612694,0.064529121,0.06603685,19.863312,11593.306,11808.786,4.592e-06,-0.073755376,-3.2754014,-13.605493,-0.050709147,-6.7478123,13150.629,0.023322245,-5.7991924
1.1587884,0.064715393,0.066225372,19.90225,11568.692,11782.716,4.608e-06,-0.073370039,-3.280339,-13.534411,-0.050497841,-6.6826286,13170.522,0.024459364,-5.741518
1.1563002,0.064901263,0.066413477,19.941095,11543.311,11756.57,4.624e-06,-0.072963126,-3.2855365,-13.459349,-0.050286211,-6.617516,13191.463,0.024294565,-5.683908
1.1538048,0.06508673,0.066601165,19.979847,11517.776,11730.352,4.64e-06,-0.072512284,-3.2907398,-13.376183,-0.050074242,-6.552475,13212.427,0.024431288,-5.6263623
1.1513022,0.065271787,0.066788428,20.018503,11492.261,11704.059,4.656e-06,-0.072549276,-3.2959917,-13.383007,-0.049861938,-6.4875045,13233.587,0.024843287,-5.5688806
1.1487925,0.065456443,0.066975273,20.057068,11466.422,11677.691,4.672e-06,-0.071887277,-3.3011556,-13.260888,-0.049649298,-6.4226046,13254.393,0.024860987,-5.5114627
1.1462755,0.065640673,0.067161694,20.095537,11441.328,11651.251,4.688e-06,-0.071957402,-3.306392,-13.273825,-0.049436323,-6.3577747,13275.49,0.025668507,-5.4541092
1.1437514,0.065824516,0.06734769,20.133911,11416.121,11624.736,4.704e-06,-0.071358591,-3.3114631,-13.163363,-0.049223017,-6.2930155,13295.922,0.025399946,-5.3968191
1.1412201,0.066007935,0.067533262,20.17219,11388.899,11598.148,4.72e-06,-0.070919313,-3.3164153,-13.082331,-0.049009386,-6.2283258,13315.874,0.0261977,-5.3395929
1.1386817,0.066190943,0.067718402,20.210373,11361.171,11571.487,4.736e-06,-0.070987903,-3.3213105,-13.094983,-0.048795439,-6.1637063,13335.598,0.026317332,-5.2824297
1.1361361,0.066373497,0.067903116,20.248461,11335.081,11544.754,4.752e-06,-0.070221856,-3.3260207,-12.953672,-0.048581183,-6.0991564,13354.574,0.026739707,-5.2253299
1.1335833,0.066555634,0.068087406,20.286451,11309.251,11517.946,4.768e-06,-0.069481246,-3.3313384,-12.817053,-0.048366603,-6.0346756,13375.999,0.026831264,-5.168293
1.1310234,0.066737354,0.068271264,20.324347,11283.978,11491.066,4.784e-06,-0.069702424,-3.3361015,-12.857854,-0.048151694,-5.9702635,13395.189,0.027259743,-5.1113191
1.1284565,0.066918671,0.06845469,20.362144,11257.602,11464.114,4.8e-06,-0.069201492,-3.3409081,-12.765448,-0.04793648,-5.905921,13414.556,0.027952513,-5.0544076
1.1258824,0.067099564,0.068637684,20.399843,11231.38,11437.09,4.816e-06,-0.068637364,-3.3455613,-12.661384,-0.047720965,-5.8416467,13433.304,0.028089236,-4.9975586
1.1233013,0.067280047,0.068820238,20.437447,11205.132,11409.992,4.832e-06,-0.068475522,-3.350373,-12.631529,-0.04750514,-5.7774405,13452.69,0.028647725,-4.9407721
1.120713,0.067460097,0.069002368,20.474949,11177.938,11382.823,4.848e-06,-0.068374559,-3.3549941,-12.612906,-0.04728901,-5.7133031,13471.309,0.028633686,-4.884047
1.1181177,0.067639731,0.069184057,20.512356,11150.938,11355.582,4.864e-06,-0.067870542,-3.3597512,-12.519931,-0.047072582,-5.6492329,13490.475,0.028930327,-4.8273845
1.1155152,0.067818917,0.069365308,20.549662,11125.376,11328.27,4.88e-06,-0.067264028,-3.3641343,-12.408048,-0.046855856,-5.5852308,13508.135,0.029291054,-4.7707829
1.1129059,0.067997701,0.069546118,20.586868,11098.733,11300.886,4.896e-06,-0.066857882,-3.3684149,-12.333128,-0.046638854,-5.5212955,13525.381,0.029697562,-4.7142429
1.1102893,0.068176046,0.069726497,20.623976,11070.045,11273.43,4.912e-06,-0.066626683,-3.3730767,-12.290479,-0.046421561,-5.457428,13544.164,0.030313425,-4.6577644
1.1076658,0.068353951,0.069906428,20.660982,11042.31,11245.902,4.928e-06,-0.066410124,-3.3776739,-12.25053,-0.046203971,-5.3936267,13562.686,0.029559007,-4.6013465
1.1050352,0.068531401,0.07008592,20.697889,11014.354,11218.305,4.944e-06,-0.065899171,-3.382437,-12.156276,-0.045986079,-5.3298922,13581.876,0.030726036,-4.5449891
1.1023976,0.068708412,0.070264973,20.734695,10986.401,11190.636,4.96e-06,-0.065654099,-3.3870976,-12.111068,-0.045767881,-5.2662234,13600.654,0.030261545,-4.4886923
1.099753,0.068884969,0.070443578,20.7714,10958.247,11162.896,4.976e-06,-0.065331191,-3.3917861,-12.051501,-0.045549385,-5.202621,13619.544,0.030983001,-4.432456
1.0971014,0.069061086,0.070621744,20.808004,10929.938,11135.087,4.992e-06,-0.06511309,-3.3963585,-12.011269,-0.045330588,-5.1390839,13637.967,0.031056857,-4.3762794
1.0944428,0.069236733,0.070799455,20.844505,10902.384,11107.206,5.008e-06,-0.064551271,-3.4007123,-11.907632,-0.045111503,-5.0756125,13655.508,0.031557359,-4.3201623
1.0917773,0.069411956,0.070976727,20.880905,10874.854,11079.256,5.024e-06,-0.06447266,-3.4051712,-11.893131,-0.044892136,-5.0122061,13673.473,0.031883296,-4.2641048
1.0891048,0.069586724,0.071153544,20.917202,10847.811,11051.235,5.04e-06,-0.06393782,-3.4096365,-11.79447,-0.044672482,-4.9488645,13691.463,0.031875972,-4.2081065
1.0864253,0.069761075,0.071329914,20.953396,10820.562,11023.145,5.056e-06,-0.063514724,-3.4139526,-11.716421,-0.044452544,-4.8855867,13708.854,0.032508928,-4.1521673
1.0837389,0.069934972,0.07150583,20.989485,10793.715,10994.985,5.072e-06,-0.06306234,-3.4184875,-11.632972,-0.04423232,-4.8223739,13727.124,0.03241615,-4.0962868
1.0810456,0.070108458,0.071681298,21.025473,10766.854,10966.756,5.088e-06,-0.062780276,-3.4227026,-11.580939,-0.044011813,-4.7592244,13744.106,0.032690208,-4.0404644
1.0783454,0.070281491,0.071856312,21.061356,10738.898,10938.457,5.104e-06,-0.062818035,-3.426795,-11.587906,-0.043791041,-4.6961389,13760.596,0.033069856,-3.9847004
1.0756383,0.070454098,0.07203088,21.097134,10711.185,10910.089,5.12e-06,-0.062110562,-3.4311261,-11.457399,-0.043569993,-4.6331162,13778.045,0.033990905,-3.9289942
1.0729243,0.070626251,0.072204985,21.132809,10682.856,10881.652,5.136e-06,-0.061860863,-3.4356172,-11.411338,-0.043348666,-4.5701566,13796.14,0.034164861,-3.8733456
1.0702034,0.070797957,0.072378635,21.168377,10655.616,10853.147,5.152e-06,-0.061581112,-3.4395733,-11.359733,-0.043127064,-4.5072594,13812.079,0.033966489,-3.8177543
1.0674757,0.070969224,0.072551824,21.203842,10627.987,10824.573,5.168e-06,-0.060937602,-3.4436548,-11.241026,-0.042905204,-4.4444242,13828.523,0.034282051,-3.7622201
1.0647411,0.071140051,0.072724558,21.239201,10598.542,10795.931,5.184e-06,-0.060932979,-3.4477274,-11.240173,-0.04268308,-4.3816514,13844.933,0.03440718,-3.7067425
1.0619997,0.071310401,0.072896838,21.274452,10568.604,10767.221,5.2e-06,-0.060301799,-3.4519346,-11.123741,-0.042460691,-4.3189402,13861.883,0.0347264,-3.6513216
1.0592515,0.071480282,0.073068649,21.309597,10540.289,10738.442,5.216e-06,-0.059882555,-3.4561541,-11.046404,-0.042238027,-4.25629,13878.883,0.035264749,-3.595957
1.0564965,0.0716497,0.073240004,21.344637,10511.79,10709.596,5.232e-06,-0.059985057,-3.4601448,-11.065311,-0.042015102,-4.1937008,13894.962,0.035121921,-3.5406482
1.0537348,0.071818672,0.073410898,21.37957,10484.001,10680.682,5.248e-06,-0.059221324,-3.4639831,-10.924428,-0.041791923,-4.1311727,13910.426,0.035798822,-3.485395
1.0509663,0.071987189,0.073581323,21.414394,10456.312,10651.7,5.264e-06,-0.05943865,-3.4678822,-10.964518,-0.041568492,-4.0687041,13926.136,0.036393933,-3.4301972
1.0481911,0.072155274,0.073751286,21.449112,10427.974,10622.651,5.28e-06,-0.058580894,-3.4715114,-10.80629,-0.041344821,-4.0062962,13940.758,0.037585985,-3.3750544
1.0454091,0.072322898,0.073920779,21.483723,10400.017,10593.536,5.296e-06,-0.0585755,-3.475529,-10.805294,-0.041120905,-3.9439473,13956.944,0.037005525,-3.3199666
1.0426204,0.072490081,0.07408981,21.518223,10372.388,10564.354,5.312e-06,-0.058553923,-3.479897,-10.801313,-0.040896717,-3.8816581,13974.543,0.037812434,-3.2649331
1.039825,0.07265681,0.074258372,21.552616,10345.123,10535.104,5.328e-06,-0.058197875,-3.4843578,-10.735634,-0.040672246,-3.8194277,13992.517,0.037632372,-3.2099538
1.0370229,0.072823107,0.074426465,21.586901,10316.421,10505.788,5.344e-06,-0.05764376,-3.4882619,-10.633418,-0.040447503,-3.757256,14008.246,0.037637256,-3.1550283
1.0342143,0.072988942,0.074594088,21.621075,10286.479,10476.405,5.36e-06,-0.056821458,-3.4922318,-10.48173,-0.040222507,-3.6951427,14024.24,0.038414259,-3.1001565
1.0313989,0.073154315,0.074761242,21.65514,10257.397,10446.957,5.376e-06,-0.056457702,-3.4960854,-10.414629,-0.039997257,-3.6330872,14039.767,0.038859218,-3.0453382
1.028577,0.073319204,0.074927919,21.689096,10227.716,10417.442,5.392e-06,-0.056396049,-3.5000627,-10.403255,-0.039771758,-3.5710895,14055.791,0.039048433,-2.9905727
1.0257484,0.073483638,0.075094126,21.722942,10200.001,10387.862,5.408e-06,-0.05623652,-3.5040593,-10.373828,-0.039546002,-3.5091488,14071.894,0.038604084,-2.9358599
1.0229133,0.073647611,0.075259857,21.756678,10170.935,10358.216,5.424e-06,-0.05585812,-3.5080991,-10.304025,-0.039319985,-3.4472654,14088.17,0.039254736,-2.8811996
1.0200716,0.073811129,0.075425111,21.790302,10141.664,10328.505,5.44e-06,-0.055300158,-3.5117564,-10.201098,-0.039093722,-3.3854384,14102.905,0.039553821,-2.8265915
1.0172234,0.07397417,0.075589888,21.823816,10112.93,10298.728,5.456e-06,-0.055425003,-3.5157056,-10.224129,-0.038867209,-3.3236675,14118.816,0.040079959,-2.7720351
1.0143687,0.074136764,0.075754188,21.857218,10084.495,10268.886,5.472e-06,-0.054895554,-3.5193732,-10.126463,-0.038640454,-3.2619529,14133.594,0.040649433,-2.7175305
1.0115075,0.074298888,0.075918011,21.890509,10056.602,10238.979,5.488e-06,-0.054494034,-3.5230613,-10.052396,-0.038413465,-3.2002938,14148.453,0.039821163,-2.6630769
1.0086398,0.074460573,0.076081358,21.923689,10027.17,10209.009,5.504e-06,-0.053814307,-3.5268314,-9.9270067,-0.03818623,-3.1386898,14163.643,0.040616475,-2.6086743
1.0057656,0.074621782,0.07624422,21.956755,9997.792,10178.973,5.52e-06,-0.053591583,-3.5306602,-9.8859215,-0.037958752,-3.0771408,14179.068,0.041314129,-2.5543222
1.002885,0.074782528,0.076406606,21.98971,9968.3486,10148.873,5.536e-06,-0.053316452,-3.5347061,-9.8351688,-0.037731022,-3.0156465,14195.369,0.041190222,-2.5000205
0.99999803,0.074942805,0.076568507,22.022552,9939.9072,10118.709,5.552e-06,-0.053110685,-3.538372,-9.7972116,-0.037503041,-2.9542065,14210.141,0.041991636,-2.4457691
0.99710464,0.07510262,0.076729916,22.055281,9909.7656,10088.48,5.568e-06,-0.052693751,-3.5419879,-9.7203007,-0.037274826,-2.8928204,14224.709,0.042222358,-2.3915672
0.99420488,0.075261958,0.076890849,22.087896,9879.9414,10058.188,5.584e-06,-0.052325372,-3.5454159,-9.6523466,-0.037046384,-2.8314879,14238.52,0.042813197,-2.3374147
0.99129879,0.075420819,0.077051297,22.120399,9850.002,10027.834,5.6e-06,-0.052023269,-3.5489428,-9.5966187,-0.036817718,-2.7702086,14252.729,0.04249214,-2.2833116
0.98838639,0.075579196,0.077211253,22.152788,9819.7061,9997.415,5.616e-06,-0.05166645,-3.5523341,-9.530797,-0.036588829,-2.7089822,14266.393,0.04351268,-2.2292573
0.98546767,0.075737096,0.077370726,22.185064,9789.1777,9966.9336,5.632e-06,-0.051545456,-3.5561452,-9.5084772,-0.036359709,-2.6478086,14281.748,0.043222144,-2.1752517
0.98254269,0.075894497,0.077529706,22.217224,9758.7041,9936.3887,5.648e-06,-0.050911963,-3.5597498,-9.3916187,-0.03613035,-2.5866871,14296.271,0.043352153,-2.1212943
0.9796114,0.076051421,0.077688202,22.249271,9728.3613,9905.7812,5.664e-06,-0.050690781,-3.5635691,-9.3508177,-0.035900749,-2.5256176,14311.658,0.043441877,-2.0673847
0.9766739,0.076207854,0.077846199,22.281202,9698.4844,9875.1113,5.68e-06,-0.050187536,-3.5670311,-9.2579842,-0.035670917,-2.4645998,14325.607,0.0441847,-2.0135231
0.97373021,0.076363817,0.078003712,22.313019,9667.3252,9844.3789,5.696e-06,-0.050138213,-3.5709131,-9.2488861,-0.035440847,-2.4036334,14341.248,0.044619281,-1.9597087
0.97078031,0.076519266,0.078160726,22.344721,9636.2998,9813.584,5.712e-06,-0.049870789,-3.5745947,-9.1995554,-0.035210531,-2.3427179,14356.081,0.04433668,-1.9059416
0.96782428,0.076674238,0.078317247,22.376307,9606.0928,9782.7275,5.728e-06,-0.049210325,-3.578212,-9.0777206,-0.03497998,-2.281853,14370.656,0.045003816,-1.8522213
0.96486211,0.076828711,0.078473277,22.407776,9575.5322,9751.8086,5.744e-06,-0.049226511,-3.5813987,-9.0807066,-0.034749214,-2.2210386,14383.495,0.045404829,-1.7985475
0.9618938,0.076982707,0.078628816,22.439131,9544.9521,9720.8291,5.76e-06,-0.048566818,-3.5846553,-8.9590139,-0.034518234,-2.160274,14396.615,0.045552537,-1.7449201
0.95891935,0.077136204,0.078783847,22.470367,9515.2861,9689.7881,5.776e-06,-0.048381086,-3.5880899,-8.9247532,-0.034287043,-2.0995595,14410.454,0.045539111,-1.6913387
0.95593888,0.077289231,0.078938387,22.50149,9484.9092,9658.6846,5.792e-06,-0.048055865,-3.5917747,-8.8647594,-0.03405562,-2.0388942,14425.3,0.045807671,-1.637803
0.95295233,0.077441767,0.079092428,22.532495,9454.0967,9627.5215,5.808e-06,-0.047722165,-3.5952778,-8.8032026,-0.033823967,-1.978278,14439.414,0.047014374,-1.5843127
0.94995975,0.077593818,0.07924597,22.563383,9423.6719,9596.2969,5.824e-06,-0.047265157,-3.5988259,-8.7188997,-0.033592086,-1.9177107,14453.71,0.04664205,-1.5308676
0.94696122,0.077745378,0.079399012,22.594154,9394.2129,9565.0117,5.84e-06,-0.046803527,-3.6021214,-8.6337442,-0.033359986,-1.8571919,14466.987,0.047171239,-1.4774673
0.94395661,0.077896461,0.079551548,22.624807,9363.1533,9533.667,5.856e-06,-0.04642975,-3.6052413,-8.5647945,-0.033127677,-1.7967212,14479.557,0.04743614,-1.4241117
0.9409461,0.078047052,0.079703584,22.655344,9330.7393,9502.2607,5.872e-06,-0.046368096,-3.6085243,-8.553421,-0.032895163,-1.7362986,14492.784,0.047582019,-1.3708006
0.93792963,0.078197129,0.079855114,22.685762,9298.7041,9470.7949,5.888e-06,-0.045968119,-3.6120181,-8.4796381,-0.032662429,-1.6759235,14506.86,0.047797479,-1.3175335
0.93490726,0.078346692,0.080006145,22.716064,9266.4531,9439.2695,5.904e-06,-0.045459479,-3.6154566,-8.3858099,-0.032429472,-1.6155956,14520.714,0.048133183,-1.2643101
0.93187898,0.078495741,0.080156669,22.746246,9234.8359,9407.6846,5.92e-06,-0.045343108,-3.6187007,-8.3643436,-0.032196302,-1.5553148,14533.785,0.048402965,-1.2111304
0.92884487,0.078644283,0.080306686,22.77631,9204.9316,9376.04,5.936e-06,-0.04533463,-3.6220708,-8.3627796,-0.031962916,-1.4950808,14547.363,0.048648946,-1.1579939
0.92580485,0.078792349,0.08045619,22.806255,9175.1143,9344.3359,5.952e-06,-0.04447148,-3.6256008,-8.2035561,-0.031729307,-1.4348931,14561.585,0.048667256,-1.1049006
0.922759,0.078939922,0.080605194,22.836082,9144.9697,9312.5732,5.968e-06,-0.044698056,-3.6291628,-8.2453527,-0.031495474,-1.3747517,14575.937,0.049620043,-1.05185
0.91970736,0.079087026,0.080753684,22.865791,9112.9326,9280.752,5.984e-06,-0.043878835,-3.6324258,-8.0942326,-0.031261418,-1.3146561,14589.084,0.049337443,-0.99884188
0.91664994,0.079233609,0.080901667,22.89538,9081.8994,9248.8711,6e-06,-0.043814868,-3.6356082,-8.0824327,-0.031027153,-1.2546062,14601.905,0.049798273,-0.94587612
0.91358674,0.079379715,0.081049137,22.924849,9052.3652,9216.9326,6.016e-06,-0.043424912,-3.6386926,-8.010498,-0.030792687,-1.1946017,14614.332,0.050072938,-0.89295238
0.91051775,0.079525322,0.0811961,22.954199,9020.9453,9184.9355,6.032e-06,-0.043253053,-3.6419179,-7.9787955,-0.030558018,-1.1346421,14627.327,0.050421461,-0.84007043
0.90744311,0.079670444,0.081342541,22.983429,8988.7441,9152.8809,6.048e-06,-0.043184463,-3.6450789,-7.9661431,-0.030323142,-1.0747274,14640.062,0.051175267,-0.78723001
0.90436268,0.079815045,0.081488475,23.012539,8957.0664,9120.7686,6.064e-06,-0.042648077,-3.6482279,-7.867197,-0.030088065,-1.0148572,14652.751,0.05101474,-0.73443091
0.90127659,0.079959147,0.081633888,23.041531,8925.1719,9088.5977,6.08e-06,-0.042157929,-3.651366,-7.7767811,-0.029852783,-0.95503122,14665.394,0.052443005,-0.68167287
0.8981849,0.080102727,0.081778795,23.0704,8895.2686,9056.3701,6.096e-06,-0.042451557,-3.6546535,-7.8309455,-0.029617295,-0.89524931,14678.639,0.052203741,-0.62895566
0.89508748,0.080245838,0.081923179,23.09915,8863.7666,9024.085,6.112e-06,-0.041424252,-3.65766,-7.6414413,-0.029381605,-0.83551115,14690.752,0.051694691,-0.57627904
0.89198446,0.080388434,0.08206705,23.127779,8831.251,8991.7432,6.128e-06,-0.041130628,-3.6602864,-7.5872769,-0.029145731,-0.7758165,14701.334,0.051768549,-0.52364284
0.88887584,0.080530524,0.082210399,23.156288,8798.874,8959.3447,6.144e-06,-0.040875535,-3.662997,-7.5402207,-0.028909687,-0.71616507,14712.255,0.052273933,-0.47104678
0.88576162,0.080672085,0.082353227,23.184675,8767.8701,8926.8887,6.16e-06,-0.040421613,-3.6655524,-7.4564862,-0.028673472,-0.65655673,14722.55,0.052786034,-0.41849062
0.88264179,0.080813155,0.082495533,23.212942,8736.041,8894.377,6.176e-06,-0.04008637,-3.6684661,-7.3946452,-0.028437082,-0.59699112,14734.29,0.05280862,-0.36597419
0.87951642,0.080953717,0.082637325,23.241087,8705.4375,8861.8096,6.192e-06,-0.03994919,-3.671396,-7.3693399,-0.028200503,-0.53746802,14746.095,0.053973205,-0.31349725
0.87638557,0.081093788,0.082778588,23.26911,8674.3867,8829.1855,6.208e-06,-0.039852086,-3.6742051,-7.3514271,-0.027963739,-0.47798729,14757.412,0.053657033,-0.26105958
0.87324911,0.081233352,0.082919337,23.297012,8641.9326,8796.5059,6.224e-06,-0.039049048,-3.6767619,-7.2032928,-0.027726803,-0.41854861,14767.714,0.053630177,-0.208661
0.87010723,0.081372418,0.083059557,23.324793,8610.4131,8763.7705,6.24e-06,-0.03888721,-3.6792779,-7.1734381,-0.027489701,-0.35915178,14777.851,0.05408185,-0.15630127
0.86695981,0.081510961,0.083199248,23.352451,8578.3154,8730.9805,6.256e-06,-0.038622871,-3.6821249,-7.1246762,-0.027252428,-0.29979661,14789.321,0.054861903,-0.1039802
0.86380696,0.081648998,0.083338425,23.37999,8546.7324,8698.1348,6.272e-06,-0.037983213,-3.6847701,-7.00668,-0.027014978,-0.24048281,14799.979,0.054368116,-0.051697589
0.86064863,0.081786528,0.083477065,23.407404,8514.4668,8665.2334,6.288e-06,-0.038020205,-3.6878245,-7.013504,-0.026777344,-0.18121022,14812.285,0.055375837,0.00054675865
0.85748488,0.081923544,0.083615184,23.434696,8481.7168,8632.2783,6.304e-06,-0.037762031,-3.6906421,-6.9658794,-0.026539521,-0.12197862,14823.638,0.055858638,0.052753035
0.8543157,0.082060032,0.083752766,23.461866,8448.792,8599.2686,6.32e-06,-0.037828308,-3.6933844,-6.9781055,-0.026301518,-0.062787794,14834.686,0.055315409,0.10492144
0.8511411,0.082196005,0.083889827,23.488913,8416.3174,8566.2041,6.336e-06,-0.037175551,-3.6959651,-6.8576927,-0.026063345,-0.0036375383,14845.084,0.05591296,0.15705214
0.84796113,0.082331449,0.084026359,23.515839,8384.8115,8533.0859,6.352e-06,-0.036539748,-3.698061,-6.7404075,-0.02582502,0.05547234,14853.528,0.056284066,0.20914534
0.84477574,0.082466386,0.084162354,23.542639,8351.3516,8499.9131,6.368e-06,-0.036720857,-3.7002449,-6.7738161,-0.025586557,0.11454204,14862.327,0.056786399,0.2612012
0.84158504,0.082600787,0.084297821,23.569319,8317.583,8466.6875,6.384e-06,-0.03604652,-3.7026408,-6.6494226,-0.025347946,0.17357177,14871.98,0.057163,0.3132199
0.83838898,0.082734659,0.084432758,23.595875,8284.5469,8433.4082,6.4e-06,-0.035648085,-3.7051296,-6.5759244,-0.025109179,0.23256168,14882.008,0.057219155,0.36520162
0.83518761,0.082867995,0.084567159,23.622307,8250.8457,8400.0752,6.416e-06,-0.035386059,-3.7077379,-6.5275884,-0.024870247,0.29151198,14892.517,0.057885677,0.41714653
0.83198088,0.083000802,0.084701024,23.648617,8217.6865,8366.6895,6.432e-06,-0.035178747,-3.7102153,-6.4893465,-0.02463115,0.35042286,14902.498,0.057416912,0.46905482
0.82876891,0.083133064,0.08483436,23.674803,8185.9717,8333.251,6.448e-06,-0.034482062,-3.7126038,-6.3608303,-0.024391899,0.40929446,14912.121,0.058067568,0.52092659
0.82555163,0.083264828,0.084967151,23.700865,8153.5234,8299.7598,6.464e-06,-0.034319453,-3.7152505,-6.3308339,-0.024152484,0.46812698,14922.784,0.058246408,0.57276201
0.8223291,0.083396062,0.085099414,23.726803,8121.292,8266.2158,6.48e-06,-0.034630802,-3.7176075,-6.388268,-0.023912907,0.52692056,14932.281,0.058922697,0.62456131
0.81910127,0.08352679,0.085231133,23.752619,8087.3193,8232.6201,6.496e-06,-0.03359117,-3.7201188,-6.1964893,-0.023673173,0.58567542,14942.399,0.058496658,0.67632455
0.8158682,0.083656974,0.085362315,23.778309,8054.103,8198.9727,6.512e-06,-0.033396188,-3.7223134,-6.160522,-0.023433289,0.64439172,14951.241,0.058459427,0.72805196
0.81262994,0.083786629,0.085492961,23.803877,8021.6641,8165.2729,6.528e-06,-0.03326055,-3.72451,-6.1355009,-0.023193263,0.70306951,14960.091,0.060053714,0.77974361
0.80938643,0.083915755,0.085623063,23.829319,7988.2246,8131.5215,6.544e-06,-0.03282281,-3.7266483,-6.0547519,-0.022953095,0.76170903,14968.707,0.059351787,0.83139968
0.80613768,0.084044352,0.085752629,23.854637,7954.4326,8097.7188,6.56e-06,-0.032586988,-3.729182,-6.01125,-0.022712778,0.82031047,14978.915,0.059565417,0.88302028
0.8028838,0.084172413,0.08588165,23.879831,7921.0376,8063.8652,6.576e-06,-0.032178532,-3.7315683,-5.9359031,-0.022472303,0.87887388,14988.529,0.060120244,0.93460554
0.79962474,0.084299929,0.086010128,23.904902,7886.5332,8029.9604,6.592e-06,-0.032263305,-3.733829,-5.9515414,-0.022231678,0.93739939,14997.638,0.06057436,0.98615563
0.79636049,0.084426902,0.086138062,23.929848,7853.8765,7996.0049,6.608e-06,-0.031754665,-3.7356813,-5.8577132,-0.021990919,0.99588728,15005.101,0.060747094,1.0376706
0.79309112,0.084553353,0.08626546,23.954668,7821.8555,7961.999,6.624e-06,-0.031433295,-3.7375596,-5.7984309,-0.021750042,1.0543375,15012.668,0.060044557,1.0891508
0.78981662,0.084679283,0.086392306,23.979362,7789.4092,7927.9429,6.64e-06,-0.031122714,-3.7395461,-5.7411389,-0.02150904,1.1127503,15020.672,0.060908232,1.140596
0.78653693,0.084804699,0.086518608,24.003935,7753.9849,7893.8364,6.656e-06,-0.03098014,-3.7418442,-5.7148385,-0.021267898,1.1711258,15029.931,0.061262246,1.1920066
0.78325218,0.084929548,0.086644359,24.028379,7719.6489,7859.6807,6.672e-06,-0.030170167,-3.7441032,-5.5654244,-0.021026611,1.2294641,15039.032,0.061534472,1.2433825
0.77996236,0.085053854,0.086769566,24.052702,7686.3218,7825.4746,6.688e-06,-0.030104659,-3.7461247,-5.5533409,-0.020785186,1.2877653,15047.178,0.061868954,1.294724
0.77666742,0.085177615,0.086894229,24.076897,7653.0586,7791.2192,6.704e-06,-0.029883478,-3.74807,-5.5125399,-0.020543633,1.3460294,15055.015,0.062649004,1.346031
0.7733674,0.085300855,0.087018333,24.100967,7620.1211,7756.915,6.72e-06,-0.029685415,-3.7502127,-5.4760036,-0.020301947,1.4042567,15063.647,0.062392652,1.3973038
0.77006239,0.085423566,0.087141901,24.124912,7588.6021,7722.5615,6.736e-06,-0.028925536,-3.7523048,-5.3358302,-0.020060126,1.4624473,15072.076,0.062935881,1.4485424
0.7667523,0.085545763,0.08726491,24.148733,7555.8511,7688.1592,6.752e-06,-0.028887773,-3.7544725,-5.3288641,-0.019818166,1.5206012,15080.811,0.06310495,1.4997468
0.76343715,0.085667439,0.087387368,24.172426,7522.0811,7653.7085,6.768e-06,-0.028571028,-3.7561591,-5.2704349,-0.019576084,1.5787184,15087.606,0.063355207,1.5509173
0.76011705,0.085788585,0.087509274,24.195995,7488.4409,7619.2095,6.784e-06,-0.028306689,-3.7582202,-5.221673,-0.019333879,1.6367993,15095.91,0.062764369,1.6020538
0.75679189,0.08590918,0.08763063,24.219439,7455.5806,7584.6621,6.8e-06,-0.028158721,-3.7602983,-5.1943774,-0.019091541,1.6948438,15104.282,0.063963741,1.6531565
0.75346178,0.086029261,0.087751433,24.242756,7422.2002,7550.0669,6.816e-06,-0.027353371,-3.7625375,-5.0458164,-0.018849066,1.752852,15113.305,0.063347884,1.7042254
0.75012672,0.086148791,0.087871678,24.265947,7387.4546,7515.4243,6.832e-06,-0.02689328,-3.764677,-4.9609447,-0.018606447,1.8108238,15121.925,0.064682148,1.7552607
0.74678665,0.086267784,0.087991364,24.289013,7353.083,7480.7339,6.848e-06,-0.027036626,-3.7663291,-4.9873872,-0.018363707,1.8687596,15128.581,0.064883575,1.8062623
0.74344164,0.086386219,0.088110507,24.311951,7320.1807,7445.9961,6.864e-06,-0.026275204,-3.7680588,-4.8469291,-0.018120859,1.9266593,15135.55,0.065197915,1.8572304
0.74009174,0.086504132,0.088229083,24.334764,7286.4883,7411.2114,6.88e-06,-0.026302949,-3.7697723,-4.852047,-0.017877899,1.9845231,15142.454,0.065041661,1.908165
0.73673695,0.086621501,0.088347107,24.357452,7253.1797,7376.3804,6.896e-06,-0.025930714,-3.7715449,-4.7833819,-0.017634826,2.0423508,15149.596,0.066283762,1.9590662
0.73337722,0.086738333,0.088464566,24.380013,7218.2383,7341.502,6.912e-06,-0.025471395,-3.7730472,-4.6986527,-0.017391648,2.1001427,15155.648,0.065518357,2.0099339
0.73001266,0.086854614,0.088581473,24.402447,7185.146,7306.5776,6.928e-06,-0.02535117,-3.7746785,-4.676475,-0.01714837,2.1578989,15162.221,0.06569048,2.0607684
0.72664315,0.086970367,0.088697821,24.424755,7152.5503,7271.6074,6.944e-06,-0.024957359,-3.7761426,-4.6038294,-0.016904991,2.2156193,15168.119,0.066291086,2.1115696
0.72326887,0.087085582,0.088813603,24.446936,7118.0552,7236.5908,6.96e-06,-0.02467067,-3.7780652,-4.5509443,-0.016661504,2.273304,15175.866,0.067110203,2.1623375
0.7198897,0.087200262,0.088928826,24.46899,7082.0693,7201.5288,6.976e-06,-0.02403795,-3.780004,-4.4342279,-0.016417891,2.3309529,15183.677,0.067640007,2.2130723
0.71650577,0.08731436,0.089043491,24.490919,7047.0625,7166.4209,6.992e-06,-0.024414036,-3.7813947,-4.5036039,-0.016174171,2.3885663,15189.28,0.066858731,2.2637742
0.713117,0.087427907,0.089157589,24.51272,7011.311,7131.2681,7.008e-06,-0.023903083,-3.7827923,-4.4093494,-0.015930362,2.4461441,15194.912,0.068061769,2.3144426
0.70972347,0.087540872,0.089271128,24.534393,6975.9751,7096.0698,7.024e-06,-0.02348461,-3.7842126,-4.3321543,-0.015686462,2.5036864,15200.634,0.068321787,2.3650782
0.70632523,0.087653287,0.089384101,24.555941,6942.5005,7060.8271,7.04e-06,-0.023391359,-3.7860327,-4.3149529,-0.015442457,2.5611932,15207.967,0.068320565,2.4156806
0.70292217,0.087765142,0.089496508,24.577362,6907.6289,7025.5396,7.056e-06,-0.022626854,-3.7874646,-4.1739264,-0.015198348,2.6186645,15213.736,0.06778039,2.4662502
0.69951445,0.087876461,0.089608356,24.598656,6873.4668,6990.208,7.072e-06,-0.022801027,-3.7888196,-4.2060552,-0.014954149,2.6761005,15219.195,0.068299815,2.5167866
0.69610196,0.087987214,0.089719631,24.619822,6838.2578,6954.832,7.088e-06,-0.021968704,-3.7904556,-4.0525184,-0.014709853,2.733501,15225.787,0.069530934,2.5672901
0.69268483,0.088097423,0.089830339,24.64086,6802.6753,6919.4121,7.104e-06,-0.021989511,-3.7914665,-4.0563569,-0.014465472,2.7908661,15229.859,0.0694113,2.6177607
0.68926299,0.088207051,0.089940481,24.661772,6767.127,6883.9487,7.12e-06,-0.021776807,-3.7927766,-4.0171199,-0.014221015,2.8481958,15235.139,0.070131533,2.6681983
0.68583655,0.088316113,0.090050057,24.682556,6731.9067,6848.4414,7.136e-06,-0.021278953,-3.7938006,-3.925282,-0.013976485,2.9054902,15239.264,0.069956362,2.7186031
0.68240541,0.088424608,0.090159066,24.703211,6696.1104,6812.8911,7.152e-06,-0.021214217,-3.7945518,-3.9133403,-0.013731897,2.9627492,15242.291,0.07048738,2.768975
0.67896974,0.088532537,0.090267502,24.72374,6660.022,6777.2979,7.168e-06,-0.020748733,-3.7957377,-3.8274734,-0.013487246,3.0199728,15247.069,0.070827357,2.8193138
0.67552942,0.088639893,0.090375364,24.744141,6625.5552,6741.6616,7.184e-06,-0.020658566,-3.7969909,-3.8108401,-0.013242517,3.0771611,15252.117,0.070277415,2.8696198
0.67208457,0.088746689,0.09048266,24.764416,6590.4761,6705.9829,7.2e-06,-0.020073626,-3.7983556,-3.7029378,-0.012997703,3.1343143,15257.616,0.07111118,2.919893
0.66863519,0.08885292,0.090589389,24.784561,6555.1465,6670.2617,7.216e-06,-0.019532617,-3.7996998,-3.6031389,-0.012752801,3.1914318,15263.032,0.071402326,2.9701331
0.66518128,0.088958591,0.090695538,24.804577,6518.7495,6634.4985,7.232e-06,-0.019387731,-3.8007646,-3.5764122,-0.012507822,3.2485142,15267.322,0.071449324,3.0203404
0.66172284,0.089063682,0.09080112,24.824467,6483.6597,6598.6934,7.248e-06,-0.019276755,-3.8018486,-3.5559406,-0.012262775,3.3055611,15271.689,0.071296729,3.0705149
0.65825993,0.089168206,0.090906121,24.844229,6447.4365,6562.8467,7.264e-06,-0.018621685,-3.8027217,-3.4351015,-0.012017664,3.3625727,15275.207,0.071711786,3.1206563
0.65479255,0.089272156,0.091010556,24.863861,6410.6689,6526.9585,7.28e-06,-0.01822402,-3.8033648,-3.3617451,-0.011772504,3.419549,15277.798,0.071442001,3.1707647
0.65132076,0.089375518,0.091114409,24.883366,6373.8467,6491.0288,7.296e-06,-0.018399732,-3.8040104,-3.3941584,-0.011527303,3.4764898,15280.399,0.072239146,3.2208402
0.64784455,0.089478292,0.091217689,24.902742,6337.9736,6455.0586,7.312e-06,-0.017867971,-3.804493,-3.2960653,-0.011282065,3.5333953,15282.343,0.072945341,3.2708826
0.644364,0.089580491,0.091320395,24.921989,6302.0796,6419.0474,7.328e-06,-0.017946579,-3.8051722,-3.3105662,-0.011036789,3.5902653,15285.08,0.072668843,3.3208921
0.64087903,0.089682102,0.091422521,24.941109,6263.8052,6382.9951,7.344e-06,-0.017323108,-3.8060818,-3.1955557,-0.010791463,3.6471,15288.745,0.073274329,3.3708687
0.63738978,0.089783125,0.091524072,24.9601,6228.0732,6346.9033,7.36e-06,-0.016931608,-3.806917,-3.1233366,-0.01054608,3.7038989,15292.11,0.072974026,3.4208119
0.63389617,0.089883566,0.091625042,24.978962,6193.2227,6310.771,7.376e-06,-0.016759748,-3.8076618,-3.091634,-0.010300647,3.7606626,15295.111,0.073776662,3.4707222
0.63039827,0.089983441,0.091725439,24.997694,6156.8604,6274.5986,7.392e-06,-0.016459187,-3.8084848,-3.0361903,-0.010055162,3.8173907,15298.427,0.074581742,3.5205994
0.62689614,0.090082742,0.091825254,25.016298,6120.8638,6238.3872,7.408e-06,-0.01577175,-3.8089011,-2.9093802,-0.0098096384,3.874083,15300.104,0.074462719,3.5704434
0.62338978,0.09018147,0.091924489,25.034773,6084.5693,6202.1357,7.424e-06,-0.015757108,-3.8095055,-2.9066792,-0.0095640812,3.9307399,15302.539,0.074044615,3.6202543
0.61987919,0.090279609,0.092023142,25.053118,6048.4175,6165.8457,7.44e-06,-0.015455776,-3.8101833,-2.8510931,-0.0093184831,3.9873612,15305.27,0.074557938,3.6700318
0.61636442,0.090377174,0.092121214,25.071335,6011.5405,6129.5166,7.456e-06,-0.015037302,-3.8106976,-2.7738981,-0.0090728458,4.0439467,15307.342,0.075374007,3.7197759
0.61284548,0.090474151,0.092218705,25.089422,5976.0967,6093.1484,7.472e-06,-0.015028825,-3.8110301,-2.7723343,-0.0088271815,4.1004963,15308.682,0.075710319,3.7694867
0.60932243,0.090570554,0.092315614,25.107378,5940.6118,6056.7422,7.488e-06,-0.01462114,-3.8115253,-2.6971297,-0.0085814912,4.1570106,15310.677,0.076256603,3.8191643
0.60579526,0.090666391,0.092411935,25.125206,5905.2095,6020.2974,7.504e-06,-0.014692042,-3.8122754,-2.7102089,-0.0083357608,4.2134886,15313.699,0.075702995,3.8688083
0.60226399,0.090761669,0.092507675,25.142904,5869.5215,5983.8145,7.52e-06,-0.013993045,-3.8128057,-2.5812664,-0.0080899885,4.2699308,15315.835,0.076071046,3.9184189
0.59872872,0.090856366,0.092602834,25.160471,5834.2974,5947.2939,7.536e-06,-0.013714063,-3.8134949,-2.529803,-0.0078441771,4.3263373,15318.612,0.076651506,3.9679959
0.59518939,0.090950504,0.092697404,25.17791,5798.2461,5910.7358,7.552e-06,-0.013096756,-3.8141651,-2.41593,-0.0075983214,4.3827076,15321.312,0.076968901,4.0175395
0.59164608,0.091044068,0.092791393,25.195217,5762.5234,5874.1406,7.568e-06,-0.01318153,-3.8146734,-2.4315679,-0.007352428,4.4390421,15323.36,0.077159338,4.067049
0.58809876,0.091137059,0.092884786,25.212395,5726.2793,5837.5078,7.584e-06,-0.012515672,-3.8154652,-2.3087385,-0.0071064932,4.4953403,15326.551,0.07699576,4.1165252
0.58454752,0.091229461,0.092977606,25.229443,5689.1538,5800.8384,7.6e-06,-0.012367703,-3.8161199,-2.2814431,-0.0068605114,4.5516024,15329.188,0.077424847,4.1659675
0.5809924,0.091321282,0.093069829,25.246359,5652.3965,5764.1323,7.616e-06,-0.012258268,-3.81653,-2.2612557,-0.0066144951,4.6078281,15330.841,0.077493213,4.2153759
0.57743335,0.091412514,0.093161464,25.263145,5616.0977,5727.3896,7.632e-06,-0.011701074,-3.8166957,-2.1584716,-0.0063684606,4.6640177,15331.509,0.078327589,4.2647505
0.57387048,0.091503166,0.093252517,25.2798,5580.5386,5690.6113,7.648e-06,-0.01162786,-3.8168263,-2.1449659,-0.0061224164,4.7201705,15332.034,0.0791113,4.3140907
0.57030374,0.091593236,0.093342975,25.296324,5545.1177,5653.7969,7.664e-06,-0.010982039,-3.817086,-2.0258327,-0.0058763595,4.7762871,15333.081,0.078423411,4.3633976
0.56673318,0.091682754,0.093432851,25.312717,5510.0391,5616.9463,7.68e-06,-0.011019803,-3.8173196,-2.0327988,-0.0056302869,4.8323674,15334.022,0.078712121,4.4126697
0.56315887,0.091771692,0.093522131,25.328979,5473.6333,5580.0605,7.696e-06,-0.010679937,-3.8176057,-1.9701046,-0.0053841975,4.888411,15335.175,0.078964815,4.4619079
0.5595808,0.091860071,0.093610816,25.345112,5438.0044,5543.1396,7.712e-06,-0.010092687,-3.8175635,-1.8617759,-0.0051381001,4.944418,15335.005,0.079296246,4.5111117
0.55599904,0.091947861,0.093698919,25.361111,5402.0693,5506.1836,7.728e-06,-0.0099200569,-3.8176374,-1.8299311,-0.0048920014,5.0003881,15335.303,0.07963378,4.5602813
0.55241358,0.092035085,0.093786426,25.376978,5365.7461,5469.1929,7.744e-06,-0.0095378049,-3.817693,-1.759418,-0.0046458989,5.0563216,15335.526,0.08028321,4.6094165
0.54882443,0.092121728,0.093873337,25.392714,5328.7339,5432.1675,7.76e-06,-0.0093459086,-3.8181138,-1.7240192,-0.0043997811,5.1122184,15337.223,0.080138557,4.6585174
0.5452317,0.092207782,0.093959659,25.408318,5292.5493,5395.1074,7.776e-06,-0.0087648239,-3.8182757,-1.6168278,-0.0041536447,5.1680779,15337.875,0.080846585,4.7075834
0.54163527,0.092293248,0.094045386,25.42379,5257.7461,5358.0137,7.792e-06,-0.0088534504,-3.8186276,-1.6331766,-0.0039074915,5.2239008,15339.293,0.080236211,4.7566147
0.53803533,0.092378162,0.094130524,25.439131,5221.5693,5320.8862,7.808e-06,-0.0086361216,-3.8189864,-1.5930865,-0.0036613152,5.279686,15340.737,0.080890529,4.8056116
0.53443182,0.092462495,0.094215065,25.454338,5184.8794,5283.7251,7.824e-06,-0.0083671585,-3.8193245,-1.5434713,-0.0034151166,5.3354344,15342.1,0.081148103,4.8545732
0.53082478,0.092546247,0.094299003,25.469412,5148.8286,5246.5303,7.84e-06,-0.0080249812,-3.81935,-1.4803506,-0.0031689063,5.3911452,15342.202,0.08230415,4.9035001
0.52721429,0.09262941,0.094382353,25.484354,5111.4565,5209.3027,7.856e-06,-0.0074639334,-3.8195844,-1.3768555,-0.0029226877,5.4468188,15343.146,0.082273632,4.9523921
0.52360028,0.092711993,0.094465107,25.499163,5074.3472,5172.042,7.872e-06,-0.0073082582,-3.8198252,-1.3481383,-0.0026764537,5.5024552,15344.117,0.082935877,5.0012488
0.51998281,0.092793971,0.094547264,25.51384,5037.6108,5134.7485,7.888e-06,-0.0070061558,-3.8199084,-1.2924103,-0.0024302092,5.558054,15344.452,0.081975766,5.0500708
0.51636195,0.092875369,0.094628826,25.528381,5001.0586,5097.4229,7.904e-06,-0.0065599382,-3.8197219,-1.2100974,-0.0021839682,5.6136146,15343.701,0.082440868,5.0988569
0.51273769,0.09295617,0.094709784,25.542791,4963.543,5060.0649,7.92e-06,-0.0064605218,-3.81989,-1.1917583,-0.0019377277,5.669138,15344.378,0.082835168,5.1476083
0.50911009,0.093036383,0.094790146,25.557066,4925.9951,5022.6753,7.936e-06,-0.0064689992,-3.8203213,-1.1933221,-0.0016914678,5.7246232,15346.116,0.082744837,5.1963239
0.50547916,0.093115985,0.094869912,25.571207,4889.6406,4985.2534,7.952e-06,-0.0054232008,-3.8207898,-1.000406,-0.001445179,5.7800708,15348.004,0.083238624,5.2450037
0.50184494,0.093195014,0.094949074,25.585215,4853.6934,4947.8003,7.968e-06,-0.0056875404,-3.821207,-1.0491681,-0.0011988616,5.8354807,15349.685,0.08383923,5.2936482
0.49820739,0.093273461,0.09502764,25.599089,4816.8887,4910.3159,7.984e-06,-0.005194312,-3.8212841,-0.95818335,-0.00095252827,5.890852,15349.995,0.083733633,5.3422565
0.49456662,0.093351319,0.095105603,25.612827,4778.5352,4872.8008,8e-06,-0.0048737135,-3.8213947,-0.89904326,-0.0007061889,5.9461851,15350.441,0.084007688,5.3908296
0.4909226,0.093428567,0.09518297,25.626432,4740.8296,4835.2544,8.016e-06,-0.0043211435,-3.8217003,-0.79711187,-0.00045983613,6.0014801,15351.672,0.085296184,5.4393663
0.48727539,0.093505219,0.095259733,25.639902,4703.2686,4797.6777,8.032e-06,-0.0044536986,-3.8215916,-0.82156402,-0.00021347699,6.0567369,15351.234,0.085188143,5.4878674
0.48362499,0.093581259,0.095335893,25.653234,4666.3159,4760.0708,8.048e-06,-0.004180111,-3.8216093,-0.77109593,3.2879201e-05,6.1119547,15351.306,0.085514084,5.5363321
0.47997147,0.093656711,0.09541145,25.666433,4627.7969,4722.4336,8.064e-06,-0.0038194377,-3.8218238,-0.70456332,0.00027924287,6.1671343,15352.169,0.085595876,5.5847607
0.47631481,0.093731545,0.095486403,25.679497,4589.7705,4684.7666,8.08e-06,-0.0034641591,-3.8222716,-0.63902587,0.00052562793,6.2222753,15353.974,0.08580523,5.633153
0.47265506,0.093805782,0.095560759,25.692425,4552.1523,4647.0703,8.096e-06,-0.0029131304,-3.8226449,-0.53737879,0.00077203941,6.2773771,15355.479,0.085945614,5.6815085
0.4689922,0.093879409,0.095634505,25.705217,4515.7539,4609.3442,8.112e-06,-0.0028707436,-3.8229465,-0.52955979,0.0010184726,6.3324404,15356.693,0.085664235,5.7298279
0.46532634,0.093952447,0.095707655,25.717873,4478.2544,4571.5894,8.128e-06,-0.0028106314,-3.8232305,-0.518471,0.0012649248,6.387465,15357.837,0.086683556,5.7781105
0.46165743,0.094024889,0.095780194,25.730391,4439.5215,4533.8057,8.144e-06,-0.0021532504,-3.8231647,-0.39720538,0.0015113839,6.44245,15357.571,0.086649373,5.8263564
0.45798552,0.09409672,0.095852129,25.742773,4402.9287,4495.9932,8.16e-06,-0.0016469206,-3.823076,-0.30380383,0.0017578381,6.497396,15357.215,0.086767174,5.8745656
0.45431063,0.094167955,0.095923461,25.755018,4365.2402,4458.1523,8.176e-06,-0.0015960564,-3.8230417,-0.29442102,0.0020042884,6.5523028,15357.076,0.087481305,5.9227376
0.45063278,0.094238594,0.095994182,25.767126,4326.5996,4420.2832,8.192e-06,-0.001685454,-3.8228676,-0.31091201,0.0022507317,6.6071701,15356.375,0.086460769,5.9708729
0.44695202,0.094308607,0.096064299,25.779097,4288.8491,4382.3862,8.208e-06,-0.00075525604,-3.8225965,-0.13932043,0.0024971608,6.6619983,15355.282,0.087495349,6.018971
0.44326836,0.094378024,0.096133813,25.79093,4252.3574,4344.4614,8.224e-06,-0.00048243906,-3.8228633,-0.088994481,0.0027435899,6.7167864,15356.357,0.087995239,6.0670314
0.43958178,0.094446853,0.096202716,25.802624,4215.145,4306.5093,8.24e-06,-0.00058262609,-3.8229938,-0.10747576,0.0029900318,6.7715354,15356.884,0.087979369,6.1150551
0.43589237,0.094515085,0.096271016,25.81418,4177.2427,4268.5303,8.256e-06,-5.394686e-05,-3.8229916,-0.0099514592,0.0032364777,6.8262444,15356.875,0.08771386,6.1630411
0.4322001,0.094582714,0.096338704,25.825598,4140.2368,4230.5239,8.272e-06,0.00026356895,-3.8227801,0.048619986,0.0034829166,6.8809133,15356.022,0.088835716,6.2109895
0.42850503,0.094649754,0.096405782,25.836878,4103.3994,4192.4912,8.288e-06,0.00042155618,-3.822752,0.077763543,0.0037293481,6.9355426,15355.909,0.088688619,6.2589002
0.42480719,0.094716191,0.096472256,25.848017,4066.1904,4154.4316,8.304e-06,0.00068512512,-3.8227229,0.12638353,0.0039757774,6.9901314,15355.792,0.089101844,6.3067732
0.42110655,0.094782047,0.096538112,25.859018,4028.623,4116.3457,8.32e-06,0.00080072554,-3.8225002,0.14770809,0.0042221989,7.0446801,15354.895,0.088901639,6.3546085
0.41740313,0.094847292,0.096603364,25.869879,3990.6101,4078.2341,8.336e-06,0.0010457984,-3.8223982,0.19291614,0.00446861,7.0991888,15354.483,0.089217201,6.4024057
0.41369703,0.09491194,0.096668005,25.8806,3954.0159,4040.0967,8.352e-06,0.0013047433,-3.8219862,0.24068315,0.004715004,7.153657,15352.824,0.089529097,6.4501648
0.40998819,0.094975993,0.096732035,25.89118,3916.6743,4001.9336,8.368e-06,0.0023513124,-3.8218291,0.43374145,0.0049613803,7.2080846,15352.19,0.0905063,6.4978857
0.40627667,0.09503945,0.096795455,25.901621,3878.9641,3963.7454,8.384e-06,0.0021201116,-3.8218584,0.39109236,0.0052077519,7.2624717,15352.31,0.090666831,6.5455685
0.40256247,0.095102303,0.096858263,25.911919,3841.9607,3925.5322,8.4e-06,0.0026326068,-3.8216703,0.4856312,0.0054541188,7.3168182,15351.551,0.090507522,6.5932131
0.39884561,0.095164567,0.09692046,25.922077,3805.2185,3887.2939,8.416e-06,0.0026549562,-3.8211145,0.48975396,0.0057004616,7.3711238,15349.312,0.091658071,6.6408191
0.39512616,0.095226243,0.096982047,25.932093,3768.4631,3849.0315,8.432e-06,0.0032291049,-3.8206911,0.59566593,0.0059467726,7.4253888,15347.606,0.090721764,6.688386
0.39140406,0.09528733,0.097043015,25.941967,3730.792,3810.7444,8.448e-06,0.0037523895,-3.820215,0.69219506,0.0061930548,7.4796124,15345.688,0.091896117,6.7359147
0.3876794,0.095347814,0.09710338,25.9517,3693.5662,3772.4333,8.464e-06,0.003809419,-3.8196902,0.70271516,0.0064393049,7.5337949,15343.573,0.091570787,6.7834048
0.38395214,0.095407702,0.097163118,25.96129,3656.7407,3734.0986,8.48e-06,0.0035890075,-3.8191762,0.66205639,0.0066855215,7.5879364,15341.503,0.092336193,6.8308554
0.38022232,0.095467001,0.097222254,25.970737,3619.7561,3695.7402,8.496e-06,0.004277986,-3.8187532,0.78915071,0.0069317077,7.6420369,15339.799,0.092518695,6.8782678
0.37648997,0.095525712,0.097280771,25.980042,3582.5518,3657.3584,8.512e-06,0.0047480944,-3.8181908,0.87587059,0.0071778623,7.6960955,15337.532,0.092590719,6.9256406
0.37275511,0.095583819,0.097338676,25.989201,3544.866,3618.9534,8.528e-06,0.0048991456,-3.8179119,0.90373468,0.0074239895,7.750113,15336.408,0.092636496,6.9729743
0.36901772,0.095641337,0.097395964,25.998217,3509.0259,3580.5256,8.544e-06,0.004923807,-3.8176668,0.90828389,0.0076701003,7.8040886,15335.421,0.09235511,7.0202684
0.36527789,0.09569826,0.097452633,26.00709,3472.1321,3542.0754,8.56e-06,0.0055195345,-3.8174765,1.0181764,0.0079161962,7.8580227,15334.654,0.094241768,7.0675235
0.36153555,0.095754609,0.097508691,26.015818,3434.5872,3503.6025,8.576e-06,0.0056728977,-3.8171082,1.0464671,0.008162275,7.9119148,15333.171,0.093301795,7.1147389
0.35779077,0.095810354,0.097564131,26.024399,3396.5203,3465.1077,8.592e-06,0.0061830808,-3.8163016,1.1405793,0.0084083155,7.9657655,15329.921,0.09413068,7.1619148
0.35404357,0.095865488,0.09761896,26.032837,3357.5032,3426.5911,8.608e-06,0.0063772895,-3.8152046,1.1764046,0.0086542955,8.0195732,15325.501,0.094615921,7.2090511
0.35029393,0.095920004,0.09767317,26.041128,3320.6343,3388.0525,8.624e-06,0.0067317975,-3.8145387,1.2418,0.0089002177,8.0733404,15322.818,0.094532304,7.2561474
0.34654191,0.095973924,0.097726762,26.049274,3282.874,3349.4929,8.64e-06,0.0066038663,-3.8136518,1.2182008,0.0091460897,8.1270638,15319.245,0.094356515,7.3032041
0.3427875,0.09602724,0.097779736,26.057272,3244.4436,3310.9119,8.656e-06,0.0071579777,-3.8132493,1.3204165,0.0093919206,8.1807461,15317.623,0.094852746,7.3502207
0.33903071,0.096079953,0.097832091,26.065125,3206.8594,3272.3101,8.672e-06,0.007527899,-3.8123376,1.3886551,0.0096377088,8.2343855,15313.949,0.094556719,7.3971972
0.33527157,0.096132047,0.097883828,26.07283,3169.5083,3233.6875,8.688e-06,0.007539459,-3.8117988,1.3907875,0.0098834503,8.287982,15311.778,0.095600449,7.4441333
0.3315101,0.096183553,0.097934954,26.080387,3130.7722,3195.0444,8.704e-06,0.0077860733,-3.8112261,1.4362799,0.010129157,8.3415365,15309.471,0.095197611,7.4910293
0.3277463,0.096234441,0.097985454,26.087797,3091.7551,3156.3813,8.72e-06,0.0081999227,-3.8106017,1.5126218,0.010374824,8.3950491,15306.955,0.095634021,7.5378852
0.32398021,0.096284702,0.098035336,26.095057,3053.4492,3117.6982,8.736e-06,0.0083386432,-3.8101161,1.5382112,0.010620455,8.4485178,15304.999,0.096122928,7.5847001
0.32021183,0.096334353,0.098084599,26.102169,3016.9597,3078.9954,8.752e-06,0.0091247261,-3.8093295,1.6832182,0.010866046,8.5019436,15301.83,0.096310921,7.631475
0.31644118,0.096383415,0.098133244,26.109133,2979.1177,3040.2732,8.768e-06,0.0093775056,-3.8081238,1.7298479,0.011111572,8.5553274,15296.973,0.096009396,7.6782088
0.31266826,0.096431866,0.09818127,26.115946,2940.293,3001.5317,8.784e-06,0.009383671,-3.8072481,1.7309853,0.011357032,8.6086674,15293.443,0.097148351,7.7249022
0.30889308,0.096479706,0.098228671,26.122608,2900.9285,2962.7715,8.8e-06,0.0098006036,-3.8066058,1.8078958,0.011602442,8.6619644,15290.856,0.097061679,7.7715545
0.3051157,0.096526921,0.098275453,26.12912,2862.498,2923.9924,8.816e-06,0.010163588,-3.8055482,1.8748549,0.011847797,8.7152185,15286.595,0.097721487,7.8181658
0.30133611,0.096573509,0.098321617,26.135481,2823.7393,2885.1948,8.832e-06,0.010202893,-3.804462,1.8821052,0.012093084,8.7684288,15282.219,0.097631156,7.8647361
0.29755431,0.096619479,0.098367162,26.141691,2784.5825,2846.3789,8.848e-06,0.010542758,-3.8034005,1.9447994,0.012338301,8.8215961,15277.942,0.097403482,7.9112654
0.29377034,0.096664831,0.098412082,26.147751,2745.5908,2807.5452,8.864e-06,0.011005931,-3.8020918,2.0302398,0.012583442,8.8747196,15272.669,0.097629935,7.9577537
0.28998423,0.096709557,0.098456383,26.153656,2707.0037,2768.6936,8.88e-06,0.011302638,-3.800601,2.0849729,0.012828493,8.9278002,15266.663,0.098342232,8.0042
0.28619593,0.096753664,0.098500058,26.159409,2667.4971,2729.8247,8.896e-06,0.011305721,-3.7993231,2.0855415,0.013073454,8.9808359,15261.515,0.097709283,8.0506058
0.28240553,0.096797138,0.098543115,26.16501,2628.5977,2690.9385,8.912e-06,0.011761187,-3.7979507,2.1695602,0.013318329,9.0338287,15255.985,0.098887295,8.0969696
0.278613,0.096839987,0.098585546,26.170456,2588.228,2652.0352,8.928e-06,0.01183363,-3.796761,2.1829236,0.013563123,9.0867777,15251.191,0.099263281,8.1432924
0.27481839,0.096882194,0.098627351,26.175749,2548.7966,2613.1152,8.944e-06,0.012699091,-3.7957428,2.3425734,0.013807844,9.1396828,15247.089,0.099436015,8.1895733
0.27102166,0.096923776,0.098668538,26.180887,2511.0508,2574.1787,8.96e-06,0.01239853,-3.794692,2.2871296,0.0140525,9.192543,15242.855,0.099641711,8.2358122
0.26722291,0.096964739,0.098709106,26.185869,2473.3235,2535.2258,8.976e-06,0.013277864,-3.7935247,2.4493384,0.014297084,9.2453604,15238.152,0.099690542,8.2820091
0.2634221,0.097005107,0.098749042,26.190697,2435.1079,2496.2571,8.992e-06,0.013465907,-3.79215,2.4840264,0.014541586,9.2981329,15232.614,0.099654533,8.3281641
0.25961924,0.097044855,0.098788358,26.195368,2396.5391,2457.2727,9.008e-06,0.013532955,-3.7904265,2.4963946,0.014785988,9.3508606,15225.67,0.10051759,8.3742781
0.25581437,0.097084001,0.098827049,26.199884,2358.6482,2418.2725,9.024e-06,0.014016936,-3.7887926,2.5856733,0.015030283,9.4035444,15219.087,0.10093021,8.4203491
0.25200754,0.097122528,0.098865122,26.204243,2318.8354,2379.2573,9.04e-06,0.013830434,-3.7869399,2.5512698,0.015274464,9.4561844,15211.621,0.10065004,8.4663782
0.2481987,0.097160429,0.098902561,26.208443,2280.2998,2340.2268,9.056e-06,0.014188024,-3.7851946,2.6172338,0.015518529,9.5087795,15204.59,0.10059145,8.5123644
0.24438791,0.097197704,0.098939382,26.212486,2241.5583,2301.1816,9.072e-06,0.015174481,-3.7835915,2.7992034,0.015762487,9.5613298,15198.132,0.10091799,8.5583096
0.24057516,0.097234361,0.098975576,26.21637,2202.6196,2262.1221,9.088e-06,0.015169087,-3.7822373,2.7982082,0.016006349,9.6138353,15192.675,0.10128849,8.6042118
0.23676051,0.097270399,0.099011146,26.220097,2163.1438,2223.0481,9.104e-06,0.015693912,-3.7804863,2.8950217,0.016250111,9.666296,15185.621,0.10201971,8.6500711
0.23294395,0.097305804,0.099046089,26.223661,2124.0898,2183.96,9.12e-06,0.015435738,-3.778758,2.8473969,0.016493762,9.7187119,15178.657,0.10233039,8.6958885
0.22912551,0.097340584,0.099080406,26.227068,2086.0488,2144.8582,9.136e-06,0.015656149,-3.7772191,2.8880556,0.016737306,9.7710829,15172.457,0.10192572,8.741663
0.2253052,0.097374752,0.099114098,26.230314,2048.1914,2105.7429,9.152e-06,0.016038401,-3.7756224,2.9585688,0.01698075,9.8234091,15166.023,0.10230231,8.7873945
0.22148304,0.09740831,0.099147163,26.2334,2008.245,2066.6143,9.168e-06,0.016621027,-3.7739708,3.0660446,0.017224088,9.8756895,15159.369,0.101872,8.8330841
0.21765907,0.097441241,0.099179603,26.236324,1969.2051,2027.4725,9.184e-06,0.016348211,-3.7723503,3.0157187,0.017467322,9.9279251,15152.841,0.1028602,8.8787298
0.21383327,0.097473539,0.099211417,26.239086,1930.1825,1988.318,9.2e-06,0.017113486,-3.7704282,3.1568873,0.017710442,9.9801149,15145.096,0.10298288,8.9243326
0.21000572,0.097505227,0.099242598,26.241686,1891.87,1949.151,9.216e-06,0.017443333,-3.7684727,3.2177331,0.017953437,10.03226,15137.218,0.10325266,8.9698935
0.20617639,0.097536281,0.09927316,26.244122,1852.8202,1909.9716,9.232e-06,0.01776316,-3.7666452,3.2767313,0.018196309,10.08436,15129.854,0.10316965,9.0154104
0.20234531,0.097566724,0.099303089,26.246395,1814.6345,1870.7802,9.248e-06,0.017604401,-3.7651575,3.2474453,0.018439075,10.136414,15123.86,0.10488907,9.0608845
0.19851251,0.097596548,0.0993324,26.248503,1776.5736,1831.5768,9.264e-06,0.018255617,-3.7634845,3.3675737,0.018681739,10.188422,15117.12,0.10432691,9.1063147
0.19467802,0.09762577,0.099361077,26.250448,1737.9818,1792.3621,9.28e-06,0.018408211,-3.7615705,3.3957222,0.018924287,10.240385,15109.408,0.10444228,9.1517029
0.19084185,0.097654372,0.099389128,26.252228,1698.8994,1753.1359,9.296e-06,0.018439807,-3.7596748,3.401551,0.019166712,10.292302,15101.771,0.10508683,9.1970463
0.18700403,0.097682342,0.099416547,26.253841,1659.1285,1713.8986,9.312e-06,0.019003937,-3.7577834,3.5056148,0.019409016,10.344173,15094.15,0.10498123,9.2423477
0.18316458,0.097709686,0.099443339,26.255289,1621.1555,1674.6505,9.328e-06,0.019002397,-3.755888,3.5053303,0.019651197,10.395999,15086.514,0.10557085,9.2876043
0.17932352,0.097736418,0.099469505,26.256569,1583.2708,1635.392,9.344e-06,0.019427806,-3.7539632,3.5838048,0.019893253,10.447778,15078.759,0.10574725,9.332818
0.17548089,0.09776254,0.099495046,26.257683,1544.1522,1596.1229,9.36e-06,0.020193851,-3.7518017,3.7251155,0.020135181,10.499511,15070.05,0.10578631,9.3779879
0.1716367,0.097788043,0.099519953,26.258629,1504.7833,1556.8439,9.376e-06,0.019957256,-3.7495303,3.6814713,0.020376964,10.551198,15060.898,0.1065273,9.4231138
0.16779096,0.097812913,0.099544235,26.259407,1466.7743,1517.5551,9.392e-06,0.020377271,-3.7473745,3.7589505,0.020618604,10.602839,15052.213,0.10631856,9.4681959
0.16394372,0.09783718,0.09956789,26.260015,1428.3058,1478.2566,9.408e-06,0.020208495,-3.7454424,3.7278166,0.020860113,10.654433,15044.429,0.10667745,9.5132351
0.16009499,0.097860821,0.099590912,26.260454,1390.4139,1438.9487,9.424e-06,0.020821176,-3.7437572,3.8408368,0.021101506,10.705981,15037.639,0.10746666,9.5582294
0.15624481,0.097883858,0.099613301,26.260723,1350.1082,1399.6318,9.44e-06,0.021063166,-3.7419276,3.8854761,0.021342786,10.757483,15030.267,0.10734397,9.6031799
0.15239319,0.097906262,0.099635072,26.260822,1310.5511,1360.3062,9.456e-06,0.021514779,-3.7399948,3.9687841,0.021583943,10.808939,15022.479,0.10700583,9.6480865
0.14854017,0.097928025,0.099656202,26.26075,1270.8884,1320.9718,9.472e-06,0.021640398,-3.7380033,3.9919567,0.021824975,10.860347,15014.456,0.10821009,9.6929493
0.14468576,0.097949155,0.099676713,26.260506,1231.5304,1281.6292,9.488e-06,0.021904737,-3.7363622,4.040719,0.022065889,10.911709,15007.844,0.10800134,9.7377672
0.14083,0.097969651,0.099696584,26.260088,1191.7502,1242.2783,9.504e-06,0.022215318,-3.7341959,4.098011,0.022306681,10.963024,14999.116,0.10723899,9.7825413
0.1369729,0.097989514,0.099715836,26.259499,1153.0956,1202.9198,9.52e-06,0.022653058,-3.7318778,4.1787601,0.022547327,11.014293,14989.776,0.10769494,9.8272705
0.13311452,0.098008759,0.099734448,26.258736,1115.7607,1163.5536,9.536e-06,0.02281798,-3.7295494,4.2091827,0.022787824,11.065514,14980.396,0.10816859,9.8719559
0.12925485,0.098027401,0.099752434,26.257799,1078.1938,1124.1799,9.552e-06,0.02301296,-3.7272995,4.2451501,0.023028174,11.116688,14971.33,0.10836695,9.9165964
0.12539393,0.098045446,0.099769793,26.256689,1038.0586,1084.7993,9.568e-06,0.023389047,-3.7247019,4.3145261,0.023268368,11.167815,14960.865,0.10875454,9.9611931
0.1215318,0.098062851,0.09978652,26.255404,998.86914,1045.4117,9.584e-06,0.023552429,-3.7224073,4.3446651,0.023508403,11.218896,14951.62,0.11012787,10.005745
0.11766848,0.098079622,0.099802613,26.253941,959.22998,1006.0177,9.6e-06,0.023842972,-3.7199337,4.3982606,0.023748286,11.269929,14941.654,0.10924283,10.050252
0.11380399,0.098095767,0.099818081,26.252302,919.60449,966.61719,9.616e-06,0.024644468,-3.7173285,4.5461111,0.023988005,11.320914,14931.157,0.11062227,10.094714
0.10993838,0.098111279,0.099832915,26.250488,879.51324,927.21063,9.632e-06,0.024233701,-3.7151976,4.4703374,0.024227569,11.371853,14922.571,0.11007599,10.139132
0.10607165,0.098126143,0.099847123,26.248495,840.16095,887.79822,9.648e-06,0.025146944,-3.7128863,4.6388016,0.024466991,11.422743,14913.26,0.11058138,10.183505
0.10220385,0.098140381,0.099860698,26.246326,801.44098,848.38013,9.664e-06,0.024751591,-3.7104032,4.5658717,0.024706259,11.473586,14903.255,0.11059298,10.227833
0.098334998,0.098154001,0.09987364,26.243977,763.2359,808.95673,9.68e-06,0.025103787,-3.7083647,4.6308403,0.024945382,11.524382,14895.042,0.11078524,10.272116
0.094465129,0.098167002,0.099885948,26.241449,724.3269,769.52826,9.696e-06,0.025387393,-3.7063043,4.6831565,0.025184372,11.57513,14886.741,0.11093722,10.316353
0.090594269,0.098179385,0.099897631,26.238741,685.66602,730.09485,9.712e-06,0.025842087,-3.7039831,4.7670331,0.025423221,11.62583,14877.388,0.11176122,10.360546
0.086722456,0.09819115,0.09990868,26.235853,646.78571,690.65692,9.728e-06,0.026394658,-3.7016363,4.8689647,0.025661919,11.676482,14867.933,0.11094638,10.404694
0.082849704,0.098202288,0.099919103,26.232784,607.34717,651.21454,9.744e-06,0.026784616,-3.6989295,4.9408994,0.025900455,11.727086,14857.027,0.11109225,10.448796
0.07897605,0.098212808,0.099928886,26.229534,569.51459,611.76807,9.76e-06,0.0268455,-3.6958842,4.9521303,0.026138805,11.777643,14844.758,0.11116733,10.492853
0.075101525,0.09822271,0.099938042,26.226103,530.3269,572.31775,9.776e-06,0.026985761,-3.6932085,4.978004,0.026376972,11.828151,14833.978,0.11190344,10.536865
0.071226157,0.098231994,0.099946573,26.222488,490.95474,532.86383,9.792e-06,0.02708826,-3.690372,4.996912,0.02661496,11.878611,14822.549,0.11239662,10.580832
0.067349978,0.098240636,0.099954464,26.218691,451.70062,493.40652,9.808e-06,0.027540643,-3.6874123,5.0803618,0.02685276,11.929023,14810.624,0.11277688,10.624752
0.063473016,0.098248661,0.099961728,26.21471,412.07535,453.94611,9.824e-06,0.027539102,-3.684777,5.0800776,0.027090382,11.979386,14800.007,0.11294656,10.668628
0.059595294,0.098256044,0.099968359,26.210543,371.14404,414.48282,9.84e-06,0.028218832,-3.6819313,5.2054663,0.027327826,12.0297,14788.541,0.11232765,10.712458
0.055716854,0.098262787,0.099974364,26.206192,332.23227,375.01691,9.856e-06,0.028324414,-3.6791003,5.2249427,0.027565086,12.079967,14777.135,0.11287515,10.756242
0.051837713,0.098268889,0.099979728,26.201656,291.61884,335.54865,9.872e-06,0.028945573,-3.6765983,5.3395267,0.027802177,12.130185,14767.055,0.11389264,10.79998
0.047957908,0.098274358,0.099984467,26.196934,251.99142,296.07825,9.888e-06,0.028885461,-3.6738968,5.3284378,0.028039098,12.180354,14756.171,0.11432233,10.843673
0.044077467,0.098279186,0.099988572,26.192026,212.37555,256.60599,9.904e-06,0.029451132,-3.6709766,5.432786,0.028275838,12.230474,14744.405,0.11378094,10.88732
0.040196422,0.09828338,0.099992044,26.18693,173.36794,217.1321,9.92e-06,0.029197583,-3.6681731,5.386014,0.028512394,12.280545,14733.109,0.11373821,10.930921
0.036314797,0.098286942,0.09999489,26.181646,133.92699,177.65683,9.936e-06,0.030113138,-3.6654136,5.5549045,0.028748771,12.330567,14721.992,0.11503647,10.974476
0.032432623,0.098289885,0.099997096,26.176174,93.439491,138.18045,9.952e-06,0.030252628,-3.6623635,5.580636,0.02898496,12.380541,14709.702,0.11507554,11.017984
0.02854993,0.098292172,0.099998675,26.170513,53.972797,98.703201,9.968e-06,0.029858816,-3.6593595,5.5079904,0.029220955,12.430465,14697.6,0.11462325,11.061447
0.024666745,0.098293833,0.099999622,26.164663,14.665909,59.22533,9.984e-06,0.030443754,-3.6563721,5.6158929,0.029456757,12.48034,14685.562,0.11543077,11.104863
0.0207831,0.098294862,0.099999942,26.158623,-25.482615,19.747082,1e-05,0.030466104,-3.6533802,5.6200156,0.029692365,12.530166,14673.509,0.11544053,11.148233
0.016899021,0.098295249,0.099999622,26.152391,-64.024162,-19.731291,1.0016e-05,0.031547353,-3.6504886,5.8194714,0.029927783,12.579942,14661.859,0.11564684,11.191558
0.013014537,0.098295018,0.099998675,26.145969,-103.25347,-59.209541,1.0032e-05,0.031195927,-3.6477978,5.7546444,0.030163022,12.629668,14651.018,0.11571276,11.234836
0.009129677,0.098294161,0.099997096,26.139355,-141.50571,-98.687416,1.0048e-05,0.031444855,-3.6452439,5.8005633,0.030398093,12.679345,14640.728,0.11553514,11.278067
0.0052444693,0.098292686,0.09999489,26.132549,-181.56316,-138.16467,1.0064e-05,0.032286424,-3.6421785,5.9558063,0.03063298,12.728971,14628.377,0.11629261,11.321251
0.0013589405,0.098290585,0.099992044,26.125551,-220.60583,-177.64105,1.008e-05,0.032271784,-3.6392496,5.953105,0.030867677,12.778549,14616.576,0.11631031,11.364389
-0.0025268807,0.098287843,0.099988572,26.118359,-258.76053,-217.1163,1.0096e-05,0.032395091,-3.6364417,5.9758511,0.031102188,12.828076,14605.264,0.11696585,11.40748
-0.0064129671,0.098284498,0.099984467,26.110971,-296.74258,-256.59018,1.0112e-05,0.032441329,-3.6334953,5.9843812,0.031336512,12.877554,14593.393,0.11712821,11.450525
-0.010299291,0.098280542,0.099979728,26.103392,-335.29623,-296.06244,1.0128e-05,0.032633997,-3.6301434,6.0199218,0.031570636,12.926981,14579.888,0.11800897,11.493523
-0.014185825,0.098275974,0.099974357,26.095615,-374.78281,-335.53284,1.0144e-05,0.033793855,-3.6267357,6.2338781,0.031804539,12.976357,14566.158,0.11767022,11.536473
-0.018072544,0.098270766,0.099968359,26.087643,-414.44403,-375.00113,1.016e-05,0.033652823,-3.6232986,6.2078624,0.032038223,13.025684,14552.311,0.1178344,11.579377
-0.021959418,0.098264933,0.099961728,26.079475,-453.96002,-414.46701,1.0176e-05,0.033816975,-3.6202171,6.2381434,0.032271694,13.074961,14539.895,0.11765312,11.622234
-0.025846424,0.098258466,0.099954464,26.071112,-493.21002,-453.9303,1.0192e-05,0.034112912,-3.6172304,6.2927341,0.032504972,13.124186,14527.861,0.11810236,11.665044
-0.029733535,0.098251373,0.099946573,26.06255,-532.18445,-493.39075,1.0208e-05,0.034470502,-3.6145744,6.3586979,0.032738071,13.173361,14517.16,0.11924497,11.707807
-0.033620723,0.098243646,0.099938042,26.053791,-571.13251,-532.84802,1.0224e-05,0.034885895,-3.6116772,6.4353242,0.032970987,13.222485,14505.487,0.11806818,11.750522
-0.037507966,0.098235302,0.099928886,26.044832,-609.69324,-572.302,1.024e-05,0.034855068,-3.6085281,6.4296379,0.03320371,13.271558,14492.799,0.11852107,11.79319
-0.041395232,0.098226346,0.099919096,26.035677,-647.25043,-611.75232,1.0256e-05,0.035136361,-3.605134,6.4815273,0.03343622,13.32058,14479.125,0.11820246,11.835811
-0.045282505,0.09821678,0.09990868,26.026321,-686.05798,-651.19873,1.0272e-05,0.035316698,-3.601764,6.5147939,0.033668514,13.369551,14465.547,0.119129,11.878384
-0.049169753,0.098206595,0.099897631,26.016766,-724.04272,-690.64111,1.0288e-05,0.035763685,-3.5982635,6.5972486,0.033900585,13.41847,14451.443,0.1188995,11.920909
-0.053056952,0.098195806,0.099885948,26.00701,-762.01819,-730.0791,1.0304e-05,0.035932463,-3.5943964,6.6283827,0.034132421,13.467339,14435.862,0.12009949,11.963387
-0.056944083,0.098184399,0.099873632,25.997051,-800.63361,-769.51245,1.032e-05,0.035697408,-3.5905788,6.5850229,0.034364007,13.516155,14420.481,0.12092349,12.005816
-0.060831115,0.098172389,0.099860691,25.986895,-839.77588,-808.94098,1.0336e-05,0.036137462,-3.5870593,6.6661983,0.034595355,13.56492,14406.302,0.12034608,12.048199
-0.06471803,0.098159745,0.099847116,25.976534,-878.73334,-848.36438,1.0352e-05,0.03652896,-3.5836821,6.7384171,0.034826484,13.613634,14392.694,0.1200354,12.090532
-0.068604797,0.098146476,0.099832915,25.965971,-917.92413,-887.78241,1.0368e-05,0.03712777,-3.5802417,6.8488784,0.035057392,13.662295,14378.833,0.12064943,12.132818
-0.0724914,0.098132588,0.099818081,25.955206,-956.63464,-927.19482,1.0384e-05,0.037450682,-3.5769358,6.9084454,0.035288084,13.710905,14365.514,0.12099429,12.175056
-0.076377816,0.098118074,0.099802613,25.944237,-996.87451,-966.60144,1.04e-05,0.037516188,-3.5733988,6.9205289,0.035518553,13.759462,14351.264,0.12149724,12.217246
-0.08026401,0.09810292,0.099786513,25.933064,-1036.0642,-1006.0019,1.0416e-05,0.037584007,-3.5700362,6.9330397,0.035748802,13.807967,14337.715,0.12078494,12.259388
-0.084149979,0.098087139,0.099769786,25.921686,-1074.7759,-1045.396,1.0432e-05,0.038391668,-3.5665474,7.082027,0.035978828,13.85642,14323.659,0.12165899,12.30148
-0.08803568,0.098070733,0.099752434,25.910105,-1113.3356,-1084.7836,1.0448e-05,0.038652156,-3.5629759,7.1300783,0.036208626,13.904819,14309.27,0.12236518,12.343525
-0.091921106,0.098053716,0.099734448,25.898317,-1152.0338,-1124.1642,1.0464e-05,0.03835699,-3.5593457,7.0756297,0.036438193,13.953167,14294.644,0.12289926,12.385521
-0.095806234,0.098036073,0.099715829,25.886324,-1191.0304,-1163.5377,1.048e-05,0.039348841,-3.5556319,7.2585945,0.036667526,14.001461,14279.68,0.12270028,12.427468
-0.099691033,0.098017812,0.099696584,25.874125,-1231.0463,-1202.9039,1.0496e-05,0.039053675,-3.5517333,7.2041454,0.036896609,14.049703,14263.973,0.12235054,12.469366
-0.10357549,0.09799891,0.099676706,25.861719,-1271.3566,-1242.2626,1.0512e-05,0.03918777,-3.5479045,7.2288823,0.037125446,14.097891,14248.546,0.12275582,12.511216
-0.10745957,0.097979367,0.099656202,25.849106,-1310.4067,-1281.6133,1.0528e-05,0.039633989,-3.5439863,7.3111949,0.037354033,14.146026,14232.76,0.12269784,12.553017
-0.11134328,0.097959191,0.099635065,25.836285,-1348.7339,-1320.9561,1.0544e-05,0.039733402,-3.5403016,7.3295341,0.037582375,14.194107,14217.914,0.12318186,12.594768
-0.11522657,0.097938411,0.099613301,25.823256,-1386.4734,-1360.2903,1.056e-05,0.039984643,-3.5366356,7.3758793,0.037810478,14.242135,14203.144,0.12377392,12.63647
-0.11910943,0.097917013,0.099590905,25.810019,-1427.3625,-1399.6161,1.0576e-05,0.040320653,-3.5330665,7.4378629,0.038038347,14.29011,14188.764,0.12383435,12.678123
-0.12299185,0.097894974,0.099567883,25.796574,-1466.5031,-1438.933,1.0592e-05,0.040767644,-3.5290129,7.5203176,0.038265973,14.33803,14172.433,0.12327708,12.719726
-0.12687379,0.097872302,0.099544227,25.782917,-1507.0854,-1478.2407,1.0608e-05,0.041055873,-3.5253882,7.5734868,0.038493354,14.385896,14157.828,0.12417737,12.76128
-0.13075523,0.097848989,0.099519953,25.769053,-1547.3339,-1517.5392,1.0624e-05,0.041078221,-3.5215418,7.5776095,0.038720489,14.433708,14142.331,0.12403028,12.802784
-0.13463618,0.097825028,0.099495038,25.754976,-1587.0132,-1556.8281,1.064e-05,0.041669324,-3.5177917,7.6866493,0.038947381,14.481465,14127.222,0.12425794,12.844238
-0.13851659,0.097800426,0.099469505,25.74069,-1626.2614,-1596.1072,1.0656e-05,0.041801881,-3.5141511,7.7111015,0.039174035,14.529168,14112.553,0.12488907,12.885643
-0.14239645,0.097775206,0.099443339,25.726194,-1664.7925,-1635.3761,1.0672e-05,0.041899756,-3.5104525,7.729156,0.039400455,14.576817,14097.651,0.12522966,12.926997
-0.14627574,0.097749367,0.099416539,25.711485,-1701.7626,-1674.6348,1.0688e-05,0.042233456,-3.5060761,7.7907128,0.03962661,14.624411,14080.02,0.12506241,12.968301
-0.15015444,0.097722925,0.099389121,25.696566,-1739.8193,-1713.8828,1.0704e-05,0.042597983,-3.5018735,7.8579564,0.039852493,14.671948,14063.087,0.12564531,13.009555
-0.15403253,0.09769588,0.09936107,25.681433,-1779.2333,-1753.1201,1.072e-05,0.042730536,-3.4980681,7.8824086,0.040078115,14.719432,14047.755,0.12498672,13.050758
-0.15790999,0.097668208,0.099332392,25.66609,-1818.3044,-1792.3462,1.0736e-05,0.043128204,-3.4945993,7.9557652,0.040303502,14.766859,14033.779,0.12610675,13.091911
-0.16178681,0.097639911,0.099303089,25.650532,-1856.7075,-1831.561,1.0752e-05,0.04330777,-3.4907684,7.9888892,0.040528655,14.814231,14018.344,0.12592852,13.133014
-0.16566296,0.097610995,0.099273153,25.634762,-1893.837,-1870.7643,1.0768e-05,0.043490417,-3.4869254,8.0225821,0.040753562,14.861547,14002.86,0.12641317,13.174066
-0.16953841,0.097581483,0.099242598,25.618776,-1932.552,-1909.9558,1.0784e-05,0.043602936,-3.4829333,8.0433378,0.040978212,14.908808,13986.776,0.12649678,13.215066
-0.17341317,0.097551353,0.09921141,25.602579,-1970.7672,-1949.1351,1.08e-05,0.043773253,-3.4790423,8.0747557,0.041202612,14.956012,13971.1,0.12670919,13.256016
-0.17728719,0.09752062,0.099179596,25.586166,-2008.0991,-1988.3022,1.0816e-05,0.04429885,-3.4752197,8.1717119,0.041426763,15.00316,13955.699,0.12709799,13.296914
-0.18116048,0.097489275,0.099147156,25.56954,-2046.5803,-2027.4568,1.0832e-05,0.044585537,-3.4713328,8.224597,0.041650664,15.05025,13940.038,0.12767906,13.337761
-0.18503301,0.097457327,0.09911409,25.552698,-2085.2334,-2066.5984,1.0848e-05,0.04469189,-3.4676058,8.244215,0.041874319,15.097285,13925.022,0.12765038,13.378557
-0.18890475,0.097424753,0.099080399,25.535641,-2123.9841,-2105.7271,1.0864e-05,0.044966251,-3.4634306,8.2948256,0.042097721,15.144262,13908.2,0.12836207,13.419301
-0.19277568,0.097391568,0.099046081,25.518368,-2161.1841,-2144.8425,1.088e-05,0.045635961,-3.4594309,8.4183655,0.042320859,15.191182,13892.085,0.12812953,13.459993
-0.1966458,0.09735778,0.099011138,25.500879,-2199.8647,-2183.9443,1.0896e-05,0.045771599,-3.4551985,8.443387,0.042543732,15.238046,13875.033,0.12769493,13.500633
-0.20051506,0.097323373,0.098975569,25.483175,-2239.4407,-2223.0322,1.0912e-05,0.04554271,-3.4509919,8.4011641,0.042766333,15.284851,13858.084,0.12868312,13.541222
-0.20438348,0.09728834,0.098939374,25.465254,-2277.5583,-2262.1062,1.0928e-05,0.045841731,-3.4466827,8.4563236,0.042988662,15.331598,13840.723,0.12940885,13.581758
-0.20825101,0.097252689,0.098902553,25.447117,-2315.699,-2301.166,1.0944e-05,0.04646289,-3.4427254,8.5709076,0.043210719,15.378287,13824.779,0.12938689,13.622241
-0.21211766,0.097216435,0.098865114,25.428762,-2353.8311,-2340.2112,1.096e-05,0.046479072,-3.4386046,8.5738926,0.043432519,15.424919,13808.176,0.12859218,13.662672
-0.21598336,0.097179562,0.098827042,25.410191,-2392.4321,-2379.2415,1.0976e-05,0.046748038,-3.4345994,8.6235085,0.043654058,15.471492,13792.039,0.12977508,13.703051
-0.21984814,0.097142078,0.098788351,25.391401,-2430.4463,-2418.2568,1.0992e-05,0.04693608,-3.4307375,8.6581964,0.04387534,15.518006,13776.479,0.12944181,13.743376
-0.22371197,0.097103983,0.098749034,25.372395,-2468.0332,-2457.2568,1.1008e-05,0.047102544,-3.426868,8.6889038,0.044096377,15.564462,13760.89,0.12934111,13.783648
-0.22757481,0.097065285,0.098709099,25.35317,-2506.7446,-2496.2415,1.1024e-05,0.047678236,-3.4224539,8.7950993,0.044317145,15.610858,13743.105,0.12993439,13.823868
-0.23143664,0.097025976,0.098668531,25.333729,-2545.3225,-2535.2102,1.104e-05,0.047929473,-3.4182789,8.841445,0.044537634,15.657195,13726.284,0.1308829,13.864034
-0.23529747,0.09698604,0.098627344,25.314068,-2585.0549,-2574.1628,1.1056e-05,0.048035827,-3.413976,8.861064,0.044757854,15.703472,13708.946,0.12952055,13.904145
-0.23915724,0.096945472,0.098585539,25.294188,-2625.1125,-2613.0994,1.1072e-05,0.048472025,-3.4095249,8.9415283,0.044977788,15.74969,13691.014,0.13128574,13.944204
-0.24301597,0.09690427,0.0985431,25.27409,-2664.4194,-2652.0193,1.1088e-05,0.048745614,-3.4052806,8.9919968,0.045197442,15.795848,13673.913,0.13079561,13.984209
-0.24687362,0.096862435,0.098500051,25.253773,-2703.2993,-2690.9226,1.1104e-05,0.048748694,-3.4009552,8.9925652,0.045416825,15.841945,13656.486,0.13091709,14.024159
-0.25073016,0.096819967,0.098456368,25.233236,-2744.1431,-2729.8088,1.112e-05,0.048982207,-3.3963559,9.0356407,0.045635913,15.887981,13637.956,0.13110019,14.064056
-0.25458556,0.096776865,0.098412074,25.212481,-2783.3088,-2768.678,1.1136e-05,0.049208786,-3.391979,9.0774364,0.045854717,15.933958,13620.321,0.1320658,14.103898
-0.25843984,0.096733123,0.098367155,25.191505,-2822.1819,-2807.5293,1.1152e-05,0.049631882,-3.3876219,9.1554842,0.046073236,15.979873,13602.767,0.13185278,14.143685
-0.26229292,0.096688762,0.098321609,25.170311,-2862.3833,-2846.363,1.1168e-05,0.04994015,-3.3829439,9.2123499,0.046291467,16.025726,13583.919,0.13233741,14.183418
-0.26614484,0.096643761,0.098275445,25.148897,-2901.5461,-2885.179,1.1184e-05,0.050220672,-3.3781488,9.2640972,0.046509389,16.07152,13564.599,0.13287331,14.223096
-0.26999554,0.096598133,0.098228663,25.127262,-2941.2944,-2923.9766,1.12e-05,0.050753977,-3.3736882,9.3624754,0.046727017,16.11725,13546.628,0.13288796,14.262718
-0.27384502,0.096551865,0.098181255,25.105408,-2980.5977,-2962.7556,1.1216e-05,0.050531253,-3.3691435,9.3213892,0.04694435,16.162918,13528.317,0.13306314,14.302285
-0.27769321,0.096504971,0.098133236,25.083334,-3019.8108,-3001.5161,1.1232e-05,0.050946645,-3.3642707,9.398016,0.047161382,16.208525,13508.684,0.13297831,14.341796
-0.28154016,0.096457452,0.098084591,25.061039,-3059.5354,-3040.2573,1.1248e-05,0.051084593,-3.3597939,9.4234629,0.047378115,16.254068,13490.646,0.13343425,14.381252
-0.28538576,0.096409291,0.098035328,25.038525,-3099.2871,-3078.9797,1.1264e-05,0.051239498,-3.3551033,9.4520378,0.047594547,16.299549,13471.748,0.13307901,14.420651
-0.28923005,0.096360497,0.097985439,25.015791,-3138.7998,-3117.6824,1.128e-05,0.05177049,-3.3503153,9.5499887,0.047810677,16.344967,13452.458,0.13425398,14.459995
-0.293073,0.09631107,0.097934939,24.992834,-3178.165,-3156.3655,1.1296e-05,0.052114207,-3.3455298,9.6133938,0.048026498,16.390322,13433.177,0.13364971,14.499282
-0.29691455,0.096261017,0.097883821,24.969658,-3217.8245,-3195.0286,1.1312e-05,0.052012481,-3.3407876,9.5946283,0.048242014,16.435612,13414.07,0.13467818,14.538512
-0.30075473,0.096210331,0.097832084,24.946262,-3256.1584,-3233.6716,1.1328e-05,0.052706853,-3.3361685,9.7227182,0.048457224,16.480839,13395.461,0.13391522,14.577686
-0.30459344,0.096159019,0.097779721,24.922646,-3294.8386,-3272.2942,1.1344e-05,0.05268142,-3.3314538,9.7180262,0.048672136,16.526001,13376.465,0.13439314,14.616803
-0.30843073,0.096107095,0.097726747,24.898808,-3335.3862,-3310.896,1.136e-05,0.052645199,-3.3263752,9.7113447,0.048886731,16.5711,13356.003,0.13462386,14.655862
-0.3122665,0.096054524,0.097673155,24.874748,-3375.9441,-3349.4771,1.1376e-05,0.053229365,-3.3212039,9.8191051,0.049100999,16.616135,13335.168,0.13429792,14.694864
-0.31610081,0.096001312,0.097618952,24.85047,-3414.9668,-3388.0369,1.1392e-05,0.053403538,-3.3162868,9.8512335,0.049314938,16.661102,13315.356,0.13495529,14.733809
-0.31993356,0.095947459,0.097564124,24.82597,-3455.2136,-3426.5752,1.1408e-05,0.053230137,-3.31143,9.8192472,0.049528562,16.706005,13295.789,0.13473007,14.772695
-0.32376474,0.095892981,0.097508684,24.80125,-3492.0085,-3465.092,1.1424e-05,0.05367019,-3.30599,9.9004221,0.049741857,16.750843,13273.871,0.13521531,14.811522
-0.32759434,0.095837899,0.097452626,24.776308,-3529.6733,-3503.5869,1.144e-05,0.054213513,-3.3008263,10.000648,0.049954806,16.795614,13253.066,0.13515061,14.850292
-0.33142233,0.095782213,0.097395949,24.751146,-3567.7463,-3542.0596,1.1456e-05,0.054447796,-3.2958851,10.043865,0.050167434,16.840321,13233.158,0.13542527,14.889003
-0.33524865,0.095725924,0.097338662,24.725765,-3606.3533,-3580.51,1.1472e-05,0.054195017,-3.2910233,9.9972363,0.050379742,16.88496,13213.569,0.13626331,14.927655
-0.33907333,0.095669016,0.097280763,24.700161,-3644.1155,-3618.9377,1.1488e-05,0.054709822,-3.2860782,10.092201,0.050591737,16.929531,13193.646,0.13679922,14.966249
-0.34289625,0.095611498,0.097222239,24.674339,-3683.252,-3657.3425,1.1504e-05,0.05447631,-3.2815161,10.049126,0.050803423,16.974037,13175.266,0.13637745,15.004783
-0.34671748,0.095553361,0.097163111,24.648294,-3722.9282,-3695.7244,1.152e-05,0.055388782,-3.2768359,10.217447,0.051014811,17.018475,13156.408,0.13625477,15.043257
-0.35053691,0.095494591,0.097103365,24.62203,-3760.0076,-3734.0828,1.1536e-05,0.055257767,-3.2718022,10.193279,0.051225889,17.062845,13136.128,0.13649769,15.081672
-0.35435456,0.095435224,0.097043008,24.595547,-3797.978,-3772.4177,1.1552e-05,0.056117065,-3.2662058,10.351792,0.051436622,17.107147,13113.579,0.13707206,15.120026
-0.35817039,0.095375247,0.096982032,24.568842,-3836.1831,-3810.7288,1.1568e-05,0.055962931,-3.2608876,10.323359,0.051647004,17.151381,13092.153,0.13664296,15.15832
-0.36198434,0.095314659,0.096920453,24.541918,-3875.6077,-3849.0156,1.1584e-05,0.056184113,-3.2556398,10.364161,0.051857047,17.195545,13071.009,0.13741325,15.196554
-0.36579639,0.095253445,0.096858256,24.514774,-3914.5508,-3887.2783,1.16e-05,0.056304339,-3.2505572,10.386338,0.052066755,17.239641,13050.531,0.1371038,15.234727
-0.36960652,0.095191605,0.096795447,24.48741,-3953.0496,-3925.5164,1.1616e-05,0.056587175,-3.2454004,10.438512,0.052276131,17.283667,13029.755,0.13791619,15.272839
-0.3734147,0.095129147,0.096732028,24.459826,-3991.9326,-3963.7297,1.1632e-05,0.056930892,-3.2405465,10.501917,0.052485187,17.327623,13010.197,0.13812616,15.310889
-0.37722087,0.095066078,0.096667998,24.432022,-4030.0496,-4001.918,1.1648e-05,0.056932434,-3.2358501,10.502201,0.052693933,17.371511,12991.276,0.13828303,15.348878
-0.38102499,0.09500239,0.096603349,24.404001,-4066.7905,-4040.0808,1.1664e-05,0.057118166,-3.2305629,10.536463,0.05290236,17.415327,12969.975,0.13843562,15.386805
-0.38482708,0.094938107,0.096538104,24.375759,-4104.6904,-4078.2183,1.168e-05,0.057508893,-3.2255678,10.60854,0.053110454,17.459074,12949.85,0.13938536,15.42467
-0.38862705,0.094873227,0.096472241,24.3473,-4142.9336,-4116.3301,1.1696e-05,0.057592899,-3.220226,10.624036,0.053318217,17.502748,12928.327,0.13815607,15.462473
-0.39242488,0.094807729,0.096405767,24.318621,-4181.335,-4154.4155,1.1712e-05,0.057890374,-3.2148833,10.678911,0.053525634,17.546352,12906.801,0.13915464,15.500213
-0.39622054,0.094741628,0.096338689,24.289722,-4218.6045,-4192.4751,1.1728e-05,0.058158569,-3.2094207,10.728384,0.053732701,17.589886,12884.792,0.13962829,15.537889
-0.40001398,0.094674915,0.096271001,24.260607,-4257.1777,-4230.5083,1.1744e-05,0.058819804,-3.2037725,10.85036,0.053939413,17.633345,12862.035,0.1396057,15.575503
-0.40380517,0.094607599,0.096202701,24.231272,-4295.5723,-4268.5146,1.176e-05,0.058788206,-3.1987803,10.844532,0.054145779,17.676733,12841.922,0.13914976,15.613054
-0.40759408,0.094539657,0.096133798,24.201721,-4333.5239,-4306.4937,1.1776e-05,0.059042528,-3.1937373,10.891445,0.054351825,17.720049,12821.604,0.1397296,15.650541
-0.41138068,0.094471119,0.096064292,24.171951,-4370.1968,-4344.4458,1.1792e-05,0.059288371,-3.1885345,10.936796,0.05455754,17.76329,12800.641,0.13997863,15.687963
-0.41516489,0.094401985,0.095994167,24.141964,-4408.2925,-4382.3706,1.1808e-05,0.059542689,-3.1829333,10.98371,0.054762904,17.806459,12778.074,0.13926999,15.725322
-0.41894671,0.094332241,0.095923446,24.111761,-4446.585,-4420.2676,1.1824e-05,0.05999276,-3.1776712,11.066733,0.054967918,17.849554,12756.873,0.14056459,15.762616
-0.42272609,0.094261892,0.095852114,24.081341,-4485.2651,-4458.1362,1.184e-05,0.060201615,-3.1721904,11.10526,0.055172589,17.892576,12734.791,0.14115116,15.799845
-0.426503,0.094190918,0.095780179,24.050703,-4523.6431,-4495.9775,1.1856e-05,0.059867915,-3.1665483,11.043703,0.055376898,17.935522,12712.059,0.13981871,15.837009
-0.43027741,0.09411934,0.09570764,24.019852,-4560.4561,-4533.79,1.1872e-05,0.060704861,-3.1607957,11.198092,0.055580843,17.978395,12688.882,0.14062868,15.874107
-0.43404922,0.094047159,0.09563449,23.988783,-4597.0166,-4571.5737,1.1888e-05,0.060264036,-3.1551852,11.116776,0.055784419,18.021193,12666.276,0.14117312,15.91114
-0.43781844,0.093974397,0.095560744,23.957499,-4633.6514,-4609.3286,1.1904e-05,0.060943767,-3.1493325,11.242164,0.055987626,18.063913,12642.696,0.14210029,15.948108
-0.44158503,0.093901053,0.095486388,23.925999,-4671.5923,-4647.0547,1.192e-05,0.061092507,-3.1437721,11.269601,0.056190468,18.10656,12620.293,0.14220588,15.985008
-0.44534892,0.093827099,0.095411435,23.894285,-4708.9482,-4684.751,1.1936e-05,0.061155703,-3.1383557,11.281259,0.056392953,18.149128,12598.471,0.1418006,16.021841
-0.44911009,0.093752541,0.095335878,23.862356,-4747.6118,-4722.418,1.1952e-05,0.061537184,-3.1328435,11.351629,0.056595087,18.191622,12576.262,0.14288034,16.058609
-0.45286852,0.093677379,0.095259719,23.830214,-4784.9497,-4760.0552,1.1968e-05,0.061813854,-3.1270444,11.402666,0.056796856,18.234037,12552.897,0.14267953,16.095308
-0.45662412,0.093601614,0.095182955,23.797857,-4821.2847,-4797.6621,1.1984e-05,0.062567569,-3.1211863,11.541702,0.056998249,18.276377,12529.295,0.14265023,16.131941
-0.46037686,0.093525261,0.095105588,23.765287,-4858.6792,-4835.2388,1.2e-05,0.062414978,-3.1156957,11.513554,0.057199277,18.318638,12507.174,0.14276436,16.168507
-0.46412674,0.093448311,0.095027626,23.732506,-4895.6646,-4872.7847,1.2016e-05,0.062461216,-3.1097682,11.522084,0.057399936,18.360821,12483.291,0.14298105,16.205002
-0.46787366,0.093370773,0.094949059,23.699511,-4933.9785,-4910.3003,1.2032e-05,0.062465839,-3.1040268,11.522937,0.057600219,18.402925,12460.159,0.14280954,16.24143
-0.47161761,0.093292624,0.094869897,23.666306,-4972.168,-4947.7847,1.2048e-05,0.062592998,-3.0985849,11.546393,0.057800144,18.444952,12438.233,0.14302072,16.27779
-0.47535855,0.093213864,0.094790131,23.632887,-5009.6953,-4985.2378,1.2064e-05,0.063213393,-3.0929866,11.660835,0.057999711,18.486898,12415.678,0.14369884,16.314081
-0.47909644,0.0931345,0.094709769,23.599257,-5045.9629,-5022.6592,1.208e-05,0.063039221,-3.087208,11.628707,0.05819891,18.528767,12392.396,0.14331736,16.350302
-0.48283121,0.093054555,0.094628803,23.565416,-5082.9058,-5060.0493,1.2096e-05,0.063764416,-3.0811687,11.762483,0.058397729,18.570555,12368.063,0.14369945,16.386454
-0.48656285,0.092974022,0.094547249,23.531366,-5119.1226,-5097.4072,1.2112e-05,0.063698143,-3.0756371,11.750257,0.058596175,18.612261,12345.776,0.14443068,16.422535
-0.4902913,0.0928929,0.094465092,23.497107,-5156.7944,-5134.7329,1.2128e-05,0.063984826,-3.0701447,11.803142,0.058794267,18.653889,12323.648,0.14479385,16.458546
-0.4940165,0.092811182,0.094382338,23.462637,-5193.7046,-5172.0264,1.2144e-05,0.064568229,-3.0644851,11.910759,0.058991998,18.695435,12300.846,0.14398877,16.494488
-0.49773845,0.092728876,0.094298989,23.427959,-5232.0039,-5209.2871,1.216e-05,0.064290784,-3.0586565,11.85958,0.059189361,18.736898,12277.361,0.14426649,16.530357
-0.5014571,0.092645958,0.094215043,23.393074,-5269.5288,-5246.5146,1.2176e-05,0.064654544,-3.052793,11.926682,0.059386346,18.778282,12253.738,0.14447829,16.566154
-0.50517237,0.092562437,0.094130509,23.357981,-5306.3179,-5283.709,1.2192e-05,0.064739317,-3.047262,11.94232,0.059582964,18.819582,12231.453,0.14534318,16.601883
-0.50888425,0.092478327,0.094045371,23.32268,-5342.5718,-5320.8706,1.2208e-05,0.064930439,-3.0414288,11.977576,0.059779216,18.8608,12207.951,0.14541887,16.637537
-0.51259267,0.092393637,0.093959644,23.287172,-5378.1069,-5357.998,1.2224e-05,0.065412879,-3.0356157,12.06657,0.059975091,18.901936,12184.53,0.14568926,16.67312
-0.51629764,0.092308372,0.093873322,23.251459,-5415.375,-5395.0918,1.224e-05,0.065790512,-3.0299945,12.136231,0.060170598,18.942987,12161.882,0.14576739,16.708632
-0.51999909,0.092222519,0.093786411,23.21554,-5452.4556,-5432.1514,1.2256e-05,0.065849848,-3.024389,12.147178,0.060365744,18.983955,12139.298,0.14585772,16.74407
-0.52369696,0.09213607,0.093698904,23.179417,-5489.7983,-5469.1768,1.2272e-05,0.065965451,-3.0186048,12.168502,0.060560521,19.024839,12115.992,0.14615741,16.779434
-0.52739125,0.092049025,0.093610801,23.143087,-5526.0332,-5506.1675,1.2288e-05,0.066375449,-3.0123823,12.244133,0.06075491,19.065639,12090.923,0.14621478,16.814726
-0.53108186,0.091961399,0.093522109,23.106556,-5563.7207,-5543.1235,1.2304e-05,0.066665217,-3.0064278,12.297586,0.060948912,19.106356,12066.932,0.14691061,16.849943
-0.53476882,0.091873169,0.093432829,23.06982,-5601.3813,-5580.0449,1.232e-05,0.06671685,-3.0003691,12.307112,0.061142523,19.146984,12042.521,0.14645894,16.885086
-0.53845209,0.091784343,0.09334296,23.032885,-5637.8354,-5616.9307,1.2336e-05,0.06700585,-2.9945374,12.360423,0.06133575,19.187529,12019.025,0.14613971,16.920155
-0.54213154,0.091694929,0.093252502,22.995745,-5675.7241,-5653.7808,1.2352e-05,0.067217015,-2.9887421,12.399376,0.061528604,19.227987,11995.676,0.14718345,16.955149
-0.54580724,0.091604911,0.093161449,22.958405,-5713.7588,-5690.5952,1.2368e-05,0.0675276,-2.9831142,12.456668,0.06172109,19.268358,11973.001,0.14738365,16.990068
-0.54947907,0.091514282,0.093069814,22.920864,-5750.6123,-5727.374,1.2384e-05,0.067294858,-2.9775939,12.413734,0.061913215,19.308643,11950.76,0.14775109,17.024912
-0.55314702,0.091423064,0.092977583,22.883121,-5787.8252,-5764.1167,1.24e-05,0.067626245,-2.9720225,12.474865,0.062104985,19.348843,11928.312,0.14749107,17.059679
-0.55681109,0.091331251,0.092884772,22.845182,-5823.8564,-5800.8228,1.2416e-05,0.068390749,-2.9661565,12.615891,0.062296383,19.388952,11904.678,0.14748923,17.094372
-0.56047124,0.091238856,0.092791371,22.807043,-5860.1982,-5837.4922,1.2432e-05,0.067821994,-2.9603302,12.510975,0.062487405,19.428976,11881.204,0.14697225,17.128986
-0.56412739,0.091145888,0.092697389,22.768707,-5896.3398,-5874.1245,1.2448e-05,0.068419263,-2.9542267,12.621151,0.062678047,19.46891,11856.613,0.14819606,17.163525
-0.56777948,0.091052331,0.092602812,22.730173,-5933.0542,-5910.7202,1.2464e-05,0.068772227,-2.9478295,12.686262,0.062868282,19.508755,11830.839,0.14847744,17.197987
-0.57142758,0.090958193,0.09250766,22.691442,-5971.7935,-5947.2783,1.248e-05,0.069020383,-2.9414768,12.732039,0.063058108,19.548512,11805.244,0.14831752,17.23237
-0.57507157,0.090863444,0.09241192,22.652517,-6008.5317,-5983.7988,1.2496e-05,0.069008827,-2.9351912,12.729907,0.063247524,19.588179,11779.919,0.14900967,17.266676
-0.57871139,0.090768091,0.092315592,22.613396,-6045.584,-6020.2812,1.2512e-05,0.069169126,-2.9290996,12.759477,0.063436538,19.627756,11755.375,0.148605,17.300905
-0.5823471,0.090672158,0.092218682,22.57408,-6081.5625,-6056.7261,1.2528e-05,0.069207653,-2.9229228,12.766584,0.063625164,19.667244,11730.489,0.14873622,17.335054
-0.58597863,0.090575643,0.092121191,22.534571,-6116.9658,-6093.1328,1.2544e-05,0.069700882,-2.9167309,12.85757,0.063813388,19.70664,11705.542,0.1493881,17.369125
-0.58960593,0.090478562,0.092023119,22.494869,-6152.8882,-6129.5005,1.256e-05,0.070207216,-2.9109428,12.950972,0.064001225,19.745945,11682.223,0.149299,17.403116
-0.593229,0.0903809,0.091924466,22.454975,-6189.2817,-6165.8301,1.2576e-05,0.070048459,-2.9044542,12.921685,0.064188667,19.78516,11656.079,0.14948882,17.437029
-0.59684777,0.090282664,0.091825232,22.414888,-6226.2007,-6202.1201,1.2592e-05,0.070564806,-2.8979962,13.016935,0.064375691,19.824282,11630.061,0.15006134,17.470861
-0.6004622,0.090183832,0.091725424,22.374613,-6262.8623,-6238.3711,1.2608e-05,0.070417605,-2.8915441,12.989781,0.064562298,19.863312,11604.064,0.14979705,17.504616
-0.60407227,0.090084419,0.091625027,22.334148,-6298.2852,-6274.583,1.2624e-05,0.070411444,-2.8852739,12.988645,0.064748503,19.90225,11578.802,0.14952604,17.538286
-0.607678,0.089984432,0.091524057,22.293493,-6334.0718,-6310.7554,1.264e-05,0.071095027,-2.8791277,13.114744,0.064934298,19.941095,11554.039,0.1510361,17.571878
-0.61127931,0.089883886,0.091422506,22.252651,-6368.5508,-6346.8872,1.2656e-05,0.071121231,-2.8727324,13.119577,0.065119691,19.979847,11528.271,0.15059908,17.605389
-0.61487621,0.089782774,0.091320373,22.21162,-6402.8833,-6382.9795,1.2672e-05,0.071442597,-2.866452,13.17886,0.065304682,20.018503,11502.969,0.15037081,17.638817
-0.61846864,0.089681111,0.091217674,22.170403,-6439.2275,-6419.0312,1.2688e-05,0.071830243,-2.8600273,13.250368,0.065489255,20.057068,11477.083,0.15051058,17.672165
-0.62205654,0.089578874,0.091114394,22.129002,-6476.0005,-6455.0425,1.2704e-05,0.071761653,-2.8537221,13.237716,0.065673418,20.095537,11451.68,0.15055941,17.705429
-0.62563992,0.089476049,0.091010533,22.087414,-6512.1978,-6491.0132,1.272e-05,0.071971275,-2.8475294,13.276383,0.065857187,20.133911,11426.729,0.15179662,17.738611
-0.62921882,0.089372642,0.090906106,22.045643,-6549.0654,-6526.9429,1.2736e-05,0.07211154,-2.8410168,13.302258,0.066040538,20.17219,11400.489,0.15123142,17.771711
-0.63279307,0.089268655,0.090801097,22.003689,-6584.0264,-6562.8311,1.2752e-05,0.072349675,-2.8340654,13.346187,0.066223457,20.210373,11372.482,0.15209754,17.804728
-0.63636273,0.089164093,0.090695515,21.961552,-6617.6836,-6598.6777,1.2768e-05,0.072728842,-2.8274505,13.416131,0.066405937,20.248461,11345.831,0.15190771,17.837662
-0.63992774,0.089058995,0.090589367,21.919233,-6652.4507,-6634.4829,1.2784e-05,0.072665647,-2.8210187,13.404473,0.066587999,20.286451,11319.917,0.15153661,17.87051
-0.64348811,0.088953339,0.090482645,21.876734,-6689.9097,-6670.2461,1.28e-05,0.073119573,-2.8147101,13.488208,0.066769652,20.324347,11294.5,0.15145665,17.903276
-0.64704376,0.088847101,0.090375349,21.834055,-6725.6396,-6705.9673,1.2816e-05,0.073212825,-2.808306,13.505409,0.066950895,20.362144,11268.697,0.15161413,17.935957
-0.65059477,0.088740274,0.090267479,21.791199,-6761.521,-6741.646,1.2832e-05,0.073430151,-2.8017156,13.5455,0.06713172,20.399843,11242.145,0.15273537,17.968554
-0.65414101,0.088632889,0.090159044,21.748163,-6795.1187,-6777.2822,1.2848e-05,0.07379391,-2.7952709,13.612601,0.067312121,20.437447,11216.179,0.15273659,18.001064
-0.65768248,0.088524945,0.090050042,21.70495,-6829.9854,-6812.8755,1.2864e-05,0.074163832,-2.7885945,13.68084,0.067492098,20.474949,11189.279,0.15247108,18.033489
-0.66121912,0.088416457,0.089940466,21.661562,-6864.2871,-6848.4258,1.288e-05,0.073708363,-2.781832,13.596821,0.067671642,20.512356,11162.033,0.15239601,18.06583
-0.66475099,0.08830741,0.089830317,21.617998,-6899.0894,-6883.9331,1.2896e-05,0.074334919,-2.7753344,13.712399,0.067850761,20.549662,11135.854,0.1535551,18.098083
-0.66827804,0.08819782,0.089719608,21.574261,-6934.1074,-6919.3965,1.2912e-05,0.074386552,-2.7689655,13.721925,0.068029471,20.586868,11110.194,0.15242714,18.130251
-0.6718002,0.088087656,0.089608334,21.530348,-6970.3188,-6954.8164,1.2928e-05,0.074777283,-2.7619519,13.794002,0.068207741,20.623976,11081.937,0.15358989,18.162331
-0.67531747,0.087976925,0.089496486,21.486265,-7003.4492,-6990.1924,1.2944e-05,0.075098656,-2.7549558,13.853284,0.068385564,20.660982,11053.749,0.15237769,18.194324
-0.67882985,0.087865651,0.089384079,21.442009,-7039.3057,-7025.5239,1.296e-05,0.074805796,-2.7480764,13.799262,0.06856294,20.697889,11026.031,0.15327249,18.226231
-0.68233728,0.087753817,0.089271106,21.397583,-7073.7661,-7060.8115,1.2976e-05,0.075564139,-2.7411125,13.939151,0.068739861,20.734695,10997.975,0.1538664,18.258049
-0.68583977,0.087641418,0.089157574,21.352989,-7108.1279,-7096.0542,1.2992e-05,0.075639665,-2.7341745,13.953083,0.068916343,20.7714,10970.021,0.15364116,18.28978
-0.68933731,0.087528482,0.089043468,21.308224,-7141.645,-7131.2524,1.3008e-05,0.07574062,-2.7271252,13.971706,0.069092371,20.808004,10941.619,0.15385906,18.321423
-0.69282979,0.087414995,0.088928811,21.263292,-7175.9458,-7166.4053,1.3024e-05,0.076159865,-2.7202146,14.049044,0.069267951,20.844505,10913.776,0.15482162,18.352976
-0.69631726,0.087300971,0.088813581,21.218195,-7209.9507,-7201.5127,1.304e-05,0.076107457,-2.7133908,14.039376,0.069443092,20.880905,10886.284,0.15513474,18.384439
-0.69979972,0.087186396,0.088697799,21.172932,-7244.5029,-7236.5752,1.3056e-05,0.076166801,-2.7066133,14.050323,0.069617786,20.917202,10858.977,0.15497665,18.415815
-0.70327705,0.08707127,0.08858145,21.127502,-7279.814,-7271.5913,1.3072e-05,0.076427288,-2.6999061,14.098374,0.069792047,20.953396,10831.954,0.15515183,18.4471
-0.70674932,0.086955585,0.088464551,21.081909,-7314.0068,-7306.562,1.3088e-05,0.076719373,-2.693145,14.152254,0.069965877,20.989485,10804.713,0.15503159,18.478296
-0.71021646,0.086839348,0.088347085,21.036156,-7348.1064,-7341.4863,1.3104e-05,0.077089295,-2.6865671,14.220493,0.070139281,21.025473,10778.21,0.15478134,18.509401
-0.71367848,0.086722568,0.08822906,20.990238,-7383.1147,-7376.3643,1.312e-05,0.076954424,-2.6796851,14.195615,0.070312247,21.061356,10750.482,0.15546373,18.540415
-0.71713531,0.086605221,0.088110484,20.94416,-7418.9468,-7411.1958,1.3136e-05,0.076772548,-2.6728053,14.162064,0.070484765,21.097134,10722.764,0.1548259,18.571339
-0.72058702,0.086487308,0.087991349,20.897923,-7453.2603,-7445.9805,1.3152e-05,0.077241883,-2.665812,14.248641,0.070656843,21.132809,10694.588,0.15610583,18.602171
-0.72403347,0.086368844,0.087871656,20.851528,-7488.04,-7480.7183,1.3168e-05,0.077863812,-2.658917,14.363367,0.070828468,21.168377,10666.808,0.15631947,18.632914
-0.72747469,0.086249828,0.087751411,20.804974,-7520.9741,-7515.4082,1.3184e-05,0.077914678,-2.65218,14.37275,0.070999652,21.203842,10639.664,0.15625355,18.663563
-0.73091066,0.086130276,0.087630607,20.758265,-7554.1812,-7550.0513,1.32e-05,0.078134321,-2.645061,14.413267,0.071170397,21.239201,10610.982,0.15591967,18.694118
-0.73434138,0.086010195,0.087509252,20.711397,-7586.7363,-7584.6465,1.3216e-05,0.078114286,-2.6375904,14.409571,0.071340665,21.274452,10580.883,0.15629201,18.724585
-0.73776686,0.085889593,0.087387346,20.664377,-7620.6587,-7619.1938,1.3232e-05,0.078386329,-2.6304064,14.459755,0.071510464,21.309597,10551.938,0.1565038,18.754955
-0.74118698,0.085768446,0.087264888,20.617203,-7654.4785,-7653.6929,1.3248e-05,0.078619845,-2.6233923,14.502831,0.071679808,21.344637,10523.679,0.15685415,18.785234
-0.74460179,0.085646756,0.087141879,20.569878,-7689.1611,-7688.1436,1.3264e-05,0.078668393,-2.6163683,14.511786,0.071848698,21.37957,10495.379,0.15646474,18.81542
-0.74801123,0.085524522,0.087018311,20.5224,-7723.8403,-7722.5459,1.328e-05,0.078923486,-2.609561,14.558843,0.072017141,21.414394,10467.952,0.15712211,18.845512
-0.75141525,0.085401729,0.086894207,20.474771,-7757.356,-7756.8994,1.3296e-05,0.079402074,-2.6025534,14.647126,0.072185136,21.449112,10439.718,0.15767816,18.875511
-0.75481397,0.085278392,0.086769544,20.426992,-7790.9243,-7791.2036,1.3312e-05,0.079448313,-2.5955725,14.655656,0.072352678,21.483723,10411.593,0.1571929,18.905416
-0.7582072,0.085154526,0.086644337,20.379066,-7824.4189,-7825.459,1.3328e-05,0.079304196,-2.5886748,14.629071,0.072519779,21.518223,10383.801,0.15824884,18.935225
-0.76159507,0.085030124,0.086518586,20.330994,-7857.895,-7859.6646,1.3344e-05,0.079663329,-2.5818918,14.69532,0.072686441,21.552616,10356.473,0.15778314,18.964941
-0.7649774,0.084905185,0.086392283,20.282774,-7890.6953,-7893.8208,1.336e-05,0.079819001,-2.5749853,14.724037,0.072852656,21.586901,10328.646,0.15804376,18.99456
-0.7683543,0.084779717,0.086265437,20.234409,-7923.5352,-7927.9272,1.3376e-05,0.080057144,-2.5675826,14.767965,0.073018409,21.621075,10298.82,0.15788934,19.024084
-0.77172571,0.084653728,0.08613804,20.185902,-7956.3882,-7961.9834,1.3392e-05,0.079869099,-2.5603077,14.733277,0.073183693,21.65514,10269.511,0.15825006,19.053513
-0.77509159,0.084527209,0.086010106,20.137251,-7989.2217,-7995.9893,1.3408e-05,0.080749974,-2.5529749,14.895771,0.073348507,21.689096,10239.967,0.15830562,19.082846
-0.77845192,0.084400162,0.085881628,20.088457,-8022.8403,-8029.9448,1.3424e-05,0.080441706,-2.5458679,14.838905,0.073512852,21.722942,10211.332,0.15835628,19.112083
-0.78180671,0.084272586,0.085752606,20.039522,-8057.4111,-8063.8496,1.344e-05,0.081158429,-2.5389252,14.971117,0.073676743,21.756678,10183.359,0.15829402,19.141224
-0.78515589,0.084144451,0.085623041,19.990448,-8091.1084,-8097.7031,1.3456e-05,0.08083012,-2.531528,14.910556,0.073840179,21.790302,10153.556,0.15881893,19.170267
-0.78849953,0.084015779,0.085492939,19.941236,-8124.6064,-8131.5059,1.3472e-05,0.080958821,-2.5244446,14.934297,0.074003138,21.823816,10125.017,0.1591284,19.199213
-0.79183751,0.083886571,0.085362293,19.891886,-8158.561,-8165.2568,1.3488e-05,0.081081361,-2.5172515,14.956901,0.074165642,21.857218,10096.037,0.15902768,19.228064
-0.79516983,0.083756827,0.08523111,19.8424,-8191.3237,-8198.957,1.3504e-05,0.081563801,-2.5104001,15.045896,0.0743277,21.890509,10068.432,0.15969421,19.256815
-0.79849654,0.083626553,0.085099392,19.792776,-8223.2969,-8232.6045,1.352e-05,0.081678629,-2.503191,15.067078,0.074489295,21.923689,10039.387,0.15902402,19.285469
-0.80181754,0.083495758,0.084967129,19.743021,-8256.7021,-8266.2002,1.3536e-05,0.081418142,-2.4959195,15.019027,0.074650429,21.956755,10010.089,0.1590881,19.314026
-0.80513287,0.083364442,0.08483433,19.69313,-8288.7549,-8299.7441,1.3552e-05,0.081961468,-2.4885478,15.119252,0.074811086,21.98971,9980.3887,0.15953977,19.342484
-0.80844247,0.083232597,0.084701002,19.643108,-8321.9238,-8333.2354,1.3568e-05,0.082147963,-2.4814606,15.153656,0.074971281,22.022552,9951.835,0.16023073,19.370842
-0.8117463,0.083100237,0.084567137,19.592957,-8356.6289,-8366.6738,1.3584e-05,0.082775295,-2.4741564,15.269377,0.075131007,22.055281,9922.4053,0.16053957,19.399101
-0.8150444,0.082967319,0.084432736,19.542673,-8390.5127,-8400.0596,1.36e-05,0.082756028,-2.4666696,15.265822,0.075290263,22.087896,9892.2412,0.16042726,19.427263
-0.81833678,0.082833856,0.084297799,19.492262,-8422.5693,-8433.3926,1.3616e-05,0.083075851,-2.4592896,15.324821,0.075449035,22.120399,9862.5068,0.16106814,19.455324
-0.82162327,0.082699873,0.084162332,19.441723,-8456.4023,-8466.6719,1.3632e-05,0.082783766,-2.4517987,15.270941,0.07560733,22.152788,9832.3262,0.16035402,19.483288
-0.82490402,0.08256536,0.084026329,19.391058,-8489.7354,-8499.8975,1.3648e-05,0.082779147,-2.4442344,15.270087,0.07576514,22.185064,9801.8496,0.16090579,19.51115
-0.82817888,0.082430311,0.083889805,19.340265,-8522.4297,-8533.0703,1.3664e-05,0.083704717,-2.4366732,15.440826,0.075922459,22.217224,9771.3848,0.16030946,19.538912
-0.83144796,0.08229474,0.083752744,19.289351,-8553.208,-8566.1885,1.368e-05,0.083837271,-2.4290979,15.465279,0.076079294,22.249271,9740.8643,0.16085085,19.566574
-0.83471107,0.08215867,0.083615154,19.238312,-8584.583,-8599.2529,1.3696e-05,0.08374171,-2.4216785,15.44765,0.076235645,22.281202,9710.9717,0.16155156,19.594135
-0.83796835,0.082022101,0.083477043,19.187149,-8615.6738,-8632.2627,1.3712e-05,0.083753273,-2.4140902,15.449782,0.076391511,22.313019,9680.3984,0.1610065,19.621595
-0.84121972,0.081885032,0.083338395,19.135868,-8646.5566,-8665.2178,1.3728e-05,0.083700866,-2.4063098,15.440115,0.076546885,22.344721,9649.0508,0.16128606,19.648956
-0.8444652,0.081747472,0.083199225,19.084465,-8678.1436,-8698.1191,1.3744e-05,0.084187932,-2.3987532,15.529963,0.07670176,22.376307,9618.6055,0.16136235,19.676214
-0.84770465,0.081609398,0.083059527,19.032944,-8711.2979,-8730.9648,1.376e-05,0.084440708,-2.391238,15.576592,0.076856151,22.407776,9588.3271,0.16157292,19.703371
-0.8509382,0.08147081,0.082919307,18.981304,-8743.1953,-8763.7549,1.3776e-05,0.084802151,-2.3835907,15.643268,0.077010058,22.439131,9557.5156,0.16186407,19.730427
-0.85416573,0.081331693,0.082778566,18.929548,-8775.4219,-8796.4902,1.3792e-05,0.084973238,-2.3761687,15.674828,0.077163473,22.470367,9527.6123,0.16234565,19.75738
-0.8573873,0.081192076,0.082637303,18.877676,-8807.9492,-8829.1699,1.3808e-05,0.084734336,-2.3687263,15.630757,0.077316411,22.50149,9497.627,0.16231818,19.784231
-0.8606028,0.081051931,0.082495511,18.825691,-8840.6494,-8861.7939,1.3824e-05,0.085178241,-2.3611038,15.712644,0.077468865,22.532495,9466.916,0.16195562,19.81098
-0.86381233,0.080911271,0.082353204,18.773592,-8871.6777,-8894.3613,1.384e-05,0.085047223,-2.3534691,15.688476,0.077620827,22.563383,9436.1553,0.16229255,19.837626
-0.86701572,0.080770105,0.082210369,18.721378,-8902.6328,-8926.873,1.3856e-05,0.085286133,-2.3461025,15.732546,0.077772297,22.594154,9406.4756,0.16285104,19.86417
-0.87021309,0.08062844,0.08206702,18.669056,-8934.876,-8959.3291,1.3872e-05,0.085505001,-2.3386235,15.772921,0.077923298,22.624807,9376.3428,0.16233161,19.89061
-0.87340438,0.080486268,0.081923157,18.616623,-8965.46,-8991.7275,1.3888e-05,0.085566655,-2.3306487,15.784294,0.0780738,22.655344,9344.2109,0.16270638,19.916946
-0.8765896,0.080343604,0.081778765,18.564081,-8997.2363,-9024.0693,1.3904e-05,0.085681483,-2.3226435,15.805476,0.078223787,22.685762,9311.959,0.16292977,19.94318
-0.87976861,0.080200426,0.081633866,18.511431,-9030.042,-9056.3545,1.392e-05,0.086022891,-2.3146918,15.868455,0.078373253,22.716064,9279.9209,0.16232613,19.969311
-0.88294154,0.080056734,0.081488445,18.458673,-9061.8105,-9088.582,1.3936e-05,0.086053722,-2.3066962,15.874141,0.078522213,22.746246,9247.707,0.16292916,19.995337
-0.88610828,0.079912528,0.081342518,18.405811,-9092.7012,-9120.7529,1.3952e-05,0.08634118,-2.2991462,15.927168,0.078670666,22.77631,9217.2881,0.16364391,20.021259
-0.88926888,0.079767831,0.08119607,18.352842,-9124.3877,-9152.8652,1.3968e-05,0.086491458,-2.2917464,15.95489,0.078818642,22.806255,9187.4746,0.1635078,20.047077
-0.89242327,0.079622619,0.081049114,18.299772,-9155.9844,-9184.9199,1.3984e-05,0.086551569,-2.2843528,15.965979,0.078966141,22.836082,9157.6855,0.16376415,20.07279
-0.89557141,0.079476908,0.080901638,18.246599,-9187.1318,-9216.917,1.4e-05,0.086937681,-2.2765782,16.037203,0.079113148,22.865791,9126.3613,0.16384228,20.0984
-0.89871341,0.079330698,0.080753662,18.193323,-9218.5,-9248.8555,1.4016e-05,0.086920723,-2.2686641,16.034075,0.079259649,22.89538,9094.4756,0.16405775,20.123903
-0.90184909,0.079183981,0.080605164,18.139948,-9250.9912,-9280.7363,1.4032e-05,0.087180436,-2.2612681,16.081984,0.079405658,22.924849,9064.6768,0.16451125,20.149303
-0.90497857,0.07903675,0.080456167,18.086473,-9283.6162,-9312.5576,1.4048e-05,0.087106451,-2.2537327,16.068336,0.07955119,22.954199,9034.3164,0.16456556,20.174597
-0.90810174,0.078888997,0.080306657,18.0329,-9315.5225,-9344.3203,1.4064e-05,0.087472521,-2.245702,16.135864,0.079696216,22.983429,9001.9609,0.16448744,20.199785
-0.91121864,0.078740731,0.080156639,17.979231,-9346.957,-9376.0244,1.408e-05,0.087464042,-2.2378559,16.1343,0.079840727,23.012539,8970.3486,0.16408215,20.224869
-0.91432923,0.078591965,0.080006115,17.925465,-9377.2891,-9407.6689,1.4096e-05,0.087544963,-2.2298744,16.149227,0.079984732,23.041531,8938.1914,0.1648207,20.249847
-0.9174335,0.078442708,0.079855092,17.871605,-9408.0908,-9439.2539,1.4112e-05,0.087481,-2.2222939,16.137428,0.08012823,23.0704,8907.6494,0.1653322,20.274719
-0.92053145,0.078292958,0.079703555,17.81765,-9440.252,-9470.7793,1.4128e-05,0.087905638,-2.2147169,16.215761,0.080271251,23.09915,8877.1221,0.16513687,20.299484
-0.92362303,0.078142703,0.079551518,17.763601,-9471.7041,-9502.2451,1.4144e-05,0.088359565,-2.2066903,16.299496,0.080413759,23.127779,8844.7822,0.16587237,20.324144
-0.92670822,0.07799194,0.079398982,17.709461,-9501.6328,-9533.6504,1.416e-05,0.088147625,-2.1985993,16.260401,0.080555752,23.156288,8812.1836,0.1655446,20.348698
-0.92978704,0.077840686,0.07924594,17.655231,-9533.9648,-9564.9961,1.4176e-05,0.088665515,-2.1907847,16.355934,0.080697231,23.184675,8780.6982,0.16522355,20.373144
-0.93285942,0.077688932,0.079092398,17.600912,-9565.8018,-9596.2812,1.4192e-05,0.088569954,-2.1830029,16.338306,0.080838203,23.212942,8749.3467,0.16556536,20.397484
-0.93592542,0.077536657,0.078938365,17.546503,-9597.5117,-9627.5059,1.4208e-05,0.089022338,-2.1751959,16.421755,0.080978677,23.241087,8717.8916,0.1662624,20.421717
-0.93898493,0.077383891,0.078783825,17.492008,-9627.8564,-9658.6689,1.4224e-05,0.08916568,-2.1676862,16.448198,0.081118658,23.26911,8687.6348,0.16587725,20.445843
-0.94203806,0.077230617,0.078628786,17.437424,-9659.2061,-9689.7715,1.424e-05,0.088997677,-2.1596608,16.417206,0.081258141,23.297012,8655.3008,0.16568621,20.469862
-0.94508469,0.07707686,0.078473255,17.382757,-9688.498,-9720.8135,1.4256e-05,0.089143336,-2.1517723,16.444075,0.081397109,23.324793,8623.5176,0.16593707,20.493773
-0.94812483,0.076922618,0.078317225,17.328003,-9719.0752,-9751.793,1.4272e-05,0.089183405,-2.1438668,16.451468,0.081535563,23.352451,8591.666,0.16594867,20.517578
-0.95115846,0.076767899,0.078160703,17.273167,-9749.6436,-9782.7119,1.4288e-05,0.089765266,-2.1359568,16.558802,0.08167351,23.37999,8559.7959,0.16689657,20.541275
-0.95418555,0.076612681,0.078003682,17.218248,-9780.2695,-9813.5684,1.4304e-05,0.08988934,-2.1280742,16.58169,0.081810951,23.407404,8528.0371,0.16617511,20.564863
-0.95720613,0.076456979,0.077846177,17.16325,-9811.2393,-9844.3633,1.432e-05,0.089765266,-2.1199424,16.558802,0.081947871,23.434696,8495.2744,0.16695212,20.588345
-0.96022016,0.076300785,0.077688172,17.10817,-9842.4082,-9875.0957,1.4336e-05,0.090237685,-2.1118212,16.645948,0.082084268,23.461866,8462.5547,0.16672628,20.611717
-0.96322763,0.076144084,0.077529676,17.053009,-9873.833,-9905.7656,1.4352e-05,0.090134412,-2.1036346,16.626898,0.082220145,23.488913,8429.5693,0.16682027,20.634983
-0.96622849,0.075986892,0.077370696,16.99777,-9903.7471,-9936.373,1.4368e-05,0.090337098,-2.0958059,16.664288,0.082355499,23.515839,8398.0273,0.16722922,20.658138
-0.96922278,0.075829208,0.077211224,16.942455,-9934.7314,-9966.918,1.4384e-05,0.090864241,-2.0877221,16.761526,0.08249034,23.542639,8365.458,0.16686788,20.681187
-0.97221047,0.07567104,0.077051267,16.887064,-9963.2695,-9997.3994,1.44e-05,0.090470426,-2.079294,16.688881,0.082624651,23.569319,8331.502,0.16695821,20.704126
-0.97519147,0.075512402,0.076890826,16.831596,-9992.2764,-10027.818,1.4416e-05,0.090651534,-2.0710397,16.72229,0.082758427,23.595875,8298.2441,0.16702169,20.726959
-0.97816581,0.07535331,0.076729894,16.776054,-10021.312,-10058.173,1.4432e-05,0.091084652,-2.0627835,16.802185,0.082891673,23.622307,8264.9805,0.16780786,20.749681
-0.98113352,0.075193748,0.076568477,16.720438,-10049.792,-10088.465,1.4448e-05,0.09113089,-2.054389,16.810715,0.083024375,23.648617,8231.1592,0.16746238,20.772295
-0.9840945,0.075033732,0.076406576,16.664751,-10077.7,-10118.693,1.4464e-05,0.090995252,-2.0464606,16.785694,0.083156556,23.674803,8199.2158,0.16747154,20.794798
-0.9870488,0.074873261,0.076244198,16.608992,-10107.228,-10148.857,1.448e-05,0.091140911,-2.0384569,16.812563,0.083288223,23.700865,8166.9683,0.16809656,20.817194
-0.98999637,0.074712329,0.076081336,16.553164,-10136.524,-10178.957,1.4496e-05,0.091389067,-2.0304754,16.858341,0.083419368,23.726803,8134.811,0.16769738,20.839479
-0.99293721,0.074550919,0.075917989,16.497263,-10165.903,-10208.993,1.4512e-05,0.091910809,-2.0222204,16.954586,0.083549999,23.752619,8101.5518,0.16828394,20.861656
-0.99587131,0.074389048,0.075754166,16.441296,-10195.309,-10238.964,1.4528e-05,0.091578647,-2.0138147,16.893312,0.083680086,23.778309,8067.6846,0.16741051,20.883724
-0.99879861,0.0742267,0.075589865,16.38526,-10225.173,-10268.87,1.4544e-05,0.091795206,-2.0057466,16.93326,0.083809644,23.803877,8035.1782,0.16841395,20.905682
-1.0017191,0.074063875,0.075425081,16.329159,-10254.719,-10298.712,1.456e-05,0.092354715,-1.9975841,17.036472,0.083938681,23.829319,8002.292,0.16750145,20.92753
-1.0046328,0.073900588,0.075259827,16.272991,-10282.851,-10328.489,1.4576e-05,0.092343152,-1.9891543,17.03434,0.084067181,23.854637,7968.3276,0.1692941,20.949268
-1.0075397,0.073736839,0.075094096,16.216759,-10310.073,-10358.2,1.4592e-05,0.092577435,-1.9809,17.077557,0.084195144,23.879831,7935.0718,0.16868679,20.970896
-1.0104398,0.073572651,0.074927889,16.160461,-10337.982,-10387.847,1.4608e-05,0.092330053,-1.9723899,17.031923,0.084322564,23.904902,7900.7842,0.16965972,20.992414
-1.013333,0.073408023,0.074761212,16.104101,-10365.814,-10417.427,1.4624e-05,0.092681475,-1.9640634,17.096748,0.084449448,23.929848,7867.2363,0.16927701,21.013823
-1.0162193,0.073242947,0.074594058,16.04768,-10393.05,-10446.941,1.464e-05,0.092391707,-1.9560915,17.043295,0.084575802,23.954668,7835.1177,0.1686105,21.035122
-1.0190986,0.073077433,0.074426435,15.991198,-10423.039,-10476.39,1.4656e-05,0.093398198,-1.9481622,17.228962,0.084701642,23.979362,7803.1704,0.16936308,21.056309
-1.0219711,0.072911449,0.074258342,15.934654,-10452.619,-10505.772,1.4672e-05,0.093091473,-1.9396564,17.17238,0.084826954,24.003935,7768.9004,0.1687991,21.077387
-1.0248367,0.07274498,0.07408978,15.878052,-10480.885,-10535.088,1.4688e-05,0.093489908,-1.9308934,17.245878,0.084951714,24.028379,7733.5942,0.17000641,21.098354
-1.0276953,0.072578065,0.073920757,15.821391,-10510.094,-10564.338,1.4704e-05,0.093445979,-1.9226046,17.237776,0.085075915,24.052702,7700.1982,0.17013825,21.119209
-1.0305469,0.072410688,0.073751256,15.764673,-10538.474,-10593.521,1.472e-05,0.093365058,-1.9143263,17.222849,0.085199587,24.076897,7666.8452,0.16970611,21.139956
-1.0333916,0.072242849,0.073581293,15.707898,-10566.971,-10622.636,1.4736e-05,0.09350995,-1.9060936,17.249575,0.08532273,24.100967,7633.6758,0.16999482,21.160591
-1.0362293,0.072074555,0.073410869,15.651067,-10595.091,-10651.685,1.4752e-05,0.093741916,-1.8981358,17.292366,0.085445352,24.124912,7601.6133,0.16992278,21.181114
-1.0390599,0.071905814,0.073239975,15.594181,-10622.768,-10680.666,1.4768e-05,0.093889117,-1.8902235,17.319519,0.085567452,24.148733,7569.7349,0.16928801,21.201527
-1.0418836,0.071736626,0.073068626,15.537241,-10650.686,-10709.58,1.4784e-05,0.093734212,-1.8818723,17.290945,0.085689038,24.172426,7536.0879,0.16975127,21.22183
-1.0447001,0.071566992,0.072896808,15.480247,-10678.424,-10738.427,1.48e-05,0.093822069,-1.8735043,17.307152,0.08581008,24.195995,7502.373,0.17042634,21.242022
-1.0475096,0.07139691,0.072724536,15.423202,-10707.053,-10767.205,1.4816e-05,0.093796633,-1.8652565,17.30246,0.085930593,24.219439,7469.1431,0.17035127,21.2621
-1.050312,0.071226381,0.072551802,15.366104,-10736.39,-10795.916,1.4832e-05,0.094367698,-1.8570948,17.407803,0.08605057,24.242756,7436.2588,0.17036225,21.282068
-1.0531073,0.071055375,0.072378606,15.308956,-10764.14,-10824.558,1.4848e-05,0.094625875,-1.8485889,17.455427,0.08617001,24.265947,7401.9888,0.16990508,21.301926
-1.0558954,0.07088393,0.072204955,15.251759,-10790.314,-10853.132,1.4864e-05,0.094399296,-1.8399365,17.413631,0.086288899,24.289013,7367.1279,0.17075472,21.321672
-1.0586765,0.070712052,0.07203085,15.194511,-10818.97,-10881.637,1.488e-05,0.09476614,-1.831679,17.481302,0.086407244,24.311951,7333.8584,0.17060152,21.341307
-1.0614505,0.070539735,0.07185629,15.137216,-10846.679,-10910.074,1.4896e-05,0.094480217,-1.8234003,17.428558,0.086525053,24.334764,7300.5034,0.17057467,21.36083
-1.0642172,0.070366964,0.071681276,15.079873,-10874.492,-10938.441,1.4912e-05,0.095287882,-1.8151037,17.577547,0.086642332,24.357452,7267.0762,0.17136265,21.380241
-1.0669767,0.070193753,0.071505807,15.022484,-10902.406,-10966.74,1.4928e-05,0.094770759,-1.8066125,17.482155,0.086759068,24.380013,7232.8652,0.17088351,21.39954
-1.0697291,0.070020087,0.071329884,14.965048,-10929.479,-10994.97,1.4944e-05,0.095112167,-1.7980807,17.545134,0.086875252,24.402447,7198.4907,0.17153905,21.418728
-1.0724742,0.069845997,0.071153514,14.907567,-10956.133,-11023.129,1.496e-05,0.095219292,-1.7901051,17.564894,0.086990908,24.424755,7166.3569,0.171948,21.437803
-1.0752121,0.069671467,0.070976697,14.850042,-10983.759,-11051.22,1.4976e-05,0.095173821,-1.7817174,17.556507,0.087106034,24.446936,7132.563,0.1714481,21.456766
-1.0779427,0.069496512,0.070799425,14.792473,-11011.32,-11079.24,1.4992e-05,0.095488258,-1.7729166,17.61451,0.087220609,24.46899,7097.104,0.17159581,21.475618
-1.0806661,0.069321103,0.070621714,14.734861,-11039.095,-11107.19,1.5008e-05,0.095465906,-1.7640561,17.610386,0.087334611,24.490919,7061.4053,0.17168798,21.494358
-1.0833822,0.069145255,0.070443548,14.677208,-11066.711,-11135.071,1.5024e-05,0.095790356,-1.7553822,17.670237,0.087448053,24.51272,7026.458,0.17168553,21.512985
-1.086091,0.068968967,0.070264943,14.619514,-11095.027,-11162.881,1.504e-05,0.095526785,-1.7463859,17.621618,0.087560922,24.534393,6990.2119,0.17130101,21.531502
-1.0887926,0.068792224,0.070085898,14.561777,-11122.671,-11190.62,1.5056e-05,0.09615951,-1.7380329,17.738335,0.087673232,24.555941,6956.5576,0.17196813,21.549904
-1.0914867,0.068615034,0.069906399,14.504002,-11150.596,-11218.289,1.5072e-05,0.096100166,-1.7294822,17.727386,0.087784998,24.577362,6922.1069,0.17187719,21.568195
-1.0941736,0.068437412,0.069726467,14.446187,-11176.926,-11245.887,1.5088e-05,0.09626817,-1.7209289,17.758379,0.087896205,24.598656,6887.6455,0.17266212,21.586372
-1.096853,0.068259351,0.069546096,14.388334,-11203.689,-11273.414,1.5104e-05,0.0966589,-1.7123411,17.830456,0.088006869,24.619822,6853.0449,0.17170873,21.604439
-1.0995251,0.068080872,0.069365278,14.330443,-11230.456,-11300.87,1.512e-05,0.09650708,-1.703498,17.80245,0.088116966,24.64086,6817.416,0.17272377,21.622393
-1.1021899,0.067901954,0.069184028,14.272515,-11256.34,-11328.254,1.5136e-05,0.09699183,-1.6946833,17.89187,0.088226497,24.661772,6781.9019,0.17219459,21.640232
-1.1048472,0.067722626,0.069002338,14.214551,-11284.083,-11355.566,1.5152e-05,0.09664426,-1.6858909,17.827755,0.088335462,24.682556,6746.4771,0.17235084,21.657959
-1.1074972,0.067542866,0.068820216,14.156551,-11309.718,-11382.808,1.5168e-05,0.096616514,-1.6771283,17.822638,0.08844386,24.703211,6711.1724,0.17235573,21.675575
-1.1101397,0.067362681,0.068637654,14.098516,-11337.511,-11409.977,1.5184e-05,0.096964084,-1.6681008,17.886753,0.088551685,24.72374,6674.8008,0.17287515,21.693077
-1.1127747,0.067182057,0.06845466,14.040447,-11363.951,-11437.074,1.52e-05,0.096987978,-1.6594226,17.891159,0.088658936,24.744141,6639.8359,0.17351359,21.710466
-1.1154023,0.067001007,0.068271235,13.982345,-11390.752,-11464.099,1.5216e-05,0.097048089,-1.6508033,17.902248,0.088765629,24.764416,6605.1089,0.17196326,21.727741
-1.1180226,0.066819534,0.068087377,13.924209,-11417.167,-11491.051,1.5232e-05,0.097371772,-1.642071,17.961958,0.08887177,24.784561,6569.9263,0.17209326,21.744905
-1.1206353,0.066637635,0.067903087,13.86604,-11443.16,-11517.931,1.5248e-05,0.097545169,-1.6331197,17.993944,0.088977337,24.804577,6533.8618,0.17268166,21.761955
-1.1232405,0.06645532,0.067718372,13.80784,-11469.162,-11544.738,1.5264e-05,0.097450376,-1.6242445,17.976458,0.089082323,24.824467,6498.103,0.17253274,21.778893
-1.1258382,0.066272587,0.067533232,13.749609,-11495.093,-11571.473,1.528e-05,0.097487368,-1.615474,17.983282,0.08918675,24.844229,6462.7666,0.17271951,21.795715
-1.1284283,0.066089444,0.067347661,13.691347,-11520.462,-11598.134,1.5296e-05,0.097472727,-1.6063064,17.980581,0.089290597,24.863861,6425.8306,0.17360149,21.812426
-1.131011,0.065905891,0.067161664,13.633056,-11546.065,-11624.721,1.5312e-05,0.098110072,-1.5972204,18.09815,0.089393847,24.883366,6389.2227,0.17373638,21.829021
-1.1335862,0.065721922,0.066975243,13.574735,-11571.728,-11651.235,1.5328e-05,0.098046876,-1.5881281,18.086493,0.089496523,24.902742,6352.5898,0.17343424,21.845505
-1.1361537,0.06553755,0.066788405,13.516385,-11597.022,-11677.676,1.5344e-05,0.097829551,-1.579386,18.046402,0.089598618,24.921989,6317.3677,0.17385723,21.861876
-1.1387137,0.065352768,0.066601135,13.458008,-11622.677,-11704.043,1.536e-05,0.098279618,-1.5700299,18.129427,0.089700125,24.941109,6279.6719,0.17310648,21.878132
-1.1412662,0.065167584,0.066413455,13.399603,-11647.204,-11730.336,1.5376e-05,0.0982958,-1.5608037,18.132412,0.089801043,24.9601,6242.499,0.17361614,21.894274
-1.1438111,0.064981997,0.06622535,13.341171,-11673.321,-11756.556,1.5392e-05,0.098084643,-1.5522213,18.093458,0.08990138,24.978962,6207.9209,0.17349346,21.910301
-1.1463484,0.064796001,0.06603682,13.282713,-11699.987,-11782.7,1.5408e-05,0.098080784,-1.5433023,18.092749,0.090001158,24.997694,6171.9863,0.17380902,21.926216
-1.148878,0.064609572,0.065847881,13.224229,-11727.016,-11808.771,1.5424e-05,0.098513901,-1.5343223,18.172644,0.090100355,25.016298,6135.8057,0.17449446,21.942017
-1.1514001,0.064422727,0.065658525,13.16572,-11753.262,-11834.766,1.544e-05,0.098859161,-1.525347,18.236334,0.090198971,25.034773,6099.644,0.17427351,21.957705
-1.1539146,0.064235441,0.065468758,13.107185,-11779.133,-11860.687,1.5456e-05,0.098889217,-1.516374,18.241879,0.090297014,25.053118,6063.4922,0.17436995,21.973276
-1.1564213,0.064047761,0.065278567,13.048628,-11802.989,-11886.533,1.5472e-05,0.098703489,-1.5072757,18.207617,0.090394475,25.071335,6026.835,0.17398237,21.988735
-1.1589205,0.063859679,0.065087974,12.990046,-11828.024,-11912.304,1.5488e-05,0.09907572,-1.4982904,18.276281,0.090491347,25.089422,5990.6328,0.17411725,22.00408
-1.161412,0.063671201,0.064896964,12.931441,-11853.266,-11938,1.5504e-05,0.099424064,-1.4895593,18.34054,0.090587653,25.107378,5955.4551,0.17415814,22.019308
-1.163896,0.063482322,0.064705551,12.872814,-11878.862,-11963.62,1.552e-05,0.099170513,-1.4807224,18.293768,0.090683393,25.125206,5919.8516,0.17371197,22.034424
-1.1663721,0.063293032,0.064513721,12.814164,-11905.31,-11989.165,1.5536e-05,0.099299215,-1.4719234,18.317509,0.090778559,25.142904,5884.3999,0.17397504,22.049425
-1.1688406,0.063103326,0.064321488,12.755493,-11930.353,-12014.634,1.5552e-05,0.099241413,-1.4631011,18.306847,0.090873167,25.160471,5848.855,0.1742204,22.064312
-1.1713015,0.062913217,0.064128846,12.696801,-11956.021,-12040.026,1.5568e-05,0.09955585,-1.4542997,18.364849,0.090967201,25.17791,5813.394,0.17492111,22.079082
-1.1737546,0.06272269,0.063935801,12.638088,-11980.689,-12065.344,1.5584e-05,0.099658348,-1.4453113,18.383757,0.091060661,25.195217,5777.1797,0.17512681,22.09374
-1.1761999,0.062531777,0.063742355,12.579356,-12005.62,-12090.585,1.56e-05,0.099864118,-1.4364862,18.421715,0.091153547,25.212395,5741.6235,0.17505112,22.108282
-1.1786376,0.062340457,0.063548498,12.520603,-12029.688,-12115.749,1.5616e-05,0.099607483,-1.4272609,18.374374,0.091245845,25.229443,5704.4541,0.17489548,22.122709
-1.1810676,0.062148757,0.063354246,12.461832,-12053.495,-12140.837,1.5632e-05,0.099925771,-1.4181458,18.433088,0.091337562,25.246359,5667.7295,0.1753673,22.13702
-1.1834899,0.06195667,0.063159592,12.403041,-12077.449,-12165.849,1.5648e-05,0.099802464,-1.4090209,18.410341,0.09142869,25.263145,5630.9653,0.17519334,22.151217
-1.1859044,0.061764203,0.062964536,12.344233,-12102.428,-12190.782,1.5664e-05,0.10007528,-1.40019,18.460667,0.091519237,25.2798,5595.3857,0.17518295,22.165298
-1.1883111,0.061571334,0.062769085,12.285406,-12128.48,-12215.64,1.568e-05,0.10014618,-1.3913224,18.473747,0.09160921,25.296324,5559.6577,0.17501388,22.179266
-1.1907101,0.061378058,0.062573239,12.226562,-12152.876,-12240.42,1.5696e-05,0.10041977,-1.3826708,18.524216,0.091698624,25.312717,5524.8003,0.17601977,22.193115
-1.1931013,0.06118438,0.062376998,12.167701,-12177.748,-12265.123,1.5712e-05,0.10038971,-1.3737206,18.518671,0.091787465,25.328979,5488.7402,0.17560838,22.206852
-1.1954848,0.060990311,0.062180363,12.108824,-12202.809,-12289.749,1.5728e-05,0.10036582,-1.3647876,18.514263,0.091875732,25.345112,5452.749,0.17599903,22.22047
-1.1978605,0.060795836,0.061983336,12.04993,-12227.729,-12314.297,1.5744e-05,0.10042131,-1.3559293,18.5245,0.091963425,25.361111,5417.0586,0.17639576,22.233974
-1.2002283,0.06060097,0.061785914,11.99102,-12251.669,-12338.767,1.576e-05,0.10044597,-1.3469558,18.529049,0.092050545,25.376978,5380.9043,0.17589465,22.247362
-1.2025883,0.060405713,0.061588105,11.932096,-12275.257,-12363.158,1.5776e-05,0.10075424,-1.3378314,18.585915,0.092137083,25.392714,5344.1421,0.17581469,22.260633
-1.2049407,0.060210083,0.061389904,11.873156,-12299.565,-12387.473,1.5792e-05,0.10063093,-1.3286991,18.563168,0.092223033,25.408318,5307.3481,0.17615832,22.27379
-1.207285,0.060014058,0.061191317,11.8142,-12323.742,-12411.708,1.5808e-05,0.10058084,-1.3199729,18.553926,0.092308402,25.42379,5272.1904,0.17536058,22.286829
-1.2096217,0.059817653,0.060992341,11.755232,-12347.835,-12435.866,1.5824e-05,0.10106174,-1.3112037,18.642637,0.092393212,25.439131,5236.8594,0.1760271,22.299753
-1.2119504,0.059620857,0.060792983,11.69625,-12371.543,-12459.944,1.584e-05,0.10109641,-1.3020437,18.649035,0.092477441,25.454338,5199.9531,0.17569689,22.312559
-1.2142714,0.059423689,0.06059324,11.637254,-12395.475,-12483.944,1.5856e-05,0.10114034,-1.2930996,18.657137,0.092561089,25.469412,5163.9175,0.17600574,22.325249
-1.2165846,0.059226133,0.060393114,11.578244,-12417.241,-12507.866,1.5872e-05,0.10135536,-1.283953,18.696802,0.092644155,25.484354,5127.0654,0.17648366,22.337822
-1.2188897,0.059028227,0.060192607,11.519222,-12439.389,-12531.708,1.5888e-05,0.1010602,-1.2746719,18.642353,0.092726626,25.499163,5089.6724,0.17614979,22.350279
-1.2211871,0.058829959,0.059991721,11.460188,-12463.259,-12555.472,1.5904e-05,0.10148329,-1.2655306,18.7204,0.0928085,25.51384,5052.8413,0.17588611,22.362617
-1.2234766,0.058631323,0.059790455,11.401141,-12486.129,-12579.155,1.592e-05,0.10141085,-1.2564538,18.707037,0.092889786,25.528381,5016.271,0.17590198,22.374842
-1.2257583,0.058432315,0.059588809,11.342083,-12508.822,-12602.76,1.5936e-05,0.10147636,-1.2472715,18.719122,0.09297049,25.542791,4979.2759,0.17599048,22.386946
-1.228032,0.058232941,0.05938679,11.283012,-12533.887,-12626.284,1.5952e-05,0.10153184,-1.2378786,18.729357,0.093050592,25.557066,4941.4312,0.17629017,22.398933
-1.2302978,0.058033176,0.059184391,11.223931,-12555.775,-12649.729,1.5968e-05,0.10152259,-1.2287512,18.727652,0.093130097,25.571207,4904.6572,0.17697988,22.410803
-1.2325557,0.057833053,0.058981624,11.16484,-12577.905,-12673.094,1.5984e-05,0.10119044,-1.2198026,18.666378,0.093209013,25.585215,4868.603,0.17623524,22.422556
-1.2348058,0.057632577,0.05877848,11.105737,-12598.118,-12696.379,1.6e-05,0.1018116,-1.2108257,18.780962,0.093287364,25.599089,4832.4351,0.17691641,22.434191
-1.2370479,0.057431772,0.058574967,11.046624,-12619.751,-12719.584,1.6016e-05,0.1020243,-1.2014028,18.8202,0.09336511,25.612827,4794.4702,0.17675588,22.445707
-1.2392821,0.057230622,0.058371082,10.987501,-12641.46,-12742.708,1.6032e-05,0.10209983,-1.1919625,18.834131,0.093442254,25.626432,4756.4351,0.17636037,22.457106
-1.2415084,0.057029128,0.058166832,10.928369,-12664.157,-12765.752,1.6048e-05,0.10187633,-1.1826212,18.792904,0.093518794,25.639902,4718.7988,0.17670706,22.468386
-1.2437266,0.056827269,0.057962213,10.869226,-12687.106,-12788.716,1.6064e-05,0.10195417,-1.1734184,18.807262,0.09359473,25.653234,4681.7207,0.17650501,22.479548
-1.2459369,0.056625046,0.057757225,10.810076,-12710.763,-12811.599,1.608e-05,0.1022085,-1.1640463,18.854177,0.09367007,25.666433,4643.9604,0.17688344,22.490591
-1.2481393,0.056422442,0.057551876,10.750916,-12733.458,-12834.4,1.6096e-05,0.10264546,-1.154471,18.934784,0.093744807,25.679497,4605.3818,0.17674123,22.501514
-1.2503337,0.056219481,0.057346161,10.691747,-12755.322,-12857.12,1.6112e-05,0.10224549,-1.1451387,18.861,0.093818925,25.692425,4567.7817,0.17720939,22.51232
-1.2525201,0.056016162,0.057140086,10.63257,-12777.298,-12879.76,1.6128e-05,0.10255606,-1.135928,18.918293,0.093892448,25.705217,4530.6719,0.17736809,22.523006
-1.2546985,0.055812497,0.056933649,10.573384,-12799.01,-12902.318,1.6144e-05,0.10203587,-1.1268926,18.822332,0.093965381,25.717873,4494.2681,0.17789911,22.533573
-1.256869,0.055608481,0.056726851,10.514192,-12819.845,-12924.794,1.616e-05,0.10228325,-1.1172305,18.867966,0.094037719,25.730391,4455.3394,0.17713127,22.54402
-1.2590314,0.05540413,0.056519698,10.45499,-12840.805,-12947.189,1.6176e-05,0.10286433,-1.1079814,18.975159,0.094109438,25.742773,4418.0747,0.17688222,22.554348
-1.2611858,0.055199441,0.056312185,10.395782,-12863.676,-12969.502,1.6192e-05,0.10238498,-1.0988055,18.886732,0.094180569,25.755018,4381.105,0.17799677,22.564554
-1.2633321,0.054994393,0.056104317,10.336566,-12886.677,-12991.733,1.6208e-05,0.10251059,-1.0892624,18.909904,0.094251096,25.767126,4342.6553,0.17763421,22.574642
-1.2654705,0.054788977,0.055896096,10.277344,-12908.962,-13013.883,1.6224e-05,0.10290903,-1.0797443,18.983404,0.094321005,25.779097,4304.3071,0.177857,22.58461
-1.2676008,0.054583207,0.055687521,10.218114,-12930.315,-13035.949,1.624e-05,0.10304081,-1.0706086,19.007713,0.094390318,25.79093,4267.499,0.1775341,22.594456
-1.2697231,0.054377086,0.055478591,10.158878,-12950.715,-13057.934,1.6256e-05,0.10278264,-1.0614871,18.960089,0.094459042,25.802624,4230.7485,0.17733024,22.604181
-1.2718372,0.054170642,0.055269316,10.099635,-12972.014,-13079.836,1.6272e-05,0.10315025,-1.0521091,19.027901,0.094527163,25.81418,4192.9648,0.1771514,22.613787
-1.2739434,0.053963859,0.055059686,10.040387,-12992.595,-13101.655,1.6288e-05,0.10301307,-1.0428008,19.002596,0.094594687,25.825598,4155.4614,0.17767754,22.62327
-1.2760415,0.053756744,0.054849714,9.9811316,-13013.828,-13123.393,1.6304e-05,0.10301539,-1.0337017,19.003021,0.094661616,25.836878,4118.8008,0.17769586,22.632633
-1.2781315,0.05354929,0.054639392,9.9218712,-13034.537,-13145.046,1.632e-05,0.10292675,-1.0244716,18.986673,0.094727956,25.848017,4081.613,0.17735465,22.641874
-1.2802134,0.053341504,0.054428726,9.8626051,-13054.971,-13166.617,1.6336e-05,0.10318262,-1.0152302,19.033871,0.0947937,25.859018,4044.3789,0.17816462,22.650993
-1.2822871,0.053133391,0.054217719,9.8033323,-13074.806,-13188.104,1.6352e-05,0.10319572,-1.0057691,19.036289,0.09485884,25.869879,4006.2603,0.17829402,22.65999
-1.2843528,0.052924961,0.054006364,9.7440557,-13095.861,-13209.509,1.6368e-05,0.1033722,-0.99655598,19.068844,0.094923384,25.8806,3969.1406,0.17838924,22.668865
-1.2864103,0.052716192,0.053794671,9.6847734,-13116.133,-13230.83,1.6384e-05,0.10313021,-0.987427,19.024204,0.094987325,25.89118,3932.3599,0.17748222,22.677618
-1.2884598,0.052507102,0.053582639,9.6254854,-13137.348,-13252.067,1.64e-05,0.10349705,-0.97803831,19.091875,0.095050678,25.901621,3894.5327,0.1778985,22.686249
-1.290501,0.05229767,0.053370267,9.5661926,-13157.779,-13273.221,1.6416e-05,0.10363654,-0.96879351,19.117605,0.095113434,25.911919,3857.2852,0.17857784,22.694756
-1.2925342,0.052087914,0.053157557,9.506896,-13178.338,-13294.29,1.6432e-05,0.10359339,-0.95964903,19.109644,0.095175587,25.922077,3820.4419,0.17800958,22.703138
-1.2945592,0.051877823,0.052944515,9.4475937,-13199.026,-13315.276,1.6448e-05,0.10353173,-0.95055681,19.098272,0.095237158,25.932093,3783.8093,0.17787652,22.711399
-1.296576,0.051667407,0.052731134,9.3882875,-13220.198,-13336.178,1.6464e-05,0.10391707,-0.94129932,19.169353,0.095298134,25.941967,3746.5107,0.17816767,22.719536
-1.2985847,0.051456653,0.052517422,9.3289776,-13239.599,-13356.995,1.648e-05,0.10337914,-0.93196023,19.070124,0.095358513,25.9517,3708.8838,0.17760003,22.727549
-1.3005853,0.051245585,0.052303378,9.2696629,-13259.557,-13377.729,1.6496e-05,0.10376833,-0.92282915,19.141916,0.095418297,25.96129,3672.0945,0.17798761,22.735437
-1.3025775,0.051034197,0.052089006,9.2103434,-13279.344,-13398.377,1.6512e-05,0.10380147,-0.91364014,19.148029,0.095477492,25.970737,3635.0718,0.17837642,22.743202
-1.3045616,0.050822496,0.051874302,9.151021,-13299.217,-13418.94,1.6528e-05,0.10370513,-0.90447563,19.130259,0.09553609,25.980042,3598.1479,0.17855464,22.750841
-1.3065376,0.050610468,0.051659271,9.0916939,-13319.667,-13439.42,1.6544e-05,0.10366505,-0.8950994,19.122866,0.095594101,25.989201,3560.3711,0.17885555,22.758356
-1.3085053,0.050398126,0.051443912,9.0323639,-13338.932,-13459.814,1.656e-05,0.10366274,-0.88601786,19.12244,0.095651507,25.998217,3523.7812,0.17857479,22.765745
-1.3104649,0.050185464,0.051228233,8.9730291,-13359.195,-13480.123,1.6576e-05,0.10405887,-0.8770718,19.195511,0.095708333,26.00709,3487.7375,0.17867854,22.773008
-1.3124162,0.049972486,0.051012225,8.9136915,-13379.541,-13500.348,1.6592e-05,0.10405039,-0.86772335,19.193949,0.09576457,26.015818,3450.0728,0.1791058,22.780146
-1.3143592,0.049759176,0.050795898,8.854351,-13399.564,-13520.486,1.6608e-05,0.10412129,-0.85842615,19.207027,0.095820211,26.024399,3412.6143,0.17860103,22.787157
-1.3162941,0.049545553,0.05057925,8.7950068,-13418.396,-13540.54,1.6624e-05,0.10401648,-0.84871912,19.187693,0.095875233,26.032837,3373.5046,0.1787817,22.794043
-1.3182206,0.04933162,0.050362282,8.7356586,-13437.29,-13560.508,1.664e-05,0.10414904,-0.83936816,19.212145,0.095929645,26.041128,3335.8293,0.17823969,22.8008
-1.3201391,0.04911739,0.050144996,8.6763077,-13455.381,-13580.39,1.6656e-05,0.10412129,-0.83017218,19.207027,0.095983461,26.049274,3298.7788,0.17885739,22.807432
-1.3220491,0.048902865,0.049927391,8.6169538,-13473.039,-13600.187,1.6672e-05,0.10415443,-0.82063299,19.21314,0.096036665,26.057272,3260.3452,0.17868099,22.813936
-1.323951,0.048688058,0.049709473,8.5575972,-13492.748,-13619.896,1.6688e-05,0.10445576,-0.81120026,19.268726,0.096089266,26.065125,3222.3408,0.17843868,22.820312
-1.3258446,0.048472937,0.049491242,8.4982376,-13512.973,-13639.521,1.6704e-05,0.10417139,-0.80197006,19.216269,0.096141264,26.07283,3185.1521,0.17945616,22.826561
-1.3277299,0.0482575,0.049272697,8.4388752,-13532.763,-13659.06,1.672e-05,0.10420992,-0.79249513,19.223375,0.09619265,26.080387,3146.9775,0.1786285,22.832682
-1.329607,0.048041735,0.04905384,8.3795099,-13553.512,-13678.512,1.6736e-05,0.1044103,-0.78280944,19.260338,0.096243426,26.087797,3107.9539,0.17887814,22.838673
-1.3314759,0.047825653,0.048834674,8.3201418,-13572.82,-13697.877,1.6752e-05,0.1045467,-0.77317125,19.285501,0.096293584,26.095057,3069.1213,0.1791058,22.844536
-1.3333364,0.047609255,0.048615199,8.2607708,-13588.897,-13717.156,1.6768e-05,0.10420838,-0.76397538,19.223091,0.09634313,26.102169,3032.0713,0.17938657,22.850269
-1.3351885,0.047392588,0.048395418,8.2013979,-13607.457,-13736.349,1.6784e-05,0.1044103,-0.7547946,19.260338,0.09639208,26.109133,2995.0818,0.1787817,22.855873
-1.3370324,0.047175631,0.048175331,8.1420212,-13625.47,-13755.455,1.68e-05,0.10427697,-0.74521029,19.235744,0.096440427,26.115946,2956.4663,0.1787286,22.861347
-1.3388681,0.046958387,0.047954939,8.0826435,-13644.683,-13774.474,1.6816e-05,0.10482029,-0.73548436,19.33597,0.096488155,26.122608,2917.2805,0.17849238,22.866692
-1.3406955,0.046740837,0.047734246,8.023263,-13662.962,-13793.405,1.6832e-05,0.10469236,-0.72581708,19.31237,0.096535258,26.12912,2878.3311,0.17876339,22.871904
-1.3425145,0.046522994,0.047513247,7.9638796,-13682.796,-13812.25,1.6848e-05,0.10433862,-0.71630025,19.247118,0.096581735,26.135481,2839.9878,0.17956725,22.876987
-1.3443253,0.046304833,0.047291953,7.9044938,-13701.895,-13831.008,1.6864e-05,0.10442263,-0.70657611,19.262613,0.0966276,26.141691,2800.8091,0.17917722,22.881939
-1.3461277,0.046086367,0.047070358,7.8451061,-13721.375,-13849.678,1.688e-05,0.10478253,-0.69688129,19.329004,0.096672833,26.147751,2761.7485,0.17900021,22.886757
-1.3479218,0.045867592,0.046848465,7.7857165,-13738.711,-13868.261,1.6896e-05,0.10468619,-0.68727803,19.311234,0.096717447,26.153656,2723.0569,0.17945738,22.891445
-1.3497076,0.045648534,0.046626277,7.7263241,-13756.744,-13886.756,1.6912e-05,0.10465845,-0.67757761,19.306114,0.096761443,26.159409,2683.9739,0.17891842,22.896
-1.3514851,0.045429189,0.046403795,7.6669297,-13774.143,-13905.163,1.6928e-05,0.10464612,-0.66782784,19.303841,0.096804805,26.16501,2644.6921,0.17863582,22.900423
-1.3532542,0.045209568,0.046181019,7.6075335,-13791.813,-13923.482,1.6944e-05,0.10477405,-0.6580413,19.32744,0.096847542,26.170456,2605.262,0.17917967,22.904711
-1.355015,0.044989657,0.045957949,7.5481348,-13809.589,-13941.714,1.696e-05,0.10487039,-0.64798111,19.345211,0.096889637,26.175749,2564.7292,0.17944334,22.908867
-1.3567675,0.044769466,0.045734592,7.4887342,-13829.426,-13959.857,1.6976e-05,0.10468697,-0.63857043,19.311375,0.096931107,26.180887,2526.8135,0.17845881,22.912889
-1.3585118,0.044548959,0.045510948,7.4293313,-13848.829,-13977.913,1.6992e-05,0.10496055,-0.62915236,19.361843,0.096971966,26.185869,2488.8679,0.17917661,22.916777
-1.3602476,0.044328146,0.045287013,7.3699269,-13866.893,-13995.88,1.7008e-05,0.10502221,-0.61981511,19.373217,0.097012222,26.190697,2451.2483,0.17944334,22.92053
-1.3619751,0.044107039,0.045062792,7.3105202,-13883.787,-14013.758,1.7024e-05,0.10463687,-0.61014664,19.302135,0.097051866,26.195368,2412.2939,0.1783575,22.924149
-1.3636943,0.043885663,0.044838287,7.2511115,-13899.525,-14031.549,1.704e-05,0.10477482,-0.60080451,19.327581,0.0970909,26.199884,2374.6543,0.17881405,22.927631
-1.3654051,0.043664027,0.044613499,7.1917009,-13915.331,-14049.25,1.7056e-05,0.10509388,-0.59104818,19.386438,0.097129315,26.204243,2335.3459,0.17865902,22.930977
-1.3671075,0.043442141,0.044388428,7.1322885,-13931.853,-14066.862,1.7072e-05,0.10469313,-0.58133286,19.312513,0.097167104,26.208443,2296.2029,0.17878902,22.934189
-1.3688017,0.043219991,0.044163078,7.0728736,-13947.951,-14084.387,1.7088e-05,0.10484572,-0.57177711,19.34066,0.097204275,26.212486,2257.7026,0.17958495,22.937262
-1.3704875,0.042997584,0.043937448,7.0134573,-13964.939,-14101.821,1.7104e-05,0.10474939,-0.56213373,19.322891,0.097240821,26.21637,2218.8494,0.17916928,22.940199
-1.3721648,0.042774908,0.043711543,6.9540391,-13981.141,-14119.167,1.712e-05,0.10486807,-0.55237854,19.344784,0.097276747,26.220097,2179.5457,0.17948118,22.942999
-1.3738339,0.042551968,0.043485358,6.894619,-13998.364,-14136.424,1.7136e-05,0.1047833,-0.54262197,19.329145,0.097312041,26.223661,2140.2363,0.17949644,22.945662
-1.3754946,0.042328756,0.043258902,6.835197,-14014.221,-14153.591,1.7152e-05,0.10487346,-0.53304744,19.345779,0.097346708,26.227068,2101.6604,0.17951719,22.948185
-1.377147,0.042105287,0.043032173,6.775773,-14031.809,-14170.669,1.7168e-05,0.10534589,-0.52374148,19.432924,0.097380772,26.230314,2064.1667,0.17950438,22.950569
-1.3787909,0.041881543,0.042805169,6.7163472,-14047.055,-14187.657,1.7184e-05,0.10550619,-0.51399535,19.462496,0.097414218,26.2334,2024.8994,0.18009827,22.952814
-1.3804265,0.041657548,0.042577896,6.65692,-14063.406,-14204.557,1.72e-05,0.1052272,-0.50416565,19.411032,0.097447038,26.236324,1985.2957,0.17958495,22.954922
-1.3820537,0.041433293,0.042350356,6.5974903,-14079.451,-14221.365,1.7216e-05,0.10483339,-0.49451104,19.338387,0.097479224,26.239086,1946.397,0.17949584,22.956888
-1.3836725,0.041208781,0.042122547,6.5380592,-14096,-14238.085,1.7232e-05,0.10524955,-0.48491168,19.415155,0.097510792,26.241686,1907.7212,0.17979492,22.958714
-1.3852829,0.040984008,0.041894469,6.4786263,-14111.055,-14254.714,1.7248e-05,0.10510621,-0.47533992,19.388712,0.097541749,26.244122,1869.1564,0.17897275,22.9604
-1.3868849,0.04075899,0.041666128,6.4191914,-14127.556,-14271.253,1.7264e-05,0.10501912,-0.46568391,19.372648,0.097572081,26.246395,1830.2523,0.17920652,22.961943
-1.3884785,0.04053371,0.041437525,6.3597546,-14142.593,-14287.702,1.728e-05,0.10512239,-0.45633352,19.391697,0.097601794,26.248503,1792.5793,0.17948607,22.963345
-1.3900638,0.040308189,0.041208662,6.3003163,-14158.084,-14304.062,1.7296e-05,0.10536669,-0.44673902,19.436764,0.097630903,26.250448,1753.9231,0.17843135,22.964605
-1.3916405,0.040082414,0.040979534,6.2408757,-14173.426,-14320.33,1.7312e-05,0.10540523,-0.43717211,19.443872,0.097659394,26.252228,1715.3779,0.18007264,22.965723
-1.393209,0.0398564,0.04075015,6.1814337,-14189.85,-14336.508,1.7328e-05,0.10545147,-0.42726323,19.452402,0.097687259,26.253841,1675.455,0.17951719,22.966698
-1.394769,0.039630119,0.040520512,6.1219897,-14205.451,-14352.596,1.7344e-05,0.10503531,-0.41767174,19.375633,0.097714491,26.255289,1636.8108,0.17915708,22.967527
-1.3963205,0.039403599,0.040290613,6.0625439,-14220.511,-14368.592,1.736e-05,0.10508078,-0.40830362,19.384022,0.097741112,26.256569,1599.0665,0.17924193,22.968216
-1.3978635,0.039176822,0.040060461,6.0030961,-14235.803,-14384.498,1.7376e-05,0.10566571,-0.39876381,19.491922,0.09776713,26.257683,1560.6305,0.17980041,22.968758
-1.3993981,0.038949814,0.039830055,5.9436469,-14250.922,-14400.313,1.7392e-05,0.10515091,-0.38890034,19.396957,0.097792514,26.258629,1520.8906,0.17948362,22.969156
-1.4009242,0.038722552,0.0395994,5.8841958,-14267.172,-14416.038,1.7408e-05,0.10528655,-0.37940189,19.421978,0.097817279,26.259407,1482.6212,0.17985596,22.969408
-1.4024419,0.038495041,0.039368492,5.8247428,-14282.636,-14431.671,1.7424e-05,0.10524185,-0.36985934,19.413733,0.097841427,26.260015,1444.1742,0.17906736,22.969515
-1.403951,0.038267273,0.039137337,5.7652879,-14297.967,-14447.213,1.744e-05,0.10501219,-0.36046687,19.371368,0.097864971,26.260454,1406.3319,0.17978026,22.969475
-1.4054517,0.038039267,0.038905933,5.7058311,-14313.811,-14462.664,1.7456e-05,0.10516247,-0.35070705,19.39909,0.097887889,26.260723,1367.0094,0.18037538,22.96929
-1.4069438,0.037811004,0.038674284,5.6463723,-14329.546,-14478.023,1.7472e-05,0.10516093,-0.3407315,19.398806,0.097910181,26.260822,1326.8179,0.17979309,22.968956
-1.4084274,0.037582494,0.038442392,5.5869122,-14346.073,-14493.291,1.7488e-05,0.10545687,-0.33095771,19.453396,0.097931832,26.26075,1287.4391,0.18000001,22.968473
-1.4099025,0.037353717,0.038210258,5.5274501,-14360.869,-14508.468,1.7504e-05,0.10558864,-0.32112473,19.477707,0.097952843,26.260506,1247.822,0.17954649,22.967846
-1.411369,0.037124701,0.037977882,5.4679861,-14376.209,-14523.553,1.752e-05,0.10518944,-0.3113209,19.404066,0.097973235,26.260088,1208.3224,0.17912045,22.967068
-1.4128269,0.036895439,0.037745263,5.4085202,-14390.077,-14538.546,1.7536e-05,0.10488503,-0.30153492,19.347912,0.097992986,26.259499,1168.8945,0.18001588,22.966141
-1.4142762,0.036665961,0.037512407,5.3490524,-14403.687,-14553.447,1.7552e-05,0.10519406,-0.2921761,19.404919,0.09801212,26.258736,1131.1877,0.17938231,22.965063
-1.415717,0.036436252,0.037279315,5.2895827,-14417.602,-14568.256,1.7568e-05,0.10496286,-0.28295568,19.36227,0.098030657,26.257799,1094.0386,0.17969543,22.963837
-1.4171492,0.036206331,0.037045989,5.2301111,-14432.035,-14582.974,1.7584e-05,0.10532508,-0.27324039,19.429087,0.09804859,26.256689,1054.8955,0.1808124,22.96246
-1.4185727,0.035976171,0.036812428,5.1706381,-14445.767,-14597.599,1.76e-05,0.10497365,-0.26332253,19.36426,0.098065883,26.255404,1014.9365,0.17914549,22.960932
-1.4199874,0.0357458,0.036578633,5.1111631,-14459.895,-14612.132,1.7616e-05,0.10543914,-0.25363305,19.450127,0.098082542,26.253941,975.8974,0.17973265,22.959251
-1.4213936,0.035515193,0.036344606,5.0516863,-14474.368,-14626.572,1.7632e-05,0.10515168,-0.24371491,19.3971,0.098098576,26.252302,935.93719,0.17917967,22.95742
-1.422791,0.035284363,0.036110353,4.9922075,-14489.682,-14640.921,1.7648e-05,0.10516863,-0.2338814,19.400227,0.098113969,26.250488,896.31787,0.17944944,22.955435
-1.4241798,0.035053287,0.035875868,4.9327269,-14504.038,-14655.177,1.7664e-05,0.10476403,-0.22393249,19.325592,0.098128721,26.248495,856.23358,0.17881589,22.953299
-1.4255598,0.034821983,0.03564116,4.8732443,-14518.516,-14669.34,1.768e-05,0.10493512,-0.21434534,19.357151,0.098142847,26.246326,817.60693,0.17973632,22.951008
-1.426931,0.034590442,0.035406224,4.8137603,-14532.137,-14683.41,1.7696e-05,0.10534666,-0.20475143,19.433067,0.098156363,26.243977,778.95294,0.17859371,22.948563
-1.4282933,0.034358684,0.035171065,4.7542739,-14546.41,-14697.388,1.7712e-05,0.10491586,-0.19526744,19.353598,0.098169252,26.241449,740.74188,0.17918332,22.945963
-1.4296471,0.034126695,0.034935687,4.6947861,-14560.459,-14711.273,1.7728e-05,0.10508078,-0.18551329,19.384022,0.098181523,26.238741,701.44232,0.17882015,22.943209
-1.4309918,0.03389449,0.034700084,4.6352963,-14574.356,-14725.065,1.7744e-05,0.10513164,-0.1760454,19.393404,0.098193184,26.235853,663.29608,0.17913876,22.9403
-1.4323277,0.033662055,0.034464266,4.5758047,-14588.034,-14738.765,1.776e-05,0.10499369,-0.16613817,19.367956,0.09820421,26.232784,623.37976,0.17942931,22.937233
-1.4336548,0.033429403,0.034228228,4.5163116,-14602.406,-14752.37,1.7776e-05,0.10468388,-0.15670538,19.310806,0.098214619,26.229534,585.375,0.17918028,22.934011
-1.434973,0.03319652,0.033991974,4.4568162,-14615.305,-14765.883,1.7792e-05,0.10517788,-0.14708833,19.401934,0.098224409,26.226103,546.62781,0.17969909,22.930632
-1.4362822,0.032963436,0.033755504,4.3973193,-14627.51,-14779.303,1.7808e-05,0.10489042,-0.13735338,19.348906,0.098233573,26.222488,507.40558,0.17968017,22.927095
-1.4375825,0.032730147,0.033518821,4.3378205,-14638.157,-14792.629,1.7824e-05,0.10468157,-0.1275311,19.310381,0.098242112,26.218691,467.83157,0.17901058,22.923401
-1.4388738,0.032496694,0.03328193,4.2783203,-14649.341,-14805.861,1.784e-05,0.10505535,-0.11786728,19.37933,0.098250024,26.21471,428.89597,0.17951475,22.919548
-1.440156,0.032263052,0.033044826,4.2188182,-14661.956,-14819.001,1.7856e-05,0.10484958,-0.10768803,19.341372,0.098257296,26.210543,387.88367,0.17886594,22.915535
-1.4414293,0.032029215,0.03280751,4.1593142,-14675.466,-14832.046,1.7872e-05,0.10523414,-0.097900786,19.412312,0.098263919,26.206192,348.45078,0.17866756,22.911364
-1.4426934,0.031795163,0.032569993,4.0998082,-14687.017,-14844.998,1.7888e-05,0.10493512,-0.088004559,19.357151,0.09826991,26.201656,308.57877,0.17894894,22.907032
-1.4439484,0.031560928,0.032332268,4.0403008,-14699.368,-14857.856,1.7904e-05,0.10476789,-0.078007467,19.326302,0.098275259,26.196934,268.30038,0.17889768,22.90254
-1.4451944,0.031326488,0.032094337,3.9807918,-14712.411,-14870.62,1.792e-05,0.10493743,-0.068219036,19.357578,0.098279975,26.192026,228.86272,0.17903928,22.897888
-1.4464312,0.031091848,0.031856202,3.9212809,-14725.37,-14883.291,1.7936e-05,0.10508463,-0.058442578,19.384731,0.098284058,26.18693,189.4733,0.17847835,22.893074
-1.4476588,0.030856995,0.031617869,3.8617685,-14737.512,-14895.867,1.7952e-05,0.10475941,-0.048766211,19.324739,0.098287515,26.181646,150.48712,0.17875241,22.888098
-1.4488771,0.03062195,0.031379335,3.8022542,-14750.522,-14908.35,1.7968e-05,0.10471857,-0.038785703,19.317204,0.098290339,26.176174,110.27557,0.17912962,22.882957
-1.4500864,0.030386698,0.031140603,3.7427385,-14761.08,-14920.737,1.7984e-05,0.10460296,-0.028824,19.295879,0.098292515,26.170513,70.139778,0.1784167,22.877657
-1.4512862,0.030151272,0.030901676,3.6832213,-14773.075,-14933.031,1.8e-05,0.10469005,-0.019166712,19.311943,0.098294064,26.164663,31.230482,0.17923887,22.87219
-1.4524767,0.029915657,0.030662552,3.6237023,-14783.87,-14945.23,1.8016e-05,0.10482723,-0.0091819186,19.33725,0.098294973,26.158623,-8.9983377,0.17859004,22.866562
-1.4536581,0.029679868,0.030423233,3.5641818,-14795.454,-14957.336,1.8032e-05,0.10459294,0.00050141325,19.294031,0.098295256,26.152391,-48.012566,0.17882687,22.860767
-1.4548299,0.029443892,0.030183725,3.5046599,-14806.692,-14969.347,1.8048e-05,0.10452204,0.010177606,19.280952,0.098294914,26.145969,-86.998032,0.17959104,22.854809
-1.4559925,0.029207738,0.029944025,3.4451365,-14819.533,-14981.263,1.8064e-05,0.10441107,0.01975828,19.260481,0.098293945,26.139355,-125.59866,0.17893063,22.848686
-1.4571457,0.02897138,0.029704135,3.3856115,-14830.399,-14993.084,1.808e-05,0.1043918,0.029469734,19.256926,0.098292358,26.132549,-164.72618,0.17870419,22.842396
-1.4582894,0.02873485,0.029464059,3.3260851,-14841.157,-15004.811,1.8096e-05,0.1043864,0.039393708,19.255932,0.098290138,26.125551,-204.70996,0.17861019,22.835939
-1.4594235,0.028498137,0.029223794,3.2665575,-14853,-15016.442,1.8112e-05,0.10440182,0.048858132,19.258774,0.098287292,26.118359,-242.84222,0.17846797,22.829315
-1.4605483,0.028261246,0.028983347,3.2070284,-14864.926,-15027.979,1.8128e-05,0.10435481,0.058341905,19.250103,0.098283842,26.110971,-281.05243,0.17839411,22.822525
-1.4616635,0.028024161,0.028742716,3.1474979,-14874.771,-15039.422,1.8144e-05,0.10451819,0.067777961,19.280241,0.098279774,26.103392,-319.07037,0.17827754,22.815565
-1.4627692,0.027786918,0.028501904,3.0879662,-14885.171,-15050.77,1.816e-05,0.10409123,0.077537201,19.201483,0.098275088,26.095615,-358.39041,0.17859188,22.808439
-1.4638653,0.027549502,0.028260911,3.0284333,-14896.319,-15062.021,1.8176e-05,0.10412129,0.087346926,19.207027,0.098269776,26.087643,-397.91391,0.17833491,22.801144
-1.4649518,0.027311916,0.028019741,2.968899,-14908.018,-15073.178,1.8192e-05,0.10406581,0.097206973,19.196791,0.09826383,26.079475,-437.64014,0.17844599,22.793678
-1.4660286,0.02707414,0.027778393,2.9093637,-14918.555,-15084.24,1.8208e-05,0.10398874,0.10694565,19.182575,0.098257251,26.071112,-476.87735,0.17854977,22.786043
-1.4670959,0.026836196,0.027536869,2.8498273,-14929.623,-15095.206,1.8224e-05,0.10413671,0.11667891,19.209869,0.098250039,26.06255,-516.09271,0.17799005,22.778236
-1.4681534,0.026598072,0.027295172,2.7902899,-14940.125,-15106.077,1.824e-05,0.1038793,0.12630188,19.162388,0.098242208,26.053791,-554.86377,0.17810725,22.770262
-1.4692012,0.026359785,0.027053302,2.7307513,-14950.73,-15116.854,1.8256e-05,0.10385773,0.13599326,19.158407,0.098233752,26.044832,-593.9104,0.17847835,22.762114
-1.4702394,0.026121326,0.026811263,2.6712117,-14959.083,-15127.533,1.8272e-05,0.10415828,0.14533262,19.21385,0.098224685,26.035677,-631.53882,0.17813715,22.753794
-1.4712677,0.02588273,0.026569052,2.6116712,-14968.231,-15138.118,1.8288e-05,0.10400338,0.15485467,19.185276,0.098215014,26.026321,-669.9032,0.17757379,22.745302
-1.4722863,0.025643986,0.026326675,2.55213,-14976.377,-15148.607,1.8304e-05,0.10438871,0.16440763,19.256357,0.098204717,26.016766,-708.39215,0.17840816,22.736639
-1.4732952,0.025405115,0.026084131,2.4925878,-14985.736,-15159.001,1.832e-05,0.1035248,0.17378141,19.096992,0.098193817,26.00701,-746.15924,0.17809199,22.727802
-1.4742943,0.025166091,0.025841421,2.4330449,-14993.783,-15169.298,1.8336e-05,0.10386389,0.18329999,19.159544,0.098182313,25.997051,-784.50964,0.17797723,22.718792
-1.4752835,0.02492694,0.02559855,2.3735013,-15003.254,-15179.5,1.8352e-05,0.10331594,0.1929829,19.058466,0.098170184,25.986895,-823.52216,0.17698599,22.709606
-1.4762629,0.024687633,0.025355516,2.3139572,-15013.122,-15189.605,1.8368e-05,0.10369897,0.20266478,19.129122,0.098157428,25.976534,-862.53058,0.17779352,22.700247
-1.4772325,0.024448181,0.025112322,2.2544124,-15021.542,-15199.616,1.8384e-05,0.10369665,0.21238543,19.128695,0.098144054,25.965971,-901.69519,0.17772759,22.690714
-1.4781921,0.024208577,0.024868969,2.1948671,-15030.608,-15209.53,1.84e-05,0.10370591,0.22201465,19.130402,0.098130047,25.955206,-940.49139,0.17793573,22.681004
-1.479142,0.023968842,0.02462546,2.1353211,-15040.153,-15219.348,1.8416e-05,0.10357489,0.23182671,19.106234,0.098115422,25.944237,-980.02423,0.17761223,22.67112
-1.4800819,0.023728946,0.024381794,2.0757751,-15049.304,-15229.069,1.8432e-05,0.10334292,0.24176443,19.063442,0.098100156,25.933064,-1020.0634,0.17774041,22.661057
-1.4810119,0.023488911,0.024137976,2.0162287,-15058.576,-15238.695,1.8448e-05,0.10340534,0.25132382,19.074957,0.098084264,25.921686,-1058.5782,0.17671865,22.65082
-1.481932,0.023248719,0.023894005,1.9566818,-15067.654,-15248.225,1.8464e-05,0.10360109,0.26097327,19.111067,0.098067753,25.910105,-1097.4561,0.17810847,22.640404
-1.4828422,0.023008391,0.023649881,1.8971349,-15076.792,-15257.657,1.848e-05,0.10308089,0.27049106,19.015106,0.098050624,25.898317,-1135.8032,0.17775811,22.62981
-1.4837425,0.022767905,0.02340561,1.8375878,-15086.761,-15266.994,1.8496e-05,0.10307472,0.28019461,19.013969,0.098032869,25.886324,-1174.8989,0.1775756,22.61904
-1.4846327,0.022527274,0.02316119,1.7780408,-15095.66,-15276.234,1.8512e-05,0.10304775,0.28993183,19.008993,0.098014496,25.874125,-1214.1304,0.17723624,22.608091
-1.4855132,0.022286488,0.022916622,1.7184938,-15104.43,-15285.378,1.8528e-05,0.10311017,0.30004951,19.020508,0.097995475,25.861719,-1254.8945,0.17780206,22.596962
-1.4863837,0.022045571,0.022671912,1.6589469,-15112.428,-15294.425,1.8544e-05,0.10276106,0.30978578,18.956108,0.09797582,25.849106,-1294.1221,0.1765569,22.585655
-1.4872441,0.021804515,0.022427058,1.5994003,-15120.592,-15303.375,1.856e-05,0.10287897,0.31947362,18.977859,0.09795554,25.836285,-1333.1544,0.17718986,22.574169
-1.4880947,0.02156334,0.022182062,1.5398538,-15127.972,-15312.229,1.8576e-05,0.10321807,0.32871354,19.040411,0.097934648,25.823256,-1370.3822,0.17661123,22.562502
-1.4889354,0.021322036,0.021936927,1.4803078,-15134.195,-15320.986,1.8592e-05,0.10303619,0.33863866,19.006861,0.097913139,25.810019,-1410.3706,0.17726126,22.550655
-1.4897661,0.021080635,0.021691652,1.4207623,-15142.355,-15329.646,1.8608e-05,0.10264315,0.34856433,18.934357,0.097890988,25.796574,-1450.3611,0.1770574,22.538626
-1.4905869,0.020839103,0.021446241,1.3612173,-15150.541,-15338.21,1.8624e-05,0.10242967,0.35839987,18.894978,0.097868197,25.782917,-1489.9885,0.17741081,22.526417
-1.4913977,0.020597445,0.021200694,1.3016728,-15159.096,-15346.677,1.864e-05,0.10251368,0.36853713,18.910473,0.097844772,25.769053,-1530.8318,0.17728263,22.514027
-1.4921987,0.020355647,0.020955013,1.2421292,-15166.276,-15355.047,1.8656e-05,0.10219693,0.37838289,18.852045,0.097820692,25.754976,-1570.5004,0.17656301,22.501453
-1.4929897,0.020113735,0.0207092,1.1825863,-15174.26,-15363.319,1.8672e-05,0.10249441,0.38820347,18.906919,0.097795986,25.74069,-1610.0675,0.17608936,22.488697
-1.4937708,0.019871691,0.020463256,1.1230444,-15181.805,-15371.495,1.8688e-05,0.102442,0.39784589,18.897253,0.097770646,25.726194,-1648.917,0.17677358,22.47576
-1.4945421,0.019629531,0.020217184,1.0635034,-15191.8,-15379.573,1.8704e-05,0.10209752,0.40718418,18.833706,0.097744703,25.711485,-1686.541,0.17738213,22.462639
-1.4953034,0.01938721,0.019970981,1.0039636,-15200.731,-15387.555,1.872e-05,0.10217844,0.41640073,18.848633,0.097718157,25.696566,-1723.6747,0.17604481,22.449335
-1.496055,0.019144753,0.019724656,0.94442493,-15208.567,-15395.439,1.8736e-05,0.10201351,0.42614013,18.818209,0.097691,25.681433,-1762.9147,0.17725395,22.435846
-1.4967966,0.01890216,0.019478204,0.88488758,-15215.648,-15403.227,1.8752e-05,0.10189252,0.43585739,18.795889,0.097663216,25.66609,-1802.0657,0.17702323,22.422174
-1.4975286,0.018659461,0.019231629,0.82535166,-15222.481,-15410.916,1.8768e-05,0.10205127,0.44551706,18.825176,0.097634807,25.650532,-1840.9845,0.17668203,22.408318
-1.4982506,0.018416643,0.018984932,0.76581717,-15229.256,-15418.509,1.8784e-05,0.1017985,0.45479494,18.778545,0.097605787,25.634762,-1878.3652,0.17663319,22.394276
-1.4989629,0.018173724,0.018738117,0.70628434,-15237.116,-15426.003,1.88e-05,0.10150025,0.46420559,18.723528,0.097576164,25.618776,-1916.2808,0.17635426,22.380049
-1.4996655,0.017930675,0.018491182,0.64675319,-15244.12,-15433.401,1.8816e-05,0.10165592,0.47385707,18.752245,0.097545929,25.602579,-1955.1667,0.17613086,22.365637
-1.5003582,0.01768752,0.018244131,0.58722389,-15251.012,-15440.701,1.8832e-05,0.10146711,0.48311397,18.717415,0.097515084,25.586166,-1992.4629,0.17690298,22.351038
-1.5010414,0.017444246,0.017996965,0.52769655,-15257.557,-15447.903,1.8848e-05,0.10157192,0.4925665,18.73675,0.097483635,25.56954,-2030.5471,0.17599536,22.336254
-1.5017148,0.017200876,0.017749684,0.46817118,-15263.808,-15455.009,1.8864e-05,0.10136384,0.50214005,18.698366,0.097451575,25.552698,-2069.1189,0.17661062,22.321285
-1.5023786,0.016957395,0.017502293,0.40864798,-15269.595,-15462.016,1.888e-05,0.1014278,0.51179743,18.710165,0.097418897,25.535641,-2108.0288,0.17618152,22.306128
-1.5030328,0.016713832,0.017254788,0.34912705,-15275.656,-15468.926,1.8896e-05,0.10121124,0.52117532,18.670218,0.0973856,25.518368,-2145.8123,0.17582446,22.290783
-1.5036774,0.016470158,0.017007178,0.28960851,-15282.311,-15475.737,1.8912e-05,0.10111877,0.53051877,18.653158,0.0973517,25.500879,-2183.4573,0.17565905,22.275251
-1.5043124,0.016226394,0.016759459,0.23009245,-15288.419,-15482.451,1.8928e-05,0.10082283,0.54037696,18.598566,0.097317182,25.483175,-2223.176,0.17572375,22.259533
-1.5049379,0.01598252,0.016511634,0.17057902,-15293.908,-15489.067,1.8944e-05,0.10102166,0.54996556,18.635244,0.097282037,25.465254,-2261.8086,0.17601123,22.243626
-1.505554,0.015738565,0.016263703,0.1110683,-15300.224,-15495.586,1.896e-05,0.10088911,0.55940193,18.610792,0.097246282,25.447117,-2299.8276,0.17646351,22.227531
-1.5061605,0.015494502,0.016015671,0.051560443,-15306.507,-15502.007,1.8976e-05,0.10073112,0.56887335,18.58165,0.097209916,25.428762,-2337.988,0.17579211,22.211248
-1.5067576,0.015250348,0.015767539,-0.0079444461,-15313.067,-15508.33,1.8992e-05,0.1006502,0.57839155,18.566721,0.097172938,25.410191,-2376.3369,0.17568286,22.194777
-1.5073454,0.01500608,0.015519305,-0.067446239,-15319.441,-15514.555,1.9008e-05,0.100587,0.58795017,18.555065,0.097135343,25.391401,-2414.8489,0.17465438,22.178118
-1.5079238,0.014761719,0.015270974,-0.12694481,-15326.04,-15520.682,1.9024e-05,0.10062939,0.59723824,18.562883,0.097097144,25.372395,-2452.2705,0.17432967,22.161268
-1.5084931,0.014517246,0.015022547,-0.18644005,-15331.386,-15526.71,1.904e-05,0.10011304,0.60676384,18.467634,0.097058333,25.35317,-2490.6492,0.17432539,22.14423
-1.5090529,0.014272691,0.014774024,-0.2459318,-15337.104,-15532.641,1.9056e-05,0.099949658,0.6163429,18.437494,0.097018912,25.333729,-2529.2434,0.1745854,22.127001
-1.5096036,0.01402804,0.014525409,-0.30541998,-15341.352,-15538.474,1.9072e-05,0.10026718,0.62606442,18.496067,0.096978866,25.314068,-2568.4116,0.17525437,22.109583
-1.5101451,0.013783322,0.014276702,-0.3649044,-15347.05,-15544.208,1.9088e-05,0.10008838,0.63601828,18.463085,0.096938185,25.294188,-2608.5156,0.17503403,22.091976
-1.5106775,0.013538511,0.014027905,-0.42438501,-15351.673,-15549.844,1.9104e-05,0.10005678,0.6458813,18.457256,0.096896872,25.27409,-2648.2539,0.17529039,22.074177
-1.5112007,0.01329363,0.013779018,-0.4838616,-15356.701,-15555.382,1.912e-05,0.099928848,0.65549242,18.433657,0.096854925,25.253773,-2686.9771,0.17461653,22.056189
-1.5117149,0.013048663,0.013530045,-0.54333407,-15361.726,-15560.822,1.9136e-05,0.099752367,0.66544557,18.4011,0.096812345,25.233236,-2727.0786,0.17484787,22.03801
-1.5122201,0.012803621,0.013280987,-0.60280234,-15368.109,-15566.163,1.9152e-05,0.099671446,0.67545426,18.386173,0.096769124,25.212481,-2767.4036,0.17417097,22.019642
-1.5127163,0.012558473,0.013031844,-0.66226619,-15373.146,-15571.406,1.9168e-05,0.099588215,0.68496859,18.370821,0.096725278,25.191505,-2805.7368,0.17505418,22.001081
-1.5132036,0.012313253,0.012782619,-0.72172552,-15377.449,-15576.551,1.9184e-05,0.099652953,0.69490796,18.382761,0.096680805,25.170311,-2845.7827,0.17417829,21.98233
-1.513682,0.01206795,0.012533314,-0.7811802,-15382.282,-15581.598,1.92e-05,0.099631377,0.70471674,18.37878,0.096635692,25.148897,-2885.3022,0.1743205,21.963388
-1.5141516,0.01182258,0.012283929,-0.84063005,-15387.641,-15586.546,1.9216e-05,0.099218294,0.71450055,18.302582,0.096589945,25.127262,-2924.7214,0.1738615,21.944254
-1.5146124,0.011577121,0.012034466,-0.90007502,-15390.639,-15591.396,1.9232e-05,0.099077262,0.72434705,18.276566,0.096543565,25.105408,-2964.3931,0.17397504,21.924929
-1.5150644,0.011331615,0.011784928,-0.95951492,-15394.096,-15596.146,1.9248e-05,0.099344686,0.73403472,18.325897,0.09649656,25.083334,-3003.4246,0.17392804,21.905413
-1.5155077,0.011086045,0.011535315,-1.0189496,-15398.239,-15600.799,1.9264e-05,0.098976307,0.74386686,18.257942,0.096448928,25.061039,-3043.0386,0.17337871,21.885704
-1.5159423,0.010840419,0.011285629,-1.0783789,-15403.222,-15605.353,1.928e-05,0.098923132,0.75372434,18.248133,0.096400656,25.038525,-3082.7544,0.17318766,21.865805
-1.5163683,0.010594707,0.011035873,-1.1378028,-15406.984,-15609.808,1.9296e-05,0.098574013,0.76358455,18.183733,0.09635175,25.015791,-3122.4812,0.17296426,21.845713
-1.5167857,0.010348946,0.010786046,-1.197221,-15408.834,-15614.165,1.9312e-05,0.098604068,0.773323,18.189278,0.096302211,24.992834,-3161.7178,0.17294961,21.82543
-1.5171945,0.010103134,0.010536151,-1.2566335,-15411.773,-15618.423,1.9328e-05,0.098671116,0.78318924,18.201645,0.096252039,24.969658,-3201.4688,0.17338176,21.804955
-1.5175948,0.0098572923,0.01028619,-1.31604,-15414.869,-15622.583,1.9344e-05,0.098332793,0.79283655,18.139235,0.096201241,24.946262,-3240.3379,0.17296365,21.784286
-1.5179867,0.0096113905,0.010036164,-1.3754406,-15417.288,-15626.644,1.936e-05,0.097638421,0.80233467,18.011147,0.096149825,24.922646,-3278.6057,0.17357524,21.763426
-1.51837,0.0093654562,0.009786074,-1.434835,-15421.135,-15630.605,1.9376e-05,0.098006032,0.81218582,18.078959,0.09609779,24.898808,-3318.2961,0.17264503,21.742374
-1.5187449,0.0091194548,0.0095359227,-1.4942229,-15424.975,-15634.469,1.9392e-05,0.097599886,0.82239133,18.004038,0.096045099,24.874748,-3359.4143,0.17207374,21.72113
-1.5191115,0.0088734021,0.0092857108,-1.5536044,-15428.808,-15638.233,1.9408e-05,0.097617611,0.83211952,18.007307,0.095991775,24.85047,-3398.6094,0.17238563,21.699694
-1.5194697,0.0086272797,0.0090354402,-1.6129792,-15431.409,-15641.899,1.9424e-05,0.097342484,0.84206128,17.956554,0.095937811,24.82597,-3438.6648,0.17258035,21.678064
-1.5198195,0.0083811199,0.0087851128,-1.6723473,-15434.813,-15645.467,1.944e-05,0.097448841,0.85159135,17.976173,0.09588322,24.80125,-3477.0615,0.1716776,21.656242
-1.5201612,0.0081348997,0.0085347295,-1.7317084,-15437.846,-15648.935,1.9456e-05,0.097119763,0.86068344,17.91547,0.095828034,24.776308,-3513.6936,0.17165685,21.634228
-1.5204945,0.0078886384,0.0082842931,-1.7910625,-15442.043,-15652.304,1.9472e-05,0.096801475,0.87020689,17.856756,0.095772244,24.751146,-3552.0637,0.17242165,21.612022
-1.5208194,0.0076423017,0.0080338037,-1.8504093,-15446.869,-15655.574,1.9488e-05,0.096950985,0.87966388,17.884336,0.095715836,24.725765,-3590.1658,0.17200293,21.589622
-1.5211363,0.0073959008,0.0077832639,-1.9097488,-15451.271,-15658.746,1.9504e-05,0.096659675,0.88921845,17.830599,0.095658824,24.700161,-3628.6614,0.17244667,21.567032
-1.5214449,0.0071494211,0.0075326748,-1.9690808,-15453.458,-15661.819,1.952e-05,0.096649654,0.89860982,17.828751,0.095601201,24.674339,-3666.4993,0.17214453,21.544249
-1.5217453,0.0069029089,0.0072820378,-2.028405,-15456.104,-15664.793,1.9536e-05,0.09650939,0.90864199,17.802876,0.095542945,24.648294,-3706.9192,0.17215431,21.521273
-1.5220375,0.0066563459,0.0070313551,-2.0877216,-15458.519,-15667.668,1.9552e-05,0.096290521,0.91798395,17.762501,0.09548407,24.62203,-3744.5576,0.17190222,21.498106
-1.5223217,0.0064097554,0.0067806281,-2.1470301,-15460.553,-15670.443,1.9568e-05,0.096004605,0.92732686,17.709759,0.095424592,24.595547,-3782.2004,0.17143041,21.474745
-1.5225976,0.0061631193,0.0065298583,-2.2063305,-15462.763,-15673.12,1.9584e-05,0.096339844,0.9367466,17.771601,0.095364511,24.568842,-3820.1528,0.17130101,21.451193
-1.5228654,0.00591646,0.0062790471,-2.2656226,-15465.089,-15675.698,1.96e-05,0.095916748,0.94644147,17.693552,0.095303811,24.541918,-3859.2134,0.1712302,21.427448
-1.5231252,0.0056697531,0.0060281963,-2.3249063,-15466.927,-15678.178,1.9616e-05,0.095526017,0.9561792,17.621475,0.095242485,24.514774,-3898.4468,0.17037386,21.403513
-1.5233767,0.0054230266,0.0057773073,-2.3841817,-15468.893,-15680.557,1.9632e-05,0.095768005,0.96577203,17.666115,0.095180534,24.48741,-3937.0964,0.17117833,21.379385
-1.5236201,0.0051762545,0.005526382,-2.4434481,-15472.316,-15682.838,1.9648e-05,0.095543742,0.97534811,17.624744,0.095117971,24.459826,-3975.6785,0.17099033,21.355064
-1.5238556,0.0049294466,0.0052754213,-2.5027058,-15474.612,-15685.02,1.9664e-05,0.095758758,0.9849931,17.66441,0.095054783,24.432022,-4014.5383,0.17057894,21.330553
-1.5240828,0.0046825861,0.005024428,-2.5619545,-15476.693,-15687.103,1.968e-05,0.095250115,0.99414766,17.570581,0.094990991,24.404001,-4051.4221,0.17119053,21.305849
-1.5243019,0.0044357036,0.0047734026,-2.6211939,-15479.094,-15689.086,1.9696e-05,0.09533643,1.0034494,17.586502,0.094926603,24.375759,-4088.8992,0.17019013,21.280954
-1.5245129,0.0041887709,0.0045223469,-2.680424,-15481.945,-15690.971,1.9712e-05,0.094914876,1.0128909,17.508739,0.094861619,24.3473,-4126.939,0.1702591,21.255869
-1.5247158,0.003941806,0.0042712628,-2.7396448,-15484.715,-15692.756,1.9728e-05,0.094550349,1.0224768,17.441496,0.094796009,24.318621,-4165.5601,0.17045198,21.230593
-1.5249106,0.0036947867,0.0040201517,-2.7988558,-15486.166,-15694.442,1.9744e-05,0.094482534,1.0317852,17.428986,0.094729796,24.289722,-4203.064,0.17011139,21.205124
-1.5250973,0.0034477517,0.0037690152,-2.8580573,-15487.766,-15696.029,1.976e-05,0.094518751,1.0412148,17.435667,0.094662979,24.260607,-4241.0562,0.17014924,21.179464
-1.5252757,0.0032006777,0.003517855,-2.9172487,-15490.695,-15697.517,1.9776e-05,0.09424825,1.0508006,17.385767,0.094595551,24.231272,-4279.6768,0.16984649,21.153616
-1.5254459,0.0029535722,0.0032666726,-2.9764302,-15493.956,-15698.906,1.9792e-05,0.094273679,1.0602895,17.390459,0.094527505,24.201721,-4317.9082,0.16954863,21.127575
-1.5256081,0.0027064071,0.0030154693,-3.0356014,-15495.484,-15700.195,1.9808e-05,0.093826689,1.06949,17.308004,0.094458856,24.171951,-4354.9766,0.16925383,21.101345
-1.525762,0.0024592213,0.0027642471,-3.0947621,-15497.738,-15701.386,1.9824e-05,0.09362863,1.078742,17.271469,0.094389617,24.141964,-4392.2539,0.16918668,21.074924
-1.5259075,0.0022119919,0.0025130075,-3.1539125,-15499.556,-15702.478,1.984e-05,0.093700305,1.0883027,17.284689,0.094319768,24.111761,-4430.7739,0.16836023,21.048315
-1.526045,0.0019647451,0.002261752,-3.2130523,-15500.241,-15703.47,1.9856e-05,0.093255624,1.0978031,17.202662,0.094249308,24.081341,-4469.0508,0.1689169,21.021515
-1.5261741,0.0017174731,0.0020104821,-3.272181,-15500.347,-15704.362,1.9872e-05,0.093317278,1.1074588,17.214033,0.09417823,24.050703,-4507.9541,0.16905241,20.994526
-1.5262948,0.0014702078,0.0017591998,-3.3312991,-15501.102,-15705.156,1.9888e-05,0.093374312,1.116708,17.224554,0.09410654,24.019852,-4545.2192,0.16814233,20.967346
-1.5264074,0.0012229239,0.0015079061,-3.3904061,-15500.877,-15705.851,1.9904e-05,0.093495302,1.1258109,17.246874,0.094034255,23.988783,-4581.8945,0.16959807,20.93998
-1.5265114,0.00097564788,0.001256603,-3.4495018,-15501.978,-15706.446,1.992e-05,0.092982806,1.134841,17.152334,0.093961388,23.957499,-4618.2764,0.16831324,20.912424
-1.5266072,0.00072835188,0.0010052919,-3.5085859,-15501.454,-15706.942,1.9936e-05,0.0927177,1.1441562,17.10343,0.093887933,23.925999,-4655.8081,0.1680752,20.88468
-1.5266944,0.00048106667,0.00075397448,-3.5676587,-15501.771,-15707.339,1.9952e-05,0.09255971,1.1534982,17.074287,0.093813874,23.894285,-4693.4468,0.16837916,20.856749
-1.5267732,0.00023377257,0.00050265231,-3.62672,-15500.763,-15707.637,1.9968e-05,0.092197493,1.162913,17.007471,0.093739212,23.862356,-4731.3789,0.16773278,20.828629
-1.5268434,-1.3504453e-05,0.00025132694,-3.6857691,-15501.773,-15707.835,1.9984e-05,0.092265315,1.1724646,17.019981,0.093663938,23.830214,-4769.8628,0.16751549,20.80032
-1.5269052,-0.00026079619,1.2251485e-17,-3.7448065,-15500.849,-15707.935,2e-05,0.092059545,1.1814225,16.982023,0.093588069,23.797857,-4805.9536,0.16784631,20.771826
-1.5269583,-0.00050807436,-0.00025132694,-3.8038316,-15501.76,-15707.935,2.0016e-05,0.09152393,1.1906807,16.883219,0.093511611,23.765287,-4843.2559,0.16756554,20.743145
-1.5270028,-0.00075536594,-0.00050265231,-3.8628447,-15500.378,-15707.835,2.0032e-05,0.091498502,1.1998392,16.878529,0.093434557,23.732506,-4880.1553,0.16698691,20.714277
-1.5270387,-0.0010026344,-0.00075397448,-3.9218452,-15499.636,-15707.637,2.0048e-05,0.091267295,1.2092377,16.835878,0.093356907,23.699511,-4918.022,0.16680746,20.685223
-1.5270659,-0.0012498996,-0.0010052919,-3.9808333,-15499.105,-15707.339,2.0064e-05,0.090938993,1.2187396,16.775316,0.093278646,23.666306,-4956.3052,0.1671627,20.655983
-1.5270842,-0.0014971442,-0.001256603,-4.0398088,-15498.383,-15706.942,2.008e-05,0.091269612,1.2281811,16.836306,0.093199782,23.632887,-4994.3447,0.16696738,20.626558
-1.5270938,-0.0017443871,-0.0015079061,-4.0987711,-15496.269,-15706.446,2.0096e-05,0.090767905,1.2372378,16.743757,0.093120314,23.599257,-5030.8345,0.16656452,20.596949
-1.5270946,-0.0019915903,-0.0017591998,-4.157721,-15494.987,-15705.851,2.0112e-05,0.091010667,1.2463696,16.788538,0.093040265,23.565416,-5067.6265,0.16667196,20.567152
-1.5270864,-0.0022387835,-0.0020104821,-4.2166576,-15494.747,-15705.156,2.0128e-05,0.090256177,1.2553989,16.649361,0.092959628,23.531366,-5104.0054,0.1668044,20.537174
-1.5270693,-0.0024859589,-0.002261752,-4.2755809,-15494.885,-15704.362,2.0144e-05,0.090275444,1.2645992,16.652914,0.092878401,23.497107,-5141.0742,0.16684714,20.507011
-1.5270433,-0.002733143,-0.0025130075,-4.3344908,-15493.079,-15703.47,2.016e-05,0.090404145,1.273872,16.676655,0.092796579,23.462637,-5178.4341,0.16614887,20.476664
-1.5270082,-0.0029802963,-0.0027642471,-4.3933873,-15492.597,-15702.478,2.0176e-05,0.089902446,1.2831647,16.584106,0.092714161,23.427959,-5215.8745,0.1664394,20.446135
-1.5269641,-0.0032274465,-0.0030154693,-4.45227,-15491.021,-15701.387,2.0192e-05,0.089639641,1.2926924,16.535629,0.092631139,23.393074,-5254.2617,0.16583636,20.415422
-1.5269108,-0.003474562,-0.0032666726,-4.5111389,-15488.783,-15700.196,2.0208e-05,0.089691281,1.3017894,16.545155,0.092547514,23.357981,-5290.9136,0.1656795,20.384529
-1.5268483,-0.0037216591,-0.003517855,-4.569994,-15488.092,-15698.906,2.0224e-05,0.089276657,1.3109444,16.46867,0.0924633,23.32268,-5327.7988,0.16560321,20.353453
-1.5267767,-0.0039687278,-0.0037690152,-4.6288352,-15487.69,-15697.518,2.024e-05,0.089309029,1.3197122,16.47464,0.092378505,23.287172,-5363.1245,0.16508256,20.322195
-1.5266957,-0.0042157983,-0.0040201517,-4.6876621,-15485.44,-15696.029,2.0256e-05,0.089110196,1.3288276,16.437962,0.092293136,23.251459,-5399.8511,0.16497269,20.290758
-1.5266056,-0.0044628298,-0.0042712628,-4.7464747,-15484.588,-15694.442,2.0272e-05,0.088927545,1.3380553,16.40427,0.092207178,23.21554,-5437.0288,0.1650209,20.25914
-1.5265059,-0.0047098538,-0.0045223469,-4.8052731,-15483.321,-15692.757,2.0288e-05,0.088566869,1.3473227,16.337736,0.092120625,23.179417,-5474.3677,0.16437148,20.227341
-1.526397,-0.0049568461,-0.0047734026,-4.8640566,-15481.669,-15690.971,2.0304e-05,0.08832334,1.3564199,16.292812,0.092033476,23.143087,-5511.02,0.16446547,20.195364
-1.5262786,-0.005203825,-0.005024428,-4.9228253,-15479.406,-15689.087,2.032e-05,0.087873273,1.3655491,16.209789,0.091945745,23.106556,-5547.8018,0.16428113,20.163208
-1.5261506,-0.0054507568,-0.0052754213,-4.9815793,-15477.355,-15687.104,2.0336e-05,0.088019699,1.3750319,16.236801,0.091857411,23.06982,-5586.0083,0.16410413,20.130873
-1.5260131,-0.0056976676,-0.005526382,-5.0403185,-15474.653,-15685.021,2.0352e-05,0.088007368,1.3841177,16.234526,0.091768473,23.032885,-5622.6147,0.16377696,20.09836
-1.5258662,-0.0059445212,-0.0057773073,-5.0990424,-15470.826,-15682.839,2.0368e-05,0.087777704,1.3933504,16.192162,0.091678955,22.995745,-5659.8135,0.16379955,20.065672
-1.5257095,-0.0061913347,-0.0060281963,-5.1577516,-15468.842,-15680.558,2.0384e-05,0.087265983,1.4028571,16.097765,0.091588825,22.958405,-5698.1157,0.16445144,20.032804
-1.5255431,-0.0064380965,-0.0062790471,-5.216445,-15467.281,-15678.178,2.04e-05,0.087292954,1.4120971,16.102741,0.091498092,22.920864,-5735.3442,0.16320689,19.999762
-1.525367,-0.0066848453,-0.0065298583,-5.2751226,-15465.252,-15675.699,2.0416e-05,0.087097205,1.4212841,16.066631,0.091406763,22.883121,-5772.3584,0.16375378,19.966545
-1.5251813,-0.0069315489,-0.0067806281,-5.3337851,-15462.785,-15673.121,2.0432e-05,0.086917639,1.4303983,16.033506,0.091314852,22.845182,-5809.0801,0.16254158,19.933151
-1.5249857,-0.0071782293,-0.0070313551,-5.3924322,-15460.856,-15670.444,2.0448e-05,0.086775064,1.4392905,16.007206,0.091222353,22.807043,-5844.9067,0.16317026,19.899584
-1.5247803,-0.0074248621,-0.0072820378,-5.4510632,-15458.226,-15667.669,2.0464e-05,0.08613541,1.4483864,15.889211,0.091129281,22.768707,-5881.5542,0.16286629,19.865843
-1.524565,-0.0076714675,-0.0075326748,-5.5096779,-15455.096,-15664.794,2.048e-05,0.086156987,1.4572743,15.893191,0.091035627,22.730173,-5917.3633,0.1628077,19.831928
-1.5243398,-0.0079180123,-0.0077832639,-5.5682769,-15452.658,-15661.82,2.0496e-05,0.086079925,1.4668304,15.878975,0.09094137,22.691442,-5955.8647,0.1625959,19.79784
-1.5241046,-0.0081645278,-0.0080338037,-5.6268597,-15449.246,-15658.747,2.0512e-05,0.085712314,1.4761393,15.811163,0.090846516,22.652517,-5993.3706,0.1623603,19.76358
-1.5238595,-0.0084109791,-0.0082842931,-5.6854258,-15446.145,-15655.576,2.0528e-05,0.085392483,1.4852763,15.752165,0.090751059,22.613396,-6030.1836,0.16158208,19.729151
-1.5236044,-0.0086573921,-0.0085347295,-5.7439761,-15442.893,-15652.306,2.0544e-05,0.085044913,1.4943643,15.688049,0.090655021,22.57408,-6066.7993,0.16247383,19.694548
-1.5233393,-0.0089037418,-0.0087851128,-5.8025093,-15440.461,-15648.937,2.056e-05,0.085072659,1.503159,15.693167,0.09055841,22.534571,-6102.2334,0.16131961,19.659777
-1.523064,-0.0091500646,-0.0090354402,-5.8610263,-15438.039,-15645.468,2.0576e-05,0.084940106,1.5120052,15.668715,0.090461224,22.494869,-6137.8745,0.16101322,19.624834
-1.5227786,-0.0093963314,-0.0092857108,-5.9195266,-15434.199,-15641.9,2.0592e-05,0.085060328,1.5210093,15.690892,0.090363458,22.454975,-6174.1523,0.16080813,19.589725
-1.5224832,-0.0096425554,-0.0095359227,-5.9780097,-15430.334,-15638.235,2.0608e-05,0.08454629,1.5300934,15.596069,0.090265118,22.414888,-6210.7524,0.16089724,19.554447
-1.5221776,-0.0098887058,-0.009786074,-6.0364757,-15427.406,-15634.471,2.0624e-05,0.08422184,1.5393035,15.536218,0.090166181,22.374613,-6247.8604,0.16091555,19.519001
-1.5218618,-0.010134817,-0.010036164,-6.0949249,-15423.42,-15630.607,2.064e-05,0.083959043,1.5481594,15.487741,0.090066671,22.334148,-6283.5405,0.16087832,19.483387
-1.5215358,-0.010380855,-0.01028619,-6.153357,-15418.903,-15626.645,2.0656e-05,0.083516672,1.5570296,15.406138,0.08996658,22.293493,-6319.2783,0.16080324,19.447609
-1.5211996,-0.010626836,-0.010536151,-6.2117715,-15414.48,-15622.584,2.0672e-05,0.083645381,1.5657429,15.429879,0.08986593,22.252651,-6354.3843,0.16068545,19.411663
-1.5208532,-0.010872729,-0.010786046,-6.2701688,-15409.155,-15618.425,2.0688e-05,0.083653085,1.5742075,15.431301,0.089764722,22.21162,-6388.4883,0.16005677,19.375555
-1.5204964,-0.011118555,-0.011035873,-6.3285484,-15404.332,-15614.167,2.0704e-05,0.083196074,1.5829823,15.346998,0.089662962,22.170403,-6423.8423,0.15977782,19.339281
-1.5201293,-0.01136429,-0.011285629,-6.3869104,-15400.063,-15609.81,2.072e-05,0.082893208,1.592189,15.291128,0.08956062,22.129002,-6460.9355,0.1602411,19.302845
-1.519752,-0.011609967,-0.011535315,-6.4452548,-15395.08,-15605.354,2.0736e-05,0.082806118,1.6011381,15.275064,0.089457691,22.087414,-6496.9922,0.15890867,19.266245
-1.5193645,-0.011855555,-0.011784928,-6.5035815,-15390.888,-15600.801,2.0752e-05,0.082194209,1.6103027,15.162186,0.08935418,22.045643,-6533.9165,0.15882382,19.229483
-1.5189666,-0.012101085,-0.012034466,-6.5618901,-15386.457,-15596.148,2.0768e-05,0.082528681,1.6191806,15.223885,0.089250088,22.003689,-6569.6851,0.1590289,19.19256
-1.5185583,-0.012346535,-0.012283929,-6.6201806,-15383.271,-15591.397,2.0784e-05,0.081955299,1.6276637,15.118114,0.089145429,21.961552,-6603.8638,0.1583575,19.155478
-1.5181397,-0.012591939,-0.012533314,-6.678453,-15377.908,-15586.548,2.08e-05,0.081785753,1.6360095,15.086839,0.089040235,21.919233,-6637.4888,0.15899472,19.118235
-1.5177108,-0.012837252,-0.012782619,-6.7367072,-15372.497,-15581.6,2.0816e-05,0.081282504,1.6451896,14.994006,0.088934481,21.876734,-6674.4761,0.15853938,19.080833
-1.5172715,-0.013082489,-0.013031844,-6.7949433,-15366.508,-15576.554,2.0832e-05,0.081452824,1.6542103,15.025424,0.088828132,21.834055,-6710.8203,0.15868892,19.043274
-1.5168219,-0.013327622,-0.013280987,-6.8531604,-15361.344,-15571.408,2.0848e-05,0.080734558,1.6631458,14.892927,0.088721208,21.791199,-6746.8218,0.15791863,19.005556
-1.5163618,-0.013572681,-0.013530045,-6.9113593,-15355.653,-15566.165,2.0864e-05,0.080523394,1.6716849,14.853974,0.088613719,21.748163,-6781.2256,0.15753105,18.967684
-1.5158916,-0.013817637,-0.013779018,-6.9695396,-15350.052,-15560.824,2.088e-05,0.080467135,1.6801646,14.843596,0.088505678,21.70495,-6815.3901,0.15816462,18.929653
-1.5154108,-0.014062516,-0.014027905,-7.0277014,-15344.108,-15555.384,2.0896e-05,0.080379277,1.6887794,14.82739,0.088397093,21.661562,-6850.0991,0.15754081,18.89147
-1.5149198,-0.01430729,-0.014276702,-7.085844,-15338.944,-15549.847,2.0912e-05,0.079784326,1.6973442,14.71764,0.08828795,21.617998,-6884.6069,0.15694204,18.85313
-1.5144184,-0.01455199,-0.014525409,-7.1439681,-15332.909,-15544.21,2.0928e-05,0.079753496,1.7059698,14.711953,0.088178255,21.574261,-6919.3599,0.15668386,18.814638
-1.5139066,-0.014796585,-0.014774024,-7.2020731,-15327.744,-15538.476,2.0944e-05,0.079530001,1.7149402,14.670726,0.088067994,21.530348,-6955.5015,0.15774468,18.775993
-1.5133845,-0.015041105,-0.015022547,-7.2601585,-15322.079,-15532.644,2.096e-05,0.079728834,1.7234498,14.707404,0.087957166,21.486265,-6989.7871,0.15676747,18.737198
-1.5128521,-0.015285527,-0.015270974,-7.3182254,-15318.004,-15526.713,2.0976e-05,0.079017505,1.731956,14.576186,0.087845787,21.442009,-7024.0586,0.1559508,18.69825
-1.5123094,-0.015529891,-0.015519305,-7.3762727,-15313.225,-15520.684,2.0992e-05,0.079131566,1.740845,14.597227,0.087733857,21.397583,-7059.8721,0.15636097,18.659153
-1.5117564,-0.015774166,-0.015767539,-7.4343004,-15307.526,-15514.557,2.1008e-05,0.078657605,1.749225,14.509796,0.087621361,21.352989,-7093.6353,0.15516159,18.619905
-1.511193,-0.016018366,-0.016015671,-7.4923091,-15302.231,-15508.332,2.1024e-05,0.078303099,1.7577536,14.444401,0.087508328,21.308224,-7127.9971,0.1556621,18.580509
-1.5106195,-0.016262466,-0.016263703,-7.5502982,-15296.305,-15502.01,2.104e-05,0.078057252,1.7660359,14.399051,0.087394744,21.263292,-7161.3667,0.15502059,18.540966
-1.5100356,-0.016506486,-0.016511634,-7.6082678,-15288.604,-15495.589,2.1056e-05,0.078269191,1.7746673,14.438146,0.087280624,21.218195,-7196.1426,0.15540086,18.501278
-1.5094415,-0.016750373,-0.016759459,-7.6662173,-15281.592,-15489.07,2.1072e-05,0.077762857,1.7830032,14.344744,0.087165952,21.172932,-7229.728,0.15497604,18.461441
-1.5088372,-0.01699416,-0.017007178,-7.7241473,-15275.187,-15482.454,2.1088e-05,0.077194877,1.791869,14.239969,0.087050728,21.127502,-7265.4482,0.15453902,18.421461
-1.5082227,-0.017237831,-0.017254788,-7.7820573,-15269.192,-15475.74,2.1104e-05,0.076752514,1.8003699,14.158367,0.086934939,21.081909,-7299.6987,0.15472212,18.381336
-1.507598,-0.017481415,-0.017502293,-7.8399477,-15261.759,-15468.928,2.112e-05,0.077198729,1.8089068,14.240681,0.086818606,21.036156,-7334.0942,0.15472029,18.341068
-1.5069631,-0.017724873,-0.017749684,-7.8978176,-15255.262,-15462.019,2.1136e-05,0.076912038,1.8173666,14.187796,0.086701721,20.990238,-7368.1787,0.15482834,18.300657
-1.5063181,-0.017968239,-0.017996965,-7.9556675,-15248.866,-15455.012,2.1152e-05,0.07636486,1.8263519,14.086859,0.086584277,20.94416,-7404.3799,0.15391034,18.260105
-1.505663,-0.018211486,-0.018244131,-8.0134974,-15242.21,-15447.906,2.1168e-05,0.076188378,1.8349153,14.054303,0.086466268,20.897923,-7438.8823,0.15400617,18.219412
-1.5049978,-0.018454647,-0.018491182,-8.0713072,-15237.052,-15440.704,2.1184e-05,0.076144449,1.8435832,14.046201,0.086347707,20.851528,-7473.8057,0.15320902,18.178579
-1.5043225,-0.018697698,-0.018738117,-8.129096,-15229.488,-15433.404,2.12e-05,0.075701319,1.8519057,13.964457,0.086228587,20.804974,-7507.3369,0.15311502,18.137609
-1.5036372,-0.018940654,-0.018984932,-8.1868649,-15221.242,-15426.007,2.1216e-05,0.0752289,1.8601224,13.87731,0.086108945,20.758265,-7540.4424,0.15298867,18.0965
-1.5029418,-0.019183462,-0.019231629,-8.2446136,-15213.494,-15418.512,2.1232e-05,0.075231209,1.8682437,13.877736,0.085988767,20.711397,-7573.1626,0.1528312,18.055254
-1.5022366,-0.01942616,-0.019478204,-8.3023405,-15204.819,-15410.919,2.1248e-05,0.075020812,1.8765029,13.838925,0.085868068,20.664377,-7606.439,0.15236427,18.01387
-1.5015212,-0.019668708,-0.019724656,-8.3600483,-15196.228,-15403.229,2.1264e-05,0.07476341,1.884951,13.791443,0.085746832,20.617203,-7640.4766,0.15238747,17.972353
-1.5007961,-0.019911133,-0.019970981,-8.4177341,-15188.154,-15395.442,2.128e-05,0.074591555,1.8934137,13.759741,0.085625045,20.569878,-7674.5728,0.15265359,17.9307
-1.5000609,-0.020153413,-0.020217184,-8.4754,-15181.033,-15387.559,2.1296e-05,0.073849395,1.902115,13.622837,0.085502706,20.5224,-7709.6304,0.15166539,17.888916
-1.499316,-0.02039559,-0.020463256,-8.5330439,-15173.685,-15379.577,2.1312e-05,0.074366517,1.9105121,13.718228,0.085379817,20.474771,-7743.4624,0.15160741,17.846998
-1.4985611,-0.020637639,-0.0207092,-8.5906677,-15167.114,-15371.498,2.1328e-05,0.073614344,1.9188331,13.579477,0.08525639,20.426992,-7776.9878,0.151077,17.804949
-1.4977965,-0.020879593,-0.020955013,-8.6482706,-15159.314,-15363.322,2.1344e-05,0.073649026,1.9271488,13.585875,0.085132428,20.379066,-7810.4917,0.15101169,17.762768
-1.4970222,-0.021121407,-0.021200694,-8.7058516,-15150.189,-15355.05,2.136e-05,0.072988562,1.9354782,13.46404,0.085007928,20.330994,-7844.0513,0.15126927,17.720459
-1.496238,-0.021363096,-0.021446241,-8.7634115,-15141.339,-15346.681,2.1376e-05,0.072459884,1.9436873,13.366515,0.084882893,20.282774,-7877.126,0.15015778,17.67802
-1.4954441,-0.021604626,-0.021691652,-8.8209505,-15131.82,-15338.214,2.1392e-05,0.071999788,1.9518127,13.281644,0.084757335,20.234409,-7909.8633,0.15065584,17.635454
-1.4946405,-0.021846022,-0.021936927,-8.8784685,-15123.026,-15329.65,2.1408e-05,0.072082251,1.9599783,13.296855,0.084631249,20.185902,-7942.7627,0.15040375,17.592762
-1.4938272,-0.022087259,-0.022182062,-8.9359646,-15113.339,-15320.99,2.1424e-05,0.072182439,1.9681184,13.315336,0.084504634,20.137251,-7975.5591,0.15008026,17.549942
-1.4930044,-0.022328358,-0.022427058,-8.9934397,-15103.187,-15312.232,2.144e-05,0.072220974,1.9763443,13.322445,0.084377497,20.088457,-8008.7012,0.15068026,17.506998
-1.492172,-0.022569282,-0.022671912,-9.0508928,-15094.163,-15303.379,2.1456e-05,0.07097403,1.9848752,13.092424,0.084249824,20.039522,-8043.0718,0.14976959,17.46393
-1.4913299,-0.022810074,-0.022916622,-9.1083241,-15084.935,-15294.429,2.1472e-05,0.07160829,1.993354,13.209425,0.084121592,19.990448,-8077.2334,0.14933316,17.42074
-1.4904784,-0.023050703,-0.02316119,-9.1657343,-15075.386,-15285.382,2.1488e-05,0.070893109,2.0016429,13.077497,0.083992824,19.941236,-8110.6299,0.14946684,17.377428
-1.4896173,-0.023291195,-0.02340561,-9.2231216,-15066.021,-15276.238,2.1504e-05,0.070725106,2.0100384,13.046505,0.083863519,19.891886,-8144.4551,0.14983368,17.333994
-1.4887469,-0.023531521,-0.023649881,-9.280488,-15056.111,-15266.998,2.152e-05,0.070548624,2.0183635,13.013949,0.083733678,19.8424,-8177.9966,0.14874783,17.29044
-1.4878669,-0.023771707,-0.023894005,-9.3378325,-15046.774,-15257.661,2.1536e-05,0.07038755,2.026263,12.984238,0.083603315,19.792776,-8209.8242,0.1482345,17.246765
-1.4869775,-0.024011724,-0.024137976,-9.395154,-15037.217,-15248.229,2.1552e-05,0.069451958,2.0344629,12.81165,0.083472423,19.743021,-8242.8613,0.14793542,17.202974
-1.4860787,-0.024251608,-0.024381794,-9.4524546,-15028.334,-15238.699,2.1568e-05,0.070013776,2.0425756,12.915288,0.083341017,19.69313,-8275.5479,0.14773583,17.159065
-1.4851706,-0.024491331,-0.02462546,-9.5097322,-15019.857,-15229.073,2.1584e-05,0.06919764,2.0505953,12.764737,0.083209082,19.643108,-8307.8584,0.14701499,17.11504
-1.4842532,-0.024730932,-0.024868969,-9.566988,-15010.246,-15219.352,2.16e-05,0.068978764,2.0591056,12.724362,0.083076619,19.592957,-8342.1475,0.14681417,17.070898
-1.4833264,-0.024970364,-0.025112322,-9.6242218,-14999.681,-15209.534,2.1616e-05,0.068943314,2.0676944,12.717823,0.082943603,19.542673,-8376.752,0.14714499,17.026644
-1.4823904,-0.02520965,-0.025355516,-9.6814327,-14990.752,-15199.62,2.1632e-05,0.068645068,2.0757477,12.662806,0.082810052,19.492262,-8409.1982,0.14710899,16.982275
-1.4814452,-0.025448767,-0.02559855,-9.7386217,-14979.507,-15189.61,2.1648e-05,0.068283625,2.083936,12.59613,0.082675979,19.441723,-8442.1885,0.14669943,16.937796
-1.4804907,-0.02568773,-0.025841421,-9.7957878,-14968.873,-15179.504,2.1664e-05,0.067762651,2.0923381,12.500028,0.082541369,19.391058,-8476.041,0.14646138,16.893202
-1.4795271,-0.025926504,-0.026084131,-9.852931,-14958.406,-15169.303,2.168e-05,0.067933738,2.100513,12.531589,0.082406223,19.340265,-8508.9775,0.14617267,16.848499
-1.4785542,-0.026165126,-0.026326675,-9.9100523,-14948.023,-15159.005,2.1696e-05,0.067780375,2.1083608,12.503298,0.082270563,19.289351,-8540.5967,0.14645649,16.803688
-1.4775723,-0.026403569,-0.026569052,-9.9671507,-14938.579,-15148.611,2.1712e-05,0.067241676,2.1159992,12.403925,0.082134403,19.238312,-8571.3721,0.14556414,16.758766
-1.4765812,-0.02664187,-0.026811263,-10.024225,-14928.714,-15138.122,2.1728e-05,0.066559635,2.1238334,12.278111,0.081997745,19.187149,-8602.9365,0.14509232,16.713739
-1.475581,-0.026880004,-0.027053302,-10.081278,-14920.108,-15127.538,2.1744e-05,0.066538826,2.1314523,12.274272,0.081860587,19.135868,-8633.6328,0.14546953,16.668604
-1.4745718,-0.027118009,-0.027295172,-10.138308,-14910.361,-15116.857,2.176e-05,0.066269867,2.139209,12.224657,0.081722938,19.084465,-8664.8848,0.14488663,16.623363
-1.4735537,-0.027355844,-0.027536869,-10.195313,-14899.711,-15106.082,2.1776e-05,0.066253677,2.1472893,12.221671,0.081584774,19.032944,-8697.4395,0.14459975,16.578018
-1.4725263,-0.027593523,-0.027778393,-10.252297,-14887.37,-15095.211,2.1792e-05,0.065422125,2.155416,12.068276,0.081446089,18.981304,-8730.1826,0.14417799,16.53257
-1.47149,-0.027830997,-0.028019741,-10.309258,-14875.1,-15084.244,2.1808e-05,0.065284953,2.1632659,12.042972,0.08130689,18.929548,-8761.8105,0.14422865,16.487019
-1.4704447,-0.028068289,-0.028260911,-10.366194,-14862.924,-15073.183,2.1824e-05,0.065576263,2.1713908,12.096709,0.081167169,18.877676,-8794.5449,0.1439967,16.441366
-1.4693905,-0.028305372,-0.028501904,-10.423107,-14851.748,-15062.025,2.184e-05,0.065061457,2.1794472,12.001744,0.081026934,18.825691,-8827.0049,0.14446729,16.395613
-1.4683273,-0.028542288,-0.028742716,-10.479998,-14839.922,-15050.773,2.1856e-05,0.064481914,2.1874311,11.894837,0.080886185,18.773592,-8859.1719,0.14337596,16.349758
-1.4672552,-0.028779002,-0.028983347,-10.536864,-14828.803,-15039.427,2.1872e-05,0.064150527,2.1949313,11.833707,0.08074493,18.721378,-8889.3906,0.14305918,16.303806
-1.4661742,-0.02901555,-0.029223794,-10.593707,-14817.062,-15027.984,2.1888e-05,0.06402722,2.2029517,11.810961,0.080603175,18.669056,-8921.7041,0.14290841,16.257755
-1.4650843,-0.029251896,-0.029464059,-10.650526,-14804.949,-15016.447,2.1904e-05,0.063700452,2.2106593,11.750683,0.080460913,18.616623,-8952.7578,0.14243233,16.211609
-1.4639856,-0.029488066,-0.029704135,-10.707321,-14793.292,-15004.815,2.192e-05,0.063281208,2.2183743,11.673346,0.08031816,18.564081,-8983.8418,0.14224067,16.165367
-1.4628779,-0.029724034,-0.029944025,-10.764093,-14782.917,-14993.089,2.1936e-05,0.062933639,2.2264533,11.60923,0.080174893,18.511431,-9016.3926,0.14180852,16.11903
-1.4617615,-0.029959844,-0.030183725,-10.820841,-14769.943,-14981.268,2.1952e-05,0.063119367,2.2345126,11.643492,0.080031104,18.458673,-9048.8633,0.14179082,16.072598
-1.4606361,-0.030195439,-0.030423233,-10.877564,-14757.402,-14969.352,2.1968e-05,0.062694728,2.2421868,11.56516,0.079886816,18.405811,-9079.7832,0.1419068,16.026073
-1.459502,-0.03043085,-0.030662552,-10.934264,-14744.891,-14957.341,2.1984e-05,0.062236182,2.2499824,11.480572,0.079742022,18.352842,-9111.1904,0.14190435,15.979457
-1.4583591,-0.03066604,-0.030901676,-10.990939,-14731.366,-14945.235,2.2e-05,0.06211827,2.2578521,11.458821,0.079596728,18.299772,-9142.8984,0.14147221,15.93275
-1.4572074,-0.030901037,-0.031140603,-11.04759,-14718.931,-14933.036,2.2016e-05,0.061961822,2.2656348,11.429961,0.079450928,18.246599,-9174.2549,0.14075197,15.885952
-1.4560469,-0.031135814,-0.031379335,-11.104217,-14706.789,-14920.742,2.2032e-05,0.061679758,2.27335,11.37793,0.079304621,18.193323,-9205.3398,0.14095157,15.839066
-1.4548777,-0.031370413,-0.031617869,-11.160819,-14693.209,-14908.354,2.2048e-05,0.061350681,2.2813065,11.317225,0.079157814,18.139948,-9237.3965,0.14088626,15.792091
-1.4536997,-0.031604782,-0.031856202,-11.217397,-14680.794,-14895.872,2.2064e-05,0.060808901,2.289434,11.217285,0.079010494,18.086473,-9270.1426,0.1403241,15.745029
-1.452513,-0.031838965,-0.032094337,-11.27395,-14668.813,-14883.296,2.208e-05,0.060937602,2.2974231,11.241026,0.078862652,18.0329,-9302.3301,0.14073123,15.697882
-1.4513175,-0.032072939,-0.032332268,-11.330478,-14656.394,-14870.625,2.2096e-05,0.060399674,2.3052857,11.141796,0.078714296,17.979231,-9334.0088,0.13870601,15.650648
-1.4501133,-0.032306731,-0.032569993,-11.386981,-14643.882,-14857.861,2.2112e-05,0.05981705,2.312922,11.03432,0.078565441,17.925465,-9364.7764,0.13981628,15.603331
-1.4489003,-0.032540306,-0.03280751,-11.44346,-14630.142,-14845.003,2.2128e-05,0.059588932,2.3204536,10.99224,0.078416094,17.871605,-9395.1201,0.13967407,15.555929
-1.4476788,-0.032773681,-0.033044826,-11.499913,-14615.632,-14832.052,2.2144e-05,0.059368521,2.3283119,10.951581,0.078266256,17.81765,-9426.7812,0.13943113,15.508447
-1.4464484,-0.03300681,-0.03328193,-11.556341,-14602.523,-14819.006,2.216e-05,0.059039444,2.3362999,10.890877,0.07811591,17.763601,-9458.9648,0.13829829,15.460881
-1.4452094,-0.033239745,-0.033518821,-11.612744,-14589.684,-14805.866,2.2176e-05,0.058588602,2.3437665,10.807712,0.077965058,17.709461,-9489.0479,0.13876338,15.413236
-1.4439617,-0.033472452,-0.033755504,-11.669123,-14575.62,-14792.634,2.2192e-05,0.058538508,2.3515368,10.79847,0.077813722,17.655231,-9520.3545,0.138446,15.365511
-1.4427053,-0.033704955,-0.033991974,-11.725474,-14562.449,-14779.308,2.2208e-05,0.058009829,2.3595662,10.700946,0.077661872,17.600912,-9552.7051,0.13853878,15.317707
-1.4414402,-0.033937231,-0.034228228,-11.781801,-14549.524,-14765.889,2.2224e-05,0.058075335,2.3674326,10.71303,0.077509508,17.546503,-9584.3994,0.13717704,15.269826
-1.4401665,-0.034169316,-0.034464266,-11.838102,-14537.167,-14752.376,2.224e-05,0.057335492,2.3751082,10.576553,0.077356651,17.492008,-9615.3242,0.13740776,15.221868
-1.4388841,-0.034401186,-0.034700084,-11.894378,-14524.355,-14738.77,2.2256e-05,0.057583649,2.3827519,10.62233,0.077203296,17.437424,-9646.1211,0.13763115,15.173834
-1.437593,-0.034632862,-0.034935687,-11.950627,-14510.075,-14725.07,2.2272e-05,0.057167489,2.390326,10.545561,0.077049449,17.382757,-9676.6367,0.13706717,15.125725
-1.4362932,-0.034864303,-0.035171065,-12.006851,-14496.877,-14711.278,2.2288e-05,0.056794483,2.3976004,10.476754,0.076895125,17.328003,-9705.9453,0.13609363,15.077542
-1.4349849,-0.035095546,-0.035406224,-12.063048,-14483.483,-14697.394,2.2304e-05,0.056531686,2.4053812,10.428276,0.07674031,17.273167,-9737.2949,0.13544908,15.029285
-1.4336679,-0.035326555,-0.03564116,-12.119219,-14470.271,-14683.416,2.232e-05,0.056221105,2.4128051,10.370984,0.07658501,17.218248,-9767.2051,0.13626026,14.980957
-1.4323422,-0.035557374,-0.035875868,-12.175364,-14456.627,-14669.346,2.2336e-05,0.056133248,2.42061,10.354777,0.076429218,17.16325,-9798.6514,0.13605335,14.932558
-1.4310079,-0.035787955,-0.036110353,-12.231483,-14442.183,-14655.183,2.2352e-05,0.055319421,2.4281666,10.204653,0.076272935,17.10817,-9829.0977,0.13547471,14.884088
-1.4296649,-0.036018327,-0.036344606,-12.287575,-14428.842,-14640.927,2.2368e-05,0.055478182,2.4361343,10.233938,0.076116145,17.053009,-9861.1992,0.13481063,14.835547
-1.4283133,-0.03624846,-0.036578633,-12.343639,-14415.364,-14626.578,2.2384e-05,0.055354103,2.4435487,10.21105,0.075958863,16.99777,-9891.0723,0.13517319,14.78694
-1.426953,-0.036478397,-0.036812428,-12.399678,-14400.391,-14612.138,2.24e-05,0.054767624,2.451252,10.102863,0.075801097,16.942455,-9922.1084,0.1343492,14.738263
-1.4255841,-0.036708083,-0.037045989,-12.455689,-14385.709,-14597.604,2.2416e-05,0.05416419,2.4585512,9.9915495,0.075642839,16.887064,-9951.5176,0.13501023,14.689521
-1.4242066,-0.03693755,-0.037279315,-12.511674,-14371.866,-14582.979,2.2432e-05,0.053884435,2.4656618,9.9399443,0.075484127,16.831596,-9980.166,0.13448469,14.640712
-1.4228203,-0.037166774,-0.037512407,-12.567631,-14356.791,-14568.262,2.2448e-05,0.05380968,2.4728804,9.9261541,0.075324945,16.776054,-10009.25,0.13341716,14.591838
-1.4214256,-0.037395779,-0.037745263,-12.62356,-14342.392,-14553.453,2.2464e-05,0.053460568,2.4800534,9.8617535,0.075165302,16.720438,-10038.15,0.13420393,14.542899
-1.4200221,-0.037624534,-0.037977882,-12.679462,-14327.947,-14538.552,2.248e-05,0.053225514,2.4869521,9.8183937,0.075005203,16.664751,-10065.944,0.13401043,14.493897
-1.4186101,-0.037853077,-0.038210258,-12.735337,-14313.675,-14523.559,2.2496e-05,0.052969653,2.4941342,9.7711954,0.074844658,16.608992,-10094.882,0.13319071,14.444834
-1.4171894,-0.03808137,-0.038442392,-12.791184,-14298.208,-14508.474,2.2512e-05,0.052760031,2.5014606,9.7325268,0.074683636,16.553164,-10124.399,0.13357097,14.395708
-1.41576,-0.038309436,-0.038674284,-12.847004,-14282.716,-14493.298,2.2528e-05,0.052654449,2.5087297,9.7130508,0.074522145,16.497263,-10153.687,0.13254738,14.346521
-1.414322,-0.038537238,-0.038905933,-12.902795,-14266.864,-14478.029,2.2544e-05,0.051977031,2.516021,9.588089,0.074360192,16.441296,-10183.062,0.1325779,14.297276
-1.4128754,-0.038764805,-0.039137337,-12.958557,-14251.499,-14462.67,2.256e-05,0.051506922,2.5233846,9.5013685,0.074197762,16.38526,-10212.731,0.13221045,14.24797
-1.4114202,-0.038992107,-0.039368492,-13.014292,-14235.809,-14447.22,2.2576e-05,0.051516168,2.5307901,9.5030746,0.074034855,16.329159,-10242.568,0.13214271,14.198606
-1.4099563,-0.039219175,-0.0395994,-13.069998,-14218.634,-14431.678,2.2592e-05,0.051367428,2.5379379,9.4756374,0.073871478,16.272991,-10271.366,0.13172704,14.149184
-1.4084839,-0.039445955,-0.039830055,-13.125676,-14202.299,-14416.044,2.2608e-05,0.050510444,2.544734,9.3175516,0.073707655,16.216759,-10298.749,0.13146947,14.099707
-1.4070027,-0.03967249,-0.040060461,-13.181324,-14185.655,-14400.32,2.2624e-05,0.05028541,2.5515692,9.2760391,0.073543385,16.160461,-10326.287,0.13127171,14.050173
-1.4055129,-0.039898738,-0.040290613,-13.236944,-14169.4,-14384.505,2.264e-05,0.050143607,2.5585482,9.2498817,0.073378675,16.104101,-10354.405,0.13078769,14.000585
-1.4040146,-0.040124744,-0.040520512,-13.292535,-14152.046,-14368.599,2.2656e-05,0.049749795,2.5652943,9.1772356,0.073213525,16.04768,-10381.586,0.13036165,13.950941
-1.4025075,-0.04035046,-0.04075015,-13.348097,-14135.376,-14352.602,2.2672e-05,0.049534008,2.5724094,9.1374302,0.073047929,15.991198,-10410.253,0.13018708,13.901245
-1.4009919,-0.040575925,-0.040979534,-13.403628,-14119.192,-14336.515,2.2688e-05,0.049171794,2.5799694,9.0706129,0.072881855,15.934654,-10440.712,0.13064058,13.851497
-1.3994677,-0.040801112,-0.041208662,-13.459131,-14103.514,-14320.336,2.2704e-05,0.048494373,2.5869896,8.9456511,0.072715312,15.878052,-10468.996,0.12952971,13.801696
-1.3979348,-0.041026063,-0.041437525,-13.514604,-14086.635,-14304.067,2.272e-05,0.04884734,2.5941908,9.0107622,0.072548315,15.821391,-10498.011,0.12934598,13.751844
-1.3963933,-0.041250728,-0.041666128,-13.570046,-14069.082,-14287.709,2.2736e-05,0.048527513,2.6013212,8.9517641,0.072380848,15.764673,-10526.738,0.12933744,13.701942
-1.3948431,-0.041475132,-0.041894469,-13.62546,-14050.303,-14271.26,2.2752e-05,0.047968779,2.6083636,8.8486958,0.072212934,15.707898,-10555.112,0.12882352,13.651992
-1.3932843,-0.041699223,-0.042122547,-13.680842,-14034.243,-14254.721,2.2768e-05,0.047676694,2.6154115,8.7948151,0.072044559,15.651067,-10583.509,0.12796716,13.601992
-1.391717,-0.041923068,-0.042350356,-13.736194,-14017.205,-14238.091,2.2784e-05,0.047312938,2.6222987,8.7277136,0.071875736,15.594181,-10611.257,0.12864468,13.551944
-1.3901409,-0.042146623,-0.042577896,-13.791515,-14000.034,-14221.372,2.28e-05,0.047192715,2.6292067,8.7055368,0.071706466,15.537241,-10639.09,0.12779991,13.501849
-1.3885562,-0.042369921,-0.042805169,-13.846807,-13982.867,-14204.562,2.2816e-05,0.046830498,2.636107,8.6387196,0.071536757,15.480247,-10666.891,0.1279043,13.451708
-1.386963,-0.042592928,-0.043032173,-13.902066,-13965.778,-14187.664,2.2832e-05,0.046664804,2.6430821,8.6081543,0.071366601,15.423202,-10694.993,0.12772912,13.401522
-1.3853611,-0.042815678,-0.043258902,-13.957294,-13947.48,-14170.676,2.2848e-05,0.046000488,2.6503406,8.4856091,0.071195982,15.366104,-10724.238,0.12736534,13.35129
-1.3837507,-0.043038119,-0.043485358,-14.012491,-13929.369,-14153.598,2.2864e-05,0.045754645,2.6574726,8.440259,0.071024902,15.308956,-10752.973,0.12774621,13.301014
-1.3821316,-0.043260295,-0.043711543,-14.067657,-13912.795,-14136.431,2.288e-05,0.045664474,2.6640046,8.4236259,0.070853375,15.251759,-10779.29,0.12674338,13.250694
-1.3805038,-0.043482173,-0.043937448,-14.122791,-13894.945,-14119.174,2.2896e-05,0.045229819,2.6708493,8.3434458,0.070681423,15.194511,-10806.868,0.12682028,13.200332
-1.3788675,-0.043703794,-0.044163078,-14.177893,-13877.612,-14101.828,2.2912e-05,0.044767417,2.677938,8.2581472,0.070509024,15.137216,-10835.428,0.12692526,13.149928
-1.3772225,-0.043925118,-0.044388428,-14.232963,-13860.362,-14084.394,2.2928e-05,0.044405203,2.6847148,8.19133,0.07033617,15.079873,-10862.731,0.12565874,13.099483
-1.3755691,-0.044146184,-0.044613499,-14.288,-13844.333,-14066.869,2.2944e-05,0.04450693,2.6917286,8.2100964,0.070162877,15.022484,-10890.991,0.12603413,13.048996
-1.373907,-0.044366974,-0.044838287,-14.343004,-13828.807,-14049.257,2.296e-05,0.043916598,2.6984971,8.1011982,0.069989137,14.965048,-10918.261,0.12538713,12.99847
-1.3722363,-0.044587526,-0.045062792,-14.397977,-13810.474,-14031.556,2.2976e-05,0.043749362,2.705153,8.0703487,0.069814965,14.907567,-10945.078,0.12486892,12.947906
-1.370557,-0.044807777,-0.045287013,-14.452916,-13792.204,-14013.766,2.2992e-05,0.043596771,2.7118654,8.042201,0.069640368,14.850042,-10972.122,0.12552385,12.897302
-1.3688692,-0.045027751,-0.045510948,-14.507821,-13773.792,-13995.887,2.3008e-05,0.043093521,2.7187803,7.9493675,0.069465324,14.792473,-10999.982,0.12441481,12.84666
-1.3671727,-0.045247417,-0.045734592,-14.562694,-13756.232,-13977.92,2.3024e-05,0.042600293,2.7255998,7.8583832,0.069289841,14.734861,-11027.458,0.1243495,12.795981
-1.3654677,-0.045466814,-0.045957949,-14.617533,-13737.981,-13959.864,2.304e-05,0.042323623,2.732511,7.8073463,0.069113918,14.677208,-11055.304,0.12452894,12.745266
-1.3637542,-0.045685906,-0.046181019,-14.672338,-13719.83,-13941.721,2.3056e-05,0.041885111,2.7394197,7.7264552,0.068937548,14.619514,-11083.138,0.12345103,12.694514
-1.3620321,-0.045904726,-0.046403795,-14.727108,-13703.591,-13923.489,2.3072e-05,0.042001486,2.7464271,7.7479219,0.068760723,14.561777,-11111.371,0.12400403,12.643728
-1.3603014,-0.046123262,-0.046626277,-14.781845,-13687.024,-13905.17,2.3088e-05,0.041680887,2.7532532,7.6887817,0.068583459,14.504002,-11138.874,0.12288522,12.592907
-1.3585621,-0.04634155,-0.046848465,-14.836547,-13669.364,-13886.763,2.3104e-05,0.04152444,2.7600784,7.6599226,0.068405755,14.446187,-11166.373,0.12235237,12.542051
-1.3568144,-0.046559539,-0.047070358,-14.891213,-13650.686,-13868.268,2.312e-05,0.041019652,2.7664745,7.5668054,0.068227619,14.388334,-11192.143,0.1231074,12.491163
-1.3550581,-0.046777256,-0.047291953,-14.945846,-13632.613,-13849.686,2.3136e-05,0.040988825,2.7733455,7.5611186,0.068049058,14.330443,-11219.826,0.12239692,12.440242
-1.3532933,-0.046994656,-0.047513247,-15.000443,-13615.284,-13831.016,2.3152e-05,0.040206596,2.7796266,7.4168224,0.067870073,14.272515,-11245.132,0.12253487,12.389289
-1.3515201,-0.047211803,-0.047734246,-15.055004,-13597.617,-13812.258,2.3168e-05,0.040201969,2.7865086,7.4159694,0.06769067,14.214551,-11272.859,0.12160955,12.338304
-1.3497382,-0.047428641,-0.047954939,-15.109529,-13579.206,-13793.413,2.3184e-05,0.039583895,2.7929809,7.3019543,0.067510828,14.156551,-11298.938,0.12142521,12.287288
-1.3479478,-0.047645211,-0.048175331,-15.164019,-13560.553,-13774.481,2.32e-05,0.039311077,2.7996733,7.2516284,0.067330569,14.098516,-11325.901,0.12137882,12.236242
-1.3461491,-0.047861464,-0.048395418,-15.218472,-13543.413,-13755.463,2.3216e-05,0.039043654,2.8064311,7.2022977,0.06714987,14.040447,-11353.128,0.12105594,12.185166
-1.3443419,-0.048077457,-0.048615199,-15.272889,-13524.961,-13736.356,2.3232e-05,0.038953487,2.8129799,7.1856642,0.066968746,13.982345,-11379.514,0.11980285,12.134061
-1.3425261,-0.04829314,-0.048834674,-15.327269,-13506.432,-13717.164,2.3248e-05,0.03846103,2.8196359,7.0948219,0.066787191,13.924209,-11406.33,0.12044068,12.082928
-1.3407019,-0.048508544,-0.04905384,-15.381612,-13487.94,-13697.885,2.3264e-05,0.038362384,2.8260942,7.0766249,0.066605218,13.86604,-11432.351,0.1204059,12.031766
-1.3388693,-0.048723631,-0.049272697,-15.435917,-13469.81,-13678.52,2.328e-05,0.037884567,2.8325503,6.9884834,0.066422828,13.80784,-11458.363,0.12040529,11.980577
-1.3370283,-0.048938449,-0.049491242,-15.490186,-13449.967,-13659.067,2.3296e-05,0.037237205,2.839005,6.8690658,0.066240028,13.749609,-11484.368,0.11950988,11.92936
-1.3351787,-0.049152929,-0.049709473,-15.544415,-13430.163,-13639.529,2.3312e-05,0.036882699,2.8453603,6.8036704,0.066056803,13.691347,-11509.975,0.11874508,11.878119
-1.3333209,-0.049367119,-0.049927391,-15.598608,-13411.263,-13619.904,2.3328e-05,0.036653809,2.8516574,6.7614479,0.065873176,13.633056,-11535.346,0.11857478,11.82685
-1.3314546,-0.04958098,-0.050144996,-15.652761,-13391.913,-13600.194,2.3344e-05,0.036327045,2.8580654,6.7011704,0.065689147,13.574735,-11561.163,0.11912168,11.775557
-1.3295799,-0.049794555,-0.050362282,-15.706877,-13371.893,-13580.397,2.336e-05,0.036687717,2.8643408,6.7677031,0.0655047,13.516385,-11586.446,0.11806207,11.724237
-1.3276969,-0.050007787,-0.05057925,-15.760952,-13350.804,-13560.516,2.3376e-05,0.035486244,2.8707123,6.5460696,0.065319844,13.458008,-11612.117,0.11824702,11.672895
-1.3258055,-0.050220706,-0.050795898,-15.814989,-13329.694,-13540.548,2.3392e-05,0.035591826,2.8768952,6.565546,0.065134585,13.399603,-11637.028,0.11706656,11.621529
-1.3239058,-0.050433271,-0.051012225,-15.868987,-13310.953,-13520.494,2.3408e-05,0.035127115,2.8831475,6.4798217,0.064948931,13.341171,-11662.219,0.11700369,11.570139
-1.3219978,-0.050645545,-0.051228233,-15.922944,-13291.106,-13500.355,2.3424e-05,0.035326716,2.8897834,6.5166421,0.064762853,13.282713,-11688.955,0.1169036,11.518726
-1.3200814,-0.050857484,-0.051443912,-15.976862,-13270.969,-13480.132,2.344e-05,0.034525219,2.8964314,6.3687916,0.064576358,13.224229,-11715.74,0.11712638,11.467291
-1.3181567,-0.051069126,-0.051659271,-16.030739,-13250.876,-13459.822,2.3456e-05,0.034252401,2.9030752,6.3184657,0.064389423,13.16572,-11742.508,0.11725272,11.415834
-1.3162237,-0.051280424,-0.051874302,-16.084576,-13231.673,-13439.428,2.3472e-05,0.033874005,2.9095156,6.2486634,0.06420207,13.107185,-11768.457,0.11676259,11.364356
-1.3142825,-0.051491436,-0.052089006,-16.138371,-13211.874,-13418.949,2.3488e-05,0.033988062,2.9156866,6.2697034,0.064014316,13.048628,-11793.32,0.11649098,11.312858
-1.312333,-0.051702105,-0.052303378,-16.192125,-13189.982,-13398.385,2.3504e-05,0.032945346,2.9216235,6.0773563,0.063826166,12.990046,-11817.239,0.11605456,11.261338
-1.3103752,-0.051912449,-0.052517422,-16.245836,-13167.948,-13377.736,2.352e-05,0.032872133,2.9280348,6.0638504,0.063637622,12.931441,-11843.07,0.11545518,11.209799
-1.3084092,-0.052122425,-0.052731134,-16.299507,-13147.173,-13357.003,2.3536e-05,0.03296924,2.9341798,6.0817633,0.063448668,12.872814,-11867.829,0.11527146,11.158239
-1.3064351,-0.052332085,-0.052944515,-16.353136,-13125.582,-13336.186,2.3552e-05,0.032469075,2.9408336,5.9894991,0.063259304,12.814164,-11894.638,0.11532823,11.106662
-1.3044527,-0.052541383,-0.053157557,-16.406721,-13105.573,-13315.284,2.3568e-05,0.032139998,2.9470832,5.9287949,0.063069522,12.755493,-11919.817,0.11554124,11.055064
-1.3024621,-0.052750375,-0.053370267,-16.460264,-13084.927,-13294.299,2.3584e-05,0.031740792,2.9534578,5.855154,0.062879339,12.696801,-11945.5,0.11472701,11.003449
-1.3004634,-0.052959017,-0.053582639,-16.513763,-13063.743,-13273.229,2.36e-05,0.031541187,2.9596412,5.8183336,0.062688746,12.638088,-11970.413,0.11437971,10.951817
-1.2984565,-0.053167343,-0.053794671,-16.567221,-13041.759,-13252.075,2.3616e-05,0.031654477,2.9658287,5.839232,0.062497757,12.579356,-11995.343,0.11401837,10.900167
-1.2964416,-0.0533753,-0.054006364,-16.620632,-13020.56,-13230.838,2.3632e-05,0.03071503,2.9718864,5.6659346,0.062306371,12.520603,-12019.749,0.11392499,10.848499
-1.2944183,-0.053582933,-0.054217719,-16.674,-12998.828,-13209.518,2.3648e-05,0.030540859,2.9778163,5.6338053,0.0621146,12.461832,-12043.641,0.11358379,10.796815
-1.2923871,-0.053790201,-0.054428726,-16.727324,-12977.706,-13188.113,2.3664e-05,0.030094642,2.9837158,5.5514927,0.061922446,12.403041,-12067.409,0.11365032,10.745114
-1.2903478,-0.053997152,-0.054639392,-16.780603,-12956.736,-13166.625,2.368e-05,0.029861899,2.9897909,5.5085592,0.061729908,12.344233,-12091.887,0.1136668,10.693398
-1.2883004,-0.054203741,-0.054849714,-16.833838,-12934.45,-13145.055,2.3696e-05,0.029206831,2.996192,5.3877201,0.061536968,12.285406,-12117.677,0.11252175,10.641666
-1.286245,-0.054410003,-0.055059686,-16.887026,-12912.841,-13123.401,2.3712e-05,0.029069651,3.0024719,5.3624148,0.061343618,12.226562,-12142.979,0.11267922,10.58992
-1.2841816,-0.054615892,-0.055269316,-16.940166,-12890.706,-13101.664,2.3728e-05,0.028697418,3.0084729,5.2937498,0.061149873,12.167701,-12167.157,0.11172216,10.538158
-1.2821101,-0.05482145,-0.055478591,-16.993263,-12866.984,-13079.845,2.3744e-05,0.028483171,3.0147848,5.2542281,0.060955733,12.108824,-12192.587,0.11215186,10.486382
-1.2800306,-0.055026609,-0.055687521,-17.046312,-12843.085,-13057.942,2.376e-05,0.028184151,3.0209081,5.1990685,0.060761187,12.04993,-12217.258,0.11161718,10.434592
-1.2779431,-0.055231411,-0.055896096,-17.099316,-12819.255,-13035.958,2.3776e-05,0.028212667,3.0270631,5.204329,0.06056625,11.99102,-12242.057,0.11181494,10.382789
-1.2758477,-0.055435807,-0.056104317,-17.152271,-12796.521,-13013.892,2.3792e-05,0.027531395,3.0328038,5.0786562,0.06037093,11.932096,-12265.186,0.11075289,10.330972
-1.2737443,-0.055639863,-0.056312185,-17.205179,-12774.5,-12991.742,2.3808e-05,0.027065139,3.0388718,4.9926472,0.060175225,11.873156,-12289.634,0.11067721,10.279141
-1.271633,-0.055843543,-0.056519698,-17.258038,-12753.427,-12969.512,2.3824e-05,0.027015816,3.0447996,4.9835486,0.059979137,11.8142,-12313.517,0.11030976,10.227298
-1.2695138,-0.056046899,-0.056726851,-17.31085,-12730.396,-12947.198,2.384e-05,0.026783075,3.0508971,4.9406152,0.059782658,11.755232,-12338.084,0.10982086,10.175443
-1.2673867,-0.056249876,-0.056933649,-17.363613,-12707.685,-12924.804,2.3856e-05,0.026249001,3.0566983,4.8420959,0.059585799,11.69625,-12361.457,0.11013459,10.123575
-1.2652516,-0.056452505,-0.057140086,-17.416327,-12683.927,-12902.327,2.3872e-05,0.025935339,3.0627551,4.784235,0.059388556,11.637254,-12385.859,0.10994904,10.071696
-1.2631088,-0.056654736,-0.057346161,-17.46899,-12660.022,-12879.769,2.3888e-05,0.025566189,3.0683098,4.7161388,0.05919094,11.578244,-12408.24,0.10906339,10.019805
-1.2609581,-0.05685661,-0.057551876,-17.521605,-12637.526,-12857.13,2.3904e-05,0.025243277,3.0737364,4.6565719,0.058992967,11.519222,-12430.104,0.10935331,9.9679031
-1.2587996,-0.057058096,-0.057757225,-17.574169,-12614.428,-12834.409,2.392e-05,0.02500437,3.0794394,4.6125011,0.05879464,11.460188,-12453.081,0.10877651,9.9159899
-1.2566333,-0.057259239,-0.057962213,-17.626682,-12591.794,-12811.607,2.3936e-05,0.025169292,3.0854042,4.6429243,0.058595933,11.401141,-12477.112,0.10855983,9.8640661
-1.2544591,-0.057459991,-0.058166832,-17.679146,-12569.093,-12788.725,2.3952e-05,0.024127347,3.0907891,4.4507189,0.058396861,11.342083,-12498.809,0.10893826,9.8121319
-1.2522771,-0.057660408,-0.058371082,-17.731556,-12546.041,-12765.762,2.3968e-05,0.024239866,3.0969968,4.4714751,0.058197416,11.283012,-12523.819,0.10776635,9.7601871
-1.2500875,-0.05786043,-0.058574967,-17.783916,-12523.03,-12742.718,2.3984e-05,0.023591733,3.102689,4.3519154,0.057997588,11.223931,-12546.754,0.1078872,9.7082338
-1.2478901,-0.05806011,-0.05877848,-17.836224,-12499.545,-12719.593,2.4e-05,0.02340446,3.1081808,4.3173695,0.057797398,11.16484,-12568.88,0.10759911,9.65627
-1.2456849,-0.058259387,-0.058981624,-17.888479,-12475.215,-12696.389,2.4016e-05,0.023498481,3.1133595,4.3347135,0.057596866,11.105737,-12589.746,0.10652485,9.6042967
-1.243472,-0.058458302,-0.059184391,-17.940681,-12449.98,-12673.104,2.4032e-05,0.023149369,3.1185408,4.2703133,0.057395998,11.046624,-12610.62,0.10619648,9.5523138
-1.2412515,-0.058656793,-0.05938679,-17.99283,-12425.875,-12649.738,2.4048e-05,0.022184491,3.1239507,4.0923243,0.057194792,10.987501,-12632.418,0.10655171,9.5003233
-1.2390232,-0.058854919,-0.059588809,-18.044926,-12402.454,-12626.294,2.4064e-05,0.022662306,3.1294646,4.1804657,0.056993231,10.928369,-12654.633,0.10602862,9.4483232
-1.2367873,-0.059052646,-0.059790455,-18.096968,-12379.112,-12602.769,2.408e-05,0.021594929,3.1351442,3.9835691,0.056791309,10.869226,-12677.517,0.10589984,9.3963146
-1.2345437,-0.059250023,-0.059991721,-18.148954,-12354.817,-12579.164,2.4096e-05,0.021805322,3.1409552,4.0223799,0.056589015,10.810076,-12700.929,0.10581805,9.3442984
-1.2322925,-0.05944699,-0.060192607,-18.200886,-12331.185,-12555.48,2.4112e-05,0.021192638,3.1467323,3.9093597,0.056386352,10.750916,-12724.205,0.10544328,9.2922735
-1.2300338,-0.059643596,-0.060393114,-18.252762,-12306.406,-12531.718,2.4128e-05,0.021209594,3.1522095,3.9124873,0.056183323,10.691747,-12746.272,0.10476394,9.2402411
-1.2277673,-0.059839789,-0.06059324,-18.304583,-12280.938,-12507.876,2.4144e-05,0.02087127,3.1576331,3.8500774,0.055979945,10.63257,-12768.124,0.10471389,9.1882019
-1.2254933,-0.060035601,-0.060792983,-18.356348,-12256.665,-12483.954,2.416e-05,0.020349527,3.1630933,3.7538326,0.055776212,10.573384,-12790.124,0.10441786,9.1361542
-1.2232116,-0.060230993,-0.060992341,-18.408056,-12232.216,-12459.954,2.4176e-05,0.020066692,3.1683331,3.7016585,0.055572137,10.514192,-12811.234,0.10485671,9.0840998
-1.2209226,-0.060426023,-0.061191317,-18.459707,-12208.036,-12435.875,2.4192e-05,0.019511038,3.1734846,3.5991585,0.055367731,10.45499,-12831.99,0.10451002,9.0320377
-1.2186259,-0.060620639,-0.061389904,-18.511301,-12184.541,-12411.718,2.4208e-05,0.019101042,3.1789236,3.5235274,0.055162977,10.395782,-12853.904,0.10350475,8.97997
-1.2163217,-0.060814902,-0.061588105,-18.562838,-12160.287,-12387.482,2.4224e-05,0.018590858,3.1847429,3.429415,0.054957863,10.336566,-12877.351,0.10380688,8.9278946
-1.2140099,-0.061008755,-0.061785914,-18.614317,-12136.522,-12363.168,2.424e-05,0.018773507,3.1902735,3.4631078,0.054752383,10.277344,-12899.632,0.10290048,8.8758125
-1.2116907,-0.061202254,-0.061983336,-18.665735,-12112.777,-12338.776,2.4256e-05,0.01809686,3.1957715,3.3382881,0.05454655,10.218114,-12921.784,0.10302561,8.8237247
-1.2093639,-0.061395343,-0.062180363,-18.717096,-12088.626,-12314.307,2.4272e-05,0.017881842,3.2007971,3.2986243,0.054340374,10.158878,-12942.032,0.10331126,8.7716312
-1.2070298,-0.061588071,-0.062376998,-18.768398,-12063.483,-12289.759,2.4288e-05,0.017572034,3.2060773,3.2414746,0.054133866,10.099635,-12963.307,0.10261787,8.7195311
-1.2046882,-0.061780374,-0.062573239,-18.819639,-12037.464,-12265.133,2.4304e-05,0.017061081,3.2111983,3.1472201,0.053927023,10.040387,-12983.938,0.10312571,8.6674252
-1.2023391,-0.061972294,-0.062769085,-18.870819,-12013.389,-12240.431,2.432e-05,0.016963976,3.2164474,3.1293075,0.053719848,9.9811316,-13005.088,0.10137883,8.6153135
-1.1999825,-0.062163796,-0.062964536,-18.92194,-11989.685,-12215.65,2.4336e-05,0.016942397,3.2216098,3.1253269,0.053512335,9.9218712,-13025.887,0.10114444,8.5631962
-1.1976186,-0.062354941,-0.063159592,-18.973,-11965.114,-12190.793,2.4352e-05,0.016281163,3.226773,3.0033505,0.053304493,9.8626051,-13046.689,0.10103946,8.5110731
-1.1952472,-0.062545672,-0.063354246,-19.023996,-11942.348,-12165.858,2.4368e-05,0.016467664,3.2316577,3.0377541,0.053096324,9.8033323,-13066.37,0.10077822,8.4589453
-1.1928685,-0.062736064,-0.063548498,-19.074932,-11918.63,-12140.847,2.4384e-05,0.01580566,3.2368264,2.9156353,0.052887831,9.7440557,-13087.195,0.10093448,8.4068117
-1.1904823,-0.062926047,-0.063742355,-19.125805,-11893.598,-12115.759,2.44e-05,0.015848046,3.2419021,2.9234543,0.052679006,9.6847734,-13107.645,0.10104434,8.3546734
-1.1880888,-0.063115656,-0.063935801,-19.176615,-11869.601,-12090.595,2.4416e-05,0.014948675,3.2470896,2.7575493,0.052469853,9.6254854,-13128.545,0.099642932,8.3025303
-1.1856879,-0.063304856,-0.064128846,-19.227362,-11846.094,-12065.354,2.4432e-05,0.014828451,3.2522511,2.7353718,0.052260365,9.5661926,-13149.341,0.099728994,8.2503824
-1.1832796,-0.063493706,-0.064321488,-19.278044,-11820.068,-12040.037,2.4448e-05,0.014327516,3.2573309,2.6429653,0.05205055,9.506896,-13169.808,0.10006348,8.1982298
-1.1808641,-0.063682117,-0.064513721,-19.328663,-11795.326,-12014.644,2.4464e-05,0.013969154,3.2624199,2.5768592,0.051840406,9.4475937,-13190.312,0.099667348,8.1460724
-1.1784413,-0.063870154,-0.064705551,-19.379217,-11769.696,-11989.175,2.448e-05,0.013847388,3.2676914,2.5543973,0.051629927,9.3882875,-13211.55,0.099406719,8.0939112
-1.1760111,-0.06405776,-0.064896964,-19.429707,-11745.055,-11963.63,2.4496e-05,0.01361927,3.2726808,2.5123169,0.051419117,9.3289776,-13231.652,0.099107638,8.0417452
-1.1735736,-0.064244993,-0.065087974,-19.480129,-11720.062,-11938.01,2.4512e-05,0.01312373,3.277518,2.4209056,0.051207989,9.2696629,-13251.142,0.098335519,7.9895744
-1.1711287,-0.064431809,-0.065278567,-19.530487,-11695.738,-11912.314,2.4528e-05,0.013033561,3.2825065,2.4042726,0.050996546,9.2103434,-13271.24,0.098187201,7.9373994
-1.1686767,-0.064618252,-0.065468758,-19.580776,-11670.957,-11886.543,2.4544e-05,0.012647456,3.287365,2.3330486,0.050784785,9.151021,-13290.814,0.097422406,7.885221
-1.1662173,-0.064804278,-0.065658525,-19.631001,-11646.683,-11860.697,2.456e-05,0.01253648,3.2924411,2.312577,0.050572705,9.0916939,-13311.267,0.098019347,7.8330379
-1.1637508,-0.064989939,-0.065847881,-19.681156,-11623.19,-11834.776,2.4576e-05,0.011808197,3.2973373,2.1782322,0.050360303,9.0323639,-13330.993,0.096943878,7.7808514
-1.1612769,-0.065175191,-0.06603682,-19.731245,-11598.082,-11808.78,2.4592e-05,0.011287224,3.3021984,2.0821295,0.050147586,8.9730291,-13350.579,0.096564226,7.7286606
-1.1587958,-0.065360077,-0.06622535,-19.781265,-11573.455,-11782.71,2.4608e-05,0.011089163,3.307323,2.0455935,0.049934547,8.9136915,-13371.227,0.097127602,7.676466
-1.1563076,-0.065544538,-0.066413455,-19.831217,-11547.05,-11756.565,2.4624e-05,0.011072978,3.31229,2.042608,0.049721185,8.854351,-13391.238,0.097125769,7.6242681
-1.1538121,-0.065728605,-0.066601135,-19.8811,-11520.934,-11730.347,2.464e-05,0.010504224,3.3171453,1.9376912,0.049507502,8.7950068,-13410.801,0.09658315,7.5720663
-1.1513093,-0.065912232,-0.066788405,-19.930912,-11495.506,-11704.054,2.4656e-05,0.010375523,3.3217278,1.91395,0.049293518,8.7356586,-13429.263,0.095236063,7.5198607
-1.1487993,-0.066095479,-0.066975243,-19.980654,-11469.818,-11677.687,2.4672e-05,0.010168212,3.3264349,1.8757079,0.049079236,8.6763077,-13448.228,0.095295876,7.4676518
-1.1462822,-0.066278279,-0.067161664,-20.030327,-11444.137,-11651.246,2.4688e-05,0.0099462597,3.3306882,1.8347647,0.048864663,8.6169538,-13465.364,0.095391095,7.4154391
-1.1437578,-0.066460706,-0.067347661,-20.079927,-11418.688,-11624.731,2.4704e-05,0.0092965858,3.3354425,1.7149208,0.048649799,8.5575972,-13484.52,0.094729453,7.3632236
-1.1412264,-0.066642694,-0.067533232,-20.129456,-11392.343,-11598.144,2.472e-05,0.00897907,3.3403924,1.6563493,0.048434623,8.4982376,-13504.463,0.095177464,7.3110042
-1.1386877,-0.066824287,-0.067718372,-20.178913,-11366.062,-11571.483,2.4736e-05,0.0087000877,3.3454196,1.6048861,0.048219126,8.4388752,-13524.718,0.094567098,7.2587814
-1.1361419,-0.067005433,-0.067903087,-20.228296,-11339.763,-11544.749,2.4752e-05,0.0087070232,3.3503397,1.6061655,0.048003305,8.3795099,-13544.541,0.094430372,7.2065554
-1.133589,-0.067186184,-0.068087377,-20.277609,-11312.386,-11517.941,2.4768e-05,0.0082322909,3.3555644,1.5185927,0.04778716,8.3201418,-13565.591,0.094059877,7.1543264
-1.1310289,-0.067366473,-0.068271235,-20.326847,-11284.288,-11491.062,2.4784e-05,0.0081359576,3.3596153,1.5008222,0.047570717,8.2607708,-13581.912,0.093619801,7.1020942
-1.1284617,-0.067546345,-0.06845466,-20.376011,-11257.645,-11464.109,2.48e-05,0.0071132788,3.3640528,1.312171,0.047353998,8.2013979,-13599.791,0.09228126,7.0498586
-1.1258874,-0.067725755,-0.068637654,-20.4251,-11230.39,-11437.085,2.4816e-05,0.0067348802,3.3685255,1.2423686,0.047136996,8.1420212,-13617.812,0.093037508,6.9976201
-1.123306,-0.067904763,-0.068820216,-20.474115,-11204.758,-11409.988,2.4832e-05,0.0066516479,3.3732464,1.2270149,0.046919692,8.0826435,-13636.832,0.092855006,6.9453788
-1.1207175,-0.068083324,-0.069002338,-20.523056,-11178.701,-11382.818,2.4848e-05,0.0059526507,3.3778088,1.0980724,0.046702094,8.023263,-13655.214,0.092223272,6.8931336
-1.118122,-0.068261504,-0.069184028,-20.57192,-11152.534,-11355.578,2.4864e-05,0.0063526281,3.3826168,1.1718554,0.046484191,7.9638796,-13674.585,0.092279427,6.8408861
-1.1155193,-0.06843923,-0.069365278,-20.620707,-11125.262,-11328.265,2.488e-05,0.005679063,3.3874104,1.0476043,0.046265978,7.9044938,-13693.898,0.090929292,6.7886353
-1.1129097,-0.068616554,-0.069546096,-20.669418,-11097.145,-11300.881,2.4896e-05,0.0054093287,3.3922713,0.99784702,0.046047457,7.8451061,-13713.483,0.091567732,6.7363815
-1.1102929,-0.068793401,-0.069726467,-20.718052,-11068.77,-11273.425,2.4912e-05,0.0048405747,3.3967633,0.89293021,0.045828629,7.7857165,-13731.582,0.091278419,6.6841249
-1.1076691,-0.068969816,-0.069906399,-20.766607,-11040.233,-11245.898,2.4928e-05,0.0049631111,3.4011414,0.91553426,0.045609519,7.7263241,-13749.221,0.090988494,6.6318655
-1.1050383,-0.069145754,-0.070085898,-20.815084,-11011.707,-11218.3,2.4944e-05,0.0045677577,3.4055421,0.84260428,0.045390125,7.6669297,-13766.952,0.090891443,6.5796032
-1.1024004,-0.069321267,-0.070264943,-20.863483,-10983.915,-11190.632,2.496e-05,0.0039404328,3.4098949,0.72688299,0.045170449,7.6075335,-13784.489,0.089942321,6.5273376
-1.0997556,-0.069496296,-0.070443548,-20.911804,-10955.571,-11162.892,2.4976e-05,0.0036814879,3.4142461,0.67911601,0.044950493,7.5481348,-13802.021,0.08941374,6.4750695
-1.0971038,-0.069670908,-0.070621714,-20.960043,-10928.473,-11135.082,2.4992e-05,0.0033493293,3.4189677,0.61784345,0.044730246,7.4887342,-13821.044,0.089999698,6.4227986
-1.094445,-0.069845058,-0.070799425,-21.008204,-10901.501,-11107.202,2.5008e-05,0.0031697634,3.4239049,0.5847193,0.044509687,7.4293313,-13840.936,0.089352705,6.3705244
-1.0917792,-0.070018798,-0.070976697,-21.056284,-10872.971,-11079.251,2.5024e-05,0.0027944474,3.4285309,0.51548558,0.044288818,7.3699269,-13859.573,0.088991977,6.3182478
-1.0891064,-0.070192054,-0.071153514,-21.10428,-10844.616,-11051.23,2.504e-05,0.0026765349,3.4328184,0.49373454,0.044067662,7.3105202,-13876.849,0.089021884,6.2659683
-1.0864267,-0.070364892,-0.071329884,-21.152199,-10815.89,-11023.141,2.5056e-05,0.0024807849,3.4368751,0.45762497,0.043846238,7.2511115,-13893.192,0.088791162,6.213686
-1.0837401,-0.070537239,-0.071505807,-21.200033,-10786.89,-10994.98,2.5072e-05,0.0018103025,3.4406755,0.33394253,0.043624561,7.1917009,-13908.505,0.088567764,6.1614008
-1.0810467,-0.070709154,-0.071681276,-21.247786,-10759.325,-10966.751,2.5088e-05,0.0015274668,3.4448156,0.28176847,0.043402627,7.1322885,-13925.186,0.088322401,6.1091127
-1.0783463,-0.070880592,-0.07185629,-21.295454,-10731.733,-10938.453,2.5104e-05,0.0011791242,3.4487479,0.21751046,0.043180432,7.0728736,-13941.027,0.087275609,6.0568218
-1.0756389,-0.07105162,-0.07203085,-21.343039,-10704.547,-10910.085,2.512e-05,0.0010542758,3.4529812,0.19447994,0.042957976,7.0134573,-13958.084,0.087418437,6.0045285
-1.0729247,-0.071222179,-0.072204955,-21.390541,-10675.41,-10881.648,2.5136e-05,0.00040306011,3.4569793,0.074351616,0.042735253,6.9540391,-13974.192,0.087265238,5.9522319
-1.0702037,-0.071392305,-0.072378606,-21.437958,-10645.91,-10853.144,2.5152e-05,0.00049014576,3.4612579,0.090416119,0.042512264,6.894619,-13991.432,0.087341532,5.8999329
-1.0674758,-0.071561933,-0.072551802,-21.485289,-10616.502,-10824.569,2.5168e-05,-0.00027204631,3.4652328,-0.050183788,0.042289007,6.835197,-14007.446,0.086922817,5.847631
-1.064741,-0.07173112,-0.072724536,-21.532536,-10586.997,-10795.927,2.5184e-05,-0.00031135045,3.4694955,-0.057434134,0.04206549,6.775773,-14024.62,0.086164132,5.7953262
-1.0619994,-0.071899809,-0.072896808,-21.579697,-10557.702,-10767.217,2.52e-05,-0.001109764,3.4735191,-0.20471573,0.041841701,6.7163472,-14040.832,0.086228214,5.7430186
-1.0592511,-0.072068051,-0.073068626,-21.62677,-10528.117,-10738.438,2.5216e-05,-0.00095408875,3.4774079,-0.17599866,0.041617658,6.65692,-14056.499,0.085774101,5.6907086
-1.056496,-0.0722358,-0.073239975,-21.673758,-10498.995,-10709.592,2.5232e-05,-0.0014503999,3.4814484,-0.26755208,0.041393358,6.5974903,-14072.778,0.085569628,5.6383953
-1.0537341,-0.072403103,-0.073410869,-21.720657,-10469.939,-10680.678,2.5248e-05,-0.0018110732,3.4855304,-0.33408469,0.041168798,6.5380592,-14089.225,0.085562915,5.5860796
-1.0509654,-0.072569922,-0.073581293,-21.767467,-10443.087,-10651.696,2.5264e-05,-0.0019228202,3.4893978,-0.35469845,0.040943984,6.4786263,-14104.807,0.084279917,5.533761
-1.04819,-0.072736323,-0.073751256,-21.814192,-10413.742,-10622.647,2.528e-05,-0.002412966,3.4933224,-0.44511455,0.040718917,6.4191914,-14120.619,0.084735863,5.4814396
-1.0454079,-0.07290224,-0.073920757,-21.860826,-10385.101,-10593.532,2.5296e-05,-0.0027266284,3.497277,-0.50297517,0.040493593,6.3597546,-14136.552,0.084314704,5.4291153
-1.0426191,-0.073067717,-0.07408978,-21.90737,-10355.842,-10564.35,2.5312e-05,-0.0026449375,3.5009868,-0.48790583,0.040268026,6.3003163,-14151.499,0.084218882,5.3767881
-1.0398237,-0.07323271,-0.074258342,-21.953825,-10327.076,-10535.1,2.5328e-05,-0.0035851542,3.504859,-0.66134554,0.040042214,6.2408757,-14167.101,0.083341166,5.3244586
-1.0370215,-0.073397264,-0.074426435,-22.000189,-10297.65,-10505.784,2.5344e-05,-0.0034949859,3.5087712,-0.64471239,0.039816149,6.1814337,-14182.862,0.083863035,5.2721257
-1.0342127,-0.073561311,-0.074594058,-22.046463,-10267.145,-10476.401,2.536e-05,-0.0040383078,3.5128372,-0.74493778,0.039589826,6.1219897,-14199.244,0.082888275,5.2197905
-1.0313972,-0.073724918,-0.074761212,-22.092646,-10237.966,-10446.953,2.5376e-05,-0.0044321199,3.516531,-0.81758344,0.039363258,6.0625439,-14214.127,0.082876675,5.1674523
-1.0285753,-0.073888011,-0.074927889,-22.138735,-10207.721,-10417.438,2.5392e-05,-0.0045215175,3.520359,-0.83407444,0.039136443,6.0030961,-14229.551,0.082920007,5.1151114
-1.0257466,-0.074050665,-0.075094096,-22.184732,-10178.79,-10387.858,2.5408e-05,-0.0047149556,3.5240755,-0.86975753,0.038909387,5.9436469,-14244.524,0.08297006,5.0627675
-1.0229114,-0.074212812,-0.075259827,-22.230639,-10149.211,-10358.212,2.5424e-05,-0.0056497776,3.5280058,-1.0422021,0.038682085,5.8841958,-14260.358,0.081799373,5.0104208
-1.0200697,-0.074374527,-0.075425081,-22.276449,-10119.995,-10328.501,2.544e-05,-0.0054825423,3.5319896,-1.0113525,0.038454525,5.8247428,-14276.409,0.082146674,4.9580712
-1.0172215,-0.074535735,-0.075589865,-22.322166,-10089.892,-10298.725,2.5456e-05,-0.0059395493,3.5357144,-1.0956557,0.038226716,5.7652879,-14291.417,0.081650443,4.9057188
-1.0143666,-0.074696504,-0.075754166,-22.36779,-10060.177,-10268.883,2.5472e-05,-0.0062308623,3.5396707,-1.1493936,0.037998665,5.7058311,-14307.357,0.081548512,4.8533635
-1.0115054,-0.074856758,-0.075917989,-22.413319,-10031.206,-10238.976,2.5488e-05,-0.0060952245,3.5435042,-1.1243727,0.037770357,5.6463723,-14322.803,0.081418499,4.8010058
-1.0086377,-0.075016581,-0.076081336,-22.45875,-10002.9,-10209.005,2.5504e-05,-0.0067495229,3.5476234,-1.2450697,0.037541796,5.5869122,-14339.398,0.080132447,4.7486448
-1.0057635,-0.075175919,-0.076244198,-22.504087,-9972.542,-10178.969,2.552e-05,-0.0069437316,3.5514328,-1.280895,0.037312981,5.5274501,-14354.747,0.080922268,4.696281
-1.002883,-0.075334802,-0.076406576,-22.549328,-9942.083,-10148.869,2.5536e-05,-0.0076342514,3.5551884,-1.4082736,0.037083916,5.4679861,-14369.878,0.079588607,4.6439147
-0.99999589,-0.075493172,-0.076568477,-22.594471,-9911.6592,-10118.705,2.5552e-05,-0.0077483105,3.5588138,-1.4293139,0.036854617,5.4085202,-14384.484,0.079486676,4.5915451
-0.9971025,-0.075651079,-0.076729894,-22.639517,-9882.3965,-10088.478,2.5568e-05,-0.0080365408,3.5621693,-1.4824831,0.036625095,5.3490524,-14398.005,0.079410382,4.5391731
-0.99420273,-0.075808495,-0.076890826,-22.684465,-9852.5547,-10058.186,2.5584e-05,-0.0084087746,3.5655739,-1.5511482,0.036395352,5.2895827,-14411.722,0.078994721,4.4867983
-0.99129665,-0.075965457,-0.077051267,-22.729317,-9823.1885,-10027.83,2.56e-05,-0.0086731138,3.5691445,-1.5999103,0.036165386,5.2301111,-14426.107,0.078890346,4.4344201
-0.98838425,-0.076121919,-0.077211224,-22.774067,-9793.3213,-9997.4111,2.5616e-05,-0.0089759873,3.5726073,-1.6557807,0.035935193,5.1706381,-14440.059,0.078062072,4.3820395
-0.98546553,-0.076277934,-0.077370696,-22.818718,-9762.9971,-9966.9297,2.5632e-05,-0.0091432221,3.576072,-1.6866301,0.035704777,5.1111631,-14454.018,0.077965029,4.3296561
-0.98254055,-0.076433443,-0.077529676,-22.86327,-9733.3506,-9936.3848,2.5648e-05,-0.0097959796,3.5795918,-1.8070428,0.035474133,5.0516863,-14468.199,0.07881771,4.2772698
-0.97960937,-0.076588497,-0.077688172,-22.907722,-9703.249,-9905.7773,2.5664e-05,-0.0098984782,3.583365,-1.8259506,0.035243258,4.9922075,-14483.401,0.077369913,4.2248807
-0.97667187,-0.076743044,-0.077846177,-22.952072,-9673.9551,-9875.1074,2.568e-05,-0.010390165,3.5870109,-1.916651,0.035012141,4.9327269,-14498.091,0.077645801,4.1724887
-0.97372824,-0.076897144,-0.078003682,-22.996321,-9642.4258,-9844.375,2.5696e-05,-0.010647569,3.5906084,-1.9641337,0.034780793,4.8732443,-14512.585,0.07810846,4.1200938
-0.97077835,-0.077050723,-0.078160703,-23.040468,-9611.6357,-9813.5811,2.5712e-05,-0.011090704,3.5940549,-2.0458779,0.034549214,4.8137603,-14526.472,0.077252723,4.0676966
-0.96782237,-0.077203833,-0.078317225,-23.084513,-9580.3857,-9782.7236,2.5728e-05,-0.01166177,3.5975239,-2.151221,0.034317415,4.7542739,-14540.448,0.07637196,4.015296
-0.9648602,-0.077356413,-0.078473255,-23.128454,-9549.5703,-9751.8057,2.5744e-05,-0.011937669,3.6010444,-2.2021158,0.034085389,4.6947861,-14554.632,0.076522112,3.962893
-0.96189195,-0.077508532,-0.078628786,-23.172293,-9518.6562,-9720.8262,2.576e-05,-0.01187987,3.6045306,-2.1914535,0.03385314,4.6352963,-14568.678,0.075894043,3.9104872
-0.95891756,-0.077660128,-0.078783825,-23.216028,-9488.6895,-9689.7842,2.5776e-05,-0.012183513,3.6078916,-2.2474661,0.03362067,4.5758047,-14582.219,0.075524159,3.8580785
-0.95593715,-0.077811271,-0.078938365,-23.259657,-9458.1162,-9658.6816,2.5792e-05,-0.012711422,3.6114483,-2.3448482,0.033387974,4.5163116,-14596.55,0.074886322,3.8056672
-0.95295066,-0.077961899,-0.079092398,-23.303183,-9428.0068,-9627.5186,2.5808e-05,-0.013083655,3.6147997,-2.4135132,0.033155058,4.4568162,-14610.053,0.075653553,3.7532532
-0.94995815,-0.078112066,-0.07924594,-23.346601,-9396.6172,-9596.2939,2.5824e-05,-0.013206191,3.6179202,-2.4361172,0.032921933,4.3973193,-14622.625,0.074910127,3.7008364
-0.94695961,-0.078261711,-0.079398982,-23.389915,-9367.0605,-9565.0088,2.584e-05,-0.013528331,3.6206918,-2.4955416,0.032688618,4.3378205,-14633.791,0.074806362,3.648417
-0.94395512,-0.078410909,-0.079551518,-23.433123,-9335.6631,-9533.6631,2.5856e-05,-0.013888234,3.6233711,-2.5619321,0.032455124,4.2783203,-14644.587,0.074409008,3.5959947
-0.94094467,-0.07855957,-0.079703555,-23.476223,-9303.957,-9502.2578,2.5872e-05,-0.014518642,3.6263108,-2.6782219,0.032221455,4.2188182,-14656.431,0.074283272,3.54357
-0.93792826,-0.078707762,-0.079855092,-23.519217,-9272.9062,-9470.792,2.5888e-05,-0.014530973,3.6296964,-2.6804967,0.031987578,4.1593142,-14670.071,0.075133517,3.4911427
-0.93490595,-0.078855418,-0.080006115,-23.562101,-9240.4131,-9439.2666,2.5904e-05,-0.014558717,3.632724,-2.6856146,0.031753495,4.0998082,-14682.27,0.07354717,3.4387126
-0.93187773,-0.079002596,-0.080156639,-23.604877,-9207.9346,-9407.6816,2.592e-05,-0.015143654,3.6356678,-2.7935166,0.031519219,4.0403008,-14694.13,0.072850123,3.3862801
-0.92884362,-0.079149216,-0.080306657,-23.647545,-9175.2412,-9376.0371,2.5936e-05,-0.015431114,3.6388297,-2.8465438,0.031284746,3.9807918,-14706.87,0.072591327,3.3338451
-0.92580372,-0.079295352,-0.080456167,-23.690102,-9142.6582,-9344.333,2.5952e-05,-0.015993703,3.6421444,-2.9503233,0.031050066,3.9212809,-14720.225,0.072300792,3.2814076
-0.92275792,-0.079440936,-0.080605164,-23.73255,-9111.3926,-9312.5703,2.5968e-05,-0.015897369,3.6451313,-2.9325528,0.030815182,3.8617685,-14732.259,0.072084107,3.2289674
-0.91970634,-0.079586044,-0.080753662,-23.774887,-9080.6641,-9280.749,2.5984e-05,-0.016605614,3.6483889,-3.0632012,0.030580098,3.8022542,-14745.383,0.072425917,3.1765249
-0.91664898,-0.07973063,-0.080901638,-23.817114,-9051.0742,-9248.8682,2.6e-05,-0.016648771,3.6511979,-3.0711625,0.030344816,3.7427385,-14756.701,0.071048312,3.1240799
-0.91358584,-0.079874769,-0.081049114,-23.859228,-9021.0605,-9216.9297,2.6016e-05,-0.017225232,3.6540134,-3.177501,0.030109353,3.6832213,-14768.045,0.071183205,3.0716326
-0.91051692,-0.080018401,-0.08119607,-23.901232,-8991.8457,-9184.9326,2.6032e-05,-0.01746414,3.6568491,-3.2215717,0.02987371,3.6237023,-14779.47,0.071913205,3.0191829
-0.90744233,-0.080161594,-0.081342518,-23.943121,-8960.7451,-9152.8779,2.6048e-05,-0.017918834,3.6596065,-3.3054483,0.029637886,3.5641818,-14790.579,0.071778923,2.9667308
-0.90436202,-0.080304258,-0.081488445,-23.984898,-8929.2832,-9120.7656,2.6064e-05,-0.018089924,3.6624305,-3.3370085,0.029401882,3.5046599,-14801.958,0.070785239,2.9142766
-0.90127599,-0.080446452,-0.081633866,-24.026562,-8896.5479,-9088.5947,2.608e-05,-0.018555408,3.6654532,-3.4228754,0.029165689,3.4451365,-14814.137,0.070883512,2.86182
-0.8981843,-0.080588095,-0.081778765,-24.068111,-8864.1709,-9056.3672,2.6096e-05,-0.018949991,3.6684504,-3.4956632,0.028929301,3.3856115,-14826.211,0.070011899,2.8093612
-0.895087,-0.080729254,-0.081923157,-24.109547,-8831.4346,-9024.082,2.6112e-05,-0.019286003,3.6709983,-3.5576468,0.028692735,3.3260851,-14836.478,0.070117496,2.7569005
-0.89198399,-0.080869853,-0.08206702,-24.150866,-8799.5615,-8991.7402,2.6128e-05,-0.019531075,3.6738584,-3.6028547,0.028455995,3.2665575,-14848.001,0.070028991,2.7044375
-0.88887542,-0.081009969,-0.082210369,-24.19207,-8768.1084,-8959.3418,2.6144e-05,-0.019857069,3.6768727,-3.6629899,0.028219067,3.2070284,-14860.146,0.069065832,2.6519725
-0.88576126,-0.081149556,-0.082353204,-24.233156,-8737.1191,-8926.8867,2.616e-05,-0.020211577,3.6795254,-3.7283852,0.027981954,3.1474979,-14870.832,0.068970002,2.5995057
-0.88264155,-0.08128868,-0.082495511,-24.274128,-8706.4062,-8894.375,2.6176e-05,-0.020496724,3.6819718,-3.7809858,0.027744679,3.0879662,-14880.689,0.068879664,2.5470366
-0.87951624,-0.081427269,-0.082637303,-24.314981,-8674.8398,-8861.8066,2.6192e-05,-0.020526011,3.6846786,-3.7863882,0.027507236,3.0284333,-14891.595,0.068006225,2.4945657
-0.87638539,-0.081565402,-0.082778566,-24.355719,-8643.3936,-8829.1826,2.6208e-05,-0.020765688,3.6875694,-3.830601,0.027269613,2.968899,-14903.242,0.068785056,2.4420931
-0.87324905,-0.081702985,-0.082919307,-24.396336,-8611.2305,-8796.5029,2.6224e-05,-0.021452354,3.6902926,-3.9572687,0.027031809,2.9093637,-14914.214,0.067719355,2.3896189
-0.87010717,-0.081840098,-0.083059527,-24.436834,-8579.3369,-8763.7686,2.624e-05,-0.021575661,3.6929743,-3.980015,0.026793832,2.8498273,-14925.019,0.067636952,2.3371427
-0.86695981,-0.08197666,-0.083199225,-24.477215,-8546.4277,-8730.9775,2.6256e-05,-0.022247685,3.6956401,-4.103982,0.026555682,2.7902899,-14935.759,0.066926479,2.2846649
-0.86380696,-0.08211273,-0.083338395,-24.517473,-8514.0029,-8698.1318,2.6272e-05,-0.021977181,3.6983061,-4.0540824,0.026317358,2.7307513,-14946.501,0.067792594,2.2321854
-0.86064869,-0.082248248,-0.083477043,-24.557613,-8481.3906,-8665.2314,2.6288e-05,-0.023204857,3.7005978,-4.280549,0.026078876,2.6712117,-14955.733,0.067231059,2.1797047
-0.857485,-0.082383282,-0.083615154,-24.597631,-8447.5762,-8632.2754,2.6304e-05,-0.022834165,3.702739,-4.2121682,0.025840251,2.6116712,-14964.36,0.066593222,2.1272223
-0.85431582,-0.082517743,-0.083752744,-24.637529,-8414.6533,-8599.2656,2.632e-05,-0.022878863,3.7049029,-4.2204137,0.025601488,2.55213,-14973.079,0.065920591,2.0747385
-0.85114127,-0.082651712,-0.083889805,-24.677305,-8383.3506,-8566.2021,2.6336e-05,-0.023755115,3.7070441,-4.3820539,0.025362585,2.4925878,-14981.706,0.066065855,2.0222533
-0.84796137,-0.082785137,-0.084026329,-24.716957,-8350.9434,-8533.083,2.6352e-05,-0.02372583,3.7092712,-4.3766518,0.025123542,2.4330449,-14990.679,0.065001376,1.9697671
-0.84477603,-0.082918078,-0.084162332,-24.756487,-8317.6318,-8499.9111,2.6368e-05,-0.024062611,3.7113068,-4.4387774,0.024884362,2.3735013,-14998.881,0.065597095,1.9172796
-0.84158534,-0.083050452,-0.084297799,-24.795893,-8283.8193,-8466.6855,2.6384e-05,-0.024548905,3.7139099,-4.5284824,0.024645032,2.3139572,-15009.367,0.064980008,1.864791
-0.83838934,-0.083182327,-0.084432736,-24.835176,-8250.3926,-8433.4062,2.64e-05,-0.024753902,3.7160447,-4.566298,0.024405548,2.2544124,-15017.97,0.064388558,1.8123014
-0.83518797,-0.083313636,-0.084567137,-24.874334,-8218.3711,-8400.0732,2.6416e-05,-0.025481414,3.7182379,-4.7005005,0.024165927,2.1948671,-15026.806,0.064799339,1.7598109
-0.8319813,-0.083444454,-0.084701002,-24.913366,-8184.8716,-8366.6875,2.6432e-05,-0.025559252,3.7205534,-4.714859,0.023926159,2.1353211,-15036.135,0.063561507,1.7073195
-0.82876933,-0.083574712,-0.08483433,-24.952272,-8151.8877,-8333.249,2.6448e-05,-0.025549233,3.7229044,-4.7130113,0.023686241,2.0757751,-15045.607,0.063586533,1.6548274
-0.82555211,-0.083704472,-0.084967129,-24.991053,-8118.1938,-8299.7578,2.6464e-05,-0.026588866,3.7251425,-4.9047899,0.023446174,2.0162287,-15054.624,0.063266702,1.6023345
-0.82232952,-0.083833657,-0.085099392,-25.029707,-8085.3818,-8266.2139,2.648e-05,-0.026617382,3.727474,-4.9100499,0.023205962,1.9566818,-15064.019,0.063322857,1.549841
-0.81910175,-0.083962351,-0.08523111,-25.068233,-8050.6758,-8232.6182,2.6496e-05,-0.026907153,3.7296574,-4.9635034,0.022965603,1.8971349,-15072.814,0.062791221,1.4973471
-0.81586874,-0.084090464,-0.085362293,-25.106632,-8017.4458,-8198.9697,2.6512e-05,-0.027166868,3.7321088,-5.0114126,0.022725094,1.8375878,-15082.691,0.062911466,1.4448528
-0.81263041,-0.084218077,-0.085492939,-25.144903,-7983.502,-8165.2705,2.6528e-05,-0.027627729,3.7344337,-5.0964265,0.022484433,1.7780408,-15092.059,0.062256537,1.3923581
-0.80938697,-0.08434511,-0.085623041,-25.183044,-7950.4824,-8131.5195,2.6544e-05,-0.027602296,3.7366011,-5.0917354,0.022243626,1.7184938,-15100.791,0.062891327,1.3398632
-0.80613828,-0.08447165,-0.085752606,-25.221056,-7916.8545,-8097.7168,2.656e-05,-0.028169509,3.7386961,-5.1963677,0.022002682,1.6589469,-15109.232,0.061872005,1.2873682
-0.80288434,-0.08459761,-0.085881628,-25.258938,-7882.7061,-8063.8628,2.6576e-05,-0.028487025,3.7406423,-5.2549391,0.021761607,1.5994003,-15117.073,0.061719414,1.2348732
-0.79962528,-0.08472307,-0.086010106,-25.29669,-7848.4316,-8029.9585,2.6592e-05,-0.028722079,3.7426729,-5.2982988,0.021520404,1.5398538,-15125.255,0.061696827,1.1823782
-0.79636109,-0.084847942,-0.08613804,-25.334309,-7814.5635,-7996.0029,2.6608e-05,-0.02906888,3.7441962,-5.3622727,0.021279087,1.4803078,-15131.392,0.060676292,1.1298833
-0.79309171,-0.084972307,-0.086265437,-25.371798,-7780.5132,-7961.9971,2.6624e-05,-0.029686186,3.7460606,-5.4761457,0.021037661,1.4207623,-15138.903,0.060365614,1.0773888
-0.78981715,-0.085096091,-0.086392283,-25.409155,-7746.5815,-7927.9409,2.664e-05,-0.029591395,3.7480836,-5.4586596,0.020796109,1.3612173,-15147.054,0.059751578,1.0248946
-0.78653753,-0.085219368,-0.086518586,-25.446377,-7710.9644,-7893.8345,2.6656e-05,-0.03011545,3.7502282,-5.5553312,0.020554421,1.3016728,-15155.695,0.060708638,0.97240096
-0.78325278,-0.085342042,-0.086644337,-25.483467,-7676.3906,-7859.6782,2.6672e-05,-0.030287309,3.752111,-5.5870333,0.020312607,1.2421292,-15163.28,0.059423812,0.91990793
-0.77996296,-0.085464202,-0.086769544,-25.520424,-7641.7139,-7825.4727,2.6688e-05,-0.030844502,3.7540159,-5.6898179,0.020070668,1.1825863,-15170.956,0.059365217,0.86741555
-0.77666801,-0.085585766,-0.086894207,-25.557245,-7607.939,-7791.2173,2.6704e-05,-0.030801345,3.7558982,-5.6818566,0.019828608,1.1230444,-15178.539,0.059629504,0.814924
-0.773368,-0.08570683,-0.087018311,-25.593933,-7574.1304,-7756.9131,2.672e-05,-0.03159051,3.7581069,-5.8274322,0.019586416,1.0635034,-15187.439,0.058552813,0.76243341
-0.77006292,-0.085827306,-0.087141879,-25.630484,-7540.105,-7722.5596,2.6736e-05,-0.031759288,3.7605634,-5.8585663,0.019344075,1.0039636,-15197.335,0.058954436,0.70994389
-0.76675284,-0.08594729,-0.087264888,-25.666899,-7507.3604,-7688.1572,2.6752e-05,-0.032321878,3.762547,-5.9623456,0.019101588,0.94442493,-15205.327,0.058723714,0.6574555
-0.76343775,-0.086066701,-0.087387346,-25.703176,-7474.9941,-7653.7065,2.6768e-05,-0.032378133,3.7644067,-5.9727235,0.018858979,0.88488758,-15212.82,0.058147527,0.60496837
-0.76011759,-0.086185627,-0.087509252,-25.739317,-7442.9521,-7619.2075,2.6784e-05,-0.032433622,3.7661004,-5.9829593,0.018616255,0.82535166,-15219.645,0.057711113,0.55248272
-0.75679243,-0.086304009,-0.087630607,-25.77532,-7410.6963,-7584.6602,2.68e-05,-0.032886006,3.7677693,-6.0664096,0.018373422,0.76581717,-15226.369,0.057637867,0.49999857
-0.75346231,-0.086421907,-0.087751411,-25.811184,-7376.3604,-7550.0649,2.6816e-05,-0.033393878,3.7696118,-6.1600952,0.018130478,0.70628434,-15233.792,0.057453535,0.44751608
-0.7501272,-0.086539224,-0.087871656,-25.846909,-7341.9194,-7515.4224,2.6832e-05,-0.033474028,3.7714918,-6.1748805,0.017887412,0.64675319,-15241.366,0.057289347,0.39503539
-0.74678713,-0.086656034,-0.087991349,-25.882494,-7307.4248,-7480.7319,2.6848e-05,-0.033695981,3.7731609,-6.2158237,0.017644232,0.58722389,-15248.091,0.056644186,0.34255657
-0.74344218,-0.086772248,-0.088110484,-25.91794,-7273.4609,-7445.9946,2.6864e-05,-0.03446896,3.7748601,-6.3584137,0.017400945,0.52769655,-15254.937,0.056744896,0.2900798
-0.74009222,-0.086887956,-0.08822906,-25.953245,-7239.3486,-7411.21,2.688e-05,-0.034675501,3.7764196,-6.3965135,0.017157551,0.46817118,-15261.221,0.056565449,0.23760521
-0.73673737,-0.087003082,-0.088347085,-25.988407,-7205.21,-7376.3784,2.6896e-05,-0.035278164,3.777916,-6.5076857,0.016914058,0.40864798,-15267.249,0.055533919,0.18513291
-0.7333777,-0.087117702,-0.088464551,-26.02343,-7171.4756,-7341.5005,2.6912e-05,-0.035463125,3.7793519,-6.5418048,0.016670473,0.34912705,-15273.034,0.056116823,0.13266304
-0.73001307,-0.08723174,-0.08858145,-26.058308,-7138.4087,-7306.5762,2.6928e-05,-0.035564084,3.7809627,-6.5604281,0.016426789,0.28960851,-15279.524,0.055585802,0.080195732
-0.72664356,-0.087345287,-0.088697799,-26.093042,-7104.4395,-7271.6055,2.6944e-05,-0.035622653,3.7825811,-6.5712328,0.016183,0.23009245,-15286.045,0.055177465,0.027731119
-0.72326928,-0.087458253,-0.088813581,-26.127634,-7070.7178,-7236.5889,2.696e-05,-0.036350165,3.7839453,-6.7054353,0.015939115,0.17057902,-15291.541,0.055124972,-0.024730654
-0.71989012,-0.087570719,-0.088928811,-26.162081,-7035.9951,-7201.5269,2.6976e-05,-0.036542062,3.7854447,-6.7408342,0.015695138,0.1110683,-15297.583,0.054346751,-0.07718946
-0.71650612,-0.08768259,-0.089043468,-26.196383,-7002.2773,-7166.4194,2.6992e-05,-0.03724106,3.7869992,-6.8697767,0.015451062,0.051560443,-15303.846,0.054134954,-0.12964515
-0.71311736,-0.087793961,-0.089157574,-26.230539,-6968.1392,-7131.2661,2.7008e-05,-0.03717478,3.7886262,-6.8575506,0.015206884,-0.0079444461,-15310.4,0.053629566,-0.18209758
-0.70972383,-0.087904744,-0.089271106,-26.264549,-6933.7207,-7096.0684,2.7024e-05,-0.037632558,3.7901886,-6.9419956,0.014962603,-0.067446239,-15316.695,0.053330485,-0.23454663
-0.70632553,-0.08801502,-0.089384079,-26.298412,-6898.2568,-7060.8257,2.704e-05,-0.037929267,3.7918704,-6.9967289,0.014718218,-0.12694481,-15323.472,0.05270974,-0.28699213
-0.70292246,-0.088124685,-0.089496486,-26.332129,-6862.7378,-7025.5381,2.7056e-05,-0.037890732,3.7932746,-6.9896207,0.014473733,-0.18644005,-15329.129,0.053541671,-0.33943397
-0.69951469,-0.088233836,-0.089608334,-26.365696,-6828.4941,-6990.2065,2.7072e-05,-0.038337722,3.7946999,-7.0720754,0.014229156,-0.2459318,-15334.872,0.052405775,-0.39187196
-0.6961022,-0.088342384,-0.089719608,-26.399117,-6793.3862,-6954.8306,2.7088e-05,-0.03882093,3.7958643,-7.161212,0.013984497,-0.30541998,-15339.562,0.052426528,-0.44430599
-0.69268507,-0.088450409,-0.089830317,-26.432386,-6757.7812,-6919.4106,2.7104e-05,-0.039129969,3.7971144,-7.2182198,0.013739759,-0.3649044,-15344.6,0.052045655,-0.4967359
-0.68926322,-0.088557832,-0.089940466,-26.465506,-6723.6284,-6883.9473,2.712e-05,-0.039288729,3.798429,-7.2475057,0.01349494,-0.42438501,-15349.896,0.051738638,-0.54916155
-0.68583673,-0.088664748,-0.090050042,-26.498474,-6687.748,-6848.4399,2.7136e-05,-0.039740339,3.7995756,-7.3308134,0.01325004,-0.4838616,-15354.516,0.053046051,-0.60158283
-0.68240559,-0.088771045,-0.090159044,-26.531292,-6651.603,-6812.8896,2.7152e-05,-0.04009562,3.8008358,-7.3963509,0.013005063,-0.54333407,-15359.593,0.051388897,-0.65399945
-0.67896986,-0.088876814,-0.090267479,-26.563959,-6616.6655,-6777.2964,2.7168e-05,-0.040401574,3.8022659,-7.4527898,0.012759999,-0.60280234,-15365.355,0.050873134,-0.70641142
-0.6755296,-0.088981979,-0.090375349,-26.596472,-6582.1865,-6741.6602,2.7184e-05,-0.04069674,3.8037534,-7.5072389,0.012514842,-0.66226619,-15371.349,0.051432233,-0.75881851
-0.67208469,-0.089086629,-0.090482645,-26.628832,-6547.0415,-6705.9814,2.72e-05,-0.04098266,3.8048055,-7.5599813,0.012269602,-0.72172552,-15375.588,0.05068697,-0.81122059
-0.66863531,-0.089190677,-0.090589367,-26.661039,-6512.2466,-6670.2603,2.7216e-05,-0.041482825,3.8059442,-7.6522455,0.012024292,-0.7811802,-15380.175,0.049751885,-0.86361748
-0.66518134,-0.08929421,-0.090695515,-26.69309,-6476.7271,-6634.4971,2.7232e-05,-0.041927502,3.8072755,-7.7342739,0.011778901,-0.84063005,-15385.539,0.050444655,-0.91600907
-0.6617229,-0.089397132,-0.090801097,-26.724989,-6441.5508,-6598.6919,2.7248e-05,-0.042174883,3.8082936,-7.7799087,0.011533436,-0.90007502,-15389.642,0.049678031,-0.96839517
-0.65825999,-0.089499533,-0.090906106,-26.756729,-6407.0449,-6562.8452,2.7264e-05,-0.04235214,3.8089836,-7.8126063,0.011287916,-0.95951492,-15392.421,0.048857082,-1.0207756
-0.65479261,-0.089601338,-0.091010533,-26.788315,-6370.9072,-6526.957,2.728e-05,-0.042970214,3.8100028,-7.9266214,0.01104234,-1.0189496,-15396.527,0.048485976,-1.0731503
-0.65132082,-0.089702614,-0.091114394,-26.819742,-6334.4316,-6491.0273,2.7296e-05,-0.042728998,3.81112,-7.8821244,0.010796695,-1.0783789,-15401.028,0.049054231,-1.125519
-0.64784461,-0.089803264,-0.091217674,-26.851011,-6298.3467,-6455.0571,2.7312e-05,-0.043232244,3.8123081,-7.974957,0.010550977,-1.1378028,-15405.815,0.048625752,-1.1778816
-0.644364,-0.089903377,-0.091320373,-26.882124,-6261.8618,-6419.0459,2.7328e-05,-0.043600623,3.8128612,-8.0429115,0.010305202,-1.197221,-15408.044,0.048940092,-1.230238
-0.64087903,-0.090002865,-0.091422506,-26.913076,-6226.2446,-6382.9941,2.7344e-05,-0.043924306,3.8134429,-8.1026201,0.01005939,-1.2566335,-15410.388,0.047987916,-1.2825879
-0.63738978,-0.090101816,-0.091524057,-26.943869,-6188.6431,-6346.9019,2.736e-05,-0.04462022,3.8142738,-8.2309942,0.0098135332,-1.31604,-15413.735,0.048017822,-1.3349313
-0.63389617,-0.090200134,-0.091625027,-26.974501,-6151.251,-6310.7695,2.7376e-05,-0.044306558,3.8148804,-8.1731339,0.0095676295,-1.3754406,-15416.179,0.046847131,-1.3872678
-0.63039827,-0.0902979,-0.091725424,-27.004972,-6115.2646,-6274.5977,2.7392e-05,-0.044880707,3.8156877,-8.2790451,0.0093216803,-1.434835,-15419.432,0.047298197,-1.4395975
-0.62689608,-0.090395041,-0.091825232,-27.03528,-6080.4048,-6238.3857,2.7408e-05,-0.044953149,3.8166695,-8.2924089,0.0090756733,-1.4942229,-15423.388,0.047103487,-1.4919201
-0.62338972,-0.090491667,-0.091924466,-27.065428,-6044.0127,-6202.1348,2.7424e-05,-0.045735378,3.8176453,-8.4367046,0.0088296039,-1.5536044,-15427.318,0.046325266,-1.5442356
-0.61987913,-0.090587661,-0.092023119,-27.095411,-6006.9023,-6165.8442,2.744e-05,-0.046018213,3.8184028,-8.4888792,0.0085834786,-1.6129792,-15430.371,0.045507982,-1.5965436
-0.61636436,-0.090683118,-0.092121191,-27.125231,-5968.9121,-6129.5151,2.7456e-05,-0.046339583,3.8191328,-8.5481615,0.0083373049,-1.6723473,-15433.312,0.046030458,-1.6488441
-0.61284542,-0.090777919,-0.092218682,-27.154884,-5933.3179,-6093.147,2.7472e-05,-0.046231687,3.8199556,-8.5282583,0.0080910809,-1.7317084,-15436.627,0.045528732,-1.7011368
-0.60932231,-0.090872191,-0.092315592,-27.184374,-5896.9722,-6056.7407,2.7488e-05,-0.047174986,3.8208117,-8.7022667,0.0078448029,-1.7910625,-15440.076,0.045805231,-1.7534218
-0.60579515,-0.090965837,-0.09241192,-27.213697,-5861.8428,-6020.2959,2.7504e-05,-0.046941474,3.8220062,-8.6591911,0.0075984593,-1.8504093,-15444.89,0.04544206,-1.8056986
-0.60226387,-0.091058969,-0.09250766,-27.242855,-5826.0054,-5983.8135,2.752e-05,-0.047803085,3.8231792,-8.8181305,0.0073520392,-1.9097488,-15449.615,0.045187537,-1.8579674
-0.5987286,-0.091151483,-0.092602812,-27.271845,-5791.1914,-5947.293,2.7536e-05,-0.047769174,3.8239574,-8.8118753,0.0071055563,-1.9690808,-15452.751,0.044578388,-1.9102278
-0.59518927,-0.091243476,-0.092697389,-27.300665,-5755.7168,-5910.7349,2.7552e-05,-0.048038907,3.8244703,-8.8616323,0.0068590315,-2.028405,-15454.817,0.044630267,-1.9624796
-0.59164596,-0.091334864,-0.092791371,-27.329317,-5719.9521,-5874.1392,2.7568e-05,-0.048188418,3.8251886,-8.8892117,0.0066124671,-2.0877216,-15457.711,0.044017456,-2.0147228
-0.58809865,-0.091425724,-0.092884772,-27.3578,-5684.4028,-5837.5068,2.7584e-05,-0.048576064,3.82566,-8.9607201,0.0063658645,-2.1470301,-15459.61,0.043803215,-2.066957
-0.5845474,-0.091515966,-0.092977583,-27.386112,-5647.2388,-5800.8374,2.76e-05,-0.048786458,3.8262277,-8.9995308,0.0061192284,-2.2063305,-15461.897,0.043819085,-2.1191823
-0.58099222,-0.091605663,-0.093069814,-27.414253,-5610.9604,-5764.1313,2.7616e-05,-0.049382955,3.8267653,-9.1095657,0.0058725565,-2.2656226,-15464.063,0.043433331,-2.1713986
-0.57743323,-0.091694735,-0.093161449,-27.442223,-5575.1904,-5727.3887,2.7632e-05,-0.049328238,3.8273251,-9.099472,0.0056258491,-2.3249063,-15466.319,0.042627033,-2.2236054
-0.5738703,-0.091783278,-0.093252502,-27.470018,-5538.9053,-5690.6104,2.7648e-05,-0.05015748,3.827703,-9.2524405,0.005379112,-2.3841817,-15467.842,0.042548295,-2.2758029
-0.57030356,-0.091871195,-0.09334296,-27.497641,-5503.0508,-5653.7954,2.7664e-05,-0.05038945,3.8284619,-9.2952318,0.005132338,-2.4434481,-15470.899,0.043029267,-2.3279905
-0.56673306,-0.091958582,-0.093432829,-27.525091,-5466.5767,-5616.9453,2.768e-05,-0.050504278,3.8291883,-9.3164139,0.0048855157,-2.5027058,-15473.826,0.041834161,-2.3801684
-0.56315875,-0.092045344,-0.093522109,-27.552364,-5431.4131,-5580.0596,2.7696e-05,-0.050612945,3.829663,-9.3364592,0.0046386551,-2.5619545,-15475.738,0.042006288,-2.4323363
-0.55958068,-0.092131592,-0.093610801,-27.579464,-5395.0547,-5543.1387,2.7712e-05,-0.051395174,3.8302519,-9.4807549,0.0043917601,-2.6211939,-15478.111,0.041797541,-2.4844942
-0.55599892,-0.092217207,-0.093698904,-27.606384,-5359.6113,-5506.1826,2.7728e-05,-0.051163204,3.8308787,-9.4379635,0.0041448264,-2.680424,-15480.637,0.041738946,-2.5366418
-0.5524134,-0.0923023,-0.093786411,-27.633129,-5322.4609,-5469.1919,2.7744e-05,-0.052029435,3.8316534,-9.5977554,0.0038978469,-2.7396448,-15483.758,0.040828884,-2.588779
-0.54882431,-0.092386752,-0.093873322,-27.659697,-5286.2681,-5432.1665,2.776e-05,-0.052037913,3.8321123,-9.5993195,0.0036508278,-2.7988558,-15485.606,0.040101323,-2.6409054
-0.54523152,-0.092470676,-0.093959644,-27.686085,-5249.3042,-5395.1064,2.7776e-05,-0.052722268,3.8324695,-9.7255611,0.0034037826,-2.8580573,-15487.046,0.040465713,-2.6930211
-0.54163516,-0.092553958,-0.094045371,-27.712294,-5212.48,-5358.0127,2.7792e-05,-0.053282544,3.8330081,-9.8289137,0.0031567083,-2.9172487,-15489.216,0.040267952,-2.7451258
-0.53803521,-0.092636704,-0.094130509,-27.738323,-5175.7578,-5320.8853,2.7808e-05,-0.052995082,3.8339159,-9.7758865,0.0029095875,-2.9764302,-15492.874,0.0396704,-2.7972195
-0.5344317,-0.09271881,-0.094215043,-27.76417,-5140.4502,-5283.7241,2.7824e-05,-0.053225514,3.8344018,-9.8183937,0.0026624217,-3.0356014,-15494.831,0.040039062,-2.8493021
-0.53082466,-0.092800401,-0.094298989,-27.789835,-5104.7832,-5246.5293,2.784e-05,-0.053643987,3.8348873,-9.8955889,0.0024152247,-3.0947621,-15496.787,0.039536119,-2.9013731
-0.52721411,-0.092881367,-0.094382338,-27.815317,-5068.8477,-5209.3018,2.7856e-05,-0.054051671,3.8354011,-9.9707937,0.0021679953,-3.1539125,-15498.857,0.038959928,-2.9534328
-0.5236001,-0.092961811,-0.094465092,-27.840618,-5031.4795,-5172.041,2.7872e-05,-0.054469373,3.835737,-10.047846,0.0019207387,-3.2130523,-15500.211,0.03906003,-3.0054805
-0.5199827,-0.093041606,-0.094547249,-27.865732,-4994.4961,-5134.748,2.7888e-05,-0.05429212,3.8357077,-10.015148,0.0016734722,-3.272181,-15500.093,0.039642323,-3.0575166
-0.51636183,-0.093120866,-0.094628803,-27.890663,-4958.1465,-5097.4224,2.7904e-05,-0.055311717,3.8359346,-10.203231,0.0014261992,-3.3312991,-15501.007,0.038155463,-3.1095405
-0.51273757,-0.093199492,-0.094709769,-27.915407,-4921.0981,-5060.064,2.792e-05,-0.055311717,3.835875,-10.203231,0.001178921,-3.3904061,-15500.768,0.037966859,-3.1615522
-0.50910997,-0.093277574,-0.094790131,-27.939964,-4883.9502,-5022.6743,2.7936e-05,-0.055934418,3.8360999,-10.318099,0.0009316373,-3.4495018,-15501.673,0.038096257,-3.2135515
-0.50547904,-0.093355015,-0.094869897,-27.964334,-4848.2173,-4985.2529,2.7952e-05,-0.056161765,3.8360889,-10.360038,0.00068434677,-3.5085859,-15501.629,0.037512131,-3.2655387
-0.50184476,-0.093431927,-0.094949059,-27.988516,-4811.5381,-4947.7998,2.7968e-05,-0.056141727,3.836122,-10.356341,0.00043705551,-3.5676587,-15501.763,0.036953643,-3.317513
-0.49820727,-0.093508199,-0.095027626,-28.012506,-4774.98,-4910.3154,2.7984e-05,-0.056604128,3.8359466,-10.44164,0.00018976886,-3.62672,-15501.055,0.036391493,-3.3694744
-0.4945665,-0.093583949,-0.095105588,-28.03631,-4737.9009,-4872.7998,2.8e-05,-0.057148993,3.8360229,-10.54215,-5.75146e-05,-3.6857691,-15501.362,0.035939816,-3.4214232
-0.49092248,-0.093659043,-0.095182955,-28.059921,-4701.2188,-4835.2539,2.8016e-05,-0.057506584,3.8360093,-10.608113,-0.00030480008,-3.7448065,-15501.308,0.036780909,-3.4733586
-0.48727527,-0.093733609,-0.095259719,-28.08334,-4664.7788,-4797.6772,2.8032e-05,-0.057535868,3.8359923,-10.613516,-0.00055208459,-3.8038316,-15501.24,0.035810418,-3.525281
-0.48362491,-0.093807541,-0.095335878,-28.106567,-4627.5889,-4760.0698,2.8048e-05,-0.057799436,3.8360143,-10.662135,-0.00079936924,-3.8628447,-15501.327,0.034766074,-3.5771899
-0.47997135,-0.093880922,-0.095411435,-28.129601,-4589.3569,-4722.4331,2.8064e-05,-0.058290355,3.8355885,-10.752694,-0.0010466409,-3.9218452,-15499.612,0.034835048,-3.6290855
-0.47631469,-0.093953647,-0.095486388,-28.152441,-4551.2886,-4684.7661,2.808e-05,-0.058520012,3.835561,-10.795058,-0.001293898,-3.9808333,-15499.501,0.035488755,-3.6809673
-0.47265494,-0.09402582,-0.095560744,-28.175085,-4513.3545,-4647.0693,2.8096e-05,-0.058661815,3.8353546,-10.821217,-0.0015411474,-4.0398088,-15498.67,0.034519486,-3.7328353
-0.46899211,-0.094097331,-0.09563449,-28.197533,-4477.0571,-4609.3438,2.8112e-05,-0.059202828,3.8350244,-10.921016,-0.0017883796,-4.0987711,-15497.34,0.034394972,-3.7846894
-0.46532625,-0.094168305,-0.09570764,-28.219786,-4439.3779,-4571.5889,2.8128e-05,-0.059842482,3.8345015,-11.039012,-0.0020355843,-4.157721,-15495.233,0.034163032,-3.8365293
-0.46165735,-0.094238631,-0.095780179,-28.241838,-4402.1655,-4533.8047,2.8144e-05,-0.059780829,3.834398,-11.027638,-0.002282769,-4.2166576,-15494.816,0.033952452,-3.888355
-0.45798543,-0.094308406,-0.095852114,-28.263695,-4364.0522,-4495.9927,2.816e-05,-0.060463641,3.8344214,-11.153595,-0.0025299508,-4.2755809,-15494.91,0.034138005,-3.9401662
-0.45431057,-0.094377525,-0.095923446,-28.285351,-4326.688,-4458.1514,2.8176e-05,-0.06073723,3.834193,-11.204063,-0.0027771262,-4.3344908,-15493.989,0.033545334,-3.9919631
-0.45063272,-0.0944461,-0.095994167,-28.306805,-4289.4185,-4420.2827,2.8192e-05,-0.060943767,3.8338318,-11.242164,-0.0030242824,-4.3933873,-15492.534,0.033257242,-4.0437455
-0.44695196,-0.094514027,-0.096064292,-28.32806,-4252.4888,-4382.3857,2.8208e-05,-0.061140288,3.8337195,-11.278415,-0.0032714235,-4.45227,-15492.082,0.03320536,-4.0955129
-0.4432683,-0.09458141,-0.096133798,-28.349112,-4213.6011,-4344.4609,2.8224e-05,-0.061547972,3.8330688,-11.35362,-0.0035185399,-4.5111389,-15489.461,0.032665182,-4.1472654
-0.43958175,-0.094648123,-0.096202701,-28.369961,-4176.3555,-4306.5088,2.824e-05,-0.061677445,3.832777,-11.377503,-0.0037656261,-4.569994,-15488.285,0.03245033,-4.1990027
-0.43589231,-0.094714291,-0.096271001,-28.390606,-4138.8389,-4268.5298,2.8256e-05,-0.062370278,3.8326993,-11.505308,-0.0040127002,-4.6288352,-15487.972,0.031547595,-4.2507248
-0.43220007,-0.094779812,-0.096338689,-28.411047,-4102.7622,-4230.5234,2.8272e-05,-0.062379524,3.8323362,-11.507014,-0.00425976,-4.6876621,-15486.509,0.031871699,-4.3024321
-0.428505,-0.094844796,-0.096405767,-28.431282,-4064.9553,-4192.4902,2.8288e-05,-0.062666982,3.8318763,-11.560041,-0.0045067938,-4.7464747,-15484.655,0.03205359,-4.3541231
-0.42480713,-0.094909132,-0.096472241,-28.451309,-4028.1797,-4154.4312,2.8304e-05,-0.062758692,3.8317456,-11.576959,-0.004753808,-4.8052731,-15484.13,0.03066927,-4.4057994
-0.42110652,-0.094972923,-0.096538104,-28.47113,-3990.1821,-4116.3452,2.832e-05,-0.063591018,3.8312731,-11.730495,-0.0050008032,-4.8640566,-15482.226,0.031153295,-4.4574594
-0.41740313,-0.09503606,-0.096603349,-28.490742,-3951.6846,-4078.2336,2.8336e-05,-0.063831463,3.8308606,-11.774851,-0.0052477694,-4.9228253,-15480.563,0.030840784,-4.5091038
-0.413697,-0.095098637,-0.096667998,-28.510145,-3912.8977,-4040.0962,2.8352e-05,-0.063898511,3.8302221,-11.787219,-0.0054947021,-4.9815793,-15477.991,0.030653402,-4.5607324
-0.40998816,-0.095160536,-0.096732028,-28.529339,-3875.7146,-4001.9331,2.8368e-05,-0.064485766,3.8297672,-11.895548,-0.0057415995,-5.0403185,-15476.158,0.030031433,-4.6123447
-0.40627664,-0.095221899,-0.096795447,-28.548319,-3838.4746,-3963.7449,2.8384e-05,-0.06470155,3.8287828,-11.935353,-0.0059884503,-5.0990424,-15472.192,0.030141301,-4.6639409
-0.40256247,-0.095282607,-0.096858256,-28.567089,-3801.9482,-3925.5317,2.84e-05,-0.065448329,3.82813,-12.073111,-0.0062352484,-5.1577516,-15469.562,0.029278237,-4.7155204
-0.39884561,-0.095342785,-0.096920453,-28.585646,-3765.5789,-3887.2935,2.8416e-05,-0.065304987,3.8277171,-12.046668,-0.0064820121,-5.216445,-15467.898,0.028773461,-4.7670836
-0.39512616,-0.095402323,-0.096982032,-28.603987,-3729.2803,-3849.031,2.8432e-05,-0.065450646,3.827306,-12.073537,-0.0067287493,-5.2751226,-15466.242,0.029070711,-4.8186307
-0.39140406,-0.095461339,-0.097043008,-28.622114,-3691.3835,-3810.7439,2.8448e-05,-0.065982401,3.8266821,-12.17163,-0.0069754533,-5.3337851,-15463.728,0.028280282,-4.8701606
-0.3876794,-0.095519692,-0.097103365,-28.640026,-3654.7336,-3772.4329,2.8464e-05,-0.066102631,3.8261709,-12.193808,-0.0072221207,-5.3924322,-15461.669,0.028205207,-4.9216743
-0.38395214,-0.095577516,-0.097163111,-28.657721,-3617.5945,-3734.0981,2.848e-05,-0.066464074,3.8256216,-12.260482,-0.007468754,-5.4510632,-15459.455,0.028128911,-4.9731708
-0.38022232,-0.095634691,-0.097222239,-28.6752,-3581.9055,-3695.7397,2.8496e-05,-0.066902585,3.8248446,-12.341373,-0.007715344,-5.5096779,-15456.325,0.028109379,-5.0246501
-0.37649,-0.095691338,-0.097280763,-28.692457,-3542.5605,-3657.3579,2.8512e-05,-0.067343406,3.8241889,-12.42269,-0.0079618879,-5.5682769,-15453.684,0.027333599,-5.0761123
-0.37275511,-0.095747322,-0.097338662,-28.709496,-3505.3276,-3618.9531,2.8528e-05,-0.067535304,3.8234658,-12.45809,-0.0082083885,-5.6268597,-15450.771,0.027188329,-5.1275573
-0.36901775,-0.095802754,-0.097395949,-28.726315,-3467.3147,-3580.5254,2.8544e-05,-0.06774801,3.8226142,-12.497327,-0.0084548369,-5.6854258,-15447.339,0.0274691,-5.1789851
-0.36527789,-0.095857523,-0.097452626,-28.74291,-3431.6575,-3542.075,2.856e-05,-0.068223514,3.8218594,-12.585042,-0.0087012341,-5.7439761,-15444.297,0.026643269,-5.2303953
-0.36153558,-0.095911779,-0.097508684,-28.759285,-3395.1499,-3503.6023,2.8576e-05,-0.068524845,3.82111,-12.640628,-0.0089475829,-5.8025093,-15441.278,0.026090274,-5.2817879
-0.3577908,-0.095965385,-0.097564124,-28.775436,-3358.4795,-3465.1074,2.8592e-05,-0.068920195,3.820606,-12.713558,-0.0091938917,-5.8610263,-15439.248,0.025977354,-5.3331628
-0.3540436,-0.096018471,-0.097618952,-28.791363,-3321.8308,-3426.5906,2.8608e-05,-0.069260836,3.8197715,-12.776394,-0.0094401566,-5.9195266,-15435.886,0.02595233,-5.3845201
-0.35029396,-0.096070908,-0.097673155,-28.807064,-3284.4026,-3388.0522,2.8624e-05,-0.069555998,3.8187664,-12.830843,-0.009686362,-5.9780097,-15431.836,0.025550095,-5.4358597
-0.34654194,-0.096122809,-0.097726747,-28.822538,-3245.2944,-3349.4924,2.864e-05,-0.06973017,3.8179615,-12.862972,-0.0099325096,-6.0364757,-15428.593,0.024934843,-5.4871807
-0.34278753,-0.096174024,-0.097779721,-28.837786,-3207.2883,-3310.9114,2.8656e-05,-0.069808781,3.8171406,-12.877473,-0.010178605,-6.0949249,-15425.286,0.024347056,-5.5384841
-0.33903074,-0.096224695,-0.097832084,-28.852804,-3169.3777,-3272.3096,2.8672e-05,-0.070282742,3.8160038,-12.964903,-0.010424637,-6.153357,-15420.706,0.02514359,-5.5897694
-0.33527163,-0.096274696,-0.097883821,-28.867594,-3131.8726,-3233.687,2.8688e-05,-0.070919313,3.8149371,-13.082331,-0.010670599,-6.2117715,-15416.407,0.024493545,-5.6410365
-0.33151016,-0.096324153,-0.097934939,-28.882154,-3093.1858,-3195.0442,2.8704e-05,-0.070634164,3.8137045,-13.02973,-0.010916485,-6.2701688,-15411.441,0.024613177,-5.6922851
-0.32774636,-0.096372932,-0.097985439,-28.896482,-3054.7036,-3156.3811,2.872e-05,-0.071677655,3.8123901,-13.222219,-0.01116229,-6.3285484,-15406.146,0.024076052,-5.743515
-0.32398027,-0.096421167,-0.098035328,-28.910578,-3016.4915,-3117.698,2.8736e-05,-0.071646824,3.8113525,-13.216533,-0.011408019,-6.3869104,-15401.965,0.023254493,-5.7947264
-0.32021189,-0.096468717,-0.098084591,-28.924442,-2977.8494,-3078.9951,2.8752e-05,-0.072455257,3.810137,-13.365663,-0.011653676,-6.4452548,-15397.068,0.023189183,-5.8459196
-0.31644121,-0.096515715,-0.098133236,-28.93807,-2938.7383,-3040.2729,2.8768e-05,-0.072164714,3.8090427,-13.312067,-0.011899257,-6.5035815,-15392.659,0.022760704,-5.8970938
-0.31266829,-0.096562028,-0.098181255,-28.951464,-2901.1489,-3001.5315,2.8784e-05,-0.072648697,3.8079259,-13.401346,-0.012144768,-6.5618901,-15388.16,0.022623982,-5.9482489
-0.30889314,-0.096607797,-0.098228663,-28.964622,-2862.7878,-2962.7712,2.88e-05,-0.07331378,3.8070571,-13.524033,-0.012390215,-6.6201806,-15384.659,0.022143621,-5.9993854
-0.30511576,-0.096652895,-0.098275445,-28.977543,-2825.2646,-2923.9919,2.8816e-05,-0.072839819,3.8059926,-13.436603,-0.012635599,-6.678453,-15380.37,0.022230294,-6.0505033
-0.30133617,-0.09669745,-0.098321609,-28.990225,-2787.124,-2885.1946,2.8832e-05,-0.073431693,3.8045812,-13.545784,-0.012880904,-6.7367072,-15374.684,0.021786554,-6.1016016
-0.29755437,-0.096741326,-0.098367155,-29.002668,-2747.8469,-2846.3787,2.8848e-05,-0.073954977,3.803184,-13.642313,-0.013126117,-6.7949433,-15369.055,0.021321451,-6.1526809
-0.2937704,-0.096784651,-0.098412074,-29.014872,-2707.7915,-2807.5449,2.8864e-05,-0.074274041,3.8017738,-13.701169,-0.013371241,-6.8531604,-15363.372,0.021343425,-6.2037411
-0.28998426,-0.096827269,-0.098456368,-29.026833,-2670.4958,-2768.6934,2.888e-05,-0.074444354,3.8004754,-13.732587,-0.013616277,-6.9113593,-15358.142,0.021701101,-6.2547817
-0.28619599,-0.096869349,-0.098500051,-29.038553,-2632.563,-2729.8245,2.8896e-05,-0.074965328,3.7990334,-13.82869,-0.013861225,-6.9695396,-15352.332,0.021240883,-6.3058033
-0.28240559,-0.09691076,-0.0985431,-29.05003,-2595.0969,-2690.9382,2.8912e-05,-0.075193442,3.7976077,-13.87077,-0.014106081,-7.0277014,-15346.588,0.019808345,-6.3568053
-0.27861306,-0.096951626,-0.098585539,-29.061264,-2554.8528,-2652.0349,2.8928e-05,-0.075565681,3.796231,-13.939435,-0.014350845,-7.085844,-15341.04,0.020446181,-6.4077878
-0.27481842,-0.0969918,-0.098627344,-29.07225,-2516.2917,-2613.115,2.8944e-05,-0.075838499,3.794857,-13.989761,-0.014595523,-7.1439681,-15335.505,0.020095829,-6.4587507
-0.27102172,-0.097031422,-0.098668531,-29.082993,-2478.4719,-2574.1785,2.896e-05,-0.076135978,3.7934303,-14.044637,-0.014840108,-7.2020731,-15329.757,0.019732047,-6.5096941
-0.26722294,-0.097070359,-0.098709099,-29.093489,-2440.416,-2535.2258,2.8976e-05,-0.076665424,3.7921278,-14.142303,-0.015084607,-7.2601585,-15324.509,0.019118626,-6.5606174
-0.26342213,-0.097108766,-0.098749034,-29.103735,-2402.8137,-2496.2571,2.8992e-05,-0.076780252,3.7908621,-14.163486,-0.015329022,-7.3182254,-15319.409,0.019246804,-6.6115212
-0.2596193,-0.097146489,-0.098788351,-29.113731,-2365.1008,-2457.2725,2.9008e-05,-0.076957509,3.7899115,-14.196183,-0.015573367,-7.3762727,-15315.579,0.019451888,-6.662405
-0.25581443,-0.097183689,-0.098827042,-29.12348,-2326.925,-2418.2725,2.9024e-05,-0.077261925,3.7884622,-14.252337,-0.015817633,-7.4343004,-15309.74,0.018307444,-6.7132688
-0.25200757,-0.097220205,-0.098865114,-29.132977,-2288.7344,-2379.2571,2.904e-05,-0.077430703,3.7871642,-14.283471,-0.016061811,-7.4923091,-15304.511,0.018245796,-6.7641125
-0.24819873,-0.097256184,-0.098902553,-29.142221,-2249.752,-2340.2268,2.9056e-05,-0.077785976,3.785769,-14.349009,-0.016305903,-7.5502982,-15298.889,0.017678762,-6.8149362
-0.24438794,-0.097291462,-0.098939374,-29.151213,-2210.5354,-2301.1816,2.9072e-05,-0.078484975,3.7840545,-14.477951,-0.016549893,-7.6082678,-15291.982,0.01736198,-6.8657398
-0.24057521,-0.097326189,-0.098975569,-29.15995,-2170.428,-2262.1218,2.9088e-05,-0.078316972,3.7821372,-14.446959,-0.016793767,-7.6662173,-15284.257,0.01727958,-6.9165235
-0.23676056,-0.097360209,-0.099011138,-29.168432,-2131.9829,-2223.0479,2.9104e-05,-0.07903523,3.7805569,-14.579456,-0.017037529,-7.7241473,-15277.89,0.017318644,-6.9672866
-0.23294398,-0.097393677,-0.099046081,-29.176659,-2092.521,-2183.96,2.912e-05,-0.079211719,3.779007,-14.612012,-0.01728119,-7.7820573,-15271.645,0.017475508,-7.0180292
-0.22912554,-0.097426444,-0.099080399,-29.184628,-2054.9934,-2144.8582,2.9136e-05,-0.079488389,3.7773783,-14.663049,-0.017524747,-7.8399477,-15265.083,0.017173987,-7.0687518
-0.22530523,-0.097458683,-0.09911409,-29.192339,-2017.9938,-2105.7427,2.9152e-05,-0.079888366,3.7755206,-14.736832,-0.017768193,-7.8978176,-15257.599,0.016077761,-7.1194534
-0.22148308,-0.097490251,-0.099147156,-29.199791,-1980.5918,-2066.614,2.9168e-05,-0.080306835,3.7740939,-14.814027,-0.018011533,-7.9556675,-15251.85,0.015729239,-7.170135
-0.2176591,-0.097521298,-0.099179596,-29.206984,-1943.5649,-2027.4724,2.9184e-05,-0.08048255,3.7722988,-14.846439,-0.018254768,-8.0134974,-15244.617,0.01635731,-7.2207961
-0.2138333,-0.097551674,-0.09921141,-29.213915,-1905.7345,-1988.3179,2.92e-05,-0.080701418,3.770998,-14.886814,-0.018497905,-8.0713072,-15239.377,0.015781121,-7.2714362
-0.21000575,-0.097581528,-0.099242598,-29.220585,-1866.8344,-1949.1509,2.9216e-05,-0.081247821,3.7693832,-14.987608,-0.018740946,-8.129096,-15232.871,0.015787836,-7.3220563
-0.2061764,-0.097610682,-0.099273153,-29.22699,-1828.7137,-1909.9714,2.9232e-05,-0.081285588,3.7673335,-14.994575,-0.018983871,-8.1868649,-15224.612,0.015256813,-7.3726549
-0.20234533,-0.0976393,-0.099303089,-29.233133,-1789.8265,-1870.78,2.9248e-05,-0.081548385,3.765373,-15.043052,-0.019226665,-8.2446136,-15216.714,0.014763024,-7.423233
-0.19851254,-0.097667217,-0.099332392,-29.23901,-1753.0996,-1831.5768,2.9264e-05,-0.082404599,3.7633512,-15.200996,-0.019469332,-8.3023405,-15208.567,0.014257637,-7.4737906
-0.19467804,-0.097694628,-0.09936107,-29.244621,-1716.3729,-1792.3619,2.928e-05,-0.082064733,3.7611425,-15.138302,-0.019711861,-8.3600483,-15199.669,0.014557329,-7.5243273
-0.19084187,-0.097721368,-0.099389121,-29.249966,-1679.6799,-1753.1357,2.9296e-05,-0.08294946,3.7591076,-15.301506,-0.019954255,-8.4177341,-15191.47,0.014358348,-7.5748429
-0.18700406,-0.097747602,-0.099416539,-29.255043,-1642.3827,-1713.8986,2.9312e-05,-0.082937904,3.7572219,-15.299374,-0.020196522,-8.4754,-15183.872,0.014296701,-7.6253376
-0.18316461,-0.097773165,-0.099443339,-29.259851,-1606.9736,-1674.6505,2.9328e-05,-0.08325696,3.7554708,-15.358229,-0.020438671,-8.5330439,-15176.817,0.014115421,-7.6758108
-0.17932355,-0.097798228,-0.099469505,-29.264389,-1569.6429,-1635.3918,2.9344e-05,-0.083508968,3.7536986,-15.404716,-0.020680707,-8.5906677,-15169.677,0.013216957,-7.7262635
-0.1754809,-0.097822621,-0.099495038,-29.268656,-1532.5577,-1596.1229,2.936e-05,-0.084295049,3.7520349,-15.549724,-0.020922633,-8.6482706,-15162.974,0.013773004,-7.7766953
-0.17163672,-0.097846501,-0.099519953,-29.272652,-1494.5762,-1556.8439,2.9376e-05,-0.084266536,3.7497647,-15.544463,-0.021164432,-8.7058516,-15153.827,0.012888577,-7.8271055
-0.16779098,-0.097869694,-0.099544227,-29.276375,-1456.0518,-1517.5549,2.9392e-05,-0.084631063,3.7476208,-15.611707,-0.021406088,-8.7634115,-15145.19,0.011874142,-7.8774943
-0.16394374,-0.097892351,-0.099567883,-29.279823,-1416.8444,-1478.2565,2.9408e-05,-0.085000984,3.7452555,-15.679946,-0.021647599,-8.8209505,-15135.659,0.012429578,-7.9278622
-0.16009501,-0.097914301,-0.099590905,-29.282997,-1377.5653,-1438.9487,2.9424e-05,-0.085036434,3.7430375,-15.686485,-0.021888962,-8.8784685,-15126.724,0.011565905,-7.978209
-0.15624481,-0.097935714,-0.099613301,-29.285896,-1340.1185,-1399.6318,2.944e-05,-0.085623689,3.7407422,-15.794814,-0.02213018,-8.9359646,-15117.476,0.011803949,-8.0285339
-0.15239321,-0.097956434,-0.099635065,-29.288517,-1302.9915,-1360.306,2.9456e-05,-0.085639872,3.7382338,-15.797799,-0.022371242,-8.9934397,-15107.37,0.011235694,-8.0788383
-0.14854017,-0.09797664,-0.099656202,-29.290861,-1264.8894,-1320.9718,2.9472e-05,-0.08635582,3.7358439,-15.92987,-0.022612147,-9.0508928,-15097.741,0.011000091,-8.1291208
-0.14468576,-0.097996153,-0.099676706,-29.292929,-1225.8712,-1281.629,2.9488e-05,-0.086596273,3.7336648,-15.974224,-0.022852905,-9.1083241,-15088.961,0.010644246,-8.1793814
-0.14083,-0.098015137,-0.099696584,-29.294714,-1186.9742,-1242.2783,2.9504e-05,-0.086654842,3.7312448,-15.985029,-0.023093514,-9.1657343,-15079.211,0.01050386,-8.2296209
-0.1369729,-0.098033406,-0.099715829,-29.296221,-1148.4366,-1202.9197,2.952e-05,-0.086962342,3.7289743,-16.041752,-0.023333972,-9.2231216,-15070.062,0.0099142427,-8.2798395
-0.13311452,-0.098051146,-0.099734448,-29.297445,-1109.2117,-1163.5535,2.9536e-05,-0.08753109,3.7265084,-16.146669,-0.023574278,-9.280488,-15060.128,0.0096414071,-8.3300352
-0.12925485,-0.098068178,-0.099752434,-29.298388,-1071.2135,-1124.1799,2.9552e-05,-0.087835506,3.7241671,-16.202824,-0.023814429,-9.3378325,-15050.695,0.0091921752,-8.3802109
-0.12539393,-0.098084681,-0.099769786,-29.299047,-1032.5135,-1084.7993,2.9568e-05,-0.08819849,3.7217917,-16.269783,-0.024054429,-9.395154,-15041.125,0.0091262553,-8.4303637
-0.12153179,-0.098100476,-0.099786513,-29.299421,-994.6806,-1045.4117,2.9584e-05,-0.088555314,3.7195191,-16.335604,-0.024294276,-9.4524546,-15031.968,0.0089522991,-8.4804955
-0.11766847,-0.098115757,-0.099802613,-29.299513,-955.13513,-1006.0176,2.96e-05,-0.088848166,3.7173791,-16.389627,-0.024533983,-9.5097322,-15023.346,0.0086605428,-8.5306044
-0.11380398,-0.098130316,-0.099818081,-29.299316,-916.94568,-966.61719,2.9616e-05,-0.088868976,3.715198,-16.393465,-0.024773551,-9.566988,-15014.558,0.0080660423,-8.5806923
-0.10993837,-0.098144352,-0.099832915,-29.298834,-877.02472,-927.21063,2.9632e-05,-0.089141794,3.712539,-16.44379,-0.025012963,-9.6242218,-15003.845,0.0080172122,-8.6307592
-0.10607164,-0.098157659,-0.099847116,-29.298063,-837.35278,-887.79816,2.9648e-05,-0.089476265,3.7102277,-16.505489,-0.025252214,-9.6814327,-14994.532,0.0081795705,-8.6808033
-0.10220384,-0.098170429,-0.099860691,-29.297005,-797.98285,-848.38013,2.9664e-05,-0.089975655,3.7077198,-16.597612,-0.025491308,-9.7386217,-14984.429,0.00687582,-8.7308254
-0.098334983,-0.098182477,-0.099873632,-29.295656,-760.92462,-808.95673,2.968e-05,-0.090186052,3.7048891,-16.636423,-0.025730232,-9.7957878,-14973.023,0.007593005,-8.7808256
-0.094465114,-0.098194011,-0.099885948,-29.294018,-721.21802,-769.52826,2.9696e-05,-0.090629958,3.7023885,-16.718309,-0.025968984,-9.852931,-14962.948,0.0075118258,-8.8308048
-0.090594254,-0.098204829,-0.099897631,-29.292088,-682.24084,-730.09485,2.9712e-05,-0.090729371,3.6996911,-16.736649,-0.026207568,-9.9100523,-14952.08,0.0064326916,-8.8807611
-0.086722434,-0.098215118,-0.09990868,-29.289864,-642.62939,-690.65686,2.9728e-05,-0.09109313,3.6973445,-16.803749,-0.02644599,-9.9671507,-14942.626,0.0063039032,-8.9306955
-0.082849689,-0.098224677,-0.099919096,-29.28735,-605.50171,-651.21454,2.9744e-05,-0.091300435,3.6948688,-16.841991,-0.026684256,-10.024225,-14932.651,0.0065266886,-8.980608
-0.078976035,-0.09823373,-0.099928886,-29.28454,-567.97534,-611.76807,2.976e-05,-0.092204429,3.6926475,-17.008749,-0.026922371,-10.081278,-14923.702,0.0062001403,-9.0304985
-0.07510151,-0.098242089,-0.099938042,-29.281435,-529.97559,-572.31775,2.9776e-05,-0.091934696,3.6903746,-16.958992,-0.027160343,-10.138308,-14914.544,0.0054603717,-9.0803661
-0.071226142,-0.098249935,-0.099946573,-29.278036,-489.87827,-532.86383,2.9792e-05,-0.092461839,3.6878364,-17.056232,-0.027398158,-10.195313,-14904.317,0.0056477552,-9.1302118
-0.067349955,-0.09825705,-0.099954464,-29.27434,-451.74823,-493.40652,2.9808e-05,-0.093034446,3.6849282,-17.16186,-0.027635796,-10.252297,-14892.601,0.0053877379,-9.1800356
-0.063472994,-0.098263651,-0.099961728,-29.270346,-411.96088,-453.94611,2.9824e-05,-0.09300901,3.681843,-17.157169,-0.027873242,-10.309258,-14880.171,0.0055165258,-9.2298374
-0.059595272,-0.098269515,-0.099968359,-29.266054,-373.75589,-414.48282,2.984e-05,-0.093310341,3.6787949,-17.212755,-0.028110491,-10.366194,-14867.89,0.0048463391,-9.2796164
-0.055716828,-0.098274864,-0.099974357,-29.261463,-334.56125,-375.01691,2.9856e-05,-0.093906067,3.6759353,-17.322647,-0.02834755,-10.423107,-14856.368,0.0046870327,-9.3293734
-0.05183769,-0.098279491,-0.099979728,-29.256573,-295.94962,-335.54865,2.9872e-05,-0.093838252,3.6730824,-17.310137,-0.028584424,-10.479998,-14844.874,0.0036512346,-9.3791075
-0.047957886,-0.098283604,-0.099984467,-29.251381,-257.73056,-296.07825,2.9888e-05,-0.094235919,3.6702187,-17.383493,-0.028821113,-10.536864,-14833.336,0.0040394301,-9.4288187
-0.044077445,-0.098286994,-0.099988572,-29.24589,-221.07092,-256.60599,2.9904e-05,-0.094043247,3.6674268,-17.347952,-0.029057622,-10.593707,-14822.088,0.0029645681,-9.478508
-0.040196396,-0.0982899,-0.099992044,-29.240095,-182.61546,-217.1321,2.992e-05,-0.094921045,3.6644175,-17.509876,-0.029293941,-10.650526,-14809.963,0.0035407576,-9.5281754
-0.036314771,-0.098292097,-0.09999489,-29.233997,-145.60422,-177.65685,2.9936e-05,-0.095088281,3.6614375,-17.540726,-0.029530069,-10.707321,-14797.956,0.0029822688,-9.5778198
-0.032432593,-0.098293796,-0.099997096,-29.227596,-107.14916,-138.18047,2.9952e-05,-0.095480546,3.6587918,-17.613087,-0.029766016,-10.764093,-14787.297,0.0024872585,-9.6274414
-0.028549902,-0.09829478,-0.099998675,-29.22089,-69.764694,-98.703209,2.9968e-05,-0.095739491,3.6559029,-17.660854,-0.030001784,-10.820841,-14775.657,0.0019537951,-9.6770401
-0.024666717,-0.098295271,-0.099999622,-29.213879,-32.085606,-59.225338,2.9984e-05,-0.096151799,3.6525903,-17.736912,-0.030237351,-10.877564,-14762.312,0.0024030274,-9.7266159
-0.02078307,-0.098295048,-0.099999942,-29.20656,6.0498137,-19.747089,3e-05,-0.096507847,3.6496272,-17.802591,-0.030472716,-10.934264,-14750.372,0.0025360882,-9.7761698
-0.016898992,-0.098294325,-0.099999622,-29.198936,44.95517,19.731283,3.0016e-05,-0.096583374,3.646277,-17.816525,-0.030707879,-10.990939,-14736.874,0.0016797388,-9.8256998
-0.013014507,-0.098292872,-0.099998675,-29.191006,81.949722,59.209534,3.0032e-05,-0.096747525,3.6430788,-17.846806,-0.030942829,-11.04759,-14723.988,0.00081545458,-9.8752079
-0.0091296472,-0.098290943,-0.099997096,-29.182766,119.11404,98.687408,3.0048e-05,-0.097331695,3.640085,-17.954565,-0.03117758,-11.104217,-14711.927,0.0016016114,-9.9246931
-0.005244439,-0.098288298,-0.09999489,-29.174217,155.52142,138.16466,3.0064e-05,-0.097447298,3.6368678,-17.975889,-0.031412132,-11.160819,-14698.965,0.00062990206,-9.9741545
-0.00135891,-0.098285183,-0.099992044,-29.165358,193.41716,177.64104,3.008e-05,-0.097896598,3.6335645,-18.058771,-0.031646471,-11.217397,-14685.655,0.00045899837,-10.023594
0.0025269114,-0.098281354,-0.099988572,-29.156189,230.98717,217.1163,3.0096e-05,-0.098206408,3.6306629,-18.115921,-0.031880613,-11.27395,-14673.965,0.00059877313,-10.073009
0.0064129978,-0.098277032,-0.099984467,-29.146709,268.70758,256.59018,3.0112e-05,-0.098508507,3.6275585,-18.171648,-0.032114562,-11.330478,-14661.457,0.00020813623,-10.122402
0.010299321,-0.098271996,-0.099979728,-29.136919,306.68643,296.06244,3.0128e-05,-0.098872267,3.6245255,-18.23875,-0.032348312,-11.386981,-14649.237,-0.00011291848,-10.171772
0.014185856,-0.098266467,-0.099974364,-29.126814,345.62772,335.53284,3.0144e-05,-0.098998651,3.6212306,-18.262064,-0.032581858,-11.44346,-14635.963,-0.0014337596,-10.221118
0.018072573,-0.098260202,-0.099968359,-29.116398,383.98697,375.00113,3.016e-05,-0.099599004,3.6176839,-18.37281,-0.032815181,-11.499913,-14621.673,-0.00074159977,-10.270441
0.02195945,-0.098253436,-0.099961728,-29.105667,424.33905,414.46701,3.0176e-05,-0.10000207,3.6142118,-18.447163,-0.033048283,-11.556341,-14607.684,-0.0010504471,-10.319741
0.025846455,-0.098245911,-0.099954464,-29.094622,464.24384,453.9303,3.0192e-05,-0.10006063,3.6111293,-18.457966,-0.03328117,-11.612744,-14595.265,-0.0011200293,-10.369018
0.029733565,-0.098237865,-0.099946573,-29.083261,503.74341,493.39075,3.0208e-05,-0.10007605,3.6076887,-18.46081,-0.033513848,-11.669123,-14581.402,-0.0021973327,-10.41827
0.033620752,-0.098229073,-0.099938042,-29.071585,540.03711,532.84802,3.0224e-05,-0.10092071,3.6043255,-18.616621,-0.033746306,-11.725474,-14567.852,-0.0026380199,-10.4675
0.037507996,-0.098219812,-0.099928886,-29.059593,576.22839,572.302,3.024e-05,-0.10105788,3.601099,-18.641926,-0.033978552,-11.781801,-14554.853,-0.0023010955,-10.516706
0.041395262,-0.09820985,-0.099919103,-29.047285,613.23541,611.75232,3.0256e-05,-0.10131297,3.5979676,-18.688982,-0.034210593,-11.838102,-14542.236,-0.0018329417,-10.565887
0.045282532,-0.09819942,-0.09990868,-29.034658,651.78809,651.19879,3.0272e-05,-0.1018062,3.5949018,-18.779966,-0.034442432,-11.894378,-14529.884,-0.0030835902,-10.615046
0.049169783,-0.098188244,-0.099897631,-29.021713,691.75287,690.64111,3.0288e-05,-0.10237265,3.5914636,-18.884457,-0.034674063,-11.950627,-14516.031,-0.0031104465,-10.66418
0.053056981,-0.098176569,-0.099885948,-29.008451,731.27753,730.0791,3.0304e-05,-0.1024158,3.5880303,-18.892418,-0.034905475,-12.006851,-14502.199,-0.0033100375,-10.713291
0.056944109,-0.098164126,-0.09987364,-28.994869,769.90741,769.51245,3.032e-05,-0.10250751,3.5847988,-18.909336,-0.03513667,-12.063048,-14489.179,-0.0032294686,-10.762378
0.060831141,-0.098151192,-0.099860698,-28.980968,809.50299,808.94098,3.0336e-05,-0.10304005,3.581435,-19.007572,-0.035367653,-12.119219,-14475.625,-0.0043641469,-10.81144
0.064718053,-0.098137498,-0.099847123,-28.966747,847.97021,848.36438,3.0352e-05,-0.10299612,3.5781863,-18.999468,-0.03559842,-12.175364,-14462.536,-0.0031104465,-10.860479
0.068604819,-0.098123319,-0.099832915,-28.952204,888.12891,887.78241,3.0368e-05,-0.10343385,3.5745931,-19.080217,-0.03582897,-12.231483,-14448.06,-0.0046320995,-10.909493
0.072491422,-0.098108366,-0.099818081,-28.937342,925.85693,927.19489,3.0384e-05,-0.10368741,3.571182,-19.126989,-0.036059294,-12.287575,-14434.316,-0.0047083958,-10.958485
0.076377839,-0.098092936,-0.099802613,-28.922155,965.24963,966.60144,3.04e-05,-0.10397332,3.567894,-19.179731,-0.036289401,-12.343639,-14421.069,-0.0046290476,-11.00745
0.080264032,-0.098076753,-0.09978652,-28.906649,1002.4674,1006.0019,3.0416e-05,-0.10428699,3.5643525,-19.237593,-0.036519289,-12.399678,-14406.801,-0.0048573259,-11.056392
0.084149994,-0.098060094,-0.099769793,-28.89082,1043.2999,1045.396,3.0432e-05,-0.10502529,3.5605664,-19.373785,-0.036748938,-12.455689,-14391.547,-0.0054866178,-11.105309
0.088035703,-0.098042659,-0.099752434,-28.874666,1082.7319,1084.7836,3.0448e-05,-0.10488965,3.5571482,-19.348764,-0.036978357,-12.511674,-14377.774,-0.0052723777,-11.154202
0.091921128,-0.098024733,-0.099734448,-28.858191,1121.9037,1124.1642,3.0464e-05,-0.10554164,3.5534945,-19.469034,-0.037207548,-12.567631,-14363.053,-0.0058424636,-11.20307
0.095806248,-0.09800604,-0.099715836,-28.841389,1158.6182,1163.5378,3.048e-05,-0.10561023,3.5498369,-19.481688,-0.037436504,-12.62356,-14348.316,-0.0066133612,-11.251913
0.099691048,-0.097986884,-0.099696584,-28.824265,1197.827,1202.9041,3.0496e-05,-0.10576899,3.5462685,-19.510973,-0.037665226,-12.679462,-14333.939,-0.0062831505,-11.300732
0.1035755,-0.097966969,-0.099676713,-28.806816,1235.7306,1242.2626,3.0512e-05,-0.10626607,3.5427232,-19.602669,-0.037893716,-12.735337,-14319.656,-0.0064143804,-11.349524
0.10745959,-0.097946592,-0.099656202,-28.78904,1274.4518,1281.6134,3.0528e-05,-0.10651191,3.5390291,-19.648018,-0.038121976,-12.791184,-14304.772,-0.0066939299,-11.398293
0.11134329,-0.097925454,-0.099635072,-28.770941,1311.0513,1320.9561,3.0544e-05,-0.10710918,3.535135,-19.758196,-0.038349994,-12.847004,-14289.083,-0.0073177284,-11.447037
0.11522657,-0.09790387,-0.099613301,-28.752514,1349.1814,1360.2904,3.056e-05,-0.1067408,3.5312798,-19.690241,-0.038577758,-12.902795,-14273.551,-0.0080007324,-11.495754
0.11910944,-0.097881526,-0.099590912,-28.733763,1388.0287,1399.6161,3.0576e-05,-0.10712922,3.5273442,-19.761892,-0.038805272,-12.958557,-14257.693,-0.0072853784,-11.544448
0.12299185,-0.097858712,-0.09956789,-28.714684,1428.5444,1438.933,3.0592e-05,-0.10739279,3.5236073,-19.810513,-0.039032537,-13.014292,-14242.638,-0.0075948364,-11.593115
0.12687379,-0.097835109,-0.099544235,-28.695278,1465.913,1478.2408,3.0608e-05,-0.10799854,3.5193994,-19.922253,-0.039259549,-13.069998,-14225.684,-0.0081368452,-11.641757
0.13075525,-0.097811051,-0.099519953,-28.675545,1504.1615,1517.5393,3.0624e-05,-0.10804246,3.5152836,-19.930355,-0.039486293,-13.125676,-14209.102,-0.0082198549,-11.690373
0.13463618,-0.097786225,-0.099495046,-28.655485,1540.5758,1556.8282,3.064e-05,-0.10875995,3.5111656,-20.06271,-0.039712768,-13.181324,-14192.51,-0.0096102785,-11.738963
0.13851659,-0.097760975,-0.099469505,-28.635098,1579.573,1596.1073,3.0656e-05,-0.10906668,3.5071282,-20.119291,-0.039938983,-13.236944,-14176.243,-0.0090298168,-11.787528
0.14239645,-0.097734943,-0.099443339,-28.61438,1617.9331,1635.3762,3.0672e-05,-0.10922544,3.5029197,-20.148577,-0.040164933,-13.292535,-14159.287,-0.0088033695,-11.836066
0.14627573,-0.097708456,-0.099416547,-28.593336,1656.8285,1674.6349,3.0688e-05,-0.10955991,3.4986799,-20.210276,-0.040390607,-13.348097,-14142.204,-0.009146397,-11.88458
0.15015443,-0.097681187,-0.099389128,-28.571962,1694.4417,1713.8829,3.0704e-05,-0.10943043,3.4946129,-20.186392,-0.040616017,-13.403628,-14125.819,-0.0099789426,-11.933065
0.15403251,-0.097653486,-0.099361077,-28.550262,1732.7792,1753.1201,3.072e-05,-0.11034676,3.4907136,-20.355425,-0.040841166,-13.459131,-14110.108,-0.010606403,-11.981525
0.15790997,-0.097624995,-0.0993324,-28.528231,1769.6058,1792.3463,3.0736e-05,-0.11071591,3.4866495,-20.423521,-0.041066062,-13.514604,-14093.734,-0.011249122,-12.029959
0.16178679,-0.097596087,-0.099303089,-28.505871,1808.5065,1831.5612,3.0752e-05,-0.11074674,3.4823904,-20.429209,-0.041290689,-13.570046,-14076.574,-0.010470901,-12.078366
0.16566293,-0.097566381,-0.09927316,-28.483183,1846.7781,1870.7644,3.0768e-05,-0.11103266,3.4777727,-20.481951,-0.04151503,-13.62546,-14057.97,-0.01042024,-12.126746
0.16953839,-0.097536243,-0.099242598,-28.460165,1885.985,1909.9559,3.0784e-05,-0.11125307,3.4734781,-20.52261,-0.04173908,-13.680842,-14040.667,-0.010770592,-12.175099
0.17341314,-0.097505301,-0.099211417,-28.436815,1923.6112,1949.1353,3.08e-05,-0.11152665,3.4694848,-20.573078,-0.041962869,-13.736194,-14024.577,-0.011167943,-12.223426
0.17728718,-0.097473934,-0.099179603,-28.413139,1962.7172,1988.3024,3.0816e-05,-0.11166461,3.4651194,-20.598526,-0.042186383,-13.791515,-14006.989,-0.011653798,-12.271725
0.18116045,-0.097441763,-0.099147163,-28.389132,2000.3802,2027.4569,3.0832e-05,-0.11230888,3.4609327,-20.717375,-0.042409625,-13.846807,-13990.121,-0.01081576,-12.319997
0.18503296,-0.097409174,-0.099114098,-28.364794,2038.7292,2066.5986,3.0848e-05,-0.11245454,3.4566352,-20.744244,-0.042632595,-13.902066,-13972.806,-0.012255013,-12.368241
0.1889047,-0.09737578,-0.099080406,-28.340126,2075.9204,2105.7273,3.0864e-05,-0.11290924,3.4523077,-20.828119,-0.042855281,-13.957294,-13955.371,-0.012247078,-12.416459
0.19277564,-0.097341977,-0.099046089,-28.315128,2114.4038,2144.8425,3.088e-05,-0.11320595,3.4476316,-20.882853,-0.043077681,-14.012491,-13936.53,-0.012618793,-12.464648
0.19664575,-0.097307377,-0.099011146,-28.289801,2150.354,2183.9443,3.0896e-05,-0.11358203,3.4434793,-20.952229,-0.043299798,-14.067657,-13919.801,-0.013019807,-12.51281
0.20051503,-0.097272389,-0.098975576,-28.264143,2187.9504,2223.0325,3.0912e-05,-0.11379011,3.4391603,-20.990612,-0.043521639,-14.122791,-13902.399,-0.01371746,-12.560943
0.20438343,-0.097236596,-0.098939382,-28.238155,2223.8992,2262.1064,3.0928e-05,-0.11415695,3.4347761,-21.058283,-0.043743201,-14.177893,-13884.735,-0.013474532,-12.609048
0.20825097,-0.097200431,-0.098902561,-28.211838,2263.9219,2301.166,3.0944e-05,-0.11441436,3.4305036,-21.105766,-0.043964483,-14.232963,-13867.521,-0.013152868,-12.657125
0.2121176,-0.097163431,-0.098865122,-28.185188,2301.9001,2340.2112,3.096e-05,-0.11492299,3.426333,-21.199593,-0.044185493,-14.288,-13850.718,-0.013819392,-12.705173
0.21598332,-0.097126029,-0.098827049,-28.158211,2340.1306,2379.2417,3.0976e-05,-0.11480509,3.4225628,-21.177843,-0.044406246,-14.343004,-13835.528,-0.014017152,-12.753193
0.2198481,-0.097087801,-0.098788358,-28.130901,2375.2656,2418.2571,3.0992e-05,-0.11488061,3.4182861,-21.191774,-0.044626743,-14.397977,-13818.297,-0.014510941,-12.801184
0.22371191,-0.097049221,-0.098749042,-28.103264,2412.6851,2457.2571,3.1008e-05,-0.1152251,3.4136703,-21.255322,-0.044846948,-14.452916,-13799.7,-0.014759972,-12.849146
0.22757475,-0.09700983,-0.098709106,-28.075294,2447.7654,2496.2415,3.1024e-05,-0.11575686,3.4091451,-21.353415,-0.045066863,-14.507821,-13781.469,-0.015423444,-12.897079
0.23143658,-0.096970096,-0.098668538,-28.046997,2485.2642,2535.2104,3.104e-05,-0.11611907,3.4046588,-21.420231,-0.045286484,-14.562694,-13763.393,-0.014812464,-12.944982
0.2352974,-0.096929535,-0.098627351,-28.01837,2522.177,2574.1631,3.1056e-05,-0.11650132,3.400291,-21.490746,-0.045505822,-14.617533,-13745.795,-0.015107272,-12.992856
0.23915718,-0.096888609,-0.098585546,-27.98941,2562.0105,2613.0996,3.1072e-05,-0.11664622,3.3956447,-21.517471,-0.045724869,-14.672338,-13727.074,-0.015937377,-13.0407
0.2430159,-0.096846826,-0.098543115,-27.960125,2598.698,2652.0195,3.1088e-05,-0.11692057,3.3914738,-21.568081,-0.045943633,-14.727108,-13710.27,-0.016036255,-13.088514
0.24687354,-0.096804686,-0.098500058,-27.930508,2637.0469,2690.9229,3.1104e-05,-0.11709474,3.3874376,-21.60021,-0.046162132,-14.781845,-13694.009,-0.01536729,-13.136298
0.25073007,-0.096761696,-0.098456383,-27.900562,2673.5017,2729.8091,3.112e-05,-0.11768354,3.383183,-21.708824,-0.046380363,-14.836547,-13676.867,-0.016856594,-13.184052
0.2545855,-0.096718356,-0.098412082,-27.870289,2712.916,2768.6782,3.1136e-05,-0.1178577,3.3786182,-21.740953,-0.046598308,-14.891213,-13658.476,-0.016711935,-13.231775
0.25843975,-0.096674152,-0.098367162,-27.839685,2749.5439,2807.5295,3.1152e-05,-0.11854976,3.3740234,-21.868616,-0.046815962,-14.945846,-13639.962,-0.017116001,-13.279469
0.26229286,-0.096629605,-0.098321617,-27.808754,2788.0703,2846.3635,3.1168e-05,-0.11860526,3.3696878,-21.878851,-0.047033325,-15.000443,-13622.495,-0.01737663,-13.32713
0.26614475,-0.096584186,-0.098275453,-27.777494,2823.2104,2885.1792,3.1184e-05,-0.11897594,3.3653448,-21.947233,-0.047250409,-15.055004,-13604.996,-0.017927794,-13.374761
0.26999545,-0.096538469,-0.098228671,-27.745907,2861.8774,2923.9768,3.12e-05,-0.11866999,3.3608811,-21.890793,-0.047467209,-15.109529,-13587.012,-0.017764214,-13.42236
0.27384493,-0.096491858,-0.09818127,-27.713993,2898.3142,2962.7559,3.1216e-05,-0.11917786,3.3561888,-21.98448,-0.047683716,-15.164019,-13568.106,-0.018300729,-13.469929
0.27769312,-0.096444942,-0.098133244,-27.681749,2937.6211,3001.5164,3.1232e-05,-0.11959711,3.3518267,-22.061817,-0.047899928,-15.218472,-13550.531,-0.018129215,-13.517465
0.28154007,-0.096397124,-0.098084599,-27.649181,2973.0625,3040.2578,3.1248e-05,-0.12015738,3.3474233,-22.165169,-0.048115857,-15.272889,-13532.79,-0.018789025,-13.564969
0.28538567,-0.096349016,-0.098035336,-27.616285,3011.2532,3078.98,3.1264e-05,-0.12029302,3.3427761,-22.190189,-0.048331495,-15.327269,-13514.066,-0.01869808,-13.612441
0.28922996,-0.096300013,-0.097985454,-27.583063,3046.5447,3117.6829,3.128e-05,-0.1206876,3.3381932,-22.262978,-0.04854684,-15.381612,-13495.603,-0.01922605,-13.659882
0.29307291,-0.096250735,-0.097934954,-27.549515,3086.3655,3156.366,3.1296e-05,-0.12096119,3.3336723,-22.313446,-0.048761886,-15.435917,-13477.388,-0.019779656,-13.707289
0.29691446,-0.096200518,-0.097883828,-27.51564,3122.4636,3195.0291,3.1312e-05,-0.1209504,3.3289716,-22.311457,-0.048976637,-15.490186,-13458.448,-0.019144872,-13.754663
0.30075464,-0.096150041,-0.097832091,-27.481441,3160.9158,3233.6719,3.1328e-05,-0.12165017,3.3239403,-22.44054,-0.049191073,-15.544415,-13438.178,-0.020021362,-13.802005
0.30459335,-0.096098624,-0.097779736,-27.446918,3196.6653,3272.2944,3.1344e-05,-0.12182742,3.3192151,-22.473238,-0.049405199,-15.598608,-13419.14,-0.020015869,-13.849313
0.30843064,-0.096046962,-0.097726762,-27.412071,3235.9602,3310.8965,3.136e-05,-0.12175807,3.3144691,-22.460443,-0.049619015,-15.652761,-13400.018,-0.02093997,-13.896587
0.31226644,-0.095994331,-0.09767317,-27.3769,3273.3894,3349.4773,3.1376e-05,-0.1223484,3.3095758,-22.569342,-0.049832523,-15.706877,-13380.302,-0.020336313,-13.943828
0.31610072,-0.095941462,-0.09761896,-27.341406,3312.1162,3388.0371,3.1392e-05,-0.12243317,3.3044693,-22.584978,-0.050045706,-15.760952,-13359.729,-0.020692769,-13.991035
0.31993347,-0.095887609,-0.097564131,-27.305588,3346.4475,3426.5757,3.1408e-05,-0.122958,3.2991247,-22.681791,-0.050258555,-15.814989,-13338.195,-0.021175573,-14.038208
0.32376465,-0.095833562,-0.097508691,-27.269447,3384.7358,3465.0923,3.1424e-05,-0.12286166,3.2942691,-22.664022,-0.050471071,-15.868987,-13318.632,-0.020611592,-14.085345
0.32759425,-0.09577854,-0.097452633,-27.232986,3420.7292,3503.5872,3.144e-05,-0.12373483,3.289537,-22.825092,-0.050683282,-15.922944,-13299.565,-0.021427656,-14.132449
0.33142224,-0.095723324,-0.097395964,-27.196203,3459.7834,3542.0601,3.1456e-05,-0.12354833,3.284497,-22.790689,-0.050895177,-15.976862,-13279.26,-0.0215833,-14.179518
0.33524859,-0.095667079,-0.097338676,-27.1591,3495.5793,3580.5103,3.1472e-05,-0.12387047,3.2795227,-22.850115,-0.051106747,-16.030739,-13259.218,-0.022298655,-14.226551
0.33907324,-0.095610686,-0.097280771,-27.121675,3534.1665,3618.938,3.1488e-05,-0.12438373,3.2746327,-22.944796,-0.051318001,-16.084576,-13239.517,-0.022576373,-14.273548
0.34289619,-0.095553242,-0.097222254,-27.083933,3569.25,3657.343,3.1504e-05,-0.12442381,3.2698801,-22.952188,-0.051528946,-16.138371,-13220.368,-0.022217475,-14.32051
0.34671742,-0.095495678,-0.097163118,-27.045872,3608.1077,3695.7249,3.152e-05,-0.12477755,3.2646415,-23.017441,-0.051739566,-16.192125,-13199.262,-0.022585528,-14.367435
0.35053685,-0.095437035,-0.09710338,-27.007492,3642.1528,3734.0833,3.1536e-05,-0.12522684,3.2590928,-23.100323,-0.05194984,-16.245836,-13176.906,-0.022946868,-14.414326
0.35435453,-0.095378317,-0.097043015,-26.968794,3680.5769,3772.4182,3.1552e-05,-0.12569079,3.2538631,-23.185905,-0.052159768,-16.299507,-13155.836,-0.022998139,-14.461178
0.35817033,-0.095318496,-0.096982047,-26.929781,3715.9189,3810.7292,3.1568e-05,-0.12582104,3.2485735,-23.20993,-0.052369352,-16.353136,-13134.523,-0.023287455,-14.507994
0.36198428,-0.095258623,-0.09692046,-26.89045,3755.0947,3849.0161,3.1584e-05,-0.12601061,3.2434082,-23.244904,-0.052578602,-16.406721,-13113.713,-0.023447981,-14.554773
0.36579636,-0.095197588,-0.096858263,-26.850805,3789.8784,3887.2788,3.16e-05,-0.12623951,3.2384424,-23.287125,-0.052787527,-16.460264,-13093.706,-0.023936277,-14.601515
0.36960649,-0.095136553,-0.096795455,-26.810844,3828.5293,3925.5168,3.1616e-05,-0.1269308,3.2331913,-23.414646,-0.052996121,-16.513763,-13072.548,-0.024462417,-14.648218
0.37341467,-0.095074318,-0.096732035,-26.770571,3861.8174,3963.7302,3.1632e-05,-0.12699322,3.2278349,-23.426161,-0.053204373,-16.567221,-13050.968,-0.024445327,-14.694883
0.37722084,-0.095012158,-0.096668005,-26.729982,3900.0654,4001.9185,3.1648e-05,-0.12741169,3.2224364,-23.503357,-0.053412277,-16.620632,-13029.218,-0.025536668,-14.741511
0.38102499,-0.094948746,-0.096603364,-26.689083,3933.3352,4040.0813,3.1664e-05,-0.12756275,3.2171769,-23.531219,-0.053619839,-16.674,-13008.027,-0.025102085,-14.7881
0.38482705,-0.094885476,-0.096538112,-26.647871,3971.9658,4078.2188,3.168e-05,-0.127777,3.2117629,-23.570742,-0.053827059,-16.727324,-12986.213,-0.024898831,-14.83465
0.38862702,-0.094820879,-0.096472256,-26.60635,4004.7017,4116.3306,3.1696e-05,-0.12849526,3.2066734,-23.703238,-0.054033939,-16.780603,-12965.708,-0.025806451,-14.881161
0.39242485,-0.094756499,-0.096405782,-26.564518,4046.1287,4154.4165,3.1712e-05,-0.12822475,3.2012031,-23.653339,-0.054240476,-16.833838,-12943.668,-0.025543993,-14.927632
0.39622054,-0.094690681,-0.096338704,-26.522377,4080.1096,4192.4756,3.1728e-05,-0.12890525,3.1957681,-23.77887,-0.054446664,-16.887026,-12921.771,-0.02610126,-14.974064
0.40001398,-0.094625145,-0.096271016,-26.479927,4122.5562,4230.5088,3.1744e-05,-0.12895766,3.1903853,-23.788536,-0.054652505,-16.940166,-12900.083,-0.026292305,-15.020454
0.4038052,-0.094558053,-0.096202716,-26.43717,4153.561,4268.5151,3.176e-05,-0.12941775,3.1846466,-23.873409,-0.054857984,-16.993263,-12876.962,-0.027055269,-15.066806
0.40759411,-0.094491407,-0.096133813,-26.394108,4193.4697,4306.4941,3.1776e-05,-0.12931448,3.1786964,-23.854359,-0.055063087,-17.046312,-12852.988,-0.026566973,-15.113116
0.41138071,-0.094423093,-0.096064299,-26.350739,4223.7803,4344.4463,3.1792e-05,-0.13000114,3.1727657,-23.981026,-0.055267807,-17.099316,-12829.094,-0.027419049,-15.159385
0.41516495,-0.094355412,-0.095994182,-26.307066,4264.6865,4382.3711,3.1808e-05,-0.12990172,3.1669919,-23.962687,-0.05547215,-17.152271,-12805.83,-0.027821895,-15.205613
0.41894677,-0.094285853,-0.095923461,-26.26309,4295.4766,4420.2681,3.1824e-05,-0.1302755,3.1614554,-24.031637,-0.055676132,-17.205179,-12783.524,-0.027707145,-15.2518
0.42272615,-0.094217159,-0.095852129,-26.218811,4338.5376,4458.1372,3.184e-05,-0.13073713,3.1561699,-24.116793,-0.055879761,-17.258038,-12762.229,-0.028288217,-15.297943
0.42650306,-0.094146259,-0.095780194,-26.174231,4368.5562,4495.978,3.1856e-05,-0.13103615,3.1507015,-24.171951,-0.056083046,-17.31085,-12740.197,-0.028393811,-15.344045
0.43027747,-0.094076596,-0.095707655,-26.129349,4413.8003,4533.7905,3.1872e-05,-0.13127121,3.1449323,-24.215313,-0.056285966,-17.363613,-12716.953,-0.028539689,-15.390104
0.43404931,-0.094004229,-0.095634505,-26.084167,4439.8018,4571.5742,3.1888e-05,-0.13127197,3.1392677,-24.215454,-0.056488518,-17.416327,-12694.13,-0.028886991,-15.43612
0.43781853,-0.093933776,-0.095560759,-26.038689,4488.0029,4609.3291,3.1904e-05,-0.13150163,3.1331863,-24.257818,-0.056690693,-17.46899,-12669.628,-0.029127477,-15.482093
0.44158512,-0.093859725,-0.095486403,-25.992912,4506.9023,4647.0552,3.192e-05,-0.13198331,3.1275587,-24.346672,-0.056892488,-17.521605,-12646.954,-0.0293997,-15.528022
0.44534904,-0.093788989,-0.09541145,-25.946838,4565.3335,4684.7515,3.1936e-05,-0.13236171,3.1218584,-24.416473,-0.057093922,-17.574169,-12623.987,-0.028695945,-15.573908
0.44911021,-0.09371224,-0.095335893,-25.900471,4565.5859,4722.4185,3.1952e-05,-0.13272391,3.1161957,-24.483292,-0.057294987,-17.626682,-12601.172,-0.030306712,-15.619748
0.45286864,-0.093644142,-0.095259733,-25.853809,4695.8311,4760.0557,3.1968e-05,-0.13284491,3.1105809,-24.50561,-0.057495687,-17.679146,-12578.551,-0.029419232,-15.665545
0.45662424,-0.093529195,-0.09518297,-25.806852,4845.3569,4797.6626,3.1984e-05,-0.1330846,3.1048968,-24.549824,-0.057696026,-17.731556,-12555.649,-0.030409863,-15.711295
0.46037701,-0.093443029,-0.095105603,-25.759605,4805.8774,4835.2393,3.2e-05,-0.13336049,3.0991702,-24.600718,-0.057895996,-17.783916,-12532.576,-0.029819636,-15.757001
0.46412688,-0.093368955,-0.09502764,-25.712069,4836.624,4872.7856,3.2016e-05,-0.13406642,3.0934193,-24.73094,-0.058095597,-17.836224,-12509.406,-0.031337626,-15.802661
0.46787384,-0.093288548,-0.094949074,-25.66424,4827.0449,4910.3008,3.2032e-05,-0.13380748,3.0874722,-24.683172,-0.058294818,-17.888479,-12485.445,-0.030856654,-15.848274
0.47161779,-0.093212284,-0.094869912,-25.616125,4851.8301,4947.7852,3.2048e-05,-0.13444097,3.0812728,-24.800032,-0.058493651,-17.940681,-12460.468,-0.031791132,-15.893842
0.47535875,-0.093132585,-0.094790146,-25.567722,4855.3135,4985.2383,3.2064e-05,-0.13451265,3.0751226,-24.813253,-0.058692083,-17.99283,-12435.688,-0.031786248,-15.939363
0.47909662,-0.093055293,-0.094709784,-25.519033,4882.7646,5022.6602,3.208e-05,-0.13466601,3.0692873,-24.841543,-0.05889013,-18.044926,-12412.179,-0.03182409,-15.984836
0.48283142,-0.092975505,-0.094628826,-25.47006,4896.3511,5060.0503,3.2096e-05,-0.13506599,3.0634978,-24.915327,-0.059087805,-18.096968,-12388.853,-0.03239784,-16.030262
0.48656306,-0.092897289,-0.094547264,-25.420803,4927.1382,5097.4082,3.2112e-05,-0.13540661,3.0575736,-24.978163,-0.059285097,-18.148954,-12364.983,-0.03245094,-16.07564
0.49029151,-0.092817008,-0.094465107,-25.371264,4947.3213,5134.7339,3.2128e-05,-0.13560084,3.0515926,-25.013988,-0.059482008,-18.200886,-12340.886,-0.032469861,-16.120968
0.49401674,-0.092737816,-0.094382353,-25.321445,4980.0688,5172.0269,3.2144e-05,-0.13612719,3.0456698,-25.111086,-0.059678536,-18.252762,-12317.023,-0.03284524,-16.166248
0.49773869,-0.092656843,-0.094299003,-25.271345,5003.7212,5209.2876,3.216e-05,-0.13631755,3.0392902,-25.1462,-0.059874669,-18.304583,-12291.319,-0.032728661,-16.211481
0.50145733,-0.09257663,-0.094215065,-25.220968,5041.0767,5246.5156,3.2176e-05,-0.13639539,3.0331881,-25.160559,-0.060070395,-18.356348,-12266.734,-0.033396404,-16.256662
0.50517261,-0.092494778,-0.094130524,-25.170315,5071.7559,5283.71,3.2192e-05,-0.13721846,3.0271435,-25.312389,-0.060265735,-18.408056,-12242.381,-0.033724174,-16.301796
0.50888449,-0.092413411,-0.094045386,-25.119385,5113.9487,5320.8711,3.2208e-05,-0.13697185,3.02109,-25.266897,-0.060460679,-18.459707,-12217.99,-0.033231605,-16.346878
0.51259291,-0.092330471,-0.093959659,-25.068182,5148.6641,5357.999,3.2224e-05,-0.13746969,3.0152085,-25.358734,-0.060655244,-18.511301,-12194.294,-0.03449446,-16.391911
0.51629794,-0.092247821,-0.093873337,-25.016705,5192.0054,5395.0928,3.224e-05,-0.13729167,3.0092921,-25.325895,-0.060849424,-18.562838,-12170.457,-0.034368724,-16.436892
0.51999933,-0.092163682,-0.093786426,-24.964956,5230.3032,5432.1523,3.2256e-05,-0.13780417,3.0032823,-25.420433,-0.061043222,-18.614317,-12146.243,-0.034194767,-16.481821
0.52369726,-0.092079692,-0.093698919,-24.912939,5274.6753,5469.1777,3.2272e-05,-0.13818873,2.9974546,-25.491373,-0.061236639,-18.665735,-12122.765,-0.034565873,-16.526697
0.52739149,-0.091994278,-0.093610816,-24.860653,5313.8066,5506.1685,3.2288e-05,-0.13838372,2.9914687,-25.527342,-0.061429676,-18.717096,-12098.646,-0.034421828,-16.571524
0.53108215,-0.091908909,-0.093522131,-24.8081,5357.54,5543.1245,3.2304e-05,-0.13885537,2.9853959,-25.614346,-0.061622322,-18.768398,-12074.18,-0.03527024,-16.616297
0.53476912,-0.091822207,-0.093432851,-24.755281,5395.3726,5580.0459,3.232e-05,-0.13880141,2.9789331,-25.604393,-0.061814565,-18.819639,-12048.141,-0.035458844,-16.661016
0.53845239,-0.091735505,-0.093342975,-24.7022,5438.501,5616.9316,3.2336e-05,-0.13956052,2.9727287,-25.744425,-0.062006399,-18.870819,-12023.143,-0.035286721,-16.705685
0.54213184,-0.091647528,-0.093252517,-24.648853,5474.5508,5653.7817,3.2352e-05,-0.13982718,2.9669123,-25.793613,-0.062197845,-18.92194,-11999.708,-0.035609607,-16.750298
0.54580754,-0.091559529,-0.093161464,-24.595247,5516.0386,5690.5967,3.2368e-05,-0.13970464,2.9608316,-25.771009,-0.062388908,-18.973,-11975.209,-0.035764031,-16.794857
0.54947937,-0.091470338,-0.093069829,-24.541382,5550.2656,5727.375,3.2384e-05,-0.14029497,2.9549847,-25.879908,-0.062579587,-19.023996,-11951.651,-0.036542252,-16.839361
0.55314738,-0.091381103,-0.092977606,-24.487257,5588.4268,5764.1177,3.24e-05,-0.14022484,2.9493082,-25.86697,-0.062769897,-19.074932,-11928.781,-0.036436658,-16.88381
0.55681139,-0.091290765,-0.092884786,-24.432877,5622.6631,5800.8237,3.2416e-05,-0.14069727,2.9431527,-25.954117,-0.06295982,-19.125805,-11903.98,-0.03620594,-16.928205
0.56047153,-0.091200352,-0.092791393,-24.378241,5659.7734,5837.4932,3.2432e-05,-0.14123443,2.9370368,-26.053204,-0.063149355,-19.176615,-11879.339,-0.036718652,-16.972544
0.56412768,-0.091108888,-0.092697404,-24.323353,5691.5635,5874.126,3.2448e-05,-0.14131612,2.9312716,-26.068274,-0.063338503,-19.227362,-11856.111,-0.037535325,-17.016827
0.56777978,-0.091017358,-0.092602834,-24.268211,5727.1943,5910.7212,3.2464e-05,-0.14157121,2.9250329,-26.11533,-0.063527264,-19.278044,-11830.976,-0.037662894,-17.061052
0.57142788,-0.090924829,-0.092507675,-24.21282,5758.624,5947.2793,3.248e-05,-0.14202821,2.9186947,-26.199633,-0.063715614,-19.328663,-11805.439,-0.037175208,-17.105221
0.57507181,-0.090832204,-0.092411935,-24.157181,5795.1875,5983.7998,3.2496e-05,-0.1420444,2.912509,-26.202618,-0.06390357,-19.379217,-11780.517,-0.03744499,-17.149334
0.57871169,-0.090738602,-0.092315614,-24.101295,5828.1118,6020.2827,3.2512e-05,-0.14258155,2.9061844,-26.301706,-0.064091116,-19.429707,-11755.035,-0.038026065,-17.193388
0.58234739,-0.090644859,-0.092218705,-24.045162,5865.9507,6056.7275,3.2528e-05,-0.14264475,2.9001331,-26.313364,-0.064278267,-19.480129,-11730.654,-0.037882015,-17.237383
0.58597893,-0.090550132,-0.092121214,-23.988787,5899.5186,6093.1338,3.2544e-05,-0.14299463,2.8939073,-26.377907,-0.064465024,-19.530487,-11705.57,-0.039056368,-17.281321
0.58960623,-0.090455242,-0.092023142,-23.932169,5937.0371,6129.502,3.256e-05,-0.14300002,2.8879478,-26.378902,-0.064651377,-19.580776,-11681.56,-0.038384959,-17.325197
0.59322923,-0.09035939,-0.091924489,-23.875311,5971.2983,6165.8311,3.2576e-05,-0.14356031,2.8816862,-26.482254,-0.064837351,-19.631001,-11656.331,-0.038231146,-17.369017
0.59684801,-0.090263337,-0.091825254,-23.818214,6008.1426,6202.1216,3.2592e-05,-0.14358419,2.8759704,-26.486662,-0.065022931,-19.681156,-11633.303,-0.039348125,-17.412775
0.60046244,-0.09016636,-0.091725439,-23.760881,6041.5825,6238.3726,3.2608e-05,-0.14398031,2.8697844,-26.559734,-0.06520813,-19.731245,-11608.379,-0.03968871,-17.456474
0.60407251,-0.090069175,-0.091625042,-23.703312,6076.9409,6274.5845,3.2624e-05,-0.14452749,2.8637035,-26.660669,-0.065392926,-19.781265,-11583.879,-0.039415266,-17.500111
0.60767823,-0.089971095,-0.091524072,-23.64551,6109.0664,6310.7563,3.264e-05,-0.14420843,2.8573034,-26.601814,-0.065577328,-19.831217,-11558.093,-0.040159918,-17.543688
0.61127955,-0.089872822,-0.091422521,-23.587475,6145.4463,6346.8887,3.2656e-05,-0.14499067,2.850754,-26.746111,-0.065761313,-19.8811,-11531.705,-0.040456556,-17.587202
0.61487639,-0.089773655,-0.091320395,-23.529211,6178.8496,6382.981,3.2672e-05,-0.14539681,2.8443694,-26.82103,-0.06594488,-19.930912,-11505.981,-0.040288705,-17.630655
0.61846876,-0.089674264,-0.091217689,-23.470718,6214.8281,6419.0327,3.2688e-05,-0.14522649,2.8380761,-26.789612,-0.066128038,-19.980654,-11480.626,-0.041013826,-17.674046
0.62205666,-0.089573994,-0.091114409,-23.411999,6249.3389,6455.0439,3.2704e-05,-0.14591315,2.8316271,-26.916281,-0.066310778,-20.030327,-11454.643,-0.04199652,-17.717373
0.62564003,-0.089473464,-0.091010556,-23.353054,6285.3027,6491.0146,3.272e-05,-0.14618905,2.8253677,-26.967175,-0.066493116,-20.079927,-11429.424,-0.04179693,-17.760637
0.62921888,-0.089372076,-0.090906121,-23.293886,6317.7593,6526.9438,3.2736e-05,-0.14598714,2.8188741,-26.929928,-0.066675045,-20.129456,-11403.261,-0.041107822,-17.803839
0.63279313,-0.089270443,-0.09080112,-23.234497,6352.1245,6562.8325,3.2752e-05,-0.14694123,2.8123636,-27.105927,-0.066856548,-20.178913,-11377.03,-0.04204718,-17.846975
0.63636279,-0.08916799,-0.090695538,-23.174889,6384.3389,6598.6792,3.2768e-05,-0.14661062,2.8058136,-27.044939,-0.067037635,-20.228296,-11350.64,-0.042418897,-17.890047
0.6399278,-0.089065284,-0.090589389,-23.115063,6420.7021,6634.4844,3.2784e-05,-0.1469682,2.7992203,-27.110903,-0.067218296,-20.277609,-11324.076,-0.042242501,-17.933052
0.64348811,-0.088961743,-0.09048266,-23.055021,6453.6021,6670.2476,3.28e-05,-0.147352,2.7921786,-27.1817,-0.067398518,-20.326847,-11295.705,-0.042971283,-17.975994
0.64704376,-0.088857926,-0.090375364,-22.994766,6489.6489,6705.9688,3.2816e-05,-0.14757164,2.7854972,-27.222216,-0.067578301,-20.376011,-11268.785,-0.042293772,-18.018869
0.65059471,-0.088753283,-0.090267502,-22.934298,6522.4077,6741.6475,3.2832e-05,-0.14791843,2.7787478,-27.28619,-0.067757644,-20.4251,-11241.592,-0.043068942,-18.061678
0.65414095,-0.088648356,-0.090159066,-22.873619,6558.4697,6777.2837,3.2848e-05,-0.14813268,2.7722239,-27.325712,-0.067936562,-20.474115,-11215.308,-0.043775141,-18.10442
0.65768236,-0.088542625,-0.090050057,-22.812733,6592.126,6812.877,3.2864e-05,-0.14816505,2.7658439,-27.331682,-0.06811507,-20.523056,-11189.603,-0.043235574,-18.147095
0.661219,-0.088436581,-0.089940481,-22.751638,6628.6748,6848.4272,3.288e-05,-0.14859816,2.7593501,-27.411579,-0.068293154,-20.57192,-11163.438,-0.043301493,-18.189701
0.66475087,-0.088329725,-0.089830339,-22.69034,6662.7998,6883.9346,3.2896e-05,-0.1487076,2.7527292,-27.431767,-0.068470821,-20.620707,-11136.763,-0.044325083,-18.232241
0.66827786,-0.088222548,-0.089719631,-22.628839,6698.541,6919.3979,3.2912e-05,-0.14896578,2.7458062,-27.479391,-0.068648055,-20.669418,-11108.87,-0.044373915,-18.274712
0.67180002,-0.088114582,-0.089608356,-22.567137,6731.5278,6954.8179,3.2928e-05,-0.14916462,2.7387795,-27.516069,-0.068824835,-20.718052,-11080.559,-0.044455092,-18.317112
0.67531723,-0.088006295,-0.089496508,-22.505236,6766.5977,6990.1938,3.2944e-05,-0.1498004,2.7317262,-27.633354,-0.069001161,-20.766607,-11052.141,-0.044911649,-18.359444
0.67882961,-0.087897234,-0.089384101,-22.443138,6801.7856,7025.5259,3.296e-05,-0.14985128,2.7246041,-27.642736,-0.069177024,-20.815084,-11023.446,-0.044989776,-18.401707
0.68233699,-0.087787837,-0.089271128,-22.380844,6838.2217,7060.813,3.2976e-05,-0.15013026,2.7176626,-27.694201,-0.069352441,-20.863483,-10995.479,-0.04540544,-18.443897
0.68583947,-0.087677635,-0.089157589,-22.318357,6872.0708,7096.0562,3.2992e-05,-0.15055645,2.7106788,-27.772816,-0.06952741,-20.911804,-10967.341,-0.044987336,-18.486017
0.6893369,-0.087567106,-0.089043491,-22.255678,6906.8843,7131.2539,3.3008e-05,-0.15046935,2.7037721,-27.756752,-0.069701925,-20.960043,-10939.515,-0.045345012,-18.528067
0.69282937,-0.087455809,-0.088928826,-22.19281,6939.9902,7166.4067,3.3024e-05,-0.15125698,2.6971681,-27.902044,-0.069876008,-21.008204,-10912.906,-0.045036774,-18.570045
0.69631684,-0.087344177,-0.088813603,-22.129753,6976.1289,7201.5146,3.304e-05,-0.15061423,2.6902194,-27.78348,-0.070049658,-21.056284,-10884.91,-0.046616413,-18.61195
0.69979924,-0.087231778,-0.088697821,-22.066513,7010.4355,7236.5767,3.3056e-05,-0.15123618,2.6831234,-27.898205,-0.070222855,-21.10428,-10856.32,-0.045716729,-18.653784
0.70327652,-0.087119028,-0.088581473,-22.003088,7046.0459,7271.5933,3.3072e-05,-0.15181494,2.676089,-28.004971,-0.070395589,-21.152199,-10827.979,-0.046463821,-18.695543
0.70674878,-0.087005511,-0.088464566,-21.93948,7078.8867,7306.564,3.3088e-05,-0.15159529,2.6688387,-27.964453,-0.070567869,-21.200033,-10798.768,-0.046364941,-18.73723
0.71021587,-0.086891659,-0.088347107,-21.875694,7112.0664,7341.4883,3.3104e-05,-0.1521679,2.6618743,-28.070082,-0.070739686,-21.247786,-10770.707,-0.046438795,-18.778843
0.71367788,-0.086777084,-0.088229083,-21.811729,7145.9854,7376.3662,3.312e-05,-0.1526095,2.6550381,-28.151541,-0.070911065,-21.295454,-10743.165,-0.046670124,-18.820381
0.71713465,-0.086662151,-0.088110507,-21.747589,7181.4316,7411.1978,3.3136e-05,-0.15275978,2.6482706,-28.179262,-0.071082003,-21.343039,-10715.898,-0.047448348,-18.861845
0.7205863,-0.086546481,-0.087991364,-21.683273,7212.8369,7445.9824,3.3152e-05,-0.15298636,2.6412959,-28.221058,-0.071252495,-21.390541,-10687.797,-0.046693929,-18.903233
0.72403276,-0.086430475,-0.087871678,-21.618788,7247.1982,7480.7197,3.3168e-05,-0.15346956,2.6339035,-28.310196,-0.071422525,-21.437958,-10658.013,-0.048024535,-18.944544
0.72747391,-0.086313747,-0.087751433,-21.554131,7279.6333,7515.4102,3.3184e-05,-0.15389653,2.6266654,-28.388954,-0.071592085,-21.485289,-10628.85,-0.047633901,-18.985781
0.73090988,-0.086196668,-0.08763063,-21.489307,7313.418,7550.0532,3.32e-05,-0.15348421,2.6192851,-28.312897,-0.071761169,-21.532536,-10599.115,-0.048465833,-19.026939
0.73434061,-0.08607889,-0.087509274,-21.424316,7344.3311,7584.6484,3.3216e-05,-0.15387495,2.6120598,-28.384974,-0.07192979,-21.579697,-10570.005,-0.047997069,-19.068022
0.73776603,-0.085960768,-0.087387368,-21.359163,7378.5938,7619.1958,3.3232e-05,-0.15426336,2.6046784,-28.456623,-0.072097935,-21.62677,-10540.265,-0.048558611,-19.109026
0.74118608,-0.085841946,-0.08726491,-21.293846,7411.377,7653.6948,3.3248e-05,-0.15449379,2.5974684,-28.49913,-0.07226561,-21.673758,-10511.215,-0.048706319,-19.149954
0.74460089,-0.085722759,-0.087141901,-21.228371,7444.6265,7688.1455,3.3264e-05,-0.15463713,2.5901415,-28.525574,-0.072432816,-21.720657,-10481.695,-0.04910123,-19.190802
0.74801028,-0.08560288,-0.087018333,-21.162737,7477.4678,7722.5479,3.328e-05,-0.15517659,2.5833426,-28.625088,-0.072599567,-21.767467,-10454.302,-0.049162269,-19.231571
0.7514143,-0.085482627,-0.086894229,-21.096945,7513.04,7756.9014,3.3296e-05,-0.15510339,2.5763621,-28.611582,-0.072765879,-21.814192,-10426.179,-0.049557175,-19.272261
0.75481296,-0.08536166,-0.086769566,-21.031002,7545.9878,7791.2056,3.3312e-05,-0.15537852,2.569066,-28.662334,-0.072931729,-21.860826,-10396.782,-0.049491256,-19.31287
0.75820619,-0.085240319,-0.086644359,-20.964905,7579.3027,7825.4609,3.3328e-05,-0.15557735,2.5619783,-28.699013,-0.07309711,-21.90737,-10368.227,-0.049611498,-19.353401
0.761594,-0.085118286,-0.086518608,-20.898659,7611.061,7859.667,3.3344e-05,-0.15607135,2.5546646,-28.79014,-0.073262028,-21.953825,-10338.759,-0.049861141,-19.39385
0.76497638,-0.084995896,-0.086392306,-20.832266,7645.3062,7893.8228,3.336e-05,-0.15640351,2.5476003,-28.851412,-0.073426485,-22.000189,-10310.297,-0.050297555,-19.434217
0.76835322,-0.084872812,-0.08626546,-20.765726,7676.6606,7927.9292,3.3376e-05,-0.15653297,2.5399647,-28.875296,-0.073590472,-22.046463,-10279.532,-0.050116885,-19.474504
0.77172464,-0.084749371,-0.086138062,-20.699041,7709.064,7961.9854,3.3392e-05,-0.15679578,2.5326929,-28.923775,-0.073753968,-22.092646,-10250.234,-0.050456863,-19.514708
0.77509052,-0.084625266,-0.086010128,-20.632215,7740.7451,7995.9917,3.3408e-05,-0.15662161,2.5252349,-28.891645,-0.073917001,-22.138735,-10220.187,-0.050727256,-19.554831
0.77845085,-0.084500797,-0.08588165,-20.56525,7773.8779,8029.9468,3.3424e-05,-0.15715723,2.517935,-28.990448,-0.074079551,-22.184732,-10190.775,-0.051234473,-19.59487
0.78180557,-0.084375657,-0.085752629,-20.498146,7805.7686,8063.8516,3.344e-05,-0.15744314,2.5106769,-29.043192,-0.074241631,-22.230639,-10161.531,-0.051679432,-19.634825
0.78515482,-0.084250145,-0.085623063,-20.430906,7839.5747,8097.7056,3.3456e-05,-0.15789707,2.5033808,-29.126926,-0.074403249,-22.276449,-10132.136,-0.051418196,-19.674696
0.7884984,-0.084123962,-0.085492961,-20.363533,7871.5078,8131.5078,3.3472e-05,-0.15798107,2.4960215,-29.142422,-0.07456439,-22.322166,-10102.485,-0.052075565,-19.714483
0.79183638,-0.083997399,-0.085362315,-20.296028,7904.6621,8165.2593,3.3488e-05,-0.1581984,2.4885552,-29.182512,-0.074725054,-22.36779,-10072.403,-0.051875364,-19.754185
0.79516876,-0.083870165,-0.085231133,-20.228394,7936.8291,8198.959,3.3504e-05,-0.15856446,2.4812863,-29.25004,-0.074885242,-22.413319,-10043.117,-0.051703237,-19.793802
0.79849541,-0.083742559,-0.085099414,-20.160631,7969.2578,8232.6064,3.352e-05,-0.15883574,2.474246,-29.300081,-0.075044967,-22.45875,-10014.752,-0.051490828,-19.833332
0.80181646,-0.083614297,-0.084967151,-20.092743,8000.2349,8266.2031,3.3536e-05,-0.15909776,2.466958,-29.348417,-0.075204231,-22.504087,-9985.3887,-0.052401502,-19.872778
0.80513179,-0.08348567,-0.08483436,-20.024731,8032.9141,8299.7461,3.3552e-05,-0.15947463,2.4593225,-29.417934,-0.075363018,-22.549328,-9954.624,-0.052899562,-19.912136
0.8084414,-0.083356388,-0.084701024,-19.956596,8064.6367,8333.2373,3.3568e-05,-0.15939447,2.451797,-29.403151,-0.075521313,-22.594471,-9924.3047,-0.053369548,-19.951408
0.81174529,-0.083226725,-0.084567159,-19.888344,8098.2139,8366.6768,3.3584e-05,-0.15959562,2.44437,-29.440254,-0.075679123,-22.639517,-9894.3809,-0.053516038,-19.990591
0.81504339,-0.083096407,-0.084432758,-19.819973,8130.3628,8400.0625,3.36e-05,-0.16011582,2.4371152,-29.536215,-0.075836465,-22.684465,-9865.1504,-0.053302407,-20.029688
0.81833577,-0.082965694,-0.084297821,-19.751486,8164.3252,8433.3945,3.3616e-05,-0.15995321,2.4296672,-29.506218,-0.075993329,-22.729317,-9835.1436,-0.054509722,-20.068695
0.82162231,-0.082834318,-0.084162354,-19.682886,8195.9873,8466.6738,3.3632e-05,-0.16079633,2.4224513,-29.661745,-0.076149724,-22.774067,-9806.0703,-0.054195989,-20.107615
0.82490307,-0.082702555,-0.084026359,-19.614174,8231.0918,8499.9004,3.3648e-05,-0.1605736,2.4148149,-29.620661,-0.076305643,-22.818718,-9775.3027,-0.054006774,-20.146442
0.82817799,-0.082570113,-0.083889827,-19.545351,8263.3096,8533.0723,3.3664e-05,-0.16122019,2.407516,-29.739935,-0.076461077,-22.86327,-9745.8955,-0.054553058,-20.185183
0.83144706,-0.082437277,-0.083752766,-19.476423,8295.6748,8566.1914,3.368e-05,-0.16142905,2.3999686,-29.778461,-0.076616026,-22.907722,-9715.4873,-0.05480453,-20.223831
0.83471024,-0.0823038,-0.083615184,-19.407387,8326.3496,8599.2549,3.3696e-05,-0.16142441,2.3927493,-29.777609,-0.076770507,-22.952072,-9686.4004,-0.054977875,-20.26239
0.83796757,-0.08216995,-0.083477065,-19.338249,8358.7041,8632.2656,3.3712e-05,-0.1618506,2.3850896,-29.856226,-0.07692451,-22.996321,-9655.54,-0.055506453,-20.300858
0.84121901,-0.08203546,-0.083338425,-19.269009,8390.8213,8665.2207,3.3728e-05,-0.16219817,2.3773656,-29.920341,-0.077078015,-23.040468,-9624.4189,-0.055262305,-20.339233
0.84446448,-0.081900574,-0.083199248,-19.199669,8424.417,8698.1211,3.3744e-05,-0.16208874,2.3696518,-29.900154,-0.07723102,-23.084513,-9593.3398,-0.05566515,-20.377518
0.84770405,-0.081765041,-0.083059557,-19.130232,8455.5869,8730.9668,3.376e-05,-0.16251184,2.3619733,-29.978203,-0.077383526,-23.128454,-9562.4033,-0.055408183,-20.415709
0.85093766,-0.081629127,-0.082919337,-19.060698,8486.8096,8763.7578,3.3776e-05,-0.16215271,2.3542693,-29.911953,-0.07753554,-23.172293,-9531.3643,-0.056604512,-20.453808
0.85416526,-0.081492588,-0.082778588,-18.99107,8517.7627,8796.4932,3.3792e-05,-0.16317306,2.3467789,-30.100178,-0.07768707,-23.216028,-9501.1855,-0.056208991,-20.491812
0.85738689,-0.081355669,-0.082637325,-18.921352,8550.9531,8829.1729,3.3808e-05,-0.16294649,2.3392262,-30.058382,-0.077838108,-23.259657,-9470.7559,-0.056315806,-20.529724
0.8606025,-0.081218109,-0.082495533,-18.851543,8583.7891,8861.7969,3.3824e-05,-0.16334647,2.3317513,-30.132166,-0.077988662,-23.303183,-9440.6396,-0.056486711,-20.567541
0.86381203,-0.081080139,-0.082353227,-18.781647,8618.4189,8894.3643,3.384e-05,-0.16367324,2.3240471,-30.192442,-0.078138731,-23.346601,-9409.5986,-0.056137577,-20.605263
0.86701554,-0.080941506,-0.082210399,-18.711664,8651.123,8926.876,3.3856e-05,-0.1639314,2.3165059,-30.240068,-0.078288302,-23.389915,-9379.2158,-0.056998201,-20.642891
0.87021303,-0.080802456,-0.08206705,-18.6416,8683.7998,8959.3311,3.3872e-05,-0.16429439,2.3090265,-30.307026,-0.078437395,-23.433123,-9349.0801,-0.056780908,-20.680422
0.87340438,-0.080662772,-0.081923179,-18.571451,8714.2832,8991.7305,3.3888e-05,-0.16424121,2.3010316,-30.297218,-0.078585982,-23.476223,-9316.8691,-0.05734428,-20.717857
0.87658966,-0.080522709,-0.081778795,-18.501223,8746.4922,9024.0723,3.3904e-05,-0.16444622,2.2933619,-30.335033,-0.07873407,-23.519217,-9285.9678,-0.057305217,-20.755196
0.87976879,-0.080382019,-0.081633888,-18.430918,8778.4404,9056.3574,3.392e-05,-0.16486238,2.2854283,-30.411802,-0.078881659,-23.562101,-9254.0039,-0.058130436,-20.792437
0.88294184,-0.080240935,-0.081488475,-18.360535,8810.0098,9088.585,3.3936e-05,-0.16465583,2.2773285,-30.373701,-0.079028726,-23.604877,-9221.3691,-0.057396162,-20.829582
0.8861087,-0.080099232,-0.081342541,-18.290079,8840.2793,9120.7549,3.3952e-05,-0.16526929,2.2692759,-30.486864,-0.079175271,-23.647545,-9188.9248,-0.058461256,-20.866629
0.88926935,-0.07995715,-0.0811961,-18.219551,8873.2588,9152.8682,3.3968e-05,-0.16531321,2.2611048,-30.494967,-0.079321295,-23.690102,-9156.0039,-0.057798393,-20.903576
0.89242387,-0.079814434,-0.081049137,-18.148951,8905.333,9184.9229,3.3984e-05,-0.16561224,2.2532444,-30.550127,-0.079466797,-23.73255,-9124.334,-0.058706015,-20.940426
0.89557213,-0.079671316,-0.080901667,-18.078283,8937.4443,9216.9199,3.4e-05,-0.1657787,2.2455282,-30.580833,-0.079611808,-23.774887,-9093.2451,-0.058737144,-20.977175
0.89871424,-0.079527579,-0.080753684,-18.007549,8967.877,9248.8584,3.4016e-05,-0.16595827,2.2381194,-30.613958,-0.07975632,-23.817114,-9063.3945,-0.058958098,-21.013826
0.90185004,-0.079383455,-0.080605194,-17.936752,8999.7373,9280.7393,3.4032e-05,-0.16643068,2.2306862,-30.701105,-0.079900362,-23.859228,-9033.4473,-0.059022188,-21.050375
0.90497965,-0.07923872,-0.08045619,-17.865891,9029.6748,9312.5605,3.4048e-05,-0.16693702,2.2233908,-30.794506,-0.080043927,-23.901232,-9004.0537,-0.059228491,-21.086826
0.90810293,-0.079093605,-0.080306686,-17.794968,9060.751,9344.3232,3.4064e-05,-0.1668507,2.2158976,-30.778584,-0.080187015,-23.943121,-8973.8633,-0.059138156,-21.123175
0.91121995,-0.078947894,-0.080156669,-17.723986,9091.543,9376.0273,3.408e-05,-0.16706418,2.2080839,-30.817963,-0.080329604,-23.984898,-8942.3818,-0.059210181,-21.159422
0.91433066,-0.078801788,-0.080006145,-17.652948,9123.2637,9407.6719,3.4096e-05,-0.16698402,2.2001171,-30.803179,-0.080471694,-24.026562,-8910.2832,-0.060239267,-21.195566
0.91743505,-0.078655079,-0.079855114,-17.581854,9153.9883,9439.2568,3.4112e-05,-0.16758284,2.1919827,-30.913639,-0.080613256,-24.068111,-8877.5098,-0.059647817,-21.231609
0.92053312,-0.078507967,-0.079703584,-17.510708,9186.2197,9470.7822,3.4128e-05,-0.16741483,2.1839445,-30.882648,-0.080754302,-24.109547,-8845.124,-0.060651265,-21.26755
0.92362481,-0.078360252,-0.079551548,-17.439508,9217.3203,9502.248,3.4144e-05,-0.1682356,2.1758647,-31.034052,-0.080894828,-24.150866,-8812.5703,-0.060448013,-21.303387
0.92671013,-0.078212135,-0.079399012,-17.368259,9249.1309,9533.6543,3.416e-05,-0.16801518,2.1680946,-30.993393,-0.081034847,-24.19207,-8781.2646,-0.06161565,-21.339119
0.92978907,-0.078063414,-0.07924597,-17.296963,9279.4756,9564.999,3.4176e-05,-0.16853462,2.1602831,-31.089211,-0.081174359,-24.233156,-8749.792,-0.061379436,-21.374748
0.93286163,-0.077914305,-0.079092428,-17.22562,9309.3271,9596.2842,3.4192e-05,-0.16843134,2.1527236,-31.070162,-0.081313372,-24.274128,-8719.335,-0.06089358,-21.410271
0.93592775,-0.077764615,-0.078938387,-17.154232,9339.1318,9627.5088,3.4208e-05,-0.16869491,2.1449239,-31.118782,-0.081451893,-24.314981,-8687.9102,-0.060809962,-21.44569
0.93898737,-0.077614538,-0.078783847,-17.082802,9370.5674,9658.6729,3.4224e-05,-0.16907871,2.1371393,-31.189579,-0.081589915,-24.355719,-8656.5459,-0.060485244,-21.481005
0.94204062,-0.07746388,-0.078628816,-17.011332,9401.085,9689.7754,3.424e-05,-0.16920972,2.1292064,-31.213747,-0.08172743,-24.396336,-8624.584,-0.061713308,-21.516211
0.94508737,-0.077312812,-0.078473277,-16.939821,9432.2842,9720.8164,3.4256e-05,-0.16974996,2.1212735,-31.313404,-0.081864432,-24.436834,-8592.6221,-0.061862238,-21.551311
0.94812763,-0.077161171,-0.078317247,-16.868275,9461.3164,9751.7969,3.4272e-05,-0.17002277,2.1132264,-31.363729,-0.082000919,-24.477215,-8560.2002,-0.061343424,-21.586306
0.95116138,-0.077009134,-0.078160726,-16.796692,9492.0967,9782.7148,3.4288e-05,-0.16981855,2.1050639,-31.326056,-0.082136884,-24.517473,-8527.3135,-0.061685231,-21.621193
0.95418859,-0.076856531,-0.078003712,-16.725077,9521.3682,9813.5713,3.4304e-05,-0.17017615,2.0970812,-31.392019,-0.082272328,-24.557613,-8495.1514,-0.061980043,-21.655972
0.95720929,-0.076703541,-0.077846199,-16.653427,9551.3535,9844.3662,3.432e-05,-0.17041504,2.0887589,-31.43609,-0.082407244,-24.597631,-8461.6211,-0.062513508,-21.690643
0.96022344,-0.076549985,-0.077688202,-16.581749,9580.8311,9875.0986,3.4336e-05,-0.17052063,2.0804448,-31.455566,-0.082541622,-24.637529,-8428.123,-0.063155614,-21.725204
0.96323097,-0.076396041,-0.077529706,-16.510042,9611.3594,9905.7686,3.4352e-05,-0.17126201,2.0725353,-31.592329,-0.082675487,-24.677305,-8396.2549,-0.06354259,-21.759657
0.96623194,-0.076241523,-0.077370726,-16.438307,9641.0986,9936.376,3.4368e-05,-0.1708474,2.0647037,-31.515844,-0.082808837,-24.716957,-8364.7021,-0.063214213,-21.794001
0.9692263,-0.076086618,-0.077211253,-16.366549,9672.2988,9966.9209,3.4384e-05,-0.17139611,2.0564349,-31.617065,-0.082941666,-24.756487,-8331.3867,-0.062205266,-21.828234
0.97221404,-0.075931132,-0.077051297,-16.294765,9702.502,9997.4033,3.44e-05,-0.1713807,2.048167,-31.614222,-0.083073966,-24.795893,-8298.0752,-0.063401595,-21.862356
0.97519517,-0.075775243,-0.076890849,-16.22296,9732.2598,10027.821,3.4416e-05,-0.17170747,2.0396848,-31.6745,-0.08320573,-24.835176,-8263.9004,-0.063695177,-21.896368
0.97816962,-0.075618796,-0.076729916,-16.151134,9760.6895,10058.177,3.4432e-05,-0.1719849,2.0317376,-31.725677,-0.083336957,-24.874334,-8231.8809,-0.064045534,-21.930267
0.98113734,-0.075461969,-0.076568507,-16.07929,9790.4238,10088.469,3.4448e-05,-0.17180996,2.0235085,-31.693407,-0.08346767,-24.913366,-8198.7266,-0.064499035,-21.964056
0.98409843,-0.075304598,-0.076406606,-16.007429,9817.5967,10118.696,3.4464e-05,-0.17256136,2.0153129,-31.832016,-0.083597846,-24.952272,-8165.7056,-0.064638816,-21.997732
0.9870528,-0.075146854,-0.07624422,-15.935554,9845.9893,10148.86,3.448e-05,-0.17275943,2.0069594,-31.868553,-0.083727494,-24.991053,-8132.0498,-0.064676046,-22.031294
0.99000043,-0.074988581,-0.076081358,-15.863664,9875.0625,10178.961,3.4496e-05,-0.17286192,1.9987996,-31.887461,-0.083856605,-25.029707,-8099.1738,-0.064458147,-22.064745
0.99294126,-0.074829936,-0.075918011,-15.791761,9904.8809,10208.996,3.4512e-05,-0.17270394,1.990344,-31.858316,-0.083985187,-25.068233,-8065.1064,-0.06471511,-22.09808
0.99587542,-0.074670717,-0.075754188,-15.719849,9934.8652,10238.968,3.4528e-05,-0.1732095,1.9819112,-31.951576,-0.084113218,-25.106632,-8031.1299,-0.064753562,-22.131302
0.99880272,-0.074511118,-0.075589888,-15.647927,9964.248,10268.874,3.4544e-05,-0.17320564,1.9736102,-31.950865,-0.084240712,-25.144903,-7997.6855,-0.065517135,-22.16441
1.0017233,-0.074350953,-0.075425111,-15.575998,9992.7539,10298.716,3.456e-05,-0.17347769,1.9652623,-32.001049,-0.08436767,-25.183044,-7964.0518,-0.065064244,-22.197401
1.004637,-0.074190415,-0.075259857,-15.504063,10023.352,10328.492,3.4576e-05,-0.17355861,1.9570621,-32.015976,-0.084494099,-25.221056,-7931.0127,-0.06468825,-22.230276
1.0075438,-0.074029312,-0.075094126,-15.432123,10052.803,10358.204,3.4592e-05,-0.17437166,1.9485888,-32.165958,-0.084619984,-25.258938,-7896.874,-0.065805845,-22.263037
1.0104438,-0.073867813,-0.074927919,-15.360182,10082.664,10387.85,3.4608e-05,-0.17446338,1.940096,-32.182877,-0.084745325,-25.29669,-7862.6562,-0.065284587,-22.295681
1.013337,-0.073705763,-0.074761242,-15.288238,10111.582,10417.431,3.4624e-05,-0.17460673,1.9316479,-32.20932,-0.084870122,-25.334309,-7828.6187,-0.066035338,-22.328207
1.0162232,-0.073543318,-0.074594088,-15.216294,10142.578,10446.945,3.464e-05,-0.17511998,1.9232106,-32.304001,-0.084994368,-25.371798,-7794.625,-0.065964535,-22.360617
1.0191026,-0.073380314,-0.074426465,-15.144353,10171.269,10476.394,3.4656e-05,-0.17510919,1.9148182,-32.30201,-0.085118078,-25.409155,-7760.812,-0.066253245,-22.392908
1.021975,-0.073216923,-0.074258372,-15.072413,10200.38,10505.776,3.4672e-05,-0.17539203,1.9061379,-32.354183,-0.085241236,-25.446377,-7725.8394,-0.067134008,-22.425081
1.0248405,-0.07305298,-0.07408981,-15.00048,10229.104,10535.092,3.4688e-05,-0.17528877,1.8973868,-32.335133,-0.085363828,-25.483467,-7690.5806,-0.066745199,-22.457134
1.027699,-0.072888665,-0.073920779,-14.928552,10258.448,10564.342,3.4704e-05,-0.17544906,1.8888509,-32.364704,-0.085485868,-25.520424,-7656.1895,-0.0674337,-22.489069
1.0305505,-0.072723798,-0.073751286,-14.85663,10286.544,10593.524,3.472e-05,-0.17539974,1.8803071,-32.355606,-0.085607357,-25.557245,-7621.7661,-0.067045502,-22.520884
1.0333951,-0.072558552,-0.073581323,-14.784719,10316.429,10622.64,3.4736e-05,-0.17588912,1.8720121,-32.445881,-0.085728303,-25.593933,-7588.3457,-0.067188941,-22.552578
1.0362326,-0.072392762,-0.073410898,-14.712817,10345.016,10651.688,3.4752e-05,-0.1761388,1.8635074,-32.49194,-0.085848704,-25.630484,-7554.0801,-0.067175515,-22.584152
1.0390631,-0.072226584,-0.073240004,-14.640926,10374.756,10680.67,3.4768e-05,-0.17634457,1.8552616,-32.5299,-0.085968569,-25.666899,-7520.8579,-0.067580186,-22.615604
1.0418866,-0.072059862,-0.073068649,-14.56905,10402.995,10709.584,3.4784e-05,-0.17656961,1.847214,-32.571411,-0.086087905,-25.703176,-7488.4336,-0.067638785,-22.646935
1.0447029,-0.071892761,-0.072896838,-14.497187,10431.847,10738.431,3.48e-05,-0.17659427,1.8392071,-32.575958,-0.086206727,-25.739317,-7456.1738,-0.068480484,-22.678143
1.0475122,-0.071725123,-0.072724558,-14.42534,10460.713,10767.209,3.4816e-05,-0.17690717,1.8312997,-32.633678,-0.086325034,-25.77532,-7424.3149,-0.068036743,-22.709229
1.0503144,-0.07155709,-0.072551824,-14.353509,10489.992,10795.92,3.4832e-05,-0.17766242,1.8229741,-32.772999,-0.086442821,-25.811184,-7390.7715,-0.068620257,-22.740191
1.0531095,-0.07138852,-0.072378635,-14.281697,10519.229,10824.562,3.4848e-05,-0.17712373,1.8143907,-32.673626,-0.086560063,-25.846909,-7356.1885,-0.068575703,-22.77103
1.0558975,-0.071219556,-0.072204985,-14.209905,10548.494,10853.136,3.4864e-05,-0.17793678,1.8058397,-32.823608,-0.086676747,-25.882494,-7321.7363,-0.068066649,-22.801744
1.0586783,-0.071050055,-0.07203088,-14.138134,10576.519,10881.642,3.488e-05,-0.17759691,1.7973473,-32.760914,-0.086792886,-25.91794,-7287.5205,-0.06854213,-22.832335
1.0614519,-0.070880167,-0.071856312,-14.066384,10607.317,10910.078,3.4896e-05,-0.17794526,1.788916,-32.825172,-0.086908482,-25.953245,-7253.5508,-0.069701836,-22.862799
1.0642183,-0.070709728,-0.071681298,-13.994658,10636.483,10938.445,3.4912e-05,-0.17821269,1.7804368,-32.874504,-0.087023526,-25.988407,-7219.3882,-0.068340711,-22.893137
1.0669776,-0.070538886,-0.07150583,-13.922957,10665.965,10966.744,3.4928e-05,-0.17827895,1.7719874,-32.88673,-0.087138027,-26.02343,-7185.3457,-0.068852812,-22.923351
1.0697296,-0.070367508,-0.071329914,-13.851282,10693.144,10994.974,3.4944e-05,-0.17815951,1.7637662,-32.864693,-0.087251991,-26.058308,-7152.2217,-0.069404587,-22.953438
1.0724744,-0.070195757,-0.071153544,-13.779634,10721.843,11023.134,3.496e-05,-0.1786088,1.7554114,-32.947575,-0.087365426,-26.093042,-7118.5605,-0.070417799,-22.983397
1.075212,-0.070023485,-0.070976727,-13.708014,10748.702,11051.224,3.4976e-05,-0.17909124,1.7470285,-33.036572,-0.087478317,-26.127634,-7084.7856,-0.070047304,-23.013227
1.0779423,-0.06985084,-0.070799455,-13.636423,10775.996,11079.244,3.4992e-05,-0.17915367,1.7385045,-33.048084,-0.087590657,-26.162081,-7050.4429,-0.070130311,-23.042931
1.0806653,-0.069677696,-0.070621744,-13.564863,10804.438,11107.195,3.5008e-05,-0.17900185,1.7299949,-33.020081,-0.087702461,-26.196383,-7016.1567,-0.069876403,-23.072506
1.0833811,-0.069504164,-0.070443578,-13.493335,10833.714,11135.075,3.5024e-05,-0.17989042,1.7216293,-33.183994,-0.087813713,-26.230539,-6982.4521,-0.070538655,-23.101952
1.0860895,-0.069330096,-0.070264973,-13.42184,10861.416,11162.886,3.504e-05,-0.17935866,1.7130835,-33.085899,-0.087924421,-26.264549,-6948.021,-0.071183205,-23.131268
1.0887905,-0.069155656,-0.07008592,-13.350379,10889.181,11190.625,3.5056e-05,-0.18000218,1.704434,-33.204609,-0.08803457,-26.298412,-6913.1724,-0.070740685,-23.160452
1.0914843,-0.068980701,-0.069906428,-13.278953,10916.916,11218.294,3.5072e-05,-0.18011624,1.6955321,-33.225647,-0.088144161,-26.332129,-6877.3062,-0.070496537,-23.189508
1.0941708,-0.068805367,-0.069726497,-13.207562,10945.933,11245.892,3.5088e-05,-0.18003146,1.6869349,-33.210011,-0.088253185,-26.365696,-6842.668,-0.070859097,-23.218431
1.0968498,-0.068629511,-0.069546118,-13.13621,10972.421,11273.419,3.5104e-05,-0.18015322,1.6783787,-33.232471,-0.088361658,-26.399117,-6808.1948,-0.071224704,-23.247223
1.0995215,-0.06845329,-0.069365308,-13.064897,10999.059,11300.874,3.512e-05,-0.18028192,1.669488,-33.256214,-0.088469565,-26.432386,-6772.374,-0.07157506,-23.275883
1.1021858,-0.068276577,-0.069184057,-12.993622,11025.921,11328.259,3.5136e-05,-0.18076514,1.6609156,-33.345348,-0.088576913,-26.465506,-6737.8364,-0.071913205,-23.304411
1.1048427,-0.068099499,-0.069002368,-12.922387,11052.46,11355.571,3.5152e-05,-0.1810603,1.6522433,-33.399799,-0.088683702,-26.498474,-6702.895,-0.071861938,-23.332804
1.1074922,-0.067921929,-0.068820238,-12.851194,11078.856,11382.812,3.5168e-05,-0.18122214,1.6432018,-33.429653,-0.088789918,-26.531292,-6666.4673,-0.071833856,-23.361063
1.1101342,-0.067744002,-0.068637684,-12.780044,11105.951,11409.981,3.5184e-05,-0.1814703,1.6344097,-33.47543,-0.088895559,-26.563959,-6631.043,-0.072015747,-23.389189
1.1127689,-0.067565583,-0.06845469,-12.708937,11132.188,11437.079,3.52e-05,-0.18138245,1.6258546,-33.459221,-0.08900065,-26.596472,-6596.5752,-0.07289163,-23.417179
1.115396,-0.067386799,-0.068271264,-12.637874,11159.786,11464.104,3.5216e-05,-0.18157588,1.617185,-33.494907,-0.089105174,-26.628832,-6561.645,-0.072466813,-23.445036
1.1180158,-0.067207515,-0.068087406,-12.566856,11186.322,11491.056,3.5232e-05,-0.18196738,1.6085113,-33.567123,-0.089209147,-26.661039,-6526.6987,-0.072608419,-23.472754
1.120628,-0.067027874,-0.067903116,-12.495885,11213.5,11517.936,3.5248e-05,-0.18182404,1.5997938,-33.540684,-0.089312561,-26.69309,-6491.5757,-0.072540052,-23.500338
1.1232327,-0.066847727,-0.067718402,-12.424961,11240.148,11544.743,3.5264e-05,-0.18222402,1.5909642,-33.614464,-0.089415401,-26.724989,-6456.0015,-0.073015533,-23.527782
1.1258299,-0.066667221,-0.067533262,-12.354086,11266.794,11571.478,3.528e-05,-0.182298,1.5823869,-33.628113,-0.08951769,-26.756729,-6421.4429,-0.07301981,-23.55509
1.1284196,-0.066486225,-0.06734769,-12.283258,11293.953,11598.138,3.5296e-05,-0.18234655,1.5736319,-33.63707,-0.089619413,-26.788315,-6386.1689,-0.072677389,-23.58226
1.1310018,-0.066304862,-0.067161694,-12.212481,11320.129,11624.726,3.5312e-05,-0.18236504,1.5645065,-33.64048,-0.089720562,-26.819742,-6349.4028,-0.072637714,-23.609291
1.1335765,-0.066123009,-0.066975273,-12.141756,11345.758,11651.24,3.5328e-05,-0.18262245,1.5555936,-33.687965,-0.08982113,-26.851011,-6313.4927,-0.073962219,-23.636185
1.1361437,-0.065940812,-0.066788428,-12.071081,11371.475,11677.681,3.5344e-05,-0.18307021,1.5464947,-33.770561,-0.089921117,-26.882124,-6276.833,-0.073798642,-23.662935
1.1387032,-0.065758139,-0.066601165,-12.000459,11397.264,11704.048,3.536e-05,-0.18292378,1.5376487,-33.743549,-0.090020522,-26.913076,-6241.1924,-0.074181341,-23.689548
1.1412553,-0.065575115,-0.066413477,-11.92989,11423.494,11730.341,3.5376e-05,-0.18337077,1.5285172,-33.826004,-0.090119354,-26.943869,-6204.4019,-0.074066594,-23.716019
1.1437998,-0.065391615,-0.066225372,-11.859374,11448.545,11756.561,3.5392e-05,-0.18354803,1.5191523,-33.858704,-0.090217583,-26.974501,-6166.6704,-0.074221015,-23.742348
1.1463367,-0.065207765,-0.06603685,-11.788914,11475.289,11782.705,3.5408e-05,-0.18390793,1.5100344,-33.925095,-0.090315223,-27.004972,-6129.9346,-0.0740849,-23.768536
1.1488659,-0.065023437,-0.065847911,-11.71851,11501.554,11808.775,3.5424e-05,-0.18408673,1.5013689,-33.958076,-0.090412289,-27.03528,-6095.021,-0.073918268,-23.79458
1.1513877,-0.064838745,-0.065658554,-11.648161,11528.358,11834.771,3.544e-05,-0.18372606,1.4924808,-33.891541,-0.090508781,-27.065428,-6059.2104,-0.073802911,-23.820482
1.1539017,-0.064653568,-0.065468781,-11.577869,11552.42,11860.692,3.5456e-05,-0.18404511,1.4833784,-33.950397,-0.0906047,-27.095411,-6022.5371,-0.074784994,-23.846239
1.1564082,-0.064468056,-0.065278597,-11.507636,11577.161,11886.538,3.5472e-05,-0.18431561,1.4739308,-34.000298,-0.090700023,-27.125231,-5984.4727,-0.074829556,-23.871853
1.1589071,-0.064282097,-0.065088004,-11.437461,11601.027,11912.309,3.5488e-05,-0.1843711,1.4648807,-34.010532,-0.090794742,-27.154884,-5948.0098,-0.074252144,-23.897322
1.1613983,-0.06409581,-0.064896993,-11.367344,11624.01,11938.005,3.5504e-05,-0.18482888,1.4559671,-34.094978,-0.090888888,-27.184374,-5912.0967,-0.074301586,-23.922644
1.1638819,-0.063909091,-0.064705573,-11.297288,11648.908,11963.625,3.552e-05,-0.18489285,1.4470879,-34.106777,-0.090982459,-27.213697,-5876.3223,-0.074962616,-23.947821
1.1663579,-0.063722037,-0.06451375,-11.227292,11675.413,11989.17,3.5536e-05,-0.18472792,1.4383168,-34.076355,-0.091075465,-27.242855,-5840.9834,-0.075032197,-23.972851
1.1688261,-0.063534506,-0.064321518,-11.157357,11699.998,12014.639,3.5552e-05,-0.18490441,1.4295019,-34.10891,-0.091167897,-27.271845,-5805.4683,-0.075384378,-23.997734
1.1712868,-0.063346639,-0.064128876,-11.087484,11725.266,12040.032,3.5568e-05,-0.18506624,1.4208723,-34.138763,-0.091259778,-27.300665,-5770.6992,-0.075081028,-24.022469
1.1737398,-0.063158303,-0.063935831,-11.017674,11750.863,12065.349,3.5584e-05,-0.18545467,1.4119223,-34.210415,-0.091351084,-27.329317,-5734.6401,-0.075309306,-24.047054
1.176185,-0.062969625,-0.063742377,-10.947927,11776.161,12090.59,3.56e-05,-0.18552634,1.4031634,-34.223637,-0.091441818,-27.3578,-5699.3501,-0.075666979,-24.071491
1.1786226,-0.062780477,-0.063548528,-10.878242,11800.05,12115.755,3.5616e-05,-0.18574905,1.3940841,-34.264721,-0.091531977,-27.386112,-5662.7695,-0.075674914,-24.095779
1.1810526,-0.062591009,-0.063354276,-10.808622,11824.563,12140.843,3.5632e-05,-0.18584386,1.3849024,-34.282207,-0.091621548,-27.414253,-5625.7764,-0.075927608,-24.119915
1.1834748,-0.062401086,-0.063159622,-10.739067,11849.034,12165.854,3.5648e-05,-0.18584386,1.3760766,-34.282207,-0.091710545,-27.442223,-5590.2168,-0.076329842,-24.143902
1.1858894,-0.062210828,-0.062964566,-10.669578,11874.333,12190.788,3.5664e-05,-0.1858215,1.3670462,-34.278084,-0.091798961,-27.470018,-5553.834,-0.075969115,-24.167736
1.1882961,-0.062020116,-0.062769115,-10.600153,11898.278,12215.646,3.568e-05,-0.18639256,1.3581789,-34.38343,-0.091886796,-27.497641,-5518.1069,-0.075587027,-24.191418
1.1906952,-0.061829068,-0.062573269,-10.530795,11923.838,12240.426,3.5696e-05,-0.18666847,1.3491021,-34.434322,-0.091974057,-27.525091,-5481.5371,-0.075905636,-24.214947
1.1930866,-0.061637562,-0.062377028,-10.461504,11948.433,12265.129,3.5712e-05,-0.18626772,1.3403091,-34.360397,-0.092060745,-27.552364,-5446.1099,-0.076238289,-24.238323
1.1954702,-0.061445717,-0.062180392,-10.39228,11973.526,12289.754,3.5728e-05,-0.18641415,1.3313757,-34.387409,-0.092146859,-27.579464,-5410.1167,-0.076409191,-24.261545
1.1978461,-0.061253417,-0.061983362,-10.323123,11997.441,12314.302,3.5744e-05,-0.18686576,1.3225104,-34.470718,-0.092232399,-27.606384,-5374.3984,-0.077371135,-24.284613
1.2002143,-0.061060783,-0.061785944,-10.254035,12022.253,12338.772,3.576e-05,-0.18720332,1.3134731,-34.532986,-0.092317365,-27.633129,-5337.9868,-0.07703726,-24.307524
1.2025746,-0.060867701,-0.061588131,-10.185016,12045.664,12363.164,3.5776e-05,-0.18718481,1.3043391,-34.529572,-0.092401743,-27.659697,-5301.186,-0.075970948,-24.330278
1.2049272,-0.060674299,-0.061389934,-10.116065,12069.538,12387.479,3.5792e-05,-0.1872403,1.2953084,-34.53981,-0.092485532,-27.686085,-5264.8013,-0.076359749,-24.352877
1.2072722,-0.060480457,-0.061191346,-10.047183,12092.612,12411.714,3.5808e-05,-0.18676865,1.2861007,-34.452805,-0.092568733,-27.712294,-5227.7036,-0.077136144,-24.375319
1.2096093,-0.060286302,-0.060992371,-9.9783716,12115.926,12435.871,3.5824e-05,-0.18747227,1.2769755,-34.5826,-0.092651352,-27.738323,-5190.938,-0.077493817,-24.397602
1.2119385,-0.060091719,-0.060793012,-9.9096308,12139.929,12459.95,3.584e-05,-0.18751235,1.2680525,-34.589993,-0.092733383,-27.76417,-5154.9873,-0.077582933,-24.419727
1.2142601,-0.059896804,-0.06059327,-9.8409605,12164.05,12483.95,3.5856e-05,-0.18811271,1.2592944,-34.700737,-0.09281484,-27.789835,-5119.7007,-0.077524342,-24.441692
1.2165738,-0.059701454,-0.060393143,-9.7723608,12188.017,12507.872,3.5872e-05,-0.18790539,1.2503939,-34.662495,-0.092895739,-27.815317,-5083.8403,-0.078029722,-24.463497
1.2188797,-0.059505776,-0.060192633,-9.7038317,12211.479,12531.714,3.5888e-05,-0.18827763,1.2412889,-34.731163,-0.092976049,-27.840618,-5047.1562,-0.077818535,-24.485142
1.2211778,-0.059309661,-0.059991747,-9.635375,12234.941,12555.478,3.5904e-05,-0.18865295,1.231986,-34.800396,-0.093055762,-27.865732,-5009.6748,-0.078143254,-24.506626
1.2234681,-0.059113231,-0.059790481,-9.5669899,12258.515,12579.161,3.592e-05,-0.18824063,1.2229522,-34.724339,-0.093134895,-27.890663,-4973.2778,-0.07765618,-24.527946
1.2257506,-0.058916368,-0.059588838,-9.4986773,12281.623,12602.766,3.5936e-05,-0.18864986,1.2138534,-34.799828,-0.093213439,-27.915407,-4936.6182,-0.078616291,-24.549107
1.2280252,-0.058719181,-0.059386816,-9.4304371,12306.47,12626.29,3.5952e-05,-0.18859515,1.2045635,-34.789734,-0.093291387,-27.939964,-4899.1895,-0.078474075,-24.570101
1.230292,-0.058521554,-0.059184421,-9.3622694,12330.75,12649.735,3.5968e-05,-0.18901362,1.1955963,-34.866928,-0.093368746,-27.964334,-4863.0605,-0.078554034,-24.590933
1.2325509,-0.058323588,-0.05898165,-9.2941751,12354.811,12673.101,3.5984e-05,-0.18909453,1.18661,-34.881855,-0.093445532,-27.988516,-4826.8545,-0.079168066,-24.611599
1.234802,-0.058125187,-0.058778509,-9.2261543,12378.314,12696.385,3.6e-05,-0.18925637,1.1775024,-34.911709,-0.093521737,-28.012506,-4790.1597,-0.079167455,-24.632099
1.2370452,-0.057926457,-0.058574997,-9.1582069,12402.053,12719.59,3.6016e-05,-0.18921168,1.1683637,-34.903465,-0.093597345,-28.03631,-4753.3403,-0.078836635,-24.652433
1.2392805,-0.057727303,-0.058371112,-9.090333,12424.273,12742.715,3.6032e-05,-0.1889797,1.1591905,-34.860672,-0.093672365,-28.059921,-4716.3813,-0.078585774,-24.672602
1.2415079,-0.057527833,-0.058166858,-9.0225325,12448.322,12765.759,3.6048e-05,-0.18925637,1.1501385,-34.911709,-0.093746804,-28.08334,-4679.9106,-0.078117006,-24.692602
1.2437274,-0.057327937,-0.057962239,-8.9548063,12470.928,12788.722,3.6064e-05,-0.18983053,1.1410402,-35.01762,-0.093820654,-28.106567,-4643.2534,-0.078731038,-24.712435
1.245939,-0.057127725,-0.057757255,-8.8871555,12493.009,12811.604,3.608e-05,-0.18944827,1.1315914,-34.947109,-0.093893901,-28.129601,-4605.1841,-0.079489119,-24.732098
1.2481427,-0.056927111,-0.057551906,-8.8195782,12515.152,12834.406,3.6096e-05,-0.18978351,1.1221656,-35.008949,-0.093966544,-28.152441,-4567.207,-0.078968473,-24.751591
1.2503386,-0.056726191,-0.057346191,-8.7520761,12536.542,12857.127,3.6112e-05,-0.18965943,1.1126412,-34.986061,-0.094038576,-28.175085,-4528.834,-0.079390854,-24.770912
1.2525264,-0.056524877,-0.057140112,-8.6846485,12558.576,12879.767,3.6128e-05,-0.18985672,1.1035551,-35.022453,-0.094110012,-28.197533,-4492.2256,-0.079424419,-24.790064
1.2547063,-0.05632326,-0.056933675,-8.6172953,12581.391,12902.324,3.6144e-05,-0.19022433,1.0943279,-35.090267,-0.094180852,-28.219786,-4455.0493,-0.079526961,-24.809044
1.2568781,-0.05612123,-0.05672688,-8.5500183,12604.118,12924.801,3.616e-05,-0.19066362,1.0850518,-35.171299,-0.094251096,-28.241838,-4417.6758,-0.079985961,-24.82785
1.2590421,-0.055918887,-0.056519724,-8.4828157,12626.714,12947.195,3.6176e-05,-0.19042933,1.0756682,-35.128082,-0.094320744,-28.263695,-4379.8691,-0.080092773,-24.846483
1.2611982,-0.055716138,-0.056312211,-8.4156885,12647.936,12969.509,3.6192e-05,-0.19052258,1.0663159,-35.145283,-0.094389781,-28.285351,-4342.1885,-0.080014646,-24.864943
1.2633461,-0.055513088,-0.056104343,-8.3486366,12670.294,12991.74,3.6208e-05,-0.19064897,1.0570261,-35.168598,-0.094458222,-28.306805,-4304.7598,-0.079680778,-24.883228
1.265486,-0.055309638,-0.055896122,-8.2816601,12691.211,13013.889,3.6224e-05,-0.19093181,1.0479215,-35.220772,-0.094526067,-28.32806,-4268.0776,-0.080828272,-24.901337
1.2676181,-0.055105899,-0.055687547,-8.2147598,12712.491,13035.956,3.624e-05,-0.19081852,1.0383962,-35.199875,-0.094593316,-28.349112,-4229.7002,-0.080309458,-24.919268
1.2697419,-0.054901771,-0.055478621,-8.1479349,12733.851,13057.94,3.6256e-05,-0.19089481,1.0289767,-35.213947,-0.094659954,-28.369961,-4191.7485,-0.080401622,-24.937023
1.2718579,-0.054697346,-0.055269342,-8.0811844,12756.318,13079.843,3.6272e-05,-0.19106282,1.0196868,-35.244942,-0.094725989,-28.390606,-4154.3193,-0.080509663,-24.954601
1.2739656,-0.054492522,-0.055059716,-8.0145111,12777.354,13101.662,3.6288e-05,-0.191284,1.0106158,-35.28574,-0.094791427,-28.411047,-4117.7725,-0.079996951,-24.972
1.2760653,-0.054287404,-0.05484974,-7.9479127,12799.273,13123.398,3.6304e-05,-0.19128169,1.0014311,-35.285316,-0.094856277,-28.431282,-4080.7671,-0.079792477,-24.98922
1.2781571,-0.054081883,-0.054639421,-7.8813896,12822.902,13145.053,3.632e-05,-0.19119692,0.99214262,-35.269676,-0.094920538,-28.451309,-4043.3438,-0.080616474,-25.006258
1.2802407,-0.053876042,-0.054428753,-7.8149428,12845.881,13166.623,3.6336e-05,-0.19125934,0.98292172,-35.281193,-0.094984196,-28.47113,-4006.1929,-0.07985168,-25.023117
1.2823162,-0.053669784,-0.054217745,-7.7485714,12867.366,13188.111,3.6352e-05,-0.191563,0.97336358,-35.337204,-0.09504725,-28.490742,-3967.6829,-0.080334485,-25.039793
1.2843835,-0.053463228,-0.054006394,-7.6822758,12889.041,13209.516,3.6368e-05,-0.19178648,0.96374351,-35.378433,-0.095109686,-28.510145,-3928.9233,-0.080835596,-25.056286
1.2864428,-0.053256273,-0.053794701,-7.616056,12910.883,13230.836,3.6384e-05,-0.19177955,0.95433724,-35.377151,-0.095171511,-28.529339,-3891.0256,-0.080678731,-25.072598
1.2884939,-0.05304902,-0.053582665,-7.5499115,12932.318,13252.073,3.64e-05,-0.19188359,0.94513309,-35.396343,-0.095232733,-28.548319,-3853.9419,-0.081145056,-25.088724
1.2905368,-0.052841377,-0.053370293,-7.4838424,12953.725,13273.228,3.6416e-05,-0.1918204,0.93598008,-35.384689,-0.095293365,-28.567089,-3817.0645,-0.080844142,-25.104664
1.2925715,-0.052633435,-0.053157587,-7.4178491,12975.812,13294.297,3.6432e-05,-0.19195758,0.92692828,-35.409992,-0.095353417,-28.585646,-3780.5947,-0.0812006,-25.12042
1.2945982,-0.052425098,-0.052944541,-7.3519306,12997.024,13315.283,3.6448e-05,-0.19206393,0.91799134,-35.429611,-0.09541288,-28.603987,-3744.5876,-0.080853298,-25.13599
1.2966166,-0.052216463,-0.05273116,-7.286088,13018.048,13336.185,3.6464e-05,-0.19217798,0.90867233,-35.450653,-0.095471755,-28.622114,-3707.0413,-0.08133854,-25.151371
1.2986268,-0.052007452,-0.052517451,-7.2203207,13037.279,13357.002,3.648e-05,-0.19223656,0.89947706,-35.461456,-0.095530041,-28.640026,-3669.9934,-0.081291541,-25.166567
1.3006287,-0.051798169,-0.052303407,-7.1546283,13057.825,13377.735,3.6496e-05,-0.19237143,0.89025092,-35.486336,-0.095587723,-28.657721,-3632.8213,-0.08171697,-25.18157
1.3026224,-0.051588513,-0.052089032,-7.0890107,13079.475,13398.384,3.6512e-05,-0.19256872,0.88135171,-35.522728,-0.095644824,-28.6752,-3596.9663,-0.082241282,-25.196386
1.3046079,-0.051378567,-0.051874328,-7.0234685,13098.916,13418.947,3.6528e-05,-0.19279452,0.87194788,-35.564384,-0.095701337,-28.692457,-3559.0781,-0.082052067,-25.211012
1.3065851,-0.051168248,-0.051659297,-6.9580007,13119.327,13439.427,3.6544e-05,-0.19256872,0.86237687,-35.522728,-0.095757239,-28.709496,-3520.5164,-0.081617482,-25.225445
1.3085541,-0.050957661,-0.051443942,-6.8926077,13138.969,13459.821,3.656e-05,-0.19307889,0.85312021,-35.61684,-0.095812537,-28.726315,-3483.2212,-0.081330605,-25.239687
1.3105147,-0.050746705,-0.051228259,-6.8272891,13158.882,13480.13,3.6576e-05,-0.19297563,0.84390324,-35.59779,-0.095867231,-28.74291,-3446.0862,-0.081762746,-25.253735
1.312467,-0.050535481,-0.051012252,-6.7620454,13179.063,13500.354,3.6592e-05,-0.19334169,0.83511895,-35.665318,-0.095921353,-28.759285,-3410.6941,-0.081563771,-25.26759
1.314411,-0.050323885,-0.050795924,-6.6968756,13200.248,13520.493,3.6608e-05,-0.1931968,0.82588047,-35.638592,-0.095974885,-28.775436,-3373.4722,-0.082417674,-25.28125
1.3163468,-0.050112002,-0.050579276,-6.6317797,13221.143,13540.547,3.6624e-05,-0.1933679,0.81688547,-35.670151,-0.096027836,-28.791363,-3337.2312,-0.082712486,-25.294714
1.3182741,-0.049899735,-0.050362308,-6.5667577,13242.33,13560.515,3.664e-05,-0.19333476,0.80765694,-35.66404,-0.096080199,-28.807064,-3300.0493,-0.082348093,-25.307983
1.3201932,-0.049687177,-0.050145023,-6.5018096,13263.038,13580.396,3.6656e-05,-0.19292784,0.79813147,-35.588978,-0.096131958,-28.822538,-3261.6711,-0.081928767,-25.321054
1.3221037,-0.049474239,-0.049927417,-6.4369349,13284.219,13600.193,3.6672e-05,-0.19332705,0.78849304,-35.662617,-0.096183099,-28.837786,-3222.8379,-0.082177192,-25.333927
1.3240061,-0.049261011,-0.049709499,-6.3721337,13304.066,13619.904,3.6688e-05,-0.19358368,0.77915567,-35.709957,-0.096233629,-28.852804,-3185.2175,-0.082387768,-25.346601
1.3259,-0.049047418,-0.049491268,-6.3074055,13324.335,13639.528,3.6704e-05,-0.19354206,0.76976609,-35.702282,-0.096283555,-28.867594,-3147.387,-0.082752772,-25.359077
1.3277855,-0.048833549,-0.049272723,-6.2427502,13343.224,13659.066,3.672e-05,-0.19367771,0.76035494,-35.727303,-0.09633287,-28.882154,-3109.469,-0.082661211,-25.371351
1.3296626,-0.048619322,-0.049053866,-6.1781673,13363.423,13678.519,3.6736e-05,-0.19385882,0.75068414,-35.760712,-0.096381575,-28.896482,-3070.5054,-0.083079316,-25.383425
1.3315312,-0.048404824,-0.0488347,-6.1136575,13384.265,13697.885,3.6752e-05,-0.19381025,0.74123681,-35.751755,-0.096429661,-28.910578,-3032.4419,-0.083214819,-25.395296
1.3333914,-0.048189953,-0.048615225,-6.0492196,13403.098,13717.164,3.6768e-05,-0.19359986,0.73168957,-35.712944,-0.096477136,-28.924442,-2993.9761,-0.083128758,-25.406963
1.3352432,-0.047974814,-0.048395444,-5.9848537,13422.483,13736.356,3.6784e-05,-0.19418018,0.72198749,-35.819992,-0.096523993,-28.93807,-2954.8865,-0.082938321,-25.418428
1.3370867,-0.047759328,-0.048175357,-5.9205599,13441.203,13755.462,3.68e-05,-0.19393896,0.71250445,-35.775497,-0.096570231,-28.951464,-2916.6792,-0.082625814,-25.429688
1.3389215,-0.047543582,-0.047954965,-5.8563371,13460.623,13774.481,3.6816e-05,-0.19398212,0.70310366,-35.783459,-0.096615858,-28.964622,-2878.8032,-0.082747884,-25.440742
1.340748,-0.047327485,-0.047734272,-5.7921858,13479.072,13793.413,3.6832e-05,-0.19417787,0.69365197,-35.819565,-0.096660875,-28.977543,-2840.7224,-0.082793057,-25.45159
1.3425659,-0.047111131,-0.047513273,-5.7281055,13498.263,13812.258,3.6848e-05,-0.19412084,0.68432504,-35.809048,-0.096705295,-28.990225,-2803.144,-0.083579823,-25.462229
1.3443754,-0.046894435,-0.047291979,-5.6640964,13514.944,13831.016,3.6864e-05,-0.19435436,0.6746943,-35.852123,-0.096749097,-29.002668,-2764.3416,-0.083504133,-25.472662
1.3461764,-0.046677504,-0.047070384,-5.6001573,13533.271,13849.686,3.688e-05,-0.19440059,0.66473883,-35.860653,-0.096792266,-29.014872,-2724.231,-0.083446763,-25.482885
1.3479689,-0.046460241,-0.046848491,-5.5362883,13551.719,13868.268,3.6896e-05,-0.19462563,0.65520018,-35.902164,-0.096834816,-29.026833,-2685.7996,-0.083040252,-25.492899
1.3497529,-0.046242725,-0.046626303,-5.4724894,13570.723,13886.763,3.6912e-05,-0.19418712,0.6459201,-35.821274,-0.096876748,-29.038553,-2648.4102,-0.082942598,-25.502701
1.3515284,-0.046024866,-0.046403818,-5.4087605,13589.632,13905.171,3.6928e-05,-0.1947736,0.63656545,-35.929459,-0.096918091,-29.05003,-2610.7202,-0.082794271,-25.512293
1.3532954,-0.045806743,-0.046181042,-5.3451004,13608.567,13923.49,3.6944e-05,-0.19473352,0.62692189,-35.922066,-0.096958816,-29.061264,-2571.8662,-0.083538316,-25.521671
1.3550539,-0.045588281,-0.045957975,-5.2815094,13627.223,13941.722,3.696e-05,-0.19450617,0.61698133,-35.880127,-0.096998908,-29.07225,-2531.8157,-0.083008513,-25.530836
1.3568039,-0.045369558,-0.045734618,-5.2179875,13645.408,13959.865,3.6976e-05,-0.19481753,0.60770088,-35.937561,-0.097038381,-29.082993,-2494.4246,-0.082962126,-25.539787
1.3585453,-0.045150504,-0.04551097,-5.1545339,13662.745,13977.92,3.6992e-05,-0.19440445,0.59817368,-35.861362,-0.09707725,-29.093489,-2456.0393,-0.083543807,-25.548525
1.3602782,-0.044931207,-0.045287035,-5.0911484,13681.183,13995.888,3.7008e-05,-0.19438055,0.58885705,-35.856956,-0.097115509,-29.103735,-2418.5027,-0.083459578,-25.557045
1.3620026,-0.044711582,-0.045062818,-5.0278306,13698.509,14013.766,3.7024e-05,-0.19485298,0.5794872,-35.944103,-0.097153164,-29.113731,-2380.7515,-0.083911866,-25.565348
1.3637185,-0.044491716,-0.044838313,-4.9645805,13716.536,14031.557,3.704e-05,-0.19504718,0.57007879,-35.979927,-0.097190224,-29.12348,-2342.8447,-0.083643913,-25.573435
1.3654258,-0.044271521,-0.044613525,-4.9013972,13734.275,14049.258,3.7056e-05,-0.19481522,0.56059122,-35.937138,-0.097226664,-29.132977,-2304.6194,-0.083530381,-25.581303
1.3671246,-0.044051085,-0.044388454,-4.8382812,13751.017,14066.87,3.7072e-05,-0.19472505,0.55100989,-35.920502,-0.097262494,-29.142221,-2266.0161,-0.08375378,-25.588949
1.3688148,-0.043830339,-0.044163104,-4.7752318,13767.543,14084.395,3.7088e-05,-0.19505411,0.54130691,-35.981205,-0.097297698,-29.151213,-2226.9229,-0.083788566,-25.596378
1.3704965,-0.043609362,-0.043937474,-4.7122483,13785.804,14101.829,3.7104e-05,-0.19494931,0.53140265,-35.961872,-0.097332276,-29.15995,-2187.0183,-0.083079316,-25.603584
1.3721696,-0.043388065,-0.043711569,-4.6493306,13802.85,14119.175,3.712e-05,-0.1950364,0.52168137,-35.977936,-0.097366221,-29.168432,-2147.8511,-0.082765587,-25.610569
1.3738343,-0.043166529,-0.043485384,-4.5864787,13818.853,14136.432,3.7136e-05,-0.19515045,0.51204228,-35.998978,-0.09739954,-29.176659,-2109.0151,-0.084060796,-25.617331
1.3754903,-0.042944696,-0.043258928,-4.5236917,13835.314,14153.599,3.7152e-05,-0.19523369,0.50240493,-36.014332,-0.097432233,-29.184628,-2070.1863,-0.083994873,-25.623869
1.3771379,-0.042722639,-0.043032195,-4.4609694,13851.929,14170.677,3.7168e-05,-0.19482985,0.49331543,-35.939838,-0.09746433,-29.192339,-2033.5646,-0.083629258,-25.630182
1.3787769,-0.042500276,-0.042805195,-4.3983121,13868.951,14187.665,3.7184e-05,-0.19542867,0.48399612,-36.050297,-0.097495832,-29.199791,-1996.017,-0.083626211,-25.636271
1.3804075,-0.042277683,-0.042577919,-4.3357186,13885.776,14204.564,3.72e-05,-0.19524448,0.47480309,-36.016319,-0.097526737,-29.206984,-1958.9783,-0.083869748,-25.642132
1.3820294,-0.04205478,-0.042350378,-4.2731891,13901.274,14221.373,3.7216e-05,-0.19534312,0.46553564,-36.034519,-0.097557046,-29.213915,-1921.6396,-0.083394267,-25.647766
1.3836428,-0.041831668,-0.042122569,-4.2107224,13917.104,14238.093,3.7232e-05,-0.19521211,0.45592925,-36.010349,-0.097586744,-29.220585,-1882.9354,-0.083690912,-25.653172
1.3852477,-0.041608263,-0.041894492,-4.1483192,13932.17,14254.722,3.7248e-05,-0.19498168,0.44641122,-35.967842,-0.097615831,-29.22699,-1844.5872,-0.083725087,-25.65835
1.3868442,-0.041384656,-0.041666154,-4.085979,13947.276,14271.262,3.7264e-05,-0.19584021,0.43681005,-36.126213,-0.097644299,-29.233133,-1805.9039,-0.084256724,-25.663296
1.388432,-0.041160762,-0.041437551,-4.0237007,13964.057,14287.711,3.728e-05,-0.19527993,0.42743281,-36.022861,-0.097672157,-29.23901,-1768.1229,-0.084431291,-25.668013
1.3900113,-0.040936645,-0.041208684,-3.9614847,13982.208,14304.069,3.7296e-05,-0.19555043,0.41839454,-36.072762,-0.097699419,-29.244621,-1731.7076,-0.08373791,-25.672499
1.3915821,-0.040712204,-0.04097956,-3.8993301,13999.206,14320.338,3.7312e-05,-0.19562519,0.40927437,-36.086552,-0.097726092,-29.249966,-1694.9624,-0.083597519,-25.67675
1.3931445,-0.040487528,-0.040750176,-3.8372366,14014.834,14336.516,3.7328e-05,-0.19544563,0.40004486,-36.053425,-0.097752184,-29.255043,-1657.7766,-0.083054289,-25.680771
1.3946984,-0.040262558,-0.040520534,-3.7752044,14030.744,14352.604,3.7344e-05,-0.19508341,0.39106438,-35.98661,-0.09777768,-29.259851,-1621.5941,-0.084234141,-25.684555
1.3962437,-0.040037371,-0.040290635,-3.7132325,14046.343,14368.601,3.736e-05,-0.19556046,0.38209295,-36.074608,-0.097802602,-29.264389,-1585.4482,-0.084612571,-25.688107
1.3977805,-0.039811898,-0.040060483,-3.6513207,14062.461,14384.507,3.7376e-05,-0.19541711,0.37274274,-36.048164,-0.097826928,-29.268656,-1547.7762,-0.084422134,-25.69142
1.3993089,-0.039586205,-0.039830077,-3.5894687,14078.739,14400.322,3.7392e-05,-0.19564676,0.36352718,-36.09053,-0.097850658,-29.272652,-1510.6466,-0.085014805,-25.694498
1.4008288,-0.039360214,-0.039599422,-3.5276761,14094.401,14416.046,3.7408e-05,-0.19578394,0.35392296,-36.115837,-0.097873785,-29.276375,-1471.951,-0.083785519,-25.697338
1.4023403,-0.039134014,-0.039368514,-3.4659424,14109.315,14431.68,3.7424e-05,-0.19556893,0.34434342,-36.076172,-0.097896293,-29.279823,-1433.3551,-0.084159061,-25.69994
1.4038432,-0.038907528,-0.03913736,-3.4042675,14125.275,14447.222,3.744e-05,-0.19557895,0.33448589,-36.078018,-0.097918175,-29.282997,-1393.6389,-0.084328137,-25.702301
1.4053377,-0.038680837,-0.038905956,-3.3426509,14139.493,14462.673,3.7456e-05,-0.19547336,0.32502738,-36.058544,-0.097939432,-29.285896,-1355.5306,-0.0842494,-25.704424
1.4068236,-0.038453866,-0.03867431,-3.2810919,14154.955,14478.032,3.7472e-05,-0.19566911,0.31583369,-36.094654,-0.097960085,-29.288517,-1318.4891,-0.084429458,-25.706305
1.4083012,-0.038226698,-0.038442414,-3.2195909,14169.756,14493.3,3.7488e-05,-0.19546951,0.30648768,-36.057835,-0.097980142,-29.290861,-1280.834,-0.08415357,-25.707943
1.4097704,-0.037999243,-0.03821028,-3.1581466,14186.031,14508.477,3.7504e-05,-0.19567682,0.29689535,-36.096073,-0.097999595,-29.292929,-1242.1863,-0.084335461,-25.709341
1.411231,-0.037771579,-0.037977904,-3.0967593,14201.531,14523.562,3.752e-05,-0.19558281,0.28715873,-36.078732,-0.098018415,-29.294714,-1202.9574,-0.084280528,-25.710493
1.4126832,-0.037543621,-0.037745286,-3.0354285,14216.337,14538.555,3.7536e-05,-0.19583404,0.27764523,-36.125076,-0.098036624,-29.296221,-1164.6274,-0.084317759,-25.711403
1.414127,-0.037315466,-0.037512429,-2.9741535,14230.367,14553.456,3.7552e-05,-0.19551884,0.26788947,-36.066933,-0.098054208,-29.297445,-1125.3214,-0.083705559,-25.712065
1.4155623,-0.037087046,-0.037279338,-2.9129343,14244.538,14568.265,3.7568e-05,-0.19556585,0.25839823,-36.075603,-0.098071173,-29.298388,-1087.0811,-0.083832517,-25.712482
1.4169892,-0.036858439,-0.037046012,-2.8517704,14258.25,14582.982,3.7584e-05,-0.19582325,0.24881196,-36.123085,-0.098087519,-29.299047,-1048.458,-0.084293343,-25.712654
1.4184077,-0.036629573,-0.036812447,-2.7906613,14272.735,14597.607,3.76e-05,-0.19572769,0.23940644,-36.105457,-0.098103255,-29.299421,-1010.563,-0.083807491,-25.712576
1.4198177,-0.036400512,-0.036578655,-2.7296069,14287.788,14612.141,3.7616e-05,-0.19587103,0.22971453,-36.131901,-0.09811838,-29.299513,-971.51422,-0.084335461,-25.712252
1.4212193,-0.036171176,-0.036344629,-2.6686063,14302.67,14626.581,3.7632e-05,-0.19591419,0.22011234,-36.139862,-0.098132879,-29.299316,-932.8269,-0.084372081,-25.711678
1.4226125,-0.035941638,-0.036110375,-2.6076598,14317.538,14640.93,3.7648e-05,-0.19563752,0.2104114,-36.088825,-0.098146752,-29.298834,-893.74176,-0.084752344,-25.710852
1.4239973,-0.035711825,-0.03587589,-2.5467668,14331.864,14655.186,3.7664e-05,-0.19606909,0.20050451,-36.168438,-0.098159999,-29.298063,-853.82684,-0.084482558,-25.709776
1.4253736,-0.035481818,-0.035641182,-2.4859266,14347.647,14669.349,3.768e-05,-0.19573,0.19062912,-36.105885,-0.098172605,-29.297005,-814.03876,-0.084638201,-25.708448
1.4267415,-0.035251528,-0.035406247,-2.4251392,14362.105,14683.419,3.7696e-05,-0.19587642,0.18128704,-36.132896,-0.098184593,-29.295656,-776.39948,-0.084548481,-25.706869
1.4281009,-0.035021037,-0.035171088,-2.364404,14376.283,14697.397,3.7712e-05,-0.19553502,0.17173168,-36.069916,-0.09819597,-29.294018,-737.90082,-0.084342174,-25.705036
1.4294521,-0.034790285,-0.034935709,-2.3037207,14388.698,14711.282,3.7728e-05,-0.19564985,0.16191664,-36.091099,-0.098206721,-29.292088,-698.35596,-0.084163338,-25.702948
1.4307947,-0.034559365,-0.034700107,-2.2430892,14402.373,14725.074,3.7744e-05,-0.19591264,0.15215299,-36.139576,-0.098216847,-29.289864,-659.01813,-0.084575944,-25.700605
1.4321289,-0.034328192,-0.034464285,-2.1825089,14416.461,14738.773,3.776e-05,-0.19544563,0.14263681,-36.053425,-0.098226346,-29.28735,-620.67737,-0.083661608,-25.698008
1.4334546,-0.03409683,-0.034228247,-2.1219795,14431.381,14752.379,3.7776e-05,-0.19577777,0.13345605,-36.114697,-0.09823525,-29.28454,-583.68799,-0.084177986,-25.695154
1.434772,-0.033865202,-0.033991992,-2.0615005,14445.187,14765.892,3.7792e-05,-0.19553424,0.12409262,-36.069775,-0.098243549,-29.281435,-545.96265,-0.083955199,-25.692043
1.4360809,-0.033633377,-0.033755526,-2.0010717,14459.567,14779.312,3.7808e-05,-0.19547413,0.11430267,-36.058685,-0.098251231,-29.278036,-506.51886,-0.084016845,-25.688673
1.4373813,-0.033401296,-0.033518843,-1.9406927,14472.041,14792.638,3.7824e-05,-0.19549495,0.10461494,-36.062523,-0.098258287,-29.27434,-467.48688,-0.08449477,-25.685045
1.4386733,-0.033169042,-0.033281948,-1.8803631,14485.078,14805.87,3.784e-05,-0.19592343,0.09497226,-36.141567,-0.098264724,-29.270346,-428.63644,-0.083974123,-25.681158
1.4399568,-0.032936547,-0.033044845,-1.8200825,14498.42,14819.01,3.7856e-05,-0.19528379,0.085233033,-36.023571,-0.098270528,-29.266054,-389.397,-0.084080324,-25.67701
1.4412318,-0.032703873,-0.032807533,-1.7598509,14512.865,14832.056,3.7872e-05,-0.19579011,0.075718328,-36.116974,-0.098275721,-29.261463,-351.06219,-0.083569445,-25.672602
1.4424983,-0.032470938,-0.032570012,-1.6996676,14526.038,14845.007,3.7888e-05,-0.19550265,0.065973833,-36.063946,-0.098280288,-29.256573,-311.80154,-0.084060185,-25.667931
1.4437565,-0.03223782,-0.032332286,-1.6395323,14539.453,14857.865,3.7904e-05,-0.19560978,0.056469921,-36.083706,-0.09828423,-29.251381,-273.51019,-0.083867304,-25.662998
1.445006,-0.032004457,-0.032094356,-1.5794448,14553.074,14870.63,3.792e-05,-0.1952306,0.047229581,-36.013763,-0.098287575,-29.24589,-236.28076,-0.083562732,-25.657803
1.446247,-0.031770907,-0.031856224,-1.5194045,14567.744,14883.3,3.7936e-05,-0.19522059,0.03790744,-36.011913,-0.098290317,-29.240095,-198.72179,-0.082954191,-25.652344
1.4474795,-0.031537093,-0.031617887,-1.4594115,14581.414,14895.876,3.7952e-05,-0.19532,0.028495599,-36.030254,-0.098292463,-29.233997,-160.80139,-0.084000364,-25.646618
1.4487034,-0.031303093,-0.031379357,-1.3994651,14594.531,14908.358,3.7968e-05,-0.19523986,0.019205,-36.015469,-0.098293997,-29.227596,-123.36948,-0.084942169,-25.640629
1.4499187,-0.031068848,-0.031140624,-1.339565,14606.986,14920.747,3.7984e-05,-0.19537087,0.0096810469,-36.039635,-0.098294929,-29.22089,-84.997391,-0.083916746,-25.634373
1.4511255,-0.030834436,-0.030901695,-1.2797111,14619.742,14933.041,3.8e-05,-0.19537935,0.00048978796,-36.041199,-0.098295256,-29.213879,-47.965729,-0.084320202,-25.627851
1.4523236,-0.030599786,-0.03066257,-1.219903,14632.612,14945.24,3.8016e-05,-0.19460019,-0.0089860158,-35.897472,-0.098294981,-29.20656,-9.7876301,-0.08355052,-25.621061
1.4535131,-0.030364964,-0.030423254,-1.1601402,14645.38,14957.346,3.8032e-05,-0.19515584,-0.018562708,-35.999973,-0.098294094,-29.198936,28.796946,-0.083761103,-25.614004
1.4546939,-0.030129906,-0.030183744,-1.1004225,14657.931,14969.356,3.8048e-05,-0.19559282,-0.028001677,-36.080578,-0.098292589,-29.191006,66.826637,-0.08379589,-25.606678
1.4558661,-0.029894678,-0.029944044,-1.0407495,14670.882,14981.272,3.8064e-05,-0.19469422,-0.03712507,-35.914818,-0.098290496,-29.182766,103.58486,-0.08299692,-25.599083
1.4570296,-0.02965921,-0.029704154,-0.98112112,14683.923,14993.094,3.808e-05,-0.19545487,-0.046282481,-36.05513,-0.098287806,-29.174217,140.48016,-0.083001189,-25.591217
1.4581844,-0.02942357,-0.029464077,-0.92153692,14695.202,15004.82,3.8096e-05,-0.19488689,-0.055453971,-35.950356,-0.098284528,-29.165358,177.43217,-0.084288463,-25.583082
1.4593303,-0.029187711,-0.029223813,-0.86199653,14705.847,15016.452,3.8112e-05,-0.19488381,-0.064918518,-35.949787,-0.098280646,-29.156189,215.56491,-0.083734244,-25.574675
1.4604675,-0.028951714,-0.028983366,-0.80249971,14716.585,15027.989,3.8128e-05,-0.19522752,-0.074189678,-36.013195,-0.098276161,-29.146709,252.9185,-0.084151126,-25.565996
1.4615958,-0.028715514,-0.028742734,-0.7430461,14727.148,15039.432,3.8144e-05,-0.19516279,-0.083607614,-36.001251,-0.098271079,-29.136919,290.86346,-0.083753169,-25.557043
1.4627153,-0.028479172,-0.028501922,-0.68363553,14739.39,15050.778,3.816e-05,-0.19508418,-0.093179472,-35.986752,-0.09826538,-29.126814,329.42856,-0.083557241,-25.547819
1.4638258,-0.02824261,-0.02826093,-0.62426764,14750.732,15062.031,3.8176e-05,-0.19493622,-0.10275438,-35.959457,-0.098259062,-29.116398,368.00595,-0.082777798,-25.538321
1.4649274,-0.028005896,-0.028019758,-0.56494218,14761.979,15073.188,3.8192e-05,-0.19492002,-0.11252613,-35.95647,-0.098252125,-29.105667,407.3764,-0.083827019,-25.528549
1.4660201,-0.027768971,-0.027778411,-0.50565875,14771.64,15084.25,3.8208e-05,-0.19520286,-0.1225604,-36.008644,-0.098244548,-29.094622,447.80453,-0.083046965,-25.518501
1.4671037,-0.027531916,-0.027536888,-0.44641721,14782.71,15095.216,3.8224e-05,-0.19461869,-0.13241385,-35.900883,-0.09823633,-29.083261,487.50421,-0.083150119,-25.508177
1.4681784,-0.027294658,-0.027295191,-0.38721725,14793.667,15106.087,3.824e-05,-0.19471966,-0.14180426,-35.919506,-0.098227486,-29.071585,525.33832,-0.083910644,-25.49758
1.4692439,-0.027057257,-0.027053321,-0.32805854,14804.965,15116.863,3.8256e-05,-0.19461253,-0.15064974,-35.899746,-0.098218061,-29.059593,560.97681,-0.082540363,-25.486704
1.4703002,-0.026819639,-0.026811279,-0.2689409,14817.213,15127.543,3.8272e-05,-0.1948576,-0.15979129,-35.944954,-0.098208055,-29.047285,597.80817,-0.08271981,-25.47555
1.4713473,-0.026581867,-0.02656907,-0.20986398,14828.146,15138.128,3.8288e-05,-0.19497243,-0.16915232,-35.966137,-0.098197453,-29.034658,635.52386,-0.082894988,-25.464121
1.4723853,-0.026343878,-0.026326692,-0.15082759,14839.261,15148.617,3.8304e-05,-0.19440599,-0.17896278,-35.861649,-0.098186232,-29.021713,675.05029,-0.083180636,-25.452412
1.4734138,-0.02610575,-0.026084147,-0.091831431,14848.717,15159.011,3.832e-05,-0.1945447,-0.18890999,-35.887238,-0.098174378,-29.008451,715.12769,-0.082407303,-25.440424
1.4744331,-0.025867434,-0.025841439,-0.032875281,14857.044,15169.309,3.8336e-05,-0.1941902,-0.19847165,-35.821842,-0.098161891,-28.994869,753.65167,-0.082790002,-25.428158
1.475443,-0.025629012,-0.025598567,0.026041122,14866.271,15179.51,3.8352e-05,-0.19451311,-0.20830543,-35.881409,-0.098148778,-28.980968,793.27209,-0.082454301,-25.415611
1.4764434,-0.025390413,-0.025355533,0.084918015,14876.106,15189.616,3.8368e-05,-0.19425109,-0.21785539,-35.833073,-0.098135047,-28.966747,831.74896,-0.082245551,-25.402786
1.4774343,-0.02515169,-0.025112338,0.14375563,14886.311,15199.626,3.8384e-05,-0.1940484,-0.22776295,-35.795685,-0.098120682,-28.952204,871.66663,-0.082803428,-25.389679
1.4784156,-0.024912771,-0.024868986,0.20255421,14896.844,15209.54,3.84e-05,-0.19385882,-0.23730879,-35.760712,-0.098105691,-28.937342,910.12683,-0.082638018,-25.376289
1.4793873,-0.024673721,-0.024625476,0.261314,14906.337,15219.357,3.8416e-05,-0.19441755,-0.24695648,-35.863781,-0.098090082,-28.922155,948.9975,-0.083012179,-25.362621
1.4803493,-0.024434479,-0.024381811,0.32003519,14916.601,15229.08,3.8432e-05,-0.1935598,-0.25636971,-35.705551,-0.098073855,-28.906649,986.92352,-0.08307077,-25.348669
1.4813015,-0.024195109,-0.024137991,0.37871802,14926.782,15238.705,3.8448e-05,-0.19381489,-0.26608118,-35.752609,-0.098057017,-28.89082,1026.0511,-0.082337104,-25.334435
1.482244,-0.023955546,-0.023894019,0.4373627,14936.457,15248.234,3.8464e-05,-0.19357829,-0.27614707,-35.708961,-0.098039538,-28.874666,1066.6066,-0.082533039,-25.319918
1.4831766,-0.023715856,-0.023649897,0.49596947,14946.246,15257.668,3.848e-05,-0.19333014,-0.28586853,-35.663185,-0.098021425,-28.858191,1105.7744,-0.082146674,-25.305117
1.4840991,-0.02347598,-0.023405625,0.55453849,14954.868,15267.004,3.8496e-05,-0.19335788,-0.29521143,-35.668304,-0.098002695,-28.841389,1143.4171,-0.082929775,-25.290033
1.4850118,-0.023235995,-0.023161205,0.61307001,14963.649,15276.244,3.8512e-05,-0.1935806,-0.30461752,-35.709389,-0.09798336,-28.824265,1181.3143,-0.08198981,-25.274664
1.4859143,-0.022995839,-0.022916639,0.67156422,14972.747,15285.388,3.8528e-05,-0.19289239,-0.31426173,-35.582436,-0.097963415,-28.806816,1220.1709,-0.081361733,-25.259012
1.4868066,-0.022755565,-0.022671929,0.7300213,14983.112,15294.436,3.8544e-05,-0.19294557,-0.32373261,-35.592247,-0.097942851,-28.78904,1258.3292,-0.082315132,-25.243074
1.4876888,-0.022515101,-0.022427073,0.78844142,14992.332,15303.386,3.856e-05,-0.1929841,-0.33309564,-35.599354,-0.097921677,-28.770941,1296.053,-0.081970885,-25.226852
1.4885607,-0.022274518,-0.022182077,0.84682477,15000.994,15312.239,3.8576e-05,-0.19266273,-0.34227976,-35.540073,-0.097899914,-28.752514,1333.0558,-0.082252875,-25.210344
1.4894222,-0.022033768,-0.021936942,0.90517157,15008.061,15320.997,3.8592e-05,-0.19308506,-0.35188535,-35.617977,-0.09787754,-28.733763,1371.7568,-0.082091741,-25.19355
1.4902732,-0.021792926,-0.021691667,0.96348202,15016.008,15329.657,3.8608e-05,-0.19264115,-0.36182657,-35.536091,-0.097854532,-28.714684,1411.8101,-0.081748098,-25.17647
1.4911138,-0.021551931,-0.021446256,1.0217562,15024.282,15338.221,3.8624e-05,-0.19242921,-0.37146422,-35.496998,-0.097830899,-28.695278,1450.6404,-0.081427045,-25.159101
1.4919437,-0.02131083,-0.021200709,1.0799943,15033.927,15346.688,3.864e-05,-0.1929132,-0.38078815,-35.586277,-0.097806647,-28.675545,1488.2065,-0.080805078,-25.141449
1.492763,-0.021069555,-0.020955028,1.1381966,15042.436,15355.058,3.8656e-05,-0.19234908,-0.39005998,-35.482212,-0.097781807,-28.655485,1525.5627,-0.080974758,-25.123508
1.4935718,-0.020828167,-0.020709215,1.1963631,15050.449,15363.33,3.8672e-05,-0.19246159,-0.39935669,-35.502968,-0.097756363,-28.635098,1563.0193,-0.081362344,-25.10528
1.4943695,-0.020586621,-0.020463271,1.2544941,15058.485,15371.506,3.8688e-05,-0.19245696,-0.40908593,-35.502113,-0.097730301,-28.61438,1602.2185,-0.081348307,-25.086765
1.4951565,-0.020344974,-0.020217197,1.3125896,15067.207,15379.584,3.8704e-05,-0.19204389,-0.41860825,-35.425915,-0.097703621,-28.593336,1640.584,-0.080514543,-25.067961
1.4959325,-0.020103162,-0.019970996,1.3706498,15075.713,15387.565,3.872e-05,-0.19197761,-0.42813119,-35.413689,-0.097676329,-28.571962,1678.9519,-0.08132267,-25.04887
1.4966975,-0.019861242,-0.019724669,1.4286749,15083.881,15395.45,3.8736e-05,-0.19181807,-0.43753421,-35.384262,-0.097648427,-28.550262,1716.8368,-0.080773339,-25.02949
1.4974514,-0.019619165,-0.019478217,1.4866651,15090.646,15403.237,3.8752e-05,-0.19136724,-0.44684839,-35.301094,-0.097619921,-28.528231,1754.3638,-0.081068151,-25.009823
1.4981943,-0.019376999,-0.019231642,1.5446203,15099.659,15410.927,3.8768e-05,-0.19184737,-0.45622116,-35.389664,-0.097590819,-28.505871,1792.1268,-0.080469377,-24.989866
1.4989259,-0.01913467,-0.018984945,1.6025407,15107.667,15418.52,3.8784e-05,-0.1918489,-0.46586096,-35.389946,-0.097561099,-28.483183,1830.9656,-0.080446795,-24.96962
1.4996462,-0.018892234,-0.01873813,1.6604266,15117.351,15426.014,3.88e-05,-0.19157763,-0.47547185,-35.339905,-0.097530752,-28.460165,1869.688,-0.079854734,-24.949085
1.5003551,-0.018649627,-0.018491196,1.7182781,15124.594,15433.412,3.8816e-05,-0.19126473,-0.48499328,-35.282188,-0.097499795,-28.436815,1908.0498,-0.080320448,-24.928261
1.5010527,-0.018406922,-0.018244144,1.7760949,15131.607,15440.712,3.8832e-05,-0.19142118,-0.49450904,-35.311047,-0.097468227,-28.413139,1946.3889,-0.079581283,-24.907148
1.5017389,-0.018164078,-0.017996978,1.8338777,15138.23,15447.914,3.8848e-05,-0.19094183,-0.50405669,-35.222622,-0.097436041,-28.389132,1984.8566,-0.080401011,-24.885746
1.5024135,-0.017921152,-0.017749697,1.8916261,15145.636,15455.02,3.8864e-05,-0.19059503,-0.51347828,-35.158646,-0.097403243,-28.364794,2022.8162,-0.079141207,-24.864054
1.5030764,-0.017678084,-0.017502304,1.9493406,15152.034,15462.026,3.888e-05,-0.19051641,-0.52281004,-35.144146,-0.097369842,-28.340126,2060.4138,-0.079275489,-24.842072
1.5037278,-0.01743494,-0.017254801,2.007021,15158.463,15468.937,3.8896e-05,-0.19073375,-0.53227782,-35.184238,-0.09733583,-28.315128,2098.5598,-0.079252906,-24.819801
1.5043676,-0.017191663,-0.017007189,2.0646675,15164.606,15475.748,3.8912e-05,-0.19048791,-0.54143369,-35.138885,-0.097301222,-28.289801,2135.4487,-0.079639882,-24.797239
1.5049955,-0.016948318,-0.01675947,2.1222804,15171.089,15482.463,3.8928e-05,-0.19076997,-0.55059832,-35.190918,-0.097266026,-28.264143,2172.373,-0.079677723,-24.774389
1.5056117,-0.016704837,-0.016511645,2.1798594,15179.327,15489.079,3.8944e-05,-0.19016269,-0.55963969,-35.078892,-0.097230241,-28.238155,2208.801,-0.079694204,-24.751249
1.506216,-0.016461261,-0.016263716,2.2374048,15186.204,15495.598,3.896e-05,-0.19003166,-0.56913441,-35.054726,-0.09719386,-28.211838,2247.0552,-0.079268776,-24.727818
1.5068085,-0.016217545,-0.016015682,2.2949166,15191.522,15502.019,3.8976e-05,-0.18997002,-0.57889396,-35.043354,-0.097156852,-28.185188,2286.3765,-0.078848839,-24.704098
1.5073891,-0.015973764,-0.01576755,2.3523948,15197.273,15508.341,3.8992e-05,-0.18963401,-0.58832943,-34.981369,-0.097119235,-28.158211,2324.3921,-0.079031952,-24.680088
1.5079577,-0.015729867,-0.015519316,2.4098399,15203.451,15514.565,3.9008e-05,-0.18964556,-0.59735721,-34.983501,-0.097081013,-28.130901,2360.7651,-0.07902585,-24.655787
1.5085144,-0.015485896,-0.015270986,2.4672513,15210.836,15520.692,3.9024e-05,-0.18973111,-0.60636109,-34.999283,-0.097042218,-28.103264,2397.0417,-0.078969084,-24.631197
1.5090592,-0.01524179,-0.015022558,2.5246296,15215.602,15526.722,3.904e-05,-0.18879628,-0.61536783,-34.826836,-0.097002842,-28.075294,2433.3301,-0.078879967,-24.606318
1.5095918,-0.01499762,-0.014774036,2.5819745,15222.225,15532.652,3.9056e-05,-0.18883097,-0.62433457,-34.833233,-0.096962884,-28.046997,2469.4573,-0.07808283,-24.581148
1.5101125,-0.014753328,-0.01452542,2.6392863,15227.543,15538.484,3.9072e-05,-0.1891955,-0.63358778,-34.900478,-0.096922338,-28.01837,2506.7383,-0.078215279,-24.555689
1.5106212,-0.014508975,-0.014276712,2.6965647,15231.925,15544.219,3.9088e-05,-0.18888953,-0.64318997,-34.84404,-0.096881181,-27.98941,2545.4258,-0.078210391,-24.529942
1.5111178,-0.014264518,-0.014027914,2.7538102,15237.146,15549.855,3.9104e-05,-0.18881477,-0.65268534,-34.83025,-0.096839413,-27.960125,2583.6826,-0.0786523,-24.503902
1.5116024,-0.014020014,-0.013779028,2.8110225,15240.451,15555.394,3.912e-05,-0.18901978,-0.66195595,-34.868065,-0.096797042,-27.930508,2621.0339,-0.078447215,-24.477575
1.5120749,-0.01377542,-0.013530055,2.8682017,15244.043,15560.833,3.9136e-05,-0.18834545,-0.67121696,-34.743671,-0.096754067,-27.900562,2658.3467,-0.077859432,-24.45096
1.5125356,-0.013530796,-0.013280996,2.925348,15249.258,15566.175,3.9152e-05,-0.18840478,-0.68067521,-34.75462,-0.096710496,-27.870289,2696.4541,-0.076942049,-24.424053
1.512984,-0.013286067,-0.013031853,2.9824612,15254.228,15571.418,3.9168e-05,-0.18789537,-0.69011331,-34.660648,-0.096666314,-27.839685,2734.4802,-0.077574998,-24.39686
1.5134207,-0.013041283,-0.012782629,3.0395415,15260.071,15576.562,3.9184e-05,-0.1881443,-0.69944918,-34.706566,-0.096621521,-27.808754,2772.0947,-0.076920681,-24.369377
1.5138453,-0.012796383,-0.012533323,3.0965889,15264.814,15581.609,3.92e-05,-0.18765107,-0.70853829,-34.615582,-0.096576139,-27.777494,2808.7146,-0.076993927,-24.341606
1.514258,-0.012551432,-0.012283938,3.1536031,15269.185,15586.557,3.9216e-05,-0.18746611,-0.71768546,-34.581463,-0.096530169,-27.745907,2845.5686,-0.077517018,-24.313547
1.5146588,-0.012306382,-0.012034475,3.2105844,15273.275,15591.406,3.9232e-05,-0.18771042,-0.72704726,-34.62653,-0.096483603,-27.713993,2883.2874,-0.077227697,-24.285198
1.5150478,-0.012061295,-0.011784936,3.2675328,15276.357,15596.157,3.9248e-05,-0.18749693,-0.73646027,-34.587151,-0.096436433,-27.681749,2921.2126,-0.076199226,-24.256563
1.515425,-0.011816129,-0.011535323,3.3244483,15278.861,15600.811,3.9264e-05,-0.18719637,-0.74574238,-34.531704,-0.09638866,-27.649181,2958.6101,-0.076030761,-24.227642
1.5157905,-0.011570948,-0.011285638,3.381331,15281.312,15605.364,3.928e-05,-0.18675941,-0.75482422,-34.451099,-0.096340291,-27.616285,2995.2012,-0.076816916,-24.198431
1.5161444,-0.011325703,-0.011035881,3.4381804,15283.236,15609.819,3.9296e-05,-0.18692048,-0.76395655,-34.480812,-0.096291333,-27.583063,3031.9954,-0.076218143,-24.168934
1.5164866,-0.011080449,-0.010786054,3.494997,15286.629,15614.177,3.9312e-05,-0.18682183,-0.77325338,-34.462612,-0.096241787,-27.549515,3069.4524,-0.075795159,-24.139151
1.5168175,-0.010835119,-0.010536159,3.5517807,15290.174,15618.435,3.9328e-05,-0.18638486,-0.78281188,-34.382008,-0.096191637,-27.51564,3107.9636,-0.075585805,-24.109081
1.5171368,-0.010589759,-0.010286197,3.6085312,15293.372,15622.594,3.9344e-05,-0.18606503,-0.79190212,-34.323009,-0.096140876,-27.481441,3144.5884,-0.074913785,-24.078726
1.5174448,-0.010344321,-0.010036171,3.6652489,15296.497,15626.655,3.936e-05,-0.186176,-0.80122054,-34.343479,-0.096089527,-27.446918,3182.1323,-0.075206153,-24.048086
1.5177417,-0.010098859,-0.0097860815,3.7219336,15299.363,15630.617,3.9376e-05,-0.18600878,-0.81040639,-34.31263,-0.096037582,-27.412071,3219.1421,-0.075260475,-24.017159
1.5180274,-0.0098533276,-0.0095359292,3.778585,15300.81,15634.48,3.9392e-05,-0.18587391,-0.82009608,-34.287754,-0.095985025,-27.3769,3258.1819,-0.074894257,-23.985949
1.5183022,-0.00960779,-0.0092857173,3.8352034,15303.878,15638.245,3.9408e-05,-0.18514177,-0.82949054,-34.152699,-0.095931858,-27.341406,3296.0325,-0.075281836,-23.954453
1.518566,-0.0093621863,-0.0090354467,3.8917887,15306.081,15641.911,3.9424e-05,-0.18546391,-0.83853596,-34.21212,-0.095878094,-27.305588,3332.4763,-0.074524365,-23.922674
1.5188192,-0.0091165686,-0.0087851193,3.9483409,15308.097,15645.479,3.944e-05,-0.1850493,-0.84744525,-34.135639,-0.09582375,-27.269447,3368.3721,-0.074753866,-23.890612
1.5190617,-0.008870896,-0.008534736,4.0048599,15309.173,15648.946,3.9456e-05,-0.18492444,-0.8567996,-34.112606,-0.095768817,-27.232986,3406.0608,-0.07475204,-23.858265
1.5192938,-0.0086252233,-0.0082842987,4.0613456,15312.085,15652.315,3.9472e-05,-0.18494293,-0.86603826,-34.11602,-0.095713288,-27.196203,3443.2834,-0.073779106,-23.825636
1.5195155,-0.0083794873,-0.0080338093,4.1177979,15314.538,15655.586,3.9488e-05,-0.18439962,-0.87540382,-34.015793,-0.095657162,-27.1591,3481.0176,-0.074192941,-23.792727
1.5197271,-0.0081337355,-0.0077832695,4.1742167,15316.962,15658.758,3.9504e-05,-0.18424934,-0.88456959,-33.988071,-0.095600434,-27.121675,3517.9463,-0.074001893,-23.759533
1.5199287,-0.0078879185,-0.0075326804,4.2306023,15319.767,15661.831,3.952e-05,-0.1839927,-0.89373499,-33.940731,-0.095543116,-27.083933,3554.8738,-0.073780939,-23.726061
1.5201205,-0.0076420833,-0.0072820433,4.2869544,15322.224,15664.805,3.9536e-05,-0.18403354,-0.90289682,-33.948265,-0.095485203,-27.045872,3591.7869,-0.073592335,-23.692307
1.5203027,-0.0073961839,-0.0070313606,4.3432732,15324.452,15667.68,3.9552e-05,-0.18400504,-0.91197824,-33.943005,-0.095426708,-27.007492,3628.3762,-0.072868437,-23.658272
1.5204753,-0.00715027,-0.0067806332,4.3995581,15327.95,15670.455,3.9568e-05,-0.18361354,-0.92085844,-33.870785,-0.095367633,-26.968794,3664.1543,-0.073707692,-23.623959
1.5206387,-0.0069042831,-0.006529863,4.4558096,15329.816,15673.133,3.9584e-05,-0.1834463,-0.9301331,-33.839935,-0.095307969,-26.929781,3701.522,-0.073079623,-23.589367
1.5207931,-0.0066582845,-0.0062790518,4.5120273,15331.403,15675.71,3.96e-05,-0.18315268,-0.9393301,-33.785774,-0.095247716,-26.89045,3738.5769,-0.072913602,-23.554497
1.5209385,-0.0064122393,-0.0060282005,4.5682111,15331.474,15678.189,3.9616e-05,-0.18300548,-0.94855034,-33.758617,-0.095186859,-26.850805,3775.7253,-0.072487563,-23.519348
1.5210752,-0.0061662095,-0.0057773115,4.624361,15332.649,15680.569,3.9632e-05,-0.18264095,-0.95763522,-33.691376,-0.095125422,-26.810844,3812.3284,-0.072179325,-23.483923
1.5212035,-0.0059201424,-0.0055263862,4.6804771,15333.249,15682.85,3.9648e-05,-0.18263787,-0.96655679,-33.690807,-0.095063403,-26.770571,3848.2734,-0.071571395,-23.448221
1.5213236,-0.0056740856,-0.0052754255,4.7365594,15334.769,15685.031,3.9664e-05,-0.18259394,-0.97540295,-33.682705,-0.095000811,-26.729982,3883.9148,-0.07226783,-23.412245
1.5214356,-0.0054279859,-0.0050244317,4.7926073,15335.018,15687.114,3.968e-05,-0.18218626,-0.9842881,-33.607498,-0.094937645,-26.689083,3919.7131,-0.071835078,-23.375992
1.5215398,-0.0051819021,-0.0047734063,4.8486214,15335.241,15689.098,3.9696e-05,-0.18166296,-0.99324572,-33.510971,-0.094873905,-26.647871,3955.8035,-0.071712397,-23.339466
1.5216365,-0.0049357913,-0.0045223506,4.9046006,15335.168,15690.982,3.9712e-05,-0.18152964,-1.0020033,-33.486374,-0.094809592,-26.60635,3991.0876,-0.071492054,-23.302666
1.5217258,-0.0046897028,-0.0042712661,4.960546,15336.279,15692.768,3.9728e-05,-0.18150806,-1.0113097,-33.482395,-0.094744697,-26.564518,4028.5835,-0.070704065,-23.265593
1.5218079,-0.0044435756,-0.0040201549,5.0164566,15337.507,15694.454,3.9744e-05,-0.18092081,-1.0206623,-33.374065,-0.094679207,-26.522377,4066.2651,-0.071240574,-23.228247
1.5218832,-0.0041974545,-0.0037690182,5.0723333,15338.409,15696.041,3.976e-05,-0.18077515,-1.0301924,-33.347198,-0.094613098,-26.479927,4104.6621,-0.070635699,-23.190632
1.5219519,-0.003951292,-0.0035178578,5.1281748,15339.849,15697.529,3.9776e-05,-0.18067266,-1.0393406,-33.328289,-0.094546393,-26.43717,4141.52,-0.070227362,-23.152744
1.5220143,-0.003705133,-0.0032666749,5.1839819,15341.455,15698.918,3.9792e-05,-0.18017481,-1.0479307,-33.23645,-0.094479121,-26.394108,4176.1299,-0.070774257,-23.114586
1.5220704,-0.0034589253,-0.0030154716,5.2397537,15342.164,15700.208,3.9808e-05,-0.18039291,-1.0568292,-33.276684,-0.094411276,-26.350739,4211.9819,-0.069865413,-23.07616
1.5221207,-0.0032127288,-0.0027642495,5.2954912,15342.497,15701.398,3.9824e-05,-0.17988119,-1.0654604,-33.182289,-0.094342873,-26.307066,4246.7573,-0.069859311,-23.037466
1.5221653,-0.0029664999,-0.0025130096,5.3511934,15343.576,15702.489,3.984e-05,-0.17958216,-1.0745785,-33.127129,-0.094273895,-26.26309,4283.4941,-0.069856256,-22.998505
1.5222045,-0.002720281,-0.0022617539,5.4068604,15344.427,15703.481,3.9856e-05,-0.17963226,-1.0835681,-33.136368,-0.094204336,-26.218811,4319.7134,-0.069728687,-22.959276
1.5222386,-0.0024740251,-0.0020104838,5.4624925,15344.135,15704.375,3.9872e-05,-0.17912592,-1.0928258,-33.042969,-0.094134182,-26.174231,4357.0127,-0.069100007,-22.919781
1.5222678,-0.0022277951,-0.0017592012,5.5180888,15343.751,15705.168,3.9888e-05,-0.17887469,-1.1020194,-32.99662,-0.094063438,-26.129349,4394.0537,-0.069559619,-22.880022
1.5222924,-0.0019815436,-0.0015079073,5.5736499,15345.05,15705.863,3.9904e-05,-0.1785695,-1.111022,-32.940327,-0.093992107,-26.084167,4430.3252,-0.06807825,-22.84
1.5223124,-0.0017353005,-0.001256604,5.6291752,15346.903,15706.458,3.992e-05,-0.17811096,-1.1199778,-32.855736,-0.093920201,-26.038689,4466.4082,-0.069235511,-22.799715
1.5223284,-0.0014890049,-0.0010052928,5.6846652,15348.769,15706.954,3.9936e-05,-0.17818725,-1.1286707,-32.869812,-0.093847722,-25.992912,4501.4321,-0.068517715,-22.759167
1.5223404,-0.0012427042,-0.00075397507,5.7401195,15350.024,15707.352,3.9952e-05,-0.17768092,-1.1375015,-32.776409,-0.093774676,-25.946838,4537.0112,-0.068325453,-22.718357
1.5223489,-0.00099636032,-0.00050265272,5.7955375,15349.947,15707.649,3.9968e-05,-0.17723547,-1.1465789,-32.694241,-0.093701057,-25.900471,4573.584,-0.068630025,-22.677288
1.5223538,-0.00075003447,-0.00025132715,5.8509197,15351.094,15707.848,3.9984e-05,-0.17744201,-1.155357,-32.732338,-0.093626857,-25.853809,4608.9512,-0.068570815,-22.63596
nan,nan,nan,nan,nan,nan,nan,nan,-1.16405,-32.703766,-0.093552098,-25.806852,4643.9751,nan,-22.594374
nan,nan,nan,nan,nan,nan,nan,nan,-1.1730473,-32.609936,-0.093476772,-25.759605,4680.2256,nan,-22.55253
nan,nan,nan,nan,nan,nan,nan,nan,-1.1818833,-32.564159,-0.093400866,-25.712069,4715.8262,nan,-22.510431
nan,nan,nan,nan,nan,nan,nan,nan,-1.1908329,-32.557194,-0.093324386,-25.66424,4751.8838,nan,-22.468075
nan,nan,nan,nan,nan,nan,nan,nan,-1.1996365,-32.440479,-0.093247339,-25.616125,4787.3535,nan,-22.425467
nan,nan,nan,nan,nan,nan,nan,nan,-1.2086829,-32.44659,-0.093169712,-25.567722,4823.8018,nan,-22.382605
nan,nan,nan,nan,nan,nan,nan,nan,-1.2174069,-32.381905,-0.093091518,-25.519033,4858.9507,nan,-22.339491
nan,nan,nan,nan,nan,nan,nan,nan,-1.226285,-32.323051,-0.09301275,-25.47006,4894.7207,nan,-22.296125
nan,nan,nan,nan,nan,nan,nan,nan,-1.235189,-32.323475,-0.092933409,-25.420803,4930.5947,nan,-22.252512
nan,nan,nan,nan,nan,nan,nan,nan,-1.2440023,-32.168804,-0.092853501,-25.371264,4966.104,nan,-22.208649
nan,nan,nan,nan,nan,nan,nan,nan,-1.2528261,-32.174633,-0.092773028,-25.321445,5001.6553,nan,-22.164537
nan,nan,nan,nan,nan,nan,nan,nan,-1.2615153,-32.124874,-0.09269198,-25.271345,5036.6641,nan,-22.12018
nan,nan,nan,nan,nan,nan,nan,nan,-1.2704444,-32.103409,-0.092610374,-25.220968,5072.6392,nan,-22.075577
nan,nan,nan,nan,nan,nan,nan,nan,-1.2790213,-32.030193,-0.092528194,-25.170315,5107.1958,nan,-22.030731
nan,nan,nan,nan,nan,nan,nan,nan,-1.2877041,-31.96821,-0.092445463,-25.119385,5142.1792,nan,-21.985641
nan,nan,nan,nan,nan,nan,nan,nan,-1.2962804,-31.98143,-0.09236218,-25.068182,5176.7329,nan,-21.940311
nan,nan,nan,nan,nan,nan,nan,nan,-1.3047888,-31.880068,-0.092278339,-25.016705,5211.0132,nan,-21.894739
nan,nan,nan,nan,nan,nan,nan,nan,-1.3134308,-31.806286,-0.092193954,-24.964956,5245.832,nan,-21.848928
nan,nan,nan,nan,nan,nan,nan,nan,-1.3224053,-31.77046,-0.092108995,-24.912939,5281.9902,nan,-21.802879
nan,nan,nan,nan,nan,nan,nan,nan,-1.3312694,-31.718571,-0.092023462,-24.860653,5317.7036,nan,-21.756596
nan,nan,nan,nan,nan,nan,nan,nan,-1.3399808,-31.637394,-0.091937356,-24.8081,5352.8022,nan,-21.710073
nan,nan,nan,nan,nan,nan,nan,nan,-1.3483984,-31.608536,-0.091850705,-24.755281,5386.7168,nan,-21.663319
nan,nan,nan,nan,nan,nan,nan,nan,-1.3569981,-31.57655,-0.091763504,-24.7022,5421.3652,nan,-21.616331
nan,nan,nan,nan,nan,nan,nan,nan,-1.3655905,-31.46225,-0.091675751,-24.648853,5455.9839,nan,-21.569113
nan,nan,nan,nan,nan,nan,nan,nan,-1.3746281,-31.526649,-0.091587432,-24.595247,5492.396,nan,-21.521664
nan,nan,nan,nan,nan,nan,nan,nan,-1.3837026,-31.396996,-0.091498524,-24.541382,5528.958,nan,-21.473986
nan,nan,nan,nan,nan,nan,nan,nan,-1.3923799,-31.352499,-0.091409042,-24.487257,5563.9185,nan,-21.426079
nan,nan,nan,nan,nan,nan,nan,nan,-1.4008236,-31.330748,-0.09131901,-24.432877,5597.9385,nan,-21.377947
nan,nan,nan,nan,nan,nan,nan,nan,-1.409469,-31.259666,-0.091228433,-24.378241,5632.771,nan,-21.32959
nan,nan,nan,nan,nan,nan,nan,nan,-1.4182328,-31.173941,-0.09113729,-24.323353,5668.0801,nan,-21.28101
nan,nan,nan,nan,nan,nan,nan,nan,-1.4270513,-31.107124,-0.091045581,-24.268211,5703.6099,nan,-21.232206
nan,nan,nan,nan,nan,nan,nan,nan,-1.4357593,-31.075706,-0.090953305,-24.21282,5738.6948,nan,-21.183184
nan,nan,nan,nan,nan,nan,nan,nan,-1.4444661,-30.938234,-0.090860471,-24.157181,5773.7744,nan,-21.133942
nan,nan,nan,nan,nan,nan,nan,nan,-1.4535142,-30.90255,-0.090767063,-24.101295,5810.2295,nan,-21.084482
nan,nan,nan,nan,nan,nan,nan,nan,-1.4622326,-30.837154,-0.090673082,-24.045162,5845.356,nan,-21.034805
nan,nan,nan,nan,nan,nan,nan,nan,-1.4706804,-30.842415,-0.090578549,-23.988787,5879.3921,nan,-20.984913
nan,nan,nan,nan,nan,nan,nan,nan,-1.4791213,-30.78484,-0.090483472,-23.932169,5913.4004,nan,-20.934809
nan,nan,nan,nan,nan,nan,nan,nan,-1.4876307,-30.749866,-0.090387844,-23.875311,5947.6851,nan,-20.884491
nan,nan,nan,nan,nan,nan,nan,nan,-1.496384,-30.667269,-0.090291664,-23.818214,5982.9521,nan,-20.833963
nan,nan,nan,nan,nan,nan,nan,nan,-1.505214,-30.645519,-0.090194918,-23.760881,6018.5283,nan,-20.783228
nan,nan,nan,nan,nan,nan,nan,nan,-1.5142418,-30.52994,-0.090097591,-23.703312,6054.9014,nan,-20.732285
nan,nan,nan,nan,nan,nan,nan,nan,-1.5228386,-30.477198,-0.089999698,-23.64551,6089.5381,nan,-20.681133
nan,nan,nan,nan,nan,nan,nan,nan,-1.5312897,-30.458858,-0.089901261,-23.587475,6123.5869,nan,-20.62978
nan,nan,nan,nan,nan,nan,nan,nan,-1.5400642,-30.352377,-0.089802265,-23.529211,6158.9399,nan,-20.578222
nan,nan,nan,nan,nan,nan,nan,nan,-1.5490087,-30.299065,-0.089702696,-23.470718,6194.9775,nan,-20.526463
nan,nan,nan,nan,nan,nan,nan,nan,-1.5576134,-30.173393,-0.08960256,-23.411999,6229.6455,nan,-20.474504
nan,nan,nan,nan,nan,nan,nan,nan,-1.5663394,-30.132875,-0.089501873,-23.353054,6264.8032,nan,-20.422346
nan,nan,nan,nan,nan,nan,nan,nan,-1.5753555,-30.108709,-0.089400612,-23.293886,6301.1289,nan,-20.369993
nan,nan,nan,nan,nan,nan,nan,nan,-1.5840019,-30.031513,-0.089298777,-23.234497,6335.9653,nan,-20.317444
nan,nan,nan,nan,nan,nan,nan,nan,-1.5923102,-30.044735,-0.089196399,-23.174889,6369.4395,nan,-20.2647
nan,nan,nan,nan,nan,nan,nan,nan,-1.6006542,-29.98332,-0.089093484,-23.115063,6403.0576,nan,-20.211765
nan,nan,nan,nan,nan,nan,nan,nan,-1.6093239,-29.900297,-0.088990018,-23.055021,6437.9878,nan,-20.158642
nan,nan,nan,nan,nan,nan,nan,nan,-1.6179643,-29.803482,-0.088885993,-22.994766,6472.8003,nan,-20.105328
nan,nan,nan,nan,nan,nan,nan,nan,-1.6266137,-29.827934,-0.088781416,-22.934298,6507.6489,nan,-20.051826
nan,nan,nan,nan,nan,nan,nan,nan,-1.6355559,-29.685345,-0.088676266,-22.873619,6543.6768,nan,-19.99814
nan,nan,nan,nan,nan,nan,nan,nan,-1.644369,-29.685629,-0.08857055,-22.812733,6579.1851,nan,-19.944269
nan,nan,nan,nan,nan,nan,nan,nan,-1.6529629,-29.620661,-0.088464268,-22.751638,6613.8101,nan,-19.890217
nan,nan,nan,nan,nan,nan,nan,nan,-1.6617544,-29.550858,-0.088357426,-22.69034,6649.2305,nan,-19.835983
nan,nan,nan,nan,nan,nan,nan,nan,-1.6704018,-29.486174,-0.088250026,-22.628839,6684.0713,nan,-19.78157
nan,nan,nan,nan,nan,nan,nan,nan,-1.6788005,-29.420921,-0.088142075,-22.567137,6717.9097,nan,-19.726982
nan,nan,nan,nan,nan,nan,nan,nan,-1.6871965,-29.353819,-0.088033579,-22.505236,6751.7373,nan,-19.672216
nan,nan,nan,nan,nan,nan,nan,nan,-1.6955079,-29.259138,-0.087924547,-22.443138,6785.2241,nan,-19.617277
nan,nan,nan,nan,nan,nan,nan,nan,-1.7042053,-29.16531,-0.087814972,-22.380844,6820.2656,nan,-19.562166
nan,nan,nan,nan,nan,nan,nan,nan,-1.7128655,-29.143559,-0.08770483,-22.318357,6855.1577,nan,-19.506884
nan,nan,nan,nan,nan,nan,nan,nan,-1.7214826,-29.068069,-0.087594137,-22.255678,6889.8765,nan,-19.451433
nan,nan,nan,nan,nan,nan,nan,nan,-1.7296884,-29.020445,-0.087482899,-22.19281,6922.938,nan,-19.395815
nan,nan,nan,nan,nan,nan,nan,nan,-1.7383916,-28.900743,-0.087371111,-22.129753,6958.0029,nan,-19.340031
nan,nan,nan,nan,nan,nan,nan,nan,-1.7475264,-28.884109,-0.087258756,-22.066513,6994.8066,nan,-19.284084
nan,nan,nan,nan,nan,nan,nan,nan,-1.7561337,-28.781326,-0.087145828,-22.003088,7029.4858,nan,-19.227974
nan,nan,nan,nan,nan,nan,nan,nan,-1.7645773,-28.768389,-0.087032348,-21.93948,7063.5054,nan,-19.171705
nan,nan,nan,nan,nan,nan,nan,nan,-1.7727962,-28.682949,-0.086918332,-21.875694,7096.6191,nan,-19.115276
nan,nan,nan,nan,nan,nan,nan,nan,-1.7813561,-28.587414,-0.086803772,-21.811729,7131.1074,nan,-19.058691
nan,nan,nan,nan,nan,nan,nan,nan,-1.78976,-28.647408,-0.086688668,-21.747589,7164.9663,nan,-19.001951
nan,nan,nan,nan,nan,nan,nan,nan,-1.7981299,-28.553579,-0.08657302,-21.683273,7198.689,nan,-18.945059
nan,nan,nan,nan,nan,nan,nan,nan,-1.806565,-28.47212,-0.086456835,-21.618788,7232.6743,nan,-18.888012
nan,nan,nan,nan,nan,nan,nan,nan,-1.8151143,-28.386963,-0.0863401,-21.554131,7267.1191,nan,-18.830818
nan,nan,nan,nan,nan,nan,nan,nan,-1.823176,-28.29015,-0.086222827,-21.489307,7299.6001,nan,-18.773474
nan,nan,nan,nan,nan,nan,nan,nan,-1.831219,-28.240252,-0.086105041,-21.424316,7332.0054,nan,-18.715984
nan,nan,nan,nan,nan,nan,nan,nan,-1.8393127,-28.17244,-0.085986733,-21.359163,7364.6147,nan,-18.65835
nan,nan,nan,nan,nan,nan,nan,nan,-1.8476075,-28.106617,-0.085867897,-21.293846,7398.0342,nan,-18.600573
nan,nan,nan,nan,nan,nan,nan,nan,-1.8560969,-28.025726,-0.085748516,-21.228371,7432.2383,nan,-18.542654
nan,nan,nan,nan,nan,nan,nan,nan,-1.8641093,-28.019897,-0.085628606,-21.162737,7464.5205,nan,-18.484596
nan,nan,nan,nan,nan,nan,nan,nan,-1.872416,-27.836079,-0.085508175,-21.096945,7497.9888,nan,-18.426401
nan,nan,nan,nan,nan,nan,nan,nan,-1.8807364,-27.866503,-0.0853872,-21.031002,7531.5112,nan,-18.368071
nan,nan,nan,nan,nan,nan,nan,nan,-1.8889765,-27.808216,-0.085265696,-20.964905,7564.7104,nan,-18.309607
nan,nan,nan,nan,nan,nan,nan,nan,-1.8971996,-27.73031,-0.085143656,-20.898659,7597.8418,nan,-18.251009
nan,nan,nan,nan,nan,nan,nan,nan,-1.9054476,-27.647854,-0.085021093,-20.832266,7631.0728,nan,-18.192282
nan,nan,nan,nan,nan,nan,nan,nan,-1.9137237,-27.563551,-0.084897995,-20.765726,7664.4175,nan,-18.133425
nan,nan,nan,nan,nan,nan,nan,nan,-1.9218032,-27.527157,-0.084774368,-20.699041,7696.9702,nan,-18.074442
nan,nan,nan,nan,nan,nan,nan,nan,-1.9297969,-27.459345,-0.084650218,-20.632215,7729.1768,nan,-18.015333
nan,nan,nan,nan,nan,nan,nan,nan,-1.9378778,-27.357841,-0.084525555,-20.56525,7761.7344,nan,-17.9561
nan,nan,nan,nan,nan,nan,nan,nan,-1.9462534,-27.351301,-0.084400363,-20.498146,7795.48,nan,-17.896748
nan,nan,nan,nan,nan,nan,nan,nan,-1.9547373,-27.255909,-0.084274627,-20.430906,7829.6616,nan,-17.837275
nan,nan,nan,nan,nan,nan,nan,nan,-1.9633095,-27.096828,-0.08414834,-20.363533,7864.1992,nan,-17.777683
nan,nan,nan,nan,nan,nan,nan,nan,-1.9714558,-27.154547,-0.084021516,-20.296028,7897.0205,nan,-17.717976
nan,nan,nan,nan,nan,nan,nan,nan,-1.9792355,-27.092136,-0.083894171,-20.228394,7928.3652,nan,-17.658154
nan,nan,nan,nan,nan,nan,nan,nan,-1.9873517,-26.966038,-0.083766326,-20.160631,7961.0649,nan,-17.598219
nan,nan,nan,nan,nan,nan,nan,nan,-1.9953843,-26.853302,-0.083637953,-20.092743,7993.4287,nan,-17.538174
nan,nan,nan,nan,nan,nan,nan,nan,-2.0032134,-26.759901,-0.083509065,-20.024731,8024.9722,nan,-17.47802
nan,nan,nan,nan,nan,nan,nan,nan,-2.0115216,-26.761038,-0.083379664,-19.956596,8058.4458,nan,-17.417757
nan,nan,nan,nan,nan,nan,nan,nan,-2.0196681,-26.723932,-0.083249733,-19.888344,8091.2686,nan,-17.357391
nan,nan,nan,nan,nan,nan,nan,nan,-2.0281017,-26.608496,-0.083119266,-19.819973,8125.2476,nan,-17.296919
nan,nan,nan,nan,nan,nan,nan,nan,-2.0363293,-26.526752,-0.082988255,-19.751486,8158.396,nan,-17.236347
nan,nan,nan,nan,nan,nan,nan,nan,-2.0444748,-26.588167,-0.082856722,-19.682886,8191.2153,nan,-17.175673
nan,nan,nan,nan,nan,nan,nan,nan,-2.0529203,-26.468323,-0.082724661,-19.614174,8225.2422,nan,-17.114901
nan,nan,nan,nan,nan,nan,nan,nan,-2.0607052,-26.364258,-0.08259207,-19.545351,8256.6064,nan,-17.054033
nan,nan,nan,nan,nan,nan,nan,nan,-2.0688767,-26.266592,-0.082458965,-19.476423,8289.5303,nan,-16.993071
nan,nan,nan,nan,nan,nan,nan,nan,-2.0769026,-26.270573,-0.082325332,-19.407387,8321.8672,nan,-16.932013
nan,nan,nan,nan,nan,nan,nan,nan,-2.0846915,-26.103388,-0.082191199,-19.338249,8353.249,nan,-16.870865
nan,nan,nan,nan,nan,nan,nan,nan,-2.0924692,-26.12059,-0.08205656,-19.269009,8384.585,nan,-16.809628
nan,nan,nan,nan,nan,nan,nan,nan,-2.1002865,-26.02207,-0.081921421,-19.199669,8416.0801,nan,-16.748302
nan,nan,nan,nan,nan,nan,nan,nan,-2.1081598,-25.936487,-0.081785768,-19.130232,8447.8018,nan,-16.686892
nan,nan,nan,nan,nan,nan,nan,nan,-2.1163611,-25.929237,-0.081649609,-19.060698,8480.8447,nan,-16.625395
nan,nan,nan,nan,nan,nan,nan,nan,-2.1245136,-25.795889,-0.081512913,-18.99107,8513.6914,nan,-16.563818
nan,nan,nan,nan,nan,nan,nan,nan,-2.132344,-25.745705,-0.081375711,-18.921352,8545.2402,nan,-16.502157
nan,nan,nan,nan,nan,nan,nan,nan,-2.1404543,-25.66453,-0.081237987,-18.851543,8577.917,nan,-16.44042
nan,nan,nan,nan,nan,nan,nan,nan,-2.1486254,-25.622164,-0.081099741,-18.781647,8610.8379,nan,-16.378605
nan,nan,nan,nan,nan,nan,nan,nan,-2.1565373,-25.588045,-0.080960974,-18.711664,8642.7148,nan,-16.316713
nan,nan,nan,nan,nan,nan,nan,nan,-2.1640153,-25.53516,-0.080821715,-18.6416,8672.8447,nan,-16.254747
nan,nan,nan,nan,nan,nan,nan,nan,-2.1717749,-25.424557,-0.080681965,-18.571451,8704.1074,nan,-16.192709
nan,nan,nan,nan,nan,nan,nan,nan,-2.1795886,-25.285236,-0.080541708,-18.501223,8735.5898,nan,-16.130602
nan,nan,nan,nan,nan,nan,nan,nan,-2.1875601,-25.300732,-0.080400951,-18.430918,8767.7061,nan,-16.068424
nan,nan,nan,nan,nan,nan,nan,nan,-2.1951494,-25.211452,-0.080259688,-18.360535,8798.2842,nan,-16.00618
nan,nan,nan,nan,nan,nan,nan,nan,-2.2029223,-25.099712,-0.080117926,-18.290079,8829.6016,nan,-15.943871
nan,nan,nan,nan,nan,nan,nan,nan,-2.2107196,-25.078245,-0.079975665,-18.219551,8861.0166,nan,-15.881498
nan,nan,nan,nan,nan,nan,nan,nan,-2.2186022,-25.000055,-0.079832897,-18.148951,8892.7754,nan,-15.819063
nan,nan,nan,nan,nan,nan,nan,nan,-2.2259927,-24.848793,-0.079689637,-18.078283,8922.5518,nan,-15.756568
nan,nan,nan,nan,nan,nan,nan,nan,-2.2336841,-24.831593,-0.079545893,-18.007549,8953.54,nan,-15.694014
nan,nan,nan,nan,nan,nan,nan,nan,-2.2412789,-24.806997,-0.079401657,-17.936752,8984.1396,nan,-15.631402
nan,nan,nan,nan,nan,nan,nan,nan,-2.2490394,-24.762785,-0.079256929,-17.865891,9015.4072,nan,-15.568735
nan,nan,nan,nan,nan,nan,nan,nan,-2.2565746,-24.657015,-0.079111703,-17.794968,9045.7666,nan,-15.506016
nan,nan,nan,nan,nan,nan,nan,nan,-2.2639155,-24.566315,-0.078965999,-17.723986,9075.3438,nan,-15.443243
nan,nan,nan,nan,nan,nan,nan,nan,-2.2717409,-24.506321,-0.078819804,-17.652948,9106.8721,nan,-15.380421
nan,nan,nan,nan,nan,nan,nan,nan,-2.2791026,-24.309425,-0.078673117,-17.581854,9136.5322,nan,-15.317549
nan,nan,nan,nan,nan,nan,nan,nan,-2.2868485,-24.312126,-0.078525946,-17.510708,9167.7412,nan,-15.25463
nan,nan,nan,nan,nan,nan,nan,nan,-2.2947128,-24.215881,-0.078378275,-17.439508,9199.4258,nan,-15.191667
nan,nan,nan,nan,nan,nan,nan,nan,-2.3026164,-24.159157,-0.078230098,-17.368259,9231.2695,nan,-15.128658
nan,nan,nan,nan,nan,nan,nan,nan,-2.3101466,-24.09561,-0.078081414,-17.296963,9261.6094,nan,-15.065608
nan,nan,nan,nan,nan,nan,nan,nan,-2.3177433,-24.046848,-0.077932246,-17.22562,9292.2158,nan,-15.002517
nan,nan,nan,nan,nan,nan,nan,nan,-2.3253658,-23.999224,-0.077782594,-17.154232,9322.9268,nan,-14.939386
nan,nan,nan,nan,nan,nan,nan,nan,-2.3332789,-23.869854,-0.077632435,-17.082802,9354.8086,nan,-14.876219
nan,nan,nan,nan,nan,nan,nan,nan,-2.3408682,-23.813416,-0.077481776,-17.011332,9385.3867,nan,-14.813015
nan,nan,nan,nan,nan,nan,nan,nan,-2.3483317,-23.705229,-0.077330634,-16.939821,9415.457,nan,-14.749777
nan,nan,nan,nan,nan,nan,nan,nan,-2.3557861,-23.710489,-0.077179007,-16.868275,9445.4902,nan,-14.686506
nan,nan,nan,nan,nan,nan,nan,nan,-2.3630924,-23.649784,-0.077026911,-16.796692,9474.9277,nan,-14.623203
nan,nan,nan,nan,nan,nan,nan,nan,-2.3707731,-23.565765,-0.076874331,-16.725077,9505.873,nan,-14.559872
nan,nan,nan,nan,nan,nan,nan,nan,-2.378793,-23.403557,-0.076721244,-16.653427,9538.1855,nan,-14.496511
nan,nan,nan,nan,nan,nan,nan,nan,-2.3862786,-23.377684,-0.07656765,-16.581749,9568.3447,nan,-14.433124
nan,nan,nan,nan,nan,nan,nan,nan,-2.3937697,-23.332048,-0.076413579,-16.510042,9598.5264,nan,-14.369711
nan,nan,nan,nan,nan,nan,nan,nan,-2.4014947,-23.284567,-0.076259017,-16.438307,9629.6504,nan,-14.306274
nan,nan,nan,nan,nan,nan,nan,nan,-2.4088547,-23.102739,-0.07610397,-16.366549,9659.3047,nan,-14.242816
nan,nan,nan,nan,nan,nan,nan,nan,-2.4166007,-23.078999,-0.07594844,-16.294765,9690.5127,nan,-14.179337
nan,nan,nan,nan,nan,nan,nan,nan,-2.4239626,-23.079424,-0.075792417,-16.22296,9720.1748,nan,-14.115838
nan,nan,nan,nan,nan,nan,nan,nan,-2.4316008,-22.894184,-0.07563591,-16.151134,9750.9482,nan,-14.052321
nan,nan,nan,nan,nan,nan,nan,nan,-2.439441,-22.948208,-0.075478911,-16.07929,9782.5371,nan,-13.988789
nan,nan,nan,nan,nan,nan,nan,nan,-2.4468031,-22.827795,-0.075321414,-16.007429,9812.1982,nan,-13.925241
nan,nan,nan,nan,nan,nan,nan,nan,-2.4542692,-22.737236,-0.075163446,-15.935554,9842.2803,nan,-13.861679
nan,nan,nan,nan,nan,nan,nan,nan,-2.4614592,-22.658762,-0.075005002,-15.863664,9871.248,nan,-13.798105
nan,nan,nan,nan,nan,nan,nan,nan,-2.4687505,-22.581141,-0.074846089,-15.791761,9900.625,nan,-13.734521
nan,nan,nan,nan,nan,nan,nan,nan,-2.4759254,-22.534084,-0.074686714,-15.719849,9929.5332,nan,-13.670927
nan,nan,nan,nan,nan,nan,nan,nan,-2.483217,-22.511053,-0.074526869,-15.647927,9958.9102,nan,-13.607325
nan,nan,nan,nan,nan,nan,nan,nan,-2.4906213,-22.396469,-0.074366547,-15.575998,9988.7432,nan,-13.543716
nan,nan,nan,nan,nan,nan,nan,nan,-2.4983375,-22.393627,-0.074205749,-15.504063,10019.832,nan,-13.480103
nan,nan,nan,nan,nan,nan,nan,nan,-2.5057297,-22.269518,-0.074044451,-15.432123,10049.615,nan,-13.416485
nan,nan,nan,nan,nan,nan,nan,nan,-2.5129931,-22.205259,-0.073882692,-15.360182,10078.879,nan,-13.352864
nan,nan,nan,nan,nan,nan,nan,nan,-2.5203712,-22.103897,-0.073720455,-15.288238,10108.605,nan,-13.289243
nan,nan,nan,nan,nan,nan,nan,nan,-2.527679,-22.064234,-0.073557749,-15.216294,10138.048,nan,-13.225621
nan,nan,nan,nan,nan,nan,nan,nan,-2.5350575,-21.97069,-0.073394567,-15.144353,10167.777,nan,-13.162002
nan,nan,nan,nan,nan,nan,nan,nan,-2.5421431,-21.915672,-0.073230915,-15.072413,10196.325,nan,-13.098384
nan,nan,nan,nan,nan,nan,nan,nan,-2.5494013,-21.826962,-0.073066801,-15.00048,10225.568,nan,-13.03477
nan,nan,nan,nan,nan,nan,nan,nan,-2.5566263,-21.794832,-0.072902225,-14.928552,10254.678,nan,-12.971162
nan,nan,nan,nan,nan,nan,nan,nan,-2.563642,-21.660061,-0.072737187,-14.85663,10282.944,nan,-12.90756
nan,nan,nan,nan,nan,nan,nan,nan,-2.5704331,-21.621962,-0.07257171,-14.784719,10310.306,nan,-12.843966
nan,nan,nan,nan,nan,nan,nan,nan,-2.5774858,-21.656507,-0.072405778,-14.712817,10338.721,nan,-12.78038
nan,nan,nan,nan,nan,nan,nan,nan,-2.584564,-21.511358,-0.072239399,-14.640926,10367.238,nan,-12.716805
nan,nan,nan,nan,nan,nan,nan,nan,-2.5917411,-21.415257,-0.072072551,-14.56905,10396.155,nan,-12.653241
nan,nan,nan,nan,nan,nan,nan,nan,-2.5983937,-21.367205,-0.071905263,-14.497187,10422.959,nan,-12.58969
nan,nan,nan,nan,nan,nan,nan,nan,-2.6053212,-21.308064,-0.071737535,-14.42534,10450.87,nan,-12.526153
nan,nan,nan,nan,nan,nan,nan,nan,-2.6119587,-21.19348,-0.071569376,-14.353509,10477.612,nan,-12.462629
nan,nan,nan,nan,nan,nan,nan,nan,-2.6186655,-21.115149,-0.071400777,-14.281697,10504.635,nan,-12.399122
nan,nan,nan,nan,nan,nan,nan,nan,-2.6256051,-21.089844,-0.071231745,-14.209905,10532.594,nan,-12.335633
nan,nan,nan,nan,nan,nan,nan,nan,-2.6326976,-20.964739,-0.071062259,-14.138134,10561.17,nan,-12.272161
nan,nan,nan,nan,nan,nan,nan,nan,-2.6396353,-20.967583,-0.070892319,-14.066384,10589.122,nan,-12.20871
nan,nan,nan,nan,nan,nan,nan,nan,-2.6463311,-20.832811,-0.070721947,-13.994658,10616.099,nan,-12.145278
nan,nan,nan,nan,nan,nan,nan,nan,-2.6535404,-20.775234,-0.07055112,-13.922957,10645.146,nan,-12.081868
nan,nan,nan,nan,nan,nan,nan,nan,-2.6602991,-20.76372,-0.070379846,-13.851282,10672.376,nan,-12.018481
nan,nan,nan,nan,nan,nan,nan,nan,-2.6668832,-20.604923,-0.07020814,-13.779634,10698.903,nan,-11.955118
nan,nan,nan,nan,nan,nan,nan,nan,-2.6734624,-20.536968,-0.070036009,-13.708014,10725.411,nan,-11.891779
nan,nan,nan,nan,nan,nan,nan,nan,-2.6803453,-20.528439,-0.069863439,-13.636423,10753.143,nan,-11.828466
nan,nan,nan,nan,nan,nan,nan,nan,-2.6871123,-20.417835,-0.069690436,-13.564863,10780.407,nan,-11.765181
nan,nan,nan,nan,nan,nan,nan,nan,-2.6940894,-20.306095,-0.069516987,-13.493335,10808.518,nan,-11.701922
nan,nan,nan,nan,nan,nan,nan,nan,-2.7009947,-20.323439,-0.069343098,-13.42184,10836.339,nan,-11.638693
nan,nan,nan,nan,nan,nan,nan,nan,-2.7078028,-20.191511,-0.069168761,-13.350379,10863.769,nan,-11.575494
nan,nan,nan,nan,nan,nan,nan,nan,-2.7147779,-20.095976,-0.068993978,-13.278953,10891.872,nan,-11.512325
nan,nan,nan,nan,nan,nan,nan,nan,-2.7214446,-20.099815,-0.068818755,-13.207562,10918.731,nan,-11.449188
nan,nan,nan,nan,nan,nan,nan,nan,-2.728435,-19.972294,-0.068643093,-13.13621,10946.896,nan,-11.386084
nan,nan,nan,nan,nan,nan,nan,nan,-2.7353852,-19.860838,-0.068466984,-13.064897,10974.898,nan,-11.323013
nan,nan,nan,nan,nan,nan,nan,nan,-2.7420475,-19.777956,-0.068290435,-12.993622,11001.741,nan,-11.259977
nan,nan,nan,nan,nan,nan,nan,nan,-2.7490313,-19.765873,-0.068113446,-12.922387,11029.879,nan,-11.196977
nan,nan,nan,nan,nan,nan,nan,nan,-2.7560782,-19.740141,-0.067936003,-12.851194,11058.271,nan,-11.134013
nan,nan,nan,nan,nan,nan,nan,nan,-2.7630177,-19.635223,-0.067758113,-12.780044,11086.23,nan,-11.071086
nan,nan,nan,nan,nan,nan,nan,nan,-2.7699163,-19.521778,-0.067579776,-12.708937,11114.024,nan,-11.008197
nan,nan,nan,nan,nan,nan,nan,nan,-2.7766738,-19.419277,-0.067400999,-12.637874,11141.251,nan,-10.945347
nan,nan,nan,nan,nan,nan,nan,nan,-2.7835317,-19.424965,-0.067221783,-12.566856,11168.881,nan,-10.882537
nan,nan,nan,nan,nan,nan,nan,nan,-2.7900808,-19.348337,-0.067042135,-12.495885,11195.268,nan,-10.819767
nan,nan,nan,nan,nan,nan,nan,nan,-2.796382,-19.295595,-0.066862069,-12.424961,11220.655,nan,-10.757039
nan,nan,nan,nan,nan,nan,nan,nan,-2.8030434,-19.184565,-0.066681586,-12.354086,11247.494,nan,-10.694353
nan,nan,nan,nan,nan,nan,nan,nan,-2.809721,-19.107798,-0.066500679,-12.283258,11274.398,nan,-10.63171
nan,nan,nan,nan,nan,nan,nan,nan,-2.8165402,-19.084908,-0.066319332,-12.212481,11301.874,nan,-10.569111
nan,nan,nan,nan,nan,nan,nan,nan,-2.8230472,-18.923267,-0.066137552,-12.141756,11328.09,nan,-10.506557
nan,nan,nan,nan,nan,nan,nan,nan,-2.8298159,-18.931229,-0.065955356,-12.071081,11355.361,nan,-10.444047
nan,nan,nan,nan,nan,nan,nan,nan,-2.8365893,-18.90834,-0.065772712,-12.000459,11382.651,nan,-10.381583
nan,nan,nan,nan,nan,nan,nan,nan,-2.8433523,-18.788782,-0.065589637,-11.92989,11409.899,nan,-10.319166
nan,nan,nan,nan,nan,nan,nan,nan,-2.8497386,-18.662966,-0.065406136,-11.859374,11435.63,nan,-10.256797
nan,nan,nan,nan,nan,nan,nan,nan,-2.8561966,-18.631123,-0.065222219,-11.788914,11461.649,nan,-10.194475
nan,nan,nan,nan,nan,nan,nan,nan,-2.8628602,-18.584208,-0.065037884,-11.71851,11488.497,nan,-10.132203
nan,nan,nan,nan,nan,nan,nan,nan,-2.8694599,-18.499905,-0.064853117,-11.648161,11515.087,nan,-10.06998
nan,nan,nan,nan,nan,nan,nan,nan,-2.8755944,-18.400248,-0.064667948,-11.577869,11539.803,nan,-10.007807
nan,nan,nan,nan,nan,nan,nan,nan,-2.8816526,-18.396126,-0.064482376,-11.507636,11564.212,nan,-9.9456844
nan,nan,nan,nan,nan,nan,nan,nan,-2.8881018,-18.345798,-0.064296409,-11.437461,11590.196,nan,-9.8836126
nan,nan,nan,nan,nan,nan,nan,nan,-2.8943262,-18.220411,-0.064110026,-11.367344,11615.273,nan,-9.8215933
nan,nan,nan,nan,nan,nan,nan,nan,-2.9003389,-18.110233,-0.063923255,-11.297288,11639.499,nan,-9.7596264
nan,nan,nan,nan,nan,nan,nan,nan,-2.906502,-18.107391,-0.063736089,-11.227292,11664.329,nan,-9.6977129
nan,nan,nan,nan,nan,nan,nan,nan,-2.9127922,-17.975321,-0.06354852,-11.157357,11689.674,nan,-9.6358528
nan,nan,nan,nan,nan,nan,nan,nan,-2.9187281,-17.924711,-0.063360557,-11.087484,11713.59,nan,-9.5740471
nan,nan,nan,nan,nan,nan,nan,nan,-2.9247966,-17.92528,-0.063172206,-11.017674,11738.039,nan,-9.5122957
nan,nan,nan,nan,nan,nan,nan,nan,-2.9305451,-17.841118,-0.062983476,-10.947927,11761.2,nan,-9.4506006
nan,nan,nan,nan,nan,nan,nan,nan,-2.9366684,-17.756388,-0.062794365,-10.878242,11785.87,nan,-9.3889599
nan,nan,nan,nan,nan,nan,nan,nan,-2.9426699,-17.704073,-0.062604859,-10.808622,11810.051,nan,-9.3273764
nan,nan,nan,nan,nan,nan,nan,nan,-2.9488912,-17.597023,-0.062414963,-10.739067,11835.116,nan,-9.2658501
nan,nan,nan,nan,nan,nan,nan,nan,-2.955102,-17.494949,-0.062224668,-10.669578,11860.14,nan,-9.20438
nan,nan,nan,nan,nan,nan,nan,nan,-2.960819,-17.489264,-0.062033985,-10.600153,11883.174,nan,-9.1429682
nan,nan,nan,nan,nan,nan,nan,nan,-2.9669292,-17.402969,-0.061842922,-10.530795,11907.792,nan,-9.0816145
nan,nan,nan,nan,nan,nan,nan,nan,-2.9730365,-17.35762,-0.061651465,-10.461504,11932.398,nan,-9.020319
nan,nan,nan,nan,nan,nan,nan,nan,-2.979255,-17.175081,-0.061459608,-10.39228,11957.452,nan,-8.9590836
nan,nan,nan,nan,nan,nan,nan,nan,-2.9852436,-17.147928,-0.061267361,-10.323123,11981.58,nan,-8.8979063
nan,nan,nan,nan,nan,nan,nan,nan,-2.9916346,-17.109686,-0.061074711,-10.254035,12007.33,nan,-8.8367901
nan,nan,nan,nan,nan,nan,nan,nan,-2.9977825,-17.040026,-0.060881663,-10.185016,12032.1,nan,-8.775733
nan,nan,nan,nan,nan,nan,nan,nan,-3.0037951,-17.007755,-0.06068822,-10.116065,12056.325,nan,-8.7147379
nan,nan,nan,nan,nan,nan,nan,nan,-3.0099185,-16.940937,-0.060494386,-10.047183,12080.996,nan,-8.6538029
nan,nan,nan,nan,nan,nan,nan,nan,-3.016248,-16.769346,-0.060300149,-9.9783716,12106.497,nan,-8.5929289
nan,nan,nan,nan,nan,nan,nan,nan,-3.0225642,-16.773895,-0.060105506,-9.9096308,12131.945,nan,-8.5321169
nan,nan,nan,nan,nan,nan,nan,nan,-3.0285735,-16.705799,-0.059910465,-9.8409605,12156.157,nan,-8.4713678
nan,nan,nan,nan,nan,nan,nan,nan,-3.0346334,-16.661587,-0.059715033,-9.7723608,12180.572,nan,-8.4106798
nan,nan,nan,nan,nan,nan,nan,nan,-3.0404167,-16.54814,-0.059519224,-9.7038317,12203.874,nan,-8.3500547
nan,nan,nan,nan,nan,nan,nan,nan,-3.0464385,-16.541742,-0.059323031,-9.635375,12228.135,nan,-8.2894926
nan,nan,nan,nan,nan,nan,nan,nan,-3.0525959,-16.447346,-0.059126448,-9.5669899,12252.943,nan,-8.2289944
nan,nan,nan,nan,nan,nan,nan,nan,-3.0586338,-16.332335,-0.058929469,-9.4986773,12277.271,nan,-8.1685591
nan,nan,nan,nan,nan,nan,nan,nan,-3.0649951,-16.34783,-0.058732092,-9.4304371,12302.899,nan,-8.1081877
nan,nan,nan,nan,nan,nan,nan,nan,-3.0710585,-16.2078,-0.058534313,-9.3622694,12327.33,nan,-8.0478802
nan,nan,nan,nan,nan,nan,nan,nan,-3.0770352,-16.112408,-0.05833615,-9.2941751,12351.409,nan,-7.9876361
nan,nan,nan,nan,nan,nan,nan,nan,-3.0830379,-16.09094,-0.058137596,-9.2261543,12375.595,nan,-7.9274573
nan,nan,nan,nan,nan,nan,nan,nan,-3.0890493,-15.974936,-0.057938658,-9.1582069,12399.814,nan,-7.8673429
nan,nan,nan,nan,nan,nan,nan,nan,-3.0945873,-16.046017,-0.057739347,-9.090333,12422.128,nan,-7.8072934
nan,nan,nan,nan,nan,nan,nan,nan,-3.1004646,-15.881392,-0.057539668,-9.0225325,12445.808,nan,-7.7473092
nan,nan,nan,nan,nan,nan,nan,nan,-3.106425,-15.803912,-0.057339605,-8.9548063,12469.821,nan,-7.6873899
nan,nan,nan,nan,nan,nan,nan,nan,-3.1121922,-15.78998,-0.057139166,-8.8871555,12493.058,nan,-7.6275363
nan,nan,nan,nan,nan,nan,nan,nan,-3.1177809,-15.735532,-0.056938361,-8.8195782,12515.574,nan,-7.5677476
nan,nan,nan,nan,nan,nan,nan,nan,-3.1231737,-15.574744,-0.056737203,-8.7520761,12537.302,nan,-7.5080252
nan,nan,nan,nan,nan,nan,nan,nan,-3.1284957,-15.541052,-0.056535698,-8.6846485,12558.744,nan,-7.4483685
nan,nan,nan,nan,nan,nan,nan,nan,-3.1344078,-15.419075,-0.056333832,-8.6172953,12582.564,nan,-7.3887777
nan,nan,nan,nan,nan,nan,nan,nan,-3.1399043,-15.419075,-0.056131598,-8.5500183,12604.71,nan,-7.3292527
nan,nan,nan,nan,nan,nan,nan,nan,-3.1453941,-15.308756,-0.055929009,-8.4828157,12626.828,nan,-7.2697945
nan,nan,nan,nan,nan,nan,nan,nan,-3.150682,-15.278618,-0.055726074,-8.4156885,12648.134,nan,-7.210402
nan,nan,nan,nan,nan,nan,nan,nan,-3.155983,-15.257151,-0.055522796,-8.3486366,12669.491,nan,-7.1510763
nan,nan,nan,nan,nan,nan,nan,nan,-3.1615894,-15.163607,-0.055319168,-8.2816601,12692.079,nan,-7.0918164
nan,nan,nan,nan,nan,nan,nan,nan,-3.1668615,-15.11257,-0.055115189,-8.2147598,12713.321,nan,-7.0326238
nan,nan,nan,nan,nan,nan,nan,nan,-3.1719751,-14.991304,-0.054910876,-8.1479349,12733.923,nan,-6.9734974
nan,nan,nan,nan,nan,nan,nan,nan,-3.1772492,-14.951783,-0.054706227,-8.0811844,12755.173,nan,-6.9144373
nan,nan,nan,nan,nan,nan,nan,nan,-3.182662,-14.856533,-0.054501235,-8.0145111,12776.981,nan,-6.8554444
nan,nan,nan,nan,nan,nan,nan,nan,-3.1878719,-14.827248,-0.054295897,-7.9479127,12797.973,nan,-6.7965178
nan,nan,nan,nan,nan,nan,nan,nan,-3.1930668,-14.767823,-0.054090228,-7.8813896,12818.902,nan,-6.737658
nan,nan,nan,nan,nan,nan,nan,nan,-3.1984138,-14.680676,-0.053884216,-7.8149428,12840.445,nan,-6.678865
nan,nan,nan,nan,nan,nan,nan,nan,-3.2035081,-14.585569,-0.053677872,-7.7485714,12860.97,nan,-6.6201386
nan,nan,nan,nan,nan,nan,nan,nan,-3.2086022,-14.523586,-0.053471193,-7.6822758,12881.494,nan,-6.5614791
nan,nan,nan,nan,nan,nan,nan,nan,-3.2140875,-14.445965,-0.053264178,-7.616056,12903.595,nan,-6.5028863
nan,nan,nan,nan,nan,nan,nan,nan,-3.2194738,-14.37929,-0.05305681,-7.5499115,12925.297,nan,-6.4443598
nan,nan,nan,nan,nan,nan,nan,nan,-3.2246213,-14.372466,-0.052849103,-7.4838424,12946.036,nan,-6.3859005
nan,nan,nan,nan,nan,nan,nan,nan,-3.2295988,-14.232862,-0.052641071,-7.4178491,12966.09,nan,-6.3275075
nan,nan,nan,nan,nan,nan,nan,nan,-3.2348659,-14.26499,-0.052432708,-7.3519306,12987.311,nan,-6.2691808
nan,nan,nan,nan,nan,nan,nan,nan,-3.2396851,-14.162348,-0.052224021,-7.286088,13006.728,nan,-6.2109208
nan,nan,nan,nan,nan,nan,nan,nan,-3.2446659,-14.084442,-0.052015018,-7.2203207,13026.795,nan,-6.1527276
nan,nan,nan,nan,nan,nan,nan,nan,-3.2500103,-14.042646,-0.051805679,-7.1546283,13048.327,nan,-6.0946002
nan,nan,nan,nan,nan,nan,nan,nan,-3.2549987,-13.957774,-0.051596008,-7.0890107,13068.427,nan,-6.0365396
nan,nan,nan,nan,nan,nan,nan,nan,-3.2601948,-13.942847,-0.05138601,-7.0234685,13089.361,nan,-5.9785447
nan,nan,nan,nan,nan,nan,nan,nan,-3.2654321,-13.77353,-0.051175676,-6.9580007,13110.462,nan,-5.9206161
nan,nan,nan,nan,nan,nan,nan,nan,-3.2703404,-13.722351,-0.050965015,-6.8926077,13130.238,nan,-5.8627534
nan,nan,nan,nan,nan,nan,nan,nan,-3.2752023,-13.677285,-0.05075404,-6.8272891,13149.826,nan,-5.8049569
nan,nan,nan,nan,nan,nan,nan,nan,-3.2800498,-13.610753,-0.050542749,-6.7620454,13169.357,nan,-5.7472258
nan,nan,nan,nan,nan,nan,nan,nan,-3.2851875,-13.564834,-0.050331138,-6.6968756,13190.057,nan,-5.6895604
nan,nan,nan,nan,nan,nan,nan,nan,-3.2903934,-13.482805,-0.050119195,-6.6317797,13211.032,nan,-5.6319609
nan,nan,nan,nan,nan,nan,nan,nan,-3.2950242,-13.443142,-0.049906932,-6.5667577,13229.688,nan,-5.5744267
nan,nan,nan,nan,nan,nan,nan,nan,-3.2997651,-13.37604,-0.049694367,-6.5018096,13248.791,nan,-5.5169573
nan,nan,nan,nan,nan,nan,nan,nan,-3.3044677,-13.228048,-0.0494815,-6.4369349,13267.737,nan,-5.4595532
nan,nan,nan,nan,nan,nan,nan,nan,-3.3094966,-13.277237,-0.04926832,-6.3721337,13287.999,nan,-5.4022145
nan,nan,nan,nan,nan,nan,nan,nan,-3.3146844,-13.162795,-0.049054809,-6.3074055,13308.9,nan,-5.3449402
nan,nan,nan,nan,nan,nan,nan,nan,-3.3199544,-13.104223,-0.048840959,-6.2427502,13330.133,nan,-5.2877302
nan,nan,nan,nan,nan,nan,nan,nan,-3.3249538,-12.987223,-0.048626781,-6.1781673,13350.275,nan,-5.2305851
nan,nan,nan,nan,nan,nan,nan,nan,-3.3299494,-12.992909,-0.048412278,-6.1136575,13370.403,nan,-5.1735044
nan,nan,nan,nan,nan,nan,nan,nan,-3.3344638,-12.836672,-0.048197471,-6.0492196,13388.592,nan,-5.1164875
nan,nan,nan,nan,nan,nan,nan,nan,-3.3389289,-12.794307,-0.047982372,-5.9848537,13406.582,nan,-5.0595345
nan,nan,nan,nan,nan,nan,nan,nan,-3.3434689,-12.765732,-0.047766987,-5.9205599,13424.874,nan,-5.002645
nan,nan,nan,nan,nan,nan,nan,nan,-3.3477166,-12.763315,-0.047551315,-5.8563371,13441.987,nan,-4.9458194
nan,nan,nan,nan,nan,nan,nan,nan,-3.3519659,-12.609636,-0.047335371,-5.7921858,13459.107,nan,-4.8890567
nan,nan,nan,nan,nan,nan,nan,nan,-3.3570044,-12.589591,-0.047119126,-5.7281055,13479.408,nan,-4.8323574
nan,nan,nan,nan,nan,nan,nan,nan,-3.3615468,-12.566419,-0.046902575,-5.6640964,13497.709,nan,-4.7757206
nan,nan,nan,nan,nan,nan,nan,nan,-3.366199,-12.501023,-0.046685725,-5.6001573,13516.453,nan,-4.7191467
nan,nan,nan,nan,nan,nan,nan,nan,-3.3707683,-12.408759,-0.046468578,-5.5362883,13534.863,nan,-4.6626353
nan,nan,nan,nan,nan,nan,nan,nan,-3.3754025,-12.326019,-0.046251137,-5.4724894,13553.534,nan,-4.6061859
nan,nan,nan,nan,nan,nan,nan,nan,-3.3803973,-12.267733,-0.046033382,-5.4087605,13573.658,nan,-4.549799
nan,nan,nan,nan,nan,nan,nan,nan,-3.3852637,-12.167649,-0.045815311,-5.3451004,13593.265,nan,-4.4934731
nan,nan,nan,nan,nan,nan,nan,nan,-3.3896525,-12.17888,-0.045596942,-5.2815094,13610.947,nan,-4.4372091
nan,nan,nan,nan,nan,nan,nan,nan,-3.3940527,-12.022358,-0.045378286,-5.2179875,13628.677,nan,-4.3810062
nan,nan,nan,nan,nan,nan,nan,nan,-3.3984888,-11.924975,-0.045159351,-5.1545339,13646.549,nan,-4.3248644
nan,nan,nan,nan,nan,nan,nan,nan,-3.4032171,-11.975586,-0.044940118,-5.0911484,13665.599,nan,-4.2687831
nan,nan,nan,nan,nan,nan,nan,nan,-3.4079213,-11.819775,-0.044720579,-5.0278306,13684.553,nan,-4.2127624
nan,nan,nan,nan,nan,nan,nan,nan,-3.4123962,-11.800583,-0.044500746,-4.9645805,13702.582,nan,-4.1568022
nan,nan,nan,nan,nan,nan,nan,nan,-3.4169173,-11.698509,-0.044280626,-4.9013972,13720.798,nan,-4.1009016
nan,nan,nan,nan,nan,nan,nan,nan,-3.4213667,-11.678464,-0.044060212,-4.8382812,13738.725,nan,-4.0450611
nan,nan,nan,nan,nan,nan,nan,nan,-3.4258864,-11.640364,-0.043839511,-4.7752318,13756.935,nan,-3.9892797
nan,nan,nan,nan,nan,nan,nan,nan,-3.430182,-11.604965,-0.043618526,-4.7122483,13774.241,nan,-3.9335575
nan,nan,nan,nan,nan,nan,nan,nan,-3.4343123,-11.545257,-0.04339727,-4.6493306,13790.883,nan,-3.8778942
nan,nan,nan,nan,nan,nan,nan,nan,-3.4387789,-11.462802,-0.043175735,-4.5864787,13808.878,nan,-3.8222895
nan,nan,nan,nan,nan,nan,nan,nan,-3.4430728,-11.459105,-0.04295392,-4.5236917,13826.178,nan,-3.7667432
nan,nan,nan,nan,nan,nan,nan,nan,-3.4475353,-11.318505,-0.042731822,-4.4609694,13844.158,nan,-3.7112548
nan,nan,nan,nan,nan,nan,nan,nan,-3.4518929,-11.304999,-0.042509437,-4.3983121,13861.715,nan,-3.6558244
nan,nan,nan,nan,nan,nan,nan,nan,-3.4561937,-11.216147,-0.042286776,-4.3357186,13879.043,nan,-3.6004512
nan,nan,nan,nan,nan,nan,nan,nan,-3.4600651,-11.059768,-0.042063851,-4.2731891,13894.641,nan,-3.5451355
nan,nan,nan,nan,nan,nan,nan,nan,-3.4641809,-11.051664,-0.041840669,-4.2107224,13911.224,nan,-3.4898765
nan,nan,nan,nan,nan,nan,nan,nan,-3.4681218,-11.002902,-0.041617226,-4.1483192,13927.102,nan,-3.4346743
nan,nan,nan,nan,nan,nan,nan,nan,-3.4720361,-10.970062,-0.04139353,-4.085979,13942.872,nan,-3.3795283
nan,nan,nan,nan,nan,nan,nan,nan,-3.4760592,-10.809559,-0.041169576,-4.0237007,13959.081,nan,-3.3244381
nan,nan,nan,nan,nan,nan,nan,nan,-3.4803252,-10.814961,-0.040945359,-3.9614847,13976.27,nan,-3.2694039
nan,nan,nan,nan,nan,nan,nan,nan,-3.4846115,-10.794916,-0.040720865,-3.8993301,13993.538,nan,-3.2144251
nan,nan,nan,nan,nan,nan,nan,nan,-3.4887733,-10.688862,-0.0404961,-3.8372366,14010.307,nan,-3.1595013
nan,nan,nan,nan,nan,nan,nan,nan,-3.4927309,-10.673935,-0.04027107,-3.7752044,14026.251,nan,-3.1046324
nan,nan,nan,nan,nan,nan,nan,nan,-3.4964864,-10.543428,-0.040045794,-3.7132325,14041.383,nan,-3.049818
nan,nan,nan,nan,nan,nan,nan,nan,-3.5005975,-10.453012,-0.039820261,-3.6513207,14057.946,nan,-2.9950581
nan,nan,nan,nan,nan,nan,nan,nan,-3.5045605,-10.407947,-0.039594471,-3.5894687,14073.913,nan,-2.9403517
nan,nan,nan,nan,nan,nan,nan,nan,-3.5084336,-10.407236,-0.039368428,-3.5276761,14089.518,nan,-2.8856993
nan,nan,nan,nan,nan,nan,nan,nan,-3.5124087,-10.359754,-0.039142132,-3.4659424,14105.534,nan,-2.8311
nan,nan,nan,nan,nan,nan,nan,nan,-3.5159712,-10.23465,-0.038915593,-3.4042675,14119.887,nan,-2.7765536
nan,nan,nan,nan,nan,nan,nan,nan,-3.5201535,-10.219438,-0.038688805,-3.3426509,14136.737,nan,-2.7220602
nan,nan,nan,nan,nan,nan,nan,nan,-3.524055,-10.123903,-0.038461756,-3.2810919,14152.456,nan,-2.667619
nan,nan,nan,nan,nan,nan,nan,nan,-3.5280852,-10.106418,-0.03823445,-3.2195909,14168.694,nan,-2.61323
nan,nan,nan,nan,nan,nan,nan,nan,-3.5318742,-10.060072,-0.038006891,-3.1581466,14183.96,nan,-2.5588927
nan,nan,nan,nan,nan,nan,nan,nan,-3.5354109,-9.9736366,-0.0377791,-3.0967593,14198.21,nan,-2.504607
nan,nan,nan,nan,nan,nan,nan,nan,-3.5391588,-9.814271,-0.037551071,-3.0354285,14213.311,nan,-2.4503725
nan,nan,nan,nan,nan,nan,nan,nan,-3.5427353,-9.7891083,-0.037322808,-2.9741535,14227.72,nan,-2.3961887
nan,nan,nan,nan,nan,nan,nan,nan,-3.5456951,-9.6995449,-0.037094332,-2.9129343,14239.645,nan,-2.3420556
nan,nan,nan,nan,nan,nan,nan,nan,-3.5492871,-9.7146149,-0.036865644,-2.8517704,14254.116,nan,-2.2879727
nan,nan,nan,nan,nan,nan,nan,nan,-3.552964,-9.5915003,-0.036636725,-2.7906613,14268.932,nan,-2.2339399
nan,nan,nan,nan,nan,nan,nan,nan,-3.556623,-9.4830294,-0.036407568,-2.7296069,14283.674,nan,-2.1799567
nan,nan,nan,nan,nan,nan,nan,nan,-3.5604036,-9.473505,-0.036178172,-2.6686063,14298.905,nan,-2.1260228
nan,nan,nan,nan,nan,nan,nan,nan,-3.5641766,-9.4774857,-0.035948534,-2.6076598,14314.106,nan,-2.0721381
nan,nan,nan,nan,nan,nan,nan,nan,-3.5674393,-9.3124332,-0.035718665,-2.5467668,14327.253,nan,-2.018302
nan,nan,nan,nan,nan,nan,nan,nan,-3.5710909,-9.3714314,-0.035488576,-2.4859266,14341.965,nan,-1.9645144
nan,nan,nan,nan,nan,nan,nan,nan,-3.5743899,-9.2052422,-0.035258263,-2.4251392,14355.256,nan,-1.9107751
nan,nan,nan,nan,nan,nan,nan,nan,-3.5778122,-9.2505922,-0.035027731,-2.364404,14369.045,nan,-1.8570834
nan,nan,nan,nan,nan,nan,nan,nan,-3.5811536,-9.1364346,-0.034796983,-2.3037207,14382.508,nan,-1.8034395
nan,nan,nan,nan,nan,nan,nan,nan,-3.5844336,-9.0561123,-0.034566022,-2.2430892,14395.722,nan,-1.7498429
nan,nan,nan,nan,nan,nan,nan,nan,-3.587496,-9.0838337,-0.034334857,-2.1825089,14408.062,nan,-1.6962932
nan,nan,nan,nan,nan,nan,nan,nan,-3.5905919,-8.9628525,-0.03410349,-2.1219795,14420.534,nan,-1.6427902
nan,nan,nan,nan,nan,nan,nan,nan,-3.5940344,-8.8255224,-0.033871915,-2.0615005,14434.403,nan,-1.5893337
nan,nan,nan,nan,nan,nan,nan,nan,-3.5972939,-8.8556614,-0.033640124,-2.0010717,14447.536,nan,-1.5359231
nan,nan,nan,nan,nan,nan,nan,nan,-3.6003635,-8.7143507,-0.033408128,-1.9406927,14459.903,nan,-1.4825585
nan,nan,nan,nan,nan,nan,nan,nan,-3.6037233,-8.7564306,-0.033175927,-1.8803631,14473.441,nan,-1.4292394
nan,nan,nan,nan,nan,nan,nan,nan,-3.6071391,-8.7159147,-0.032943506,-1.8200825,14487.203,nan,-1.3759656
nan,nan,nan,nan,nan,nan,nan,nan,-3.6104305,-8.6272039,-0.032710869,-1.7598509,14500.464,nan,-1.3227367
nan,nan,nan,nan,nan,nan,nan,nan,-3.6137803,-8.4948502,-0.032478016,-1.6996676,14513.961,nan,-1.2695526
nan,nan,nan,nan,nan,nan,nan,nan,-3.616889,-8.4415388,-0.032244958,-1.6395323,14526.485,nan,-1.2164129
nan,nan,nan,nan,nan,nan,nan,nan,-3.6202188,-8.4259005,-0.032011691,-1.5794448,14539.901,nan,-1.1633173
nan,nan,nan,nan,nan,nan,nan,nan,-3.6235723,-8.3524017,-0.031778209,-1.5194045,14553.413,nan,-1.1102657
nan,nan,nan,nan,nan,nan,nan,nan,-3.6267784,-8.2304258,-0.031544514,-1.4594115,14566.33,nan,-1.0572577
nan,nan,nan,nan,nan,nan,nan,nan,-3.6299601,-8.2001448,-0.031310614,-1.3994651,14579.148,nan,-1.004293
nan,nan,nan,nan,nan,nan,nan,nan,-3.6333394,-8.1842222,-0.031076504,-1.339565,14592.764,nan,-0.95137131
nan,nan,nan,nan,nan,nan,nan,nan,-3.6368389,-8.0882616,-0.03084217,-1.2797111,14606.863,nan,-0.89849246
nan,nan,nan,nan,nan,nan,nan,nan,-3.6399009,-8.0316801,-0.030607626,-1.219903,14619.2,nan,-0.84565622
nan,nan,nan,nan,nan,nan,nan,nan,-3.6429555,-7.9274745,-0.030372884,-1.1601402,14631.508,nan,-0.79286224
nan,nan,nan,nan,nan,nan,nan,nan,-3.6457691,-7.9233518,-0.030137954,-1.1004225,14642.844,nan,-0.74011034
nan,nan,nan,nan,nan,nan,nan,nan,-3.649159,-7.8617949,-0.029902823,-1.0407495,14656.501,nan,-0.68740022
nan,nan,nan,nan,nan,nan,nan,nan,-3.6522551,-7.7909975,-0.029667484,-0.98112112,14668.976,nan,-0.63473165
nan,nan,nan,nan,nan,nan,nan,nan,-3.6553731,-7.7501965,-0.029431943,-0.92153692,14681.538,nan,-0.58210433
nan,nan,nan,nan,nan,nan,nan,nan,-3.6584566,-7.7410979,-0.029196205,-0.86199653,14693.962,nan,-0.52951813
nan,nan,nan,nan,nan,nan,nan,nan,-3.6616654,-7.6859384,-0.028960261,-0.80249971,14706.89,nan,-0.4769727
nan,nan,nan,nan,nan,nan,nan,nan,-3.6647694,-7.5551476,-0.028724115,-0.7430461,14719.396,nan,-0.42446783
nan,nan,nan,nan,nan,nan,nan,nan,-3.6677012,-7.5417843,-0.028487774,-0.68363553,14731.209,nan,-0.37200332
nan,nan,nan,nan,nan,nan,nan,nan,-3.6706522,-7.4367256,-0.028251244,-0.62426764,14743.098,nan,-0.31957892
nan,nan,nan,nan,nan,nan,nan,nan,-3.6738927,-7.3872523,-0.028014515,-0.56494218,14756.154,nan,-0.26719439
nan,nan,nan,nan,nan,nan,nan,nan,-3.6765413,-7.299253,-0.027777594,-0.50565875,14766.825,nan,-0.21484953
nan,nan,nan,nan,nan,nan,nan,nan,-3.6797955,-7.2509174,-0.027540484,-0.44641721,14779.937,nan,-0.16254409
nan,nan,nan,nan,nan,nan,nan,nan,-3.6826522,-7.1813993,-0.027303178,-0.38721725,14791.446,nan,-0.11027786
nan,nan,nan,nan,nan,nan,nan,nan,-3.685672,-7.2059937,-0.027065681,-0.32805854,14803.613,nan,-0.058050629
nan,nan,nan,nan,nan,nan,nan,nan,-3.6884096,-7.0716491,-0.026827998,-0.2689409,14814.643,nan,-0.005862176
nan,nan,nan,nan,nan,nan,nan,nan,-3.6912155,-7.0788994,-0.026590139,-0.20986398,14825.947,nan,0.046287704
nan,nan,nan,nan,nan,nan,nan,nan,-3.6937137,-7.071507,-0.026352108,-0.15082759,14836.013,nan,0.098399214
nan,nan,nan,nan,nan,nan,nan,nan,-3.6959434,-6.9431329,-0.026113924,-0.091831431,14844.996,nan,0.15047257
nan,nan,nan,nan,nan,nan,nan,nan,-3.6985588,-6.8687816,-0.025875583,-0.032875281,14855.533,nan,0.20250794
nan,nan,nan,nan,nan,nan,nan,nan,-3.7006409,-6.801538,-0.025637092,0.026041122,14863.923,nan,0.25450557
nan,nan,nan,nan,nan,nan,nan,nan,-3.7031205,-6.7496481,-0.025398454,0.084918015,14873.913,nan,0.3064656
nan,nan,nan,nan,nan,nan,nan,nan,-3.7059491,-6.6447315,-0.025159644,0.14375563,14885.31,nan,0.35838825
nan,nan,nan,nan,nan,nan,nan,nan,-3.7085137,-6.5841699,-0.024920659,0.20255421,14895.643,nan,0.4102737
nan,nan,nan,nan,nan,nan,nan,nan,-3.7112827,-6.5248876,-0.024681505,0.261314,14906.799,nan,0.46212214
nan,nan,nan,nan,nan,nan,nan,nan,-3.7137351,-6.5698113,-0.024442181,0.32003519,14916.68,nan,0.51393372
nan,nan,nan,nan,nan,nan,nan,nan,-3.7161419,-6.4970236,-0.024202701,0.37871802,14926.376,nan,0.56570864
nan,nan,nan,nan,nan,nan,nan,nan,-3.7184217,-6.4218187,-0.02396307,0.4373627,14935.562,nan,0.61744708
nan,nan,nan,nan,nan,nan,nan,nan,-3.7208264,-6.3623943,-0.023723286,0.49596947,14945.25,nan,0.66914916
nan,nan,nan,nan,nan,nan,nan,nan,-3.7229655,-6.2824984,-0.023483358,0.55453849,14953.868,nan,0.72081512
nan,nan,nan,nan,nan,nan,nan,nan,-3.7252128,-6.183979,-0.023243288,0.61307001,14962.923,nan,0.77244508
nan,nan,nan,nan,nan,nan,nan,nan,-3.7272117,-6.1315203,-0.023003081,0.67156422,14970.977,nan,0.82403916
nan,nan,nan,nan,nan,nan,nan,nan,-3.7296271,-6.0614338,-0.022762731,0.7300213,14980.709,nan,0.87559754
nan,nan,nan,nan,nan,nan,nan,nan,-3.7317748,-6.0068431,-0.022522235,0.78844142,14989.361,nan,0.92712045
nan,nan,nan,nan,nan,nan,nan,nan,-3.7339189,-5.9953275,-0.0222816,0.84682477,14998,nan,0.97860789
nan,nan,nan,nan,nan,nan,nan,nan,-3.7360077,-5.9647627,-0.022040829,0.90517157,15006.416,nan,1.0300601
nan,nan,nan,nan,nan,nan,nan,nan,-3.737921,-5.8702235,-0.021799928,0.96348202,15014.124,nan,1.0814772
nan,nan,nan,nan,nan,nan,nan,nan,-3.74,-5.7670126,-0.021558899,1.0217562,15022.501,nan,1.1328593
nan,nan,nan,nan,nan,nan,nan,nan,-3.7425723,-5.6874013,-0.02131772,1.0799943,15032.864,nan,1.1842066
nan,nan,nan,nan,nan,nan,nan,nan,-3.7448783,-5.7085834,-0.021076385,1.1381966,15042.156,nan,1.2355191
nan,nan,nan,nan,nan,nan,nan,nan,-3.7470772,-5.6066523,-0.020834904,1.1963631,15051.016,nan,1.286797
nan,nan,nan,nan,nan,nan,nan,nan,-3.7489123,-5.5903034,-0.020593293,1.2544941,15058.409,nan,1.3380405
nan,nan,nan,nan,nan,nan,nan,nan,-3.7509246,-5.5143881,-0.020351557,1.3125896,15066.517,nan,1.3892497
nan,nan,nan,nan,nan,nan,nan,nan,-3.7529585,-5.4514093,-0.020109691,1.3706498,15074.711,nan,1.4404244
nan,nan,nan,nan,nan,nan,nan,nan,-3.7547135,-5.4532576,-0.019867703,1.4286749,15081.782,nan,1.4915652
nan,nan,nan,nan,nan,nan,nan,nan,-3.7567101,-5.3311386,-0.019625595,1.4866651,15089.826,nan,1.5426719
nan,nan,nan,nan,nan,nan,nan,nan,-3.7586193,-5.2813816,-0.01938336,1.5446203,15097.519,nan,1.5937446
nan,nan,nan,nan,nan,nan,nan,nan,-3.7606916,-5.2471199,-0.019140998,1.6025407,15105.867,nan,1.6447836
nan,nan,nan,nan,nan,nan,nan,nan,-3.7625117,-5.1429143,-0.018898509,1.6604266,15113.201,nan,1.6957887
nan,nan,nan,nan,nan,nan,nan,nan,-3.7643571,-5.11832,-0.018655902,1.7182781,15120.636,nan,1.7467604
nan,nan,nan,nan,nan,nan,nan,nan,-3.7658162,-4.990799,-0.01841319,1.7760949,15126.515,nan,1.7976984
nan,nan,nan,nan,nan,nan,nan,nan,-3.767556,-5.0050154,-0.018170374,1.8338777,15133.524,nan,1.8486029
nan,nan,nan,nan,nan,nan,nan,nan,-3.7692902,-4.9316587,-0.017927445,1.8916261,15140.511,nan,1.8994739
nan,nan,nan,nan,nan,nan,nan,nan,-3.7708902,-4.8207712,-0.017684409,1.9493406,15146.958,nan,1.9503118
nan,nan,nan,nan,nan,nan,nan,nan,-3.772676,-4.7784061,-0.017441263,2.007021,15154.152,nan,2.0011163
nan,nan,nan,nan,nan,nan,nan,nan,-3.7745078,-4.7457089,-0.017198002,2.0646675,15161.533,nan,2.0518878
nan,nan,nan,nan,nan,nan,nan,nan,-3.7761862,-4.7204037,-0.016954629,2.1222804,15168.295,nan,2.1026258
nan,nan,nan,nan,nan,nan,nan,nan,-3.7779634,-4.652307,-0.016711142,2.1798594,15175.456,nan,2.1533313
nan,nan,nan,nan,nan,nan,nan,nan,-3.7791865,-4.5697103,-0.01646756,2.2374048,15180.383,nan,2.2040033
nan,nan,nan,nan,nan,nan,nan,nan,-3.7809854,-4.5903239,-0.01622388,2.2949166,15187.631,nan,2.2546427
nan,nan,nan,nan,nan,nan,nan,nan,-3.7825184,-4.464509,-0.015980093,2.3523948,15193.808,nan,2.3052492
nan,nan,nan,nan,nan,nan,nan,nan,-3.7836499,-4.4238501,-0.015736219,2.4098399,15198.366,nan,2.3558228
nan,nan,nan,nan,nan,nan,nan,nan,-3.7851756,-4.3526258,-0.01549226,2.4672513,15204.514,nan,2.4063635
nan,nan,nan,nan,nan,nan,nan,nan,-3.7862482,-4.3298798,-0.015248218,2.5246296,15208.836,nan,2.4568717
nan,nan,nan,nan,nan,nan,nan,nan,-3.7874196,-4.1837354,-0.015004103,2.5819745,15213.555,nan,2.5073471
nan,nan,nan,nan,nan,nan,nan,nan,-3.7884874,-4.1503272,-0.014759916,2.6392863,15217.856,nan,2.5577898
nan,nan,nan,nan,nan,nan,nan,nan,-3.789845,-4.1257329,-0.01451565,2.6965647,15223.326,nan,2.6081998
nan,nan,nan,nan,nan,nan,nan,nan,-3.7910998,-4.0628963,-0.0142713,2.7538102,15228.382,nan,2.6585772
nan,nan,nan,nan,nan,nan,nan,nan,-3.792119,-4.0348902,-0.014026877,2.8110225,15232.488,nan,2.7089221
nan,nan,nan,nan,nan,nan,nan,nan,-3.7934968,-4.0033298,-0.013782377,2.8682017,15238.04,nan,2.7592344
nan,nan,nan,nan,nan,nan,nan,nan,-3.7945054,-3.8395572,-0.013537801,2.925348,15242.104,nan,2.8095143
nan,nan,nan,nan,nan,nan,nan,nan,-3.7959006,-3.8698382,-0.013293146,2.9824612,15247.725,nan,2.8597615
nan,nan,nan,nan,nan,nan,nan,nan,-3.7969904,-3.7443075,-0.013048411,3.0395415,15252.116,nan,2.9099762
nan,nan,nan,nan,nan,nan,nan,nan,-3.7978785,-3.7644949,-0.012803613,3.0965889,15255.693,nan,2.9601586
nan,nan,nan,nan,nan,nan,nan,nan,-3.7988262,-3.6851676,-0.012558755,3.1536031,15259.513,nan,3.0103083
nan,nan,nan,nan,nan,nan,nan,nan,-3.7995844,-3.6332777,-0.012313843,3.2105844,15262.566,nan,3.0604255
nan,nan,nan,nan,nan,nan,nan,nan,-3.800406,-3.5702991,-0.01206888,3.2675328,15265.877,nan,3.1105103
nan,nan,nan,nan,nan,nan,nan,nan,-3.8010583,-3.4498866,-0.011823868,3.3244483,15268.506,nan,3.1605625
nan,nan,nan,nan,nan,nan,nan,nan,-3.8017852,-3.4136348,-0.011578813,3.381331,15271.434,nan,3.2105825
nan,nan,nan,nan,nan,nan,nan,nan,-3.8025129,-3.4045362,-0.011333711,3.4381804,15274.365,nan,3.2605698
nan,nan,nan,nan,nan,nan,nan,nan,-3.8034337,-3.3598969,-0.011088556,3.494997,15278.075,nan,3.3105245
nan,nan,nan,nan,nan,nan,nan,nan,-3.8043351,-3.3323171,-0.010843341,3.5517807,15281.707,nan,3.3604467
nan,nan,nan,nan,nan,nan,nan,nan,-3.8053639,-3.1965508,-0.010598065,3.6085312,15285.853,nan,3.4103365
nan,nan,nan,nan,nan,nan,nan,nan,-3.8058462,-3.2030904,-0.01035274,3.6652489,15287.796,nan,3.4601936
nan,nan,nan,nan,nan,nan,nan,nan,-3.8064275,-3.0788393,-0.01010738,3.7219336,15290.138,nan,3.5100183
nan,nan,nan,nan,nan,nan,nan,nan,-3.8070154,-3.0425875,-0.0098619834,3.778585,15292.507,nan,3.5598102
nan,nan,nan,nan,nan,nan,nan,nan,-3.8078589,-2.9247339,-0.0096165407,3.8352034,15295.905,nan,3.6095695
nan,nan,nan,nan,nan,nan,nan,nan,-3.8085508,-2.9760549,-0.0093710478,3.8917887,15298.693,nan,3.6592963
nan,nan,nan,nan,nan,nan,nan,nan,-3.8094025,-2.8296263,-0.0091255056,3.9483409,15302.124,nan,3.7089903
nan,nan,nan,nan,nan,nan,nan,nan,-3.8099992,-2.7990611,-0.0088799167,4.0048599,15304.528,nan,3.7586515
nan,nan,nan,nan,nan,nan,nan,nan,-3.8103709,-2.7574072,-0.0086342962,4.0613456,15306.025,nan,3.8082802
nan,nan,nan,nan,nan,nan,nan,nan,-3.8108521,-2.6753788,-0.0083886487,4.1177979,15307.965,nan,3.8578758
nan,nan,nan,nan,nan,nan,nan,nan,-3.811748,-2.6182289,-0.0081429565,4.1742167,15311.574,nan,3.9074388
nan,nan,nan,nan,nan,nan,nan,nan,-3.8124237,-2.579134,-0.0078972131,4.2306023,15314.296,nan,3.9569688
nan,nan,nan,nan,nan,nan,nan,nan,-3.8133359,-2.5915022,-0.0076514194,4.2869544,15317.972,nan,4.0064659
nan,nan,nan,nan,nan,nan,nan,nan,-3.814105,-2.4193418,-0.0074055712,4.3432732,15321.07,nan,4.0559297
nan,nan,nan,nan,nan,nan,nan,nan,-3.8150368,-2.4311414,-0.007159668,4.3995581,15324.824,nan,4.105361
nan,nan,nan,nan,nan,nan,nan,nan,-3.8156109,-2.3660305,-0.0069137164,4.4558096,15327.138,nan,4.1547589
nan,nan,nan,nan,nan,nan,nan,nan,-3.8162866,-2.2938113,-0.0066677243,4.5120273,15329.86,nan,4.204124
nan,nan,nan,nan,nan,nan,nan,nan,-3.8165834,-2.3580694,-0.0064217015,4.5682111,15331.056,nan,4.2534556
nan,nan,nan,nan,nan,nan,nan,nan,-3.8166142,-2.2815852,-0.0061756675,4.624361,15331.181,nan,4.3027539
nan,nan,nan,nan,nan,nan,nan,nan,-3.8171537,-2.138,-0.0059296153,4.6804771,15333.354,nan,4.3520188
nan,nan,nan,nan,nan,nan,nan,nan,-3.8175383,-2.1077189,-0.0056835334,4.7365594,15334.903,nan,4.4012508
nan,nan,nan,nan,nan,nan,nan,nan,-3.8179226,-1.9946989,-0.0054374267,4.7926073,15336.451,nan,4.450449
nan,nan,nan,nan,nan,nan,nan,nan,-3.8181891,-2.0154548,-0.0051912991,4.8486214,15337.525,nan,4.4996138
nan,nan,nan,nan,nan,nan,nan,nan,-3.8182268,-1.895753,-0.0049451618,4.9046006,15337.678,nan,4.5487452
nan,nan,nan,nan,nan,nan,nan,nan,-3.8188894,-1.8545254,-0.0046990016,4.960546,15340.347,nan,4.5978427
nan,nan,nan,nan,nan,nan,nan,nan,-3.81917,-1.7874242,-0.0044528111,5.0164566,15341.478,nan,4.6469064
nan,nan,nan,nan,nan,nan,nan,nan,-3.8191957,-1.7824485,-0.0042066108,5.0723333,15341.581,nan,4.6959367
nan,nan,nan,nan,nan,nan,nan,nan,-3.8197491,-1.7788944,-0.0039603915,5.1281748,15343.811,nan,4.7449327
nan,nan,nan,nan,nan,nan,nan,nan,-3.8196931,-1.6879096,-0.0037141566,5.1839819,15343.585,nan,4.7938952
nan,nan,nan,nan,nan,nan,nan,nan,-3.8198159,-1.6178229,-0.0034679195,5.2397537,15344.08,nan,4.8428235
nan,nan,nan,nan,nan,nan,nan,nan,-3.8198349,-1.4895912,-0.0032216776,5.2954912,15344.157,nan,4.8917174
nan,nan,nan,nan,nan,nan,nan,nan,-3.8202302,-1.4567515,-0.0029754227,5.3511934,15345.75,nan,4.9405775
nan,nan,nan,nan,nan,nan,nan,nan,-3.8207073,-1.4593104,-0.0027291393,5.4068604,15347.671,nan,4.9894037
nan,nan,nan,nan,nan,nan,nan,nan,-3.8211958,-1.429456,-0.002482825,5.4624925,15349.64,nan,5.0381951
nan,nan,nan,nan,nan,nan,nan,nan,-3.8214822,-1.3232597,-0.0022364857,5.5180888,15350.793,nan,5.0869522
nan,nan,nan,nan,nan,nan,nan,nan,-3.8216197,-1.2757771,-0.0019901327,5.5736499,15351.347,nan,5.1356745
nan,nan,nan,nan,nan,nan,nan,nan,-3.8217833,-1.2473444,-0.00174377,5.6291752,15352.006,nan,5.1843624
nan,nan,nan,nan,nan,nan,nan,nan,-3.8219059,-1.1940329,-0.001497398,5.6846652,15352.501,nan,5.233016
nan,nan,nan,nan,nan,nan,nan,nan,-3.8221171,-1.1853609,-0.0012510153,5.7401195,15353.352,nan,5.2816343
nan,nan,nan,nan,nan,nan,nan,nan,-3.8223004,-0.99685186,-0.0010046199,5.7955375,15354.09,nan,5.3302183
nan,nan,nan,nan,nan,nan,nan,nan,-3.8226776,-1.0440502,-0.00075820641,5.8509197,15355.609,nan,5.378767
nan,nan,nan,nan,nan,nan,nan,nan,-3.8229983,-0.94481999,-0.00051177043,5.9062657,15356.901,nan,5.4272804
nan,nan,nan,nan,nan,nan,nan,nan,-3.823451,-0.89108211,-0.00026530956,5.9615755,15358.726,nan,5.475759
nan,nan,nan,nan,nan,nan,nan,nan,-3.8237023,-0.88425821,-1.8825955e-05,6.016849,15359.738,nan,5.5242023
nan,nan,nan,nan,nan,nan,nan,nan,-3.8237319,-0.84772217,0.00022766669,6.0720859,15359.857,nan,5.5726104
nan,nan,nan,nan,nan,nan,nan,nan,-3.8236682,-0.69134206,0.00047415824,6.127286,15359.601,nan,5.6209831
nan,nan,nan,nan,nan,nan,nan,nan,-3.823988,-0.68082196,0.00072065805,6.1824493,15360.89,nan,5.6693206
nan,nan,nan,nan,nan,nan,nan,nan,-3.8243816,-0.66973323,0.00096718082,6.237576,15362.475,nan,5.7176218
nan,nan,nan,nan,nan,nan,nan,nan,-3.8246291,-0.53737879,0.0012137243,6.292666,15363.472,nan,5.7658877
nan,nan,nan,nan,nan,nan,nan,nan,-3.8246026,-0.50198001,0.0014602748,6.3477182,15363.365,nan,5.8141179
nan,nan,nan,nan,nan,nan,nan,nan,-3.8246195,-0.46089473,0.0017068251,6.4027338,15363.434,nan,5.8623118
nan,nan,nan,nan,nan,nan,nan,nan,-3.8246257,-0.38384199,0.0019533762,6.4577117,15363.458,nan,5.91047
nan,nan,nan,nan,nan,nan,nan,nan,-3.8246918,-0.38796476,0.0021999294,6.5126519,15363.725,nan,5.9585919
nan,nan,nan,nan,nan,nan,nan,nan,-3.8248749,-0.24750701,0.0024464908,6.5675545,15364.462,nan,6.0066781
nan,nan,nan,nan,nan,nan,nan,nan,-3.8252499,-0.18737176,0.0026930701,6.6224194,15365.974,nan,6.0547276
nan,nan,nan,nan,nan,nan,nan,nan,-3.8251183,-0.21225041,0.0029396573,6.6772466,15365.443,nan,6.1027408
nan,nan,nan,nan,nan,nan,nan,nan,-3.8252032,-0.20300977,0.0031862431,6.7320352,15365.785,nan,6.1507173
nan,nan,nan,nan,nan,nan,nan,nan,-3.8251417,-0.078047872,0.0034328296,6.7867861,15365.537,nan,6.198657
nan,nan,nan,nan,nan,nan,nan,nan,-3.8252499,-0.0001421637,0.0036794175,6.8414984,15365.974,nan,6.2465606
nan,nan,nan,nan,nan,nan,nan,nan,-3.8253849,-0.0019902918,0.0039260131,6.8961725,15366.517,nan,6.2944269
nan,nan,nan,nan,nan,nan,nan,nan,-3.8252006,0.069375888,0.0041726073,6.9508076,15365.775,nan,6.3422565
nan,nan,nan,nan,nan,nan,nan,nan,-3.8249471,0.18552363,0.0044191875,7.0054045,15364.754,nan,6.3900495
nan,nan,nan,nan,nan,nan,nan,nan,-3.824718,0.15311031,0.0046657524,7.0599618,15363.831,nan,6.4378047
nan,nan,nan,nan,nan,nan,nan,nan,-3.8244138,0.22788842,0.0049122996,7.114481,15362.604,nan,6.4855227
nan,nan,nan,nan,nan,nan,nan,nan,-3.8242102,0.26456666,0.0051588304,7.1689606,15361.784,nan,6.5332041
nan,nan,nan,nan,nan,nan,nan,nan,-3.8236399,0.38938639,0.0054053366,7.2234006,15359.487,nan,6.5808473
nan,nan,nan,nan,nan,nan,nan,nan,-3.823231,0.39393562,0.0056518111,7.2778015,15357.839,nan,6.6284533
nan,nan,nan,nan,nan,nan,nan,nan,-3.8225615,0.52174079,0.0058982507,7.3321629,15355.142,nan,6.6760216
nan,nan,nan,nan,nan,nan,nan,nan,-3.8218982,0.5252949,0.0061446475,7.3864846,15352.469,nan,6.7235522
nan,nan,nan,nan,nan,nan,nan,nan,-3.8212917,0.55031568,0.0063910033,7.4407663,15350.026,nan,6.7710447
nan,nan,nan,nan,nan,nan,nan,nan,-3.8204026,0.6449967,0.0066373111,7.495008,15346.443,nan,6.8184996
nan,nan,nan,nan,nan,nan,nan,nan,-3.8195133,0.74010426,0.0068835611,7.5492096,15342.86,nan,6.8659163
nan,nan,nan,nan,nan,nan,nan,nan,-3.8190868,0.68963611,0.0071297693,7.6033711,15341.143,nan,6.9132948
nan,nan,nan,nan,nan,nan,nan,nan,-3.8184798,0.76171315,0.0073759439,7.6574922,15338.696,nan,6.9606352
nan,nan,nan,nan,nan,nan,nan,nan,-3.8182395,0.90231299,0.0076220911,7.7115726,15337.729,nan,7.0079374
nan,nan,nan,nan,nan,nan,nan,nan,-3.8171511,0.87075269,0.0078681959,7.7656121,15333.344,nan,7.0552006
nan,nan,nan,nan,nan,nan,nan,nan,-3.8166447,0.99201834,0.0081142485,7.8196111,15331.303,nan,7.1024256
nan,nan,nan,nan,nan,nan,nan,nan,-3.8159547,0.96969861,0.008360263,7.8735695,15328.522,nan,7.1496119
nan,nan,nan,nan,nan,nan,nan,nan,-3.815289,1.084709,0.0086062336,7.9274864,15325.842,nan,7.1967592
nan,nan,nan,nan,nan,nan,nan,nan,-3.814698,1.1448443,0.0088521643,7.9813619,15323.46,nan,7.2438679
nan,nan,nan,nan,nan,nan,nan,nan,-3.814168,1.2075385,0.0090980586,8.0351963,15321.324,nan,7.2909374
nan,nan,nan,nan,nan,nan,nan,nan,-3.813659,1.2145045,0.0093439193,8.0889893,15319.273,nan,7.3379679
nan,nan,nan,nan,nan,nan,nan,nan,-3.8127143,1.2834539,0.0095897326,8.1427402,15315.468,nan,7.3849592
nan,nan,nan,nan,nan,nan,nan,nan,-3.8115909,1.3300836,0.0098354798,8.1964493,15310.941,nan,7.4319115
nan,nan,nan,nan,nan,nan,nan,nan,-3.8106403,1.4196467,0.01008116,8.2501173,15307.111,nan,7.4788241
nan,nan,nan,nan,nan,nan,nan,nan,-3.8102355,1.4853264,0.010326797,8.3037424,15305.48,nan,7.5256972
nan,nan,nan,nan,nan,nan,nan,nan,-3.8096004,1.4662764,0.0105724,8.3573256,15302.922,nan,7.5725307
nan,nan,nan,nan,nan,nan,nan,nan,-3.8087232,1.5465989,0.010817954,8.4108667,15299.387,nan,7.6193247
nan,nan,nan,nan,nan,nan,nan,nan,-3.8080661,1.6246468,0.011063459,8.464365,15296.74,nan,7.666079
nan,nan,nan,nan,nan,nan,nan,nan,-3.8071003,1.5892481,0.011308912,8.5178213,15292.849,nan,7.7127929
nan,nan,nan,nan,nan,nan,nan,nan,-3.8065608,1.7665262,0.011554316,8.5712337,15290.675,nan,7.7594671
nan,nan,nan,nan,nan,nan,nan,nan,-3.8054483,1.7534471,0.011799667,8.6246042,15286.192,nan,7.8061013
nan,nan,nan,nan,nan,nan,nan,nan,-3.8042009,1.7952433,0.012044941,8.6779318,15281.167,nan,7.8526955
nan,nan,nan,nan,nan,nan,nan,nan,-3.8031335,1.8421572,0.012290142,8.7312155,15276.866,nan,7.8992491
nan,nan,nan,nan,nan,nan,nan,nan,-3.8020122,1.923617,0.012535271,8.7844572,15272.349,nan,7.9457626
nan,nan,nan,nan,nan,nan,nan,nan,-3.8013179,1.9392551,0.012780342,8.8376541,15269.552,nan,7.9922352
nan,nan,nan,nan,nan,nan,nan,nan,-3.8007603,2.0188668,0.013025373,8.8908081,15267.304,nan,8.0386677
nan,nan,nan,nan,nan,nan,nan,nan,-3.7999625,2.1018903,0.01327036,8.9439182,15264.09,nan,8.0850592
nan,nan,nan,nan,nan,nan,nan,nan,-3.7988327,2.0997579,0.013515285,8.9969854,15259.538,nan,8.1314106
nan,nan,nan,nan,nan,nan,nan,nan,-3.7974868,2.2277052,0.01376013,9.0500078,15254.115,nan,8.1777201
nan,nan,nan,nan,nan,nan,nan,nan,-3.7963359,2.3027678,0.014004895,9.1029863,15249.479,nan,8.2239895
nan,nan,nan,nan,nan,nan,nan,nan,-3.7949481,2.2615402,0.014249577,9.155921,15243.887,nan,8.2702179
nan,nan,nan,nan,nan,nan,nan,nan,-3.7936373,2.3374555,0.014494173,9.2088108,15238.606,nan,8.3164043
nan,nan,nan,nan,nan,nan,nan,nan,-3.7923944,2.4105277,0.014738686,9.2616568,15233.599,nan,8.3625498
nan,nan,nan,nan,nan,nan,nan,nan,-3.7906849,2.4644077,0.014983105,9.3144579,15226.711,nan,8.4086542
nan,nan,nan,nan,nan,nan,nan,nan,-3.7890439,2.5255382,0.015227416,9.3672142,15220.1,nan,8.4547176
nan,nan,nan,nan,nan,nan,nan,nan,-3.7876787,2.52369,0.015471629,9.4199257,15214.599,nan,8.5007391
nan,nan,nan,nan,nan,nan,nan,nan,-3.786561,2.6077087,0.015715763,9.4725924,15210.095,nan,8.5467196
nan,nan,nan,nan,nan,nan,nan,nan,-3.7851849,2.6502156,0.015959816,9.5252142,15204.551,nan,8.5926571
nan,nan,nan,nan,nan,nan,nan,nan,-3.7833335,2.6800702,0.016203765,9.5777903,15197.092,nan,8.6385536
nan,nan,nan,nan,nan,nan,nan,nan,-3.7815192,2.7042379,0.016447596,9.6303215,15189.781,nan,8.6844082
nan,nan,nan,nan,nan,nan,nan,nan,-3.7800143,2.8229446,0.01669132,9.6828079,15183.718,nan,8.7302217
nan,nan,nan,nan,nan,nan,nan,nan,-3.7782397,2.8354549,0.016934937,9.7352476,15176.568,nan,8.7759924
nan,nan,nan,nan,nan,nan,nan,nan,-3.7766688,2.9436417,0.017178448,9.7876425,15170.24,nan,8.8217211
nan,nan,nan,nan,nan,nan,nan,nan,-3.7747931,2.9213219,0.017421847,9.8399916,15162.683,nan,8.8674068
nan,nan,nan,nan,nan,nan,nan,nan,-3.7729003,3.0050564,0.017665125,9.8922949,15155.057,nan,8.9130516
nan,nan,nan,nan,nan,nan,nan,nan,-3.7710547,3.0798345,0.017908283,9.9445515,15147.621,nan,8.9586535
nan,nan,nan,nan,nan,nan,nan,nan,-3.7691643,3.1338568,0.018151319,9.9967623,15140.005,nan,9.0042124
nan,nan,nan,nan,nan,nan,nan,nan,-3.7673533,3.1769323,0.018394237,10.048927,15132.707,nan,9.0497293
nan,nan,nan,nan,nan,nan,nan,nan,-3.7656152,3.226263,0.018637039,10.101046,15125.704,nan,9.0952034
nan,nan,nan,nan,nan,nan,nan,nan,-3.7636814,3.3432639,0.018879725,10.153117,15117.914,nan,9.1406355
nan,nan,nan,nan,nan,nan,nan,nan,-3.7619753,3.2899525,0.019122291,10.205143,15111.04,nan,9.1860237
nan,nan,nan,nan,nan,nan,nan,nan,-3.7601452,3.4608331,0.019364746,10.257121,15103.666,nan,9.23137
nan,nan,nan,nan,nan,nan,nan,nan,-3.7581239,3.4604068,0.019607075,10.309053,15095.522,nan,9.2766724
nan,nan,nan,nan,nan,nan,nan,nan,-3.7561641,3.4955211,0.019849276,10.360938,15087.626,nan,9.3219328
nan,nan,nan,nan,nan,nan,nan,nan,-3.753721,3.5940406,0.020091334,10.412776,15077.782,nan,9.3671494
nan,nan,nan,nan,nan,nan,nan,nan,-3.7516856,3.6004379,0.020333249,10.464566,15069.582,nan,9.412323
nan,nan,nan,nan,nan,nan,nan,nan,-3.7495811,3.7251155,0.020575032,10.51631,15061.104,nan,9.4574528
nan,nan,nan,nan,nan,nan,nan,nan,-3.7475529,3.7256842,0.02081668,10.568007,15052.932,nan,9.5025406
nan,nan,nan,nan,nan,nan,nan,nan,-3.7453165,3.7743042,0.021058191,10.619655,15043.921,nan,9.5475836
nan,nan,nan,nan,nan,nan,nan,nan,-3.7430494,3.794065,0.021299556,10.671256,15034.786,nan,9.5925837
nan,nan,nan,nan,nan,nan,nan,nan,-3.7406845,3.9156148,0.021540772,10.72281,15025.259,nan,9.6375399
nan,nan,nan,nan,nan,nan,nan,nan,-3.7385328,3.8893147,0.021781843,10.774315,15016.59,nan,9.6824532
nan,nan,nan,nan,nan,nan,nan,nan,-3.7363701,3.9828582,0.022022774,10.825773,15007.876,nan,9.7273216
nan,nan,nan,nan,nan,nan,nan,nan,-3.7342148,4.022522,0.022263566,10.877183,14999.191,nan,9.7721472
nan,nan,nan,nan,nan,nan,nan,nan,-3.731986,4.0422826,0.022504218,10.928544,14990.213,nan,9.8169289
nan,nan,nan,nan,nan,nan,nan,nan,-3.7295105,4.0923243,0.022744717,10.979857,14980.238,nan,9.8616657
nan,nan,nan,nan,nan,nan,nan,nan,-3.7273579,4.1592836,0.022985067,11.031123,14971.565,nan,9.9063597
nan,nan,nan,nan,nan,nan,nan,nan,-3.7249806,4.2168598,0.023225272,11.082339,14961.987,nan,9.9510088
nan,nan,nan,nan,nan,nan,nan,nan,-3.7228854,4.327179,0.023465332,11.133508,14953.546,nan,9.9956131
nan,nan,nan,nan,nan,nan,nan,nan,-3.720854,4.3382673,0.023705259,11.184628,14945.361,nan,10.040174
nan,nan,nan,nan,nan,nan,nan,nan,-3.7186401,4.4353652,0.02394505,11.235699,14936.441,nan,10.08469
nan,nan,nan,nan,nan,nan,nan,nan,-3.7164354,4.4578271,0.024184696,11.28672,14927.559,nan,10.129163
nan,nan,nan,nan,nan,nan,nan,nan,-3.7140799,4.5264921,0.024424199,11.337693,14918.068,nan,10.17359
nan,nan,nan,nan,nan,nan,nan,nan,-3.71155,4.5421305,0.024663541,11.388618,14907.876,nan,10.217973
nan,nan,nan,nan,nan,nan,nan,nan,-3.7090578,4.5820785,0.024902724,11.439493,14897.835,nan,10.262311
nan,nan,nan,nan,nan,nan,nan,nan,-3.7063212,4.6217418,0.025141736,11.490318,14886.809,nan,10.306604
nan,nan,nan,nan,nan,nan,nan,nan,-3.7033727,4.7289333,0.025380567,11.541095,14874.93,nan,10.350853
nan,nan,nan,nan,nan,nan,nan,nan,-3.7006421,4.7549496,0.025619213,11.591822,14863.928,nan,10.395057
nan,nan,nan,nan,nan,nan,nan,nan,-3.6981688,4.8175015,0.025857693,11.642499,14853.962,nan,10.439215
nan,nan,nan,nan,nan,nan,nan,nan,-3.695858,4.8730874,0.026096016,11.693128,14844.652,nan,10.483329
nan,nan,nan,nan,nan,nan,nan,nan,-3.6931419,4.9164472,0.02633418,11.743706,14833.709,nan,10.527397
nan,nan,nan,nan,nan,nan,nan,nan,-3.690727,4.9653516,0.026572177,11.794233,14823.979,nan,10.571421
nan,nan,nan,nan,nan,nan,nan,nan,-3.688169,5.0099912,0.026810015,11.844712,14813.673,nan,10.615398
nan,nan,nan,nan,nan,nan,nan,nan,-3.6855023,5.0306048,0.027047683,11.895141,14802.929,nan,10.659331
nan,nan,nan,nan,nan,nan,nan,nan,-3.6832006,5.1369433,0.02728519,11.945518,14793.655,nan,10.703218
nan,nan,nan,nan,nan,nan,nan,nan,-3.6806912,5.2157021,0.027522545,11.995847,14783.546,nan,10.74706
nan,nan,nan,nan,nan,nan,nan,nan,-3.6776593,5.2330461,0.02775972,12.046124,14771.329,nan,10.790856
nan,nan,nan,nan,nan,nan,nan,nan,-3.6745224,5.2719989,0.027996695,12.096352,14758.691,nan,10.834606
nan,nan,nan,nan,nan,nan,nan,nan,-3.6715105,5.330286,0.028233474,12.146528,14746.556,nan,10.878311
nan,nan,nan,nan,nan,nan,nan,nan,-3.668833,5.3335557,0.028470067,12.196653,14735.769,nan,10.92197
nan,nan,nan,nan,nan,nan,nan,nan,-3.6662364,5.4077649,0.028706493,12.246729,14725.307,nan,10.965583
nan,nan,nan,nan,nan,nan,nan,nan,-3.6631975,5.4167213,0.028942736,12.296754,14713.063,nan,11.009151
nan,nan,nan,nan,nan,nan,nan,nan,-3.6607084,5.5438156,0.0291788,12.346727,14703.034,nan,11.052671
nan,nan,nan,nan,nan,nan,nan,nan,-3.6576934,5.5887394,0.029414687,12.396649,14690.887,nan,11.096146
nan,nan,nan,nan,nan,nan,nan,nan,-3.6549389,5.570827,0.029650388,12.446521,14679.789,nan,11.139574
nan,nan,nan,nan,nan,nan,nan,nan,-3.6521573,5.6012497,0.02988591,12.496341,14668.582,nan,11.182957
nan,nan,nan,nan,nan,nan,nan,nan,-3.6491969,5.6443253,0.030121248,12.546109,14656.654,nan,11.226293
nan,nan,nan,nan,nan,nan,nan,nan,-3.6464014,5.7526541,0.030356402,12.595827,14645.392,nan,11.269582
nan,nan,nan,nan,nan,nan,nan,nan,-3.6434062,5.7752581,0.030591367,12.645493,14633.323,nan,11.312824
nan,nan,nan,nan,nan,nan,nan,nan,-3.6403241,5.8503208,0.030826136,12.695107,14620.906,nan,11.35602
nan,nan,nan,nan,nan,nan,nan,nan,-3.6374106,5.8744884,0.031060712,12.744669,14609.167,nan,11.39917
nan,nan,nan,nan,nan,nan,nan,nan,-3.6344261,5.943296,0.031295098,12.794179,14597.143,nan,11.442272
nan,nan,nan,nan,nan,nan,nan,nan,-3.6315277,6.0068431,0.031529296,12.843637,14585.465,nan,11.485328
nan,nan,nan,nan,nan,nan,nan,nan,-3.6282451,6.0412464,0.031763293,12.893044,14572.239,nan,11.528337
nan,nan,nan,nan,nan,nan,nan,nan,-3.6249471,6.1231327,0.031997077,12.942398,14558.952,nan,11.571298
nan,nan,nan,nan,nan,nan,nan,nan,-3.6218562,6.1919398,0.032230657,12.9917,14546.498,nan,11.614212
nan,nan,nan,nan,nan,nan,nan,nan,-3.6186945,6.1637917,0.032464035,13.04095,14533.76,nan,11.657079
nan,nan,nan,nan,nan,nan,nan,nan,-3.6154642,6.2325988,0.032697208,13.090147,14520.745,nan,11.699899
nan,nan,nan,nan,nan,nan,nan,nan,-3.6120706,6.2645855,0.032930166,13.139291,14507.071,nan,11.742671
nan,nan,nan,nan,nan,nan,nan,nan,-3.6089973,6.4226718,0.033162918,13.188382,14494.689,nan,11.785396
nan,nan,nan,nan,nan,nan,nan,nan,-3.6058502,6.4326234,0.033395465,13.237421,14482.011,nan,11.828073
nan,nan,nan,nan,nan,nan,nan,nan,-3.6027422,6.4518151,0.033627816,13.286407,14469.488,nan,11.870702
nan,nan,nan,nan,nan,nan,nan,nan,-3.5995162,6.4961705,0.033859957,13.33534,14456.489,nan,11.913283
nan,nan,nan,nan,nan,nan,nan,nan,-3.5961401,6.5594335,0.03409189,13.384219,14442.889,nan,11.955817
nan,nan,nan,nan,nan,nan,nan,nan,-3.5929906,6.6094747,0.03432361,13.433045,14430.198,nan,11.998302
nan,nan,nan,nan,nan,nan,nan,nan,-3.589685,6.5979595,0.034555122,13.481818,14416.881,nan,12.04074
nan,nan,nan,nan,nan,nan,nan,nan,-3.5865402,6.6472902,0.034786426,13.530538,14404.21,nan,12.083129
nan,nan,nan,nan,nan,nan,nan,nan,-3.5829027,6.8053765,0.035017513,13.579203,14389.555,nan,12.12547
nan,nan,nan,nan,nan,nan,nan,nan,-3.5797493,6.817318,0.03524838,13.627814,14376.85,nan,12.167762
nan,nan,nan,nan,nan,nan,nan,nan,-3.5766451,6.835515,0.035479046,13.676373,14364.343,nan,12.210006
nan,nan,nan,nan,nan,nan,nan,nan,-3.5734653,6.8431921,0.035709508,13.724876,14351.531,nan,12.252201
nan,nan,nan,nan,nan,nan,nan,nan,-3.569921,7.0002828,0.035939753,13.773326,14337.251,nan,12.294348
nan,nan,nan,nan,nan,nan,nan,nan,-3.5661008,6.9381576,0.036169764,13.821721,14321.859,nan,12.336445
nan,nan,nan,nan,nan,nan,nan,nan,-3.5622222,7.0825958,0.036399525,13.870063,14306.232,nan,12.378493
nan,nan,nan,nan,nan,nan,nan,nan,-3.5585141,7.1015034,0.03662904,13.918349,14291.293,nan,12.420493
nan,nan,nan,nan,nan,nan,nan,nan,-3.554821,7.1145825,0.036858317,13.96658,14276.413,nan,12.462443
nan,nan,nan,nan,nan,nan,nan,nan,-3.5514116,7.163487,0.037087366,14.014758,14262.677,nan,12.504344
nan,nan,nan,nan,nan,nan,nan,nan,-3.5480275,7.2081261,0.037316196,14.06288,14249.042,nan,12.546196
nan,nan,nan,nan,nan,nan,nan,nan,-3.5445099,7.2206368,0.037544802,14.110947,14234.869,nan,12.587997
nan,nan,nan,nan,nan,nan,nan,nan,-3.5407276,7.3346519,0.037773173,14.158958,14219.63,nan,12.629749
nan,nan,nan,nan,nan,nan,nan,nan,-3.5370255,7.369482,0.038001306,14.206915,14204.714,nan,12.671453
nan,nan,nan,nan,nan,nan,nan,nan,-3.5332391,7.4401374,0.038229194,14.254816,14189.46,nan,12.713104
nan,nan,nan,nan,nan,nan,nan,nan,-3.5291188,7.4778109,0.038456827,14.302661,14172.858,nan,12.754707
nan,nan,nan,nan,nan,nan,nan,nan,-3.5251069,7.4607511,0.0386842,14.350451,14156.694,nan,12.79626
nan,nan,nan,nan,nan,nan,nan,nan,-3.5209148,7.5507407,0.038911309,14.398185,14139.805,nan,12.837762
nan,nan,nan,nan,nan,nan,nan,nan,-3.5170085,7.6060424,0.039138157,14.445862,14124.066,nan,12.879213
nan,nan,nan,nan,nan,nan,nan,nan,-3.5128889,7.6232443,0.039364744,14.493484,14107.468,nan,12.920614
nan,nan,nan,nan,nan,nan,nan,nan,-3.5092356,7.7288718,0.039591081,14.541048,14092.749,nan,12.961965
nan,nan,nan,nan,nan,nan,nan,nan,-3.5054226,7.7826099,0.039817177,14.588557,14077.386,nan,13.003263
nan,nan,nan,nan,nan,nan,nan,nan,-3.5015161,7.7787714,0.040043026,14.636008,14061.646,nan,13.044513
nan,nan,nan,nan,nan,nan,nan,nan,-3.4971213,7.8232684,0.040268607,14.683404,14043.94,nan,13.08571
nan,nan,nan,nan,nan,nan,nan,nan,-3.4927578,7.9074297,0.040493906,14.730742,14026.359,nan,13.126856
nan,nan,nan,nan,nan,nan,nan,nan,-3.4887378,7.9782271,0.040718932,14.778023,14010.163,nan,13.167951
nan,nan,nan,nan,nan,nan,nan,nan,-3.4844654,7.9654322,0.040943693,14.825246,13992.949,nan,13.208994
nan,nan,nan,nan,nan,nan,nan,nan,-3.4804018,7.964437,0.041168187,14.872413,13976.577,nan,13.249986
nan,nan,nan,nan,nan,nan,nan,nan,-3.476027,8.0461817,0.041392405,14.91952,13958.951,nan,13.290925
nan,nan,nan,nan,nan,nan,nan,nan,-3.4717598,8.075325,0.041616347,14.966572,13941.759,nan,13.331813
nan,nan,nan,nan,nan,nan,nan,nan,-3.467586,8.1580639,0.041840017,15.013564,13924.942,nan,13.372648
nan,nan,nan,nan,nan,nan,nan,nan,-3.4632957,8.2346907,0.042063415,15.060499,13907.656,nan,13.413432
nan,nan,nan,nan,nan,nan,nan,nan,-3.4590223,8.2908449,0.042286534,15.107375,13890.438,nan,13.454163
nan,nan,nan,nan,nan,nan,nan,nan,-3.4545338,8.3411713,0.042509373,15.154193,13872.354,nan,13.494842
nan,nan,nan,nan,nan,nan,nan,nan,-3.4501188,8.3292294,0.042731922,15.200953,13854.566,nan,13.535467
nan,nan,nan,nan,nan,nan,nan,nan,-3.4457648,8.4121103,0.042954192,15.247652,13837.024,nan,13.576039
nan,nan,nan,nan,nan,nan,nan,nan,-3.4414268,8.4814863,0.043176182,15.294293,13819.547,nan,13.616559
nan,nan,nan,nan,nan,nan,nan,nan,-3.4370551,8.5326653,0.043397889,15.340876,13801.933,nan,13.657025
nan,nan,nan,nan,nan,nan,nan,nan,-3.4328179,8.5959282,0.04361932,15.387398,13784.861,nan,13.697438
nan,nan,nan,nan,nan,nan,nan,nan,-3.4287696,8.5899572,0.043840483,15.433861,13768.551,nan,13.737798
nan,nan,nan,nan,nan,nan,nan,nan,-3.4246042,8.6854916,0.044061381,15.480265,13751.768,nan,13.778103
nan,nan,nan,nan,nan,nan,nan,nan,-3.4204576,8.6667261,0.044282012,15.526608,13735.062,nan,13.818355
nan,nan,nan,nan,nan,nan,nan,nan,-3.4164846,8.7363863,0.044502381,15.57289,13719.054,nan,13.858552
nan,nan,nan,nan,nan,nan,nan,nan,-3.4122844,8.7904081,0.044722486,15.619113,13702.131,nan,13.898695
nan,nan,nan,nan,nan,nan,nan,nan,-3.4081156,8.8090315,0.044942319,15.665276,13685.335,nan,13.938785
nan,nan,nan,nan,nan,nan,nan,nan,-3.4038489,8.8732901,0.045161884,15.711376,13668.145,nan,13.978818
nan,nan,nan,nan,nan,nan,nan,nan,-3.3992815,8.9267435,0.045381162,15.757417,13649.742,nan,14.018798
nan,nan,nan,nan,nan,nan,nan,nan,-3.3949356,8.9578772,0.045600154,15.803396,13632.233,nan,14.058722
nan,nan,nan,nan,nan,nan,nan,nan,-3.390475,9.0521317,0.045818862,15.849314,13614.261,nan,14.098591
nan,nan,nan,nan,nan,nan,nan,nan,-3.3862345,9.0588131,0.04603729,15.895169,13597.177,nan,14.138404
nan,nan,nan,nan,nan,nan,nan,nan,-3.3819711,9.0987616,0.046255443,15.940964,13579.999,nan,14.178163
nan,nan,nan,nan,nan,nan,nan,nan,-3.377846,9.2062368,0.046473328,15.986696,13563.379,nan,14.217864
nan,nan,nan,nan,nan,nan,nan,nan,-3.3735614,9.1684217,0.046690937,16.032366,13546.116,nan,14.25751
nan,nan,nan,nan,nan,nan,nan,nan,-3.3689961,9.3390179,0.046908267,16.077972,13527.724,nan,14.297101
nan,nan,nan,nan,nan,nan,nan,nan,-3.3640766,9.3058939,0.047125287,16.123518,13507.902,nan,14.336635
nan,nan,nan,nan,nan,nan,nan,nan,-3.3593521,9.3562193,0.047341995,16.168999,13488.867,nan,14.376111
nan,nan,nan,nan,nan,nan,nan,nan,-3.3545778,9.3532343,0.047558401,16.214417,13469.632,nan,14.415531
nan,nan,nan,nan,nan,nan,nan,nan,-3.3499231,9.4783382,0.047774501,16.259771,13450.878,nan,14.454895
nan,nan,nan,nan,nan,nan,nan,nan,-3.3456538,9.4959669,0.047990311,16.305063,13433.676,nan,14.494201
nan,nan,nan,nan,nan,nan,nan,nan,-3.3413963,9.4514694,0.048205849,16.35029,13416.523,nan,14.533449
nan,nan,nan,nan,nan,nan,nan,nan,-3.3365188,9.5858145,0.048421092,16.395454,13396.871,nan,14.572639
nan,nan,nan,nan,nan,nan,nan,nan,-3.3318365,9.6173744,0.048636027,16.440552,13378.006,nan,14.611773
nan,nan,nan,nan,nan,nan,nan,nan,-3.3267086,9.6496458,0.048850644,16.485586,13357.346,nan,14.650847
nan,nan,nan,nan,nan,nan,nan,nan,-3.3217595,9.7242813,0.049064942,16.530556,13337.406,nan,14.689864
nan,nan,nan,nan,nan,nan,nan,nan,-3.3169045,9.7497292,0.049278919,16.57546,13317.846,nan,14.728822
nan,nan,nan,nan,nan,nan,nan,nan,-3.3120573,9.7326689,0.049492583,16.620298,13298.316,nan,14.767721
nan,nan,nan,nan,nan,nan,nan,nan,-3.3072431,9.8900442,0.049705938,16.665071,13278.92,nan,14.806561
nan,nan,nan,nan,nan,nan,nan,nan,-3.3023627,9.9142122,0.049918979,16.709778,13259.256,nan,14.845343
nan,nan,nan,nan,nan,nan,nan,nan,-3.2978685,9.9550133,0.050131716,16.754419,13241.148,nan,14.884064
nan,nan,nan,nan,nan,nan,nan,nan,-3.2930479,9.9025545,0.050344158,16.798994,13221.727,nan,14.922726
nan,nan,nan,nan,nan,nan,nan,nan,-3.2881243,10.043439,0.05055628,16.843502,13201.89,nan,14.961328
nan,nan,nan,nan,nan,nan,nan,nan,-3.2829273,10.102863,0.050768081,16.887941,13180.951,nan,14.999868
nan,nan,nan,nan,nan,nan,nan,nan,-3.2775304,10.12106,0.050979536,16.932316,13159.207,nan,15.03835
nan,nan,nan,nan,nan,nan,nan,nan,-3.2722406,10.054528,0.051190648,16.976622,13137.895,nan,15.076771
nan,nan,nan,nan,nan,nan,nan,nan,-3.2669437,10.22484,0.051401421,17.020859,13116.553,nan,15.11513
nan,nan,nan,nan,nan,nan,nan,nan,-3.2618906,10.241757,0.051611859,17.065029,13096.194,nan,15.153429
nan,nan,nan,nan,nan,nan,nan,nan,-3.2568285,10.343973,0.051821969,17.109131,13075.799,nan,15.191666
nan,nan,nan,nan,nan,nan,nan,nan,-3.2518241,10.338286,0.052031759,17.153164,13055.636,nan,15.229841
nan,nan,nan,nan,nan,nan,nan,nan,-3.2465863,10.351366,0.052241214,17.197128,13034.533,nan,15.267955
nan,nan,nan,nan,nan,nan,nan,nan,-3.241452,10.436664,0.052450337,17.241022,13013.846,nan,15.306005
nan,nan,nan,nan,nan,nan,nan,nan,-3.2360399,10.488838,0.05265912,17.284847,12992.041,nan,15.343995
nan,nan,nan,nan,nan,nan,nan,nan,-3.2306428,10.545704,0.052867554,17.328604,12970.296,nan,15.381921
nan,nan,nan,nan,nan,nan,nan,nan,-3.2255177,10.523668,0.053075653,17.372288,12949.647,nan,15.419784
nan,nan,nan,nan,nan,nan,nan,nan,-3.220612,10.600578,0.053283423,17.415903,12929.882,nan,15.457584
nan,nan,nan,nan,nan,nan,nan,nan,-3.215807,10.589064,0.053490881,17.459448,12910.522,nan,15.49532
nan,nan,nan,nan,nan,nan,nan,nan,-3.2107804,10.686445,0.053698026,17.50292,12890.271,nan,15.532993
nan,nan,nan,nan,nan,nan,nan,nan,-3.2054367,10.676921,0.053904831,17.546322,12868.74,nan,15.570602
nan,nan,nan,nan,nan,nan,nan,nan,-3.2000697,10.765915,0.054111294,17.589653,12847.116,nan,15.608147
nan,nan,nan,nan,nan,nan,nan,nan,-3.1948202,10.814251,0.054317415,17.63291,12825.967,nan,15.645626
nan,nan,nan,nan,nan,nan,nan,nan,-3.1896415,10.90751,0.0545232,17.676096,12805.102,nan,15.683042
nan,nan,nan,nan,nan,nan,nan,nan,-3.1843784,10.959115,0.05472865,17.71921,12783.896,nan,15.720391
nan,nan,nan,nan,nan,nan,nan,nan,-3.1790049,10.919025,0.054933753,17.762251,12762.247,nan,15.757676
nan,nan,nan,nan,nan,nan,nan,nan,-3.173723,10.927129,0.055138513,17.805218,12740.965,nan,15.794895
nan,nan,nan,nan,nan,nan,nan,nan,-3.1681376,11.051806,0.055342928,17.84811,12718.462,nan,15.832047
nan,nan,nan,nan,nan,nan,nan,nan,-3.1625109,11.01854,0.055546977,17.89093,12695.792,nan,15.869134
nan,nan,nan,nan,nan,nan,nan,nan,-3.1567698,11.11706,0.055750661,17.933676,12672.661,nan,15.906155
nan,nan,nan,nan,nan,nan,nan,nan,-3.150887,11.13028,0.055953968,17.976347,12648.959,nan,15.943108
nan,nan,nan,nan,nan,nan,nan,nan,-3.1453245,11.184445,0.056156907,18.018944,12626.548,nan,15.979994
nan,nan,nan,nan,nan,nan,nan,nan,-3.1398394,11.217427,0.056359492,18.061464,12604.448,nan,16.016813
nan,nan,nan,nan,nan,nan,nan,nan,-3.1344173,11.330731,0.056561723,18.10391,12582.604,nan,16.053564
nan,nan,nan,nan,nan,nan,nan,nan,-3.1289332,11.238609,0.056763604,18.14628,12560.508,nan,16.090248
nan,nan,nan,nan,nan,nan,nan,nan,-3.1232638,11.362291,0.056965128,18.188572,12537.665,nan,16.126862
nan,nan,nan,nan,nan,nan,nan,nan,-3.1177766,11.421005,0.05716629,18.230789,12515.558,nan,16.163408
nan,nan,nan,nan,nan,nan,nan,nan,-3.1120555,11.482278,0.057367086,18.27293,12492.507,nan,16.199886
nan,nan,nan,nan,nan,nan,nan,nan,-3.1059914,11.476449,0.057567507,18.314993,12468.074,nan,16.236294
nan,nan,nan,nan,nan,nan,nan,nan,-3.1003156,11.500617,0.057767551,18.356977,12445.207,nan,16.272633
nan,nan,nan,nan,nan,nan,nan,nan,-3.0942838,11.547957,0.057967216,18.398886,12420.905,nan,16.308903
nan,nan,nan,nan,nan,nan,nan,nan,-3.0884113,11.568997,0.058166496,18.440714,12397.244,nan,16.345102
nan,nan,nan,nan,nan,nan,nan,nan,-3.0829885,11.595156,0.058365412,18.482464,12375.396,nan,16.381229
nan,nan,nan,nan,nan,nan,nan,nan,-3.07722,11.643065,0.05856397,18.524136,12352.154,nan,16.417288
nan,nan,nan,nan,nan,nan,nan,nan,-3.0714424,11.768596,0.058762155,18.565727,12328.876,nan,16.453276
nan,nan,nan,nan,nan,nan,nan,nan,-3.0659144,11.802999,0.058959972,18.607241,12306.604,nan,16.489191
nan,nan,nan,nan,nan,nan,nan,nan,-3.0601349,11.80442,0.059157427,18.648674,12283.318,nan,16.525036
nan,nan,nan,nan,nan,nan,nan,nan,-3.0543926,11.850624,0.059354514,18.690025,12260.183,nan,16.560808
nan,nan,nan,nan,nan,nan,nan,nan,-3.0487587,11.857306,0.059551232,18.731297,12237.483,nan,16.596508
nan,nan,nan,nan,nan,nan,nan,nan,-3.0428357,12.018804,0.059747573,18.772486,12213.62,nan,16.632135
nan,nan,nan,nan,nan,nan,nan,nan,-3.0371835,11.942178,0.059943546,18.813595,12190.847,nan,16.66769
nan,nan,nan,nan,nan,nan,nan,nan,-3.0315187,11.97587,0.060139153,18.854622,12168.023,nan,16.703173
nan,nan,nan,nan,nan,nan,nan,nan,-3.0260143,12.06657,0.060334399,18.895567,12145.847,nan,16.738581
nan,nan,nan,nan,nan,nan,nan,nan,-3.0201862,12.174757,0.06052928,18.93643,12122.365,nan,16.773914
nan,nan,nan,nan,nan,nan,nan,nan,-3.0142741,12.232191,0.060723785,18.977209,12098.545,nan,16.809175
nan,nan,nan,nan,nan,nan,nan,nan,-3.0082579,12.185562,0.060917903,19.017904,12074.306,nan,16.84436
nan,nan,nan,nan,nan,nan,nan,nan,-3.0022552,12.27484,0.061111636,19.058517,12050.121,nan,16.879473
nan,nan,nan,nan,nan,nan,nan,nan,-2.9962814,12.33853,0.061304979,19.099045,12026.052,nan,16.914509
nan,nan,nan,nan,nan,nan,nan,nan,-2.9903843,12.300146,0.061497942,19.139488,12002.293,nan,16.949469
nan,nan,nan,nan,nan,nan,nan,nan,-2.9846511,12.329858,0.061690532,19.179848,11979.193,nan,16.984354
nan,nan,nan,nan,nan,nan,nan,nan,-2.9787292,12.396249,0.061882742,19.220121,11955.334,nan,17.019163
nan,nan,nan,nan,nan,nan,nan,nan,-2.9725475,12.369379,0.062074564,19.260309,11930.429,nan,17.053896
nan,nan,nan,nan,nan,nan,nan,nan,-2.966342,12.504008,0.062265988,19.300411,11905.426,nan,17.088552
nan,nan,nan,nan,nan,nan,nan,nan,-2.9600477,12.451977,0.062457006,19.340427,11880.066,nan,17.123133
nan,nan,nan,nan,nan,nan,nan,nan,-2.9540997,12.509695,0.062647633,19.380358,11856.102,nan,17.157635
nan,nan,nan,nan,nan,nan,nan,nan,-2.9480362,12.589449,0.062837869,19.4202,11831.672,nan,17.192059
nan,nan,nan,nan,nan,nan,nan,nan,-2.9421368,12.582198,0.063027725,19.459955,11807.903,nan,17.226404
nan,nan,nan,nan,nan,nan,nan,nan,-2.9357951,12.64404,0.063217178,19.499622,11782.353,nan,17.260674
nan,nan,nan,nan,nan,nan,nan,nan,-2.9290113,12.711425,0.063406214,19.539202,11755.021,nan,17.294863
nan,nan,nan,nan,nan,nan,nan,nan,-2.9226232,12.719671,0.063594826,19.578691,11729.282,nan,17.328974
nan,nan,nan,nan,nan,nan,nan,nan,-2.9161444,12.760614,0.06378302,19.618093,11703.179,nan,17.363007
nan,nan,nan,nan,nan,nan,nan,nan,-2.909929,12.769855,0.063970804,19.657406,11678.138,nan,17.396957
nan,nan,nan,nan,nan,nan,nan,nan,-2.9036195,12.869654,0.064158194,19.696629,11652.716,nan,17.43083
nan,nan,nan,nan,nan,nan,nan,nan,-2.8974378,12.926804,0.064345174,19.735762,11627.811,nan,17.464622
nan,nan,nan,nan,nan,nan,nan,nan,-2.8908551,12.871502,0.064531736,19.774803,11601.288,nan,17.498335
nan,nan,nan,nan,nan,nan,nan,nan,-2.8844693,12.8924,0.064717889,19.813753,11575.561,nan,17.531965
nan,nan,nan,nan,nan,nan,nan,nan,-2.8779716,12.936612,0.064903624,19.852613,11549.381,nan,17.565516
nan,nan,nan,nan,nan,nan,nan,nan,-2.8712742,13.062712,0.065088935,19.891382,11522.396,nan,17.598984
nan,nan,nan,nan,nan,nan,nan,nan,-2.8647084,13.017362,0.065273821,19.930059,11495.943,nan,17.63237
nan,nan,nan,nan,nan,nan,nan,nan,-2.8581393,13.180566,0.065458275,19.968643,11469.476,nan,17.665676
nan,nan,nan,nan,nan,nan,nan,nan,-2.8517349,13.128533,0.06564232,20.007133,11443.672,nan,17.698898
nan,nan,nan,nan,nan,nan,nan,nan,-2.8453264,13.238568,0.065825947,20.045532,11417.853,nan,17.732037
nan,nan,nan,nan,nan,nan,nan,nan,-2.838764,13.212126,0.066009156,20.083838,11391.412,nan,17.765093
nan,nan,nan,nan,nan,nan,nan,nan,-2.8321209,13.298703,0.066191941,20.122047,11364.648,nan,17.798067
nan,nan,nan,nan,nan,nan,nan,nan,-2.8257458,13.31619,0.066374302,20.160164,11338.963,nan,17.830956
nan,nan,nan,nan,nan,nan,nan,nan,-2.8191774,13.345617,0.066556253,20.198187,11312.499,nan,17.863762
nan,nan,nan,nan,nan,nan,nan,nan,-2.8126409,13.382296,0.066737778,20.236113,11286.162,nan,17.896482
nan,nan,nan,nan,nan,nan,nan,nan,-2.8058095,13.430347,0.066918872,20.273945,11258.64,nan,17.929119
nan,nan,nan,nan,nan,nan,nan,nan,-2.7990313,13.475271,0.067099527,20.31168,11231.329,nan,17.961672
nan,nan,nan,nan,nan,nan,nan,nan,-2.7925377,13.488066,0.067279756,20.349319,11205.167,nan,17.994137
nan,nan,nan,nan,nan,nan,nan,nan,-2.7860601,13.495031,0.067459568,20.386862,11179.068,nan,18.026518
nan,nan,nan,nan,nan,nan,nan,nan,-2.7796376,13.5455,0.067638963,20.424309,11153.192,nan,18.058813
nan,nan,nan,nan,nan,nan,nan,nan,-2.7732809,13.650558,0.067817941,20.461658,11127.581,nan,18.091022
nan,nan,nan,nan,nan,nan,nan,nan,-2.766643,13.687379,0.067996502,20.498909,11100.837,nan,18.123144
nan,nan,nan,nan,nan,nan,nan,nan,-2.7600205,13.676717,0.068174638,20.536062,11074.155,nan,18.15518
nan,nan,nan,nan,nan,nan,nan,nan,-2.7535396,13.695482,0.068352357,20.573116,11048.043,nan,18.187128
nan,nan,nan,nan,nan,nan,nan,nan,-2.74686,13.73344,0.068529643,20.610073,11021.131,nan,18.21899
nan,nan,nan,nan,nan,nan,nan,nan,-2.7401204,13.800399,0.068706498,20.646929,10993.978,nan,18.250763
nan,nan,nan,nan,nan,nan,nan,nan,-2.7335954,13.840489,0.068882927,20.683687,10967.688,nan,18.282448
nan,nan,nan,nan,nan,nan,nan,nan,-2.7270281,13.896644,0.06905894,20.720345,10941.229,nan,18.314045
nan,nan,nan,nan,nan,nan,nan,nan,-2.7204125,13.864799,0.06923452,20.756901,10914.573,nan,18.345552
nan,nan,nan,nan,nan,nan,nan,nan,-2.7136674,13.88982,0.069409668,20.793358,10887.397,nan,18.376972
nan,nan,nan,nan,nan,nan,nan,nan,-2.7069805,13.966447,0.069584392,20.829712,10860.456,nan,18.408302
nan,nan,nan,nan,nan,nan,nan,nan,-2.7001708,14.024449,0.069758676,20.865967,10833.02,nan,18.439543
nan,nan,nan,nan,nan,nan,nan,nan,-2.6935954,13.996443,0.069932528,20.902119,10806.527,nan,18.470694
nan,nan,nan,nan,nan,nan,nan,nan,-2.6866357,14.019047,0.07010594,20.938169,10778.487,nan,18.501755
nan,nan,nan,nan,nan,nan,nan,nan,-2.6796944,14.16249,0.070278913,20.974117,10750.521,nan,18.532724
nan,nan,nan,nan,nan,nan,nan,nan,-2.6727383,14.147705,0.070451431,21.009962,10722.493,nan,18.563604
nan,nan,nan,nan,nan,nan,nan,nan,-2.6658142,14.176138,0.070623502,21.045704,10694.596,nan,18.594393
nan,nan,nan,nan,nan,nan,nan,nan,-2.6588581,14.243239,0.070795126,21.081343,10666.57,nan,18.62509
nan,nan,nan,nan,nan,nan,nan,nan,-2.6519394,14.268402,0.070966303,21.116877,10638.695,nan,18.655695
nan,nan,nan,nan,nan,nan,nan,nan,-2.6448524,14.289158,0.071137033,21.152308,10610.142,nan,18.686209
nan,nan,nan,nan,nan,nan,nan,nan,-2.6379733,14.392938,0.071307309,21.187632,10582.426,nan,18.716631
nan,nan,nan,nan,nan,nan,nan,nan,-2.6308455,14.444259,0.07147713,21.222853,10553.708,nan,18.74696
nan,nan,nan,nan,nan,nan,nan,nan,-2.6240749,14.398624,0.071646512,21.257969,10526.429,nan,18.777195
nan,nan,nan,nan,nan,nan,nan,nan,-2.6168418,14.43189,0.071815439,21.292978,10497.286,nan,18.807339
nan,nan,nan,nan,nan,nan,nan,nan,-2.6099472,14.475961,0.071983904,21.327883,10469.508,nan,18.837389
nan,nan,nan,nan,nan,nan,nan,nan,-2.6030107,14.496575,0.072151929,21.362679,10441.561,nan,18.867346
nan,nan,nan,nan,nan,nan,nan,nan,-2.5961826,14.549602,0.072319508,21.397369,10414.051,nan,18.897207
nan,nan,nan,nan,nan,nan,nan,nan,-2.589684,14.518752,0.072486661,21.431953,10387.867,nan,18.926977
nan,nan,nan,nan,nan,nan,nan,nan,-2.5826094,14.569078,0.072653376,21.466431,10359.363,nan,18.956652
nan,nan,nan,nan,nan,nan,nan,nan,-2.5755649,14.698305,0.072819635,21.500799,10330.981,nan,18.986231
nan,nan,nan,nan,nan,nan,nan,nan,-2.5683558,14.655372,0.072985433,21.535061,10301.937,nan,19.015715
nan,nan,nan,nan,nan,nan,nan,nan,-2.5610995,14.711527,0.073150769,21.569212,10272.701,nan,19.045105
nan,nan,nan,nan,nan,nan,nan,nan,-2.5538719,14.686647,0.073315635,21.603256,10243.58,nan,19.074398
nan,nan,nan,nan,nan,nan,nan,nan,-2.5466568,14.730292,0.073480032,21.637192,10214.511,nan,19.103596
nan,nan,nan,nan,nan,nan,nan,nan,-2.5392115,14.814027,0.07364396,21.671017,10184.514,nan,19.132698
nan,nan,nan,nan,nan,nan,nan,nan,-2.5320086,14.853264,0.073807418,21.704733,10155.493,nan,19.161705
nan,nan,nan,nan,nan,nan,nan,nan,-2.524857,14.83791,0.073970407,21.738338,10126.68,nan,19.190615
nan,nan,nan,nan,nan,nan,nan,nan,-2.5176241,14.972539,0.074132942,21.771835,10097.538,nan,19.219427
nan,nan,nan,nan,nan,nan,nan,nan,-2.5103152,14.903873,0.074294999,21.80522,10068.09,nan,19.248142
nan,nan,nan,nan,nan,nan,nan,nan,-2.5028193,14.972255,0.074456587,21.838495,10037.889,nan,19.276762
nan,nan,nan,nan,nan,nan,nan,nan,-2.4956479,14.904585,0.074617699,21.871658,10008.995,nan,19.305283
nan,nan,nan,nan,nan,nan,nan,nan,-2.4885287,15.084706,0.074778348,21.904709,9980.3125,nan,19.333706
nan,nan,nan,nan,nan,nan,nan,nan,-2.4814053,15.061107,0.074938536,21.937649,9951.6113,nan,19.36203
nan,nan,nan,nan,nan,nan,nan,nan,-2.4740283,15.006516,0.075098261,21.970476,9921.8896,nan,19.390259
nan,nan,nan,nan,nan,nan,nan,nan,-2.4667311,15.101481,0.07525751,22.003191,9892.4893,nan,19.418386
nan,nan,nan,nan,nan,nan,nan,nan,-2.4591267,15.171284,0.075416282,22.035795,9861.8506,nan,19.446417
nan,nan,nan,nan,nan,nan,nan,nan,-2.4518025,15.21962,0.075574569,22.068283,9832.3418,nan,19.474348
nan,nan,nan,nan,nan,nan,nan,nan,-2.4443781,15.159768,0.075732388,22.10066,9802.4287,nan,19.50218
nan,nan,nan,nan,nan,nan,nan,nan,-2.4370618,15.240802,0.075889729,22.132923,9772.9512,nan,19.529913
nan,nan,nan,nan,nan,nan,nan,nan,-2.4292946,15.325674,0.076046579,22.165071,9741.6562,nan,19.557547
nan,nan,nan,nan,nan,nan,nan,nan,-2.4218752,15.462293,0.076202944,22.197105,9711.7646,nan,19.585079
nan,nan,nan,nan,nan,nan,nan,nan,-2.4145854,15.4286,0.076358832,22.229027,9682.3936,nan,19.612513
nan,nan,nan,nan,nan,nan,nan,nan,-2.4069571,15.40756,0.076514237,22.260832,9651.6592,nan,19.639845
nan,nan,nan,nan,nan,nan,nan,nan,-2.3994055,15.479637,0.076669157,22.292522,9621.2344,nan,19.667078
nan,nan,nan,nan,nan,nan,nan,nan,-2.3918595,15.530532,0.076823592,22.324097,9590.8311,nan,19.69421
nan,nan,nan,nan,nan,nan,nan,nan,-2.3841832,15.448218,0.076977529,22.355556,9559.9023,nan,19.721241
nan,nan,nan,nan,nan,nan,nan,nan,-2.3764956,15.513898,0.077130981,22.3869,9528.9297,nan,19.748169
nan,nan,nan,nan,nan,nan,nan,nan,-2.3691249,15.588392,0.077283941,22.418129,9499.2334,nan,19.774998
nan,nan,nan,nan,nan,nan,nan,nan,-2.3614767,15.676676,0.077436417,22.44924,9468.418,nan,19.801725
nan,nan,nan,nan,nan,nan,nan,nan,-2.3538718,15.602182,0.077588402,22.480234,9437.7773,nan,19.82835
nan,nan,nan,nan,nan,nan,nan,nan,-2.3464134,15.673121,0.077739902,22.511112,9407.7275,nan,19.854874
nan,nan,nan,nan,nan,nan,nan,nan,-2.3388436,15.699564,0.077890918,22.541874,9377.2295,nan,19.881294
nan,nan,nan,nan,nan,nan,nan,nan,-2.3309429,15.736811,0.078041434,22.572517,9345.3975,nan,19.907614
nan,nan,nan,nan,nan,nan,nan,nan,-2.3232257,15.733968,0.078191452,22.603043,9314.3047,nan,19.93383
nan,nan,nan,nan,nan,nan,nan,nan,-2.3154666,15.799789,0.078340963,22.633451,9283.043,nan,19.959944
nan,nan,nan,nan,nan,nan,nan,nan,-2.3077021,15.788985,0.078489974,22.66374,9251.7588,nan,19.985954
nan,nan,nan,nan,nan,nan,nan,nan,-2.3001246,15.870161,0.078638494,22.693913,9221.2305,nan,20.011862
nan,nan,nan,nan,nan,nan,nan,nan,-2.2927091,15.83007,0.07878653,22.723965,9191.3525,nan,20.037666
nan,nan,nan,nan,nan,nan,nan,nan,-2.2850394,15.860209,0.078934081,22.753901,9160.4512,nan,20.063368
nan,nan,nan,nan,nan,nan,nan,nan,-2.2773397,15.960293,0.07908114,22.783714,9129.4297,nan,20.088964
nan,nan,nan,nan,nan,nan,nan,nan,-2.2696838,15.969817,0.079227701,22.81341,9098.584,nan,20.114458
nan,nan,nan,nan,nan,nan,nan,nan,-2.2619033,15.977494,0.079373762,22.842987,9067.2363,nan,20.139849
nan,nan,nan,nan,nan,nan,nan,nan,-2.2541478,16.075729,0.079519324,22.872444,9035.9893,nan,20.165134
nan,nan,nan,nan,nan,nan,nan,nan,-2.2465136,16.031658,0.079664387,22.901781,9005.2314,nan,20.190315
nan,nan,nan,nan,nan,nan,nan,nan,-2.2388725,16.101461,0.079808958,22.930998,8974.4453,nan,20.215393
nan,nan,nan,nan,nan,nan,nan,nan,-2.2313488,16.124065,0.079953045,22.960093,8944.1318,nan,20.240364
nan,nan,nan,nan,nan,nan,nan,nan,-2.2233274,16.153351,0.080096632,22.989069,8911.8135,nan,20.265232
nan,nan,nan,nan,nan,nan,nan,nan,-2.2154198,16.181925,0.080239698,23.017923,8879.9541,nan,20.289995
nan,nan,nan,nan,nan,nan,nan,nan,-2.2072289,16.222443,0.08038225,23.046658,8846.9521,nan,20.314651
nan,nan,nan,nan,nan,nan,nan,nan,-2.1991978,16.194435,0.080524281,23.07527,8814.5947,nan,20.339205
nan,nan,nan,nan,nan,nan,nan,nan,-2.1912346,16.187613,0.08066579,23.103762,8782.5107,nan,20.363651
nan,nan,nan,nan,nan,nan,nan,nan,-2.1833601,16.271915,0.080806792,23.132132,8750.7852,nan,20.387993
nan,nan,nan,nan,nan,nan,nan,nan,-2.1755559,16.309446,0.080947287,23.160379,8719.3428,nan,20.412228
nan,nan,nan,nan,nan,nan,nan,nan,-2.1677535,16.313,0.081087284,23.188505,8687.9053,nan,20.436357
nan,nan,nan,nan,nan,nan,nan,nan,-2.1601369,16.325796,0.081226781,23.216509,8657.2188,nan,20.460381
nan,nan,nan,nan,nan,nan,nan,nan,-2.1521437,16.324089,0.081365772,23.24439,8625.0137,nan,20.484299
nan,nan,nan,nan,nan,nan,nan,nan,-2.1442266,16.414364,0.081504256,23.272148,8593.1152,nan,20.50811
nan,nan,nan,nan,nan,nan,nan,nan,-2.1360829,16.422894,0.081642218,23.299784,8560.3047,nan,20.531815
nan,nan,nan,nan,nan,nan,nan,nan,-2.1281991,16.501509,0.081779666,23.327297,8528.541,nan,20.555412
nan,nan,nan,nan,nan,nan,nan,nan,-2.1201663,16.540606,0.0819166,23.354687,8496.1758,nan,20.578905
nan,nan,nan,nan,nan,nan,nan,nan,-2.1122549,16.503641,0.082053021,23.381954,8464.3018,nan,20.602289
nan,nan,nan,nan,nan,nan,nan,nan,-2.1042583,16.592495,0.082188927,23.409098,8432.083,nan,20.625566
nan,nan,nan,nan,nan,nan,nan,nan,-2.0961039,16.576998,0.082324311,23.436117,8399.2285,nan,20.648739
nan,nan,nan,nan,nan,nan,nan,nan,-2.0877981,16.623486,0.082459167,23.463013,8365.7646,nan,20.671803
nan,nan,nan,nan,nan,nan,nan,nan,-2.079484,16.661871,0.082593486,23.489784,8332.2666,nan,20.694757
nan,nan,nan,nan,nan,nan,nan,nan,-2.0711803,16.634291,0.082727276,23.516434,8298.8115,nan,20.717607
nan,nan,nan,nan,nan,nan,nan,nan,-2.0630734,16.716461,0.082860529,23.542957,8266.1484,nan,20.740349
nan,nan,nan,nan,nan,nan,nan,nan,-2.0545866,16.723711,0.082993247,23.569355,8231.9561,nan,20.762983
nan,nan,nan,nan,nan,nan,nan,nan,-2.0465107,16.733095,0.083125435,23.595631,8199.417,nan,20.785509
nan,nan,nan,nan,nan,nan,nan,nan,-2.0381351,16.807873,0.083257094,23.62178,8165.6714,nan,20.807926
nan,nan,nan,nan,nan,nan,nan,nan,-2.0297415,16.73736,0.083388209,23.647806,8131.8545,nan,20.830236
nan,nan,nan,nan,nan,nan,nan,nan,-2.0217102,16.833178,0.083518796,23.673706,8099.4956,nan,20.852438
nan,nan,nan,nan,nan,nan,nan,nan,-2.0132511,16.830193,0.083648853,23.69948,8065.4141,nan,20.874533
nan,nan,nan,nan,nan,nan,nan,nan,-2.0053961,16.815407,0.083778381,23.72513,8033.7666,nan,20.896519
nan,nan,nan,nan,nan,nan,nan,nan,-1.997172,16.842844,0.083907388,23.750654,8000.6313,nan,20.918396
nan,nan,nan,nan,nan,nan,nan,nan,-1.9885707,16.974487,0.084035859,23.776052,7965.9766,nan,20.940165
nan,nan,nan,nan,nan,nan,nan,nan,-1.980212,16.967949,0.084163785,23.801327,7932.2993,nan,20.961824
nan,nan,nan,nan,nan,nan,nan,nan,-1.9722118,17.084238,0.084291175,23.826473,7900.0669,nan,20.983376
nan,nan,nan,nan,nan,nan,nan,nan,-1.9636748,16.960415,0.084418036,23.851494,7865.6709,nan,21.004818
nan,nan,nan,nan,nan,nan,nan,nan,-1.9550704,17.020691,0.084544346,23.876389,7831.0034,nan,21.026152
nan,nan,nan,nan,nan,nan,nan,nan,-1.9467484,17.049124,0.084670112,23.901157,7797.4741,nan,21.047375
nan,nan,nan,nan,nan,nan,nan,nan,-1.9379903,17.055948,0.084795326,23.9258,7762.188,nan,21.068491
nan,nan,nan,nan,nan,nan,nan,nan,-1.9295332,17.164276,0.084919982,23.950317,7728.1143,nan,21.089497
nan,nan,nan,nan,nan,nan,nan,nan,-1.9212338,17.117363,0.085044101,23.974707,7694.6758,nan,21.110394
nan,nan,nan,nan,nan,nan,nan,nan,-1.9125847,17.154467,0.085167676,23.998968,7659.8286,nan,21.131182
nan,nan,nan,nan,nan,nan,nan,nan,-1.904165,17.175224,0.085290693,24.023104,7625.9053,nan,21.151859
nan,nan,nan,nan,nan,nan,nan,nan,-1.8958601,17.238913,0.08541318,24.047113,7592.4443,nan,21.172428
nan,nan,nan,nan,nan,nan,nan,nan,-1.8876141,17.281704,0.085535124,24.070993,7559.2217,nan,21.192886
nan,nan,nan,nan,nan,nan,nan,nan,-1.8792267,17.296062,0.085656539,24.094749,7525.4287,nan,21.213236
nan,nan,nan,nan,nan,nan,nan,nan,-1.8707912,17.262796,0.085777409,24.118376,7491.4419,nan,21.233475
nan,nan,nan,nan,nan,nan,nan,nan,-1.8623061,17.338854,0.085897736,24.141876,7457.2554,nan,21.253605
nan,nan,nan,nan,nan,nan,nan,nan,-1.8537612,17.323643,0.086017512,24.165247,7422.8276,nan,21.273624
nan,nan,nan,nan,nan,nan,nan,nan,-1.8455192,17.359182,0.086136751,24.188492,7389.6206,nan,21.293533
nan,nan,nan,nan,nan,nan,nan,nan,-1.8373168,17.326344,0.086255454,24.211609,7356.5732,nan,21.313332
nan,nan,nan,nan,nan,nan,nan,nan,-1.828892,17.380934,0.08637362,24.234598,7322.6294,nan,21.333021
nan,nan,nan,nan,nan,nan,nan,nan,-1.8205065,17.38335,0.08649125,24.25746,7288.8442,nan,21.3526
nan,nan,nan,nan,nan,nan,nan,nan,-1.8118304,17.410078,0.086608328,24.280191,7253.8882,nan,21.372068
nan,nan,nan,nan,nan,nan,nan,nan,-1.8035078,17.461115,0.086724855,24.302797,7220.3569,nan,21.391426
nan,nan,nan,nan,nan,nan,nan,nan,-1.7949194,17.47533,0.086840846,24.325274,7185.7539,nan,21.410673
nan,nan,nan,nan,nan,nan,nan,nan,-1.7862499,17.49893,0.08695627,24.347622,7150.8242,nan,21.42981
nan,nan,nan,nan,nan,nan,nan,nan,-1.777662,17.61195,0.087071143,24.369841,7116.2236,nan,21.448835
nan,nan,nan,nan,nan,nan,nan,nan,-1.7691431,17.488125,0.087185465,24.391932,7081.9009,nan,21.467751
nan,nan,nan,nan,nan,nan,nan,nan,-1.7608315,17.593754,0.087299243,24.413895,7048.4136,nan,21.486555
nan,nan,nan,nan,nan,nan,nan,nan,-1.7526727,17.590342,0.087412491,24.435728,7015.5415,nan,21.505249
nan,nan,nan,nan,nan,nan,nan,nan,-1.7442173,17.659718,0.087525204,24.457432,6981.4746,nan,21.52383
nan,nan,nan,nan,nan,nan,nan,nan,-1.7356273,17.596739,0.087637365,24.479008,6946.8652,nan,21.542301
nan,nan,nan,nan,nan,nan,nan,nan,-1.7270679,17.637398,0.087748975,24.500454,6912.3799,nan,21.560661
nan,nan,nan,nan,nan,nan,nan,nan,-1.718398,17.750702,0.087860033,24.521772,6877.4487,nan,21.578911
nan,nan,nan,nan,nan,nan,nan,nan,-1.7096257,17.743309,0.087970525,24.542961,6842.105,nan,21.597048
nan,nan,nan,nan,nan,nan,nan,nan,-1.7008222,17.737055,0.088080451,24.564018,6806.6357,nan,21.615074
nan,nan,nan,nan,nan,nan,nan,nan,-1.6921439,17.747433,0.088189811,24.584948,6771.6704,nan,21.632988
nan,nan,nan,nan,nan,nan,nan,nan,-1.6836176,17.801882,0.088298619,24.605749,6737.3179,nan,21.650791
nan,nan,nan,nan,nan,nan,nan,nan,-1.6751759,17.714308,0.088406876,24.626419,6703.3062,nan,21.668484
nan,nan,nan,nan,nan,nan,nan,nan,-1.6667616,17.831736,0.088514596,24.646959,6669.4053,nan,21.686062
nan,nan,nan,nan,nan,nan,nan,nan,-1.6584549,17.832731,0.088621773,24.66737,6635.937,nan,21.703529
nan,nan,nan,nan,nan,nan,nan,nan,-1.6498284,17.867987,0.088728406,24.687651,6601.1807,nan,21.720886
nan,nan,nan,nan,nan,nan,nan,nan,-1.641095,17.865002,0.088834479,24.707802,6565.9941,nan,21.738131
nan,nan,nan,nan,nan,nan,nan,nan,-1.6324059,17.860168,0.088939995,24.727821,6530.9854,nan,21.755262
nan,nan,nan,nan,nan,nan,nan,nan,-1.6240058,17.889027,0.089044951,24.747713,6497.1416,nan,21.772282
nan,nan,nan,nan,nan,nan,nan,nan,-1.6151294,17.93779,0.089149356,24.767473,6461.3784,nan,21.78919
nan,nan,nan,nan,nan,nan,nan,nan,-1.6063739,18.010435,0.089253195,24.787102,6426.1025,nan,21.805984
nan,nan,nan,nan,nan,nan,nan,nan,-1.5979823,17.953285,0.089356475,24.806602,6392.2925,nan,21.822668
nan,nan,nan,nan,nan,nan,nan,nan,-1.5890659,18.013279,0.089459203,24.82597,6356.3687,nan,21.839239
nan,nan,nan,nan,nan,nan,nan,nan,-1.580268,17.960535,0.089561358,24.845207,6320.9214,nan,21.855698
nan,nan,nan,nan,nan,nan,nan,nan,-1.5711012,18.110233,0.089662932,24.864315,6283.9883,nan,21.872044
nan,nan,nan,nan,nan,nan,nan,nan,-1.5622435,18.056211,0.089763924,24.883291,6248.3003,nan,21.888275
nan,nan,nan,nan,nan,nan,nan,nan,-1.5533943,18.087914,0.089864351,24.902138,6212.6475,nan,21.904396
nan,nan,nan,nan,nan,nan,nan,nan,-1.5445697,18.091894,0.089964204,24.920851,6177.0928,nan,21.920403
nan,nan,nan,nan,nan,nan,nan,nan,-1.5355573,18.10668,0.090063483,24.939434,6140.7812,nan,21.936296
nan,nan,nan,nan,nan,nan,nan,nan,-1.5265698,18.076826,0.09016218,24.957886,6104.5713,nan,21.952078
nan,nan,nan,nan,nan,nan,nan,nan,-1.5179087,18.129,0.090260312,24.976206,6069.6753,nan,21.967747
nan,nan,nan,nan,nan,nan,nan,nan,-1.5085775,18.138241,0.090357862,24.994394,6032.0796,nan,21.983301
nan,nan,nan,nan,nan,nan,nan,nan,-1.49983,18.178188,0.090454824,25.012453,5996.8364,nan,21.998743
nan,nan,nan,nan,nan,nan,nan,nan,-1.4911139,18.195959,0.090551235,25.030378,5961.7188,nan,22.014071
nan,nan,nan,nan,nan,nan,nan,nan,-1.4823133,18.165962,0.090647072,25.048172,5926.2607,nan,22.029285
nan,nan,nan,nan,nan,nan,nan,nan,-1.4735579,18.287512,0.090742342,25.065834,5890.9858,nan,22.044386
nan,nan,nan,nan,nan,nan,nan,nan,-1.4650631,18.24472,0.090837061,25.083363,5856.7598,nan,22.059374
nan,nan,nan,nan,nan,nan,nan,nan,-1.4563191,18.26306,0.090931222,25.100761,5821.5303,nan,22.074247
nan,nan,nan,nan,nan,nan,nan,nan,-1.4475343,18.339828,0.091024823,25.118027,5786.1362,nan,22.089006
nan,nan,nan,nan,nan,nan,nan,nan,-1.4384773,18.274433,0.091117844,25.135159,5749.645,nan,22.103651
nan,nan,nan,nan,nan,nan,nan,nan,-1.4294617,18.343809,0.091210283,25.152159,5713.3218,nan,22.118183
nan,nan,nan,nan,nan,nan,nan,nan,-1.4204326,18.39712,0.091302142,25.169027,5676.9429,nan,22.132599
nan,nan,nan,nan,nan,nan,nan,nan,-1.4114707,18.294336,0.091393419,25.185762,5640.8354,nan,22.146902
nan,nan,nan,nan,nan,nan,nan,nan,-1.4024091,18.402239,0.091484115,25.202364,5604.3262,nan,22.161089
nan,nan,nan,nan,nan,nan,nan,nan,-1.3935335,18.386742,0.091574237,25.218834,5568.5664,nan,22.175163
nan,nan,nan,nan,nan,nan,nan,nan,-1.3844929,18.387169,0.091663778,25.235168,5532.1416,nan,22.189121
nan,nan,nan,nan,nan,nan,nan,nan,-1.3753924,18.432661,0.091752738,25.251371,5495.4761,nan,22.202967
nan,nan,nan,nan,nan,nan,nan,nan,-1.3661995,18.407499,0.091841102,25.267441,5458.4375,nan,22.216694
nan,nan,nan,nan,nan,nan,nan,nan,-1.3570863,18.523788,0.091928877,25.283377,5421.7202,nan,22.230309
nan,nan,nan,nan,nan,nan,nan,nan,-1.3481314,18.476873,0.092016071,25.299179,5385.6411,nan,22.243807
nan,nan,nan,nan,nan,nan,nan,nan,-1.3394896,18.461662,0.092102699,25.314848,5350.8228,nan,22.257191
nan,nan,nan,nan,nan,nan,nan,nan,-1.3306592,18.589041,0.092188768,25.330381,5315.2451,nan,22.270458
nan,nan,nan,nan,nan,nan,nan,nan,-1.3217001,18.526489,0.092274256,25.345783,5279.1489,nan,22.283609
nan,nan,nan,nan,nan,nan,nan,nan,-1.3128467,18.50815,0.09235917,25.361048,5243.4785,nan,22.296646
nan,nan,nan,nan,nan,nan,nan,nan,-1.3038721,18.582075,0.092443518,25.376181,5207.3198,nan,22.309566
nan,nan,nan,nan,nan,nan,nan,nan,-1.2947781,18.580227,0.092527278,25.391178,5170.6797,nan,22.322371
nan,nan,nan,nan,nan,nan,nan,nan,-1.2858768,18.591032,0.092610456,25.40604,5134.8164,nan,22.335058
nan,nan,nan,nan,nan,nan,nan,nan,-1.2767478,18.577526,0.092693053,25.420767,5098.0361,nan,22.34763
nan,nan,nan,nan,nan,nan,nan,nan,-1.2675763,18.634392,0.092775062,25.43536,5061.084,nan,22.360086
nan,nan,nan,nan,nan,nan,nan,nan,-1.2586795,18.670502,0.092856489,25.449818,5025.2388,nan,22.372425
nan,nan,nan,nan,nan,nan,nan,nan,-1.2498552,18.673203,0.092937343,25.46414,4989.6851,nan,22.384645
nan,nan,nan,nan,nan,nan,nan,nan,-1.2406957,18.674339,0.093017623,25.478327,4952.7817,nan,22.396751
nan,nan,nan,nan,nan,nan,nan,nan,-1.2314608,18.677752,0.093097299,25.492378,4915.5737,nan,22.408739
nan,nan,nan,nan,nan,nan,nan,nan,-1.2222397,18.697655,0.093176387,25.506292,4878.4224,nan,22.420609
nan,nan,nan,nan,nan,nan,nan,nan,-1.2129197,18.713293,0.093254879,25.520071,4840.8721,nan,22.432362
nan,nan,nan,nan,nan,nan,nan,nan,-1.2035152,18.668653,0.093332767,25.533714,4802.981,nan,22.443996
nan,nan,nan,nan,nan,nan,nan,nan,-1.1944039,18.81366,0.09341006,25.54722,4766.2715,nan,22.455515
nan,nan,nan,nan,nan,nan,nan,nan,-1.1852716,18.725092,0.093486756,25.560591,4729.4775,nan,22.466913
nan,nan,nan,nan,nan,nan,nan,nan,-1.1762457,18.720543,0.093562879,25.573824,4693.1123,nan,22.478195
nan,nan,nan,nan,nan,nan,nan,nan,-1.1666459,18.804989,0.09363839,25.58692,4654.4341,nan,22.489357
nan,nan,nan,nan,nan,nan,nan,nan,-1.1572844,18.749971,0.093713298,25.599878,4616.7168,nan,22.500401
nan,nan,nan,nan,nan,nan,nan,nan,-1.1479622,18.814655,0.093787603,25.6127,4579.1577,nan,22.511328
nan,nan,nan,nan,nan,nan,nan,nan,-1.1386249,18.780394,0.093861304,25.625383,4541.5376,nan,22.522133
nan,nan,nan,nan,nan,nan,nan,nan,-1.1293494,18.776697,0.093934402,25.63793,4504.1665,nan,22.53282
nan,nan,nan,nan,nan,nan,nan,nan,-1.1199648,18.823328,0.094006903,25.650339,4466.356,nan,22.543388
nan,nan,nan,nan,nan,nan,nan,nan,-1.1108956,18.844936,0.094078809,25.662609,4429.8159,nan,22.553837
nan,nan,nan,nan,nan,nan,nan,nan,-1.1016942,18.84124,0.094150126,25.67474,4392.7432,nan,22.564165
nan,nan,nan,nan,nan,nan,nan,nan,-1.0926042,18.835268,0.094220854,25.686733,4356.1196,nan,22.574373
nan,nan,nan,nan,nan,nan,nan,nan,-1.0832987,18.859579,0.094290987,25.698586,4318.6279,nan,22.584463
nan,nan,nan,nan,nan,nan,nan,nan,-1.0737401,18.856735,0.094360508,25.7103,4280.1162,nan,22.594431
nan,nan,nan,nan,nan,nan,nan,nan,-1.0643009,18.820484,0.094429426,25.721876,4242.0854,nan,22.604279
nan,nan,nan,nan,nan,nan,nan,nan,-1.0548246,18.869673,0.094497725,25.733313,4203.9053,nan,22.614004
nan,nan,nan,nan,nan,nan,nan,nan,-1.0456159,18.916729,0.094565429,25.744608,4166.8032,nan,22.62361
nan,nan,nan,nan,nan,nan,nan,nan,-1.0364012,18.939617,0.094632536,25.755764,4129.6772,nan,22.633093
nan,nan,nan,nan,nan,nan,nan,nan,-1.0271413,18.878771,0.094699048,25.766779,4092.3689,nan,22.642456
nan,nan,nan,nan,nan,nan,nan,nan,-1.0181334,18.986105,0.09476497,25.777655,4056.0762,nan,22.651695
nan,nan,nan,nan,nan,nan,nan,nan,-1.0089154,18.951559,0.094830312,25.788387,4018.9368,nan,22.660814
nan,nan,nan,nan,nan,nan,nan,nan,-0.99932408,18.952271,0.094895042,25.798981,3980.2932,nan,22.669811
nan,nan,nan,nan,nan,nan,nan,nan,-0.99003136,18.990938,0.094959162,25.809431,3942.8528,nan,22.678684
nan,nan,nan,nan,nan,nan,nan,nan,-0.98044056,19.062731,0.095022671,25.819742,3904.2114,nan,22.687435
nan,nan,nan,nan,nan,nan,nan,nan,-0.97097909,18.979139,0.095085569,25.829908,3866.0911,nan,22.696062
nan,nan,nan,nan,nan,nan,nan,nan,-0.96129787,19.025341,0.095147856,25.839935,3827.0852,nan,22.704567
nan,nan,nan,nan,nan,nan,nan,nan,-0.95189494,18.981981,0.095209517,25.849817,3789.2009,nan,22.712948
nan,nan,nan,nan,nan,nan,nan,nan,-0.94273931,19.033445,0.095270589,25.859558,3752.3125,nan,22.721205
nan,nan,nan,nan,nan,nan,nan,nan,-0.93351549,19.014679,0.095331065,25.869154,3715.1499,nan,22.729336
nan,nan,nan,nan,nan,nan,nan,nan,-0.92405492,19.103247,0.095390938,25.878609,3677.033,nan,22.737345
nan,nan,nan,nan,nan,nan,nan,nan,-0.91465873,18.995203,0.0954502,25.887918,3639.1758,nan,22.745228
nan,nan,nan,nan,nan,nan,nan,nan,-0.9053216,19.008993,0.095508866,25.897083,3601.5564,nan,22.752985
nan,nan,nan,nan,nan,nan,nan,nan,-0.89635682,19.070265,0.095566936,25.906105,3565.4373,nan,22.760618
nan,nan,nan,nan,nan,nan,nan,nan,-0.88701063,19.058323,0.095624417,25.914982,3527.7812,nan,22.768126
nan,nan,nan,nan,nan,nan,nan,nan,-0.87720847,19.089884,0.09568128,25.923714,3488.2883,nan,22.775507
nan,nan,nan,nan,nan,nan,nan,nan,-0.86745292,19.106234,0.095737517,25.932301,3448.9829,nan,22.782763
nan,nan,nan,nan,nan,nan,nan,nan,-0.85810512,19.125282,0.095793135,25.940742,3411.3208,nan,22.78989
nan,nan,nan,nan,nan,nan,nan,nan,-0.84900796,19.083914,0.095848158,25.949038,3374.6682,nan,22.796892
nan,nan,nan,nan,nan,nan,nan,nan,-0.83969527,19.11334,0.095902584,25.957186,3337.1475,nan,22.803766
nan,nan,nan,nan,nan,nan,nan,nan,-0.8301037,19.10865,0.095956407,25.965187,3298.5029,nan,22.810514
nan,nan,nan,nan,nan,nan,nan,nan,-0.8207348,19.096565,0.09600962,25.973043,3260.7554,nan,22.817133
nan,nan,nan,nan,nan,nan,nan,nan,-0.81083757,19.148598,0.096062206,25.980751,3220.8794,nan,22.823624
nan,nan,nan,nan,nan,nan,nan,nan,-0.80121195,19.158548,0.096114166,25.988312,3182.0977,nan,22.829987
nan,nan,nan,nan,nan,nan,nan,nan,-0.79144174,19.133671,0.096165501,25.995724,3142.7334,nan,22.83622
nan,nan,nan,nan,nan,nan,nan,nan,-0.78163952,19.10993,0.096216202,26.002987,3103.2402,nan,22.842325
nan,nan,nan,nan,nan,nan,nan,nan,-0.77188885,19.162388,0.096266277,26.010101,3063.9546,nan,22.848299
nan,nan,nan,nan,nan,nan,nan,nan,-0.76220858,19.220818,0.096315727,26.017067,3024.9529,nan,22.854145
nan,nan,nan,nan,nan,nan,nan,nan,-0.75289172,19.167221,0.096364558,26.023884,2987.415,nan,22.859859
nan,nan,nan,nan,nan,nan,nan,nan,-0.74322373,19.148029,0.096412785,26.03055,2948.4626,nan,22.865444
nan,nan,nan,nan,nan,nan,nan,nan,-0.73360825,19.264462,0.096460387,26.037066,2909.7217,nan,22.870897
nan,nan,nan,nan,nan,nan,nan,nan,-0.72416252,19.203615,0.09650737,26.04343,2871.6648,nan,22.876221
nan,nan,nan,nan,nan,nan,nan,nan,-0.71459109,19.178595,0.096553743,26.049644,2833.1016,nan,22.881411
nan,nan,nan,nan,nan,nan,nan,nan,-0.7048617,19.106943,0.096599497,26.055708,2793.9016,nan,22.886469
nan,nan,nan,nan,nan,nan,nan,nan,-0.69491106,19.22295,0.096644618,26.061619,2753.8105,nan,22.891396
nan,nan,nan,nan,nan,nan,nan,nan,-0.6856088,19.154995,0.096689112,26.067377,2716.3315,nan,22.896189
nan,nan,nan,nan,nan,nan,nan,nan,-0.67606819,19.219963,0.096733004,26.072983,2677.8923,nan,22.900848
nan,nan,nan,nan,nan,nan,nan,nan,-0.66654766,19.163668,0.096776277,26.078436,2639.5342,nan,22.905376
nan,nan,nan,nan,nan,nan,nan,nan,-0.65700865,19.236881,0.096818939,26.083736,2601.1013,nan,22.909769
nan,nan,nan,nan,nan,nan,nan,nan,-0.64744532,19.247118,0.096860982,26.088881,2562.5706,nan,22.914028
nan,nan,nan,nan,nan,nan,nan,nan,-0.63817924,19.203331,0.096902423,26.093872,2525.2373,nan,22.918152
nan,nan,nan,nan,nan,nan,nan,nan,-0.62866288,19.222239,0.096943252,26.098707,2486.896,nan,22.92214
nan,nan,nan,nan,nan,nan,nan,nan,-0.61887574,19.249535,0.096983463,26.10339,2447.4634,nan,22.925993
nan,nan,nan,nan,nan,nan,nan,nan,-0.60935074,19.262754,0.097023055,26.107914,2409.0872,nan,22.92971
nan,nan,nan,nan,nan,nan,nan,nan,-0.5999096,19.224798,0.097062029,26.112284,2371.0488,nan,22.933292
nan,nan,nan,nan,nan,nan,nan,nan,-0.59058994,19.256357,0.097100399,26.116495,2333.4998,nan,22.936737
nan,nan,nan,nan,nan,nan,nan,nan,-0.58104581,19.352461,0.097138166,26.120552,2295.0464,nan,22.940044
nan,nan,nan,nan,nan,nan,nan,nan,-0.57156515,19.260338,0.097175315,26.124449,2256.8486,nan,22.943213
nan,nan,nan,nan,nan,nan,nan,nan,-0.56237912,19.280952,0.097211868,26.128189,2219.8381,nan,22.946245
nan,nan,nan,nan,nan,nan,nan,nan,-0.55297673,19.320047,0.097247817,26.131771,2181.9558,nan,22.949139
nan,nan,nan,nan,nan,nan,nan,nan,-0.54351157,19.310665,0.097283162,26.135193,2143.8206,nan,22.951893
nan,nan,nan,nan,nan,nan,nan,nan,-0.53379661,19.337675,0.097317882,26.138456,2104.679,nan,22.954508
nan,nan,nan,nan,nan,nan,nan,nan,-0.52435088,19.270575,0.097351991,26.141562,2066.6221,nan,22.956984
nan,nan,nan,nan,nan,nan,nan,nan,-0.51486754,19.329573,0.097385488,26.144505,2028.4136,nan,22.959318
nan,nan,nan,nan,nan,nan,nan,nan,-0.50532025,19.333979,0.097418368,26.147287,1989.9474,nan,22.961514
nan,nan,nan,nan,nan,nan,nan,nan,-0.49557284,19.251099,0.097450629,26.149908,1950.6749,nan,22.963568
nan,nan,nan,nan,nan,nan,nan,nan,-0.48574781,19.291615,0.097482257,26.152367,1911.09,nan,22.965479
nan,nan,nan,nan,nan,nan,nan,nan,-0.4762277,19.402359,0.097513266,26.154665,1872.7333,nan,22.967251
nan,nan,nan,nan,nan,nan,nan,nan,-0.46669313,19.31109,0.097543657,26.156799,1834.3184,nan,22.968878
nan,nan,nan,nan,nan,nan,nan,nan,-0.45702347,19.329573,0.097573429,26.158772,1795.3593,nan,22.970364
nan,nan,nan,nan,nan,nan,nan,nan,-0.44771338,19.325308,0.097602591,26.160578,1757.8488,nan,22.971706
nan,nan,nan,nan,nan,nan,nan,nan,-0.43809521,19.396105,0.097631142,26.162222,1719.0972,nan,22.972904
nan,nan,nan,nan,nan,nan,nan,nan,-0.42881447,19.354877,0.097659089,26.1637,1681.705,nan,22.973957
nan,nan,nan,nan,nan,nan,nan,nan,-0.41927552,19.263182,0.097686425,26.165014,1643.2725,nan,22.974867
nan,nan,nan,nan,nan,nan,nan,nan,-0.40959823,19.285786,0.097713143,26.166161,1604.2826,nan,22.975632
nan,nan,nan,nan,nan,nan,nan,nan,-0.39974856,19.333269,0.097739227,26.167143,1564.5981,nan,22.97625
nan,nan,nan,nan,nan,nan,nan,nan,-0.39023873,19.331705,0.097764686,26.167957,1526.283,nan,22.976723
nan,nan,nan,nan,nan,nan,nan,nan,-0.38069069,19.316635,0.097789541,26.168604,1487.8138,nan,22.977049
nan,nan,nan,nan,nan,nan,nan,nan,-0.37087417,19.304552,0.097813763,26.169085,1448.2629,nan,22.977228
nan,nan,nan,nan,nan,nan,nan,nan,-0.36141458,19.334406,0.097837366,26.169395,1410.1501,nan,22.977261
nan,nan,nan,nan,nan,nan,nan,nan,-0.35156494,19.351324,0.097860344,26.169538,1370.4658,nan,22.977144
nan,nan,nan,nan,nan,nan,nan,nan,-0.34181401,19.342936,0.097882695,26.16951,1331.1793,nan,22.976879
nan,nan,nan,nan,nan,nan,nan,nan,-0.33187994,19.26503,0.097904406,26.169313,1291.1548,nan,22.976465
nan,nan,nan,nan,nan,nan,nan,nan,-0.32218653,19.298296,0.097925492,26.168945,1252.1001,nan,22.975903
nan,nan,nan,nan,nan,nan,nan,nan,-0.31221128,19.295168,0.097945936,26.168407,1211.9095,nan,22.975189
nan,nan,nan,nan,nan,nan,nan,nan,-0.30229506,19.318056,0.097965747,26.167696,1171.957,nan,22.974327
nan,nan,nan,nan,nan,nan,nan,nan,-0.29253057,19.312513,0.097984917,26.166815,1132.6158,nan,22.973312
nan,nan,nan,nan,nan,nan,nan,nan,-0.28272071,19.255789,0.098003462,26.16576,1093.0919,nan,22.972147
nan,nan,nan,nan,nan,nan,nan,nan,-0.27338174,19.288486,0.098021388,26.164532,1055.4651,nan,22.970829
nan,nan,nan,nan,nan,nan,nan,nan,-0.26371703,19.324169,0.098038696,26.16313,1016.5258,nan,22.96936
nan,nan,nan,nan,nan,nan,nan,nan,-0.254031,19.332699,0.098055385,26.161554,977.50085,nan,22.967737
nan,nan,nan,nan,nan,nan,nan,nan,-0.24425626,19.256641,0.098071449,26.159801,938.11823,nan,22.965961
nan,nan,nan,nan,nan,nan,nan,nan,-0.23415084,19.304268,0.098086864,26.157877,897.40344,nan,22.964031
nan,nan,nan,nan,nan,nan,nan,nan,-0.22425668,19.25124,0.098101638,26.155773,857.53973,nan,22.961948
nan,nan,nan,nan,nan,nan,nan,nan,-0.21444939,19.298296,0.098115779,26.153496,818.02612,nan,22.959709
nan,nan,nan,nan,nan,nan,nan,nan,-0.20484847,19.262186,0.098129295,26.151039,779.34393,nan,22.957315
nan,nan,nan,nan,nan,nan,nan,nan,-0.19510226,19.242994,0.098142184,26.148405,740.07635,nan,22.954765
nan,nan,nan,nan,nan,nan,nan,nan,-0.1853954,19.313223,0.098154448,26.145594,700.96735,nan,22.952059
nan,nan,nan,nan,nan,nan,nan,nan,-0.17572655,19.32218,0.098166093,26.142605,662.01141,nan,22.949196
nan,nan,nan,nan,nan,nan,nan,nan,-0.16625696,19.321753,0.098177113,26.139435,623.8584,nan,22.946177
nan,nan,nan,nan,nan,nan,nan,nan,-0.15675595,19.279245,0.098187529,26.136086,585.5788,nan,22.942997
nan,nan,nan,nan,nan,nan,nan,nan,-0.14708158,19.27356,0.098197319,26.132555,546.60065,nan,22.939661
nan,nan,nan,nan,nan,nan,nan,nan,-0.13736141,19.250813,0.09820649,26.128845,507.43796,nan,22.936167
nan,nan,nan,nan,nan,nan,nan,nan,-0.12779422,19.267305,0.098215036,26.124952,468.89166,nan,22.932512
nan,nan,nan,nan,nan,nan,nan,nan,-0.11770935,19.291756,0.098222949,26.120878,428.25964,nan,22.928698
nan,nan,nan,nan,nan,nan,nan,nan,-0.1074497,19.345068,0.098230205,26.116621,386.92343,nan,22.924723
nan,nan,nan,nan,nan,nan,nan,nan,-0.097474404,19.20191,0.098236807,26.112181,346.73288,nan,22.920588
nan,nan,nan,nan,nan,nan,nan,nan,-0.087752923,19.293463,0.098242782,26.107557,307.56494,nan,22.91629
nan,nan,nan,nan,nan,nan,nan,nan,-0.077960148,19.227072,0.098248124,26.102749,268.10974,nan,22.911831
nan,nan,nan,nan,nan,nan,nan,nan,-0.068247177,19.25252,0.098252833,26.097755,228.97612,nan,22.907211
nan,nan,nan,nan,nan,nan,nan,nan,-0.058738489,19.240862,0.098256923,26.092577,190.66553,nan,22.902428
nan,nan,nan,nan,nan,nan,nan,nan,-0.049045768,19.225651,0.098260403,26.087214,151.61346,nan,22.89748
nan,nan,nan,nan,nan,nan,nan,nan,-0.039286613,19.133387,0.098263249,26.081661,112.29374,nan,22.892368
nan,nan,nan,nan,nan,nan,nan,nan,-0.029169768,19.257353,0.098265454,26.075924,71.532883,nan,22.887094
nan,nan,nan,nan,nan,nan,nan,nan,-0.01884394,19.251524,0.098267004,26.069998,29.930035,nan,22.881655
nan,nan,nan,nan,nan,nan,nan,nan,-0.0087545235,19.185276,0.098267891,26.063885,-10.720315,nan,22.876049
nan,nan,nan,nan,nan,nan,nan,nan,0.00080757856,19.233469,0.098268144,26.057581,-49.246109,nan,22.870277
nan,nan,nan,nan,nan,nan,nan,nan,0.010320381,19.212288,0.098267786,26.051088,-87.57328,nan,22.86434
nan,nan,nan,nan,nan,nan,nan,nan,0.019653574,19.219679,0.098266825,26.044407,-125.1768,nan,22.858236
nan,nan,nan,nan,nan,nan,nan,nan,0.029001184,19.125282,0.098265253,26.037535,-162.83839,nan,22.851965
nan,nan,nan,nan,nan,nan,nan,nan,0.038078956,19.129122,0.098263092,26.030472,-199.41283,nan,22.845526
nan,nan,nan,nan,nan,nan,nan,nan,0.047373332,19.166794,0.098260336,26.023216,-236.85994,nan,22.838919
nan,nan,nan,nan,nan,nan,nan,nan,0.056632183,19.122866,0.098256983,26.01577,-274.16394,nan,22.832142
nan,nan,nan,nan,nan,nan,nan,nan,0.066205293,19.137367,0.098253027,26.008131,-312.73407,nan,22.825197
nan,nan,nan,nan,nan,nan,nan,nan,0.075885408,19.139925,0.098248444,26.000298,-351.73532,nan,22.818083
nan,nan,nan,nan,nan,nan,nan,nan,0.085728884,19.165657,0.098243237,25.992271,-391.39481,nan,22.810797
nan,nan,nan,nan,nan,nan,nan,nan,0.095535062,19.135519,0.098237395,25.984051,-430.90396,nan,22.803343
nan,nan,nan,nan,nan,nan,nan,nan,0.10497321,19.154711,0.098230928,25.975636,-468.93036,nan,22.795715
nan,nan,nan,nan,nan,nan,nan,nan,0.11447267,19.181864,0.098223858,25.967024,-507.20377,nan,22.787916
nan,nan,nan,nan,nan,nan,nan,nan,0.1236352,19.131254,0.098216183,25.958218,-544.11963,nan,22.779947
nan,nan,nan,nan,nan,nan,nan,nan,0.13321851,19.061026,0.098207906,25.949215,-582.73096,nan,22.771805
nan,nan,nan,nan,nan,nan,nan,nan,0.14253618,19.144617,0.098199017,25.940016,-620.27191,nan,22.763489
nan,nan,nan,nan,nan,nan,nan,nan,0.15206733,19.06728,0.098189518,25.930618,-658.67297,nan,22.754999
nan,nan,nan,nan,nan,nan,nan,nan,0.16160497,19.065432,0.098179407,25.921022,-697.10022,nan,22.746336
nan,nan,nan,nan,nan,nan,nan,nan,0.17146319,19.077658,0.098168679,25.91123,-736.81909,nan,22.737499
nan,nan,nan,nan,nan,nan,nan,nan,0.18119414,19.006433,0.098157309,25.901237,-776.02521,nan,22.728487
nan,nan,nan,nan,nan,nan,nan,nan,0.19086795,18.99634,0.098145314,25.891045,-815.00098,nan,22.719299
nan,nan,nan,nan,nan,nan,nan,nan,0.20048016,19.066143,0.0981327,25.880653,-853.7287,nan,22.709936
nan,nan,nan,nan,nan,nan,nan,nan,0.21021886,18.972172,0.098119467,25.870062,-892.966,nan,22.700397
nan,nan,nan,nan,nan,nan,nan,nan,0.21991405,18.946726,0.098105602,25.859268,-932.02802,nan,22.690681
nan,nan,nan,nan,nan,nan,nan,nan,0.22990894,19.05875,0.098091103,25.848272,-972.29755,nan,22.68079
nan,nan,nan,nan,nan,nan,nan,nan,0.23961359,18.901375,0.098075971,25.837076,-1011.3976,nan,22.670719
nan,nan,nan,nan,nan,nan,nan,nan,0.2492177,19.000748,0.098060213,25.825678,-1050.0927,nan,22.660471
nan,nan,nan,nan,nan,nan,nan,nan,0.2587117,18.963217,0.098043844,25.814075,-1088.3441,nan,22.650045
nan,nan,nan,nan,nan,nan,nan,nan,0.26818219,18.929808,0.098026857,25.802271,-1126.5007,nan,22.639441
nan,nan,nan,nan,nan,nan,nan,nan,0.27764261,18.932652,0.098009266,25.79026,-1164.6168,nan,22.628656
nan,nan,nan,nan,nan,nan,nan,nan,0.28742865,18.903082,0.097991049,25.778048,-1204.0449,nan,22.617693
nan,nan,nan,nan,nan,nan,nan,nan,0.29737461,18.870525,0.097972199,25.765629,-1244.1173,nan,22.60655
nan,nan,nan,nan,nan,nan,nan,nan,0.30709013,18.835127,0.097952716,25.753006,-1283.2612,nan,22.595228
nan,nan,nan,nan,nan,nan,nan,nan,0.31664756,18.909336,0.097932614,25.740177,-1321.7682,nan,22.583723
nan,nan,nan,nan,nan,nan,nan,nan,0.32659343,18.95554,0.097911879,25.727142,-1361.8402,nan,22.572039
nan,nan,nan,nan,nan,nan,nan,nan,0.3365472,18.860716,0.097890504,25.7139,-1401.944,nan,22.560171
nan,nan,nan,nan,nan,nan,nan,nan,0.34665269,18.859863,0.097868487,25.700451,-1442.6591,nan,22.548124
nan,nan,nan,nan,nan,nan,nan,nan,0.35704634,18.859011,0.097845808,25.686794,-1484.5353,nan,22.535892
nan,nan,nan,nan,nan,nan,nan,nan,0.36685655,18.787643,0.097822472,25.67293,-1524.0607,nan,22.523479
nan,nan,nan,nan,nan,nan,nan,nan,0.37648389,18.752672,0.097798511,25.658857,-1562.8492,nan,22.510883
nan,nan,nan,nan,nan,nan,nan,nan,0.38602394,18.772148,0.097773932,25.644577,-1601.2863,nan,22.498104
nan,nan,nan,nan,nan,nan,nan,nan,0.39570943,18.857731,0.097748734,25.630087,-1640.3092,nan,22.485142
nan,nan,nan,nan,nan,nan,nan,nan,0.40564233,18.739023,0.09772291,25.615387,-1680.329,nan,22.471994
nan,nan,nan,nan,nan,nan,nan,nan,0.41551143,18.846785,0.097696438,25.600477,-1720.0917,nan,22.458664
nan,nan,nan,nan,nan,nan,nan,nan,0.42537519,18.746416,0.097669341,25.585358,-1759.8328,nan,22.445147
nan,nan,nan,nan,nan,nan,nan,nan,0.43531305,18.727367,0.097641595,25.570026,-1799.8726,nan,22.431446
nan,nan,nan,nan,nan,nan,nan,nan,0.44512984,18.665098,0.097613215,25.554485,-1839.4244,nan,22.417561
nan,nan,nan,nan,nan,nan,nan,nan,0.4549042,18.729641,0.09758421,25.538733,-1878.8054,nan,22.403488
nan,nan,nan,nan,nan,nan,nan,nan,0.46455535,18.702772,0.097554572,25.522768,-1917.6901,nan,22.389231
nan,nan,nan,nan,nan,nan,nan,nan,0.47377557,18.742435,0.09752433,25.506592,-1954.8383,nan,22.374786
nan,nan,nan,nan,nan,nan,nan,nan,0.48340881,18.693247,0.097493477,25.490202,-1993.6508,nan,22.360155
nan,nan,nan,nan,nan,nan,nan,nan,0.49312642,18.605532,0.097461998,25.4736,-2032.8031,nan,22.345339
nan,nan,nan,nan,nan,nan,nan,nan,0.50285369,18.661118,0.097429894,25.456785,-2071.9941,nan,22.330334
nan,nan,nan,nan,nan,nan,nan,nan,0.51244223,18.607096,0.097397171,25.439756,-2110.6265,nan,22.315142
nan,nan,nan,nan,nan,nan,nan,nan,0.52201104,18.579231,0.09736383,25.422514,-2149.1794,nan,22.299761
nan,nan,nan,nan,nan,nan,nan,nan,0.53172719,18.659555,0.097329862,25.405058,-2188.3259,nan,22.284193
nan,nan,nan,nan,nan,nan,nan,nan,0.54138994,18.488815,0.097295277,25.387386,-2227.2571,nan,22.268438
nan,nan,nan,nan,nan,nan,nan,nan,0.55129266,18.469198,0.097260058,25.369501,-2267.1555,nan,22.252493
nan,nan,nan,nan,nan,nan,nan,nan,0.56118572,18.531607,0.097224198,25.3514,-2307.0146,nan,22.236361
nan,nan,nan,nan,nan,nan,nan,nan,0.57101566,18.485119,0.097187705,25.333084,-2346.6196,nan,22.220037
nan,nan,nan,nan,nan,nan,nan,nan,0.58088583,18.452707,0.097150579,25.314552,-2386.3865,nan,22.203527
nan,nan,nan,nan,nan,nan,nan,nan,0.5905301,18.485119,0.09711282,25.295805,-2425.2434,nan,22.186827
nan,nan,nan,nan,nan,nan,nan,nan,0.6000939,18.362576,0.097074442,25.276842,-2463.7759,nan,22.169935
nan,nan,nan,nan,nan,nan,nan,nan,0.60962874,18.434368,0.097035453,25.257662,-2502.1919,nan,22.152855
nan,nan,nan,nan,nan,nan,nan,nan,0.61930251,18.368546,0.096995838,25.238266,-2541.1677,nan,22.135586
nan,nan,nan,nan,nan,nan,nan,nan,0.62907869,18.419014,0.096955605,25.218653,-2580.5559,nan,22.118124
nan,nan,nan,nan,nan,nan,nan,nan,0.63892329,18.310543,0.096914731,25.198824,-2620.22,nan,22.100473
nan,nan,nan,nan,nan,nan,nan,nan,0.64872575,18.276709,0.096873231,25.178776,-2659.7141,nan,22.082632
nan,nan,nan,nan,nan,nan,nan,nan,0.65856028,18.289644,0.096831091,25.158512,-2699.3376,nan,22.0646
nan,nan,nan,nan,nan,nan,nan,nan,0.6685214,18.335848,0.096788317,25.138029,-2739.4709,nan,22.046377
nan,nan,nan,nan,nan,nan,nan,nan,0.67806292,18.249697,0.096744917,25.117331,-2777.9138,nan,22.027962
nan,nan,nan,nan,nan,nan,nan,nan,0.68745619,18.25709,0.096700899,25.096413,-2815.7595,nan,22.009357
nan,nan,nan,nan,nan,nan,nan,nan,0.69682372,18.200224,0.096656285,25.075275,-2853.5012,nan,21.990561
nan,nan,nan,nan,nan,nan,nan,nan,0.70620328,18.221548,0.09661106,25.053923,-2891.2917,nan,21.971571
nan,nan,nan,nan,nan,nan,nan,nan,0.71564698,18.162834,0.096565232,25.032349,-2929.3403,nan,21.952391
nan,nan,nan,nan,nan,nan,nan,nan,0.72492945,18.099287,0.0965188,25.010557,-2966.7397,nan,21.93302
nan,nan,nan,nan,nan,nan,nan,nan,0.73460764,18.173355,0.096471757,24.988548,-3005.7329,nan,21.913456
nan,nan,nan,nan,nan,nan,nan,nan,0.74420506,18.170227,0.096424088,24.96632,-3044.4011,nan,21.8937
nan,nan,nan,nan,nan,nan,nan,nan,0.75390077,18.121607,0.096375801,24.943872,-3083.4651,nan,21.873753
nan,nan,nan,nan,nan,nan,nan,nan,0.76348686,18.109524,0.096326895,24.921206,-3122.0879,nan,21.853611
nan,nan,nan,nan,nan,nan,nan,nan,0.77306008,18.043133,0.096277371,24.898319,-3160.6584,nan,21.833279
nan,nan,nan,nan,nan,nan,nan,nan,0.78269076,18.055075,0.096227221,24.875214,-3199.4604,nan,21.812756
nan,nan,nan,nan,nan,nan,nan,nan,0.7922591,18.068153,0.09617646,24.851889,-3238.0112,nan,21.792038
nan,nan,nan,nan,nan,nan,nan,nan,0.8018204,17.989111,0.096125081,24.828346,-3276.5337,nan,21.77113
nan,nan,nan,nan,nan,nan,nan,nan,0.81181121,17.972477,0.096073069,24.804583,-3316.7869,nan,21.750027
nan,nan,nan,nan,nan,nan,nan,nan,0.82139957,17.905518,0.096020423,24.7806,-3355.4185,nan,21.728733
nan,nan,nan,nan,nan,nan,nan,nan,0.83116347,17.966223,0.095967159,24.756397,-3394.7573,nan,21.707247
nan,nan,nan,nan,nan,nan,nan,nan,0.84044659,17.920731,0.095913284,24.731976,-3432.1592,nan,21.685568
nan,nan,nan,nan,nan,nan,nan,nan,0.84946185,17.838417,0.095858812,24.707335,-3468.4817,nan,21.663696
nan,nan,nan,nan,nan,nan,nan,nan,0.85898298,17.821926,0.095803745,24.682474,-3506.8425,nan,21.641632
nan,nan,nan,nan,nan,nan,nan,nan,0.86868888,17.777998,0.095748059,24.657394,-3545.9475,nan,21.619375
nan,nan,nan,nan,nan,nan,nan,nan,0.87825423,17.867702,0.095691748,24.632095,-3584.4866,nan,21.596928
nan,nan,nan,nan,nan,nan,nan,nan,0.88810146,17.748285,0.095634818,24.606577,-3624.1611,nan,21.574286
nan,nan,nan,nan,nan,nan,nan,nan,0.89754796,17.77487,0.095577262,24.580837,-3662.2212,nan,21.551453
nan,nan,nan,nan,nan,nan,nan,nan,0.90697581,17.672512,0.095519096,24.55488,-3700.2058,nan,21.528425
nan,nan,nan,nan,nan,nan,nan,nan,0.91632402,17.716156,0.095460333,24.528704,-3737.8699,nan,21.505207
nan,nan,nan,nan,nan,nan,nan,nan,0.92570019,17.634554,0.095400959,24.502306,-3775.6467,nan,21.481796
nan,nan,nan,nan,nan,nan,nan,nan,0.9356029,17.706347,0.095340967,24.475691,-3815.5449,nan,21.458195
nan,nan,nan,nan,nan,nan,nan,nan,0.94544607,17.625883,0.095280334,24.448856,-3855.2031,nan,21.434399
nan,nan,nan,nan,nan,nan,nan,nan,0.95534217,17.592331,0.095219068,24.421804,-3895.0745,nan,21.410414
nan,nan,nan,nan,nan,nan,nan,nan,0.96514755,17.531628,0.095157169,24.394531,-3934.5806,nan,21.386234
nan,nan,nan,nan,nan,nan,nan,nan,0.97480899,17.603563,0.095094636,24.367041,-3973.5066,nan,21.361864
nan,nan,nan,nan,nan,nan,nan,nan,0.98438656,17.51016,0.095031492,24.339331,-4012.0945,nan,21.337303
nan,nan,nan,nan,nan,nan,nan,nan,0.99366677,17.44178,0.09496773,24.311403,-4049.4846,nan,21.31255
nan,nan,nan,nan,nan,nan,nan,nan,1.0033817,17.480022,0.094903365,24.283257,-4088.6262,nan,21.287605
nan,nan,nan,nan,nan,nan,nan,nan,1.0128161,17.406097,0.094838381,24.254892,-4126.6372,nan,21.26247
nan,nan,nan,nan,nan,nan,nan,nan,1.0222958,17.372263,0.094772778,24.226311,-4164.8315,nan,21.237143
nan,nan,nan,nan,nan,nan,nan,nan,1.0318456,17.437088,0.094706573,24.197512,-4203.3071,nan,21.211626
nan,nan,nan,nan,nan,nan,nan,nan,1.0411764,17.350512,0.094639756,24.168493,-4240.9014,nan,21.185919
nan,nan,nan,nan,nan,nan,nan,nan,1.0504401,17.28867,0.094572335,24.139259,-4278.2246,nan,21.160019
nan,nan,nan,nan,nan,nan,nan,nan,1.0596933,17.273743,0.094504327,24.109808,-4315.5063,nan,21.13393
nan,nan,nan,nan,nan,nan,nan,nan,1.0692623,17.262796,0.094435699,24.080139,-4354.0591,nan,21.107653
nan,nan,nan,nan,nan,nan,nan,nan,1.0785121,17.210054,0.094366476,24.050255,-4391.3271,nan,21.081184
nan,nan,nan,nan,nan,nan,nan,nan,1.0878558,17.307577,0.094296649,24.020153,-4428.9731,nan,21.054525
nan,nan,nan,nan,nan,nan,nan,nan,1.0970471,17.09874,0.094226226,23.989836,-4466.0049,nan,21.027679
nan,nan,nan,nan,nan,nan,nan,nan,1.1065518,17.102577,0.0941552,23.959303,-4504.2993,nan,21.000643
nan,nan,nan,nan,nan,nan,nan,nan,1.1158065,17.091631,0.09408357,23.928555,-4541.5864,nan,20.973417
nan,nan,nan,nan,nan,nan,nan,nan,1.1252155,17.131294,0.094011337,23.897591,-4579.4961,nan,20.946003
nan,nan,nan,nan,nan,nan,nan,nan,1.1345228,17.025667,0.0939385,23.866413,-4616.9946,nan,20.918402
nan,nan,nan,nan,nan,nan,nan,nan,1.1438614,17.003347,0.093865059,23.83502,-4654.6201,nan,20.890612
nan,nan,nan,nan,nan,nan,nan,nan,1.1528299,16.91478,0.093791038,23.803413,-4690.7539,nan,20.862633
nan,nan,nan,nan,nan,nan,nan,nan,1.162128,16.907103,0.09371642,23.771591,-4728.2163,nan,20.834469
nan,nan,nan,nan,nan,nan,nan,nan,1.1714743,16.822941,0.093641199,23.739557,-4765.873,nan,20.806116
nan,nan,nan,nan,nan,nan,nan,nan,1.1806555,16.941505,0.09356539,23.70731,-4802.8638,nan,20.777578
nan,nan,nan,nan,nan,nan,nan,nan,1.1898425,16.865875,0.093488984,23.674849,-4839.8784,nan,20.748852
nan,nan,nan,nan,nan,nan,nan,nan,1.1991812,16.827208,0.093411975,23.642176,-4877.5039,nan,20.71994
nan,nan,nan,nan,nan,nan,nan,nan,1.2084043,16.743614,0.093334377,23.609291,-4914.6641,nan,20.690844
nan,nan,nan,nan,nan,nan,nan,nan,1.2174618,16.750864,0.093256183,23.576195,-4951.1567,nan,20.661562
nan,nan,nan,nan,nan,nan,nan,nan,1.2268924,16.69272,0.093177401,23.542889,-4989.1523,nan,20.632093
nan,nan,nan,nan,nan,nan,nan,nan,1.2358526,16.657747,0.093098022,23.509371,-5025.2534,nan,20.602442
nan,nan,nan,nan,nan,nan,nan,nan,1.2452146,16.576429,0.093018048,23.475643,-5062.9731,nan,20.572607
nan,nan,nan,nan,nan,nan,nan,nan,1.2546432,16.635571,0.092937477,23.441706,-5100.9609,nan,20.542585
nan,nan,nan,nan,nan,nan,nan,nan,1.2638966,16.538046,0.092856295,23.407558,-5138.2427,nan,20.512383
nan,nan,nan,nan,nan,nan,nan,nan,1.2729853,16.510893,0.092774525,23.373201,-5174.8618,nan,20.481997
nan,nan,nan,nan,nan,nan,nan,nan,1.2820957,16.543447,0.092692174,23.338638,-5211.5669,nan,20.451427
nan,nan,nan,nan,nan,nan,nan,nan,1.2908539,16.480185,0.092609242,23.303865,-5246.854,nan,20.420677
nan,nan,nan,nan,nan,nan,nan,nan,1.2999338,16.444075,0.092525735,23.268887,-5283.437,nan,20.389744
nan,nan,nan,nan,nan,nan,nan,nan,1.308941,16.430855,0.092441648,23.2337,-5319.7271,nan,20.358631
nan,nan,nan,nan,nan,nan,nan,nan,1.3181504,16.325085,0.092356965,23.198309,-5356.832,nan,20.327337
nan,nan,nan,nan,nan,nan,nan,nan,1.3276508,16.314707,0.092271686,23.16271,-5395.1094,nan,20.295862
nan,nan,nan,nan,nan,nan,nan,nan,1.3368424,16.24391,0.092185803,23.126907,-5432.1421,nan,20.264208
nan,nan,nan,nan,nan,nan,nan,nan,1.346049,16.268503,0.092099331,23.0909,-5469.2358,nan,20.232374
nan,nan,nan,nan,nan,nan,nan,nan,1.355321,16.254572,0.092012264,23.054688,-5506.5933,nan,20.200361
nan,nan,nan,nan,nan,nan,nan,nan,1.3643371,16.114824,0.0919246,23.018272,-5542.9185,nan,20.168171
nan,nan,nan,nan,nan,nan,nan,nan,1.3736191,16.178087,0.091836348,22.981655,-5580.3159,nan,20.135803
nan,nan,nan,nan,nan,nan,nan,nan,1.3828092,16.067484,0.091747507,22.944836,-5617.3428,nan,20.103256
nan,nan,nan,nan,nan,nan,nan,nan,1.3919998,16.150366,0.091658071,22.907814,-5654.3721,nan,20.070534
nan,nan,nan,nan,nan,nan,nan,nan,1.4013971,15.983749,0.09156803,22.870592,-5692.2339,nan,20.037636
nan,nan,nan,nan,nan,nan,nan,nan,1.4105579,15.936977,0.091477394,22.833168,-5729.1421,nan,20.004562
nan,nan,nan,nan,nan,nan,nan,nan,1.4196209,15.910251,0.091386169,22.795546,-5765.6572,nan,19.971313
nan,nan,nan,nan,nan,nan,nan,nan,1.4286067,15.985882,0.091294371,22.757725,-5801.8618,nan,19.937889
nan,nan,nan,nan,nan,nan,nan,nan,1.4379241,15.92134,0.091201976,22.719706,-5839.4019,nan,19.904293
nan,nan,nan,nan,nan,nan,nan,nan,1.4467889,15.836468,0.091108993,22.681488,-5875.1177,nan,19.870522
nan,nan,nan,nan,nan,nan,nan,nan,1.4557953,15.789696,0.091015436,22.643072,-5911.4043,nan,19.836578
nan,nan,nan,nan,nan,nan,nan,nan,1.4649032,15.778749,0.090921298,22.604462,-5948.1001,nan,19.802464
nan,nan,nan,nan,nan,nan,nan,nan,1.4737632,15.830355,0.090826578,22.565655,-5983.7979,nan,19.768177
nan,nan,nan,nan,nan,nan,nan,nan,1.4827677,15.702834,0.090731286,22.526653,-6020.0767,nan,19.733719
nan,nan,nan,nan,nan,nan,nan,nan,1.4920076,15.587966,0.090635397,22.487459,-6057.3047,nan,19.699091
nan,nan,nan,nan,nan,nan,nan,nan,1.5012012,15.555552,0.090538919,22.448071,-6094.3452,nan,19.664293
nan,nan,nan,nan,nan,nan,nan,nan,1.5101087,15.567636,0.09044186,22.408489,-6130.2339,nan,19.629328
nan,nan,nan,nan,nan,nan,nan,nan,1.5191718,15.520438,0.09034422,22.368715,-6166.7495,nan,19.594193
nan,nan,nan,nan,nan,nan,nan,nan,1.5284477,15.452057,0.090245992,22.328751,-6204.1216,nan,19.558889
nan,nan,nan,nan,nan,nan,nan,nan,1.5372919,15.410687,0.090147175,22.288595,-6239.7549,nan,19.52342
nan,nan,nan,nan,nan,nan,nan,nan,1.5461453,15.422771,0.090047792,22.248251,-6275.4253,nan,19.487785
nan,nan,nan,nan,nan,nan,nan,nan,1.5550686,15.329797,0.089947835,22.207718,-6311.3774,nan,19.451984
nan,nan,nan,nan,nan,nan,nan,nan,1.5641669,15.329654,0.089847289,22.166998,-6348.0347,nan,19.416019
nan,nan,nan,nan,nan,nan,nan,nan,1.5727048,15.31103,0.089746185,22.126089,-6382.4336,nan,19.379889
nan,nan,nan,nan,nan,nan,nan,nan,1.5818709,15.217772,0.089644507,22.084993,-6419.3643,nan,19.343596
nan,nan,nan,nan,nan,nan,nan,nan,1.5906725,15.198722,0.089542247,22.043715,-6454.8262,nan,19.307138
nan,nan,nan,nan,nan,nan,nan,nan,1.5996227,15.211658,0.089439414,22.002249,-6490.8867,nan,19.270519
nan,nan,nan,nan,nan,nan,nan,nan,1.6083539,15.14214,0.089336015,21.9606,-6526.064,nan,19.23374
nan,nan,nan,nan,nan,nan,nan,nan,1.6170899,15.137591,0.089232057,21.918768,-6561.2622,nan,19.1968
nan,nan,nan,nan,nan,nan,nan,nan,1.625831,15.055563,0.089127533,21.876755,-6596.4795,nan,19.1597
nan,nan,nan,nan,nan,nan,nan,nan,1.6344419,14.938277,0.089022443,21.834558,-6631.1729,nan,19.12244
nan,nan,nan,nan,nan,nan,nan,nan,1.643429,15.012487,0.088916793,21.792183,-6667.3823,nan,19.085022
nan,nan,nan,nan,nan,nan,nan,nan,1.6524837,14.931738,0.088810556,21.749628,-6703.8638,nan,19.047447
nan,nan,nan,nan,nan,nan,nan,nan,1.6614426,14.880275,0.088703744,21.706894,-6739.9595,nan,19.009714
nan,nan,nan,nan,nan,nan,nan,nan,1.6703622,14.893353,0.088596351,21.66398,-6775.8965,nan,18.971827
nan,nan,nan,nan,nan,nan,nan,nan,1.6789944,14.773794,0.088488393,21.620893,-6810.6758,nan,18.933783
nan,nan,nan,nan,nan,nan,nan,nan,1.6874042,14.746783,0.08837989,21.577627,-6844.5586,nan,18.895584
nan,nan,nan,nan,nan,nan,nan,nan,1.6960038,14.691766,0.088270836,21.534189,-6879.2065,nan,18.857233
nan,nan,nan,nan,nan,nan,nan,nan,1.7042918,14.656225,0.088161238,21.490574,-6912.5991,nan,18.818729
nan,nan,nan,nan,nan,nan,nan,nan,1.7127523,14.64542,0.088051096,21.446787,-6946.6865,nan,18.780071
nan,nan,nan,nan,nan,nan,nan,nan,1.7214788,14.538371,0.087940402,21.402828,-6981.8457,nan,18.741264
nan,nan,nan,nan,nan,nan,nan,nan,1.7302582,14.499845,0.08782915,21.358698,-7017.2183,nan,18.702305
nan,nan,nan,nan,nan,nan,nan,nan,1.7387753,14.459755,0.087717332,21.314398,-7051.5332,nan,18.663197
nan,nan,nan,nan,nan,nan,nan,nan,1.7473713,14.445396,0.08760497,21.269926,-7086.167,nan,18.62394
nan,nan,nan,nan,nan,nan,nan,nan,1.7557673,14.431322,0.087492056,21.225288,-7119.9946,nan,18.584536
nan,nan,nan,nan,nan,nan,nan,nan,1.7644043,14.336072,0.087378591,21.180483,-7154.793,nan,18.544983
nan,nan,nan,nan,nan,nan,nan,nan,1.7730155,14.241391,0.087264575,21.135509,-7189.4873,nan,18.505285
nan,nan,nan,nan,nan,nan,nan,nan,1.7813008,14.241107,0.087150015,21.090372,-7222.8687,nan,18.465441
nan,nan,nan,nan,nan,nan,nan,nan,1.7901257,14.191207,0.087034896,21.045069,-7258.4248,nan,18.425451
nan,nan,nan,nan,nan,nan,nan,nan,1.7986701,14.189502,0.086919226,20.999603,-7292.8501,nan,18.385319
nan,nan,nan,nan,nan,nan,nan,nan,1.8073682,14.109179,0.086802997,20.953974,-7327.895,nan,18.345045
nan,nan,nan,nan,nan,nan,nan,nan,1.8159012,14.062264,0.086686209,20.908184,-7362.2744,nan,18.304626
nan,nan,nan,nan,nan,nan,nan,nan,1.8242942,13.951519,0.086568877,20.862234,-7396.0898,nan,18.264069
nan,nan,nan,nan,nan,nan,nan,nan,1.8326862,13.960902,0.086451001,20.816124,-7429.9014,nan,18.22337
nan,nan,nan,nan,nan,nan,nan,nan,1.8411429,13.846318,0.086332589,20.769855,-7463.9736,nan,18.182531
nan,nan,nan,nan,nan,nan,nan,nan,1.8496947,13.885697,0.086213626,20.723429,-7498.4292,nan,18.141556
nan,nan,nan,nan,nan,nan,nan,nan,1.858225,13.794855,0.086094111,20.676847,-7532.7974,nan,18.100441
nan,nan,nan,nan,nan,nan,nan,nan,1.866977,13.829827,0.085974038,20.63011,-7568.0591,nan,18.059189
nan,nan,nan,nan,nan,nan,nan,nan,1.875543,13.71638,0.085853413,20.583218,-7602.5718,nan,18.017803
nan,nan,nan,nan,nan,nan,nan,nan,1.8837686,13.637053,0.085732244,20.536173,-7635.7124,nan,17.97628
nan,nan,nan,nan,nan,nan,nan,nan,1.8921509,13.71965,0.085610539,20.488976,-7669.4849,nan,17.934624
nan,nan,nan,nan,nan,nan,nan,nan,1.9008474,13.591134,0.085488282,20.441628,-7704.5234,nan,17.892836
nan,nan,nan,nan,nan,nan,nan,nan,1.9093963,13.547916,0.085365467,20.394129,-7738.9668,nan,17.850914
nan,nan,nan,nan,nan,nan,nan,nan,1.9182109,13.493468,0.085242093,20.346479,-7774.481,nan,17.808861
nan,nan,nan,nan,nan,nan,nan,nan,1.9268316,13.391253,0.08511816,20.298685,-7809.2139,nan,17.766678
nan,nan,nan,nan,nan,nan,nan,nan,1.9348059,13.38713,0.08499369,20.250742,-7841.3423,nan,17.724365
nan,nan,nan,nan,nan,nan,nan,nan,1.9431895,13.352015,0.084868699,20.202654,-7875.1201,nan,17.681925
nan,nan,nan,nan,nan,nan,nan,nan,1.9515154,13.345049,0.084743164,20.154419,-7908.6655,nan,17.639355
nan,nan,nan,nan,nan,nan,nan,nan,1.9600425,13.246814,0.084617086,20.106043,-7943.021,nan,17.596661
nan,nan,nan,nan,nan,nan,nan,nan,1.9684298,13.252927,0.084490463,20.057524,-7976.8135,nan,17.553839
nan,nan,nan,nan,nan,nan,nan,nan,1.9769546,13.135358,0.084363297,20.008862,-8011.1597,nan,17.510893
nan,nan,nan,nan,nan,nan,nan,nan,1.9855248,13.101522,0.084235579,19.96006,-8045.6895,nan,17.467823
nan,nan,nan,nan,nan,nan,nan,nan,1.9939258,13.01793,0.08410731,19.911119,-8079.5371,nan,17.424629
nan,nan,nan,nan,nan,nan,nan,nan,2.0023246,13.048211,0.083978504,19.862041,-8113.376,nan,17.381313
nan,nan,nan,nan,nan,nan,nan,nan,2.0108309,12.947417,0.083849147,19.812824,-8147.6479,nan,17.337877
nan,nan,nan,nan,nan,nan,nan,nan,2.0185869,12.863541,0.083719276,19.763472,-8178.897,nan,17.294321
nan,nan,nan,nan,nan,nan,nan,nan,2.0265541,12.808239,0.083588891,19.713984,-8210.9971,nan,17.250645
nan,nan,nan,nan,nan,nan,nan,nan,2.0343943,12.847476,0.083457999,19.664364,-8242.585,nan,17.206852
nan,nan,nan,nan,nan,nan,nan,nan,2.042661,12.795444,0.083326586,19.614609,-8275.8916,nan,17.162941
nan,nan,nan,nan,nan,nan,nan,nan,2.0509551,12.70645,0.083194643,19.564724,-8309.3086,nan,17.118912
nan,nan,nan,nan,nan,nan,nan,nan,2.0594299,12.666359,0.083062157,19.514708,-8343.4541,nan,17.07477
nan,nan,nan,nan,nan,nan,nan,nan,2.067867,12.646173,0.082929119,19.464561,-8377.4463,nan,17.030512
nan,nan,nan,nan,nan,nan,nan,nan,2.0760903,12.547084,0.082795553,19.414288,-8410.5791,nan,16.986141
nan,nan,nan,nan,nan,nan,nan,nan,2.0840302,12.490361,0.082661465,19.363886,-8442.5684,nan,16.941658
nan,nan,nan,nan,nan,nan,nan,nan,2.0916977,12.470458,0.08252687,19.313358,-8473.4609,nan,16.897062
nan,nan,nan,nan,nan,nan,nan,nan,2.0995288,12.379757,0.082391784,19.262707,-8505.0127,nan,16.852356
nan,nan,nan,nan,nan,nan,nan,nan,2.1075237,12.338672,0.082256176,19.211929,-8537.2236,nan,16.807541
nan,nan,nan,nan,nan,nan,nan,nan,2.1152308,12.29844,0.082120068,19.16103,-8568.2764,nan,16.762617
nan,nan,nan,nan,nan,nan,nan,nan,2.1230433,12.260056,0.081983462,19.11001,-8599.7529,nan,16.717585
nan,nan,nan,nan,nan,nan,nan,nan,2.1313994,12.176605,0.081846334,19.058868,-8633.4199,nan,16.672445
nan,nan,nan,nan,nan,nan,nan,nan,2.1394856,12.186841,0.08170867,19.007607,-8665.999,nan,16.627199
nan,nan,nan,nan,nan,nan,nan,nan,2.1471784,12.087185,0.081570506,18.956228,-8696.9932,nan,16.58185
nan,nan,nan,nan,nan,nan,nan,nan,2.1551347,12.061879,0.081431836,18.904732,-8729.0488,nan,16.536396
nan,nan,nan,nan,nan,nan,nan,nan,2.1631126,12.058183,0.081292644,18.853119,-8761.1924,nan,16.490839
nan,nan,nan,nan,nan,nan,nan,nan,2.1709833,12.003023,0.081152953,18.801392,-8792.9033,nan,16.445181
nan,nan,nan,nan,nan,nan,nan,nan,2.1789575,11.9318,0.081012741,18.74955,-8825.0312,nan,16.399422
nan,nan,nan,nan,nan,nan,nan,nan,2.18662,11.845933,0.080872029,18.697596,-8855.9033,nan,16.353561
nan,nan,nan,nan,nan,nan,nan,nan,2.194644,11.736466,0.080730811,18.645529,-8888.2324,nan,16.307602
nan,nan,nan,nan,nan,nan,nan,nan,2.2029421,11.77087,0.080589071,18.593353,-8921.666,nan,16.261543
nan,nan,nan,nan,nan,nan,nan,nan,2.2108433,11.718697,0.080446802,18.541067,-8953.499,nan,16.215389
nan,nan,nan,nan,nan,nan,nan,nan,2.2189865,11.582503,0.080304019,18.488672,-8986.3086,nan,16.169138
nan,nan,nan,nan,nan,nan,nan,nan,2.226774,11.629417,0.08016073,18.436171,-9017.6846,nan,16.122791
nan,nan,nan,nan,nan,nan,nan,nan,2.2347777,11.568145,0.080016918,18.383562,-9049.9316,nan,16.076349
nan,nan,nan,nan,nan,nan,nan,nan,2.2424927,11.489529,0.079872608,18.330849,-9081.0146,nan,16.029816
nan,nan,nan,nan,nan,nan,nan,nan,2.2502975,11.3812,0.079727799,18.278032,-9112.4609,nan,15.983189
nan,nan,nan,nan,nan,nan,nan,nan,2.2580123,11.392146,0.079582483,18.225111,-9143.5439,nan,15.93647
nan,nan,nan,nan,nan,nan,nan,nan,2.2658226,11.372243,0.079436675,18.172091,-9175.0117,nan,15.889661
nan,nan,nan,nan,nan,nan,nan,nan,2.2736769,11.251546,0.079290353,18.118967,-9206.6572,nan,15.842761
nan,nan,nan,nan,nan,nan,nan,nan,2.281544,11.254106,0.079143532,18.065744,-9238.3535,nan,15.795774
nan,nan,nan,nan,nan,nan,nan,nan,2.2894652,11.163404,0.078996196,18.012424,-9270.2676,nan,15.748698
nan,nan,nan,nan,nan,nan,nan,nan,2.2972813,11.144781,0.078848355,17.959007,-9301.7588,nan,15.701535
nan,nan,nan,nan,nan,nan,nan,nan,2.3052213,11.043561,0.078700006,17.905493,-9333.749,nan,15.654286
nan,nan,nan,nan,nan,nan,nan,nan,2.3129716,11.057635,0.078551158,17.851883,-9364.9756,nan,15.606953
nan,nan,nan,nan,nan,nan,nan,nan,2.3210971,10.957552,0.078401789,17.798178,-9397.7139,nan,15.559535
nan,nan,nan,nan,nan,nan,nan,nan,2.3286989,10.859033,0.078251921,17.744381,-9428.3408,nan,15.512034
nan,nan,nan,nan,nan,nan,nan,nan,2.336344,10.843536,0.078101553,17.690493,-9459.1426,nan,15.464451
nan,nan,nan,nan,nan,nan,nan,nan,2.3443065,10.821074,0.077950686,17.636511,-9491.2246,nan,15.416786
nan,nan,nan,nan,nan,nan,nan,nan,2.3519974,10.729095,0.077799313,17.582441,-9522.21,nan,15.36904
nan,nan,nan,nan,nan,nan,nan,nan,2.3599598,10.685308,0.07764744,17.528282,-9554.292,nan,15.321217
nan,nan,nan,nan,nan,nan,nan,nan,2.3675032,10.602996,0.077495061,17.474035,-9584.6836,nan,15.273314
nan,nan,nan,nan,nan,nan,nan,nan,2.3746433,10.59148,0.077342212,17.419703,-9613.4521,nan,15.225332
nan,nan,nan,nan,nan,nan,nan,nan,2.3815646,10.433679,0.077188909,17.365282,-9641.3369,nan,15.177275
nan,nan,nan,nan,nan,nan,nan,nan,2.3887761,10.483151,0.077035151,17.310778,-9670.3926,nan,15.129141
nan,nan,nan,nan,nan,nan,nan,nan,2.3961666,10.455572,0.076880924,17.256189,-9700.168,nan,15.080932
nan,nan,nan,nan,nan,nan,nan,nan,2.4034405,10.397995,0.076726221,17.201519,-9729.4746,nan,15.032649
nan,nan,nan,nan,nan,nan,nan,nan,2.4105051,10.3326,0.076571062,17.146767,-9757.9385,nan,14.984293
nan,nan,nan,nan,nan,nan,nan,nan,2.4180238,10.284975,0.076415427,17.091934,-9788.2314,nan,14.935864
nan,nan,nan,nan,nan,nan,nan,nan,2.4258749,10.149777,0.0762593,17.037024,-9819.8643,nan,14.887364
nan,nan,nan,nan,nan,nan,nan,nan,2.4336479,10.17949,0.076102667,16.982033,-9851.1816,nan,14.838794
nan,nan,nan,nan,nan,nan,nan,nan,2.4411991,10.101584,0.075945541,16.926964,-9881.6055,nan,14.790154
nan,nan,nan,nan,nan,nan,nan,nan,2.4487269,10.028512,0.075787924,16.871819,-9911.9346,nan,14.741445
nan,nan,nan,nan,nan,nan,nan,nan,2.4557617,9.9825926,0.075629845,16.816599,-9940.2783,nan,14.692668
nan,nan,nan,nan,nan,nan,nan,nan,2.4628539,9.9147806,0.075471304,16.761303,-9968.8525,nan,14.643824
nan,nan,nan,nan,nan,nan,nan,nan,2.47,9.8884802,0.075312309,16.705935,-9997.6445,nan,14.594913
nan,nan,nan,nan,nan,nan,nan,nan,2.4770567,9.7910986,0.075152859,16.650494,-10026.075,nan,14.545938
nan,nan,nan,nan,nan,nan,nan,nan,2.4844818,9.6731024,0.07499294,16.59498,-10055.992,nan,14.496898
nan,nan,nan,nan,nan,nan,nan,nan,2.4918222,9.6938581,0.074832536,16.539398,-10085.566,nan,14.447793
nan,nan,nan,nan,nan,nan,nan,nan,2.4989905,9.5681858,0.074671678,16.483746,-10114.447,nan,14.398626
nan,nan,nan,nan,nan,nan,nan,nan,2.5063019,9.5242577,0.074510343,16.428022,-10143.905,nan,14.349398
nan,nan,nan,nan,nan,nan,nan,nan,2.513926,9.4791918,0.074348532,16.372234,-10174.623,nan,14.300107
nan,nan,nan,nan,nan,nan,nan,nan,2.5210936,9.4513273,0.074186243,16.316378,-10203.501,nan,14.250757
nan,nan,nan,nan,nan,nan,nan,nan,2.5284903,9.3567886,0.074023485,16.260456,-10233.303,nan,14.201346
nan,nan,nan,nan,nan,nan,nan,nan,2.5359347,9.3734217,0.07386025,16.20447,-10263.296,nan,14.151878
nan,nan,nan,nan,nan,nan,nan,nan,2.5429726,9.2589798,0.073696546,16.148418,-10291.651,nan,14.102351
nan,nan,nan,nan,nan,nan,nan,nan,2.5502982,9.2400723,0.07353238,16.092304,-10321.167,nan,14.052768
nan,nan,nan,nan,nan,nan,nan,nan,2.5576508,9.1877556,0.073367737,16.036127,-10350.79,nan,14.003127
nan,nan,nan,nan,nan,nan,nan,nan,2.5651054,9.1516466,0.073202617,15.979891,-10380.825,nan,13.953432
nan,nan,nan,nan,nan,nan,nan,nan,2.5724733,9.0519896,0.073037028,15.923594,-10410.51,nan,13.903682
nan,nan,nan,nan,nan,nan,nan,nan,2.579778,9.0544062,0.072870955,15.867236,-10439.94,nan,13.853877
nan,nan,nan,nan,nan,nan,nan,nan,2.5868413,9.0130367,0.072704427,15.810821,-10468.398,nan,13.804019
nan,nan,nan,nan,nan,nan,nan,nan,2.5939357,8.9010115,0.072537437,15.754348,-10496.982,nan,13.754109
nan,nan,nan,nan,nan,nan,nan,nan,2.6007109,8.8477001,0.072370008,15.697818,-10524.279,nan,13.704148
nan,nan,nan,nan,nan,nan,nan,nan,2.6078782,8.7761917,0.072202124,15.641232,-10553.156,nan,13.654136
nan,nan,nan,nan,nan,nan,nan,nan,2.6148076,8.7085218,0.072033785,15.584591,-10581.076,nan,13.604073
nan,nan,nan,nan,nan,nan,nan,nan,2.6219759,8.6768198,0.071864992,15.527896,-10609.957,nan,13.553961
nan,nan,nan,nan,nan,nan,nan,nan,2.6291327,8.6028938,0.071695738,15.471148,-10638.791,nan,13.5038
nan,nan,nan,nan,nan,nan,nan,nan,2.6367033,8.6070166,0.071526006,15.414347,-10669.293,nan,13.453592
nan,nan,nan,nan,nan,nan,nan,nan,2.643883,8.5629463,0.071355805,15.357494,-10698.22,nan,13.403337
nan,nan,nan,nan,nan,nan,nan,nan,2.650861,8.4529114,0.071185142,15.300591,-10726.335,nan,13.353035
nan,nan,nan,nan,nan,nan,nan,nan,2.6578894,8.3680401,0.071014032,15.243638,-10754.652,nan,13.302688
nan,nan,nan,nan,nan,nan,nan,nan,2.664798,8.3356266,0.070842467,15.186636,-10782.487,nan,13.252295
nan,nan,nan,nan,nan,nan,nan,nan,2.6717951,8.2513237,0.070670463,15.129585,-10810.679,nan,13.201858
nan,nan,nan,nan,nan,nan,nan,nan,2.6788816,8.2443571,0.070497997,15.072488,-10839.23,nan,13.151378
nan,nan,nan,nan,nan,nan,nan,nan,2.6860263,8.1617603,0.070325077,15.015343,-10868.016,nan,13.100854
nan,nan,nan,nan,nan,nan,nan,nan,2.6927874,8.1540833,0.070151709,14.958152,-10895.257,nan,13.050289
nan,nan,nan,nan,nan,nan,nan,nan,2.6996181,8.0629568,0.069977894,14.900915,-10922.778,nan,12.999682
nan,nan,nan,nan,nan,nan,nan,nan,2.706661,7.9837713,0.06980364,14.843635,-10951.153,nan,12.949035
nan,nan,nan,nan,nan,nan,nan,nan,2.7135148,7.8542604,0.069628939,14.78631,-10978.768,nan,12.898347
nan,nan,nan,nan,nan,nan,nan,nan,2.7200389,7.8508482,0.069453806,14.728944,-11005.053,nan,12.847619
nan,nan,nan,nan,nan,nan,nan,nan,2.7265868,7.782752,0.069278248,14.671535,-11031.435,nan,12.796853
nan,nan,nan,nan,nan,nan,nan,nan,2.7333584,7.7895756,0.069102265,14.614083,-11058.718,nan,12.746049
nan,nan,nan,nan,nan,nan,nan,nan,2.7400584,7.6803942,0.068925843,14.556592,-11085.712,nan,12.695208
nan,nan,nan,nan,nan,nan,nan,nan,2.747025,7.6627655,0.068748981,14.499061,-11113.78,nan,12.644329
nan,nan,nan,nan,nan,nan,nan,nan,2.7536991,7.5565696,0.068571679,14.44149,-11140.67,nan,12.593414
nan,nan,nan,nan,nan,nan,nan,nan,2.7604518,7.5823011,0.068393953,14.383881,-11167.878,nan,12.542463
nan,nan,nan,nan,nan,nan,nan,nan,2.7670591,7.4070134,0.068215787,14.326234,-11194.498,nan,12.491478
nan,nan,nan,nan,nan,nan,nan,nan,2.773921,7.4475298,0.06803719,14.26855,-11222.145,nan,12.440458
nan,nan,nan,nan,nan,nan,nan,nan,2.7808514,7.369482,0.067858145,14.21083,-11250.066,nan,12.389405
nan,nan,nan,nan,nan,nan,nan,nan,2.787328,7.3885322,0.067678675,14.153073,-11276.161,nan,12.338319
nan,nan,nan,nan,nan,nan,nan,nan,2.7938766,7.2433829,0.067498781,14.095282,-11302.546,nan,12.2872
nan,nan,nan,nan,nan,nan,nan,nan,2.8003118,7.1674676,0.067318469,14.037456,-11328.474,nan,12.236049
nan,nan,nan,nan,nan,nan,nan,nan,2.8068345,7.1353383,0.067137741,13.979595,-11354.754,nan,12.184866
nan,nan,nan,nan,nan,nan,nan,nan,2.8134673,7.0929737,0.066956587,13.921702,-11381.477,nan,12.133653
nan,nan,nan,nan,nan,nan,nan,nan,2.820421,7.0734973,0.066774994,13.863777,-11409.493,nan,12.08241
nan,nan,nan,nan,nan,nan,nan,nan,2.8270402,7.0017047,0.066592962,13.80582,-11436.163,nan,12.031137
nan,nan,nan,nan,nan,nan,nan,nan,2.833411,6.9255047,0.066410512,13.747831,-11461.83,nan,11.979834
nan,nan,nan,nan,nan,nan,nan,nan,2.8397284,6.8315344,0.06622766,13.689812,-11487.283,nan,11.928503
nan,nan,nan,nan,nan,nan,nan,nan,2.8461688,6.7998319,0.06604439,13.631763,-11513.231,nan,11.877145
nan,nan,nan,nan,nan,nan,nan,nan,2.8527193,6.7327309,0.065860704,13.573684,-11539.624,nan,11.825758
nan,nan,nan,nan,nan,nan,nan,nan,2.8593707,6.6720271,0.065676592,13.515575,-11566.422,nan,11.774345
nan,nan,nan,nan,nan,nan,nan,nan,2.8659556,6.6268187,0.065492049,13.457439,-11592.953,nan,11.722905
nan,nan,nan,nan,nan,nan,nan,nan,2.8723903,6.5565901,0.065307096,13.399276,-11618.878,nan,11.67144
nan,nan,nan,nan,nan,nan,nan,nan,2.8788352,6.5511875,0.065121718,13.341085,-11644.845,nan,11.619949
nan,nan,nan,nan,nan,nan,nan,nan,2.8852305,6.4283581,0.06493593,13.282867,-11670.611,nan,11.568434
nan,nan,nan,nan,nan,nan,nan,nan,2.8917456,6.3963714,0.064749725,13.224624,-11696.86,nan,11.516893
nan,nan,nan,nan,nan,nan,nan,nan,2.8980227,6.3396482,0.06456311,13.166355,-11722.151,nan,11.465329
nan,nan,nan,nan,nan,nan,nan,nan,2.9041476,6.2466731,0.064376093,13.108061,-11746.829,nan,11.413742
nan,nan,nan,nan,nan,nan,nan,nan,2.9099736,6.2408442,0.064188696,13.049742,-11770.302,nan,11.362131
nan,nan,nan,nan,nan,nan,nan,nan,2.9166448,6.1791453,0.06400089,12.9914,-11797.18,nan,11.310498
nan,nan,nan,nan,nan,nan,nan,nan,2.923233,6.0709586,0.063812658,12.933034,-11823.724,nan,11.258843
nan,nan,nan,nan,nan,nan,nan,nan,2.9297554,6.0675468,0.063624002,12.874644,-11850.003,nan,11.207167
nan,nan,nan,nan,nan,nan,nan,nan,2.9360907,5.9397416,0.063434936,12.816234,-11875.527,nan,11.15547
nan,nan,nan,nan,nan,nan,nan,nan,2.9426613,5.8653898,0.063245453,12.7578,-11902,nan,11.103751
nan,nan,nan,nan,nan,nan,nan,nan,2.9487488,5.8206086,0.06305556,12.699345,-11926.528,nan,11.052013
nan,nan,nan,nan,nan,nan,nan,nan,2.9550011,5.8022695,0.062865272,12.640869,-11951.718,nan,11.000255
nan,nan,nan,nan,nan,nan,nan,nan,2.9610431,5.7647381,0.062674582,12.582373,-11976.062,nan,10.948478
nan,nan,nan,nan,nan,nan,nan,nan,2.9667368,5.7392907,0.062483519,12.523856,-11999.001,nan,10.896681
nan,nan,nan,nan,nan,nan,nan,nan,2.9725204,5.6171722,0.062292084,12.46532,-12022.303,nan,10.844867
nan,nan,nan,nan,nan,nan,nan,nan,2.9786494,5.5937152,0.062100265,12.406764,-12046.997,nan,10.793034
nan,nan,nan,nan,nan,nan,nan,nan,2.9846611,5.484818,0.061908055,12.34819,-12071.219,nan,10.741182
nan,nan,nan,nan,nan,nan,nan,nan,2.9908094,5.4322171,0.061715454,12.289598,-12095.99,nan,10.689315
nan,nan,nan,nan,nan,nan,nan,nan,2.9967782,5.3789058,0.061522461,12.230987,-12120.039,nan,10.63743
nan,nan,nan,nan,nan,nan,nan,nan,3.0028665,5.380043,0.061329082,12.172359,-12144.567,nan,10.585528
nan,nan,nan,nan,nan,nan,nan,nan,3.0088348,5.2582088,0.061135311,12.113713,-12168.615,nan,10.53361
nan,nan,nan,nan,nan,nan,nan,nan,3.0145926,5.146184,0.060941163,12.055051,-12191.812,nan,10.481677
nan,nan,nan,nan,nan,nan,nan,nan,3.0203567,5.1724839,0.060746644,11.996372,-12215.036,nan,10.429729
nan,nan,nan,nan,nan,nan,nan,nan,3.0265396,5.1255703,0.06055174,11.937678,-12239.947,nan,10.377765
nan,nan,nan,nan,nan,nan,nan,nan,3.0323377,5.0428309,0.060356449,11.878968,-12263.309,nan,10.325786
nan,nan,nan,nan,nan,nan,nan,nan,3.0380754,4.961513,0.060160786,11.820243,-12286.425,nan,10.273792
nan,nan,nan,nan,nan,nan,nan,nan,3.0437839,4.9546895,0.059964757,11.761502,-12309.425,nan,10.221786
nan,nan,nan,nan,nan,nan,nan,nan,3.0493665,4.853611,0.05976836,11.702747,-12331.917,nan,10.169765
nan,nan,nan,nan,nan,nan,nan,nan,3.0551338,4.8261733,0.059571601,11.643978,-12355.153,nan,10.11773
nan,nan,nan,nan,nan,nan,nan,nan,3.0610187,4.7506843,0.059374467,11.585195,-12378.864,nan,10.065683
nan,nan,nan,nan,nan,nan,nan,nan,3.0669918,4.7110209,0.059176948,11.526398,-12402.93,nan,10.013623
nan,nan,nan,nan,nan,nan,nan,nan,3.0728042,4.6134963,0.058979049,11.467588,-12426.348,nan,9.9615507
nan,nan,nan,nan,nan,nan,nan,nan,3.0785842,4.5884757,0.058780774,11.408765,-12449.635,nan,9.9094658
nan,nan,nan,nan,nan,nan,nan,nan,3.0843258,4.4920888,0.058582135,11.34993,-12472.769,nan,9.8573694
nan,nan,nan,nan,nan,nan,nan,nan,3.0901532,4.4281149,0.058383115,11.291081,-12496.247,nan,9.8052616
nan,nan,nan,nan,nan,nan,nan,nan,3.0957634,4.4102025,0.058183733,11.232222,-12518.851,nan,9.7531424
nan,nan,nan,nan,nan,nan,nan,nan,3.1012402,4.2785587,0.057983991,11.173349,-12540.916,nan,9.7010126
nan,nan,nan,nan,nan,nan,nan,nan,3.1070559,4.3111143,0.057783883,11.114467,-12564.349,nan,9.6488714
nan,nan,nan,nan,nan,nan,nan,nan,3.1129861,4.1742105,0.057583399,11.055572,-12588.241,nan,9.5967197
nan,nan,nan,nan,nan,nan,nan,nan,3.1188481,4.1672444,0.057382535,10.996666,-12611.859,nan,9.5445585
nan,nan,nan,nan,nan,nan,nan,nan,3.124671,4.110095,0.057181291,10.93775,-12635.319,nan,9.4923868
nan,nan,nan,nan,nan,nan,nan,nan,3.1300137,4.0292039,0.05697969,10.878823,-12656.845,nan,9.4402056
nan,nan,nan,nan,nan,nan,nan,nan,3.1354775,3.9504449,0.056777742,10.819886,-12678.858,nan,9.3880148
nan,nan,nan,nan,nan,nan,nan,nan,3.1412666,3.9072273,0.056575429,10.76094,-12702.184,nan,9.3358154
nan,nan,nan,nan,nan,nan,nan,nan,3.146904,3.9160414,0.056372747,10.701983,-12724.896,nan,9.2836065
nan,nan,nan,nan,nan,nan,nan,nan,3.1522672,3.9109235,0.056169711,10.643017,-12746.505,nan,9.23139
nan,nan,nan,nan,nan,nan,nan,nan,3.1578703,3.7410378,0.055966325,10.584042,-12769.08,nan,9.1791639
nan,nan,nan,nan,nan,nan,nan,nan,3.1633964,3.7319393,0.055762574,10.525057,-12791.345,nan,9.1269302
nan,nan,nan,nan,nan,nan,nan,nan,3.1686332,3.6419497,0.05555848,10.466063,-12812.444,nan,9.074688
nan,nan,nan,nan,nan,nan,nan,nan,3.1743777,3.5602057,0.055354033,10.407062,-12835.589,nan,9.022438
nan,nan,nan,nan,nan,nan,nan,nan,3.1796079,3.5842314,0.055149231,10.348051,-12856.661,nan,8.9701805
nan,nan,nan,nan,nan,nan,nan,nan,3.1847508,3.4938152,0.054944094,10.289032,-12877.382,nan,8.9179153
nan,nan,nan,nan,nan,nan,nan,nan,3.1899505,3.3664365,0.054738626,10.230005,-12898.331,nan,8.8656435
nan,nan,nan,nan,nan,nan,nan,nan,3.1952221,3.3407049,0.054532818,10.17097,-12919.571,nan,8.813364
nan,nan,nan,nan,nan,nan,nan,nan,3.2005768,3.2342243,0.054326668,10.111928,-12941.145,nan,8.7610788
nan,nan,nan,nan,nan,nan,nan,nan,3.2063885,3.165417,0.054120157,10.052877,-12964.56,nan,8.708786
nan,nan,nan,nan,nan,nan,nan,nan,3.2114434,3.1608677,0.053913299,9.9938202,-12984.927,nan,8.6564865
nan,nan,nan,nan,nan,nan,nan,nan,3.2165546,3.1020119,0.05370611,9.9347553,-13005.52,nan,8.6041813
nan,nan,nan,nan,nan,nan,nan,nan,3.2215405,3.0913496,0.053498596,9.8756828,-13025.607,nan,8.5518703
nan,nan,nan,nan,nan,nan,nan,nan,3.2267702,2.953593,0.053290755,9.8166046,-13046.678,nan,8.4995527
nan,nan,nan,nan,nan,nan,nan,nan,3.2316208,2.928288,0.053082585,9.7575188,-13066.221,nan,8.4472294
nan,nan,nan,nan,nan,nan,nan,nan,3.2366877,2.7667899,0.052874099,9.6984262,-13086.635,nan,8.3949003
nan,nan,nan,nan,nan,nan,nan,nan,3.2415972,2.9156353,0.052665293,9.639327,-13106.416,nan,8.3425665
nan,nan,nan,nan,nan,nan,nan,nan,3.2464678,2.7419114,0.052456167,9.5802212,-13126.04,nan,8.2902269
nan,nan,nan,nan,nan,nan,nan,nan,3.2515159,2.7109196,0.052246723,9.5211096,-13146.379,nan,8.2378817
nan,nan,nan,nan,nan,nan,nan,nan,3.2564335,2.539186,0.05203696,9.4619923,-13166.192,nan,8.1855326
nan,nan,nan,nan,nan,nan,nan,nan,3.2613411,2.5994632,0.051826879,9.4028683,-13185.964,nan,8.1331778
nan,nan,nan,nan,nan,nan,nan,nan,3.2664521,2.4362593,0.051616475,9.3437386,-13206.557,nan,8.0808182
nan,nan,nan,nan,nan,nan,nan,nan,3.2710378,2.4651186,0.051405758,9.2846022,-13225.032,nan,8.0284538
nan,nan,nan,nan,nan,nan,nan,nan,3.2757187,2.4285824,0.051194742,9.225461,-13243.892,nan,7.9760857
nan,nan,nan,nan,nan,nan,nan,nan,3.2805016,2.3120084,0.050983422,9.1663141,-13263.163,nan,7.9237127
nan,nan,nan,nan,nan,nan,nan,nan,3.2854731,2.2791684,0.050771788,9.1071615,-13283.193,nan,7.8713355
nan,nan,nan,nan,nan,nan,nan,nan,3.2904823,2.217185,0.05055983,9.0480032,-13303.375,nan,7.818954
nan,nan,nan,nan,nan,nan,nan,nan,3.2957859,2.1972821,0.050347541,8.9888391,-13324.743,nan,7.7665687
nan,nan,nan,nan,nan,nan,nan,nan,3.3004136,2.1691337,0.050134931,8.9296703,-13343.389,nan,7.714179
nan,nan,nan,nan,nan,nan,nan,nan,3.3047554,1.9974,0.049922034,8.8704967,-13360.881,nan,7.6617861
nan,nan,nan,nan,nan,nan,nan,nan,3.3091033,1.9486378,0.049708854,8.8113174,-13378.398,nan,7.6093893
nan,nan,nan,nan,nan,nan,nan,nan,3.3141248,1.9066995,0.049495373,8.7521324,-13398.631,nan,7.5569887
nan,nan,nan,nan,nan,nan,nan,nan,3.3193219,1.9092585,0.049281564,8.6929436,-13419.569,nan,7.5045848
nan,nan,nan,nan,nan,nan,nan,nan,3.3243394,1.8400248,0.049067426,8.633749,-13439.785,nan,7.4521775
nan,nan,nan,nan,nan,nan,nan,nan,3.3291936,1.7534471,0.048852969,8.5745497,-13459.343,nan,7.3997669
nan,nan,nan,nan,nan,nan,nan,nan,3.3338549,1.6282009,0.048638206,8.5153456,-13478.123,nan,7.347353
nan,nan,nan,nan,nan,nan,nan,nan,3.3387961,1.6380101,0.04842313,8.4561367,-13498.032,nan,7.2949362
nan,nan,nan,nan,nan,nan,nan,nan,3.343406,1.6227987,0.048207749,8.396924,-13516.604,nan,7.242516
nan,nan,nan,nan,nan,nan,nan,nan,3.3481019,1.5323826,0.047992069,8.3377056,-13535.524,nan,7.1900926
nan,nan,nan,nan,nan,nan,nan,nan,3.3527184,1.4411135,0.047776088,8.2784824,-13554.125,nan,7.1376667
nan,nan,nan,nan,nan,nan,nan,nan,3.3579218,1.3106072,0.04755979,8.2192545,-13575.089,nan,7.085238
nan,nan,nan,nan,nan,nan,nan,nan,3.3632455,1.301793,0.047343154,8.1600227,-13596.538,nan,7.0328064
nan,nan,nan,nan,nan,nan,nan,nan,3.3681571,1.2588596,0.047126185,8.1007862,-13616.327,nan,6.980372
nan,nan,nan,nan,nan,nan,nan,nan,3.3728364,1.1867826,0.046908908,8.0415449,-13635.18,nan,6.9279351
nan,nan,nan,nan,nan,nan,nan,nan,3.3773127,1.1626147,0.046691339,7.9822993,-13653.215,nan,6.8754954
nan,nan,nan,nan,nan,nan,nan,nan,3.3819168,1.0602568,0.046473473,7.9230494,-13671.765,nan,6.8230534
nan,nan,nan,nan,nan,nan,nan,nan,3.386354,1.0704926,0.04625532,7.8637953,-13689.643,nan,6.7706089
nan,nan,nan,nan,nan,nan,nan,nan,3.39099,0.94609946,0.046036869,7.8045363,-13708.321,nan,6.7181625
nan,nan,nan,nan,nan,nan,nan,nan,3.3957655,0.93031925,0.04581812,7.7452731,-13727.562,nan,6.6657133
nan,nan,nan,nan,nan,nan,nan,nan,3.4004474,0.8734538,0.045599062,7.6860056,-13746.425,nan,6.6132617
nan,nan,nan,nan,nan,nan,nan,nan,3.4050007,0.81715697,0.045379709,7.6267338,-13764.771,nan,6.5608082
nan,nan,nan,nan,nan,nan,nan,nan,3.4096379,0.69518048,0.045160059,7.5674577,-13783.454,nan,6.5083528
nan,nan,nan,nan,nan,nan,nan,nan,3.4142325,0.65125191,0.044940114,7.5081773,-13801.966,nan,6.4558949
nan,nan,nan,nan,nan,nan,nan,nan,3.4186699,0.61585313,0.044719875,7.4488926,-13819.844,nan,6.4034348
nan,nan,nan,nan,nan,nan,nan,nan,3.4228888,0.52785385,0.044499356,7.3896031,-13836.842,nan,6.3509731
nan,nan,nan,nan,nan,nan,nan,nan,3.4272046,0.45890445,0.044278562,7.3303099,-13854.229,nan,6.2985091
nan,nan,nan,nan,nan,nan,nan,nan,3.4316423,0.48378307,0.044057488,7.2710123,-13872.11,nan,6.2460432
nan,nan,nan,nan,nan,nan,nan,nan,3.4359856,0.3298198,0.043836132,7.2117105,-13889.608,nan,6.1935759
nan,nan,nan,nan,nan,nan,nan,nan,3.4404347,0.29697996,0.043614488,7.1524048,-13907.534,nan,6.1411061
nan,nan,nan,nan,nan,nan,nan,nan,3.444972,0.24366859,0.043392558,7.0930943,-13925.814,nan,6.088635
nan,nan,nan,nan,nan,nan,nan,nan,3.4492166,0.19803403,0.043170344,7.0337796,-13942.917,nan,6.0361619
nan,nan,nan,nan,nan,nan,nan,nan,3.4535019,0.081744127,0.042947855,6.9744606,-13960.182,nan,5.9836869
nan,nan,nan,nan,nan,nan,nan,nan,3.457648,-0.0063973665,0.042725094,6.9151378,-13976.887,nan,5.9312105
nan,nan,nan,nan,nan,nan,nan,nan,3.4615796,-0.011088769,0.042502075,6.8558106,-13992.728,nan,5.8787327
nan,nan,nan,nan,nan,nan,nan,nan,3.4655499,-0.072787814,0.0422788,6.7964787,-14008.724,nan,5.8262529
nan,nan,nan,nan,nan,nan,nan,nan,3.469573,-0.10278436,0.042055264,6.737143,-14024.933,nan,5.7737713
nan,nan,nan,nan,nan,nan,nan,nan,3.4733341,-0.19831836,0.041831482,6.677803,-14040.086,nan,5.7212887
nan,nan,nan,nan,nan,nan,nan,nan,3.477118,-0.24210478,0.041607454,6.6184587,-14055.331,nan,5.6688042
nan,nan,nan,nan,nan,nan,nan,nan,3.4810412,-0.33934477,0.041383177,6.5591102,-14071.139,nan,5.6163182
nan,nan,nan,nan,nan,nan,nan,nan,3.4849966,-0.31517693,0.041158646,6.4997573,-14087.074,nan,5.5638309
nan,nan,nan,nan,nan,nan,nan,nan,3.4891567,-0.44283992,0.040933855,6.4404001,-14103.836,nan,5.511342
nan,nan,nan,nan,nan,nan,nan,nan,3.4929461,-0.44454589,0.04070881,6.3810387,-14119.104,nan,5.4588523
nan,nan,nan,nan,nan,nan,nan,nan,3.49666,-0.57235104,0.040483519,6.3216729,-14134.066,nan,5.4063606
nan,nan,nan,nan,nan,nan,nan,nan,3.5005755,-0.53410906,0.040257983,6.2623029,-14149.843,nan,5.3538675
nan,nan,nan,nan,nan,nan,nan,nan,3.5046844,-0.69034696,0.040032189,6.2029285,-14166.396,nan,5.3013735
nan,nan,nan,nan,nan,nan,nan,nan,3.508749,-0.66205639,0.039806131,6.1435499,-14182.773,nan,5.248878
nan,nan,nan,nan,nan,nan,nan,nan,3.5123544,-0.82568681,0.039579827,6.084167,-14197.3,nan,5.1963811
nan,nan,nan,nan,nan,nan,nan,nan,3.5161161,-0.80322492,0.039353285,6.0247798,-14212.456,nan,5.1438832
nan,nan,nan,nan,nan,nan,nan,nan,3.5196729,-0.85084975,0.039126508,5.9653883,-14226.785,nan,5.0913839
nan,nan,nan,nan,nan,nan,nan,nan,3.5233881,-0.91311747,0.038899496,5.9059925,-14241.755,nan,5.0388837
nan,nan,nan,nan,nan,nan,nan,nan,3.5275862,-1.0262798,0.038672227,5.8465924,-14258.668,nan,4.986382
nan,nan,nan,nan,nan,nan,nan,nan,3.531718,-1.0232943,0.03844469,5.7871876,-14275.316,nan,4.9338794
nan,nan,nan,nan,nan,nan,nan,nan,3.5354431,-1.1262208,0.038216904,5.7277789,-14290.324,nan,4.8813753
nan,nan,nan,nan,nan,nan,nan,nan,3.5390413,-1.1293484,0.037988875,5.6683655,-14304.821,nan,4.8288703
nan,nan,nan,nan,nan,nan,nan,nan,3.5425875,-1.2237451,0.037760623,5.6089478,-14319.108,nan,4.7763643
nan,nan,nan,nan,nan,nan,nan,nan,3.5464954,-1.2587174,0.037532125,5.5495257,-14334.854,nan,4.7238574
nan,nan,nan,nan,nan,nan,nan,nan,3.5502989,-1.3212694,0.037303381,5.4900994,-14350.179,nan,4.6713495
nan,nan,nan,nan,nan,nan,nan,nan,3.5538805,-1.4495012,0.037074398,5.4306688,-14364.608,nan,4.6188407
nan,nan,nan,nan,nan,nan,nan,nan,3.5577986,-1.452913,0.036845174,5.3712335,-14380.395,nan,4.5663304
nan,nan,nan,nan,nan,nan,nan,nan,3.5619457,-1.5160338,0.036615692,5.3117943,-14397.103,nan,4.5138197
nan,nan,nan,nan,nan,nan,nan,nan,3.5659745,-1.5783014,0.036385942,5.2523503,-14413.335,nan,4.461308
nan,nan,nan,nan,nan,nan,nan,nan,3.5693231,-1.663031,0.036155958,5.1929021,-14426.826,nan,4.4087954
nan,nan,nan,nan,nan,nan,nan,nan,3.5725796,-1.7223133,0.035925757,5.1334496,-14439.948,nan,4.3562818
nan,nan,nan,nan,nan,nan,nan,nan,3.5760248,-1.7520255,0.035695344,5.0739923,-14453.828,nan,4.3037672
nan,nan,nan,nan,nan,nan,nan,nan,3.5795181,-1.8808258,0.035464708,5.0145311,-14467.902,nan,4.2512522
nan,nan,nan,nan,nan,nan,nan,nan,3.5832899,-1.8403091,0.035233833,4.9550653,-14483.099,nan,4.1987362
nan,nan,nan,nan,nan,nan,nan,nan,3.5866477,-1.9489222,0.035002731,4.8955951,-14496.628,nan,4.1462197
nan,nan,nan,nan,nan,nan,nan,nan,3.590358,-2.0505693,0.034771401,4.8361206,-14511.576,nan,4.0937023
nan,nan,nan,nan,nan,nan,nan,nan,3.5937023,-2.1340194,0.034539845,4.7766418,-14525.051,nan,4.0411844
nan,nan,nan,nan,nan,nan,nan,nan,3.597059,-2.0727468,0.034308072,4.7171588,-14538.575,nan,3.9886656
nan,nan,nan,nan,nan,nan,nan,nan,3.6003022,-2.0986207,0.034076087,4.6576715,-14551.642,nan,3.9361465
nan,nan,nan,nan,nan,nan,nan,nan,3.6037498,-2.2360928,0.033843886,4.5981798,-14565.531,nan,3.8836265
nan,nan,nan,nan,nan,nan,nan,nan,3.6068261,-2.3182635,0.033611473,4.5386834,-14577.927,nan,3.8311062
nan,nan,nan,nan,nan,nan,nan,nan,3.610085,-2.3459854,0.033378858,4.4791832,-14591.057,nan,3.7785852
nan,nan,nan,nan,nan,nan,nan,nan,3.6130404,-2.3823793,0.033146042,4.4196787,-14602.965,nan,3.726064
nan,nan,nan,nan,nan,nan,nan,nan,3.6163235,-2.4638391,0.032913025,4.3601694,-14616.191,nan,3.673542
nan,nan,nan,nan,nan,nan,nan,nan,3.6197786,-2.6182289,0.032679789,4.3006563,-14630.113,nan,3.6210198
nan,nan,nan,nan,nan,nan,nan,nan,3.6232638,-2.7006838,0.032446332,4.2411389,-14644.154,nan,3.5684974
nan,nan,nan,nan,nan,nan,nan,nan,3.6265364,-2.6593142,0.032212656,4.1816177,-14657.34,nan,3.5159745
nan,nan,nan,nan,nan,nan,nan,nan,3.629647,-2.7655106,0.031978775,4.1220918,-14669.872,nan,3.4634511
nan,nan,nan,nan,nan,nan,nan,nan,3.6325634,-2.7433329,0.031744696,4.062562,-14681.622,nan,3.4109278
nan,nan,nan,nan,nan,nan,nan,nan,3.6354892,-2.8795259,0.031510431,4.0030279,-14693.411,nan,3.3584042
nan,nan,nan,nan,nan,nan,nan,nan,3.638381,-2.9417934,0.03127598,3.94349,-14705.062,nan,3.3058803
nan,nan,nan,nan,nan,nan,nan,nan,3.6414196,-2.9760549,0.031041337,3.8839478,-14717.305,nan,3.2533565
nan,nan,nan,nan,nan,nan,nan,nan,3.6447029,-3.0981736,0.030806491,3.8244016,-14730.533,nan,3.2008326
nan,nan,nan,nan,nan,nan,nan,nan,3.6477323,-3.0838151,0.03057144,3.7648516,-14742.738,nan,3.1483085
nan,nan,nan,nan,nan,nan,nan,nan,3.6507788,-3.1743734,0.030336194,3.7052972,-14755.013,nan,3.0957844
nan,nan,nan,nan,nan,nan,nan,nan,3.6537852,-3.2561173,0.030100754,3.6457393,-14767.125,nan,3.0432606
nan,nan,nan,nan,nan,nan,nan,nan,3.65659,-3.2613776,0.029865125,3.5861773,-14778.426,nan,2.9907367
nan,nan,nan,nan,nan,nan,nan,nan,3.6594701,-3.2737458,0.029629312,3.5266116,-14790.029,nan,2.9382131
nan,nan,nan,nan,nan,nan,nan,nan,3.6625013,-3.3915994,0.02939331,3.467042,-14802.242,nan,2.8856897
nan,nan,nan,nan,nan,nan,nan,nan,3.665277,-3.4396508,0.029157121,3.4074686,-14813.426,nan,2.8331666
nan,nan,nan,nan,nan,nan,nan,nan,3.6681786,-3.5484061,0.028920749,3.3478916,-14825.116,nan,2.7806437
nan,nan,nan,nan,nan,nan,nan,nan,3.6711876,-3.5363221,0.028684186,3.2883108,-14837.24,nan,2.7281213
nan,nan,nan,nan,nan,nan,nan,nan,3.6737275,-3.663985,0.028447444,3.2287264,-14847.473,nan,2.6755993
nan,nan,nan,nan,nan,nan,nan,nan,3.6762319,-3.7666273,0.028210539,3.1691384,-14857.563,nan,2.6230779
nan,nan,nan,nan,nan,nan,nan,nan,3.6787658,-3.7158749,0.027973473,3.1095471,-14867.772,nan,2.5705569
nan,nan,nan,nan,nan,nan,nan,nan,3.6815922,-3.8303165,0.027736234,3.0499523,-14879.16,nan,2.5180364
nan,nan,nan,nan,nan,nan,nan,nan,3.6840055,-3.8898833,0.027498825,2.9903538,-14888.883,nan,2.4655168
nan,nan,nan,nan,nan,nan,nan,nan,3.686641,-3.9141932,0.027261253,2.9307523,-14899.501,nan,2.412998
nan,nan,nan,nan,nan,nan,nan,nan,3.6894238,-3.9356599,0.027023507,2.8711474,-14910.714,nan,2.3604796
nan,nan,nan,nan,nan,nan,nan,nan,3.6920478,-4.0724216,0.026785588,2.8115394,-14921.285,nan,2.3079624
nan,nan,nan,nan,nan,nan,nan,nan,3.6949551,-4.0695782,0.02654749,2.7519281,-14932.999,nan,2.2554462
nan,nan,nan,nan,nan,nan,nan,nan,3.697964,-4.1776228,0.0263092,2.6923139,-14945.122,nan,2.2029307
nan,nan,nan,nan,nan,nan,nan,nan,3.7003179,-4.2076192,0.026070738,2.6326966,-14954.605,nan,2.1504164
nan,nan,nan,nan,nan,nan,nan,nan,3.7026625,-4.4015303,0.025832124,2.5730762,-14964.052,nan,2.0979033
nan,nan,nan,nan,nan,nan,nan,nan,3.7048881,-4.314384,0.025593365,2.5134532,-14973.02,nan,2.0453913
nan,nan,nan,nan,nan,nan,nan,nan,3.7071693,-4.3155212,0.025354458,2.4538274,-14982.211,nan,1.9928807
nan,nan,nan,nan,nan,nan,nan,nan,3.7096245,-4.4885345,0.025115399,2.3941989,-14992.103,nan,1.9403714
nan,nan,nan,nan,nan,nan,nan,nan,3.7121913,-4.5175362,0.024876179,2.3345675,-15002.444,nan,1.8878636
nan,nan,nan,nan,nan,nan,nan,nan,3.7144349,-4.5681462,0.024636803,2.2749338,-15011.483,nan,1.8353572
nan,nan,nan,nan,nan,nan,nan,nan,3.7168643,-4.6355319,0.024397276,2.2152977,-15021.271,nan,1.7828524
nan,nan,nan,nan,nan,nan,nan,nan,3.7192147,-4.7047658,0.024157597,2.1556592,-15030.741,nan,1.7303493
nan,nan,nan,nan,nan,nan,nan,nan,3.7216728,-4.7481256,0.023917763,2.0960183,-15040.645,nan,1.677848
nan,nan,nan,nan,nan,nan,nan,nan,3.723958,-4.8234725,0.023677774,2.0363753,-15049.853,nan,1.6253484
nan,nan,nan,nan,nan,nan,nan,nan,3.7261727,-4.871666,0.02343764,1.9767301,-15058.775,nan,1.5728508
nan,nan,nan,nan,nan,nan,nan,nan,3.7280788,-4.8894362,0.023197375,1.917083,-15066.455,nan,1.5203552
nan,nan,nan,nan,nan,nan,nan,nan,3.7302897,-4.9495716,0.022956977,1.857434,-15075.362,nan,1.4678617
nan,nan,nan,nan,nan,nan,nan,nan,3.7324982,-5.0362911,0.022716435,1.7977831,-15084.261,nan,1.4153702
nan,nan,nan,nan,nan,nan,nan,nan,3.7351062,-5.0809307,0.022475738,1.7381306,-15094.769,nan,1.3628812
nan,nan,nan,nan,nan,nan,nan,nan,3.737586,-5.2012014,0.022234878,1.6784765,-15104.76,nan,1.3103944
nan,nan,nan,nan,nan,nan,nan,nan,3.7400124,-5.2267909,0.021993859,1.6188208,-15114.536,nan,1.25791
nan,nan,nan,nan,nan,nan,nan,nan,3.7423677,-5.3127999,0.021752687,1.5591638,-15124.025,nan,1.2054282
nan,nan,nan,nan,nan,nan,nan,nan,3.7445021,-5.3035593,0.02151137,1.4995054,-15132.624,nan,1.152949
nan,nan,nan,nan,nan,nan,nan,nan,3.7463608,-5.3763471,0.021269923,1.4398459,-15140.113,nan,1.1004725
nan,nan,nan,nan,nan,nan,nan,nan,3.7486639,-5.404211,0.021028344,1.3801854,-15149.393,nan,1.0479988
nan,nan,nan,nan,nan,nan,nan,nan,3.7508903,-5.5081325,0.020786617,1.3205237,-15158.363,nan,0.99552804
nan,nan,nan,nan,nan,nan,nan,nan,3.7528191,-5.5999703,0.020544758,1.2608614,-15166.134,nan,0.94306028
nan,nan,nan,nan,nan,nan,nan,nan,3.7547524,-5.7111425,0.020302773,1.2011983,-15173.923,nan,0.89059561
nan,nan,nan,nan,nan,nan,nan,nan,3.7567768,-5.6723318,0.02006066,1.1415346,-15182.08,nan,0.83813417
nan,nan,nan,nan,nan,nan,nan,nan,3.7588615,-5.6780181,0.019818416,1.0818704,-15190.479,nan,0.785676
nan,nan,nan,nan,nan,nan,nan,nan,3.7607973,-5.855154,0.019576041,1.0222059,-15198.278,nan,0.73322123
nan,nan,nan,nan,nan,nan,nan,nan,3.7627285,-5.9286528,0.019333543,0.96254116,-15206.059,nan,0.68076998
nan,nan,nan,nan,nan,nan,nan,nan,3.7647016,-5.9727235,0.019090919,0.90287626,-15214.008,nan,0.62832236
nan,nan,nan,nan,nan,nan,nan,nan,3.7666104,-6.004426,0.018848168,0.84321141,-15221.698,nan,0.57587844
nan,nan,nan,nan,nan,nan,nan,nan,3.7682116,-6.0907197,0.018605305,0.78354669,-15228.15,nan,0.52343839
nan,nan,nan,nan,nan,nan,nan,nan,3.7700405,-6.1286774,0.018362332,0.72388226,-15235.52,nan,0.47100222
nan,nan,nan,nan,nan,nan,nan,nan,3.7717893,-6.1979108,0.018119244,0.66421819,-15242.564,nan,0.4185701
nan,nan,nan,nan,nan,nan,nan,nan,3.7734072,-6.2365794,0.017876046,0.60455471,-15249.084,nan,0.36614215
nan,nan,nan,nan,nan,nan,nan,nan,3.7751687,-6.3612571,0.01763274,0.54489195,-15256.18,nan,0.31371844
nan,nan,nan,nan,nan,nan,nan,nan,3.7767179,-6.3605461,0.017389327,0.48522994,-15262.423,nan,0.26129913
nan,nan,nan,nan,nan,nan,nan,nan,3.7782261,-6.4331918,0.017145814,0.42556891,-15268.499,nan,0.20888428
nan,nan,nan,nan,nan,nan,nan,nan,3.7795923,-6.5008616,0.016902212,0.36590898,-15274.003,nan,0.15647404
nan,nan,nan,nan,nan,nan,nan,nan,3.7809899,-6.5167842,0.016658518,0.30625027,-15279.635,nan,0.10406851
nan,nan,nan,nan,nan,nan,nan,nan,3.782382,-6.5615659,0.016414735,0.24659297,-15285.243,nan,0.051667809
nan,nan,nan,nan,nan,nan,nan,nan,3.7841046,-6.6745858,0.016170852,0.18693717,-15292.184,nan,-0.00072795269
nan,nan,nan,nan,nan,nan,nan,nan,3.7854953,-6.7224951,0.015926868,0.12728304,-15297.787,nan,-0.053118654
nan,nan,nan,nan,nan,nan,nan,nan,3.7867508,-6.7792182,0.015682798,0.067630716,-15302.846,nan,-0.10550418
nan,nan,nan,nan,nan,nan,nan,nan,3.7881718,-6.8507266,0.015438642,0.0079803625,-15308.57,nan,-0.15788442
nan,nan,nan,nan,nan,nan,nan,nan,3.7897236,-6.899631,0.015194392,-0.05166788,-15314.822,nan,-0.21025923
nan,nan,nan,nan,nan,nan,nan,nan,3.7907023,-6.9536533,0.014950058,-0.11131386,-15318.766,nan,-0.26262853
nan,nan,nan,nan,nan,nan,nan,nan,3.7921121,-7.0943952,0.014705649,-0.17095743,-15324.445,nan,-0.31499216
nan,nan,nan,nan,nan,nan,nan,nan,3.7934453,-7.0909834,0.01446115,-0.23059843,-15329.817,nan,-0.36735001
nan,nan,nan,nan,nan,nan,nan,nan,3.7946258,-7.0747766,0.014216571,-0.29023671,-15334.573,nan,-0.41970196
nan,nan,nan,nan,nan,nan,nan,nan,3.795537,-7.2415347,0.013971925,-0.34987211,-15338.245,nan,-0.47204792
nan,nan,nan,nan,nan,nan,nan,nan,3.7970645,-7.1963267,0.013727199,-0.4095045,-15344.398,nan,-0.52438772
nan,nan,nan,nan,nan,nan,nan,nan,3.7984142,-7.3326616,0.013482382,-0.46913368,-15349.837,nan,-0.57672125
nan,nan,nan,nan,nan,nan,nan,nan,3.7996631,-7.3664966,0.01323748,-0.52875954,-15354.868,nan,-0.62904841
nan,nan,nan,nan,nan,nan,nan,nan,3.8009701,-7.4994197,0.012992496,-0.58838189,-15360.135,nan,-0.68136907
nan,nan,nan,nan,nan,nan,nan,nan,3.8021047,-7.4984245,0.012747433,-0.64800054,-15364.706,nan,-0.73368305
nan,nan,nan,nan,nan,nan,nan,nan,3.8030252,-7.5761881,0.012502303,-0.70761544,-15368.415,nan,-0.7859903
nan,nan,nan,nan,nan,nan,nan,nan,3.8040893,-7.5675159,0.01225711,-0.76722628,-15372.702,nan,-0.83829069
nan,nan,nan,nan,nan,nan,nan,nan,3.8050337,-7.6648984,0.012011853,-0.82683301,-15376.507,nan,-0.89058405
nan,nan,nan,nan,nan,nan,nan,nan,3.8060784,-7.7149396,0.011766531,-0.88643545,-15380.716,nan,-0.94287026
nan,nan,nan,nan,nan,nan,nan,nan,3.8071191,-7.805356,0.011521142,-0.94603342,-15384.909,nan,-0.9951492
nan,nan,nan,nan,nan,nan,nan,nan,3.8084476,-7.8488579,0.011275676,-1.0056267,-15390.261,nan,-1.0474207
nan,nan,nan,nan,nan,nan,nan,nan,3.8095732,-7.8940659,0.011030132,-1.0652152,-15394.796,nan,-1.0996847
nan,nan,nan,nan,nan,nan,nan,nan,3.8109753,-7.9394164,0.010784506,-1.1247988,-15400.446,nan,-1.1519412
nan,nan,nan,nan,nan,nan,nan,nan,3.8121154,-8.0785942,0.010538798,-1.1843772,-15405.039,nan,-1.2041898
nan,nan,nan,nan,nan,nan,nan,nan,3.8131912,-8.1438475,0.010293018,-1.2439504,-15409.374,nan,-1.2564304
nan,nan,nan,nan,nan,nan,nan,nan,3.8140998,-8.1408625,0.010047175,-1.3035179,-15413.034,nan,-1.3086631
nan,nan,nan,nan,nan,nan,nan,nan,3.8145795,-8.1867809,0.0098012863,-1.36308,-15414.967,nan,-1.3608876
nan,nan,nan,nan,nan,nan,nan,nan,3.8153219,-8.2625542,0.0095553594,-1.4226363,-15417.958,nan,-1.4131038
nan,nan,nan,nan,nan,nan,nan,nan,3.8159974,-8.2807512,0.0093093859,-1.4821866,-15420.679,nan,-1.4653116
nan,nan,nan,nan,nan,nan,nan,nan,3.8166866,-8.374011,0.0090633687,-1.5417306,-15423.457,nan,-1.5175109
nan,nan,nan,nan,nan,nan,nan,nan,3.8176744,-8.4318714,0.0088172974,-1.6012684,-15427.437,nan,-1.5697014
nan,nan,nan,nan,nan,nan,nan,nan,3.8185806,-8.4848986,0.0085711647,-1.6607999,-15431.087,nan,-1.6218833
nan,nan,nan,nan,nan,nan,nan,nan,3.8192062,-8.5237093,0.0083249835,-1.7203245,-15433.608,nan,-1.6740561
nan,nan,nan,nan,nan,nan,nan,nan,3.8199806,-8.6341705,0.0080787567,-1.7798425,-15436.729,nan,-1.7262199
nan,nan,nan,nan,nan,nan,nan,nan,3.8208172,-8.6810846,0.0078324778,-1.8393533,-15440.099,nan,-1.7783744
nan,nan,nan,nan,nan,nan,nan,nan,3.8214893,-8.7378073,0.0075861504,-1.8988571,-15442.807,nan,-1.8305198
nan,nan,nan,nan,nan,nan,nan,nan,3.8222001,-8.7764759,0.0073397784,-1.9583536,-15445.67,nan,-1.8826556
nan,nan,nan,nan,nan,nan,nan,nan,3.8228829,-8.861064,0.0070933616,-2.0178425,-15448.421,nan,-1.9347818
nan,nan,nan,nan,nan,nan,nan,nan,3.8237348,-8.9337091,0.0068468954,-2.0773239,-15451.854,nan,-1.9868984
nan,nan,nan,nan,nan,nan,nan,nan,3.8246047,-9.0144587,0.0066003734,-2.1367974,-15455.359,nan,-2.039005
nan,nan,nan,nan,nan,nan,nan,nan,3.8252687,-9.1011782,0.006353802,-2.1962631,-15458.033,nan,-2.0911019
nan,nan,nan,nan,nan,nan,nan,nan,3.8261514,-9.1027422,0.0061071813,-2.2557204,-15461.591,nan,-2.1431885
nan,nan,nan,nan,nan,nan,nan,nan,3.8266263,-9.1061535,0.0058605163,-2.3151693,-15463.504,nan,-2.1952651
nan,nan,nan,nan,nan,nan,nan,nan,3.8270073,-9.2483177,0.0056138239,-2.3746099,-15465.038,nan,-2.2473311
nan,nan,nan,nan,nan,nan,nan,nan,3.8275793,-9.203536,0.0053671007,-2.4340417,-15467.343,nan,-2.2993867
nan,nan,nan,nan,nan,nan,nan,nan,3.8278477,-9.3384495,0.0051203505,-2.4934647,-15468.425,nan,-2.3514318
nan,nan,nan,nan,nan,nan,nan,nan,3.8284228,-9.4139385,0.0048735728,-2.5528789,-15470.741,nan,-2.4034662
nan,nan,nan,nan,nan,nan,nan,nan,3.8290396,-9.4608526,0.004626757,-2.6122837,-15473.227,nan,-2.4554896
nan,nan,nan,nan,nan,nan,nan,nan,3.8297265,-9.5310812,0.0043798992,-2.6716793,-15475.994,nan,-2.5075023
nan,nan,nan,nan,nan,nan,nan,nan,3.8302195,-9.5664797,0.0041330033,-2.7310653,-15477.98,nan,-2.5595036
nan,nan,nan,nan,nan,nan,nan,nan,3.8301179,-9.6239138,0.0038860948,-2.7904415,-15477.571,nan,-2.6114938
nan,nan,nan,nan,nan,nan,nan,nan,3.8301661,-9.6385565,0.0036391879,-2.849808,-15477.766,nan,-2.6634729
nan,nan,nan,nan,nan,nan,nan,nan,3.8305371,-9.7257032,0.0033922675,-2.9091647,-15479.26,nan,-2.7154403
nan,nan,nan,nan,nan,nan,nan,nan,3.8310094,-9.820384,0.0031453201,-2.9685109,-15481.163,nan,-2.767396
nan,nan,nan,nan,nan,nan,nan,nan,3.8311048,-9.8803778,0.0028983543,-3.0278471,-15481.548,nan,-2.8193402
nan,nan,nan,nan,nan,nan,nan,nan,3.8310328,-9.978755,0.0026513876,-3.0871725,-15481.257,nan,-2.8712726
nan,nan,nan,nan,nan,nan,nan,nan,3.8314342,-9.9793234,0.0024044104,-3.1464875,-15482.875,nan,-2.9231927
nan,nan,nan,nan,nan,nan,nan,nan,3.8316185,-10.042017,0.0021574143,-3.2057915,-15483.617,nan,-2.975101
nan,nan,nan,nan,nan,nan,nan,nan,3.8317869,-10.063342,0.001910407,-3.2650847,-15484.296,nan,-3.0269971
nan,nan,nan,nan,nan,nan,nan,nan,3.8318803,-10.138547,0.0016633911,-3.3243666,-15484.673,nan,-3.078881
nan,nan,nan,nan,nan,nan,nan,nan,3.8321865,-10.207354,0.0014163624,-3.3836374,-15485.906,nan,-3.1307523
nan,nan,nan,nan,nan,nan,nan,nan,3.8322291,-10.241757,0.0011693224,-3.4428966,-15486.077,nan,-3.1826112
nan,nan,nan,nan,nan,nan,nan,nan,3.8321629,-10.335017,0.00092228316,-3.5021441,-15485.811,nan,-3.2344573
nan,nan,nan,nan,nan,nan,nan,nan,3.8320935,-10.360748,0.00067524833,-3.5613801,-15485.53,nan,-3.2862906
nan,nan,nan,nan,nan,nan,nan,nan,3.8320868,-10.457135,0.00042821592,-3.620604,-15485.504,nan,-3.3381112
nan,nan,nan,nan,nan,nan,nan,nan,3.8323672,-10.453155,0.00018117471,-3.6798158,-15486.634,nan,-3.3899188
nan,nan,nan,nan,nan,nan,nan,nan,3.832556,-10.587215,-6.5881643e-05,-3.7390156,-15487.395,nan,-3.4417131
nan,nan,nan,nan,nan,nan,nan,nan,3.8325546,-10.62432,-0.00031294403,-3.7982028,-15487.389,nan,-3.4934943
nan,nan,nan,nan,nan,nan,nan,nan,3.8326955,-10.770606,-0.0005600109,-3.8573775,-15487.957,nan,-3.5452621
nan,nan,nan,nan,nan,nan,nan,nan,3.8326986,-10.740184,-0.00080708246,-3.9165394,-15487.97,nan,-3.5970163
nan,nan,nan,nan,nan,nan,nan,nan,3.8327966,-10.821501,-0.0010541573,-3.9756887,-15488.363,nan,-3.6487572
nan,nan,nan,nan,nan,nan,nan,nan,3.8328817,-10.847943,-0.001301238,-4.0348248,-15488.707,nan,-3.7004843
nan,nan,nan,nan,nan,nan,nan,nan,3.8329587,-10.939355,-0.0015483238,-4.0939479,-15489.018,nan,-3.7521977
nan,nan,nan,nan,nan,nan,nan,nan,3.8327422,-10.954282,-0.0017954053,-4.1530576,-15488.145,nan,-3.8038971
nan,nan,nan,nan,nan,nan,nan,nan,3.8326325,-11.085215,-0.0020424761,-4.2121544,-15487.703,nan,-3.8555827
nan,nan,nan,nan,nan,nan,nan,nan,3.8324118,-11.079812,-0.0022895364,-4.2712369,-15486.813,nan,-3.907254
nan,nan,nan,nan,nan,nan,nan,nan,3.832088,-11.153027,-0.002536579,-4.3303061,-15485.509,nan,-3.9589112
nan,nan,nan,nan,nan,nan,nan,nan,3.8319938,-11.223398,-0.0027836084,-4.3893614,-15485.13,nan,-4.0105538
nan,nan,nan,nan,nan,nan,nan,nan,3.8317659,-11.176484,-0.0030306273,-4.4484024,-15484.212,nan,-4.0621824
nan,nan,nan,nan,nan,nan,nan,nan,3.831419,-11.34836,-0.0032776275,-4.5074296,-15482.813,nan,-4.1137962
nan,nan,nan,nan,nan,nan,nan,nan,3.8313251,-11.40622,-0.0035246136,-4.5664425,-15482.435,nan,-4.1653957
nan,nan,nan,nan,nan,nan,nan,nan,3.8311768,-11.40295,-0.0037715919,-4.6254411,-15481.837,nan,-4.2169805
nan,nan,nan,nan,nan,nan,nan,nan,3.8309758,-11.550374,-0.0040185591,-4.6844249,-15481.028,nan,-4.2685504
nan,nan,nan,nan,nan,nan,nan,nan,3.8308332,-11.561463,-0.0042655151,-4.7433939,-15480.453,nan,-4.3201051
nan,nan,nan,nan,nan,nan,nan,nan,3.830775,-11.560894,-0.0045124646,-4.8023481,-15480.219,nan,-4.371645
nan,nan,nan,nan,nan,nan,nan,nan,3.8303509,-11.723104,-0.0047593983,-4.8612876,-15478.51,nan,-4.4231701
nan,nan,nan,nan,nan,nan,nan,nan,3.8301604,-11.709313,-0.0050063124,-4.9202123,-15477.742,nan,-4.4746795
nan,nan,nan,nan,nan,nan,nan,nan,3.8297033,-11.712868,-0.005253206,-4.9791212,-15475.901,nan,-4.5261741
nan,nan,nan,nan,nan,nan,nan,nan,3.8292897,-11.880479,-0.0055000712,-5.0380149,-15474.234,nan,-4.5776529
nan,nan,nan,nan,nan,nan,nan,nan,3.8287346,-11.909338,-0.0057469048,-5.0968933,-15471.998,nan,-4.6291165
nan,nan,nan,nan,nan,nan,nan,nan,3.8285139,-11.983547,-0.0059937141,-5.155756,-15471.108,nan,-4.6805644
nan,nan,nan,nan,nan,nan,nan,nan,3.828208,-12.112063,-0.0062405057,-5.2146029,-15469.876,nan,-4.7319965
nan,nan,nan,nan,nan,nan,nan,nan,3.8276281,-12.156134,-0.0064872694,-5.2734342,-15467.54,nan,-4.7834134
nan,nan,nan,nan,nan,nan,nan,nan,3.8270025,-12.165943,-0.006733994,-5.3322496,-15465.02,nan,-4.8348141
nan,nan,nan,nan,nan,nan,nan,nan,3.8262033,-12.19793,-0.0069806725,-5.3910489,-15461.8,nan,-4.886199
nan,nan,nan,nan,nan,nan,nan,nan,3.8252635,-12.27413,-0.0072272951,-5.449832,-15458.013,nan,-4.9375677
nan,nan,nan,nan,nan,nan,nan,nan,3.8248835,-12.268869,-0.0074738753,-5.5085983,-15456.482,nan,-4.9889207
nan,nan,nan,nan,nan,nan,nan,nan,3.8243055,-12.444726,-0.0077204248,-5.567349,-15454.153,nan,-5.0402575
nan,nan,nan,nan,nan,nan,nan,nan,3.8236594,-12.371369,-0.0079669347,-5.6260824,-15451.55,nan,-5.091578
nan,nan,nan,nan,nan,nan,nan,nan,3.8226039,-12.557604,-0.0082133897,-5.6847997,-15447.298,nan,-5.1428819
nan,nan,nan,nan,nan,nan,nan,nan,3.8216553,-12.466051,-0.0084597794,-5.7434998,-15443.475,nan,-5.1941695
nan,nan,nan,nan,nan,nan,nan,nan,3.8206639,-12.704885,-0.0087061077,-5.8021836,-15439.481,nan,-5.245441
nan,nan,nan,nan,nan,nan,nan,nan,3.8195701,-12.66309,-0.0089523681,-5.8608499,-15435.074,nan,-5.2966957
nan,nan,nan,nan,nan,nan,nan,nan,3.8185232,-12.747819,-0.0091985594,-5.9194994,-15430.855,nan,-5.3479338
nan,nan,nan,nan,nan,nan,nan,nan,3.8172696,-12.80042,-0.0094446773,-5.9781313,-15425.805,nan,-5.3991551
nan,nan,nan,nan,nan,nan,nan,nan,3.8162019,-12.872923,-0.0096907197,-6.0367465,-15421.504,nan,-5.4503593
nan,nan,nan,nan,nan,nan,nan,nan,3.81569,-12.923249,-0.0099367108,-6.0953441,-15419.441,nan,-5.5015473
nan,nan,nan,nan,nan,nan,nan,nan,3.8150625,-12.997174,-0.010182666,-6.153924,-15416.913,nan,-5.5527182
nan,nan,nan,nan,nan,nan,nan,nan,3.8143184,-13.08816,-0.010428577,-6.2124863,-15413.915,nan,-5.6038718
nan,nan,nan,nan,nan,nan,nan,nan,3.8134265,-13.121852,-0.010674435,-6.2710309,-15410.321,nan,-5.6550088
nan,nan,nan,nan,nan,nan,nan,nan,3.8125644,-13.137917,-0.010920236,-6.3295579,-15406.849,nan,-5.7061286
nan,nan,nan,nan,nan,nan,nan,nan,3.8111603,-13.193076,-0.011165964,-6.3880668,-15401.19,nan,-5.7572308
nan,nan,nan,nan,nan,nan,nan,nan,3.8100586,-13.313204,-0.011411613,-6.446558,-15396.752,nan,-5.8083162
nan,nan,nan,nan,nan,nan,nan,nan,3.8090672,-13.296287,-0.011657192,-6.5050311,-15392.758,nan,-5.8593841
nan,nan,nan,nan,nan,nan,nan,nan,3.8082678,-13.476976,-0.011902715,-6.5634856,-15389.537,nan,-5.9104342
nan,nan,nan,nan,nan,nan,nan,nan,3.8073299,-13.4049,-0.012148182,-6.621922,-15385.759,nan,-5.9614673
nan,nan,nan,nan,nan,nan,nan,nan,3.806051,-13.474702,-0.012393577,-6.6803403,-15380.606,nan,-6.0124831
nan,nan,nan,nan,nan,nan,nan,nan,3.8050356,-13.589997,-0.012638898,-6.73874,-15376.514,nan,-6.0634809
nan,nan,nan,nan,nan,nan,nan,nan,3.8039024,-13.661221,-0.012884149,-6.7971215,-15371.948,nan,-6.1144614
nan,nan,nan,nan,nan,nan,nan,nan,3.8028541,-13.736425,-0.013129331,-6.855484,-15367.726,nan,-6.1654239
nan,nan,nan,nan,nan,nan,nan,nan,3.8019857,-13.747941,-0.013374451,-6.9138279,-15364.227,nan,-6.2163687
nan,nan,nan,nan,nan,nan,nan,nan,3.8009789,-13.81163,-0.01361951,-6.9721527,-15360.17,nan,-6.2672958
nan,nan,nan,nan,nan,nan,nan,nan,3.7994208,-13.87077,-0.013864486,-7.0304594,-15353.893,nan,-6.3182049
nan,nan,nan,nan,nan,nan,nan,nan,3.7980881,-13.937303,-0.01410937,-7.0887465,-15348.522,nan,-6.3690958
nan,nan,nan,nan,nan,nan,nan,nan,3.7966743,-14.02843,-0.014354165,-7.1470146,-15342.826,nan,-6.4199691
nan,nan,nan,nan,nan,nan,nan,nan,3.7954257,-14.064255,-0.014598874,-7.2052641,-15337.796,nan,-6.4708242
nan,nan,nan,nan,nan,nan,nan,nan,3.7942429,-14.086575,-0.014843505,-7.263494,-15333.03,nan,-6.5216613
nan,nan,nan,nan,nan,nan,nan,nan,3.793215,-14.158225,-0.015088065,-7.3217049,-15328.89,nan,-6.5724807
nan,nan,nan,nan,nan,nan,nan,nan,3.7919056,-14.214949,-0.015332549,-7.3798962,-15323.614,nan,-6.623281
nan,nan,nan,nan,nan,nan,nan,nan,3.7904508,-14.316738,-0.015576944,-7.4380684,-15317.752,nan,-6.6740637
nan,nan,nan,nan,nan,nan,nan,nan,3.7890401,-14.290296,-0.015821246,-7.4962211,-15312.068,nan,-6.7248278
nan,nan,nan,nan,nan,nan,nan,nan,3.7875247,-14.336356,-0.016065454,-7.5543542,-15305.963,nan,-6.7755737
nan,nan,nan,nan,nan,nan,nan,nan,3.7859652,-14.468427,-0.016309563,-7.6124673,-15299.68,nan,-6.8263011
nan,nan,nan,nan,nan,nan,nan,nan,3.7846744,-14.516335,-0.016553581,-7.6705613,-15294.479,nan,-6.8770099
nan,nan,nan,nan,nan,nan,nan,nan,3.7831805,-14.565666,-0.016797509,-7.7286353,-15288.46,nan,-6.9277005
nan,nan,nan,nan,nan,nan,nan,nan,3.7813408,-14.626228,-0.017041329,-7.7866893,-15281.048,nan,-6.9783726
nan,nan,nan,nan,nan,nan,nan,nan,3.7797985,-14.716502,-0.01728504,-7.8447237,-15274.834,nan,-7.0290256
nan,nan,nan,nan,nan,nan,nan,nan,3.777981,-14.741381,-0.017528644,-7.9027381,-15267.512,nan,-7.0796604
nan,nan,nan,nan,nan,nan,nan,nan,3.7760768,-14.88653,-0.017772127,-7.9607325,-15259.839,nan,-7.1302767
nan,nan,nan,nan,nan,nan,nan,nan,3.7745106,-14.899894,-0.018015496,-8.0187063,-15253.529,nan,-7.1808739
nan,nan,nan,nan,nan,nan,nan,nan,3.7729023,-14.938704,-0.018258765,-8.0766611,-15247.049,nan,-7.231452
nan,nan,nan,nan,nan,nan,nan,nan,3.7708433,-15.060254,-0.018501917,-8.1345949,-15238.753,nan,-7.282012
nan,nan,nan,nan,nan,nan,nan,nan,3.7689722,-15.097217,-0.01874494,-8.1925077,-15231.214,nan,-7.3325524
nan,nan,nan,nan,nan,nan,nan,nan,3.7671397,-15.200427,-0.018987846,-8.2504015,-15223.831,nan,-7.3830743
nan,nan,nan,nan,nan,nan,nan,nan,3.7652342,-15.111575,-0.019230628,-8.3082743,-15216.154,nan,-7.4335775
nan,nan,nan,nan,nan,nan,nan,nan,3.7633872,-15.28729,-0.019473292,-8.366127,-15208.713,nan,-7.4840612
nan,nan,nan,nan,nan,nan,nan,nan,3.7615044,-15.204977,-0.019715834,-8.4239588,-15201.128,nan,-7.5345263
nan,nan,nan,nan,nan,nan,nan,nan,3.7594948,-15.290844,-0.019958252,-8.4817696,-15193.029,nan,-7.5849719
nan,nan,nan,nan,nan,nan,nan,nan,3.7571552,-15.404148,-0.02020053,-8.5395603,-15183.604,nan,-7.6353984
nan,nan,nan,nan,nan,nan,nan,nan,3.7547174,-15.409123,-0.020442652,-8.5973301,-15173.781,nan,-7.6858063
nan,nan,nan,nan,nan,nan,nan,nan,3.7526948,-15.484897,-0.020684632,-8.6550798,-15165.633,nan,-7.7361941
nan,nan,nan,nan,nan,nan,nan,nan,3.7502871,-15.535223,-0.020926468,-8.7128077,-15155.932,nan,-7.7865634
nan,nan,nan,nan,nan,nan,nan,nan,3.7483571,-15.683073,-0.021168165,-8.7705154,-15148.156,nan,-7.8369131
nan,nan,nan,nan,nan,nan,nan,nan,3.7466009,-15.68748,-0.021409743,-8.8282022,-15141.08,nan,-7.8872433
nan,nan,nan,nan,nan,nan,nan,nan,3.7447367,-15.811873,-0.021651205,-8.8858681,-15133.57,nan,-7.9375544
nan,nan,nan,nan,nan,nan,nan,nan,3.7427032,-15.749748,-0.02189254,-8.9435129,-15125.377,nan,-7.9878459
nan,nan,nan,nan,nan,nan,nan,nan,3.7405448,-15.82282,-0.022133742,-9.0011358,-15116.681,nan,-8.0381184
nan,nan,nan,nan,nan,nan,nan,nan,3.7377186,-15.892907,-0.022374781,-9.0587387,-15105.293,nan,-8.0883703
nan,nan,nan,nan,nan,nan,nan,nan,3.7352962,-15.884946,-0.022615653,-9.1163197,-15095.534,nan,-8.1386042
nan,nan,nan,nan,nan,nan,nan,nan,3.7326756,-15.997824,-0.02285636,-9.1738796,-15084.975,nan,-8.188817
nan,nan,nan,nan,nan,nan,nan,nan,3.7303779,-16.033081,-0.02309691,-9.2314177,-15075.718,nan,-8.2390108
nan,nan,nan,nan,nan,nan,nan,nan,3.7277784,-16.126623,-0.023337301,-9.2889347,-15065.245,nan,-8.2891855
nan,nan,nan,nan,nan,nan,nan,nan,3.7256706,-16.167709,-0.023577541,-9.3464308,-15056.752,nan,-8.3393402
nan,nan,nan,nan,nan,nan,nan,nan,3.7235177,-16.241777,-0.023817644,-9.4039049,-15048.078,nan,-8.3894749
nan,nan,nan,nan,nan,nan,nan,nan,3.721235,-16.299212,-0.024057604,-9.4613581,-15038.882,nan,-8.4395895
nan,nan,nan,nan,nan,nan,nan,nan,3.7188134,-16.312716,-0.024297412,-9.5187893,-15029.125,nan,-8.4896841
nan,nan,nan,nan,nan,nan,nan,nan,3.7163324,-16.394602,-0.024537062,-9.5761986,-15019.129,nan,-8.5397596
nan,nan,nan,nan,nan,nan,nan,nan,3.7139146,-16.460566,-0.024776554,-9.6335859,-15009.388,nan,-8.5898151
nan,nan,nan,nan,nan,nan,nan,nan,3.7114644,-16.550983,-0.025015891,-9.6909523,-14999.516,nan,-8.6398506
nan,nan,nan,nan,nan,nan,nan,nan,3.7091253,-16.635143,-0.025255071,-9.7482958,-14990.091,nan,-8.6898651
nan,nan,nan,nan,nan,nan,nan,nan,3.7066793,-16.651918,-0.025494097,-9.8056183,-14980.236,nan,-8.7398605
nan,nan,nan,nan,nan,nan,nan,nan,3.7040291,-16.704519,-0.025732961,-9.8629189,-14969.558,nan,-8.7898359
nan,nan,nan,nan,nan,nan,nan,nan,3.7014742,-16.759964,-0.025971655,-9.9201975,-14959.265,nan,-8.8397903
nan,nan,nan,nan,nan,nan,nan,nan,3.698796,-16.815691,-0.026210181,-9.9774532,-14948.474,nan,-8.8897257
nan,nan,nan,nan,nan,nan,nan,nan,3.6961932,-16.856634,-0.026448537,-10.034687,-14937.987,nan,-8.93964
nan,nan,nan,nan,nan,nan,nan,nan,3.6937549,-16.926863,-0.02668673,-10.091899,-14928.163,nan,-8.9895344
nan,nan,nan,nan,nan,nan,nan,nan,3.691361,-17.016853,-0.026924768,-10.149089,-14918.519,nan,-9.0394077
nan,nan,nan,nan,nan,nan,nan,nan,3.6889572,-17.055237,-0.027162651,-10.206256,-14908.834,nan,-9.0892611
nan,nan,nan,nan,nan,nan,nan,nan,3.6862521,-17.091774,-0.027400369,-10.263401,-14897.935,nan,-9.1390944
nan,nan,nan,nan,nan,nan,nan,nan,3.683661,-17.146791,-0.027637916,-10.320524,-14887.495,nan,-9.1889067
nan,nan,nan,nan,nan,nan,nan,nan,3.6810334,-17.194557,-0.027875295,-10.377624,-14876.908,nan,-9.238699
nan,nan,nan,nan,nan,nan,nan,nan,3.6782084,-17.273743,-0.028112499,-10.434701,-14865.526,nan,-9.2884703
nan,nan,nan,nan,nan,nan,nan,nan,3.6753769,-17.360889,-0.028349521,-10.491756,-14854.119,nan,-9.3382206
nan,nan,nan,nan,nan,nan,nan,nan,3.6725247,-17.440928,-0.028586358,-10.548788,-14842.627,nan,-9.3879509
nan,nan,nan,nan,nan,nan,nan,nan,3.6697416,-17.520113,-0.028823014,-10.605798,-14831.414,nan,-9.4376602
nan,nan,nan,nan,nan,nan,nan,nan,3.6667106,-17.578827,-0.029059485,-10.662785,-14819.202,nan,-9.4873486
nan,nan,nan,nan,nan,nan,nan,nan,3.6635463,-17.583944,-0.029295754,-10.719748,-14806.453,nan,-9.5370159
nan,nan,nan,nan,nan,nan,nan,nan,3.6605999,-17.641804,-0.029531825,-10.776689,-14794.582,nan,-9.5866623
nan,nan,nan,nan,nan,nan,nan,nan,3.6578546,-17.708195,-0.029767714,-10.833606,-14783.521,nan,-9.6362886
nan,nan,nan,nan,nan,nan,nan,nan,3.6550021,-17.764776,-0.030003423,-10.8905,-14772.028,nan,-9.6858931
nan,nan,nan,nan,nan,nan,nan,nan,3.6517432,-17.819794,-0.030238936,-10.947371,-14758.898,nan,-9.7354765
nan,nan,nan,nan,nan,nan,nan,nan,3.6486869,-17.90765,-0.030474244,-11.00422,-14746.584,nan,-9.785038
nan,nan,nan,nan,nan,nan,nan,nan,3.6456251,-17.826048,-0.030709354,-11.061044,-14734.248,nan,-9.8345795
nan,nan,nan,nan,nan,nan,nan,nan,3.6424541,-17.948168,-0.030944264,-11.117846,-14721.473,nan,-9.884099
nan,nan,nan,nan,nan,nan,nan,nan,3.639081,-17.994087,-0.031178962,-11.174623,-14707.882,nan,-9.9335976
nan,nan,nan,nan,nan,nan,nan,nan,3.6356714,-18.056211,-0.031413443,-11.231377,-14694.145,nan,-9.9830742
nan,nan,nan,nan,nan,nan,nan,nan,3.6324093,-18.155441,-0.031647708,-11.288107,-14681.002,nan,-10.032529
nan,nan,nan,nan,nan,nan,nan,nan,3.6292841,-18.22098,-0.031881768,-11.344814,-14668.41,nan,-10.081963
nan,nan,nan,nan,nan,nan,nan,nan,3.625911,-18.174919,-0.032115616,-11.401497,-14654.82,nan,-10.131375
nan,nan,nan,nan,nan,nan,nan,nan,3.6226342,-18.352623,-0.032349255,-11.458156,-14641.617,nan,-10.180765
nan,nan,nan,nan,nan,nan,nan,nan,3.6194835,-18.418161,-0.032582682,-11.51479,-14628.924,nan,-10.230134
nan,nan,nan,nan,nan,nan,nan,nan,3.6159585,-18.436216,-0.032815896,-11.571401,-14614.721,nan,-10.27948
nan,nan,nan,nan,nan,nan,nan,nan,3.6126952,-18.484978,-0.033048891,-11.627987,-14601.573,nan,-10.328805
nan,nan,nan,nan,nan,nan,nan,nan,3.6092551,-18.520519,-0.033281669,-11.684549,-14587.713,nan,-10.378107
nan,nan,nan,nan,nan,nan,nan,nan,3.6056595,-18.555775,-0.03351422,-11.741086,-14573.227,nan,-10.427387
nan,nan,nan,nan,nan,nan,nan,nan,3.6019466,-18.577953,-0.033746537,-11.7976,-14558.267,nan,-10.476645
nan,nan,nan,nan,nan,nan,nan,nan,3.5983753,-18.68955,-0.033978615,-11.854088,-14543.879,nan,-10.525882
nan,nan,nan,nan,nan,nan,nan,nan,3.5947499,-18.767031,-0.034210466,-11.910552,-14529.272,nan,-10.575095
nan,nan,nan,nan,nan,nan,nan,nan,3.5916655,-18.820625,-0.034442101,-11.96699,-14516.844,nan,-10.624286
nan,nan,nan,nan,nan,nan,nan,nan,3.5882361,-18.906635,-0.034673523,-12.023404,-14503.028,nan,-10.673454
nan,nan,nan,nan,nan,nan,nan,nan,3.5849447,-18.976723,-0.03490473,-12.079793,-14489.767,nan,-10.7226
nan,nan,nan,nan,nan,nan,nan,nan,3.581439,-19.024773,-0.035135716,-12.136157,-14475.642,nan,-10.771723
nan,nan,nan,nan,nan,nan,nan,nan,3.5782423,-18.991365,-0.035366487,-12.192495,-14462.763,nan,-10.820823
nan,nan,nan,nan,nan,nan,nan,nan,3.5749354,-19.057329,-0.035597049,-12.248808,-14449.439,nan,-10.8699
nan,nan,nan,nan,nan,nan,nan,nan,3.5713472,-19.229204,-0.035827387,-12.305096,-14434.982,nan,-10.918954
nan,nan,nan,nan,nan,nan,nan,nan,3.5679357,-19.218685,-0.036057502,-12.361358,-14421.237,nan,-10.967984
nan,nan,nan,nan,nan,nan,nan,nan,3.564291,-19.279104,-0.03628739,-12.417594,-14406.553,nan,-11.016993
nan,nan,nan,nan,nan,nan,nan,nan,3.5606205,-19.303698,-0.036517039,-12.473804,-14391.765,nan,-11.065976
nan,nan,nan,nan,nan,nan,nan,nan,3.5573828,-19.390276,-0.036746468,-12.529988,-14378.719,nan,-11.114937
nan,nan,nan,nan,nan,nan,nan,nan,3.5537815,-19.471025,-0.036975674,-12.586145,-14364.21,nan,-11.163874
nan,nan,nan,nan,nan,nan,nan,nan,3.550318,-19.446289,-0.037204657,-12.642278,-14350.255,nan,-11.212788
nan,nan,nan,nan,nan,nan,nan,nan,3.5466135,-19.577932,-0.037433404,-12.698382,-14335.329,nan,-11.261677
nan,nan,nan,nan,nan,nan,nan,nan,3.5429218,-19.575232,-0.037661914,-12.754461,-14320.455,nan,-11.310542
nan,nan,nan,nan,nan,nan,nan,nan,3.5392547,-19.624136,-0.037890188,-12.810513,-14305.681,nan,-11.359384
nan,nan,nan,nan,nan,nan,nan,nan,3.5358171,-19.692232,-0.038118232,-12.866538,-14291.831,nan,-11.408201
nan,nan,nan,nan,nan,nan,nan,nan,3.5323191,-19.712135,-0.038346052,-12.922537,-14277.737,nan,-11.456994
nan,nan,nan,nan,nan,nan,nan,nan,3.5287285,-19.847191,-0.038573645,-12.978507,-14263.271,nan,-11.505762
nan,nan,nan,nan,nan,nan,nan,nan,3.5251067,-19.928509,-0.038801003,-13.034451,-14248.679,nan,-11.554506
nan,nan,nan,nan,nan,nan,nan,nan,3.5211163,-19.940165,-0.039028119,-13.090367,-14232.601,nan,-11.603225
nan,nan,nan,nan,nan,nan,nan,nan,3.5171165,-20.069391,-0.039254975,-13.146255,-14216.486,nan,-11.651919
nan,nan,nan,nan,nan,nan,nan,nan,3.5133333,-20.070814,-0.03948158,-13.202117,-14201.243,nan,-11.700588
nan,nan,nan,nan,nan,nan,nan,nan,3.5090866,-20.06399,-0.039707929,-13.257949,-14184.133,nan,-11.749232
nan,nan,nan,nan,nan,nan,nan,nan,3.5051179,-20.205301,-0.039934009,-13.313754,-14168.144,nan,-11.797852
nan,nan,nan,nan,nan,nan,nan,nan,3.5012794,-20.228899,-0.04015984,-13.369531,-14152.678,nan,-11.846445
nan,nan,nan,nan,nan,nan,nan,nan,3.4975729,-20.283207,-0.040385429,-13.425279,-14137.744,nan,-11.895013
nan,nan,nan,nan,nan,nan,nan,nan,3.493449,-20.334669,-0.040610764,-13.480998,-14121.129,nan,-11.943555
nan,nan,nan,nan,nan,nan,nan,nan,3.4896536,-20.370922,-0.040835842,-13.536688,-14105.838,nan,-11.992071
nan,nan,nan,nan,nan,nan,nan,nan,3.486136,-20.468729,-0.04106069,-13.59235,-14091.665,nan,-12.040562
nan,nan,nan,nan,nan,nan,nan,nan,3.4819703,-20.671598,-0.041285284,-13.647983,-14074.881,nan,-12.089025
nan,nan,nan,nan,nan,nan,nan,nan,3.4776788,-20.562273,-0.04150961,-13.703586,-14057.591,nan,-12.137464
nan,nan,nan,nan,nan,nan,nan,nan,3.4733789,-20.602791,-0.041733656,-13.759158,-14040.267,nan,-12.185875
nan,nan,nan,nan,nan,nan,nan,nan,3.4695609,-20.704721,-0.041957442,-13.814702,-14024.884,nan,-12.23426
nan,nan,nan,nan,nan,nan,nan,nan,3.4654534,-20.761019,-0.04218097,-13.870216,-14008.335,nan,-12.282617
nan,nan,nan,nan,nan,nan,nan,nan,3.461328,-20.783764,-0.042404234,-13.925699,-13991.713,nan,-12.330948
nan,nan,nan,nan,nan,nan,nan,nan,3.4566827,-20.866362,-0.042627215,-13.981153,-13972.997,nan,-12.379251
nan,nan,nan,nan,nan,nan,nan,nan,3.4525466,-20.908869,-0.042849917,-14.036575,-13956.333,nan,-12.427527
nan,nan,nan,nan,nan,nan,nan,nan,3.4485064,-20.938581,-0.04307235,-14.091968,-13940.055,nan,-12.475776
nan,nan,nan,nan,nan,nan,nan,nan,3.444206,-21.018904,-0.043294519,-14.147328,-13922.729,nan,-12.523997
nan,nan,nan,nan,nan,nan,nan,nan,3.4396408,-21.02729,-0.043516397,-14.202658,-13904.335,nan,-12.57219
nan,nan,nan,nan,nan,nan,nan,nan,3.4351652,-21.1133,-0.043737989,-14.257957,-13886.304,nan,-12.620355
nan,nan,nan,nan,nan,nan,nan,nan,3.4310486,-21.167606,-0.043959301,-14.313223,-13869.718,nan,-12.668491
nan,nan,nan,nan,nan,nan,nan,nan,3.426451,-21.279062,-0.04418033,-14.368458,-13851.193,nan,-12.7166
nan,nan,nan,nan,nan,nan,nan,nan,3.4220786,-21.249636,-0.044401072,-14.42366,-13833.577,nan,-12.76468
nan,nan,nan,nan,nan,nan,nan,nan,3.4175994,-21.297829,-0.044621531,-14.478831,-13815.53,nan,-12.81273
nan,nan,nan,nan,nan,nan,nan,nan,3.4132504,-21.366068,-0.044841703,-14.533969,-13798.009,nan,-12.860752
nan,nan,nan,nan,nan,nan,nan,nan,3.4089131,-21.407152,-0.045061596,-14.589074,-13780.534,nan,-12.908744
nan,nan,nan,nan,nan,nan,nan,nan,3.4044156,-21.455915,-0.045281202,-14.644146,-13762.413,nan,-12.956707
nan,nan,nan,nan,nan,nan,nan,nan,3.4000344,-21.546331,-0.045500524,-14.699184,-13744.761,nan,-13.004641
nan,nan,nan,nan,nan,nan,nan,nan,3.3955901,-21.690058,-0.04571956,-14.754189,-13726.855,nan,-13.052544
nan,nan,nan,nan,nan,nan,nan,nan,3.3911033,-21.713514,-0.045938309,-14.809161,-13708.777,nan,-13.100417
nan,nan,nan,nan,nan,nan,nan,nan,3.3866665,-21.774504,-0.046156771,-14.864099,-13690.901,nan,-13.14826
nan,nan,nan,nan,nan,nan,nan,nan,3.3821158,-21.724035,-0.046374943,-14.919002,-13672.567,nan,-13.196073
nan,nan,nan,nan,nan,nan,nan,nan,3.377496,-21.839046,-0.04659282,-14.973869,-13653.954,nan,-13.243854
nan,nan,nan,nan,nan,nan,nan,nan,3.3728027,-21.909132,-0.046810396,-15.028704,-13635.044,nan,-13.291605
nan,nan,nan,nan,nan,nan,nan,nan,3.3679862,-21.962017,-0.047027666,-15.083502,-13615.639,nan,-13.339324
nan,nan,nan,nan,nan,nan,nan,nan,3.3632839,-21.930599,-0.047244627,-15.138265,-13596.693,nan,-13.387012
nan,nan,nan,nan,nan,nan,nan,nan,3.3584411,-22.005804,-0.047461282,-15.192992,-13577.181,nan,-13.434669
nan,nan,nan,nan,nan,nan,nan,nan,3.3535652,-22.073757,-0.047677625,-15.247684,-13557.536,nan,-13.482292
nan,nan,nan,nan,nan,nan,nan,nan,3.3487737,-22.183651,-0.047893655,-15.30234,-13538.231,nan,-13.529884
nan,nan,nan,nan,nan,nan,nan,nan,3.3438566,-22.208103,-0.048109375,-15.356958,-13518.42,nan,-13.577444
nan,nan,nan,nan,nan,nan,nan,nan,3.3391306,-22.265963,-0.048324779,-15.41154,-13499.379,nan,-13.624971
nan,nan,nan,nan,nan,nan,nan,nan,3.3342545,-22.290699,-0.048539877,-15.466085,-13479.733,nan,-13.672466
nan,nan,nan,nan,nan,nan,nan,nan,3.3293765,-22.351688,-0.048754659,-15.520593,-13460.079,nan,-13.719927
nan,nan,nan,nan,nan,nan,nan,nan,3.3250456,-22.371307,-0.048969146,-15.575063,-13442.631,nan,-13.767355
nan,nan,nan,nan,nan,nan,nan,nan,3.3206038,-22.471674,-0.04918335,-15.629495,-13424.734,nan,-13.814749
nan,nan,nan,nan,nan,nan,nan,nan,3.3163447,-22.48774,-0.049397271,-15.683888,-13407.574,nan,-13.862109
nan,nan,nan,nan,nan,nan,nan,nan,3.3114815,-22.605593,-0.049610898,-15.738243,-13387.98,nan,-13.909435
nan,nan,nan,nan,nan,nan,nan,nan,3.3066895,-22.636869,-0.049824215,-15.79256,-13368.674,nan,-13.956726
nan,nan,nan,nan,nan,nan,nan,nan,3.3016798,-22.740789,-0.05003722,-15.846836,-13348.49,nan,-14.003983
nan,nan,nan,nan,nan,nan,nan,nan,3.2968442,-22.720602,-0.050249901,-15.901074,-13329.007,nan,-14.051206
nan,nan,nan,nan,nan,nan,nan,nan,3.2919936,-22.776758,-0.050462276,-15.955272,-13309.464,nan,-14.098392
nan,nan,nan,nan,nan,nan,nan,nan,3.2869878,-22.859213,-0.050674327,-16.009428,-13289.296,nan,-14.145543
nan,nan,nan,nan,nan,nan,nan,nan,3.282227,-22.920059,-0.050886068,-16.063545,-13270.114,nan,-14.192658
nan,nan,nan,nan,nan,nan,nan,nan,3.2774267,-22.95105,-0.051097497,-16.117622,-13250.773,nan,-14.239738
nan,nan,nan,nan,nan,nan,nan,nan,3.2729383,-23.0345,-0.051308632,-16.171658,-13232.689,nan,-14.28678
nan,nan,nan,nan,nan,nan,nan,nan,3.2681141,-23.014029,-0.051519461,-16.225651,-13213.253,nan,-14.333786
nan,nan,nan,nan,nan,nan,nan,nan,3.2631936,-23.164722,-0.051729981,-16.279602,-13193.429,nan,-14.380755
nan,nan,nan,nan,nan,nan,nan,nan,3.2578502,-23.119371,-0.051940165,-16.333511,-13171.899,nan,-14.427688
nan,nan,nan,nan,nan,nan,nan,nan,3.2522759,-23.287268,-0.052150004,-16.387379,-13149.441,nan,-14.474582
nan,nan,nan,nan,nan,nan,nan,nan,3.247046,-23.267649,-0.052359488,-16.441202,-13128.37,nan,-14.521439
nan,nan,nan,nan,nan,nan,nan,nan,3.2418506,-23.346407,-0.052568641,-16.494982,-13107.437,nan,-14.568257
nan,nan,nan,nan,nan,nan,nan,nan,3.2366669,-23.389057,-0.052777454,-16.548719,-13086.552,nan,-14.615038
nan,nan,nan,nan,nan,nan,nan,nan,3.2311778,-23.456869,-0.052985925,-16.602413,-13064.436,nan,-14.661778
nan,nan,nan,nan,nan,nan,nan,nan,3.2259281,-23.461845,-0.053194053,-16.656061,-13043.285,nan,-14.708481
nan,nan,nan,nan,nan,nan,nan,nan,3.2207887,-23.605146,-0.053401843,-16.709665,-13022.579,nan,-14.755144
nan,nan,nan,nan,nan,nan,nan,nan,3.2158496,-23.680349,-0.053609312,-16.763224,-13002.679,nan,-14.801767
nan,nan,nan,nan,nan,nan,nan,nan,3.2103007,-23.728117,-0.053816438,-16.816738,-12980.322,nan,-14.848351
nan,nan,nan,nan,nan,nan,nan,nan,3.2047067,-23.681204,-0.054023206,-16.870205,-12957.784,nan,-14.894894
nan,nan,nan,nan,nan,nan,nan,nan,3.1992426,-23.743896,-0.054229621,-16.923628,-12935.769,nan,-14.941397
nan,nan,nan,nan,nan,nan,nan,nan,3.1939006,-23.706934,-0.054435685,-16.977001,-12914.246,nan,-14.987858
nan,nan,nan,nan,nan,nan,nan,nan,3.1884215,-23.84128,-0.0546414,-17.030331,-12892.171,nan,-15.034278
nan,nan,nan,nan,nan,nan,nan,nan,3.1828637,-23.977472,-0.05484676,-17.083611,-12869.778,nan,-15.080657
nan,nan,nan,nan,nan,nan,nan,nan,3.1773739,-24.023392,-0.055051763,-17.136845,-12847.66,nan,-15.126994
nan,nan,nan,nan,nan,nan,nan,nan,3.1717443,-24.057653,-0.055256408,-17.190029,-12824.979,nan,-15.173288
nan,nan,nan,nan,nan,nan,nan,nan,3.1661067,-24.102007,-0.055460691,-17.243166,-12802.265,nan,-15.219541
nan,nan,nan,nan,nan,nan,nan,nan,3.1608176,-24.096748,-0.055664621,-17.296253,-12780.954,nan,-15.265749
nan,nan,nan,nan,nan,nan,nan,nan,3.1551313,-24.119352,-0.055868197,-17.349291,-12758.044,nan,-15.311915
nan,nan,nan,nan,nan,nan,nan,nan,3.1494563,-24.247156,-0.056071404,-17.402279,-12735.18,nan,-15.358037
nan,nan,nan,nan,nan,nan,nan,nan,3.1433227,-24.349089,-0.056274235,-17.455217,-12710.468,nan,-15.404116
nan,nan,nan,nan,nan,nan,nan,nan,3.1375,-24.347097,-0.056476679,-17.508106,-12687.008,nan,-15.45015
nan,nan,nan,nan,nan,nan,nan,nan,3.1316228,-24.365864,-0.056678746,-17.560944,-12663.328,nan,-15.49614
nan,nan,nan,nan,nan,nan,nan,nan,3.1256332,-24.507317,-0.056880429,-17.613728,-12639.197,nan,-15.542084
nan,nan,nan,nan,nan,nan,nan,nan,3.1198933,-24.509874,-0.057081737,-17.666462,-12616.07,nan,-15.587983
nan,nan,nan,nan,nan,nan,nan,nan,3.1141346,-24.525656,-0.057282671,-17.719145,-12592.867,nan,-15.633836
nan,nan,nan,nan,nan,nan,nan,nan,3.1083086,-24.683884,-0.057483234,-17.771772,-12569.396,nan,-15.679644
nan,nan,nan,nan,nan,nan,nan,nan,3.1026216,-24.634127,-0.057683427,-17.824348,-12546.481,nan,-15.725405
nan,nan,nan,nan,nan,nan,nan,nan,3.0966198,-24.647774,-0.05788324,-17.876871,-12522.302,nan,-15.771119
nan,nan,nan,nan,nan,nan,nan,nan,3.0907521,-24.739328,-0.05808267,-17.92934,-12498.66,nan,-15.816786
nan,nan,nan,nan,nan,nan,nan,nan,3.0852129,-24.83742,-0.058281735,-17.981756,-12476.343,nan,-15.862406
nan,nan,nan,nan,nan,nan,nan,nan,3.0795636,-24.875237,-0.058480438,-18.034115,-12453.581,nan,-15.907978
nan,nan,nan,nan,nan,nan,nan,nan,3.0740087,-24.872961,-0.058678783,-18.08642,-12431.2,nan,-15.953502
nan,nan,nan,nan,nan,nan,nan,nan,3.0684729,-24.972334,-0.058876768,-18.13867,-12408.896,nan,-15.998977
nan,nan,nan,nan,nan,nan,nan,nan,3.0629177,-25.024223,-0.059074394,-18.190863,-12386.515,nan,-16.044403
nan,nan,nan,nan,nan,nan,nan,nan,3.057734,-25.099144,-0.059271675,-18.242998,-12365.63,nan,-16.089779
nan,nan,nan,nan,nan,nan,nan,nan,3.0518227,-25.116915,-0.059468601,-18.295078,-12341.813,nan,-16.135107
nan,nan,nan,nan,nan,nan,nan,nan,3.0460439,-25.181171,-0.059665147,-18.347101,-12318.53,nan,-16.180384
nan,nan,nan,nan,nan,nan,nan,nan,3.0401206,-25.175486,-0.059861317,-18.399065,-12294.665,nan,-16.225611
nan,nan,nan,nan,nan,nan,nan,nan,3.0344477,-25.268745,-0.060057111,-18.450972,-12271.809,nan,-16.270786
nan,nan,nan,nan,nan,nan,nan,nan,3.0286899,-25.288221,-0.06025254,-18.502819,-12248.611,nan,-16.31591
nan,nan,nan,nan,nan,nan,nan,nan,3.0227222,-25.341959,-0.060447589,-18.554607,-12224.567,nan,-16.360983
nan,nan,nan,nan,nan,nan,nan,nan,3.0169089,-25.44062,-0.060642257,-18.606337,-12201.145,nan,-16.406004
nan,nan,nan,nan,nan,nan,nan,nan,3.0111144,-25.546675,-0.060836554,-18.658007,-12177.799,nan,-16.450974
nan,nan,nan,nan,nan,nan,nan,nan,3.0052333,-25.550798,-0.061030474,-18.709614,-12154.104,nan,-16.49589
nan,nan,nan,nan,nan,nan,nan,nan,2.9994705,-25.675476,-0.061224017,-18.761162,-12130.886,nan,-16.540752
nan,nan,nan,nan,nan,nan,nan,nan,2.993891,-25.666376,-0.061417196,-18.812649,-12108.405,nan,-16.585562
nan,nan,nan,nan,nan,nan,nan,nan,2.9876628,-25.654293,-0.061609995,-18.864073,-12083.312,nan,-16.630316
nan,nan,nan,nan,nan,nan,nan,nan,2.9814088,-25.728645,-0.061802391,-18.915434,-12058.115,nan,-16.675018
nan,nan,nan,nan,nan,nan,nan,nan,2.9751599,-25.730919,-0.061994381,-18.966734,-12032.938,nan,-16.719664
nan,nan,nan,nan,nan,nan,nan,nan,2.9690323,-25.823326,-0.062185977,-19.017969,-12008.25,nan,-16.764256
nan,nan,nan,nan,nan,nan,nan,nan,2.9631329,-25.913883,-0.062377181,-19.069141,-11984.48,nan,-16.80879
nan,nan,nan,nan,nan,nan,nan,nan,2.9571228,-25.964067,-0.062568001,-19.120249,-11960.267,nan,-16.853271
nan,nan,nan,nan,nan,nan,nan,nan,2.9511752,-26.037992,-0.062758438,-19.171291,-11936.304,nan,-16.897694
nan,nan,nan,nan,nan,nan,nan,nan,2.9452441,-26.120447,-0.062948495,-19.222269,-11912.407,nan,-16.94206
nan,nan,nan,nan,nan,nan,nan,nan,2.939507,-26.140635,-0.063138172,-19.273182,-11889.293,nan,-16.98637
nan,nan,nan,nan,nan,nan,nan,nan,2.9333572,-26.173332,-0.063327469,-19.324028,-11864.515,nan,-17.030622
nan,nan,nan,nan,nan,nan,nan,nan,2.9269843,-26.155704,-0.063516356,-19.374807,-11838.838,nan,-17.074818
nan,nan,nan,nan,nan,nan,nan,nan,2.920373,-26.254793,-0.063704833,-19.425522,-11812.201,nan,-17.118954
nan,nan,nan,nan,nan,nan,nan,nan,2.9141965,-26.298153,-0.063892893,-19.476166,-11787.315,nan,-17.163031
nan,nan,nan,nan,nan,nan,nan,nan,2.907944,-26.347057,-0.064080551,-19.526743,-11762.124,nan,-17.207048
nan,nan,nan,nan,nan,nan,nan,nan,2.9014943,-26.356297,-0.064267799,-19.577251,-11736.139,nan,-17.251007
nan,nan,nan,nan,nan,nan,nan,nan,2.8952219,-26.451689,-0.064454637,-19.627691,-11710.867,nan,-17.294907
nan,nan,nan,nan,nan,nan,nan,nan,2.8888221,-26.482113,-0.064641073,-19.678062,-11685.082,nan,-17.338745
nan,nan,nan,nan,nan,nan,nan,nan,2.882359,-26.547365,-0.064827092,-19.728361,-11659.042,nan,-17.382523
nan,nan,nan,nan,nan,nan,nan,nan,2.8758814,-26.598686,-0.065012686,-19.778591,-11632.944,nan,-17.426239
nan,nan,nan,nan,nan,nan,nan,nan,2.869571,-26.644606,-0.065197878,-19.828751,-11607.52,nan,-17.469894
nan,nan,nan,nan,nan,nan,nan,nan,2.8628438,-26.772127,-0.065382645,-19.878838,-11580.415,nan,-17.513487
nan,nan,nan,nan,nan,nan,nan,nan,2.8559811,-26.789328,-0.065566972,-19.928854,-11552.766,nan,-17.557016
nan,nan,nan,nan,nan,nan,nan,nan,2.8492131,-26.804398,-0.065750867,-19.978798,-11525.497,nan,-17.600485
nan,nan,nan,nan,nan,nan,nan,nan,2.8424129,-26.903202,-0.065934315,-20.028667,-11498.099,nan,-17.643888
nan,nan,nan,nan,nan,nan,nan,nan,2.8359964,-26.889837,-0.066117346,-20.078465,-11472.247,nan,-17.687229
nan,nan,nan,nan,nan,nan,nan,nan,2.8295271,-26.934052,-0.066299953,-20.128189,-11446.183,nan,-17.730505
nan,nan,nan,nan,nan,nan,nan,nan,2.8228741,-27.072376,-0.066482142,-20.177837,-11419.378,nan,-17.773718
nan,nan,nan,nan,nan,nan,nan,nan,2.8163474,-27.038826,-0.066663906,-20.227413,-11393.081,nan,-17.816866
nan,nan,nan,nan,nan,nan,nan,nan,2.8094978,-27.195917,-0.066845238,-20.276911,-11365.484,nan,-17.859947
nan,nan,nan,nan,nan,nan,nan,nan,2.8025782,-27.129951,-0.067026131,-20.326334,-11337.604,nan,-17.902964
nan,nan,nan,nan,nan,nan,nan,nan,2.7960317,-27.167057,-0.067206584,-20.375681,-11311.229,nan,-17.945913
nan,nan,nan,nan,nan,nan,nan,nan,2.7892034,-27.277803,-0.067386605,-20.424952,-11283.718,nan,-17.988796
nan,nan,nan,nan,nan,nan,nan,nan,2.7824101,-27.323721,-0.067566194,-20.474144,-11256.348,nan,-18.031612
nan,nan,nan,nan,nan,nan,nan,nan,2.7755511,-27.351158,-0.067745335,-20.52326,-11228.712,nan,-18.074362
nan,nan,nan,nan,nan,nan,nan,nan,2.7687936,-27.433615,-0.067924045,-20.572296,-11201.486,nan,-18.117043
nan,nan,nan,nan,nan,nan,nan,nan,2.762301,-27.365091,-0.068102323,-20.621256,-11175.328,nan,-18.159655
nan,nan,nan,nan,nan,nan,nan,nan,2.7556133,-27.4774,-0.068280175,-20.670134,-11148.383,nan,-18.202198
nan,nan,nan,nan,nan,nan,nan,nan,2.74911,-27.495314,-0.068457603,-20.718933,-11122.181,nan,-18.244673
nan,nan,nan,nan,nan,nan,nan,nan,2.7426162,-27.550047,-0.068634614,-20.767653,-11096.018,nan,-18.287079
nan,nan,nan,nan,nan,nan,nan,nan,2.7359092,-27.621981,-0.068811201,-20.816292,-11068.994,nan,-18.329414
nan,nan,nan,nan,nan,nan,nan,nan,2.729568,-27.694342,-0.068987362,-20.864849,-11043.446,nan,-18.371677
nan,nan,nan,nan,nan,nan,nan,nan,2.7229514,-27.810064,-0.069163106,-20.913324,-11016.787,nan,-18.413872
nan,nan,nan,nan,nan,nan,nan,nan,2.7160971,-27.847736,-0.069338419,-20.961718,-10989.171,nan,-18.455996
nan,nan,nan,nan,nan,nan,nan,nan,2.7091191,-27.826696,-0.069513284,-21.010027,-10961.058,nan,-18.498047
nan,nan,nan,nan,nan,nan,nan,nan,2.7020793,-27.829966,-0.069687702,-21.058256,-10932.693,nan,-18.540026
nan,nan,nan,nan,nan,nan,nan,nan,2.6952109,-27.950947,-0.069861665,-21.1064,-10905.021,nan,-18.581932
nan,nan,nan,nan,nan,nan,nan,nan,2.688323,-28.0135,-0.070035189,-21.154459,-10877.27,nan,-18.623764
nan,nan,nan,nan,nan,nan,nan,nan,2.6814976,-28.016058,-0.070208266,-21.202435,-10849.771,nan,-18.665525
nan,nan,nan,nan,nan,nan,nan,nan,2.6746271,-28.096239,-0.070380904,-21.250324,-10822.089,nan,-18.707211
nan,nan,nan,nan,nan,nan,nan,nan,2.6676908,-28.130074,-0.070553102,-21.298128,-10794.142,nan,-18.748823
nan,nan,nan,nan,nan,nan,nan,nan,2.6605563,-28.140879,-0.070724845,-21.345846,-10765.397,nan,-18.790359
nan,nan,nan,nan,nan,nan,nan,nan,2.6538541,-28.23101,-0.070896134,-21.393476,-10738.394,nan,-18.831823
nan,nan,nan,nan,nan,nan,nan,nan,2.6467865,-28.301382,-0.071066983,-21.441021,-10709.919,nan,-18.873209
nan,nan,nan,nan,nan,nan,nan,nan,2.6398432,-28.322138,-0.071237385,-21.488478,-10681.944,nan,-18.91452
nan,nan,nan,nan,nan,nan,nan,nan,2.6328607,-28.375732,-0.071407333,-21.535847,-10653.811,nan,-18.955755
nan,nan,nan,nan,nan,nan,nan,nan,2.6257167,-28.423925,-0.071576834,-21.583126,-10625.028,nan,-18.996912
nan,nan,nan,nan,nan,nan,nan,nan,2.6188431,-28.470413,-0.071745872,-21.630318,-10597.334,nan,-19.037992
nan,nan,nan,nan,nan,nan,nan,nan,2.611656,-28.575047,-0.071914464,-21.67742,-10568.378,nan,-19.078995
nan,nan,nan,nan,nan,nan,nan,nan,2.6044333,-28.593102,-0.072082587,-21.72443,-10539.277,nan,-19.119921
nan,nan,nan,nan,nan,nan,nan,nan,2.5971012,-28.587273,-0.072250247,-21.771351,-10509.736,nan,-19.160767
nan,nan,nan,nan,nan,nan,nan,nan,2.5898721,-28.624519,-0.072417431,-21.81818,-10480.61,nan,-19.201534
nan,nan,nan,nan,nan,nan,nan,nan,2.5825129,-28.673708,-0.072584145,-21.864918,-10450.96,nan,-19.242222
nan,nan,nan,nan,nan,nan,nan,nan,2.575422,-28.696739,-0.072750397,-21.911564,-10422.391,nan,-19.282829
nan,nan,nan,nan,nan,nan,nan,nan,2.5682678,-28.810184,-0.072916195,-21.958118,-10393.565,nan,-19.323359
nan,nan,nan,nan,nan,nan,nan,nan,2.5610919,-28.801371,-0.073081523,-22.004578,-10364.654,nan,-19.363806
nan,nan,nan,nan,nan,nan,nan,nan,2.554137,-28.893066,-0.073246397,-22.050945,-10336.634,nan,-19.404171
nan,nan,nan,nan,nan,nan,nan,nan,2.5468514,-28.949505,-0.073410809,-22.097218,-10307.279,nan,-19.444456
nan,nan,nan,nan,nan,nan,nan,nan,2.5397878,-28.976801,-0.073574767,-22.143396,-10278.819,nan,-19.484659
nan,nan,nan,nan,nan,nan,nan,nan,2.5324163,-29.012342,-0.073738255,-22.18948,-10249.12,nan,-19.52478
nan,nan,nan,nan,nan,nan,nan,nan,2.5249386,-29.043476,-0.073901258,-22.235468,-10218.992,nan,-19.564817
nan,nan,nan,nan,nan,nan,nan,nan,2.5174181,-29.089821,-0.074063785,-22.281361,-10188.692,nan,-19.604773
nan,nan,nan,nan,nan,nan,nan,nan,2.5102699,-29.148678,-0.074225836,-22.327156,-10159.893,nan,-19.644644
nan,nan,nan,nan,nan,nan,nan,nan,2.5029781,-29.226013,-0.074387424,-22.372854,-10130.513,nan,-19.684431
nan,nan,nan,nan,nan,nan,nan,nan,2.4956748,-29.261555,-0.074548542,-22.418455,-10101.089,nan,-19.724134
nan,nan,nan,nan,nan,nan,nan,nan,2.4883945,-29.245491,-0.074709192,-22.463959,-10071.756,nan,-19.763752
nan,nan,nan,nan,nan,nan,nan,nan,2.4810264,-29.344721,-0.074869365,-22.509363,-10042.07,nan,-19.803284
nan,nan,nan,nan,nan,nan,nan,nan,2.4737134,-29.41239,-0.075029068,-22.55467,-10012.605,nan,-19.842731
nan,nan,nan,nan,nan,nan,nan,nan,2.4662516,-29.41637,-0.075188294,-22.599876,-9982.542,nan,-19.882092
nan,nan,nan,nan,nan,nan,nan,nan,2.4588363,-29.466129,-0.075347036,-22.644983,-9952.666,nan,-19.921366
nan,nan,nan,nan,nan,nan,nan,nan,2.4514742,-29.526264,-0.075505309,-22.689989,-9923.0029,nan,-19.960554
nan,nan,nan,nan,nan,nan,nan,nan,2.4441338,-29.62649,-0.075663105,-22.734896,-9893.4287,nan,-19.999653
nan,nan,nan,nan,nan,nan,nan,nan,2.436404,-29.603743,-0.075820409,-22.779699,-9862.2852,nan,-20.038666
nan,nan,nan,nan,nan,nan,nan,nan,2.428611,-29.680939,-0.075977221,-22.824402,-9830.8877,nan,-20.077589
nan,nan,nan,nan,nan,nan,nan,nan,2.4213178,-29.722734,-0.076133542,-22.869003,-9801.5029,nan,-20.116423
nan,nan,nan,nan,nan,nan,nan,nan,2.4142289,-29.72842,-0.076289408,-22.913502,-9772.9424,nan,-20.155169
nan,nan,nan,nan,nan,nan,nan,nan,2.4068651,-29.82168,-0.076444797,-22.957895,-9743.2734,nan,-20.193827
nan,nan,nan,nan,nan,nan,nan,nan,2.3994625,-29.793104,-0.076599717,-23.002186,-9713.4482,nan,-20.232393
nan,nan,nan,nan,nan,nan,nan,nan,2.3921227,-29.941525,-0.07675416,-23.046373,-9683.876,nan,-20.270868
nan,nan,nan,nan,nan,nan,nan,nan,2.384424,-29.902145,-0.076908119,-23.090454,-9652.8574,nan,-20.309254
nan,nan,nan,nan,nan,nan,nan,nan,2.3768413,-29.972374,-0.077061586,-23.134432,-9622.3076,nan,-20.347548
nan,nan,nan,nan,nan,nan,nan,nan,2.3694568,-30.025684,-0.077214569,-23.178303,-9592.5547,nan,-20.38575
nan,nan,nan,nan,nan,nan,nan,nan,2.3612332,-30.038479,-0.077367045,-23.222069,-9559.4219,nan,-20.423861
nan,nan,nan,nan,nan,nan,nan,nan,2.3532,-30.106434,-0.077519,-23.265726,-9527.0557,nan,-20.46188
nan,nan,nan,nan,nan,nan,nan,nan,2.3452108,-30.160315,-0.07767044,-23.309278,-9494.8672,nan,-20.499804
nan,nan,nan,nan,nan,nan,nan,nan,2.337482,-30.266937,-0.077821374,-23.352722,-9463.7285,nan,-20.537636
nan,nan,nan,nan,nan,nan,nan,nan,2.3296125,-30.213484,-0.077971801,-23.396057,-9432.0225,nan,-20.575375
nan,nan,nan,nan,nan,nan,nan,nan,2.3219144,-30.276176,-0.078121729,-23.439285,-9401.0059,nan,-20.613018
nan,nan,nan,nan,nan,nan,nan,nan,2.3141291,-30.267931,-0.078271158,-23.482405,-9369.6387,nan,-20.650568
nan,nan,nan,nan,nan,nan,nan,nan,2.3067322,-30.305037,-0.078420103,-23.525414,-9339.8359,nan,-20.688021
nan,nan,nan,nan,nan,nan,nan,nan,2.2990324,-30.420473,-0.078568555,-23.568312,-9308.8145,nan,-20.72538
nan,nan,nan,nan,nan,nan,nan,nan,2.2912679,-30.482315,-0.078716509,-23.611101,-9277.5303,nan,-20.762644
nan,nan,nan,nan,nan,nan,nan,nan,2.2835193,-30.492693,-0.078863963,-23.65378,-9246.3115,nan,-20.79981
nan,nan,nan,nan,nan,nan,nan,nan,2.2753406,-30.499374,-0.079010904,-23.696346,-9213.3594,nan,-20.83688
nan,nan,nan,nan,nan,nan,nan,nan,2.2673705,-30.643812,-0.07915733,-23.7388,-9181.248,nan,-20.873854
nan,nan,nan,nan,nan,nan,nan,nan,2.2591538,-30.617512,-0.079303227,-23.781143,-9148.1426,nan,-20.910728
nan,nan,nan,nan,nan,nan,nan,nan,2.2513497,-30.652626,-0.079448611,-23.823372,-9116.7002,nan,-20.947506
nan,nan,nan,nan,nan,nan,nan,nan,2.2435269,-30.716173,-0.079593487,-23.86549,-9085.1826,nan,-20.984186
nan,nan,nan,nan,nan,nan,nan,nan,2.2354903,-30.743612,-0.079737857,-23.907492,-9052.8027,nan,-21.020767
nan,nan,nan,nan,nan,nan,nan,nan,2.2277937,-30.790098,-0.07988172,-23.949381,-9021.793,nan,-21.057247
nan,nan,nan,nan,nan,nan,nan,nan,2.2203128,-30.804743,-0.080025092,-23.991154,-8991.6523,nan,-21.09363
nan,nan,nan,nan,nan,nan,nan,nan,2.212528,-30.864878,-0.080167972,-24.032814,-8960.2881,nan,-21.129911
nan,nan,nan,nan,nan,nan,nan,nan,2.2047555,-30.855637,-0.080310345,-24.074356,-8928.9717,nan,-21.166092
nan,nan,nan,nan,nan,nan,nan,nan,2.1967816,-30.930273,-0.080452219,-24.115784,-8896.8447,nan,-21.202171
nan,nan,nan,nan,nan,nan,nan,nan,2.1889374,-30.98856,-0.080593579,-24.157093,-8865.2412,nan,-21.238152
nan,nan,nan,nan,nan,nan,nan,nan,2.1811903,-31.020121,-0.080734439,-24.198288,-8834.0273,nan,-21.274029
nan,nan,nan,nan,nan,nan,nan,nan,2.1736412,-31.099874,-0.080874801,-24.239363,-8803.6113,nan,-21.309803
nan,nan,nan,nan,nan,nan,nan,nan,2.1660218,-31.133425,-0.081014678,-24.280321,-8772.9141,nan,-21.345474
nan,nan,nan,nan,nan,nan,nan,nan,2.1585329,-31.144512,-0.081154071,-24.321161,-8742.7402,nan,-21.381044
nan,nan,nan,nan,nan,nan,nan,nan,2.1506135,-31.169676,-0.081292957,-24.361881,-8710.834,nan,-21.41651
nan,nan,nan,nan,nan,nan,nan,nan,2.1428795,-31.306011,-0.081431352,-24.402481,-8679.6729,nan,-21.451872
nan,nan,nan,nan,nan,nan,nan,nan,2.1351323,-31.318665,-0.081569239,-24.442963,-8648.459,nan,-21.487129
nan,nan,nan,nan,nan,nan,nan,nan,2.1271033,-31.311981,-0.081706621,-24.483324,-8616.1104,nan,-21.522284
nan,nan,nan,nan,nan,nan,nan,nan,2.1189404,-31.403536,-0.08184348,-24.523563,-8583.2217,nan,-21.557331
nan,nan,nan,nan,nan,nan,nan,nan,2.1107459,-31.435095,-0.081979811,-24.563681,-8550.2061,nan,-21.592272
nan,nan,nan,nan,nan,nan,nan,nan,2.102658,-31.45116,-0.082115613,-24.603678,-8517.6201,nan,-21.627108
nan,nan,nan,nan,nan,nan,nan,nan,2.0948148,-31.506035,-0.082250908,-24.643553,-8486.0195,nan,-21.661839
nan,nan,nan,nan,nan,nan,nan,nan,2.0870023,-31.554087,-0.082385696,-24.683304,-8454.543,nan,-21.696461
nan,nan,nan,nan,nan,nan,nan,nan,2.0790284,-31.558067,-0.082519978,-24.722931,-8422.416,nan,-21.730976
nan,nan,nan,nan,nan,nan,nan,nan,2.0710726,-31.551527,-0.082653746,-24.762436,-8390.3623,nan,-21.765385
nan,nan,nan,nan,nan,nan,nan,nan,2.0629444,-31.69099,-0.082786992,-24.801817,-8357.6133,nan,-21.799683
nan,nan,nan,nan,nan,nan,nan,nan,2.0544689,-31.710466,-0.082919702,-24.841072,-8323.4658,nan,-21.833874
nan,nan,nan,nan,nan,nan,nan,nan,2.0459328,-31.74416,-0.083051868,-24.880201,-8289.0732,nan,-21.867956
nan,nan,nan,nan,nan,nan,nan,nan,2.0377309,-31.712883,-0.08318349,-24.919207,-8256.0283,nan,-21.901928
nan,nan,nan,nan,nan,nan,nan,nan,2.0296988,-31.839552,-0.083314598,-24.958084,-8223.667,nan,-21.935791
nan,nan,nan,nan,nan,nan,nan,nan,2.0217469,-31.802731,-0.083445184,-24.996836,-8191.6284,nan,-21.969543
nan,nan,nan,nan,nan,nan,nan,nan,2.0136359,-31.903667,-0.083575249,-25.03546,-8158.9492,nan,-22.003183
nan,nan,nan,nan,nan,nan,nan,nan,2.0055285,-31.933949,-0.083704799,-25.073956,-8126.2837,nan,-22.036715
nan,nan,nan,nan,nan,nan,nan,nan,1.9972322,-32.021378,-0.083833814,-25.112326,-8092.8584,nan,-22.070131
nan,nan,nan,nan,nan,nan,nan,nan,1.9888567,-32.005314,-0.083962291,-25.150564,-8059.1138,nan,-22.103437
nan,nan,nan,nan,nan,nan,nan,nan,1.9804316,-32.074265,-0.084090233,-25.188675,-8025.1689,nan,-22.136631
nan,nan,nan,nan,nan,nan,nan,nan,1.9719477,-32.111084,-0.084217623,-25.226656,-7990.9868,nan,-22.169712
nan,nan,nan,nan,nan,nan,nan,nan,1.9633892,-32.072414,-0.084344469,-25.264507,-7956.5049,nan,-22.202679
nan,nan,nan,nan,nan,nan,nan,nan,1.9554048,-32.105255,-0.084470779,-25.302227,-7924.3354,nan,-22.235533
nan,nan,nan,nan,nan,nan,nan,nan,1.9473643,-32.264336,-0.084596574,-25.339815,-7891.9404,nan,-22.26827
nan,nan,nan,nan,nan,nan,nan,nan,1.938993,-32.172924,-0.084721841,-25.377272,-7858.2124,nan,-22.300894
nan,nan,nan,nan,nan,nan,nan,nan,1.9306313,-32.300446,-0.084846564,-25.414598,-7824.5229,nan,-22.333403
nan,nan,nan,nan,nan,nan,nan,nan,1.9223609,-32.289925,-0.084970757,-25.45179,-7791.2017,nan,-22.365795
nan,nan,nan,nan,nan,nan,nan,nan,1.9138551,-32.352192,-0.085094407,-25.48885,-7756.9316,nan,-22.398073
nan,nan,nan,nan,nan,nan,nan,nan,1.9055431,-32.356316,-0.085217513,-25.525774,-7723.4424,nan,-22.430233
nan,nan,nan,nan,nan,nan,nan,nan,1.8965961,-32.448723,-0.08534006,-25.562565,-7687.3945,nan,-22.462275
nan,nan,nan,nan,nan,nan,nan,nan,1.8878313,-32.417446,-0.085462041,-25.599222,-7652.0815,nan,-22.4942
nan,nan,nan,nan,nan,nan,nan,nan,1.879295,-32.436356,-0.085583463,-25.635742,-7617.689,nan,-22.526009
nan,nan,nan,nan,nan,nan,nan,nan,1.8707113,-32.47403,-0.085704334,-25.672129,-7583.105,nan,-22.557697
nan,nan,nan,nan,nan,nan,nan,nan,1.8623394,-32.569279,-0.085824661,-25.708378,-7549.374,nan,-22.589266
nan,nan,nan,nan,nan,nan,nan,nan,1.8538969,-32.647182,-0.085944444,-25.74449,-7515.3589,nan,-22.620716
nan,nan,nan,nan,nan,nan,nan,nan,1.8458176,-32.64249,-0.08606369,-25.780464,-7482.8076,nan,-22.652046
nan,nan,nan,nan,nan,nan,nan,nan,1.837276,-32.6786,-0.086182408,-25.816301,-7448.3936,nan,-22.683256
nan,nan,nan,nan,nan,nan,nan,nan,1.8290238,-32.727791,-0.086300574,-25.852001,-7415.1455,nan,-22.714346
nan,nan,nan,nan,nan,nan,nan,nan,1.8205961,-32.719402,-0.086418211,-25.88756,-7381.1904,nan,-22.745314
nan,nan,nan,nan,nan,nan,nan,nan,1.8116699,-32.736462,-0.08653529,-25.922981,-7345.2266,nan,-22.776159
nan,nan,nan,nan,nan,nan,nan,nan,1.8031381,-32.811951,-0.086651802,-25.958261,-7310.8521,nan,-22.806883
nan,nan,nan,nan,nan,nan,nan,nan,1.794583,-32.86768,-0.086767763,-25.993401,-7276.3828,nan,-22.837484
nan,nan,nan,nan,nan,nan,nan,nan,1.786014,-32.899807,-0.086883172,-26.028399,-7241.8584,nan,-22.867962
nan,nan,nan,nan,nan,nan,nan,nan,1.7777703,-32.952976,-0.086998038,-26.063255,-7208.6445,nan,-22.898315
nan,nan,nan,nan,nan,nan,nan,nan,1.7697368,-32.917294,-0.087112382,-26.097971,-7176.2773,nan,-22.928545
nan,nan,nan,nan,nan,nan,nan,nan,1.761482,-32.987949,-0.087226205,-26.132544,-7143.019,nan,-22.958649
nan,nan,nan,nan,nan,nan,nan,nan,1.7526162,-33.012119,-0.087339468,-26.166971,-7107.2983,nan,-22.988628
nan,nan,nan,nan,nan,nan,nan,nan,1.7438679,-33.098839,-0.087452166,-26.201256,-7072.0518,nan,-23.018482
nan,nan,nan,nan,nan,nan,nan,nan,1.734883,-33.089882,-0.087564297,-26.235397,-7035.8511,nan,-23.04821
nan,nan,nan,nan,nan,nan,nan,nan,1.7261859,-33.092297,-0.087675855,-26.269392,-7000.8105,nan,-23.07781
nan,nan,nan,nan,nan,nan,nan,nan,1.7172501,-33.146034,-0.087786838,-26.303244,-6964.8086,nan,-23.107285
nan,nan,nan,nan,nan,nan,nan,nan,1.7085844,-33.194229,-0.087897263,-26.336946,-6929.894,nan,-23.136631
nan,nan,nan,nan,nan,nan,nan,nan,1.6999319,-33.216408,-0.08800713,-26.370504,-6895.0332,nan,-23.165848
nan,nan,nan,nan,nan,nan,nan,nan,1.6915178,-33.275547,-0.088116437,-26.403913,-6861.1328,nan,-23.194937
nan,nan,nan,nan,nan,nan,nan,nan,1.6830796,-33.337246,-0.088225208,-26.437176,-6827.1353,nan,-23.223896
nan,nan,nan,nan,nan,nan,nan,nan,1.6745224,-33.367386,-0.088333435,-26.470289,-6792.6577,nan,-23.252726
nan,nan,nan,nan,nan,nan,nan,nan,1.6657506,-33.402073,-0.088441096,-26.503254,-6757.3164,nan,-23.281424
nan,nan,nan,nan,nan,nan,nan,nan,1.656956,-33.477703,-0.088548198,-26.53607,-6721.8828,nan,-23.309992
nan,nan,nan,nan,nan,nan,nan,nan,1.6479517,-33.472301,-0.088654719,-26.568735,-6685.6045,nan,-23.33843
nan,nan,nan,nan,nan,nan,nan,nan,1.6390742,-33.527603,-0.088760667,-26.60125,-6649.8369,nan,-23.366735
nan,nan,nan,nan,nan,nan,nan,nan,1.6303241,-33.526466,-0.088866048,-26.633612,-6614.5825,nan,-23.394907
nan,nan,nan,nan,nan,nan,nan,nan,1.6217412,-33.532578,-0.08897087,-26.665823,-6580.002,nan,-23.422947
nan,nan,nan,nan,nan,nan,nan,nan,1.6134498,-33.5812,-0.089075141,-26.697882,-6546.5962,nan,-23.450853
nan,nan,nan,nan,nan,nan,nan,nan,1.6045285,-33.520638,-0.089178868,-26.729788,-6510.6523,nan,-23.478624
nan,nan,nan,nan,nan,nan,nan,nan,1.5959189,-33.632946,-0.089282021,-26.761538,-6475.9639,nan,-23.506262
nan,nan,nan,nan,nan,nan,nan,nan,1.5869198,-33.647591,-0.089384615,-26.793135,-6439.7065,nan,-23.533764
nan,nan,nan,nan,nan,nan,nan,nan,1.5778691,-33.719952,-0.089486621,-26.824577,-6403.2407,nan,-23.561131
nan,nan,nan,nan,nan,nan,nan,nan,1.5691174,-33.647446,-0.089588054,-26.855864,-6367.9805,nan,-23.58836
nan,nan,nan,nan,nan,nan,nan,nan,1.5601387,-33.730473,-0.089688919,-26.886993,-6331.8047,nan,-23.615454
nan,nan,nan,nan,nan,nan,nan,nan,1.5512453,-33.776958,-0.089789204,-26.917967,-6295.9736,nan,-23.642408
nan,nan,nan,nan,nan,nan,nan,nan,1.5425284,-33.776104,-0.089888923,-26.948782,-6260.853,nan,-23.669226
nan,nan,nan,nan,nan,nan,nan,nan,1.5337155,-33.841927,-0.089988075,-26.979439,-6225.3457,nan,-23.695906
nan,nan,nan,nan,nan,nan,nan,nan,1.5247532,-33.9268,-0.090086654,-27.009937,-6189.2368,nan,-23.722445
nan,nan,nan,nan,nan,nan,nan,nan,1.5157211,-33.876331,-0.090184659,-27.040277,-6152.8462,nan,-23.748846
nan,nan,nan,nan,nan,nan,nan,nan,1.5065548,-33.988358,-0.090282068,-27.070456,-6115.915,nan,-23.775105
nan,nan,nan,nan,nan,nan,nan,nan,1.4976523,-33.930496,-0.090378903,-27.100473,-6080.0469,nan,-23.801224
nan,nan,nan,nan,nan,nan,nan,nan,1.4885668,-33.972149,-0.090475157,-27.130331,-6043.4409,nan,-23.827202
nan,nan,nan,nan,nan,nan,nan,nan,1.4798031,-34.031715,-0.09057083,-27.160025,-6008.1323,nan,-23.853037
nan,nan,nan,nan,nan,nan,nan,nan,1.4710999,-34.045933,-0.090665944,-27.189556,-5973.0664,nan,-23.878731
nan,nan,nan,nan,nan,nan,nan,nan,1.4621928,-34.078773,-0.090760492,-27.218925,-5937.1802,nan,-23.90428
nan,nan,nan,nan,nan,nan,nan,nan,1.4533029,-34.097538,-0.090854466,-27.248129,-5901.3623,nan,-23.929686
nan,nan,nan,nan,nan,nan,nan,nan,1.4445177,-34.131943,-0.090947866,-27.277168,-5865.9668,nan,-23.954947
nan,nan,nan,nan,nan,nan,nan,nan,1.4355593,-34.207146,-0.091040701,-27.306042,-5829.8735,nan,-23.980062
nan,nan,nan,nan,nan,nan,nan,nan,1.4267424,-34.180847,-0.091132954,-27.334749,-5794.3506,nan,-24.005033
nan,nan,nan,nan,nan,nan,nan,nan,1.4175968,-34.243683,-0.091224633,-27.363289,-5757.5024,nan,-24.029856
nan,nan,nan,nan,nan,nan,nan,nan,1.4085257,-34.251217,-0.091315724,-27.391661,-5720.9546,nan,-24.054533
nan,nan,nan,nan,nan,nan,nan,nan,1.3993934,-34.285194,-0.091406234,-27.419867,-5684.1611,nan,-24.079063
nan,nan,nan,nan,nan,nan,nan,nan,1.3906569,-34.373337,-0.091496162,-27.447901,-5648.9614,nan,-24.103445
nan,nan,nan,nan,nan,nan,nan,nan,1.3816636,-34.363384,-0.091585517,-27.475767,-5612.7271,nan,-24.127676
nan,nan,nan,nan,nan,nan,nan,nan,1.372702,-34.393238,-0.091674298,-27.503462,-5576.6211,nan,-24.15176
nan,nan,nan,nan,nan,nan,nan,nan,1.3639694,-34.339783,-0.091762505,-27.530985,-5541.4375,nan,-24.175694
nan,nan,nan,nan,nan,nan,nan,nan,1.3549765,-34.397789,-0.091850139,-27.558338,-5505.2046,nan,-24.199474
nan,nan,nan,nan,nan,nan,nan,nan,1.3462173,-34.438446,-0.091937207,-27.585516,-5469.9136,nan,-24.223106
nan,nan,nan,nan,nan,nan,nan,nan,1.3373106,-34.516354,-0.0920237,-27.612522,-5434.0283,nan,-24.246584
nan,nan,nan,nan,nan,nan,nan,nan,1.3283831,-34.511803,-0.092109621,-27.639353,-5398.0596,nan,-24.269911
nan,nan,nan,nan,nan,nan,nan,nan,1.3192756,-34.549477,-0.092194967,-27.66601,-5361.3657,nan,-24.293083
nan,nan,nan,nan,nan,nan,nan,nan,1.3103418,-34.569378,-0.092279725,-27.692492,-5325.3716,nan,-24.316101
nan,nan,nan,nan,nan,nan,nan,nan,1.302112,-34.531704,-0.092363924,-27.718796,-5292.2129,nan,-24.338964
nan,nan,nan,nan,nan,nan,nan,nan,1.2930149,-34.59824,-0.092447571,-27.744923,-5255.5605,nan,-24.361673
nan,nan,nan,nan,nan,nan,nan,nan,1.2840041,-34.600796,-0.092530638,-27.770872,-5219.2563,nan,-24.384226
nan,nan,nan,nan,nan,nan,nan,nan,1.2750003,-34.681404,-0.092613116,-27.796642,-5182.98,nan,-24.40662
nan,nan,nan,nan,nan,nan,nan,nan,1.2661189,-34.668892,-0.09269502,-27.822233,-5147.1963,nan,-24.42886
nan,nan,nan,nan,nan,nan,nan,nan,1.2571709,-34.712254,-0.092776351,-27.847645,-5111.145,nan,-24.450939
nan,nan,nan,nan,nan,nan,nan,nan,1.2483188,-34.697754,-0.092857108,-27.872873,-5075.48,nan,-24.47286
nan,nan,nan,nan,nan,nan,nan,nan,1.2393532,-34.759308,-0.092937291,-27.897921,-5039.3574,nan,-24.494621
nan,nan,nan,nan,nan,nan,nan,nan,1.2303995,-34.767414,-0.0930169,-27.922787,-5003.2827,nan,-24.516222
nan,nan,nan,nan,nan,nan,nan,nan,1.2213156,-34.756325,-0.093095921,-27.947468,-4966.6841,nan,-24.537663
nan,nan,nan,nan,nan,nan,nan,nan,1.2124233,-34.873325,-0.093174368,-27.971964,-4930.8569,nan,-24.558941
nan,nan,nan,nan,nan,nan,nan,nan,1.2033992,-34.870766,-0.093252234,-27.996277,-4894.4985,nan,-24.580057
nan,nan,nan,nan,nan,nan,nan,nan,1.1942002,-34.878868,-0.093329512,-28.020403,-4857.4355,nan,-24.601011
nan,nan,nan,nan,nan,nan,nan,nan,1.1852871,-34.821007,-0.093406208,-28.044342,-4821.5244,nan,-24.621801
nan,nan,nan,nan,nan,nan,nan,nan,1.1759341,-34.958054,-0.093482316,-28.068094,-4783.8408,nan,-24.642426
nan,nan,nan,nan,nan,nan,nan,nan,1.1670487,-34.953362,-0.093557835,-28.091656,-4748.042,nan,-24.662886
nan,nan,nan,nan,nan,nan,nan,nan,1.157837,-34.945686,-0.093632773,-28.11503,-4710.9282,nan,-24.683178
nan,nan,nan,nan,nan,nan,nan,nan,1.1488661,-34.978382,-0.093707122,-28.138214,-4674.7837,nan,-24.703306
nan,nan,nan,nan,nan,nan,nan,nan,1.139755,-35.043636,-0.09378089,-28.161207,-4638.0757,nan,-24.723265
nan,nan,nan,nan,nan,nan,nan,nan,1.1309359,-35.052593,-0.093854077,-28.184008,-4602.5435,nan,-24.743055
nan,nan,nan,nan,nan,nan,nan,nan,1.1222385,-35.066811,-0.093926705,-28.206615,-4567.5015,nan,-24.762678
nan,nan,nan,nan,nan,nan,nan,nan,1.1129251,-35.070934,-0.093998745,-28.229031,-4529.9775,nan,-24.782131
nan,nan,nan,nan,nan,nan,nan,nan,1.1038418,-35.106899,-0.094070196,-28.251251,-4493.3804,nan,-24.801413
nan,nan,nan,nan,nan,nan,nan,nan,1.0945376,-35.152821,-0.094141059,-28.273275,-4455.894,nan,-24.820522
nan,nan,nan,nan,nan,nan,nan,nan,1.0854822,-35.098087,-0.094211325,-28.295105,-4419.4097,nan,-24.83946
nan,nan,nan,nan,nan,nan,nan,nan,1.0765829,-35.164333,-0.09428101,-28.316736,-4383.5547,nan,-24.858227
nan,nan,nan,nan,nan,nan,nan,nan,1.0674012,-35.170021,-0.094350114,-28.338171,-4346.5615,nan,-24.87682
nan,nan,nan,nan,nan,nan,nan,nan,1.0583941,-35.213665,-0.09441863,-28.359406,-4310.2715,nan,-24.895237
nan,nan,nan,nan,nan,nan,nan,nan,1.0492886,-35.266975,-0.094486572,-28.38044,-4273.5859,nan,-24.913479
nan,nan,nan,nan,nan,nan,nan,nan,1.0400672,-35.266266,-0.09455391,-28.401276,-4236.4326,nan,-24.931547
nan,nan,nan,nan,nan,nan,nan,nan,1.030828,-35.34687,-0.09462066,-28.421907,-4199.2075,nan,-24.949436
nan,nan,nan,nan,nan,nan,nan,nan,1.0215114,-35.283184,-0.094686814,-28.442339,-4161.6714,nan,-24.967148
nan,nan,nan,nan,nan,nan,nan,nan,1.0119846,-35.351562,-0.094752356,-28.462566,-4123.2871,nan,-24.984682
nan,nan,nan,nan,nan,nan,nan,nan,1.0026288,-35.32185,-0.094817296,-28.482588,-4085.5928,nan,-25.002037
nan,nan,nan,nan,nan,nan,nan,nan,0.9935661,-35.352844,-0.094881631,-28.502407,-4049.0789,nan,-25.019213
nan,nan,nan,nan,nan,nan,nan,nan,0.9843359,-35.384689,-0.094945386,-28.522018,-4011.8906,nan,-25.036207
nan,nan,nan,nan,nan,nan,nan,nan,0.97511792,-35.429611,-0.095008545,-28.541422,-3974.7512,nan,-25.05302
nan,nan,nan,nan,nan,nan,nan,nan,0.96567422,-35.403736,-0.0950711,-28.560619,-3936.7024,nan,-25.069651
nan,nan,nan,nan,nan,nan,nan,nan,0.95622188,-35.476097,-0.095133044,-28.579607,-3898.6189,nan,-25.086098
nan,nan,nan,nan,nan,nan,nan,nan,0.94693547,-35.424351,-0.095194384,-28.598383,-3861.2036,nan,-25.102362
nan,nan,nan,nan,nan,nan,nan,nan,0.93751299,-35.475105,-0.095255129,-28.616951,-3823.2407,nan,-25.118439
nan,nan,nan,nan,nan,nan,nan,nan,0.92784065,-35.493015,-0.095315255,-28.635305,-3784.2708,nan,-25.134333
nan,nan,nan,nan,nan,nan,nan,nan,0.91837698,-35.498844,-0.095374756,-28.653448,-3746.1414,nan,-25.150038
nan,nan,nan,nan,nan,nan,nan,nan,0.909091,-35.501122,-0.09543366,-28.671377,-3708.728,nan,-25.165558
nan,nan,nan,nan,nan,nan,nan,nan,0.89987087,-35.481644,-0.095491968,-28.689091,-3671.5801,nan,-25.180889
nan,nan,nan,nan,nan,nan,nan,nan,0.89042628,-35.573765,-0.095549673,-28.706589,-3633.5276,nan,-25.19603
nan,nan,nan,nan,nan,nan,nan,nan,0.88084322,-35.627075,-0.095606767,-28.723869,-3594.9175,nan,-25.210981
nan,nan,nan,nan,nan,nan,nan,nan,0.87139434,-35.595516,-0.095663242,-28.740934,-3556.8479,nan,-25.225744
nan,nan,nan,nan,nan,nan,nan,nan,0.8619324,-35.576752,-0.095719114,-28.75778,-3518.7256,nan,-25.240313
nan,nan,nan,nan,nan,nan,nan,nan,0.85235018,-35.631485,-0.095774367,-28.774405,-3480.1189,nan,-25.25469
nan,nan,nan,nan,nan,nan,nan,nan,0.8428964,-35.609447,-0.09582901,-28.79081,-3442.0293,nan,-25.268875
nan,nan,nan,nan,nan,nan,nan,nan,0.83307981,-35.645844,-0.095883027,-28.806993,-3402.4785,nan,-25.282864
nan,nan,nan,nan,nan,nan,nan,nan,0.82399154,-35.695744,-0.09593644,-28.822956,-3365.8616,nan,-25.296659
nan,nan,nan,nan,nan,nan,nan,nan,0.81469244,-35.655651,-0.095989257,-28.838694,-3328.3955,nan,-25.310259
nan,nan,nan,nan,nan,nan,nan,nan,0.80531269,-35.705124,-0.096041471,-28.854206,-3290.6045,nan,-25.32366
nan,nan,nan,nan,nan,nan,nan,nan,0.79596007,-35.706261,-0.096093088,-28.869493,-3252.9224,nan,-25.336864
nan,nan,nan,nan,nan,nan,nan,nan,0.78646809,-35.717209,-0.096144088,-28.884556,-3214.6794,nan,-25.349871
nan,nan,nan,nan,nan,nan,nan,nan,0.77684093,-35.766113,-0.096194483,-28.899389,-3175.8914,nan,-25.362679
nan,nan,nan,nan,nan,nan,nan,nan,0.76723772,-35.75943,-0.096244246,-28.913994,-3137.2,nan,-25.375284
nan,nan,nan,nan,nan,nan,nan,nan,0.75766033,-35.777485,-0.096293397,-28.92837,-3098.6125,nan,-25.387691
nan,nan,nan,nan,nan,nan,nan,nan,0.74814743,-35.834068,-0.096341938,-28.942514,-3060.2849,nan,-25.399895
nan,nan,nan,nan,nan,nan,nan,nan,0.73864019,-35.790279,-0.09638986,-28.956427,-3021.9802,nan,-25.411896
nan,nan,nan,nan,nan,nan,nan,nan,0.72909594,-35.77066,-0.096437164,-28.970108,-2983.5264,nan,-25.423693
nan,nan,nan,nan,nan,nan,nan,nan,0.7199626,-35.827103,-0.096483871,-28.983555,-2946.728,nan,-25.435286
nan,nan,nan,nan,nan,nan,nan,nan,0.71078521,-35.850132,-0.09652999,-28.996767,-2909.7522,nan,-25.446672
nan,nan,nan,nan,nan,nan,nan,nan,0.70163548,-35.817719,-0.096575513,-29.009743,-2872.8879,nan,-25.457851
nan,nan,nan,nan,nan,nan,nan,nan,0.69213235,-35.795967,-0.096620433,-29.022484,-2834.5996,nan,-25.468824
nan,nan,nan,nan,nan,nan,nan,nan,0.68278068,-35.868328,-0.096664749,-29.034985,-2796.9216,nan,-25.479589
nan,nan,nan,nan,nan,nan,nan,nan,0.67378742,-35.839752,-0.096708477,-29.047249,-2760.6877,nan,-25.490147
nan,nan,nan,nan,nan,nan,nan,nan,0.66459054,-35.861931,-0.096751615,-29.059273,-2723.6335,nan,-25.500492
nan,nan,nan,nan,nan,nan,nan,nan,0.65516329,-35.865345,-0.096794158,-29.071054,-2685.6511,nan,-25.510628
nan,nan,nan,nan,nan,nan,nan,nan,0.6453895,-35.842453,-0.096836075,-29.082596,-2646.2725,nan,-25.52055
nan,nan,nan,nan,nan,nan,nan,nan,0.63576353,-35.891216,-0.096877366,-29.093893,-2607.489,nan,-25.53026
nan,nan,nan,nan,nan,nan,nan,nan,0.62625867,-35.951778,-0.096918046,-29.104946,-2569.1943,nan,-25.539759
nan,nan,nan,nan,nan,nan,nan,nan,0.61714393,-35.875153,-0.096958123,-29.115755,-2532.4707,nan,-25.54904
nan,nan,nan,nan,nan,nan,nan,nan,0.60800415,-35.913536,-0.096997611,-29.126318,-2495.6465,nan,-25.558107
nan,nan,nan,nan,nan,nan,nan,nan,0.59863448,-35.968555,-0.097036503,-29.136633,-2457.896,nan,-25.566957
nan,nan,nan,nan,nan,nan,nan,nan,0.58952868,-35.902592,-0.097074799,-29.1467,-2421.2087,nan,-25.575592
nan,nan,nan,nan,nan,nan,nan,nan,0.58013356,-36.000824,-0.097112499,-29.156519,-2383.3555,nan,-25.584007
nan,nan,nan,nan,nan,nan,nan,nan,0.57072961,-35.96571,-0.097149596,-29.166086,-2345.467,nan,-25.592203
nan,nan,nan,nan,nan,nan,nan,nan,0.56095278,-35.931732,-0.097186074,-29.175402,-2306.0762,nan,-25.60018
nan,nan,nan,nan,nan,nan,nan,nan,0.55130011,-36.005375,-0.097221926,-29.184465,-2267.1853,nan,-25.607937
nan,nan,nan,nan,nan,nan,nan,nan,0.54141617,-35.993149,-0.097257145,-29.193277,-2227.3628,nan,-25.615471
nan,nan,nan,nan,nan,nan,nan,nan,0.53174585,-36.03722,-0.097291738,-29.201834,-2188.4011,nan,-25.622782
nan,nan,nan,nan,nan,nan,nan,nan,0.52235425,-36.065369,-0.097325712,-29.210133,-2150.5623,nan,-25.629869
nan,nan,nan,nan,nan,nan,nan,nan,0.51292539,-36.025703,-0.097359076,-29.218178,-2112.5732,nan,-25.636732
nan,nan,nan,nan,nan,nan,nan,nan,0.50316787,-36.087688,-0.097391829,-29.225964,-2073.26,nan,-25.643372
nan,nan,nan,nan,nan,nan,nan,nan,0.49371949,-35.992863,-0.097423963,-29.233492,-2035.1925,nan,-25.649782
nan,nan,nan,nan,nan,nan,nan,nan,0.484139,-35.957466,-0.097455479,-29.240759,-1996.5927,nan,-25.655968
nan,nan,nan,nan,nan,nan,nan,nan,0.47466901,-36.094513,-0.097486384,-29.247766,-1958.438,nan,-25.661924
nan,nan,nan,nan,nan,nan,nan,nan,0.46527842,-36.090958,-0.097516678,-29.254513,-1920.6031,nan,-25.667652
nan,nan,nan,nan,nan,nan,nan,nan,0.45582277,-36.037788,-0.097546369,-29.260996,-1882.5062,nan,-25.673149
nan,nan,nan,nan,nan,nan,nan,nan,0.4464055,-36.074039,-0.097575448,-29.267214,-1844.5641,nan,-25.678417
nan,nan,nan,nan,nan,nan,nan,nan,0.43680525,-36.106167,-0.097603917,-29.273169,-1805.8845,nan,-25.683453
nan,nan,nan,nan,nan,nan,nan,nan,0.42732775,-36.08527,-0.097631775,-29.278856,-1767.6996,nan,-25.688255
nan,nan,nan,nan,nan,nan,nan,nan,0.41783619,-36.173126,-0.097659014,-29.284277,-1729.4581,nan,-25.692823
nan,nan,nan,nan,nan,nan,nan,nan,0.40825272,-36.148819,-0.097685643,-29.289431,-1690.8461,nan,-25.697159
nan,nan,nan,nan,nan,nan,nan,nan,0.39862335,-36.093372,-0.097711645,-29.294315,-1652.0494,nan,-25.70126
nan,nan,nan,nan,nan,nan,nan,nan,0.38883221,-36.075035,-0.097737029,-29.298929,-1612.6008,nan,-25.705122
nan,nan,nan,nan,nan,nan,nan,nan,0.37928289,-36.214214,-0.097761787,-29.30327,-1574.1266,nan,-25.70875
nan,nan,nan,nan,nan,nan,nan,nan,0.37001184,-36.122517,-0.097785935,-29.307343,-1536.7733,nan,-25.712139
nan,nan,nan,nan,nan,nan,nan,nan,0.36027551,-36.144695,-0.097809479,-29.31114,-1497.5457,nan,-25.715288
nan,nan,nan,nan,nan,nan,nan,nan,0.35067973,-36.102188,-0.097832389,-29.314663,-1458.884,nan,-25.718199
nan,nan,nan,nan,nan,nan,nan,nan,0.34079126,-36.124222,-0.097854681,-29.317911,-1419.0433,nan,-25.720869
nan,nan,nan,nan,nan,nan,nan,nan,0.33105212,-36.141426,-0.097876333,-29.320883,-1379.8043,nan,-25.723297
nan,nan,nan,nan,nan,nan,nan,nan,0.32157117,-36.097637,-0.097897373,-29.323578,-1341.6055,nan,-25.725483
nan,nan,nan,nan,nan,nan,nan,nan,0.31189317,-36.126923,-0.097917788,-29.325994,-1302.6127,nan,-25.727427
nan,nan,nan,nan,nan,nan,nan,nan,0.30230621,-36.133606,-0.097937584,-29.328131,-1263.9868,nan,-25.729124
nan,nan,nan,nan,nan,nan,nan,nan,0.29264745,-36.107162,-0.097956762,-29.329988,-1225.0715,nan,-25.730579
nan,nan,nan,nan,nan,nan,nan,nan,0.28327799,-36.130619,-0.097975321,-29.331564,-1187.3219,nan,-25.731787
nan,nan,nan,nan,nan,nan,nan,nan,0.27380782,-36.139294,-0.097993277,-29.332857,-1149.1665,nan,-25.732748
nan,nan,nan,nan,nan,nan,nan,nan,0.26456308,-36.136875,-0.098010637,-29.333868,-1111.9194,nan,-25.733463
nan,nan,nan,nan,nan,nan,nan,nan,0.25508937,-36.061813,-0.098027386,-29.334593,-1073.7496,nan,-25.733929
nan,nan,nan,nan,nan,nan,nan,nan,0.2460469,-36.145546,-0.098043539,-29.335035,-1037.3175,nan,-25.734146
nan,nan,nan,nan,nan,nan,nan,nan,0.23671821,-36.081291,-0.098059095,-29.33519,-999.73212,nan,-25.734112
nan,nan,nan,nan,nan,nan,nan,nan,0.22724311,-36.140289,-0.098074049,-29.335056,-961.55688,nan,-25.733828
nan,nan,nan,nan,nan,nan,nan,nan,0.21785724,-36.144695,-0.098088399,-29.334637,-923.74109,nan,-25.733292
nan,nan,nan,nan,nan,nan,nan,nan,0.20844164,-36.149529,-0.098102137,-29.333927,-885.8056,nan,-25.732504
nan,nan,nan,nan,nan,nan,nan,nan,0.19903819,-36.135738,-0.098115273,-29.332928,-847.91901,nan,-25.731462
nan,nan,nan,nan,nan,nan,nan,nan,0.18950923,-36.111004,-0.098127797,-29.331636,-809.52673,nan,-25.730165
nan,nan,nan,nan,nan,nan,nan,nan,0.18009499,-36.04063,-0.098139711,-29.330055,-771.59668,nan,-25.728615
nan,nan,nan,nan,nan,nan,nan,nan,0.17063856,-36.180092,-0.098151013,-29.32818,-733.49664,nan,-25.726809
nan,nan,nan,nan,nan,nan,nan,nan,0.16137798,-36.083992,-0.098161712,-29.326012,-696.18567,nan,-25.724745
nan,nan,nan,nan,nan,nan,nan,nan,0.1521311,-36.140858,-0.098171823,-29.323547,-658.92993,nan,-25.722425
nan,nan,nan,nan,nan,nan,nan,nan,0.14288084,-36.152798,-0.09818133,-29.320787,-621.66052,nan,-25.719847
nan,nan,nan,nan,nan,nan,nan,nan,0.13335623,-36.139149,-0.098190233,-29.317732,-583.28583,nan,-25.717009
nan,nan,nan,nan,nan,nan,nan,nan,0.1236871,-36.133606,-0.098198518,-29.314379,-544.3288,nan,-25.713911
nan,nan,nan,nan,nan,nan,nan,nan,0.11421926,-36.095222,-0.098206185,-29.310728,-506.18274,nan,-25.710552
nan,nan,nan,nan,nan,nan,nan,nan,0.10454039,-36.122803,-0.098213233,-29.306778,-467.18649,nan,-25.706934
nan,nan,nan,nan,nan,nan,nan,nan,0.094690382,-36.125076,-0.098219655,-29.302526,-427.50076,nan,-25.703053
nan,nan,nan,nan,nan,nan,nan,nan,0.084922373,-36.124935,-0.098225445,-29.297976,-388.14536,nan,-25.698908
nan,nan,nan,nan,nan,nan,nan,nan,0.075638473,-36.108871,-0.098230623,-29.293121,-350.74045,nan,-25.6945
nan,nan,nan,nan,nan,nan,nan,nan,0.066209845,-36.095364,-0.098235197,-29.287966,-312.75241,nan,-25.689829
nan,nan,nan,nan,nan,nan,nan,nan,0.057117414,-36.079582,-0.098239169,-29.282505,-276.11893,nan,-25.684891
nan,nan,nan,nan,nan,nan,nan,nan,0.047932193,-36.067074,-0.098242559,-29.276741,-239.1116,nan,-25.679688
nan,nan,nan,nan,nan,nan,nan,nan,0.03856919,-36.086407,-0.098245345,-29.270672,-201.38797,nan,-25.674219
nan,nan,nan,nan,nan,nan,nan,nan,0.02903291,-36.12138,-0.098247521,-29.264296,-162.96622,nan,-25.668482
nan,nan,nan,nan,nan,nan,nan,nan,0.019920914,-36.100056,-0.0982491,-29.257614,-126.25391,nan,-25.662477
nan,nan,nan,nan,nan,nan,nan,nan,0.01023222,-36.064514,-0.098250076,-29.250624,-87.218071,nan,-25.656204
nan,nan,nan,nan,nan,nan,nan,nan,0.00061855378,-36.067215,-0.098250419,-29.243326,-48.484528,nan,-25.649662
nan,nan,nan,nan,nan,nan,nan,nan,-0.0087870704,-36.034519,-0.098250158,-29.235718,-10.589184,nan,-25.642849
nan,nan,nan,nan,nan,nan,nan,nan,-0.018571952,-36.028122,-0.098249279,-29.2278,28.834194,nan,-25.635765
nan,nan,nan,nan,nan,nan,nan,nan,-0.02808243,-36.013763,-0.098247774,-29.219572,67.151993,nan,-25.62841
nan,nan,nan,nan,nan,nan,nan,nan,-0.03748985,-36.081432,-0.098245658,-29.211031,105.05457,nan,-25.620783
nan,nan,nan,nan,nan,nan,nan,nan,-0.046933703,-36.005802,-0.098242939,-29.202179,143.10393,nan,-25.612885
nan,nan,nan,nan,nan,nan,nan,nan,-0.057040885,-36.00452,-0.098239586,-29.193012,183.82587,nan,-25.604712
nan,nan,nan,nan,nan,nan,nan,nan,-0.06694828,-36.035515,-0.098235592,-29.183533,223.74283,nan,-25.596264
nan,nan,nan,nan,nan,nan,nan,nan,-0.076636955,-36.024139,-0.098230965,-29.173738,262.77859,nan,-25.587543
nan,nan,nan,nan,nan,nan,nan,nan,-0.086384349,-36.089962,-0.098225705,-29.16363,302.05093,nan,-25.578547
nan,nan,nan,nan,nan,nan,nan,nan,-0.095670335,-35.992012,-0.098219842,-29.153204,339.46426,nan,-25.569273
nan,nan,nan,nan,nan,nan,nan,nan,-0.10510731,-36.057121,-0.098213367,-29.142462,377.4859,nan,-25.559725
nan,nan,nan,nan,nan,nan,nan,nan,-0.11478272,-35.952915,-0.098206282,-29.131403,416.46823,nan,-25.549898
nan,nan,nan,nan,nan,nan,nan,nan,-0.12384961,-35.88752,-0.098198593,-29.120026,452.99881,nan,-25.539795
nan,nan,nan,nan,nan,nan,nan,nan,-0.13336369,-35.928463,-0.0981903,-29.10833,491.33112,nan,-25.529413
nan,nan,nan,nan,nan,nan,nan,nan,-0.14324029,-35.941116,-0.098181382,-29.096315,531.12402,nan,-25.518751
nan,nan,nan,nan,nan,nan,nan,nan,-0.1529752,-35.92107,-0.098171838,-29.083979,570.34607,nan,-25.507812
nan,nan,nan,nan,nan,nan,nan,nan,-0.16273977,-35.87899,-0.09816166,-29.071323,609.68756,nan,-25.496592
nan,nan,nan,nan,nan,nan,nan,nan,-0.17239666,-35.866623,-0.098150857,-29.058348,648.59534,nan,-25.485092
nan,nan,nan,nan,nan,nan,nan,nan,-0.18204568,-35.903301,-0.098139435,-29.045048,687.47131,nan,-25.47331
nan,nan,nan,nan,nan,nan,nan,nan,-0.19136347,-35.905434,-0.098127395,-29.031427,725.01276,nan,-25.461248
nan,nan,nan,nan,nan,nan,nan,nan,-0.2006737,-35.859657,-0.098114759,-29.017483,762.52374,nan,-25.448904
nan,nan,nan,nan,nan,nan,nan,nan,-0.20991632,-35.795113,-0.098101526,-29.003216,799.76239,nan,-25.436277
nan,nan,nan,nan,nan,nan,nan,nan,-0.21931994,-35.818001,-0.098087691,-28.988625,837.6496,nan,-25.423367
nan,nan,nan,nan,nan,nan,nan,nan,-0.22863826,-35.799095,-0.098073252,-28.973709,875.19324,nan,-25.410173
nan,nan,nan,nan,nan,nan,nan,nan,-0.23847422,-35.763695,-0.098058194,-28.958467,914.82239,nan,-25.396696
nan,nan,nan,nan,nan,nan,nan,nan,-0.24812484,-35.808052,-0.09804251,-28.9429,953.70477,nan,-25.382935
nan,nan,nan,nan,nan,nan,nan,nan,-0.25779539,-35.779335,-0.098026209,-28.927008,992.66754,nan,-25.368889
nan,nan,nan,nan,nan,nan,nan,nan,-0.26748574,-35.73896,-0.098009273,-28.910788,1031.7101,nan,-25.354557
nan,nan,nan,nan,nan,nan,nan,nan,-0.2771194,-35.740524,-0.09799172,-28.894241,1070.5242,nan,-25.339941
nan,nan,nan,nan,nan,nan,nan,nan,-0.28623486,-35.736969,-0.097973563,-28.877367,1107.2505,nan,-25.325039
nan,nan,nan,nan,nan,nan,nan,nan,-0.29550582,-35.7337,-0.09795481,-28.860167,1144.6033,nan,-25.309849
nan,nan,nan,nan,nan,nan,nan,nan,-0.30487776,-35.745216,-0.097935461,-28.842636,1182.3628,nan,-25.294373
nan,nan,nan,nan,nan,nan,nan,nan,-0.31435198,-35.645985,-0.0979155,-28.824778,1220.5344,nan,-25.27861
nan,nan,nan,nan,nan,nan,nan,nan,-0.32405892,-35.631912,-0.097894922,-28.806589,1259.6439,nan,-25.26256
nan,nan,nan,nan,nan,nan,nan,nan,-0.33348033,-35.667168,-0.097873732,-28.788071,1297.6028,nan,-25.246222
nan,nan,nan,nan,nan,nan,nan,nan,-0.34293327,-35.56353,-0.097851932,-28.769224,1335.6888,nan,-25.229595
nan,nan,nan,nan,nan,nan,nan,nan,-0.35223535,-35.575615,-0.097829521,-28.750046,1373.167,nan,-25.212681
nan,nan,nan,nan,nan,nan,nan,nan,-0.36181062,-35.560829,-0.097806506,-28.730537,1411.7458,nan,-25.195478
nan,nan,nan,nan,nan,nan,nan,nan,-0.37137061,-35.474251,-0.097782873,-28.710697,1450.2632,nan,-25.177986
nan,nan,nan,nan,nan,nan,nan,nan,-0.38078287,-35.584427,-0.097758628,-28.690527,1488.1852,nan,-25.160204
nan,nan,nan,nan,nan,nan,nan,nan,-0.38993627,-35.532112,-0.097733788,-28.670025,1525.0643,nan,-25.142132
nan,nan,nan,nan,nan,nan,nan,nan,-0.39934167,-35.5378,-0.097708352,-28.649191,1562.9587,nan,-25.123772
nan,nan,nan,nan,nan,nan,nan,nan,-0.40868136,-35.567085,-0.097682305,-28.628025,1600.5885,nan,-25.10512
nan,nan,nan,nan,nan,nan,nan,nan,-0.41796818,-35.418522,-0.097655661,-28.606527,1638.0051,nan,-25.086178
nan,nan,nan,nan,nan,nan,nan,nan,-0.42760426,-35.410133,-0.097628407,-28.584696,1676.829,nan,-25.066946
nan,nan,nan,nan,nan,nan,nan,nan,-0.43725985,-35.417526,-0.097600527,-28.562532,1715.7314,nan,-25.047424
nan,nan,nan,nan,nan,nan,nan,nan,-0.44690019,-35.350426,-0.097572029,-28.540035,1754.5725,nan,-25.027611
nan,nan,nan,nan,nan,nan,nan,nan,-0.45613649,-35.325546,-0.097542927,-28.517206,1791.7855,nan,-25.007507
nan,nan,nan,nan,nan,nan,nan,nan,-0.46564656,-35.342037,-0.097513214,-28.494043,1830.1018,nan,-24.98711
nan,nan,nan,nan,nan,nan,nan,nan,-0.47484484,-35.294128,-0.097482897,-28.470547,1867.1616,nan,-24.966423
nan,nan,nan,nan,nan,nan,nan,nan,-0.48419169,-35.334221,-0.097451985,-28.446716,1904.8202,nan,-24.945446
nan,nan,nan,nan,nan,nan,nan,nan,-0.49374312,-35.291,-0.097420469,-28.422552,1943.3031,nan,-24.924175
nan,nan,nan,nan,nan,nan,nan,nan,-0.50295985,-35.275932,-0.097388342,-28.398056,1980.4374,nan,-24.902615
nan,nan,nan,nan,nan,nan,nan,nan,-0.51240504,-35.229446,-0.097355612,-28.373224,2018.4921,nan,-24.88076
nan,nan,nan,nan,nan,nan,nan,nan,-0.52195776,-35.259441,-0.097322278,-28.348059,2056.9802,nan,-24.858616
nan,nan,nan,nan,nan,nan,nan,nan,-0.53152192,-35.220631,-0.097288318,-28.322559,2095.5139,nan,-24.836178
nan,nan,nan,nan,nan,nan,nan,nan,-0.54079455,-35.19035,-0.097253755,-28.296726,2132.8735,nan,-24.81345
nan,nan,nan,nan,nan,nan,nan,nan,-0.54986191,-35.162769,-0.097218603,-28.270559,2169.4062,nan,-24.790428
nan,nan,nan,nan,nan,nan,nan,nan,-0.55919945,-35.081024,-0.097182855,-28.244059,2207.0273,nan,-24.767115
nan,nan,nan,nan,nan,nan,nan,nan,-0.56845993,-35.042786,-0.097146511,-28.217224,2244.3376,nan,-24.743509
nan,nan,nan,nan,nan,nan,nan,nan,-0.57811505,-35.063965,-0.097109549,-28.190054,2283.2383,nan,-24.719614
nan,nan,nan,nan,nan,nan,nan,nan,-0.58763301,-35.047333,-0.097071975,-28.162552,2321.5862,nan,-24.695425
nan,nan,nan,nan,nan,nan,nan,nan,-0.59711421,-34.956917,-0.097033791,-28.134714,2359.7861,nan,-24.670944
nan,nan,nan,nan,nan,nan,nan,nan,-0.60686243,-34.998997,-0.096994981,-28.106544,2399.0618,nan,-24.646172
nan,nan,nan,nan,nan,nan,nan,nan,-0.61649388,-34.918392,-0.096955553,-28.078039,2437.8669,nan,-24.621107
nan,nan,nan,nan,nan,nan,nan,nan,-0.62546968,-34.928909,-0.096915521,-28.049202,2474.0305,nan,-24.595751
nan,nan,nan,nan,nan,nan,nan,nan,-0.63449138,-34.888821,-0.096874908,-28.020031,2510.3792,nan,-24.570105
nan,nan,nan,nan,nan,nan,nan,nan,-0.64356667,-34.880859,-0.096833713,-27.990528,2546.9434,nan,-24.544167
nan,nan,nan,nan,nan,nan,nan,nan,-0.65274507,-34.837784,-0.09679193,-27.96069,2583.9233,nan,-24.517937
nan,nan,nan,nan,nan,nan,nan,nan,-0.66180116,-34.813618,-0.096749559,-27.930521,2620.4104,nan,-24.491415
nan,nan,nan,nan,nan,nan,nan,nan,-0.67093134,-34.851574,-0.096706606,-27.900019,2657.1958,nan,-24.464603
nan,nan,nan,nan,nan,nan,nan,nan,-0.67998546,-34.778927,-0.096663065,-27.869183,2693.675,nan,-24.4375
nan,nan,nan,nan,nan,nan,nan,nan,-0.689574,-34.767128,-0.096618921,-27.838017,2732.3074,nan,-24.410107
nan,nan,nan,nan,nan,nan,nan,nan,-0.69900429,-34.668751,-0.096574165,-27.806519,2770.302,nan,-24.382423
nan,nan,nan,nan,nan,nan,nan,nan,-0.70835149,-34.633068,-0.096528798,-27.774689,2807.9622,nan,-24.35445
nan,nan,nan,nan,nan,nan,nan,nan,-0.71763128,-34.619419,-0.096482836,-27.742527,2845.3506,nan,-24.326187
nan,nan,nan,nan,nan,nan,nan,nan,-0.72648823,-34.573074,-0.096436292,-27.710033,2881.0352,nan,-24.297634
nan,nan,nan,nan,nan,nan,nan,nan,-0.73551828,-34.572933,-0.096389167,-27.677212,2917.4172,nan,-24.268791
nan,nan,nan,nan,nan,nan,nan,nan,-0.74446958,-34.568668,-0.096341461,-27.644058,2953.4822,nan,-24.23966
nan,nan,nan,nan,nan,nan,nan,nan,-0.75350481,-34.491188,-0.096293181,-27.610577,2989.885,nan,-24.210239
nan,nan,nan,nan,nan,nan,nan,nan,-0.76290029,-34.574356,-0.096244305,-27.576765,3027.7395,nan,-24.180532
nan,nan,nan,nan,nan,nan,nan,nan,-0.77212167,-34.368359,-0.096194826,-27.542624,3064.8928,nan,-24.150536
nan,nan,nan,nan,nan,nan,nan,nan,-0.78159338,-34.447971,-0.096144751,-27.508154,3103.0542,nan,-24.120251
nan,nan,nan,nan,nan,nan,nan,nan,-0.79102033,-34.387978,-0.096094057,-27.473356,3141.0356,nan,-24.08968
nan,nan,nan,nan,nan,nan,nan,nan,-0.80020225,-34.314053,-0.096042767,-27.438232,3178.0295,nan,-24.058823
nan,nan,nan,nan,nan,nan,nan,nan,-0.80949193,-34.28093,-0.095990889,-27.402779,3215.4578,nan,-24.027678
nan,nan,nan,nan,nan,nan,nan,nan,-0.81891626,-34.260174,-0.095938399,-27.367001,3253.4285,nan,-23.996246
nan,nan,nan,nan,nan,nan,nan,nan,-0.82820779,-34.23885,-0.095885307,-27.330896,3290.8643,nan,-23.964531
nan,nan,nan,nan,nan,nan,nan,nan,-0.83736801,-34.196342,-0.095831625,-27.294466,3327.7708,nan,-23.932529
nan,nan,nan,nan,nan,nan,nan,nan,-0.84651095,-34.079342,-0.095777348,-27.257711,3364.6077,nan,-23.900244
nan,nan,nan,nan,nan,nan,nan,nan,-0.855636,-34.144451,-0.095722489,-27.220633,3401.3726,nan,-23.867674
nan,nan,nan,nan,nan,nan,nan,nan,-0.86498332,-34.057873,-0.095667027,-27.183229,3439.0332,nan,-23.83482
nan,nan,nan,nan,nan,nan,nan,nan,-0.87422222,-34.085453,-0.095610969,-27.145504,3476.2566,nan,-23.801682
nan,nan,nan,nan,nan,nan,nan,nan,-0.88351953,-33.975704,-0.095554315,-27.107454,3513.7156,nan,-23.768263
nan,nan,nan,nan,nan,nan,nan,nan,-0.89275217,-33.992195,-0.095497057,-27.069084,3550.9141,nan,-23.73456
nan,nan,nan,nan,nan,nan,nan,nan,-0.90185463,-33.950825,-0.095439218,-27.030394,3587.5879,nan,-23.700579
nan,nan,nan,nan,nan,nan,nan,nan,-0.91054434,-33.882019,-0.095380798,-26.991383,3622.5986,nan,-23.666313
nan,nan,nan,nan,nan,nan,nan,nan,-0.91931641,-33.802975,-0.095321819,-26.952051,3657.9417,nan,-23.631769
nan,nan,nan,nan,nan,nan,nan,nan,-0.92837405,-33.80724,-0.095262267,-26.912401,3694.4348,nan,-23.596945
nan,nan,nan,nan,nan,nan,nan,nan,-0.93797249,-33.788898,-0.095202111,-26.872433,3733.1072,nan,-23.561842
nan,nan,nan,nan,nan,nan,nan,nan,-0.94794863,-33.78421,-0.095141321,-26.832148,3773.3013,nan,-23.526461
nan,nan,nan,nan,nan,nan,nan,nan,-0.95824009,-33.689812,-0.095079876,-26.791546,3814.7654,nan,-23.490801
nan,nan,nan,nan,nan,nan,nan,nan,-0.96868175,-33.658108,-0.095017768,-26.750628,3856.835,nan,-23.454866
nan,nan,nan,nan,nan,nan,nan,nan,-0.97935814,-33.622711,-0.094954982,-26.709394,3899.8503,nan,-23.418653
nan,nan,nan,nan,nan,nan,nan,nan,-0.98998636,-33.473011,-0.094891503,-26.667849,3942.6714,nan,-23.382164
nan,nan,nan,nan,nan,nan,nan,nan,-1.000571,-33.534,-0.094827347,-26.625988,3985.3174,nan,-23.345402
nan,nan,nan,nan,nan,nan,nan,nan,-1.0108486,-33.481686,-0.094762512,-26.583817,4026.7256,nan,-23.308365
nan,nan,nan,nan,nan,nan,nan,nan,-1.0208981,-33.421124,-0.094697028,-26.541332,4067.2151,nan,-23.271053
nan,nan,nan,nan,nan,nan,nan,nan,-1.0310481,-33.421692,-0.09463089,-26.498539,4108.1094,nan,-23.233471
nan,nan,nan,nan,nan,nan,nan,nan,-1.0405046,-33.340233,-0.094564117,-26.455435,4146.21,nan,-23.195616
nan,nan,nan,nan,nan,nan,nan,nan,-1.049572,-33.294312,-0.094496749,-26.412024,4182.7422,nan,-23.15749
nan,nan,nan,nan,nan,nan,nan,nan,-1.0579007,-33.316917,-0.094428822,-26.368303,4216.2988,nan,-23.119093
nan,nan,nan,nan,nan,nan,nan,nan,-1.0658486,-33.141914,-0.094360366,-26.324278,4248.3208,nan,-23.080429
nan,nan,nan,nan,nan,nan,nan,nan,-1.073156,-33.184422,-0.094291426,-26.279945,4277.7627,nan,-23.041494
nan,nan,nan,nan,nan,nan,nan,nan,-1.0799196,-33.101254,-0.094222024,-26.23531,4305.0132,nan,-23.002293
nan,nan,nan,nan,nan,nan,nan,nan,-1.08573,-33.091019,-0.09415222,-26.190371,4328.4233,nan,-22.962824
nan,nan,nan,nan,nan,nan,nan,nan,-1.0914075,-33.021786,-0.09408205,-26.145128,4351.2983,nan,-22.92309
nan,nan,nan,nan,nan,nan,nan,nan,-1.09642,-33.050503,-0.09401153,-26.099585,4371.4937,nan,-22.883091
nan,nan,nan,nan,nan,nan,nan,nan,-1.1005385,-32.954258,-0.09394072,-26.053741,4388.0869,nan,-22.842829
nan,nan,nan,nan,nan,nan,nan,nan,-1.103687,-32.92952,-0.093869671,-26.007599,4400.7725,nan,-22.802303
nan,nan,nan,nan,nan,nan,nan,nan,-1.1061569,-32.838963,-0.093798444,-25.961159,4410.7236,nan,-22.761515
nan,nan,nan,nan,nan,nan,nan,nan,-1.1082339,-32.832706,-0.093727067,-25.914421,4419.0923,nan,-22.720467
nan,nan,nan,nan,nan,nan,nan,nan,-1.109641,-32.751534,-0.093655586,-25.86739,4424.7607,nan,-22.679157
nan,nan,nan,nan,nan,nan,nan,nan,-1.1099023,-32.805271,-0.093584046,-25.820063,4425.814,nan,-22.637589
