Bmax (T) =,0.02482021629636258,Freq(Hz) =,300000.0,Hc =,0.2808827149762169,Br (T) =,0.00042636199927712735,Hmax =,13.749844593715345,µr =,1436.474458039209,W(J/m³) =,-0.005378232367100397,P(W/m³) =,-1613.4697101301192
temps (s),ChampH (A/m),ChampB (T),dB/dt (T/s)
0.0,-9.10939097655353,0.01746486815054978,33592.39473256332
1.3333333333333333e-09,-9.138398170252986,0.017509599587699147,33504.76099148716
2.6666666666666666e-09,-9.167726198097105,0.01755421404686533,33416.92775779042
3.9999999999999994e-09,-9.197256718463619,0.017598711258352075,33328.88947232809
5.333333333333333e-09,-9.226867306365646,0.0176430909447018,33240.64005225629
6.666666666666667e-09,-9.256485844731396,0.017687352819996907,33152.17289040654
7.999999999999999e-09,-9.286093729982174,0.017731496586373623,33063.47667466777
9.333333333333333e-09,-9.315678282356062,0.017775521936813986,32974.54898587898
1.0666666666666666e-08,-9.345221207653095,0.017819428569018476,32885.39932085512
1.2e-08,-9.374699288195535,0.017863216193475192,32796.03736421597
1.3333333333333334e-08,-9.404097748052962,0.017906884533710737,32706.47298910208
1.4666666666666666e-08,-9.433377977023946,0.017950433326542063,32616.71625789046
1.5999999999999998e-08,-9.46247537129675,0.01799386232150859,32526.776191894754
1.7333333333333333e-08,-9.491327496601166,0.018037171272457634,32436.65023167162
1.8666666666666665e-08,-9.519906600320832,0.01808035992412775,32346.327273503895
2e-08,-9.54821778620482,0.018123428006365266,32255.79608276781
2.1333333333333332e-08,-9.576261089848193,0.018166375233949063,32165.04529293239
2.2666666666666664e-08,-9.604050800158973,0.01820920130641406,32074.063404559696
2.4e-08,-9.631616837852672,0.018251905907821827,31982.838707092447
2.5333333333333332e-08,-9.658987803532755,0.018294488713030476,31891.36910588174
2.6666666666666667e-08,-9.686142709725134,0.018336949399645423,31799.660816535525
2.8e-08,-9.713013319192497,0.018379287653712006,31707.72028334166
2.933333333333333e-08,-9.739540444086495,0.01842150317002069,31615.554179686264
3.0666666666666663e-08,-9.76565329369502,0.018463595652412797,31523.16940847258
3.1999999999999995e-08,-9.791267787585438,0.018505564813767892,31430.572624170498
3.3333333333333334e-08,-9.81630452741846,0.018547410373107056,31337.766384573424
3.4666666666666666e-08,-9.840747932027298,0.018589132050877817,31244.75027157162
3.6e-08,-9.864643549448958,0.018630729567046617,31151.52398162235
3.733333333333333e-08,-9.888028510732724,0.018672202641251388,31058.087325535835
3.866666666666666e-08,-9.910953266857156,0.01871355099295392,30964.440228261123
4e-08,-9.933483382830074,0.018754774345734145,30870.58894207945
4.133333333333333e-08,-9.955680356751296,0.018795872434302946,30776.54391112018
4.2666666666666665e-08,-9.977587752570653,0.01883684500517892,30682.312402845404
4.4e-08,-9.999231845019512,0.018877691814373928,30587.90138966057
4.533333333333333e-08,-10.020638181145538,0.01891841262699991,30493.317549314976
4.666666666666667e-08,-10.041803940601287,0.018959007216876322,30398.567265301903
4.8e-08,-10.062695645212886,0.018999475359820047,30303.64715028664
4.933333333333333e-08,-10.083273899987502,0.019039816822217205,30208.546445447
5.0666666666666664e-08,-10.10353007155702,0.019080031358805715,30113.258437318043
5.1999999999999996e-08,-10.12348508735113,0.01912011871557344,30017.7767142676
5.3333333333333334e-08,-10.143146100723845,0.019160078630160175,29922.095165838287
5.4666666666666666e-08,-10.162555421005697,0.019199910832258794,29826.207982090134
5.6e-08,-10.181795027003233,0.01923961504912432,29730.117316200158
5.733333333333333e-08,-10.200943022452021,0.019279191012133715,29633.82719789176
5.866666666666666e-08,-10.219932771438994,0.019318638453451286,29537.33477846432
6e-08,-10.238556978188113,0.01935795710121696,29440.636870045993
6.133333333333333e-08,-10.256635273069634,0.019397146679093775,29343.729945178813
6.266666666666666e-08,-10.27401396191356,0.01943620690581483,29246.61013640469
6.399999999999999e-08,-10.290565718958138,0.01947513749116953,29149.26789564264
6.533333333333334e-08,-10.306189279798183,0.019513938138521758,29051.70313270198
6.666666666666667e-08,-10.325519200264853,0.019552608560620615,28953.930015579284
6.8e-08,-10.344746649884298,0.019591148489445136,28855.963221205544
6.933333333333333e-08,-10.364056319469768,0.019629557676883586,28757.817936468135
7.066666666666666e-08,-10.383610251754694,0.019667835895414053,28659.509859232912
7.2e-08,-10.403548099682562,0.0197059829423646,28561.06056658806
7.333333333333333e-08,-10.423987384696863,0.01974399863268209,28462.47490964053
7.466666666666666e-08,-10.44487651509319,0.019781882773945252,28363.736985108797
7.599999999999999e-08,-10.465997485853167,0.01981963515211675,28264.830272137217
7.733333333333332e-08,-10.487142229335879,0.019857255530718692,28165.737630778778
7.866666666666667e-08,-10.508112302363939,0.019894743650006198,28066.44130047743
8e-08,-10.528770367948987,0.019932099223870896,27966.919496570128
8.133333333333333e-08,-10.549045218348388,0.019969321951570973,27867.172053545444
8.266666666666667e-08,-10.56898536537304,0.020006411547434252,27767.22174137445
8.4e-08,-10.58875768837241,0.020043367756491882,27667.09184506623
8.533333333333333e-08,-10.608525828699827,0.020080190355166217,27566.806166436836
8.666666666666666e-08,-10.628450386594313,0.020116879151961094,27466.38902587808
8.8e-08,-10.648601326427128,0.02015343398911268,27365.86670150116
8.933333333333333e-08,-10.668948641258801,0.020189854730118174,27265.24480674182
9.066666666666666e-08,-10.689435835721747,0.020226141232659478,27164.509005214168
9.199999999999999e-08,-10.709979889058566,0.02026229333503792,27063.64456245256
9.333333333333334e-08,-10.730479481034012,0.020298310855642585,26962.636344543647
9.466666666666667e-08,-10.750814884245308,0.02033419359241679,26861.46881675891
9.6e-08,-10.770945818408546,0.020369941319093244,26760.12119792426
9.733333333333333e-08,-10.790922508764437,0.020405553786220273,26658.57949261952
9.866666666666666e-08,-10.810702026213212,0.02044103073345192,26556.841354853885
1e-07,-10.830148669930251,0.020476371897522428,26454.904750907095
1.0133333333333333e-07,-10.849147957881064,0.020511577012662395,26352.76795903767
1.0266666666666666e-07,-10.867606542360232,0.020546645811014546,26250.429569191627
1.0399999999999999e-07,-10.88546630389773,0.020581578028851272,26147.89718589863
1.0533333333333332e-07,-10.902705894119393,0.020616373418268878,26045.186940508756
1.0666666666666667e-07,-10.919443480330981,0.020651031751170168,25942.312411425442
1.08e-07,-10.935937095953934,0.020685552817433714,25839.2869838956
1.0933333333333333e-07,-10.952443215120347,0.02071993642465692,25736.12385091352
1.1066666666666667e-07,-10.969217080716675,0.020754182397900278,25632.836014124216
1.12e-07,-10.986389327720323,0.02078829057493196,25529.429533396466
1.1333333333333333e-07,-11.003951078040526,0.020822260793001507,25425.897570927373
1.1466666666666666e-07,-11.021778168382424,0.020856092877825114,25322.229664480285
1.1599999999999999e-07,-11.039630279784308,0.020889786641147677,25218.415319363547
1.1733333333333333e-07,-11.057261894404517,0.020923341880698894,25114.444007466835
1.1866666666666666e-07,-11.07442191078433,0.02095675838014807,25010.305166297752
1.2e-07,-11.091001709607468,0.02099003590984932,24905.989385575303
1.2133333333333333e-07,-11.10705380448502,0.021023174233447062,24801.49601103567
1.2266666666666665e-07,-11.122718319909229,0.02105617311803993,24696.830878269186
1.24e-07,-11.138224015464512,0.021089032338627866,24592.000003632376
1.2533333333333332e-07,-11.153808489177752,0.021121751678353347,24487.00958459096
1.2666666666666666e-07,-11.169718518386905,0.02115433092874312,24381.866000063266
1.2799999999999998e-07,-11.18606706081067,0.021186769889536283,24276.575189685507
1.2933333333333333e-07,-11.202814497900006,0.021219068367498914,24171.14175425792
1.3066666666666667e-07,-11.21984349656603,0.021251226175231668,24065.5698448761
1.32e-07,-11.236957715541743,0.021283243130992814,23959.86379684223
1.3333333333333334e-07,-11.253955092757703,0.021315119058943895,23854.02812978449
1.3466666666666665e-07,-11.270627486089017,0.021346853789395607,23748.06754777566
1.36e-07,-11.286838500758034,0.02137844716257887,23641.992227121616
1.3733333333333332e-07,-11.302533909157274,0.02140989903010172,23535.809057149905
1.3866666666666666e-07,-11.317770528473378,0.021441209246486,23429.515519276436
1.3999999999999998e-07,-11.33271861792916,0.021472377662596583,23323.10864659841
1.4133333333333333e-07,-11.347534312032021,0.021503404125043292,23216.585023461714
1.4266666666666667e-07,-11.362359851033673,0.021534288475582284,23109.940785027207
1.44e-07,-11.377336715604951,0.02156503054612823,23003.16503388597
1.4533333333333334e-07,-11.392607806214887,0.021595630153353883,22896.245804598482
1.4666666666666666e-07,-11.408220470899849,0.02162608710268072,22789.17818566008
1.48e-07,-11.424124361256228,0.021656401193084006,22681.957419266313
1.4933333333333332e-07,-11.440278095889195,0.021686572217297407,22574.578900832268
1.5066666666666667e-07,-11.456649373935463,0.021716599962016966,22467.03817851141
1.5199999999999998e-07,-11.4731789037068,0.021746484212621788,22359.337728713574
1.5333333333333333e-07,-11.48977505788703,0.02177622476670147,22251.493390816184
1.5466666666666665e-07,-11.506328976205314,0.02180582144558246,22143.524930669293
1.56e-07,-11.522713773510011,0.02183527409694722,22035.45211647038
1.5733333333333334e-07,-11.538808308812479,0.021864582594838346,21927.294720219445
1.5866666666666666e-07,-11.554496994457605,0.02189374683966461,21819.072519174635
1.6e-07,-11.569723011817615,0.02192276675285582,21710.797267638234
1.6133333333333332e-07,-11.5844962929641,0.0219516422616633,21602.465943577674
1.6266666666666667e-07,-11.598870908354508,0.02198037328688349,21494.071886713133
1.6399999999999999e-07,-11.612946195431746,0.022008959740580782,21385.60865922454
1.6533333333333333e-07,-11.62683096448637,0.02203740152638363,21277.070045044544
1.6666666666666665e-07,-11.640643581016514,0.02206569853977976,21168.450049152623
1.68e-07,-11.65444650082829,0.022093850669410713,21059.74439727398
1.6933333333333331e-07,-11.66823600256561,0.02212185779356363,20950.941832103494
1.7066666666666666e-07,-11.682023915355174,0.022149719769946636,20842.022742408204
1.72e-07,-11.695838356732272,0.02217743642998547,20732.967315837068
1.7333333333333332e-07,-11.709699722657474,0.0222050075785541,20623.755537112047
1.7466666666666667e-07,-11.723620609318415,0.022232432993702988,20514.367186219195
1.76e-07,-11.737621233270811,0.02225971243153096,20404.78955574124
1.7733333333333333e-07,-11.751731909570166,0.022286845647770146,20295.03480303842
1.7866666666666665e-07,-11.76601058226996,0.022313832423278748,20185.1284598619
1.8e-07,-11.780544478397148,0.022340672572953597,20075.096052408666
1.8133333333333332e-07,-11.795408942601647,0.022367365945724024,19964.963103232658
1.8266666666666666e-07,-11.810667543168828,0.022393912424548284,19854.755133155173
1.8399999999999998e-07,-11.826331654021907,0.02242031192214628,19744.491263848216
1.8533333333333333e-07,-11.842353778247393,0.022446564365119378,19634.173195795935
1.8666666666666667e-07,-11.858594709677487,0.022472669676919136,19523.794503838082
1.88e-07,-11.874819497521022,0.022498627772406632,19413.348727406716
1.8933333333333333e-07,-11.890789444331434,0.022524438557804814,19302.829369861964
1.9066666666666665e-07,-11.906261899816169,0.02255010193064994,19192.229897828318
1.92e-07,-11.921145956296405,0.022575617779615018,19081.5435497879
1.9333333333333332e-07,-11.93552918533111,0.022600985986365327,18970.76657567823
1.9466666666666666e-07,-11.949545854366372,0.022626206429617046,18859.89830190255
1.9599999999999998e-07,-11.963378379658316,0.022651278987252315,18748.93815100046
1.9733333333333333e-07,-11.977232213360644,0.02267620353644728,18637.885641450208
1.9866666666666665e-07,-11.99133618445043,0.022700979953799896,18526.74038747091
2e-07,-12.005747500597451,0.022725608116574196,18415.503773976794
2.0133333333333334e-07,-12.020317245218036,0.02275008790681015,18304.181579952485
2.0266666666666666e-07,-12.034893236820581,0.022774419215571075,18192.781561440413
2.04e-07,-12.04932051554617,0.022798601944324964,18081.311569385765
2.0533333333333332e-07,-12.06342530144662,0.022822636005071267,17969.779550073177
2.0666666666666666e-07,-12.07701462925865,0.02284652132046836,17858.193545563066
2.0799999999999998e-07,-12.090038735988704,0.0228702578244456,17746.562420301845
2.0933333333333333e-07,-12.102620596152265,0.02289384545783165,17634.887658770585
2.1066666666666665e-07,-12.114895372536308,0.022917284158131563,17523.16279110089
2.12e-07,-12.127010584503159,0.022940573854049254,17411.381085433688
2.1333333333333334e-07,-12.139127642780592,0.022963714465137675,17299.535547203322
2.1466666666666666e-07,-12.151422152074385,0.022986705901448096,17187.618918421587
2.16e-07,-12.163972528751897,0.023009548061068398,17075.62051203644
2.1733333333333332e-07,-12.176739228835409,0.0230322408322052,16963.536193162756
2.1866666666666667e-07,-12.189667665654603,0.023054784104503342,16851.37225405071
2.1999999999999998e-07,-12.202687561634539,0.02307717777620489,16739.135298269375
2.2133333333333333e-07,-12.21572213605175,0.023099421754564455,16626.832241080443
2.2266666666666665e-07,-12.228687943686106,0.023121515956265052,16514.470309812128
2.24e-07,-12.241502304098612,0.02314346031099888,16402.0617909305
2.253333333333333e-07,-12.254084598461816,0.02316525476249254,16289.615449558365
2.2666666666666666e-07,-12.266379340836812,0.023186899259692317,16177.13035010928
2.28e-07,-12.278358573880974,0.023208393750091108,16064.605248077063
2.2933333333333332e-07,-12.289981611503803,0.023229738179316325,15952.038589748578
2.3066666666666667e-07,-12.301194961918348,0.023250932490717434,15839.428511916449
2.3199999999999999e-07,-12.312035970954096,0.02327197662187351,15726.768222199853
2.3333333333333333e-07,-12.322653432471025,0.023292870502646258,15614.05293692002
2.3466666666666665e-07,-12.333139541027018,0.023313614061949314,15501.28601766716
2.36e-07,-12.343524493114245,0.02333420723334041,15388.47106897289
2.3733333333333331e-07,-12.353862281713534,0.02335464995534536,15275.611938454316
2.3866666666666663e-07,-12.364230965997816,0.023374942171782303,15162.712716958138
2.4e-07,-12.37460456624566,0.02339508383106316,15049.776204320404
2.413333333333333e-07,-12.384827012995745,0.0234150748792424,14936.796064545379
2.4266666666666667e-07,-12.394805401146716,0.0234349152494338,14823.759222552118
2.44e-07,-12.404515780644529,0.02345460485734077,14710.652637906916
2.453333333333333e-07,-12.413916798982159,0.02347414360130174,14597.463303547584
2.4666666666666665e-07,-12.422949427419248,0.02349353136233378,14484.17824450697
2.48e-07,-12.43163710947854,0.02351276801249809,14370.79700196019
2.4933333333333334e-07,-12.440106628172083,0.0235318534380278,14257.34129260121
2.5066666666666663e-07,-12.448446687783008,0.02355078755705986,14143.837255494307
2.52e-07,-12.456704091803658,0.023569570322331812,14030.310652435755
2.533333333333333e-07,-12.464938114085268,0.023588201720680022,13916.786869876243
2.5466666666666667e-07,-12.473220721538656,0.0236066817725405,13803.290920843394
2.5599999999999996e-07,-12.481564853477588,0.023625010520041196,13689.83033019535
2.573333333333333e-07,-12.489909135278142,0.023643187998836277,13576.387862430387
2.5866666666666665e-07,-12.498198967307767,0.023661214221266744,13462.94578326876
2.6e-07,-12.506387310798765,0.023679089176312406,13349.4867852227
2.6133333333333334e-07,-12.514422941045519,0.02369681283015993,13235.99398606367
2.6266666666666664e-07,-12.52225028308503,0.023714385126768833,13122.450927289457
2.64e-07,-12.52987498870922,0.023731805995834,13008.852670466544
2.6533333333333333e-07,-12.537378223606213,0.023749075368111227,12895.205745365009
2.6666666666666667e-07,-12.544873454285533,0.023766193180242465,12781.512451496556
2.6799999999999996e-07,-12.552509085665793,0.02378315937174474,12667.77480191965
2.693333333333333e-07,-12.560437469381085,0.023799973884628157,12553.994523202351
2.7066666666666666e-07,-12.568815067914413,0.02381663666301388,12440.173055384817
2.72e-07,-12.577689165599883,0.023833147649692025,12326.306961828208
2.7333333333333335e-07,-12.586972592942828,0.023849506784752242,12212.395628500331
2.7466666666666664e-07,-12.596560439652414,0.023865714013620695,12098.447674181463
2.76e-07,-12.606330074038212,0.0238817692934199,11984.47202462789
2.7733333333333333e-07,-12.616139281577032,0.023897672593378397,11870.477913113675
2.786666666666667e-07,-12.625826042084865,0.023913423895241124,11756.47488097253
2.7999999999999997e-07,-12.635302537810597,0.023929023195583543,11642.475632667043
2.813333333333333e-07,-12.644576600264646,0.023944470503219094,11528.485820654674
2.8266666666666666e-07,-12.653593801684734,0.023959765827148583,11414.500073580404
2.84e-07,-12.662230079467468,0.02397490916902869,11300.512746580132
2.8533333333333335e-07,-12.670374741130674,0.02398990052280682,11186.517920612343
2.8666666666666664e-07,-12.67793054729918,0.02400473987435509,11072.509401789832
2.88e-07,-12.684834681339359,0.024019427199894892,10958.478907917815
2.8933333333333333e-07,-12.691063585190474,0.02403396246673861,10844.421357657448
2.906666666666667e-07,-12.696688151386635,0.024048345639272863,10730.337443718643
2.9199999999999997e-07,-12.701883387717121,0.024062576682839485,10616.227906213839
2.933333333333333e-07,-12.706824451019054,0.024076655563798677,10502.093532574523
2.9466666666666666e-07,-12.711686697566975,0.024090582249592034,10387.935157467431
2.96e-07,-12.716614560326349,0.024104356709643268,10273.754919380512
2.973333333333333e-07,-12.721714311916838,0.024117978919206622,10159.559425649204
2.9866666666666664e-07,-12.72703168251294,0.02413144886411142,10045.357931549146
3e-07,-12.732544823209308,0.024144766542587445,9931.159782488468
3.0133333333333333e-07,-12.738239221260438,0.024157931965385498,9816.97441458749
3.026666666666667e-07,-12.744107839133147,0.024170945155898727,9702.811355258398
3.0399999999999997e-07,-12.75013016648815,0.024183806147905128,9588.676654345658
3.053333333333333e-07,-12.756267024819914,0.024196514976804345,9474.56669447216
3.0666666666666666e-07,-12.762492304953964,0.02420907167017325,9360.473358882826
3.08e-07,-12.768794246565419,0.024221476244821113,9246.3886129135
3.093333333333333e-07,-12.775161367338775,0.02423372870689847,9132.304503125211
3.1066666666666664e-07,-12.781582320914982,0.024245829052004845,9018.213156438345
3.12e-07,-12.788009940463754,0.024257777268877966,8904.112153246906
3.1333333333333333e-07,-12.794352138941596,0.024269573347675644,8790.006043265723
3.146666666666667e-07,-12.800560654486215,0.02428121728404032,8675.898503751116
3.1599999999999997e-07,-12.80663823319196,0.024292709078373352,8561.792995798967
3.173333333333333e-07,-12.812567726463552,0.024304048735546837,8447.692764426733
3.1866666666666666e-07,-12.81831187617014,0.02431523626461556,8333.600838655517
3.2e-07,-12.823893057261515,0.024326271676986456,8219.517717687964
3.213333333333333e-07,-12.82941370701703,0.024337154985069522,8105.444406911697
3.2266666666666664e-07,-12.834894505891276,0.0243478862052452,7991.385856602728
3.24e-07,-12.840262899056036,0.02435846536053287,7877.347074903244
3.2533333333333333e-07,-12.845461517605429,0.024368892480668192,7763.333128078983
3.2666666666666663e-07,-12.850448462091547,0.02437916760218076,7649.3491407765005
3.2799999999999997e-07,-12.855175334018712,0.02438929076681807,7535.397815185738
3.293333333333333e-07,-12.859581452864862,0.024399262017599663,7421.478357207566
3.3066666666666666e-07,-12.863685846357422,0.024409081396587144,7307.590124012266
3.32e-07,-12.867597799204557,0.02441874894510619,7193.732654553338
3.333333333333333e-07,-12.871421329992817,0.02442826260967726,7076.764202056699
3.3466666666666665e-07,-12.875255072889582,0.024437620305280818,6959.779203275556
3.36e-07,-12.8791790259136,0.024446822004809105,6842.7700891587465
3.3733333333333334e-07,-12.883251152160401,0.024455867676983097,6725.73817183566
3.3866666666666663e-07,-12.88747052262555,0.024464757292055352,6608.684436543755
3.4e-07,-12.891769284514352,0.024473490821321137,6491.609462131682
3.413333333333333e-07,-12.896083791114167,0.024482068236576532,6374.513420963458
3.4266666666666666e-07,-12.90035472687492,0.024490489509576392,6257.396078822376
3.44e-07,-12.904528047378173,0.02449875460702897,6140.250100045337
3.453333333333333e-07,-12.908555153874387,0.024506863479139065,6023.058065094284
3.4666666666666665e-07,-12.912394390139626,0.024514816060808724,5905.814439397683
3.48e-07,-12.91601138365823,0.024522612287759045,5788.525986082791
3.4933333333333334e-07,-12.919375148555348,0.024530252104998793,5671.199873545065
3.5066666666666663e-07,-12.922457978073469,0.02453773546736509,5553.843675888141
3.52e-07,-12.925243295322513,0.024545062339742803,5436.464890688307
3.533333333333333e-07,-12.92772776431881,0.024552232696817524,5319.07072139011
3.5466666666666667e-07,-12.929946559767048,0.02455924651378772,5201.654733903104
3.56e-07,-12.931979078383614,0.024566103747886345,5084.196414032343
3.573333333333333e-07,-12.933901588173416,0.024572804328906253,4966.675115831081
3.5866666666666665e-07,-12.935787159210003,0.024579348159023382,4849.07005986668
3.6e-07,-12.937671766652098,0.02458573511986384,4731.3712008165785
3.6133333333333334e-07,-12.939544771396859,0.024591965090134463,4613.584205120964
3.6266666666666663e-07,-12.941389358981164,0.02459803796436088,4495.727134504204
3.64e-07,-12.943183283847588,0.02460395366963229,4377.830772610201
3.653333333333333e-07,-12.944893106831397,0.02460971217397421,4259.925740269438
3.6666666666666667e-07,-12.946474152493714,0.024615313486132835,4142.042497666488
3.6799999999999996e-07,-12.947942537853772,0.02462075764481556,4024.195526420419
3.693333333333333e-07,-12.949395927157449,0.024626044692489055,3906.375983824635
3.7066666666666665e-07,-12.95091205556531,0.024631174655973028,3788.569242132087
3.72e-07,-12.952544434553413,0.024636147538702937,3670.754852737784
3.7333333333333334e-07,-12.95435685986219,0.024640963317108796,3552.9127560427482
3.7466666666666663e-07,-12.956423706161367,0.02464562194113272,3435.023279841423
3.76e-07,-12.958757883335158,0.02465012334251722,3317.0787969139988
3.773333333333333e-07,-12.96128978709804,0.02465446745452389,3199.0892130978223
3.7866666666666667e-07,-12.96391837121822,0.024658654222427693,3081.0626425999826
3.7999999999999996e-07,-12.966506115451741,0.02466268360096129,2963.0051577968593
3.813333333333333e-07,-12.968916871377852,0.024666555552770805,2844.9225564755307
3.8266666666666665e-07,-12.971015744950472,0.02467027004804992,2726.820362195761
3.84e-07,-12.972714050074355,0.024673827062931003,2608.7019594291646
3.8533333333333334e-07,-12.973982570037114,0.02467722657603975,2490.5677036977227
3.8666666666666664e-07,-12.974841119457096,0.02468046856860264,2372.421140635649
3.88e-07,-12.975365875315186,0.024683553028835393,2254.2692084904625
3.893333333333333e-07,-12.975634186670174,0.024686479954176895,2136.1188037600273
3.9066666666666667e-07,-12.975724455126791,0.024689249351233695,2017.976781439318
3.9199999999999996e-07,-12.975706611528187,0.024691861233499847,1899.8466177926393
3.933333333333333e-07,-12.975639289947773,0.02469431561577601,1781.726796455597
3.9466666666666665e-07,-12.975579679552977,0.0246966125123565,1663.6180742775314
3.96e-07,-12.975583472474428,0.024698751940176525,1545.5236557585629
3.973333333333333e-07,-12.975705952338611,0.024700733920588983,1427.446962928318
3.9866666666666664e-07,-12.976002062823012,0.024702558479654465,1309.391635295943
4e-07,-12.976500675580692,0.0247042256475214,1191.3601651100455
4.0133333333333333e-07,-12.97719665475026,0.024705735456450502,1073.3532285407202
4.0266666666666667e-07,-12.978097448215717,0.024707087931339505,955.3591049646714
4.0399999999999996e-07,-12.979226888450963,0.02470828307269055,837.3529216009612
4.053333333333333e-07,-12.980598739259197,0.024709320847689092,719.3095762105971
4.0666666666666666e-07,-12.982216624138902,0.02471020118989738,601.2037362243992
4.08e-07,-12.98407272033505,0.0247109240035415,483.01672995418767
4.093333333333333e-07,-12.98614737745486,0.024711489174673164,364.7399675473868
4.1066666666666664e-07,-12.988354606322813,0.024711896592022557,246.38605653754504
4.12e-07,-12.990530278865798,0.024712146176145006,127.99012713363328
4.1333333333333333e-07,-12.992512965173882,0.024712237894634278,9.587606773285946
4.146666666666667e-07,-12.99414406752762,0.024712171762518796,-108.78577999199383
4.1599999999999997e-07,-12.99533565547937,0.02471194783879451,-227.09980643999123
4.173333333333333e-07,-12.99609208800002,0.024711566217151825,-345.3326575907522
4.1866666666666666e-07,-12.996455869447457,0.024711027006094802,-463.48392794198725
4.2e-07,-12.996512072051978,0.024710330299418867,-581.5760859621435
4.213333333333333e-07,-12.996358007633086,0.024709476160764833,-699.6318950890445
4.2266666666666664e-07,-12.996103241585125,0.024708464623226616,-817.6744122363212
4.24e-07,-12.995784729264173,0.024707295691370933,-935.7233712850011
4.2533333333333333e-07,-12.995339204561729,0.02470596934689596,-1053.7933411726442
4.266666666666667e-07,-12.994724957082948,0.02470448556007482,-1171.8868905397453
4.2799999999999997e-07,-12.993928043646006,0.02470284430634583,-1289.9937029479977
4.293333333333333e-07,-12.992921845448494,0.024701045574918652,-1408.1034378135616
4.3066666666666666e-07,-12.991666804103897,0.024699089368805403,-1526.2057320613458
4.32e-07,-12.990171212459463,0.024696975701464185,-1644.2952797700834
4.333333333333333e-07,-12.98851135995414,0.02469470458830868,-1762.3744534843588
4.3466666666666664e-07,-12.986743176004362,0.024692276041630833,-1880.4455632839874
4.36e-07,-12.98489748980705,0.024689690070734842,-1998.5107807046172
4.3733333333333333e-07,-12.983010513353724,0.024686946682215584,-2116.571998184099
4.386666666666666e-07,-12.981124081694103,0.024684045880330557,-2234.630829357837
4.3999999999999997e-07,-12.97927445335778,0.024680987672183633,-2352.6813910232045
4.413333333333333e-07,-12.97748858703272,0.024677772080235846,-2470.7065306586805
4.4266666666666666e-07,-12.97579177535123,0.024674399146170294,-2588.6945676617374
4.44e-07,-12.974206538717631,0.024670868923195904,-2706.639893926882
4.453333333333333e-07,-12.972760055748159,0.024667181471786256,-2824.537220544747
4.4666666666666664e-07,-12.971484216959919,0.024663336859255182,-2942.3815760646935
4.48e-07,-12.970358596467703,0.024659335152754546,-3060.178174893934
4.4933333333333333e-07,-12.969290886423698,0.024655176402211296,-3177.9476399782607
4.506666666666666e-07,-12.968202965261957,0.024650860632893647,-3295.706336497362
4.5199999999999997e-07,-12.967036196183562,0.02464638785146356,-3413.465808627707
4.533333333333333e-07,-12.965718518429593,0.024641758049434203,-3531.2372354144613
4.5466666666666666e-07,-12.964164154638564,0.024636971203655145,-3649.0314331682694
4.56e-07,-12.962360387455151,0.0246320272843956,-3766.8474561450116
4.573333333333333e-07,-12.96039775425317,0.024626926275098993,-3884.6664887729653
4.5866666666666664e-07,-12.958363188022117,0.024621668180914998,-4002.474787216218
4.6e-07,-12.956337744396746,0.02461625302147369,-4120.264374749469
4.6133333333333334e-07,-12.954410209165749,0.024610680826748582,-4238.027712909356
4.6266666666666663e-07,-12.95267738065691,0.02460495163647381,-4355.757699250298
4.6399999999999997e-07,-12.951167939145142,0.02459906549487459,-4473.454699583474
4.653333333333333e-07,-12.949815596877874,0.024593022438166506,-4591.1303625382125
4.6666666666666666e-07,-12.948502545155687,0.02458682249206778,-4708.78878554696
4.6799999999999996e-07,-12.947048763655499,0.02458046568247911,-4826.42559746377
4.693333333333333e-07,-12.945275749961953,0.02457395204129781,-4944.036174486129
4.7066666666666665e-07,-12.943006545996893,0.02456728160675281,-5061.615643007007
4.72e-07,-12.940121981280187,0.024560454424293394,-5179.15804612424
4.7333333333333334e-07,-12.936580712049125,0.024553470548338754,-5296.65588583815
4.7466666666666663e-07,-12.932427601000857,0.024546330038678517,-5414.10860451162
4.76e-07,-12.927812244926338,0.024539032950700392,-5531.523362677815
4.773333333333333e-07,-12.922880147934562,0.024531579330182775,-5648.907413750277
4.786666666666667e-07,-12.91777236636551,0.024523969213172594,-5766.268101516225
4.8e-07,-12.912622776532178,0.024516202628895763,-5883.608313735037
4.813333333333334e-07,-12.907557249593344,0.02450827960738284,-6000.923955651787
4.826666666666666e-07,-12.902638856153969,0.024500200187760775,-6118.205477444728
4.839999999999999e-07,-12.89785267807458,0.02449196442588983,-6235.437328970203
4.853333333333333e-07,-12.893193708218782,0.024483572398304423,-6352.604049137597
4.866666666666666e-07,-12.888667341367725,0.024475024202093233,-6469.690267648953
4.88e-07,-12.884251985699269,0.024466319948956494,-6586.689437464116
4.893333333333333e-07,-12.879885157880338,0.02445745975016745,-6703.608746098452
4.906666666666666e-07,-12.875539499734037,0.02444844370766664,-6820.4550051141105
4.92e-07,-12.871231741747469,0.024439271914694513,-6937.234453074798
4.933333333333333e-07,-12.86697240023985,0.02442994445642389,-7053.952952869254
4.946666666666666e-07,-12.862765444747886,0.02442046141046033,-7170.615992466667
4.96e-07,-12.858603771628177,0.02441082285360369,-7287.219292490794
4.973333333333333e-07,-12.854467481119022,0.024401028878435094,-7403.743460410575
4.986666666666667e-07,-12.850342651909036,0.024391079595670186,-7520.180686946335
5e-07,-12.846225080749853,0.02438097511764065,-7636.536357357608
5.013333333333333e-07,-12.84209964419083,0.024370715549089587,-7752.816469237456
5.026666666666667e-07,-12.837940192029253,0.02436030098635955,-7869.027625814616
5.04e-07,-12.833736376844207,0.024349731509348525,-7985.1878907267055
5.053333333333334e-07,-12.829503937415591,0.024339007162061457,-8101.333039876247
5.066666666666667e-07,-12.825195609179113,0.024328127952007107,-8217.48204164262
5.079999999999999e-07,-12.820684719220399,0.02431709387420245,-8333.634665342812
5.093333333333333e-07,-12.815853597318805,0.02430590492442929,-8449.789994398649
5.106666666666666e-07,-12.810593992507302,0.02429456110014089,-8565.94643819939
5.119999999999999e-07,-12.804836540607909,0.024283062409373418,-8682.089713008349
5.133333333333333e-07,-12.79856211793475,0.024271408892339055,-8798.185838542864
5.146666666666666e-07,-12.791790681914256,0.02425960062933807,-8914.208662931625
5.16e-07,-12.784587836137575,0.024247637729434664,-9030.141192181596
5.173333333333333e-07,-12.777029268289073,0.024235520324149676,-9145.966735299347
5.186666666666666e-07,-12.769200608663642,0.02422324856706148,-9261.668896990064
5.2e-07,-12.761154734045544,0.024210822629439768,-9377.23753558268
5.213333333333333e-07,-12.75289499341837,0.024198242689566284,-9492.672274639568
5.226666666666667e-07,-12.744475853220559,0.024185508920351265,-9607.98154789304
5.24e-07,-12.73601795128011,0.024172621476878466,-9723.183661307525
5.253333333333333e-07,-12.727630358735434,0.0241595804895891,-9838.297272740941
5.266666666666667e-07,-12.719410215473312,0.024146386063816392,-9953.341386316804
5.28e-07,-12.711443682813792,0.024133038277177953,-10068.338571338656
5.293333333333334e-07,-12.703806422624428,0.02411953717354217,-10183.316882338648
5.306666666666667e-07,-12.696495733562752,0.024105882772771536,-10298.28427360906
5.319999999999999e-07,-12.689410547438728,0.02409207509950085,-10413.225632428024
5.333333333333333e-07,-12.682454703616004,0.024078114198977936,-10528.125151933893
5.346666666666666e-07,-12.675537494469225,0.024064000137977718,-10642.966348394511
5.359999999999999e-07,-12.668553162596316,0.024049733009443193,-10757.726453393607
5.373333333333333e-07,-12.661372478839265,0.024035312943120148,-10872.373031174757
5.386666666666666e-07,-12.653886860560618,0.024020740099265223,-10986.89275121454
5.4e-07,-12.646014477198374,0.02400601464115871,-11101.294408552738
5.413333333333333e-07,-12.637668469163026,0.02399113672004484,-11215.58726225367
5.426666666666666e-07,-12.628756563001206,0.023976106474525267,-11329.78101710343
5.44e-07,-12.619242842661443,0.02396092402861479,-11443.88784861483
5.453333333333333e-07,-12.6091730761366,0.0239455894876233,-11557.923638619228
5.466666666666667e-07,-12.598631568550681,0.02393010293976107,-11671.898154726221
5.48e-07,-12.587750334083632,0.023914464464983874,-11785.814011068267
5.493333333333333e-07,-12.576662685691668,0.023898674139721812,-11899.67388202228
5.506666666666667e-07,-12.565503161404209,0.02388273203679418,-12013.480509427583
5.52e-07,-12.554384603452737,0.023866638223356267,-12127.239647442484
5.533333333333333e-07,-12.543388748434351,0.02385039275567182,-12240.961879233757
5.546666666666667e-07,-12.532568656272714,0.02383399568084262,-12354.650364556563
5.56e-07,-12.521940938271971,0.02381744704753266,-12468.299600381337
5.573333333333333e-07,-12.511525276107664,0.023800746912017407,-12581.903672502824
5.586666666666666e-07,-12.501344752857475,0.02378389533872659,-12695.456263722974
5.599999999999999e-07,-12.49139530893772,0.02376689240509768,-12808.944179647511
5.613333333333333e-07,-12.481632837352352,0.02374973821343781,-12922.343310155162
5.626666666666666e-07,-12.471983596546218,0.023732432892789042,-13035.637662989722
5.64e-07,-12.462335840647143,0.023714976587093282,-13148.820880656038
5.653333333333333e-07,-12.452580314214298,0.023697369448565143,-13261.886911550231
5.666666666666666e-07,-12.442610330932835,0.023679611637291202,-13374.829999357782
5.68e-07,-12.432344462497255,0.023661703318409628,-13487.648323011686
5.693333333333333e-07,-12.421736138882457,0.023643644655332748,-13600.34629230416
5.706666666666667e-07,-12.410808055340096,0.023625435806841347,-13712.926444800574
5.72e-07,-12.399672445266571,0.02360707692987287,-13825.389007916267
5.733333333333333e-07,-12.388433655605338,0.023588568181055772,-13937.734217729965
5.746666666666667e-07,-12.377187567160421,0.023569909716696043,-14049.962321858318
5.76e-07,-12.366027350261813,0.023551101693423355,-14162.072587179997
5.773333333333333e-07,-12.355046073629222,0.023532144269920462,-14274.062667155416
5.786666666666667e-07,-12.344262723093406,0.02351303760793633,-14385.9303090432
5.8e-07,-12.333599603701748,0.023493781872137975,-14497.673388485551
5.813333333333334e-07,-12.32298888125303,0.023474377229979793,-14609.289848787714
5.826666666666666e-07,-12.312373304458632,0.023454823851613425,-14720.777700771681
5.839999999999999e-07,-12.301681549266437,0.023435121905956733,-14832.140784267167
5.853333333333333e-07,-12.290817275477862,0.023415271550445788,-14943.392482146353
5.866666666666666e-07,-12.279730529789193,0.023395272924910445,-15054.545820865695
5.88e-07,-12.268432096020291,0.02337512615218016,-15165.61327456136
5.893333333333333e-07,-12.256926786839298,0.02335483133862117,-15276.607063927844
5.906666666666666e-07,-12.245212866323174,0.023334388574473383,-15387.53915775538
5.92e-07,-12.233291998041146,0.02331379793979697,-15498.412856864821
5.933333333333333e-07,-12.22117367282161,0.02329305951968555,-15609.217310260825
5.946666666666666e-07,-12.20887426413212,0.023272173414477723,-15719.940501479696
5.96e-07,-12.196420879670118,0.02325113974130356,-15830.569259767812
5.973333333333333e-07,-12.183833667159883,0.023229958634750865,-15941.090569270944
5.986666666666667e-07,-12.171125738820876,0.023208630246658014,-16051.49157000656
6e-07,-12.158350745874511,0.02318715474288799,-16161.764085028883
6.013333333333333e-07,-12.145624451054745,0.02316553229509662,-16271.907602028303
6.026666666666667e-07,-12.133040383598672,0.023143763076033292,-16381.920992959373
6.04e-07,-12.120660279325012,0.023121847260525408,-16491.802268869375
6.053333333333334e-07,-12.108557012173614,0.023099785026133482,-16601.54931902137
6.066666666666666e-07,-12.096815111690733,0.023077576553312804,-16711.159911995415
6.079999999999999e-07,-12.085450358214793,0.02305522202636919,-16820.630503431323
6.093333333333333e-07,-12.074372994786817,0.023032721635738693,-16929.955442309212
6.106666666666666e-07,-12.06350282374743,0.023010075575373105,-17039.135106073645
6.12e-07,-12.052775618746653,0.022987284033884864,-17148.177126287002
6.133333333333333e-07,-12.042116147085487,0.022964347189564204,-17257.089354704895
6.146666666666666e-07,-12.031437805723087,0.02294126521009253,-17365.8798528046
6.16e-07,-12.020707142657459,0.022918038251996765,-17474.557290836197
6.173333333333333e-07,-12.009973759032315,0.022894666459658503,-17583.131216559992
6.186666666666666e-07,-11.999246305114452,0.02287114997009607,-17691.60312709172
6.2e-07,-11.988475686318196,0.022847488924808014,-17799.96480498997
6.213333333333333e-07,-11.97762712724207,0.022823683476371346,-17908.207850012794
6.226666666666667e-07,-11.96668075275629,0.022799733788674895,-18016.323694665538
6.24e-07,-11.955594710074676,0.022775640037387544,-18124.303236357366
6.253333333333333e-07,-11.944287781798044,0.022751402410838558,-18232.1365871216
6.266666666666667e-07,-11.932751927193877,0.022727021104530398,-18339.82287512094
6.28e-07,-11.921077586857772,0.022702496307851996,-18447.372142478125
6.293333333333334e-07,-11.9093446888218,0.02267782819662364,-18554.794700059218
6.306666666666666e-07,-11.897621761269459,0.02265301693275064,-18662.101109440282
6.319999999999999e-07,-11.885950986844184,0.022628062663590468,-18769.302630817703
6.333333333333333e-07,-11.874341142632215,0.0226029655208159,-18876.411531036796
6.346666666666666e-07,-11.862727836086844,0.022577725627258502,-18983.428805060463
6.359999999999999e-07,-11.850951359156745,0.022552343113566645,-19090.3417327219
6.373333333333333e-07,-11.838851580483109,0.022526818127547022,-19197.137296711055
6.386666666666666e-07,-11.826268582105527,0.022501150834544664,-19303.80220682765
6.4e-07,-11.813106698008296,0.022475341417120622,-19410.32392923433
6.413333333333333e-07,-11.799365279798543,0.022449390073567357,-19516.691400667332
6.426666666666666e-07,-11.78511400584797,0.022423297012520233,-19622.90017001726
6.44e-07,-11.770513852354584,0.022397062443164174,-19728.95386406838
6.453333333333333e-07,-11.755727069410778,0.02237068656985852,-19834.856094418985
6.466666666666667e-07,-11.740916638682078,0.022344169592167593,-19940.610441966583
6.48e-07,-11.726220821860645,0.022317511707136885,-20046.217104091873
6.493333333333333e-07,-11.711740892885604,0.022290713115372014,-20151.670543217406
6.506666666666667e-07,-11.697525470121551,0.022263774022703072,-20256.968460191205
6.52e-07,-11.683551974496288,0.02223669463532745,-20362.11260324347
6.533333333333333e-07,-11.669805477445323,0.022209475156909436,-20467.105023788103
6.546666666666667e-07,-11.656279429378984,0.022182115788180946,-20571.948068938014
6.559999999999999e-07,-11.642919530457101,0.022154616724126868,-20676.648012181893
6.573333333333333e-07,-11.629595944681318,0.022126978147034675,-20781.217626104644
6.586666666666666e-07,-11.616177684759062,0.02209920022791132,-20885.66105892454
6.599999999999999e-07,-11.602534508697502,0.022071283139396124,-20989.971713875326
6.613333333333333e-07,-11.58852956239201,0.022043227063133424,-21094.142680171546
6.626666666666666e-07,-11.574019028549882,0.02201503219017645,-21198.166755286733
6.64e-07,-11.558926010357212,0.021986698723688677,-21302.03297637569
6.653333333333333e-07,-11.543277385526906,0.021958226885612903,-21405.724137282632
6.666666666666666e-07,-11.527159055022928,0.021929616914797553,-21509.232085750766
6.68e-07,-11.510735164349493,0.021900869053413916,-21612.559989701338
6.693333333333333e-07,-11.494167947989274,0.02187198353918861,-21715.711348258275
6.706666666666667e-07,-11.477617225207359,0.021842960604978395,-21818.68996706093
6.72e-07,-11.46121814360413,0.021813800476134716,-21921.50329845919
6.733333333333333e-07,-11.445070056731131,0.021784503364031184,-22024.16485683832
6.746666666666667e-07,-11.429203383288527,0.021755069464733684,-22126.684089411636
6.76e-07,-11.413554412572303,0.021725498965177194,-22229.065245328482
6.773333333333333e-07,-11.39806802563106,0.02169579204668348,-22331.312495241902
6.786666666666667e-07,-11.38269865420803,0.021665948885057355,-22433.429943940093
6.8e-07,-11.36737698030736,0.02163596965054952,-22535.42181781726
6.813333333333333e-07,-11.351992799343947,0.02160585450760304,-22637.292601901954
6.826666666666666e-07,-11.336460940859354,0.021575603615549666,-22739.0454781581
6.839999999999999e-07,-11.32073139814777,0.021545217130551696,-22840.682018796466
6.853333333333333e-07,-11.304749144832124,0.0215146952067636,-22942.20366334166
6.866666666666666e-07,-11.28845356847802,0.021484037996506347,-23043.61172254354
6.88e-07,-11.271806285050546,0.02145324565305473,-23144.90345487661
6.893333333333333e-07,-11.254805509612394,0.021422318337969922,-23246.06917233854
6.906666666666666e-07,-11.237513481983159,0.021391256225822556,-23347.0990487137
6.92e-07,-11.220083111231771,0.021360059504306212,-23447.983225797314
6.933333333333333e-07,-11.202652648655677,0.02132872837420151,-23548.711931258298
6.946666666666666e-07,-11.185344867264414,0.021297263049261824,-23649.275478267493
6.96e-07,-11.168296105329897,0.021265663753422866,-23749.668280173202
6.973333333333333e-07,-11.151671676981564,0.02123393071334188,-23849.89184130419
6.986666666666667e-07,-11.135516343040052,0.021202064153994428,-23949.947179869443
7e-07,-11.11970545993269,0.021170064299495497,-24049.83456853373
7.013333333333333e-07,-11.104135115419739,0.021137931373706433,-24149.554115065137
7.026666666666667e-07,-11.088724090794333,0.021105665600453682,-24249.105764057516
7.04e-07,-11.073345177799581,0.021073267205448543,-24348.486743651138
7.053333333333333e-07,-11.057788609364705,0.021040736421189744,-24447.68964454206
7.066666666666666e-07,-11.041910188017983,0.021008073485896585,-24546.71329519985
7.079999999999999e-07,-11.025658076997136,0.02097527863403107,-24645.564503079735
7.093333333333333e-07,-11.008970691743604,0.020942352090788048,-24744.250361451213
7.106666666666666e-07,-10.991775406780496,0.020909294071728254,-24842.77822823652
7.12e-07,-10.974063006197822,0.020876104780266164,-24941.158964892296
7.133333333333333e-07,-10.955927646172837,0.02084278440135799,-25039.40939737231
7.146666666666666e-07,-10.93745540190989,0.020809333103843995,-25137.536873623096
7.16e-07,-10.918716874079855,0.020775751054877636,-25235.53657591293
7.173333333333333e-07,-10.899793230270728,0.02074203842829068,-25333.403304524974
7.186666666666666e-07,-10.88077662857399,0.020708195405079448,-25431.131512319604
7.2e-07,-10.861723911495622,0.02067422217808943,-25528.708972701996
7.213333333333333e-07,-10.842631478544705,0.020640118964159827,-25626.111921707838
7.226666666666667e-07,-10.823500065192071,0.020605886006739505,-25723.32420877276
7.24e-07,-10.804337247580817,0.020571523564166656,-25820.339650507947
7.253333333333333e-07,-10.785149483687203,0.020537031902764916,-25917.15245210099
7.266666666666667e-07,-10.765941953399576,0.02050241129634519,-26013.757177485397
7.28e-07,-10.746706169779534,0.020467662020559465,-26110.156501103844
7.293333333333334e-07,-10.7274131335487,0.020432784338083668,-26206.367212588877
7.306666666666666e-07,-10.708052385311834,0.020397778492722233,-26302.40082955961
7.319999999999999e-07,-10.688642642851311,0.020362644717637886,-26398.261796968163
7.333333333333333e-07,-10.669192288541963,0.02032738324029898,-26493.954211388507
7.346666666666666e-07,-10.649698896968028,0.020291994282929396,-26589.481842990575
7.359999999999999e-07,-10.630178780837314,0.02025647806836885,-26684.8399978307
7.373333333333333e-07,-10.610683430216978,0.02022083483560135,-26780.00915341593
7.386666666666666e-07,-10.591255746182378,0.020185064846077287,-26874.975132677446
7.4e-07,-10.571927393867789,0.02014916837534519,-26969.7309654629
7.413333333333333e-07,-10.552727940240231,0.020113145707975306,-27064.270089367335
7.426666666666666e-07,-10.533685075077594,0.020076997137031264,-27158.5863266941
7.44e-07,-10.514806255680904,0.020040722957472792,-27252.6830110163
7.453333333333333e-07,-10.496068427218438,0.02000432344866981,-27346.580193453923
7.466666666666667e-07,-10.477406482802856,0.01996779886545637,-27440.294626703657
7.48e-07,-10.45869656740945,0.019931149443433462,-27533.838407662974
7.493333333333333e-07,-10.439817593343841,0.019894375402278938,-27627.2233241232
7.506666666666667e-07,-10.420651834742797,0.019857476946148978,-27720.460870814877
7.52e-07,-10.401134160810734,0.01982045427063289,-27813.55240332093
7.533333333333332e-07,-10.381279975158872,0.01978330758150423,-27906.481289665833
7.546666666666666e-07,-10.36113966404885,0.0197460371057861,-27999.232287531828
7.559999999999999e-07,-10.340807437705843,0.019708643089351465,-28091.79236441966
7.573333333333333e-07,-10.320387715922344,0.019671125795218562,-28184.14883493321
7.586666666666666e-07,-10.299994869538915,0.019633485503093177,-28276.28935314922
7.599999999999999e-07,-10.279678964101883,0.01959572250059217,-28368.2143983577
7.613333333333333e-07,-10.259383109848144,0.01955783705944528,-28459.947321974465
7.626666666666666e-07,-10.239032092729152,0.019519829423478952,-28551.506627521518
7.64e-07,-10.218528369116036,0.01948169981639812,-28642.903993722222
7.653333333333333e-07,-10.197768719950924,0.019443448446753844,-28734.15047269391
7.666666666666666e-07,-10.176644230821493,0.019405075508762724,-28825.256513990455
7.68e-07,-10.155104690843324,0.019366581192570786,-28916.21777391194
7.693333333333333e-07,-10.133195953088887,0.01932796571166215,-29007.00358904538
7.706666666666667e-07,-10.111033637442798,0.019289229314717174,-29097.59182841355
7.72e-07,-10.088831753419873,0.019250372272048667,-29187.97217434915
7.733333333333333e-07,-10.066799258503615,0.019211394867284324,-29278.134972167423
7.746666666666667e-07,-10.045139093914894,0.019172297396511793,-29368.071186626465
7.76e-07,-10.023987458608461,0.01913308016046906,-29457.78287747701
7.773333333333333e-07,-10.003378262505025,0.019093743444025386,-29547.291788031765
7.786666666666667e-07,-9.983240179005078,0.019054287507355383,-29636.613216967868
7.799999999999999e-07,-9.963355237294955,0.019014712596244064,-29725.753450015152
7.813333333333333e-07,-9.943506620321585,0.018975018948318493,-29814.71843834133
7.826666666666666e-07,-9.923480282038184,0.018935206793470504,-29903.513833644378
7.839999999999999e-07,-9.903117741537418,0.018895276358382423,-29992.13879847632
7.853333333333333e-07,-9.882347320722738,0.018855227878593925,-30080.58088426714
7.866666666666666e-07,-9.861169866001825,0.018815061605570237,-30168.828651265812
7.88e-07,-9.839686848525291,0.018774777804931756,-30256.872306452213
7.893333333333333e-07,-9.818000275916015,0.018734376755275523,-30344.70217789988
7.906666666666666e-07,-9.796211538421401,0.018693858748018388,-30432.308707803906
7.92e-07,-9.77441686919077,0.018653224083525037,-30519.68803221939
7.933333333333333e-07,-9.752704699904202,0.01861247306040952,-30606.846641060598
7.946666666666666e-07,-9.731100488434203,0.018571605969039333,-30693.79041422068
7.96e-07,-9.709535272312776,0.01853062309264173,-30780.52418218364
7.973333333333333e-07,-9.687954464370456,0.018489524708166023,-30867.0525313746
7.986666666666667e-07,-9.666319202969264,0.01844831108660638,-30953.379808089274
8e-07,-9.644552417271873,0.018406982496121133,-31039.50591978259
8.013333333333333e-07,-9.622506009852877,0.01836553921031052,-31125.422796138915
8.026666666666667e-07,-9.600142061918186,0.01832398151004906,-31211.1275960454
8.039999999999999e-07,-9.577589836107101,0.01828230967520996,-31296.6246626102
8.053333333333333e-07,-9.55495295517587,0.018240523979685633,-31381.918623879395
8.066666666666666e-07,-9.532306877909518,0.01819862469102773,-31467.01436297031
8.079999999999999e-07,-9.509767532122433,0.018156612070082716,-31551.917054554437
8.093333333333333e-07,-9.48753351498005,0.01811448637058237,-31636.632195965158
8.106666666666666e-07,-9.465654917130019,0.01807224784323937,-31721.158818534364
8.12e-07,-9.443959700491938,0.018029896745867528,-31805.487239226288
8.133333333333333e-07,-9.422300392731893,0.017987433349254244,-31889.607680699828
8.146666666666666e-07,-9.400557368164309,0.017944857937260594,-31973.51030977735
8.16e-07,-9.378612052002984,0.01790217080432695,-32057.189090685682
8.173333333333333e-07,-9.356330203237357,0.017859372248204892,-32140.64509240419
8.186666666666666e-07,-9.333722651539835,0.01781646256068951,-32223.886180672507
8.2e-07,-9.311012018526485,0.01777344201710434,-32306.92919708123
8.213333333333333e-07,-9.2884098851604,0.01773031087026549,-32389.791061189473
8.226666666666667e-07,-9.266113860897523,0.017687069350404545,-32472.488730228215
8.24e-07,-9.244238154676713,0.017643717669833883,-32555.03212576884
8.253333333333333e-07,-9.222770176121916,0.01760025603641174,-32637.41800744895
8.266666666666667e-07,-9.201596527632798,0.017556684667683627,-32719.63508471608
8.28e-07,-9.180466503661247,0.017513003803291596,-32801.66150333051
8.293333333333333e-07,-9.159116065071041,0.01746921371199894,-32883.47543564809
8.306666666666666e-07,-9.13726927067368,0.017425314691621733,-32965.055130165616
8.319999999999999e-07,-9.114762970097779,0.017381307063533188,-33046.387002654046
8.333333333333333e-07,-9.09162562415535,0.01733719115705998,-33127.47270715648
8.346666666666666e-07,-9.067906050398985,0.017292967298322658,-33208.31539882741
8.359999999999999e-07,-9.043671897060273,0.017248635808121714,-33288.919902590496
8.373333333333333e-07,-9.01900923788899,0.017204197001041147,-33369.290718255266
8.386666666666666e-07,-8.994022763106265,0.017159651185888285,-33449.43201103845
8.4e-07,-8.96876921175806,0.017114998669328845,-33529.34282812351
8.413333333333333e-07,-8.943214848713406,0.01707023976552293,-33609.01288075062
8.426666666666666e-07,-8.917366920370526,0.01702537479728651,-33688.43947388074
8.44e-07,-8.89129649741351,0.016980404083941976,-33767.630542918385
8.453333333333333e-07,-8.865067138423283,0.01693532793398518,-33846.594392274514
8.466666666666667e-07,-8.838733894489184,0.016890146644628075,-33925.339643382154
8.48e-07,-8.812360308173316,0.016844860499544652,-34003.877981752776
8.493333333333333e-07,-8.786029437122746,0.016799469763156157,-34082.22660099264
8.506666666666667e-07,-8.7597799723582,0.01675397468111736,-34160.396457202536
8.52e-07,-8.733583307566134,0.016708375490300544,-34238.38976801897
8.533333333333334e-07,-8.707417274573197,0.01666267242474882,-34316.20855956774
8.546666666666666e-07,-8.681267241310719,0.016616865715901114,-34393.85471199006
8.559999999999999e-07,-8.655120936392075,0.01657095559751371,-34471.32286912089
8.573333333333333e-07,-8.628965052003338,0.016524942319551233,-34548.59407458774
8.586666666666666e-07,-8.602803931849767,0.01647882615742769,-34625.64911073104
8.599999999999999e-07,-8.576666198936328,0.016432607412175747,-34702.4687671854
8.613333333333333e-07,-8.550583544488468,0.016386286410266106,-34779.0340972739
8.626666666666666e-07,-8.524590383891313,0.016339863503255975,-34855.32641792249
8.64e-07,-8.498698287620972,0.01629333905964927,-34931.33899213706
8.653333333333333e-07,-8.472879110908053,0.01624671344191645,-35007.08760709103
8.666666666666666e-07,-8.44712965125529,0.01619998699024992,-35082.58989270676
8.68e-07,-8.42148870936486,0.016153160020061057,-35157.86539058054
8.693333333333333e-07,-8.395983853882202,0.016106232820934725,-35232.93329892298
8.706666666666667e-07,-8.370630596950118,0.016059205657094424,-35307.81246152534
8.72e-07,-8.345438241278094,0.016012078774591126,-35382.51129342136
8.733333333333333e-07,-8.320413786632482,0.015964852421342997,-35457.018578775795
8.746666666666667e-07,-8.295509267232736,0.015917526859892436,-35531.323597061295
8.76e-07,-8.270595736058935,0.01587010236622195,-35605.41690866881
8.773333333333332e-07,-8.245544915520075,0.01582257922870447,-35679.289367553334
8.786666666666666e-07,-8.220230339044113,0.01577495774771618,-35752.932114882075
8.799999999999999e-07,-8.194566739706898,0.01572723823153593,-35826.34215549531
8.813333333333333e-07,-8.16853649487549,0.01567942098510151,-35899.52749612809
8.826666666666666e-07,-8.142178722384989,0.01563150630467464,-35972.49314417791
8.839999999999999e-07,-8.115614996174749,0.015583494482862694,-36045.239573744926
8.853333333333333e-07,-8.088967070653336,0.015535385811792287,-36117.76703186254
8.866666666666666e-07,-8.062355769375879,0.015487180583394947,-36190.07556415197
8.88e-07,-8.03587965183166,0.015438879090143135,-36262.16431356119
8.893333333333333e-07,-8.009600596043308,0.015390481626688367,-36334.03086859269
8.906666666666666e-07,-7.983520788163291,0.01534198848779731,-36405.67746799528
8.92e-07,-7.957551233358257,0.015293399960857065,-36477.11294236966
8.933333333333333e-07,-7.931610891257049,0.015244716321407057,-36548.34623264165
8.946666666666666e-07,-7.905628191065176,0.015195937833017743,-36619.38635133184
8.96e-07,-7.879551625972912,0.015147064750465672,-36690.23747677338
8.973333333333333e-07,-7.853356975752112,0.015098097329245115,-36760.89435406354
8.986666666666667e-07,-7.827067958963111,0.015049035834924092,-36831.34712746541
9e-07,-7.8007776788007455,0.014999880550362764,-36901.579714529056
9.013333333333333e-07,-7.774581835161896,0.014950631779793794,-36971.57613893043
9.026666666666666e-07,-7.74857768330222,0.014901289848655217,-37041.320568930896
9.039999999999999e-07,-7.722798306184268,0.014851855097918868,-37110.8055355924
9.053333333333333e-07,-7.697167087735594,0.014802327867759438,-37180.039703549235
9.066666666666666e-07,-7.67158888909533,0.014752708487788297,-37249.03025316626
9.079999999999999e-07,-7.64594964556409,0.014702997279746175,-37317.78181001826
9.093333333333333e-07,-7.620120433551049,0.014653194559502576,-37386.29855537714
9.106666666666666e-07,-7.593957307229396,0.014603300637638825,-37454.58424025136
9.12e-07,-7.567394611583727,0.014553315824111282,-37522.636051060654
9.133333333333333e-07,-7.540510220864928,0.014503240440904222,-37590.438759530254
9.146666666666666e-07,-7.513399104636142,0.014453074822073395,-37657.989486711595
9.16e-07,-7.486176117597105,0.014402819293567012,-37725.303272861944
9.173333333333333e-07,-7.4589630941737095,0.014352474160836228,-37792.39582331581
9.186666666666666e-07,-7.431888885963003,0.014302039708023486,-37859.28339579725
9.2e-07,-7.4050265550433645,0.01425151619841557,-37925.981016074125
9.213333333333333e-07,-7.378349068433159,0.014200903877230315,-37992.500761809664
9.226666666666667e-07,-7.351814488931695,0.014150202984845308,-38058.837815696446
9.24e-07,-7.3253638672424515,0.014099413784117889,-38124.96327543597
9.253333333333333e-07,-7.298931067998475,0.014048536576662315,-38190.84790792893
9.266666666666667e-07,-7.272442870493282,0.013997571703185005,-38256.4623080305
9.279999999999999e-07,-7.245887137366783,0.013946519538478442,-38321.78475181668
9.293333333333333e-07,-7.219361430833136,0.01389538047610122,-38386.80881401166
9.306666666666666e-07,-7.192952518960297,0.013844154910778379,-38451.539170254655
9.319999999999999e-07,-7.166721070483984,0.013792843220695926,-38515.9959534247
9.333333333333333e-07,-7.140744168245078,0.013741445757202072,-38580.19928735271
9.346666666666666e-07,-7.115116215169392,0.013689962844889911,-38644.16918089021
9.359999999999999e-07,-7.089828653548893,0.013638394786120084,-38707.918973855805
9.373333333333333e-07,-7.06468336094822,0.01358674187418682,-38771.44892603466
9.386666666666666e-07,-7.039483595452535,0.013535004405213111,-38834.754534530985
9.4e-07,-7.014047034414684,0.013483182685594569,-38897.82489328066
9.413333333333333e-07,-6.988172683266721,0.013431277036254165,-38960.64911732473
9.426666666666666e-07,-6.961639901386781,0.013379287792584054,-39023.216387846376
9.44e-07,-6.934361481970675,0.013327215301410301,-39085.520372780025
9.453333333333333e-07,-6.906494869060214,0.013275059912103558,-39147.56358733581
9.466666666666667e-07,-6.878211022086284,0.01322282196870822,-39209.35150566669
9.48e-07,-6.849685965846414,0.013170501805320521,-39270.89357588485
9.493333333333333e-07,-6.821117767405433,0.013118099743464395,-39332.19920830572
9.506666666666667e-07,-6.792727201074937,0.013065616092160896,-39393.27774693846
9.52e-07,-6.7646199923546675,0.013013051149621464,-39454.13606221382
9.533333333333333e-07,-6.736685789201965,0.012960405208142291,-39514.77615653967
9.546666666666665e-07,-6.708807777707567,0.012907678558620097,-39575.19812676299
9.56e-07,-6.680870932101401,0.012854871493543672,-39635.399487862225
9.573333333333333e-07,-6.652745217877338,0.01280198430873082,-39695.37773141934
9.586666666666666e-07,-6.624284983003779,0.01274901730334675,-39755.13034468758
9.6e-07,-6.59540533873095,0.012695970781165144,-39814.652927722986
9.613333333333332e-07,-6.566138679610051,0.01264284505434338,-39873.93730492708
9.626666666666667e-07,-6.536540535554388,0.012589640445084867,-39932.976582830044
9.64e-07,-6.506699896254293,0.012536357283472545,-39991.765835655686
9.653333333333333e-07,-6.476704956746578,0.012482995906032558,-40050.30032432622
9.666666666666666e-07,-6.446642653023685,0.012429556655494707,-40108.57548245503
9.679999999999999e-07,-6.416598490516968,0.012376039877986427,-40166.590779968516
9.693333333333334e-07,-6.386656466257967,0.012322445915046196,-40224.3536303679
9.706666666666667e-07,-6.356903864531999,0.012268775100645729,-40281.867970333886
9.72e-07,-6.327434175399418,0.012215027767083251,-40339.132373385575
9.733333333333333e-07,-6.298339517890276,0.0121612042487485,-40396.14512874627
9.746666666666666e-07,-6.269710709526964,0.012107304882475193,-40452.90428121613
9.76e-07,-6.241593802682029,0.012053330009830231,-40509.404686212474
9.773333333333333e-07,-6.213957329910798,0.011999279983368135,-40565.63500693773
9.786666666666666e-07,-6.186671350048017,0.011945155167265046,-40621.58914769448
9.8e-07,-6.159450644982986,0.011890955928528135,-40677.268957678076
9.813333333333332e-07,-6.132019228063172,0.011836682631521156,-40732.6765527927
9.826666666666667e-07,-6.104113112737296,0.011782335637649901,-40787.814254078046
9.84e-07,-6.075524750404021,0.01172791530259292,-40842.68833139471
9.853333333333333e-07,-6.046136764428379,0.011673421968470604,-40897.31285208346
9.866666666666666e-07,-6.015931813071534,0.011618855960084237,-40951.69972746948
9.88e-07,-5.985043749332839,0.011564217588679402,-41005.85737978556
9.893333333333332e-07,-5.953609009787761,0.011509507154384395,-41059.79406272711
9.906666666666667e-07,-5.921763798039709,0.011454724946416205,-41113.517889547285
9.92e-07,-5.889631400097798,0.011399871246935806,-41167.03133105507
9.933333333333333e-07,-5.857312473205696,0.01134494634237313,-41220.32551295966
9.946666666666666e-07,-5.824928328738204,0.011289950532771707,-41273.38888918059
9.959999999999999e-07,-5.792637980453567,0.011234884135918022,-41326.2063913441
9.973333333333334e-07,-5.760591566416902,0.01117974748965579,-41378.76300199528
9.986666666666667e-07,-5.728929648845493,0.011124540951798734,-41431.043783593625
1e-06,-5.697751280827,0.01106926489732319,-41483.03792972224
1.0013333333333332e-06,-5.667089287415343,0.011013919710037828,-41534.742998325775
1.0026666666666665e-06,-5.636865129054301,0.010958505772711052,-41586.16299184103
1.004e-06,-5.606824559352217,0.010903023456618725,-41637.311146639564
1.0053333333333333e-06,-5.576719522039055,0.010847473115246552,-41688.200911620326
1.0066666666666666e-06,-5.546311460396436,0.010791855084057804,-41738.84587150499
1.008e-06,-5.515420114540947,0.010736169682588373,-41789.25633264305
1.0093333333333332e-06,-5.483961625063579,0.010680417221215668,-41839.4357264165
1.0106666666666667e-06,-5.451988675765541,0.010624598010206944,-41889.38078666081
1.012e-06,-5.419769747106563,0.01056871237071171,-41939.07845619018
1.0133333333333333e-06,-5.3875654890102815,0.010512760641334242,-41988.51561001448
1.0146666666666666e-06,-5.355624487157687,0.010456743178167544,-42037.67914003702
1.0159999999999999e-06,-5.324134252809428,0.010400660351600645,-42086.56071031245
1.0173333333333334e-06,-5.293182603228239,0.010344512536589199,-42135.161806847456
1.0186666666666667e-06,-5.262769379985402,0.01028830010641801,-42183.48344994004
1.02e-06,-5.232762963302873,0.010232023433692568,-42231.52563822226
1.0213333333333333e-06,-5.203024108432283,0.01017568289123194,-42279.28805272279
1.0226666666666666e-06,-5.173408422659425,0.010119278852487961,-42326.77006324592
1.0239999999999999e-06,-5.143825497607462,0.010062811692749167,-42373.9695449493
1.0253333333333334e-06,-5.114286011553413,0.010006281791978185,-42420.88161151298
1.0266666666666666e-06,-5.084774715702467,0.009949689529470302,-42467.51215031361
1.028e-06,-5.055221915100248,0.009893035265753356,-42513.883425108324
1.0293333333333332e-06,-5.025577808024908,0.009836319331363311,-42560.01815996079
1.0306666666666665e-06,-4.995814010725402,0.009779542026327052,-42605.939394431916
1.032e-06,-4.965883688076034,0.009722703621142477,-42651.66838241878
1.0333333333333333e-06,-4.935689472856916,0.009665804360671057,-42697.22232471357
1.0346666666666666e-06,-4.9052092510297065,0.00960884447739173,-42742.60259428198
1.036e-06,-4.874544865057705,0.009551824217836615,-42787.78673839272
1.0373333333333332e-06,-4.843791634116688,0.009494743858850978,-42832.75174006612
1.0386666666666667e-06,-4.813035605878336,0.00943760370820068,-42877.47423537117
1.04e-06,-4.782356215846926,0.009380404105287647,-42921.930134179456
1.0413333333333333e-06,-4.751828465648456,0.009323145422392981,-42966.09420782263
1.0426666666666666e-06,-4.721480523583419,0.009265828057742297,-43009.95276820615
1.0439999999999999e-06,-4.691265305089334,0.009208452416051149,-43053.50976851803
1.0453333333333334e-06,-4.661137394462512,0.009151018896479592,-43096.76958880675
1.0466666666666667e-06,-4.631054640907675,0.009093527892173197,-43139.73687078809
1.048e-06,-4.600970271100692,0.009035979788437133,-43182.41873331141
1.0493333333333333e-06,-4.570826412317216,0.008978374957814117,-43224.82720121629
1.0506666666666665e-06,-4.5405960319132905,0.008920713757898097,-43266.972672814794
1.052e-06,-4.510305489908175,0.008862996534261819,-43308.862781593205
1.0533333333333333e-06,-4.479974101231928,0.008805223622299456,-43350.50516195389
1.0546666666666666e-06,-4.449612807532793,0.008747395347206803,-43391.90747702855
1.056e-06,-4.419230028942262,0.008689512025522927,-43433.075048785475
1.0573333333333332e-06,-4.3888365017676705,0.008631573969997622,-43474.00823917494
1.0586666666666667e-06,-4.358437389263029,0.008573581495158505,-43514.704019490826
1.06e-06,-4.328032917687653,0.008515534922908428,-43555.154355624734
1.0613333333333333e-06,-4.297616479805603,0.008457434585887515,-43595.351175747266
1.0626666666666666e-06,-4.267174657441783,0.008399280827490679,-43635.28641950994
1.0639999999999999e-06,-4.236712101713454,0.008341074000398884,-43674.954218184284
1.0653333333333332e-06,-4.2062722701037325,0.008282814462038194,-43714.353322854986
1.0666666666666667e-06,-4.175843856042209,0.00822450257241066,-43753.481118433214
1.068e-06,-4.14531806643833,0.008166138696512894,-43792.33272822091
1.0693333333333333e-06,-4.114600549452996,0.008107723205991743,-43830.90305350688
1.0706666666666666e-06,-4.083613839140787,0.008049256479426677,-43869.18679409608
1.0719999999999999e-06,-4.052278130374252,0.007990738901483293,-43907.18012098149
1.0733333333333334e-06,-4.020495101706491,0.007932170859699992,-43944.88255396002
1.0746666666666667e-06,-3.988210780193432,0.007873552737692562,-43982.30045718754
1.076e-06,-3.955441645596417,0.00781488490359409,-44019.45069052134
1.0773333333333332e-06,-3.922206541006506,0.00775616770295637,-44056.35026606182
1.0786666666666665e-06,-3.8885250452047817,0.007697401458618006,-44093.01624148516
1.08e-06,-3.854427093256242,0.007638586475268644,-44129.45878254475
1.0813333333333333e-06,-3.819961125077292,0.0075797230538705695,-44165.673314569736
1.0826666666666666e-06,-3.785215727394033,0.007520811505438911,-44201.64933292141
1.084e-06,-3.750347754971436,0.007461852160746751,-44237.36770532104
1.0853333333333332e-06,-3.715508152855268,0.007402845376005716,-44272.80940623277
1.0866666666666667e-06,-3.6808404333332225,0.007343791532662532,-44307.95560853225
1.088e-06,-3.646471366897359,0.0072846910308594385,-44342.79709611158
1.0893333333333333e-06,-3.612503058930193,0.007225544269465028,-44377.34499550778
1.0906666666666666e-06,-3.578982832212196,0.007166351629857742,-44411.6144154236
1.0919999999999999e-06,-3.5458683158086446,0.007107113469735479,-44445.625767973615
1.0933333333333334e-06,-3.5131195458513953,0.007047830119692909,-44479.39929586875
1.0946666666666667e-06,-3.480701088388513,0.006988501883485978,-44512.9550145292
1.096e-06,-3.4485620904972136,0.006929129045425564,-44546.30207609357
1.0973333333333333e-06,-3.4166190676463293,0.006869711893009009,-44579.42654874319
1.0986666666666666e-06,-3.3848337374699096,0.0068102507359920055,-44612.30897676453
1.1e-06,-3.353250581257109,0.006750745915134643,-44644.92230926666
1.1013333333333333e-06,-3.321900718693824,0.006691197807184919,-44677.23961532207
1.1026666666666666e-06,-3.290799664162468,0.006631606824663061,-44709.23416746944
1.104e-06,-3.2599429442458434,0.006571973409610663,-44740.88841112978
1.1053333333333332e-06,-3.2293022991950155,0.006512298014436387,-44772.204350289336
1.1066666666666665e-06,-3.198764314293564,0.006452581083764048,-44803.191658222524
1.108e-06,-3.1680759353713173,0.006392823041907552,-44833.87112651103
1.1093333333333333e-06,-3.136984905926826,0.006333024285384916,-44864.263657444026
1.1106666666666666e-06,-3.1052428800343925,0.006273185182852539,-44894.39014112278
1.112e-06,-3.0726994414185356,0.006213306077481775,-44924.267915026154
1.1133333333333332e-06,-3.03938451239895,0.0061533872944499034,-44953.906632784674
1.1146666666666667e-06,-3.0053807307402756,0.006093429152810011,-44983.305827042816
1.116e-06,-2.970837530014551,0.0060334319826204725,-45012.44945726895
1.1173333333333333e-06,-2.935928198509455,0.005973396135635113,-45041.321020775424
1.1186666666666666e-06,-2.900849084030235,0.005913321985804058,-45069.90372580832
1.1199999999999999e-06,-2.8657351148968773,0.005853209928019269,-45098.18295137911
1.1213333333333334e-06,-2.8305851198980596,0.005793060373291916,-45126.14913964077
1.1226666666666667e-06,-2.795426563025642,0.005732873737795701,-45153.80410468472
1.124e-06,-2.7603431883053533,0.005672650423370344,-45181.16753335364
1.1253333333333332e-06,-2.725411170022172,0.00561239080537569,-45208.259458632834
1.1266666666666665e-06,-2.690697519380705,0.005552095232366439,-45235.10005524712
1.128e-06,-2.65623352767975,0.005491764029357049,-45261.70445882778
1.1293333333333333e-06,-2.6219910839861553,0.005431397508632766,-45288.07662759827
1.1306666666666666e-06,-2.5879054430555484,0.005370995981937488,-45314.21341532114
1.132e-06,-2.5538600830233147,0.005310559772453066,-45340.10081131357
1.1333333333333332e-06,-2.519726631188961,0.005250089222048309,-45365.72479582565
1.1346666666666667e-06,-2.485365646422733,0.0051895846912050425,-45391.07146906028
1.136e-06,-2.4507294544323663,0.005129046557530669,-45416.12904250266
1.1373333333333333e-06,-2.4159546041080713,0.005068475211358103,-45440.89021634989
1.1386666666666666e-06,-2.3812189260623096,0.005007871052087972,-45465.34868885192
1.1399999999999999e-06,-2.3467559243440954,0.004947234486633225,-45489.49949327183
1.1413333333333334e-06,-2.312811228301565,0.004886565928500331,-45513.33770605691
1.1426666666666667e-06,-2.279641898306004,0.004825865797742513,-45536.85843067354
1.144e-06,-2.247390692451189,0.004765134518041841,-45560.06112033675
1.1453333333333333e-06,-2.2159720915402943,0.00470437250744315,-45582.954777702886
1.1466666666666666e-06,-2.1852528150667965,0.004643580168829777,-45605.55314236054
1.1479999999999999e-06,-2.1550380971634135,0.004582757882004045,-45627.87709623886
1.1493333333333334e-06,-2.12511567087835,0.004521905998880375,-45649.94758925496
1.1506666666666666e-06,-2.0952565583055165,0.004461024843452206,-45671.785553000635
1.152e-06,-2.0652842441062105,0.004400114716005904,-45693.40561645603
1.1533333333333332e-06,-2.035137891667884,0.004339175906602052,-45714.80848932587
1.1546666666666665e-06,-2.0047570164357635,0.004278208710377676,-45735.985847239244
1.156e-06,-1.9740760439292635,0.004217213442817319,-45756.91549328389
1.1573333333333333e-06,-1.9430318971578862,0.004156190449154049,-45777.57500162378
1.1586666666666666e-06,-1.9115641811598596,0.004095140104560575,-45797.94188858903
1.16e-06,-1.879656743304352,0.0040340628103538185,-45817.9994215498
1.1613333333333332e-06,-1.8473759861442556,0.003972958981597759,-45837.74371254183
1.1626666666666667e-06,-1.8147987281643767,0.00391182903212188,-45857.180501265015
1.164e-06,-1.7820064289364086,0.003850673358123544,-45876.330496241186
1.1653333333333333e-06,-1.7490965653703074,0.003789492328031413,-45895.21464195946
1.1666666666666666e-06,-1.7161831083772703,0.0037282862823164466,-45913.853930493206
1.1679999999999999e-06,-1.683324024202158,0.0036670555388120677,-45932.26132607829
1.1693333333333334e-06,-1.6504539009933015,0.0036058004100415525,-45950.43182968216
1.1706666666666667e-06,-1.6175135536859135,0.003544521222646111,-45968.349263482436
1.172e-06,-1.5844628983739533,0.00348321833637076,-45985.98014954557
1.1733333333333333e-06,-1.5512549704432796,0.003421892155736534,-46003.29080179572
1.1746666666666665e-06,-1.5178350780665393,0.003360543130170103,-46020.24754785276
1.176e-06,-1.4841833625628331,0.0032991717474534156,-46036.82652716739
1.1773333333333333e-06,-1.4503546721085803,0.0032377785125443617,-46053.02583641713
1.1786666666666666e-06,-1.4164188084054508,0.003176363924625869,-46068.85604132486
1.18e-06,-1.3824673851859706,0.003114928455964071,-46084.346951375235
1.1813333333333332e-06,-1.3485936541753252,0.003053472538918431,-46099.52861708613
1.1826666666666667e-06,-1.3148920967054736,0.0029919965657881574,-46114.431078313064
1.184e-06,-1.2814251830202144,0.00293050089245549,-46129.078920691565
1.1853333333333333e-06,-1.2481919772656611,0.0028689858501900973,-46143.484477399215
1.1866666666666666e-06,-1.2151829452294745,0.0028074517579508834,-46157.65388142378
1.1879999999999999e-06,-1.1823814796427223,0.0027458989328802757,-46171.58372448928
1.1893333333333332e-06,-1.1497630712297926,0.0026843276967192073,-46185.27051711484
1.1906666666666667e-06,-1.117295256105838,0.002622738375829725,-46198.71081709837
1.192e-06,-1.0849365051779385,0.002561131300463675,-46211.902231978296
1.1933333333333333e-06,-1.0526351649732442,0.002499506802522199,-46224.84468023891
1.1946666666666666e-06,-1.0203068751222397,0.00243786521615729,-46237.53486712901
1.1959999999999999e-06,-0.9878130049814348,0.002376206883508772,-46249.964105651496
1.1973333333333334e-06,-0.9550126141850835,0.0023145321584757197,-46262.123443916054
1.1986666666666667e-06,-0.9217637301601418,0.0022528414070227968,-46274.003735472616
1.2e-06,-0.8879845648231409,0.0021911350085620017,-46285.59395572099
1.2013333333333332e-06,-0.853712280318002,0.002129413359879272,-46296.87906837677
1.2026666666666665e-06,-0.8190159037399389,0.00206767687415321,-46307.849520720185
1.204e-06,-0.784006399768107,0.0020059259710893695,-46318.50507503007
1.2053333333333333e-06,-0.7488074068983824,0.001944161070481607,-46328.845836616776
1.2066666666666666e-06,-0.7135546318700998,0.0018823825918389146,-46338.87212742452
1.208e-06,-0.6783589393377104,0.0018205909519194955,-46348.58775170697
1.2093333333333332e-06,-0.6432706372179078,0.0017587865573081025,-46358.004165386155
1.2106666666666667e-06,-0.6083407406060399,0.0016969698004933747,-46367.13105669324
1.212e-06,-0.5736223933457854,0.0016351410633208391,-46375.97470211431
1.2133333333333333e-06,-0.5391710114099716,0.0015733007193736153,-46384.54121872409
1.2146666666666666e-06,-0.5050443153863179,0.0015114491341535951,-46392.83661131021
1.2159999999999999e-06,-0.471261896392397,0.001449586666131882,-46400.86542126227
1.2173333333333334e-06,-0.437765770769669,0.0013877136698585482,-46408.62898872742
1.2186666666666667e-06,-0.4044793316156014,0.0013258305001965184,-46416.12550432084
1.22e-06,-0.37130157513482653,0.0012639375177516047,-46423.34816305313
1.2213333333333333e-06,-0.33812392299137667,0.0012020350923673281,-46430.28991336486
1.2226666666666666e-06,-0.3048304737967918,0.0011401236034078294,-46436.943525886236
1.224e-06,-0.27134769006288184,0.001078203441459643,-46443.29939638092
1.2253333333333333e-06,-0.23769325348381742,0.0010162750133957492,-46449.34269946263
1.2266666666666666e-06,-0.20391303057078594,0.0009543387416118725,-46455.064976355716
1.228e-06,-0.1700974551252449,0.0008923950524762856,-46460.46872702886
1.2293333333333332e-06,-0.1363382450213748,0.000830444368707114,-46465.55692673124
1.2306666666666665e-06,-0.10272728046480356,0.0007684871088420877,-46470.332870810504
1.232e-06,-0.06930484919658828,0.0007065236851643302,-46474.80264581411
1.2333333333333333e-06,-0.03600835092573011,0.0006445544978309263,-46478.97835429385
1.2346666666666666e-06,-0.0027460145410092736,0.0005825799330782666,-46482.86877469775
1.236e-06,0.030612989722687757,0.0005206003694731766,-46486.47663293983
1.2373333333333332e-06,0.06421079830088612,0.0004586161820372462,-46489.804520959005
1.2386666666666667e-06,0.09820023144467202,0.00039662774236583215,-46492.85498615113
1.24e-06,0.13266933415344725,0.0003346354190626475,-46495.62996862803
1.2413333333333333e-06,0.167565993282353,0.000272639579042627,-46498.1300614042
1.2426666666666666e-06,0.20279867034432492,0.00021064058779522358,-46500.356809705234
1.2439999999999999e-06,0.23821514367244145,0.00014863880762063604,-46502.31345217971
1.2453333333333334e-06,0.2736587822391605,8.663459645165544e-05,-46504.003301280645
1.2466666666666667e-06,0.3089698770396983,2.4628307771685957e-05,-46505.429718678024
1.248e-06,0.3440084029850916,-3.737970832397409e-05,-46506.59442481471
1.2493333333333332e-06,0.37867693958811466,-9.93891014475077e-05,-46507.4952604872
1.2506666666666665e-06,0.4129416934734042,-0.0001613995144130262,-46508.124187794485
1.252e-06,0.44688815390160325,-0.00022341057282709522,-46508.463433297264
1.2533333333333333e-06,0.4805886541628337,-0.0002854218784013141,-46508.494928035434
1.2546666666666666e-06,0.5140984629801013,-0.00034743300865546054,-46508.20045318759
1.256e-06,0.5474899928389945,-0.00040944351745005373,-46507.56273870625
1.2573333333333332e-06,0.5808875110863829,-0.00047145293722856876,-46506.56692906905
1.2586666666666667e-06,0.6143788593826517,-0.0005334607862718952,-46505.20663590805
1.26e-06,0.6479846589380217,-0.0005954665838728928,-46503.48976559033
1.2613333333333333e-06,0.6817272518960547,-0.0006574698601646742,-46501.42467208606
1.2626666666666666e-06,0.7156329598434447,-0.0007194701565715938,-46499.019938294594
1.2639999999999999e-06,0.7497108724878633,-0.0007814670293875176,-46496.289285593884
1.2653333333333332e-06,0.7839311521447176,-0.0008434600610237798,-46493.25816880092
1.2666666666666667e-06,0.8182465205881774,-0.0009054488650111404,-46489.947812226834
1.268e-06,0.8525790731645809,-0.0009674330778755368,-46486.37148436931
1.2693333333333333e-06,0.8868527874851885,-0.0010294123535169945,-46482.54197781926
1.2706666666666666e-06,0.9209944564507571,-0.0010913863626559976,-46478.47173068987
1.2719999999999998e-06,0.9549568864114812,-0.001153354787249291,-46474.16515925383
1.2733333333333334e-06,0.9887428088245133,-0.001215317302877834,-46469.60828354872
1.2746666666666666e-06,1.022378391075186,-0.0012772735668888462,-46464.787732974066
1.276e-06,1.0559249296564466,-0.001339223220307303,-46459.69239471399
1.2773333333333332e-06,1.0894498762399798,-0.00140116588952774,-46454.31143594312
1.2786666666666665e-06,1.1230260500657328,-0.0014631011866654674,-46448.63427065089
1.28e-06,1.1567083836963643,-0.0015250287137389363,-46442.6563395421
1.2813333333333333e-06,1.1905097653431522,-0.0015869480759564555,-46436.38698673818
1.2826666666666666e-06,1.2244133381855096,-0.0016488588910100305,-46429.83559362831
1.284e-06,1.2583465088618027,-0.0017107607885296233,-46423.010685762616
1.2853333333333332e-06,1.2922425458287008,-0.0017726534093845012,-46415.92059655693
1.2866666666666667e-06,1.3260423707737932,-0.0018345364054348865,-46408.5734790078
1.288e-06,1.359690380926131,-0.0018964094360429,-46400.97243301543
1.2893333333333333e-06,1.3931300850529273,-0.0019582721568765817,-46393.10881751127
1.2906666666666666e-06,1.426363217037275,-0.002020124212097698,-46384.9740141668
1.2919999999999999e-06,1.4595015321971252,-0.002081965234915535,-46376.56021259186
1.2933333333333334e-06,1.492649141243424,-0.002143794848254547,-46367.859795914126
1.2946666666666667e-06,1.5258988445713437,-0.002205612665005036,-46358.86532982
1.296e-06,1.5593264141443761,-0.0022674182894096167,-46349.57127705634
1.2973333333333333e-06,1.5929845548610175,-0.002329211321172687,-46339.97636754977
1.2986666666666665e-06,1.6268696399152818,-0.002390991358163787,-46330.079119106376
1.3e-06,1.6608788082717345,-0.0024527579957910307,-46319.877321750006
1.3013333333333333e-06,1.6949077059843003,-0.0025145108265304844,-46309.36878743257
1.3026666666666666e-06,1.728853505413719,-0.0025762494399638918,-46298.551362679405
1.304e-06,1.7626281914216622,-0.00263797342366099,-46287.42418297334
1.3053333333333332e-06,1.7961726929053712,-0.002699682366062344,-46275.98941905911
1.3066666666666665e-06,1.829487300509253,-0.002761375857856544,-46264.248272243545
1.308e-06,1.8626849534155951,-0.0028230534900823894,-46252.20006651287
1.3093333333333333e-06,1.895869858690907,-0.002884714852782551,-46239.84398372976
1.3106666666666666e-06,1.9291337282116354,-0.002946359534834211,-46227.17909376244
1.3119999999999999e-06,1.9625665876107827,-0.0030079871247959086,-46214.20584878796
1.3133333333333332e-06,1.9962683332226918,-0.0030695972141472905,-46200.928178285925
1.3146666666666667e-06,2.0302325780018267,-0.0031311894018521942,-46187.35337905513
1.316e-06,2.0642469681650417,-0.003192763300429747,-46173.4944872782
1.3173333333333333e-06,2.0981157754580333,-0.003254318539827389,-46159.364609186945
1.3186666666666666e-06,2.1316670019986557,-0.0033158547674481172,-46144.97682190659
1.3199999999999999e-06,2.164752451953432,-0.0033773716446172703,-46130.33893182861
1.3213333333333334e-06,2.197247835853209,-0.003438868834620921,-46115.44607363438
1.3226666666666667e-06,2.2291730154765967,-0.0035003459916305517,-46100.28944081489
1.324e-06,2.2608156221545883,-0.0035618027539894414,-46084.854097520925
1.3253333333333332e-06,2.2924550584276098,-0.0036232387401480257,-46069.125140360135
1.3266666666666665e-06,2.324353639344697,-0.003684653548780128,-46053.08780779646
1.328e-06,2.3567301960015783,-0.00374604676231148,-46036.732489217895
1.3293333333333333e-06,2.3897313361290613,-0.003807417958535949,-46020.06184748814
1.3306666666666666e-06,2.4233615204836023,-0.0038687667213877343,-46003.08243019253
1.332e-06,2.4573639410479955,-0.003930092647526501,-45985.806777960344
1.3333333333333332e-06,2.4914881098248136,-0.003991395350388384,-45968.24751486634
1.3346666666666667e-06,2.5254985382843245,-0.00405267446022612,-45950.41724172557
1.336e-06,2.559189410273313,-0.004113929621900043,-45932.3252691638
1.3373333333333333e-06,2.592400699300111,-0.004175160487372501,-45913.972939523555
1.3386666666666666e-06,2.625082096859045,-0.004236366708017319,-45895.35802770811
1.3399999999999999e-06,2.6573863098043433,-0.004297547928379289,-45876.47251524898
1.3413333333333334e-06,2.6894606604827938,-0.004358703782258602,-45857.30830370945
1.3426666666666667e-06,2.7214401225156455,-0.004419833892674186,-45837.8573196724
1.344e-06,2.7534474954548123,-0.004480937872567736,-45818.11252065492
1.3453333333333333e-06,2.7855935733886508,-0.004542015327145372,-45798.06934580069
1.3466666666666665e-06,2.817932405412465,-0.004603065855449684,-45777.723110672465
1.3479999999999998e-06,2.8504142785162214,-0.004664089050018885,-45757.068743128846
1.3493333333333333e-06,2.882989549534779,-0.004725084496583775,-45736.10110419433
1.3506666666666666e-06,2.9156121949010383,-0.004786051773982331,-45714.814993642955
1.352e-06,2.948231042435689,-0.0048469904551751335,-45693.20679556802
1.3533333333333332e-06,2.980780030309599,-0.0049079001109507405,-45671.276867845576
1.3546666666666665e-06,3.0132165920984617,-0.004968780315251513,-45649.02958331871
1.356e-06,3.045546461537583,-0.0050296306524734566,-45626.47624958594
1.3573333333333333e-06,3.077770129136991,-0.005090450722202709,-45603.628344298064
1.3586666666666666e-06,3.1098809878939817,-0.0051512401393570325,-45580.4973871909
1.36e-06,3.141887413776402,-0.005211998533458378,-45557.093764829624
1.3613333333333332e-06,3.1738374957059765,-0.005272725545976198,-45533.42501190041
1.3626666666666667e-06,3.2057532106302227,-0.005333420825688584,-45509.494556663994
1.364e-06,3.237600738570694,-0.0053940840211567625,-45485.298645606155
1.3653333333333333e-06,3.269352945378927,-0.005454714775782952,-45460.83329368119
1.3666666666666666e-06,3.300991587833949,-0.005515312727590957,-45436.09441832622
1.3679999999999999e-06,3.3324931556319326,-0.005575877508228246,-45411.07653761028
1.3693333333333334e-06,3.3638128967020555,-0.005636408739822522,-45385.77085379006
1.3706666666666667e-06,3.394933399257902,-0.0056969060344005925,-45360.17101331648
1.372e-06,3.425890540764855,-0.005757368998627471,-45334.27532700244
1.3733333333333332e-06,3.456718678028345,-0.0058177972370672855,-45308.08233272426
1.3746666666666665e-06,3.487448729989194,-0.005878190352427945,-45281.59070826861
1.376e-06,3.5181367675535116,-0.005938547947339215,-45254.80165862547
1.3773333333333333e-06,3.5488965083967274,-0.005998869630081644,-45227.722455020994
1.3786666666666666e-06,3.579812033378207,-0.006059155016599598,-45200.3573219138
1.38e-06,3.6108968415524334,-0.006119403724483719,-45172.70450426993
1.3813333333333332e-06,3.64217937417935,-0.006179615368764139,-45144.761916361014
1.3826666666666667e-06,3.673706100119538,-0.00623978956154437,-45116.5272539745
1.384e-06,3.7054749719154536,-0.006299925910248412,-45087.99580209005
1.3853333333333333e-06,3.737359220048767,-0.006360024012224844,-45059.15716256295
1.3866666666666666e-06,3.7693084398532535,-0.006420083455044734,-45030.00706727602
1.3879999999999999e-06,3.801441750028391,-0.0064801038283310505,-45000.5528621994
1.3893333333333332e-06,3.833854674677806,-0.006540084731852208,-44970.802419537154
1.3906666666666667e-06,3.86661218997683,-0.006600025776074964,-44940.763914584895
1.392e-06,3.8997832638854093,-0.006659926582085181,-44910.44510074419
1.3933333333333333e-06,3.933480680981487,-0.006719786780298734,-44879.85221958929
1.3946666666666666e-06,3.9676945160718122,-0.006779606004359378,-44848.98387138142
1.3959999999999998e-06,4.002174871261497,-0.006839383876715987,-44817.82466353392
1.3973333333333334e-06,4.036679077245222,-0.006899119999050218,-44786.35883780136
1.3986666666666666e-06,4.070980510252059,-0.006958813951973994,-44754.57054786324
1.4e-06,4.10488444782697,-0.007018465298092891,-44722.44863048896
1.4013333333333332e-06,4.13824655585873,-0.007078073593064123,-44689.99382636222
1.4026666666666665e-06,4.171025102270396,-0.0071376383991750714,-44657.21534006381
1.404e-06,4.203370620589858,-0.007197159300776005,-44624.13706132652
1.4053333333333333e-06,4.235432611262567,-0.007256635914286411,-44590.783204286214
1.4066666666666666e-06,4.267352570809417,-0.007316067888430113,-44557.17801127186
1.408e-06,4.299249843817789,-0.0073754549019039006,-44523.34219941003
1.4093333333333332e-06,4.331205011628484,-0.007434796655067143,-44489.287545459374
1.4106666666666667e-06,4.363239046198633,-0.007494092857667534,-44455.01635511572
1.412e-06,4.395261466472798,-0.00755334321136761,-44420.51419499885
1.4133333333333333e-06,4.427182385073407,-0.007612547398205307,-44385.76606154773
1.4146666666666666e-06,4.458916633854942,-0.007671705080059762,-44350.756720136524
1.4159999999999999e-06,4.490414169324649,-0.007730815897742946,-44315.46980464315
1.4173333333333334e-06,4.521695947057738,-0.007789879468570566,-44279.886436777655
1.4186666666666667e-06,4.5528006363803275,-0.007848895391194637,-44243.99749932862
1.42e-06,4.583785375413118,-0.007907863264301705,-44207.81216128022
1.4213333333333332e-06,4.614720598706161,-0.007966782699319323,-44171.34036514899
1.4226666666666665e-06,4.645689909989704,-0.008025653321198745,-44134.592453990284
1.424e-06,4.676732159795882,-0.008084474770262863,-44097.58114217705
1.4253333333333333e-06,4.70777263797014,-0.008143246707396933,-44060.324558929846
1.4266666666666666e-06,4.738765884675045,-0.008201968809509583,-44022.828610051816
1.428e-06,4.769741177510732,-0.008260640745889544,-43985.075959891794
1.4293333333333332e-06,4.800713526805641,-0.008319262162078515,-43947.04832356385
1.4306666666666665e-06,4.8316802199061355,-0.008377832678926066,-43908.72694776983
1.432e-06,4.862668830491924,-0.00843635189135386,-43870.09169391339
1.4333333333333333e-06,4.893794653760493,-0.008494819365558568,-43831.119613150855
1.4346666666666666e-06,4.925131970594253,-0.0085532346464396,-43791.80170840221
1.4359999999999999e-06,4.956664400281137,-0.00861159728450779,-43752.1553938852
1.4373333333333332e-06,4.9883833587800925,-0.008669906854144345,-43712.199060953455
1.4386666666666667e-06,5.020291891679756,-0.008728162954532786,-43671.951521693445
1.44e-06,5.052345232060523,-0.008786365210295062,-43631.432121727375
1.4413333333333333e-06,5.084379181746506,-0.008844513272320198,-43590.66091597802
1.4426666666666666e-06,5.1162479765832805,-0.00890260681139978,-43549.64770339886
1.4439999999999999e-06,5.1478609819140555,-0.008960645498417533,-43508.38282322989
1.4453333333333334e-06,5.1791128170215215,-0.009018628990968232,-43466.8560028069
1.4466666666666667e-06,5.209880436439491,-0.009076556932820563,-43425.05677568977
1.448e-06,5.24013147118248,-0.009134428953471043,-43382.97420003196
1.4493333333333332e-06,5.270055741843163,-0.009192244667214532,-43340.596415206186
1.4506666666666665e-06,5.2998585708321,-0.00925000367659938,-43297.917662071464
1.452e-06,5.3297465932475285,-0.009307705584240015,-43254.943798871915
1.4533333333333333e-06,5.359944685207374,-0.009365350000853524,-43211.681121395675
1.4546666666666666e-06,5.390697061822574,-0.009422936545675444,-43168.136111491076
1.456e-06,5.42213365520156,-0.009480464849367277,-43124.31942626152
1.4573333333333332e-06,5.454106699294614,-0.00953793456380345,-43080.252228002704
1.4586666666666667e-06,5.486431378478414,-0.009595345365571425,-43035.95042395311
1.46e-06,5.518885151294335,-0.009652696945277107,-42991.41913457493
1.4613333333333333e-06,5.551225411560035,-0.009709988999907892,-42946.662811601884
1.4626666666666666e-06,5.5831897892217155,-0.00976722123209524,-42901.685469423064
1.4639999999999999e-06,5.614625215426719,-0.009824393343246442,-42856.4812573808
1.4653333333333334e-06,5.645646894172247,-0.009881505010350443,-42811.01939860855
1.4666666666666667e-06,5.676378645007675,-0.009938555871521293,-42765.272357667964
1.468e-06,5.706922325940301,-0.009995545533718548,-42719.22093821674
1.4693333333333333e-06,5.737404721038896,-0.01005247357876986,-42672.84663875295
1.4706666666666665e-06,5.767979663666857,-0.01010933956417851,-42626.13147422666
1.4719999999999998e-06,5.798727857674066,-0.010166143031485754,-42579.0694866404
1.4733333333333333e-06,5.829532630583554,-0.010222883534648817,-42531.685257943136
1.4746666666666666e-06,5.860316750217143,-0.010279560661222377,-42484.00460240016
1.476e-06,5.891107918662497,-0.01033617403289526,-42436.05290692879
1.4773333333333332e-06,5.921917004239304,-0.010392723304965736,-42387.855198791556
1.4786666666666665e-06,5.952733012523349,-0.010449208165864327,-42339.43614909842
1.48e-06,5.983572870105431,-0.010505628330110246,-42290.81021976484
1.4813333333333333e-06,6.014543587606438,-0.010561983514063364,-42241.96570991658
1.4826666666666666e-06,6.045714034095281,-0.01061827341518586,-42192.88597383487
1.484e-06,6.077069653493413,-0.010674497704034584,-42143.54729925098
1.4853333333333332e-06,6.108598821493511,-0.010730656019549869,-42093.92597368047
1.4866666666666667e-06,6.140296445117967,-0.01078674796916591,-42043.99845037012
1.488e-06,6.17213839367559,-0.010842773134454907,-41993.74948313257
1.4893333333333333e-06,6.204049344758972,-0.010898731091034446,-41943.185386175406
1.4906666666666666e-06,6.2359422193767395,-0.010954621428232326,-41892.320410643944
1.4919999999999999e-06,6.267709369179585,-0.011010443763243265,-41841.182105766595
1.4933333333333334e-06,6.299243499570611,-0.011066197750177748,-41789.79829594274
1.4946666666666667e-06,6.330438356144181,-0.011121883080221375,-41738.19676950341
1.496e-06,6.361218269327896,-0.011177499476869402,-41686.39820254076
1.4973333333333332e-06,6.3915756156752925,-0.011233046678702722,-41634.40454744467
1.4986666666666665e-06,6.4215429486080025,-0.011288524421050038,-41582.20897352932
1.5e-06,6.451225549837788,-0.011343932419938979,-41529.78935986854
1.5013333333333333e-06,6.480731578701029,-0.011399270361678818,-41477.123249893375
1.5026666666666666e-06,6.510169302507629,-0.011454537902654813,-41424.188214101116
1.504e-06,6.539621276127061,-0.011509734672149042,-41370.96602724486
1.5053333333333332e-06,6.569111366937852,-0.011564860282546392,-41317.44956878265
1.5066666666666665e-06,6.598632266396649,-0.011619914340205656,-41263.63692011083
1.508e-06,6.628120451460183,-0.011674896454980491,-41209.53524213355
1.5093333333333333e-06,6.657510230164716,-0.0117298062464091,-41155.15190078164
1.5106666666666666e-06,6.686735924210692,-0.011784643343841897,-41100.49424841834
1.5119999999999999e-06,6.715772143562228,-0.011839407385075882,-41045.56760255761
1.5133333333333332e-06,6.744685535459741,-0.011894098011400862,-40990.37188491485
1.5146666666666667e-06,6.773583837212442,-0.01194871486202767,-40934.90405528615
1.516e-06,6.802645172401358,-0.01200325756860501,-40879.15581072853
1.5173333333333333e-06,6.8320540847149545,-0.012057725751611549,-40823.11869907825
1.5186666666666666e-06,6.861999078407309,-0.012112119020241667,-40766.78424610362
1.5199999999999998e-06,6.892581994404243,-0.012166436973882465,-40710.14621509752
1.5213333333333334e-06,6.923700746685981,-0.01222067920761858,-40653.20438906624
1.5226666666666666e-06,6.955177606137371,-0.012274845321164475,-40595.965929774764
1.524e-06,6.98670903214831,-0.012328934932994933,-40538.45181591804
1.5253333333333332e-06,7.017977835201644,-0.012382947689932105,-40480.68358984176
1.5266666666666665e-06,7.048657494939463,-0.012436883267674347,-40422.68302352012
1.528e-06,7.078527624419688,-0.012490741369571757,-40364.469822588064
1.5293333333333333e-06,7.10762447639604,-0.012544521721291649,-40306.057757249655
1.5306666666666666e-06,7.136109828496808,-0.012598224058954258,-40247.44873666425
1.532e-06,7.164377614561316,-0.012651848106041036,-40188.62189350819
1.5333333333333332e-06,7.19282586621514,-0.012705393557641489,-40129.55550717284
1.5346666666666667e-06,7.221847469940076,-0.012758860079689053,-40070.22756416588
1.536e-06,7.251740568144011,-0.0128122473094914,-40010.61713935321
1.5373333333333333e-06,7.282590845501953,-0.01286555485874399,-39950.70673953806
1.5386666666666666e-06,7.31431543723098,-0.012918782322544016,-39890.48896050123
1.5399999999999999e-06,7.34650440742783,-0.012971929299231647,-39829.97607094557
1.5413333333333334e-06,7.378748321440244,-0.013024995403968145,-39769.18103379243
1.5426666666666667e-06,7.410652080623121,-0.013077980269333565,-39708.1170143409
1.544e-06,7.441886394580918,-0.013130883544062414,-39646.795078936906
1.5453333333333332e-06,7.4722559562840924,-0.013183704887625738,-39585.22026604834
1.5466666666666665e-06,7.501690404477987,-0.01323644396243402,-39523.39194637673
1.5479999999999998e-06,7.530357922411842,-0.013289100422875505,-39461.298715853096
1.5493333333333333e-06,7.558432466339238,-0.01334167390797938,-39398.9289399531
1.5506666666666666e-06,7.586083628541433,-0.013394164041292587,-39336.27102986356
1.552e-06,7.613474495183695,-0.013446570435889971,-39273.32086621391
1.5533333333333332e-06,7.64075870381242,-0.013498892712837333,-39210.09455483039
1.5546666666666665e-06,7.668064082660148,-0.01355113051558246,-39146.609562868296
1.556e-06,7.695465582069022,-0.013603283511443767,-39082.884229076415
1.5573333333333333e-06,7.723039622290717,-0.013655351391885855,-39018.93643405641
1.5586666666666666e-06,7.750866659356751,-0.013707333871886067,-38954.78356626609
1.5599999999999999e-06,7.778990209856136,-0.013759230682682007,-38890.432627643444
1.5613333333333332e-06,7.8073619738283195,-0.013811041546514668,-38825.86312134782
1.5626666666666667e-06,7.835921076015734,-0.013862766160760995,-38761.05824813108
1.564e-06,7.864596371024491,-0.013914404207190005,-38696.01139538727
1.5653333333333333e-06,7.893307601769106,-0.013965955359312512,-38630.716788379774
1.5666666666666666e-06,7.921965312053901,-0.014017419283330008,-38565.1692378708
1.5679999999999999e-06,7.950515999972494,-0.014068795641821511,-38499.36849938561
1.5693333333333334e-06,7.979003012628318,-0.014120084105395576,-38433.326861700894
1.5706666666666666e-06,8.007459659383633,-0.014171284356090493,-38367.04918067839
1.572e-06,8.035881489434665,-0.014222396071479897,-38300.523903428446
1.5733333333333332e-06,8.064273969720118,-0.014273418913273335,-38233.73878672945
1.5746666666666665e-06,8.092654681027135,-0.014324352526680899,-38166.68132461856
1.576e-06,8.12102137303753,-0.014375196541567317,-38099.34100500276
1.5773333333333333e-06,8.149308623503806,-0.014425950577746764,-38031.71326417153
1.5786666666666666e-06,8.177493338166164,-0.014476614253073321,-37963.79972566673
1.58e-06,8.205653922221586,-0.01452718719558761,-37895.61404576993
1.5813333333333332e-06,8.233859599745053,-0.014577669051709761,-37827.170137461784
1.5826666666666667e-06,8.262165388676115,-0.014628059486365693,-37758.48184642482
1.584e-06,8.290619748632007,-0.014678358179477003,-37689.55782054245
1.5853333333333333e-06,8.319274983692862,-0.01472856481299853,-37620.39246174907
1.5866666666666666e-06,8.34811885050661,-0.014778679062292162,-37550.981478702444
1.5879999999999999e-06,8.377002688858797,-0.014828700599657721,-37481.3245696393
1.5893333333333332e-06,8.405779822875498,-0.014878629097358258,-37411.42198116864
1.5906666666666667e-06,8.434311824704007,-0.014928464228287065,-37341.274412035345
1.592e-06,8.462476509995419,-0.01497820567028559,-37270.888585753324
1.5933333333333333e-06,8.49017902100698,-0.015027853120770403,-37200.28714146966
1.5946666666666665e-06,8.51738484563591,-0.015077406302634799,-37129.48565512937
1.5959999999999998e-06,8.544185163426963,-0.015126864948807384,-37058.48360374655
1.5973333333333333e-06,8.570669085035638,-0.01517622879091685,-36987.27956044614
1.5986666666666666e-06,8.596917790657596,-0.015225497558373024,-36915.87162381725
1.6e-06,8.623025866185966,-0.015274670975493143,-36844.254056361395
1.6013333333333332e-06,8.649130771772645,-0.015323748752383825,-36772.4112796663
1.6026666666666665e-06,8.675320564278621,-0.015372730582317782,-36700.33362127022
1.604e-06,8.701564083606128,-0.01542161615453106,-36628.02469863891
1.6053333333333333e-06,8.727842683148548,-0.0154704051634572,-36555.48869057481
1.6066666666666666e-06,8.754156464224689,-0.015519097309233142,-36482.72997333974
1.6079999999999999e-06,8.7804692560966,-0.015567692298259021,-36409.75356548251
1.6093333333333332e-06,8.80663194343251,-0.015616189844587595,-36336.5659273802
1.6106666666666667e-06,8.832527011185901,-0.015664589668038093,-36263.16924835769
1.612e-06,8.858121183307706,-0.015712891485363818,-36189.55674023419
1.6133333333333333e-06,8.883372161524457,-0.015761095004026577,-36115.72125390379
1.6146666666666666e-06,8.908223999806875,-0.015809199921881262,-36041.65552812585
1.6159999999999999e-06,8.932645799749215,-0.015857205926399005,-35967.35124849484
1.6173333333333334e-06,8.956686069961833,-0.015905112692128107,-35892.79734515049
1.6186666666666667e-06,8.980412560455875,-0.015952919880359347,-35817.985001712725
1.62e-06,9.003932672947935,-0.01600062714393453,-35742.91036106632
1.6213333333333332e-06,9.027348700977806,-0.01604823413071784,-35667.56981389633
1.6226666666666665e-06,9.05075588318983,-0.01609574048383399,-35591.95986033317
1.624e-06,9.074252108741712,-0.016143145843900895,-35516.08024001687
1.6253333333333333e-06,9.097951529724174,-0.01619044985714946,-35439.93963283346
1.6266666666666666e-06,9.12192481465334,-0.0162376521829381,-35363.54905013226
1.628e-06,9.146141972850586,-0.016284752497827303,-35286.92328367372
1.6293333333333332e-06,9.170580308459256,-0.0163317504981561,-35210.07720951897
1.6306666666666665e-06,9.195229705039367,-0.016378645900082173,-35133.02567958759
1.632e-06,9.2200613439215,-0.01642543843677302,-35055.77935667884
1.6333333333333333e-06,9.244983217874184,-0.016472127847730538,-34978.33707959419
1.6346666666666666e-06,9.26991418313746,-0.016518713867993275,-34900.693314514596
1.6359999999999999e-06,9.294802299551097,-0.016565196220041475,-34822.83475778494
1.6373333333333332e-06,9.319594573144522,-0.016611574608514056,-34744.74795109222
1.6386666666666667e-06,9.344235338944085,-0.016657848720153842,-34666.41950857368
1.64e-06,9.368690232577364,-0.016704018227573607,-34587.84162107088
1.6413333333333333e-06,9.392980566600514,-0.01675008280346135,-34509.02221054634
1.6426666666666666e-06,9.417139171923944,-0.01679604213348416,-34429.97282367015
1.6439999999999998e-06,9.44121450845546,-0.01684189592257798,-34350.71081705933
1.6453333333333333e-06,9.465259059923595,-0.016887643898810655,-34271.25353194788
1.6466666666666666e-06,9.489328815917423,-0.016933285813244506,-34191.618118830156
1.648e-06,9.513454851747493,-0.01697882143435037,-34111.81353997412
1.6493333333333332e-06,9.537602337359376,-0.017024250527191236,-34031.82572132574
1.6506666666666665e-06,9.561732767713565,-0.017069572834850232,-33951.63576716952
1.652e-06,9.585812966588716,-0.01711478807026042,-33871.21734810265
1.6533333333333333e-06,9.609802524801005,-0.017159895911248044,-33790.54413333533
1.6546666666666666e-06,9.633653085746394,-0.01720489600068126,-33709.59001649269
1.656e-06,9.657358039680421,-0.017249787953377282,-33628.33902754391
1.6573333333333332e-06,9.681024664720445,-0.017294571381964528,-33546.803853325175
1.6586666666666667e-06,9.704773541161256,-0.017339245920561255,-33465.0040417578
1.66e-06,9.72873478360912,-0.017383811236725936,-33382.97020526391
1.6613333333333333e-06,9.753047481981236,-0.017428267038898437,-33300.73305349358
1.6626666666666666e-06,9.777859904110242,-0.017472613076304384,-33218.323055426124
1.6639999999999999e-06,9.80322906697345,-0.0175168491321512,-33135.760714798766
1.6653333333333334e-06,9.82897394363596,-0.01756097499815014,-33053.038283597976
1.6666666666666667e-06,9.854861894211028,-0.017604990452084565,-32970.14261804124
1.668e-06,9.88059100780091,-0.01764889524884282,-32887.05251934414
1.6693333333333332e-06,9.905838800115982,-0.017692689115082805,-32803.746840639185
1.6706666666666665e-06,9.930264176758108,-0.017736371749469612,-32720.204739571876
1.6719999999999998e-06,9.953650741410309,-0.017779942828583514,-32636.413931282033
1.6733333333333333e-06,9.976117754483358,-0.017823402028741872,-32552.38630624381
1.6746666666666666e-06,9.997850836588826,-0.01786674904523024,-32468.138426313413
1.676e-06,10.019124804507491,-0.017909983600025922,-32383.69376721079
1.6773333333333332e-06,10.040237860895274,-0.017953105446444448,-32299.075860581033
1.6786666666666665e-06,10.0615087411489,-0.017996114369070244,-32214.30807811373
1.68e-06,10.083175535106639,-0.018039010179255483,-32129.4071997366
1.6813333333333333e-06,10.105245671748142,-0.01808179269816497,-32044.371164497454
1.6826666666666666e-06,10.127696709640901,-0.01812446174040804,-31959.192200103844
1.6839999999999999e-06,10.150473916977292,-0.018167017103682636,-31873.852711797164
1.6853333333333332e-06,10.173511960284044,-0.01820945856207039,-31788.33486983565
1.6866666666666667e-06,10.196735886601761,-0.018251785865927357,-31702.62091560801
1.688e-06,10.220084556233752,-0.01829399874413227,-31616.696391757272
1.6893333333333333e-06,10.243545627201378,-0.01833609691261574,-31530.55633345039
1.6906666666666666e-06,10.267093504084459,-0.018378080081777777,-31444.197409607284
1.6919999999999999e-06,10.290667499770093,-0.018419947959140884,-31357.61863505581
1.6933333333333334e-06,10.314208057645587,-0.018461700250881247,-31270.818975482103
1.6946666666666666e-06,10.337658558513226,-0.018503336661711264,-31183.797269540395
1.696e-06,10.360965781449329,-0.018544856893528062,-31096.550455660054
1.6973333333333332e-06,10.384080647225362,-0.01858626064060035,-31009.07015277722
1.6986666666666665e-06,10.406970463541024,-0.018627547587233454,-30921.34979687499
1.7e-06,10.42963866763558,-0.01866871741202455,-30833.387389765314
1.7013333333333333e-06,10.452088120818276,-0.018709769791102428,-30745.181227053254
1.7026666666666666e-06,10.474319164019299,-0.018750704398425636,-30656.72975775387
1.704e-06,10.49635020708687,-0.018791520907843084,-30568.034368422537
1.7053333333333332e-06,10.51824880205853,-0.01883221900061286,-30479.104786243428
1.7066666666666667e-06,10.540090654865375,-0.018872798371535094,-30389.951597097803
1.708e-06,10.561960169216228,-0.018913258730017746,-30300.586126885053
1.7093333333333333e-06,10.58394621409686,-0.018953599800550863,-30211.01967279451
1.7106666666666666e-06,10.60614204362455,-0.01899382132265177,-30121.263478569817
1.7119999999999999e-06,10.628597788186735,-0.019033923050068718,-30031.327646849502
1.7133333333333332e-06,10.651248199919912,-0.019073904747842884,-29941.219014403356
1.7146666666666667e-06,10.674024975171456,-0.019113766188505518,-29850.94197953993
1.716e-06,10.696880903671815,-0.019153507147260898,-29760.496153536704
1.7173333333333333e-06,10.719753783981764,-0.01919312739862554,-29669.880893427136
1.7186666666666665e-06,10.742564415787633,-0.01923262671619039,-29579.095453851605
1.7199999999999998e-06,10.765275953800348,-0.019272004871289557,-29488.13719489772
1.7213333333333333e-06,10.78798469779556,-0.019311261628126453,-29396.998060435253
1.7226666666666666e-06,10.810757312195495,-0.01935039674156424,-29305.672096243245
1.724e-06,10.83356685045606,-0.019389409962016962,-29214.15858284421
1.7253333333333332e-06,10.856399494337355,-0.019428301039182874,-29122.45716602334
1.7266666666666665e-06,10.87926039894481,-0.019467069722421303,-29030.567691620927
1.728e-06,10.902119091147235,-0.01950571576293426,-28938.493077806565
1.7293333333333333e-06,10.924825418239639,-0.01954423892164949,-28846.24499504769
1.7306666666666666e-06,10.947230086996253,-0.019582638973937427,-28753.833436858004
1.7319999999999999e-06,10.969199193234054,-0.01962091570527063,-28661.26356294755
1.7333333333333332e-06,10.990596842180398,-0.019659068907776477,-28568.54019582786
1.7346666666666667e-06,11.011283921361342,-0.019697098379890473,-28475.667975155367
1.736e-06,11.031173875892508,-0.01973500392407364,-28382.648299602082
1.7373333333333333e-06,11.050319264316494,-0.01977278533843425,-28289.47324131096
1.7386666666666666e-06,11.068811465159559,-0.019810442408999464,-28196.132606513354
1.7399999999999999e-06,11.086802101413186,-0.019847974905794933,-28102.612586694533
1.7413333333333334e-06,11.10445426049612,-0.019885382580332553,-28008.899219726143
1.7426666666666667e-06,11.121940011212498,-0.019922665165484757,-27914.978508583383
1.744e-06,11.13940116833677,-0.019959822375534716,-27820.836566356153
1.7453333333333332e-06,11.156887991908901,-0.019996853906517502,-27726.45990782124
1.7466666666666665e-06,11.174475277572895,-0.020033759441193854,-27631.842106712367
1.7479999999999998e-06,11.192316579540092,-0.020070538663968695,-27536.992055544903
1.7493333333333333e-06,11.21055368759218,-0.02010719127170737,-27441.919552462274
1.7506666666666666e-06,11.229311780066324,-0.020143716974607182,-27346.634797263538
1.752e-06,11.24868064553701,-0.02018011550043938,-27251.153951029264
1.7533333333333332e-06,11.268685089501135,-0.0202163866099649,-27155.510337255215
1.7546666666666665e-06,11.289263846747394,-0.020252530102714345,-27059.728786914162
1.756e-06,11.310176517148113,-0.02028854579732189,-26963.813124396107
1.7573333333333333e-06,11.331174572741373,-0.02032443351660202,-26867.765795796087
1.7586666666666666e-06,11.352010620396316,-0.020360193086174903,-26771.588563529334
1.7599999999999999e-06,11.37248342667221,-0.0203958243285276,-26675.274965518067
1.7613333333333332e-06,11.392509253543546,-0.020431327041855744,-26578.795026700278
1.7626666666666667e-06,11.412058070899295,-0.020466700990516735,-26482.127964776868
1.764e-06,11.431200127515961,-0.02050194592696869,-26385.276713157873
1.7653333333333333e-06,11.450013748425965,-0.020537061608550313,-26288.245659280274
1.7666666666666666e-06,11.468580263981933,-0.020572047798889034,-26191.039848806227
1.7679999999999998e-06,11.486971559306188,-0.020606904270714755,-26093.667889769946
1.7693333333333333e-06,11.505230179584878,-0.020641630814559195,-25996.147876884443
1.7706666666666666e-06,11.523381999925228,-0.02067622723967263,-25898.489793272667
1.772e-06,11.54141505351438,-0.020710693355479027,-25800.68391632685
1.7733333333333332e-06,11.55931998002472,-0.020745028957864457,-25702.719661816758
1.7746666666666665e-06,11.577092321375513,-0.020779233828481573,-25604.586263855243
1.776e-06,11.594727624802777,-0.020813307736853557,-25506.27629411742
1.7773333333333333e-06,11.61221362372917,-0.020847250449640968,-25407.792887001568
1.7786666666666666e-06,11.629565131326297,-0.02088106174028329,-25309.143076480985
1.78e-06,11.646863207096354,-0.02091474139658958,-25210.341382955892
1.7813333333333332e-06,11.66418626611651,-0.020948289225742364,-25111.402346216877
1.7826666666666667e-06,11.681606230207317,-0.02098170505414238,-25012.340253805905
1.784e-06,11.699183477501183,-0.021014988722664187,-24913.16252890221
1.7853333333333333e-06,11.71695862636585,-0.021048140068398082,-24813.856071943912
1.7866666666666666e-06,11.734911701251303,-0.021081158908529376,-24714.404124995584
1.7879999999999999e-06,11.752879912563035,-0.02111404503440522,-24614.784688771648
1.7893333333333332e-06,11.770704730863978,-0.02114679820801707,-24514.97572900169
1.7906666666666667e-06,11.788240158194872,-0.02117941816208091,-24414.95536675338
1.792e-06,11.805352078465852,-0.02121190460391719,-24314.7073876741
1.7933333333333332e-06,11.821917401578357,-0.021244257230638174,-24214.232693802147
1.7946666666666665e-06,11.837889648576622,-0.021276475744690687,-24113.538384969044
1.7959999999999998e-06,11.853403077508847,-0.021308559865610744,-24012.64299511958
1.7973333333333333e-06,11.868587847406838,-0.021340509337931184,-23911.565485533774
1.7986666666666666e-06,11.883559355747936,-0.02137232393147875,-23810.324835819276
1.8e-06,11.898438791999032,-0.021404003438757868,-23708.936082858716
1.8013333333333332e-06,11.913386517922467,-0.02143554766417049,-23607.402036074738
1.8026666666666665e-06,11.928523266454631,-0.021466956414153977,-23505.722939156316
1.804e-06,11.94387169715714,-0.02149822949268889,-23403.894863207704
1.8053333333333333e-06,11.959456294749675,-0.021529366698567073,-23301.91395406861
1.8066666666666666e-06,11.975309349122176,-0.021560367825597688,-23199.77659185076
1.8079999999999999e-06,11.99144370334332,-0.02159123266454115,-23097.48182334092
1.8093333333333332e-06,12.007807994503805,-0.02162196101007704,-22995.03648049905
1.8106666666666667e-06,12.024355729443199,-0.02165255266344018,-22892.443564212655
1.812e-06,12.041064102059313,-0.021683007423285508,-22789.696203777632
1.8133333333333333e-06,12.05790606260177,-0.021713325078692787,-22686.78690713476
1.8146666666666666e-06,12.074848606863618,-0.02174350540857232,-22583.7079121761
1.8159999999999999e-06,12.091861686911544,-0.02177354818177683,-22480.45189458557
1.8173333333333334e-06,12.108932954717512,-0.02180345315868473,-22377.013467255743
1.8186666666666666e-06,12.1260331788213,-0.021833220096653692,-22273.393486193956
1.82e-06,12.143090637011806,-0.021862848763587205,-22169.60691407926
1.8213333333333332e-06,12.160034180392245,-0.021892338947743343,-22065.66932012311
1.8226666666666665e-06,12.176795727326013,-0.021921690458198157,-21961.596362097145
1.824e-06,12.19332499523826,-0.02195090312513549,-21857.40404389613
1.8253333333333333e-06,12.209614051127863,-0.02197997680067333,-21753.109262873902
1.8266666666666666e-06,12.225671404674328,-0.02200891135559392,-21648.723118007652
1.828e-06,12.241531172261437,-0.02203770666658924,-21544.243374975722
1.8293333333333332e-06,12.257234065994645,-0.02206636260683423,-21439.66699251173
1.8306666666666665e-06,12.27282628927913,-0.022094879045234998,-21334.99060864709
1.832e-06,12.28834465126579,-0.022123255842558684,-21230.205376874095
1.8333333333333333e-06,12.30379163876811,-0.022151492836742826,-21125.285899347124
1.8346666666666666e-06,12.319185366955239,-0.022179589836626653,-21020.213926391716
1.8359999999999999e-06,12.334589704218006,-0.022207546639276786,-20914.990048803946
1.8373333333333332e-06,12.35006480065793,-0.022235363043456368,-20809.61622057425
1.8386666666666667e-06,12.365664143590239,-0.022263038850985527,-20704.095073162807
1.84e-06,12.381432867805659,-0.022290573870743097,-20598.434563193063
1.8413333333333333e-06,12.397404851279882,-0.02231796793244827,-20492.65799457339
1.8426666666666665e-06,12.413572205961861,-0.02234522089114738,-20386.780054094572
1.8439999999999998e-06,12.429827962684305,-0.022372332606452168,-20280.792903091504
1.8453333333333333e-06,12.44606602109389,-0.02239930292669563,-20174.68746209495
1.8466666666666666e-06,12.46218712085899,-0.022426131687839336,-20068.454253469732
1.848e-06,12.47808408144172,-0.022452818713628996,-19962.08443102325
1.8493333333333332e-06,12.493616952172395,-0.022479363817926326,-19855.572014973335
1.8506666666666665e-06,12.508697453104588,-0.02250576681016234,-19748.916339043422
1.852e-06,12.523378667649608,-0.022532027507028308,-19642.128959898942
1.8533333333333333e-06,12.537702209852696,-0.022558145740859254,-19535.221786518025
1.8546666666666666e-06,12.551688833130704,-0.02258412135978749,-19428.206605836276
1.8559999999999999e-06,12.56538149862295,-0.022609954224674433,-19321.090724581194
1.8573333333333332e-06,12.578918678540656,-0.022635644196794064,-19213.86745487237
1.8586666666666667e-06,12.592387073870988,-0.022661191127287712,-19106.52828559545
1.86e-06,12.605728442059686,-0.022686594854560843,-18999.062624110225
1.8613333333333333e-06,12.618892240687414,-0.02271185520296972,-18891.459989206738
1.8626666666666666e-06,12.631845194268712,-0.022736971983028424,-18783.710098846048
1.8639999999999999e-06,12.644564435388737,-0.02276194499397732,-18675.806324494486
1.8653333333333334e-06,12.657025747615872,-0.02278677403371285,-18567.753278793676
1.8666666666666667e-06,12.669245235233953,-0.022811458907922313,-18459.55803540403
1.868e-06,12.681325138992175,-0.022835999434290054,-18351.231516209366
1.8693333333333332e-06,12.693376450716306,-0.02286039544516513,-18242.784796408476
1.8706666666666665e-06,12.70551417742479,-0.022884646787665632,-18134.22895434856
1.8719999999999998e-06,12.717837927259241,-0.022908753321950817,-18025.572473430846
1.8733333333333333e-06,12.730398290533772,-0.022932714913933342,-17916.815500351582
1.8746666666666666e-06,12.74323327542258,-0.022956531427225126,-17807.95443731967
1.876e-06,12.756358021701667,-0.022980202715654797,-17698.97820718693
1.8773333333333332e-06,12.769786693009532,-0.023003728618093057,-17589.87545020696
1.8786666666666665e-06,12.783533837658396,-0.023027108958273042,-17480.63481977227
1.88e-06,12.797578232381916,-0.02305034354765304,-17371.24925021814
1.8813333333333333e-06,12.811800133297414,-0.023073432197450505,-17261.72544599128
1.8826666666666666e-06,12.826051068567338,-0.023096374729212936,-17152.072197657784
1.8839999999999999e-06,12.840138962366867,-0.02311917097809676,-17042.301128084884
1.8853333333333332e-06,12.85386056086562,-0.023141820794650908,-16932.423703139586
1.8866666666666667e-06,12.867003150123418,-0.023164324044525002,-16822.451107992925
1.888e-06,12.879412138586515,-0.023186680604782,-16712.389277506933
1.8893333333333333e-06,12.891109419180143,-0.02320889034948694,-16602.227779894936
1.8906666666666666e-06,12.902169011385949,-0.0232309531395549,-16491.95732204881
1.8919999999999998e-06,12.912758622768017,-0.02325286882711364,-16381.574016063762
1.8933333333333333e-06,12.923054311778111,-0.023274637259458726,-16271.074501561161
1.8946666666666666e-06,12.933235285482443,-0.023296258279619907,-16160.45574020232
1.896e-06,12.943447743985717,-0.023317731728258132,-16049.717217131596
1.8973333333333332e-06,12.953741060010248,-0.023339057450333062,-15938.865895261732
1.8986666666666665e-06,12.964122112563054,-0.023360235298868662,-15827.906908139492
1.9e-06,12.97451044741474,-0.02338126512987351,-15716.839599126006
1.9013333333333333e-06,12.984822636798567,-0.023402146798291355,-15605.663027645254
1.9026666666666666e-06,12.994977634540035,-0.023422880157778294,-15494.376202759944
1.904e-06,13.00491254775971,-0.023443465060877522,-15382.978446078045
1.9053333333333332e-06,13.014610657766402,-0.023463901359984014,-15271.470213667271
1.9066666666666667e-06,13.02410357790526,-0.023484188908490976,-15159.852546770197
1.9079999999999998e-06,13.033536762100141,-0.02350432756202512,-15048.127754444307
1.909333333333333e-06,13.043055017515172,-0.023524317179297698,-14936.29815441926
1.9106666666666668e-06,13.052795238388166,-0.023544157622080078,-14824.366019141264
1.912e-06,13.062859614034181,-0.02356384875491908,-14712.333239365871
1.9133333333333334e-06,13.073267723997697,-0.02358339044411725,-14600.200557894925
1.9146666666666667e-06,13.083962865569976,-0.02360278255804845,-14487.970338910789
1.916e-06,13.09471732837929,-0.023622024970947647,-14375.649009887064
1.9173333333333332e-06,13.105298471332778,-0.02364111756579839,-14263.243266228652
1.9186666666666665e-06,13.11547936861657,-0.023660060234580758,-14150.759907327209
1.92e-06,13.125096015906115,-0.023678852879765858,-14038.207870322567
1.921333333333333e-06,13.134150084056095,-0.023697495420272652,-13925.602889873462
1.9226666666666664e-06,13.142720883991245,-0.02371598779555978,-13812.960040825188
1.924e-06,13.151035716928948,-0.023734329963355786,-13700.29165316866
1.9253333333333334e-06,13.159338598468754,-0.023752521897652434,-13587.609791809338
1.9266666666666667e-06,13.16788186808063,-0.02377056358842414,-13474.926365744694
1.928e-06,13.176854553062972,-0.02378845503706724,-13362.246598910702
1.9293333333333333e-06,13.186252962376795,-0.023806196237451432,-13249.553977377134
1.9306666666666666e-06,13.196033299558788,-0.023823787157210563,-13136.825661323393
1.932e-06,13.2060985020759,-0.02384122772586663,-13024.02732278425
1.933333333333333e-06,13.216336472289498,-0.023858517826911722,-12911.124244855107
1.9346666666666665e-06,13.22662243614926,-0.023875657297614053,-12798.081808637533
1.9359999999999998e-06,13.236857436864488,-0.02389264593513306,-12684.874469862922
1.937333333333333e-06,13.247038311302335,-0.023909483522500784,-12571.50658173375
1.9386666666666668e-06,13.257159363200794,-0.023926169854911437,-12457.992034237262
1.94e-06,13.267190562519056,-0.023942704758065064,-12344.362696209662
1.9413333333333334e-06,13.27710518657566,-0.02395908810053639,-12230.651010783587
1.9426666666666666e-06,13.286881672866015,-0.023975319794025212,-12116.889222445423
1.944e-06,13.29649281761105,-0.02399139978828049,-12003.102160476672
1.9453333333333332e-06,13.305886092572651,-0.024007328049985937,-11889.290397691191
1.9466666666666665e-06,13.3150205764508,-0.024023104541646818,-11775.447093624778
1.948e-06,13.323890405673197,-0.024038729207521058,-11661.551717733206
1.949333333333333e-06,13.332487924274547,-0.02405420196414486,-11547.583217973728
1.9506666666666664e-06,13.340801164454053,-0.024069522700031046,-11433.520611305843
1.952e-06,13.348830469823406,-0.024084691277946744,-11319.346262228175
1.9533333333333334e-06,13.356619004289005,-0.02409970754450882,-11205.05358088386
1.9546666666666667e-06,13.3641998302703,-0.024114571341311675,-11090.641623392796
1.956e-06,13.371567178400808,-0.024129282516525366,-10976.121197151471
1.9573333333333333e-06,13.378720611071678,-0.024143840933135284,-10861.503717724027
1.9586666666666666e-06,13.385668064432327,-0.024158246469416264,-10746.800703743664
1.96e-06,13.392418533036592,-0.024172499017654572,-10632.021653719345
1.961333333333333e-06,13.398968562749472,-0.024186598478111183,-10517.169031189555
1.9626666666666665e-06,13.405351666223718,-0.02420054475296829,-10402.243254473502
1.9639999999999997e-06,13.411699164933953,-0.02421433774234327,-10287.240807996479
1.9653333333333335e-06,13.418140966046955,-0.02422797734166736,-10172.158178127642
1.9666666666666668e-06,13.424798882354285,-0.024241463441808168,-10056.992033081962
1.968e-06,13.431767915214328,-0.02425479593278767,-9941.74443617623
1.9693333333333333e-06,13.439081285887694,-0.024267974719232564,-9826.435231167416
1.9706666666666666e-06,13.446704726382306,-0.024280999732160326,-9711.084160472295
1.972e-06,13.454446264896106,-0.02429387092663083,-9595.707545290139
1.9733333333333332e-06,13.462110028575083,-0.024306588279112175,-9480.321176726591
1.9746666666666665e-06,13.469506678919766,-0.02431915178686373,-9364.940450602393
1.976e-06,13.476491202370763,-0.024331561461900495,-9249.572104544342
1.977333333333333e-06,13.483033856886781,-0.024343817306282906,-9134.19446907665
1.9786666666666664e-06,13.489179156739253,-0.024355919290831453,-9018.78235374657
1.98e-06,13.495131009960595,-0.024367867350554684,-8903.307231093451
1.9813333333333334e-06,13.501103080794234,-0.024379661382501548,-8787.740689209022
1.9826666666666667e-06,13.50730857083078,-0.024391301246021426,-8672.05459061069
1.984e-06,13.513902541588953,-0.02440278676780004,-8556.228077309517
1.9853333333333333e-06,13.520873127735008,-0.024414117762795486,-8440.264415859736
1.9866666666666666e-06,13.52814603325435,-0.0244252940549849,-8324.173868261345
1.988e-06,13.535532645410013,-0.024436315490506656,-8207.979414374697
1.989333333333333e-06,13.542829198021971,-0.024447181946508342,-8091.704588160508
1.9906666666666664e-06,13.549823483668161,-0.024457893331504575,-7975.372906188122
1.9919999999999997e-06,13.556352201137017,-0.024468449584366524,-7859.006386740461
1.9933333333333334e-06,13.562409783225883,-0.024478850669934774,-7742.621965637274
1.9946666666666667e-06,13.568028841640777,-0.024489096572017886,-7626.231159036071
1.996e-06,13.573303323990556,-0.02449918728147684,-7509.833029395589
1.9973333333333333e-06,13.57833659848919,-0.02450912278739911,-7393.425854004187
1.9986666666666666e-06,13.583237944039901,-0.02451890307642153,-7277.007679631052
2e-06,13.588093563489046,-0.024528528130425685,-7160.57332660568
2.001333333333333e-06,13.59291120289472,-0.024537997917376674,-7044.107099880027
2.0026666666666665e-06,13.597675039691287,-0.024547312385977033,-6927.5958006578885
2.0039999999999998e-06,13.602322668330292,-0.02455647147286026,-6811.034524178065
2.005333333333333e-06,13.606789937280933,-0.024565475108556695,-6694.419020467994
2.006666666666667e-06,13.611014067539234,-0.02457432321812185,-6577.745327262194
2.008e-06,13.614941756499675,-0.024583015722638227,-6461.011447298838
2.0093333333333334e-06,13.618544812734562,-0.02459155254457268,-6344.221454386664
2.0106666666666667e-06,13.621832171216083,-0.024599933611559606,-6227.3790260056385
2.012e-06,13.624909345490064,-0.0246081588545214,-6110.4854166848545
2.0133333333333333e-06,13.627879382885821,-0.024616228206012166,-5993.541819460696
2.0146666666666665e-06,13.630835867618778,-0.0246241416002119,-5876.549480140279
2.016e-06,13.633875409305137,-0.024631898974537537,-5759.512008323603
2.017333333333333e-06,13.637121502300923,-0.024639500276588313,-5642.441067845422
2.0186666666666664e-06,13.640634717967284,-0.024646945468751246,-5525.347176547899
2.0199999999999997e-06,13.64429363350096,-0.02465423452453472,-5408.236498668062
2.0213333333333334e-06,13.647985918813466,-0.0246613674253478,-5291.114720941428
2.0226666666666667e-06,13.651622118440978,-0.024668344159989978,-5173.987242334886
2.024e-06,13.655103502365918,-0.0246751647219565,-5056.8557074513155
2.0253333333333333e-06,13.658259964579265,-0.024681829098707884,-4939.709419626576
2.0266666666666666e-06,13.660986251351348,-0.024688337263563644,-4822.537864021723
2.028e-06,13.663363524699704,-0.02469468917785612,-4705.33357469541
2.029333333333333e-06,13.665469391246065,-0.024700884793142114,-4588.08935429337
2.0306666666666665e-06,13.667363943381387,-0.02470692405146915,-4470.7981362555465
2.0319999999999998e-06,13.669121194139246,-0.02471280688750566,-4353.455918506142
2.033333333333333e-06,13.670890316893068,-0.02471853323750085,-4236.069074284042
2.0346666666666668e-06,13.672805264646273,-0.024724103047590845,-4118.646060714604
2.036e-06,13.67495031785733,-0.02472951627730838,-4001.1985155890666
2.0373333333333334e-06,13.677408458385223,-0.024734772901766174,-3883.738171098869
2.0386666666666667e-06,13.680265121945522,-0.024739872911680925,-3766.276701021024
2.04e-06,13.683565925024677,-0.024744816310468817,-3648.821480818971
2.0413333333333332e-06,13.687233569218943,-0.024749603101428777,-3531.364959125423
2.0426666666666665e-06,13.69116279881958,-0.024754233275517463,-3413.896173904674
2.044e-06,13.695212570296542,-0.024758706805216617,-3296.398374830337
2.045333333333333e-06,13.699229247504359,-0.024763023640603333,-3178.854705244511
2.0466666666666664e-06,13.703048131356232,-0.024767183709397508,-3061.248486021034
2.0479999999999997e-06,13.706554568341403,-0.02477118692053016,-2943.5682129630677
2.0493333333333334e-06,13.709804776683866,-0.024775033179445165,-2825.8201595417063
2.0506666666666667e-06,13.712854011217642,-0.024778722402289302,-2708.0141066655233
2.052e-06,13.715700314335157,-0.024782254521817034,-2590.165184936093
2.0533333333333333e-06,13.718359458755561,-0.024785629491032347,-2472.2886380306763
2.0546666666666666e-06,13.720870636837112,-0.0247888472831633,-2354.3995583959195
2.056e-06,13.723248157302969,-0.02479190788961938,-2236.5101257257124
2.057333333333333e-06,13.725385502000936,-0.02479481131143726,-2118.622601094863
2.0586666666666665e-06,13.72722261715512,-0.024797557552653175,-2000.7392227794655
2.0599999999999998e-06,13.728853448665507,-0.024800146621624407,-1882.8642340688416
2.061333333333333e-06,13.73036560336933,-0.024802578532542738,-1765.0021434280172
2.0626666666666668e-06,13.73182826738627,-0.02480485330572885,-1647.15763574272
2.064e-06,13.733306390551926,-0.024806970968634774,-1529.3367231407592
2.0653333333333334e-06,13.734888902139204,-0.02480893155957081,-1411.549680906672
2.0666666666666666e-06,13.736612424936506,-0.024810735127592753,-1293.8023520068443
2.068e-06,13.738374452604006,-0.024812381721302186,-1176.0882121479287
2.0693333333333332e-06,13.74006885031802,-0.024813871380013904,-1058.3998554260083
2.0706666666666665e-06,13.741596086578342,-0.024815204132974833,-940.7295859721626
2.072e-06,13.74287315657648,-0.024816379997673978,-823.067462752489
2.073333333333333e-06,13.743853681902603,-0.024817398973504268,-705.3962826854621
2.0746666666666664e-06,13.744536126488196,-0.02481826103884651,-587.701730680056
2.076e-06,13.745028690201847,-0.02481896615912662,-469.97868947860377
2.0773333333333334e-06,13.745443047373154,-0.024819514293353665,-352.22265109145513
2.0786666666666667e-06,13.745886353263963,-0.024819905394634037,-234.42926945903932
2.08e-06,13.746448086880086,-0.02482013941182754,-116.5965207960516
2.0813333333333333e-06,13.747173227707744,-0.02482021629636258,1.2697182375974516
2.0826666666666666e-06,13.748046452569694,-0.02482013600855545,119.16199245364405
2.084e-06,13.748895254833698,-0.02481989852020148,237.0705385025113
2.085333333333333e-06,13.74954774163926,-0.02481950381619967,354.9854642149412
2.0866666666666665e-06,13.749844593715345,-0.0248189518946486,472.8968623879588
2.0879999999999997e-06,13.749654711189335,-0.024818242767016108,590.7945863455428
2.089333333333333e-06,13.748907370938738,-0.02481737645884648,708.6676681021809
2.0906666666666668e-06,13.74761635598951,-0.02481635300901443,826.5070799669112
2.092e-06,13.74600749004722,-0.024815172464965632,944.3089932346093
2.0933333333333333e-06,13.744311739093927,-0.024813834878980433,1062.0699845645204
2.0946666666666666e-06,13.742749364382101,-0.024812340307802723,1179.786782002451
2.096e-06,13.741494461292149,-0.024810688810807995,1297.458710090168
2.0973333333333332e-06,13.74060201957319,-0.0248088804422829,1415.0940775466945
2.0986666666666665e-06,13.740043363184341,-0.024806915245569914,1532.7009919365412
2.1e-06,13.739602497955383,-0.024804793254878513,1650.2850451635707
2.101333333333333e-06,13.739049974007537,-0.024802514497148802,1767.8515494044652
2.1026666666666664e-06,13.73815623540094,-0.024800078992344477,1885.4056570768723
2.104e-06,13.73674658314701,-0.024797486754432368,2002.9512110910548
2.1053333333333334e-06,13.734814694940766,-0.02479473779514318,2120.4877226807175
2.1066666666666667e-06,13.732428123403276,-0.024791832127073872,2238.0143812882425
2.108e-06,13.729807699102599,-0.02478876976373332,2355.5306295399455
2.1093333333333333e-06,13.727187175786485,-0.0247855507193866,2473.035890535624
2.1106666666666666e-06,13.72480248724337,-0.02478217500909072,2590.5295532771975
2.112e-06,13.722838523839433,-0.024778642649876812,2708.0092675829223
2.113333333333333e-06,13.72131848414755,-0.024774953666073827,2825.4664369004395
2.1146666666666664e-06,13.720184016759868,-0.024771108093963802,2942.8917281421277
2.1159999999999997e-06,13.719192801592108,-0.024767105982680886,3060.2751962304005
2.1173333333333334e-06,13.718094545080511,-0.02476294739456741,3177.606973980962
2.1186666666666667e-06,13.716644619884496,-0.024758632405045423,3294.8773089910783
2.12e-06,13.714639059059143,-0.02475416110040321,3412.079654329854
2.1213333333333333e-06,13.71198794842932,-0.02474953356804218,3529.2188872167962
2.1226666666666666e-06,13.708703348274698,-0.024744749885562755,3646.304831915869
2.124e-06,13.705054159139364,-0.024739810110472465,3763.357803522264
2.125333333333333e-06,13.701312914660361,-0.0247347142727621,3880.3987620173975
2.1266666666666665e-06,13.697735847480816,-0.02472946237440462,3997.448774202718
2.1279999999999998e-06,13.69454488950251,-0.024724054390787696,4114.526651180581
2.129333333333333e-06,13.691889400934416,-0.024718490277935705,4231.642626803189
2.1306666666666664e-06,13.689807289025612,-0.02471276998496046,4348.7968360646855
2.132e-06,13.688047541682385,-0.0247068934774713,4465.964397680014
2.1333333333333334e-06,13.686353792983049,-0.024700860755357153,4583.11877353835
2.1346666666666667e-06,13.684486947464523,-0.0246946718541358,4700.233058488735
2.136e-06,13.68224065652022,-0.024688326845312435,4817.28017655657
2.1373333333333333e-06,13.679474409266,-0.024681825836253266,4934.233412198195
2.1386666666666665e-06,13.676136278457854,-0.024675168962330574,5051.077471838466
2.14e-06,13.672393973225448,-0.02466835635883621,5167.827769701086
2.141333333333333e-06,13.668425218983533,-0.02466138813912307,5284.501800008834
2.1426666666666664e-06,13.66440087920066,-0.024654264392895153,5401.117541872546
2.1439999999999997e-06,13.660450245603,-0.024646985185028888,5517.694257522185
2.1453333333333334e-06,13.656587147106746,-0.024639550552424106,5634.254649642303
2.1466666666666667e-06,13.652755980102777,-0.02463196050795011,5750.8120613564015
2.148e-06,13.648747320959636,-0.024624215064234668,5867.353511806652
2.1493333333333333e-06,13.644339270679765,-0.02461631425236513,5983.86429249384
2.1506666666666666e-06,13.639308734529898,-0.024608258123270308,6100.329349741696
2.152e-06,13.633498233218427,-0.024600046747313833,6216.734584975202
2.153333333333333e-06,13.626958795493863,-0.024591680210659946,6333.070395860072
2.1546666666666665e-06,13.619816431971383,-0.02458315860674818,6449.335471789619
2.1559999999999998e-06,13.612339064959855,-0.024574482016311915,6565.550182603884
2.157333333333333e-06,13.604813479946884,-0.02456565049205834,6681.736197757859
2.1586666666666668e-06,13.597535573637273,-0.024556664057705183,6797.915331971084
2.16e-06,13.59074433956568,-0.02454752271085658,6914.104940941773
2.1613333333333334e-06,13.58447972233224,-0.024538226437354597,7030.305312030347
2.1626666666666667e-06,13.57873329709292,-0.024528775228182077,7146.508446754926
2.164e-06,13.573420418010413,-0.02451916909747543,7262.687613223583
2.1653333333333332e-06,13.568442800709375,-0.024509408095640034,7378.815139866243
2.1666666666666665e-06,13.563693550197303,-0.024499492309925867,7494.863431383349
2.168e-06,13.559073751336072,-0.024489421859538053,7610.812150338099
2.169333333333333e-06,13.554528512830753,-0.02447919687277215,7726.667998518266
2.1706666666666664e-06,13.550013036948037,-0.024468817464819125,7842.44393102349
2.1719999999999997e-06,13.545509185134192,-0.024458283726393627,7958.163707219274
2.1733333333333334e-06,13.540994717201372,-0.02444759571635683,8073.851347973082
2.1746666666666667e-06,13.536440706702587,-0.024436753461771925,8189.5305293906595
2.176e-06,13.531819682237371,-0.024425756963180553,8305.217357660322
2.1773333333333333e-06,13.527123288559425,-0.02441460621804131,8420.900351209277
2.1786666666666666e-06,13.522313920617798,-0.024403301242026477,8536.56367104094
2.18e-06,13.517262713109876,-0.02439184207536989,8652.186313849714
2.181333333333333e-06,13.511842667470122,-0.02438022878634025,8767.747230606603
2.1826666666666665e-06,13.505936367526331,-0.024368461471104563,8883.225622929203
2.1839999999999998e-06,13.499461716077095,-0.02435654025053216,8998.605235678133
2.185333333333333e-06,13.492428338809411,-0.0243444652561617,9113.886320009287
2.1866666666666668e-06,13.48491353679441,-0.024332236616710787,9229.072856342595
2.188e-06,13.47715146189733,-0.024319854451551926,9344.174881952133
2.1893333333333334e-06,13.46938849704537,-0.02430731886646593,9459.2027470319
2.1906666666666666e-06,13.461871305188822,-0.024294629953448835,9574.16677862099
2.192e-06,13.454791917686546,-0.02428178779191341,9689.075524520546
2.1933333333333332e-06,13.448166662254996,-0.024268792454343727,9803.930829996889
2.1946666666666665e-06,13.441939802254323,-0.024255644012664893,9918.731688249887
2.196e-06,13.435907191244032,-0.024242342544293135,10033.470869389594
2.197333333333333e-06,13.429849932932521,-0.0242288881365263,10148.140780856602
2.1986666666666664e-06,13.42354550051345,-0.024215280886796614,10262.733813678973
2.2e-06,13.416813949304274,-0.02420152090236001,10377.242841220825
2.2013333333333334e-06,13.409620460310334,-0.024187608298715205,10491.662625993702
2.2026666666666667e-06,13.401977603695405,-0.024173543197321838,10605.989464062348
2.204e-06,13.393987682994487,-0.02415932572205159,10720.223441311622
2.2053333333333333e-06,13.385763700772925,-0.024144955996495573,10834.364892713427
2.2066666666666666e-06,13.377422703151012,-0.02413043414377292,10948.414191263408
2.208e-06,13.369049525875123,-0.02411576028472572,11062.374379532805
2.209333333333333e-06,13.3606160147815,-0.024100934529385446,11176.258630877881
2.2106666666666665e-06,13.352072035434253,-0.024085956971259887,11290.078557456056
2.2119999999999997e-06,13.34334436455304,-0.024070827692833634,11403.839081929133
2.213333333333333e-06,13.33434944883427,-0.024055546770543276,11517.544353614063
2.2146666666666668e-06,13.324994394644008,-0.024040114275570956,11631.198104861402
2.216e-06,13.315230775487008,-0.024024530279824707,11744.795514513658
2.2173333333333333e-06,13.305175018087745,-0.024008794882813787,11858.300001866042
2.2186666666666666e-06,13.294954680856472,-0.023992908229612506,11971.679800050391
2.22e-06,13.284667792389655,-0.023976870493427914,12084.924476843902
2.2213333333333332e-06,13.274428502203897,-0.023960681859918263,12198.025787635
2.2226666666666665e-06,13.264371257424804,-0.023944342525050726,12310.976513669395
2.224e-06,13.254580537565442,-0.023927852686050403,12423.781986807553
2.225333333333333e-06,13.244932715783138,-0.023911212502625692,12536.49315026527
2.2266666666666664e-06,13.235302053009438,-0.02389442207036568,12649.15523975635
2.228e-06,13.225624616203802,-0.023877481443314537,12761.7853369453
2.2293333333333334e-06,13.21582269173266,-0.023860390654435435,12874.39798171204
2.2306666666666667e-06,13.205797930765838,-0.02384314971795467,12987.006739445183
2.232e-06,13.195490169808677,-0.02382575863661105,13099.615275981314
2.2333333333333333e-06,13.185010627453272,-0.023808217432024496,13212.191603853154
2.2346666666666666e-06,13.174476077925338,-0.02379052616790552,13324.70457460882
2.236e-06,13.163971614507638,-0.023772684941265228,13437.135385829764
2.237333333333333e-06,13.153588886615987,-0.02375469387350425,13549.46625564324
2.2386666666666664e-06,13.14342968366357,-0.02373655310951825,13661.679723359173
2.2399999999999997e-06,13.133558627876539,-0.02371826281446829,13773.762851579326
2.2413333333333334e-06,13.123895366425549,-0.023699823159618275,13885.719423434157
2.2426666666666667e-06,13.114338637932708,-0.023681234308602226,13997.557100644433
2.244e-06,13.104773650514744,-0.02366249641063891,14109.28984432838
2.2453333333333333e-06,13.095075710329645,-0.023643609596055555,14220.932030704133
2.2466666666666666e-06,13.085110353364449,-0.023624573975977368,14332.498086576741
2.248e-06,13.07479245796578,-0.023605389644455455,14443.99919629786
2.249333333333333e-06,13.064221697118278,-0.023586056689199986,14555.433686912975
2.2506666666666665e-06,13.053533841205226,-0.023566575204270874,14666.793706749944
2.2519999999999998e-06,13.042907156579947,-0.02354694530370924,14778.057135700115
2.253333333333333e-06,13.032534296847217,-0.023527167131612552,14889.201009332975
2.2546666666666664e-06,13.022620100330053,-0.023507240862700694,15000.202358454935
2.256e-06,13.013296977936557,-0.023487166699234376,15111.042841010572
2.2573333333333334e-06,13.004429818953849,-0.023466944855777338,15221.722344544756
2.2586666666666667e-06,12.99581750739358,-0.023446575542312314,15332.247852996867
2.26e-06,12.987155013718064,-0.02342605894918075,15442.641844346825
2.2613333333333333e-06,12.978117110249432,-0.02340539523617797,15552.927659826843
2.2626666666666665e-06,12.968365444923858,-0.02338458453201704,15663.128581568257
2.264e-06,12.95764272369531,-0.023363626937291472,15773.263506775702
2.265333333333333e-06,12.945991370138527,-0.023342522538840647,15883.334169467666
2.2666666666666664e-06,12.93351485026817,-0.02332127142440914,15993.337477785813
2.2679999999999997e-06,12.92038969243586,-0.023299873692048348,16103.261063408327
2.2693333333333334e-06,12.906816838557182,-0.023278329456580288,16213.092138665339
2.2706666666666667e-06,12.893017512841405,-0.02325663884978135,16322.818059744097
2.272e-06,12.879163784970402,-0.023234802017998577,16432.429614420715
2.2733333333333333e-06,12.865216531362782,-0.023212819111062953,16541.930789011305
2.2746666666666666e-06,12.851134647614378,-0.023190690272404887,16651.327198082527
2.276e-06,12.836943862023453,-0.023168415637254566,16760.625527396074
2.277333333333333e-06,12.822656638952894,-0.023145995331997085,16869.83235883132
2.2786666666666665e-06,12.808264784370785,-0.023123429474360822,16978.95409556522
2.2799999999999998e-06,12.793786385406266,-0.023100718176269373,17087.993041616613
2.281333333333333e-06,12.779375682928789,-0.023077861557115966,17196.93568849527
2.2826666666666668e-06,12.765169551797142,-0.023054859755894243,17305.76614408128
2.284e-06,12.751211244818746,-0.023031712934443074,17414.466032672288
2.2853333333333334e-06,12.737549127990034,-0.0230084212790948,17523.01698974406
2.2866666666666667e-06,12.724245940925663,-0.022984985000553553,17631.40082212845
2.288e-06,12.711338128425034,-0.02296140433077652,17739.603843428733
2.2893333333333332e-06,12.698739965995596,-0.022937679508278516,17847.629903581364
2.2906666666666665e-06,12.686363611547948,-0.022913810763269354,17955.48761016016
2.292e-06,12.674152946969624,-0.022889798308595197,18063.194401078774
2.293333333333333e-06,12.662046503507993,-0.02286564233352341,18170.768206605935
2.2946666666666664e-06,12.649973873433087,-0.022841343003447742,18278.226906894473
2.2959999999999997e-06,12.637876224964398,-0.022816900461816236,18385.585540360207
2.2973333333333334e-06,12.625755058156766,-0.022792314839546808,18492.847863771138
2.2986666666666667e-06,12.61361533029179,-0.022767586266019182,18600.012427661037
2.3e-06,12.601458239850404,-0.022742714880511265,18707.065834213914
2.3013333333333333e-06,12.589284982766605,-0.02271770084070515,18813.993874957425
2.3026666666666666e-06,12.577097133167047,-0.02269254432328039,18920.782262185203
2.304e-06,12.564886593700347,-0.022667245522371097,19027.419101757172
2.305333333333333e-06,12.552611624219129,-0.022641804641362114,19133.90241172362
2.3066666666666665e-06,12.54021898533151,-0.022616221882047125,19240.23656076275
2.3079999999999998e-06,12.527633700676411,-0.022590497429830467,19346.441764216277
2.309333333333333e-06,12.514777501221124,-0.022564631442445676,19452.539312971163
2.3106666666666668e-06,12.501570473167,-0.02253862404917292,19558.550596157103
2.312e-06,12.487961411978603,-0.022512475353126636,19664.493473263516
2.3133333333333333e-06,12.474000668812247,-0.022486185443358578,19770.371178817993
2.3146666666666666e-06,12.459750880092415,-0.022459754410786986,19876.17767857033
2.316e-06,12.445264311601013,-0.02243318236979552,19981.88380863131
2.3173333333333332e-06,12.430606083491242,-0.02240646947471362,20087.458814217058
2.3186666666666665e-06,12.415856465897884,-0.022379615920979888,20192.871786389336
2.32e-06,12.401063791749857,-0.02235262194278924,20298.095499589956
2.321333333333333e-06,12.386130914096588,-0.02232548780031157,20403.11821691433
2.3226666666666664e-06,12.370971960146068,-0.022298213761865245,20507.939452573504
2.324e-06,12.355592090869946,-0.022270800077198637,20612.58754732671
2.3253333333333334e-06,12.339985918892182,-0.02224324695691687,20717.092875328777
2.3266666666666667e-06,12.324127724608847,-0.022215554570971716,20821.486042403674
2.328e-06,12.308014866468751,-0.022187723051024708,20925.793878116332
2.3293333333333333e-06,12.291772991285336,-0.022159752503749502,21030.027034701714
2.3306666666666666e-06,12.275508714299125,-0.02213164302898743,21134.185108413276
2.332e-06,12.259229313016025,-0.022103394745978295,21238.239405282155
2.333333333333333e-06,12.24294606121612,-0.02207500781349236,21342.159323617558
2.3346666666666664e-06,12.226684265938204,-0.022046482431181756,21445.9141422909
2.3359999999999997e-06,12.21045773734909,-0.022017818837027074,21549.47708972701
2.337333333333333e-06,12.194206509517139,-0.021989017293629776,21652.838006215996
2.3386666666666668e-06,12.177891473234835,-0.021960078070667927,21755.996436547473
2.34e-06,12.16156088664615,-0.02193100142235357,21858.976034990235
2.3413333333333333e-06,12.145261728944986,-0.021901787570266916,21961.802094986833
2.3426666666666666e-06,12.129031145649346,-0.021872436702194145,22064.500014164605
2.344e-06,12.112900676345975,-0.021842948973416276,22167.093152639856
2.345333333333333e-06,12.096906498129187,-0.02181332451389597,22269.59612782012
2.3466666666666665e-06,12.08104582164369,-0.021783563438908703,22372.016353081366
2.348e-06,12.06519538519959,-0.0217536658664928,22474.34227076957
2.349333333333333e-06,12.049229212691936,-0.021723631931026267,22576.560929031813
2.3506666666666664e-06,12.033029955149662,-0.021693461784278483,22678.659192649062
2.352e-06,12.016503245057587,-0.021663155596114054,22780.623053981595
2.3533333333333334e-06,11.99961339120238,-0.02163271355710024,22882.435466738454
2.3546666666666667e-06,11.982364527151573,-0.021602135878621472,22984.08225142365
2.356e-06,11.964851345165517,-0.021571422784543354,23085.558865749288
2.3573333333333333e-06,11.947179753552895,-0.021540574504270885,23186.861542958326
2.3586666666666666e-06,11.929459173310239,-0.02150959127212493,23287.986675979228
2.36e-06,11.91177859782221,-0.021478473325825694,23388.932772874792
2.361333333333333e-06,11.894147052068007,-0.02144722089954645,23489.706645989634
2.3626666666666664e-06,11.876568501652141,-0.021415834219009323,23590.31415970693
2.3639999999999997e-06,11.859067971874108,-0.021384313505738325,23690.755746791045
2.3653333333333334e-06,11.841662182031142,-0.021352658981048617,23791.031287758185
2.3666666666666667e-06,11.824356634867009,-0.021320870866555028,23891.140452632513
2.368e-06,11.807157725444128,-0.02128894938567725,23991.08086403436
2.3693333333333333e-06,11.790102917180178,-0.021256894770268056,24090.842249754594
2.3706666666666666e-06,11.773210592510264,-0.021224707264567513,24190.416301063313
2.372e-06,11.756435221476972,-0.021192387118250368,24289.80317465679
2.373333333333333e-06,11.739728160754561,-0.02115993458026547,24389.003802689927
2.3746666666666665e-06,11.723043678964343,-0.02112734989816344,24488.019350360333
2.3759999999999998e-06,11.70634011565783,-0.021094633316256144,24586.853510580466
2.377333333333333e-06,11.689582875330908,-0.021061785067349143,24685.519849926717
2.3786666666666664e-06,11.672752913947463,-0.0210288053661817,24784.031901238195
2.38e-06,11.655876968301968,-0.020995694411683405,24882.399846191594
2.3813333333333334e-06,11.63898329136364,-0.020962452389430446,24980.633533252374
2.3826666666666667e-06,11.62209726763246,-0.020929079471946204,25078.742693112898
2.384e-06,11.605232497250014,-0.020895575820553767,25176.734395544452
2.3853333333333333e-06,11.588368196698289,-0.020861941594384394,25274.604858516068
2.3866666666666665e-06,11.571460656752697,-0.020828176959538106,25372.347410916325
2.388e-06,11.554409915744692,-0.020794282094554264,25469.95006484696
2.389333333333333e-06,11.537111167728133,-0.02076025719417775,25567.400499921456
2.3906666666666664e-06,11.519459836960518,-0.020726102469564734,25664.68641960716
2.3919999999999997e-06,11.501377957480509,-0.020691818147320663,25761.7969465009
2.3933333333333334e-06,11.482881295523947,-0.020657404464594353,25858.727142947697
2.3946666666666667e-06,11.464021205271333,-0.020622861662800286,25955.475548151306
2.396e-06,11.444920954983695,-0.020588189979499103,26052.049403627352
2.3973333333333333e-06,11.42571370892929,-0.020553389642140454,26148.45663435119
2.3986666666666666e-06,11.406536441666667,-0.02051846086753727,26244.70527042678
2.4e-06,11.38751484132581,-0.020483403861878146,26340.80321825959
2.401333333333333e-06,11.368724395439795,-0.020448218821390283,26436.75751354023
2.4026666666666665e-06,11.350202848388234,-0.020412905934986746,26532.572091763508
2.4039999999999998e-06,11.331873051147866,-0.020377465392546045,26628.24156929319
2.405333333333333e-06,11.31365982961714,-0.020341897391624772,26723.759812618013
2.4066666666666668e-06,11.295501799656028,-0.020306202138042028,26819.12056148685
2.408e-06,11.277326147471166,-0.020270379846330074,26914.317006444013
2.4093333333333334e-06,11.258984265315252,-0.0202344307413886,27009.340405769148
2.4106666666666667e-06,11.24036492566501,-0.020198355059867137,27104.18187643012
2.412e-06,11.221511960347389,-0.020162153050009644,27198.832909812416
2.4133333333333332e-06,11.202464269025938,-0.020125824971429784,27293.28495997815
2.4146666666666665e-06,11.183239304982495,-0.020089371095181156,27387.52941296777
2.416e-06,11.163863792867204,-0.0200527917028064,27481.55914916932
2.417333333333333e-06,11.144452927303258,-0.02001608708091208,27575.373692315377
2.4186666666666664e-06,11.12510231549803,-0.01997925751259941,27668.97877669041
2.4199999999999997e-06,11.105825166782473,-0.019942303261942095,27762.39720928534
2.4213333333333334e-06,11.086630924027947,-0.019905224561680604,27855.6531829362
2.4226666666666667e-06,11.0675335148136,-0.019868021612145733,27948.771119371424
2.424e-06,11.048539977095992,-0.01983069458361777,28041.771672571096
2.4253333333333333e-06,11.029620826427948,-0.019793243630182786,28134.658479909907
2.4266666666666666e-06,11.010733863682772,-0.01975566890709991,28227.42614440983
2.428e-06,10.991803475246916,-0.019717970592086725,28320.046375364986
2.429333333333333e-06,10.972754523485474,-0.01968014890160632,28412.48934524563
2.4306666666666665e-06,10.953515786615608,-0.019642204091857993,28504.725277243062
2.4319999999999998e-06,10.934020987982098,-0.019604136454707738,28596.730448143095
2.433333333333333e-06,10.914211677363802,-0.019565946296275227,28688.507200625976
2.4346666666666668e-06,10.894052908526387,-0.019527633915955894,28780.063278357087
2.436e-06,10.873583817313898,-0.01948919959717968,28871.414885964416
2.4373333333333333e-06,10.852844985217642,-0.01945064360163186,28962.57843576316
2.4386666666666666e-06,10.831870867903065,-0.019411966169387958,29053.56993009332
2.44e-06,10.810695601327373,-0.01937316752277515,29144.39998912309
2.4413333333333332e-06,10.78936808084217,-0.019334247884662082,29235.057180482763
2.4426666666666665e-06,10.767904749272434,-0.01929520749237447,29325.531250935226
2.444e-06,10.746205150033541,-0.019256046589382788,29415.82323659244
2.445333333333333e-06,10.724169822558881,-0.019216765416945,29505.935420089532
2.4466666666666664e-06,10.701712643717368,-0.019177364212950302,29595.87057195452
2.448e-06,10.678767735543284,-0.01913784320991138,29685.633986407785
2.4493333333333334e-06,10.655307999224037,-0.019098202627024493,29775.24034392843
2.4506666666666667e-06,10.631370700866166,-0.019058442667529995,29864.69889781963
2.452e-06,10.607180358305959,-0.019018563536133105,29953.998197517973
2.4533333333333333e-06,10.582971701555369,-0.018978565453986337,30043.125022634635
2.4546666666666666e-06,10.558971106057891,-0.01893844866008885,30132.065823598317
2.456e-06,10.53536594608451,-0.01889821341196502,30220.806362147996
2.457333333333333e-06,10.512222640555406,-0.01885785998739373,30309.330494790785
2.4586666666666664e-06,10.48953674384584,-0.018817388682250392,30397.62722021594
2.4599999999999997e-06,10.467132752361,-0.018776799795584338,30485.70277886531
2.461333333333333e-06,10.444818262345674,-0.01873609361718694,30573.5648172339
2.4626666666666667e-06,10.422400234050635,-0.01869527042652623,30661.221173809234
2.464e-06,10.399716088831118,-0.0186543304920857,30748.68048698571
2.4653333333333333e-06,10.376717270538665,-0.018613274068916785,30835.954266390927
2.4666666666666666e-06,10.353393646042145,-0.018572101399121244,30923.050426921905
2.468e-06,10.329808453476131,-0.01853081272260454,31009.964348134137
2.469333333333333e-06,10.306036217334734,-0.018489408286171558,31096.690301343835
2.4706666666666665e-06,10.282156141926963,-0.01844788834441572,31183.222332415644
2.472e-06,10.258225324204682,-0.01840625316059537,31269.553398107062
2.473333333333333e-06,10.234206654219511,-0.018364503010060092,31355.672404810957
2.4746666666666664e-06,10.210056139067568,-0.01832263818169045,31441.570149658604
2.476e-06,10.185754627613177,-0.018280658971517295,31527.24511005234
2.4773333333333334e-06,10.161273897193281,-0.018238565677175793,31612.696402205598
2.4786666666666667e-06,10.13657293298721,-0.018196358597419013,31697.92323296424
2.48e-06,10.111633549323608,-0.01815403803175873,31782.92525746818
2.4813333333333333e-06,10.086556580991394,-0.018111604279045276,31867.70381270821
2.4826666666666666e-06,10.061434482313867,-0.01806905763570193,31952.261202305774
2.484e-06,10.036277340965515,-0.018026398393526964,32036.602060149162
2.485333333333333e-06,10.01110269196319,-0.01798362683795852,32120.731292517274
2.4866666666666664e-06,9.985945406155402,-0.017940743247818764,32204.653917120588
2.4879999999999997e-06,9.960833808903953,-0.017897747894789887,32288.375626197907
2.4893333333333334e-06,9.935724777868813,-0.017854641041213194,32371.904738823847
2.4906666666666667e-06,9.910593823533825,-0.017811422937926098,32455.250191818646
2.492e-06,9.885497058402494,-0.01776809382326707,32538.421796719707
2.4933333333333333e-06,9.860493997405133,-0.01772465392240716,32621.42949314491
2.4946666666666666e-06,9.835639078839295,-0.01768110344721801,32704.2832905882
2.496e-06,9.810972896401555,-0.01763744259747724,32786.99132056375
2.497333333333333e-06,9.78649819228465,-0.017593671567904874,32869.55303799453
2.4986666666666665e-06,9.762197239775267,-0.017549790557979356,32951.96185028048
2.4999999999999998e-06,9.738010272072666,-0.017505799786941802,33034.194706050184
2.501333333333333e-06,9.713869181101185,-0.0174616995056709,33116.227200307134
2.5026666666666664e-06,9.689701138268253,-0.017417489997687278,33198.03477512699
2.504e-06,9.66544664694807,-0.0173731715773837,33279.595680222694
2.5053333333333334e-06,9.641109333958164,-0.017328744579352164,33360.901367079896
2.5066666666666667e-06,9.616712029429685,-0.01728420934565385,33441.94918039083
2.508e-06,9.59231950849968,-0.01723956621213426,33522.75109899607
2.5093333333333333e-06,9.567999237745353,-0.01719481549800813,33603.3200902056
2.5106666666666665e-06,9.543817119676135,-0.017149957505270267,33683.66901659071
2.512e-06,9.519824436617144,-0.0171049925215608,33763.80654761127
2.513333333333333e-06,9.496021549082807,-0.017059920835377582,33843.7227272161
2.5146666666666664e-06,9.472378171406389,-0.01701474274907944,33923.40672000157
2.5159999999999997e-06,9.448783376449706,-0.0169694585769557,34002.851465614236
2.5173333333333334e-06,9.425120732376984,-0.016924068642217738,34082.05064131276
2.5186666666666667e-06,9.401276584072066,-0.01687857327617942,34160.99841616782
2.52e-06,9.377155157341853,-0.016832972813775517,34239.69518969173
2.5213333333333333e-06,9.352720829383397,-0.016787267571673724,34318.167962998916
2.5226666666666666e-06,9.32796972365391,-0.01674145783144678,34396.442377420026
2.524e-06,9.302974420450623,-0.016695543850177522,34474.52952646463
2.525333333333333e-06,9.27781530703036,-0.016649525871260912,34552.43884845718
2.5266666666666665e-06,9.252572938936899,-0.01660340412591097,34630.17917645354
2.5279999999999998e-06,9.22730977937319,-0.016557178837390725,34707.75360391734
2.529333333333333e-06,9.202018952383124,-0.016510850240886027,34785.141153126475
2.5306666666666664e-06,9.176665387879316,-0.01646441859917159,34862.321418534004
2.532e-06,9.151151264492041,-0.01641788419460296,34939.28543439242
2.5333333333333334e-06,9.12537170038084,-0.016371247320701082,35016.02541842167
2.5346666666666667e-06,9.099220934046818,-0.016324508281135058,35092.533930619335
2.536e-06,9.072626616868272,-0.01627766738734915,35168.80674824605
2.5373333333333332e-06,9.045646421925369,-0.016230724947390553,35244.85318965315
2.5386666666666665e-06,9.018370059488872,-0.016183681257535047,35320.68159360886
2.54e-06,8.99092477772712,-0.016136536608694706,35396.291666907826
2.541333333333333e-06,8.963453109181264,-0.01608929129276616,35471.68222591627
2.5426666666666664e-06,8.936110505310461,-0.016041945603391682,35546.85183580294
2.5439999999999997e-06,8.909018595987336,-0.015994499837724968,35621.79666426594
2.5453333333333334e-06,8.88213284674638,-0.01594695430479465,35696.50273118707
2.5466666666666667e-06,8.855399548880335,-0.01589930933020341,35770.95915567866
2.548e-06,8.828815398955575,-0.01585156524457687,35845.16928413658
2.5493333333333333e-06,8.802365478059578,-0.015803722373101788,35919.137928483055
2.5506666666666666e-06,8.77601603509606,-0.015755781034279343,35992.87030518605
2.552e-06,8.749737383300861,-0.01570774153797327,36066.37415392397
2.553333333333333e-06,8.72356902958671,-0.015659604176916763,36139.667430844784
2.5546666666666665e-06,8.697531856691821,-0.015611369222342839,36212.76443004098
2.5559999999999998e-06,8.67156718709907,-0.015563036937408245,36285.66297185139
2.557333333333333e-06,8.645610721265719,-0.015514607589216533,36358.359315722206
2.5586666666666668e-06,8.619601076235213,-0.015466081450066506,36430.84940929578
2.56e-06,8.593489637109165,-0.015417458799486462,36503.12646077392
2.5613333333333333e-06,8.567268785749699,-0.015368739933797658,36575.17207242983
2.5626666666666666e-06,8.540946605390888,-0.015319925173337355,36646.96861803009
2.564e-06,8.514557786535704,-0.015271014857022609,36718.50585408979
2.5653333333333332e-06,8.488144355626405,-0.015222009336927139,36789.77428911367
2.5666666666666665e-06,8.46175350802211,-0.0151729089776521,36860.76462344814
2.568e-06,8.435416599065068,-0.015123714153343121,36931.471840023994
2.569333333333333e-06,8.409088643596183,-0.015074425231960622,37001.91023373137
2.5706666666666664e-06,8.382714536740329,-0.015025042560710926,37072.09664081491
2.5719999999999997e-06,8.356241529579673,-0.01497556646375378,37142.04879491071
2.5733333333333334e-06,8.32961139276144,-0.014925997241736436,37211.7842310854
2.5746666666666667e-06,8.302759417441623,-0.014876335172119656,37281.32019408422
2.576e-06,8.275648467353028,-0.014826580512179052,37350.66971682042
2.5773333333333333e-06,8.248367461514288,-0.014776733514282624,37419.82712782251
2.5786666666666666e-06,8.221018060307815,-0.014726794440060302,37488.78420565926
2.58e-06,8.19367684519619,-0.014676763562721459,37557.53180260867
2.581333333333333e-06,8.16643205175337,-0.014626641167610083,37626.060864456835
2.5826666666666664e-06,8.13938804419581,-0.014576427552022283,37694.36251724428
2.5839999999999997e-06,8.112614352518472,-0.014526123024545923,37762.42869729604
2.585333333333333e-06,8.085997430132133,-0.014475727902418448,37830.25449391683
2.5866666666666667e-06,8.059414554071028,-0.014425242507714764,37897.837561591165
2.588e-06,8.032801949378017,-0.014374667160964758,37965.18256341706
2.5893333333333333e-06,8.006084510559447,-0.014324002175934308,38032.29498226133
2.5906666666666666e-06,7.979167288345349,-0.014273247858887735,38099.18058760146
2.592e-06,7.951979669401888,-0.014222404506875059,38165.84743141748
2.593333333333333e-06,7.924604679259722,-0.014171472399716962,38232.31330573076
2.5946666666666665e-06,7.8971236961818265,-0.014120451797094547,38298.590627890655
2.596e-06,7.8695451886611645,-0.014069342956967408,38364.66956281825
2.597333333333333e-06,7.841881786654769,-0.014018146151945507,38430.53797003776
2.5986666666666664e-06,7.8141595723022785,-0.013966861671208855,38496.18313494365
2.6e-06,7.786400351077015,-0.013915489822562101,38561.58983516197
2.6013333333333334e-06,7.758569483727862,-0.013864030940621672,38626.73307548705
2.6026666666666667e-06,7.73065104902381,-0.013812485388260581,38691.59546615415
2.604e-06,7.702715011140909,-0.0137608535312422,38756.190061420355
2.6053333333333333e-06,7.674834129002753,-0.013709135715980585,38820.53283100433
2.6066666666666666e-06,7.647074037445152,-0.013657332267257348,38884.64025385016
2.608e-06,7.619483714176819,-0.013605443487525164,38948.52934442655
2.609333333333333e-06,7.592067099597864,-0.013553469656130088,39012.217748191884
2.6106666666666664e-06,7.5647842847529265,-0.01350141103345002,39075.71627191083
2.6119999999999997e-06,7.537467083940261,-0.013449267881675105,39139.0113904658
2.613333333333333e-06,7.5099378273806305,-0.013397040482442852,39202.0874579149
2.6146666666666667e-06,7.482023503907733,-0.013344729138362448,39264.92866266623
2.616e-06,7.453580921423647,-0.01329233417205821,39327.52079369309
2.6173333333333333e-06,7.4245720360569285,-0.013239855919556589,39389.85795874192
2.6186666666666666e-06,7.395009757621233,-0.013187294722012192,39451.93835785712
2.62e-06,7.36502651576406,-0.013134650915688512,39513.77112766366
2.621333333333333e-06,7.334769536486453,-0.013081924824128312,39575.36621263764
2.6226666666666665e-06,7.304388257728491,-0.013029116757674927,39636.73346744662
2.6239999999999998e-06,7.2740127250531135,-0.012976227014974825,39697.88058270701
2.625333333333333e-06,7.2436886136188665,-0.01292325589115198,39758.80515156549
2.6266666666666664e-06,7.213439337028505,-0.012870203686766472,39819.50142669685
2.628e-06,7.183254495477867,-0.012817070714832948,39879.95647356596
2.6293333333333334e-06,7.153115865193176,-0.012763857306015942,39940.15675194495
2.6306666666666667e-06,7.123000544085616,-0.012710563809046008,40000.0887029574
2.632e-06,7.092890427975085,-0.012657190589844642,40059.740099095136
2.6333333333333332e-06,7.062800775307814,-0.012603738026286266,40119.105238469194
2.6346666666666665e-06,7.032750854864012,-0.012550206499839418,40178.18443180556
2.636e-06,7.002762265894769,-0.012496596379579047,40236.9959587554
2.637333333333333e-06,6.97285672070408,-0.012442908009037629,40295.5598533749
2.6386666666666664e-06,6.943055811138713,-0.012389141704837441,40353.89644690863
2.6399999999999997e-06,6.913369995636514,-0.012335297756934642,40412.025407288646
2.6413333333333334e-06,6.883765253782159,-0.012281376431983373,40469.96201959417
2.6426666666666667e-06,6.854192607973122,-0.01222737798202023,40527.712925122236
2.644e-06,6.824575618539356,-0.0121733026692182,40585.25627792503
2.6453333333333333e-06,6.79483234473999,-0.012119150786673555,40642.56753904907
2.6466666666666666e-06,6.764877965792623,-0.012064922660439712,40699.62181171541
2.648e-06,6.734645717792402,-0.012010618649030327,40756.39530236517
2.649333333333333e-06,6.704150724028513,-0.0119562391381559,40812.8710092809
2.6506666666666665e-06,6.673436302651091,-0.01190178453114445,40869.03950789965
2.6519999999999998e-06,6.642606683032748,-0.011847255227847008,40924.91543826512
2.653333333333333e-06,6.611773164689977,-0.011792651607185655,40980.51555376399
2.6546666666666664e-06,6.5810475835989335,-0.01173797402567002,41035.85671969272
2.656e-06,6.550523383764027,-0.011683222818766425,41090.95363567623
2.6573333333333334e-06,6.520217332449943,-0.011628398309728269,41145.80992155904
2.6586666666666667e-06,6.490107464576231,-0.011573500818744692,41200.42655380585
2.66e-06,6.460067783888112,-0.0115185306679111,41254.799696584116
2.6613333333333332e-06,6.42996497219604,-0.011463488184538078,41308.925362948015
2.6626666666666665e-06,6.399670374810083,-0.011408373701067563,41362.799842828186
2.664e-06,6.369075278224474,-0.011353187553086681,41416.42212849404
2.665333333333333e-06,6.338138297688132,-0.01129793006936228,41469.80345811399
2.6666666666666664e-06,6.306857610191822,-0.011242601564635673,41522.953631797
2.6679999999999997e-06,6.275334037166502,-0.011187202347688552,41575.87178888272
2.6693333333333334e-06,6.243679143606802,-0.011131732729255779,41628.55586025106
2.6706666666666667e-06,6.212003748819951,-0.011076193023053793,41681.00344272882
2.672e-06,6.180411903573497,-0.011020583547390665,41733.2100519667
2.6733333333333333e-06,6.1489818993491685,-0.010964904632549607,41785.162209619186
2.6746666666666666e-06,6.117760396320543,-0.010909156626518366,41836.84683724511
2.676e-06,6.086682318849172,-0.010853339890810613,41888.25672438497
2.677333333333333e-06,6.05568075159687,-0.010797454796184339,41939.385215024966
2.6786666666666665e-06,6.024700798224798,-0.010741501722232892,41990.22571214854
2.6799999999999998e-06,5.9936823221758315,-0.010685481056725244,42040.772549325
2.681333333333333e-06,5.962506761302361,-0.010629393192051945,42091.02446062545
2.6826666666666668e-06,5.931088598266105,-0.010573238520352298,42140.98308882364
2.684e-06,5.899500540915768,-0.010517017426109904,42190.65827476566
2.6853333333333333e-06,5.867815176411883,-0.01046073028011802,42240.06071306545
2.6866666666666666e-06,5.836084716050889,-0.010404377438800027,42289.201263923525
2.688e-06,5.804361394924898,-0.010347959243772053,42338.091278041145
2.6893333333333332e-06,5.772760972357706,-0.010291476020323823,42386.743894306695
2.6906666666666665e-06,5.741369938704521,-0.010234928078348757,42435.16906829529
2.692e-06,5.7101485511103585,-0.010178315722675114,42483.36444217299
2.693333333333333e-06,5.679049600999526,-0.010121639262111912,42531.32640263429
2.6946666666666664e-06,5.648033722254258,-0.010064899010426618,42579.05112530889
2.6959999999999997e-06,5.617064052658042,-0.010008095287475835,42626.533300866715
2.6973333333333334e-06,5.586089563045723,-0.009951228424603362,42673.76100781613
2.6986666666666667e-06,5.555079947817729,-0.009894298767684672,42720.724370222495
2.7e-06,5.524085660764857,-0.009837306668741263,42767.424044895655
2.7013333333333333e-06,5.493161087129102,-0.009780252478159236,42813.861828143876
2.7026666666666666e-06,5.462354663829314,-0.009723136543765519,42860.03976243553
2.704e-06,5.431706891715626,-0.009665959210098324,42905.96073836285
2.705333333333333e-06,5.401243793829662,-0.009608720815652035,42951.63093107441
2.7066666666666664e-06,5.370964618058337,-0.009551421693172784,42997.05278780853
2.7079999999999997e-06,5.340779850252276,-0.009494062182262532,43042.21357756906
2.709333333333333e-06,5.310594248704181,-0.009436642640534704,43087.099014176405
2.7106666666666667e-06,5.280317586180151,-0.00937916344481851,43131.69456009099
2.712e-06,5.249874446132937,-0.009321624990992506,43175.98617892241
2.7133333333333333e-06,5.219235617929561,-0.009264027691271295,43219.96340289494
2.7146666666666666e-06,5.188387446678121,-0.009206371968299546,43263.621054729454
2.716e-06,5.157333487558557,-0.009148658239755494,43306.971761350855
2.717333333333333e-06,5.126087099614069,-0.00909088690535653,43350.029837094386
2.7186666666666665e-06,5.094670461297326,-0.009033058345644813,43392.80973048509
2.72e-06,5.06309559518281,-0.008975172922194408,43435.32544512801
2.721333333333333e-06,5.031303819839993,-0.008917230979788098,43477.588164337
2.7226666666666664e-06,4.999247774529388,-0.00885923285031569,43519.60604427897
2.724e-06,4.9669659280913985,-0.008801178861366037,43561.37738017151
2.7253333333333334e-06,4.934494209999242,-0.008743069343415477,43602.89954567488
2.7266666666666667e-06,4.901854345654681,-0.008684904630477809,43644.16986082647
2.728e-06,4.869074650171884,-0.00862668506070169,43685.18480335246
2.7293333333333333e-06,4.8362566824264475,-0.00856841097965887,43725.936760879325
2.7306666666666666e-06,4.803487774695954,-0.00851008274264188,43766.418764608716
2.732e-06,4.770767321552191,-0.008451700711388265,43806.628115820444
2.733333333333333e-06,4.738092992089414,-0.008393265250878424,43846.56264894431
2.7346666666666664e-06,4.70547222873193,-0.008334776728868428,43886.22036605805
2.7359999999999997e-06,4.672899923948391,-0.008276235515088366,43925.600304036765
2.737333333333333e-06,4.640286330867102,-0.008217641977467724,43964.70612692976
2.7386666666666667e-06,4.607542727096969,-0.00815899647991537,44003.54020157929
2.74e-06,4.574631824835353,-0.008100299387947034,44042.097750925306
2.7413333333333333e-06,4.541513240149091,-0.008041551073963928,44080.37322373361
2.7426666666666666e-06,4.508136125846488,-0.007982751917867261,44118.36092126801
2.744e-06,4.474470961712821,-0.007923902306720724,44156.0557985445
2.745333333333333e-06,4.440612889608347,-0.007865002631652539,44193.456803736684
2.7466666666666665e-06,4.406667870756252,-0.007806053283493064,44230.56543547879
2.7479999999999998e-06,4.372709702155636,-0.00774705464592548,44267.39091590078
2.749333333333333e-06,4.338819645608452,-0.007688007089899393,44303.94312323136
2.7506666666666664e-06,4.305091911012425,-0.007628910973222516,44340.231892085554
2.752e-06,4.271605848401221,-0.007569766641464575,44376.265744801065
2.7533333333333334e-06,4.238334822387573,-0.007510574433252694,44412.04657302122
2.7546666666666667e-06,4.20524702483362,-0.0074513346850949205,44447.57566364208
2.756e-06,4.172345056440432,-0.0073920477311385955,44482.8552708475
2.7573333333333332e-06,4.139629189039211,-0.007332713902370257,44517.88788166585
2.7586666666666665e-06,4.107092351180459,-0.007273333526353879,44552.67614290273
2.76e-06,4.07472700851116,-0.007213906926261906,44587.22399506079
2.761333333333333e-06,4.042547823236808,-0.007154434415965287,44621.54144987054
2.7626666666666664e-06,4.010551804640457,-0.0070949162970654085,44655.63689994996
2.7639999999999997e-06,3.9786578756909967,-0.007035352866046375,44689.509628599895
2.7653333333333334e-06,3.9467816945596956,-0.00697574442104979,44723.157866250265
2.7666666666666667e-06,3.9148457183160708,-0.006916091262739069,44756.57959983378
2.768e-06,3.8827784291323333,-0.006856393696296018,44789.77006474797
2.7693333333333333e-06,3.8505121830866273,-0.006796652042175822,44822.71111554609
2.7706666666666666e-06,3.8180054564521613,-0.006736866645473739,44855.38393758166
2.772e-06,3.7853129161787322,-0.006677037873429023,44887.774129496196
2.773333333333333e-06,3.7524945146751847,-0.006617166112077031,44919.86789849175
2.7746666666666665e-06,3.719603072516005,-0.006557251765695026,44951.65167451992
2.7759999999999998e-06,3.686690178964721,-0.0064972952549836385,44983.11439256202
2.777333333333333e-06,3.6538255887132314,-0.006437297007238979,45014.25722442626
2.7786666666666663e-06,3.621082629459109,-0.006377257445907513,45045.08477277756
2.78e-06,3.5885522394846467,-0.006317176984096479,45075.607943750154
2.7813333333333334e-06,3.5563219223300724,-0.006257056019941345,45105.83828895139
2.7826666666666666e-06,3.524473014460875,-0.00619689493612865,45135.7874300935
2.784e-06,3.4930666922477753,-0.0061366940996534225,45165.46728275274
2.7853333333333332e-06,3.46209679753136,-0.0060764538607898915,45194.8910125456
2.7866666666666665e-06,3.4315079561006874,-0.006016174554215262,45224.06884939825
2.788e-06,3.4010990123517586,-0.005955856508715551,45252.999400169756
2.789333333333333e-06,3.3706556866329778,-0.005895500055819147,45281.67994444295
2.7906666666666664e-06,3.339968732196125,-0.005835105530862866,45310.10748997926
2.7919999999999997e-06,3.3088589562514374,-0.005774673274082251,45338.27768094453
2.7933333333333334e-06,3.27726196838675,-0.0057142036355675415,45366.180091093454
2.7946666666666667e-06,3.245167657325317,-0.005653696978363454,45393.80571503966
2.796e-06,3.212696374442549,-0.005593153671626618,45421.15439021621
2.7973333333333333e-06,3.1799864456696882,-0.005532574084103856,45448.226893930914
2.7986666666666666e-06,3.1471786682728653,-0.005471958583422738,45475.024127749595
2.8e-06,3.1143925842153126,-0.005411307536496608,45501.54626144695
2.801333333333333e-06,3.0816457789164193,-0.005350621312975487,45527.789020234915
2.8026666666666665e-06,3.0489099511526128,-0.005289900288640765,45553.74748185365
2.8039999999999998e-06,3.016033289179368,-0.005229144846174717,45579.41621722052
2.805333333333333e-06,2.982853833736122,-0.005168355375393248,45604.7899549845
2.8066666666666668e-06,2.9492151542274314,-0.005107532272989774,45629.86365020317
2.808e-06,2.914994603833216,-0.005046675940654322,45654.63485297504
2.8093333333333333e-06,2.880199964237447,-0.004985786774725286,45679.11404058045
2.8106666666666666e-06,2.8449088024612372,-0.0049248651569003855,45703.31269677114
2.812e-06,2.8093842687561645,-0.004863911455672893,45727.23914447225
2.8133333333333332e-06,2.773910253721642,-0.004802926028757512,45750.90122860179
2.8146666666666665e-06,2.7387684533867898,-0.004741909223540252,45774.306597288065
2.816e-06,2.7041978640104487,-0.004680861378019096,45797.461684451715
2.817333333333333e-06,2.6702554456433027,-0.004619782825399648,45820.36724472141
2.8186666666666664e-06,2.63691863163865,-0.004558673899358024,45843.021817716195
2.8199999999999997e-06,2.6039718242891965,-0.004497534938878635,45865.41890136773
2.8213333333333334e-06,2.5711752705740114,-0.004436366292045177,45887.55134879266
2.8226666666666667e-06,2.5382887102144247,-0.00437516831659205,45909.41183089879
2.824e-06,2.505101515206163,-0.004313941381266006,45930.99115816748
2.8253333333333333e-06,2.4715372463959215,-0.004252685873241631,45952.27087839652
2.8266666666666666e-06,2.437584056890678,-0.004191402202055025,45973.23590151879
2.828e-06,2.403406520954471,-0.004130090785487238,45993.88895016545
2.829333333333333e-06,2.3691847538628084,-0.004068752036227543,46014.23493937956
2.8306666666666664e-06,2.3350916443922194,-0.004007386360054013,46034.27932092113
2.8319999999999997e-06,2.301273434561676,-0.0039459941530801115,46054.031139933875
2.833333333333333e-06,2.267781903579719,-0.0038845757879224026,46073.51659663184
2.8346666666666667e-06,2.234620718451073,-0.0038231316053752374,46092.7572240901
2.836e-06,2.2016771243368636,-0.0037616619359974544,46111.74684258828
2.8373333333333333e-06,2.168820808792108,-0.0037001671207632842,46130.47600866672
2.8386666666666666e-06,2.135918004951643,-0.0036386475136749516,46148.934623835536
2.84e-06,2.102852587706021,-0.0035771034842976865,46167.10944206832
2.841333333333333e-06,2.069599689450427,-0.003515535429370349,46184.972948940056
2.8426666666666665e-06,2.036144825330632,-0.003453943779007172,46202.50259582849
2.844e-06,2.0024464663129606,-0.0033923289748540356,46219.70363388154
2.845333333333333e-06,1.968471273827445,-0.0033306914494795536,46236.58442784305
2.8466666666666664e-06,1.9341991779291654,-0.003269031623991335,46253.15380448552
2.848e-06,1.899621456307144,-0.003207349906464305,46269.42248603045
2.8493333333333334e-06,1.8647341247855818,-0.003145646685126037,46285.40952137634
2.8506666666666667e-06,1.8295655073568688,-0.0030839223247384733,46301.13105997465
2.852e-06,1.7942537595462993,-0.0030221771795364786,46316.58674301723
2.8533333333333333e-06,1.7589494453794858,-0.002960411605425001,46331.77442420362
2.8546666666666666e-06,1.7238015153311925,-0.0028986259613010806,46346.69176168128
2.856e-06,1.6889350893820927,-0.0028368206103987353,46361.334591841005
2.857333333333333e-06,1.6543729610716387,-0.00277499592761176,46375.68958862239
2.8586666666666664e-06,1.6200925126988914,-0.002713152305315566,46389.74385567377
2.8599999999999997e-06,1.5859597951736917,-0.0026512901484591358,46403.49142897399
2.861333333333333e-06,1.5518263873726876,-0.0025894098693523986,46416.927231135596
2.8626666666666667e-06,1.5175433471019961,-0.002527511886923062,46430.04641284287
2.864e-06,1.4829826976614775,-0.0024655966239474068,46442.84805064246
2.8653333333333333e-06,1.4481140034638758,-0.002403664490621707,46455.35193790988
2.8666666666666666e-06,1.4129605280056161,-0.0023417158691512977,46467.58026770541
2.868e-06,1.3777068893984494,-0.00227975111367654,46479.55294443221
2.869333333333333e-06,1.3425496830194925,-0.0022177705521740725,46491.289309273794
2.8706666666666665e-06,1.3076757415910127,-0.0021557744870807517,46502.808330711196
2.8719999999999998e-06,1.273248783935881,-0.0020937631989877948,46514.12380872455
2.873333333333333e-06,1.2393611169701273,-0.002031736968136303,46525.222468516695
2.8746666666666664e-06,1.2060421989782795,-0.0019696960968465047,46536.08446618322
2.876e-06,1.1731190245714687,-0.0019076409205995562,46546.679904212666
2.8773333333333334e-06,1.1404010810298884,-0.0018455718153645943,46556.97794823329
2.8786666666666667e-06,1.1077075452951366,-0.0017834891981787129,46566.94783059254
2.88e-06,1.07487686748746,-0.0017213935255167103,46576.56116241373
2.8813333333333332e-06,1.0418017795864494,-0.0016592852830341332,46585.802561453675
2.8826666666666665e-06,1.0084262752005335,-0.0015971649701790266,46594.66672120888
2.884e-06,0.9748593489839656,-0.001535033072128888,46603.18035400206
2.885333333333333e-06,0.941225259090979,-0.001472890035964933,46611.37389193338
2.8866666666666664e-06,0.9076413450547576,-0.0014107362678058796,46619.278346649844
2.8879999999999997e-06,0.8742090752348838,-0.001348572131720688,46626.92578114039
2.8893333333333334e-06,0.8409813572126713,-0.0012863979468797028,46634.351480310674
2.8906666666666667e-06,0.8079703224153322,-0.001224213992619982,46641.57990927379
2.892e-06,0.7750597741950197,-0.0011620205459510864,46648.59009407385
2.8933333333333333e-06,0.7421211246361544,-0.0010998179153212026,46655.35585075411
2.8946666666666666e-06,0.7090306365902318,-0.001037606444567383,46661.85027997831
2.896e-06,0.6756878884220272,-0.0009753865142168859,46668.04524577118
2.897333333333333e-06,0.6420829305625678,-0.0009131585447453153,46673.908961586276
2.8986666666666665e-06,0.6082426129327265,-0.0008509229936824412,46679.41763272626
2.8999999999999998e-06,0.5742677196540492,-0.0007886803268838436,46684.58256517327
2.901333333333333e-06,0.5402747865336142,-0.000726430992576959,46689.41889515757
2.9026666666666663e-06,0.5063874458868379,-0.0006641754185987463,46693.942072164275
2.904e-06,0.4727140149241599,-0.0006019140120552796,46698.16774300847
2.9053333333333334e-06,0.43926578124230575,-0.0005396471594231239,46702.1112052281
2.9066666666666666e-06,0.40604294386421713,-0.00047737522948918936,46705.78369567746
2.908e-06,0.37306843428217906,-0.0004150985871034277,46709.17988296817
2.9093333333333332e-06,0.34035953322499035,-0.0003528176054174954,46712.2926459346
2.9106666666666665e-06,0.30792354357520835,-0.0002905326671557141,46715.11474673904
2.912e-06,0.27575252517872195,-0.00022824416484299047,46717.63872235022
2.913333333333333e-06,0.24380412577170163,-0.00016595250144374525,46719.85637652187
2.9146666666666664e-06,0.2120091497918931,-0.00010365808874465454,46721.76267211727
2.9159999999999997e-06,0.18023206569428438,-4.1361336446313774e-05,46723.36577539755
2.9173333333333334e-06,0.14832347889225297,2.0937357691826007e-05,46724.675431784766
2.9186666666666667e-06,0.11612796948455964,8.323760907406105e-05,46725.70164156925
2.92e-06,0.08351662234108741,0.00014553904666851283,46726.45475010973
2.9213333333333333e-06,0.05050691098974727,0.00020784131374940567,46726.945871233984
2.9226666666666666e-06,0.017157993038052446,0.00027014406547598807,46727.181718641514
2.924e-06,-0.016399451031391087,0.00033244695359174845,46727.15045500088
2.925333333333333e-06,-0.05002090228620269,0.00039474961262923246,46726.83810122827
2.9266666666666665e-06,-0.08355660669648045,0.00045705165830879727,46726.23041812039
2.9279999999999997e-06,-0.1168789174920187,0.0005193526872718032,46725.313026389806
2.929333333333333e-06,-0.14998398588840403,0.0005816522772771977,46724.07198170538
2.9306666666666668e-06,-0.18291253303157604,0.0006439499903231287,46722.49758716279
2.932e-06,-0.21581237633125855,0.0007062453870431334,46720.59749284775
2.9333333333333333e-06,-0.2488429120192621,0.0007685380395807313,46718.38131355246
2.9346666666666666e-06,-0.2821605607074778,0.0008308275330252105,46715.85885316874
2.936e-06,-0.31589125433172976,0.0008931134656993652,46713.0401580674
2.9373333333333332e-06,-0.3500276758406339,0.0009553954496509396,46709.93576929797
2.9386666666666665e-06,-0.3845059241592731,0.0010176731089013415,46706.55310630629
2.94e-06,-0.4191298647334362,0.001079946068517703,46702.886318239354
2.941333333333333e-06,-0.4536828827045534,0.0011422139447398842,46698.92801503493
2.9426666666666664e-06,-0.48794497069860426,0.001204476343836838,46694.6706303987
2.9439999999999997e-06,-0.5217326114693245,0.001266732861811458,46690.10633153369
2.9453333333333334e-06,-0.5550484962171203,0.0013289830837573088,46685.22658721463
2.9466666666666667e-06,-0.5879678673761491,0.0013912265858929222,46680.026616207186
2.948e-06,-0.6207404999504886,0.00145346294869282,46674.51758364315
2.9493333333333333e-06,-0.6536383686148473,0.0015156917687908558,46668.712563414105
2.9506666666666666e-06,-0.6869322417983343,0.0015779126604310875,46662.62489693638
2.952e-06,-0.7208511406761157,0.00164012525612991,46656.26865129997
2.953333333333333e-06,-0.755428854223666,0.0017023292091184914,46649.66083157573
2.9546666666666664e-06,-0.7906065890660054,0.0017645241927807043,46642.81466174578
2.9559999999999997e-06,-0.8260735086536117,0.0018267098863355426,46635.72567051385
2.957333333333333e-06,-0.8614909688258116,0.0018888859616318747,46628.387273988206
2.9586666666666667e-06,-0.896527352271342,0.0019510520815545103,46620.79260993913
2.96e-06,-0.9308964360082286,0.0020132078984605975,46612.93274919319
2.9613333333333333e-06,-0.9645036830294456,0.0020753530456232077,46604.787994726204
2.9626666666666666e-06,-0.9973431821732802,0.002137487130783834,46596.33974621635
2.964e-06,-1.0296294075017882,0.0021996097446010552,46587.58097961721
2.965333333333333e-06,-1.0616085804725086,0.0022617204693698477,46578.50617357466
2.9666666666666665e-06,-1.0935291186693696,0.0023238188802290755,46569.11011526903
2.968e-06,-1.1256182069557064,0.002385904547367493,46559.39059236067
2.969333333333333e-06,-1.157991818560975,0.0024479770488085957,46549.36156929653
2.9706666666666664e-06,-1.190733158264696,0.002510035981211662,46539.03703530687
2.9719999999999997e-06,-1.223871156860642,0.0025720809529449075,46528.42056456446
2.9733333333333334e-06,-1.2574231495866073,0.0026341115761681013,46517.51427020019
2.9746666666666667e-06,-1.2914016880017747,0.002696127465596492,46506.31987239028
2.976e-06,-1.3258060871714359,0.0027581282369621082,46494.83717603599
2.9773333333333333e-06,-1.3605901828280749,0.0028201134994638,46483.056576504874
2.9786666666666666e-06,-1.3956792088042234,0.002882082850847395,46470.970498889714
2.98e-06,-1.4309184229437653,0.002944035888773535,46458.58639032376
2.981333333333333e-06,-1.466141712361739,0.003005972222057356,46445.91353540943
2.9826666666666664e-06,-1.5011823498410457,0.003067891472063815,46432.96147428118
2.9839999999999997e-06,-1.5358960336713008,0.003129793272315319,46419.738902977864
2.985333333333333e-06,-1.570250033763097,0.0031916772637345624,46406.24822588889
2.9866666666666667e-06,-1.6042577294674447,0.0032535430873866784,46392.487252258565
2.988e-06,-1.6380472437166194,0.003315390370958394,46378.43810531784
2.9893333333333333e-06,-1.67176144075742,0.0033772187171753807,46364.08122016585
2.9906666666666666e-06,-1.7055420269035404,0.0034390277026777804,46349.397033437715
2.992e-06,-1.7395066976368754,0.00350081687917803,46334.367716939145
2.993333333333333e-06,-1.7736602575299838,0.003562585781534231,46318.98581736451
2.9946666666666665e-06,-1.8079584263153607,0.0036243339383862333,46303.24946064044
2.9959999999999998e-06,-1.8422338527806552,0.003686060886959356,46287.17339904779
2.997333333333333e-06,-1.8763024535412753,0.003747766185450564,46270.77433776771
2.9986666666666664e-06,-1.9099804083671161,0.0038094494144437006,46254.06915194087
3e-06,-1.9431193624372105,0.0038711101766074844,46237.074093708005
3.0013333333333334e-06,-1.975743757928296,0.003932748093213392,46219.80081515666
3.0026666666666667e-06,-2.007940822231263,0.003994362797956113,46202.2562989296
3.004e-06,-2.0399273747832094,0.004055953922549031,46184.43059045191
3.0053333333333332e-06,-2.0719440620550404,0.004117521084108355,46166.31174853511
3.0066666666666665e-06,-2.1042384535983176,0.004179063883723311,46147.88767390149
3.008e-06,-2.1370216979783176,0.004240581907742449,46129.14835480759
3.009333333333333e-06,-2.1702983518119754,0.004302074738102151,46110.09718474797
3.0106666666666664e-06,-2.2040093023521887,0.004363541963928403,46090.74155463119
3.0119999999999997e-06,-2.2379764081955305,0.004424983189929449,46071.09744694093
3.013333333333333e-06,-2.272000099820744,0.004486398042584361,46051.18153543033
3.0146666666666667e-06,-2.3058750773980266,0.004547786170416954,46031.01021343004
3.016e-06,-2.3394252158968407,0.0046091472405389,46010.59496949141
3.0173333333333333e-06,-2.372641498055376,0.004670480916484179,45989.91894842838
3.0186666666666666e-06,-2.4055657259142915,0.004731786836862336,45968.961618810186
3.02e-06,-2.4383331210497086,0.00479306461518548,45947.70586591094
3.021333333333333e-06,-2.471095929648674,0.004854313842726055,45926.135444952786
3.0226666666666665e-06,-2.5040110285556625,0.004915534089465561,45904.23466430802
3.0239999999999998e-06,-2.5372129566473793,0.004976724908147566,45881.993358701475
3.025333333333333e-06,-2.570706854933333,0.005037885858548424,45859.432242588555
3.0266666666666663e-06,-2.6044625435962687,0.005099016530071706,45836.57504233755
3.028e-06,-2.638398073840672,0.005160116537986442,45813.43682974238
3.0293333333333334e-06,-2.6724187231868597,0.0052211855167286604,45790.031283585886
3.0306666666666666e-06,-2.7064233194989264,0.005282223118648562,45766.37159626981
3.032e-06,-2.74031768652446,0.0053432290113684736,45742.46748359935
3.0333333333333332e-06,-2.7740684695202384,0.00540420286292465,45718.30985066926
3.0346666666666665e-06,-2.8076633107912645,0.005465144328348173,45693.88828461992
3.036e-06,-2.8411501748735,0.005526053054068953,45669.20029655315
3.037333333333333e-06,-2.8745799914326575,0.005586928683917578,45644.244476387226
3.0386666666666664e-06,-2.9079971993675633,0.005647770859990888,45619.019633582975
3.0399999999999997e-06,-2.94144650186258,0.005708579222568413,45593.52423270603
3.0413333333333334e-06,-2.974999326401012,0.005769353407712374,45567.753483210545
3.0426666666666667e-06,-3.008708385077092,0.005830093043338892,45541.69995656893
3.044e-06,-3.042517130127615,0.005890797741048632,45515.34660804401
3.0453333333333333e-06,-3.0763650468121457,0.005951467089024549,45488.67535583597
3.0466666666666666e-06,-3.1102052876461004,0.006012100651370743,45461.668163458504
3.048e-06,-3.1439923829622547,0.006072697970419652,45434.31040990796
3.049333333333333e-06,-3.1776332189814163,0.00613325858294359,45406.608376003904
3.0506666666666665e-06,-3.21104914277993,0.00619378203792552,45378.57409689265
3.0519999999999997e-06,-3.2442507558315907,0.0062542679074196255,45350.23014426971
3.053333333333333e-06,-3.277255952483997,0.006314715794235489,45321.600079527074
3.0546666666666663e-06,-3.310076077355991,0.006375125332449731,45292.70724183808
3.056e-06,-3.3427293357639285,0.0064354961843684794,45263.570636257566
3.0573333333333333e-06,-3.375294783611831,0.006495828020441876,45234.1834738395
3.0586666666666666e-06,-3.4078507229649677,0.0065561204984113065,45204.53348030999
3.06e-06,-3.440420644900684,0.006616373255903759,45174.6027583737
3.0613333333333332e-06,-3.4730290128243877,0.006676585906439751,45144.3730456168
3.0626666666666665e-06,-3.505710762374975,0.006736758039394039,45113.82638581677
3.064e-06,-3.5384892825546186,0.006796889222309519,45082.947987406274
3.065333333333333e-06,-3.571287146494114,0.006856979015120907,45051.74122967745
3.0666666666666664e-06,-3.604024462870436,0.0069170269844264914,45020.21272870267
3.0679999999999997e-06,-3.6366942249339114,0.006977032706197727,44988.369928153545
3.0693333333333334e-06,-3.6692872938711885,0.007036995766304432,44956.22023187653
3.0706666666666667e-06,-3.7017795380655536,0.00709691576038748,44923.770892699686
3.072e-06,-3.734157491213125,0.0071567922928907155,44891.02786215689
3.0733333333333333e-06,-3.7665230075940475,0.007216624971276638,44857.98971673139
3.0746666666666666e-06,-3.798986681347999,0.007276413400565035,44824.65421586835
3.076e-06,-3.8316156466304205,0.007336157184057135,44791.02102228567
3.077333333333333e-06,-3.8644778767702612,0.007395855924805573,44757.09010037514
3.0786666666666664e-06,-3.8976499335803916,0.007455509225878278,44722.86150868442
3.0799999999999997e-06,-3.9311822219431902,0.007515116691509989,44688.33693888523
3.081333333333333e-06,-3.964956157576034,0.0075746779347269635,44653.527886580174
3.0826666666666667e-06,-3.998812338892785,0.007634192583872066,44618.445831046294
3.084e-06,-4.032548136565786,0.007693660277874996,44583.09517335299
3.0853333333333333e-06,-4.0659458964961885,0.007753080660783214,44547.47918897642
3.0866666666666666e-06,-4.098777511776194,0.007812453380778555,44511.600804038564
3.088e-06,-4.130855185401714,0.007871778087630182,44475.45947340564
3.089333333333333e-06,-4.162241713553274,0.007931054416950864,44439.03450761934
3.0906666666666665e-06,-4.193060832031266,0.00799028197722641,44402.305905701265
3.0919999999999998e-06,-4.223496081805255,0.008049460362237236,44365.27161054171
3.093333333333333e-06,-4.253754473939048,0.008108589164793746,44327.93222422576
3.0946666666666664e-06,-4.284060489847635,0.008167667978945201,44290.28900295918
3.0959999999999997e-06,-4.314613638717159,0.008226696402691571,44252.3466165991
3.0973333333333334e-06,-4.3454114073130405,0.008285674052417149,44214.127971741465
3.0986666666666667e-06,-4.376411598596628,0.008344600573211592,44175.65321992432
3.1e-06,-4.4075456415388725,0.008403475619294703,44136.915904745554
3.1013333333333333e-06,-4.438734707741333,0.008462298833897399,44097.90599930118
3.1026666666666666e-06,-4.469892360629187,0.00852106984652793,44058.612946497924
3.104e-06,-4.500933978440289,0.00857978827113563,44019.02396505515
3.105333333333333e-06,-4.531816664901711,0.008638453697046062,43979.11490059791
3.1066666666666664e-06,-4.562505299675353,0.008697065683283267,43938.86445521099
3.1079999999999997e-06,-4.5929816737538784,0.008755623775169093,43898.27337352995
3.109333333333333e-06,-4.623226104941492,0.008814127520946456,43857.34529251668
3.1106666666666667e-06,-4.653214177679409,0.00887257647394006,43816.084197863805
3.112e-06,-4.682932204679951,0.008930970194694824,43774.496934286675
3.1133333333333333e-06,-4.712442088369709,0.008989308263882733,43732.60684757766
3.1146666666666666e-06,-4.741819634677894,0.009047590293834647,43690.43808029712
3.116e-06,-4.771138040022404,0.00910581592290892,43648.005531113304
3.117333333333333e-06,-4.8004760044481065,0.00916398480841096,43605.32272195129
3.1186666666666665e-06,-4.829919289585145,0.009222096625459246,43562.40285048065
3.1199999999999998e-06,-4.8595384060241615,0.009280151064572632,43519.25581960037
3.121333333333333e-06,-4.889294150982892,0.00933814781644788,43475.871993273715
3.1226666666666664e-06,-4.91912966588017,0.009396086556950602,43432.23876081278
3.124e-06,-4.949004410078794,0.009453966946342667,43388.3453272577
3.1253333333333334e-06,-4.9788709212772355,0.009511788630775552,43344.18132207232
3.1266666666666667e-06,-5.008670615029544,0.009569551242731107,43299.736611263856
3.128e-06,-5.0383575040416115,0.009627254402369008,43255.00284559176
3.1293333333333332e-06,-5.0679989147331,0.009684897725584842,43209.98197816122
3.1306666666666665e-06,-5.09767045282171,0.009742480831681638,43164.677167034926
3.132e-06,-5.127387513602662,0.009800003342310803,43119.08877671794
3.133333333333333e-06,-5.157168308284388,0.00985746487932311,43073.21674174471
3.1346666666666664e-06,-5.187045191030217,0.009914865064408617,43027.060886518244
3.1359999999999997e-06,-5.2170411050200824,0.009972203518506525,42980.620260342264
3.137333333333333e-06,-5.24706909583495,0.010029479858319722,42933.889459457736
3.1386666666666667e-06,-5.277040429019001,0.01008669369339984,42886.86316069563
3.14e-06,-5.306949199137326,0.010143844628829403,42839.53998365143
3.1413333333333333e-06,-5.3367903624322075,0.010200932268230238,42791.91911760602
3.1426666666666666e-06,-5.3665449581519775,0.010257956214216678,42743.99986205503
3.144e-06,-5.3962017857795725,0.010314916069033621,42695.78236336484
3.145333333333333e-06,-5.42585031534232,0.010371811438418617,42647.27171412914
3.1466666666666665e-06,-5.455570007953873,0.010428641935244292,42598.47352438749
3.1479999999999998e-06,-5.485302390006433,0.010485407178758151,42549.39174640218
3.149333333333333e-06,-5.514985258850216,0.010542106793307174,42500.03007713135
3.1506666666666663e-06,-5.544576887591671,0.010598740408125671,42450.39215061694
3.152e-06,-5.574038987245458,0.010655307657354111,42400.481692020345
3.1533333333333334e-06,-5.603263750935813,0.010711808180734571,42350.30337867433
3.1546666666666666e-06,-5.632180946260762,0.010768241623930126,42299.86141465737
3.156e-06,-5.660952177490964,0.010824607636424352,42249.157326685825
3.1573333333333332e-06,-5.689755069302821,0.010880905869427774,42198.19217844731
3.1586666666666665e-06,-5.7187441810141415,0.01093713597546406,42146.966875985774
3.16e-06,-5.748059900023709,0.010993297607015158,42095.48045066243
3.161333333333333e-06,-5.7778660106451225,0.011049390407576873,42043.72039191055
3.1626666666666664e-06,-5.808276197022546,0.011105414003959336,41991.67418178967
3.1639999999999997e-06,-5.839167734335306,0.011161368012383755,41939.338454842735
3.1653333333333334e-06,-5.870394182136863,0.011217252045553665,41886.71129999572
3.1666666666666667e-06,-5.901824169027307,0.011273065713881876,41833.7911923238
3.168e-06,-5.9333285755951515,0.011328808626543865,41780.57780066134
3.1693333333333333e-06,-5.9647254829787215,0.011384480396119175,41727.07656230623
3.1706666666666666e-06,-5.995853292497641,0.011440080641261707,41673.29115149728
3.172e-06,-6.026685613836718,0.011495608976518749,41619.21173406477
3.173333333333333e-06,-6.057205965473719,0.01155106500214933,41564.82671181456
3.1746666666666665e-06,-6.087384661453937,0.011606448302864635,41510.12436114195
3.1759999999999997e-06,-6.117201756037298,0.011661758449520568,41455.09562275988
3.177333333333333e-06,-6.146747628844526,0.011716995013268613,41399.7499993113
3.1786666666666663e-06,-6.176121074149195,0.011772157582659584,41344.10408714885
3.18e-06,-6.2053671024286565,0.01182724578066148,41288.19291567101
3.1813333333333333e-06,-6.234531552406993,0.011882259278389743,41232.05367672557
3.1826666666666666e-06,-6.26367131030089,0.011937197796468678,41175.72344167891
3.184e-06,-6.292836625749768,0.011992061101869629,41119.23465975395
3.1853333333333332e-06,-6.32199281933898,0.012046848984540849,41062.589347074725
3.1866666666666665e-06,-6.351092230621378,0.012101561229824455,41005.7785783396
3.188e-06,-6.380088518724384,0.012156197593717165,40948.767260724766
3.189333333333333e-06,-6.408934343433523,0.012210757783259068,40891.51705213313
3.1906666666666664e-06,-6.437580840131301,0.012265241454358897,40833.9895976144
3.1919999999999997e-06,-6.46598957000891,0.012319648213622398,40776.14929763868
3.1933333333333334e-06,-6.494185837827398,0.012373977632674811,40717.979280958694
3.1946666666666667e-06,-6.522208511945175,0.012428229266185828,40659.470985570624
3.196e-06,-6.550094533890706,0.01248240267315758,40600.63947205595
3.1973333333333333e-06,-6.577887077135935,0.01253649743469915,40541.50284030294
3.1986666666666666e-06,-6.6056370971340534,0.012590513156128443,40482.07930364022
3.2e-06,-6.633387198253572,0.012644449466138708,40422.385711759656
3.201333333333333e-06,-6.6610996943153555,0.012698306009265704,40362.42897873824
3.2026666666666664e-06,-6.6887470878718664,0.012752082436275286,40302.21153563822
3.2039999999999997e-06,-6.716441686852211,0.012805778392378111,40241.722618596745
3.205333333333333e-06,-6.744297972516673,0.012859393507348328,40180.949836734384
3.2066666666666667e-06,-6.772406824507976,0.012912927394457084,40119.88082637796
3.208e-06,-6.80084521195293,0.012966379652185486,40058.50576622642
3.2093333333333333e-06,-6.829718849510175,0.013019749877399048,39996.832054116516
3.2106666666666666e-06,-6.859086665512925,0.013073037680214053,39934.872168392896
3.212e-06,-6.888777912239075,0.013126242693881532,39872.648332830184
3.213333333333333e-06,-6.918597161782688,0.013179364582004405,39810.18385148294
3.2146666666666665e-06,-6.948362961440596,0.013232403039147252,39747.50186278683
3.2159999999999998e-06,-6.9779136783409745,0.013285357788405805,39684.62202504809
3.217333333333333e-06,-7.007134753854372,0.013338228563794807,39621.5410584528
3.2186666666666664e-06,-7.035957636828366,0.01339101509086312,39558.24954402335
3.2199999999999997e-06,-7.064469596807402,0.01344371707617263,39494.72842024249
3.2213333333333334e-06,-7.092780973054685,0.013496334200163733,39430.95756638979
3.2226666666666667e-06,-7.121000031912507,0.013548866116570904,39366.91704436762
3.224e-06,-7.149225357285042,0.013601312453928927,39302.588992671444
3.2253333333333333e-06,-7.177510632794015,0.013653672825800336,39237.96881444385
3.2266666666666665e-06,-7.2058819537140915,0.013705946842857974,39173.056772014934
3.228e-06,-7.234272611861788,0.01375813412375468,39107.864573047205
3.229333333333333e-06,-7.2626053877973895,0.013810234303801421,39042.405497068066
3.2306666666666664e-06,-7.290808220487311,0.013862247036104362,38976.69295734334
3.2319999999999997e-06,-7.318817531474788,0.013914171991653405,38910.74036622264
3.233333333333333e-06,-7.346593861247627,0.013966008858784828,38844.56033091661
3.2346666666666667e-06,-7.374109461655525,0.014017757339846606,38778.16126172669
3.236e-06,-7.40135493898234,0.014069417135392401,38711.532056970434
3.2373333333333333e-06,-7.428328410706684,0.014120987929301583,38644.65880680507
3.2386666666666666e-06,-7.455033365977653,0.01417246938666709,38577.527241458236
3.24e-06,-7.481474726301723,0.014223861153382235,38510.12283126028
3.241333333333333e-06,-7.507641016770767,0.014275162856196635,38442.43139034181
3.2426666666666665e-06,-7.5335355112448825,0.014326374105451366,38374.44249175603
3.2439999999999998e-06,-7.559252776552235,0.014377494509961846,38306.16427396719
3.245333333333333e-06,-7.584893661014105,0.014428523691054561,38237.60736511001
3.2466666666666664e-06,-7.610548917240906,0.014479461284306024,38168.78251208585
3.248e-06,-7.636301019619853,0.014530306939315096,38099.70000150078
3.2493333333333334e-06,-7.662232028937196,0.014581060316766668,38030.36617585555
3.2506666666666667e-06,-7.688407836851341,0.0146317210849903,37960.78615959768
3.252e-06,-7.714833398211078,0.014682288917262502,37890.96224870442
3.2533333333333332e-06,-7.741503062494084,0.01473276348976472,37820.896504626886
3.2546666666666665e-06,-7.7684104035206625,0.014783144481527385,37750.5911393725
3.256e-06,-7.795543374954567,0.014833431574610497,37680.0484852973
3.257333333333333e-06,-7.82286182303257,0.014883624454142104,37609.27081211526
3.2586666666666664e-06,-7.8503131468896,0.014933722806995425,37538.258467870735
3.2599999999999997e-06,-7.87781395583028,0.014983726314128887,37467.002232326806
3.261333333333333e-06,-7.905275270105157,0.015033634643319567,37395.491553692154
3.2626666666666667e-06,-7.932607360301489,0.015083447448207261,37323.71577782942
3.264e-06,-7.959732774051107,0.015133164368537478,37251.66471749607
3.2653333333333333e-06,-7.986647486288368,0.01518278503309508,37179.33211891208
3.2666666666666666e-06,-8.013373834188256,0.015232309064036683,37106.714293493555
3.268e-06,-8.039988886487595,0.01528173608476533,37033.816799478736
3.269333333333333e-06,-8.066580406347427,0.015331065726921032,36960.64643407444
3.2706666666666665e-06,-8.093238313285058,0.01538029763123088,36887.21003070024
3.2719999999999998e-06,-8.1200378170484,0.015429431447884142,36813.514949195305
3.273333333333333e-06,-8.14695972814576,0.015478466839231809,36739.57207230819
3.2746666666666663e-06,-8.173948850018945,0.015527403482547594,36665.39290137188
3.276e-06,-8.200862722804713,0.015576241070321723,36590.988759802225
3.2773333333333334e-06,-8.227545325460838,0.015624979310093186,36516.37089739333
3.2786666666666666e-06,-8.253841479143095,0.015673617924362636,36441.550506784966
3.28e-06,-8.27962441842642,0.01572215664945847,36366.53713696612
3.2813333333333332e-06,-8.30492667953966,0.01577059522683336,36291.3289253724
3.2826666666666665e-06,-8.329833832589983,0.015818933392894117,36215.9201657632
3.284e-06,-8.354516177517878,0.015867170870786373,36140.29667262503
3.285333333333333e-06,-8.379167753897264,0.015915307364006624,36064.44315775061
3.2866666666666664e-06,-8.403994414362959,0.015963342555679085,35988.34435094726
3.2879999999999997e-06,-8.429169507636539,0.016011276109467676,35911.986331942324
3.2893333333333334e-06,-8.454622822742225,0.01605910767687785,35835.364783293946
3.2906666666666667e-06,-8.480228467115907,0.016106836906202706,35758.47920399503
3.292e-06,-8.50583920891221,0.016154463451768342,35681.33914446306
3.2933333333333333e-06,-8.531287220937715,0.01620198698154009,35603.955513157845
3.2946666666666666e-06,-8.556383960310527,0.016249407178046953,35526.33924713927
3.296e-06,-8.580963625148412,0.01629672373790135,35448.500534457686
3.297333333333333e-06,-8.605091425531445,0.016343936367568812,35370.44396673608
3.2986666666666665e-06,-8.628883682033806,0.01639104477807599,35292.17179403129
3.2999999999999997e-06,-8.652500032066264,0.01643804867908252,35213.67971577138
3.301333333333333e-06,-8.676112809599122,0.01648494777393407,35134.962561551765
3.3026666666666663e-06,-8.699901173349929,0.016531741759085204,35056.015165151504
3.304e-06,-8.724025827273376,0.016578430324829155,34976.833450754864
3.3053333333333333e-06,-8.748506463220583,0.01662501316129083,34897.42124176283
3.3066666666666666e-06,-8.773310895953683,0.016671489965284267,34817.78474839573
3.308e-06,-8.798274258083667,0.016717860444975217,34737.93478803356
3.3093333333333332e-06,-8.823214320594426,0.016764124323317163,34657.88272488186
3.3106666666666665e-06,-8.847954633213432,0.016810281338361672,34577.639841883545
3.312e-06,-8.872335312384159,0.016856331241687242,34497.21514647364
3.313333333333333e-06,-8.896266279463132,0.016902273786141245,34416.60153453251
3.3146666666666664e-06,-8.919699412878067,0.016948108712142966,34335.787468055045
3.3159999999999997e-06,-8.94272029029991,0.01699383574005788,34254.754404315536
3.3173333333333334e-06,-8.965433677423828,0.017039454564988864,34173.48299214094
3.3186666666666667e-06,-8.98794029355691,0.017084964856340885,34091.95403589184
3.32e-06,-9.010336537111506,0.01713036625964676,34010.15092292293
3.3213333333333333e-06,-9.03271248803793,0.017175658410279654,33928.07502642416
3.3226666666666666e-06,-9.05514351352226,0.017220840949227986,33845.73339607533
3.324e-06,-9.077636992150971,0.017265913534335205,33763.144264756265
3.325333333333333e-06,-9.100193255130701,0.017310875848751087,33680.32735906676
3.3266666666666664e-06,-9.122818082243867,0.01735572760191167,33597.30238181254
3.3279999999999997e-06,-9.145524332444374,0.017400468528729392,33514.087844768655
3.329333333333333e-06,-9.168339950865608,0.017445098383035186,33430.69361392499
3.3306666666666667e-06,-9.191317973189669,0.017489616929114528,33347.12550506843
3.332e-06,-9.214623362662836,0.01753402393094298,33263.37723761252
