Bmax (T) =,0.024977452449202246,Freq(Hz) =,200000.0,Hc =,0.5933356571557552,Br (T) =,0.0010152996894405956,Hmax =,14.223929022344597,µr =,1397.3934406198412,W(J/m³) =,-0.0136351755197905,P(W/m³) =,-2727.0351039581
temps (s),ChampH (A/m),ChampB (T),dB/dt (T/s)
0.0,-11.421610357253005,0.02188647907429754,14780.44940495088
2e-09,-11.435668290362111,0.02191596910269417,14709.578991678854
4e-09,-11.449917579554127,0.021945317314459957,14638.632774105605
6.000000000000001e-09,-11.464553312724112,0.021974523614854923,14567.667620860793
8e-09,-11.479468991932292,0.02200358796238333,14496.67990754836
1e-08,-11.494343751884308,0.02203251026093077,14425.618639891652
1.2000000000000002e-08,-11.508935041446085,0.022061290315681947,14354.436111283696
1.4000000000000001e-08,-11.52295355737458,0.022089927835283945,14283.083490715357
1.6e-08,-11.536381191099675,0.022118422483918473,14211.565143813323
1.8000000000000002e-08,-11.549517456010884,0.022146773972948227,14139.923885941034
2e-08,-11.562699931507016,0.022174982092264848,14068.195430676022
2.2000000000000002e-08,-11.576274353467769,0.022203046704104213,13996.416408692283
2.4000000000000003e-08,-11.590504514197372,0.022230967706096925,13924.585584018547
2.6e-08,-11.605369328948584,0.022258744974146483,13852.68246553749
2.8000000000000003e-08,-11.620653443435854,0.022286378358232443,13780.701620422487
3.0000000000000004e-08,-11.636176157510384,0.022313867696556904,13708.636704039158
3.2e-08,-11.651626406872174,0.022341212823381133,13636.490120189781
3.4e-08,-11.666712777507282,0.022368413561866595,13564.24836527467
3.6000000000000005e-08,-11.681299450898095,0.022395469679481802,13491.869249932117
3.8e-08,-11.695217212357356,0.0224223808597171,13419.310985364444
4e-08,-11.708507815448101,0.022449146729072725,13346.55837026098
4.2000000000000006e-08,-11.72146158824825,0.022475766934416965,13273.646973976627
4.4000000000000004e-08,-11.73440087551955,0.022502241228986926,13200.647595988494
4.6e-08,-11.747657374723408,0.022528569507754934,13127.631172017966
4.8000000000000006e-08,-11.7613909636287,0.0225547517673821,13054.628455146456
5.0000000000000004e-08,-11.775424374084105,0.022580788005470594,12981.609633348786
5.2e-08,-11.789410823564554,0.022606678126969017,12908.511865074712
5.4e-08,-11.803011516428416,0.022632421910955533,12835.272121441722
5.6000000000000005e-08,-11.816018239198764,0.02265801905034142,12761.867264445096
5.8e-08,-11.828596036226925,0.022683469242053146,12688.32444728272
6.000000000000001e-08,-11.841164227199075,0.022708772258057817,12614.691557385298
6.2e-08,-11.854122724749796,0.022733927966659292,12541.017044088818
6.4e-08,-11.867772212554263,0.02275893629812141,12467.314418028454
6.600000000000001e-08,-11.882055000267483,0.022783797177163334,12393.564623901038
6.8e-08,-11.89663650439391,0.022808510486660934,12319.744873697415
7e-08,-11.911203251589493,0.022833076063314146,12245.831779513472
7.200000000000001e-08,-11.925471679564502,0.02285749371225605,12171.817162387812
7.4e-08,-11.939344403461051,0.022881763229137427,12097.69971899162
7.6e-08,-11.952896191164712,0.02290588439933297,12023.470476555374
7.800000000000001e-08,-11.966189494753399,0.022929856990494272,11949.120684744008
8e-08,-11.979274071137114,0.022953680756138992,11874.64495997485
8.2e-08,-11.99219188004302,0.02297735545219157,11800.051092602358
8.400000000000001e-08,-12.004977441419644,0.023000880863079474,11725.35979530349
8.6e-08,-12.017652237676797,0.023024256814581135,11650.591706357041
8.800000000000001e-08,-12.030286731739972,0.023047483170613215,11575.764325723017
9.000000000000001e-08,-12.04282080229608,0.023070559823531865,11500.888592927717
9.2e-08,-12.055013200549054,0.02309348668265182,11425.970527027142
9.400000000000001e-08,-12.066661738814593,0.023116263669271116,11351.016092270502
9.600000000000001e-08,-12.077602919514838,0.023138890718501223,11276.03313783455
9.8e-08,-12.088024846019293,0.02316136777957511,11201.027936054605
1.0000000000000001e-07,-12.097912241011564,0.02318369481031515,11126.002803981122
1.02e-07,-12.107929885768488,0.023205871773326975,11050.960207843946
1.04e-07,-12.11853398052427,0.02322789862640294,10975.892868120953
1.0600000000000001e-07,-12.129882187967498,0.02324977529554498,10900.776273922838
1.08e-07,-12.141839833462292,0.02327150164673479,10825.574915884172
1.1e-07,-12.154305323375134,0.023293077475111338,10750.25346066472
1.1200000000000001e-07,-12.167210036559661,0.02331450251120494,10674.782632936885
1.14e-07,-12.180491988478366,0.02333577645576191,10599.161924034343
1.16e-07,-12.19407516023257,0.023356899038080928,10523.42039498328
1.1800000000000001e-07,-12.207848937644293,0.02337787004503546,10447.58655955088
1.2000000000000002e-07,-12.221667781319665,0.023398689325615275,10371.694020261526
1.22e-07,-12.235410695188534,0.023419356782034315,10295.762398775698
1.24e-07,-12.248993885906398,0.023439872332339778,10219.787906689558
1.2600000000000002e-07,-12.262332742115781,0.02346023588732312,10143.767076652262
1.28e-07,-12.275341809546315,0.023480447348980405,10067.694580635236
1.3e-07,-12.287973198056394,0.023500506610293508,9991.566732466807
1.3200000000000002e-07,-12.300225560615191,0.023520413561253575,9915.384227602537
1.34e-07,-12.312121129438118,0.023540168093423186,9839.147942002943
1.36e-07,-12.323705807643623,0.02355977009524386,9762.853878672511
1.3800000000000002e-07,-12.335006118550192,0.023579219455378286,9686.506255755907
1.4e-07,-12.346018515684843,0.02359851608664,9610.1250059569
1.42e-07,-12.356733973282829,0.023617659941173808,9533.729527849157
1.4400000000000002e-07,-12.367137885864231,0.023636651007221718,9457.33652006184
1.46e-07,-12.377156483210149,0.02365548927651346,9380.932771680216
1.48e-07,-12.386655678332414,0.023674174679108498,9304.469823357826
1.5000000000000002e-07,-12.395502794770358,0.023692707048628928,9227.899697069384
1.52e-07,-12.403566297318365,0.023711086139497385,9151.191171387949
1.54e-07,-12.410998575675427,0.023729311685039237,9074.35437046355
1.5600000000000002e-07,-12.418252358807568,0.0237473834732919,8997.433882200323
1.58e-07,-12.425777841807706,0.023765301381551952,8920.474377855397
1.6e-07,-12.434023449499326,0.023783065354973223,8843.499043415259
1.6200000000000002e-07,-12.443175862375382,0.023800675354297165,8766.500280525017
1.64e-07,-12.453138664271222,0.023818131309612894,8689.455035203593
1.66e-07,-12.463797793458879,0.023835433104566976,8612.339918880936
1.6800000000000002e-07,-12.47502143278819,0.023852580584368153,8535.13988229118
1.7000000000000001e-07,-12.486556567747767,0.023869573572562468,8457.848312026752
1.72e-07,-12.49802950956457,0.023886411880744474,8380.459869977285
1.7400000000000002e-07,-12.509075840034969,0.023903095309837086,8302.969222635415
1.7600000000000001e-07,-12.519339862821843,0.023919623662997665,8225.383937943252
1.78e-07,-12.528694686288317,0.02393599678153051,8147.734594905239
1.8000000000000002e-07,-12.53725420994443,0.02395221458289575,8070.066770331713
1.8200000000000002e-07,-12.545127668086483,0.023968277075696376,7992.42603029788
1.84e-07,-12.552419791601382,0.023984184342217687,7914.840491012902
1.8600000000000002e-07,-12.559249569408848,0.023999936478916913,7837.296208211238
1.8800000000000002e-07,-12.565762768871286,0.02401553352003028,7759.7449051566955
1.9e-07,-12.572140200610306,0.0240309754036239,7682.1386884615895
1.9200000000000003e-07,-12.578598099482099,0.024046261981592505,7604.439280142063
1.9400000000000002e-07,-12.585218968143474,0.02406139306669026,7526.645817617944
1.96e-07,-12.591920012043515,0.024076368507565192,7448.795057309612
1.98e-07,-12.598588347764991,0.024091188226048388,7370.92342588759
2.0000000000000002e-07,-12.605080640448534,0.02410585220405717,7293.054582897489
2.02e-07,-12.61142605180589,0.02412036043722151,7215.17858143941
2.04e-07,-12.617852167499763,0.024134712872080705,7137.2562777566745
2.0600000000000002e-07,-12.624589634104176,0.024148909376862888,7059.248504426301
2.08e-07,-12.631872620788405,0.024162949763772854,6981.138405537856
2.1e-07,-12.639660875237109,0.024176833849748613,6902.947570220816
2.1200000000000002e-07,-12.64761940307718,0.02419056151918261,6824.721863775697
2.14e-07,-12.65542870937422,0.024204132748360155,6746.507313773811
2.16e-07,-12.662784307310442,0.024217547583258628,6668.327584695193
2.1800000000000002e-07,-12.669547921722634,0.024230806081179664,6590.170336342766
2.2e-07,-12.675747765053615,0.02424390825382961,6512.002313604784
2.22e-07,-12.681379886044887,0.024256854046278847,6433.790135627667
2.2400000000000002e-07,-12.686407976558574,0.02426964334748025,6355.511065779201
2.26e-07,-12.690861872554104,0.02428227602418917,6277.165643137201
2.28e-07,-12.694865936839193,0.024294751962149905,6198.772317599073
2.3000000000000002e-07,-12.698582151175373,0.024307071083816145,6120.349348642133
2.32e-07,-12.702210564218076,0.02431923334912695,6041.915962160813
2.34e-07,-12.705881665369963,0.02433123873295611,5963.467866999376
2.3600000000000002e-07,-12.70963223778886,0.024343087169612837,5884.968789728683
2.3800000000000001e-07,-12.713486600434777,0.024354778521619765,5806.383217201554
2.4000000000000003e-07,-12.717456494601299,0.024366312577949256,5727.6731122877345
2.42e-07,-12.721539517933863,0.024377689084026904,5648.832965362502
2.44e-07,-12.72571647575926,0.024388907820479054,5569.903486784602
2.46e-07,-12.729946522303448,0.024399968648726133,5490.924760294531
2.48e-07,-12.734167093115744,0.02441087151176492,5411.9382784950285
2.5000000000000004e-07,-12.738374068117485,0.024421616416194617,5332.966151199522
2.5200000000000003e-07,-12.742644452300839,0.024432203385051456,5254.002705637702
2.54e-07,-12.747086514404103,0.024442632430096724,5175.042339634848
2.56e-07,-12.75184009796168,0.024452903546685348,5096.0742489874065
2.58e-07,-12.756857932989666,0.024463016704265903,5017.083331567049
2.6e-07,-12.761866162536707,0.024472971842765836,4938.055168361192
2.62e-07,-12.766562344410517,0.024482768873257364,4858.975323169342
2.6400000000000003e-07,-12.7706148330179,0.024492407679542878,4779.830962345576
2.66e-07,-12.773991226115736,0.024501888125964603,4700.61545937826
2.68e-07,-12.77700612120866,0.024511210069865785,4621.328441807375
2.7e-07,-12.779989111089993,0.024520373367700944,4541.969393349198
2.72e-07,-12.783285342244913,0.024529377894307286,4462.557212991781
2.74e-07,-12.786942953609575,0.024538223577799247,4383.126278969705
2.7600000000000004e-07,-12.790677426453499,0.02454691041211603,4303.708037813855
2.7800000000000003e-07,-12.794217649497593,0.024555438454744446,4224.3345906019385
2.8e-07,-12.797305587004761,0.024563807796008457,4145.006673410334
2.82e-07,-12.799942766986252,0.024572018504470498,4065.7017886301237
2.84e-07,-12.802403046829697,0.024580070611261523,3986.405002392759
2.86e-07,-12.804915157033761,0.024587964116877546,3907.1006136314386
2.8800000000000004e-07,-12.807662781142295,0.024595699008526272,3827.791035094345
2.9000000000000003e-07,-12.810697876221045,0.024603275282408233,3748.482846867394
2.92e-07,-12.813959307314637,0.024610692930760392,3669.16550529045
2.94e-07,-12.817448274553142,0.02461795192514328,3589.828877597273
2.96e-07,-12.821228766155707,0.024625052213778476,3510.459757597205
2.98e-07,-12.825279753626255,0.024631993724902698,3431.051366627144
3.0000000000000004e-07,-12.82944634862468,0.024638776385961028,3351.6096917036125
3.0200000000000003e-07,-12.833522094633604,0.024645400136368005,3272.140715272747
3.04e-07,-12.837248246894687,0.02465186492337648,3192.646293203179
3.06e-07,-12.840530029748141,0.02465817069430744,3113.1246377578336
3.08e-07,-12.843484900065855,0.024664317393027557,3033.574082356087
3.1e-07,-12.84625656251708,0.024670304959834827,2953.992724919275
3.1200000000000004e-07,-12.849015353523502,0.02467613334204843,2874.3894886817407
3.1400000000000003e-07,-12.851826615098433,0.024681802518137525,2794.7866004128223
3.16e-07,-12.854622771516006,0.02468731251530012,2715.2105621809683
3.18e-07,-12.857322058623634,0.02469266341379987,2635.687937569885
3.2e-07,-12.859828357749372,0.024697855339610098,2556.2378726578604
3.22e-07,-12.862071280609776,0.02470288843541467,2476.8579319105843
3.2400000000000004e-07,-12.864016056765717,0.024707762819235167,2397.525888590732
3.2600000000000003e-07,-12.86563072739992,0.024712478564972506,2318.219848746364
3.28e-07,-12.86688614465526,0.024717035699711724,2238.914890473008
3.3e-07,-12.867759168433741,0.024721434213138303,2159.5985361057565
3.32e-07,-12.868238078632759,0.02472567409096129,2080.2792868786837
3.34e-07,-12.8683327310058,0.02472975533559843,2000.9653502607466
3.3600000000000004e-07,-12.868074596807311,0.02473367796544202,1921.664493331961
3.3800000000000004e-07,-12.867646335755042,0.024737442002368274,1842.3724329194295
3.4000000000000003e-07,-12.867385998174274,0.024741047443551434,1763.0687502414119
3.42e-07,-12.867600576328751,0.024744494245366924,1683.7330652463647
3.44e-07,-12.868566205255142,0.024747782331655067,1604.3532228993085
3.46e-07,-12.870341235950622,0.02475091161200415,1524.9271261803938
3.4800000000000005e-07,-12.87275626296107,0.02475388199518139,1445.456051063526
3.5000000000000004e-07,-12.875674745544776,0.02475669339286347,1365.941631013213
3.5200000000000003e-07,-12.878993247924765,0.02475934571784187,1286.3833473898624
3.54e-07,-12.882592616213046,0.024761838899481484,1206.79829222055
3.56e-07,-12.886315615637479,0.024764172928354058,1127.2305803522518
3.58e-07,-12.889980373323022,0.024766347882731892,1047.723797484797
3.6000000000000005e-07,-12.893379779932218,0.024768363920499005,968.3139696269075
3.6200000000000004e-07,-12.896415869093046,0.02477022123938715,889.0049185190661
3.6400000000000003e-07,-12.899121842938824,0.024771920009838723,809.765533052642
3.66e-07,-12.90151270622361,0.024773460340089374,730.5647176006053
3.68e-07,-12.903585237184737,0.024774842274548174,651.3697411943224
3.7e-07,-12.905305577435543,0.024776065799405923,572.1551165598174
3.7200000000000005e-07,-12.90662259582679,0.024777130862122684,492.9076002021746
3.7400000000000004e-07,-12.907525400552899,0.02477803738348931,413.61376642129574
3.7600000000000003e-07,-12.908043636675387,0.024778785281173468,334.28391773446003
3.78e-07,-12.908296385571624,0.024779374512835153,254.9477439553423
3.8e-07,-12.908480477667274,0.024779805091142765,175.63056365359557
3.82e-07,-12.90875879794274,0.024780077080206207,96.35849979228668
3.8400000000000005e-07,-12.909260176630148,0.02478019057244513,17.13373912949223
3.8600000000000004e-07,-12.910012001127232,0.024780145648341956,-62.05784230245206
3.8800000000000003e-07,-12.910943990793177,0.02477994236965817,-141.2208414827601
3.9e-07,-12.912008080942533,0.024779580788569767,-220.36024692365478
3.92e-07,-12.91317876646372,0.02477906093691857,-299.4914042723659
3.94e-07,-12.914330046540481,0.02477838280182266,-378.64369163917627
3.96e-07,-12.915212571080355,0.024777546305419087,-457.85271193044844
3.9800000000000004e-07,-12.91558942576921,0.024776551297946522,-537.1547606378277
4.0000000000000003e-07,-12.915235746371579,0.024775397603287,-616.5398988833622
4.02e-07,-12.914160113572485,0.02477408510732058,-695.9560675382022
4.04e-07,-12.91262663872046,0.024772613796753176,-775.3544998645975
4.06e-07,-12.910853042251022,0.02477098375711327,-854.6851400389855
4.08e-07,-12.90901041719671,0.02476919512974052,-933.9422327101133
4.1000000000000004e-07,-12.907117172107405,0.02476724803270825,-1013.1547995603889
4.1200000000000004e-07,-12.905046932023366,0.024765142537809804,-1092.3400988862315
4.1400000000000003e-07,-12.902728121749599,0.024762878681533082,-1171.5161778392303
4.16e-07,-12.900144574856949,0.024760456477626158,-1250.687729082633
4.18e-07,-12.897375263626401,0.024757875939671683,-1329.8502253922857
4.2e-07,-12.894576616887372,0.024755137084477644,-1409.0049686507145
4.2200000000000005e-07,-12.891864306049674,0.024752239926074712,-1488.1534342778127
4.2400000000000004e-07,-12.889312836386253,0.02474918449126441,-1567.2813760217707
4.2600000000000003e-07,-12.886911183179777,0.024745970844525806,-1646.3653625851255
4.28e-07,-12.884572267047693,0.02474259908877187,-1725.390391354697
4.3e-07,-12.882235953002523,0.024739069357653957,-1804.3407265542157
4.32e-07,-12.879869409134336,0.02473538178958851,-1883.2273388933963
4.3400000000000005e-07,-12.877544017305274,0.02473153648649345,-1962.075756162047
4.3600000000000004e-07,-12.87543619349265,0.024727533515722374,-2040.8950149191942
4.3800000000000003e-07,-12.873697854062856,0.024723372925821423,-2119.694886030447
4.4e-07,-12.872456260199346,0.02471905475619486,-2198.4747405318976
4.42e-07,-12.871592287903098,0.024714579044952736,-2277.2365015932864
4.44e-07,-12.87070964684406,0.02470994580778543,-2356.000665711519
4.4600000000000005e-07,-12.8694282982672,0.02470515501945844,-2434.787661279522
4.4800000000000004e-07,-12.867384473854313,0.024700206622017683,-2513.6097794776624
4.5000000000000003e-07,-12.864498079431895,0.024695100547728194,-2592.464510013336
4.52e-07,-12.86101817928281,0.024689836743800334,-2671.3394178459193
4.54e-07,-12.85718999121547,0.024684415182579404,-2750.221803082149
4.56e-07,-12.853254612554187,0.024678835860838362,-2829.0999379603813
4.5800000000000005e-07,-12.849298068424568,0.024673098794889967,-2907.9660104369864
4.6000000000000004e-07,-12.84522641156825,0.024667204012657724,-2986.816221803981
4.6200000000000003e-07,-12.840958178591391,0.02466115154992108,-3065.6465148409197
4.64e-07,-12.836424647687124,0.02465494144707419,-3144.45633204893
4.66e-07,-12.831601719903569,0.024648573751752893,-3223.2389892516007
4.68e-07,-12.826508220887852,0.024642048538787986,-3301.9739756511785
4.7000000000000005e-07,-12.82114406415294,0.024635365923811395,-3380.6410009387355
4.7200000000000004e-07,-12.815489954613387,0.02462852605283907,-3459.229971384562
4.7400000000000004e-07,-12.809696691472439,0.024621529070541364,-3537.7523263224343
4.7600000000000003e-07,-12.804129388734657,0.024614375081985145,-3616.2362299007605
4.78e-07,-12.799159357691405,0.0246070641356113,-3694.710143941349
4.800000000000001e-07,-12.795164532784545,0.02459959624531874,-3773.1801486202553
4.82e-07,-12.792046611854055,0.02459197144070417,-3851.624465947534
4.84e-07,-12.789130065915511,0.024584189803076795,-3930.0131614314073
4.86e-07,-12.785735111911494,0.02457625147414487,-4008.315770494159
4.88e-07,-12.781177621610517,0.024568156634807933,-4086.5235664387296
4.900000000000001e-07,-12.775311366536881,0.024559905459315818,-4164.651925679105
4.92e-07,-12.768644030186708,0.02455149808784901,-4242.7195411282555
4.940000000000001e-07,-12.76169389057215,0.02454293462286797,-4320.745439908881
4.96e-07,-12.754989424264636,0.024534215128468033,-4398.748960029949
4.98e-07,-12.748771549873474,0.02452533963711218,-4476.742395823817
5.000000000000001e-07,-12.742924493034412,0.02451630777545699,-4555.119259360402
5.02e-07,-12.737316825988994,0.024507119142128306,-4633.5140693258745
5.040000000000001e-07,-12.731801909842266,0.024497773743212256,-4711.884846727894
5.06e-07,-12.726255808582918,0.02448827165402499,-4790.204340538957
5.08e-07,-12.720593187974703,0.024478612983093062,-4868.466591385493
5.1e-07,-12.71474499481488,0.024468797851646167,-4946.664855511971
5.12e-07,-12.708658431975174,0.024458826395376682,-5024.791413971614
5.140000000000001e-07,-12.702307250153291,0.024448698754013662,-5102.849949046458
5.16e-07,-12.695689131182169,0.024438415051901117,-5180.852163500194
5.180000000000001e-07,-12.688798291045591,0.0244279753897843,-5258.809953315857
5.2e-07,-12.681625263007579,0.024417379844308102,-5336.735522883092
5.22e-07,-12.67421472305064,0.024406628463271792,-5414.645513428497
5.24e-07,-12.666677689632126,0.024395721254203747,-5492.563554613452
5.26e-07,-12.659118977554467,0.02438465817734089,-5570.513308245515
5.280000000000001e-07,-12.65163720345404,0.02437343914563883,-5648.518393810093
5.3e-07,-12.644333716359917,0.024362064068851344,-5726.5583936802195
5.32e-07,-12.63731938997477,0.024350532952372828,-5804.558084833406
5.34e-07,-12.63071840882492,0.02433884595213157,-5882.4421564311015
5.36e-07,-12.624668595393555,0.02432700337447117,-5960.135503965882
5.380000000000001e-07,-12.619056801722374,0.024315005604200704,-6037.63476650187
5.4e-07,-12.61345099437116,0.024302852945295387,-6115.024138810384
5.420000000000001e-07,-12.607402715814771,0.024290545532704554,-6192.388452021821
5.44e-07,-12.600446857043467,0.024278083331505166,-6269.812747370406
5.46e-07,-12.59246587756494,0.02426546620494124,-6347.313816550443
5.48e-07,-12.583781688256064,0.024252694064784346,-6424.826340346354
5.5e-07,-12.57472909669158,0.02423976695392449,-6502.284519508132
5.520000000000001e-07,-12.56565541798964,0.024226685046963476,-6579.6224415066
5.54e-07,-12.5568213688858,0.02421344860986525,-6656.814656717929
5.560000000000001e-07,-12.548370654499587,0.024200057908893596,-6733.886314938489
5.58e-07,-12.540430504655468,0.024186513160036092,-6810.862542566628
5.6e-07,-12.533112073803657,0.024172814529332322,-6887.768161204108
5.620000000000001e-07,-12.526319587095765,0.024158962136141188,-6964.625029929144
5.64e-07,-12.519709845947956,0.02414495606297737,-7041.448133890363
5.660000000000001e-07,-12.512945547576747,0.02413079636210908,-7118.252734398878
5.68e-07,-12.505695546666919,0.024116483054876188,-7195.054498490523
5.7e-07,-12.497876710287441,0.024102016151252667,-7271.849125031821
5.72e-07,-12.489715782855997,0.024087395691152556,-7348.610975078135
5.74e-07,-12.48145793743827,0.024072621766109182,-7425.314068295307
5.760000000000001e-07,-12.473366393829854,0.024057694519945074,-7501.932095815042
5.78e-07,-12.465536835817057,0.024042614119799285,-7578.468049974798
5.800000000000001e-07,-12.457838746507687,0.02402738069261905,-7654.959130255299
5.82e-07,-12.450106360148023,0.02401199429069499,-7731.442793804893
5.84e-07,-12.442138660726915,0.023996454891262616,-7807.956638572009
5.860000000000001e-07,-12.433783981261618,0.0239807624391308,-7884.495493243547
5.88e-07,-12.424975401211201,0.02396491694372291,-7960.999914643643
5.900000000000001e-07,-12.415670070837779,0.02394891853330538,-8037.410502888951
5.92e-07,-12.405849335237047,0.023932767454579458,-8113.668223035035
5.94e-07,-12.395596386290597,0.0239164640305351,-8189.755821322015
5.96e-07,-12.385116079474724,0.02390000856074216,-8265.713971618597
5.98e-07,-12.374637606627905,0.023883401263830283,-8341.582940259359
6.000000000000001e-07,-12.364414506458369,0.023866642278795404,-8417.402094616706
6.02e-07,-12.35455789926231,0.023849731677768153,-8493.19893263454
6.040000000000001e-07,-12.344974630287668,0.023832669502655664,-8568.9761798532
6.06e-07,-12.33551679631881,0.02381545578908784,-8644.737387974332
6.08e-07,-12.325981496903937,0.02379809056432146,-8720.48737840923
6.100000000000001e-07,-12.316289736282911,0.023780573853964516,-8796.222978530295
6.12e-07,-12.306556571954745,0.023762905689154165,-8871.941831821297
6.140000000000001e-07,-12.296940419836819,0.023745086106502528,-8947.640819812501
6.16e-07,-12.2876434642984,0.02372711514996364,-9023.315719079155
6.180000000000001e-07,-12.278682698500344,0.023708992874185243,-9098.96005931924
6.2e-07,-12.269813567576353,0.023690719355073463,-9174.559052460587
6.22e-07,-12.260769570877539,0.023672294698211534,-9250.097809466162
6.240000000000001e-07,-12.251262155388048,0.023653719038840476,-9325.561561592018
6.26e-07,-12.241191891372166,0.023634992542204167,-9400.93507471543
6.280000000000001e-07,-12.230714271579632,0.023616115405690894,-9476.201438557151
6.3e-07,-12.220000512102692,0.0235970878602119,-9551.344040434773
6.32e-07,-12.20923722875572,0.02357791016956347,-9626.346607998224
6.340000000000001e-07,-12.198506264169465,0.02355858260185282,-9701.221102652777
6.36e-07,-12.187740380232029,0.023539105364437464,-9776.016312703503
6.380000000000001e-07,-12.176838751406006,0.023519478566754817,-9850.781369942277
6.4e-07,-12.165666950193392,0.0234997022198847,-9925.56550017471
6.420000000000001e-07,-12.154225735551874,0.023479776285543735,-10000.368840790887
6.44e-07,-12.142711885856999,0.02345970078591644,-10075.130786503618
6.46e-07,-12.131348871541508,0.023439475864950442,-10149.790179491429
6.480000000000001e-07,-12.120387101691659,0.02341910178915369,-10224.28561726056
6.5e-07,-12.109841431886919,0.023398578899447763,-10298.604088671507
6.520000000000001e-07,-12.099412029542915,0.023377907501819575,-10372.79353951228
6.54e-07,-12.088802721805932,0.02335708780611554,-10446.902164524081
6.56e-07,-12.07772147163498,0.023336119925887956,-10520.978063061943
6.58e-07,-12.06611069186036,0.023315003901991826,-10595.045833064964
6.6e-07,-12.054212537595859,0.023293739758629296,-10669.097529467535
6.620000000000001e-07,-12.04227217079221,0.023272327535722382,-10743.125377445189
6.64e-07,-12.03053698323713,0.02325076728828786,-10817.122057074652
6.660000000000001e-07,-12.019149035989532,0.023229059101267102,-10891.064963684843
6.68e-07,-12.008110084772733,0.02320720312007201,-10964.916231405208
6.7e-07,-11.997406965017797,0.023185199566284478,-11038.637556130327
6.720000000000001e-07,-11.987011949414004,0.02316304873858705,-11112.190141297935
6.74e-07,-11.976774662139526,0.02314075097161235,-11185.576833397476
6.760000000000001e-07,-11.966392319697762,0.02311830654417708,-11258.850601874901
6.78e-07,-11.955555532721533,0.02309571562871071,-11332.064864496799
6.800000000000001e-07,-11.943948422936296,0.023072978290556063,-11405.273290149562
6.82e-07,-11.931579612383125,0.023050094539550266,-11478.477715647436
6.84e-07,-11.918885815774779,0.023027064446972275,-11551.61486234197
6.860000000000001e-07,-11.906321787123987,0.0230038882111285,-11624.620981434113
6.88e-07,-11.89435964420864,0.02298056615793734,-11697.432209727434
6.900000000000001e-07,-11.883125399356917,0.02295709868309731,-11770.042630303557
6.92e-07,-11.872284525160671,0.02293348611931691,-11842.5211500952
6.94e-07,-11.861495894258226,0.022909728661108693,-11914.937058121586
6.960000000000001e-07,-11.85041290856886,0.022885826364505278,-11987.359545292225
6.98e-07,-11.838861880504846,0.022861779192368942,-12059.812591041118
7.000000000000001e-07,-11.82689535232549,0.022837587120677315,-12132.259100587273
7.02e-07,-11.81455672830332,0.022813250199646022,-12204.661930707896
7.040000000000001e-07,-11.801879321033159,0.022788768553336756,-12276.984378559118
7.06e-07,-11.788886149899835,0.022764142372269976,-12349.196688221211
7.08e-07,-11.775596246261019,0.022739371893302794,-12421.282278959261
7.100000000000001e-07,-11.76204664079558,0.02271445738668648,-12493.224337357045
7.12e-07,-11.748292731077042,0.022689399156770696,-12565.005578427346
7.140000000000001e-07,-11.734375891504627,0.0226641975177412,-12636.63345106537
7.16e-07,-11.720309557703189,0.02263885273979181,-12708.144498328189
7.18e-07,-11.70610855100564,0.02261336501972535,-12779.575568127959
7.200000000000001e-07,-11.691789055043454,0.02258773448042362,-12850.9637336026
7.22e-07,-11.677420236364853,0.022561961203167218,-12922.313522798582
7.240000000000001e-07,-11.663133928750668,0.02253604530140009,-12993.588244331126
7.26e-07,-11.649034076245842,0.02250998696224873,-13064.750907027697
7.280000000000001e-07,-11.635196333670635,0.02248378644688976,-13135.76445194149
7.3e-07,-11.62154104063152,0.022457444053497855,-13206.628939965127
7.32e-07,-11.607803924824871,0.02243096003205721,-13277.3925006787
7.340000000000001e-07,-11.593742456055846,0.022404334535918943,-13348.103637587576
7.36e-07,-11.57913677670784,0.022377567621362712,-13418.8109186469
7.380000000000001e-07,-11.563981399060918,0.02235065928168587,-13489.528758195253
7.4e-07,-11.548543544173368,0.0223236095256751,-13560.227252577697
7.420000000000001e-07,-11.53309727177104,0.02229641842227408,-13630.87614843912
7.440000000000001e-07,-11.51792253299712,0.022269086100993655,-13701.445131981474
7.46e-07,-11.503178391102571,0.02224161274267427,-13771.91318740593
7.480000000000001e-07,-11.488856622236952,0.02221399855786114,-13842.271625724035
7.5e-07,-11.474932474111238,0.022186243774462416,-13912.511773003394
7.520000000000001e-07,-11.461365199241198,0.0221583486378103,-13982.624879111972
7.54e-07,-11.447960254229079,0.02213031340488031,-14052.608050878782
7.56e-07,-11.434328493692389,0.022102138331522414,-14122.46530701467
7.580000000000001e-07,-11.420086149083586,0.02207382366542718,-14192.200788217975
7.6e-07,-11.404855283814562,0.022045369645899662,-14261.818739301432
7.620000000000001e-07,-11.388618912192262,0.022016776499339308,-14331.327821054665
7.64e-07,-11.371836701257813,0.021988044432325576,-14400.739192677218
7.660000000000001e-07,-11.354960378751565,0.021959173628424294,-14470.064708602984
7.680000000000001e-07,-11.338432005822973,0.02193016424668676,-14539.317028932861
7.7e-07,-11.322422869112186,0.021901016437369383,-14608.492288439806
7.720000000000001e-07,-11.3067495604151,0.02187173036933506,-14677.575745884491
7.74e-07,-11.291239003418012,0.021842306242159597,-14746.551429579866
7.760000000000001e-07,-11.275730245458346,0.02181274428894577,-14815.401784245112
7.78e-07,-11.260050921711027,0.021783044751809404,-14884.135352121108
7.8e-07,-11.244006652385393,0.021753207833018005,-14952.78343927866
7.820000000000001e-07,-11.227403554775343,0.021723233671475235,-15021.378103492798
7.84e-07,-11.210047880770247,0.021693122340908352,-15089.952463390033
7.860000000000001e-07,-11.19194974296337,0.021662873880383456,-15158.508061504546
7.88e-07,-11.173393304423087,0.021632488364060884,-15227.008261069293
7.900000000000001e-07,-11.154661441125338,0.021601965939367213,-15295.416432601127
7.92e-07,-11.136034738038623,0.021571306826857033,-15363.696077579785
7.94e-07,-11.117687101632105,0.0215405113031059,-15431.827673554599
7.960000000000001e-07,-11.099650764297758,0.021509579656596063,-15499.818836276363
7.98e-07,-11.081962728729946,0.021478512160990233,-15567.676769556823
8.000000000000001e-07,-11.064665699029197,0.021447309076339734,-15635.407880940562
8.02e-07,-11.04765623750396,0.021415970649353782,-15703.019105011967
8.04e-07,-11.030628017438413,0.02138449711827485,-15770.511973918055
8.060000000000001e-07,-11.013266517581233,0.02135288871803039,-15837.888270542828
8.08e-07,-10.995249409176328,0.02132114567943847,-15905.15032138075
8.100000000000001e-07,-10.976452693758578,0.02128926822640602,-15972.302711065715
8.12e-07,-10.957028344510318,0.02125725656810436,-16039.35559059503
8.140000000000001e-07,-10.937138494017391,0.02122511089327492,-16106.319238846452
8.16e-07,-10.916954302307321,0.0211928313701224,-16173.20391367269
8.18e-07,-10.896692208223532,0.021160418153324933,-16240.012883797943
8.200000000000001e-07,-10.876621382703346,0.02112787140007633,-16306.740364799934
8.22e-07,-10.856993745701285,0.021095191279299534,-16373.380411996162
8.240000000000001e-07,-10.838043840983644,0.021062377971910844,-16439.926976695613
8.26e-07,-10.81981174989292,0.021029431682040342,-16506.362893808997
8.280000000000001e-07,-10.802085891300477,0.02099635266353742,-16572.655609111323
8.300000000000001e-07,-10.784672549656765,0.02096314123553671,-16638.772391597617
8.32e-07,-10.767397425047895,0.02092979778267522,-16704.680469891216
8.340000000000001e-07,-10.750101582582337,0.020896322715542884,-16770.38666244772
8.36e-07,-10.732634178696092,0.020862716378383443,-16835.950496994697
8.380000000000001e-07,-10.714836732651511,0.020828978995784828,-16901.432101615115
8.4e-07,-10.696542463809362,0.02079511067186092,-16966.891822296762
8.42e-07,-10.677698912363129,0.020761111443025632,-17032.337012990487
8.440000000000001e-07,-10.658413003754553,0.020726981402800625,-17097.703212013283
8.46e-07,-10.638779852831272,0.02069272077411937,-17162.92546924345
8.480000000000001e-07,-10.618881875654152,0.020658329909729996,-17227.93892013199
8.5e-07,-10.598830332512708,0.02062380924468315,-17292.726126716127
8.520000000000001e-07,-10.578787264138002,0.020589159180905498,-17357.337650930982
8.540000000000001e-07,-10.558931509562361,0.02055438001905387,-17421.82420069764
8.56e-07,-10.53945909871494,0.020519471958927955,-17486.23592521591
8.580000000000001e-07,-10.520402494461552,0.020484435135240037,-17550.58776270349
8.6e-07,-10.501558658543749,0.020449269706387413,-17614.84108992279
8.620000000000001e-07,-10.482727697540673,0.020413975908128205,-17678.95716928597
8.64e-07,-10.463713865082278,0.02037855405312473,-17742.897834187344
8.66e-07,-10.444461081855643,0.020343004501138226,-17806.654152317373
8.680000000000001e-07,-10.425099461118537,0.020307327584109115,-17870.26287678871
8.7e-07,-10.4057360657897,0.020271523560440013,-17933.76079232071
8.720000000000001e-07,-10.38645351307213,0.02023559261556633,-17997.18408135601
8.74e-07,-10.367302411407817,0.020199534880503214,-18060.550981765344
8.760000000000001e-07,-10.348306721428298,0.02016335047854246,-18123.850978985578
8.780000000000001e-07,-10.329505597821647,0.02012703955416028,-18187.073403194885
8.8e-07,-10.310954132354471,0.020090602272897076,-18250.207860010672
8.820000000000001e-07,-10.292592743987058,0.0200540388153794,-18313.24965766608
8.84e-07,-10.274190818965625,0.0200173493639569,-18376.201764832975
8.860000000000001e-07,-10.255509910882148,0.01998053409467931,-18439.0675127558
8.88e-07,-10.236304222780142,0.019943593176631268,-18501.850535286456
8.900000000000001e-07,-10.21647740377151,0.01990652678715005,-18564.538945931985
8.920000000000001e-07,-10.196149970993394,0.019869335144385953,-18627.10381816414
8.94e-07,-10.175459539801105,0.01983201852495931,-18689.515608479272
8.960000000000001e-07,-10.154559881887929,0.019794577265244803,-18751.74410602893
8.98e-07,-10.133554524109512,0.019757011731843487,-18813.789295287585
9.000000000000001e-07,-10.112463569191338,0.01971932225584021,-18875.686707989196
9.02e-07,-10.09129185319915,0.01968150909648327,-18937.472648953077
9.04e-07,-10.070029151909186,0.019643572439664872,-18999.184169443422
9.060000000000001e-07,-10.04870178233925,0.019605512427814876,-19060.827680550126
9.08e-07,-10.027397573130713,0.01956732922721179,-19122.372922536848
9.100000000000001e-07,-10.006208879757654,0.01952902306530103,-19183.788988223
9.12e-07,-9.985232540430426,0.019490594231934166,-19245.04437864062
9.140000000000001e-07,-9.964460779038756,0.019452043052347233,-19306.13520829333
9.160000000000001e-07,-9.943739684614105,0.019413369826005354,-19367.09113358016
9.18e-07,-9.922935233510561,0.01937457479245749,-19427.942414286947
9.200000000000001e-07,-9.90193431379317,0.01933565813020374,-19488.719839461723
9.22e-07,-9.880673757555655,0.019296619983532718,-19549.42683156254
9.240000000000001e-07,-9.859141091400604,0.019257460524641945,-19610.03205921085
9.26e-07,-9.837289750301636,0.019218179988831824,-19670.50375091146
9.28e-07,-9.815037844248353,0.019178778675231586,-19730.809849324392
9.300000000000001e-07,-9.792424141011415,0.019139256924366146,-19790.941016112916
9.32e-07,-9.769683863778265,0.019099615064302224,-19850.919047810024
9.340000000000001e-07,-9.747069079108057,0.0190598533793365,-19910.765917912173
9.36e-07,-9.724848330138869,0.019019972109896595,-19970.50352199849
9.380000000000001e-07,-9.703153086239947,0.01897997146925071,-20030.13712388473
9.400000000000001e-07,-9.681907204089114,0.018939851685573376,-20089.646553445495
9.42e-07,-9.661022655844137,0.01889961302738891,-20149.011631022426
9.440000000000001e-07,-9.640400650799409,0.018859255803253615,-20208.212504272735
9.46e-07,-9.619847070400182,0.018818780346484824,-20267.24426451788
9.480000000000001e-07,-9.599041671460188,0.018778186977954435,-20326.124265870203
9.5e-07,-9.577679164119255,0.018737475983477834,-20384.870210731868
9.520000000000001e-07,-9.555469973220495,0.018696647613389527,-20443.499877575458
9.54e-07,-9.532431211722988,0.01865570209566908,-20502.017842871228
9.56e-07,-9.509009604553567,0.018614639663861406,-20560.41396480602
9.58e-07,-9.485656774911305,0.018573460572517703,-20618.677378895765
9.600000000000001e-07,-9.462826568635403,0.018532165098686302,-20676.796452501752
9.62e-07,-9.440657546324019,0.01849075352837961,-20734.77385419245
9.64e-07,-9.41882955543308,0.018449226130149467,-20792.62437595026
9.660000000000002e-07,-9.39699674558718,0.018407583142232366,-20850.36354114851
9.68e-07,-9.374790177769613,0.018365824770807122,-20908.00788409723
9.7e-07,-9.35202205007784,0.018323951210718736,-20965.552204292864
9.72e-07,-9.328782709693106,0.018281962690119613,-21022.96839483062
9.740000000000001e-07,-9.30517701091638,0.018239859493976985,-21080.227747790468
9.76e-07,-9.281322752192995,0.018197641965444718,-21137.300784479918
9.78e-07,-9.257336265071228,0.018155310478871926,-21194.185788312727
9.800000000000001e-07,-9.233325677840522,0.018112865376708157,-21250.916375452853
9.82e-07,-9.209410290669775,0.018070306933806058,-21307.526526646434
9.84e-07,-9.185720920825979,0.01802763535683118,-21364.050448235743
9.86e-07,-9.162279056248057,0.017984850809390752,-21420.49699219096
9.880000000000001e-07,-9.138938042710851,0.017941953475478,-21476.8369205593
9.9e-07,-9.115538197344023,0.017898943597494953,-21533.041062487788
9.92e-07,-9.091907557043571,0.017855821475644344,-21589.08078812181
9.940000000000001e-07,-9.068011333992375,0.017812587450384908,-21644.94447131306
9.96e-07,-9.044018636101752,0.01776924185472715,-21700.651186448973
9.98e-07,-9.020083192140213,0.017725784983683178,-21756.219857520427
1.0000000000000002e-06,-8.996341806898851,0.017682217095200573,-21811.66862508204
1.002e-06,-8.972749659958456,0.0176385384265125,-21867.00006299181
1.004e-06,-8.949018280959418,0.01759474923786764,-21922.188581869643
1.006e-06,-8.924907592559626,0.01755084984083023,-21977.208455544653
1.0080000000000001e-06,-8.900228581822548,0.01750684059796547,-22032.034409209584
1.01e-06,-8.875066282734085,0.017462721899006134,-22086.66455012961
1.012e-06,-8.849864859437455,0.01741849409933145,-22141.135124553413
1.0140000000000002e-06,-8.82503169783874,0.01737415748165897,-22195.4825479215
1.016e-06,-8.800933737951107,0.01732971225633273,-22249.742778321524
1.018e-06,-8.77758962936434,0.017285158585419038,-22303.928135370348
1.02e-06,-8.754534211756814,0.017240496643606867,-22358.013676805836
1.0220000000000001e-06,-8.731297735228338,0.017195726655848072,-22411.97408198493
1.024e-06,-8.707409689264264,0.017150848897557112,-22465.784208975936
1.026e-06,-8.682634224293055,0.017105863680454723,-22519.432893411835
1.0280000000000002e-06,-8.657085312547714,0.01706077132089637,-22572.92666494039
1.03e-06,-8.630902758751958,0.01701557212140143,-22626.272829999383
1.032e-06,-8.604249745991615,0.016970266369161817,-22679.479409616702
1.034e-06,-8.577351689562553,0.01692485434775821,-22732.541993991304
1.0360000000000001e-06,-8.550507294908899,0.01687933636011761,-22785.44564660133
1.038e-06,-8.524001286491838,0.016833712739689314,-22838.174781698704
1.04e-06,-8.49810372697542,0.016787983852024305,-22890.71288331095
1.0420000000000001e-06,-8.472923294909185,0.016742150069096812,-22943.070044180706
1.044e-06,-8.448337762138907,0.016696211709631148,-22995.289421486024
1.046e-06,-8.424211546704086,0.01665016900558948,-23047.414620183576
1.048e-06,-8.400397561002004,0.016604022101331148,-23099.489638148825
1.0500000000000001e-06,-8.376737650341193,0.01655777109440574,-23151.517287256902
1.052e-06,-8.35306687874806,0.01651141613590324,-23203.441215242583
1.054e-06,-8.329229956662486,0.016464957490158864,-23255.204529137583
1.0560000000000001e-06,-8.305081365004026,0.016418395535237433,-23306.750392289916
1.058e-06,-8.28057460886211,0.016371730728165428,-23358.056679713365
1.06e-06,-8.255807139250287,0.016324963517477066,-23409.154008647816
1.0620000000000002e-06,-8.230895220776269,0.016278094290045307,-23460.073423109297
1.064e-06,-8.205972984603164,0.016231123370919216,-23510.845702982504
1.066e-06,-8.18107349741393,0.01618405103847296,-23561.486743277346
1.068e-06,-8.156063651405058,0.0161368775639986,-23611.987731083205
1.0700000000000001e-06,-8.130791121718122,0.016089603236532815,-23662.339734696096
1.072e-06,-8.105085092855395,0.016042228362660706,-23712.53413741449
1.074e-06,-8.078934586395343,0.01599475326371288,-23762.564810417934
1.0760000000000002e-06,-8.052576710843057,0.01594717826599351,-23812.432908944724
1.078e-06,-8.0262324916973,0.01589950369366979,-23862.139414776717
1.08e-06,-8.000104775466978,0.015851729869398635,-23911.68485637851
1.082e-06,-7.97420981014575,0.015803857112240857,-23961.072301404267
1.0840000000000001e-06,-7.948303145854925,0.015755885735462126,-24010.304477321806
1.086e-06,-7.922172659078198,0.015707816046665452,-24059.384319355377
1.088e-06,-7.895641654338996,0.015659648347146633,-24108.31519946379
1.0900000000000002e-06,-7.868709922854023,0.015611382931909936,-24157.100037227567
1.092e-06,-7.841615204897774,0.015563020089323667,-24205.74254904629
1.094e-06,-7.814581842559549,0.015514560100136543,-24254.246638076773
1.096e-06,-7.787818082380951,0.015466003237198293,-24302.616300175087
1.0980000000000001e-06,-7.761364649768941,0.015417349763013177,-24350.857884937974
1.1e-06,-7.735021893400653,0.015368599921638625,-24398.98348961493
1.102e-06,-7.708593425659627,0.01531975393311606,-24447.005032951012
1.1040000000000001e-06,-7.681888469667584,0.015270811994018415,-24494.93406469203
1.106e-06,-7.65477220531227,0.0152217742978888,-24542.762064922663
1.108e-06,-7.627190469955022,0.015172641086331578,-24590.449492301555
1.1100000000000002e-06,-7.599089558602569,0.015123412680623293,-24637.956215979382
1.1120000000000001e-06,-7.570415193987212,0.015074089482455142,-24685.241952171546
1.114e-06,-7.5413041406442325,0.015024671945905137,-24732.294597835004
1.116e-06,-7.512182571074162,0.014975160510771614,-24779.1405356909
1.1180000000000001e-06,-7.483475955546943,0.01492555556315637,-24825.807079549115
1.12e-06,-7.455606766533845,0.014875857433867837,-24872.32220898829
1.122e-06,-7.428698677156725,0.014826066409592177,-24918.702066672617
1.1240000000000002e-06,-7.402424238305402,0.014776182757030985,-24964.950494513276
1.126e-06,-7.376457744132445,0.014726206735579008,-25011.07095746565
1.128e-06,-7.350479532630945,0.014676138598236414,-25057.06638513149
1.13e-06,-7.324337251603826,0.014625978597707149,-25102.934144132494
1.1320000000000001e-06,-7.298125619072823,0.014575727003194426,-25148.660368590747
1.134e-06,-7.271921122939422,0.014525384111847213,-25194.230978622203
1.136e-06,-7.245779029289907,0.014474950248881697,-25239.631986893375
1.1380000000000002e-06,-7.219695892476116,0.014424425750306944,-25284.866587858207
1.14e-06,-7.193593085337723,0.014373810921316734,-25329.962402352965
1.142e-06,-7.167388618662249,0.014323106011214807,-25374.94769957215
1.144e-06,-7.140998095526997,0.014272311212342577,-25419.85117266295
1.1460000000000001e-06,-7.114377446410416,0.014221426690063488,-25464.671106420174
1.148e-06,-7.0875534487527565,0.014170452654270011,-25509.36468705838
1.15e-06,-7.060593422624999,0.014119389401404637,-25553.888178321
1.1520000000000002e-06,-7.033605466243583,0.014068237316065779,-25598.197160532283
1.154e-06,-7.006668751240516,0.014016996847836534,-25642.27106871135
1.156e-06,-6.979782767946262,0.01396566845729411,-25686.119473715815
1.158e-06,-6.952913745465779,0.013914252585174225,-25729.752646171204
1.1600000000000001e-06,-6.925994255502097,0.013862749651006251,-25773.18152179825
1.162e-06,-6.8988792613280445,0.013811160049358971,-25816.42012548463
1.164e-06,-6.871334026082185,0.013759484135689929,-25859.49354355704
1.1660000000000001e-06,-6.843154236066816,0.013707722215457697,-25902.426688672735
1.168e-06,-6.8141676572042,0.013655874544984577,-25945.243784449543
1.17e-06,-6.784467807023851,0.013603941352137364,-25987.94906276492
1.1720000000000002e-06,-6.754528322897626,0.013551922892677534,-26030.51039706253
1.1740000000000001e-06,-6.724784506385835,0.013499819486908007,-26072.89537246529
1.176e-06,-6.6956284754146855,0.013447631519425615,-26115.072109925324
1.178e-06,-6.667200225584813,0.013395359409565738,-26157.03774995475
1.1800000000000001e-06,-6.639282968163366,0.01334300353575886,-26198.836056919128
1.182e-06,-6.611671883406529,0.01329056418806559,-26240.511636353054
1.184e-06,-6.584178811259161,0.013238041567249562,-26282.10917967468
1.1860000000000002e-06,-6.556626712639248,0.013185435822463612,-26323.635606272528
1.188e-06,-6.528847605515595,0.013132747144533467,-26365.042323873702
1.19e-06,-6.500695588956468,0.013079975822567053,-26406.279642543886
1.192e-06,-6.472046736416232,0.013027122245549123,-26447.297375386395
1.1940000000000001e-06,-6.442837137960127,0.012974186867955869,-26488.080217864263
1.196e-06,-6.413074333979445,0.012921170125405093,-26528.662332914137
1.198e-06,-6.3827328827161685,0.012868072384291988,-26569.0787801925
1.2000000000000002e-06,-6.351752418867479,0.012814893940412136,-26609.365099655086
1.202e-06,-6.320199430116914,0.012761635043888355,-26649.531424127228
1.204e-06,-6.288372266328588,0.012708295960240793,-26689.552223438946
1.206e-06,-6.256614803196578,0.012654877006663626,-26729.40135372925
1.2080000000000001e-06,-6.2253156871963915,0.012601378552980406,-26769.052329486178
1.21e-06,-6.1946262981439775,0.012547801004715116,-26808.49593580641
1.212e-06,-6.164285179817659,0.01249414476316675,-26847.745612560127
1.2140000000000002e-06,-6.133984643753231,0.012440410202132376,-26886.81542181136
1.216e-06,-6.103373663467283,0.012386597666729973,-26925.71998059442
1.218e-06,-6.072328816805031,0.01233270748372899,-26964.463020389994
1.2200000000000002e-06,-6.041118816954665,0.012278739984851333,-27003.03585726009
1.2220000000000001e-06,-6.0100264912346,0.012224695519520398,-27041.429473676042
1.224e-06,-5.979345294706876,0.012170574455630865,-27079.634415861263
1.226e-06,-5.949219429947217,0.012116377161909175,-27117.659305828456
1.2280000000000001e-06,-5.9195533605057165,0.012062103963047115,-27155.53955622542
1.23e-06,-5.890270100102746,0.012007755112696363,-27193.310794528574
1.232e-06,-5.861314419043521,0.011953330793327777,-27231.008574058076
1.2340000000000002e-06,-5.832629893343968,0.01189883115716734,-27268.627586374616
1.2360000000000001e-06,-5.804136973007148,0.011844256430159052,-27306.09942191691
1.238e-06,-5.775728000725118,0.011789606976215521,-27343.354521613262
1.24e-06,-5.747266345004328,0.011734883298656327,-27380.32303758239
1.2420000000000001e-06,-5.718617502223118,0.011680085991486969,-27416.984131771213
1.244e-06,-5.689673028863072,0.011625215617111112,-27453.390244087754
1.246e-06,-5.660328860688905,0.011570272631673775,-27489.595193248417
1.2480000000000002e-06,-5.630485299595689,0.011515257383148436,-27525.65333208821
1.25e-06,-5.600041520396606,0.011460170133843482,-27561.595972866868
1.252e-06,-5.5688968147375615,0.011405011116059963,-27597.421810652264
1.254e-06,-5.536980713412456,0.011349780565242417,-27633.12900689582
1.2560000000000001e-06,-5.504253506395768,0.011294478720794825,-27668.71544069255
1.258e-06,-5.4708957592945175,0.0112391058350762,-27704.17027793245
1.26e-06,-5.4374099186656055,0.011183662198507149,-27739.466291122135
1.2620000000000002e-06,-5.4042673976264135,0.011128148156103452,-27774.57611256888
1.264e-06,-5.37190397503234,0.01107256410734667,-27809.472644217087
1.266e-06,-5.340499558678691,0.011016910490209853,-27844.14449260181
1.2680000000000002e-06,-5.309854975857147,0.010961187738642613,-27878.607074633102
1.2700000000000001e-06,-5.279783675348218,0.010905396255371966,-27912.876196015302
1.272e-06,-5.250117291000184,0.010849536411653943,-27946.967522010913
1.274e-06,-5.220696257316737,0.010793608554473307,-27980.88965862642
1.2760000000000001e-06,-5.19135633928838,0.010737613025390147,-28014.639424529363
1.278e-06,-5.16190518938841,0.01068155017255786,-28048.213407758798
1.28e-06,-5.132121173932833,0.010625420350965798,-28081.608184304772
1.2820000000000002e-06,-5.101837288411716,0.010569223914662265,-28114.828119223934
1.2840000000000001e-06,-5.071006094453751,0.01051296119749224,-28147.88905080081
1.286e-06,-5.039634232737401,0.01045663250131948,-28180.807121963244
1.288e-06,-5.007782518767218,0.01040023809553512,-28213.598662396296
1.2900000000000001e-06,-4.9755497515948806,0.010343778236834045,-28246.26003867572
1.292e-06,-4.9430473775643025,0.010287253220342707,-28278.756452665377
1.294e-06,-4.910349193159647,0.010230663411221,-28311.052669044122
1.2960000000000002e-06,-4.87748958337276,0.010174009245102093,-28343.113449858567
1.2980000000000001e-06,-4.844508006237723,0.010117291200483177,-28374.931169058153
1.3e-06,-4.811485400388361,0.010060509723560884,-28406.54575323784
1.302e-06,-4.778517501662389,0.010003665180369012,-28437.997438635703
1.3040000000000001e-06,-4.745715322988814,0.00994675785711392,-28469.325816451837
1.306e-06,-4.713150408332625,0.00988978798184515,-28500.549452321175
1.308e-06,-4.6808200778510995,0.009832755785188574,-28531.64720425539
1.3100000000000002e-06,-4.648731836072823,0.00977566154046135,-28562.597522965625
1.312e-06,-4.616904453362743,0.009718505563467475,-28593.37947091118
1.314e-06,-4.585378635963909,0.009661288198495026,-28623.985501538675
1.316e-06,-4.554213964520033,0.0096040097815014,-28654.43149209045
1.3180000000000001e-06,-4.523422728873591,0.009546670616007695,-28684.734001610694
1.32e-06,-4.492968314925328,0.009489270972241741,-28714.909764343985
1.322e-06,-4.462708575049456,0.009431811105476466,-28744.957000931503
1.3240000000000002e-06,-4.4323773928148915,0.009374291302328582,-28774.846146947995
1.326e-06,-4.401763428487506,0.009316711909144718,-28804.547036917636
1.328e-06,-4.3707136618654,0.00925907333289412,-28834.029213683363
1.3300000000000002e-06,-4.339188755427265,0.009201376018792153,-28863.284888277634
1.3320000000000001e-06,-4.307283627559264,0.009143620392088719,-28892.34181515989
1.334e-06,-4.275063405358176,0.009085806822025363,-28921.228248197884
1.336e-06,-4.242559930690647,0.009027935621334575,-28949.972442591057
1.3380000000000001e-06,-4.209774925221369,0.008970007063451687,-28978.585440292132
1.34e-06,-4.176686970821911,0.008912021426600181,-29007.051411213764
1.342e-06,-4.143271728212147,0.008853979021267852,-29035.353921119622
1.3440000000000002e-06,-4.109502633993184,0.008795880191041872,-29063.476304855907
1.3460000000000001e-06,-4.075432815456424,0.008737725312198803,-29091.402538214374
1.348e-06,-4.041250356782503,0.008679514792793027,-29119.116867563378
1.35e-06,-4.007157775830005,0.008621249072486965,-29146.60343849852
1.3520000000000001e-06,-3.97337080831369,0.00856292862270271,-29173.84634575335
1.354e-06,-3.9399746151718356,0.008504553925492915,-29200.850864043456
1.356e-06,-3.9068262936095977,0.008446125422029722,-29227.652599151166
1.3580000000000002e-06,-3.8737682753657325,0.008387643481210922,-29254.288219644382
1.3600000000000001e-06,-3.840630966557867,0.00832910839776387,-29280.795227407933
1.362e-06,-3.807429676641431,0.008270520413937024,-29307.188599440375
1.364e-06,-3.774498825046996,0.008211879772922573,-29333.452415011863
1.3660000000000001e-06,-3.7421980989897117,0.008153186750357876,-29359.57014967913
1.368e-06,-3.7109090271721668,0.00809444165542162,-29385.52478657937
1.37e-06,-3.6806521656654487,0.008035644827213653,-29411.303421391003
1.3720000000000002e-06,-3.6508278330287958,0.007976796627031857,-29436.89676039947
1.374e-06,-3.6208065128798106,0.007917897434718196,-29462.295553264496
1.376e-06,-3.5899362490201066,0.007858947648415451,-29487.490749480738
1.3780000000000002e-06,-3.5578547308325392,0.007799947675522745,-29512.482143220906
1.3800000000000001e-06,-3.524702024002259,0.007740897904689722,-29537.28868980555
1.382e-06,-3.490637014842332,0.0076817986867499235,-29561.92924999415
1.384e-06,-3.455830582361094,0.007622650335549609,-29586.421950321695
1.3860000000000002e-06,-3.420521668344985,0.007563453142033875,-29610.771565408784
1.388e-06,-3.385053856997717,0.007504207417003724,-29634.95346474284
1.39e-06,-3.3497787340095866,0.007444913520724683,-29658.94281430019
1.3920000000000002e-06,-3.315054898072676,0.00738557186231316,-29682.715597220234
1.3940000000000001e-06,-3.281100997989523,0.007326182886180809,-29706.26053513075
1.396e-06,-3.2478917707206922,0.007266747032835147,-29729.592810533148
1.398e-06,-3.21537406260259,0.0072072647119228225,-29752.72810179408
1.4000000000000001e-06,-3.183469789640436,0.007147736302084009,-29775.681737014027
1.402e-06,-3.1520411270995585,0.0070881621614692115,-29798.458877786114
1.404e-06,-3.120875339647463,0.007028542655835108,-29821.046756319258
1.4060000000000002e-06,-3.0897873180105684,0.006968878176976983,-29843.432101801736
1.4080000000000001e-06,-3.0586216035140628,0.00690916914333666,-29865.601538523428
1.41e-06,-3.027393579392221,0.006849415987347854,-29887.55445028478
1.412e-06,-2.9963761962178803,0.0067896191222450025,-29909.310652568525
1.4140000000000001e-06,-2.9658137875116797,0.00672977892123752,-29930.890354910287
1.416e-06,-2.9359170236950347,0.006669895717029489,-29952.313853122516
1.418e-06,-2.906594840480816,0.006609969806781791,-29973.596394576798
1.4200000000000002e-06,-2.8772797777924994,0.006550001465046533,-29994.745340677462
1.4220000000000001e-06,-2.8474255635707975,0.006489990951791832,-30015.767914026044
1.424e-06,-2.816515180538888,0.006429938512574894,-30036.671302914663
1.426e-06,-2.784410478507189,0.0063698443941434665,-30057.44712851434
1.4280000000000001e-06,-2.7515873631942274,0.006309708887359905,-30078.059655042165
1.43e-06,-2.718515865576252,0.006249532354938771,-30098.47276609389
1.432e-06,-2.6856500389121223,0.006189315231621028,-30118.6505516515
1.4340000000000002e-06,-2.653173625440868,0.006129058000570237,-30138.580499135125
1.436e-06,-2.6208263377258962,0.006068761130238301,-30158.289832803377
1.438e-06,-2.588348463502144,0.0060084250337478,-30177.806657698657
1.4400000000000002e-06,-2.5554882155296728,0.005948050067899135,-30197.159190963343
1.4420000000000001e-06,-2.5221751409372737,0.005887636546092592,-30216.362615581274
1.444e-06,-2.4886387677637845,0.005827184770247426,-30235.41322958807
1.446e-06,-2.4551013211569126,0.005766695050346407,-30254.30667143313
1.4480000000000002e-06,-2.4217726475051533,0.005706167705617357,-30273.038057611593
1.45e-06,-2.3888532356405197,0.005645603066994987,-30291.600564761215
1.452e-06,-2.356541244128528,0.0055850014862197876,-30309.980210440088
1.4540000000000002e-06,-2.3250550741126705,0.005524363343097934,-30328.162911409658
1.4560000000000001e-06,-2.2946346155916486,0.005463689045285239,-30346.134901287394
1.458e-06,-2.2652434953732348,0.005402979020085499,-30363.890298454822
1.46e-06,-2.2363505857514854,0.005342233689340618,-30381.440446428227
1.4620000000000001e-06,-2.207393492228739,0.005281453452088773,-30398.796805411712
1.464e-06,-2.177784953646114,0.005220638684936013,-30415.970347350933
1.466e-06,-2.1471604240236073,0.005159789748522436,-30432.966066227793
1.4680000000000002e-06,-2.115562660543413,0.005098907010579191,-30449.771877012594
1.4700000000000001e-06,-2.083064316763211,0.00503799086288413,-30466.375818051674
1.472e-06,-2.049762110560397,0.004977041720189697,-30482.766876381418
1.474e-06,-2.0157926509536486,0.004916060010590678,-30498.942722640375
1.4760000000000001e-06,-1.9813358060114987,0.004855046143793726,-30514.924074307164
1.478e-06,-1.9465427098887196,0.004794000487829863,-30530.731889557494
1.48e-06,-1.9115340478740106,0.004732923369625902,-30546.386314406405
1.4820000000000002e-06,-1.8764214775128876,0.004671815092172403,-30561.89113908857
1.4840000000000001e-06,-1.8413330097914327,0.004610675986228406,-30577.21480490966
1.486e-06,-1.8064330195284148,0.004549506446151345,-30592.325272153525
1.4880000000000002e-06,-1.7719238560577208,0.0044883069296235015,-30607.191255686008
1.4900000000000001e-06,-1.7379515976499706,0.004427077939236263,-30621.7991315533
1.492e-06,-1.7045262860338541,0.004365819968498195,-30636.171606516513
1.494e-06,-1.6716198842304733,0.004304533464877878,-30650.33201380256
1.4960000000000002e-06,-1.639166959656836,0.004243218829719363,-30664.30314470871
1.498e-06,-1.6070571263302245,0.004181876418979562,-30678.107595093927
1.5e-06,-1.5751369565778748,0.0041205065475039635,-30691.763880506238
1.5020000000000002e-06,-1.5432657554406757,0.004059109493190274,-30705.290433179503
1.5040000000000001e-06,-1.5113171230932196,0.00399768549678856,-30718.70596853534
1.506e-06,-1.4791139638381252,0.003936234783631761,-30732.007188265576
1.508e-06,-1.4463845861975442,0.0038747576223409656,-30745.15410253172
1.5100000000000002e-06,-1.4128977368464495,0.0038132543621760065,-30758.10606242352
1.512e-06,-1.3784649487186564,0.0037517254337180784,-30770.82239550596
1.514e-06,-1.3430520804684989,0.003690171324684848,-30783.286637727047
1.5160000000000002e-06,-1.3068472659694763,0.003628592511129388,-30795.52691772751
1.5180000000000001e-06,-1.269981090897833,0.0035669894122981587,-30807.57191350269
1.52e-06,-1.2325200574412947,0.003505362390630959,-30819.44975369959
1.522e-06,-1.1945681013227178,0.0034437117718163065,-30831.169060955617
1.5240000000000001e-06,-1.1563584958240927,0.0033820379004776586,-30842.702277687855
1.526e-06,-1.1181724899467305,0.003320341177294147,-30854.020905826088
1.528e-06,-1.0803398944634632,0.0032586220599545718,-30865.0964337506
1.5300000000000002e-06,-1.0431394960706828,0.0031968810386387584,-30875.92488205744
1.5320000000000001e-06,-1.0067111455659838,0.003135118573885214,-30886.5398714895
1.534e-06,-0.9711525240113773,0.0030733350575836344,-30896.976430092138
1.5360000000000002e-06,-0.9365198768493077,0.0030115308105670155,-30907.270586522114
1.5380000000000001e-06,-0.9026998107330721,0.0029497061074733846,-30917.432507110076
1.54e-06,-0.8693221178749179,0.0028878612386620136,-30927.436304263367
1.542e-06,-0.8360416426795992,0.002825996547266215,-30937.25509153619
1.5440000000000002e-06,-0.8025441165461755,0.0027641124311341514,-30946.861040523436
1.546e-06,-0.7686973518832452,0.002702209329036407,-30956.241057222105
1.548e-06,-0.734659483265685,0.0026402876900143042,-30965.397964881642
1.5500000000000002e-06,-0.7005728649047142,0.002578347956739053,-30974.335310364364
1.5520000000000001e-06,-0.66655762254695,0.0025163905636462563,-30983.057782434098
1.554e-06,-0.6326121869641904,0.002454415932677255,-30991.57318656993
1.556e-06,-0.5985426125089514,0.0023924244531414304,-30999.906349255325
1.5580000000000002e-06,-0.5641704738712051,0.002330416464745967,-31008.082046204378
1.56e-06,-0.5293372175414189,0.002268392258945081,-31016.12375468276
1.562e-06,-0.49396106496284253,0.002206352096684425,-31024.038505974302
1.5640000000000002e-06,-0.458076042039775,0.0021442962630136863,-31031.79516475801
1.5660000000000001e-06,-0.4217021876011876,0.002082225106087335,-31039.361761596156
1.568e-06,-0.38484247709323055,0.0020201390372910737,-31046.707034666175
1.57e-06,-0.34759146513896716,0.001958038516251931,-31053.814004477954
1.5720000000000002e-06,-0.3102239713459883,0.0018959240080152072,-31060.69423223942
1.574e-06,-0.2730304143475037,0.0018337959536710144,-31067.360111953447
1.576e-06,-0.23631450365171489,0.0017716547695770812,-31073.823981983747
1.5780000000000002e-06,-0.20029122951890554,0.0017095008571955423,-31080.088399549197
1.5800000000000001e-06,-0.16500444864724095,0.0016473346285984345,-31086.140197561916
1.582e-06,-0.13049101695553014,0.0015851565227784498,-31091.965622426032
1.584e-06,-0.09678388876579246,0.0015229670065962145,-31097.550559813062
1.5860000000000001e-06,-0.0638364714123528,0.0014607665559653055,-31102.9000710899
1.588e-06,-0.03146270753212521,0.001398555608711103,-31108.04718311495
1.59e-06,0.0005318203200017219,0.001336334535567599,-31113.02596039051
1.5920000000000002e-06,0.032347606081314595,0.00127410363824783,-31117.87135937538
1.5940000000000001e-06,0.06419810493694522,0.001211863174376317,-31122.59251213746
1.596e-06,0.0963143517102264,0.0011496134196261729,-31127.162238008303
1.5980000000000002e-06,0.12892817413024749,0.0010873547052189308,-31131.552169230104
1.6000000000000001e-06,0.16227216755877014,0.0010250874202527816,-31135.732796921766
1.602e-06,0.19638446627219402,0.0009628119943010389,-31139.69315482201
1.604e-06,0.2309507370676188,0.0009005288553887384,-31143.445757480044
1.6060000000000002e-06,0.26563579920263025,0.0008382384058348434,-31147.003796410187
1.608e-06,0.30008967274426,0.0007759410206551279,-31150.381383308402
1.61e-06,0.3342333946015158,0.0007136370593653128,-31153.579906507417
1.6120000000000002e-06,0.3684925451741632,0.0006513268936572998,-31156.585801501682
1.6140000000000001e-06,0.4033154498741568,0.0005890109228177994,-31159.385038001
1.616e-06,0.4391643705270755,0.0005266895749505925,-31161.962829207052
1.618e-06,0.4760808160527594,0.0004643632997841803,-31164.312337205913
1.6200000000000002e-06,0.51333115547914,0.00040203255129770614,-31166.436149265377
1.622e-06,0.5501596872270677,0.00033969777816996116,-31168.336978481144
1.624e-06,0.5858028343894105,0.0002773594233447562,-31170.017846725696
1.6260000000000002e-06,0.6199367566819538,0.00021501791995294742,-31171.48554508052
1.6280000000000001e-06,0.653044036824738,0.00015267368147984327,-31172.75292802564
1.63e-06,0.6856323685812415,9.032709520268236e-05,-31173.833349139062
1.632e-06,0.718219087963315,2.7978521287170607e-05,-31174.740566374305
1.6340000000000002e-06,0.7510426456464315,-3.437169536155338e-05,-31175.476082344092
1.636e-06,0.7838245788447332,-9.67231952728833e-05,-31176.02382898632
1.638e-06,0.8162730758102208,-0.000159075586249523,-31176.367147656303
1.6400000000000002e-06,0.8480930522539862,-0.0002214284422264517,-31176.488829266607
1.6420000000000001e-06,0.8792405110147371,-0.00028378131784881556,-31176.386793098747
1.644e-06,0.9101317316069443,-0.00034613378571592336,-31176.081074012993
1.6460000000000002e-06,0.9411862085395583,-0.00040848545915059606,-31175.592360654213
1.6480000000000001e-06,0.9728174602319654,-0.00047083599342019795,-31174.94190895155
1.65e-06,1.0053032225557819,-0.0005331850711467669,-31174.135817619495
1.652e-06,1.0386783996501365,-0.0005955323659658839,-31173.15900149969
1.6540000000000002e-06,1.0729721522579967,-0.0006578775205997967,-31171.995632406786
1.6560000000000001e-06,1.1082132610286848,-0.0007202201453557723,-31170.629123570925
1.658e-06,1.1442795882593881,-0.000782559825342921,-31169.050863579185
1.6600000000000002e-06,1.18077371006826,-0.0008448961366537962,-31167.260447291716
1.6620000000000001e-06,1.2173006304885459,-0.0009072286548364939,-31165.257735406805
1.664e-06,1.2534733260635396,-0.000969556955752885,-31163.043180986377
1.666e-06,1.2890118362845748,-0.0010318806199998327,-31160.62106596433
1.6680000000000002e-06,1.3238243483076342,-0.0010941992462658709,-31158.005200068026
1.67e-06,1.3578141936882164,-0.0011565124613115004,-31155.209845563542
1.672e-06,1.3908750997569765,-0.0012188199204254432,-31152.249268381114
1.6740000000000002e-06,1.423006144000313,-0.0012811212924969553,-31149.122803125134
1.6760000000000001e-06,1.4544130414435736,-0.001343416219225692,-31145.80392561431
1.678e-06,1.4853289195618151,-0.0014057042884724465,-31142.265321141316
1.68e-06,1.516011190222744,-0.001467985033183352,-31138.479389766377
1.6820000000000002e-06,1.546668281022226,-0.0015302579536473585,-31134.441074237347
1.684e-06,1.5773913369716552,-0.0015925225776636047,-31130.182942012634
1.686e-06,1.608246704747535,-0.0016547784992617617,-31125.738656144214
1.6880000000000002e-06,1.639277364486819,-0.0017170253802893057,-31121.14237139547
1.6900000000000001e-06,1.6706009899927639,-0.0017792629288174834,-31116.406156782872
1.692e-06,1.7024974345138728,-0.001841490844007357,-31111.50903309123
1.694e-06,1.7352562609519993,-0.001903708781810304,-31106.428769856037
1.6960000000000002e-06,1.7691742639067787,-0.0019659163526511455,-31101.14207097904
1.698e-06,1.804359119509789,-0.0020281131378898495,-31095.643167724982
1.7e-06,1.8405604242667988,-0.0020902987311200035,-31089.950062428667
1.7020000000000002e-06,1.877525832640607,-0.002152472762575783,-31084.08139334777
1.7040000000000001e-06,1.9150087669977065,-0.0022146349005451853,-31078.056576057665
1.706e-06,1.952713847372572,-0.0022767848395614286,-31071.88244018854
1.7080000000000002e-06,1.9902449939218037,-0.0023389222670475687,-31065.545045947747
1.7100000000000001e-06,2.0271715194873905,-0.0024010468424261427,-31059.030332626084
1.712e-06,2.063028309451432,-0.0024631581971580906,-31052.324399325793
1.714e-06,2.0976057060171804,-0.0025252559373595946,-31045.41580217908
1.7160000000000002e-06,2.131209750372072,-0.00258733965378718,-31038.300625399224
1.7180000000000001e-06,2.1641875423968577,-0.0026494089293525687,-31030.974939992568
1.72e-06,2.1969178320207643,-0.0027114633386627067,-31023.43437014607
1.7220000000000002e-06,2.229602576063885,-0.0027735024510920415,-31015.67805918543
1.7240000000000001e-06,2.2620805898818754,-0.0028355258355416734,-31007.70639044857
1.726e-06,2.294182789641225,-0.002897533061922257,-30999.519990138382
1.728e-06,2.325739769435309,-0.0029595237020547745,-30991.120142382137
1.7300000000000002e-06,2.3568150839885886,-0.0030214973288370407,-30982.50663987806
1.732e-06,2.387910926589974,-0.0030834535200325104,-30973.684555595886
1.734e-06,2.419542216772581,-0.003145391863348127,-30964.658760020706
1.7360000000000002e-06,2.4522273615119996,-0.003207311955215271,-30955.43310712105
1.7380000000000001e-06,2.486190870231974,-0.0032692133970332166,-30946.00871082724
1.74e-06,2.5210964433557965,-0.0033310957790016775,-30936.3732576338
1.742e-06,2.556570001167695,-0.003392958666395561,-30926.514136250353
1.7440000000000002e-06,2.592211177604339,-0.003454801600031191,-30916.419499377018
1.746e-06,2.627739089517317,-0.003516624104393274,-30906.084862706688
1.748e-06,2.663129363715972,-0.0035784257130815353,-30895.523825555436
1.7500000000000002e-06,2.698395094852594,-0.0036402059875494473,-30884.750642352064
1.7520000000000001e-06,2.7335825019769437,-0.003701964517566122,-30873.779374326296
1.754e-06,2.7687102017876417,-0.0037637009206143396,-30862.623673894057
1.7560000000000002e-06,2.8037076652195423,-0.003825414841253841,-30851.296965602145
1.7580000000000002e-06,2.83847658651238,-0.0038871059506610534,-30839.81244161023
1.76e-06,2.872891219759303,-0.0039487739461361,-30828.18303343914
1.762e-06,2.906864848979748,-0.0040104185420347434,-30816.412865208527
1.7640000000000002e-06,2.940414202290547,-0.004072039438156496,-30804.483256538177
1.7660000000000001e-06,2.9735683692611943,-0.004133636296805014,-30792.375391980815
1.768e-06,3.0063672647746813,-0.004195208743634541,-30780.07143754677
1.7700000000000002e-06,3.0388711271217064,-0.004256756369081627,-30767.554009535135
1.7720000000000001e-06,3.0711687223236366,-0.0043182787396662875,-30754.816575125038
1.774e-06,3.103357054767484,-0.0043797754088739605,-30741.852632548194
1.776e-06,3.1355409718990472,-0.004441245916060523,-30728.654554018045
1.7780000000000002e-06,3.1678289949368685,-0.00450268979303378,-30715.222419234673
1.7800000000000001e-06,3.2003285314903875,-0.00456410658063017,-30701.565177157103
1.782e-06,3.233146839620269,-0.004625495837471135,-30687.691663811842
1.7840000000000002e-06,3.266391070958662,-0.004686857140030774,-30673.61089582417
1.7860000000000001e-06,3.3001592083334867,-0.004748190085500681,-30659.334574083125
1.788e-06,3.3345296285763104,-0.004809494297346589,-30644.877271827674
1.79e-06,3.3695627676702795,-0.004870769428664193,-30630.254045776783
1.7920000000000002e-06,3.4053009936932277,-0.004932015163246961,-30615.48053698583
1.794e-06,3.4416359454109595,-0.004993231202683613,-30600.558899666543
1.796e-06,3.478189886657233,-0.005054417232551942,-30585.470968665788
1.7980000000000002e-06,3.514591164000154,-0.005115572901469326,-30570.197948713423
1.8000000000000001e-06,3.550481131442029,-0.005176697819901623,-30554.720483587844
1.802e-06,3.585692551608929,-0.005237791570153959,-30539.02976875108
1.804e-06,3.6204133762968222,-0.005298853732975428,-30523.133052721103
1.8060000000000002e-06,3.654838420581285,-0.005359883904007436,-30507.037979282788
1.808e-06,3.689160473043614,-0.0054208816945103015,-30490.752523586543
1.81e-06,3.7234080894252193,-0.005481846727173817,-30474.2801399289
1.8120000000000002e-06,3.757293890138275,-0.005542778625177392,-30457.617863639807
1.8140000000000001e-06,3.7905170782356365,-0.005603677005640516,-30440.762599486443
1.816e-06,3.822770723025706,-0.005664541479332094,-30423.711092091886
1.8180000000000002e-06,3.8540404663437346,-0.005725371651191832,-30406.46076764067
1.8200000000000002e-06,3.8848863768589634,-0.0057861671213578734,-30389.009398401213
1.822e-06,3.9158916182181684,-0.005846927485486485,-30371.354730211682
1.824e-06,3.947649321248871,-0.005907652334778757,-30353.494562062468
1.8260000000000002e-06,3.980438890095899,-0.0059683412614165016,-30335.432075675937
1.8280000000000001e-06,4.013919197259673,-0.006028993872581573,-30317.179089395977
1.83e-06,4.0477315262876035,-0.006089609799567622,-30298.747896655157
1.8320000000000002e-06,4.081514652553023,-0.006150188698635446,-30280.15117116576
1.8340000000000001e-06,4.115078600371932,-0.006210730242403094,-30261.39259648571
1.836e-06,4.14857143322889,-0.006271234099348065,-30242.464348484427
1.838e-06,4.182163526926429,-0.00633169992167885,-30223.357982302623
1.8400000000000002e-06,4.216039685278216,-0.0063921273438970775,-30204.06423592147
1.8420000000000001e-06,4.250240732029795,-0.006452515989345176,-30184.581212177043
1.844e-06,4.284508889960816,-0.006512865481253481,-30164.910696131676
1.8460000000000002e-06,4.318562048959034,-0.006573175446946086,-30145.05499646812
1.8480000000000001e-06,4.352100034543823,-0.006633445519730069,-30125.017787515437
1.85e-06,4.384955555598484,-0.006693675336422424,-30104.798904841733
1.852e-06,4.417238580455728,-0.006753864540738303,-30084.405411039752
1.8540000000000002e-06,4.449044193517324,-0.00681401279034993,-30063.84420058362
1.856e-06,4.4804448644152455,-0.006874119755016164,-30043.12046565159
1.858e-06,4.5114666713376685,-0.006934185115263372,-30022.23978155753
1.8600000000000002e-06,4.542073535337663,-0.006994208548373412,-30001.193328478435
1.8620000000000001e-06,4.572269572723653,-0.007054189713699271,-29979.971997383094
1.864e-06,4.6021030679292565,-0.0071141282538898275,-29958.5681931754
1.8660000000000002e-06,4.63175590231139,-0.00717402379349928,-29936.971416272307
1.8680000000000002e-06,4.661621892060925,-0.007233875943493331,-29915.178577778795
1.87e-06,4.692069441396363,-0.0072936843088082645,-29893.186737154818
1.872e-06,4.723434340043168,-0.007353448487223523,-29870.991678104478
1.8740000000000002e-06,4.755832076431612,-0.007413168070629785,-29848.59172815481
1.8760000000000001e-06,4.788981574078662,-0.007472842644291932,-29825.981933995197
1.878e-06,4.82262120352068,-0.007532471783230832,-29803.15700490942
1.8800000000000002e-06,4.856520954683715,-0.007592055052428182,-29780.112192434266
1.8820000000000001e-06,4.890493854211509,-0.007651592011428229,-29756.84680761271
1.884e-06,4.924403209501445,-0.007711082228508351,-29733.37027251357
1.886e-06,4.958107468031771,-0.007770525291334631,-29709.692553769466
1.8880000000000002e-06,4.991457644997126,-0.00782992080754066,-29685.82365225566
1.8900000000000001e-06,5.024373725933392,-0.007889268399220228,-29661.768027315506
1.892e-06,5.056917723364448,-0.007948567686334063,-29637.519086520613
1.8940000000000002e-06,5.089126753915719,-0.008007818275376463,-29613.069955873554
1.8960000000000001e-06,5.121008032307154,-0.008067019759147163,-29588.413814828466
1.898e-06,5.152562247559764,-0.008126171723229216,-29563.550267223854
1.9e-06,5.183812252590486,-0.008185273766811184,-29538.493314746644
1.9020000000000002e-06,5.2148030941352195,-0.008244325517382465,-29513.257256528657
1.9040000000000001e-06,5.245603077389053,-0.008303326630749454,-29487.85611046083
1.906e-06,5.276331999655956,-0.008362276777954113,-29462.291094198892
1.908e-06,5.307185608624244,-0.008421175602714654,-29436.53366633794
1.91e-06,5.338351032063732,-0.008480022690985812,-29410.55460483145
1.912e-06,5.3700041046822475,-0.008538817570887793,-29384.325297145282
1.9140000000000002e-06,5.402198747184812,-0.00859755973165359,-29357.83546864891
1.916e-06,5.434758220405444,-0.008656248684962524,-29331.1178402961
1.918e-06,5.467508978170198,-0.008714884009083846,-29304.206281018425
1.9200000000000003e-06,5.500287503325972,-0.008773465349266363,-29277.13390149384
1.922e-06,5.533054872793802,-0.008831992404968483,-29249.921800631928
1.924e-06,5.566011299094766,-0.008890464887877678,-29222.561108557653
1.9260000000000003e-06,5.599364226172052,-0.008948882490996766,-29195.042010526584
1.928e-06,5.6333217697599425,-0.009007244888240956,-29167.355233670405
1.93e-06,5.667867120669144,-0.009065551731887991,-29139.48841336087
1.9320000000000003e-06,5.702530172042584,-0.009123802646760135,-29111.426458781894
1.934e-06,5.736831372858171,-0.009181997227530509,-29083.154311599807
1.936e-06,5.770293890906462,-0.009240135038532145,-29054.656690031377
1.938e-06,5.802681105607373,-0.009298215623742813,-29025.928520643592
1.94e-06,5.834236785813356,-0.009356238533916237,-28996.981652775205
1.942e-06,5.865201699717993,-0.009414203344187978,-28967.828618961812
1.944e-06,5.895799418680428,-0.009472109655249432,-28938.48244249936
1.946e-06,5.926212341863132,-0.00952995709652402,-28908.958832084707
1.9480000000000002e-06,5.9565603062996555,-0.009587745340579662,-28879.2852235503
1.95e-06,5.986976362198151,-0.009645474115008948,-28849.4892057446
1.952e-06,6.017609892349009,-0.009703143201778376,-28819.597563679916
1.9540000000000003e-06,6.048563547111158,-0.009760752412115454,-28789.612773395696
1.956e-06,6.079825332710083,-0.009818301507119018,-28759.482230176778
1.958e-06,6.111368148017224,-0.009875790140878594,-28729.151529394094
1.9600000000000003e-06,6.143152216655007,-0.009933217859186522,-28698.56677852681
1.962e-06,6.17511332717889,-0.009990584133992828,-28667.70802778647
1.964e-06,6.207153332113985,-0.010047888470238681,-28636.62821806221
1.9660000000000003e-06,6.239186479442948,-0.010105130481042168,-28605.3825854225
1.968e-06,6.2711411473593515,-0.01016230988958072,-28574.025953133943
1.97e-06,6.302998791689708,-0.010219426496075797,-28542.580541938234
1.972e-06,6.334832545213151,-0.010276480072887088,-28510.99626936136
1.974e-06,6.366712570553062,-0.010333470290194805,-28479.22103835244
1.9760000000000002e-06,6.398702913312365,-0.010390396714846867,-28447.20361370713
1.978e-06,6.430780670658285,-0.010447258832582467,-28414.914121903665
1.98e-06,6.4627531352291605,-0.010504056121305626,-28382.37460124799
1.9820000000000003e-06,6.494433874919182,-0.010560788104543506,-28349.608636626264
1.984e-06,6.525648085319676,-0.010617454352060046,-28316.638879920778
1.986e-06,6.556305197260011,-0.010674054484440433,-28283.493500462897
1.9880000000000003e-06,6.586471194194478,-0.010730588183451554,-28250.205510656397
1.99e-06,6.616186422328066,-0.010787055196870258,-28216.80790805472
1.992e-06,6.645459256603858,-0.010843455338941226,-28183.33416290929
1.9940000000000003e-06,6.674343501835934,-0.010899788459854351,-28149.78675021214
1.996e-06,6.703025473682969,-0.010956054353048292,-28116.10644373587
1.998e-06,6.731716962385028,-0.01101225269177059,-28082.232278557087
2.0000000000000003e-06,6.7606533475752135,-0.01106838302741351,-28048.10336435741
2.002e-06,6.7899515270498805,-0.011124444826683772,-28013.695905914337
2.004e-06,6.819456215826349,-0.011180437585705142,-27979.063115449822
2.006e-06,6.849001791223765,-0.01123636090948454,-27944.260663956207
2.008e-06,6.878419726896052,-0.011292214514227912,-27909.344079411334
2.0100000000000002e-06,6.9076458978331,-0.011347998197410085,-27874.339102755475
2.012e-06,6.9368364989404645,-0.011403711748861256,-27839.212348422567
2.014e-06,6.96616288199695,-0.011459354889390245,-27803.92818056307
2.0160000000000003e-06,6.995805554597369,-0.011514927268039743,-27768.45046893215
2.018e-06,7.025781752576304,-0.011570428472055617,-27732.753546949545
2.02e-06,7.055758030237182,-0.011625858052250988,-27696.826648414386
2.0220000000000003e-06,7.0853781927208965,-0.01168121553860767,-27660.659708265022
2.024e-06,7.114272676854106,-0.01173650044183147,-27624.243515543294
2.026e-06,7.142259565980068,-0.011791712270159597,-27587.584812580964
2.0280000000000003e-06,7.169563923887395,-0.01184685058358943,-27550.72861724734
2.03e-06,7.196430543437507,-0.011901915033647816,-27513.721441144997
2.032e-06,7.223112336914502,-0.011956905364561054,-27476.60947209035
2.034e-06,7.249864979845626,-0.012011821387792682,-27439.41375954654
2.036e-06,7.276937925931613,-0.012066662902995334,-27402.101443101576
2.0380000000000002e-06,7.304557302752686,-0.012121429642205493,-27364.6377670533
2.04e-06,7.33292521728018,-0.012176121268047128,-27326.988074589128
2.042e-06,7.362106766614499,-0.012230737385859286,-27289.129737564082
2.0440000000000003e-06,7.391911431487544,-0.012285277584497193,-27251.06890033962
2.046e-06,7.422168657802911,-0.01233974146578836,-27212.812390835625
2.048e-06,7.452737574471655,-0.01239412864457079,-27174.36639158995
2.0500000000000003e-06,7.483458698815184,-0.01244843875330323,-27135.742340847057
2.052e-06,7.514097545723631,-0.01250267145084287,-27096.95519880304
2.054e-06,7.54440896423148,-0.012556826426237401,-27058.0201957217
2.0560000000000003e-06,7.574138038711868,-0.012610903399884568,-27018.953451441248
2.058e-06,7.603197476139493,-0.012664902109906784,-26979.756570781865
2.06e-06,7.631865567754059,-0.012718822273207373,-26940.406729803377
2.0620000000000003e-06,7.660445344814866,-0.01277266356042248,-26900.88048530049
2.064e-06,7.689254244533464,-0.012826425594902314,-26861.153994538483
2.066e-06,7.718394939661755,-0.012880107969691924,-26821.220795068883
2.068e-06,7.74749735173722,-0.012933710300158446,-26781.109671462837
2.07e-06,7.776150383454541,-0.012987232260206307,-26740.850376394905
2.0720000000000002e-06,7.80391476043748,-0.013040673583139465,-26700.47255675832
2.074e-06,7.830593044966589,-0.01309403404289501,-26659.98719879267
2.076e-06,7.856534630914334,-0.013147313395091734,-26619.36499792754
2.0780000000000003e-06,7.8821201071708815,-0.013200511335366153,-26578.575276484968
2.08e-06,7.9077454918880585,-0.013253627498130138,-26537.58748750682
2.082e-06,7.933734945323025,-0.013306661467547462,-26496.381929812243
2.0840000000000003e-06,7.960241363603823,-0.013359612810020552,-26454.96054327189
2.086e-06,7.987412662470908,-0.013412481096801451,-26413.326237633726
2.088e-06,8.015397369063153,-0.013465265905281904,-26371.482242813563
2.0900000000000003e-06,8.044191999865902,-0.013517966823197567,-26329.435672844556
2.092e-06,8.073469232077935,-0.01357058346385099,-26287.204980586688
2.094e-06,8.102893052985007,-0.01362311547783237,-26244.809000789617
2.096e-06,8.132128885260267,-0.013675562553066064,-26202.266232909453
2.098e-06,8.160980523864074,-0.013727924404341285,-26159.58504230546
2.1000000000000002e-06,8.18954581488531,-0.013780200742183423,-26116.752799827875
2.102e-06,8.21793843379152,-0.013832391250792345,-26073.75580909923
2.104e-06,8.246278591347474,-0.013884495586627922,-26030.58002647426
2.1060000000000002e-06,8.274614767378443,-0.01393651338688692,-25987.220232522122
2.108e-06,8.302832599015442,-0.013988444293392497,-25943.686273063628
2.11e-06,8.330796127098129,-0.014040287968228959,-25899.98856339324
2.1120000000000003e-06,8.358351956681384,-0.014092044094722232,-25856.137929875007
2.114e-06,8.385491678603987,-0.014143712373096917,-25812.140444816865
2.116e-06,8.412538168248867,-0.01419529250626309,-25767.99272135396
2.1180000000000003e-06,8.439813869463588,-0.014246784190315272,-25723.69133082255
2.12e-06,8.467630031147236,-0.014298187114693458,-25679.233047373
2.122e-06,8.496063578555296,-0.0143495009617623,-25634.61402146487
2.1240000000000003e-06,8.524702784077652,-0.014400725408750254,-25589.83296648733
2.126e-06,8.553135858114956,-0.01445186013022344,-25544.888506707626
2.128e-06,8.580967949661746,-0.014502904797424986,-25499.778694833803
2.13e-06,8.608065853615141,-0.0145538590764233,-25454.500303489174
2.132e-06,8.634840441445876,-0.014604722618525969,-25409.041799174633
2.1340000000000002e-06,8.661731369587631,-0.014655495051685436,-25363.391360288886
2.136e-06,8.689189540537532,-0.014706175980802993,-25317.53775727231
2.138e-06,8.717460098867654,-0.014756764993261754,-25271.47470148362
2.1400000000000003e-06,8.746328108158378,-0.014807261678597864,-25225.21063462256
2.142e-06,8.775550115242357,-0.014857665643901237,-25178.75466875553
2.144e-06,8.804868537165726,-0.014907976514175594,-25132.11560559792
2.1460000000000003e-06,8.834066740430096,-0.014958193934024337,-25085.30424314329
2.148e-06,8.863035529431874,-0.015008317573182321,-25038.334914846815
2.15e-06,8.891679176702356,-0.015058347129984048,-24991.22188687359
2.1520000000000003e-06,8.91991235981742,-0.015108282331197839,-24943.97932691321
2.154e-06,8.947711063592998,-0.015158122930500307,-24896.619975559024
2.156e-06,8.975169866263286,-0.015207868701890288,-24849.15141441818
2.1580000000000003e-06,9.002368116569922,-0.015257519434443952,-24801.581139240992
2.16e-06,9.02936467031945,-0.015307074932544627,-24753.91696143819
2.1620000000000002e-06,9.056174219452222,-0.015356535005141652,-24706.155635583644
2.164e-06,9.082742831732572,-0.015405899436097529,-24658.2753203002
2.166e-06,9.109036246307676,-0.015455167964701689,-24610.25328385846
2.1680000000000002e-06,9.135043903575054,-0.015504340284033106,-24562.066047553995
2.17e-06,9.160786172291493,-0.015553416050541329,-24513.700460677388
2.172e-06,9.186319845011969,-0.015602394907421123,-24465.156419111514
2.1740000000000003e-06,9.211688829137442,-0.015651276498326552,-24416.434486314756
2.176e-06,9.23692163785875,-0.015700060469195427,-24367.53638257011
2.178e-06,9.262113596159324,-0.01574874646317646,-24318.457598453715
2.1800000000000003e-06,9.287526290706666,-0.01579733410874076,-24269.18796584189
2.182e-06,9.3134318384606,-0.015845823014109948,-24219.717403353872
2.184e-06,9.340108076663077,-0.015894212766773486,-24170.03526017832
2.1860000000000003e-06,9.36761744965291,-0.015942502942798215,-24120.14076454997
2.188e-06,9.395542459143769,-0.015990693135117383,-24070.051554626563
2.19e-06,9.423457259611938,-0.016038782972419587,-24019.785747571932
2.192e-06,9.45094440307702,-0.016086772119766196,-23969.361599045667
2.194e-06,9.477745166377819,-0.016134660274415034,-23918.79304978748
2.1960000000000002e-06,9.503939341013844,-0.01618244715458271,-23868.087117884228
2.198e-06,9.529610074344866,-0.016230132492162503,-23817.250461915588
2.2e-06,9.554831131560933,-0.016277716032009303,-23766.28938488026
2.2020000000000003e-06,9.579679190956165,-0.01632519753063829,-23715.209244102214
2.204e-06,9.604249662033872,-0.01637257675084389,-23664.010961506214
2.206e-06,9.628642286656271,-0.016419853456995422,-23612.695190023678
2.2080000000000003e-06,9.652961038397885,-0.016467027414932566,-23561.262747116998
2.21e-06,9.67729602101258,-0.016514098391378493,-23509.713698817763
2.212e-06,9.701700232241393,-0.01656106615034322,-23458.045265907644
2.2140000000000003e-06,9.726214715529496,-0.01660793045041283,-23406.254803697484
2.216e-06,9.750869288647376,-0.016654691045233667,-23354.340017148686
2.218e-06,9.77572244068756,-0.016701347682766068,-23302.297515247246
2.2200000000000003e-06,9.800911481523764,-0.016747900104021822,-23250.12374050193
2.222e-06,9.826584834745237,-0.01679434804299739,-23197.815235075195
2.2240000000000002e-06,9.85290015870629,-0.0168406912266255,-23145.36839303315
2.226e-06,9.87989999667541,-0.01688692936812089,-23092.77310235948
2.228e-06,9.907359177950559,-0.01693306214714921,-23040.005925961133
2.2300000000000002e-06,9.935052546529645,-0.01697908919576355,-22987.042688372385
2.232e-06,9.962764799892428,-0.017025010097351845,-22933.85889993096
2.234e-06,9.990309457004916,-0.017070824405710804,-22880.449459023126
2.2360000000000003e-06,10.017549126357643,-0.017116531704117855,-22826.84894802425
2.238e-06,10.044314381921714,-0.017162131646577504,-22773.093511629817
2.24e-06,10.07039943881187,-0.017207623959747825,-22719.219658683163
2.2420000000000003e-06,10.095667135507782,-0.01725300843126148,-22665.251854973772
2.244e-06,10.120183655224762,-0.017298284875598025,-22611.192481578564
2.246e-06,10.1440472671567,-0.017343453111051704,-22557.04297209463
2.2480000000000003e-06,10.167383216841914,-0.017388512958205753,-22502.804181953892
2.25e-06,10.190336207058422,-0.01743346422814614,-22448.465758444465
2.252e-06,10.213059206968676,-0.017478306680715497,-22393.986810905946
2.254e-06,10.235709081030862,-0.017523039992733063,-22339.325206666555
2.256e-06,10.25844619652731,-0.017567663757333842,-22284.4393941112
2.2580000000000002e-06,10.281361649221608,-0.01761217751007673,-22229.313348775737
2.26e-06,10.304385623070525,-0.01765658081444934,-22173.991023843315
2.262e-06,10.327439307433979,-0.017700873324487127,-22118.519013945865
2.2640000000000003e-06,10.350440575976354,-0.017745054787312767,-22062.94381168532
2.266e-06,10.373372102899658,-0.017789125019806538,-22007.28868208822
2.268e-06,10.396367483035439,-0.01783308383179685,-21951.523308217347
2.2700000000000003e-06,10.41956834658087,-0.017876930970373114,-21895.615268039302
2.272e-06,10.44311904561273,-0.017920666117994734,-21839.532353584036
2.274e-06,10.467047012066638,-0.017964288908930395,-21783.258582073126
2.2760000000000003e-06,10.491111514152522,-0.018007798985171918,-21726.817659446802
2.278e-06,10.515064324705538,-0.018051196037637614,-21670.234806259294
2.28e-06,10.538659640604566,-0.018094479807247082,-21613.534803207167
2.2820000000000003e-06,10.561759759842863,-0.018137650073413447,-21556.73136315699
2.284e-06,10.58446754854774,-0.01818070661533648,-21499.81055988203
2.2860000000000002e-06,10.606870740369464,-0.01822364918308934,-21442.75719297511
2.288e-06,10.629031270275828,-0.018266477496510836,-21385.556228524347
2.29e-06,10.650968108241855,-0.01830919125752072,-21328.204781354423
2.2920000000000002e-06,10.672639423771775,-0.018351790189178915,-21270.72687683354
2.294e-06,10.694034340148256,-0.018394274063881152,-21213.14782540617
2.296e-06,10.715177916236378,-0.01843664270486839,-21155.493161830527
2.2980000000000003e-06,10.73613307296628,-0.018478895962954434,-21097.764924210325
2.3e-06,10.75700030555884,-0.018521033643261686,-21039.915383043433
2.302e-06,10.777877208230741,-0.018563055453318662,-20981.894673932144
2.3040000000000003e-06,10.798856041756874,-0.018604961000461336,-20923.652468737357
2.306e-06,10.820088916766327,-0.018646749821428738,-20865.168498667892
2.308e-06,10.841870183830984,-0.01868842147849529,-20806.48856788444
2.3100000000000003e-06,10.864472919079027,-0.018729975628052908,-20747.660989732118
2.312e-06,10.888142239591417,-0.018771412023162275,-20688.734119636752
2.314e-06,10.912859494166968,-0.018812730488643407,-20629.731361488775
2.316e-06,10.938039109413264,-0.01885393083603185,-20570.61602696337
2.318e-06,10.963079337812145,-0.018895012801290082,-20511.349231263364
2.3200000000000002e-06,10.987384720817351,-0.01893597604325381,-20451.892732461933
2.322e-06,11.010627582604132,-0.0189768201675117,-20392.231525432773
2.324e-06,11.033089525947055,-0.019017544808508622,-20332.409471485837
2.3260000000000003e-06,11.055095572487932,-0.019058149690958214,-20272.472978101938
2.328e-06,11.076991549990794,-0.01909863463180507,-20212.467868756743
2.33e-06,11.098981263479484,-0.019138999519091537,-20152.41941770762
2.3320000000000003e-06,11.120911338359628,-0.019179244242229953,-20092.30372070553
2.334e-06,11.14260359675634,-0.019219368640428426,-20032.09447777092
2.336e-06,11.16386790709973,-0.01925937250024957,-19971.765343365834
2.3380000000000003e-06,11.184612331567878,-0.019299255561141346,-19911.29554840538
2.34e-06,11.204988286489545,-0.01933901753215748,-19850.67546773455
2.342e-06,11.22515059391005,-0.01937865810366093,-19789.89603571328
2.3440000000000003e-06,11.245247807541892,-0.019418176948146758,-19728.948450106356
2.346e-06,11.265387878466859,-0.019457573729832752,-19667.833235893973
2.3480000000000002e-06,11.285594185460663,-0.019496848137970684,-19606.574902030832
2.35e-06,11.305903306353056,-0.01953599991187984,-19545.19900713168
2.352e-06,11.326369724712965,-0.019575028841735377,-19483.730848400297
2.3540000000000002e-06,11.34701655337462,-0.0196139347572872,-19422.18470342119
2.356e-06,11.36776797463944,-0.019652717488027462,-19360.546036841417
2.358e-06,11.388527577464117,-0.019691376833186253,-19298.799121943302
2.3600000000000003e-06,11.409180744857103,-0.01972991256096596,-19236.928657758046
2.362e-06,11.429671682164495,-0.019768324409228686,-19174.919604978175
2.364e-06,11.450107998835291,-0.0198066120872982,-19112.75846452851
2.3660000000000003e-06,11.470615627259814,-0.0198447752778538,-19050.432091068036
2.368e-06,11.491333496704193,-0.019882813637430545,-18987.927485682925
2.37e-06,11.512357903273083,-0.019920726815765778,-18925.250849550775
2.3720000000000003e-06,11.53366630389107,-0.019958514524180765,-18862.45756543356
2.374e-06,11.555218315168798,-0.01999617658666423,-18799.604918031266
2.376e-06,11.576959430030248,-0.0200337129410391,-18736.749456835933
2.3780000000000004e-06,11.598738867851889,-0.020071123604342593,-18673.913846657357
2.38e-06,11.620200542609979,-0.020108408556342175,-18611.03815293653
2.3820000000000002e-06,11.640988227999586,-0.02014556765299762,-18548.05850250129
2.384e-06,11.660754363603182,-0.02018260062265971,-18484.911159594205
2.386e-06,11.679408383230172,-0.02021950709509008,-18421.561270773724
2.3880000000000003e-06,11.69745198071009,-0.02025628669462945,-18358.038268592012
2.39e-06,11.71541079293673,-0.020292939107651852,-18294.374753820182
2.392e-06,11.73381029317612,-0.020329464086394126,-18230.603988446746
2.3940000000000003e-06,11.752949224782576,-0.02036586143406327,-18166.743680697593
2.396e-06,11.772592271685143,-0.02040213095737125,-18102.779627282966
2.398e-06,11.792493849535232,-0.020438272433442452,-18038.69644391966
2.4000000000000003e-06,11.812420948978817,-0.020474285608317707,-17974.478431338004
2.402e-06,11.832251192722385,-0.0205101702057639,-17910.119014862838
2.404e-06,11.852105321899595,-0.020545925957228026,-17845.632449262288
2.4060000000000003e-06,11.872101286329384,-0.020581552623364214,-17781.033686920284
2.408e-06,11.892342950004204,-0.020617049994596702,-17716.33754557135
2.4100000000000002e-06,11.912858398868357,-0.020652417883137368,-17651.550995092934
2.412e-06,11.933515931448657,-0.020687656096545985,-17586.6624135309
2.414e-06,11.954173904623845,-0.020722764418204483,-17521.659244961837
2.4160000000000002e-06,11.97468741584503,-0.02075774260630732,-17456.52885787234
2.418e-06,11.994935033493787,-0.02079259039678616,-17391.26162097447
2.42e-06,12.014855618116094,-0.02082730751396769,-17325.855560554966
2.4220000000000003e-06,12.034385496140308,-0.020861893678464815,-17260.30893656716
2.424e-06,12.053455536551635,-0.020896348607244302,-17194.619842924305
2.426e-06,12.072049089139615,-0.020930672020249882,-17128.79316265726
2.4280000000000003e-06,12.090283490645303,-0.020964863659402783,-17062.845990238307
2.43e-06,12.108299471900276,-0.02099892330150987,-16996.79611684662
2.432e-06,12.126256964124723,-0.021032850759538434,-16930.66191171852
2.4340000000000003e-06,12.144242644568315,-0.02106664587485551,-16864.453405357504
2.436e-06,12.162140010083222,-0.02110030849309621,-16798.16483534913
2.438e-06,12.179819746629484,-0.02113383844785434,-16731.789922776752
2.4400000000000004e-06,12.197147570950154,-0.02116723555987627,-16665.322099151832
2.442e-06,12.214077686817228,-0.021200499631128612,-16598.74915319501
2.4440000000000002e-06,12.230783441780714,-0.0212336304237802,-16532.043498391176
2.446e-06,12.24744318864146,-0.021266627644017818,-16465.176739232076
2.448e-06,12.264230814798097,-0.021299490941372415,-16398.120615358166
2.4500000000000003e-06,12.281251198312914,-0.021332219929105046,-16330.867117273778
2.452e-06,12.298449441822507,-0.021364814254944315,-16263.458722002604
2.454e-06,12.315758566709466,-0.02139727365384539,-16195.940179068019
2.4560000000000003e-06,12.333106183388088,-0.02142959794996039,-16128.35593592757
2.458e-06,12.35042593857935,-0.021461787035072642,-16060.72917632742
2.46e-06,12.367674415647219,-0.02149384079601802,-15993.031769051013
2.4620000000000003e-06,12.384816817957113,-0.021525759060780653,-15925.232993583955
2.464e-06,12.40182656297827,-0.021557541595771515,-15857.301997284043
2.466e-06,12.41869563396204,-0.02158918812252664,-15789.224757838925
2.4680000000000003e-06,12.435448145151994,-0.021620698370359032,-15721.023074547
2.47e-06,12.452096995369606,-0.021652072114055596,-15652.720622023555
2.4720000000000002e-06,12.46864141805248,-0.021683309176472033,-15584.341794410964
2.474e-06,12.485062918584806,-0.021714409412649065,-15515.894382625598
2.476e-06,12.501321754589473,-0.021745372659973426,-15447.352941735342
2.4780000000000002e-06,12.517406776215463,-0.02177619870352488,-15378.690609716006
2.48e-06,12.533338729920155,-0.021806887273984887,-15309.879850292138
2.482e-06,12.549181348519092,-0.021837438068296855,-15240.914461670463
2.4840000000000003e-06,12.56505350858901,-0.021867850816449493,-15171.833690965572
2.486e-06,12.58103698215754,-0.02189812532891121,-15102.678770760334
2.488e-06,12.597170562531062,-0.021928261499195956,-15033.491513981813
2.4900000000000003e-06,12.613410019577817,-0.021958259285800686,-14964.295090741898
2.492e-06,12.629575069074772,-0.02198811865436396,-14895.073472534828
2.494e-06,12.645525151480392,-0.022017839536699318,-14825.808862820939
2.4960000000000003e-06,12.661169588276532,-0.022047421828402764,-14756.482840619401
2.498e-06,12.676556046189651,-0.02207686538482994,-14687.073586558534
2.5e-06,12.691994289910845,-0.022106170003284686,-14617.544868182467
2.5020000000000004e-06,12.707776263798872,-0.02213533540781828,-14547.859665409655
2.504e-06,12.724161322311346,-0.02216436124909045,-14477.98160675989
2.5060000000000002e-06,12.741181782610441,-0.022193247135255025,-14407.904557811456
2.508e-06,12.758362023586301,-0.022221992742454226,-14337.702641390153
2.51e-06,12.775193382309526,-0.022250597898988488,-14267.453892872014
2.5120000000000003e-06,12.791156613334302,-0.02227906258848017,-14197.235598811812
2.514e-06,12.805967455421328,-0.022307386905753113,-14127.081674135736
2.516e-06,12.819936093773421,-0.02233557090188688,-14056.914459625435
2.5180000000000003e-06,12.83342028895957,-0.022363614467059607,-13986.650713104356
2.52e-06,12.84680039077331,-0.022391517325487106,-13916.20771440054
2.522e-06,12.86033100994318,-0.022419279071933085,-13845.53873157765
2.5240000000000003e-06,12.87392276672703,-0.02244689930040774,-13774.689743077566
2.526e-06,12.887472989369927,-0.022474377701462014,-13703.711311203431
2.528e-06,12.900881077306433,-0.022501714066278253,-13632.65350503181
2.5300000000000003e-06,12.914150623224039,-0.022528908266333587,-13561.546550306626
2.532e-06,12.927538762247787,-0.022555960178220927,-13490.365337037712
2.5340000000000002e-06,12.941299805725805,-0.022582869625672342,-13419.08211437323
2.5360000000000004e-06,12.955672751918101,-0.022609636377777492,-13347.669990779077
2.538e-06,12.970748599875492,-0.022636260159551093,-13276.111782823426
2.5400000000000002e-06,12.986275062206234,-0.022662740692805706,-13204.42147178815
2.542e-06,13.001985701304337,-0.022689077729067666,-13132.614790169711
2.544e-06,13.017616073511615,-0.02271527105063517,-13060.706777328794
2.5460000000000003e-06,13.03298735980087,-0.02274132047274812,-12988.715335619276
2.548e-06,13.048130912880218,-0.022767225846585634,-12916.65850190152
2.55e-06,13.063096083006743,-0.02279298705928961,-12844.554202075406
2.5520000000000003e-06,13.077940961472905,-0.02281860403459648,-12772.421104793146
2.554e-06,13.092707597367367,-0.02284407671798639,-12700.26228511814
2.556e-06,13.10738444987396,-0.022869405032489895,-12628.052218387575
2.5580000000000003e-06,13.121953110556523,-0.022894588848640353,-12555.763932065638
2.56e-06,13.136390270133814,-0.022919627981785307,-12483.369212893605
2.562e-06,13.150687564215124,-0.022944522207613362,-12410.856615159862
2.5640000000000004e-06,13.164881278437134,-0.02296927131047215,-12338.246243623273
2.566e-06,13.179004899518167,-0.02299387511609453,-12265.559378759515
2.5680000000000002e-06,13.19308681469981,-0.023018333493656836,-12192.818183545174
2.57e-06,13.207120682656782,-0.023042646347799848,-12120.035959471676
2.572e-06,13.221020876937416,-0.023066813592417607,-12047.208658282181
2.5740000000000003e-06,13.234693519896744,-0.02309083513288575,-11974.33180986414
2.576e-06,13.248039957440373,-0.023114710865452498,-11901.400756886733
2.578e-06,13.261018424750546,-0.023138440677659123,-11828.411449741363
2.5800000000000003e-06,13.273738616484005,-0.02316202444979585,-11755.3606869871
2.582e-06,13.286345470910984,-0.023185462055675954,-11682.245193124447
2.584e-06,13.299014325204906,-0.02320875336254266,-11609.061673582679
2.5860000000000003e-06,13.311832899471133,-0.023231898231802703,-11535.807586455378
2.588e-06,13.324619874890779,-0.023254896520037,-11462.480647845454
2.59e-06,13.337155663661,-0.02327774807936105,-11389.078676208555
2.5920000000000003e-06,13.349192379994339,-0.023300452757803524,-11315.59976625772
2.594e-06,13.360592346198711,-0.023323010397636013,-11242.040066237128
2.5960000000000002e-06,13.371541082914964,-0.02334542083221664,-11168.394514386495
2.5980000000000004e-06,13.382253946638393,-0.02336768388471364,-11094.657982609837
2.6e-06,13.39296250938947,-0.02338979936758124,-11020.82488499508
2.6020000000000002e-06,13.403829139088437,-0.02341176708804479,-10946.895578554599
2.604e-06,13.414814770899396,-0.023433586864753726,-10872.881130383686
2.606e-06,13.42585533006497,-0.02345525853892108,-10798.793036969475
2.6080000000000003e-06,13.436869945041973,-0.023476781975174218,-10724.64321616626
2.61e-06,13.447775437855364,-0.023498157055673784,-10650.437283406402
2.612e-06,13.458509808941693,-0.02351938366142368,-10576.168466493178
2.6140000000000003e-06,13.469024024921351,-0.02354046165938373,-10501.829493550145
2.616e-06,13.479282227600127,-0.023561390901654607,-10427.41277733537
2.618e-06,13.48929316775723,-0.02358217122757178,-10352.913139833614
2.6200000000000003e-06,13.499157874832044,-0.023602802469336506,-10278.328624890415
2.622e-06,13.508971850029608,-0.023623284455316838,-10203.65735544441
2.624e-06,13.51881957186265,-0.023643617010407788,-10128.897735500128
2.6260000000000004e-06,13.528718446298495,-0.023663799958265765,-10054.050122479339
2.628e-06,13.5385328029945,-0.0236838331291698,-9979.120781564034
2.6300000000000002e-06,13.548135415000422,-0.023703716366413396,-9904.116462029613
2.632e-06,13.557416409121775,-0.023723449526819672,-9829.043944251885
2.634e-06,13.566359542740912,-0.0237430324788783,-9753.90811437738
2.6360000000000003e-06,13.575160347824122,-0.023762465097404484,-9678.710411805927
2.638e-06,13.584019715350992,-0.023781747259853946,-9603.452037657662
2.64e-06,13.593132755425312,-0.02380087884586481,-9528.133973203701
2.6420000000000003e-06,13.602595935846185,-0.02381985973990016,-9452.760062144484
2.644e-06,13.612261651956231,-0.02383868984081113,-9377.340848825566
2.646e-06,13.62196652627253,-0.02385736906873882,-9301.887078864675
2.6480000000000003e-06,13.63154326434838,-0.02387589736526153,-9226.409443848424
2.65e-06,13.640897461437275,-0.023894274683825965,-9150.909120587516
2.652e-06,13.650128262595427,-0.0239125009554189,-9075.362472342918
2.6540000000000003e-06,13.659333401960673,-0.023930576062433588,-8999.744542341654
2.656e-06,13.668598810600198,-0.02394849983740649,-8924.030430558141
2.6580000000000002e-06,13.677964005716222,-0.023966272077946764,-8848.210109709487
2.6600000000000004e-06,13.687368171233276,-0.023983892599970212,-8772.311913732285
2.662e-06,13.69675841023489,-0.02400136127811917,-8696.366235229858
2.6640000000000002e-06,13.706096113633913,-0.024018678047803565,-8620.40344916187
2.666e-06,13.71531578844572,-0.024035842893136046,-8544.441883323492
2.668e-06,13.724259385976305,-0.024052855803790584,-8468.468771213707
2.6700000000000003e-06,13.732765076789562,-0.02406971674225284,-8392.469691042425
2.672e-06,13.74067141374768,-0.024086425642191076,-8316.430247199127
2.674e-06,13.747980748700519,-0.024102982410234588,-8240.337796310223
2.6760000000000003e-06,13.755119376778673,-0.024119386929518347,-8164.181487449277
2.678e-06,13.762525869799,-0.024135639061755858,-8087.950750059048
2.68e-06,13.77062924243519,-0.024151738648017892,-8011.635511978274
2.6820000000000003e-06,13.77958164211,-0.024167685520460058,-7935.236930186471
2.684e-06,13.788830664895613,-0.024183479549822886,-7858.792432645476
2.686e-06,13.797793569373914,-0.02419912068363659,-7782.3413810540915
2.6880000000000004e-06,13.805893487169893,-0.024214608947211422,-7705.922193781497
2.69e-06,13.812852139360913,-0.024229944416964168,-7629.547558966601
2.6920000000000002e-06,13.819161066124714,-0.024245127120568352,-7553.15604522258
2.694e-06,13.825361711834033,-0.024260156958480262,-7476.681866689393
2.696e-06,13.832006911585768,-0.0242750337002585,-7400.0599115468585
2.6980000000000003e-06,13.839436148839228,-0.024289757010704655,-7323.250534609621
2.7e-06,13.847411007132578,-0.024304326545795424,-7246.284556165095
2.702e-06,13.855638135571892,-0.024318742027280283,-7169.196928688839
2.7040000000000003e-06,13.863796705945594,-0.024333003246498095,-7092.022289126537
2.706e-06,13.871653491131264,-0.02434711005773952,-7014.788952301541
2.708e-06,13.87925137560017,-0.02436106235254345,-6937.505851623634
2.7100000000000003e-06,13.886672097597403,-0.024374860039168063,-6860.180772989278
2.712e-06,13.894024550893448,-0.024388503041748562,-6782.821807516966
2.714e-06,13.901419811051172,-0.02440199129895203,-6705.435395949398
2.7160000000000003e-06,13.908929048576763,-0.024415324761947594,-6628.027599612376
2.718e-06,13.916604686952637,-0.024428503394036405,-6550.604489199166
2.7200000000000002e-06,13.924480552691364,-0.02444152717018392,-6473.171658313756
2.7220000000000004e-06,13.932522692437976,-0.0244543960788429,-6395.737000666534
2.724e-06,13.940550332204142,-0.024467110125685518,-6318.3098419510225
2.7260000000000002e-06,13.948405917697515,-0.024479669334977503,-6240.8994500334
2.728e-06,13.955965613412875,-0.024492073749995107,-6163.515567571141
2.73e-06,13.963196683122572,-0.02450432341842789,-6086.152865209969
2.7320000000000003e-06,13.97024974155893,-0.02451641834100813,-6008.769715025644
2.734e-06,13.977238826323058,-0.024528358433413295,-5931.3226901449625
2.736e-06,13.984227092057521,-0.024540143524233067,-5853.768129630446
2.7380000000000003e-06,13.991230525065136,-0.024551773381958367,-5776.089595667986
2.74e-06,13.998225773537637,-0.02456324781380388,-5698.342249846902
2.742e-06,14.005205030505277,-0.02457456674109765,-5620.58504392832
2.7440000000000003e-06,14.012180977391154,-0.024585730202893386,-5542.876751807436
2.746e-06,14.019150885186251,-0.024596738325929644,-5465.246284452915
2.748e-06,14.026036820881469,-0.02460759121127138,-5387.639057286424
2.7500000000000004e-06,14.032767537736225,-0.024618288846259058,-5309.995930390262
2.752e-06,14.039282799291906,-0.0246288311006812,-5232.258491750303
2.7540000000000002e-06,14.045546956036873,-0.024639217745482077,-5154.386309128326
2.7560000000000004e-06,14.05157134706155,-0.02464944852614517,-5076.39435396453
2.758e-06,14.057368991243642,-0.02465952322138344,-4998.300884308598
2.7600000000000003e-06,14.062951665204606,-0.02466944164553521,-4920.123267460602
2.762e-06,14.068347139400046,-0.024679203655158653,-4841.886355982216
2.764e-06,14.073627643607875,-0.024688809169373816,-4763.627859182483
2.7660000000000003e-06,14.078852702313322,-0.024698258183088018,-4685.385855015979
2.768e-06,14.084065575706031,-0.02470755076797517,-4607.199032133306
2.77e-06,14.08926496108916,-0.02471668704838211,-4529.081374805035
2.7720000000000003e-06,14.094357944685925,-0.024725667112807933,-4450.983051020869
2.774e-06,14.099253341924936,-0.024734490946873144,-4372.851014191887
2.776e-06,14.103867602130892,-0.024743158430216277,-4294.632328938151
2.7780000000000003e-06,14.108172547850492,-0.024751669357962677,-4216.295417459519
2.78e-06,14.112275874192678,-0.024760023523174378,-4137.8697942421995
2.7820000000000002e-06,14.116296856696001,-0.02476822078129506,-4059.388326435131
2.7840000000000004e-06,14.120359221612754,-0.024776261052833308,-3980.8832118129017
2.786e-06,14.124525413663477,-0.024784144317104694,-3902.381059575738
2.7880000000000002e-06,14.128685245539053,-0.024791870588315137,-3823.890150869308
2.79e-06,14.132728976380651,-0.02479943989580139,-3745.417335388913
2.792e-06,14.136557404439,-0.024806852282734472,-3666.969597687368
2.7940000000000003e-06,14.140150288073766,-0.024814107797621755,-3588.5452895935023
2.796e-06,14.143682244455041,-0.024821206460943237,-3510.118031886323
2.798e-06,14.147319527474364,-0.024828148239191942,-3431.6602168207737
2.8000000000000003e-06,14.151207508274576,-0.024834933044021883,-3353.1446131163243
2.802e-06,14.15538356219838,-0.024841560746303695,-3274.5576687011435
2.804e-06,14.159628677248516,-0.024848031230344302,-3195.926371904746
2.8060000000000003e-06,14.163718618576725,-0.024854344436895232,-3117.2801790253434
2.808e-06,14.167439267992997,-0.02486050036521333,-3038.6481390753997
2.81e-06,14.170671505209366,-0.024866499054684396,-2960.0413319874797
2.8120000000000004e-06,14.17353699954717,-0.024872340511958618,-2881.415942231584
2.814e-06,14.176174616353245,-0.02487802465285264,-2802.7249517880687
2.8160000000000002e-06,14.17872712350167,-0.024883551300005906,-2723.9222014735356
2.8180000000000004e-06,14.181306323072233,-0.02488892020789849,-2644.985691111927
2.82e-06,14.183932302448062,-0.02489413116146361,-2565.9678740052555
2.8220000000000003e-06,14.186599802177303,-0.024899184055147423,-2486.9258098061973
2.824e-06,14.189281578667254,-0.024904078896493296,-2407.915536070895
2.826e-06,14.191924902045702,-0.02490881578626386,-2328.974234496218
2.8280000000000003e-06,14.194446498197882,-0.024913394840751942,-2250.0802535862736
2.83e-06,14.196793225025463,-0.024917816129024824,-2171.2080192926287
2.832e-06,14.198947084839105,-0.024922079669661014,-2092.332616893847
2.8340000000000003e-06,14.200924781207148,-0.024926185432596545,-2013.4303186422756
2.836e-06,14.202776029742793,-0.024930133347999466,-1934.4850842792382
2.838e-06,14.204532327751357,-0.024933923314734607,-1855.4816508629578
2.8400000000000003e-06,14.206202391531464,-0.024937555200810223,-1776.4044247547756
2.842e-06,14.207786327126778,-0.02494102886261765,-1697.2573826748887
2.8440000000000002e-06,14.2093009154284,-0.024944344215394595,-1618.0953942672027
2.8460000000000004e-06,14.21077342457331,-0.024947501286994595,-1538.9762057301882
2.848e-06,14.212242124317166,-0.024950500220955418,-1459.9577550922147
2.8500000000000002e-06,14.213727738388856,-0.02495334124185387,-1381.0631433560366
2.852e-06,14.21518293188726,-0.024956024528013064,-1302.2230158348016
2.854e-06,14.21654110865386,-0.024958550113540656,-1223.3625117577526
2.8560000000000003e-06,14.217718595091407,-0.024960917882494035,-1144.4064416195913
2.858e-06,14.21866139518321,-0.02496312760269483,-1065.313759176957
2.86e-06,14.219427947851573,-0.02496517904830073,-986.1318467163316
2.8620000000000003e-06,14.220089473523348,-0.024967072093524837,-906.9133773916948
2.864e-06,14.220724611254001,-0.024968806718571653,-827.7116694245666
2.866e-06,14.221372501969157,-0.024970382991487246,-748.5612461704482
2.8680000000000003e-06,14.221949997964437,-0.024971801005880166,-669.4531467509385
2.87e-06,14.222393517059054,-0.02497306083495243,-590.3759255126882
2.872e-06,14.222668215825749,-0.02497416252805171,-511.31717377394057
2.8740000000000004e-06,14.222780102141432,-0.02497510611342654,-432.2682010511148
2.876e-06,14.222796557633561,-0.024975891604030503,-353.22240291338227
2.8780000000000002e-06,14.222737804655978,-0.02497651899932291,-274.1728894948055
2.8800000000000004e-06,14.222568012228379,-0.024976988285738133,-195.11352572462823
2.882e-06,14.222264270519794,-0.02497729944059544,-116.04133157782785
2.8840000000000003e-06,14.221940791426661,-0.024977452449202242,-36.96727522991895
2.886e-06,14.221757704703036,-0.024977447320034773,42.096442698509854
2.888e-06,14.22191820324699,-0.024977284085576413,121.13801566341387
2.8900000000000003e-06,14.222516061986047,-0.024976962798949353,200.14861139574637
2.892e-06,14.223261720144068,-0.024976483519625493,279.1307124668781
2.894e-06,14.223839641297902,-0.02497584630123565,358.0876773750772
2.8960000000000003e-06,14.223929022344597,-0.024975051190961724,437.0225965530446
2.898e-06,14.223359614675736,-0.02497409822302501,515.9453401631331
2.9e-06,14.222392236105742,-0.024972987394054777,594.8836300644033
2.9020000000000003e-06,14.221288208171554,-0.024971718644313905,673.8661108079536
2.904e-06,14.22028197281645,-0.024970291856788993,752.9214140990279
2.9060000000000002e-06,14.219475066376797,-0.024968706877692974,832.0576819188906
2.9080000000000004e-06,14.218644880115052,-0.024966963592864627,911.2271464283039
2.91e-06,14.217582548155281,-0.02496506198720652,990.378511675178
2.9120000000000002e-06,14.216115785014306,-0.02496300214841396,1069.4602808858333
2.9140000000000004e-06,14.21417887057947,-0.02496078424344182,1148.4446912505484
2.916e-06,14.211939148460274,-0.024958408433191234,1227.3655593316478
2.9180000000000003e-06,14.209544183789527,-0.024955874807047758,1306.2605841442276
2.92e-06,14.207103899163547,-0.024953183378333472,1385.1681301381323
2.922e-06,14.20470209046618,-0.024950334097697757,1464.1125055756568
2.9240000000000003e-06,14.202417863580562,-0.0249473269009996,1543.0841925803234
2.926e-06,14.200366157867393,-0.024944161744941133,1622.071865887723
2.928e-06,14.198702583615928,-0.02494083860936926,1701.0637059860696
2.9300000000000003e-06,14.197470051718872,-0.02493735749442943,1780.051233837747
2.932e-06,14.196317606598452,-0.02493371840923564,1859.0339599566223
2.934e-06,14.19485687838514,-0.024929921363735515,1938.0115401722117
2.9360000000000003e-06,14.192682961959514,-0.024925966368665436,2016.9835299049087
2.938e-06,14.189558101860152,-0.02492185344332969,2095.9418058428564
2.9400000000000002e-06,14.185749786009913,-0.02491758264761932,2174.853904522699
2.9420000000000004e-06,14.181541192121314,-0.024913154107849198,2253.685865596964
2.944e-06,14.17719982814289,-0.02490856801785038,2332.4041332183156
2.9460000000000003e-06,14.172932722477396,-0.024903824617082473,2410.996634689818
2.948e-06,14.168803443551202,-0.024898924108814,2489.511633782592
2.95e-06,14.164874874357263,-0.02489386659559998,2568.001580236667
2.9520000000000003e-06,14.161219368365723,-0.024888652074774847,2646.5192448991916
2.954e-06,14.157835295373166,-0.02488328045997609,2725.0955538558896
2.956e-06,14.154492417939762,-0.02487775165740403,2803.707018200046
2.9580000000000003e-06,14.150970378970712,-0.024872065623767835,2882.326617994937
2.96e-06,14.14707439183584,-0.024866222370869575,2960.926280265116
2.962e-06,14.142733364199614,-0.0248602219526177,3039.491971615621
2.9640000000000003e-06,14.1381824599083,-0.024854064422153817,3118.0384922667977
2.966e-06,14.133637260020903,-0.02484774980156941,3196.5820921354853
2.9680000000000002e-06,14.129270763993656,-0.024841278079271112,3275.1402061677454
2.9700000000000004e-06,14.125134867618948,-0.02483464922627581,3353.712789131196
2.972e-06,14.12101371740022,-0.0248278632524226,3432.261064077916
2.9740000000000002e-06,14.116702940658453,-0.02482092024708593,3510.7442725907854
2.9760000000000004e-06,14.112029851933174,-0.024813820382255204,3589.1205581349227
2.978e-06,14.106920267677161,-0.024806563889855852,3667.371841215735
2.9800000000000003e-06,14.101523919776522,-0.02479915097697542,3745.5410392202825
2.982e-06,14.095985182079094,-0.024791581761552994,3823.67438320141
2.984e-06,14.090426567445583,-0.024783856268635145,3901.818534644135
2.9860000000000003e-06,14.084917018393941,-0.02477597444381265,3980.0062878468007
2.988e-06,14.07941210917541,-0.02476793620732472,4058.230200082738
2.99e-06,14.073884710488404,-0.024759741496512517,4136.480612120948
2.9920000000000003e-06,14.06833500166706,-0.02475139026763371,4214.74826668325
2.994e-06,14.062774359945825,-0.02474288250294777,4293.016419257508
2.996e-06,14.057194798519285,-0.024734218234470626,4371.25205788444
2.9980000000000003e-06,14.05155902493088,-0.024725397561194636,4449.42121810741
3e-06,14.04579813542629,-0.024716420650673702,4527.489302823318
3.0020000000000002e-06,14.039880668164107,-0.024707287722222755,4605.439148121273
3.0040000000000004e-06,14.033943926520942,-0.024697998985607962,4683.297466670303
3.006e-06,14.028145524357877,-0.024688554594560444,4761.093580848973
3.0080000000000003e-06,14.022654767478816,-0.02467895464351826,4838.857461340085
3.01e-06,14.017555609565914,-0.02466919917335732,4916.61269959986
3.012e-06,14.012661217978147,-0.024659288191388778,4994.369268940208
3.0140000000000003e-06,14.00777889460357,-0.024649221685522835,5072.136596998023
3.016e-06,14.00272782869561,-0.02463899962519396,5149.92373188073
3.018e-06,13.997357798645371,-0.024628621970929052,5227.730533028284
3.0200000000000003e-06,13.991585349510132,-0.02461808870844679,5305.531949232948
3.022e-06,13.985319086838057,-0.02460739987561349,5383.300884071258
3.024e-06,13.978453694802894,-0.02459655556502972,5461.009699701753
3.0260000000000003e-06,13.970964644303313,-0.024585555917611832,5538.637718183387
3.028e-06,13.963090515397477,-0.02457440110590654,5616.173987107498
3.0300000000000002e-06,13.955098012807644,-0.024563091323742375,5693.608177061075
3.0320000000000004e-06,13.947266908913567,-0.024551626784175152,5770.931390158331
3.034e-06,13.939831330803448,-0.024540007710159368,5848.142625629017
3.0360000000000002e-06,13.932865928452378,-0.024528234288865768,5925.278667971406
3.0380000000000004e-06,13.926410940208893,-0.0245163066307668,6002.379430994862
3.04e-06,13.920479893003709,-0.024504224768098937,6079.483236873652
3.0420000000000003e-06,13.914985009871797,-0.02449198866057217,6156.6242898888595
3.044e-06,13.909592348195499,-0.02447959822076533,6233.815516945656
3.046e-06,13.903987176681325,-0.024467053337799975,6311.067448411647
3.0480000000000003e-06,13.897893706823789,-0.024454353879197532,6388.3911540269455
3.05e-06,13.89119777041156,-0.02444149970716121,6465.78088229965
3.052e-06,13.884186471722405,-0.024428490745991703,6543.180287207584
3.0540000000000003e-06,13.877140239237768,-0.02441532703558059,6620.530123902455
3.056e-06,13.8703026595082,-0.0244020087337049,6697.771751789195
3.058e-06,13.86378043780844,-0.024388536096723895,6774.865229217182
3.0600000000000003e-06,13.857347121023555,-0.024374909400380146,6851.83111453346
3.062e-06,13.85076911652867,-0.024361128874918543,6928.694347066417
3.0640000000000002e-06,13.843829756619561,-0.024347194701290785,7005.479280688634
3.0660000000000004e-06,13.836433057365428,-0.024333107011292873,7082.210717222544
3.068e-06,13.828807829622313,-0.024318865889533386,7158.911042267541
3.0700000000000003e-06,13.821218412847585,-0.024304471376358674,7235.602132448721
3.0720000000000004e-06,13.813944551769303,-0.024289923468103727,7312.306122499943
3.074e-06,13.807121680832697,-0.02427522212866073,7389.0333204986255
3.0760000000000003e-06,13.800425725356861,-0.02426036733357954,7465.761760688097
3.078e-06,13.79348739815467,-0.024245359104431184,7542.467387671566
3.08e-06,13.785920123686868,-0.02423019751116508,7619.125878426899
3.0820000000000003e-06,13.777510913312913,-0.024214882669084604,7695.716202052057
3.084e-06,13.768599044977542,-0.024199414726444605,7772.226437953003
3.086e-06,13.759542839780266,-0.024183793854923027,7848.645083625707
3.0880000000000003e-06,13.750682157091894,-0.024168020249280584,7924.960558813568
3.09e-06,13.742233151680376,-0.024152094123196424,8001.165525345834
3.092e-06,13.734077930941861,-0.024136015696554512,8077.261116562789
3.0940000000000004e-06,13.726112772697624,-0.024119785186294908,8153.2491430361715
3.096e-06,13.718274586238902,-0.02410340280508781,8229.132064064357
3.0980000000000002e-06,13.710515507513973,-0.024086868755585186,8304.917438560666
3.1000000000000004e-06,13.702752925385104,-0.024070183204678196,8380.633468424452
3.102e-06,13.69486561689526,-0.024053346261075706,8456.310134073365
3.1040000000000003e-06,13.686691030291813,-0.024036357974032512,8531.976909123321
3.106e-06,13.678145750516704,-0.02401921834842264,8607.648700750551
3.108e-06,13.669466736971842,-0.024001927407892587,8683.291829299325
3.1100000000000003e-06,13.660933347137238,-0.023984485247069913,8758.86899337239
3.112e-06,13.652849465830997,-0.023966892034629407,8834.343447132329
3.114e-06,13.645387516430286,-0.02394914800170833,8909.689473945253
3.1160000000000003e-06,13.638274248558728,-0.023931253392334026,8984.919900354407
3.118e-06,13.631187930869684,-0.023913208421920792,9060.050512886144
3.12e-06,13.623785590623086,-0.023895013274905463,9135.096502440867
3.1220000000000003e-06,13.615782198126972,-0.023876668103139518,9210.075263499479
3.124e-06,13.607110868910706,-0.023858173019991675,9285.00788434694
3.1260000000000002e-06,13.59774321923413,-0.02383952809679105,9359.915316275969
3.1280000000000004e-06,13.587677486223948,-0.023820733362854743,9434.81862002793
3.13e-06,13.576997606357162,-0.023801788820162102,9509.72407261746
3.1320000000000003e-06,13.565993354674582,-0.02378269450193033,9584.594159155931
3.1340000000000004e-06,13.55497072704145,-0.023763450519430955,9659.38834022274
3.136e-06,13.544237727376043,-0.023744057065046235,9734.066044498339
3.1380000000000003e-06,13.533960089578697,-0.023724514394775957,9808.604225782106
3.14e-06,13.52386689037151,-0.023704822756668447,9883.033881728257
3.142e-06,13.513647934246983,-0.023684982333014803,9957.389771911743
3.1440000000000003e-06,13.502982285073612,-0.02366499323682724,10031.706415652397
3.146e-06,13.491653847174046,-0.023644855524784663,10106.005626925169
3.148e-06,13.479788603992635,-0.023624569254516104,10180.264641637195
3.1500000000000003e-06,13.467519928490775,-0.023604134532337666,10254.457536798078
3.152e-06,13.454963744582729,-0.023583551515506507,10328.559294361172
3.154e-06,13.442235863061375,-0.023562820400881406,10402.555330738747
3.1560000000000004e-06,13.429486686102557,-0.02354194137527979,10476.470270876443
3.158e-06,13.416897584718752,-0.02352091457295694,10550.332051983296
3.1600000000000002e-06,13.404682310754886,-0.023499740072999,10624.167905954942
3.1620000000000004e-06,13.392919781660467,-0.02347841790553096,10697.999562086396
3.164e-06,13.381209332758077,-0.023456948078578,10771.827390878823
3.1660000000000003e-06,13.369105430097505,-0.023435330601398272,10845.6497888488
3.168e-06,13.356148282584014,-0.023413565486121293,10919.46548813102
3.17e-06,13.34211613095652,-0.023391652754249925,10993.266383236523
3.1720000000000003e-06,13.327548740277916,-0.023369592459155018,11067.02871167087
3.174e-06,13.313029581978356,-0.023347384702758628,11140.727684725161
3.176e-06,13.299132691184516,-0.02332502963722148,11214.337852417026
3.1780000000000003e-06,13.28617334079404,-0.023302527464210167,11287.83515889243
3.18e-06,13.273687940371042,-0.023279878436982804,11361.19206847075
3.182e-06,13.261172044503923,-0.02325708286442799,11434.380486339374
3.1840000000000003e-06,13.248136264143149,-0.023234141110748032,11507.37319361971
3.186e-06,13.234302800009218,-0.023211053579447957,11580.158106462148
3.1880000000000002e-06,13.220017196521129,-0.02318782064432013,11652.777021363296
3.1900000000000004e-06,13.205663517302277,-0.023164442591137667,11725.27616109774
3.192e-06,13.19161971994376,-0.02314091961393909,11797.701037483157
3.1940000000000003e-06,13.178125916721259,-0.023117251825663383,11870.087238220884
3.1960000000000004e-06,13.165007372202599,-0.023093439304500887,11942.433924274319
3.198e-06,13.152055277941473,-0.023069482133393167,12014.73718345417
3.2000000000000003e-06,13.139055651760147,-0.023045380402547874,12086.993661830844
3.202e-06,13.12583552130529,-0.02302113420792247,12159.200963575153
3.204e-06,13.112360635465448,-0.022996743643837962,12231.363120932343
3.2060000000000003e-06,13.098598899883608,-0.02297220879571397,12303.485003058593
3.208e-06,13.084509756233402,-0.02294752973945954,12375.571251373065
3.21e-06,13.070045601652428,-0.02292270654592717,12447.622280994572
3.2120000000000003e-06,13.055154069181134,-0.02289773929821676,12519.62542941332
3.214e-06,13.039813330228935,-0.022872628105914988,12591.566872368303
3.216e-06,13.024035975461137,-0.02284737310639927,12663.432643346374
3.2180000000000004e-06,13.007914497266327,-0.02282197446309598,12735.210659938006
3.22e-06,12.991718908554242,-0.02279643235953227,12806.892903772505
3.2220000000000002e-06,12.975711367357526,-0.022770746995037467,12878.471591026886
3.2240000000000004e-06,12.960130476282627,-0.02274491858430448,12949.93914195398
3.226e-06,12.945093236620671,-0.02271894735416818,13021.290994353501
3.2280000000000003e-06,12.93038501031268,-0.022692833528295445,13092.5348783784
3.23e-06,12.915776856071405,-0.022666577313893866,13163.679523204379
3.232e-06,12.901050933155409,-0.02264017890107602,13234.733294634432
3.2340000000000003e-06,12.886050256406664,-0.022613638465004828,13305.702776559405
3.236e-06,12.870786552458888,-0.02258695617704615,13376.585182123154
3.238e-06,12.855252543336064,-0.022560132215032343,13447.376831679743
3.2400000000000003e-06,12.839405918473275,-0.02253316676374105,13518.074459613272
3.242e-06,12.823240449651811,-0.02250606000788829,13588.681393150802
3.244e-06,12.806937186971647,-0.022478812103883365,13659.222611775956
3.2460000000000003e-06,12.7907293648871,-0.022451423156222474,13729.725049112401
3.248e-06,12.774894377137631,-0.022423893215447865,13800.215725500886
3.2500000000000002e-06,12.759626335603198,-0.02239622229605024,13870.703672120302
3.2520000000000004e-06,12.744762297526481,-0.02236841044770692,13941.144671200535
3.254e-06,12.730079277928398,-0.022340457812575973,14011.490459746155
3.2560000000000003e-06,12.715315110085541,-0.02231236462979984,14081.69231638703
3.2580000000000004e-06,12.700221176929672,-0.02228413121880593,14151.718677521065
3.26e-06,12.68467539504738,-0.022255757913660173,14221.58646823627
3.2620000000000003e-06,12.668602344289933,-0.022227245011132872,14291.316059059918
3.264e-06,12.651969094390662,-0.022198592766651152,14360.928422664116
3.266e-06,12.63484861520168,-0.022169801399360534,14430.43886794751
3.2680000000000003e-06,12.61755953177936,-0.0221408711073884,14499.853104181724
3.27e-06,12.600406959060763,-0.02211180207789956,14569.176384659191
3.272e-06,12.583659955915177,-0.02208259448854729,14638.412967604008
3.2740000000000003e-06,12.567498306699731,-0.02205324850916078,14707.566418902547
3.276e-06,12.551894311331331,-0.02202376431507145,14776.6276704365
3.278e-06,12.53682716180903,-0.021994142101263596,14845.586137417104
3.2800000000000004e-06,12.522301954676838,-0.021964382082767214,14914.432358962356
3.282e-06,12.508257875459257,-0.021934484489054426,14983.161353830947
3.2840000000000002e-06,12.494368004564071,-0.02190444953584977,15051.791850821495
3.2860000000000004e-06,12.480268580263983,-0.02187427739890427,15120.345094677776
3.288e-06,12.465575642086478,-0.021843968212366626,15188.841442971512
3.2900000000000003e-06,12.450045164541198,-0.021813522077884354,15257.293039296275
3.2920000000000004e-06,12.433925434595542,-0.021782939106734754,15325.678110300883
3.294e-06,12.417517395314759,-0.02175221945690152,15393.971722933076
3.2960000000000003e-06,12.401140471403664,-0.021721363335476872,15462.149701711283
3.298e-06,12.385034365489101,-0.021690370990559333,15530.195215834168
3.3e-06,12.369142222074496,-0.02165924267231937,15598.123024122366
3.3020000000000003e-06,12.353370468607809,-0.02162797859853838,15665.950756865881
3.304e-06,12.337608884378861,-0.02159657895263925,15733.695142267949
3.306e-06,12.321744660645564,-0.02156504388832269,15801.369174292726
3.3080000000000003e-06,12.30569349085729,-0.02153337355547989,15868.963668506158
3.31e-06,12.289370055363907,-0.021501568124590743,15936.467220647908
3.3120000000000002e-06,12.272685896464932,-0.02146962778779065,16003.869579443797
3.3140000000000004e-06,12.255549470817265,-0.021437552758943015,16071.15926818994
3.316e-06,12.237865925116276,-0.02140534326601898,16138.33365584835
3.3180000000000003e-06,12.219553170872002,-0.021372999540915722,16205.391447409136
3.3200000000000004e-06,12.200543606816227,-0.021340521819533182,16272.329935125981
3.322e-06,12.180881542687816,-0.021307910338116555,16339.151481503483
3.3240000000000003e-06,12.160941941111213,-0.021275165325480853,16405.86115419799
3.326e-06,12.141115316467625,-0.02124228700094552,16472.463381137688
3.328e-06,12.121781509370699,-0.021209275573593932,16538.963970441524
3.3300000000000003e-06,12.103151755833865,-0.021176131244630556,16605.364992936444
3.332e-06,12.084912577338061,-0.021142854215496144,16671.664141478832
3.334e-06,12.066718716753684,-0.021109444691603186,16737.85975147348
3.3360000000000003e-06,12.048234247784816,-0.021075902882102693,16803.94974901777
3.338e-06,12.029243180817964,-0.021042228999894955,16869.932458725172
3.34e-06,12.009899693060497,-0.021008423258683226,16935.80875300421
3.3420000000000004e-06,11.99039265280836,-0.020974485870609995,17001.579320225144
3.344e-06,11.97091772044673,-0.02094041704690927,17067.244380499993
3.3460000000000002e-06,11.951606482416492,-0.020906217000491317,17132.802037451238
3.3480000000000004e-06,11.932366404165544,-0.020871885963576964,17198.234876899664
3.35e-06,11.91307070565011,-0.020837424204634646,17263.524065426947
3.3520000000000003e-06,11.893573369174225,-0.020802832028646613,17328.651922600286
3.3540000000000004e-06,11.873741751673936,-0.020768109766429368,17393.610294641134
3.356e-06,11.853530062595345,-0.020733257720638616,17458.435496117432
3.3580000000000003e-06,11.832910385091099,-0.02069827611708898,17523.168053514055
3.36e-06,11.811867752889796,-0.020663165102083922,17587.84695154732
3.362e-06,11.790466824646204,-0.020627924762142865,17652.492989503357
3.3640000000000003e-06,11.769004270740416,-0.020592555210698117,17717.05845524452
3.366e-06,11.747800268534354,-0.020557056663209675,17781.489033199217
3.368e-06,11.727181065393749,-0.02052142944316819,17845.73100827732
3.3700000000000003e-06,11.707318370766949,-0.020485673953587927,17909.75857198531
3.372e-06,11.68786177197351,-0.020449790558398916,17973.636617029806
3.3740000000000002e-06,11.66839536737515,-0.020413779483899924,18037.437881959595
3.3760000000000004e-06,11.648475091665839,-0.0203776408104875,18101.235530458194
3.378e-06,11.627801468154194,-0.020341374502206824,18165.072750219257
3.3800000000000002e-06,11.606616035204167,-0.02030498053200461,18228.897451990433
3.3820000000000004e-06,11.585229931155848,-0.020268458984422196,18292.650130424696
3.384e-06,11.563985730644923,-0.020231810063199046,18356.27109272915
3.3860000000000003e-06,11.543104742887968,-0.02019503407544776,18419.71665855417
3.388e-06,11.522334917655296,-0.020158131362007052,18482.996782156795
3.39e-06,11.5013794074608,-0.020121102239636833,18546.125588062732
3.3920000000000003e-06,11.479931765536275,-0.02008394699716051,18609.11688826058
3.394e-06,11.457819478566918,-0.020046665900298872,18671.97997338403
3.396e-06,11.435337849201675,-0.0200092592130842,18734.707241280244
3.3980000000000003e-06,11.412802209995247,-0.019971727216356074,18797.289486842194
3.4e-06,11.390509430530692,-0.019934070209219616,18859.717649620998
3.402e-06,11.368615120813548,-0.01989628850295094,18921.988619053438
3.4040000000000004e-06,11.346845737768396,-0.019858382395158483,18984.119173395724
3.406e-06,11.324909641960462,-0.019820352148141714,19046.12784337886
3.4080000000000002e-06,11.302533505551061,-0.01978219798709289,19108.033205442858
3.4100000000000004e-06,11.279566524395396,-0.019743920107653048,19169.846234398956
3.412e-06,11.256224690985828,-0.019705518709456717,19231.551961934583
3.4140000000000003e-06,11.232767718522966,-0.01966699402415498,19293.13333980084
3.4160000000000004e-06,11.209471083134797,-0.019628346317331645,19354.573483528042
3.418e-06,11.186550152476256,-0.01958957588327125,19415.86057687221
3.4200000000000003e-06,11.163983468534333,-0.019550683022491397,19477.00020297492
3.422e-06,11.141698818898451,-0.019511668022775663,19537.999512761166
3.424e-06,11.119587913448708,-0.019472531157605454,19598.865657443137
3.4260000000000003e-06,11.097545326734688,-0.019433272687936008,19659.604012001004
3.428e-06,11.075558001607755,-0.019393892868435323,19720.215488690963
3.43e-06,11.05364759116613,-0.019354391952347654,19780.70059897867
3.4320000000000003e-06,11.031867419603843,-0.019314770192131736,19841.05961693893
3.434e-06,11.010255387659837,-0.019275027837821274,19901.294693527736
3.4360000000000002e-06,10.988724481716408,-0.019235165129613225,19961.413514518055
3.4380000000000004e-06,10.967158918506025,-0.019195182292060485,20021.424038214678
3.44e-06,10.945420866565831,-0.019155079533824036,20081.334198233773
3.4420000000000002e-06,10.923399028702946,-0.019114857058769686,20141.140856110793
3.4440000000000004e-06,10.901123103523064,-0.019074515115106726,20200.80280684884
3.446e-06,10.878643271059191,-0.019034054036648422,20260.275651461743
3.4480000000000003e-06,10.856020526691593,-0.018993474245851374,20319.515145578807
3.4500000000000004e-06,10.833302117991815,-0.01895277623118102,20378.499524771
3.452e-06,10.810463766427553,-0.0189119604484998,20437.283156459278
3.4540000000000003e-06,10.787463706357206,-0.01887102723840681,20495.92693652796
3.456e-06,10.764246750597575,-0.01882997681974148,20554.49172881108
3.458e-06,10.740822289449556,-0.018788809307612595,20613.020400071473
3.4600000000000003e-06,10.717449748624755,-0.01874752479186665,20671.495345871557
3.462e-06,10.694426145498372,-0.018706123402694112,20729.89382667571
3.464e-06,10.672068462480382,-0.01866460531578129,20788.19308614044
3.4660000000000004e-06,10.650540101630215,-0.018622970750491304,20846.372203841973
3.468e-06,10.629434571441124,-0.018581219962113156,20904.41617431243
3.4700000000000002e-06,10.608284989537047,-0.01853935323545796,20962.310480880806
3.4720000000000004e-06,10.586608260162544,-0.01849737088434075,21020.04063632155
3.474e-06,10.56405979799323,-0.01845527324552287,21077.598181566467
3.4760000000000003e-06,10.540807274167165,-0.018413060651031297,21134.996310003648
3.4780000000000004e-06,10.51706112308275,-0.01837073340465927,21192.250062016486
3.48e-06,10.49303282793262,-0.018328291780311735,21249.3742855247
3.4820000000000003e-06,10.46890977642115,-0.018285736027205145,21306.378821060014
3.484e-06,10.444793514978986,-0.0182430663955153,21363.25286878922
3.486e-06,10.420784915311812,-0.018200283158882585,21419.98376392606
3.4880000000000003e-06,10.396992300096677,-0.018157386615788654,21476.55932999952
3.49e-06,10.373466240576867,-0.018114377082406218,21532.9740524466
3.492e-06,10.350040707374037,-0.01807125486043767,21589.24791609475
3.4940000000000003e-06,10.326539474256617,-0.018028020209050345,21645.403471227142
3.496e-06,10.302794732347424,-0.01798467334248424,21701.463094880804
3.4980000000000002e-06,10.278728086756287,-0.01794121444105137,21757.438337985466
3.5000000000000004e-06,10.254550304754144,-0.017897643693641975,21813.309071406606
3.502e-06,10.230472030996971,-0.017853961332382692,21869.05218787788
3.5040000000000002e-06,10.206676439029678,-0.01781016763657701,21924.64361780184
3.5060000000000004e-06,10.18324335013265,-0.0177662629183638,21980.074595404083
3.508e-06,10.159960614447558,-0.017722247468569634,22035.375198770424
3.5100000000000003e-06,10.136609974079372,-0.017678121515100204,22090.57827065798
3.5120000000000004e-06,10.112994652075622,-0.017633885218542394,22145.71828714722
3.514e-06,10.089013146063845,-0.01758953869187128,22200.808383970183
3.5160000000000003e-06,10.064842010598793,-0.017545082082043004,22255.801444296547
3.518e-06,10.040685723376482,-0.01750051563428903,22310.646309689128
3.52e-06,10.016753230652588,-0.017455839697292874,22365.290686463864
3.5220000000000003e-06,9.993167784122036,-0.017411054701703444,22419.704902960166
3.524e-06,9.969745221180265,-0.01736616106743983,22473.92936066226
3.526e-06,9.946250965796548,-0.017321159128357636,22528.009721529088
3.5280000000000004e-06,9.922422679434817,-0.01727604912641246,22581.99222364277
3.53e-06,9.898034230730707,-0.01723083123278469,22635.90140412863
3.5320000000000002e-06,9.873051872665,-0.017185505639863104,22689.691517450126
3.5340000000000004e-06,9.847492215288176,-0.017140072637265448,22743.31108020283
3.536e-06,9.821410965493879,-0.017094532617969938,22796.708215310653
3.5380000000000003e-06,9.794936784852457,-0.017048886056097334,22849.853657287582
3.5400000000000004e-06,9.768358885490889,-0.017003133406782677,22902.795657366103
3.542e-06,9.741950749690018,-0.01695727502216202,22955.588963293754
3.5440000000000003e-06,9.715951719021312,-0.01691131114500806,23008.288190664494
3.546e-06,9.690474728131353,-0.016865241927924626,23060.92889277665
3.548e-06,9.665272599403016,-0.01681906752123368,23113.477798168005
3.5500000000000003e-06,9.640082775812775,-0.016772788147959666,23165.89547584213
3.552e-06,9.614661134709914,-0.01672640410961271,23218.142871119453
3.554e-06,9.58885554807665,-0.016679915772324798,23270.194416789443
3.5560000000000003e-06,9.562791873989775,-0.01663332350625338,23322.071654624353
3.558e-06,9.536621925673868,-0.016586627633963614,23373.80063514581
3.5600000000000002e-06,9.510499223452342,-0.016539828425736283,23425.407592181396
3.5620000000000004e-06,9.484551289793188,-0.01649292610718167,23476.910962425914
3.564e-06,9.45881083206487,-0.01644592089196088,23528.304258375818
3.5660000000000002e-06,9.433279751353687,-0.016398813008803685,23579.5788988136
3.5680000000000004e-06,9.40793445658048,-0.01635160270385791,23630.72604695799
3.57e-06,9.382699914585517,-0.016304290241072546,23681.73673840909
3.5720000000000003e-06,9.357381374008174,-0.016256875905882272,23732.59845186309
3.5740000000000004e-06,9.331797720664172,-0.016209360009264734,23783.29816567315
3.576e-06,9.305795641826462,-0.016161742887887853,23833.823211213974
3.5780000000000003e-06,9.279276803006002,-0.016114024899774967,23884.164901666867
3.58e-06,9.252268779676642,-0.016066206403685047,23934.331188262953
3.582e-06,9.224808263866294,-0.016018287740706735,23984.331790048473
3.5840000000000003e-06,9.196928886713154,-0.015970269232720054,24034.176196627082
3.586e-06,9.168697940969475,-0.01592215118488392,24083.871639513818
3.588e-06,9.140309474002693,-0.015873933894609,24133.41863540164
3.5900000000000004e-06,9.111974143816695,-0.01582561765909516,24182.816878437156
3.592e-06,9.083909128935858,-0.015777202776486775,24232.065729955313
3.5940000000000002e-06,9.05627213864062,-0.01572868954248315,24281.168273665393
3.5960000000000004e-06,9.028994499853344,-0.01568007823475434,24330.139455141954
3.598e-06,9.001951937017685,-0.015631369100277265,24378.99502194033
3.6000000000000003e-06,8.974979569823102,-0.015582562354522706,24427.750732612578
3.6020000000000004e-06,8.94791946710426,-0.015533658189996724,24476.41379336702
3.604e-06,8.920738982738154,-0.015484656817182642,24524.959020723287
3.6060000000000003e-06,8.893449532461169,-0.015435558499843268,24573.358318643914
3.608e-06,8.866101175353792,-0.015386363557575987,24621.583948641513
3.61e-06,8.838755321650194,-0.015337072357417804,24669.61620953782
3.6120000000000003e-06,8.811416326464302,-0.015287685275335743,24717.46587252253
3.614e-06,8.784082739696101,-0.015238202662681267,24765.14678195756
3.616e-06,8.756751026735655,-0.015188624843232858,24812.6726664486
3.6180000000000003e-06,8.729404175998729,-0.015138952116336648,24860.054229757287
3.62e-06,8.701983255164283,-0.015089184768893009,24907.293213885514
3.6220000000000002e-06,8.674408220109298,-0.015039323085261593,24954.390417529063
3.6240000000000004e-06,8.646579298696071,-0.014989367348560255,25001.346283804374
3.626e-06,8.618405458114369,-0.014939317843676593,25048.158599866187
3.6280000000000002e-06,8.58987620302779,-0.014889174873158653,25094.811918070387
3.6300000000000004e-06,8.561009715781193,-0.014838938771940329,25141.289300247343
3.632e-06,8.531849128358251,-0.014788609908429912,25187.574210176394
3.6340000000000003e-06,8.502467117744683,-0.014738188678403987,25233.655815742946
3.6360000000000004e-06,8.472980063338248,-0.014687675477198887,25279.54538935409
3.638e-06,8.443494845774694,-0.014637070675226878,25325.256582662223
3.6400000000000003e-06,8.414102424992546,-0.014586374615641804,25370.803002407753
3.642e-06,8.384885420669319,-0.014535587614140711,25416.198498690872
3.644e-06,8.355937136674997,-0.014484709957810352,25461.45783166522
3.6460000000000003e-06,8.327346927102571,-0.014433741904169288,25506.595809392365
3.648e-06,8.2991992398963,-0.014382683681147828,25551.627212077346
3.65e-06,8.27151275415097,-0.014331535495846181,25596.558089564143
3.6520000000000004e-06,8.24407913577853,-0.014280297574784896,25641.362971716848
3.654e-06,8.216679567281632,-0.01422897019838859,25686.013424596025
3.6560000000000002e-06,8.18910665036602,-0.01417755370394401,25730.481019978553
3.6580000000000004e-06,8.161208497776107,-0.014126048475381436,25774.747542590045
3.66e-06,8.133007207666404,-0.01407445489755418,25818.83028467163
3.6620000000000003e-06,8.104527847713406,-0.014022773317389606,25862.749879896313
3.6640000000000004e-06,8.075780455393545,-0.013971004040335848,25906.527173860166
3.666e-06,8.046789561839923,-0.013919147335877258,25950.177284735048
3.6680000000000003e-06,8.017670491992835,-0.013867203461911089,25993.696681428242
3.6700000000000004e-06,7.988561241060458,-0.013815172684980457,26037.080249202296
3.672e-06,7.959616806884794,-0.013763055282064047,26080.322667214827
3.6740000000000003e-06,7.930925256896319,-0.013710851542360786,26123.41703604173
3.676e-06,7.902284768383248,-0.013658561771950094,26166.353374658334
3.678e-06,7.8734711237269,-0.01360618629737122,26209.12120421315
3.6800000000000003e-06,7.844264112836314,-0.013553725466668028,26251.709498975975
3.682e-06,7.814511765761061,-0.013501179642175414,26294.114993646912
3.6840000000000002e-06,7.784303608715382,-0.013448549175241705,26336.35194005625
3.6860000000000004e-06,7.753740305022242,-0.013395834387442447,26378.435859200403
3.688e-06,7.722909730362181,-0.013343035567901451,26420.383681801286
3.6900000000000002e-06,7.691915166687841,-0.013290152982295644,26462.2019240022
3.6920000000000004e-06,7.660949396026672,-0.01323718690611717,26503.874254465343
3.694e-06,7.630220186959571,-0.013184137648572274,26545.38329043965
3.6960000000000003e-06,7.599943622114821,-0.013131005555258044,26586.71002378622
3.6980000000000004e-06,7.570251364121593,-0.013077791003106189,26627.842128063643
3.7e-06,7.5409425075103975,-0.013024494381005126,26668.779973006
3.7020000000000003e-06,7.511763477718953,-0.012971116077238918,26709.523793197397
3.704e-06,7.482435470191193,-0.012917656478668228,26750.074777501213
3.706e-06,7.452719845570115,-0.012864115970084902,26790.43380582091
3.7080000000000003e-06,7.422591830849181,-0.012810494930522769,26830.605756310564
3.71e-06,7.392076579128286,-0.012756793728068486,26870.596697980127
3.712e-06,7.361234143180547,-0.012703012718949436,26910.41242106576
3.7140000000000004e-06,7.330167378241592,-0.012649152246880322,26950.05964804141
3.716e-06,7.299047061261599,-0.012595212642677331,26989.544554956337
3.7180000000000002e-06,7.268027408243098,-0.012541194225074957,27028.873047414374
3.7200000000000004e-06,7.237235568866549,-0.012487097300515114,27068.05151242255
3.722e-06,7.2067077268703885,-0.012432922162334652,27107.08666804643
3.7240000000000003e-06,7.1762119520283685,-0.012378669084030824,27145.9916357755
3.7260000000000004e-06,7.145505604557967,-0.012324338311844214,27184.780550831976
3.728e-06,7.114363256671842,-0.01226993006430048,27223.46699290919
3.7300000000000003e-06,7.0826628116100645,-0.012215444544278227,27262.05302933933
3.7320000000000004e-06,7.050621661797568,-0.012160881997127074,27300.494121812626
3.734e-06,7.018503225061593,-0.012106242762266899,27338.740738370543
3.7360000000000003e-06,6.98658643905921,-0.012051527277850948,27376.7436775762
3.738e-06,6.955076347421318,-0.01199673605634274,27414.477830640873
3.74e-06,6.923861647962207,-0.01194186956906511,27452.00944698531
3.7420000000000003e-06,6.892766662821195,-0.011886928145658253,27489.413959865633
3.744e-06,6.861575853558213,-0.011831911965035514,27526.766662881546
3.7460000000000002e-06,6.8301107836723896,-0.011776821087229033,27564.111143594055
3.7480000000000004e-06,6.798438353277556,-0.011721655601943175,27601.374142258668
3.75e-06,6.766671662061834,-0.011666415756959172,27638.47084175123
3.7520000000000002e-06,6.734951266757177,-0.011611101969932182,27675.31618523569
3.7540000000000004e-06,6.703416948357494,-0.01155571480129652,27711.852450419006
3.756e-06,6.672131914470769,-0.011500254827038236,27748.12180787416
3.7580000000000003e-06,6.641140482311497,-0.011444722529201382,27784.176028974158
3.7600000000000004e-06,6.610472958159591,-0.011389118286108635,27820.06706376897
3.762e-06,6.5800972493796435,-0.011333442384792204,27855.83425266923
3.7640000000000003e-06,6.5497839050744675,-0.011277695082942168,27891.467597363822
3.766e-06,6.519279294906657,-0.011221876662935204,27926.95240960747
3.768e-06,6.488324017569278,-0.011165987436065443,27962.274460150253
3.7700000000000003e-06,6.456731865345593,-0.011110027744544306,27997.417060982465
3.772e-06,6.4246083799874665,-0.011053997966448726,28032.3610346028
3.774e-06,6.392110318332391,-0.010997898518079996,28067.08733412257
3.7760000000000004e-06,6.35942112129761,-0.010941729854655278,28101.57609059086
3.778e-06,6.326731270918466,-0.010885492456226907,28135.822337787602
3.7800000000000002e-06,6.294185417743546,-0.01082918676129603,28169.87259308334
3.7820000000000004e-06,6.261914484176434,-0.01077281311092626,28203.777776681185
3.784e-06,6.230038056795201,-0.01071637174407213,28237.589077459314
3.7860000000000003e-06,6.198636407065451,-0.010659862811802938,28271.3431917279
3.7880000000000004e-06,6.167671185285116,-0.010603286448869115,28305.019742087807
3.79e-06,6.137088327536164,-0.010546642836216933,28338.59291010476
3.7920000000000003e-06,6.106829309745504,-0.01048993220588579,28372.03742103308
3.7940000000000004e-06,6.076814566551715,-0.010433154840815992,28405.3276487609
3.796e-06,6.046897778876095,-0.010376311071522584,28438.44164465423
3.7980000000000003e-06,6.016911669197616,-0.010319401271584665,28471.35829326077
3.8e-06,5.98667238110157,-0.010262425857313948,28504.05597746626
3.802e-06,5.956032683959266,-0.010205385277099297,28536.524237180223
3.8040000000000003e-06,5.925030343425643,-0.010148279961987017,28568.790875097056
3.806e-06,5.893739216694909,-0.010091110284009053,28600.887102874196
3.8080000000000002e-06,5.862254361434803,-0.010033876552409386,28632.844496787828
3.8100000000000004e-06,5.830671349868666,-0.009976579029838503,28664.67807409045
3.812e-06,5.799028651121829,-0.009919218004872336,28696.34689208411
3.8140000000000002e-06,5.76735975923051,-0.009861793853308603,28727.804671645994
3.816e-06,5.735698262247962,-0.00980430704441514,28759.004221813982
3.8180000000000005e-06,5.704037980698001,-0.009746758122089916,28789.91810340658
3.82e-06,5.6722186944105735,-0.00968914762100511,28820.582981417567
3.822e-06,5.6400720315307105,-0.009631475996806482,28851.041217209535
3.824e-06,5.607437474407863,-0.009573743619142372,28881.336446896756
3.826e-06,5.574271798623866,-0.00951595078335672,28911.49933875146
3.8280000000000004e-06,5.540964720916462,-0.009458097762792253,28941.52122570865
3.830000000000001e-06,5.507934505121085,-0.009400184850994652,28971.390571890486
3.832e-06,5.475583075741427,-0.009342212365499654,29001.094923127017
3.834e-06,5.444180633762082,-0.009284180647351436,29030.62322508759
3.836e-06,5.413531671184556,-0.009226090058792264,29059.965334077864
3.838e-06,5.383393590238145,-0.00916794098307936,29089.110378821188
3.8400000000000005e-06,5.353523362029381,-0.009109733825014232,29118.04768630184
3.842000000000001e-06,5.323687388999142,-0.009051469001766205,29146.77556172112
3.844e-06,5.293690632262772,-0.008993146900198779,29175.326005727227
3.846e-06,5.263342291707349,-0.008934767839540676,29203.734652369923
3.848e-06,5.232451732514512,-0.008876332067509022,29232.037379281297
3.85e-06,5.200915445587153,-0.008817839775358991,29260.254770743137
3.8520000000000006e-06,5.168969199307173,-0.008759291169011956,29288.351576285073
3.854e-06,5.136885407105402,-0.008700686530415289,29316.287020401753
3.856e-06,5.104939753475187,-0.008642026223430712,29344.019964170173
3.858e-06,5.073335234817833,-0.00858331068689278,29371.51657375626
3.86e-06,5.041981154862999,-0.008524540403804832,29398.76651418988
3.8620000000000005e-06,5.010751715021841,-0.008465715875746882,29425.76154375877
3.864000000000001e-06,4.9795146311894,-0.008406837620236833,29452.493966286547
3.866e-06,4.94814839524793,-0.00834790616097427,29478.965296296836
3.868e-06,4.916592240107571,-0.00828892198006529,29505.215612678927
3.87e-06,4.884794660912735,-0.008229885474965337,29531.289487269096
3.872e-06,4.852707883086127,-0.008170796954133494,29557.2313445716
3.8740000000000005e-06,4.820330528872529,-0.008111656649907779,29583.07288113657
3.876e-06,4.787832159258775,-0.008052464778155277,29608.798871385796
3.878e-06,4.7554089645536655,-0.007993221590202798,29634.389081089594
3.88e-06,4.723267905610058,-0.007933927378328752,29659.82279295043
3.882e-06,4.691557587172129,-0.00787458247217272,29685.083363076043
3.884e-06,4.660165410874393,-0.007815187225236738,29710.163572902602
3.8860000000000006e-06,4.628949846699419,-0.007755742004922774,29735.056741056793
3.888e-06,4.597766214306939,-0.007696247191242049,29759.756939690462
3.89e-06,4.56646742432295,-0.007636703172273253,29784.262029099777
3.892e-06,4.534906226693667,-0.007577110317897177,29808.59234697101
3.894e-06,4.502938160260175,-0.007517468954267834,29832.771282365196
3.8960000000000005e-06,4.470421841063872,-0.007457779361558772,29856.821426694183
3.898000000000001e-06,4.437275258809431,-0.007398041787069048,29880.75306302472
3.9e-06,4.4036448005576405,-0.007338256510823369,29904.523182676563
3.902e-06,4.369684471243209,-0.007278423905204968,29928.08243571926
3.904e-06,4.335530057325755,-0.007218544440940936,29951.3818283105
3.906e-06,4.301280042196628,-0.007158618670553366,29974.38855925664
3.9080000000000005e-06,4.266934583110146,-0.007098647147326547,29997.1346675552
3.91e-06,4.232508547347277,-0.007038630353294131,30019.659364882194
3.912e-06,4.198046119373619,-0.006978568692056831,30042.001872413344
3.914e-06,4.163602678145617,-0.006918462495310546,30064.19487386483
3.916e-06,4.129196005087559,-0.006858312053686025,30086.24675065269
3.9180000000000004e-06,4.094807599653359,-0.00679811764360973,30108.163325639474
3.920000000000001e-06,4.060380601587532,-0.006737879530083885,30129.950200201707
3.922e-06,4.02585982506316,-0.0066775979725716625,30151.6073120425
3.924e-06,3.9913066552256495,-0.006617273255600436,30173.10965917901
3.926e-06,3.9568164443337555,-0.00655690571656735,30194.42937390024
3.928e-06,3.922511196473348,-0.006496495748328282,30215.53886516465
3.9300000000000005e-06,3.888483716058467,-0.006436043794624752,30236.41483836287
3.932000000000001e-06,3.8546304740030006,-0.006375550327376442,30257.052409943408
3.934e-06,3.820836711751565,-0.00631501582605086,30277.448915660138
3.936e-06,3.786997308457125,-0.006254440775514963,30297.601620233476
3.938e-06,3.753059645492912,-0.006193825659077929,30317.514816794523
3.94e-06,3.719156951677244,-0.006133170926571994,30337.21768913829
3.9420000000000005e-06,3.685414864453358,-0.006072476966866629,30356.74201622053
3.944e-06,3.6519275408948113,-0.006011744104825447,30376.12002498302
3.946e-06,3.6187343803593333,-0.00595097261369433,30395.371106131057
3.948e-06,3.5857449041543594,-0.005890162777806013,30414.46478217948
3.95e-06,3.5528706783127983,-0.005829314947404593,30433.365619238175
3.9520000000000004e-06,3.520042437546226,-0.005768429543575241,30452.038210107883
3.954000000000001e-06,3.487179101267555,-0.005707507048664174,30470.456700956118
3.956e-06,3.4540950346954515,-0.005646547952050134,30488.639913105224
3.958e-06,3.4205966438599025,-0.005585552700586534,30506.611550489844
3.96e-06,3.38649296332977,-0.005524521694716454,30524.394319584502
3.962e-06,3.3516977767039124,-0.0054634552919309975,30542.00846586891
3.9640000000000005e-06,3.316544249432325,-0.005402353827915074,30559.45555004889
3.966000000000001e-06,3.2813923862885406,-0.005341217638209775,30576.734155245686
3.968e-06,3.2465821348318316,-0.005280047060336291,30593.8437182592
3.97e-06,3.212350816102281,-0.005218842433125938,30610.783492089504
3.972e-06,3.178574850895325,-0.005157604092402569,30627.55723127573
3.974e-06,3.1451130069912936,-0.005096332365183837,30644.16998745465
3.9760000000000006e-06,3.111848686910318,-0.005035027568752003,30660.62644437188
3.978e-06,3.0786950966737576,-0.004973690012827911,30676.92947974313
3.98e-06,3.045614888647414,-0.004912320006840026,30693.076508136208
3.982e-06,3.0125645990054166,-0.004850917866307694,30709.064024192867
3.984e-06,2.9794866174402714,-0.0047894839142390245,30724.888044471252
3.9860000000000005e-06,2.946324225893695,-0.004728018483873383,30740.542321166075
3.988000000000001e-06,2.913067051354648,-0.004666521938850669,30756.00270154449
3.99e-06,2.8797096534911883,-0.004604994693576609,30771.242572536714
3.992e-06,2.846247020673777,-0.004543437214574765,30786.236429304656
3.994e-06,2.8126638208754353,-0.004481850012237358,30800.965908099755
3.996e-06,2.778900833385895,-0.00442023359868761,30815.44764164343
3.9980000000000005e-06,2.744896516332459,-0.00435858844787875,30829.703167214106
4.000000000000001e-06,2.7105920309945177,-0.004296914991047103,30843.753664427142
4.002e-06,2.675946050193482,-0.004235213619370876,30857.6180118225
4.004e-06,2.6409806102246423,-0.004173484696277452,30871.305081597206
4.006e-06,2.605731501477941,-0.004111728568883615,30884.822312235636
4.008e-06,2.570242445421685,-0.004049945569512188,30898.177059186783
4.0100000000000006e-06,2.5345773393883437,-0.003988136020220515,30911.372232482696
4.012e-06,2.49886024237796,-0.003926300254066747,30924.39392130718
4.014e-06,2.4632110567982077,-0.003864438633862613,30937.22628282465
4.016e-06,2.4277371697951087,-0.0038025515543562544,30949.853223529273
4.018e-06,2.3925335272309716,-0.003740639439445102,30962.261687619906
4.0200000000000005e-06,2.3576794993456707,-0.0036787027272575414,30974.45049993526
4.022000000000001e-06,2.323270498911341,-0.0036167418571850323,30986.419572569124
4.024e-06,2.2894230835386993,-0.0035547572688409057,30998.16877157991
4.026e-06,2.256203899133155,-0.0034927493937952593,31009.70627406154
4.028e-06,2.223410007018978,-0.003430718618771071,31021.0687501236
4.03e-06,2.1907852265121295,-0.0033686652540534713,31032.295967471713
4.0320000000000005e-06,2.1580447181579308,-0.0033065895295362104,31043.428549782988
4.034e-06,2.1249548200024146,-0.0032444916135186625,31054.487467787418
4.036e-06,2.0915833299146436,-0.003182371702363514,31065.42368735721
4.038e-06,2.0580356953764674,-0.003120230097472386,31076.181203767395
4.04e-06,2.0244237695979623,-0.003058067213509665,31086.70275894951
4.0420000000000004e-06,1.990853679255795,-0.002995883566042151,31096.944708559015
4.044000000000001e-06,1.9573863285263313,-0.002933679705568509,31106.91576507729
4.046e-06,1.9240876395050073,-0.0028714561604588095,31116.62934464416
4.048e-06,1.8910350644972795,-0.0028092134323043695,31126.09880979022
4.05e-06,1.8582618823011545,-0.002746951993809289,31135.339685286315
4.052e-06,1.8255807032163145,-0.0026846722874314787,31144.366692519736
4.0540000000000005e-06,1.792778538074004,-0.002622374726418216,31153.194320737704
4.056000000000001e-06,1.7596403230639281,-0.0025600596935504757,31161.83854699902
4.058e-06,1.7260070719047675,-0.0024977275451291635,31170.309874334933
4.06e-06,1.6919631409480527,-0.002435378627554132,31178.607700691373
4.062e-06,1.6576139694564562,-0.002373013288201735,31186.73165170097
4.064e-06,1.6230582505419557,-0.0023106318762318484,31194.680318182636
4.0660000000000005e-06,1.588388685055483,-0.0022482347455545114,31202.45035915072
4.068e-06,1.5536937425644406,-0.002185822269235157,31210.025960225452
4.07e-06,1.519057919569342,-0.002123394854388323,31217.388886601715
4.072e-06,1.4845620265779724,-0.0020609529444454403,31224.52105627689
4.074e-06,1.450242529168572,-0.001998497013942055,31231.409447103746
4.0760000000000004e-06,1.4159594041378158,-0.0019360275415591288,31238.062935819293
4.078000000000001e-06,1.3815564846680404,-0.001873544985574069,31244.493049238055
4.08e-06,1.3468817633161279,-0.0018110497812515226,31250.711273331046
4.082e-06,1.311826001119264,-0.001748542343385624,31256.726592560808
4.084e-06,1.2764481640443535,-0.001686023080788719,31262.53600433937
4.086e-06,1.2408294001679907,-0.0016234924097065732,31268.135077803443
4.0880000000000005e-06,1.2050546414141248,-0.0015609507550336384,31273.51959512459
4.090000000000001e-06,1.1692067527427963,-0.0014983985437754454,31278.691663062775
4.092e-06,1.1333460220191787,-0.0014358361711456285,31283.68096677556
4.094e-06,1.0975442530012405,-0.0013732639696022507,31288.520576599072
4.096e-06,1.0618895840742195,-0.0013106822055059123,31293.24351973287
4.098e-06,1.0264698679256896,-0.0012480910941185357,31297.867867639867
4.1000000000000006e-06,0.9913229010253797,-0.0011854908773275398,31302.348923350186
4.102e-06,0.9564543436334427,-0.001122881893702751,31306.634701459967
4.104e-06,0.9218384029250816,-0.0010602645858470794,31310.673154205368
4.106e-06,0.8874353895832489,-0.000997639482761567,31314.42993130399
4.108e-06,0.8532438427032689,-0.0009350071101425713,31317.9426876885
4.1100000000000005e-06,0.8192865958603709,-0.0008723679101231765,31321.2573317017
4.112000000000001e-06,0.7856109059008263,-0.0008097222326250478,31324.420166420536
4.114e-06,0.7522412411270887,-0.000747070349244467,31327.463214180327
4.116e-06,0.7190279525383054,-0.0006844125251818766,31330.36084840519
4.118e-06,0.6857890163626834,-0.0006217490831939155,31333.08113955226
4.12e-06,0.6523266776476376,-0.0005590804101371984,31335.59191716171
4.1220000000000005e-06,0.6184772612050627,-0.0004964069498315656,31337.86838846729
4.124000000000001e-06,0.5842741510788244,-0.00043372916113897195,31339.920304119605
4.126e-06,0.5497768681474469,-0.0003710474795694791,31341.76126539714
4.128e-06,0.5150497346894248,-0.00030836231404344653,31343.404260629028
4.13e-06,0.48017179188990716,-0.00024567405030722635,31344.859475585738
4.132e-06,0.4452685665318761,-0.00018298307437803504,31346.116453600513
4.1340000000000006e-06,0.4104817551787891,-0.00012028979629338014,31347.16163104927
4.136e-06,0.37596572850058757,-5.759465218983765e-05,31347.982472515007
4.138e-06,0.3418360634738365,5.101896370880477e-06,31348.56608819742
4.14e-06,0.3080021822873523,6.779936959992225e-05,31348.907140840252
4.142e-06,0.2743257055273835,0.00013049727900321914,31349.002262451108
4.1440000000000005e-06,0.2406395336160042,0.00019319512847054262,31348.847204868707
4.146000000000001e-06,0.20679561935798027,0.0002558924223114175,31348.44663599938
4.148e-06,0.17282054189850854,0.000318588705395078,31347.83644768218
4.15e-06,0.13877230246448452,0.00038128359714426405,31347.05530149796
4.152e-06,0.10472313803701037,0.0004439767949447328,31346.142498965393
4.154e-06,0.0707548359406143,0.0005066680608973643,31345.12345366187
4.1560000000000005e-06,0.03694225456352676,0.0005693571539444979,31343.96959346536
4.158000000000001e-06,0.0033753223519413997,0.0006320437701700885,31342.646632121516
4.16e-06,-0.029837829649170776,0.0006947275365270596,31341.119724872748
4.162e-06,-0.06263380795682216,0.0007574080179359592,31339.361684022722
4.164e-06,-0.09520071857033183,0.0008200847546282302,31337.375008242947
4.1660000000000004e-06,-0.12778184734716488,0.0008827572947877773,31335.165151299632
4.168000000000001e-06,-0.16065174549747968,0.0009454251977353206,31332.737796239828
4.17e-06,-0.1940394733555021,0.001008088032007611,31330.096476074013
4.172e-06,-0.22787397658150735,0.001070745365210789,31327.23672709794
4.174e-06,-0.26203259034693016,0.0011333967553037313,31324.153365838
4.176e-06,-0.2963720615317454,0.0011960417497927595,31320.841123184382
4.1780000000000005e-06,-0.33077299664355564,0.0012586798932658673,31317.302349917765
4.180000000000001e-06,-0.36528897389587445,0.0013213107626774598,31313.56706167017
4.182e-06,-0.39999206080144867,0.0013839339981627703,31309.668423662948
4.184e-06,-0.43495301076061366,0.0014465493069709167,31305.64038447931
4.186e-06,-0.47021465366357895,0.0015091564508143607,31301.50345895893
4.188e-06,-0.5057001569329013,0.0015717551825206648,31297.22824734037
4.1900000000000005e-06,-0.54132516793352,0.0016343451909911395,31292.780223127884
4.192e-06,-0.5770130212234225,0.0016969260951584843,31288.12394423734
4.194e-06,-0.6126862183780185,0.0017594974526379515,31283.233535224826
4.196e-06,-0.6482381401270566,0.0018220588059537023,31278.11978052048
4.198e-06,-0.6835615788875349,0.0018846097226757487,31272.796941519853
4.2000000000000004e-06,-0.7185522416242494,0.0019471497992197653,31267.279602491653
4.202000000000001e-06,-0.7531257785051302,0.0020096786558603755,31261.577038112795
4.204e-06,-0.7872775004788767,0.00207219590934318,31255.67644471309
4.206e-06,-0.8210071513812454,0.002134701148456279,31249.562668380142
4.208e-06,-0.8543084446083241,0.002197193931661599,31243.220536936948
4.21e-06,-0.8872131661672014,0.0022596737934521332,31236.64125359152
4.2120000000000005e-06,-0.9199423213942983,0.0023221402812635002,31229.84655777044
4.214000000000001e-06,-0.9527377594503721,0.002384592989749149,31222.86192787385
4.216e-06,-0.9858398809801165,0.00244703156412269,31215.712445688667
4.218e-06,-1.0194097749283157,0.0025094556938561317,31208.41728774867
4.22e-06,-1.0532582494956484,0.0025718650750350355,31200.963891149575
4.222e-06,-1.0871634831093946,0.002634259374274237,31193.335348046625
4.2240000000000006e-06,-1.1209143234190502,0.002696638225055845,31185.515433556586
4.226e-06,-1.1543764421999778,0.002759001228802783,31177.488313402282
4.228e-06,-1.1877254989863102,0.002821347961643748,31169.244527558425
4.23e-06,-1.2211587327654763,0.0028836779822924113,31160.776121101022
4.232e-06,-1.2548548618649962,0.002945990833172787,31152.0747592693
4.2340000000000005e-06,-1.2889190038967975,0.0030082860474482387,31143.139516177256
4.236000000000001e-06,-1.3231856835037414,0.003070563189779437,31134.002815015323
4.238e-06,-1.3574778041190163,0.003132821893424361,31124.700829929992
4.24e-06,-1.3916433988585712,0.003195061863726974,31115.269472677825
4.242e-06,-1.425604107678357,0.003257282863083056,31105.729883399854
4.244e-06,-1.459529907724501,0.003319484624922052,31096.031955592658
4.2460000000000005e-06,-1.493604682119637,0.003381666773321874,31086.11644422427
4.248000000000001e-06,-1.5279926442553633,0.00344382881459972,31075.924833616915
4.25e-06,-1.5627820117634355,0.0035059701554608245,31065.41602750832
4.252e-06,-1.5977850696322005,0.003568090203959248,31054.632470909415
4.254e-06,-1.6327788464609918,0.003630188464175478,31043.627745316935
4.256e-06,-1.6675387261324244,0.003692264546795612,31032.454874813626
4.2580000000000006e-06,-1.7018773673201066,0.0037543181578456185,31021.156175188942
4.26e-06,-1.7357807904058826,0.0038163490347107257,31009.720689939826
4.262e-06,-1.7692670106544253,0.0038783568856197116,30998.130219041584
4.264e-06,-1.8023669371464284,0.003940341382965067,30986.367126309295
4.266e-06,-1.8351495649180425,0.004002302164174764,30974.41408338394
4.2680000000000005e-06,-1.867812773429159,0.004064238841765557,30962.2635074033
4.270000000000001e-06,-1.9005659653286338,0.004126151015003463,30949.909730497955
4.272e-06,-1.9336133716130088,0.004188038270819621,30937.346085682235
4.274e-06,-1.9670987824211532,0.004249900187866069,30924.570960761448
4.276e-06,-2.000908642989554,0.004311736354004548,30911.595177712083
4.278e-06,-2.0348953931235703,0.004373546379135901,30898.429953636587
4.2800000000000005e-06,-2.068908608618305,0.004435329896672447,30885.08758290588
4.282000000000001e-06,-2.10280786078929,0.004497086556212594,30871.571957236043
4.284e-06,-2.1365074086994116,0.004558815985516586,30857.85734677773
4.286e-06,-2.169938392521991,0.00462051775836351,30843.915500141695
4.288e-06,-2.2030439090819574,0.004682191391294846,30829.717431190555
4.2900000000000004e-06,-2.2358068409812564,0.004743836354873597,30815.246147555856
4.292000000000001e-06,-2.268353640489052,0.004805452134278243,30800.53325708658
4.294e-06,-2.300807914807057,0.0048670382832032896,30785.61566798128
4.296e-06,-2.333268694518093,0.004928594429656825,30770.530785550196
4.298e-06,-2.365807441320697,0.0049901202622635935,30755.30182121447
4.3e-06,-2.3984512359937935,0.005051615455808838,30739.89172402618
4.3020000000000005e-06,-2.431241647658965,0.005113079603924306,30724.25639143621
4.304000000000001e-06,-2.4642448439818185,0.005174512211658523,30708.35134277672
4.306e-06,-2.4975325603132497,0.00523591271322723,30692.150225952813
4.308e-06,-2.5311181390692368,0.005297280570872299,30675.707419112485
4.31e-06,-2.5649937382900325,0.005358615365430875,30659.087139458912
4.312e-06,-2.5991341721985775,0.0054199168062501165,30642.353679777905
4.3140000000000005e-06,-2.633486023742295,0.005481184709032751,30625.549102851903
4.316000000000001e-06,-2.6679256891467755,0.005542418872207795,30608.614072187473
4.318e-06,-2.702325856816049,0.005603618962701587,30591.47642162668
4.32e-06,-2.736565665915345,0.0056647845031531745,30574.06402995695
4.322e-06,-2.7705352287126788,0.005725914893835799,30556.32665266287
4.3240000000000004e-06,-2.8041521472501723,0.005787009534608958,30538.314120489948
4.326000000000001e-06,-2.8373456628053972,0.005848067937812554,30520.089083101637
4.328e-06,-2.870054365348524,0.005909089741095602,30501.714199966576
4.33e-06,-2.9022531372438842,0.00597007469165921,30483.236363635842
4.332e-06,-2.9340538973590284,0.006031022555471732,30464.627448881594
4.334e-06,-2.9655765881011695,0.006091933032588884,30445.849668265408
4.3360000000000005e-06,-2.9969300417493727,0.006152805747907982,30426.865650827556
4.338000000000001e-06,-3.028214263047088,0.0062136402571753326,30407.643616519923
4.34e-06,-3.0595264947610126,0.006274436083193032,30388.182401201004
4.342e-06,-3.0909668795415133,0.006335192750882446,30368.485288208296
4.344e-06,-3.1226399618440457,0.006395909791184095,30348.55501343563
4.346e-06,-3.1546192757057736,0.006456586748636955,30328.40243942045
4.3480000000000006e-06,-3.1868166171538013,0.006517223221117426,30308.070041047402
4.35e-06,-3.2191304614013134,0.0065778188948682845,30287.603709831525
4.352e-06,-3.251467478463915,0.006638373548548285,30267.049970164146
4.354e-06,-3.283771590997845,0.006698887031076356,30246.432557901175
4.356e-06,-3.316134630740764,0.0067593591391116896,30225.67547742808
4.3580000000000005e-06,-3.3486513991805795,0.006819789505153665,30204.6905645424
4.360000000000001e-06,-3.381397724980253,0.006880177584807895,30183.38908968288
4.362e-06,-3.414409576217242,0.006940522684946837,30161.71104928147
4.364e-06,-3.4476017500459073,0.0070008241250066735,30139.72901054962
4.366e-06,-3.4808838850891575,0.007061081386219233,30117.532202004975
4.368e-06,-3.5141784343711935,0.007121294128119962,30095.20969871941
4.3700000000000005e-06,-3.547418837707379,0.007181462164052026,30072.82623333935
4.372000000000001e-06,-3.5805444630014236,0.007241585321245374,30050.33096000395
4.374e-06,-3.6134968571868944,0.007301663309967565,30027.657762208215
4.376e-06,-3.646218689231381,0.007361695708531161,30004.740801382675
4.378e-06,-3.678660569170665,0.007421681982838618,29981.53350606987
4.38e-06,-3.710808066607394,0.007481621597340436,29958.080995743923
4.3820000000000006e-06,-3.742643060174046,0.007541514119033258,29934.44069707362
4.384e-06,-3.7741376282222534,0.0076013592296278985,29910.669897588097
4.386e-06,-3.8052864885617788,0.007661156709171498,29886.809646007867
4.388e-06,-3.8362275471162,0.007720906340877175,29862.82205966466
4.39e-06,-3.8671135343665917,0.00778060782162167,29838.65868482492
4.3920000000000005e-06,-3.8980934463113583,0.007840260751747338,29814.27144083803
4.394000000000001e-06,-3.9292836484316154,0.007899864645624715,29789.6224365331
4.396e-06,-3.9606560753559363,0.007959418990996699,29764.722935472037
4.398e-06,-3.9921788798894515,0.008018923305000304,29739.591068126123
4.4e-06,-4.023838072592462,0.008078377141000896,29714.244932462694
4.402e-06,-4.055651341843354,0.008137780086250485,29688.700317122217
4.4040000000000005e-06,-4.0877239199458275,0.008197131751796594,29662.965228983125
4.406000000000001e-06,-4.120162119974886,0.008256431763726334,29637.046700753235
4.408e-06,-4.153059495023122,0.008315679761721734,29610.951294666687
4.41e-06,-4.1864339041509515,0.008374875399110335,29584.686093930053
4.412e-06,-4.219987015009808,0.008434018341701023,29558.256496753766
4.4140000000000004e-06,-4.2533841714204845,0.008493108265307825,29531.66711004508
4.416000000000001e-06,-4.286296550923898,0.008552144855364808,29504.922946932293
4.418e-06,-4.318496979601387,0.008611127805927246,29478.02761552733
4.42e-06,-4.350225110803532,0.008670056813480112,29450.979937332835
4.422e-06,-4.381784608529013,0.008728931571960434,29423.778542984983
4.424e-06,-4.413482814403361,0.008787751772471132,29396.42196770811
4.4260000000000005e-06,-4.445548994419075,0.008846517100535786,29368.906096942737
4.428000000000001e-06,-4.477824243516815,0.008905227219461237,29341.212828504544
4.43e-06,-4.5100852718943445,0.008963881754347197,29313.32205747601
4.432e-06,-4.542092366149003,0.009022480290245173,29285.213840494725
4.434e-06,-4.573666539217391,0.009081022376434777,29256.872349105008
4.436e-06,-4.604981179414267,0.009139507553332241,29228.30454835451
4.4380000000000005e-06,-4.636269770781406,0.009197935378585313,29199.5207047133
4.440000000000001e-06,-4.667783030651396,0.009256305429973164,29170.530683132143
4.442e-06,-4.6996987711250116,0.009314617306742252,29141.346085976078
4.444e-06,-4.731777660431528,0.009372870633148025,29111.980319794886
4.446e-06,-4.763722467406754,0.009431065059925367,29082.446457542865
4.4480000000000004e-06,-4.795231635885893,0.009489200264741702,29052.758358785628
4.450000000000001e-06,-4.826083428958516,0.009547275947010636,29022.923910145182
4.452e-06,-4.856461583391085,0.009605291802150832,28992.931230069833
4.454e-06,-4.886598514110634,0.009663247500176698,28962.766795793425
4.456e-06,-4.916720988317107,0.00972114268309405,28932.41612155433
4.458e-06,-4.947041829118048,0.009778976968503612,28901.86928800367
4.4600000000000005e-06,-4.977726763644826,0.009836749971717386,28871.133925765123
4.462000000000001e-06,-5.008930012296704,0.00989446132461294,28840.21896978431
4.464e-06,-5.040800006026025,0.009952110677164583,28809.133581879036
4.466e-06,-5.073386620954354,0.010009697693558698,28777.88281223266
4.468e-06,-5.106277094606183,0.010067222023632182,28746.447261246984
4.47e-06,-5.139014125083467,0.01012468327518259,28714.80428915661
4.4720000000000006e-06,-5.171160641340416,0.01018208101150651,28682.932034758738
4.474000000000001e-06,-5.202411230479379,0.010239414760612815,28650.817071541762
4.476e-06,-5.233033532688025,0.010296684076642651,28618.498958312954
4.478e-06,-5.263354772929791,0.010353888601214754,28586.02561378505
4.48e-06,-5.293681243868001,0.01041102807033228,28553.443503737748
4.4820000000000005e-06,-5.32424000187386,0.010468102301936786,28520.788100765007
4.484000000000001e-06,-5.354942586732307,0.010525111116351706,28488.02631415083
4.486e-06,-5.385684291686484,0.010582054256444965,28455.113779128427
4.488e-06,-5.4163923797458,0.010638931377966857,28422.007742758582
4.49e-06,-5.447030384733637,0.010695742056957894,28388.67124827404
4.492e-06,-5.477624132829325,0.01075248583345253,28355.105246357165
4.4940000000000005e-06,-5.508180282863336,0.010809162256472604,28321.317773711293
4.496000000000001e-06,-5.538671275685737,0.010865770890377801,28287.316131482577
4.498e-06,-5.5690543617129835,0.010922311313452723,28253.106943457446
4.5e-06,-5.599340669095173,0.010978783116134615,28218.69573842927
4.502e-06,-5.629557399000099,0.01103518589911413,28184.08724108173
4.504e-06,-5.65974357670794,0.011091519271891781,28149.28553656436
4.5060000000000006e-06,-5.689922193477952,0.01114778285170154,28114.29427318985
4.508e-06,-5.719992014360162,0.011203976251159008,28079.105184297223
4.51e-06,-5.749831019882848,0.011260099063756773,28043.70741346424
4.512e-06,-5.779311939388845,0.011316150862433306,28008.09126306358
4.514e-06,-5.808330198830542,0.011372131204928767,27972.2512323951
4.5160000000000005e-06,-5.8369133326203695,0.011428039666252594,27936.210091428205
4.518000000000001e-06,-5.865115266724481,0.01148387587226824,27899.995924212715
4.52e-06,-5.893000238267263,0.011539639504381324,27863.636188891072
4.522e-06,-5.920658053282873,0.011595330292171434,27827.15160121549
4.524e-06,-5.948265759861824,0.011650947971267023,27790.527494371025
4.526e-06,-5.9760135755016845,0.01170649224234982,27753.743588421083
4.5280000000000005e-06,-6.004093063342992,0.01176196276559565,27716.779657405634
4.530000000000001e-06,-6.032660697274602,0.011817359165401636,27679.620148574715
4.532e-06,-6.061693396268246,0.011872681054750388,27642.26920019572
4.534e-06,-6.09113165282328,0.011927928057590293,27604.733639704875
4.536e-06,-6.1209017062247435,0.01198309981204085,27567.020810848717
4.5380000000000004e-06,-6.150904777945802,0.01203819596630251,27529.133450806625
4.540000000000001e-06,-6.18097108382846,0.01209321615940307,27491.059649748404
4.542e-06,-6.210928036644056,0.012148160005282982,27452.786230183985
4.544e-06,-6.24061173713541,0.01220302709055102,27414.29903784948
4.546e-06,-6.269911499366068,0.012257816981047418,27375.591458545627
4.548e-06,-6.298950553540575,0.012312529260035225,27336.68752925807
4.5500000000000005e-06,-6.327888508853877,0.012367163561960992,27297.614396504672
4.552000000000001e-06,-6.356889710677772,0.01242171957614919,27258.399791687472
4.554e-06,-6.386065560584143,0.012476197041516975,27219.065576116085
4.556e-06,-6.415241795438379,0.01253059571433296,27179.607239863024
4.558e-06,-6.444200649938526,0.012584915338809007,27140.017236180054
4.56e-06,-6.472719229789706,0.012639155643891356,27100.28784616836
4.5620000000000005e-06,-6.500636320528602,0.012693316342045234,27060.410307703023
4.564000000000001e-06,-6.528124450698624,0.012747397120563041,27020.368210101766
4.566e-06,-6.555400034421061,0.01280139763257472,26980.143801596423
4.568e-06,-6.5826768556575415,0.01285531749598555,26939.71960923005
4.57e-06,-6.610135788852345,0.012909156300402768,26899.084807985215
4.5720000000000004e-06,-6.637798685655046,0.012962913647318166,26858.26210740837
4.574000000000001e-06,-6.665672546891793,0.013016589188690898,26817.279265319834
4.576e-06,-6.6937733596781355,0.013070182632083174,26776.16412697225
4.578e-06,-6.722121733704677,0.013123693734307367,26734.938097221107
4.58e-06,-6.750726974015254,0.013177122263502906,26693.591098312423
4.582e-06,-6.77959280410225,0.013230467963288667,26652.108687442593
4.5840000000000005e-06,-6.808717788864845,0.013283730548304186,26610.47632807196
4.586000000000001e-06,-6.838072382266154,0.013336909706258336,26568.681626073412
4.588e-06,-6.867504707917299,0.013390005113209676,26526.725325286498
4.59e-06,-6.896841646855374,0.013443016448570487,26484.610035518133
4.592e-06,-6.925905165555898,0.01349594339659336,26442.337987353607
4.594e-06,-6.95456614361993,0.01354878564240809,26399.907827369305
4.5960000000000006e-06,-6.982966439730971,0.013601542848095904,26357.2978604432
4.598000000000001e-06,-7.011285797374465,0.013654214628967395,26314.483011042434
4.6e-06,-7.039703960949338,0.013706800550343318,26271.438364897287
4.602e-06,-7.06834187265153,0.013759300136369869,26228.147661651907
4.604e-06,-7.097017648289399,0.013811712921224696,26184.6371931709
4.6060000000000005e-06,-7.1255050154592965,0.013864038497906425,26140.93948855494
4.608000000000001e-06,-7.153575615088221,0.01391627652473632,26097.087341338254
4.61e-06,-7.181054522090722,0.01396842671939382,26053.107316178564
4.612e-06,-7.208048383022686,0.014020488823421618,26008.99671161466
4.614e-06,-7.234722741692583,0.01407246256909191,25964.748958675507
4.616e-06,-7.261266226780173,0.014124347675297338,25920.35724674833
4.6180000000000005e-06,-7.287873318126208,0.014176143846060396,25875.813516302787
4.620000000000001e-06,-7.314679597087212,0.014227850762710399,25831.10313369843
4.622e-06,-7.34178561599614,0.0142794680761033,25786.210259222036
4.624e-06,-7.369259031336577,0.014330995405342762,25741.118980234867
4.626e-06,-7.397108793380689,0.014382432344665729,25695.820342727027
4.628e-06,-7.425169152139614,0.014433778505078,25650.340069539794
4.6300000000000006e-06,-7.453265306364472,0.014485033553964083,25604.70881653919
4.632e-06,-7.481242732991688,0.014536197220130989,25558.9573503858
4.634e-06,-7.508967433659754,0.01458726928592778,25513.108446399972
4.636e-06,-7.536330064344259,0.01463824953711126,25467.142737077393
4.638e-06,-7.56322876503017,0.014689137714627336,25421.034778996047
4.6400000000000005e-06,-7.589565532105773,0.014739933508738475,25374.759332138354
4.642000000000001e-06,-7.615318362988496,0.01479063656202757,25328.293956950518
4.644e-06,-7.640848310182134,0.014841246488994216,25281.63300971349
4.646e-06,-7.666561956116675,0.014891762895601951,25234.77359802027
4.648e-06,-7.6928545969679725,0.014942185381765458,25187.71256548214
4.65e-06,-7.719999732095533,0.014992513542653348,25140.448322403852
4.6520000000000005e-06,-7.747675833942278,0.015042746973880677,25092.982904921304
4.654000000000001e-06,-7.775485544879505,0.015092885275225992,25045.318440391595
4.656e-06,-7.803043699244185,0.01514292805126043,24997.45759406441
4.658e-06,-7.830038156245837,0.015192874914625365,24949.405770864843
4.66e-06,-7.856496868688452,0.015242725509981687,24901.189585453874
4.6620000000000004e-06,-7.882470798592256,0.015292479539168189,24852.83960104522
4.664000000000001e-06,-7.907978641749938,0.015342136764360144,24804.3855909055
4.666e-06,-7.933056979387683,0.015391697000858937,24755.85090790502
4.668e-06,-7.957964801888683,0.015441160072979524,24707.221212679484
4.67e-06,-7.983016693614213,0.015490525769813602,24658.475621394184
4.672e-06,-8.008557084470812,0.015539793838992857,24609.59355785814
4.6740000000000005e-06,-8.034843683723494,0.015588963987734171,24560.555183451608
4.676000000000001e-06,-8.061552150092432,0.01563803588889572,24511.34597809216
4.678e-06,-8.088267158769904,0.015687009187452645,24461.952578853958
4.68e-06,-8.11456444314218,0.015735883501559557,24412.36152805023
4.682e-06,-8.140121522678188,0.015784658430346505,24362.567258896048
4.684e-06,-8.16519327552143,0.015833333600560506,24312.602955100163
4.6860000000000005e-06,-8.190125798419926,0.01588190871088611,24262.50737050142
4.688000000000001e-06,-8.215274024192707,0.01593038353784422,24212.319587605267
4.69e-06,-8.240916281992948,0.01597875792286579,24162.065433983775
4.692e-06,-8.266885965566823,0.01602703169204402,24111.70374423947
4.694e-06,-8.292947145386576,0.01607520457957861,24061.18379035042
4.6960000000000004e-06,-8.318858468785313,0.01612327621797372,24010.45460475487
4.698000000000001e-06,-8.34442261678714,0.016171246150740462,23959.47816198509
4.7e-06,-8.369701657358666,0.016219113911639174,23908.28273674163
4.702e-06,-8.394792314091708,0.016266879100588525,23856.906212604765
4.704e-06,-8.419787256287302,0.01631454139343867,23805.386637537253
4.706e-06,-8.444775666543924,0.016362100535196943,23753.755120733444
4.7080000000000005e-06,-8.469845060855016,0.016409556298458416,23702.008140735055
4.710000000000001e-06,-8.495079731709353,0.01645690844382574,23650.137226584007
4.712e-06,-8.520560641162389,0.016504156714741293,23598.13368898796
4.714e-06,-8.546348881026965,0.016551300838160227,23545.98972993991
4.716e-06,-8.572411203807647,0.01659834052581141,23493.697921242314
4.718e-06,-8.59870712675227,0.0166452754742151,23441.2504824414
4.7200000000000005e-06,-8.625204493678547,0.016692105364865033,23388.640167488316
4.722000000000001e-06,-8.65184043108869,0.016738829864650334,23335.85961780876
4.724e-06,-8.678349539424417,0.016785448632520322,23282.908252194604
4.726e-06,-8.70444894736246,0.016831961328147033,23229.787374514926
4.728e-06,-8.729870508980978,0.0168783676129622,23176.497440649327
4.7300000000000005e-06,-8.75443826305338,0.016924667154711547,23123.044308694083
4.732000000000001e-06,-8.778418866483893,0.01697085965430347,23069.45528322651
4.734e-06,-8.802113215361873,0.017016944869327123,23015.759740441354
4.736e-06,-8.825783171894674,0.017062922616849153,22961.98778158406
4.738e-06,-8.849617112681205,0.017108792761200746,22908.156570007763
4.74e-06,-8.873566379177987,0.017154555137576973,22854.219806216424
4.7420000000000005e-06,-8.897566861422016,0.017200209479900565,22800.12251736981
4.744000000000001e-06,-8.921580359221238,0.017245755411612284,22745.809194344813
4.746e-06,-8.94558094676984,0.017291192462344097,22691.241537483947
4.748e-06,-8.969498826018391,0.017336520174940473,22636.471058890907
4.75e-06,-8.993257284295074,0.017381738208330142,22581.562330773657
4.752e-06,-9.01677815994115,0.0174268463507315,22526.58007057782
4.7540000000000006e-06,-9.040018362836024,0.017471844502492354,22471.571690273948
4.756000000000001e-06,-9.063132388912985,0.017516732563353822,22416.48917119162
4.758e-06,-9.086305277991586,0.01756151032244065,22361.26991565437
4.76e-06,-9.109723232039125,0.017606177444074753,22305.85171844192
4.762e-06,-9.133531752014777,0.017650733482223936,22250.186430740516
4.7640000000000005e-06,-9.157649766833014,0.017695177971698867,22194.303044185446
4.766000000000001e-06,-9.1819524042423,0.017739510517618545,22138.242875490647
4.768e-06,-9.20630300682666,0.01778373080769194,22082.047197917494
4.77e-06,-9.230553196591632,0.017827838605176234,22025.750286373965
4.772e-06,-9.254538560407378,0.017871833705841386,21969.350378775314
4.774e-06,-9.278110460693496,0.017915715896412922,21912.84019275759
4.7760000000000005e-06,-9.301142735297983,0.017959484948780555,21856.212174870398
4.778000000000001e-06,-9.323577457171329,0.01800314061844202,21799.457486591065
4.78e-06,-9.345639421728917,0.01804668263918451,21742.56325591404
4.782e-06,-9.36757428022509,0.018090110718273107,21685.515832681132
4.784e-06,-9.389599968649302,0.01813342453515174,21628.301045950942
4.7860000000000004e-06,-9.411863340887047,0.018176623745901524,21570.909703825186
4.7880000000000006e-06,-9.434234603708274,0.018219708008503574,21513.35289822287
4.79e-06,-9.456562410764937,0.01826267700542098,21455.644019200696
4.792e-06,-9.478721654028346,0.018305530446669067,21397.797228883406
4.794e-06,-9.50064168364036,0.01834826806828727,21339.824389311547
4.796e-06,-9.522444093343967,0.018390889619988103,21281.727311522252
4.7980000000000005e-06,-9.544254734692913,0.0184333948544641,21223.507164469072
4.800000000000001e-06,-9.566167757150073,0.018475783526678037,21165.165049467327
4.802e-06,-9.58822674368666,0.01851805539291609,21106.701188600236
4.804e-06,-9.610329064431813,0.018560210206059066,21048.111954370892
4.806e-06,-9.632369994181701,0.01860224771110371,20989.39309026965
4.808e-06,-9.65427088693103,0.018644167644371584,20930.540177601957
4.8100000000000005e-06,-9.67598579891676,0.018685969735053674,20871.550504485076
4.812000000000001e-06,-9.697534939772368,0.018727653717127507,20812.43156934689
4.814e-06,-9.718956352512278,0.018769219341036845,20753.192340002224
4.816e-06,-9.740296455881788,0.018810666374984828,20693.84160797918
4.818e-06,-9.76160645401484,0.018851994603175166,20634.386582356135
4.8200000000000004e-06,-9.782934102953485,0.018893203810799467,20574.821041939627
4.822000000000001e-06,-9.804291577966158,0.018934293768089284,20515.136247874838
4.824e-06,-9.825647785905888,0.01897526422839752,20455.32406037456
4.826e-06,-9.846923356838778,0.0190161149269897,20395.37453180495
4.828e-06,-9.86795358136506,0.019056845573055925,20335.271534417232
4.83e-06,-9.88859510360043,0.019097455843363014,20274.998772668598
4.8320000000000005e-06,-9.90874850213946,0.019137945381762913,20214.539627223476
4.834000000000001e-06,-9.928402346519077,0.019178313805936365,20153.88454622878
4.836e-06,-9.94784601105832,0.01921856075536843,20093.06488584862
4.838e-06,-9.967408366533373,0.019258685938474827,20032.118220545985
4.84e-06,-9.987407931516646,0.01929868913846527,19971.08176989603
4.842e-06,-10.008076756078855,0.019338570203641003,19909.983405831834
4.8440000000000005e-06,-10.029207635669062,0.019378328983498297,19848.796451459406
4.846000000000001e-06,-10.050506808962727,0.01941796526501753,19787.48506777321
4.848e-06,-10.071658644195182,0.019457478763731335,19726.013646041793
4.85e-06,-10.092390826874592,0.019496869130777045,19664.35339966462
4.852e-06,-10.112770045804414,0.019536135997299805,19602.513123094664
4.8540000000000005e-06,-10.132945215026677,0.019575279018241066,19540.507818163314
4.856000000000001e-06,-10.153101888048619,0.019614297878693968,19478.352634735118
4.858e-06,-10.17342239029162,0.01965319229520654,19416.063877848952
4.86e-06,-10.19390917113931,0.01969196202168236,19353.662597969764
4.862e-06,-10.21451429735691,0.01973060685496253,19291.170682194042
4.864e-06,-10.235161272241239,0.019769126635961018,19228.610316291888
4.8660000000000005e-06,-10.255760223382241,0.0198075212428017,19165.996524391976
4.868000000000001e-06,-10.276276329396273,0.019845790547554105,19103.3082280083
4.87e-06,-10.296676047711927,0.019883934374857564,19040.519075460405
4.872e-06,-10.316917748992982,0.019921952496176724,18977.602243698966
4.874e-06,-10.336962224482562,0.019959844634000516,18914.53558009098
4.876e-06,-10.356816158817272,0.019997610493583725,18851.324003115667
4.8780000000000006e-06,-10.376516044941582,0.020035249793906744,18787.97631989886
4.880000000000001e-06,-10.396126501295315,0.020072762271288895,18724.501062247822
4.882e-06,-10.415703245699014,0.02011014767894874,18660.906597609614
4.884e-06,-10.435123388431256,0.02014740577861697,18597.193070620036
4.886e-06,-10.454231616852475,0.020184536330331442,18533.35864385301
4.8880000000000005e-06,-10.472866396555643,0.020221539091378707,18469.40240340682
4.890000000000001e-06,-10.490921834331823,0.020258413815874343,18405.32209222842
4.892e-06,-10.508642777985319,0.020295160257702644,18341.11973608398
4.894e-06,-10.526322634180275,0.020331778177075287,18276.799636553988
4.896e-06,-10.544246251449376,0.020368267341468595,18212.364756751762
4.898e-06,-10.562622288974646,0.020404627525417458,18147.819192106905
4.9000000000000005e-06,-10.581255876600585,0.020440858504447094,18083.159837527845
4.902000000000001e-06,-10.599897551832868,0.020476960044581088,18018.380296462747
4.904e-06,-10.618310203929683,0.020512931900486954,17953.47560941651
4.906e-06,-10.636316068697157,0.020548773817426445,17888.441330074755
4.908e-06,-10.654029844048882,0.020584485545602337,17823.286845808812
4.9100000000000004e-06,-10.671590275032004,0.020620066858344346,17758.025896198862
4.9120000000000006e-06,-10.689107513985451,0.020655517555438797,17692.671198253967
4.914000000000001e-06,-10.706651809869168,0.020690837457097565,17627.23046051048
4.916e-06,-10.724192095061252,0.020726026365793487,17561.678235420834
4.918e-06,-10.741687066997056,0.020761084026349536,17495.982320626645
4.92e-06,-10.759104029974848,0.020796010119456126,17430.1107859596
4.9220000000000005e-06,-10.776429206207878,0.02083080427103284,17364.040790749386
4.924000000000001e-06,-10.79371195543199,0.020865466113829077,17297.802005489513
4.926e-06,-10.811044563983012,0.020899995348861382,17231.433026825143
4.928e-06,-10.828559552573553,0.02093439175438608,17164.972497870505
4.93e-06,-10.846383778353871,0.02096865518024405,17098.4533601001
4.932e-06,-10.864430706465189,0.021002785508657015,17031.87505286225
4.9340000000000005e-06,-10.88254274521116,0.02103678261523087,16965.23152098651
4.936000000000001e-06,-10.900515486339334,0.021070646363574735,16898.516822874106
4.938e-06,-10.918138511798837,0.021104376603416783,16831.723019187222
4.94e-06,-10.935383256742774,0.021137973155054515,16764.828618544067
4.942e-06,-10.95226654669218,0.021171435793579732,16697.809906673217
4.9440000000000004e-06,-10.968826522640597,0.021204764246968762,16630.64348235033
4.946000000000001e-06,-10.985120876681826,0.021237958204242943,16563.31379182936
4.948e-06,-11.001221212100933,0.021271017369298578,16495.851263814788
4.95e-06,-11.017203565003971,0.02130394151487331,16428.294310915768
4.952e-06,-11.033145949713981,0.02133673049056546,16360.681381232529
4.954e-06,-11.049122792613714,0.021369384213561975,16293.041615283117
4.9560000000000005e-06,-11.065180988820021,0.021401902612185913,16225.357008650817
4.958000000000001e-06,-11.081347358013662,0.021434285571324953,16157.602130386502
4.96e-06,-11.09762939889382,0.021466532924055804,16089.750600473288
4.962e-06,-11.114003638499799,0.021498644455444894,16021.780788616143
4.964e-06,-11.130353425664595,0.021530619926449387,15953.690215874052
4.966e-06,-11.146553249040993,0.021562459094768907,15885.478103642461
4.9680000000000005e-06,-11.162486187152929,0.021594161717407443,15817.144534894285
4.970000000000001e-06,-11.178068843394707,0.021625727552564963,15748.69062262247
4.972e-06,-11.193371334236565,0.021657156374826625,15680.131639050944
4.974e-06,-11.208512494404825,0.021688447993068245,15611.486602565856
4.976e-06,-11.223640017149174,0.021719602253366384,15542.773695572347
4.9780000000000005e-06,-11.23889798657878,0.021750619029931192,15474.002869232254
4.980000000000001e-06,-11.254277567447856,0.021781498161790685,15405.128990254496
4.982e-06,-11.269713186646722,0.02181223938718088,15336.09639995323
4.984e-06,-11.285099040800391,0.02184284233367649,15266.850095652162
4.986e-06,-11.300328893917266,0.02187330653757759,15197.353805448063
4.988e-06,-11.315483194700892,0.021903631576823575,15127.685440534473
4.9900000000000005e-06,-11.330691753687958,0.021933817205328617,15057.94306450683
4.992000000000001e-06,-11.346108892311705,0.02196386337281286,14988.2244197328
4.994e-06,-11.361854430765034,0.021993770203738588,14918.606506008973
4.996e-06,-11.377725513442329,0.022023537847961114,14849.03771651048
4.998e-06,-11.39345343738736,0.022053166329726107,14779.44404847928
